0.3891306, 0.2292001, 0.4650282, 0
0.4012304, 0.1854966, 0.1497126, 0
0.4683087, 0.2159377, 0.6894286, 0
0.460177, 0.2892506, 0.6762594, 0
0.4813947, 0.2186658, 0.5370926, 0
0.5027255, 0.2776075, 0.5836654, 0
0.6357652, 0.2984945, 0.4667776, 0
0.3928534, 0.200248, 0.4489611, 0
0.6239572, 0.3005953, 0.6768627, 0
0.4158725, 0.2726509, 0.2663181, 0
0.4596083, 0.2933885, 0.2599925, 0
0.6958201, 0.2974215, 0.4943706, 0
0.4069327, 0.2333959, 0.4211366, 0
0.8202748, 0.2121979, 0.51301, 0
0.6279843, 0.2675728, 0.4833801, 0
0.2854998, 0.2268943, 0.425934, 0
0.3284222, 0.2111359, 0.697848, 0
0.5165579, 0.2978954, 0.5189303, 0
0.6374446, 0.2390177, 0.3245502, 0
0.7584241, 0.2076326, 0.4580895, 0
0.536065, 0.1944986, 0.5072149, 0
0.6293186, 0.1659177, 0.4111681, 0
0.5731927, 0.2352645, 0.6645026, 0
0.4611802, 0.2368702, 0.7158214, 0
0.3129521, 0.2557853, 0.228696, 0
0.6050117, 0.1700501, 0.5536102, 0
0.285819, 0.2250286, 0.3695535, 0
0.430812, 0.2041942, 0.7234341, 0
0.3775605, 0.2889025, 0.5096337, 0
0.5569015, 0.2968349, 0.3294589, 0
0.4425053, 0.2651619, 0.445408, 0
0.5626934, 0.21994, 0.7413294, 0
0.6607248, 0.2042012, 0.4048093, 0
0.2620052, 0.2419746, 0.250049, 0
0.4861047, 0.2137796, 0.5267609, 0
0.7527241, 0.290898, 0.3270113, 0
0.4401018, 0.2530878, 0.700027, 0
0.5776323, 0.2220506, 0.4837859, 0
0.3839159, 0.2830147, 0.2122332, 0
0.6467465, 0.2564851, 0.6741591, 0
0.7678166, 0.178312, 0.456747, 0
0.3597519, 0.2560851, 0.3723086, 0
0.4938214, 0.1678929, 0.3779819, 0
0.3797534, 0.276639, 0.5359831, 0
0.7551119, 0.3034937, 0.5173855, 0
0.3778056, 0.1834403, 0.7276596, 0
0.6245641, 0.1723313, 0.1592462, 0
0.2555217, 0.2013864, 0.4550967, 0
0.5523233, 0.1619622, 0.5862572, 0
0.5360164, 0.2945216, 0.351951, 0
0.3703155, 0.1986424, 0.3919155, 0
0.6926604, 0.2177435, 0.4411674, 0
0.2753977, 0.2232011, 0.2811708, 0
0.6288537, 0.290993, 0.3419461, 0
0.524583, 0.1655283, 0.3376421, 0
0.5738673, 0.2008719, 0.3010285, 0
0.7066196, 0.1702185, 0.2526851, 0
0.4139825, 0.2150854, 0.3014989, 0
0.4149046, 0.2241451, 0.2660881, 0
0.3846765, 0.2363114, 0.3372011, 0
0.7227291, 0.1728554, 0.2236629, 0
0.2723021, 0.277646, 0.4106794, 0
0.3116098, 0.2783172, 0.3073022, 0
0.3025541, 0.2390458, 0.3479156, 0
0.1973049, 0.1987507, 0.4700515, 0
0.6470438, 0.1755629, 0.157395, 0
0.5530838, 0.2331355, 0.306282, 0
0.3818174, 0.1601687, 0.4614914, 0
0.5878365, 0.230281, 0.7158143, 0
0.6552449, 0.2705752, 0.7043992, 0
0.6482034, 0.2013358, 0.6893841, 0
0.4782236, 0.2526104, 0.4455865, 0
0.5496736, 0.2428127, 0.1395764, 0
0.2031396, 0.2668513, 0.4842246, 0
0.775902, 0.2694115, 0.5304976, 0
0.5424193, 0.1650765, 0.1196073, 0
0.6188946, 0.1994012, 0.6292692, 0
0.25237, 0.2659255, 0.3012399, 0
0.4301344, 0.2584309, 0.7240436, 0
0.7424391, 0.2481834, 0.6534178, 0
0.3236589, 0.1633428, 0.2797964, 0
0.6187257, 0.2243386, 0.4507008, 0
0.3583348, 0.2514113, 0.6680651, 0
0.4343939, 0.2944908, 0.6315749, 0
0.4567954, 0.166903, 0.3480187, 0
0.3338291, 0.2818274, 0.3668843, 0
0.6936013, 0.3040413, 0.5193216, 0
0.4677714, 0.2420846, 0.3263041, 0
0.7693054, 0.1831154, 0.3671119, 0
0.282046, 0.231224, 0.4216029, 0
0.3574256, 0.2924379, 0.611279, 0
0.4294741, 0.1873064, 0.588607, 0
0.4658773, 0.1658611, 0.3174528, 0
0.4058985, 0.1719598, 0.2297559, 0
0.3470303, 0.2383429, 0.2963754, 0
0.5814272, 0.1890081, 0.429047, 0
0.5755242, 0.1531062, 0.2400812, 0
0.2970911, 0.196326, 0.4545847, 0
0.6866077, 0.2429011, 0.5357198, 0
0.5565088, 0.2165525, 0.645869, 0
0.6074283, 0.1538685, 0.6286071, 0
0.8104802, 0.2504517, 0.473133, 0
0.7732607, 0.1800923, 0.396307, 0
0.3401488, 0.2394765, 0.3703377, 0
0.4013402, 0.2066399, 0.7308986, 0
0.5501735, 0.22127, 0.7121271, 0
0.3026044, 0.2893906, 0.6145753, 0
0.7428206, 0.2317898, 0.6193854, 0
0.7545565, 0.1682957, 0.5171023, 0
0.524251, 0.2232291, 0.4209934, 0
0.3237126, 0.2623986, 0.6046959, 0
0.605182, 0.2245269, 0.1821922, 0
0.4310705, 0.1870757, 0.2873721, 0
0.6907721, 0.1831774, 0.4862224, 0
0.4147481, 0.1530118, 0.2808046, 0
0.435822, 0.2537898, 0.4509131, 0
0.5347452, 0.3105756, 0.6269588, 0
0.6694564, 0.2655858, 0.2211303, 0
0.8344793, 0.2375001, 0.4650917, 0
0.6859565, 0.1941044, 0.2637714, 0
0.2495596, 0.185253, 0.6201259, 0
0.4632246, 0.1902074, 0.1725452, 0
0.5919591, 0.1958334, 0.3350784, 0
0.5023164, 0.2960819, 0.4676996, 0
0.7071035, 0.2277932, 0.3379929, 0
0.2269222, 0.2792833, 0.3724628, 0
0.5476354, 0.1667553, 0.6590782, 0
0.3352032, 0.1716109, 0.3507335, 0
0.6739401, 0.2502902, 0.264669, 0
0.3614971, 0.1883789, 0.5610605, 0
0.4452372, 0.1697692, 0.1699299, 0
0.239722, 0.2740722, 0.4809046, 0
0.5233434, 0.1760136, 0.3599118, 0
0.4514089, 0.22144, 0.2346318, 0
0.4312131, 0.1779271, 0.3818446, 0
0.1889935, 0.1707533, 0.4919748, 0
0.5321696, 0.2103327, 0.4918524, 0
0.7652423, 0.206697, 0.5524848, 0
0.4894526, 0.2865401, 0.3404357, 0
0.4972125, 0.2273431, 0.1487463, 0
0.6449504, 0.2777334, 0.3824638, 0
0.640875, 0.2528369, 0.5884445, 0
0.5439118, 0.2043274, 0.761698, 0
0.7141461, 0.2019222, 0.1985454, 0
0.5729511, 0.1943537, 0.3097993, 0
0.477089, 0.2350316, 0.677741, 0
0.299604, 0.2788248, 0.4419346, 0
0.6974951, 0.2063681, 0.301484, 0
0.2733305, 0.22935, 0.5458384, 0
0.7022928, 0.2359749, 0.3266012, 0
0.4679111, 0.1851576, 0.2589312, 0
0.566501, 0.1862315, 0.5737022, 0
0.5967529, 0.1837274, 0.1429335, 0
0.5929741, 0.2375844, 0.3880401, 0
0.71171, 0.2555197, 0.3418646, 0
0.6553419, 0.2660021, 0.6755435, 0
0.4702592, 0.2267617, 0.5000339, 0
0.5236542, 0.287499, 0.2546664, 0
0.5110673, 0.2106689, 0.62455, 0
0.3854899, 0.2565468, 0.3290862, 0
0.2725446, 0.1913786, 0.6136829, 0
0.8196585, 0.1864959, 0.6171309, 0
0.4757428, 0.2188825, 0.2166145, 0
0.270729, 0.2432379, 0.5682262, 0
0.7056621, 0.1947578, 0.4464754, 0
0.5028408, 0.2993915, 0.2148945, 0
0.7032891, 0.1811357, 0.7270969, 0
0.6371208, 0.2133836, 0.2326072, 0
0.682668, 0.2976938, 0.5604611, 0
0.8324881, 0.1890298, 0.3848781, 0
0.2693981, 0.2831361, 0.3782611, 0
0.5621643, 0.2965814, 0.7058891, 0
0.2518272, 0.2106268, 0.4770254, 0
0.3530596, 0.2741783, 0.5100141, 0
0.3615088, 0.2687867, 0.4720731, 0
0.5393059, 0.2282823, 0.3638575, 0
0.5704428, 0.2907603, 0.4587133, 0
0.3573171, 0.1826206, 0.7140839, 0
0.6055509, 0.307042, 0.6162599, 0
0.2992516, 0.2706887, 0.2903152, 0
0.4257178, 0.1956536, 0.3806899, 0
0.8060018, 0.1785091, 0.3035651, 0
0.3230244, 0.2792507, 0.6731908, 0
0.5639987, 0.2051377, 0.448208, 0
0.6286306, 0.2486183, 0.281857, 0
0.4992504, 0.2366594, 0.6577755, 0
0.4367837, 0.2279198, 0.4403442, 0
0.3965584, 0.2253309, 0.561866, 0
0.6141388, 0.2149105, 0.6400698, 0
0.2174107, 0.2353544, 0.5097028, 0
0.3781516, 0.2162852, 0.7408056, 0
0.4733338, 0.2102974, 0.3742526, 0
0.5427272, 0.1880886, 0.2353448, 0
0.642596, 0.2005452, 0.3041666, 0
0.6253812, 0.1828953, 0.3219769, 0
0.5517773, 0.2145383, 0.1523101, 0
0.5927819, 0.2852089, 0.5952398, 0
0.6504416, 0.3070641, 0.573781, 0
0.6589295, 0.2355442, 0.5175388, 0
0.6145431, 0.2036749, 0.6583912, 0
0.7653872, 0.2545719, 0.3098747, 0
0.6315901, 0.1672776, 0.4559135, 0
0.6954182, 0.2868725, 0.3772906, 0
0.4315695, 0.268665, 0.3046455, 0
0.3992354, 0.2131271, 0.4931805, 0
0.5321975, 0.2356797, 0.5969109, 0
0.7662235, 0.2345113, 0.4004295, 0
0.3375802, 0.2141469, 0.4585525, 0
0.6778809, 0.2283315, 0.7052991, 0
0.4222735, 0.225664, 0.686428, 0
0.6863949, 0.2244256, 0.6782293, 0
0.2370507, 0.2409248, 0.3638707, 0
0.7708123, 0.2794067, 0.3077413, 0
0.3511204, 0.2479954, 0.3094098, 0
0.4379839, 0.3000885, 0.3559632, 0
0.2414456, 0.2107715, 0.5271991, 0
0.7317399, 0.2689468, 0.4208362, 0
0.4270627, 0.2076242, 0.4196545, 0
0.3821981, 0.2389731, 0.2455634, 0
0.7593413, 0.2668057, 0.6112032, 0
0.3991323, 0.1896271, 0.1401988, 0
0.377119, 0.2385932, 0.4535234, 0
0.4598103, 0.2018835, 0.5594883, 0
0.4129868, 0.2852091, 0.4848779, 0
0.7831396, 0.2575938, 0.5063618, 0
0.5680967, 0.2173247, 0.2852523, 0
0.5908486, 0.1539181, 0.3621291, 0
0.7880326, 0.2009231, 0.6150343, 0
0.4332945, 0.2583879, 0.6962728, 0
0.7341951, 0.2845818, 0.2686324, 0
0.5201559, 0.1897289, 0.1980806, 0
0.2775868, 0.2871376, 0.6034395, 0
0.3187121, 0.1849122, 0.5147357, 0
0.3473934, 0.267315, 0.6895939, 0
0.6366201, 0.1726687, 0.4606256, 0
0.623104, 0.2295806, 0.6471603, 0
0.3645112, 0.2844746, 0.2149252, 0
0.4095403, 0.2389316, 0.2286131, 0
0.4846049, 0.1998614, 0.5057821, 0
0.401938, 0.3014915, 0.3820814, 0
0.7340277, 0.2078773, 0.6891428, 0
0.5595384, 0.1977768, 0.1619059, 0
0.6664962, 0.1863417, 0.2788097, 0
0.26773, 0.1587835, 0.4472881, 0
0.7402929, 0.3027735, 0.5682315, 0
0.4562579, 0.1560552, 0.588098, 0
0.5722594, 0.2002662, 0.6204806, 0
0.4878062, 0.2358543, 0.4426263, 0
0.3770086, 0.2868737, 0.5076951, 0
0.6865056, 0.2304904, 0.6865276, 0
0.3361498, 0.2339118, 0.2234232, 0
0.6814466, 0.2235154, 0.6141476, 0
0.4047941, 0.1994203, 0.4827043, 0
0.2666857, 0.2551401, 0.5205871, 0
0.7444941, 0.2882785, 0.4817839, 0
0.6972235, 0.2046798, 0.3266632, 0
0.2682661, 0.2657086, 0.5692447, 0
0.3998131, 0.184119, 0.3486038, 0
0.6155865, 0.1686485, 0.6684859, 0
0.6287389, 0.203216, 0.4537606, 0
0.5650018, 0.1540786, 0.6330304, 0
0.7240185, 0.1614118, 0.639172, 0
0.6444185, 0.1859351, 0.6990688, 0
0.2438863, 0.1746494, 0.314688, 0
0.7324171, 0.2042268, 0.5776758, 0
0.3651669, 0.1996129, 0.4422856, 0
0.5623787, 0.2344171, 0.7674049, 0
0.4286574, 0.2304926, 0.7085379, 0
0.5141512, 0.295746, 0.2594056, 0
0.3541661, 0.2634471, 0.2400562, 0
0.2930258, 0.2917165, 0.3922229, 0
0.3475966, 0.2539076, 0.465715, 0
0.475999, 0.2012633, 0.6544421, 0
0.4843577, 0.2385023, 0.4039361, 0
0.3344792, 0.2884286, 0.327503, 0
0.4114818, 0.1661623, 0.7610725, 0
0.6686419, 0.1923071, 0.2285452, 0
0.5539145, 0.1903972, 0.1659069, 0
0.7670777, 0.2550569, 0.5771053, 0
0.4575747, 0.1929072, 0.2115483, 0
0.4778895, 0.2022681, 0.3793144, 0
0.314339, 0.2665496, 0.5472827, 0
0.5669849, 0.2797641, 0.6487052, 0
0.7884279, 0.2743154, 0.5600579, 0
0.2500204, 0.1912186, 0.2585543, 0
0.3499981, 0.2205125, 0.4007868, 0
0.66349, 0.1968743, 0.5833383, 0
0.4371847, 0.1596253, 0.4261684, 0
0.7760539, 0.2759967, 0.4356342, 0
0.3039336, 0.2673395, 0.2458749, 0
0.4865273, 0.1468827, 0.454785, 0
0.7064142, 0.2689817, 0.5884497, 0
0.3375481, 0.290037, 0.5511883, 0
0.5370945, 0.2316369, 0.286644, 0
0.7606202, 0.1804066, 0.3102622, 0
0.3648382, 0.2234864, 0.3901055, 0
0.5777671, 0.2822118, 0.2494805, 0
0.756908, 0.2637962, 0.6007152, 0
0.49179, 0.2645437, 0.1657967, 0
0.3395811, 0.1654951, 0.5824153, 0
0.3046919, 0.3023964, 0.3622991, 0
0.61016, 0.2596024, 0.2116477, 0
0.7390207, 0.2845444, 0.4024637, 0
0.2793808, 0.2997676, 0.4586197, 0
0.2196711, 0.1793688, 0.6394113, 0
0.2853464, 0.2503842, 0.3498836, 0
0.5804533, 0.1655716, 0.1794713, 0
0.7794802, 0.2043736, 0.5933575, 0
0.3906663, 0.2842328, 0.7175842, 0
0.4428821, 0.190597, 0.4292561, 0
0.4614901, 0.2851284, 0.7128661, 0
0.6750413, 0.2146522, 0.2395842, 0
0.6861022, 0.1673151, 0.4535207, 0
0.8009423, 0.226265, 0.6045564, 0
0.3915873, 0.2189731, 0.5960619, 0
0.600965, 0.2414234, 0.1945108, 0
0.3714977, 0.247553, 0.6690601, 0
0.3874766, 0.1787172, 0.7694815, 0
0.5457898, 0.255499, 0.7025397, 0
0.6533571, 0.19461, 0.3908268, 0
0.5094852, 0.1935248, 0.6426365, 0
0.4875363, 0.2181216, 0.454578, 0
0.6013196, 0.2592141, 0.6156983, 0
0.5224168, 0.1629756, 0.5319681, 0
0.6822188, 0.1740294, 0.1981268, 0
0.2014974, 0.2314215, 0.5023261, 0
0.5281337, 0.2809553, 0.6159636, 0
0.5192271, 0.2339243, 0.189614, 0
0.4521112, 0.1917594, 0.3406482, 0
0.4823342, 0.2273774, 0.6969844, 0
0.2738083, 0.2851645, 0.3744468, 0
0.358574, 0.2133521, 0.6079072, 0
0.7593818, 0.1725357, 0.3473873, 0
0.5883632, 0.1901706, 0.4359339, 0
0.5307444, 0.1675277, 0.1875014, 0
0.4094501, 0.2444917, 0.3576293, 0
0.602473, 0.2522942, 0.3500068, 0
0.3366351, 0.2480297, 0.2306413, 0
0.3897507, 0.2830877, 0.7067749, 0
0.4483561, 0.2066516, 0.5329502, 0
0.4021222, 0.2024485, 0.5998638, 0
0.6586391, 0.1783803, 0.1565739, 0
0.791813, 0.2611718, 0.3092877, 0
0.4608051, 0.2178778, 0.1338307, 0
0.2952152, 0.1699454, 0.3608606, 0
0.4698209, 0.2333423, 0.243198, 0
0.751408, 0.1778591, 0.6127685, 0
0.6048236, 0.176837, 0.6532223, 0
0.6098316, 0.2887787, 0.3791253, 0
0.7532941, 0.1687667, 0.4424607, 0
0.580111, 0.2728354, 0.4420389, 0
0.6185724, 0.2600845, 0.1730398, 0
0.7471872, 0.1760116, 0.3469034, 0
0.3222785, 0.209148, 0.4707516, 0
0.6024376, 0.206469, 0.2260612, 0
0.4544544, 0.1623957, 0.6769494, 0
0.4472343, 0.1651002, 0.3599534, 0
0.5491403, 0.2129193, 0.3236932, 0
0.5866097, 0.2916118, 0.4134097, 0
0.372567, 0.1859772, 0.4122973, 0
0.4047669, 0.1576466, 0.5741359, 0
0.6897588, 0.287134, 0.634104, 0
0.6991792, 0.2040946, 0.2610645, 0
0.8209979, 0.176693, 0.6078275, 0
0.5481173, 0.1824351, 0.3556554, 0
0.5063472, 0.2736329, 0.609218, 0
0.3841249, 0.1592976, 0.7027333, 0
0.8186857, 0.225259, 0.4533716, 0
0.7662047, 0.1915452, 0.6496959, 0
0.2475781, 0.1658339, 0.528059, 0
0.3859227, 0.1540187, 0.2772959, 0
0.6719273, 0.2065182, 0.2696761, 0
0.5253689, 0.2398729, 0.2094311, 0
0.2990433, 0.280491, 0.5486552, 0
0.3677342, 0.1563641, 0.6441897, 0
0.2418087, 0.2733218, 0.4446248, 0
0.6363038, 0.2966059, 0.6582257, 0
0.4802533, 0.2038746, 0.3356083, 0
0.8002858, 0.2051954, 0.45894, 0
0.5192587, 0.1797476, 0.5852051, 0
0.5220557, 0.1969314, 0.3817605, 0
0.5242032, 0.1877704, 0.2516539, 0
0.8111144, 0.2465332, 0.5543473, 0
0.5147343, 0.2048091, 0.6993775, 0
0.6614249, 0.1707514, 0.6147118, 0
0.5682001, 0.2860989, 0.493608, 0
0.5442401, 0.2012709, 0.2934974, 0
0.2955443, 0.2009166, 0.2228244, 0
0.3146766, 0.2151141, 0.1948384, 0
0.2687512, 0.2013043, 0.2911404, 0
0.6239403, 0.2404015, 0.4623152, 0
0.4773051, 0.1771039, 0.2096988, 0
0.3228838, 0.2955891, 0.5944333, 0
0.7353883, 0.2674675, 0.4515504, 0
0.5319433, 0.1896766, 0.5810907, 0
0.7291013, 0.2222242, 0.2242736, 0
0.608471, 0.1805739, 0.3575178, 0
0.7191038, 0.221584, 0.4270491, 0
0.6576266, 0.2760808, 0.6561947, 0
0.3010525, 0.2359891, 0.388308, 0
0.6921805, 0.276283, 0.2812084, 0
0.4602832, 0.2887034, 0.4978985, 0
0.3807622, 0.2647306, 0.6340125, 0
0.2477334, 0.266302, 0.5228535, 0
0.5976865, 0.2414276, 0.335627, 0
0.1688451, 0.1834653, 0.4680495, 0
0.5404922, 0.251272, 0.1432995, 0
0.4877567, 0.1868259, 0.4983938, 0
0.2744411, 0.2055913, 0.4267266, 0
0.6035876, 0.2181512, 0.7125394, 0
0.4898384, 0.1790351, 0.4984442, 0
0.8286298, 0.1851496, 0.490933, 0
0.4217962, 0.2844325, 0.6313258, 0
0.258324, 0.2687401, 0.5192543, 0
0.6685767, 0.1851224, 0.4385041, 0
0.7645602, 0.2917764, 0.5664082, 0
0.449858, 0.1750172, 0.316949, 0
0.5457633, 0.2426259, 0.2790398, 0
0.3696323, 0.2795022, 0.5081037, 0
0.4828891, 0.2042691, 0.2302464, 0
0.757234, 0.1821784, 0.5635532, 0
0.7724884, 0.2338858, 0.4273076, 0
0.5679452, 0.237488, 0.3113543, 0
0.5098965, 0.2479825, 0.3014711, 0
0.701075, 0.2143867, 0.415227, 0
0.3169092, 0.2160318, 0.4603534, 0
0.6924228, 0.2676426, 0.5070133, 0
0.5603093, 0.2774675, 0.1939881, 0
0.5918034, 0.2640479, 0.6504816, 0
0.5265765, 0.2101873, 0.4879708, 0
0.3072442, 0.2162615, 0.6003574, 0
0.5693971, 0.1530894, 0.3456373, 0
0.6478248, 0.2890582, 0.4052339, 0
0.6311901, 0.2014187, 0.7003278, 0
0.3086601, 0.2555799, 0.3901558, 0
0.2542085, 0.1659873, 0.2783892, 0
0.2428335, 0.2325859, 0.4138414, 0
0.4534278, 0.2906614, 0.5797817, 0
0.2964217, 0.1878997, 0.3379374, 0
0.5676979, 0.1692315, 0.1942912, 0
0.6250042, 0.2111453, 0.682857, 0
0.2158904, 0.2140045, 0.5227751, 0
0.2721179, 0.174738, 0.5839046, 0
0.5128805, 0.2419561, 0.5540766, 0
0.4600666, 0.2262865, 0.395815, 0
0.5135359, 0.1748609, 0.6049333, 0
0.478864, 0.2680687, 0.4231686, 0
0.5633603, 0.2895665, 0.6731496, 0
0.4860384, 0.1691407, 0.1974964, 0
0.5170787, 0.2133142, 0.5760283, 0
0.3402686, 0.1962705, 0.4471769, 0
0.5699053, 0.1569699, 0.1611623, 0
0.4854158, 0.213974, 0.2134808, 0
0.7374336, 0.2348723, 0.6602677, 0
0.5199425, 0.2571605, 0.6465996, 0
0.7308887, 0.2388599, 0.5777287, 0
0.6108181, 0.3053906, 0.4333186, 0
0.6389518, 0.2324061, 0.2039871, 0
0.7492169, 0.1946386, 0.442048, 0
0.3182731, 0.2803628, 0.3261382, 0
0.2298108, 0.2189695, 0.2850931, 0
0.4104023, 0.1800322, 0.7245021, 0
0.6477538, 0.257178, 0.4035234, 0
0.2589916, 0.2351038, 0.4359428, 0
0.5219381, 0.2993512, 0.3193471, 0
0.4375291, 0.2562161, 0.6969193, 0
0.5891027, 0.1606229, 0.3948405, 0
0.4867066, 0.2605214, 0.568765, 0
0.5676913, 0.2974936, 0.4648172, 0
0.352443, 0.1844863, 0.3818373, 0
0.7126909, 0.3013041, 0.3943987, 0
0.6528984, 0.1898013, 0.3691817, 0
0.4889539, 0.2828381, 0.2873911, 0
0.6891093, 0.1703911, 0.4627679, 0
0.7475655, 0.2413727, 0.2558677, 0
0.5474833, 0.2024978, 0.167, 0
0.263938, 0.2756249, 0.4242597, 0
0.4135573, 0.1920784, 0.6667852, 0
0.3935728, 0.2137339, 0.6010259, 0
0.3214665, 0.2713342, 0.6604115, 0
0.4152488, 0.2805634, 0.3949264, 0
0.4299069, 0.1639122, 0.5136956, 0
0.4018465, 0.1646359, 0.408675, 0
0.6630479, 0.1683219, 0.2623508, 0
0.1980197, 0.1796073, 0.4128062, 0
0.7913624, 0.1882521, 0.2562694, 0
0.7810673, 0.2719455, 0.3921942, 0
0.3539003, 0.2389792, 0.5195038, 0
0.582242, 0.2324596, 0.3081622, 0
0.4147708, 0.198229, 0.2781335, 0
0.4435728, 0.2948183, 0.3788908, 0
0.622723, 0.1763116, 0.3746277, 0
0.5795448, 0.1717075, 0.4723704, 0
0.6107236, 0.2660102, 0.447202, 0
0.7469294, 0.2078647, 0.6239249, 0
0.380022, 0.2642523, 0.4207195, 0
0.6394652, 0.2507543, 0.5395138, 0
0.4134981, 0.2232716, 0.5980794, 0
0.6407807, 0.1877102, 0.3586695, 0
0.4558878, 0.1582278, 0.6328102, 0
0.404724, 0.2107537, 0.2708769, 0
0.3941761, 0.271458, 0.4640533, 0
0.3106661, 0.2322701, 0.3698644, 0
0.4404658, 0.1699167, 0.412966, 0
0.3361941, 0.1805683, 0.7353285, 0
0.69789, 0.1686392, 0.5286783, 0
0.2702516, 0.2229321, 0.6699594, 0
0.4351871, 0.1690641, 0.1324209, 0
0.7666928, 0.1838581, 0.3812172, 0
0.2743239, 0.1857542, 0.4887009, 0
0.6364364, 0.2068467, 0.6626368, 0
0.7394501, 0.2301786, 0.6848581, 0
0.61371, 0.201991, 0.1572026, 0
0.5564856, 0.2249061, 0.3150258, 0
0.3282468, 0.2039538, 0.3958672, 0
0.2846481, 0.2276451, 0.6059988, 0
0.7112517, 0.2897148, 0.5657837, 0
0.7356162, 0.3026831, 0.5974028, 0
0.3597938, 0.2094951, 0.3210055, 0
0.4807659, 0.2621686, 0.2017545, 0
0.4396459, 0.2985067, 0.7067193, 0
0.5871652, 0.2042874, 0.2309022, 0
0.7306679, 0.2498499, 0.5277737, 0
0.3702251, 0.2775466, 0.613282, 0
0.6762819, 0.261094, 0.4832787, 0
0.3172071, 0.1884456, 0.6629953, 0
0.6751265, 0.1777157, 0.3320776, 0
0.5942272, 0.1767983, 0.2711889, 0
0.520223, 0.2152915, 0.6273808, 0
0.3018614, 0.2029689, 0.4927408, 0
0.3917849, 0.237164, 0.6678982, 0
0.493281, 0.2436011, 0.191113, 0
0.6278404, 0.2740041, 0.4951079, 0
0.5189717, 0.2117428, 0.2003588, 0
0.4662696, 0.1622409, 0.7058701, 0
0.7396129, 0.2672642, 0.4979733, 0
0.5969289, 0.2683956, 0.4222183, 0
0.2934122, 0.3031175, 0.5012759, 0
0.3743755, 0.2795905, 0.3099381, 0
0.2372378, 0.2532579, 0.3614155, 0
0.4370716, 0.2176008, 0.467347, 0
0.6369457, 0.2927577, 0.3560031, 0
0.1680691, 0.1712432, 0.4234971, 0
0.4793327, 0.1897223, 0.2698894, 0
0.623645, 0.2914509, 0.2483172, 0
0.6111267, 0.2760037, 0.4104973, 0
0.4983166, 0.1513129, 0.477701, 0
0.5369345, 0.2820917, 0.6472338, 0
0.7798417, 0.2048161, 0.4363218, 0
0.7063515, 0.1859564, 0.5574957, 0
0.4760636, 0.2356321, 0.7079098, 0
0.5772185, 0.1831837, 0.3911577, 0
0.6336032, 0.1760736, 0.1585222, 0
0.4035523, 0.2663254, 0.4973369, 0
0.7353853, 0.278263, 0.2641984, 0
0.5229871, 0.1686303, 0.1445407, 0
0.643676, 0.2854242, 0.2521312, 0
0.5074756, 0.2324893, 0.3731431, 0
0.5367742, 0.2992089, 0.5999771, 0
0.6338069, 0.2611215, 0.5611901, 0
0.4605579, 0.1623265, 0.5171762, 0
0.2886397, 0.2248777, 0.6744191, 0
0.3835827, 0.247616, 0.62867, 0
0.3937868, 0.2732173, 0.7028575, 0
0.3494767, 0.1975694, 0.3985538, 0
0.186269, 0.2437688, 0.4533445, 0
0.2987469, 0.1700153, 0.2122322, 0
0.4613717, 0.2378796, 0.22519, 0
0.637444, 0.1612705, 0.5584925, 0
0.6554765, 0.2903303, 0.5272198, 0
0.4970024, 0.2768418, 0.5559121, 0
0.4720514, 0.2719432, 0.3365479, 0
0.743873, 0.1836195, 0.5109448, 0
0.3782149, 0.1591524, 0.732992, 0
0.4416352, 0.2493331, 0.2347965, 0
0.2639268, 0.2294949, 0.6164728, 0
0.581619, 0.2852724, 0.3864578, 0
0.5114791, 0.1863042, 0.686442, 0
0.530068, 0.2507912, 0.4741473, 0
0.4877098, 0.1763659, 0.2491526, 0
0.3421034, 0.1503258, 0.3278056, 0
0.601576, 0.1792074, 0.1367268, 0
0.5927355, 0.1696809, 0.5382549, 0
0.2897419, 0.2438682, 0.5703278, 0
0.2514914, 0.2981851, 0.4257262, 0
0.3813967, 0.2215649, 0.3032648, 0
0.5030763, 0.2373569, 0.1352928, 0
0.4395469, 0.2428646, 0.2270812, 0
0.5738763, 0.1846784, 0.2527148, 0
0.6891708, 0.2942668, 0.5456672, 0
0.612193, 0.1529084, 0.2994104, 0
0.2647716, 0.2252851, 0.3693116, 0
0.3081738, 0.1791853, 0.5934216, 0
0.6835566, 0.2591346, 0.5837697, 0
0.4534435, 0.19912, 0.1576177, 0
0.5816075, 0.2912806, 0.5311532, 0
0.7783716, 0.1877586, 0.2606595, 0
0.3343615, 0.2308373, 0.4572933, 0
0.5866768, 0.2004657, 0.720128, 0
0.4243842, 0.2852284, 0.36478, 0
0.3519483, 0.1787396, 0.584004, 0
0.5715251, 0.2198405, 0.2306202, 0
0.721747, 0.2539352, 0.5958134, 0
0.3343473, 0.213207, 0.3692212, 0
0.4908337, 0.2042587, 0.4694554, 0
0.4704879, 0.2993573, 0.2622826, 0
0.5531571, 0.1846702, 0.3262912, 0
0.4690249, 0.1627624, 0.529458, 0
0.4258403, 0.2216434, 0.3776127, 0
0.5083759, 0.252661, 0.3318395, 0
0.284778, 0.1750189, 0.328925, 0
0.5079769, 0.231023, 0.3511953, 0
0.4429277, 0.1910114, 0.3526793, 0
0.3435379, 0.1667471, 0.3799512, 0
0.3058805, 0.1578868, 0.5294247, 0
0.2827124, 0.2692276, 0.4901063, 0
0.7972015, 0.2621608, 0.4989387, 0
0.2070823, 0.1999857, 0.5186516, 0
0.6423351, 0.2114726, 0.468739, 0
0.2280309, 0.2021836, 0.5041938, 0
0.7546353, 0.194055, 0.567764, 0
0.4850574, 0.2494404, 0.433108, 0
0.3378775, 0.2621425, 0.1961264, 0
0.4238153, 0.294435, 0.3029895, 0
0.2567182, 0.2220054, 0.6651964, 0
0.362666, 0.2097411, 0.6531067, 0
0.6336151, 0.2119297, 0.692366, 0
0.5587317, 0.2887655, 0.439756, 0
0.48318, 0.2338634, 0.6960394, 0
0.7488325, 0.1774258, 0.4856637, 0
0.4402422, 0.1988182, 0.3756828, 0
0.4273283, 0.195519, 0.7681879, 0
0.3347701, 0.2684654, 0.4979831, 0
0.7223099, 0.3119346, 0.4367179, 0
0.5777235, 0.2326561, 0.3941367, 0
0.6759251, 0.1713868, 0.7413595, 0
0.2715461, 0.2991673, 0.4828005, 0
0.2915471, 0.2341941, 0.4711843, 0
0.2637679, 0.2633968, 0.4322591, 0
0.5538644, 0.267207, 0.3397135, 0
0.5635719, 0.2041035, 0.1488922, 0
0.8089867, 0.2012198, 0.6034401, 0
0.455784, 0.2195872, 0.6947759, 0
0.3729433, 0.2225372, 0.6533718, 0
0.2717735, 0.2426575, 0.4022163, 0
0.3990444, 0.1919541, 0.5863606, 0
0.296911, 0.2032627, 0.5128295, 0
0.6798347, 0.1665503, 0.614076, 0
0.3098622, 0.3004203, 0.4659791, 0
0.4393778, 0.2601356, 0.1980117, 0
0.2899666, 0.2425633, 0.4232975, 0
0.2828281, 0.2259162, 0.5697788, 0
0.7391722, 0.2004895, 0.6875606, 0
0.7829911, 0.1645845, 0.3985707, 0
0.5472807, 0.2789379, 0.5159685, 0
0.6678112, 0.2740551, 0.3976538, 0
0.5228943, 0.2816831, 0.5259289, 0
0.5913832, 0.2659571, 0.6879569, 0
0.4008456, 0.1586549, 0.5775365, 0
0.6604407, 0.1844073, 0.4986207, 0
0.318011, 0.1936177, 0.2317295, 0
0.6709681, 0.2711625, 0.4159569, 0
0.2747375, 0.1688491, 0.5177803, 0
0.7418484, 0.2750202, 0.2899821, 0
0.7163891, 0.2419839, 0.4081425, 0
0.3067028, 0.2642296, 0.4997229, 0
0.2557409, 0.2293632, 0.3485469, 0
0.5380489, 0.2945418, 0.4164921, 0
0.7250299, 0.1994545, 0.6700107, 0
0.5754234, 0.1744293, 0.3622797, 0
0.5796178, 0.2793403, 0.5659301, 0
0.4588628, 0.1821858, 0.7329774, 0
0.6152035, 0.2034301, 0.3323261, 0
0.6518192, 0.1739198, 0.3144922, 0
0.3465566, 0.2229869, 0.1935823, 0
0.7782394, 0.2590985, 0.5213405, 0
0.7103208, 0.2801665, 0.5363664, 0
0.4859061, 0.1948038, 0.3202142, 0
0.7011004, 0.1724052, 0.6649644, 0
0.3065134, 0.182358, 0.4024698, 0
0.2105005, 0.2144718, 0.4834607, 0
0.4431775, 0.2527887, 0.3734514, 0
0.6519771, 0.1871621, 0.533444, 0
0.5445008, 0.1669298, 0.5618472, 0
0.6934617, 0.16863, 0.5687087, 0
0.2447215, 0.1652329, 0.3611214, 0
0.6969899, 0.2453244, 0.2355645, 0
0.4286488, 0.2700191, 0.1791019, 0
0.5995731, 0.1837344, 0.1792263, 0
0.5473986, 0.2578486, 0.2156259, 0
0.3625665, 0.1757049, 0.1738808, 0
0.3048888, 0.1623965, 0.6007128, 0
0.6444168, 0.2959741, 0.639117, 0
0.5142085, 0.2896785, 0.6922155, 0
0.5496387, 0.1616439, 0.5355467, 0
0.3323447, 0.1755074, 0.4658008, 0
0.4373582, 0.1770256, 0.7163098, 0
0.7602723, 0.2936577, 0.3641026, 0
0.5338206, 0.2530912, 0.5859926, 0
0.707361, 0.3118133, 0.4476988, 0
0.7687418, 0.2933739, 0.5531636, 0
0.3697925, 0.2420603, 0.5666288, 0
0.2367509, 0.2345029, 0.5735229, 0
0.5241205, 0.1697012, 0.3558178, 0
0.5701159, 0.2053544, 0.3428759, 0
0.3398358, 0.2457193, 0.2022426, 0
0.3953512, 0.2546594, 0.3797134, 0
0.4083512, 0.1988593, 0.4239006, 0
0.8185862, 0.1728913, 0.4448856, 0
0.6213733, 0.2506637, 0.4082558, 0
0.7947258, 0.2206734, 0.3716282, 0
0.439759, 0.3013912, 0.3268819, 0
0.645551, 0.2205476, 0.2428372, 0
0.5276054, 0.2377297, 0.195099, 0
0.5388197, 0.1787839, 0.7557713, 0
0.4501745, 0.2135244, 0.4157002, 0
0.6708756, 0.1923504, 0.728853, 0
0.3432056, 0.1652501, 0.5076655, 0
0.5715497, 0.3005421, 0.2573746, 0
0.38664, 0.2125331, 0.2200387, 0
0.6981566, 0.1996508, 0.4500339, 0
0.3593858, 0.2048093, 0.3765812, 0
0.3584859, 0.2392867, 0.1968643, 0
0.4746718, 0.178714, 0.315862, 0
0.8142468, 0.1936032, 0.4787927, 0
0.4517704, 0.1788881, 0.7010002, 0
0.2098595, 0.2769203, 0.4269799, 0
0.5344001, 0.2185405, 0.7483082, 0
0.3245769, 0.2990988, 0.5481495, 0
0.2909675, 0.1753568, 0.3775593, 0
0.3040024, 0.1998428, 0.465512, 0
0.720889, 0.1981921, 0.5129941, 0
0.4504417, 0.1635289, 0.1968006, 0
0.4767151, 0.2424285, 0.4973071, 0
0.4718805, 0.2900109, 0.6380206, 0
0.4293443, 0.1907527, 0.2312621, 0
0.5283536, 0.1910261, 0.2366807, 0
0.4598682, 0.289527, 0.5203872, 0
0.3260619, 0.1745517, 0.2983312, 0
0.4842878, 0.2905154, 0.6099169, 0
0.8289742, 0.2104095, 0.5112457, 0
0.408538, 0.2024715, 0.3340148, 0
0.6488963, 0.2227477, 0.6971085, 0
0.362545, 0.221975, 0.2310758, 0
0.2685088, 0.2410144, 0.3860078, 0
0.715379, 0.1837423, 0.4977397, 0
0.618268, 0.2925527, 0.6533543, 0
0.2588058, 0.2480592, 0.5128396, 0
0.1972473, 0.1937918, 0.5663374, 0
0.5647393, 0.2184882, 0.6765985, 0
0.6084464, 0.2237573, 0.4436952, 0
0.3979318, 0.1881731, 0.2887298, 0
0.6310891, 0.2975962, 0.6370643, 0
0.6954666, 0.2831643, 0.4521993, 0
0.4771079, 0.1589955, 0.5208897, 0
0.3323259, 0.2569923, 0.704817, 0
0.7638857, 0.2843783, 0.3175656, 0
0.2598484, 0.2187895, 0.5417979, 0
0.3802977, 0.2705142, 0.2459919, 0
0.5705923, 0.2268072, 0.3197826, 0
0.4273732, 0.2150503, 0.5043043, 0
0.4560454, 0.205618, 0.5442683, 0
0.5795137, 0.2202519, 0.5660868, 0
0.3930788, 0.2315047, 0.4796935, 0
0.4205451, 0.2504675, 0.3940777, 0
0.4820719, 0.2102878, 0.2110415, 0
0.5961902, 0.1640823, 0.3532731, 0
0.5628858, 0.1831692, 0.478761, 0
0.2547464, 0.1568612, 0.3691843, 0
0.7770761, 0.1642254, 0.4124505, 0
0.8365802, 0.1764257, 0.4514553, 0
0.734776, 0.3131928, 0.4803286, 0
0.3802692, 0.2987521, 0.5431539, 0
0.4015273, 0.1894383, 0.5345539, 0
0.3310411, 0.1845553, 0.1899142, 0
0.3655862, 0.2395077, 0.4946299, 0
0.2656946, 0.2247743, 0.5729611, 0
0.2831319, 0.2497215, 0.4601096, 0
0.8158115, 0.2129036, 0.543919, 0
0.4405884, 0.2083103, 0.378381, 0
0.4164045, 0.2844582, 0.2805178, 0
0.4702358, 0.2018145, 0.7745409, 0
0.2176648, 0.214754, 0.4492794, 0
0.3590802, 0.2469832, 0.4900371, 0
0.5562805, 0.1999605, 0.7870169, 0
0.6878955, 0.2903149, 0.3178248, 0
0.2533715, 0.1747969, 0.5725213, 0
0.7975574, 0.1764537, 0.4057572, 0
0.36518, 0.2245744, 0.3273585, 0
0.7394798, 0.2306706, 0.4166113, 0
0.1967243, 0.174051, 0.3290616, 0
0.4536264, 0.2210692, 0.4863058, 0
0.348454, 0.2196518, 0.6900601, 0
0.3403069, 0.2631537, 0.629984, 0
0.3508079, 0.1719767, 0.4577406, 0
0.4560124, 0.1935714, 0.1723321, 0
0.743315, 0.2225904, 0.4631476, 0
0.6926888, 0.3056584, 0.3454022, 0
0.7683209, 0.2370502, 0.4095823, 0
0.6302149, 0.1717515, 0.5326329, 0
0.6980271, 0.2576435, 0.7020297, 0
0.4282383, 0.2094226, 0.5060334, 0
0.4456414, 0.1973271, 0.6585329, 0
0.7273332, 0.2355641, 0.4330454, 0
0.7165216, 0.2549832, 0.6014773, 0
0.6132026, 0.2704036, 0.2285146, 0
0.4917823, 0.2159568, 0.1899982, 0
0.5097113, 0.2079293, 0.6201358, 0
0.3627183, 0.2327136, 0.4379747, 0
0.4154746, 0.2374902, 0.6223591, 0
0.652483, 0.2042965, 0.1882277, 0
0.4131379, 0.2602223, 0.4721022, 0
0.227138, 0.2626191, 0.4208309, 0
0.5493333, 0.1842441, 0.4190421, 0
0.5354029, 0.2428216, 0.7631482, 0
0.3781448, 0.2213261, 0.1720378, 0
0.6236247, 0.2424516, 0.3322485, 0
0.1846546, 0.2083755, 0.388959, 0
0.5269792, 0.2127194, 0.5067303, 0
0.6346196, 0.2642964, 0.5297337, 0
0.5570461, 0.298992, 0.1996635, 0
0.6151496, 0.2175908, 0.5232455, 0
0.5282344, 0.297933, 0.4682206, 0
0.5103126, 0.1669317, 0.4493436, 0
0.4651987, 0.2048458, 0.6730866, 0
0.8017909, 0.2195313, 0.5972167, 0
0.4584116, 0.1559167, 0.1652224, 0
0.500546, 0.2980026, 0.2971831, 0
0.3251365, 0.2860047, 0.5602162, 0
0.2938781, 0.2293007, 0.2462605, 0
0.5427377, 0.2186773, 0.4808851, 0
0.4071472, 0.1902227, 0.741607, 0
0.5812473, 0.2563907, 0.2531555, 0
0.5947946, 0.2034748, 0.6638945, 0
0.3571453, 0.2593715, 0.3779092, 0
0.4903126, 0.2115058, 0.1932781, 0
0.5430176, 0.1618807, 0.3753227, 0
0.6346344, 0.175084, 0.4762407, 0
0.7558384, 0.3057258, 0.5192361, 0
0.579152, 0.2121098, 0.7534404, 0
0.522761, 0.2405028, 0.1474335, 0
0.4333013, 0.1571739, 0.6136883, 0
0.6325212, 0.1998743, 0.1587988, 0
0.2865084, 0.1760414, 0.5271681, 0
0.7648718, 0.2522708, 0.2909493, 0
0.3763873, 0.2918686, 0.5323608, 0
0.7268522, 0.1765445, 0.4979005, 0
0.2527834, 0.2216417, 0.5673639, 0
0.6025721, 0.2435651, 0.4967301, 0
0.4248378, 0.2695654, 0.6421599, 0
0.4864616, 0.2323465, 0.598002, 0
0.5122084, 0.1974864, 0.7605042, 0
0.5609197, 0.2861853, 0.6214995, 0
0.3630987, 0.1721701, 0.3861994, 0
0.4079663, 0.2645638, 0.5154791, 0
0.5286605, 0.1630876, 0.6221859, 0
0.2401231, 0.2485281, 0.5970488, 0
0.2499618, 0.1809005, 0.5408716, 0
0.4196869, 0.1850371, 0.7598422, 0
0.7643041, 0.2586935, 0.5884501, 0
0.5653105, 0.2900253, 0.587975, 0
0.7490733, 0.2475893, 0.523392, 0
0.4810237, 0.2299408, 0.438259, 0
0.3370449, 0.2271875, 0.3801922, 0
0.3843555, 0.1691638, 0.6679075, 0
0.2462131, 0.1843119, 0.5157282, 0
0.6039279, 0.2190147, 0.1594551, 0
0.39401, 0.2555624, 0.4135781, 0
0.3193853, 0.2762827, 0.6403146, 0
0.429427, 0.1552029, 0.5037474, 0
0.5381017, 0.2382791, 0.2842793, 0
0.2241513, 0.2397707, 0.5425628, 0
0.5482787, 0.1727198, 0.6104345, 0
0.4667911, 0.281034, 0.5160969, 0
0.5700954, 0.2724377, 0.2940115, 0
0.398735, 0.1559171, 0.4467547, 0
0.6013368, 0.1750383, 0.159657, 0
0.2189286, 0.2573963, 0.3588399, 0
0.287093, 0.2677142, 0.6387788, 0
0.6435589, 0.2526485, 0.5551589, 0
0.6135628, 0.237169, 0.2814925, 0
0.3811628, 0.2143475, 0.7504762, 0
0.3308173, 0.2260675, 0.5823125, 0
0.5681482, 0.2510846, 0.1802215, 0
0.4079832, 0.2486424, 0.3120928, 0
0.7080022, 0.1962671, 0.5649143, 0
0.4261183, 0.1821869, 0.4095574, 0
0.7867907, 0.1718174, 0.3693761, 0
0.312251, 0.285706, 0.2886945, 0
0.44284, 0.2157525, 0.3596244, 0
0.5607401, 0.1689813, 0.167341, 0
0.1925102, 0.2251268, 0.4956127, 0
0.3098722, 0.2071874, 0.2304231, 0
0.5908516, 0.2615215, 0.7177384, 0
0.5662481, 0.3043131, 0.551583, 0
0.2557772, 0.2417682, 0.476622, 0
0.6077252, 0.2079884, 0.4867147, 0
0.4834501, 0.2934344, 0.5794473, 0
0.6825873, 0.1967652, 0.3243829, 0
0.3922138, 0.2197756, 0.3281589, 0
0.3760892, 0.1932085, 0.580636, 0
0.4431811, 0.2230034, 0.4227458, 0
0.4497791, 0.2945806, 0.5583644, 0
0.6892539, 0.2624004, 0.6062911, 0
0.4294349, 0.2868179, 0.3745882, 0
0.3660352, 0.250453, 0.2784723, 0
0.4407121, 0.1779443, 0.1693563, 0
0.4604222, 0.2530983, 0.5586491, 0
0.4617367, 0.2587706, 0.3815851, 0
0.7268617, 0.177606, 0.2944417, 0
0.5332267, 0.1803323, 0.2981962, 0
0.3327656, 0.1787335, 0.2137322, 0
0.529482, 0.2989053, 0.704177, 0
0.5358623, 0.1889201, 0.3322432, 0
0.7160008, 0.2317612, 0.4832766, 0
0.6860212, 0.1630578, 0.6309587, 0
0.4707153, 0.1621805, 0.4459302, 0
0.3891757, 0.2294273, 0.4677128, 0
0.4582431, 0.2590888, 0.2679984, 0
0.7314661, 0.2643248, 0.4157329, 0
0.6059675, 0.2312972, 0.2254349, 0
0.7776347, 0.1777827, 0.4441447, 0
0.3085508, 0.1679539, 0.5161228, 0
0.5109943, 0.2326807, 0.2262305, 0
0.2952209, 0.2842942, 0.485459, 0
0.6170124, 0.1897356, 0.2244886, 0
0.6145589, 0.2178361, 0.2168294, 0
0.6166217, 0.2856357, 0.6876536, 0
0.3484441, 0.2274602, 0.4826724, 0
0.436479, 0.1516473, 0.3964112, 0
0.2602193, 0.2089353, 0.6702162, 0
0.3994893, 0.2816744, 0.4269413, 0
0.5348073, 0.2274608, 0.2121082, 0
0.4721417, 0.2889099, 0.7229828, 0
0.3453094, 0.273163, 0.2854481, 0
0.8089513, 0.2155925, 0.3568517, 0
0.590256, 0.261528, 0.432603, 0
0.6706668, 0.2325667, 0.1976255, 0
0.7818959, 0.2163252, 0.4238089, 0
0.3143731, 0.1976732, 0.5929915, 0
0.5097948, 0.2396168, 0.2921001, 0
0.7448452, 0.2633403, 0.5644035, 0
0.554837, 0.1806261, 0.5352164, 0
0.4818295, 0.1880849, 0.1216468, 0
0.7759725, 0.1922818, 0.5755547, 0
0.3341795, 0.2665995, 0.3192993, 0
0.7467275, 0.2477251, 0.577637, 0
0.1787194, 0.2155681, 0.4612767, 0
0.7908263, 0.1788322, 0.405744, 0
0.574839, 0.2656439, 0.7152278, 0
0.7358315, 0.2406363, 0.2341705, 0
0.3530711, 0.2014479, 0.6938372, 0
0.7874023, 0.2190219, 0.5065199, 0
0.4846568, 0.184938, 0.2578077, 0
0.4951991, 0.2447712, 0.4771063, 0
0.2871943, 0.2202156, 0.3277123, 0
0.7236847, 0.2914509, 0.4418803, 0
0.5897408, 0.2595166, 0.7262658, 0
0.3103328, 0.2056317, 0.7098138, 0
0.3608843, 0.284143, 0.3789299, 0
0.7186124, 0.1761876, 0.6525983, 0
0.6711302, 0.2240402, 0.2807388, 0
0.5698702, 0.2819457, 0.4261885, 0
0.3408565, 0.2200614, 0.65132, 0
0.2795952, 0.2774074, 0.5559422, 0
0.5122112, 0.282019, 0.7170581, 0
0.2236345, 0.2540461, 0.5759488, 0
0.2693221, 0.2654862, 0.292491, 0
0.4989976, 0.2403493, 0.3448686, 0
0.2027071, 0.2097881, 0.3527055, 0
0.1941039, 0.2299954, 0.4530377, 0
0.683335, 0.1933056, 0.2426306, 0
0.6142673, 0.2212363, 0.4016631, 0
0.2841317, 0.2716726, 0.2650493, 0
0.5514261, 0.1605898, 0.4241403, 0
0.2447249, 0.1753114, 0.5815523, 0
0.7512746, 0.2794173, 0.3527662, 0
0.4218319, 0.2417027, 0.5103452, 0
0.2839434, 0.1819793, 0.2950641, 0
0.5927529, 0.2258076, 0.51806, 0
0.4094504, 0.1561917, 0.7275858, 0
0.54478, 0.2023038, 0.2383143, 0
0.4390255, 0.2787748, 0.6253088, 0
0.6127684, 0.2656093, 0.409924, 0
0.7008582, 0.2631887, 0.691883, 0
0.4224241, 0.2319481, 0.2212957, 0
0.2820425, 0.1829892, 0.472008, 0
0.4400634, 0.1660462, 0.2959939, 0
0.5460956, 0.2187558, 0.2522739, 0
0.6862794, 0.1777658, 0.2433308, 0
0.3353201, 0.2050684, 0.6489374, 0
0.4163682, 0.2224735, 0.7473674, 0
0.5412262, 0.1901018, 0.4603006, 0
0.6515995, 0.2678142, 0.3501695, 0
0.5344164, 0.2620458, 0.4936295, 0
0.3597366, 0.1724238, 0.6536723, 0
0.4919951, 0.2428625, 0.4021785, 0
0.6513559, 0.2694367, 0.3268085, 0
0.2607813, 0.2139938, 0.35238, 0
0.2844646, 0.1978324, 0.3594767, 0
0.4409122, 0.2586069, 0.3607704, 0
0.5120025, 0.2453048, 0.719948, 0
0.507763, 0.1703817, 0.4218594, 0
0.7874173, 0.2359281, 0.5585442, 0
0.4895113, 0.2487203, 0.4289231, 0
0.7347878, 0.304666, 0.3453375, 0
0.3700415, 0.1655111, 0.2104954, 0
0.8082343, 0.2330742, 0.5616258, 0
0.4963744, 0.2265172, 0.684646, 0
0.5674395, 0.263244, 0.7068635, 0
0.5442709, 0.2667461, 0.6840037, 0
0.3202941, 0.2949882, 0.5837271, 0
0.5370509, 0.2137483, 0.4215587, 0
0.2822181, 0.1903465, 0.2352012, 0
0.2866712, 0.2309463, 0.3765376, 0
0.6088483, 0.2048681, 0.4328299, 0
0.6959518, 0.1847096, 0.2624318, 0
0.5911253, 0.2210551, 0.1802339, 0
0.3830352, 0.1553452, 0.5005295, 0
0.5809106, 0.2894633, 0.633896, 0
0.4856209, 0.2575228, 0.2997431, 0
0.5324059, 0.156293, 0.5658398, 0
0.4785456, 0.1715065, 0.4387227, 0
0.6000832, 0.1817707, 0.2288475, 0
0.5440784, 0.1813645, 0.5038961, 0
0.5168172, 0.1776668, 0.3192028, 0
0.4954686, 0.1844919, 0.4751041, 0
0.7743831, 0.2273553, 0.4072833, 0
0.8295974, 0.1878251, 0.3557487, 0
0.4023541, 0.2548394, 0.7110686, 0
0.3557585, 0.2090394, 0.2351889, 0
0.5173061, 0.2306322, 0.4703328, 0
0.2393294, 0.2024744, 0.4433477, 0
0.5821089, 0.2442979, 0.439004, 0
0.2982006, 0.233298, 0.2162889, 0
0.6129579, 0.2692722, 0.3576274, 0
0.1962639, 0.1692418, 0.4612371, 0
0.6851218, 0.2313823, 0.4749694, 0
0.56138, 0.1987977, 0.2213755, 0
0.6625823, 0.2333252, 0.6945764, 0
0.6886952, 0.1802102, 0.4499643, 0
0.3730599, 0.1993112, 0.6770899, 0
0.8112075, 0.2704027, 0.4936464, 0
0.485199, 0.2449635, 0.1986206, 0
0.4093841, 0.1800824, 0.3838726, 0
0.7999871, 0.2175913, 0.4696818, 0
0.4131316, 0.2591415, 0.2447859, 0
0.4429878, 0.189606, 0.6342535, 0
0.6396703, 0.1619311, 0.7190654, 0
0.4976667, 0.184895, 0.4585878, 0
0.4107027, 0.2336826, 0.2207705, 0
0.5772532, 0.193467, 0.3762879, 0
0.4798248, 0.2168346, 0.7163318, 0
0.2677255, 0.1863141, 0.3414313, 0
0.7366607, 0.2212951, 0.3885584, 0
0.4409338, 0.1953917, 0.5105912, 0
0.5564092, 0.3027741, 0.4874767, 0
0.3081366, 0.2916706, 0.5045671, 0
0.5093148, 0.2811348, 0.3321136, 0
0.5433682, 0.2842598, 0.1946365, 0
0.7909898, 0.2029731, 0.327228, 0
0.7845951, 0.1931124, 0.2351777, 0
0.4122257, 0.2003181, 0.3209061, 0
0.5030838, 0.209429, 0.2384776, 0
0.6388515, 0.2258898, 0.2031476, 0
0.4580847, 0.2021038, 0.3384816, 0
0.7056656, 0.2180555, 0.6401845, 0
0.5709085, 0.1811419, 0.5322799, 0
0.4031437, 0.2564521, 0.3370699, 0
0.2867153, 0.207922, 0.4455487, 0
0.653468, 0.2580757, 0.6226761, 0
0.397722, 0.1672381, 0.4619442, 0
0.4271005, 0.2210108, 0.7294633, 0
0.4551606, 0.1903761, 0.2251886, 0
0.294846, 0.1729743, 0.3575136, 0
0.5112211, 0.2459579, 0.2617212, 0
0.4634257, 0.3074931, 0.2797672, 0
0.6991109, 0.2460954, 0.4515408, 0
0.4247861, 0.252798, 0.2969108, 0
0.5057051, 0.2532607, 0.2029545, 0
0.3809836, 0.1780993, 0.601473, 0
0.298848, 0.1532954, 0.5938526, 0
0.7902979, 0.2594944, 0.409681, 0
0.5713753, 0.1676439, 0.2662438, 0
0.6233952, 0.222147, 0.5807213, 0
0.5715511, 0.2588299, 0.210446, 0
0.4427356, 0.1880883, 0.4755019, 0
0.2941727, 0.2991148, 0.4725833, 0
0.341782, 0.2019772, 0.5995579, 0
0.5950368, 0.3015658, 0.6440421, 0
0.3554479, 0.2960908, 0.2854835, 0
0.7125775, 0.1892297, 0.684038, 0
0.8151947, 0.2024647, 0.4096765, 0
0.4649166, 0.1969011, 0.6660127, 0
0.4959414, 0.2975168, 0.6142055, 0
0.4072719, 0.2464753, 0.6760581, 0
0.6485349, 0.2695411, 0.285024, 0
0.2484749, 0.2390746, 0.6462011, 0
0.2381825, 0.237943, 0.3267452, 0
0.3684655, 0.2648845, 0.694853, 0
0.5092927, 0.1894238, 0.5826488, 0
0.5384064, 0.2215671, 0.2132883, 0
0.5901414, 0.1976154, 0.3062724, 0
0.3388933, 0.1768884, 0.6765714, 0
0.7515896, 0.2213307, 0.3922064, 0
0.4639145, 0.2676047, 0.4491289, 0
0.5836601, 0.245565, 0.3599381, 0
0.5746371, 0.2693227, 0.6265172, 0
0.6570781, 0.1851038, 0.3748068, 0
0.554488, 0.2089159, 0.6479267, 0
0.398523, 0.2950161, 0.6492785, 0
0.4287468, 0.2404275, 0.7552569, 0
0.5566619, 0.1824457, 0.1841344, 0
0.5124032, 0.2390852, 0.2124664, 0
0.5865222, 0.2022549, 0.1841919, 0
0.5683787, 0.2215905, 0.3336209, 0
0.6865554, 0.2287637, 0.3428127, 0
0.5448168, 0.1921365, 0.5492578, 0
0.4705028, 0.1969446, 0.1804759, 0
0.6482219, 0.1956866, 0.2744693, 0
0.5327761, 0.2316989, 0.6800518, 0
0.207997, 0.2660759, 0.4108121, 0
0.4762717, 0.1841585, 0.2793939, 0
0.3122113, 0.2184126, 0.3623488, 0
0.6004531, 0.238655, 0.7330713, 0
0.6564601, 0.2407678, 0.3904651, 0
0.6526645, 0.229502, 0.4746135, 0
0.5335297, 0.2300142, 0.1376834, 0
0.6323546, 0.2499041, 0.723536, 0
0.247023, 0.2625885, 0.3541529, 0
0.3880323, 0.1948935, 0.4227086, 0
0.3411011, 0.2322567, 0.2689167, 0
0.2461548, 0.1740375, 0.2946233, 0
0.449882, 0.2529761, 0.6476844, 0
0.4399874, 0.204316, 0.5704191, 0
0.6560397, 0.1657744, 0.7427943, 0
0.7560033, 0.2485389, 0.3703242, 0
0.561991, 0.2254572, 0.7355625, 0
0.3426436, 0.1945684, 0.4300094, 0
0.441318, 0.287233, 0.3039746, 0
0.7230532, 0.1951789, 0.5392684, 0
0.5576539, 0.2693701, 0.6723762, 0
0.5507559, 0.2814836, 0.7171612, 0
0.4871826, 0.2215941, 0.2606042, 0
0.280472, 0.2620487, 0.6692528, 0
0.5159239, 0.2551217, 0.5848919, 0
0.3983583, 0.1960326, 0.2378449, 0
0.4227688, 0.2850098, 0.4124545, 0
0.5130537, 0.2985145, 0.5018052, 0
0.4072164, 0.2106174, 0.3405703, 0
0.729907, 0.1985492, 0.243269, 0
0.7390425, 0.2613799, 0.4222522, 0
0.3764398, 0.2421469, 0.5729851, 0
0.598186, 0.2942466, 0.4327918, 0
0.7570544, 0.3015187, 0.5343367, 0
0.2460629, 0.1782391, 0.4100773, 0
0.4467691, 0.2319889, 0.6526562, 0
0.4764413, 0.2464554, 0.3161778, 0
0.5252067, 0.2429105, 0.4614807, 0
0.7630824, 0.2711731, 0.414039, 0
0.3215368, 0.2892266, 0.4239868, 0
0.5465562, 0.1702508, 0.5006039, 0
0.5218419, 0.2428193, 0.4091348, 0
0.5743783, 0.2710679, 0.3333927, 0
0.2849123, 0.266674, 0.5943897, 0
0.3126026, 0.2241371, 0.7113021, 0
0.4404689, 0.2139443, 0.2243269, 0
0.484813, 0.1759037, 0.5435308, 0
0.6977644, 0.2819387, 0.2809942, 0
0.3934824, 0.195954, 0.2915636, 0
0.7534723, 0.2589181, 0.5023413, 0
0.6321421, 0.1623894, 0.6076438, 0
0.3686644, 0.2902909, 0.537181, 0
0.6025839, 0.2374931, 0.5311626, 0
0.3846723, 0.1899419, 0.3436633, 0
0.4301483, 0.1857053, 0.1601382, 0
0.3770544, 0.170367, 0.5381731, 0
0.679368, 0.2903159, 0.6417285, 0
0.2948478, 0.2239289, 0.6619053, 0
0.6052068, 0.2665411, 0.7303199, 0
0.5569654, 0.2218113, 0.2032015, 0
0.4274721, 0.2943077, 0.3676367, 0
0.5193311, 0.3055278, 0.6462885, 0
0.8105329, 0.2016804, 0.48588, 0
0.3517354, 0.2921728, 0.363681, 0
0.3436977, 0.2796998, 0.5571876, 0
0.7669691, 0.1961414, 0.3931742, 0
0.8131505, 0.2356295, 0.4303995, 0
0.4011832, 0.3016539, 0.6448216, 0
0.4954947, 0.1680169, 0.4512161, 0
0.7655983, 0.190499, 0.5183934, 0
0.3790365, 0.232079, 0.4718508, 0
0.3676119, 0.2010439, 0.5364973, 0
0.4699372, 0.1689544, 0.2308508, 0
0.3423009, 0.1929519, 0.3163889, 0
0.5137813, 0.1888298, 0.4493976, 0
0.3486458, 0.172021, 0.4991904, 0
0.4471316, 0.2634274, 0.3161357, 0
0.5426452, 0.256681, 0.3133213, 0
0.4541979, 0.158677, 0.5915876, 0
0.5160306, 0.2828669, 0.6901762, 0
0.6408166, 0.1713966, 0.2119105, 0
0.6530272, 0.1814987, 0.161472, 0
0.3544953, 0.2278034, 0.3180467, 0
0.6090961, 0.2576689, 0.219536, 0
0.5334425, 0.276486, 0.6017072, 0
0.5977403, 0.2579914, 0.2482343, 0
0.5831925, 0.2550068, 0.1691976, 0
0.8242846, 0.2567939, 0.4286129, 0
0.5884113, 0.2462005, 0.7547879, 0
0.4780751, 0.2840958, 0.241108, 0
0.7214639, 0.295702, 0.2906451, 0
0.4610453, 0.2476126, 0.2751396, 0
0.7269315, 0.2277336, 0.2424848, 0
0.5524951, 0.2736297, 0.1910869, 0
0.5092906, 0.1679816, 0.2475622, 0
0.6017074, 0.2939633, 0.3319569, 0
0.6230991, 0.2945907, 0.4366484, 0
0.2043852, 0.178645, 0.6003473, 0
0.7491116, 0.3010373, 0.4433774, 0
0.3149724, 0.1928976, 0.4563986, 0
0.76654, 0.2549855, 0.6008916, 0
0.2328388, 0.2375946, 0.5740471, 0
0.7084695, 0.2983516, 0.305271, 0
0.5032701, 0.2068872, 0.3098078, 0
0.5497064, 0.2755432, 0.4143429, 0
0.7855866, 0.2933211, 0.398022, 0
0.3281436, 0.2320371, 0.6079001, 0
0.3357961, 0.2589737, 0.6936959, 0
0.4529025, 0.2963268, 0.2502861, 0
0.5393723, 0.1616951, 0.6320373, 0
0.3132847, 0.1658398, 0.3501633, 0
0.6149288, 0.2270132, 0.4367951, 0
0.334178, 0.2092236, 0.2759434, 0
0.7581132, 0.2207212, 0.5111074, 0
0.2987299, 0.183477, 0.6762788, 0
0.4355192, 0.2693501, 0.2601524, 0
0.7530383, 0.2287439, 0.3447619, 0
0.6095487, 0.2156447, 0.4925163, 0
0.2479582, 0.2317348, 0.3807743, 0
0.4008198, 0.2032661, 0.6154495, 0
0.5376983, 0.1880056, 0.1485866, 0
0.5654086, 0.2000482, 0.4452379, 0
0.6281883, 0.2932703, 0.3563655, 0
0.5981506, 0.2439283, 0.6354246, 0
0.4750568, 0.2991179, 0.2320314, 0
0.5235142, 0.1493983, 0.4332373, 0
0.6616678, 0.1730729, 0.6223435, 0
0.3402349, 0.2841253, 0.512534, 0
0.7508652, 0.2100676, 0.4232837, 0
0.6516534, 0.2808668, 0.2504156, 0
0.4429732, 0.231433, 0.6265193, 0
0.4752155, 0.2873954, 0.3912482, 0
0.5479096, 0.2191956, 0.6768193, 0
0.5851618, 0.2409924, 0.2933503, 0
0.6436888, 0.2307127, 0.4484324, 0
0.3799613, 0.2043243, 0.5119816, 0
0.7126601, 0.1751162, 0.441915, 0
0.4322903, 0.226135, 0.1929404, 0
0.3578784, 0.2207984, 0.4722962, 0
0.5251637, 0.2173419, 0.4336271, 0
0.4140294, 0.2839852, 0.3874677, 0
0.5114609, 0.2216499, 0.5535286, 0
0.8271006, 0.1944604, 0.3410183, 0
0.3030232, 0.2446033, 0.3135403, 0
0.4663079, 0.1681754, 0.2915004, 0
0.4684358, 0.1574748, 0.6894316, 0
0.6022826, 0.2771438, 0.5400206, 0
0.3509458, 0.1672251, 0.6893169, 0
0.4336075, 0.1824119, 0.4530142, 0
0.6710783, 0.2678762, 0.572569, 0
0.6700387, 0.2832214, 0.4948473, 0
0.6035287, 0.2075143, 0.4322, 0
0.6252991, 0.1578492, 0.6563119, 0
0.4573882, 0.2868759, 0.429236, 0
0.3370946, 0.2746007, 0.4837517, 0
0.6311938, 0.280639, 0.5827688, 0
0.1739544, 0.1910642, 0.437829, 0
0.4943603, 0.2242765, 0.4868549, 0
0.5669838, 0.2993723, 0.356467, 0
0.6416098, 0.2006044, 0.4567577, 0
0.2826992, 0.2324931, 0.5566826, 0
0.7429145, 0.2403549, 0.5832201, 0
0.3629832, 0.1874297, 0.5879143, 0
0.625878, 0.294401, 0.610149, 0
0.3696906, 0.2430122, 0.6607206, 0
0.5884767, 0.229802, 0.6612138, 0
0.4622481, 0.2151289, 0.223752, 0
0.5612316, 0.2602595, 0.6220812, 0
0.446195, 0.2235527, 0.1675012, 0
0.4316226, 0.1771684, 0.1651645, 0
0.3903799, 0.2719257, 0.4575723, 0
0.5669358, 0.2065875, 0.261925, 0
0.789047, 0.167082, 0.5102467, 0
0.8286139, 0.2100216, 0.4851958, 0
0.6735664, 0.2054074, 0.4564902, 0
0.4002133, 0.1946381, 0.3088784, 0
0.5698398, 0.1712498, 0.5869887, 0
0.3022561, 0.2126667, 0.3355742, 0
0.2137453, 0.2227139, 0.380374, 0
0.426894, 0.1646868, 0.4097311, 0
0.2480136, 0.2485913, 0.3980337, 0
0.3841772, 0.1856416, 0.3135673, 0
0.5597288, 0.2740553, 0.3594266, 0
0.5667002, 0.3038488, 0.4224893, 0
0.4351598, 0.1825306, 0.5705835, 0
0.4036132, 0.2705174, 0.5273859, 0
0.6642248, 0.1764496, 0.7383665, 0
0.4284846, 0.1823614, 0.5080768, 0
0.7522319, 0.2255416, 0.2584449, 0
0.4433818, 0.2227951, 0.2672626, 0
0.2115203, 0.2464125, 0.3991325, 0
0.3793703, 0.2336569, 0.3014949, 0
0.8034257, 0.1943045, 0.4930232, 0
0.6744195, 0.281588, 0.2370513, 0
0.6738138, 0.2994948, 0.4762996, 0
0.4839013, 0.2233911, 0.7717742, 0
0.2284732, 0.2246483, 0.5780774, 0
0.5614088, 0.1739926, 0.4804589, 0
0.5037376, 0.2383021, 0.3956011, 0
0.3609024, 0.2880947, 0.4616209, 0
0.5534307, 0.2015944, 0.7694136, 0
0.3922985, 0.2313405, 0.5475072, 0
0.1988013, 0.2667695, 0.413736, 0
0.5791239, 0.2362523, 0.6447805, 0
0.526545, 0.2155366, 0.3772767, 0
0.5430496, 0.1858858, 0.748218, 0
0.4712374, 0.1883309, 0.4861361, 0
0.2362212, 0.1930817, 0.5159805, 0
0.3871688, 0.1549377, 0.4591431, 0
0.6712795, 0.1649096, 0.3114593, 0
0.4615264, 0.2780236, 0.3335114, 0
0.6673094, 0.2937914, 0.4148113, 0
0.5724804, 0.2221385, 0.7177179, 0
0.3215361, 0.2964568, 0.6428624, 0
0.5184643, 0.1666461, 0.4306844, 0
0.4055228, 0.1636106, 0.5768123, 0
0.445587, 0.1490944, 0.2203355, 0
0.5743173, 0.1991966, 0.3868172, 0
0.3163517, 0.2655546, 0.339686, 0
0.4389765, 0.2183713, 0.4364475, 0
0.5974644, 0.2391265, 0.5725651, 0
0.4104296, 0.2765943, 0.6590692, 0
0.7321204, 0.313681, 0.5215434, 0
0.5935353, 0.2660039, 0.4309146, 0
0.5941167, 0.1649254, 0.6046528, 0
0.2711365, 0.190587, 0.6633191, 0
0.3004616, 0.2311672, 0.2958686, 0
0.5839919, 0.2965455, 0.4821569, 0
0.4467882, 0.2282723, 0.5030364, 0
0.3300049, 0.205698, 0.2766722, 0
0.6263548, 0.1892852, 0.5152276, 0
0.3228078, 0.204141, 0.3706405, 0
0.658608, 0.1681251, 0.7435439, 0
0.6010103, 0.1636715, 0.3498045, 0
0.5612847, 0.2175813, 0.6654015, 0
0.7420951, 0.1659173, 0.3312424, 0
0.4017716, 0.243809, 0.3120742, 0
0.512234, 0.2647214, 0.6283906, 0
0.5482585, 0.2549613, 0.5270184, 0
0.2667912, 0.2285844, 0.6290681, 0
0.4232591, 0.2049667, 0.3513668, 0
0.4201761, 0.2555062, 0.5078612, 0
0.5905232, 0.3038892, 0.5666065, 0
0.5719792, 0.2757917, 0.4094316, 0
0.3086956, 0.1732665, 0.3347203, 0
0.2293289, 0.1631226, 0.4439102, 0
0.7441256, 0.2283294, 0.4116215, 0
0.2299964, 0.2257542, 0.4804485, 0
0.3220625, 0.2797817, 0.6540502, 0
0.5812096, 0.2072395, 0.306979, 0
0.3530265, 0.1837796, 0.1988665, 0
0.4653656, 0.2127273, 0.3388239, 0
0.4926408, 0.2162219, 0.1993027, 0
0.7213451, 0.26342, 0.4504003, 0
0.5763913, 0.2555483, 0.6406098, 0
0.5448424, 0.1629737, 0.6958847, 0
0.1972296, 0.1791808, 0.3966786, 0
0.6983641, 0.2252223, 0.5317249, 0
0.5038553, 0.1802191, 0.459049, 0
0.7377259, 0.287351, 0.4544172, 0
0.3622094, 0.186947, 0.4619006, 0
0.6331, 0.2108648, 0.1580737, 0
0.4473996, 0.1731522, 0.315084, 0
0.305055, 0.1706581, 0.3981199, 0
0.5564421, 0.2450264, 0.1393085, 0
0.5260857, 0.1547296, 0.6743731, 0
0.6310084, 0.2269629, 0.260322, 0
0.46579, 0.2138027, 0.6480047, 0
0.583192, 0.2883075, 0.5245035, 0
0.6081991, 0.2444876, 0.6436433, 0
0.6980185, 0.1916076, 0.2254438, 0
0.4534135, 0.1792767, 0.2827027, 0
0.7894422, 0.2799716, 0.4861956, 0
0.4255282, 0.2380202, 0.2659118, 0
0.6505356, 0.2059737, 0.67689, 0
0.6967066, 0.1870517, 0.5659031, 0
0.5020484, 0.2816298, 0.1915234, 0
0.5630969, 0.2883846, 0.2183254, 0
0.2393702, 0.1652548, 0.587842, 0
0.5201232, 0.2060416, 0.6872035, 0
0.3668538, 0.1779315, 0.3885575, 0
0.6929702, 0.1966906, 0.2548148, 0
0.6296619, 0.1797096, 0.5524105, 0
0.3414006, 0.213616, 0.4854525, 0
0.607815, 0.2752038, 0.6874722, 0
0.6215394, 0.2784815, 0.2095938, 0
0.5330369, 0.2727225, 0.2746176, 0
0.4970958, 0.2517748, 0.5377658, 0
0.6226241, 0.2692765, 0.6108021, 0
0.5553294, 0.2379528, 0.6024336, 0
0.2162163, 0.236857, 0.528524, 0
0.6022695, 0.2661014, 0.6915548, 0
0.3648045, 0.2944642, 0.5319133, 0
0.7512674, 0.2571844, 0.6339827, 0
0.4698319, 0.183708, 0.5033244, 0
0.2913776, 0.2040167, 0.688489, 0
0.5813018, 0.2546111, 0.2346038, 0
0.3743512, 0.1725029, 0.7308746, 0
0.3052754, 0.2529477, 0.6823082, 0
0.5824372, 0.2768061, 0.199246, 0
0.6275086, 0.2009668, 0.2678382, 0
0.5257267, 0.2353891, 0.5776023, 0
0.3214938, 0.2477221, 0.3118277, 0
0.6676555, 0.2669261, 0.6666479, 0
0.5478499, 0.2046297, 0.7793497, 0
0.6611371, 0.3024839, 0.5847689, 0
0.3933471, 0.2708122, 0.7141401, 0
0.6328617, 0.1816762, 0.3571251, 0
0.6332135, 0.1799918, 0.1520118, 0
0.4638658, 0.2910393, 0.2474347, 0
0.3654625, 0.187925, 0.2736422, 0
0.2646279, 0.158257, 0.4692503, 0
0.5101562, 0.2208911, 0.7023831, 0
0.2685612, 0.2125681, 0.3775806, 0
0.5331967, 0.2275618, 0.5804374, 0
0.5454189, 0.269337, 0.4448904, 0
0.4194758, 0.2724219, 0.2893931, 0
0.5551138, 0.3018882, 0.3220919, 0
0.6522483, 0.2670219, 0.3213663, 0
0.7326632, 0.2626426, 0.6491694, 0
0.4779891, 0.1792112, 0.1096536, 0
0.4234487, 0.2290395, 0.7421188, 0
0.6454491, 0.2455778, 0.6440763, 0
0.7236633, 0.276397, 0.530929, 0
0.5171661, 0.1853552, 0.4819033, 0
0.3036759, 0.1598911, 0.296942, 0
0.7137432, 0.1656143, 0.5759125, 0
0.5464602, 0.2481892, 0.1367106, 0
0.3901931, 0.1917503, 0.4818316, 0
0.5126182, 0.2488365, 0.4376269, 0
0.4393004, 0.2678156, 0.3011374, 0
0.5485043, 0.2506852, 0.1785721, 0
0.6378911, 0.238214, 0.6784586, 0
0.4755217, 0.1817579, 0.5070806, 0
0.5799131, 0.1744203, 0.4462167, 0
0.2902203, 0.1863262, 0.3426523, 0
0.4216226, 0.2743726, 0.2709226, 0
0.2898995, 0.1708076, 0.5545993, 0
0.3866686, 0.2319566, 0.343871, 0
0.4129578, 0.1993848, 0.6847133, 0
0.4252994, 0.2860141, 0.5966291, 0
0.5795283, 0.1829855, 0.7324462, 0
0.6460519, 0.1649021, 0.5185876, 0
0.7254521, 0.187637, 0.3042062, 0
0.6009477, 0.1609941, 0.6429363, 0
0.4008589, 0.2941267, 0.2251997, 0
0.3281814, 0.1826489, 0.2239459, 0
0.3799658, 0.1993705, 0.4837171, 0
0.4209898, 0.1494828, 0.3570774, 0
0.3760079, 0.2928247, 0.3242441, 0
0.5517016, 0.1984926, 0.5343446, 0
0.7464435, 0.2868862, 0.2953826, 0
0.633823, 0.2100088, 0.1988761, 0
0.4428273, 0.240021, 0.7457606, 0
0.5228601, 0.2855371, 0.6292566, 0
0.2250576, 0.2088147, 0.6075884, 0
0.4825109, 0.1895262, 0.1346036, 0
0.7797387, 0.2513026, 0.6307151, 0
0.4828381, 0.2011019, 0.2730015, 0
0.6144238, 0.1668835, 0.6652658, 0
0.2286792, 0.2111497, 0.3382692, 0
0.5441502, 0.172461, 0.2568923, 0
0.5676334, 0.2794277, 0.2522797, 0
0.3043498, 0.2118977, 0.7034971, 0
0.4202779, 0.2784504, 0.288189, 0
0.5147722, 0.1959489, 0.2736696, 0
0.7455839, 0.1994259, 0.3449596, 0
0.3641788, 0.225928, 0.3578156, 0
0.3779514, 0.2862935, 0.3022528, 0
0.6864492, 0.1624872, 0.554084, 0
0.5929384, 0.2711329, 0.6135024, 0
0.6902969, 0.2536163, 0.3985517, 0
0.6213036, 0.1933341, 0.6616297, 0
0.6380248, 0.1820447, 0.4066107, 0
0.5816426, 0.2091012, 0.3246109, 0
0.824652, 0.2009381, 0.5169442, 0
0.3700904, 0.2469257, 0.5723799, 0
0.5648996, 0.2384015, 0.2037801, 0
0.5426919, 0.2033895, 0.4130714, 0
0.63697, 0.2470819, 0.3541023, 0
0.7041666, 0.174587, 0.4100074, 0
0.628521, 0.1934431, 0.5387452, 0
0.5616363, 0.2059862, 0.6511708, 0
0.3512668, 0.2847542, 0.5003672, 0
0.3141065, 0.2408841, 0.4622106, 0
0.7097555, 0.2244102, 0.5257357, 0
0.5933184, 0.2161355, 0.4138497, 0
0.4700177, 0.1776289, 0.6713848, 0
0.5728853, 0.1917474, 0.1751711, 0
0.2854281, 0.2316512, 0.2561139, 0
0.6178279, 0.2870339, 0.2202667, 0
0.8064017, 0.2213249, 0.5423281, 0
0.6831744, 0.3016676, 0.3953339, 0
0.568175, 0.2043757, 0.4856942, 0
0.7853986, 0.1758229, 0.6395323, 0
0.5621576, 0.1773184, 0.1320924, 0
0.2862858, 0.2825155, 0.3313157, 0
0.2023183, 0.2654119, 0.4014494, 0
0.3085542, 0.2715832, 0.3856535, 0
0.4833081, 0.1666551, 0.2660416, 0
0.5109062, 0.2581236, 0.5033044, 0
0.2159115, 0.2092673, 0.5412208, 0
0.4710504, 0.2262401, 0.4389799, 0
0.3623399, 0.2545207, 0.348748, 0
0.3813882, 0.1738954, 0.7442628, 0
0.3546135, 0.2245801, 0.3292257, 0
0.6936418, 0.2170085, 0.280695, 0
0.3372325, 0.2224422, 0.3314951, 0
0.5114625, 0.1781081, 0.4358922, 0
0.3860099, 0.2206943, 0.4223364, 0
0.6489792, 0.2787778, 0.6290162, 0
0.2331187, 0.1789093, 0.3064841, 0
0.6720303, 0.1735229, 0.5663595, 0
0.5473058, 0.2088993, 0.5218214, 0
0.6445993, 0.1628766, 0.2523963, 0
0.2814023, 0.2164859, 0.686416, 0
0.4917297, 0.2890585, 0.2282375, 0
0.6975044, 0.2945725, 0.363424, 0
0.5137187, 0.2988927, 0.4160047, 0
0.5807765, 0.2250896, 0.5450614, 0
0.4565713, 0.2422606, 0.7457263, 0
0.3789339, 0.1883795, 0.4982162, 0
0.7529595, 0.3063521, 0.5432174, 0
0.5897517, 0.2253133, 0.1802076, 0
0.49659, 0.2931085, 0.6185442, 0
0.2589258, 0.1974656, 0.6364171, 0
0.4353406, 0.243375, 0.2850689, 0
0.4061435, 0.2131725, 0.4955506, 0
0.2680371, 0.1796889, 0.4319546, 0
0.5153576, 0.2193485, 0.3724832, 0
0.5864584, 0.2887638, 0.2426749, 0
0.3256956, 0.1927102, 0.3920537, 0
0.1781166, 0.1962811, 0.4452735, 0
0.7109401, 0.2436412, 0.4056265, 0
0.5947224, 0.1843457, 0.285266, 0
0.5137928, 0.1750773, 0.797581, 0
0.6813567, 0.193903, 0.3421567, 0
0.3758658, 0.1877147, 0.3616357, 0
0.5727922, 0.22108, 0.4845271, 0
0.6938467, 0.196867, 0.3185144, 0
0.5598505, 0.2253152, 0.1626853, 0
0.6341413, 0.2965153, 0.3652747, 0
0.241034, 0.2191023, 0.377963, 0
0.3331633, 0.2671578, 0.4728092, 0
0.3456213, 0.1888782, 0.4497394, 0
0.3474698, 0.2692703, 0.3438591, 0
0.5736786, 0.2930034, 0.5237741, 0
0.4454809, 0.1661289, 0.7015108, 0
0.5872429, 0.2854493, 0.4194211, 0
0.4514639, 0.2614293, 0.5345845, 0
0.5378388, 0.194168, 0.2477923, 0
0.7728268, 0.2506199, 0.4688546, 0
0.3145555, 0.2680578, 0.6529928, 0
0.2598671, 0.2232411, 0.5771968, 0
0.4176193, 0.2918688, 0.682314, 0
0.7303447, 0.2612926, 0.6052588, 0
0.4486412, 0.2888725, 0.4634502, 0
0.3558154, 0.2523878, 0.5265033, 0
0.2920685, 0.1727848, 0.5715351, 0
0.3944674, 0.1920272, 0.4386473, 0
0.5228341, 0.197153, 0.5198479, 0
0.6453094, 0.2500071, 0.3550583, 0
0.5558369, 0.2753829, 0.3039824, 0
0.3437855, 0.2317367, 0.466242, 0
0.3166355, 0.2873334, 0.5848228, 0
0.5707384, 0.2633408, 0.1623997, 0
0.5255988, 0.2778487, 0.6921319, 0
0.5922787, 0.2526001, 0.6456354, 0
0.5757656, 0.3049833, 0.4706188, 0
0.4602807, 0.2262242, 0.5412558, 0
0.6819688, 0.2722116, 0.3587964, 0
0.2798648, 0.2993611, 0.4418969, 0
0.5227329, 0.2760484, 0.504312, 0
0.2974392, 0.219423, 0.3579772, 0
0.778883, 0.2003891, 0.351008, 0
0.5297549, 0.2815551, 0.6582319, 0
0.3446905, 0.2646864, 0.5414082, 0
0.2975207, 0.2044572, 0.6453384, 0
0.2384676, 0.2037928, 0.6068265, 0
0.4226176, 0.194357, 0.1336514, 0
0.4944955, 0.2747207, 0.4780284, 0
0.336427, 0.1798352, 0.4598068, 0
0.8011907, 0.2575829, 0.4222616, 0
0.3463786, 0.1757211, 0.6936675, 0
0.2654215, 0.1707311, 0.3235966, 0
0.2925977, 0.2101455, 0.6129708, 0
0.6876168, 0.2392665, 0.5845422, 0
0.3713639, 0.1902169, 0.1791496, 0
0.4875257, 0.2402292, 0.1572671, 0
0.3180392, 0.2109124, 0.2996757, 0
0.6721447, 0.17528, 0.2686913, 0
0.3439169, 0.2641263, 0.2465184, 0
0.3672068, 0.1829553, 0.6031985, 0
0.4718871, 0.2938783, 0.6589516, 0
0.3963217, 0.1597828, 0.22443, 0
0.4899735, 0.2947938, 0.4846293, 0
0.5538252, 0.2117236, 0.2404306, 0
0.7022076, 0.1681294, 0.5443253, 0
0.2439681, 0.2453203, 0.4512004, 0
0.4133346, 0.2266765, 0.3495911, 0
0.3425878, 0.2877784, 0.583034, 0
0.5278964, 0.2304811, 0.7751011, 0
0.4800211, 0.1874315, 0.558321, 0
0.3276686, 0.2774844, 0.6608684, 0
0.5369208, 0.2521379, 0.3177655, 0
0.5956907, 0.2426556, 0.7375252, 0
0.81242, 0.2291835, 0.5751597, 0
0.4648476, 0.2510241, 0.3853464, 0
0.4892912, 0.2932731, 0.2321795, 0
0.6496094, 0.1633728, 0.3592829, 0
0.2475617, 0.2822878, 0.4652532, 0
0.8301933, 0.2371046, 0.4178005, 0
0.6599036, 0.2102685, 0.7379148, 0
0.3911439, 0.2212487, 0.3243019, 0
0.6844887, 0.2245126, 0.4440373, 0
0.2599739, 0.2380511, 0.6213099, 0
0.4679835, 0.2239771, 0.7429839, 0
0.3883178, 0.2971083, 0.567023, 0
0.3011005, 0.2584388, 0.6851917, 0
0.6099596, 0.2851837, 0.3073806, 0
0.4711885, 0.1896662, 0.6848792, 0
0.3483481, 0.2899441, 0.3328677, 0
0.6458629, 0.2187414, 0.3908369, 0
0.3465866, 0.2745883, 0.5158303, 0
0.6187869, 0.2040437, 0.2538465, 0
0.3077713, 0.1864403, 0.3798921, 0
0.4133409, 0.2038128, 0.5376126, 0
0.3871682, 0.1906527, 0.5582618, 0
0.6316445, 0.2722422, 0.2016613, 0
0.3893859, 0.2155838, 0.6095126, 0
0.3951405, 0.2694916, 0.3231494, 0
0.5942548, 0.2315201, 0.2608108, 0
0.2990876, 0.2022424, 0.4698553, 0
0.3362768, 0.2256086, 0.4569953, 0
0.4899764, 0.2935792, 0.5906203, 0
0.4592744, 0.3042699, 0.5921888, 0
0.4183342, 0.1711341, 0.179367, 0
0.5438473, 0.2499946, 0.7171747, 0
0.223399, 0.1662543, 0.4422549, 0
0.3948312, 0.2291294, 0.7366277, 0
0.3858579, 0.1718447, 0.7116777, 0
0.3854721, 0.2284381, 0.5371644, 0
0.5235492, 0.1904858, 0.6942132, 0
0.8011881, 0.2310213, 0.3265651, 0
0.5297413, 0.2286205, 0.5565392, 0
0.4057947, 0.1678497, 0.3278692, 0
0.6123369, 0.214637, 0.6774216, 0
0.5231097, 0.1710485, 0.5600603, 0
0.5012276, 0.2038421, 0.4887333, 0
0.4477743, 0.29921, 0.2290718, 0
0.7707016, 0.2262999, 0.3680669, 0
0.6033388, 0.1627191, 0.3815646, 0
0.5825093, 0.1847777, 0.467098, 0
0.3380419, 0.2355115, 0.6119805, 0
0.6202333, 0.2053248, 0.174155, 0
0.3883197, 0.3039716, 0.5514647, 0
0.7588756, 0.2221615, 0.3397708, 0
0.4914835, 0.2461874, 0.4641852, 0
0.6157801, 0.2596726, 0.500261, 0
0.2259791, 0.2002982, 0.4564463, 0
0.6398537, 0.1952194, 0.6218693, 0
0.7507341, 0.1974831, 0.276183, 0
0.3536592, 0.2855003, 0.4863599, 0
0.6836565, 0.2096667, 0.4116171, 0
0.2297806, 0.2253945, 0.476682, 0
0.7909188, 0.2205285, 0.4376307, 0
0.6766694, 0.2890177, 0.339314, 0
0.574124, 0.2385227, 0.529521, 0
0.3164451, 0.1949088, 0.6296912, 0
0.5913851, 0.2321538, 0.2996759, 0
0.4998447, 0.2880198, 0.67264, 0
0.6122137, 0.2510717, 0.7435196, 0
0.4400119, 0.2461258, 0.1510614, 0
0.2793391, 0.2431347, 0.3423071, 0
0.3733318, 0.2958899, 0.617795, 0
0.7315444, 0.1760608, 0.3976321, 0
0.2233666, 0.1980047, 0.6372842, 0
0.5882676, 0.2349747, 0.1767288, 0
0.4023715, 0.1625545, 0.6867061, 0
0.321315, 0.2847196, 0.3662191, 0
0.2365349, 0.1988859, 0.2635056, 0
0.4178358, 0.2203515, 0.7719811, 0
0.613259, 0.2275265, 0.2377134, 0
0.182578, 0.1672354, 0.5144657, 0
0.6706827, 0.2514292, 0.6407767, 0
0.6425123, 0.167952, 0.3874885, 0
0.4530644, 0.2759672, 0.6023829, 0
0.5700974, 0.2083994, 0.3151736, 0
0.6681301, 0.3078918, 0.3701504, 0
0.5648156, 0.2090714, 0.5763637, 0
0.5607095, 0.1882009, 0.1926993, 0
0.6163883, 0.2559764, 0.5635141, 0
0.7250684, 0.2441413, 0.2652662, 0
0.7387424, 0.3002965, 0.4853691, 0
0.5757341, 0.2640742, 0.6098879, 0
0.6041883, 0.2499307, 0.263979, 0
0.3875606, 0.2098411, 0.2004222, 0
0.4078598, 0.1858792, 0.120924, 0
0.6637864, 0.1708195, 0.2477423, 0
0.7172202, 0.2781135, 0.2483755, 0
0.2499489, 0.2063353, 0.4479651, 0
0.2107404, 0.2119187, 0.4040982, 0
0.5138994, 0.2528109, 0.232564, 0
0.6277946, 0.1613696, 0.2994426, 0
0.7534848, 0.2245158, 0.5160205, 0
0.3340107, 0.2355588, 0.5309134, 0
0.3037578, 0.1922041, 0.6552914, 0
0.5884027, 0.1947764, 0.5323344, 0
0.5523052, 0.1927641, 0.253672, 0
0.6350102, 0.2632605, 0.2861814, 0
0.4097683, 0.1837891, 0.7456242, 0
0.4060953, 0.2533092, 0.7407387, 0
0.7461455, 0.1611718, 0.4765761, 0
0.3422392, 0.2612017, 0.5270891, 0
0.3702678, 0.2113763, 0.5567453, 0
0.6218074, 0.2218635, 0.366471, 0
0.3923766, 0.1876182, 0.2526711, 0
0.2236276, 0.2334208, 0.5427668, 0
0.5986034, 0.2517953, 0.1865047, 0
0.5228644, 0.2005207, 0.52284, 0
0.6022221, 0.2706802, 0.5517474, 0
0.5284839, 0.3026359, 0.5498623, 0
0.5692236, 0.1723386, 0.1281549, 0
0.7888334, 0.2251625, 0.4002331, 0
0.3739999, 0.1725869, 0.7638211, 0
0.6347563, 0.2096802, 0.518357, 0
0.4636974, 0.1642665, 0.2909465, 0
0.4595511, 0.208268, 0.6271105, 0
0.3867482, 0.1817518, 0.6633949, 0
0.5472906, 0.1672161, 0.6412266, 0
0.6114361, 0.1853875, 0.3960243, 0
0.3313642, 0.2612493, 0.6164127, 0
0.2960021, 0.1709748, 0.4587517, 0
0.5058933, 0.1858703, 0.3333734, 0
0.5581185, 0.1948741, 0.6113585, 0
0.5099414, 0.233674, 0.6198934, 0
0.7910337, 0.2310281, 0.3012841, 0
0.433026, 0.1937638, 0.2747384, 0
0.274242, 0.1782974, 0.479273, 0
0.5415778, 0.2539203, 0.6117104, 0
0.4984401, 0.1564764, 0.5356708, 0
0.3973361, 0.1845291, 0.7744451, 0
0.6844422, 0.2717208, 0.5020295, 0
0.7057865, 0.1679779, 0.4004262, 0
0.5642806, 0.2045549, 0.3207771, 0
0.3700777, 0.1992652, 0.7589092, 0
0.6709771, 0.2640961, 0.3434897, 0
0.4424643, 0.2809521, 0.1820502, 0
0.3444238, 0.2566773, 0.5385516, 0
0.7588853, 0.1686622, 0.256275, 0
0.8073039, 0.1786714, 0.6301003, 0
0.4516496, 0.2175735, 0.6336096, 0
0.5614931, 0.1676104, 0.4529755, 0
0.2314593, 0.2034051, 0.3138533, 0
0.6441416, 0.2720535, 0.5641958, 0
0.6483635, 0.1869325, 0.2575645, 0
0.2525882, 0.2082748, 0.3111401, 0
0.3043815, 0.1719849, 0.5534188, 0
0.327075, 0.2633512, 0.3889763, 0
0.2457468, 0.214183, 0.2835447, 0
0.5018307, 0.2584445, 0.5394061, 0
0.4370581, 0.2081562, 0.7153981, 0
0.6242176, 0.2481955, 0.2435459, 0
0.6940911, 0.1760283, 0.2356216, 0
0.5694734, 0.30584, 0.5809188, 0
0.3389629, 0.2722054, 0.4105382, 0
0.3153918, 0.1834812, 0.2292303, 0
0.5695363, 0.1768873, 0.5080982, 0
0.5409135, 0.2415553, 0.5661647, 0
0.2376046, 0.2827558, 0.3609146, 0
0.7258061, 0.2544698, 0.6244743, 0
0.465816, 0.2740623, 0.3486687, 0
0.3539944, 0.1973448, 0.4210819, 0
0.7994061, 0.2416478, 0.4608646, 0
0.7466631, 0.2178108, 0.3862782, 0
0.7539673, 0.2766173, 0.3295723, 0
0.3946592, 0.2409709, 0.5791017, 0
0.2397178, 0.2495488, 0.3794269, 0
0.3618805, 0.2724337, 0.6129134, 0
0.2939877, 0.1838151, 0.1985514, 0
0.6485488, 0.182534, 0.4813713, 0
0.7453498, 0.3021756, 0.4411784, 0
0.5202654, 0.277288, 0.2582671, 0
0.4432552, 0.1971394, 0.7011833, 0
0.5218536, 0.1864126, 0.5341332, 0
0.5096762, 0.1929949, 0.4893702, 0
0.7164128, 0.245079, 0.274917, 0
0.3431967, 0.2359995, 0.6422986, 0
0.2801507, 0.2543412, 0.2514848, 0
0.5782157, 0.1624786, 0.6404616, 0
0.7414541, 0.2454307, 0.606526, 0
0.4566227, 0.2879663, 0.4849815, 0
0.5572165, 0.3030725, 0.6316003, 0
0.3383575, 0.2015942, 0.6423058, 0
0.5728555, 0.1833166, 0.6508208, 0
0.6283068, 0.1616032, 0.6972554, 0
0.3460118, 0.1820817, 0.3015457, 0
0.8011143, 0.1988998, 0.6208761, 0
0.4309461, 0.2254893, 0.5233395, 0
0.5845067, 0.1943027, 0.5035879, 0
0.7398235, 0.2841225, 0.3711708, 0
0.7459041, 0.2471847, 0.535852, 0
0.5315034, 0.2723393, 0.6038211, 0
0.2581802, 0.180853, 0.5067335, 0
0.4156182, 0.2383944, 0.2502131, 0
0.5443617, 0.1804114, 0.106227, 0
0.2810183, 0.2913339, 0.5588202, 0
0.6318418, 0.201104, 0.2312852, 0
0.5051242, 0.2399842, 0.4362339, 0
0.413264, 0.263474, 0.6162969, 0
0.4585937, 0.2070557, 0.1606283, 0
0.6375936, 0.2229171, 0.4917331, 0
0.578628, 0.1564143, 0.5107779, 0
0.5634627, 0.2947017, 0.6011567, 0
0.6321571, 0.301695, 0.4267252, 0
0.3172088, 0.295943, 0.4106111, 0
0.2638288, 0.2734797, 0.3181599, 0
0.2459106, 0.1668006, 0.5192515, 0
0.4540566, 0.2618621, 0.6477392, 0
0.7285779, 0.2775238, 0.4806782, 0
0.8036652, 0.271637, 0.426959, 0
0.3827544, 0.2074204, 0.1529478, 0
0.6603662, 0.248377, 0.2053778, 0
0.4776966, 0.1964889, 0.4615885, 0
0.3413072, 0.2151001, 0.5302791, 0
0.6283441, 0.2245131, 0.7053101, 0
0.3729435, 0.1920433, 0.5191107, 0
0.4353955, 0.2346888, 0.1833772, 0
0.3871525, 0.1922441, 0.4712113, 0
0.7877984, 0.2255146, 0.4304841, 0
0.3018178, 0.2930363, 0.4735852, 0
0.4849692, 0.2668139, 0.3297047, 0
0.7473609, 0.1895029, 0.4721283, 0
0.3605526, 0.2009475, 0.1984213, 0
0.6694471, 0.1990914, 0.3842398, 0
0.2710611, 0.2075662, 0.2843712, 0
0.8396089, 0.1931232, 0.3969414, 0
0.4419439, 0.291334, 0.5571178, 0
0.4214998, 0.2351103, 0.5611774, 0
0.544606, 0.191321, 0.5826297, 0
0.3448748, 0.1815104, 0.5643663, 0
0.6849377, 0.2348531, 0.4243494, 0
0.5046234, 0.2756764, 0.3050776, 0
0.2947052, 0.2930748, 0.4852484, 0
0.7374918, 0.2897665, 0.3642149, 0
0.2771143, 0.2208144, 0.4564755, 0
0.5201308, 0.2495409, 0.4318568, 0
0.357352, 0.2586294, 0.3044001, 0
0.7435299, 0.2333906, 0.5575778, 0
0.3605153, 0.2257518, 0.595458, 0
0.5589662, 0.1584444, 0.6675452, 0
0.3656712, 0.2957031, 0.5668513, 0
0.639352, 0.2042503, 0.7333451, 0
0.3921917, 0.1971581, 0.2920642, 0
0.6318327, 0.1701579, 0.2178503, 0
0.7186468, 0.1838537, 0.68367, 0
0.5255394, 0.2175909, 0.1393981, 0
0.4819798, 0.2258208, 0.3348167, 0
0.54774, 0.1667237, 0.117165, 0
0.3452083, 0.2183411, 0.4510227, 0
0.4295168, 0.1941613, 0.6856696, 0
0.5910557, 0.177265, 0.4967603, 0
0.5064144, 0.233817, 0.3541793, 0
0.5394728, 0.2233484, 0.254187, 0
0.2844856, 0.242151, 0.3116983, 0
0.3124615, 0.168113, 0.5834476, 0
0.759416, 0.2002701, 0.5151433, 0
0.5443638, 0.199719, 0.3353373, 0
0.2816188, 0.2432736, 0.6085653, 0
0.7591487, 0.225909, 0.5219766, 0
0.8088985, 0.2588099, 0.4888971, 0
0.7583593, 0.2554548, 0.5721222, 0
0.4220688, 0.1807633, 0.5624388, 0
0.7143638, 0.252585, 0.62885, 0
0.3861777, 0.2889666, 0.3199371, 0
0.5766408, 0.2461844, 0.743214, 0
0.7206751, 0.2956781, 0.401146, 0
0.4076396, 0.1711171, 0.663084, 0
0.6132349, 0.2459372, 0.5001306, 0
0.6780506, 0.1590505, 0.2234164, 0
0.5850139, 0.2215096, 0.1797602, 0
0.3613964, 0.1936976, 0.4358472, 0
0.5009901, 0.2904606, 0.6091629, 0
0.4883221, 0.1746487, 0.6051228, 0
0.504003, 0.2392184, 0.6087862, 0
0.7336268, 0.2162653, 0.4162342, 0
0.3914737, 0.1882645, 0.4290988, 0
0.2445727, 0.2652121, 0.4757299, 0
0.3968847, 0.2317205, 0.1866596, 0
0.2836763, 0.1620924, 0.3467107, 0
0.4783637, 0.1599656, 0.4802921, 0
0.4017025, 0.1822227, 0.2455576, 0
0.2538703, 0.2508553, 0.5093736, 0
0.5301498, 0.1709459, 0.581906, 0
0.6397412, 0.2991232, 0.5380953, 0
0.5467601, 0.2474201, 0.4439291, 0
0.2309531, 0.2670622, 0.5649647, 0
0.5028471, 0.2316445, 0.6752169, 0
0.5094541, 0.1776664, 0.4919655, 0
0.2496716, 0.2101422, 0.4306303, 0
0.4112526, 0.2478678, 0.4598478, 0
0.2158235, 0.2342552, 0.4312541, 0
0.7843011, 0.2715991, 0.3192335, 0
0.2870184, 0.1603133, 0.4950826, 0
0.6872755, 0.1735702, 0.2848709, 0
0.6644731, 0.2290155, 0.4268517, 0
0.7622968, 0.1771634, 0.5478105, 0
0.8056909, 0.2035815, 0.322362, 0
0.629858, 0.1974795, 0.6219783, 0
0.625893, 0.2074398, 0.4064587, 0
0.599415, 0.2122541, 0.5780839, 0
0.7023582, 0.2583491, 0.4381236, 0
0.4146331, 0.2032992, 0.2392025, 0
0.8113223, 0.2041374, 0.439949, 0
0.4355574, 0.1959277, 0.5050299, 0
0.3299448, 0.1923412, 0.3507827, 0
0.4959017, 0.2661149, 0.632797, 0
0.2755239, 0.1581616, 0.3181449, 0
0.735377, 0.2786516, 0.4511474, 0
0.6454855, 0.1672932, 0.7004579, 0
0.2576053, 0.1718925, 0.5133395, 0
0.301872, 0.2466576, 0.5808718, 0
0.3785812, 0.1576493, 0.4370677, 0
0.5165491, 0.1629307, 0.4936388, 0
0.564966, 0.2832445, 0.5219452, 0
0.2988226, 0.2113282, 0.4575174, 0
0.6343642, 0.2913897, 0.2264191, 0
0.2602097, 0.1823115, 0.6613786, 0
0.5791125, 0.1531295, 0.7086823, 0
0.3720892, 0.215359, 0.5943094, 0
0.1803847, 0.2070077, 0.49442, 0
0.71381, 0.1867812, 0.7216089, 0
0.4845098, 0.2278094, 0.2873215, 0
0.7335669, 0.2392207, 0.3804502, 0
0.4062696, 0.2973376, 0.4340532, 0
0.4259377, 0.221664, 0.595053, 0
0.4764683, 0.234248, 0.3076395, 0
0.4235997, 0.2851798, 0.667445, 0
0.6545327, 0.2621219, 0.231618, 0
0.5432273, 0.2449201, 0.2805717, 0
0.4501024, 0.2833736, 0.2748308, 0
0.4474198, 0.1537905, 0.6447484, 0
0.4761744, 0.1815587, 0.5650581, 0
0.2243169, 0.2341725, 0.5008594, 0
0.8029063, 0.2353742, 0.4534736, 0
0.7109099, 0.1785523, 0.7108561, 0
0.3095726, 0.1826928, 0.3442471, 0
0.4996958, 0.191391, 0.1766635, 0
0.6483097, 0.2740719, 0.6286731, 0
0.5314804, 0.173711, 0.5585752, 0
0.5314416, 0.2640662, 0.5283163, 0
0.5857912, 0.2132515, 0.5280095, 0
0.4177401, 0.2683429, 0.5507839, 0
0.4136955, 0.1888294, 0.7264717, 0
0.3057976, 0.1907728, 0.3219488, 0
0.4715819, 0.2329268, 0.4182977, 0
0.7642269, 0.2740039, 0.5710592, 0
0.6763422, 0.228646, 0.6505212, 0
0.7158459, 0.1849376, 0.6502363, 0
0.4988738, 0.2970712, 0.3627018, 0
0.7770601, 0.2989187, 0.5105043, 0
0.2168804, 0.1664676, 0.4780578, 0
0.4964962, 0.2741303, 0.1831293, 0
0.2865574, 0.2381567, 0.258156, 0
0.3895766, 0.3048092, 0.6624957, 0
0.3397198, 0.2872899, 0.5179471, 0
0.496248, 0.209994, 0.4406067, 0
0.2667649, 0.2239544, 0.3836087, 0
0.3303501, 0.2862365, 0.3986333, 0
0.5491263, 0.2331436, 0.4178797, 0
0.780387, 0.2525506, 0.3036885, 0
0.6641841, 0.1832736, 0.3344022, 0
0.3217888, 0.2656367, 0.218653, 0
0.3844843, 0.1706114, 0.7212436, 0
0.6159346, 0.234159, 0.3439721, 0
0.5849587, 0.2318191, 0.624083, 0
0.4981059, 0.156961, 0.5393765, 0
0.7300292, 0.2081993, 0.5389997, 0
0.6443723, 0.2093259, 0.2444759, 0
0.6573676, 0.1613839, 0.2921283, 0
0.4460099, 0.2785385, 0.5822511, 0
0.5736608, 0.1810444, 0.3262717, 0
0.7501216, 0.1613324, 0.3958382, 0
0.4004576, 0.2263751, 0.4997638, 0
0.2442465, 0.2054159, 0.2853022, 0
0.3885133, 0.1624587, 0.3973152, 0
0.5978261, 0.1755207, 0.675811, 0
0.2241678, 0.1862333, 0.5173871, 0
0.3614326, 0.2042915, 0.260635, 0
0.3572918, 0.2377365, 0.4039518, 0
0.686931, 0.1774317, 0.2092816, 0
0.2568941, 0.1658521, 0.4378665, 0
0.4650796, 0.2191064, 0.1253, 0
0.5796549, 0.2268913, 0.4204544, 0
0.2330248, 0.1677479, 0.5044163, 0
0.3305078, 0.1595276, 0.627992, 0
0.3631457, 0.2519072, 0.3650228, 0
0.2365921, 0.1891066, 0.3015636, 0
0.4013098, 0.2059506, 0.4825257, 0
0.2698122, 0.1903204, 0.3865828, 0
0.2537571, 0.1903133, 0.6015249, 0
0.3387583, 0.2790976, 0.5693446, 0
0.252249, 0.2705429, 0.3543034, 0
0.572798, 0.2267571, 0.420118, 0
0.3415516, 0.2327812, 0.4486397, 0
0.3226101, 0.2435388, 0.341895, 0
0.7178522, 0.2577693, 0.6157897, 0
0.3491164, 0.2115847, 0.6569672, 0
0.4116595, 0.2385722, 0.253058, 0
0.5988506, 0.166915, 0.2931352, 0
0.6305853, 0.2487427, 0.5403872, 0
0.5971228, 0.2188284, 0.2724234, 0
0.67422, 0.2877723, 0.3948425, 0
0.3087019, 0.222289, 0.592189, 0
0.6941022, 0.1685183, 0.3348957, 0
0.6525156, 0.2048255, 0.2218266, 0
0.5899743, 0.1863458, 0.2359001, 0
0.4277587, 0.1820295, 0.7301132, 0
0.7005599, 0.1853387, 0.5106947, 0
0.656758, 0.2458335, 0.3429994, 0
0.4100311, 0.1628629, 0.3156433, 0
0.5364369, 0.1929961, 0.3695433, 0
0.5693418, 0.2457918, 0.7389405, 0
0.1828065, 0.1764209, 0.414138, 0
0.5967465, 0.2137815, 0.7668373, 0
0.4342856, 0.1808847, 0.3972806, 0
0.4709125, 0.2265906, 0.708272, 0
0.4187859, 0.2763023, 0.2256472, 0
0.5425052, 0.2855232, 0.2820531, 0
0.6540589, 0.1706815, 0.4207789, 0
0.6308637, 0.300855, 0.3324779, 0
0.1743137, 0.1782092, 0.459766, 0
0.7483673, 0.1857334, 0.3784645, 0
0.6613532, 0.2477077, 0.4372828, 0
0.5334235, 0.1653852, 0.4844367, 0
0.3695863, 0.1639365, 0.3524548, 0
0.6360614, 0.2387942, 0.4093668, 0
0.6177791, 0.2102198, 0.3718311, 0
0.4400017, 0.2317913, 0.6930884, 0
0.5896909, 0.2204885, 0.5762846, 0
0.5940261, 0.2281127, 0.3363383, 0
0.5725783, 0.1559783, 0.5163817, 0
0.2360537, 0.2540771, 0.5339932, 0
0.3505248, 0.215696, 0.4546681, 0
0.3624949, 0.2338996, 0.23985, 0
0.4152369, 0.1720757, 0.1698738, 0
0.393943, 0.2507596, 0.3090259, 0
0.5830616, 0.2720492, 0.1989197, 0
0.4494318, 0.2372532, 0.6453391, 0
0.4531399, 0.2579614, 0.4206249, 0
0.4491047, 0.2190322, 0.7042823, 0
0.352444, 0.2392847, 0.2379173, 0
0.2269576, 0.2758739, 0.4800069, 0
0.4348151, 0.2317676, 0.2360081, 0
0.5679659, 0.2089786, 0.6447306, 0
0.4982946, 0.2676722, 0.5326523, 0
0.4145559, 0.1608249, 0.3683254, 0
0.3404643, 0.1803233, 0.1523357, 0
0.3698587, 0.1778179, 0.4262637, 0
0.5968252, 0.1661324, 0.66225, 0
0.6129624, 0.1745043, 0.3141158, 0
0.8147328, 0.1921385, 0.4204334, 0
0.7795236, 0.1615538, 0.4978168, 0
0.2550536, 0.2130027, 0.5510235, 0
0.7539445, 0.2068349, 0.5336677, 0
0.4561376, 0.1859611, 0.509349, 0
0.4364808, 0.2800489, 0.3429041, 0
0.3501993, 0.2939906, 0.6094999, 0
0.4209096, 0.2728469, 0.197015, 0
0.4647171, 0.1764989, 0.6742054, 0
0.4828479, 0.2963589, 0.3906696, 0
0.2549118, 0.2016714, 0.5918239, 0
0.2429014, 0.1771771, 0.4473448, 0
0.3650149, 0.2893534, 0.5295287, 0
0.5256862, 0.2686296, 0.3638847, 0
0.7899312, 0.1967966, 0.3743442, 0
0.8094904, 0.2030026, 0.5252036, 0
0.4954145, 0.2167628, 0.5287446, 0
0.6924499, 0.2232273, 0.1898415, 0
0.8000874, 0.2484312, 0.5829459, 0
0.5586964, 0.2870455, 0.614962, 0
0.3210062, 0.2980775, 0.35186, 0
0.2798236, 0.2088021, 0.3108266, 0
0.2667073, 0.2437626, 0.4314439, 0
0.6085097, 0.2125443, 0.4174645, 0
0.7719619, 0.1828708, 0.6653661, 0
0.7493769, 0.2002309, 0.6182115, 0
0.5369589, 0.1570425, 0.3234475, 0
0.7904454, 0.1901307, 0.5977693, 0
0.5863355, 0.1578243, 0.2918209, 0
0.4448443, 0.2538387, 0.5991637, 0
0.3236374, 0.2983489, 0.3214498, 0
0.3538608, 0.2077615, 0.637747, 0
0.4211982, 0.2387989, 0.2991901, 0
0.4170173, 0.2238903, 0.6668144, 0
0.223379, 0.1997208, 0.2862093, 0
0.27749, 0.2962122, 0.554827, 0
0.2191536, 0.2225484, 0.44639, 0
0.433624, 0.2979971, 0.3899442, 0
0.6566826, 0.2595956, 0.2364759, 0
0.3611509, 0.2331767, 0.6848623, 0
0.4870896, 0.2008888, 0.3762763, 0
0.2485097, 0.1877289, 0.5208695, 0
0.4958108, 0.2286947, 0.4823778, 0
0.5213767, 0.2273975, 0.3935685, 0
0.4074743, 0.2108207, 0.4539008, 0
0.5237291, 0.1761036, 0.6490176, 0
0.4429173, 0.167326, 0.151186, 0
0.5476369, 0.2379834, 0.6706666, 0
0.4965973, 0.1724204, 0.1449157, 0
0.6497842, 0.1631781, 0.6323469, 0
0.3491146, 0.2485829, 0.5723628, 0
0.4935086, 0.1936755, 0.5147798, 0
0.5675923, 0.266482, 0.434889, 0
0.3352736, 0.2239653, 0.2060659, 0
0.2941284, 0.2931058, 0.4551086, 0
0.811194, 0.1992007, 0.5738907, 0
0.4688118, 0.2891506, 0.7098986, 0
0.7557562, 0.1771154, 0.5388289, 0
0.7228263, 0.1728608, 0.4917432, 0
0.6035047, 0.2377676, 0.4752171, 0
0.2570444, 0.2450059, 0.4189387, 0
0.6890596, 0.3018683, 0.2929447, 0
0.2318611, 0.2662926, 0.5351505, 0
0.215766, 0.2168195, 0.462697, 0
0.6897375, 0.2343735, 0.5125481, 0
0.4418072, 0.2079241, 0.7547033, 0
0.536319, 0.2854176, 0.2394554, 0
0.4459723, 0.2567721, 0.3017122, 0
0.572452, 0.2306548, 0.2392695, 0
0.3700026, 0.2429119, 0.5181856, 0
0.3551234, 0.249509, 0.4360402, 0
0.2830059, 0.2172785, 0.3071674, 0
0.2547185, 0.2037906, 0.6286175, 0
0.7127373, 0.2485233, 0.4781264, 0
0.7227662, 0.1974772, 0.2826318, 0
0.8133299, 0.2537978, 0.4561946, 0
0.7374541, 0.1676365, 0.3728731, 0
0.3372754, 0.2927131, 0.3320302, 0
0.5358249, 0.1934314, 0.1793587, 0
0.342114, 0.205983, 0.1791576, 0
0.5342869, 0.1906533, 0.7540622, 0
0.4733033, 0.2648947, 0.5601282, 0
0.2254677, 0.2690554, 0.3433374, 0
0.3425343, 0.1604838, 0.3486676, 0
0.5752591, 0.2955613, 0.2132671, 0
0.6538182, 0.1684862, 0.5334595, 0
0.5532065, 0.1677205, 0.5556284, 0
0.4667413, 0.2687986, 0.4217512, 0
0.3760091, 0.214517, 0.3847284, 0
0.6389735, 0.190653, 0.3950174, 0
0.274992, 0.2383359, 0.3609381, 0
0.5503965, 0.1823295, 0.7873474, 0
0.6630619, 0.286461, 0.6894007, 0
0.3811551, 0.1735297, 0.1581186, 0
0.4858113, 0.24647, 0.3082542, 0
0.5946557, 0.2698025, 0.3918949, 0
0.3957917, 0.2154886, 0.7528772, 0
0.4386985, 0.2777832, 0.5725511, 0
0.3844771, 0.2018467, 0.6924031, 0
0.4037427, 0.1725792, 0.2528783, 0
0.2908836, 0.2346905, 0.4185428, 0
0.4750126, 0.2256178, 0.4493599, 0
0.1717157, 0.172822, 0.4077544, 0
0.4318424, 0.2823796, 0.4628085, 0
0.4086358, 0.2552946, 0.7438794, 0
0.6273665, 0.2678113, 0.3791035, 0
0.6098486, 0.25868, 0.2629523, 0
0.5137749, 0.1695867, 0.5189946, 0
0.5950391, 0.1989281, 0.5124004, 0
0.4576915, 0.2940979, 0.6042955, 0
0.5030445, 0.1692377, 0.1877168, 0
0.5508485, 0.2419825, 0.7636207, 0
0.4281507, 0.2264481, 0.1386927, 0
0.6456369, 0.1596607, 0.3627709, 0
0.3697142, 0.2253196, 0.7320219, 0
0.5554867, 0.2860561, 0.251499, 0
0.3025853, 0.1804624, 0.709287, 0
0.3270059, 0.2021725, 0.5312287, 0
0.5007629, 0.2084933, 0.3989772, 0
0.6117755, 0.1747407, 0.5335513, 0
0.3474501, 0.221098, 0.3198638, 0
0.7033968, 0.213612, 0.2347201, 0
0.7299859, 0.248249, 0.4179655, 0
0.5318386, 0.2709188, 0.4365663, 0
0.44285, 0.1926512, 0.5271316, 0
0.5659386, 0.2354614, 0.3916745, 0
0.3287822, 0.172124, 0.4581896, 0
0.4086649, 0.2328761, 0.6111449, 0
0.307594, 0.2055083, 0.465149, 0
0.3372021, 0.2365834, 0.2063984, 0
0.696004, 0.2751851, 0.62205, 0
0.5900003, 0.1755779, 0.1454582, 0
0.3960688, 0.1983066, 0.6473054, 0
0.3244231, 0.1607882, 0.4082121, 0
0.4256235, 0.2583407, 0.6030001, 0
0.6311709, 0.2535691, 0.3674052, 0
0.2871146, 0.2566103, 0.3508385, 0
0.2921432, 0.2385445, 0.2754203, 0
0.5843303, 0.1703006, 0.5630684, 0
0.3214889, 0.1642842, 0.385039, 0
0.343149, 0.2439025, 0.3331188, 0
0.4717694, 0.2388532, 0.4840635, 0
0.6321649, 0.2097717, 0.5832754, 0
0.7598048, 0.199791, 0.6475582, 0
0.3513293, 0.1720943, 0.5781625, 0
0.5498613, 0.2941714, 0.5505684, 0
0.6357231, 0.2629912, 0.6325065, 0
0.5931868, 0.2045853, 0.3384237, 0
0.4306488, 0.1713599, 0.6683109, 0
0.3116399, 0.2001731, 0.6985579, 0
0.5154737, 0.2180708, 0.4302458, 0
0.6273178, 0.2726474, 0.2764968, 0
0.2466037, 0.2730227, 0.5121124, 0
0.5102521, 0.2694219, 0.5567842, 0
0.5680643, 0.2596062, 0.5992908, 0
0.3122793, 0.1977167, 0.3734544, 0
0.2895802, 0.275261, 0.5184277, 0
0.3397339, 0.2259406, 0.2465323, 0
0.3500454, 0.1828278, 0.4583362, 0
0.5330269, 0.2549259, 0.4154558, 0
0.7230662, 0.2538873, 0.3095844, 0
0.7747468, 0.1981627, 0.6457816, 0
0.3395014, 0.2049551, 0.7268638, 0
0.5544474, 0.1608549, 0.4507651, 0
0.2570533, 0.2911395, 0.3639508, 0
0.4143514, 0.294911, 0.6656123, 0
0.6233969, 0.1847996, 0.456065, 0
0.2725046, 0.2296744, 0.2361412, 0
0.6020882, 0.2287458, 0.4697503, 0
0.2219514, 0.1966648, 0.4237349, 0
0.6151756, 0.2450823, 0.3317884, 0
0.491252, 0.2722257, 0.6500685, 0
0.3517915, 0.1611629, 0.6808954, 0
0.5601628, 0.2944555, 0.4308537, 0
0.3926846, 0.2119581, 0.6956799, 0
0.5572699, 0.2468185, 0.7627355, 0
0.3263331, 0.2335821, 0.4023053, 0
0.7746761, 0.2967207, 0.4214788, 0
0.6433766, 0.2480836, 0.1704039, 0
0.442681, 0.2329866, 0.2338431, 0
0.3153335, 0.2414932, 0.608475, 0
0.6318772, 0.2466456, 0.5243362, 0
0.7243817, 0.2273128, 0.3279568, 0
0.2965763, 0.2191911, 0.394051, 0
0.727844, 0.2833412, 0.3396397, 0
0.7435323, 0.2404034, 0.4655863, 0
0.3926161, 0.1794692, 0.504151, 0
0.3279546, 0.1643649, 0.4822454, 0
0.7928419, 0.2087197, 0.456476, 0
0.3729867, 0.2420437, 0.2362018, 0
0.3993582, 0.2407077, 0.2402071, 0
0.5473481, 0.2880729, 0.4635502, 0
0.3602567, 0.1861512, 0.2485515, 0
0.6727623, 0.250236, 0.5665513, 0
0.4823522, 0.2639557, 0.1472229, 0
0.720542, 0.2954308, 0.3824438, 0
0.3170532, 0.2274083, 0.4689448, 0
0.5244315, 0.2682318, 0.3281152, 0
0.375313, 0.2784592, 0.6323349, 0
0.4845175, 0.1898955, 0.3139204, 0
0.3964341, 0.1688917, 0.5091746, 0
0.2945994, 0.2442766, 0.2794451, 0
0.4662073, 0.21123, 0.4158498, 0
0.5360066, 0.173253, 0.7045999, 0
0.4830537, 0.2614001, 0.7032434, 0
0.4958783, 0.2299341, 0.5201362, 0
0.7022687, 0.2641946, 0.5014559, 0
0.3496949, 0.2162987, 0.7074538, 0
0.754253, 0.2916471, 0.3817611, 0
0.2684114, 0.2357635, 0.6675471, 0
0.3689576, 0.1883541, 0.1558828, 0
0.4319664, 0.3013688, 0.2826796, 0
0.5170579, 0.189531, 0.6142848, 0
0.5593648, 0.2275547, 0.3455699, 0
0.3905165, 0.2807953, 0.3775713, 0
0.5832937, 0.1772929, 0.2855657, 0
0.7477135, 0.1792094, 0.360929, 0
0.2930919, 0.2865303, 0.3052525, 0
0.5580584, 0.2003329, 0.2507091, 0
0.2619303, 0.2535447, 0.3061464, 0
0.4430873, 0.2217448, 0.7247499, 0
0.5334589, 0.2260074, 0.5924757, 0
0.7806029, 0.2695068, 0.5997888, 0
0.7425243, 0.1998453, 0.6351851, 0
0.72515, 0.209182, 0.2446298, 0
0.3652793, 0.2021693, 0.699464, 0
0.4601464, 0.3014423, 0.4830512, 0
0.6578686, 0.2584742, 0.493307, 0
0.4511545, 0.1656857, 0.1437551, 0
0.3291115, 0.2872182, 0.5863822, 0
0.7523523, 0.2515289, 0.3516154, 0
0.4717294, 0.179655, 0.6888386, 0
0.7874054, 0.2735481, 0.361035, 0
0.3473134, 0.2959623, 0.3506872, 0
0.6092441, 0.2178659, 0.5039633, 0
0.6742109, 0.3110199, 0.5683762, 0
0.6137999, 0.1936544, 0.4143006, 0
0.7646755, 0.169945, 0.4178901, 0
0.5038606, 0.2901001, 0.5125511, 0
0.4950646, 0.2304365, 0.3942119, 0
0.3720977, 0.281787, 0.4261334, 0
0.5597449, 0.2541893, 0.6153803, 0
0.2791362, 0.1583845, 0.675223, 0
0.7774718, 0.2370588, 0.5154549, 0
0.5912427, 0.2806756, 0.6127343, 0
0.5824764, 0.2598603, 0.2890612, 0
0.7212259, 0.2706851, 0.5101399, 0
0.5977835, 0.1592113, 0.7090529, 0
0.1904037, 0.1671568, 0.5351645, 0
0.6274173, 0.2876262, 0.3304214, 0
0.3777271, 0.2307747, 0.388486, 0
0.8359177, 0.1808444, 0.3988694, 0
0.6560382, 0.284766, 0.2119094, 0
0.221423, 0.276715, 0.487059, 0
0.600252, 0.2803603, 0.312294, 0
0.1980218, 0.1951343, 0.5445071, 0
0.3011484, 0.301535, 0.3567551, 0
0.3953185, 0.297445, 0.538069, 0
0.5705464, 0.2116451, 0.2417527, 0
0.7355133, 0.1867269, 0.2468094, 0
0.7285741, 0.2066304, 0.4605639, 0
0.5303583, 0.24746, 0.5569603, 0
0.6773671, 0.2155217, 0.4289771, 0
0.747413, 0.2036484, 0.6614372, 0
0.4065145, 0.2473586, 0.2531129, 0
0.6055787, 0.1947947, 0.6567112, 0
0.5550875, 0.2755065, 0.1935533, 0
0.3376207, 0.245923, 0.4018103, 0
0.4304762, 0.1919715, 0.3636298, 0
0.4392112, 0.2252065, 0.49287, 0
0.6497386, 0.2436702, 0.5189344, 0
0.2928633, 0.1686991, 0.7033494, 0
0.6450608, 0.2929213, 0.4216699, 0
0.3654897, 0.2928661, 0.6004772, 0
0.6745991, 0.2235313, 0.6397981, 0
0.6037852, 0.3011018, 0.5448321, 0
0.4040997, 0.2074789, 0.5976909, 0
0.5799334, 0.2022932, 0.6843104, 0
0.4172285, 0.1669629, 0.3086888, 0
0.4389088, 0.1951119, 0.5943602, 0
0.5953403, 0.2171603, 0.2339384, 0
0.5180843, 0.2582053, 0.5293049, 0
0.4754621, 0.2257861, 0.3713468, 0
0.6717086, 0.231483, 0.3978505, 0
0.5910633, 0.2122406, 0.3081081, 0
0.3920233, 0.2473917, 0.5501211, 0
0.7506154, 0.228754, 0.6755909, 0
0.3657803, 0.1800992, 0.7429963, 0
0.6406514, 0.2216878, 0.2174688, 0
0.7303042, 0.1957471, 0.5330195, 0
0.3889789, 0.170775, 0.4279046, 0
0.731662, 0.2526746, 0.2705396, 0
0.6856648, 0.2272453, 0.6929067, 0
0.6289003, 0.2449652, 0.1640498, 0
0.2182559, 0.2620251, 0.5561754, 0
0.3750416, 0.1562159, 0.6969057, 0
0.5828647, 0.2629687, 0.6073429, 0
0.2648095, 0.1656786, 0.5765978, 0
0.6387157, 0.2518776, 0.4784854, 0
0.6265919, 0.1667405, 0.5436158, 0
0.547895, 0.3121121, 0.6399908, 0
0.2575384, 0.1652574, 0.6528512, 0
0.2280344, 0.2143999, 0.3512276, 0
0.6390045, 0.2752254, 0.3480157, 0
0.7156678, 0.2340553, 0.4180377, 0
0.5866305, 0.2156017, 0.5650684, 0
0.790298, 0.2783217, 0.5234966, 0
0.5648766, 0.2403215, 0.7376695, 0
0.6021575, 0.1603466, 0.629904, 0
0.4707729, 0.1940952, 0.2231244, 0
0.3552244, 0.217605, 0.1683147, 0
0.5779027, 0.226173, 0.1628572, 0
0.2935091, 0.2011277, 0.5055245, 0
0.5219979, 0.2625569, 0.6653791, 0
0.3537364, 0.2750698, 0.3390962, 0
0.5732268, 0.1791715, 0.6622841, 0
0.2928626, 0.2394584, 0.5853825, 0
0.3517321, 0.2382288, 0.4903679, 0
0.4913361, 0.2507389, 0.2428016, 0
0.4309739, 0.2523779, 0.4922483, 0
0.6448491, 0.1584729, 0.2781296, 0
0.2530564, 0.2046925, 0.4298204, 0
0.5211656, 0.2577788, 0.3924824, 0
0.4113283, 0.2031796, 0.266519, 0
0.6285226, 0.2352238, 0.3096037, 0
0.5815806, 0.1643331, 0.5227274, 0
0.6292596, 0.2710622, 0.4407894, 0
0.4323179, 0.2325781, 0.4535962, 0
0.7042567, 0.2725828, 0.6241825, 0
0.7424101, 0.2980962, 0.5687188, 0
0.315824, 0.2222181, 0.2857218, 0
0.7316214, 0.1681903, 0.4498377, 0
0.545839, 0.2942201, 0.3721747, 0
0.2280342, 0.2420752, 0.5634215, 0
0.4378591, 0.2127803, 0.7015053, 0
0.3359446, 0.2114066, 0.5447603, 0
0.6616936, 0.1760158, 0.5863916, 0
0.6788713, 0.1738048, 0.2938547, 0
0.2807112, 0.1751378, 0.3158558, 0
0.3336119, 0.2213447, 0.5995022, 0
0.2822492, 0.2476223, 0.335922, 0
0.3562544, 0.2026376, 0.3742523, 0
0.3879186, 0.1717377, 0.1580934, 0
0.5949777, 0.2761377, 0.6616486, 0
0.2996599, 0.2451705, 0.5806294, 0
0.2690941, 0.2139919, 0.6393803, 0
0.5410997, 0.2101647, 0.2168731, 0
0.3225047, 0.2269481, 0.3182693, 0
0.4625477, 0.2645824, 0.4509919, 0
0.2896805, 0.2160573, 0.5172964, 0
0.4829203, 0.2288369, 0.450955, 0
0.3014188, 0.2283699, 0.4947179, 0
0.4405527, 0.1883293, 0.6801329, 0
0.4300322, 0.2820858, 0.5247648, 0
0.3221542, 0.2597774, 0.5687799, 0
0.483086, 0.1786543, 0.4529134, 0
0.6381481, 0.1645737, 0.1633998, 0
0.2919623, 0.2025613, 0.5093825, 0
0.5435654, 0.2046441, 0.2257279, 0
0.2885827, 0.1748551, 0.6636173, 0
0.5509537, 0.2354912, 0.5718635, 0
0.3900546, 0.250499, 0.7233397, 0
0.7274376, 0.244343, 0.4980924, 0
0.3567065, 0.1680996, 0.520486, 0
0.4831956, 0.1910448, 0.698257, 0
0.7633301, 0.1883436, 0.6551204, 0
0.6576544, 0.2669319, 0.5001942, 0
0.3714877, 0.2406119, 0.4457986, 0
0.5825755, 0.2588448, 0.4501808, 0
0.6179425, 0.2109197, 0.3393447, 0
0.5736307, 0.2567136, 0.7569007, 0
0.5515844, 0.3026068, 0.3958283, 0
0.5512596, 0.2281748, 0.1342903, 0
0.7823156, 0.276987, 0.5175456, 0
0.2599002, 0.2840885, 0.4682024, 0
0.7129241, 0.2153309, 0.3606164, 0
0.411012, 0.2002791, 0.1814318, 0
0.4266658, 0.1807785, 0.747574, 0
0.7426749, 0.1711831, 0.5882124, 0
0.4736725, 0.2259028, 0.2229864, 0
0.2213574, 0.2131161, 0.4700931, 0
0.306674, 0.2651824, 0.4597054, 0
0.3140457, 0.1937296, 0.4467734, 0
0.5677406, 0.1648556, 0.1202112, 0
0.640319, 0.1946314, 0.5947031, 0
0.5753956, 0.2021966, 0.1717193, 0
0.4288114, 0.1777079, 0.3922061, 0
0.4822626, 0.1730366, 0.4250253, 0
0.3904504, 0.2479645, 0.2097755, 0
0.4584836, 0.2473901, 0.3308389, 0
0.3677616, 0.1959232, 0.5610293, 0
0.5532265, 0.2406996, 0.2953154, 0
0.6962644, 0.1900747, 0.5234529, 0
0.7142168, 0.2171658, 0.2563162, 0
0.3803287, 0.2395328, 0.5903703, 0
0.7220172, 0.2007407, 0.5298879, 0
0.6595884, 0.1988141, 0.3478926, 0
0.6413605, 0.1694627, 0.4697896, 0
0.3462417, 0.2387441, 0.3735006, 0
0.38368, 0.3005131, 0.4058965, 0
0.5954404, 0.2297208, 0.6799577, 0
0.262056, 0.1817013, 0.5690449, 0
0.3262431, 0.2010715, 0.6212934, 0
0.5149684, 0.2207401, 0.5292385, 0
0.4896206, 0.1687316, 0.2973895, 0
0.5068104, 0.232664, 0.4158724, 0
0.590418, 0.2893263, 0.6330462, 0
0.4204983, 0.2695314, 0.3857389, 0
0.7658789, 0.2971004, 0.5120354, 0
0.3504301, 0.24827, 0.638312, 0
0.3556364, 0.1627347, 0.3394119, 0
0.4095955, 0.155644, 0.4833561, 0
0.7457883, 0.1822125, 0.5909944, 0
0.8119216, 0.2292219, 0.4002343, 0
0.2118347, 0.1667991, 0.4654943, 0
0.3311823, 0.2830811, 0.2542115, 0
0.2229685, 0.1697313, 0.450205, 0
0.4866248, 0.172509, 0.6711109, 0
0.3593391, 0.270874, 0.2115969, 0
0.4695255, 0.207653, 0.2581621, 0
0.6952708, 0.2269322, 0.6484684, 0
0.7504053, 0.2838694, 0.4944668, 0
0.2540322, 0.2660329, 0.3941294, 0
0.4752293, 0.2847572, 0.7246801, 0
0.3572416, 0.1703062, 0.4477565, 0
0.3388726, 0.2573982, 0.5166486, 0
0.6056794, 0.2263553, 0.4516655, 0
0.5578676, 0.2158959, 0.7542766, 0
0.3951775, 0.1833641, 0.5545728, 0
0.7078102, 0.1981471, 0.6329822, 0
0.7417044, 0.2258143, 0.5183241, 0
0.3109579, 0.1989779, 0.6263789, 0
0.3535914, 0.1658259, 0.6563687, 0
0.7702616, 0.2425706, 0.2711577, 0
0.5372821, 0.1524264, 0.513152, 0
0.5766901, 0.1710716, 0.6852462, 0
0.7707874, 0.2643269, 0.5805644, 0
0.5420672, 0.1679668, 0.6417913, 0
0.6578336, 0.2540274, 0.3868623, 0
0.7272433, 0.2434677, 0.5705762, 0
0.5919556, 0.2384859, 0.5184383, 0
0.6560498, 0.2391905, 0.5695701, 0
0.6064889, 0.2017362, 0.3980233, 0
0.7149221, 0.2269486, 0.4081048, 0
0.3303744, 0.2019473, 0.6904548, 0
0.3612385, 0.2886759, 0.4973776, 0
0.5547031, 0.30909, 0.6039464, 0
0.4457825, 0.198216, 0.6130797, 0
0.4171403, 0.2349343, 0.7486612, 0
0.6458425, 0.2248513, 0.6559412, 0
0.490371, 0.2072277, 0.1434162, 0
0.5822813, 0.1697663, 0.2525646, 0
0.3757969, 0.2460753, 0.3682669, 0
0.3871799, 0.1582351, 0.34262, 0
0.3201801, 0.2551414, 0.4269212, 0
0.6455894, 0.1766426, 0.4691584, 0
0.448337, 0.1971107, 0.7379285, 0
0.6325634, 0.1597211, 0.3242708, 0
0.7627259, 0.292573, 0.399821, 0
0.5167552, 0.164453, 0.7640112, 0
0.3294056, 0.1851306, 0.4075729, 0
0.3275409, 0.1853402, 0.5890207, 0
0.3138259, 0.2440278, 0.5147187, 0
0.4562903, 0.1840537, 0.2167242, 0
0.7383085, 0.2061117, 0.2203745, 0
0.3876434, 0.1947257, 0.7555712, 0
0.679478, 0.2635042, 0.4180889, 0
0.4675207, 0.185147, 0.7036128, 0
0.4945509, 0.2755259, 0.2290857, 0
0.287198, 0.170593, 0.3022494, 0
0.3798401, 0.2617053, 0.4040037, 0
0.3146885, 0.2589156, 0.2484518, 0
0.3755018, 0.2051356, 0.4376419, 0
0.4117003, 0.1835568, 0.4007587, 0
0.7275894, 0.3081445, 0.3947428, 0
0.359863, 0.2846065, 0.6573138, 0
0.3922893, 0.2399152, 0.2226191, 0
0.7908447, 0.1878006, 0.5417122, 0
0.5605842, 0.2969154, 0.6064134, 0
0.3832554, 0.2792414, 0.5770857, 0
0.6861503, 0.1908001, 0.5359437, 0
0.7901101, 0.2141918, 0.4991078, 0
0.5867493, 0.1974193, 0.5804005, 0
0.4329464, 0.1591609, 0.7825519, 0
0.3670948, 0.1837409, 0.7261598, 0
0.6116327, 0.200554, 0.4733959, 0
0.3188543, 0.1840082, 0.5192958, 0
0.5024032, 0.162222, 0.2131594, 0
0.5748044, 0.287277, 0.6552947, 0
0.7138303, 0.2188726, 0.3003094, 0
0.622301, 0.2984239, 0.2895389, 0
0.7217471, 0.2182476, 0.4135619, 0
0.3237781, 0.2518178, 0.7113662, 0
0.5330832, 0.1578636, 0.4744937, 0
0.5745552, 0.2791312, 0.7239884, 0
0.6804681, 0.278741, 0.5404139, 0
0.4438555, 0.2201548, 0.6672915, 0
0.7079118, 0.2177754, 0.6504262, 0
0.6392303, 0.1945383, 0.1558297, 0
0.4492868, 0.2780826, 0.677305, 0
0.5758561, 0.1731129, 0.6320676, 0
0.4434189, 0.3021395, 0.3543566, 0
0.5984134, 0.2914664, 0.4987576, 0
0.3638266, 0.2554265, 0.4701819, 0
0.291413, 0.2041884, 0.4297384, 0
0.4440317, 0.2932689, 0.2923045, 0
0.5336393, 0.2542252, 0.7479856, 0
0.3521528, 0.1596824, 0.1712894, 0
0.2246912, 0.2735701, 0.3920868, 0
0.5507267, 0.1590624, 0.5240455, 0
0.6917615, 0.155134, 0.4234423, 0
0.6693665, 0.1863186, 0.4313747, 0
0.2930654, 0.2200864, 0.3166665, 0
0.4256303, 0.1566891, 0.7347135, 0
0.5023297, 0.1852011, 0.7969785, 0
0.568999, 0.2676939, 0.2563605, 0
0.275635, 0.1455886, 0.5703098, 0
0.8221595, 0.1682931, 0.5105751, 0
0.5444593, 0.1852968, 0.1789931, 0
0.6727614, 0.2992399, 0.3940057, 0
0.3904586, 0.2637645, 0.247994, 0
0.4804834, 0.1884795, 0.3008819, 0
0.7343991, 0.2834752, 0.3502947, 0
0.5097559, 0.174456, 0.1013232, 0
0.4167368, 0.1715877, 0.1935546, 0
0.6673563, 0.1851916, 0.4143436, 0
0.50218, 0.2206079, 0.2029067, 0
0.5071993, 0.1657301, 0.1559593, 0
0.5203122, 0.2302276, 0.3793565, 0
0.4016997, 0.2744496, 0.4737, 0
0.5071728, 0.2876972, 0.1830943, 0
0.7975225, 0.2260579, 0.3969382, 0
0.4132201, 0.160939, 0.7559709, 0
0.3452682, 0.294354, 0.2546915, 0
0.4906653, 0.2521448, 0.1767436, 0
0.434115, 0.206242, 0.6852087, 0
0.6530153, 0.2135177, 0.5916947, 0
0.572418, 0.1974573, 0.6036484, 0
0.5659351, 0.2610654, 0.3051566, 0
0.5004489, 0.1727081, 0.4812413, 0
0.430086, 0.2679551, 0.1860657, 0
0.7875549, 0.2684926, 0.3984503, 0
0.2200709, 0.2519827, 0.3322316, 0
0.6300564, 0.2249857, 0.5172797, 0
0.5269217, 0.2755011, 0.7210146, 0
0.7375793, 0.2047099, 0.3520726, 0
0.3500145, 0.2521903, 0.4080227, 0
0.3956481, 0.2811034, 0.2947528, 0
0.600107, 0.1581764, 0.5617326, 0
0.561606, 0.2969852, 0.6305818, 0
0.5798452, 0.1725094, 0.4900415, 0
0.433349, 0.1820411, 0.68919, 0
0.2739528, 0.1796129, 0.2683887, 0
0.58088, 0.240415, 0.2253489, 0
0.5787997, 0.1998382, 0.466755, 0
0.3740617, 0.1728146, 0.2207718, 0
0.2983507, 0.2200273, 0.3570451, 0
0.5598318, 0.2765114, 0.64274, 0
0.7427815, 0.1648443, 0.3444687, 0
0.8039168, 0.1704773, 0.5739963, 0
0.6795231, 0.3061471, 0.3796723, 0
0.2103856, 0.230444, 0.5204242, 0
0.6934489, 0.2663651, 0.6137933, 0
0.4428928, 0.2663308, 0.6185008, 0
0.5879454, 0.1759958, 0.6648204, 0
0.5702442, 0.2392566, 0.2799199, 0
0.807646, 0.2089844, 0.4005902, 0
0.2786458, 0.2577519, 0.3305348, 0
0.5451993, 0.1599696, 0.3857436, 0
0.4569836, 0.2214936, 0.5262918, 0
0.5524327, 0.2717492, 0.6634672, 0
0.4858425, 0.1593633, 0.1482756, 0
0.5899367, 0.2867361, 0.5644131, 0
0.6641319, 0.2908234, 0.4290289, 0
0.6083488, 0.2329447, 0.4210678, 0
0.7118722, 0.1804528, 0.3061065, 0
0.5441161, 0.1887439, 0.5228909, 0
0.357116, 0.1852297, 0.1603198, 0
0.5563471, 0.3045405, 0.6726854, 0
0.4441251, 0.1898942, 0.1437569, 0
0.3268131, 0.2309265, 0.2287632, 0
0.2757483, 0.2006081, 0.5138183, 0
0.6401021, 0.1849487, 0.464583, 0
0.4520477, 0.2528653, 0.3584805, 0
0.5788984, 0.1618183, 0.4867474, 0
0.6480218, 0.3051479, 0.3255985, 0
0.3436217, 0.1661216, 0.5420877, 0
0.6959709, 0.2453329, 0.3621569, 0
0.6215345, 0.2212753, 0.6255669, 0
0.318569, 0.244639, 0.2367393, 0
0.2346642, 0.2232665, 0.5320497, 0
0.6905856, 0.1971495, 0.574207, 0
0.2761668, 0.1656996, 0.536498, 0
0.7513856, 0.2179059, 0.659704, 0
0.6605914, 0.2680618, 0.5284554, 0
0.2500834, 0.1651989, 0.5916926, 0
0.4876747, 0.2752926, 0.7268447, 0
0.7169226, 0.2019649, 0.4859909, 0
0.451307, 0.1578154, 0.5565628, 0
0.470463, 0.2971264, 0.5010498, 0
0.4363279, 0.2192807, 0.6160364, 0
0.4579483, 0.2966893, 0.7270452, 0
0.5191278, 0.2589635, 0.2960991, 0
0.7121204, 0.1646326, 0.5492527, 0
0.623148, 0.1950899, 0.2970878, 0
0.4598804, 0.2162604, 0.5983497, 0
0.5435591, 0.1934847, 0.6817199, 0
0.3457379, 0.285282, 0.6735486, 0
0.5470286, 0.2435701, 0.6302616, 0
0.6221441, 0.1904337, 0.6635009, 0
0.5056751, 0.2113329, 0.2383298, 0
0.5332319, 0.2232059, 0.4718971, 0
0.3247609, 0.2429635, 0.5319967, 0
0.6988891, 0.2298814, 0.544073, 0
0.5155163, 0.2897552, 0.3764871, 0
0.543373, 0.2708161, 0.6211236, 0
0.2799674, 0.2168081, 0.6011313, 0
0.4838147, 0.2356326, 0.4150661, 0
0.8185743, 0.2064346, 0.4725445, 0
0.4189484, 0.1703817, 0.5822935, 0
0.670516, 0.2086059, 0.4211135, 0
0.2245027, 0.208619, 0.423842, 0
0.7440521, 0.2499105, 0.4178212, 0
0.2913125, 0.2149966, 0.3306254, 0
0.694869, 0.2403541, 0.3044983, 0
0.7765018, 0.223484, 0.5572864, 0
0.2570739, 0.1924963, 0.3512114, 0
0.3597549, 0.1749358, 0.3474651, 0
0.402791, 0.2789272, 0.5853544, 0
0.244709, 0.2399146, 0.4544159, 0
0.429326, 0.219244, 0.2112646, 0
0.6944191, 0.2654653, 0.5010663, 0
0.52722, 0.2583324, 0.5262417, 0
0.2565361, 0.2782781, 0.3402276, 0
0.2509569, 0.2300286, 0.5409656, 0
0.7912632, 0.2358384, 0.3543272, 0
0.3299651, 0.1756063, 0.66131, 0
0.7492858, 0.1704601, 0.6258808, 0
0.7006457, 0.240506, 0.6260946, 0
0.3704954, 0.1973805, 0.3981736, 0
0.5917912, 0.1776597, 0.2490222, 0
0.5352244, 0.2896874, 0.4416985, 0
0.4082916, 0.1730991, 0.6293775, 0
0.5939124, 0.2898709, 0.2372714, 0
0.3712244, 0.2465359, 0.3546917, 0
0.4600196, 0.190755, 0.2772821, 0
0.4363972, 0.2381694, 0.3648438, 0
0.412753, 0.1626185, 0.7679204, 0
0.7473425, 0.2471069, 0.6593682, 0
0.5378031, 0.2428949, 0.4400551, 0
0.4907504, 0.1684607, 0.2414832, 0
0.2484095, 0.2871405, 0.5130025, 0
0.3550206, 0.210656, 0.5472819, 0
0.717265, 0.2439342, 0.4987069, 0
0.5961538, 0.260137, 0.5515248, 0
0.5869891, 0.1894789, 0.523596, 0
0.649135, 0.2542593, 0.2252334, 0
0.5471948, 0.2145926, 0.1864553, 0
0.7229185, 0.2098137, 0.3156028, 0
0.6507959, 0.2360629, 0.2518822, 0
0.6620943, 0.2824951, 0.5533401, 0
0.7517475, 0.3060927, 0.5117427, 0
0.4449863, 0.164354, 0.7040402, 0
0.4233473, 0.1614531, 0.3539543, 0
0.6884891, 0.2200872, 0.2055525, 0
0.8136763, 0.2151543, 0.384761, 0
0.6912416, 0.1580244, 0.257864, 0
0.7157781, 0.2199639, 0.4524488, 0
0.3624766, 0.2825559, 0.2622788, 0
0.3336942, 0.2010722, 0.19631, 0
0.765084, 0.2880519, 0.5870497, 0
0.4485196, 0.2195421, 0.4300264, 0
0.5194346, 0.2696201, 0.1943157, 0
0.3990195, 0.2086208, 0.5813341, 0
0.3733087, 0.2126704, 0.435391, 0
0.4203327, 0.2362097, 0.139117, 0
0.5531194, 0.2780931, 0.4404054, 0
0.6028168, 0.2187394, 0.6505715, 0
0.7856209, 0.1798936, 0.6467146, 0
0.1840001, 0.1988777, 0.4077154, 0
0.8131415, 0.1826529, 0.4801653, 0
0.5821568, 0.2556314, 0.4355285, 0
0.2789115, 0.2317657, 0.4003207, 0
0.7450241, 0.2016145, 0.3810527, 0
0.5434684, 0.1885501, 0.4034567, 0
0.566865, 0.297949, 0.683314, 0
0.761458, 0.3044736, 0.3943223, 0
0.3058494, 0.2020982, 0.6434866, 0
0.6433043, 0.2771376, 0.6862326, 0
0.4599147, 0.2945609, 0.5707262, 0
0.6909342, 0.2906205, 0.5803862, 0
0.6789043, 0.1888081, 0.5997012, 0
0.5414311, 0.1804443, 0.5332072, 0
0.6593155, 0.1879326, 0.6816813, 0
0.3733587, 0.1977621, 0.6926718, 0
0.5664475, 0.224484, 0.2163968, 0
0.6758722, 0.2440754, 0.2375486, 0
0.4706739, 0.2172423, 0.1481464, 0
0.5934572, 0.1770184, 0.4382463, 0
0.5046882, 0.2754026, 0.6891806, 0
0.7739277, 0.2308482, 0.5699704, 0
0.4145482, 0.1709575, 0.6882939, 0
0.3088658, 0.1786432, 0.4187816, 0
0.29294, 0.2420564, 0.6677231, 0
0.791626, 0.1951903, 0.2358095, 0
0.3069506, 0.2438479, 0.2611086, 0
0.7926593, 0.2256302, 0.4222764, 0
0.5981777, 0.2747341, 0.2929452, 0
0.7568989, 0.2974853, 0.5306547, 0
0.7070007, 0.1723603, 0.3283032, 0
0.2949913, 0.1917446, 0.3515209, 0
0.3184116, 0.251637, 0.3322495, 0
0.654308, 0.2998816, 0.6622616, 0
0.6040393, 0.1931164, 0.2630061, 0
0.6409039, 0.1672119, 0.3633356, 0
0.8067195, 0.2627925, 0.4903801, 0
0.6587998, 0.1618577, 0.6611638, 0
0.4006579, 0.2891239, 0.2728624, 0
0.8061463, 0.1721793, 0.33739, 0
0.7285382, 0.3009464, 0.5009789, 0
0.5759407, 0.1982834, 0.3677337, 0
0.1945716, 0.2126931, 0.4758666, 0
0.3483525, 0.1744215, 0.2347372, 0
0.5245457, 0.2843055, 0.5719305, 0
0.3775078, 0.1837424, 0.6109707, 0
0.2799695, 0.2763318, 0.5004056, 0
0.4475024, 0.2818403, 0.5036572, 0
0.7452187, 0.2501419, 0.6104149, 0
0.5450779, 0.1643297, 0.6014931, 0
0.2703559, 0.2397194, 0.5706785, 0
0.4655177, 0.1594005, 0.4804319, 0
0.5606769, 0.2297471, 0.3358687, 0
0.5976477, 0.2727437, 0.3000501, 0
0.4837173, 0.1843176, 0.4928263, 0
0.5547763, 0.1919601, 0.3642833, 0
0.3008977, 0.2468861, 0.4356441, 0
0.5813421, 0.2947511, 0.7088714, 0
0.433131, 0.2555611, 0.7417381, 0
0.5410913, 0.2481863, 0.1920347, 0
0.3940033, 0.2805439, 0.316554, 0
0.412377, 0.2139956, 0.756585, 0
0.6911255, 0.2510324, 0.6691709, 0
0.4850456, 0.2823035, 0.484674, 0
0.4087723, 0.1578563, 0.6273049, 0
0.7281417, 0.2982295, 0.3969944, 0
0.5530555, 0.1917918, 0.627131, 0
0.4220533, 0.2599553, 0.2971047, 0
0.7530301, 0.2783294, 0.5933791, 0
0.468046, 0.1954318, 0.6659663, 0
0.2465405, 0.2359052, 0.4784276, 0
0.2364298, 0.199553, 0.3431616, 0
0.5951901, 0.1813308, 0.2729988, 0
0.2700066, 0.2183874, 0.3396518, 0
0.4333161, 0.1885839, 0.1297399, 0
0.6692179, 0.241614, 0.3706996, 0
0.2467178, 0.2765856, 0.5982349, 0
0.6873773, 0.2048813, 0.7300671, 0
0.4335105, 0.2860976, 0.3329816, 0
0.4979943, 0.2195066, 0.2864783, 0
0.7984616, 0.2076467, 0.4513411, 0
0.6633272, 0.1883777, 0.2013458, 0
0.4769745, 0.1814256, 0.2720264, 0
0.7150283, 0.2709806, 0.3104802, 0
0.305078, 0.2871788, 0.3325166, 0
0.6996044, 0.2555984, 0.278825, 0
0.5089727, 0.2522907, 0.4674154, 0
0.3276272, 0.2247379, 0.2829337, 0
0.3122962, 0.2505096, 0.6727617, 0
0.2663798, 0.2975733, 0.4912262, 0
0.7896864, 0.2729009, 0.3466708, 0
0.2627636, 0.2188192, 0.2803708, 0
0.5265188, 0.1945845, 0.1247951, 0
0.6832195, 0.2414015, 0.2010526, 0
0.4927403, 0.1755535, 0.191941, 0
0.5102339, 0.2191477, 0.6753021, 0
0.5823957, 0.2033591, 0.4395466, 0
0.5733147, 0.2959977, 0.4957081, 0
0.6285281, 0.2270665, 0.6949321, 0
0.3803673, 0.1830012, 0.2298356, 0
0.7695485, 0.2861011, 0.5493183, 0
0.6835308, 0.2730682, 0.3435828, 0
0.3035834, 0.1982407, 0.4974282, 0
0.5438289, 0.1757, 0.7863846, 0
0.7589704, 0.2294771, 0.4225483, 0
0.2125893, 0.237377, 0.4858777, 0
0.740704, 0.3023489, 0.458616, 0
0.4230185, 0.2703399, 0.5521482, 0
0.6762862, 0.1579314, 0.5623271, 0
0.6839846, 0.2956733, 0.5558496, 0
0.2148838, 0.2292579, 0.5611405, 0
0.7383562, 0.2478521, 0.2540472, 0
0.7894794, 0.2491089, 0.3668057, 0
0.4441818, 0.2772675, 0.3176004, 0
0.3889676, 0.1786254, 0.2111636, 0
0.6701657, 0.1989996, 0.230037, 0
0.7306225, 0.2338349, 0.4753374, 0
0.2480528, 0.2315329, 0.6308094, 0
0.4979891, 0.1967328, 0.1885441, 0
0.7119715, 0.2774548, 0.4613316, 0
0.263931, 0.1960116, 0.5992259, 0
0.2862808, 0.2471058, 0.5763267, 0
0.406069, 0.1578664, 0.4358764, 0
0.696095, 0.2458686, 0.5887375, 0
0.5941008, 0.261531, 0.5754033, 0
0.2655386, 0.2046532, 0.2972085, 0
0.5992406, 0.2695604, 0.5949628, 0
0.5165507, 0.2234923, 0.6635589, 0
0.4702925, 0.2537693, 0.2608676, 0
0.5176457, 0.1987907, 0.1824972, 0
0.6460323, 0.2337997, 0.7153872, 0
0.3069344, 0.2288569, 0.4164812, 0
0.5299503, 0.2059817, 0.7515155, 0
0.7181934, 0.2826124, 0.6423074, 0
0.3444015, 0.2496518, 0.3996892, 0
0.6137138, 0.1652176, 0.1663149, 0
0.2995853, 0.1581571, 0.6298123, 0
0.6868506, 0.2464603, 0.3090372, 0
0.292686, 0.1667456, 0.4323839, 0
0.5739968, 0.2526929, 0.5770115, 0
0.3341514, 0.2958196, 0.54693, 0
0.3521606, 0.2686593, 0.2583651, 0
0.6595597, 0.2985341, 0.5064138, 0
0.6109509, 0.2355166, 0.2666144, 0
0.4507158, 0.2069775, 0.3138616, 0
0.4029166, 0.1985039, 0.6066691, 0
0.5847068, 0.2482784, 0.3836926, 0
0.7666541, 0.2771463, 0.4552032, 0
0.5089335, 0.1995781, 0.4425974, 0
0.7191463, 0.1941405, 0.6920454, 0
0.6232113, 0.1963165, 0.7298169, 0
0.7998071, 0.1750845, 0.459736, 0
0.5730653, 0.2051318, 0.4382433, 0
0.6253054, 0.220559, 0.5958291, 0
0.2657837, 0.2833775, 0.3896998, 0
0.3385655, 0.3003398, 0.3963711, 0
0.3704555, 0.1892147, 0.5795556, 0
0.6063061, 0.24468, 0.7382838, 0
0.4341137, 0.180768, 0.6389557, 0
0.7287157, 0.2035264, 0.3218276, 0
0.7374915, 0.2520348, 0.3928987, 0
0.24573, 0.2079109, 0.3399911, 0
0.5298194, 0.2143736, 0.2700138, 0
0.2964566, 0.2970314, 0.457441, 0
0.6377347, 0.158349, 0.4541963, 0
0.4954545, 0.3061299, 0.6882609, 0
0.4720022, 0.2341851, 0.4998725, 0
0.692948, 0.2613661, 0.3850547, 0
0.5746136, 0.1978433, 0.1225609, 0
0.6865064, 0.1569608, 0.5477893, 0
0.6132788, 0.2240263, 0.2906857, 0
0.6847057, 0.1859741, 0.6799088, 0
0.4148505, 0.2950794, 0.499458, 0
0.586465, 0.2683287, 0.4311925, 0
0.4193111, 0.2217608, 0.5347117, 0
0.6203419, 0.2040416, 0.1419284, 0
0.2911008, 0.2073582, 0.6266772, 0
0.4027866, 0.3024892, 0.620522, 0
0.7213736, 0.2714171, 0.6158514, 0
0.33953, 0.2760753, 0.263323, 0
0.7231563, 0.1934065, 0.2332861, 0
0.3509654, 0.2582116, 0.7114406, 0
0.5647283, 0.1984913, 0.7581279, 0
0.7500186, 0.2166501, 0.331912, 0
0.376159, 0.2245882, 0.278549, 0
0.3647372, 0.2547136, 0.6686791, 0
0.3189699, 0.2666088, 0.5490274, 0
0.466763, 0.2646732, 0.2980219, 0
0.5011293, 0.1977886, 0.2624834, 0
0.2352582, 0.2331669, 0.3689167, 0
0.3952937, 0.1657988, 0.1918987, 0
0.4871298, 0.1678276, 0.2318984, 0
0.5818237, 0.1874051, 0.7708658, 0
0.2357349, 0.2584129, 0.5603954, 0
0.3665962, 0.1783835, 0.5042638, 0
0.5946186, 0.2975569, 0.222676, 0
0.3736778, 0.2423983, 0.5778867, 0
0.3689194, 0.1842534, 0.4877334, 0
0.2808376, 0.152904, 0.6116179, 0
0.415543, 0.1727416, 0.2471635, 0
0.575113, 0.2625698, 0.3755099, 0
0.6752047, 0.2364618, 0.6679156, 0
0.4678173, 0.2395471, 0.1558648, 0
0.5126593, 0.2561175, 0.2130677, 0
0.6142581, 0.1958012, 0.4217902, 0
0.5973026, 0.1714482, 0.7486401, 0
0.3293237, 0.2296066, 0.2312995, 0
0.7478979, 0.2563712, 0.2796182, 0
0.3922758, 0.1642516, 0.7204794, 0
0.6721882, 0.2081364, 0.4187409, 0
0.4001741, 0.1745505, 0.6834493, 0
0.4933083, 0.2824596, 0.4545189, 0
0.6168799, 0.1570151, 0.6874001, 0
0.5395465, 0.2014162, 0.3735936, 0
0.483323, 0.2405059, 0.369082, 0
0.5840065, 0.2480728, 0.7024174, 0
0.3564819, 0.2270888, 0.4048195, 0
0.6911812, 0.1736747, 0.5575617, 0
0.7508131, 0.2580689, 0.2912354, 0
0.4550996, 0.1844856, 0.2664941, 0
0.6159558, 0.2784776, 0.6987584, 0
0.601177, 0.2503442, 0.2630641, 0
0.2580263, 0.2362345, 0.3441556, 0
0.5802022, 0.2891596, 0.4823922, 0
0.4013399, 0.21964, 0.4280247, 0
0.6228454, 0.2457356, 0.69995, 0
0.4773806, 0.2751689, 0.6982518, 0
0.4147242, 0.1684894, 0.4397105, 0
0.6319633, 0.2979784, 0.6313547, 0
0.6883813, 0.1731918, 0.7301372, 0
0.6429004, 0.2005434, 0.7292098, 0
0.3955787, 0.2352596, 0.7530356, 0
0.7863479, 0.1801611, 0.2802442, 0
0.5025008, 0.2303957, 0.5599573, 0
0.578516, 0.2688519, 0.2166199, 0
0.6976481, 0.2246139, 0.6990892, 0
0.6771063, 0.1951935, 0.231918, 0
0.3709478, 0.1772667, 0.1954438, 0
0.2038959, 0.171223, 0.4817585, 0
0.6369813, 0.1804068, 0.2674441, 0
0.5462775, 0.2102907, 0.2666099, 0
0.6542873, 0.2350874, 0.4110082, 0
0.4182375, 0.2483179, 0.4510473, 0
0.4133775, 0.1997347, 0.2495175, 0
0.7490339, 0.197854, 0.4516735, 0
0.1873301, 0.1699247, 0.3572135, 0
0.5735267, 0.2092436, 0.1692536, 0
0.7746214, 0.1806354, 0.5864552, 0
0.2951997, 0.2715006, 0.4603186, 0
0.2375589, 0.216659, 0.6158573, 0
0.3920681, 0.2036663, 0.5406193, 0
0.4879187, 0.2992146, 0.2430766, 0
0.5733759, 0.2373725, 0.5568061, 0
0.5520107, 0.2845016, 0.3938503, 0
0.3152531, 0.2136491, 0.2739135, 0
0.3190942, 0.2228268, 0.3989342, 0
0.6765988, 0.1668208, 0.6140965, 0
0.6089191, 0.1676243, 0.675917, 0
0.736838, 0.2838052, 0.5706896, 0
0.4162592, 0.3052178, 0.6606133, 0
0.7498218, 0.2411509, 0.3396998, 0
0.4522564, 0.2620283, 0.6413194, 0
0.6923404, 0.2532948, 0.2964471, 0
0.2769525, 0.188972, 0.2482374, 0
0.466529, 0.2351569, 0.2571359, 0
0.5221556, 0.2329291, 0.7494254, 0
0.3556919, 0.2041202, 0.7053653, 0
0.7181447, 0.2837744, 0.5521417, 0
0.365742, 0.2487535, 0.6416383, 0
0.6532094, 0.199952, 0.6748794, 0
0.48672, 0.2360525, 0.4895215, 0
0.5330746, 0.2924174, 0.3688768, 0
0.599256, 0.1858937, 0.2849348, 0
0.8062551, 0.1965484, 0.4937862, 0
0.2586085, 0.2855476, 0.5117148, 0
0.5120764, 0.2957759, 0.7137613, 0
0.2987738, 0.1923825, 0.243498, 0
0.6139064, 0.2844371, 0.5135115, 0
0.5658337, 0.1750809, 0.7036542, 0
0.3246972, 0.1698967, 0.7103596, 0
0.5563097, 0.1688012, 0.6452386, 0
0.516808, 0.1537976, 0.6433905, 0
0.6868003, 0.2141628, 0.5836948, 0
0.4670285, 0.1792629, 0.6899589, 0
0.5112587, 0.151741, 0.3780759, 0
0.6020043, 0.2199446, 0.5205799, 0
0.6580832, 0.2040961, 0.4875318, 0
0.534695, 0.1866838, 0.7645742, 0
0.458578, 0.2265165, 0.4405223, 0
0.5168404, 0.2952523, 0.6148809, 0
0.5735431, 0.1632697, 0.4624988, 0
0.3218574, 0.2999435, 0.5288416, 0
0.7844691, 0.2239581, 0.5092139, 0
0.5324225, 0.2887532, 0.5045427, 0
0.5107753, 0.2930712, 0.2848184, 0
0.2778186, 0.236853, 0.6612225, 0
0.5303884, 0.2282856, 0.1304853, 0
0.3942604, 0.2329987, 0.2855079, 0
0.3802296, 0.2299412, 0.7505254, 0
0.1562122, 0.1858752, 0.4372764, 0
0.7014112, 0.1557208, 0.4877017, 0
0.665624, 0.1804033, 0.5304749, 0
0.3220618, 0.2826121, 0.5790511, 0
0.6443379, 0.2307635, 0.5435367, 0
0.4865722, 0.2446484, 0.3925886, 0
0.247697, 0.2132078, 0.658398, 0
0.3552805, 0.2831618, 0.2595156, 0
0.211253, 0.1760358, 0.3168428, 0
0.4592943, 0.1565078, 0.2675238, 0
0.4644325, 0.2331401, 0.5372213, 0
0.6035071, 0.1586722, 0.643753, 0
0.3187534, 0.1961727, 0.203869, 0
0.6443313, 0.1604549, 0.6678738, 0
0.3132463, 0.3004139, 0.4482364, 0
0.3030936, 0.2815146, 0.592522, 0
0.4809694, 0.2387613, 0.528967, 0
0.6583433, 0.3000511, 0.2589924, 0
0.2861627, 0.2780862, 0.3245314, 0
0.4232675, 0.2955216, 0.7143493, 0
0.6798185, 0.2326802, 0.4927361, 0
0.3143871, 0.1679641, 0.6073374, 0
0.4121888, 0.1921109, 0.3570273, 0
0.5862833, 0.2980851, 0.3955489, 0
0.3923954, 0.1652396, 0.2353009, 0
0.3282734, 0.201719, 0.3012435, 0
0.5472956, 0.2292891, 0.2269599, 0
0.5141559, 0.26974, 0.6638497, 0
0.4501501, 0.2576741, 0.4265899, 0
0.1611163, 0.1751874, 0.4709178, 0
0.3201885, 0.2415896, 0.2047015, 0
0.7885798, 0.2440682, 0.5264943, 0
0.5799212, 0.278118, 0.6877471, 0
0.7627994, 0.1759819, 0.6363208, 0
0.3942422, 0.233653, 0.3641954, 0
0.5397319, 0.2890015, 0.7235439, 0
0.6201695, 0.187484, 0.3021902, 0
0.3420488, 0.258985, 0.4814382, 0
0.3713838, 0.1740276, 0.2377666, 0
0.4201072, 0.2762736, 0.3444881, 0
0.5568385, 0.2699977, 0.6907155, 0
0.5476368, 0.2314846, 0.280676, 0
0.7175532, 0.1944671, 0.2694509, 0
0.3837845, 0.247563, 0.5596075, 0
0.4719772, 0.182364, 0.7251039, 0
0.7276242, 0.2408573, 0.4409957, 0
0.5001867, 0.2571536, 0.2501404, 0
0.6505237, 0.2679201, 0.5963255, 0
0.7138717, 0.2235108, 0.6954278, 0
0.7531992, 0.243944, 0.413971, 0
0.2968276, 0.2840045, 0.489123, 0
0.6306225, 0.1839165, 0.1962016, 0
0.6247563, 0.2198214, 0.5567157, 0
0.4637487, 0.28837, 0.5070937, 0
0.2762502, 0.2525851, 0.564949, 0
0.683203, 0.2634382, 0.4998189, 0
0.476071, 0.237627, 0.235759, 0
0.6574497, 0.2240283, 0.293177, 0
0.250676, 0.2309804, 0.6106534, 0
0.5210426, 0.2455945, 0.6889194, 0
0.5378985, 0.2213515, 0.5361671, 0
0.4426575, 0.1934503, 0.4237558, 0
0.314829, 0.2470821, 0.3470175, 0
0.4573772, 0.2358175, 0.5659222, 0
0.3561935, 0.1685385, 0.7035732, 0
0.4588552, 0.2872483, 0.2709479, 0
0.2983856, 0.1877134, 0.2120788, 0
0.3471552, 0.1708406, 0.660312, 0
0.7168487, 0.2803115, 0.6045129, 0
0.4698576, 0.2371622, 0.7579556, 0
0.7242515, 0.2797015, 0.5344855, 0
0.705212, 0.1712085, 0.2855, 0
0.4656768, 0.2723347, 0.6022258, 0
0.6351073, 0.274579, 0.318218, 0
0.5380448, 0.2230432, 0.3691845, 0
0.3936393, 0.1645498, 0.5260658, 0
0.5544965, 0.1806055, 0.6849962, 0
0.4266574, 0.2474187, 0.1398968, 0
0.6217376, 0.1828381, 0.323846, 0
0.552093, 0.2094643, 0.7225196, 0
0.2591457, 0.2317886, 0.5214384, 0
0.4156928, 0.2645717, 0.3584143, 0
0.3201761, 0.2626484, 0.6019942, 0
0.3186017, 0.1753648, 0.6200839, 0
0.3917007, 0.2131187, 0.4960634, 0
0.6179439, 0.2036338, 0.5115553, 0
0.426631, 0.250105, 0.3513154, 0
0.7161213, 0.1779479, 0.4382706, 0
0.6180619, 0.2460317, 0.7356825, 0
0.6170201, 0.2520488, 0.4368307, 0
0.6234416, 0.1685726, 0.4117702, 0
0.6310334, 0.2990728, 0.4248402, 0
0.3283646, 0.3002553, 0.3341703, 0
0.2637569, 0.2349407, 0.2599292, 0
0.7383534, 0.1706998, 0.6577639, 0
0.4448679, 0.2001913, 0.4506172, 0
0.4917493, 0.1916578, 0.6215099, 0
0.4955795, 0.2528018, 0.4950287, 0
0.6432233, 0.2483062, 0.6539806, 0
0.3109139, 0.1551945, 0.4031677, 0
0.2492712, 0.2898126, 0.5111271, 0
0.5374393, 0.160386, 0.3498304, 0
0.5704458, 0.2236076, 0.3433489, 0
0.5763236, 0.2799225, 0.3906776, 0
0.8382687, 0.1881968, 0.3822567, 0
0.5388284, 0.1949859, 0.3619763, 0
0.3610435, 0.2701932, 0.6284729, 0
0.5336509, 0.222195, 0.3446839, 0
0.2658712, 0.1932367, 0.5607011, 0
0.4985003, 0.2996668, 0.3867628, 0
0.3500273, 0.2050076, 0.5908745, 0
0.6165246, 0.227416, 0.3617967, 0
0.6458377, 0.3032997, 0.3982479, 0
0.6433071, 0.2471972, 0.4329904, 0
0.4820203, 0.2331233, 0.1570564, 0
0.6198231, 0.190271, 0.3941972, 0
0.6686476, 0.2112746, 0.5491679, 0
0.5902305, 0.298428, 0.2465971, 0
0.5626563, 0.185351, 0.7491741, 0
0.3752933, 0.243855, 0.6473432, 0
0.7397591, 0.165261, 0.5287945, 0
0.4193797, 0.2359722, 0.6096619, 0
0.2589592, 0.1970117, 0.3622431, 0
0.1925975, 0.2151852, 0.3614944, 0
0.2174349, 0.2169441, 0.4576369, 0
0.3734556, 0.2717935, 0.7037088, 0
0.3522305, 0.2047311, 0.6199229, 0
0.6072201, 0.229745, 0.6229036, 0
0.418749, 0.2116114, 0.1566521, 0
0.382277, 0.1943238, 0.3735229, 0
0.4773082, 0.2648642, 0.6507267, 0
0.688504, 0.190726, 0.7118264, 0
0.3948857, 0.2390009, 0.5432905, 0
0.7412995, 0.1581541, 0.6209917, 0
0.6114994, 0.2082898, 0.5504559, 0
0.6289964, 0.2674191, 0.6492636, 0
0.5206231, 0.2301982, 0.5607114, 0
0.564339, 0.26534, 0.4051026, 0
0.3459012, 0.1842674, 0.4384925, 0
0.3300503, 0.2197615, 0.3409947, 0
0.4369071, 0.2256155, 0.4841092, 0
0.3558919, 0.1908056, 0.3096848, 0
0.662459, 0.1820491, 0.4372963, 0
0.5178902, 0.2040644, 0.2830064, 0
0.594152, 0.1796351, 0.4547085, 0
0.8012342, 0.2517239, 0.4945585, 0
0.3161958, 0.2230571, 0.6967564, 0
0.3135505, 0.2196729, 0.3353958, 0
0.3178137, 0.166644, 0.3130831, 0
0.3666508, 0.2039365, 0.4151316, 0
0.6560085, 0.1886571, 0.61928, 0
0.4975616, 0.1844338, 0.3883808, 0
0.3016649, 0.1610514, 0.216886, 0
0.4941338, 0.1777356, 0.7056237, 0
0.1890248, 0.1813675, 0.5320264, 0
0.6556777, 0.2566286, 0.654983, 0
0.4997479, 0.2634619, 0.6901738, 0
0.6747665, 0.2235728, 0.274863, 0
0.3991418, 0.1947055, 0.6785225, 0
0.5965546, 0.2646495, 0.7470677, 0
0.5794595, 0.1629481, 0.4468429, 0
0.4726904, 0.2436667, 0.2522344, 0
0.2556223, 0.220156, 0.4831522, 0
0.6676493, 0.2867641, 0.5719211, 0
0.6747503, 0.177453, 0.5157673, 0
0.3230929, 0.2338842, 0.6287929, 0
0.5948749, 0.2414223, 0.3346834, 0
0.5748095, 0.16279, 0.1910387, 0
0.5586916, 0.2632433, 0.6440659, 0
0.4607806, 0.2368907, 0.354385, 0
0.4644559, 0.204046, 0.5789078, 0
0.4505742, 0.2735947, 0.3685841, 0
0.3890793, 0.1815512, 0.774394, 0
0.6618379, 0.2631473, 0.3731695, 0
0.4514672, 0.2748604, 0.6859114, 0
0.6720971, 0.205172, 0.6043498, 0
0.6892049, 0.2277309, 0.3090435, 0
0.6467259, 0.1686144, 0.3875732, 0
0.7121041, 0.1716054, 0.5964279, 0
0.7600176, 0.2905408, 0.5159751, 0
0.7566626, 0.1817012, 0.4763353, 0
0.49519, 0.1821384, 0.3852216, 0
0.3416062, 0.1925966, 0.3740731, 0
0.5853379, 0.297227, 0.5192957, 0
0.4731768, 0.2439506, 0.6675461, 0
0.5868081, 0.244405, 0.6067082, 0
0.6609355, 0.2870895, 0.3831028, 0
0.4235334, 0.1838619, 0.1923642, 0
0.766427, 0.2421578, 0.3489206, 0
0.2845513, 0.2743653, 0.4318441, 0
0.754289, 0.2251418, 0.5433903, 0
0.6174734, 0.3033001, 0.3947607, 0
0.2849868, 0.1801976, 0.2389981, 0
0.4491607, 0.2737511, 0.1724937, 0
0.5927737, 0.1621474, 0.6287653, 0
0.1968274, 0.2054947, 0.3416123, 0
0.4015798, 0.23715, 0.2381157, 0
0.2681367, 0.2452498, 0.6476473, 0
0.5944251, 0.2257644, 0.732865, 0
0.5512152, 0.2653555, 0.5240937, 0
0.5095854, 0.2209766, 0.5268739, 0
0.5796303, 0.2075449, 0.2051735, 0
0.7089102, 0.1970005, 0.6420441, 0
0.3465885, 0.2170483, 0.5577813, 0
0.3353091, 0.2400077, 0.2560483, 0
0.5194961, 0.1953286, 0.2881181, 0
0.4759053, 0.202207, 0.6579878, 0
0.3579584, 0.1877763, 0.4651866, 0
0.6253322, 0.2260616, 0.5380403, 0
0.3040696, 0.2408111, 0.5599778, 0
0.5530459, 0.1964316, 0.3249868, 0
0.3331332, 0.1722032, 0.313485, 0
0.4719836, 0.2331788, 0.2301137, 0
0.3456329, 0.2955295, 0.4675235, 0
0.4832974, 0.2675533, 0.6532014, 0
0.56536, 0.2160048, 0.3934661, 0
0.7425558, 0.2132944, 0.6219252, 0
0.3630144, 0.1605666, 0.3125062, 0
0.4597561, 0.1849212, 0.3334179, 0
0.3220092, 0.2007723, 0.5607966, 0
0.2873497, 0.2700923, 0.4830269, 0
0.6211317, 0.234773, 0.555747, 0
0.5702186, 0.2980042, 0.3627758, 0
0.4721461, 0.1554014, 0.5347099, 0
0.5879686, 0.2252833, 0.3671632, 0
0.8006826, 0.268174, 0.4672478, 0
0.4593718, 0.2572707, 0.3053698, 0
0.6597704, 0.1675082, 0.4940239, 0
0.6396048, 0.2095228, 0.54282, 0
0.2725826, 0.2606026, 0.3894193, 0
0.425061, 0.1769096, 0.413523, 0
0.3405389, 0.2627026, 0.7139009, 0
0.7736604, 0.2334533, 0.569375, 0
0.4127197, 0.2783011, 0.3971783, 0
0.2339982, 0.264761, 0.5403324, 0
0.4053749, 0.1892707, 0.2949696, 0
0.3604958, 0.2714475, 0.4347416, 0
0.2656987, 0.248373, 0.6576805, 0
0.7250317, 0.1841769, 0.3603102, 0
0.7014054, 0.2763488, 0.5602411, 0
0.70775, 0.1689807, 0.4064137, 0
0.4909788, 0.1996656, 0.4384803, 0
0.5240414, 0.1758594, 0.1820674, 0
0.3445508, 0.1712442, 0.5601335, 0
0.4297773, 0.2154715, 0.274985, 0
0.4020857, 0.2046178, 0.6952296, 0
0.6353345, 0.2945023, 0.6749333, 0
0.4274372, 0.2896651, 0.3273959, 0
0.5754752, 0.2034712, 0.5022054, 0
0.5456744, 0.2339608, 0.4400487, 0
0.613431, 0.2288004, 0.7460611, 0
0.606252, 0.2919863, 0.3617685, 0
0.5520448, 0.2791432, 0.5220665, 0
0.3318025, 0.2144633, 0.6968032, 0
0.2047684, 0.2367115, 0.4104246, 0
0.3309586, 0.2310825, 0.3349577, 0
0.2000432, 0.2351922, 0.5207122, 0
0.4930361, 0.192923, 0.7603397, 0
0.6059712, 0.3057154, 0.2950545, 0
0.2225494, 0.2336362, 0.3394151, 0
0.6007264, 0.1996553, 0.6097545, 0
0.3943842, 0.214303, 0.4914146, 0
0.5493485, 0.2382223, 0.6855988, 0
0.2500267, 0.2247795, 0.6547333, 0
0.4716093, 0.1843166, 0.6875744, 0
0.7766882, 0.2316559, 0.5940693, 0
0.7144592, 0.305257, 0.3108811, 0
0.3754766, 0.174879, 0.28059, 0
0.6499776, 0.2970493, 0.3925206, 0
0.4422943, 0.2500534, 0.6357242, 0
0.5228463, 0.1709209, 0.6456209, 0
0.3357064, 0.2589325, 0.2179993, 0
0.5350764, 0.2502404, 0.5871039, 0
0.4670938, 0.2478126, 0.1742653, 0
0.6937832, 0.301277, 0.5595108, 0
0.2885768, 0.2229896, 0.2966653, 0
0.5448936, 0.2617264, 0.2720766, 0
0.5246721, 0.2241376, 0.2536595, 0
0.3495807, 0.277295, 0.6260411, 0
0.4834908, 0.2387268, 0.6067216, 0
0.6394958, 0.1726097, 0.5364354, 0
0.7053691, 0.2965, 0.5038031, 0
0.5207377, 0.2804347, 0.3811706, 0
0.4305328, 0.2207412, 0.5471826, 0
0.2871691, 0.194548, 0.2958891, 0
0.7289103, 0.2664906, 0.2810524, 0
0.3108719, 0.2641385, 0.4907043, 0
0.6057699, 0.2655839, 0.2512732, 0
0.7387244, 0.1929629, 0.2572498, 0
0.3440148, 0.2512942, 0.7239022, 0
0.6448961, 0.2624784, 0.4767192, 0
0.7581884, 0.1947695, 0.3650809, 0
0.5696511, 0.2736991, 0.4728947, 0
0.5879793, 0.2104264, 0.4343838, 0
0.2299194, 0.1682722, 0.2788921, 0
0.436295, 0.1924859, 0.7823268, 0
0.5647556, 0.255632, 0.4717988, 0
0.2390663, 0.2894666, 0.4802216, 0
0.5387887, 0.230398, 0.4095608, 0
0.279446, 0.2719381, 0.3811483, 0
0.4987762, 0.2432212, 0.7107278, 0
0.5600034, 0.2099845, 0.6436214, 0
0.70434, 0.1629862, 0.6962938, 0
0.7220633, 0.2420581, 0.4770277, 0
0.3996875, 0.1837073, 0.6198798, 0
0.5056182, 0.1726817, 0.4039109, 0
0.5293737, 0.2213075, 0.5810148, 0
0.4247759, 0.1966902, 0.4918558, 0
0.3528383, 0.2952388, 0.4122281, 0
0.5458701, 0.1950639, 0.4020692, 0
0.393154, 0.2746293, 0.4784174, 0
0.5712168, 0.2199468, 0.3488346, 0
0.6258066, 0.3035945, 0.4268148, 0
0.2255629, 0.1886744, 0.4897463, 0
0.6755874, 0.2279135, 0.5767462, 0
0.6883951, 0.2576487, 0.3538181, 0
0.4852171, 0.2309292, 0.282832, 0
0.6786936, 0.1941876, 0.2853001, 0
0.493497, 0.188597, 0.4558961, 0
0.5617861, 0.1531162, 0.41692, 0
0.465336, 0.1669701, 0.6881208, 0
0.4764022, 0.2424745, 0.7066699, 0
0.6454972, 0.2791439, 0.6559144, 0
0.5746214, 0.1940365, 0.2547517, 0
0.344446, 0.2660354, 0.6748583, 0
0.4026446, 0.1862018, 0.7265905, 0
0.6837415, 0.1573818, 0.649471, 0
0.5457336, 0.2271203, 0.2518409, 0
0.6404253, 0.3000113, 0.3021089, 0
0.3056583, 0.1942623, 0.4691256, 0
0.7500178, 0.2570676, 0.5617003, 0
0.3919339, 0.2622633, 0.3341669, 0
0.343944, 0.2054282, 0.4450347, 0
0.3679547, 0.1625784, 0.3299451, 0
0.3207482, 0.2202927, 0.5226438, 0
0.5048936, 0.2874292, 0.6938587, 0
0.1843044, 0.2249828, 0.4823424, 0
0.6074923, 0.1575137, 0.3569964, 0
0.6474578, 0.2161767, 0.3313525, 0
0.3068924, 0.1623598, 0.6020681, 0
0.6559355, 0.1898588, 0.2590862, 0
0.717573, 0.2281609, 0.3827735, 0
0.3186452, 0.1960979, 0.4875871, 0
0.2271375, 0.2079784, 0.4080662, 0
0.4589123, 0.188281, 0.5392471, 0
0.4362853, 0.2070858, 0.4575653, 0
0.6571312, 0.2011047, 0.3297081, 0
0.37043, 0.1697173, 0.6326722, 0
0.796694, 0.2642131, 0.5306159, 0
0.3892802, 0.2879764, 0.2402243, 0
0.5720335, 0.1725332, 0.2008521, 0
0.413864, 0.2563253, 0.189513, 0
0.4316892, 0.2117543, 0.7745704, 0
0.5733948, 0.2667035, 0.6836189, 0
0.4612588, 0.2538519, 0.6423595, 0
0.3093242, 0.2196625, 0.6167665, 0
0.5964977, 0.1767334, 0.3636666, 0
0.5999448, 0.2552559, 0.7046741, 0
0.5704256, 0.2169879, 0.4779121, 0
0.3178352, 0.2569275, 0.5996431, 0
0.76468, 0.2550981, 0.3526903, 0
0.7304329, 0.1924601, 0.2832332, 0
0.3689526, 0.171146, 0.7361417, 0
0.6719735, 0.1813926, 0.6799967, 0
0.5801226, 0.2827534, 0.4329672, 0
0.3556383, 0.2719736, 0.4508126, 0
0.2719801, 0.288892, 0.3521784, 0
0.4659263, 0.2858039, 0.3195236, 0
0.6010324, 0.2480948, 0.586912, 0
0.3442758, 0.224544, 0.3200279, 0
0.7408656, 0.2014582, 0.5530183, 0
0.3768348, 0.1740061, 0.7164865, 0
0.6327106, 0.1775683, 0.1455227, 0
0.3796632, 0.2874751, 0.3117115, 0
0.3225189, 0.1609657, 0.312706, 0
0.636456, 0.227293, 0.4275425, 0
0.5009049, 0.3058252, 0.6459945, 0
0.7334614, 0.1777453, 0.6904355, 0
0.3289844, 0.2175027, 0.3890565, 0
0.4938928, 0.2272556, 0.3148873, 0
0.4985254, 0.1546502, 0.6622257, 0
0.3851812, 0.2133697, 0.3792574, 0
0.475918, 0.1505779, 0.7069157, 0
0.7028934, 0.2303909, 0.4095016, 0
0.5068818, 0.1853602, 0.5429462, 0
0.3670824, 0.1701591, 0.2043728, 0
0.3226224, 0.1988384, 0.3192422, 0
0.2398088, 0.2510854, 0.4866361, 0
0.5354279, 0.2537819, 0.3502334, 0
0.5584679, 0.2580675, 0.4068804, 0
0.4140522, 0.2668939, 0.7352759, 0
0.5771813, 0.2314902, 0.6078216, 0
0.2850848, 0.2284982, 0.2611649, 0
0.1869815, 0.221053, 0.4506949, 0
0.3370121, 0.1925264, 0.3559378, 0
0.7024931, 0.2372909, 0.4611472, 0
0.7085527, 0.2506802, 0.6824082, 0
0.5741071, 0.3002006, 0.2328765, 0
0.4167614, 0.2848822, 0.3983056, 0
0.3858588, 0.2080779, 0.634695, 0
0.6733439, 0.172249, 0.2551172, 0
0.600233, 0.2773299, 0.6163678, 0
0.6564367, 0.2921182, 0.5037887, 0
0.7506508, 0.2051465, 0.6018414, 0
0.5217717, 0.2152242, 0.2344732, 0
0.4701211, 0.2109911, 0.1249368, 0
0.5987561, 0.2202468, 0.559477, 0
0.5804644, 0.1651596, 0.6063782, 0
0.7926526, 0.287207, 0.4598004, 0
0.469701, 0.2216897, 0.586248, 0
0.5755618, 0.1885527, 0.4921698, 0
0.5609505, 0.2128923, 0.7104103, 0
0.5575826, 0.2658597, 0.1891754, 0
0.3717368, 0.2459001, 0.5071263, 0
0.5474846, 0.2985999, 0.4305974, 0
0.4339425, 0.1785817, 0.1655865, 0
0.6689281, 0.2754039, 0.5633553, 0
0.6775816, 0.3006636, 0.427566, 0
0.5806071, 0.2520928, 0.6700793, 0
0.5078873, 0.2128118, 0.3693873, 0
0.5146657, 0.1701807, 0.3005485, 0
0.7639888, 0.267187, 0.4965986, 0
0.5483402, 0.1866341, 0.4691375, 0
0.3810954, 0.2243597, 0.6079211, 0
0.2851585, 0.2958391, 0.3449368, 0
0.5350285, 0.1945058, 0.5029599, 0
0.5041149, 0.2798603, 0.1742272, 0
0.4634708, 0.1791557, 0.4096984, 0
0.7729782, 0.1903899, 0.2812391, 0
0.5498278, 0.2026206, 0.1300701, 0
0.5434385, 0.1810435, 0.2517153, 0
0.5166731, 0.2037826, 0.5017669, 0
0.6662026, 0.2010425, 0.583223, 0
0.6465202, 0.2980156, 0.4163482, 0
0.2083489, 0.2001422, 0.4429898, 0
0.6338907, 0.2602209, 0.6369503, 0
0.7505708, 0.1939629, 0.6511534, 0
0.3214866, 0.1745072, 0.3928508, 0
0.5458696, 0.2237923, 0.3682362, 0
0.544041, 0.1497973, 0.5409716, 0
0.5882837, 0.2457207, 0.3568416, 0
0.5823048, 0.2777024, 0.2972508, 0
0.5233391, 0.2017965, 0.6038114, 0
0.7893775, 0.2081101, 0.5506436, 0
0.6258643, 0.1923738, 0.6548262, 0
0.4723776, 0.233766, 0.5206087, 0
0.3647968, 0.18421, 0.4388226, 0
0.7857214, 0.2726795, 0.4113475, 0
0.488035, 0.1734751, 0.4790867, 0
0.5640502, 0.2298527, 0.1474582, 0
0.2987223, 0.2132831, 0.5014457, 0
0.6884758, 0.307867, 0.4625045, 0
0.4843061, 0.2978663, 0.3324768, 0
0.2380051, 0.2609834, 0.3776294, 0
0.4549106, 0.1493853, 0.3874191, 0
0.5136525, 0.2721534, 0.7378629, 0
0.2870196, 0.172963, 0.5573078, 0
0.6373087, 0.2979074, 0.3183465, 0
0.4426341, 0.2103261, 0.3023002, 0
0.7209153, 0.250351, 0.4564431, 0
0.7315558, 0.2267955, 0.4946185, 0
0.2732305, 0.2277371, 0.491999, 0
0.6308085, 0.2845511, 0.4096109, 0
0.6042436, 0.2321862, 0.5563828, 0
0.5769207, 0.2982532, 0.6965985, 0
0.2725556, 0.1951496, 0.2653543, 0
0.5462581, 0.1651467, 0.3227535, 0
0.7594756, 0.2442927, 0.5415113, 0
0.7589753, 0.2907978, 0.3259339, 0
0.6235546, 0.2282491, 0.7108239, 0
0.3821694, 0.1779327, 0.1464599, 0
0.6015347, 0.2436873, 0.2208914, 0
0.4520817, 0.2196317, 0.4557357, 0
0.5415988, 0.2640552, 0.5249512, 0
0.2410814, 0.1870512, 0.4110554, 0
0.2662882, 0.2818025, 0.5641864, 0
0.5516972, 0.2591873, 0.2329319, 0
0.5434952, 0.2240133, 0.2130484, 0
0.6155923, 0.2419402, 0.6239583, 0
0.5199854, 0.2068019, 0.6213408, 0
0.7621092, 0.2042761, 0.2611672, 0
0.2285452, 0.1929663, 0.416446, 0
0.3883235, 0.2065849, 0.7426687, 0
0.7689278, 0.2345587, 0.2725436, 0
0.4079216, 0.2423417, 0.2696215, 0
0.5849445, 0.1911965, 0.5805692, 0
0.792381, 0.2693072, 0.3638654, 0
0.5133471, 0.1581525, 0.2878857, 0
0.7456458, 0.2484956, 0.5735654, 0
0.6917536, 0.2959411, 0.4576948, 0
0.6886793, 0.2289659, 0.2899302, 0
0.6807298, 0.3010792, 0.2615033, 0
0.7860549, 0.2657932, 0.5747474, 0
0.6860664, 0.1762307, 0.5436283, 0
0.4215425, 0.2720213, 0.6228005, 0
0.6050247, 0.2414183, 0.276787, 0
0.4962592, 0.1730657, 0.2764594, 0
0.5221475, 0.1566638, 0.6982538, 0
0.3293152, 0.2395697, 0.6195787, 0
0.40622, 0.2108206, 0.4680443, 0
0.3833181, 0.2301721, 0.5732992, 0
0.5419981, 0.1485099, 0.4909412, 0
0.3669803, 0.2885624, 0.4993078, 0
0.7129625, 0.155319, 0.6141223, 0
0.6826386, 0.2034258, 0.487856, 0
0.4419146, 0.1907119, 0.6496106, 0
0.6477727, 0.193414, 0.739396, 0
0.3854308, 0.1790882, 0.6925321, 0
0.4752452, 0.1864051, 0.6312208, 0
0.4870088, 0.1814025, 0.622202, 0
0.4283303, 0.1762446, 0.2349063, 0
0.4519556, 0.2146198, 0.6198583, 0
0.5654135, 0.2618927, 0.6188922, 0
0.6200212, 0.2997035, 0.5083764, 0
0.3749517, 0.1730498, 0.1677337, 0
0.7579643, 0.2513381, 0.3617277, 0
0.39329, 0.2356157, 0.248874, 0
0.7939836, 0.2104239, 0.3187087, 0
0.5990222, 0.2515417, 0.7103751, 0
0.3397513, 0.1790339, 0.3075905, 0
0.2803796, 0.2204542, 0.6799824, 0
0.2932957, 0.2949826, 0.4161838, 0
0.3424045, 0.2241548, 0.4905912, 0
0.4681709, 0.2994482, 0.4775454, 0
0.5985175, 0.1718953, 0.7458864, 0
0.5597658, 0.2579754, 0.4308701, 0
0.3301354, 0.244371, 0.3988128, 0
0.6484529, 0.2426796, 0.6503809, 0
0.5755491, 0.2479992, 0.6892872, 0
0.3342061, 0.1869357, 0.7141447, 0
0.3795213, 0.1851808, 0.3863932, 0
0.5261129, 0.1919605, 0.1221324, 0
0.3956072, 0.1863136, 0.4504899, 0
0.5206243, 0.2500204, 0.7027559, 0
0.4911953, 0.1803707, 0.09863266, 0
0.5910944, 0.166915, 0.4130892, 0
0.5765029, 0.2285411, 0.591622, 0
0.4447443, 0.2129446, 0.3237636, 0
0.6760684, 0.2695048, 0.3798065, 0
0.3678234, 0.1699836, 0.2795981, 0
0.320586, 0.2787935, 0.3773662, 0
0.5179622, 0.199931, 0.1583397, 0
0.6060307, 0.182695, 0.4744287, 0
0.222354, 0.1881032, 0.2880602, 0
0.5352435, 0.1898492, 0.1824241, 0
0.5067349, 0.1667401, 0.1892884, 0
0.251342, 0.2456168, 0.4942661, 0
0.7508619, 0.3037561, 0.5508601, 0
0.6051325, 0.2444574, 0.541867, 0
0.4975542, 0.2117288, 0.5107965, 0
0.2747379, 0.252762, 0.4071844, 0
0.6311125, 0.1904889, 0.5306906, 0
0.5893825, 0.1986693, 0.4538103, 0
0.4501546, 0.272686, 0.5623235, 0
0.5030756, 0.1698173, 0.3349181, 0
0.4576721, 0.2253456, 0.5097942, 0
0.2498858, 0.1526176, 0.510508, 0
0.647329, 0.2661251, 0.6628855, 0
0.475322, 0.2904718, 0.7124634, 0
0.2708431, 0.2678313, 0.5653155, 0
0.6525185, 0.1986949, 0.7291805, 0
0.2835214, 0.2401696, 0.4835922, 0
0.3315527, 0.2218378, 0.5434726, 0
0.4208813, 0.2433588, 0.304474, 0
0.6961709, 0.2239919, 0.6364889, 0
0.6391077, 0.2247588, 0.575213, 0
0.5584758, 0.2833004, 0.6328279, 0
0.2386328, 0.1634437, 0.3354949, 0
0.775614, 0.2573678, 0.3110972, 0
0.4230135, 0.2884496, 0.3301127, 0
0.571879, 0.1733474, 0.364878, 0
0.5643123, 0.1916482, 0.5025355, 0
0.7345402, 0.2527853, 0.4307262, 0
0.8013425, 0.1930191, 0.4890731, 0
0.4694699, 0.1993827, 0.4003183, 0
0.3795505, 0.178824, 0.2597625, 0
0.5841791, 0.1695593, 0.1910217, 0
0.2661038, 0.218168, 0.4026543, 0
0.4172886, 0.1848638, 0.5515509, 0
0.3735425, 0.2149544, 0.4137416, 0
0.7700246, 0.1774811, 0.6031898, 0
0.4412147, 0.1686847, 0.2567134, 0
0.3765494, 0.2139174, 0.2923315, 0
0.3299334, 0.2729486, 0.2461067, 0
0.4094563, 0.239953, 0.3671026, 0
0.3008729, 0.2360928, 0.6264255, 0
0.75564, 0.2008613, 0.5737131, 0
0.5643498, 0.2971767, 0.3859466, 0
0.4495737, 0.2388063, 0.7503897, 0
0.52339, 0.179573, 0.6652597, 0
0.7105456, 0.2694749, 0.3331253, 0
0.6363285, 0.2598203, 0.6363814, 0
0.6666167, 0.2986828, 0.3152604, 0
0.4024469, 0.2560586, 0.6180526, 0
0.5996055, 0.2995069, 0.4070202, 0
0.6068141, 0.2504987, 0.1652753, 0
0.3281813, 0.2790292, 0.5746571, 0
0.4978616, 0.276529, 0.4422702, 0
0.7514169, 0.284655, 0.5160435, 0
0.7005593, 0.2881618, 0.4220242, 0
0.5368447, 0.2201115, 0.588048, 0
0.521782, 0.2699641, 0.4604888, 0
0.4163373, 0.1773543, 0.4722814, 0
0.4857099, 0.1930601, 0.1604315, 0
0.8170667, 0.213052, 0.4722234, 0
0.4568025, 0.258447, 0.6740055, 0
0.2632009, 0.2589399, 0.3920909, 0
0.6900635, 0.2523602, 0.2099463, 0
0.4605628, 0.1822205, 0.7244372, 0
0.3721457, 0.1745306, 0.1834483, 0
0.260514, 0.1636541, 0.6089471, 0
0.6106749, 0.163598, 0.3928922, 0
0.6031543, 0.2127153, 0.4725402, 0
0.4672025, 0.2364036, 0.2474574, 0
0.5605138, 0.2141748, 0.3549977, 0
0.5480433, 0.1816125, 0.5493616, 0
0.5153213, 0.2853242, 0.3600148, 0
0.3902789, 0.2045327, 0.6712785, 0
0.4818856, 0.224386, 0.4696361, 0
0.2403288, 0.2376812, 0.5555964, 0
0.6142021, 0.260799, 0.2569128, 0
0.5926011, 0.1744084, 0.3707365, 0
0.5602016, 0.2008169, 0.428356, 0
0.4816632, 0.2128402, 0.2713483, 0
0.7775008, 0.1962708, 0.2727982, 0
0.7216151, 0.2550811, 0.4262921, 0
0.7468225, 0.3089122, 0.4368219, 0
0.7873431, 0.209617, 0.5690349, 0
0.2993674, 0.2357234, 0.2703335, 0
0.3671112, 0.2108049, 0.6363876, 0
0.2822365, 0.2184311, 0.5453528, 0
0.5999226, 0.1734207, 0.4950201, 0
0.32896, 0.273785, 0.404789, 0
0.6336034, 0.1896709, 0.6219095, 0
0.4435801, 0.1925167, 0.5894105, 0
0.771089, 0.1560428, 0.4664721, 0
0.6755314, 0.2777933, 0.5308247, 0
0.5277609, 0.2793767, 0.6761839, 0
0.3551594, 0.1859874, 0.7384222, 0
0.8072742, 0.171522, 0.3908149, 0
0.681276, 0.1694755, 0.3783893, 0
0.7512265, 0.2631137, 0.5526983, 0
0.524706, 0.1573283, 0.539758, 0
0.5050328, 0.2214081, 0.5884827, 0
0.6353936, 0.3046236, 0.3742451, 0
0.6255774, 0.287286, 0.5579628, 0
0.4728436, 0.197521, 0.1380346, 0
0.5495493, 0.1740499, 0.6046365, 0
0.6377511, 0.1817723, 0.6475474, 0
0.5589335, 0.2438002, 0.2988668, 0
0.7411138, 0.1806215, 0.6284763, 0
0.2158437, 0.1766181, 0.5403701, 0
0.5735558, 0.233909, 0.1823477, 0
0.590434, 0.2229909, 0.6339225, 0
0.3020927, 0.1652799, 0.4268378, 0
0.4373099, 0.1665141, 0.6422576, 0
0.2958066, 0.2709696, 0.4917141, 0
0.7655388, 0.1792088, 0.3598626, 0
0.443395, 0.2645257, 0.6072483, 0
0.249875, 0.1821247, 0.235779, 0
0.3591251, 0.1709329, 0.4746697, 0
0.6140979, 0.2638754, 0.6210006, 0
0.2675982, 0.1793763, 0.3121407, 0
0.3371017, 0.2476291, 0.3367039, 0
0.3512676, 0.228221, 0.2622416, 0
0.2618147, 0.2581694, 0.4138671, 0
0.7654683, 0.211737, 0.5997424, 0
0.7116818, 0.1757081, 0.2565007, 0
0.6526415, 0.3071736, 0.6259636, 0
0.2952453, 0.2829174, 0.6244546, 0
0.425617, 0.2137729, 0.4377107, 0
0.8313346, 0.1952492, 0.3580034, 0
0.4814652, 0.2036049, 0.6383107, 0
0.5743328, 0.1845452, 0.4090006, 0
0.6548649, 0.2302215, 0.6718212, 0
0.3636447, 0.2259499, 0.2651862, 0
0.5780231, 0.2927069, 0.5287552, 0
0.5645266, 0.2917075, 0.2307055, 0
0.5633441, 0.2010559, 0.7394509, 0
0.3977591, 0.1872959, 0.5331617, 0
0.4923468, 0.2801584, 0.3686554, 0
0.3094428, 0.1572215, 0.468444, 0
0.4876817, 0.2595026, 0.6729136, 0
0.6941463, 0.2517696, 0.3222269, 0
0.7243143, 0.2850799, 0.5477926, 0
0.4789675, 0.1840503, 0.7293993, 0
0.2619989, 0.1963294, 0.2801498, 0
0.5781163, 0.174558, 0.4808323, 0
0.4358583, 0.1810656, 0.6863208, 0
0.6436768, 0.2281731, 0.3906187, 0
0.5028663, 0.2630006, 0.5568609, 0
0.7828282, 0.2356474, 0.3114105, 0
0.4486701, 0.254504, 0.6785753, 0
0.4787243, 0.2565092, 0.2822596, 0
0.2080972, 0.2343518, 0.5449367, 0
0.4765942, 0.2064736, 0.5072238, 0
0.2823513, 0.264326, 0.3839447, 0
0.5670075, 0.2616002, 0.5052319, 0
0.5843158, 0.1613339, 0.2757909, 0
0.4653913, 0.3021241, 0.3896924, 0
0.387996, 0.1764781, 0.4281999, 0
0.4810673, 0.2020267, 0.2882162, 0
0.2608025, 0.1683709, 0.4703079, 0
0.2749214, 0.1782596, 0.4086699, 0
0.6318671, 0.2386725, 0.4274162, 0
0.4530577, 0.2585848, 0.3928861, 0
0.6364838, 0.273745, 0.2089176, 0
0.5819195, 0.3000055, 0.5096536, 0
0.2402964, 0.1688515, 0.5144999, 0
0.4668477, 0.2060687, 0.1620501, 0
0.6119964, 0.2160868, 0.2488044, 0
0.6044939, 0.2532021, 0.4312043, 0
0.517919, 0.2539256, 0.2997434, 0
0.5656973, 0.1715616, 0.4036483, 0
0.6650894, 0.2093702, 0.7500231, 0
0.2905101, 0.2163494, 0.3734403, 0
0.3136284, 0.3023987, 0.5598883, 0
0.4665788, 0.1880692, 0.4573616, 0
0.2979583, 0.2000223, 0.611181, 0
0.1971783, 0.1963456, 0.5030195, 0
0.2217528, 0.2080866, 0.40265, 0
0.6554888, 0.2262518, 0.4242982, 0
0.669977, 0.1760063, 0.6427604, 0
0.3577262, 0.1707454, 0.3950781, 0
0.5096008, 0.1624123, 0.76458, 0
0.5772751, 0.2359452, 0.5040321, 0
0.5808801, 0.2091231, 0.1841828, 0
0.6119763, 0.1804186, 0.3612169, 0
0.5719865, 0.2632371, 0.302372, 0
0.6798204, 0.2587178, 0.467558, 0
0.2229229, 0.2270366, 0.394879, 0
0.7175649, 0.1756728, 0.5004693, 0
0.5350075, 0.168906, 0.7957509, 0
0.4573395, 0.3100587, 0.6101896, 0
0.4106097, 0.1591594, 0.5003106, 0
0.317629, 0.2459129, 0.3076109, 0
0.6791509, 0.1854035, 0.6386452, 0
0.7796454, 0.1694431, 0.5443622, 0
0.7172017, 0.2241621, 0.6140479, 0
0.2553916, 0.1980545, 0.3417933, 0
0.6208508, 0.1716541, 0.5312557, 0
0.754318, 0.2682609, 0.5868249, 0
0.436962, 0.2787267, 0.3478798, 0
0.3155546, 0.2977799, 0.4231245, 0
0.1853967, 0.1880619, 0.4431434, 0
0.2300135, 0.1764223, 0.2799454, 0
0.1966785, 0.2326527, 0.512911, 0
0.781495, 0.229513, 0.6187602, 0
0.6470141, 0.1865192, 0.5100445, 0
0.6644697, 0.1624818, 0.6447467, 0
0.5406681, 0.2213625, 0.4946189, 0
0.2868422, 0.1835854, 0.5782657, 0
0.5072998, 0.2190616, 0.2178039, 0
0.460275, 0.2604963, 0.2802446, 0
0.5249916, 0.271021, 0.5052621, 0
0.5283607, 0.2136771, 0.5125117, 0
0.4007612, 0.1505811, 0.3791677, 0
0.2682169, 0.2453045, 0.6677004, 0
0.4688783, 0.2218663, 0.380931, 0
0.6971215, 0.2354382, 0.680298, 0
0.6291876, 0.2410094, 0.3799283, 0
0.4584012, 0.163211, 0.7867265, 0
0.7129935, 0.1949156, 0.5852838, 0
0.2439569, 0.2412108, 0.4091791, 0
0.7056862, 0.2299105, 0.2835462, 0
0.754328, 0.2597483, 0.600755, 0
0.2239112, 0.2374294, 0.5137731, 0
0.2762079, 0.1768468, 0.6198629, 0
0.7813001, 0.1781833, 0.4411119, 0
0.4486388, 0.273023, 0.6583781, 0
0.3807526, 0.1714562, 0.1431618, 0
0.3425502, 0.2869627, 0.4961285, 0
0.4807579, 0.185235, 0.3480065, 0
0.4632087, 0.2293005, 0.217747, 0
0.5677673, 0.1738819, 0.2085921, 0
0.2238021, 0.1679827, 0.4804471, 0
0.3758214, 0.2861501, 0.4510525, 0
0.3539328, 0.2800558, 0.6901976, 0
0.4800517, 0.2392531, 0.2753524, 0
0.5323479, 0.289089, 0.2477883, 0
0.7161614, 0.1862192, 0.4340425, 0
0.4244983, 0.19246, 0.7781938, 0
0.3028608, 0.2760816, 0.4732949, 0
0.3713978, 0.2015998, 0.3107184, 0
0.6543483, 0.2127993, 0.3792603, 0
0.3965085, 0.1603835, 0.3042269, 0
0.5942196, 0.2208172, 0.5388463, 0
0.7819284, 0.21556, 0.4186835, 0
0.4485486, 0.2264204, 0.6979476, 0
0.377307, 0.1650435, 0.5144491, 0
0.6950509, 0.1962471, 0.4516956, 0
0.2803437, 0.2343583, 0.3762659, 0
0.3148211, 0.2428679, 0.450015, 0
0.6727257, 0.1911236, 0.5704416, 0
0.4585673, 0.2210056, 0.7723254, 0
0.6143952, 0.1631872, 0.1898345, 0
0.7417905, 0.2242529, 0.4645988, 0
0.2410614, 0.2802421, 0.4293093, 0
0.3594286, 0.1602108, 0.6657223, 0
0.583712, 0.2283632, 0.1725265, 0
0.747649, 0.2037489, 0.5123103, 0
0.5900714, 0.2214332, 0.3926223, 0
0.5784145, 0.1972485, 0.4631734, 0
0.5779658, 0.2070202, 0.3924476, 0
0.4808922, 0.3110723, 0.6149517, 0
0.3781472, 0.2040163, 0.6392906, 0
0.4378704, 0.2902789, 0.390919, 0
0.3465109, 0.291415, 0.5099818, 0
0.6580314, 0.2144301, 0.2373628, 0
0.5522237, 0.2537408, 0.5851966, 0
0.3380242, 0.1521915, 0.4066298, 0
0.4157031, 0.1778687, 0.4844297, 0
0.5675493, 0.171198, 0.325758, 0
0.3084941, 0.1723474, 0.7138131, 0
0.467833, 0.2033248, 0.2005602, 0
0.6726416, 0.3039423, 0.5346708, 0
0.5283424, 0.2014243, 0.1639679, 0
0.4217423, 0.1828645, 0.2248606, 0
0.2141373, 0.2351765, 0.4084268, 0
0.6962178, 0.2706728, 0.4064607, 0
0.1999908, 0.1693906, 0.5419973, 0
0.7741842, 0.2781264, 0.4090304, 0
0.4520301, 0.2461051, 0.2396775, 0
0.3304536, 0.2354579, 0.4403282, 0
0.4000812, 0.1810281, 0.3167179, 0
0.5650324, 0.2845254, 0.3273406, 0
0.6091408, 0.2032744, 0.3533951, 0
0.3642789, 0.3017785, 0.628798, 0
0.4365114, 0.2769991, 0.4546357, 0
0.5006968, 0.2155129, 0.3288734, 0
0.4169162, 0.2270689, 0.4056927, 0
0.4752032, 0.1874754, 0.659337, 0
0.6948693, 0.2959515, 0.5105377, 0
0.6939002, 0.2151804, 0.1909123, 0
0.7700062, 0.161108, 0.3894057, 0
0.5382767, 0.2622994, 0.5326847, 0
0.34807, 0.2424101, 0.5957718, 0
0.7083142, 0.1629049, 0.6650204, 0
0.4618501, 0.2267735, 0.5142994, 0
0.5643686, 0.1754501, 0.396102, 0
0.7514576, 0.235875, 0.5943115, 0
0.6006181, 0.2028822, 0.583448, 0
0.5773035, 0.1825127, 0.1697887, 0
0.4918275, 0.2844237, 0.7403148, 0
0.4286434, 0.1858767, 0.4245788, 0
0.2519133, 0.1871144, 0.4011968, 0
0.4089871, 0.1971668, 0.6091426, 0
0.4758447, 0.2365664, 0.1379815, 0
0.2343688, 0.1824005, 0.3871562, 0
0.5840422, 0.2871838, 0.3354391, 0
0.3224708, 0.156197, 0.5810573, 0
0.7513114, 0.2223805, 0.4356264, 0
0.2619373, 0.1877493, 0.4431801, 0
0.6870182, 0.1891788, 0.6289741, 0
0.6848633, 0.2177445, 0.5235819, 0
0.6915877, 0.2452035, 0.266483, 0
0.2690018, 0.171677, 0.356995, 0
0.3767859, 0.2828187, 0.4581383, 0
0.775077, 0.2900121, 0.5149688, 0
0.4092366, 0.2140857, 0.215423, 0
0.3067055, 0.2814368, 0.5342069, 0
0.5486453, 0.2122914, 0.5473284, 0
0.5754629, 0.1989464, 0.568392, 0
0.5750774, 0.1891537, 0.7133991, 0
0.6811234, 0.181802, 0.2792326, 0
0.666401, 0.2154957, 0.7042785, 0
0.6393285, 0.2836654, 0.4862973, 0
0.5684376, 0.1689921, 0.5845612, 0
0.2835795, 0.2290653, 0.2376144, 0
0.4059263, 0.168148, 0.3698688, 0
0.3454492, 0.1946256, 0.5118517, 0
0.6465813, 0.223665, 0.4753794, 0
0.5926089, 0.2963245, 0.4967484, 0
0.25228, 0.2057818, 0.4446493, 0
0.5874643, 0.209309, 0.4408261, 0
0.3994929, 0.2751642, 0.4979332, 0
0.448291, 0.2505268, 0.7253796, 0
0.6491301, 0.2673869, 0.5152147, 0
0.5402244, 0.1566408, 0.4411816, 0
0.6585482, 0.1650835, 0.5298421, 0
0.5600013, 0.2311015, 0.3927575, 0
0.4848809, 0.1796034, 0.6154369, 0
0.4976943, 0.1947524, 0.4408003, 0
0.4317022, 0.2608104, 0.314792, 0
0.232562, 0.2194292, 0.3702583, 0
0.4026248, 0.2929466, 0.6665027, 0
0.6079444, 0.265274, 0.6209835, 0
0.3595862, 0.2554868, 0.6247413, 0
0.330213, 0.2755767, 0.228985, 0
0.4659577, 0.2697807, 0.3829692, 0
0.4576225, 0.2429616, 0.5342524, 0
0.7121937, 0.236427, 0.6338469, 0
0.2215442, 0.1710595, 0.5924397, 0
0.4390122, 0.1542706, 0.4496145, 0
0.4266567, 0.2053538, 0.2790931, 0
0.423356, 0.298712, 0.2929625, 0
0.3978988, 0.211808, 0.6065055, 0
0.3337389, 0.2105922, 0.6902032, 0
0.5783715, 0.2790941, 0.3015634, 0
0.3395351, 0.2667429, 0.4317835, 0
0.5503906, 0.2335343, 0.6069592, 0
0.8203672, 0.1913887, 0.4156691, 0
0.7541748, 0.1696828, 0.6127918, 0
0.4593109, 0.1695005, 0.4646823, 0
0.5794015, 0.2291312, 0.4009084, 0
0.6864802, 0.1963376, 0.2772099, 0
0.3258191, 0.174559, 0.2859967, 0
0.4739229, 0.1745586, 0.2311802, 0
0.7466925, 0.2674874, 0.4404585, 0
0.8208721, 0.2683277, 0.4747268, 0
0.289133, 0.2828351, 0.6204714, 0
0.502959, 0.2457392, 0.547584, 0
0.7784567, 0.2098098, 0.2719811, 0
0.3730407, 0.2459628, 0.6952317, 0
0.5902161, 0.1921099, 0.4047964, 0
0.6343265, 0.2299676, 0.7135027, 0
0.5682671, 0.2429709, 0.498648, 0
0.6426813, 0.2075082, 0.4479952, 0
0.3534687, 0.1997374, 0.2472161, 0
0.1791646, 0.1746351, 0.3789871, 0
0.4333628, 0.1874116, 0.6603275, 0
0.276864, 0.2296125, 0.635587, 0
0.5567022, 0.1746246, 0.7045249, 0
0.3566443, 0.2040382, 0.3627183, 0
0.414922, 0.1784375, 0.189435, 0
0.3141643, 0.17912, 0.4272788, 0
0.4079733, 0.2421737, 0.4847384, 0
0.3637048, 0.2186926, 0.4209934, 0
0.278148, 0.1896148, 0.5878766, 0
0.7973542, 0.1825747, 0.4248493, 0
0.4770993, 0.1602317, 0.4114904, 0
0.3491804, 0.2254084, 0.5333498, 0
0.7967426, 0.172109, 0.4236544, 0
0.2705787, 0.161197, 0.4618934, 0
0.58091, 0.2303679, 0.2554433, 0
0.7170339, 0.2997951, 0.3776796, 0
0.7967965, 0.2090275, 0.3095404, 0
0.6415673, 0.1765462, 0.2957113, 0
0.6220381, 0.1922312, 0.5126307, 0
0.3405826, 0.222975, 0.2115622, 0
0.6887045, 0.1921924, 0.4273593, 0
0.3291706, 0.2156158, 0.5916265, 0
0.6358426, 0.1954741, 0.7599949, 0
0.6323169, 0.2543824, 0.5438581, 0
0.5479842, 0.223863, 0.256172, 0
0.5188932, 0.1859783, 0.6688058, 0
0.8280582, 0.2171751, 0.4297406, 0
0.776794, 0.1683887, 0.5696311, 0
0.2299395, 0.2638352, 0.4715921, 0
0.5670335, 0.2910799, 0.4062218, 0
0.4544781, 0.2428215, 0.3212572, 0
0.6798264, 0.2201563, 0.6412534, 0
0.5813721, 0.167146, 0.6808589, 0
0.6691404, 0.2098098, 0.1845881, 0
0.7673643, 0.2520701, 0.3166072, 0
0.4184202, 0.1545925, 0.658226, 0
0.3510046, 0.243199, 0.5004855, 0
0.7334736, 0.260008, 0.3065389, 0
0.6496138, 0.2525855, 0.5747949, 0
0.4695453, 0.2675469, 0.4495451, 0
0.5849879, 0.22856, 0.5620103, 0
0.4972195, 0.1791666, 0.4721847, 0
0.6324021, 0.1999378, 0.5967758, 0
0.2867752, 0.2857983, 0.5762759, 0
0.6357686, 0.2862863, 0.5953536, 0
0.3604327, 0.2260918, 0.6348997, 0
0.258861, 0.2459578, 0.5314348, 0
0.3391114, 0.1977417, 0.5188436, 0
0.8404067, 0.2124812, 0.4742401, 0
0.6627768, 0.1902502, 0.4431929, 0
0.5311856, 0.1898906, 0.2214332, 0
0.3304628, 0.2146318, 0.2666231, 0
0.2464983, 0.2453536, 0.514986, 0
0.5238173, 0.2043928, 0.7682099, 0
0.5656176, 0.1973146, 0.6847371, 0
0.5747179, 0.225837, 0.5747405, 0
0.4231611, 0.2118901, 0.2265281, 0
0.4270576, 0.1997261, 0.1586915, 0
0.6071662, 0.1890863, 0.6625242, 0
0.4951117, 0.2390579, 0.765046, 0
0.2958657, 0.18825, 0.375096, 0
0.483683, 0.1903029, 0.3356667, 0
0.6338725, 0.1752063, 0.2142823, 0
0.6288977, 0.2978268, 0.6589804, 0
0.6611124, 0.2324614, 0.4038951, 0
0.5572464, 0.2463295, 0.6051943, 0
0.7393835, 0.2712254, 0.6255259, 0
0.4541375, 0.2224647, 0.367518, 0
0.6434452, 0.2140638, 0.2290926, 0
0.6925797, 0.1880074, 0.3146508, 0
0.6799835, 0.2965299, 0.6025211, 0
0.4209184, 0.217317, 0.3183796, 0
0.3165688, 0.2679343, 0.514683, 0
0.5031148, 0.1587219, 0.6187071, 0
0.3166054, 0.2158914, 0.5655268, 0
0.5246419, 0.2936185, 0.5184872, 0
0.6705388, 0.2976601, 0.2470888, 0
0.6637284, 0.2351835, 0.6859084, 0
0.4665263, 0.2332187, 0.6865355, 0
0.2949801, 0.2154342, 0.3586409, 0
0.7652616, 0.270419, 0.4905895, 0
0.5937186, 0.3018302, 0.2989163, 0
0.5034856, 0.2712962, 0.5445164, 0
0.464989, 0.2377439, 0.5989758, 0
0.4198339, 0.1852404, 0.4980842, 0
0.1953468, 0.2437398, 0.4238961, 0
0.7499761, 0.2442984, 0.422021, 0
0.2549041, 0.1786207, 0.4599645, 0
0.6414282, 0.2692837, 0.4347356, 0
0.4258172, 0.2276803, 0.4144483, 0
0.4244877, 0.1742557, 0.3877908, 0
0.4459553, 0.2590997, 0.1853475, 0
0.3844429, 0.2523151, 0.7087753, 0
0.4558868, 0.1966099, 0.3535808, 0
0.7251368, 0.2470872, 0.4746453, 0
0.2186261, 0.194006, 0.411664, 0
0.4543639, 0.2254696, 0.6330183, 0
0.2744418, 0.20387, 0.2860589, 0
0.5914026, 0.1651917, 0.5255337, 0
0.3735197, 0.1963224, 0.7066167, 0
0.6754122, 0.1640723, 0.6099302, 0
0.7725876, 0.1677998, 0.4540698, 0
0.7979273, 0.2868908, 0.4331117, 0
0.598646, 0.2102012, 0.1403582, 0
0.2776563, 0.1824244, 0.3191199, 0
0.4074872, 0.2742171, 0.7224238, 0
0.6390905, 0.292583, 0.6265876, 0
0.8167483, 0.1917909, 0.3507027, 0
0.3873384, 0.2807403, 0.7245099, 0
0.6317524, 0.2886205, 0.3498465, 0
0.3918482, 0.1740432, 0.7690091, 0
0.5724405, 0.2514464, 0.1424619, 0
0.3819807, 0.2847607, 0.3931818, 0
0.6310659, 0.2995012, 0.544844, 0
0.8156416, 0.1789029, 0.5373236, 0
0.6830602, 0.234102, 0.6062419, 0
0.2737747, 0.1859303, 0.293451, 0
0.633263, 0.2018102, 0.6024492, 0
0.5246647, 0.2685019, 0.4303513, 0
0.5669664, 0.2241202, 0.1582083, 0
0.697728, 0.286136, 0.4340813, 0
0.4719526, 0.1728674, 0.5113794, 0
0.7254514, 0.2155622, 0.6793304, 0
0.5668162, 0.2253202, 0.4699074, 0
0.5221672, 0.1791587, 0.2900786, 0
0.5346056, 0.1722952, 0.6329294, 0
0.4615221, 0.2155544, 0.3304492, 0
0.5656809, 0.1596341, 0.5614469, 0
0.5409684, 0.1832035, 0.5086227, 0
0.5718192, 0.213522, 0.313586, 0
0.4996388, 0.2220119, 0.4480819, 0
0.339794, 0.1955264, 0.644843, 0
0.4112871, 0.2816604, 0.480441, 0
0.4205392, 0.1627107, 0.7579654, 0
0.7487496, 0.1837825, 0.5924426, 0
0.4006967, 0.1981957, 0.6750079, 0
0.3142044, 0.2713205, 0.6169608, 0
0.6720906, 0.2317306, 0.3683123, 0
0.583666, 0.2108731, 0.38636, 0
0.2673159, 0.2469357, 0.3355407, 0
0.5599757, 0.1785488, 0.2324991, 0
0.7787634, 0.3006793, 0.4113366, 0
0.432036, 0.2135842, 0.7201586, 0
0.5338485, 0.1823227, 0.3928562, 0
0.2652103, 0.2344596, 0.6062665, 0
0.4595256, 0.1603926, 0.4712541, 0
0.445973, 0.2135017, 0.4596837, 0
0.7962283, 0.2119988, 0.6207255, 0
0.6437254, 0.1855426, 0.2975309, 0
0.2093877, 0.2061846, 0.406599, 0
0.2923222, 0.2947091, 0.5769936, 0
0.5771325, 0.1560971, 0.5944934, 0
0.3492039, 0.3024701, 0.6514764, 0
0.2390181, 0.2355178, 0.5677279, 0
0.7995323, 0.242086, 0.5252845, 0
0.3615352, 0.2723398, 0.6082655, 0
0.6356048, 0.186317, 0.3586444, 0
0.3603234, 0.2276834, 0.7032539, 0
0.6729163, 0.3083386, 0.3162439, 0
0.5273215, 0.28656, 0.6968083, 0
0.5867273, 0.2911822, 0.5272617, 0
0.6477201, 0.2815393, 0.5948432, 0
0.8237608, 0.2068813, 0.4072908, 0
0.4688845, 0.2339132, 0.61392, 0
0.7119614, 0.1913242, 0.3977655, 0
0.5205618, 0.1668894, 0.7011093, 0
0.423495, 0.2997491, 0.6595584, 0
0.603389, 0.2536644, 0.5678678, 0
0.3451473, 0.2241106, 0.3879148, 0
0.3783819, 0.2847624, 0.4389029, 0
0.6700231, 0.1602113, 0.6077775, 0
0.7341681, 0.2747197, 0.4106911, 0
0.3599573, 0.1894515, 0.750049, 0
0.4080798, 0.2538524, 0.6720226, 0
0.6799814, 0.2151978, 0.3988341, 0
0.6979772, 0.1616175, 0.6396675, 0
0.5740893, 0.2305145, 0.6479728, 0
0.3803067, 0.2793637, 0.602499, 0
0.2691426, 0.2775856, 0.3296811, 0
0.5866298, 0.2256984, 0.4752968, 0
0.2752829, 0.2182979, 0.6548417, 0
0.3410271, 0.201681, 0.5879402, 0
0.3620352, 0.1722884, 0.6071108, 0
0.355352, 0.2043007, 0.4247993, 0
0.5764421, 0.2791257, 0.1786504, 0
0.707712, 0.2027927, 0.7088872, 0
0.7370164, 0.2655255, 0.641878, 0
0.6256448, 0.1925755, 0.3876139, 0
0.7545496, 0.2133974, 0.3233294, 0
0.4056975, 0.2772161, 0.3443598, 0
0.7083604, 0.1792878, 0.6203328, 0
0.2651156, 0.1934784, 0.562348, 0
0.4584793, 0.1713158, 0.7173101, 0
0.5640837, 0.2426372, 0.2291204, 0
0.5327895, 0.1903114, 0.4976631, 0
0.6653535, 0.2365846, 0.2115892, 0
0.659822, 0.1721826, 0.2529264, 0
0.6799235, 0.1767691, 0.5728108, 0
0.7780604, 0.1869923, 0.4053428, 0
0.5298746, 0.2761939, 0.5709447, 0
0.7837341, 0.1829526, 0.5910442, 0
0.3354912, 0.2529895, 0.2162065, 0
0.2961023, 0.1872604, 0.4123176, 0
0.6208357, 0.2965107, 0.6665812, 0
0.4476398, 0.2335771, 0.5806541, 0
0.5634301, 0.2506782, 0.5479358, 0
0.7525679, 0.2326325, 0.2703317, 0
0.5274172, 0.2888903, 0.3835101, 0
0.6682097, 0.2150482, 0.366578, 0
0.4736998, 0.20272, 0.7640567, 0
0.6948033, 0.1811267, 0.4033441, 0
0.5388416, 0.258217, 0.1541506, 0
0.4063841, 0.2622092, 0.2840429, 0
0.6028593, 0.2511351, 0.1636774, 0
0.2570036, 0.1634104, 0.4305438, 0
0.4540883, 0.25844, 0.3380588, 0
0.5073122, 0.1709674, 0.4012381, 0
0.4072951, 0.2086594, 0.4353881, 0
0.2971912, 0.2452425, 0.5342534, 0
0.2332605, 0.2155597, 0.522584, 0
0.7681478, 0.1851771, 0.2730686, 0
0.2859638, 0.2794232, 0.33126, 0
0.4637899, 0.230304, 0.2438947, 0
0.5774738, 0.2286816, 0.7649257, 0
0.7429012, 0.2131584, 0.4727268, 0
0.2366963, 0.1921542, 0.3344231, 0
0.3964662, 0.2316083, 0.666217, 0
0.7641068, 0.2663027, 0.5580802, 0
0.7161683, 0.212761, 0.5092864, 0
0.5570787, 0.2577218, 0.2672939, 0
0.6182048, 0.2395511, 0.7325345, 0
0.5294999, 0.2633921, 0.7519264, 0
0.4977839, 0.2940933, 0.7080725, 0
0.7082538, 0.21158, 0.6011853, 0
0.633393, 0.1674291, 0.7341464, 0
0.268517, 0.1818349, 0.2609078, 0
0.5134916, 0.1536502, 0.7304699, 0
0.3264709, 0.1759102, 0.7208372, 0
0.184247, 0.2141292, 0.4307165, 0
0.4860482, 0.2746988, 0.3905665, 0
0.6804038, 0.1894804, 0.4914432, 0
0.311459, 0.2563468, 0.2989395, 0
0.575978, 0.1978589, 0.4937167, 0
0.2973009, 0.2361009, 0.5540876, 0
0.5595891, 0.2605071, 0.4028117, 0
0.2963603, 0.292665, 0.4842152, 0
0.6259056, 0.2554279, 0.6851702, 0
0.3127323, 0.2333106, 0.388465, 0
0.6452922, 0.293946, 0.3914785, 0
0.2663694, 0.2718541, 0.6030681, 0
0.6301303, 0.2759558, 0.2060078, 0
0.3680023, 0.1717948, 0.4856711, 0
0.6829674, 0.1781411, 0.2055885, 0
0.6763684, 0.291603, 0.5970247, 0
0.587756, 0.2328379, 0.1705362, 0
0.6053765, 0.2682049, 0.1834102, 0
0.4435857, 0.1770043, 0.3676087, 0
0.2645609, 0.2386003, 0.2665306, 0
0.3732993, 0.2031527, 0.2098552, 0
0.5409285, 0.3039167, 0.4885814, 0
0.6688818, 0.2039776, 0.4898596, 0
0.6146936, 0.2444421, 0.5004904, 0
0.7634366, 0.269558, 0.3706384, 0
0.7247944, 0.2877533, 0.4726741, 0
0.2536583, 0.2076905, 0.4673663, 0
0.7002479, 0.2761564, 0.3460927, 0
0.277341, 0.205149, 0.4690959, 0
0.5691128, 0.2068352, 0.6103994, 0
0.6116381, 0.1858551, 0.3868545, 0
0.3308657, 0.1726394, 0.4379592, 0
0.2656774, 0.1502755, 0.4262941, 0
0.5384937, 0.2154271, 0.1308282, 0
0.7375452, 0.259066, 0.6046472, 0
0.5929107, 0.2725859, 0.2533156, 0
0.5778324, 0.283795, 0.2298537, 0
0.3085501, 0.2058178, 0.4601311, 0
0.6512258, 0.2289751, 0.4390298, 0
0.5824175, 0.1605287, 0.5577387, 0
0.7858779, 0.1719922, 0.2371276, 0
0.3314787, 0.2817779, 0.4600419, 0
0.3676039, 0.1971752, 0.6303506, 0
0.465651, 0.1722588, 0.6946995, 0
0.8129072, 0.2022579, 0.5064246, 0
0.7001966, 0.2081812, 0.6838208, 0
0.3424006, 0.2546077, 0.5507448, 0
0.334561, 0.2489275, 0.6168352, 0
0.2235075, 0.1579316, 0.4660069, 0
0.3133815, 0.201851, 0.2951524, 0
0.4502846, 0.1749286, 0.4755733, 0
0.4409047, 0.2885898, 0.6644139, 0
0.5728549, 0.3040768, 0.5687116, 0
0.5173973, 0.2407797, 0.3583098, 0
0.3863133, 0.2105441, 0.3798502, 0
0.4479156, 0.1810963, 0.6352042, 0
0.2413923, 0.1772018, 0.6160508, 0
0.7892731, 0.2661287, 0.4394757, 0
0.2920257, 0.2741527, 0.5749196, 0
0.653023, 0.1646264, 0.3329997, 0
0.2704662, 0.2642016, 0.3384404, 0
0.7431552, 0.1879805, 0.2528585, 0
0.4260966, 0.1993943, 0.6517149, 0
0.3789388, 0.1974444, 0.579586, 0
0.3444295, 0.2270013, 0.4051107, 0
0.599427, 0.1888355, 0.392615, 0
0.7032881, 0.203103, 0.4674687, 0
0.7742589, 0.1962323, 0.60511, 0
0.6885202, 0.2509786, 0.687327, 0
0.7515756, 0.2470895, 0.5349436, 0
0.5728843, 0.2970491, 0.5497447, 0
0.4775915, 0.2327372, 0.6107376, 0
0.2705065, 0.2106596, 0.3592339, 0
0.4583783, 0.2464235, 0.5156295, 0
0.7594051, 0.2822945, 0.3031243, 0
0.6414165, 0.2508975, 0.5032647, 0
0.3638541, 0.2736648, 0.4117067, 0
0.6537256, 0.235605, 0.6987683, 0
0.26592, 0.2791707, 0.5750293, 0
0.7882993, 0.2041104, 0.3598388, 0
0.4142091, 0.2703629, 0.2512488, 0
0.3494861, 0.2995302, 0.4416769, 0
0.5025516, 0.210694, 0.2497228, 0
0.7712348, 0.2381231, 0.5511132, 0
0.3430472, 0.2209996, 0.4140904, 0
0.6886929, 0.2620122, 0.655672, 0
0.3028592, 0.1907469, 0.200892, 0
0.3648298, 0.2290529, 0.232273, 0
0.6726835, 0.1821986, 0.3290929, 0
0.450767, 0.3015409, 0.2676382, 0
0.3564795, 0.3000736, 0.5209717, 0
0.2759835, 0.154208, 0.6573439, 0
0.3460281, 0.1690932, 0.1784261, 0
0.2334129, 0.166275, 0.3486622, 0
0.4844793, 0.2932526, 0.64602, 0
0.4695384, 0.1637432, 0.2797769, 0
0.4399468, 0.2289816, 0.5063177, 0
0.4513996, 0.2877221, 0.3923692, 0
0.6128602, 0.1861521, 0.2117915, 0
0.2718124, 0.1723846, 0.4656648, 0
0.5922417, 0.1836687, 0.4767838, 0
0.3157463, 0.2131749, 0.2200114, 0
0.6330397, 0.2008011, 0.2873589, 0
0.2212109, 0.1783829, 0.4639384, 0
0.4322684, 0.3054304, 0.4787633, 0
0.6893344, 0.2971441, 0.4980572, 0
0.7998869, 0.2017274, 0.326168, 0
0.4152853, 0.1786165, 0.727271, 0
0.4326746, 0.2015421, 0.7720157, 0
0.2959262, 0.2960249, 0.5973608, 0
0.4467854, 0.2019564, 0.6744595, 0
0.211954, 0.2197545, 0.4045759, 0
0.2927167, 0.2771817, 0.6141413, 0
0.4736524, 0.1825963, 0.6852797, 0
0.4227542, 0.2923348, 0.3429688, 0
0.7043791, 0.2870433, 0.6183597, 0
0.4155089, 0.2664988, 0.2501813, 0
0.3886914, 0.1967523, 0.4245771, 0
0.3195538, 0.1707966, 0.6135446, 0
0.6095349, 0.1653687, 0.2405943, 0
0.5332123, 0.2581854, 0.2828302, 0
0.6808755, 0.279456, 0.4128004, 0
0.4563578, 0.1808401, 0.3396873, 0
0.4328198, 0.2180739, 0.4057939, 0
0.6643792, 0.2531513, 0.3731176, 0
0.5115502, 0.1943593, 0.2933338, 0
0.5036231, 0.1635303, 0.7516042, 0
0.5522453, 0.1848348, 0.3569648, 0
0.5451857, 0.2777499, 0.2273818, 0
0.3200339, 0.2088943, 0.409736, 0
0.4095484, 0.1917037, 0.4069116, 0
0.7173802, 0.293561, 0.5768369, 0
0.4959421, 0.2735292, 0.6126528, 0
0.4767088, 0.1838481, 0.4461258, 0
0.4539069, 0.1944496, 0.5048195, 0
0.2728577, 0.1825025, 0.4807436, 0
0.3141528, 0.2312229, 0.3245198, 0
0.2146307, 0.2641805, 0.4231003, 0
0.6414553, 0.1853776, 0.4746097, 0
0.4516699, 0.2667014, 0.1889314, 0
0.6666429, 0.2971307, 0.600837, 0
0.1851366, 0.2054689, 0.3896469, 0
0.3918581, 0.2280319, 0.4459412, 0
0.7555854, 0.2630175, 0.5434769, 0
0.4757746, 0.1615639, 0.6390764, 0
0.3834688, 0.2061218, 0.4202445, 0
0.4696769, 0.2905436, 0.6801057, 0
0.3564205, 0.1716008, 0.6113986, 0
0.5033648, 0.1639087, 0.3569173, 0
0.6716577, 0.280089, 0.4081281, 0
0.5118027, 0.2665665, 0.4988537, 0
0.3523377, 0.2057913, 0.7076414, 0
0.6869633, 0.1706923, 0.2901037, 0
0.5811545, 0.2419792, 0.7613832, 0
0.2675846, 0.1652112, 0.6001467, 0
0.5175674, 0.3014912, 0.4961208, 0
0.2074883, 0.1581491, 0.4057631, 0
0.5677426, 0.2671998, 0.4148018, 0
0.2483064, 0.2290212, 0.3793944, 0
0.7489952, 0.2358067, 0.4254656, 0
0.243637, 0.2783227, 0.3579773, 0
0.8107768, 0.1847206, 0.2814879, 0
0.6866664, 0.2279224, 0.1996342, 0
0.5461351, 0.2886346, 0.1862198, 0
0.3396539, 0.2671326, 0.32952, 0
0.7411368, 0.1918234, 0.6697391, 0
0.578913, 0.1670472, 0.5267386, 0
0.6301096, 0.2601939, 0.278955, 0
0.4098692, 0.1995518, 0.509842, 0
0.7804399, 0.2843157, 0.4615638, 0
0.6390571, 0.1615738, 0.7123606, 0
0.2858815, 0.195739, 0.3359656, 0
0.4664958, 0.2147478, 0.5275247, 0
0.4888926, 0.2461766, 0.2400452, 0
0.7629107, 0.2408877, 0.4452126, 0
0.639665, 0.2616578, 0.7196056, 0
0.5434256, 0.1664488, 0.505837, 0
0.2991277, 0.1636862, 0.227994, 0
0.2877589, 0.2796497, 0.3537172, 0
0.531236, 0.2774905, 0.7181876, 0
0.2222912, 0.2664441, 0.5128869, 0
0.4683928, 0.2633304, 0.2845393, 0
0.688096, 0.2237162, 0.2226214, 0
0.4562612, 0.2572742, 0.1520648, 0
0.425788, 0.1892792, 0.5771107, 0
0.6076266, 0.2145777, 0.3245562, 0
0.567421, 0.171765, 0.6028795, 0
0.6802066, 0.1937864, 0.4976619, 0
0.6435816, 0.2260012, 0.1706532, 0
0.4105327, 0.1744676, 0.2529885, 0
0.3455942, 0.1840903, 0.3817844, 0
0.4484262, 0.2300101, 0.7306835, 0
0.6304395, 0.2612241, 0.2810336, 0
0.60672, 0.168464, 0.7192922, 0
0.3436234, 0.166513, 0.6649624, 0
0.4437025, 0.2125541, 0.5906765, 0
0.3363025, 0.1552749, 0.3639709, 0
0.5217384, 0.3007585, 0.5317158, 0
0.463389, 0.2624438, 0.2017241, 0
0.3285826, 0.2819513, 0.3601716, 0
0.6965792, 0.2087007, 0.2446088, 0
0.5571401, 0.2561968, 0.258125, 0
0.7710733, 0.1718515, 0.6589437, 0
0.543617, 0.1953855, 0.7062877, 0
0.491726, 0.1803959, 0.6987814, 0
0.566809, 0.1852994, 0.1579837, 0
0.3585195, 0.2933552, 0.2510652, 0
0.552332, 0.2913613, 0.4266327, 0
0.2480564, 0.1967654, 0.4707905, 0
0.2865522, 0.1895707, 0.5528456, 0
0.5630791, 0.2110457, 0.6455463, 0
0.2756397, 0.1729038, 0.5355293, 0
0.3619794, 0.2951514, 0.4109102, 0
0.6621083, 0.1911329, 0.5548093, 0
0.2671598, 0.2400759, 0.5892895, 0
0.3924724, 0.2945824, 0.4103285, 0
0.7556601, 0.1962939, 0.6223218, 0
0.7811197, 0.2766669, 0.546261, 0
0.6669813, 0.2117505, 0.4983445, 0
0.7954561, 0.2229294, 0.5298403, 0
0.5380957, 0.218714, 0.7681941, 0
0.818397, 0.22478, 0.5013272, 0
0.6476909, 0.1895533, 0.5773973, 0
0.6348867, 0.1761586, 0.3295709, 0
0.5403467, 0.1572145, 0.2852371, 0
0.2779755, 0.2235024, 0.5206993, 0
0.4760064, 0.1694877, 0.3569027, 0
0.2057749, 0.190267, 0.317569, 0
0.3523249, 0.2056185, 0.2815098, 0
0.4009804, 0.2109928, 0.6373854, 0
0.6615033, 0.202097, 0.3399616, 0
0.3421411, 0.2516621, 0.3059981, 0
0.5483276, 0.2122417, 0.6221855, 0
0.2388917, 0.1694337, 0.4038323, 0
0.3827776, 0.2335387, 0.5525329, 0
0.2702258, 0.1954112, 0.4909373, 0
0.2739348, 0.2642295, 0.4101244, 0
0.5208525, 0.26164, 0.6456679, 0
0.2511853, 0.1730226, 0.5624295, 0
0.3609259, 0.2604828, 0.6508573, 0
0.4165536, 0.3020969, 0.509994, 0
0.2924564, 0.2590297, 0.3157464, 0
0.2034775, 0.2510203, 0.4108247, 0
0.435035, 0.188572, 0.760589, 0
0.3122863, 0.1825259, 0.2740172, 0
0.4581158, 0.2863671, 0.6118227, 0
0.4444269, 0.1565224, 0.2588075, 0
0.404645, 0.1757528, 0.5164989, 0
0.3921658, 0.2092218, 0.2222741, 0
0.5071644, 0.1955375, 0.3086706, 0
0.350531, 0.2735309, 0.2962868, 0
0.2743885, 0.200928, 0.6041127, 0
0.3494836, 0.2810633, 0.5757494, 0
0.2387974, 0.1741845, 0.3420687, 0
0.4794409, 0.2033214, 0.7776375, 0
0.1897241, 0.1763972, 0.568699, 0
0.3502454, 0.2343915, 0.2705595, 0
0.715344, 0.2853052, 0.3167244, 0
0.3693341, 0.2000965, 0.3201506, 0
0.5785237, 0.1900948, 0.4724652, 0
0.4089593, 0.2108461, 0.6728698, 0
0.5264616, 0.3064047, 0.5886145, 0
0.590634, 0.2034461, 0.3245161, 0
0.7237747, 0.1958994, 0.2885886, 0
0.5188479, 0.2455121, 0.1665819, 0
0.4854409, 0.2707715, 0.6284227, 0
0.7844674, 0.1886167, 0.3427902, 0
0.5074098, 0.3041821, 0.5569796, 0
0.7022569, 0.2284384, 0.3887471, 0
0.4694069, 0.1663289, 0.3011761, 0
0.2237734, 0.273264, 0.4469663, 0
0.4228021, 0.2128911, 0.5267843, 0
0.3438032, 0.159763, 0.6299927, 0
0.7625094, 0.1971256, 0.5455936, 0
0.5007383, 0.1805707, 0.531042, 0
0.5546052, 0.298734, 0.2479572, 0
0.6079655, 0.1801228, 0.4771644, 0
0.5982112, 0.2477905, 0.2704302, 0
0.4478098, 0.1848741, 0.788984, 0
0.467793, 0.2288778, 0.5586249, 0
0.6375545, 0.2229096, 0.6522396, 0
0.6793482, 0.2117156, 0.6346401, 0
0.3835858, 0.2429086, 0.3016675, 0
0.3756202, 0.2597689, 0.5147485, 0
0.704144, 0.1870795, 0.5072044, 0
0.4944409, 0.2469076, 0.7084057, 0
0.3774499, 0.2833971, 0.7015195, 0
0.5674253, 0.1811215, 0.5875109, 0
0.3328788, 0.2286553, 0.336042, 0
0.7014974, 0.271075, 0.2853283, 0
0.7511709, 0.1675855, 0.6140484, 0
0.7900903, 0.2746152, 0.4184348, 0
0.4633797, 0.1661482, 0.464002, 0
0.6339398, 0.1650145, 0.4319628, 0
0.3952606, 0.2142583, 0.1564634, 0
0.5785685, 0.2611413, 0.4259865, 0
0.6196024, 0.2826598, 0.7008666, 0
0.4470028, 0.1626662, 0.4040708, 0
0.3701356, 0.3038339, 0.5685693, 0
0.5069532, 0.2996704, 0.6412972, 0
0.3970004, 0.2750894, 0.3107804, 0
0.6768803, 0.2759479, 0.223952, 0
0.4339622, 0.291614, 0.6958092, 0
0.5516423, 0.2703919, 0.4604358, 0
0.3431331, 0.2417699, 0.4358264, 0
0.4557962, 0.2015525, 0.3414574, 0
0.4283999, 0.2061862, 0.3759297, 0
0.550801, 0.2622754, 0.1804129, 0
0.4824974, 0.1813601, 0.5563459, 0
0.6654302, 0.2986649, 0.3481277, 0
0.4270807, 0.210388, 0.7004483, 0
0.4479447, 0.1742637, 0.4535213, 0
0.2447856, 0.1728934, 0.2531996, 0
0.1807787, 0.1720826, 0.4799235, 0
0.8000113, 0.2525452, 0.4090804, 0
0.7623708, 0.2957443, 0.5582474, 0
0.6169335, 0.1846334, 0.4625302, 0
0.3662683, 0.2360893, 0.5501211, 0
0.5530853, 0.2579134, 0.6474668, 0
0.2667177, 0.2081854, 0.3257664, 0
0.4927211, 0.2705399, 0.3136808, 0
0.4315421, 0.2075221, 0.4578352, 0
0.6738777, 0.2089826, 0.4296071, 0
0.4657443, 0.2848023, 0.5883194, 0
0.2718386, 0.1574934, 0.5916526, 0
0.5644722, 0.1684593, 0.4405465, 0
0.4019537, 0.2180694, 0.5753927, 0
0.2277365, 0.1762506, 0.5291525, 0
0.4500779, 0.2379828, 0.7717533, 0
0.5369791, 0.2315018, 0.5956064, 0
0.3454545, 0.1777411, 0.4554268, 0
0.6830482, 0.2592127, 0.273292, 0
0.4409457, 0.2623682, 0.735429, 0
0.5933467, 0.171673, 0.5156315, 0
0.5765935, 0.2332282, 0.6922038, 0
0.3098028, 0.1690383, 0.3041539, 0
0.2570878, 0.27573, 0.6133739, 0
0.7691516, 0.2981755, 0.4348975, 0
0.1978731, 0.2201552, 0.4064028, 0
0.6011675, 0.2250767, 0.3986971, 0
0.2692054, 0.2054276, 0.5844736, 0
0.6444332, 0.1637368, 0.2305612, 0
0.2575047, 0.1786083, 0.3504857, 0
0.5055493, 0.2632812, 0.7466824, 0
0.8205389, 0.2345438, 0.5127614, 0
0.3355141, 0.2768876, 0.3097093, 0
0.3562327, 0.2164114, 0.2597123, 0
0.3210208, 0.1891637, 0.2187306, 0
0.2661864, 0.2729536, 0.5404163, 0
0.4386924, 0.2135537, 0.7354773, 0
0.5692329, 0.2200706, 0.1261422, 0
0.7395839, 0.2016723, 0.541097, 0
0.374417, 0.2047404, 0.5323992, 0
0.4748838, 0.2166327, 0.3478928, 0
0.5844488, 0.1895887, 0.6270924, 0
0.4478328, 0.2456631, 0.7597565, 0
0.6724283, 0.1754023, 0.2729364, 0
0.3349882, 0.1701255, 0.4755549, 0
0.6002735, 0.2577917, 0.4508888, 0
0.611191, 0.2045305, 0.6091667, 0
0.4960881, 0.2139397, 0.3575236, 0
0.6175418, 0.1633311, 0.2773721, 0
0.3038852, 0.2425872, 0.2079316, 0
0.4496807, 0.2589927, 0.3093969, 0
0.8149192, 0.2256898, 0.4183806, 0
0.4328595, 0.220016, 0.1392861, 0
0.5522685, 0.2836544, 0.2116037, 0
0.476977, 0.1610679, 0.3859389, 0
0.6965838, 0.2693904, 0.332965, 0
0.2450077, 0.2528498, 0.4910254, 0
0.5265641, 0.1749873, 0.6040764, 0
0.4842211, 0.2282824, 0.7357388, 0
0.3879821, 0.1781393, 0.6529083, 0
0.7498517, 0.1961854, 0.4536061, 0
0.6189098, 0.2803535, 0.2375482, 0
0.4984092, 0.2625697, 0.3242865, 0
0.4639868, 0.2793632, 0.5788578, 0
0.2587438, 0.1857841, 0.4865744, 0
0.4580277, 0.2003459, 0.6033626, 0
0.462653, 0.1671236, 0.2507896, 0
0.48658, 0.2985421, 0.2168815, 0
0.2769356, 0.1776768, 0.580596, 0
0.4685696, 0.2948706, 0.572905, 0
0.699706, 0.2584556, 0.4299667, 0
0.7449965, 0.2763748, 0.4890722, 0
0.3632856, 0.2964107, 0.589719, 0
0.6426437, 0.1818437, 0.515936, 0
0.3896917, 0.2737319, 0.4418403, 0
0.3659467, 0.300874, 0.4415333, 0
0.5924415, 0.2151227, 0.6259736, 0
0.7341573, 0.252221, 0.5258887, 0
0.4090758, 0.219153, 0.501818, 0
0.4848389, 0.2683208, 0.2096914, 0
0.5723866, 0.2792804, 0.4324738, 0
0.2854717, 0.184893, 0.4501242, 0
0.54321, 0.2363074, 0.5204752, 0
0.2692762, 0.2686354, 0.3931405, 0
0.3407823, 0.3008682, 0.3162109, 0
0.6528419, 0.2276991, 0.2474107, 0
0.6707242, 0.2346547, 0.195762, 0
0.6049467, 0.1839031, 0.5255114, 0
0.5543299, 0.2785932, 0.181952, 0
0.3932326, 0.2750444, 0.4765368, 0
0.6959155, 0.2051719, 0.2648606, 0
0.5567726, 0.2796524, 0.635567, 0
0.2319935, 0.2578819, 0.3637094, 0
0.6747147, 0.2359472, 0.3031733, 0
0.5902164, 0.2811497, 0.5761078, 0
0.5473226, 0.2494085, 0.1740271, 0
0.4551258, 0.2211631, 0.2590577, 0
0.590059, 0.2440039, 0.7236227, 0
0.2324826, 0.2133616, 0.4582403, 0
0.3323563, 0.2528512, 0.5600135, 0
0.3803933, 0.2093912, 0.1836302, 0
0.3176916, 0.2690094, 0.3097422, 0
0.4930628, 0.1992938, 0.2207187, 0
0.329757, 0.2601828, 0.4687715, 0
0.6242561, 0.1786905, 0.3437856, 0
0.5493844, 0.2167367, 0.6480512, 0
0.3874122, 0.1616768, 0.2363188, 0
0.2904071, 0.1830811, 0.3814761, 0
0.4152737, 0.2837281, 0.6284579, 0
0.4327328, 0.1737198, 0.2674221, 0
0.6489608, 0.2150534, 0.3104926, 0
0.2921385, 0.168047, 0.6742411, 0
0.4794302, 0.2829022, 0.7167515, 0
0.4160059, 0.1649466, 0.5351197, 0
0.2118673, 0.2327776, 0.4775834, 0
0.4286652, 0.2800217, 0.5901607, 0
0.5774292, 0.1663732, 0.4991575, 0
0.7283057, 0.2034853, 0.2622173, 0
0.5117886, 0.2642913, 0.6412821, 0
0.4470786, 0.2285943, 0.2962784, 0
0.7421813, 0.2579343, 0.4067464, 0
0.5644189, 0.158701, 0.473819, 0
0.3506844, 0.2469731, 0.3970857, 0
0.7231904, 0.2966455, 0.4752134, 0
0.3985598, 0.2163012, 0.4231417, 0
0.4884431, 0.2434797, 0.4837852, 0
0.5191684, 0.277555, 0.5240148, 0
0.5874495, 0.2894228, 0.6220255, 0
0.561289, 0.1958919, 0.6575902, 0
0.5764166, 0.1980938, 0.2965989, 0
0.2200201, 0.2051105, 0.5338537, 0
0.4522462, 0.2912184, 0.2028796, 0
0.813805, 0.2424736, 0.3783608, 0
0.462653, 0.2587645, 0.6378171, 0
0.6071373, 0.2407125, 0.6655024, 0
0.3382856, 0.2444219, 0.1858375, 0
0.6023586, 0.2367084, 0.245898, 0
0.2987023, 0.196052, 0.4144644, 0
0.4004838, 0.202647, 0.4800078, 0
0.6170121, 0.2549278, 0.2144597, 0
0.3520437, 0.2826508, 0.4050515, 0
0.2756973, 0.274745, 0.5748872, 0
0.536046, 0.1638599, 0.465955, 0
0.6951569, 0.1700852, 0.4048757, 0
0.8122876, 0.2201384, 0.4852865, 0
0.4675974, 0.2543263, 0.4034944, 0
0.4960392, 0.2406676, 0.7399296, 0
0.3875152, 0.2202989, 0.5795788, 0
0.5454332, 0.2152723, 0.7374295, 0
0.255395, 0.203101, 0.4905638, 0
0.6319105, 0.1817943, 0.1321589, 0
0.3766495, 0.1835397, 0.5989114, 0
0.4013515, 0.2012176, 0.7127302, 0
0.5405801, 0.2398425, 0.4226692, 0
0.7218726, 0.1811647, 0.4647831, 0
0.2774354, 0.2273754, 0.6076466, 0
0.3487707, 0.2452881, 0.467374, 0
0.4521892, 0.1857009, 0.4869005, 0
0.3241085, 0.2176124, 0.399753, 0
0.3429231, 0.260299, 0.6611171, 0
0.5717151, 0.1700304, 0.1821095, 0
0.2875054, 0.2030598, 0.3663945, 0
0.7834794, 0.2633061, 0.3419285, 0
0.2312687, 0.2615953, 0.532824, 0
0.742596, 0.2484553, 0.5411, 0
0.3841718, 0.190949, 0.2570401, 0
0.5257137, 0.2470421, 0.7255678, 0
0.3540815, 0.2248383, 0.2164994, 0
0.6956252, 0.2103064, 0.2951851, 0
0.3361898, 0.2690164, 0.5320501, 0
0.6818361, 0.1877186, 0.4711196, 0
0.5019251, 0.2020641, 0.7189158, 0
0.3700506, 0.2226418, 0.5947573, 0
0.462945, 0.159304, 0.4619676, 0
0.7389064, 0.2989671, 0.4659317, 0
0.8305184, 0.1986602, 0.4129435, 0
0.5133801, 0.2319804, 0.1996092, 0
0.4317208, 0.1997043, 0.3190467, 0
0.2370495, 0.2357465, 0.4431992, 0
0.7708797, 0.2717238, 0.3210159, 0
0.3069077, 0.1714663, 0.501867, 0
0.4218589, 0.2261291, 0.3671854, 0
0.5277113, 0.2904426, 0.6806504, 0
0.8109113, 0.2269308, 0.4152855, 0
0.5933191, 0.240501, 0.5809765, 0
0.3695683, 0.193154, 0.4482219, 0
0.6869801, 0.1835639, 0.6125495, 0
0.5893309, 0.2362291, 0.272368, 0
0.5706843, 0.2921592, 0.4367955, 0
0.2615835, 0.2008855, 0.5096224, 0
0.4879704, 0.2687431, 0.7280638, 0
0.3968002, 0.2458663, 0.5415598, 0
0.6049226, 0.2817363, 0.6135613, 0
0.3349922, 0.2973942, 0.4918951, 0
0.3650909, 0.179023, 0.2849271, 0
0.5825038, 0.279628, 0.1757845, 0
0.2978126, 0.2128443, 0.4544998, 0
0.4569964, 0.2816926, 0.3084664, 0
0.3970637, 0.221978, 0.3302406, 0
0.4714729, 0.226791, 0.2016067, 0
0.2961474, 0.1824043, 0.1825495, 0
0.374558, 0.1632429, 0.2036118, 0
0.6843389, 0.2360192, 0.5556493, 0
0.4424089, 0.2006952, 0.7241951, 0
0.7866181, 0.2148908, 0.3174804, 0
0.4481948, 0.2706735, 0.6769771, 0
0.5961034, 0.1757962, 0.3533958, 0
0.277029, 0.2465912, 0.4485953, 0
0.5689486, 0.1721653, 0.5165209, 0
0.7274871, 0.1858933, 0.5314648, 0
0.5421895, 0.2511742, 0.3231157, 0
0.7686109, 0.1781428, 0.6134324, 0
0.6919456, 0.2503627, 0.3295789, 0
0.5323274, 0.2786626, 0.5924959, 0
0.3102766, 0.1821995, 0.2112477, 0
0.3558624, 0.1936047, 0.3892159, 0
0.3456752, 0.244727, 0.4588542, 0
0.52178, 0.2461905, 0.1570207, 0
0.3938279, 0.1845891, 0.2685889, 0
0.5065798, 0.1631952, 0.2878053, 0
0.7071835, 0.2151684, 0.5932896, 0
0.344413, 0.2705355, 0.5934058, 0
0.275412, 0.263159, 0.4119564, 0
0.3081625, 0.2328908, 0.487972, 0
0.3995931, 0.2987105, 0.6277505, 0
0.4229395, 0.2288005, 0.292163, 0
0.650162, 0.2716169, 0.6748198, 0
0.2610351, 0.2558063, 0.4424218, 0
0.7011036, 0.2689592, 0.5054089, 0
0.6519208, 0.2575454, 0.23474, 0
0.4301362, 0.2632163, 0.4470196, 0
0.2795752, 0.1789211, 0.6279992, 0
0.4781271, 0.2193839, 0.3815813, 0
0.5903069, 0.2324868, 0.3323775, 0
0.6304492, 0.2757445, 0.5993398, 0
0.6731282, 0.1616764, 0.6113484, 0
0.7046346, 0.2266171, 0.3520676, 0
0.241414, 0.1887913, 0.5167867, 0
0.5077893, 0.164516, 0.1290986, 0
0.6333821, 0.2711872, 0.2811473, 0
0.4050473, 0.2053964, 0.4761966, 0
0.3534541, 0.2761572, 0.6985881, 0
0.6283818, 0.18353, 0.3631054, 0
0.309802, 0.2087018, 0.5745192, 0
0.7470978, 0.2039498, 0.5281115, 0
0.2420522, 0.2867692, 0.5142216, 0
0.4571355, 0.2723463, 0.222129, 0
0.389386, 0.2156489, 0.4313013, 0
0.5922236, 0.197045, 0.5793151, 0
0.4511328, 0.1876293, 0.3555239, 0
0.7325121, 0.2336697, 0.6204894, 0
0.2672001, 0.2645725, 0.3235421, 0
0.3065035, 0.297442, 0.3143288, 0
0.5639072, 0.295862, 0.5978397, 0
0.815268, 0.1782628, 0.4190003, 0
0.5069454, 0.2856284, 0.4153419, 0
0.3492549, 0.1760181, 0.709544, 0
0.2265503, 0.2487067, 0.5736887, 0
0.7346683, 0.2247487, 0.5748352, 0
0.3663697, 0.23996, 0.22271, 0
0.2864472, 0.269348, 0.2832077, 0
0.4522716, 0.1597391, 0.4779091, 0
0.4125162, 0.1676505, 0.5059412, 0
0.5664786, 0.1544534, 0.5175961, 0
0.5878369, 0.1946171, 0.5806534, 0
0.5505752, 0.218677, 0.4730946, 0
0.3909007, 0.2562453, 0.2246905, 0
0.722589, 0.2351303, 0.2363825, 0
0.5966583, 0.2219351, 0.1675478, 0
0.4475613, 0.1588416, 0.629513, 0
0.5177276, 0.1861841, 0.7933389, 0
0.377878, 0.176599, 0.7716734, 0
0.7010406, 0.2360129, 0.6919764, 0
0.3210451, 0.1859459, 0.6530173, 0
0.3620841, 0.290206, 0.4094416, 0
0.373372, 0.3000143, 0.3720947, 0
0.8156987, 0.189934, 0.5104502, 0
0.4462025, 0.2209294, 0.428355, 0
0.5838369, 0.2808781, 0.1836307, 0
0.7857227, 0.218299, 0.6210423, 0
0.7411215, 0.241908, 0.364053, 0
0.30571, 0.2616856, 0.3596642, 0
0.3360649, 0.2339262, 0.6539283, 0
0.3640564, 0.2262462, 0.4636927, 0
0.5386141, 0.1659124, 0.2648374, 0
0.5445803, 0.28408, 0.2029729, 0
0.631191, 0.3013171, 0.6413929, 0
0.7448831, 0.3064545, 0.4186261, 0
0.2260911, 0.2726453, 0.5322561, 0
0.6474438, 0.1902953, 0.7068667, 0
0.7788169, 0.28793, 0.5383109, 0
0.3371499, 0.2901561, 0.6307255, 0
0.3186423, 0.2641819, 0.2634384, 0
0.586692, 0.2933912, 0.3507638, 0
0.3010048, 0.2317615, 0.2910805, 0
0.3629683, 0.2836596, 0.5806485, 0
0.5651772, 0.2181911, 0.2711124, 0
0.5409188, 0.2072063, 0.5433078, 0
0.3858919, 0.2625274, 0.4180765, 0
0.1834768, 0.1742274, 0.5292568, 0
0.310346, 0.2523443, 0.2766208, 0
0.6030484, 0.1935857, 0.1875153, 0
0.4466918, 0.1977032, 0.1442056, 0
0.4495997, 0.1544805, 0.739978, 0
0.7323176, 0.1818646, 0.6550953, 0
0.255367, 0.2892068, 0.3823275, 0
0.4024809, 0.2700597, 0.2662552, 0
0.4080791, 0.2478356, 0.406236, 0
0.7269287, 0.2192339, 0.3816557, 0
0.2265258, 0.1942266, 0.4401097, 0
0.553606, 0.1769988, 0.79919, 0
0.2260243, 0.2148054, 0.5233129, 0
0.5182785, 0.216112, 0.6172783, 0
0.7726312, 0.2060093, 0.5232916, 0
0.5550355, 0.1988675, 0.4732673, 0
0.5661385, 0.2149399, 0.7605338, 0
0.6085115, 0.3006881, 0.6165115, 0
0.3743329, 0.2624242, 0.5313442, 0
0.7305827, 0.2017625, 0.5448327, 0
0.4595428, 0.2643888, 0.434842, 0
0.7720058, 0.2260354, 0.6182638, 0
0.436992, 0.2231561, 0.7198485, 0
0.3047459, 0.1597348, 0.2490218, 0
0.4904741, 0.1513433, 0.4267414, 0
0.6339559, 0.2221901, 0.2506424, 0
0.4637213, 0.2568451, 0.6824862, 0
0.3788257, 0.1835087, 0.6180599, 0
0.6872702, 0.1757206, 0.489517, 0
0.2299052, 0.2702273, 0.5379202, 0
0.7813714, 0.2622779, 0.352328, 0
0.5489649, 0.2523184, 0.5709944, 0
0.4499531, 0.1685561, 0.3623161, 0
0.2914153, 0.1753575, 0.5969443, 0
0.6232343, 0.2170153, 0.7192619, 0
0.6190175, 0.1851417, 0.5267828, 0
0.6451792, 0.1820515, 0.4296509, 0
0.5523073, 0.1848022, 0.5209299, 0
0.5023524, 0.1858275, 0.72175, 0
0.7380149, 0.2150645, 0.2909805, 0
0.688459, 0.1703449, 0.2334138, 0
0.4204882, 0.2224667, 0.5228766, 0
0.6849415, 0.292807, 0.4762656, 0
0.5490445, 0.2105439, 0.4487399, 0
0.5705619, 0.2252525, 0.2270659, 0
0.5280503, 0.2004557, 0.2037774, 0
0.2718981, 0.2866215, 0.3310958, 0
0.563269, 0.2996076, 0.2932063, 0
0.5649284, 0.2486766, 0.5305239, 0
0.2419673, 0.1993299, 0.469014, 0
0.6350464, 0.2847206, 0.6683736, 0
0.6727846, 0.2401084, 0.5877445, 0
0.5708631, 0.1895654, 0.505804, 0
0.2884904, 0.1879937, 0.3585808, 0
0.7075109, 0.2725608, 0.3040956, 0
0.745585, 0.1879527, 0.2533021, 0
0.4625676, 0.1742378, 0.4323413, 0
0.3754313, 0.1731138, 0.3356029, 0
0.3840669, 0.2683071, 0.6807895, 0
0.2548302, 0.2906903, 0.3684649, 0
0.4148656, 0.2867024, 0.2209154, 0
0.5532636, 0.1604773, 0.6445338, 0
0.3823518, 0.2166142, 0.4447675, 0
0.6885451, 0.1859709, 0.225399, 0
0.7939645, 0.1864795, 0.4512105, 0
0.5233734, 0.2867249, 0.3116619, 0
0.4347017, 0.292732, 0.3853646, 0
0.4804283, 0.2945144, 0.3075022, 0
0.7217588, 0.2458913, 0.4061297, 0
0.3340187, 0.2036587, 0.3160248, 0
0.2899092, 0.2678851, 0.4562633, 0
0.4049038, 0.1769587, 0.4396347, 0
0.7226375, 0.2942321, 0.6271998, 0
0.2577948, 0.275352, 0.592963, 0
0.4255894, 0.2121345, 0.3677686, 0
0.6991839, 0.2945476, 0.4943054, 0
0.3938242, 0.2018853, 0.4622296, 0
0.3071585, 0.2139554, 0.4608711, 0
0.7634467, 0.1924582, 0.503491, 0
0.7940269, 0.1970222, 0.6097617, 0
0.2604722, 0.16163, 0.6227472, 0
0.5253195, 0.1809053, 0.4400709, 0
0.6536847, 0.2815667, 0.2868716, 0
0.7124687, 0.2919724, 0.609409, 0
0.5501067, 0.279797, 0.3093289, 0
0.2154993, 0.1999117, 0.4548938, 0
0.7890748, 0.2088585, 0.4967488, 0
0.3709689, 0.2811219, 0.6209418, 0
0.4105873, 0.1581379, 0.603726, 0
0.4291227, 0.2674505, 0.6189745, 0
0.4934656, 0.2129185, 0.1755072, 0
0.3417356, 0.2730421, 0.5190254, 0
0.2619814, 0.2827061, 0.501987, 0
0.6898182, 0.1667996, 0.2925828, 0
0.7217417, 0.212431, 0.4349988, 0
0.6319253, 0.1670689, 0.2415993, 0
0.6153572, 0.1917947, 0.501591, 0
0.5402753, 0.2039458, 0.2364447, 0
0.2694038, 0.2202955, 0.2525401, 0
0.3970544, 0.2948188, 0.6251764, 0
0.4386362, 0.167714, 0.3766403, 0
0.6077332, 0.2992547, 0.5211432, 0
0.6492978, 0.2846265, 0.2644751, 0
0.3287262, 0.2233016, 0.697679, 0
0.7690666, 0.2301649, 0.2749025, 0
0.7536917, 0.1714519, 0.6593451, 0
0.7032734, 0.2784663, 0.5757199, 0
0.465957, 0.2565401, 0.2677706, 0
0.484742, 0.1879199, 0.5122972, 0
0.3241315, 0.1924242, 0.6363435, 0
0.471815, 0.2317609, 0.5380617, 0
0.3602087, 0.1688947, 0.1686687, 0
0.7408584, 0.1990451, 0.2289978, 0
0.5760457, 0.1633313, 0.4612087, 0
0.5570126, 0.1795973, 0.3072629, 0
0.3965338, 0.2247643, 0.2731199, 0
0.7141214, 0.3101037, 0.5841987, 0
0.6830626, 0.2023111, 0.2323014, 0
0.5531917, 0.2111692, 0.2908901, 0
0.6459906, 0.2595457, 0.5264564, 0
0.6727678, 0.2674607, 0.4974814, 0
0.5668306, 0.2388782, 0.1493139, 0
0.3814758, 0.2347373, 0.3918841, 0
0.7221132, 0.2563008, 0.3228471, 0
0.7962056, 0.1936208, 0.3468058, 0
0.7243726, 0.2305677, 0.2995579, 0
0.4272235, 0.278981, 0.2179475, 0
0.4527549, 0.2392701, 0.3900355, 0
0.4549457, 0.2922116, 0.4662762, 0
0.3906416, 0.2028594, 0.5184935, 0
0.634464, 0.257955, 0.280746, 0
0.5415328, 0.2246551, 0.2646954, 0
0.5950384, 0.1630121, 0.1791465, 0
0.707692, 0.2057714, 0.279936, 0
0.2882995, 0.2305493, 0.2435181, 0
0.526741, 0.1644132, 0.3157173, 0
0.7775043, 0.1987709, 0.3557233, 0
0.7285123, 0.2619794, 0.3929079, 0
0.711414, 0.2121962, 0.4810386, 0
0.3250216, 0.2673867, 0.2909421, 0
0.1909629, 0.1958111, 0.528803, 0
0.3065804, 0.1622469, 0.1970441, 0
0.3021699, 0.1656404, 0.3560563, 0
0.4877849, 0.2969303, 0.2843367, 0
0.7500566, 0.2086843, 0.2393207, 0
0.5262396, 0.2130905, 0.4498265, 0
0.4368, 0.1999307, 0.6027395, 0
0.7350507, 0.3051701, 0.3729641, 0
0.7540547, 0.2260737, 0.3835329, 0
0.2776769, 0.1789473, 0.6016504, 0
0.4676406, 0.2670074, 0.3855677, 0
0.6405291, 0.1639315, 0.1908978, 0
0.7076295, 0.1947081, 0.4946403, 0
0.3088758, 0.186272, 0.2092095, 0
0.3248584, 0.2726323, 0.3668391, 0
0.3899824, 0.1674074, 0.4024893, 0
0.5695515, 0.1942146, 0.5609339, 0
0.636831, 0.2066202, 0.5933824, 0
0.6509017, 0.248417, 0.2115232, 0
0.317152, 0.2004631, 0.3606762, 0
0.4641254, 0.2915112, 0.4471457, 0
0.4276535, 0.1591369, 0.3320653, 0
0.5432182, 0.2359649, 0.2969272, 0
0.6713437, 0.2836402, 0.2216038, 0
0.4706508, 0.2205713, 0.2844106, 0
0.3236616, 0.1861102, 0.6078997, 0
0.6195975, 0.2762704, 0.5726762, 0
0.555048, 0.2371234, 0.6745828, 0
0.6017901, 0.2095954, 0.3396776, 0
0.4506938, 0.2805007, 0.2078255, 0
0.7327639, 0.2881646, 0.4364961, 0
0.3303663, 0.2008479, 0.6571096, 0
0.6226679, 0.2610601, 0.3978369, 0
0.250554, 0.2309507, 0.3139348, 0
0.4956018, 0.1591004, 0.4411648, 0
0.3941594, 0.2723289, 0.5762922, 0
0.5996429, 0.2798334, 0.2760609, 0
0.5440966, 0.1977364, 0.7005692, 0
0.609519, 0.3024484, 0.3990955, 0
0.5070832, 0.1738074, 0.5320585, 0
0.4738691, 0.2431189, 0.1605342, 0
0.3070696, 0.228038, 0.6810333, 0
0.2591832, 0.2541204, 0.3628031, 0
0.5433083, 0.2864106, 0.4858075, 0
0.5934131, 0.2707405, 0.4830272, 0
0.2411483, 0.171493, 0.622309, 0
0.7007511, 0.2655514, 0.5228974, 0
0.6602474, 0.2025908, 0.4162389, 0
0.3705828, 0.2398016, 0.3894421, 0
0.561433, 0.2948392, 0.6545706, 0
0.5968868, 0.1869776, 0.6696935, 0
0.3660501, 0.1858464, 0.5091963, 0
0.410066, 0.2471988, 0.5418731, 0
0.6482544, 0.227777, 0.7373308, 0
0.5510319, 0.2459091, 0.6910076, 0
0.5000677, 0.2850709, 0.4385107, 0
0.5810013, 0.2826289, 0.5828237, 0
0.1964915, 0.164504, 0.5572589, 0
0.3730744, 0.16518, 0.4191629, 0
0.4104409, 0.1463691, 0.4634701, 0
0.4923196, 0.2949627, 0.4710265, 0
0.625113, 0.2079462, 0.6476941, 0
0.3233505, 0.2689048, 0.388621, 0
0.6667389, 0.1855737, 0.5458891, 0
0.4309063, 0.2338303, 0.1397262, 0
0.6648847, 0.2682076, 0.3690201, 0
0.5370574, 0.24253, 0.5311003, 0
0.5046091, 0.2039528, 0.4682917, 0
0.4078732, 0.2416435, 0.5835133, 0
0.6675341, 0.2505901, 0.7168179, 0
0.2787291, 0.2549055, 0.4609049, 0
0.3339268, 0.1898925, 0.2002307, 0
0.474762, 0.2663014, 0.7177372, 0
0.7101086, 0.2486892, 0.3134277, 0
0.4093631, 0.1761114, 0.2503971, 0
0.7443455, 0.2238944, 0.416976, 0
0.5004172, 0.2554382, 0.412622, 0
0.6977019, 0.218765, 0.1901729, 0
0.7333688, 0.1967254, 0.4326388, 0
0.8125594, 0.2463495, 0.5128455, 0
0.3910522, 0.1978359, 0.1631774, 0
0.4700494, 0.2662433, 0.3808711, 0
0.5767596, 0.208738, 0.2282662, 0
0.2865273, 0.2807467, 0.3561178, 0
0.2791549, 0.2765085, 0.2986299, 0
0.6996847, 0.2644729, 0.6739692, 0
0.5828618, 0.2332576, 0.7652374, 0
0.6943562, 0.2016625, 0.439767, 0
0.3879423, 0.2956826, 0.4321176, 0
0.6286713, 0.1982806, 0.4197493, 0
0.5232335, 0.2416077, 0.6420997, 0
0.2641136, 0.2125683, 0.634286, 0
0.3689555, 0.1853403, 0.1570688, 0
0.46623, 0.181039, 0.1536269, 0
0.5193245, 0.2730377, 0.1549937, 0
0.3733646, 0.2409385, 0.6508102, 0
0.7386934, 0.1567316, 0.3838978, 0
0.6653766, 0.2818651, 0.22394, 0
0.4878653, 0.1730688, 0.5056438, 0
0.2250398, 0.269309, 0.3951319, 0
0.7455636, 0.1614912, 0.6533715, 0
0.196523, 0.16435, 0.4245489, 0
0.3624216, 0.19102, 0.4546828, 0
0.6109998, 0.2038715, 0.2105494, 0
0.4617243, 0.2854041, 0.6821799, 0
0.6059628, 0.2864257, 0.705826, 0
0.6905258, 0.2617879, 0.2560853, 0
0.2889776, 0.2573979, 0.4022734, 0
0.54425, 0.2588871, 0.6076946, 0
0.7758875, 0.291703, 0.4892266, 0
0.4861746, 0.2407251, 0.4399332, 0
0.6115562, 0.2456178, 0.3710401, 0
0.1959196, 0.1829485, 0.5625793, 0
0.2552497, 0.2750392, 0.4021668, 0
0.531288, 0.2105737, 0.186671, 0
0.3342363, 0.2412092, 0.6052145, 0
0.7781956, 0.2958165, 0.365973, 0
0.2638032, 0.2058925, 0.3188995, 0
0.5119709, 0.1600187, 0.6955389, 0
0.2164851, 0.2254186, 0.3878133, 0
0.3377602, 0.1805165, 0.6693067, 0
0.6113256, 0.2560301, 0.2857399, 0
0.4673598, 0.2864785, 0.2004162, 0
0.389829, 0.2377839, 0.6667386, 0
0.3339359, 0.2106868, 0.4250592, 0
0.4963329, 0.2606491, 0.1791646, 0
0.8004186, 0.2189174, 0.4551259, 0
0.5152326, 0.2795138, 0.5712718, 0
0.7696604, 0.2748041, 0.3532102, 0
0.3288853, 0.2941037, 0.4897735, 0
0.4785786, 0.26346, 0.4372518, 0
0.7246418, 0.2141, 0.2780599, 0
0.4850422, 0.2341177, 0.5904209, 0
0.4501858, 0.1915943, 0.3224985, 0
0.570339, 0.2009909, 0.1458031, 0
0.5583439, 0.253217, 0.4740017, 0
0.6895418, 0.1747085, 0.3475739, 0
0.6989231, 0.1775732, 0.2088153, 0
0.4336807, 0.1988339, 0.5171516, 0
0.6919134, 0.2433147, 0.3798482, 0
0.7651511, 0.1838581, 0.6723908, 0
0.2655418, 0.1796393, 0.246581, 0
0.2475429, 0.1745275, 0.3989056, 0
0.5235957, 0.2365305, 0.4003423, 0
0.4221181, 0.2791009, 0.5021269, 0
0.7674212, 0.2438532, 0.5822826, 0
0.7164341, 0.2947606, 0.2596088, 0
0.1879539, 0.1907874, 0.3675028, 0
0.6106951, 0.2755122, 0.330249, 0
0.6710006, 0.1700307, 0.6313029, 0
0.344418, 0.1873527, 0.6067774, 0
0.5299613, 0.2776277, 0.3114775, 0
0.4960667, 0.2403246, 0.460726, 0
0.4231174, 0.1619846, 0.4918153, 0
0.5106018, 0.3104948, 0.5872556, 0
0.5303516, 0.2368139, 0.5901251, 0
0.3939001, 0.1639469, 0.1634572, 0
0.7198377, 0.2997435, 0.4372443, 0
0.3900455, 0.1961154, 0.6555052, 0
0.4331906, 0.2832957, 0.4419979, 0
0.680965, 0.2124565, 0.7086717, 0
0.5948159, 0.2114033, 0.604257, 0
0.4081934, 0.2790184, 0.5365275, 0
0.3066825, 0.2416116, 0.3556689, 0
0.3596846, 0.282228, 0.4354495, 0
0.2811731, 0.2029404, 0.3366061, 0
0.5208226, 0.3059174, 0.677011, 0
0.3047981, 0.2684614, 0.6832538, 0
0.5597708, 0.2260805, 0.2605369, 0
0.2618034, 0.229924, 0.5725043, 0
0.5793176, 0.1954743, 0.305944, 0
0.8277336, 0.191842, 0.3834227, 0
0.4863647, 0.2155599, 0.147859, 0
0.3696815, 0.261262, 0.3731321, 0
0.6245735, 0.286518, 0.3928161, 0
0.6704016, 0.2463803, 0.3151087, 0
0.6747577, 0.229707, 0.296941, 0
0.4011237, 0.2606636, 0.1797199, 0
0.5425603, 0.2942104, 0.4034317, 0
0.2964249, 0.203548, 0.6324025, 0
0.516629, 0.1839989, 0.4003966, 0
0.429462, 0.2175779, 0.5018867, 0
0.6352485, 0.2041514, 0.2167038, 0
0.3149619, 0.2372728, 0.2765608, 0
0.5651265, 0.2519429, 0.2415372, 0
0.3459675, 0.2097267, 0.4531918, 0
0.2894032, 0.2712651, 0.5310466, 0
0.329158, 0.2213857, 0.4320607, 0
0.8178905, 0.2183307, 0.5419659, 0
0.7000532, 0.2342394, 0.5516683, 0
0.4606818, 0.2901526, 0.5807455, 0
0.5548, 0.1984076, 0.6943627, 0
0.4411049, 0.1602638, 0.1589708, 0
0.7250396, 0.2482252, 0.2921413, 0
0.1941831, 0.1887366, 0.3566419, 0
0.4619312, 0.2510632, 0.4548581, 0
0.4321674, 0.2413176, 0.278774, 0
0.4717483, 0.1966843, 0.2590771, 0
0.6157658, 0.2413221, 0.5981506, 0
0.6825014, 0.2870372, 0.5959409, 0
0.4292551, 0.2880362, 0.2371216, 0
0.5682337, 0.2194322, 0.5926181, 0
0.3253976, 0.1893334, 0.5216897, 0
0.602291, 0.3038135, 0.6481137, 0
0.4360191, 0.2029917, 0.1327328, 0
0.6613616, 0.2974572, 0.5656063, 0
0.3021875, 0.230662, 0.683403, 0
0.7673044, 0.2387028, 0.5107685, 0
0.5040167, 0.2193833, 0.7319064, 0
0.6866772, 0.2204039, 0.7101029, 0
0.4503442, 0.2911789, 0.6383365, 0
0.7807036, 0.2212558, 0.6385638, 0
0.3094636, 0.2316758, 0.5751492, 0
0.651333, 0.1892998, 0.4828193, 0
0.5414367, 0.2449003, 0.4061915, 0
0.7192035, 0.2268637, 0.6691245, 0
0.289906, 0.159189, 0.634177, 0
0.4519487, 0.2674652, 0.2996897, 0
0.2632107, 0.2036243, 0.5226885, 0
0.3499064, 0.2864597, 0.6744455, 0
0.4972944, 0.2638049, 0.3418229, 0
0.6267822, 0.2454979, 0.3924538, 0
0.4653468, 0.1513029, 0.307344, 0
0.3827419, 0.2560028, 0.6093976, 0
0.660033, 0.3002516, 0.398383, 0
0.4675731, 0.2762061, 0.5013515, 0
0.2335234, 0.2026324, 0.598967, 0
0.4082554, 0.251296, 0.7239966, 0
0.7333727, 0.1844808, 0.3304942, 0
0.5149993, 0.1919294, 0.4890861, 0
0.4900928, 0.1861756, 0.6589614, 0
0.3111099, 0.2036061, 0.6275006, 0
0.5554179, 0.2102706, 0.2559599, 0
0.5007554, 0.2482968, 0.1539518, 0
0.4623098, 0.1801122, 0.4233404, 0
0.5709684, 0.2101863, 0.1506122, 0
0.6762113, 0.1547885, 0.3603212, 0
0.309218, 0.1622445, 0.6530425, 0
0.362913, 0.2611315, 0.6693373, 0
0.3190483, 0.298774, 0.3779624, 0
0.6986859, 0.1671409, 0.2239344, 0
0.422978, 0.2633633, 0.2038562, 0
0.2033491, 0.2471402, 0.4245688, 0
0.4094257, 0.1614258, 0.3102539, 0
0.4198526, 0.246068, 0.1587479, 0
0.2254935, 0.1838745, 0.4278723, 0
0.3942427, 0.1955726, 0.168273, 0
0.3409569, 0.2855344, 0.6667717, 0
0.2542522, 0.2923488, 0.40292, 0
0.5980457, 0.2290424, 0.2469138, 0
0.2937759, 0.2792652, 0.3389246, 0
0.7769938, 0.2170327, 0.2680001, 0
0.3165656, 0.2125914, 0.1877393, 0
0.4468574, 0.1933566, 0.612927, 0
0.651562, 0.2229728, 0.4210423, 0
0.5462027, 0.2973228, 0.6675021, 0
0.3593667, 0.2000813, 0.6903562, 0
0.7766294, 0.218048, 0.4810692, 0
0.7040316, 0.1952577, 0.3350785, 0
0.4581068, 0.2168344, 0.1537445, 0
0.7251229, 0.1910965, 0.4525609, 0
0.3378697, 0.2677913, 0.5881367, 0
0.7133031, 0.1754677, 0.5393604, 0
0.6170319, 0.2617114, 0.3093091, 0
0.7585435, 0.3030317, 0.5294715, 0
0.7059392, 0.1688951, 0.3844958, 0
0.4049423, 0.1967479, 0.6878056, 0
0.7349195, 0.2455416, 0.2807199, 0
0.6264808, 0.2770464, 0.6072024, 0
0.5460624, 0.249413, 0.2349795, 0
0.2585129, 0.2643249, 0.5100436, 0
0.5121965, 0.2031368, 0.4387267, 0
0.3072597, 0.245091, 0.3681411, 0
0.7822535, 0.2497202, 0.3516753, 0
0.5037829, 0.1924672, 0.164821, 0
0.6534795, 0.2212489, 0.4037877, 0
0.4708292, 0.2976929, 0.3983555, 0
0.5940785, 0.2605432, 0.722942, 0
0.2288391, 0.255946, 0.4275936, 0
0.203383, 0.1904349, 0.4837381, 0
0.5795382, 0.1613189, 0.1314482, 0
0.4864793, 0.2295643, 0.7721496, 0
0.5873573, 0.2332345, 0.4111326, 0
0.6133542, 0.1714384, 0.2120093, 0
0.5139484, 0.1662049, 0.6952237, 0
0.3006595, 0.2175367, 0.237211, 0
0.2586349, 0.1890183, 0.4298033, 0
0.3281563, 0.2666096, 0.3963627, 0
0.4996826, 0.248453, 0.4090002, 0
0.4002781, 0.1827223, 0.3501734, 0
0.3730395, 0.194033, 0.3000201, 0
0.4073252, 0.2487624, 0.6727609, 0
0.4753603, 0.1796902, 0.4889114, 0
0.4460428, 0.2454253, 0.2556314, 0
0.378655, 0.2583636, 0.1753751, 0
0.5003239, 0.2728198, 0.1539842, 0
0.3815792, 0.1938234, 0.276327, 0
0.5146458, 0.269523, 0.5917732, 0
0.6351811, 0.2363754, 0.675047, 0
0.4596333, 0.2682295, 0.4091958, 0
0.5552824, 0.1590126, 0.435582, 0
0.2506044, 0.2934846, 0.4451374, 0
0.5080448, 0.289501, 0.5249763, 0
0.6209359, 0.2884495, 0.4877337, 0
0.5245684, 0.1580557, 0.525812, 0
0.2140435, 0.195058, 0.2927463, 0
0.397163, 0.1863156, 0.6156184, 0
0.6881934, 0.1879549, 0.5437836, 0
0.5400196, 0.2661884, 0.5178108, 0
0.6642628, 0.2628593, 0.4120477, 0
0.1873915, 0.1878843, 0.3073786, 0
0.4394056, 0.2251044, 0.37935, 0
0.3503336, 0.1813104, 0.4132689, 0
0.7183171, 0.2241824, 0.3162953, 0
0.3497637, 0.1676989, 0.2801812, 0
0.5979034, 0.2303914, 0.7146294, 0
0.4096039, 0.2105632, 0.7060995, 0
0.5823061, 0.1630098, 0.434594, 0
0.3524612, 0.1826226, 0.4504994, 0
0.5253333, 0.1823654, 0.655255, 0
0.5947123, 0.1699955, 0.7080067, 0
0.2601385, 0.2853867, 0.4731841, 0
0.7490404, 0.2583039, 0.6300884, 0
0.2951357, 0.166369, 0.2489326, 0
0.7205395, 0.2638258, 0.2910864, 0
0.7392384, 0.2988497, 0.5132623, 0
0.2846455, 0.1742766, 0.5832098, 0
0.3749886, 0.2126747, 0.6894931, 0
0.2724459, 0.296592, 0.4729176, 0
0.3971745, 0.2897213, 0.5344732, 0
0.6165686, 0.3036162, 0.4226111, 0
0.6711681, 0.2739626, 0.3126171, 0
0.6067027, 0.28427, 0.2945453, 0
0.6840304, 0.2329119, 0.3637501, 0
0.581358, 0.2943212, 0.1921037, 0
0.6356458, 0.2761766, 0.4347182, 0
0.3720097, 0.2137415, 0.212049, 0
0.7083517, 0.221463, 0.6391088, 0
0.5662252, 0.2331065, 0.6808091, 0
0.1852696, 0.1908771, 0.4769304, 0
0.4649702, 0.2637217, 0.5677851, 0
0.6006501, 0.2895223, 0.5172758, 0
0.6997593, 0.3024612, 0.5240176, 0
0.4172609, 0.2647193, 0.7076261, 0
0.8178943, 0.1828333, 0.4321809, 0
0.313449, 0.1696101, 0.5001029, 0
0.4383698, 0.2165184, 0.3835924, 0
0.5247402, 0.1565189, 0.3289817, 0
0.6873026, 0.2027728, 0.5009916, 0
0.3818134, 0.2193413, 0.5072305, 0
0.3436997, 0.1709817, 0.2931828, 0
0.3109452, 0.1627989, 0.2910588, 0
0.2359634, 0.2809697, 0.4405362, 0
0.729287, 0.2590765, 0.6322082, 0
0.2748395, 0.2897576, 0.3677068, 0
0.3756895, 0.214525, 0.7312205, 0
0.6226522, 0.1877827, 0.4597139, 0
0.2714326, 0.2431102, 0.3550375, 0
0.6352558, 0.2651442, 0.5600719, 0
0.5623307, 0.1793228, 0.5852658, 0
0.3220799, 0.2668758, 0.6091188, 0
0.6893158, 0.2084451, 0.5426378, 0
0.6478908, 0.1936106, 0.5598499, 0
0.2342315, 0.2247006, 0.4864644, 0
0.5027373, 0.1705818, 0.5970277, 0
0.4724614, 0.3021439, 0.2644394, 0
0.2486341, 0.1881309, 0.4466882, 0
0.504033, 0.2048257, 0.1724545, 0
0.6375914, 0.2008228, 0.5956092, 0
0.3896141, 0.2865897, 0.6829096, 0
0.4971193, 0.2125487, 0.5491818, 0
0.3707913, 0.2873549, 0.4771726, 0
0.5163258, 0.165837, 0.4096727, 0
0.787724, 0.2611592, 0.4349221, 0
0.2539496, 0.1636739, 0.4183719, 0
0.4431612, 0.2395911, 0.4399831, 0
0.7322198, 0.2684832, 0.2615487, 0
0.561061, 0.2051062, 0.2150796, 0
0.6674383, 0.1687286, 0.4066801, 0
0.7094781, 0.1971055, 0.2878178, 0
0.3809277, 0.2407683, 0.5905002, 0
0.5141531, 0.231296, 0.6211648, 0
0.3542074, 0.2359044, 0.3977488, 0
0.3208322, 0.3002377, 0.2963293, 0
0.696922, 0.295954, 0.5453394, 0
0.4576569, 0.2283966, 0.2467392, 0
0.4076544, 0.1732778, 0.2667038, 0
0.4547376, 0.2104339, 0.3410392, 0
0.4600204, 0.2403404, 0.6917582, 0
0.1965637, 0.2297615, 0.473646, 0
0.682045, 0.3121845, 0.5405889, 0
0.2724827, 0.1685982, 0.2650326, 0
0.7805803, 0.2080544, 0.4484476, 0
0.3492987, 0.1718859, 0.3455152, 0
0.5570515, 0.2227944, 0.5260645, 0
0.5508897, 0.2970467, 0.3670561, 0
0.2186604, 0.2399202, 0.4784704, 0
0.3547257, 0.2881973, 0.6686772, 0
0.541693, 0.2844161, 0.6172435, 0
0.2940834, 0.1806567, 0.5364538, 0
0.4986145, 0.2456384, 0.7336236, 0
0.4919184, 0.1970141, 0.6121933, 0
0.7975753, 0.1808544, 0.3774438, 0
0.2913643, 0.2115013, 0.5404747, 0
0.2982853, 0.1579081, 0.6306832, 0
0.3607722, 0.2174884, 0.2658863, 0
0.4440763, 0.178815, 0.452175, 0
0.5006733, 0.2616014, 0.1689876, 0
0.5977746, 0.2105948, 0.721679, 0
0.5872089, 0.2581565, 0.4494185, 0
0.2886697, 0.2101325, 0.531204, 0
0.3526976, 0.2439102, 0.2834935, 0
0.5693924, 0.2669037, 0.1553262, 0
0.7224305, 0.1874539, 0.5259909, 0
0.2885456, 0.17303, 0.3384419, 0
0.6466328, 0.219198, 0.5263727, 0
0.6479867, 0.1951394, 0.1788666, 0
0.5618762, 0.2530321, 0.643846, 0
0.6331955, 0.2735938, 0.5163916, 0
0.539593, 0.198459, 0.5847387, 0
0.3710674, 0.1851669, 0.6853696, 0
0.2013872, 0.201769, 0.3512799, 0
0.2700841, 0.1775805, 0.5471646, 0
0.4333894, 0.2771456, 0.3818423, 0
0.7290747, 0.1866534, 0.6275046, 0
0.5087596, 0.2642105, 0.332894, 0
0.5116942, 0.1721487, 0.3401932, 0
0.5403465, 0.1941112, 0.1921045, 0
0.517963, 0.2350951, 0.4156858, 0
0.4953947, 0.2345307, 0.4890695, 0
0.3516961, 0.2963403, 0.278267, 0
0.4770857, 0.1761878, 0.6618209, 0
0.6767491, 0.2904211, 0.5138834, 0
0.4582668, 0.1830097, 0.2317092, 0
0.4211956, 0.2643907, 0.6488436, 0
0.677333, 0.1902535, 0.1897867, 0
0.3324869, 0.3019797, 0.6065018, 0
0.4116159, 0.1863228, 0.1662837, 0
0.4083864, 0.2972153, 0.688751, 0
0.3832788, 0.1832159, 0.5658777, 0
0.4740945, 0.2717833, 0.6531748, 0
0.2930624, 0.2217582, 0.2678318, 0
0.2596979, 0.1927603, 0.612116, 0
0.4190584, 0.1858504, 0.262398, 0
0.6585897, 0.2865884, 0.2467207, 0
0.5732704, 0.1703448, 0.161714, 0
0.4721344, 0.2188472, 0.7422511, 0
0.5215048, 0.2394521, 0.7523976, 0
0.6299946, 0.1806212, 0.7169122, 0
0.7272168, 0.2507276, 0.4482022, 0
0.699873, 0.1804839, 0.4448937, 0
0.4420844, 0.1847188, 0.6910682, 0
0.7100716, 0.1925613, 0.1730388, 0
0.3076712, 0.2484014, 0.2805765, 0
0.4654126, 0.2762316, 0.4839059, 0
0.4502283, 0.1727385, 0.3516993, 0
0.7004224, 0.3038087, 0.5838426, 0
0.4863843, 0.164742, 0.409541, 0
0.2875361, 0.2084524, 0.6420466, 0
0.6985122, 0.2029575, 0.4824426, 0
0.2106398, 0.1879422, 0.5404874, 0
0.4513831, 0.1726442, 0.4235871, 0
0.6809053, 0.1954103, 0.2133115, 0
0.6456591, 0.1807795, 0.1567073, 0
0.7345343, 0.2940829, 0.3635975, 0
0.3074789, 0.1861043, 0.697982, 0
0.3273995, 0.2197022, 0.320067, 0
0.4065335, 0.2526512, 0.390534, 0
0.5103603, 0.2348314, 0.747847, 0
0.316714, 0.1965531, 0.6623484, 0
0.7089046, 0.2181108, 0.2947116, 0
0.4512199, 0.1624236, 0.1447764, 0
0.372137, 0.2429314, 0.5950153, 0
0.3671493, 0.2950835, 0.2614962, 0
0.479058, 0.1953308, 0.5540044, 0
0.72974, 0.2200284, 0.4825998, 0
0.4630167, 0.2943282, 0.3150071, 0
0.5263226, 0.2866009, 0.6647908, 0
0.6712503, 0.1808445, 0.7175315, 0
0.6494375, 0.1574872, 0.5930288, 0
0.3228847, 0.3003792, 0.5130061, 0
0.6848006, 0.2526385, 0.4108249, 0
0.5248293, 0.1544307, 0.6963369, 0
0.4861306, 0.186934, 0.4439593, 0
0.6676998, 0.2594961, 0.6748042, 0
0.746318, 0.2366879, 0.6420863, 0
0.2338788, 0.1674411, 0.6125301, 0
0.3991702, 0.1884661, 0.5758641, 0
0.3662385, 0.2897645, 0.4794834, 0
0.480698, 0.1611392, 0.4084979, 0
0.2553393, 0.2150598, 0.5511857, 0
0.7468802, 0.2532001, 0.6065173, 0
0.5989024, 0.1687323, 0.7226548, 0
0.3366643, 0.2265143, 0.4321766, 0
0.3184189, 0.2138847, 0.568243, 0
0.5347008, 0.2651662, 0.6259577, 0
0.3110343, 0.2441485, 0.4614105, 0
0.7566498, 0.2790457, 0.5698422, 0
0.4684757, 0.2268991, 0.732788, 0
0.498009, 0.2508486, 0.7207937, 0
0.3245768, 0.238142, 0.5392263, 0
0.5695693, 0.2179378, 0.3091997, 0
0.35485, 0.2359316, 0.3154219, 0
0.8081992, 0.1707095, 0.3102807, 0
0.6461895, 0.2645572, 0.4896501, 0
0.7933109, 0.1587937, 0.4671309, 0
0.4926486, 0.2882297, 0.2029376, 0
0.845125, 0.1796398, 0.4688547, 0
0.39448, 0.2009234, 0.1583225, 0
0.7845819, 0.2766083, 0.5202637, 0
0.4590548, 0.2622383, 0.7457426, 0
0.365783, 0.2406541, 0.4205267, 0
0.72076, 0.2081707, 0.5994023, 0
0.6043173, 0.2281661, 0.4855995, 0
0.604655, 0.1847226, 0.4507159, 0
0.2291872, 0.1908678, 0.5203941, 0
0.3599285, 0.2924925, 0.4803548, 0
0.5642052, 0.2302562, 0.2448571, 0
0.5909762, 0.2329376, 0.5891812, 0
0.2432377, 0.1718233, 0.4243515, 0
0.4855, 0.2446452, 0.3619407, 0
0.4590222, 0.2308258, 0.6619977, 0
0.3720697, 0.2997582, 0.4094043, 0
0.6396666, 0.1783561, 0.7371423, 0
0.4646078, 0.1924698, 0.1338409, 0
0.3238057, 0.2086133, 0.69366, 0
0.4604969, 0.1916523, 0.6079093, 0
0.6082208, 0.2391819, 0.7442389, 0
0.4611732, 0.2141747, 0.1462793, 0
0.4791332, 0.2880824, 0.3908752, 0
0.4076853, 0.212515, 0.2006582, 0
0.4275524, 0.2293424, 0.6760842, 0
0.4024734, 0.2155271, 0.1907987, 0
0.4537566, 0.2009838, 0.1999542, 0
0.6961041, 0.2937689, 0.3777057, 0
0.6852741, 0.1907394, 0.6123888, 0
0.4997022, 0.1755379, 0.663325, 0
0.4779422, 0.1649045, 0.3482145, 0
0.3921338, 0.2634945, 0.3850452, 0
0.5703331, 0.1950539, 0.5746471, 0
0.2971666, 0.2865422, 0.4508556, 0
0.7509701, 0.2524471, 0.3922787, 0
0.3866114, 0.2867698, 0.3301266, 0
0.4937574, 0.2107881, 0.4377216, 0
0.4735871, 0.2657998, 0.3901046, 0
0.7206395, 0.2626784, 0.3230835, 0
0.6099696, 0.2570026, 0.2931374, 0
0.3222547, 0.2052162, 0.6197429, 0
0.7473869, 0.2302459, 0.4126653, 0
0.2713328, 0.275234, 0.5494336, 0
0.5178112, 0.2965831, 0.6106253, 0
0.6117278, 0.1857273, 0.4789189, 0
0.4160798, 0.1890688, 0.5192387, 0
0.3927388, 0.2867328, 0.6980003, 0
0.6381059, 0.177109, 0.5252728, 0
0.3915918, 0.1465347, 0.3571518, 0
0.8505321, 0.1785859, 0.5065851, 0
0.7193625, 0.2101544, 0.4066818, 0
0.4366308, 0.2057722, 0.3040242, 0
0.49321, 0.2590276, 0.2507157, 0
0.5689531, 0.1802567, 0.2000608, 0
0.5171587, 0.1845418, 0.5190557, 0
0.6979594, 0.2875379, 0.3073146, 0
0.615196, 0.2488962, 0.1623446, 0
0.2479345, 0.2574422, 0.4434398, 0
0.5892, 0.1836153, 0.2660079, 0
0.488943, 0.2481906, 0.6481882, 0
0.2980721, 0.2163145, 0.2190502, 0
0.5722792, 0.1969433, 0.3082743, 0
0.5546945, 0.2670796, 0.6118084, 0
0.5107669, 0.2061669, 0.4887214, 0
0.575729, 0.237224, 0.5627141, 0
0.291647, 0.2151558, 0.2658386, 0
0.6509784, 0.2378405, 0.1995758, 0
0.5064821, 0.1869867, 0.3680598, 0
0.6268709, 0.3002438, 0.6108636, 0
0.5613513, 0.2646053, 0.2459719, 0
0.3581168, 0.2575176, 0.663828, 0
0.5645496, 0.29325, 0.6801757, 0
0.4626825, 0.2511933, 0.3103568, 0
0.586969, 0.1828093, 0.2862555, 0
0.2627497, 0.2608325, 0.3215517, 0
0.2684081, 0.2910439, 0.3837187, 0
0.4863533, 0.2920735, 0.3735723, 0
0.430575, 0.1975731, 0.7132834, 0
0.7260386, 0.2368104, 0.5680103, 0
0.4555582, 0.2334132, 0.7687246, 0
0.5126883, 0.2490358, 0.7637534, 0
0.3844542, 0.2274363, 0.5208005, 0
0.6374221, 0.2511805, 0.6117143, 0
0.2469374, 0.1853678, 0.3939254, 0
0.2101184, 0.1643843, 0.4593278, 0
0.6243055, 0.2735973, 0.4717638, 0
0.559176, 0.1999652, 0.3849067, 0
0.2060943, 0.2334659, 0.3591647, 0
0.5135167, 0.2648314, 0.405484, 0
0.4969626, 0.2200667, 0.2953153, 0
0.6620209, 0.3051828, 0.5789396, 0
0.4311866, 0.2658068, 0.4272914, 0
0.4937798, 0.2272778, 0.1422542, 0
0.7631646, 0.2911587, 0.4782065, 0
0.5730708, 0.1586519, 0.7234324, 0
0.5173029, 0.2503125, 0.1872842, 0
0.1973065, 0.215313, 0.4232875, 0
0.6632791, 0.2162352, 0.3839434, 0
0.4969476, 0.1497831, 0.3950845, 0
0.5835395, 0.1869452, 0.3674972, 0
0.5413478, 0.1981336, 0.2720607, 0
0.3284864, 0.2712492, 0.5599015, 0
0.5199378, 0.2918358, 0.3865718, 0
0.5354049, 0.2480413, 0.1512027, 0
0.2212964, 0.195358, 0.4008938, 0
0.3536997, 0.2833002, 0.6323653, 0
0.2774357, 0.2184346, 0.6631333, 0
0.5246364, 0.2704933, 0.2014527, 0
0.4683924, 0.183681, 0.3975648, 0
0.7968419, 0.1722126, 0.5299253, 0
0.2451744, 0.2338675, 0.3365457, 0
0.4777608, 0.2251404, 0.3261359, 0
0.5215885, 0.174781, 0.4234078, 0
0.4150907, 0.2246259, 0.6135798, 0
0.3897292, 0.2028601, 0.6460549, 0
0.7394171, 0.2180121, 0.3965833, 0
0.4773563, 0.3049644, 0.6361779, 0
0.3921392, 0.1728216, 0.5637501, 0
0.7772554, 0.2776878, 0.5741236, 0
0.7163748, 0.3106914, 0.4296974, 0
0.436269, 0.240028, 0.1608799, 0
0.3232368, 0.1502209, 0.5134717, 0
0.6653664, 0.2131526, 0.3092227, 0
0.3018924, 0.3005421, 0.5520028, 0
0.5029863, 0.2158145, 0.3597642, 0
0.6363816, 0.2786691, 0.4860267, 0
0.3677311, 0.1671304, 0.4186991, 0
0.7633692, 0.1966126, 0.4756282, 0
0.7476692, 0.2793827, 0.5764711, 0
0.2620418, 0.1700042, 0.6610207, 0
0.2522855, 0.183551, 0.472265, 0
0.5532675, 0.2064381, 0.4474408, 0
0.6741918, 0.2358473, 0.6154456, 0
0.7943759, 0.2526093, 0.5580807, 0
0.5518002, 0.2082873, 0.2169195, 0
0.6486556, 0.1865815, 0.4485058, 0
0.5304459, 0.1513197, 0.6497007, 0
0.6150606, 0.2430601, 0.6205292, 0
0.4416236, 0.2645311, 0.7052559, 0
0.723072, 0.2485158, 0.644891, 0
0.641681, 0.1766655, 0.5469953, 0
0.561741, 0.1653865, 0.1205789, 0
0.2947187, 0.1741592, 0.4751485, 0
0.6706805, 0.2039827, 0.5437556, 0
0.3658161, 0.2463381, 0.7051286, 0
0.6293244, 0.2262363, 0.4032663, 0
0.1964398, 0.2185857, 0.3568245, 0
0.7418762, 0.2464168, 0.473554, 0
0.5581647, 0.2042837, 0.6747369, 0
0.3173587, 0.2309423, 0.4988048, 0
0.6525722, 0.1908108, 0.1695497, 0
0.4189912, 0.1987958, 0.6208322, 0
0.1963788, 0.1701872, 0.5691553, 0
0.5899832, 0.253024, 0.3805298, 0
0.8130547, 0.1818361, 0.4427264, 0
0.7704101, 0.2360337, 0.3082455, 0
0.3026796, 0.2753597, 0.6797375, 0
0.5851521, 0.2381621, 0.5570046, 0
0.6519207, 0.2621417, 0.6957027, 0
0.7261356, 0.1658955, 0.5064086, 0
0.2800709, 0.2374861, 0.4469472, 0
0.4131207, 0.1624058, 0.7707937, 0
0.651509, 0.2172631, 0.552668, 0
0.5732767, 0.2510487, 0.6571306, 0
0.5202815, 0.1964516, 0.3241675, 0
0.2658222, 0.1742765, 0.6475819, 0
0.5088386, 0.2181651, 0.7290403, 0
0.5184701, 0.173599, 0.2646151, 0
0.3326825, 0.2031841, 0.5171198, 0
0.6425419, 0.2919366, 0.4140923, 0
0.7649167, 0.1870706, 0.5797063, 0
0.2160688, 0.1677337, 0.5624394, 0
0.5493986, 0.2738525, 0.332008, 0
0.4564746, 0.1836954, 0.4336063, 0
0.5587896, 0.2993473, 0.2395034, 0
0.4431536, 0.2544616, 0.7416481, 0
0.7535282, 0.2741742, 0.6141779, 0
0.4961881, 0.2588528, 0.5200407, 0
0.6998413, 0.2923376, 0.5692736, 0
0.664295, 0.1853203, 0.3284958, 0
0.6027855, 0.2843198, 0.6008605, 0
0.3056624, 0.2634225, 0.3374563, 0
0.8271717, 0.2413198, 0.4109333, 0
0.6682189, 0.1651967, 0.3547688, 0
0.5364165, 0.2708967, 0.7167922, 0
0.5030823, 0.167827, 0.7635372, 0
0.395404, 0.288464, 0.27277, 0
0.3356587, 0.2020998, 0.293483, 0
0.6188552, 0.278385, 0.5251942, 0
0.2366667, 0.2393262, 0.4224071, 0
0.5887354, 0.287999, 0.2731974, 0
0.6518962, 0.2265252, 0.6272294, 0
0.6908476, 0.3077054, 0.3835686, 0
0.4514047, 0.2424448, 0.7335248, 0
0.286517, 0.2135729, 0.5117989, 0
0.1932548, 0.2063449, 0.4771565, 0
0.7250682, 0.1735353, 0.3788837, 0
0.5922953, 0.2567995, 0.4907596, 0
0.8007437, 0.2518985, 0.5165776, 0
0.4039156, 0.2584299, 0.6104128, 0
0.3543742, 0.176533, 0.552927, 0
0.3564222, 0.2210875, 0.2558947, 0
0.4879692, 0.306122, 0.6970889, 0
0.5610059, 0.1965574, 0.5967319, 0
0.6838259, 0.254635, 0.2654508, 0
0.4473828, 0.241636, 0.2910689, 0
0.2334265, 0.2653331, 0.3660181, 0
0.4313874, 0.1577015, 0.5651708, 0
0.6352447, 0.2504194, 0.5630686, 0
0.6030624, 0.2898451, 0.3943737, 0
0.4266317, 0.237206, 0.3497784, 0
0.3744469, 0.2692174, 0.5840218, 0
0.6184167, 0.1778846, 0.4608802, 0
0.6322789, 0.1793419, 0.4565933, 0
0.672636, 0.2741761, 0.3728858, 0
0.5050562, 0.3017008, 0.3026996, 0
0.6367543, 0.296514, 0.6462947, 0
0.4582755, 0.2523046, 0.7524453, 0
0.6761871, 0.1637078, 0.732522, 0
0.2888517, 0.2256763, 0.4651943, 0
0.4064145, 0.2944019, 0.2889189, 0
0.6250619, 0.2538272, 0.6950496, 0
0.3350382, 0.164149, 0.3836296, 0
0.4463391, 0.2506157, 0.1665966, 0
0.2307303, 0.2665559, 0.5528834, 0
0.468152, 0.2120088, 0.250491, 0
0.3974432, 0.2138898, 0.2629525, 0
0.3263371, 0.2776798, 0.6575485, 0
0.3977036, 0.2618125, 0.4452434, 0
0.2929339, 0.1768772, 0.3602993, 0
0.3403128, 0.1902206, 0.6996692, 0
0.7227967, 0.2879561, 0.4098837, 0
0.7112656, 0.1786024, 0.3692747, 0
0.4278254, 0.2549841, 0.3649277, 0
0.6486449, 0.2661861, 0.6877963, 0
0.5838901, 0.2586065, 0.3759378, 0
0.7658895, 0.1861038, 0.6451056, 0
0.4070522, 0.267359, 0.7350163, 0
0.5957132, 0.1661195, 0.6222503, 0
0.8451821, 0.1833019, 0.500674, 0
0.5621728, 0.2767448, 0.5073332, 0
0.4780579, 0.2101097, 0.767033, 0
0.2340298, 0.2040141, 0.6295608, 0
0.550767, 0.2794718, 0.515896, 0
0.540686, 0.2762471, 0.5207404, 0
0.4541231, 0.1633402, 0.659968, 0
0.4551131, 0.1983785, 0.4333728, 0
0.4341346, 0.198719, 0.633001, 0
0.5336014, 0.2462826, 0.6952612, 0
0.439282, 0.1636723, 0.5382168, 0
0.4575348, 0.201426, 0.3877549, 0
0.5425677, 0.23433, 0.6814896, 0
0.4165658, 0.2184387, 0.6403337, 0
0.3521023, 0.2453463, 0.5990835, 0
0.3651897, 0.2711965, 0.4858328, 0
0.580433, 0.2176769, 0.4570615, 0
0.618284, 0.2421243, 0.2891857, 0
0.2498269, 0.1857983, 0.6519228, 0
0.5644126, 0.1828373, 0.4961088, 0
0.753643, 0.2055763, 0.381511, 0
0.5022707, 0.2203562, 0.1494092, 0
0.3458762, 0.2907089, 0.364898, 0
0.6103784, 0.219598, 0.1442749, 0
0.470141, 0.1931228, 0.379621, 0
0.5806022, 0.2266915, 0.4187771, 0
0.6027892, 0.2206075, 0.7566317, 0
0.4733407, 0.2154287, 0.2868623, 0
0.6379535, 0.1749053, 0.3371901, 0
0.5662512, 0.1841961, 0.5703359, 0
0.6051432, 0.1780784, 0.5298448, 0
0.3841089, 0.2172001, 0.3096198, 0
0.6540648, 0.2668309, 0.5200416, 0
0.4172142, 0.1667112, 0.5808381, 0
0.3436756, 0.3040022, 0.5423656, 0
0.4210287, 0.2954385, 0.3924197, 0
0.5179843, 0.2073467, 0.6438267, 0
0.4539995, 0.2214019, 0.2913252, 0
0.3779036, 0.2109219, 0.3941634, 0
0.2526019, 0.1610871, 0.6387956, 0
0.4235029, 0.2075068, 0.4262033, 0
0.6297857, 0.2041312, 0.4082076, 0
0.2021685, 0.166289, 0.5077621, 0
0.2603205, 0.2106639, 0.664899, 0
0.3082429, 0.1914541, 0.2034974, 0
0.6839483, 0.2400342, 0.3488292, 0
0.3311017, 0.1673278, 0.3193946, 0
0.4673181, 0.2264722, 0.5019693, 0
0.6179502, 0.2135881, 0.4126639, 0
0.3357547, 0.2886757, 0.3661021, 0
0.3592148, 0.1923819, 0.684893, 0
0.6300091, 0.2736064, 0.2773143, 0
0.710919, 0.2212606, 0.6654044, 0
0.3038945, 0.1583742, 0.4791796, 0
0.6948931, 0.2021842, 0.6499039, 0
0.5941809, 0.2589841, 0.1522559, 0
0.3422452, 0.1774653, 0.4365501, 0
0.7410111, 0.1823546, 0.5892553, 0
0.2942776, 0.2599403, 0.4419838, 0
0.5551315, 0.2906863, 0.2336231, 0
0.637509, 0.2027112, 0.7501881, 0
0.4482124, 0.1752131, 0.7264758, 0
0.3642554, 0.174823, 0.3671599, 0
0.3149401, 0.2228366, 0.2100454, 0
0.2191588, 0.2181714, 0.5456481, 0
0.3772036, 0.3002827, 0.522243, 0
0.5847513, 0.2674902, 0.6371042, 0
0.5469275, 0.2066064, 0.429039, 0
0.7734526, 0.1900102, 0.366057, 0
0.6123499, 0.1974585, 0.3615932, 0
0.4658706, 0.2052295, 0.1750832, 0
0.4960331, 0.1567271, 0.1700584, 0
0.4800605, 0.2658449, 0.4661021, 0
0.3691918, 0.1664366, 0.5319497, 0
0.5372267, 0.2720409, 0.6660655, 0
0.5146536, 0.2229409, 0.2622875, 0
0.4024081, 0.2969666, 0.6691067, 0
0.3906374, 0.2615974, 0.417454, 0
0.4786054, 0.1800342, 0.09957293, 0
0.5922892, 0.2332475, 0.1937987, 0
0.2876654, 0.2243891, 0.5945536, 0
0.5888661, 0.2303868, 0.5684043, 0
0.5489058, 0.2670222, 0.6525857, 0
0.3625712, 0.167344, 0.5928751, 0
0.4296932, 0.2421753, 0.6351086, 0
0.4061582, 0.2203716, 0.236856, 0
0.2739657, 0.2281145, 0.45222, 0
0.5481739, 0.2064039, 0.2504561, 0
0.5460969, 0.1969086, 0.6946734, 0
0.7163597, 0.245833, 0.592139, 0
0.6748719, 0.2906196, 0.4863967, 0
0.5132289, 0.243453, 0.4071975, 0
0.3510723, 0.2998136, 0.398568, 0
0.3069178, 0.2791164, 0.2726708, 0
0.5586687, 0.2737363, 0.5288051, 0
0.828566, 0.2398156, 0.5074534, 0
0.4883775, 0.2655014, 0.6312485, 0
0.8177425, 0.2042648, 0.3474672, 0
0.6847605, 0.2378868, 0.3378255, 0
0.571924, 0.2309163, 0.5318563, 0
0.5269057, 0.2649552, 0.161818, 0
0.5034598, 0.2954923, 0.2502223, 0
0.5794309, 0.1822087, 0.6249201, 0
0.7094526, 0.1682811, 0.4465621, 0
0.6307668, 0.2775638, 0.4269572, 0
0.626005, 0.2991195, 0.5323704, 0
0.4859819, 0.3082997, 0.6461819, 0
0.4881173, 0.2749304, 0.6476298, 0
0.3861019, 0.1718758, 0.6077864, 0
0.5826265, 0.2916052, 0.3399998, 0
0.4249938, 0.2340724, 0.719678, 0
0.6710701, 0.2621667, 0.3864263, 0
0.5047067, 0.2781417, 0.5821921, 0
0.2947893, 0.2591675, 0.2324398, 0
0.7076186, 0.2983873, 0.3973041, 0
0.4984992, 0.1861105, 0.3130116, 0
0.4327381, 0.2629829, 0.2101458, 0
0.7707954, 0.1994792, 0.6689849, 0
0.4315908, 0.3019695, 0.5734374, 0
0.2451886, 0.2814293, 0.3734601, 0
0.4336502, 0.1978903, 0.6380375, 0
0.3038144, 0.2836652, 0.4130224, 0
0.5326155, 0.277921, 0.5587684, 0
0.5929747, 0.2218226, 0.2726449, 0
0.4996658, 0.2683652, 0.4092547, 0
0.3957511, 0.2726755, 0.721903, 0
0.7905978, 0.197441, 0.2264566, 0
0.7087459, 0.1845273, 0.3383515, 0
0.3301148, 0.2860762, 0.6095559, 0
0.449414, 0.1712768, 0.3474819, 0
0.3341427, 0.2035784, 0.181233, 0
0.4192535, 0.2130239, 0.4593308, 0
0.755293, 0.2427315, 0.5449122, 0
0.596064, 0.2741252, 0.585268, 0
0.7485037, 0.2904708, 0.3734499, 0
0.4088707, 0.2386404, 0.4989621, 0
0.6806158, 0.1919318, 0.3028251, 0
0.2684131, 0.2000917, 0.579316, 0
0.4716516, 0.2430419, 0.1606542, 0
0.4456101, 0.2192225, 0.4669699, 0
0.3441485, 0.2710844, 0.2350524, 0
0.6780743, 0.217408, 0.5579805, 0
0.5479358, 0.24802, 0.5366415, 0
0.400241, 0.2068088, 0.2508511, 0
0.601761, 0.2753548, 0.4282303, 0
0.3702123, 0.2529314, 0.5544077, 0
0.42972, 0.1986079, 0.4541606, 0
0.4977628, 0.1540697, 0.3504894, 0
0.5641832, 0.2679929, 0.5839971, 0
0.5146112, 0.2293994, 0.3021559, 0
0.4573719, 0.231238, 0.6844891, 0
0.6312805, 0.2101969, 0.6195396, 0
0.1963807, 0.2139376, 0.5618478, 0
0.7231405, 0.2644275, 0.2634068, 0
0.575819, 0.1707072, 0.1793828, 0
0.2924366, 0.1880232, 0.6742348, 0
0.6677804, 0.2680388, 0.6666511, 0
0.5836303, 0.1661889, 0.391372, 0
0.4527162, 0.2321172, 0.2638828, 0
0.7858113, 0.1748609, 0.4454028, 0
0.5908507, 0.167694, 0.251366, 0
0.5162824, 0.214791, 0.7054929, 0
0.7601241, 0.2650079, 0.4686999, 0
0.4302459, 0.2362542, 0.2714879, 0
0.8084085, 0.2094236, 0.3759226, 0
0.648233, 0.2878012, 0.2197203, 0
0.7882455, 0.2202215, 0.3457503, 0
0.597467, 0.2993812, 0.5550309, 0
0.4564844, 0.2428042, 0.2971974, 0
0.5503522, 0.2679629, 0.573325, 0
0.5526803, 0.2710667, 0.5014856, 0
0.6621114, 0.2295913, 0.4560331, 0
0.2095919, 0.1859867, 0.3824338, 0
0.5692999, 0.2704464, 0.2460076, 0
0.2480755, 0.1872493, 0.4994709, 0
0.2786337, 0.1810535, 0.4432417, 0
0.3433388, 0.2946039, 0.4375077, 0
0.5367907, 0.1787842, 0.2939731, 0
0.2595803, 0.2015157, 0.4157802, 0
0.5437438, 0.2337923, 0.2136422, 0
0.7554241, 0.2070602, 0.5791774, 0
0.4552362, 0.1888424, 0.7681603, 0
0.634729, 0.2272737, 0.1576636, 0
0.3110575, 0.2365727, 0.2000629, 0
0.1907771, 0.2258168, 0.398338, 0
0.2036336, 0.160765, 0.4119473, 0
0.4420689, 0.2994042, 0.5666028, 0
0.6692155, 0.2835905, 0.445673, 0
0.4829114, 0.2078595, 0.7384993, 0
0.4747882, 0.2690098, 0.1656785, 0
0.3186349, 0.2254143, 0.3133174, 0
0.2910194, 0.2419418, 0.268602, 0
0.2520154, 0.2274044, 0.6111821, 0
0.3894829, 0.2543373, 0.236962, 0
0.6488531, 0.2670932, 0.7082283, 0
0.2916003, 0.1941365, 0.7016989, 0
0.7064968, 0.2783697, 0.5534328, 0
0.3408653, 0.2557791, 0.7000665, 0
0.4458539, 0.1990961, 0.4492851, 0
0.3380886, 0.2647481, 0.4098067, 0
0.2387297, 0.2111143, 0.3086147, 0
0.2622424, 0.2374444, 0.393076, 0
0.7943262, 0.2664245, 0.4554136, 0
0.6588952, 0.2775799, 0.534239, 0
0.2066368, 0.1974299, 0.573339, 0
0.6141335, 0.2237088, 0.7253086, 0
0.5721077, 0.2254473, 0.6378147, 0
0.4971531, 0.1936116, 0.2390536, 0
0.2517812, 0.2836852, 0.4786885, 0
0.2489734, 0.2202924, 0.5465749, 0
0.6240836, 0.1907282, 0.6830888, 0
0.2744251, 0.2523667, 0.3621624, 0
0.4251295, 0.2351331, 0.6345807, 0
0.4096212, 0.2440625, 0.708496, 0
0.4931776, 0.2357039, 0.1688707, 0
0.4408829, 0.1894325, 0.2618571, 0
0.4694545, 0.2349996, 0.6785071, 0
0.6161929, 0.18172, 0.7071786, 0
0.2572834, 0.1754442, 0.5154407, 0
0.4140765, 0.2090711, 0.1530763, 0
0.5732791, 0.1997377, 0.4690462, 0
0.4834529, 0.1623593, 0.7533892, 0
0.7863502, 0.1903633, 0.3924125, 0
0.5021341, 0.2667568, 0.2611232, 0
0.4211939, 0.2609867, 0.4228807, 0
0.3246589, 0.2446105, 0.3434379, 0
0.5293086, 0.2431011, 0.5067712, 0
0.6604556, 0.2799744, 0.6565977, 0
0.7480112, 0.2093726, 0.5812889, 0
0.5383648, 0.155259, 0.7324851, 0
0.3143557, 0.2394825, 0.6054696, 0
0.666554, 0.2903852, 0.6851695, 0
0.6509944, 0.1863501, 0.3571856, 0
0.4861514, 0.2263429, 0.4147053, 0
0.4935051, 0.1818559, 0.792093, 0
0.4759941, 0.2747201, 0.549853, 0
0.545183, 0.1885218, 0.1564963, 0
0.6964315, 0.2551741, 0.5894962, 0
0.5596021, 0.2475591, 0.7091405, 0
0.7183515, 0.2399444, 0.3093178, 0
0.4126596, 0.1859158, 0.4617559, 0
0.6039599, 0.1623298, 0.15497, 0
0.6921655, 0.2446381, 0.6633698, 0
0.4121698, 0.1575125, 0.7271085, 0
0.4910014, 0.1580513, 0.6416444, 0
0.3320361, 0.2106631, 0.3865786, 0
0.7684991, 0.2083693, 0.2849037, 0
0.75955, 0.1747406, 0.3845699, 0
0.3356492, 0.2405757, 0.1987226, 0
0.785703, 0.1867054, 0.4735265, 0
0.5494739, 0.1885765, 0.4637727, 0
0.5400289, 0.229418, 0.2467528, 0
0.7299112, 0.2034123, 0.2665807, 0
0.6263884, 0.1997934, 0.6880277, 0
0.7778111, 0.1838771, 0.2674963, 0
0.5770652, 0.2119441, 0.4185414, 0
0.2385299, 0.2090485, 0.3595737, 0
0.4779262, 0.2556761, 0.7163426, 0
0.6148772, 0.1859352, 0.1612593, 0
0.4628114, 0.2810609, 0.6164207, 0
0.4541112, 0.3000153, 0.5297667, 0
0.4548267, 0.3020337, 0.4552596, 0
0.6088305, 0.1994456, 0.5764737, 0
0.4157073, 0.1775338, 0.2755392, 0
0.273956, 0.2242539, 0.3228166, 0
0.541473, 0.2899409, 0.4722918, 0
0.3890624, 0.2838007, 0.5184557, 0
0.4549569, 0.2784285, 0.3486843, 0
0.5202059, 0.2187913, 0.2079324, 0
0.3514846, 0.2397477, 0.3472929, 0
0.5583728, 0.2094311, 0.6146802, 0
0.5829753, 0.1974919, 0.334863, 0
0.6917786, 0.2793957, 0.4166808, 0
0.1567975, 0.1774127, 0.4393023, 0
0.4080035, 0.2611634, 0.7031152, 0
0.4536412, 0.1598534, 0.721314, 0
0.565115, 0.2797053, 0.2604341, 0
0.3618705, 0.178563, 0.2494258, 0
0.5955075, 0.213088, 0.497371, 0
0.4881006, 0.2521284, 0.4934401, 0
0.5852621, 0.1718454, 0.3698132, 0
0.509163, 0.1848874, 0.1970666, 0
0.6275578, 0.2132895, 0.7457684, 0
0.619031, 0.2883847, 0.1951375, 0
0.4824333, 0.27331, 0.5352001, 0
0.5745989, 0.2097414, 0.3102486, 0
0.5655345, 0.1598164, 0.5771407, 0
0.5249447, 0.2490152, 0.6677861, 0
0.4786076, 0.2531976, 0.5981824, 0
0.406443, 0.1799031, 0.6524418, 0
0.4323873, 0.2243308, 0.5106145, 0
0.3372628, 0.226465, 0.4048479, 0
0.7082425, 0.2346097, 0.2599667, 0
0.432419, 0.2108635, 0.2926718, 0
0.8143896, 0.2221938, 0.4460308, 0
0.7123854, 0.2989923, 0.5452559, 0
0.7355806, 0.2465156, 0.2292122, 0
0.8151443, 0.1946204, 0.5027694, 0
0.2902391, 0.1620566, 0.4664273, 0
0.3016724, 0.2804438, 0.3388327, 0
0.758685, 0.2366082, 0.6167741, 0
0.3383818, 0.1895347, 0.4427397, 0
0.5534585, 0.1656779, 0.3134319, 0
0.6975585, 0.253446, 0.2464842, 0
0.3783474, 0.2504522, 0.4405653, 0
0.6346418, 0.3041715, 0.2824374, 0
0.4822971, 0.2508348, 0.7369112, 0
0.5800854, 0.2516633, 0.3870741, 0
0.7585384, 0.2916503, 0.5952515, 0
0.4204063, 0.2399406, 0.679062, 0
0.7568175, 0.2236252, 0.3294629, 0
0.5933952, 0.263666, 0.663478, 0
0.609921, 0.2563073, 0.4333666, 0
0.470187, 0.2391665, 0.5665458, 0
0.585129, 0.1680889, 0.5127785, 0
0.7416279, 0.2335969, 0.3179386, 0
0.5476778, 0.2795826, 0.5768464, 0
0.6151326, 0.224748, 0.5081738, 0
0.7017213, 0.3045388, 0.3110805, 0
0.459124, 0.1852778, 0.1753277, 0
0.5808398, 0.2922221, 0.2925743, 0
0.4269074, 0.1561542, 0.2587542, 0
0.4616755, 0.1925018, 0.6549444, 0
0.411765, 0.2752719, 0.182036, 0
0.4724203, 0.2048476, 0.5796064, 0
0.5747243, 0.1893921, 0.1572908, 0
0.4531102, 0.2288562, 0.257441, 0
0.4446708, 0.2297139, 0.2944541, 0
0.7218549, 0.269819, 0.5367071, 0
0.4036912, 0.2009623, 0.2480152, 0
0.6487806, 0.3095919, 0.6009776, 0
0.2881241, 0.1843439, 0.6323445, 0
0.6306075, 0.2138726, 0.363606, 0
0.5515999, 0.2381417, 0.2756577, 0
0.3705955, 0.2653805, 0.5732569, 0
0.6353429, 0.1621952, 0.5835487, 0
0.7451451, 0.1933311, 0.2588533, 0
0.3560194, 0.2650369, 0.5609455, 0
0.3223725, 0.1871812, 0.5484247, 0
0.4583254, 0.1940913, 0.7327586, 0
0.5547253, 0.289263, 0.4557528, 0
0.3741888, 0.2249324, 0.6778088, 0
0.4086418, 0.1951865, 0.5760531, 0
0.21832, 0.2285273, 0.4404137, 0
0.4780478, 0.1769473, 0.5230547, 0
0.2377671, 0.2516121, 0.3281207, 0
0.37142, 0.2606037, 0.322059, 0
0.6787346, 0.2475377, 0.210988, 0
0.5048162, 0.3077928, 0.6368095, 0
0.3911265, 0.3067106, 0.6127649, 0
0.5184846, 0.203435, 0.4913995, 0
0.1684625, 0.1710767, 0.4089445, 0
0.6145434, 0.3000468, 0.503871, 0
0.5765411, 0.2799446, 0.6323505, 0
0.3447292, 0.1823739, 0.3585499, 0
0.5493389, 0.2524125, 0.7156193, 0
0.6378373, 0.2307927, 0.1797965, 0
0.5273039, 0.2843713, 0.6496108, 0
0.5608107, 0.2511959, 0.6735733, 0
0.6028526, 0.24684, 0.5588755, 0
0.5776317, 0.1468317, 0.4482421, 0
0.5510324, 0.208031, 0.4501356, 0
0.418481, 0.2785317, 0.4344532, 0
0.349698, 0.1670107, 0.663224, 0
0.6588637, 0.2028628, 0.6012681, 0
0.2333734, 0.203045, 0.6040599, 0
0.2438644, 0.2374631, 0.4672697, 0
0.5201432, 0.2396198, 0.3173462, 0
0.4713814, 0.2816082, 0.3900837, 0
0.496691, 0.2189269, 0.1458053, 0
0.5389516, 0.2020247, 0.6762965, 0
0.4699344, 0.243441, 0.3199184, 0
0.4496363, 0.2173062, 0.1904765, 0
0.6013359, 0.2962113, 0.6679388, 0
0.4040313, 0.1947526, 0.2688221, 0
0.551374, 0.2168893, 0.2009765, 0
0.7122985, 0.2422164, 0.6349032, 0
0.7171336, 0.2188635, 0.6305545, 0
0.2560741, 0.1879355, 0.4138121, 0
0.4495493, 0.2280571, 0.5400093, 0
0.7269636, 0.1874285, 0.2418321, 0
0.5062129, 0.2467994, 0.4986554, 0
0.7750145, 0.1794704, 0.3920408, 0
0.5277258, 0.2530079, 0.3990368, 0
0.4931431, 0.2164684, 0.6908218, 0
0.2509564, 0.2826942, 0.565282, 0
0.5208518, 0.2117867, 0.2473307, 0
0.6749628, 0.1974383, 0.4051235, 0
0.681758, 0.2185048, 0.3949523, 0
0.6205745, 0.2171335, 0.2595682, 0
0.4586754, 0.197259, 0.7190794, 0
0.4426328, 0.1641599, 0.2861971, 0
0.2000217, 0.1886381, 0.4171776, 0
0.6270828, 0.2410403, 0.7335318, 0
0.5347459, 0.2212915, 0.546791, 0
0.368737, 0.2265048, 0.6243243, 0
0.6757111, 0.250939, 0.5898405, 0
0.2040735, 0.2228313, 0.4031653, 0
0.5209957, 0.2146964, 0.3927838, 0
0.5976672, 0.1946858, 0.6857573, 0
0.4015105, 0.224974, 0.6774684, 0
0.4520323, 0.1711485, 0.5268291, 0
0.5310226, 0.2490804, 0.5836716, 0
0.5156208, 0.288019, 0.697836, 0
0.5694866, 0.243824, 0.7379968, 0
0.6196684, 0.2005112, 0.6658851, 0
0.7280646, 0.2437513, 0.2395028, 0
0.3911699, 0.2234278, 0.1689948, 0
0.6182889, 0.2299659, 0.3940161, 0
0.7440075, 0.2973786, 0.4520305, 0
0.7907139, 0.1941133, 0.3315416, 0
0.4111838, 0.2898074, 0.6758709, 0
0.2908929, 0.2815442, 0.3705801, 0
0.6813865, 0.206598, 0.6789457, 0
0.7962419, 0.2065882, 0.3939856, 0
0.4648086, 0.2132987, 0.1337331, 0
0.5227643, 0.2285891, 0.7462883, 0
0.7476885, 0.2721844, 0.3558886, 0
0.4012897, 0.2108281, 0.2281095, 0
0.5088954, 0.218994, 0.5411225, 0
0.3577348, 0.1830506, 0.6082172, 0
0.3845873, 0.2706513, 0.6631455, 0
0.4060217, 0.1778381, 0.694075, 0
0.726509, 0.2663389, 0.5040604, 0
0.6330804, 0.1934671, 0.1921097, 0
0.802451, 0.1871856, 0.4847881, 0
0.4050764, 0.1807958, 0.1890269, 0
0.3904064, 0.1802593, 0.2079276, 0
0.786145, 0.1870098, 0.4053727, 0
0.2821733, 0.1900432, 0.6680982, 0
0.4463049, 0.1631692, 0.5671237, 0
0.5847372, 0.2377042, 0.291138, 0
0.4460319, 0.2386501, 0.2543725, 0
0.6129262, 0.2204556, 0.6061891, 0
0.4104584, 0.1920179, 0.4832922, 0
0.5763641, 0.3041935, 0.297705, 0
0.4829055, 0.2917265, 0.6901188, 0
0.4348299, 0.2461642, 0.6908032, 0
0.5835363, 0.2929112, 0.3736935, 0
0.4190224, 0.2510184, 0.5425358, 0
0.4983751, 0.2125807, 0.2485359, 0
0.1848552, 0.2148596, 0.4410746, 0
0.6518971, 0.1720086, 0.4402145, 0
0.8065501, 0.2068305, 0.3360973, 0
0.6449364, 0.2255867, 0.2949425, 0
0.5764242, 0.1855133, 0.1952454, 0
0.4723762, 0.2586179, 0.3939877, 0
0.5497283, 0.2286676, 0.2202529, 0
0.5465818, 0.2614163, 0.3823493, 0
0.4949297, 0.2785093, 0.3568328, 0
0.2773886, 0.2750427, 0.4519983, 0
0.2125529, 0.2477288, 0.3650698, 0
0.5512548, 0.2835326, 0.3898565, 0
0.3227569, 0.1663719, 0.1753263, 0
0.5311148, 0.2819746, 0.2172991, 0
0.6724026, 0.2552479, 0.636045, 0
0.4664185, 0.2375523, 0.3406342, 0
0.694194, 0.1571455, 0.5896253, 0
0.5789341, 0.2282176, 0.2974045, 0
0.640303, 0.2541661, 0.4681452, 0
0.3791825, 0.2529383, 0.5935837, 0
0.4633045, 0.2786052, 0.5020431, 0
0.5313779, 0.2551071, 0.3920768, 0
0.224409, 0.2671658, 0.4275725, 0
0.334034, 0.2792393, 0.4062926, 0
0.5988122, 0.1976911, 0.3067859, 0
0.5584385, 0.2511325, 0.6823671, 0
0.3036261, 0.17977, 0.3892459, 0
0.6114618, 0.1519339, 0.521664, 0
0.6657648, 0.2087039, 0.6473355, 0
0.3919778, 0.2325802, 0.3786966, 0
0.3902524, 0.2163014, 0.4811015, 0
0.3916044, 0.2185273, 0.4244686, 0
0.496099, 0.2844676, 0.2212815, 0
0.3800631, 0.2341011, 0.2788918, 0
0.392288, 0.2290043, 0.3778325, 0
0.4729013, 0.2669481, 0.5696503, 0
0.7538913, 0.271269, 0.4876733, 0
0.4345219, 0.2681926, 0.5505115, 0
0.5524892, 0.2344508, 0.5949875, 0
0.7568064, 0.2626273, 0.3687324, 0
0.3162113, 0.1829816, 0.5719253, 0
0.4454882, 0.2902625, 0.6324823, 0
0.6132183, 0.1897174, 0.6962634, 0
0.8029094, 0.1987809, 0.3685783, 0
0.2087814, 0.2358617, 0.571032, 0
0.7877197, 0.2156446, 0.5584545, 0
0.6284433, 0.2866458, 0.5703918, 0
0.5906042, 0.1687658, 0.16689, 0
0.6099305, 0.2750014, 0.5036243, 0
0.4333691, 0.1767541, 0.6845269, 0
0.4005211, 0.2805048, 0.2829509, 0
0.3076072, 0.1670048, 0.3474566, 0
0.4397063, 0.2219103, 0.4541758, 0
0.7403643, 0.1579742, 0.4441976, 0
0.6056167, 0.1560482, 0.5349174, 0
0.6758872, 0.2344815, 0.3376527, 0
0.5036901, 0.2966309, 0.2619597, 0
0.2391625, 0.2413099, 0.332827, 0
0.3856949, 0.2338946, 0.7176555, 0
0.6708722, 0.3058371, 0.4747109, 0
0.5801793, 0.2641862, 0.6347545, 0
0.3437649, 0.1901622, 0.645116, 0
0.6631594, 0.1775145, 0.3440292, 0
0.7598755, 0.2665722, 0.529405, 0
0.4090119, 0.1568609, 0.4325572, 0
0.4299903, 0.2164854, 0.5828082, 0
0.4996832, 0.2852429, 0.6498455, 0
0.4919162, 0.194814, 0.3578497, 0
0.7256486, 0.2268116, 0.3849058, 0
0.7238442, 0.2805799, 0.5031739, 0
0.2055262, 0.2425273, 0.3642765, 0
0.5380616, 0.2064636, 0.3588637, 0
0.4695137, 0.2997915, 0.3491006, 0
0.8160113, 0.2071432, 0.4327846, 0
0.804382, 0.21504, 0.4663562, 0
0.5605338, 0.2884828, 0.2449207, 0
0.723393, 0.2969229, 0.5717183, 0
0.6127192, 0.2069867, 0.2738641, 0
0.3703677, 0.1611578, 0.3722864, 0
0.6493201, 0.170752, 0.3174198, 0
0.470132, 0.2020009, 0.6564573, 0
0.4012613, 0.1572591, 0.4781117, 0
0.7029364, 0.2290493, 0.7063762, 0
0.244565, 0.2637296, 0.327617, 0
0.2333284, 0.1994155, 0.298902, 0
0.4505182, 0.1877441, 0.2640179, 0
0.3042179, 0.2148131, 0.4276156, 0
0.2790988, 0.2560464, 0.6453824, 0
0.4730381, 0.1664893, 0.3135163, 0
0.5163848, 0.211977, 0.590534, 0
0.674412, 0.20281, 0.4241396, 0
0.7923005, 0.1772293, 0.3968604, 0
0.2531292, 0.1753083, 0.4277644, 0
0.5667107, 0.1777567, 0.3270625, 0
0.4757675, 0.2938822, 0.1869133, 0
0.4628925, 0.2112917, 0.4914609, 0
0.3237312, 0.2770762, 0.6601673, 0
0.43642, 0.1717106, 0.7329573, 0
0.383053, 0.2648748, 0.2941037, 0
0.5699503, 0.2701856, 0.6759754, 0
0.6353105, 0.2377086, 0.5171071, 0
0.2787527, 0.166518, 0.6812345, 0
0.6322407, 0.2909204, 0.4752258, 0
0.2252789, 0.1562926, 0.4679224, 0
0.1604321, 0.1841768, 0.5048722, 0
0.6634052, 0.1790053, 0.2465246, 0
0.7342714, 0.2770085, 0.2697879, 0
0.2520694, 0.1807204, 0.3409145, 0
0.459827, 0.270658, 0.4856118, 0
0.517491, 0.2151743, 0.486749, 0
0.4499916, 0.2226475, 0.2552299, 0
0.5494323, 0.2106189, 0.5422251, 0
0.5660948, 0.228087, 0.7109202, 0
0.3592479, 0.186948, 0.3801177, 0
0.3563334, 0.2841065, 0.3770893, 0
0.7096049, 0.174825, 0.6039871, 0
0.6691306, 0.2423307, 0.6388974, 0
0.4756995, 0.3027754, 0.4642386, 0
0.7322773, 0.2397014, 0.3666668, 0
0.3707601, 0.2067914, 0.174926, 0
0.3921648, 0.2899629, 0.6317143, 0
0.6355384, 0.2866025, 0.2537051, 0
0.2173696, 0.2042519, 0.4484946, 0
0.5344689, 0.2936266, 0.3318371, 0
0.6294352, 0.2004908, 0.3783675, 0
0.8007947, 0.1752381, 0.2605976, 0
0.5729524, 0.2316179, 0.5092908, 0
0.4515343, 0.1623779, 0.7014517, 0
0.7490519, 0.2174032, 0.6194495, 0
0.5622251, 0.2825439, 0.4560419, 0
0.3269766, 0.2764095, 0.6507838, 0
0.4831237, 0.228006, 0.3493291, 0
0.5867419, 0.1726333, 0.6670405, 0
0.6657393, 0.2588346, 0.6341364, 0
0.5403337, 0.2157099, 0.4948318, 0
0.259637, 0.2580229, 0.57407, 0
0.3424991, 0.157618, 0.464121, 0
0.6556965, 0.2837143, 0.5450389, 0
0.4268265, 0.2313861, 0.1986034, 0
0.3960561, 0.2860352, 0.4527296, 0
0.3701982, 0.255394, 0.3629792, 0
0.3985556, 0.1756038, 0.7657893, 0
0.3275616, 0.1804724, 0.3572557, 0
0.8040097, 0.2375331, 0.4189076, 0
0.7854306, 0.1939203, 0.604609, 0
0.6483743, 0.2536108, 0.6915281, 0
0.3937344, 0.2967342, 0.5017769, 0
0.6518834, 0.1822029, 0.4732606, 0
0.569115, 0.1597292, 0.6785302, 0
0.2863175, 0.267033, 0.4956198, 0
0.3321815, 0.2635685, 0.3481667, 0
0.6034552, 0.1881419, 0.4675594, 0
0.353945, 0.2828676, 0.4716689, 0
0.6326122, 0.1753284, 0.2460774, 0
0.7521217, 0.1667085, 0.6679844, 0
0.5929311, 0.1710624, 0.6718928, 0
0.3377647, 0.2502951, 0.5973208, 0
0.6095516, 0.2007404, 0.7259296, 0
0.6868495, 0.3067605, 0.4884103, 0
0.6066867, 0.2448291, 0.1875592, 0
0.4991371, 0.2993622, 0.4592544, 0
0.6645967, 0.1978826, 0.6863858, 0
0.7419142, 0.2614073, 0.2864979, 0
0.5305832, 0.1900457, 0.3431841, 0
0.7251498, 0.267287, 0.4978239, 0
0.4001759, 0.2084788, 0.5913973, 0
0.7923691, 0.2576041, 0.4358894, 0
0.4854757, 0.2135656, 0.4572912, 0
0.4222397, 0.2745457, 0.2224696, 0
0.3280261, 0.159966, 0.696905, 0
0.3776904, 0.1724067, 0.717137, 0
0.3743548, 0.1934935, 0.6266795, 0
0.2967096, 0.3040019, 0.5080468, 0
0.7365344, 0.2012424, 0.3495614, 0
0.3747809, 0.2540063, 0.6409793, 0
0.4516881, 0.2519056, 0.3306926, 0
0.7674991, 0.2633589, 0.5043202, 0
0.4593229, 0.156715, 0.7658017, 0
0.2522709, 0.2555322, 0.545585, 0
0.6254908, 0.2345376, 0.4818145, 0
0.4946473, 0.2181068, 0.3492321, 0
0.7485902, 0.2096904, 0.3225695, 0
0.7094397, 0.1685515, 0.3678867, 0
0.5677381, 0.2462541, 0.6892089, 0
0.2476211, 0.1679011, 0.6530542, 0
0.5212258, 0.2186658, 0.6066487, 0
0.2892436, 0.3008185, 0.3659778, 0
0.7786393, 0.2488499, 0.4082511, 0
0.555083, 0.2228483, 0.3537301, 0
0.6091611, 0.1883818, 0.5970041, 0
0.20953, 0.2120179, 0.424537, 0
0.7366765, 0.2513571, 0.2957289, 0
0.2957306, 0.2264203, 0.2291974, 0
0.6570711, 0.2130789, 0.4971402, 0
0.527344, 0.2941269, 0.6845919, 0
0.782586, 0.2096865, 0.6433051, 0
0.4650336, 0.1754418, 0.2123107, 0
0.5170667, 0.1648143, 0.5750453, 0
0.6983877, 0.2813141, 0.5735801, 0
0.5102844, 0.2553824, 0.2424473, 0
0.4275843, 0.2042993, 0.2869914, 0
0.4933978, 0.2702594, 0.2291029, 0
0.459838, 0.2397429, 0.1388712, 0
0.5856504, 0.1983007, 0.3030702, 0
0.4050246, 0.2418483, 0.193832, 0
0.299531, 0.1874187, 0.6625359, 0
0.7448819, 0.2512857, 0.3364615, 0
0.3921024, 0.2299477, 0.3603601, 0
0.4564319, 0.2040541, 0.7238919, 0
0.6165428, 0.2857693, 0.424456, 0
0.3138193, 0.1820885, 0.5745837, 0
0.787146, 0.2001263, 0.4421504, 0
0.5649318, 0.2261924, 0.6045328, 0
0.2027804, 0.2447068, 0.447575, 0
0.6165346, 0.2010017, 0.2135576, 0
0.5392634, 0.2229799, 0.259959, 0
0.5857404, 0.2269031, 0.2388886, 0
0.3942579, 0.1933355, 0.3946989, 0
0.53048, 0.2572018, 0.6591318, 0
0.5153404, 0.1812628, 0.7788211, 0
0.5823827, 0.1678765, 0.7317258, 0
0.7458627, 0.1958085, 0.4380947, 0
0.6730816, 0.2483105, 0.3483207, 0
0.3533214, 0.205463, 0.2571008, 0
0.3092124, 0.2349188, 0.5506015, 0
0.7568042, 0.2272839, 0.5115784, 0
0.3879422, 0.2047561, 0.2073719, 0
0.7927594, 0.2277949, 0.3106725, 0
0.5558981, 0.2151447, 0.6871125, 0
0.5548074, 0.3047428, 0.409384, 0
0.2505795, 0.2741261, 0.4275719, 0
0.5738245, 0.1759577, 0.1348745, 0
0.6795599, 0.1780243, 0.36084, 0
0.5739133, 0.1740868, 0.1353827, 0
0.7527608, 0.1818614, 0.3462466, 0
0.4789509, 0.193043, 0.6199761, 0
0.2995777, 0.2470077, 0.555889, 0
0.4586446, 0.271738, 0.695959, 0
0.2317111, 0.2774363, 0.3913534, 0
0.7423884, 0.2730089, 0.6267341, 0
0.298742, 0.2736277, 0.3752075, 0
0.495203, 0.2442404, 0.5693366, 0
0.3505904, 0.2789582, 0.636647, 0
0.423014, 0.1714718, 0.3735358, 0
0.4480588, 0.2907043, 0.2180237, 0
0.2579354, 0.1783722, 0.3028316, 0
0.7827865, 0.1678579, 0.3189157, 0
0.7100631, 0.1983967, 0.6399544, 0
0.4607746, 0.2521791, 0.7360622, 0
0.5990164, 0.2427919, 0.2704537, 0
0.4445515, 0.2501054, 0.2287711, 0
0.5317053, 0.297766, 0.3463936, 0
0.515003, 0.2060553, 0.4675628, 0
0.3628178, 0.1902258, 0.2287499, 0
0.6814118, 0.2423396, 0.6552804, 0
0.725854, 0.2011648, 0.3914441, 0
0.4733254, 0.2896138, 0.6927506, 0
0.6489945, 0.260015, 0.4672689, 0
0.265509, 0.2062476, 0.6434192, 0
0.2688251, 0.2588334, 0.4476837, 0
0.4787639, 0.2090205, 0.3693216, 0
0.1706467, 0.197749, 0.4355064, 0
0.3908434, 0.229426, 0.6841587, 0
0.8050591, 0.1782601, 0.4110704, 0
0.2461527, 0.2383001, 0.4696943, 0
0.5520718, 0.2781873, 0.1872176, 0
0.5501373, 0.2853477, 0.4648266, 0
0.3042877, 0.2006721, 0.4021996, 0
0.5709124, 0.2149628, 0.4158442, 0
0.5615592, 0.3013873, 0.6544424, 0
0.5705832, 0.2811613, 0.2124932, 0
0.7252753, 0.2535864, 0.3592556, 0
0.3387234, 0.2749683, 0.5418841, 0
0.4228221, 0.2366058, 0.6773067, 0
0.6022971, 0.3065867, 0.5712285, 0
0.5871254, 0.2524266, 0.5457062, 0
0.499626, 0.2878664, 0.4772483, 0
0.7245286, 0.1670981, 0.3102256, 0
0.6208517, 0.2228981, 0.6532909, 0
0.470975, 0.2626823, 0.2009372, 0
0.4584227, 0.213643, 0.5269749, 0
0.4723246, 0.1719292, 0.3661799, 0
0.5212838, 0.2317472, 0.1564149, 0
0.3439116, 0.2271056, 0.6838613, 0
0.4165044, 0.2893868, 0.2472344, 0
0.71704, 0.1999358, 0.3700917, 0
0.5874156, 0.1832823, 0.7819182, 0
0.3736733, 0.1642939, 0.1571307, 0
0.6100072, 0.2370484, 0.7499825, 0
0.4653949, 0.2381532, 0.7585133, 0
0.2061879, 0.2343159, 0.3604914, 0
0.6126687, 0.2424086, 0.5991226, 0
0.6738839, 0.2426419, 0.3146099, 0
0.5488629, 0.270173, 0.2723401, 0
0.5508398, 0.2628813, 0.6332134, 0
0.2997348, 0.2412847, 0.4066768, 0
0.5469025, 0.221907, 0.1523237, 0
0.4749245, 0.250237, 0.6446879, 0
0.4533786, 0.2932298, 0.6601014, 0
0.6062137, 0.2523833, 0.4626692, 0
0.5685072, 0.2424889, 0.1560518, 0
0.3791818, 0.2819144, 0.7064258, 0
0.4358352, 0.2833217, 0.2926561, 0
0.4553168, 0.1820304, 0.7926502, 0
0.4607375, 0.2622679, 0.439051, 0
0.5966929, 0.1726982, 0.4452741, 0
0.8116373, 0.2419202, 0.4024963, 0
0.5873349, 0.2581396, 0.2655714, 0
0.426187, 0.2018638, 0.5651175, 0
0.5496982, 0.2649374, 0.5334062, 0
0.4900738, 0.2455138, 0.2785255, 0
0.4308926, 0.2448359, 0.2415298, 0
0.4605575, 0.1789447, 0.2756767, 0
0.7444486, 0.274247, 0.4139948, 0
0.4969438, 0.2828955, 0.4706639, 0
0.3651746, 0.1650979, 0.2837219, 0
0.3769018, 0.1850328, 0.6929928, 0
0.4247723, 0.2012612, 0.3344701, 0
0.7755802, 0.2366037, 0.3784543, 0
0.6303343, 0.294926, 0.3394853, 0
0.2349438, 0.2871209, 0.3998972, 0
0.6137754, 0.2888948, 0.6042944, 0
0.4757817, 0.2058187, 0.2424422, 0
0.2672979, 0.2465365, 0.5359588, 0
0.427523, 0.1991237, 0.6857587, 0
0.342513, 0.2646727, 0.6448511, 0
0.3491327, 0.2490048, 0.3862188, 0
0.3581925, 0.2457024, 0.6809384, 0
0.6744159, 0.1680559, 0.6275807, 0
0.5631052, 0.1578452, 0.4315926, 0
0.5323886, 0.2938096, 0.2563779, 0
0.6203771, 0.1780074, 0.3753034, 0
0.7685091, 0.1686388, 0.5932702, 0
0.4149488, 0.1904573, 0.2219303, 0
0.7559207, 0.2588212, 0.5468563, 0
0.5967246, 0.2078187, 0.3477296, 0
0.4404228, 0.2246401, 0.2996133, 0
0.4693036, 0.2087778, 0.4078569, 0
0.3168305, 0.2925694, 0.5884771, 0
0.498288, 0.2886807, 0.5365313, 0
0.741729, 0.1744028, 0.4274685, 0
0.5369607, 0.2365868, 0.5633481, 0
0.2666373, 0.1794671, 0.4901646, 0
0.559323, 0.1741235, 0.1263478, 0
0.6230483, 0.300467, 0.2793635, 0
0.3371913, 0.1728439, 0.4665684, 0
0.6624739, 0.230585, 0.6976683, 0
0.6536289, 0.2124485, 0.7326785, 0
0.390602, 0.2171131, 0.7564773, 0
0.4795137, 0.2907646, 0.3948131, 0
0.2027166, 0.2586729, 0.5242753, 0
0.4213169, 0.2373273, 0.7630048, 0
0.5553688, 0.2691031, 0.4248258, 0
0.5854175, 0.1700572, 0.6232865, 0
0.6970024, 0.2169496, 0.577955, 0
0.578424, 0.1792327, 0.7977974, 0
0.446523, 0.278505, 0.2169582, 0
0.1851284, 0.1826296, 0.5044667, 0
0.7574239, 0.1685864, 0.2573552, 0
0.6823309, 0.2103215, 0.6437273, 0
0.4541509, 0.2268222, 0.6994069, 0
0.7518474, 0.2598728, 0.5126826, 0
0.4077486, 0.2988598, 0.679307, 0
0.2676481, 0.2618377, 0.6057757, 0
0.596643, 0.1613067, 0.7184743, 0
0.6523762, 0.2951829, 0.5759838, 0
0.3924669, 0.248327, 0.2174059, 0
0.5766228, 0.2344088, 0.4283172, 0
0.6163819, 0.2229351, 0.2771021, 0
0.7048296, 0.2278926, 0.4513617, 0
0.800467, 0.1768868, 0.6330796, 0
0.6614341, 0.1765154, 0.7052109, 0
0.5412556, 0.1908247, 0.6342036, 0
0.1781409, 0.2150076, 0.4653216, 0
0.2202136, 0.1599093, 0.5358702, 0
0.4193484, 0.2775328, 0.2502221, 0
0.628318, 0.2841574, 0.2389323, 0
0.375329, 0.2053333, 0.490927, 0
0.6382729, 0.2909802, 0.6726024, 0
0.3878452, 0.2598745, 0.5125155, 0
0.4661757, 0.2724671, 0.4712184, 0
0.6166092, 0.2551944, 0.5865293, 0
0.453341, 0.2934348, 0.3483472, 0
0.2706048, 0.2476261, 0.5914506, 0
0.7489668, 0.2947023, 0.4041142, 0
0.6359307, 0.1742306, 0.1346318, 0
0.3195273, 0.15701, 0.5968739, 0
0.3527357, 0.2832736, 0.28009, 0
0.2151859, 0.2228423, 0.5045851, 0
0.7938277, 0.2730353, 0.4916978, 0
0.5538931, 0.2550583, 0.3737392, 0
0.3798413, 0.2977744, 0.4609121, 0
0.7289237, 0.269331, 0.6090981, 0
0.2666635, 0.1788147, 0.3830072, 0
0.6041684, 0.2043624, 0.341101, 0
0.6833795, 0.2291952, 0.3306308, 0
0.6124979, 0.161693, 0.5742598, 0
0.7390296, 0.1818066, 0.6006753, 0
0.4712574, 0.1630256, 0.7305575, 0
0.5417269, 0.1829549, 0.3850414, 0
0.4687167, 0.2197924, 0.5970406, 0
0.417952, 0.2650304, 0.7329043, 0
0.52575, 0.1578097, 0.5533596, 0
0.3030984, 0.1565938, 0.4197188, 0
0.4637914, 0.2081778, 0.4000522, 0
0.3990615, 0.2661067, 0.2106438, 0
0.4184641, 0.221827, 0.6150454, 0
0.4693851, 0.2199386, 0.3769016, 0
0.6517052, 0.2003005, 0.1750227, 0
0.3830267, 0.2598897, 0.6998724, 0
0.6640043, 0.2144047, 0.6084088, 0
0.8093724, 0.266262, 0.4400852, 0
0.743313, 0.208735, 0.4489442, 0
0.7581192, 0.3038796, 0.5078294, 0
0.5157886, 0.2704145, 0.2547306, 0
0.6680114, 0.299775, 0.586072, 0
0.6650554, 0.2278787, 0.3733356, 0
0.3825388, 0.180047, 0.2399334, 0
0.3088941, 0.2621171, 0.6690618, 0
0.5481352, 0.1655588, 0.2660711, 0
0.7179577, 0.2455658, 0.4202606, 0
0.5330567, 0.2364029, 0.5594717, 0
0.6593305, 0.1714775, 0.1630626, 0
0.2702803, 0.2294294, 0.4139067, 0
0.5133474, 0.3033783, 0.2930464, 0
0.796564, 0.1923481, 0.3329777, 0
0.4283639, 0.2283635, 0.3625336, 0
0.7924564, 0.178313, 0.5790566, 0
0.3959791, 0.2126051, 0.3908536, 0
0.4581758, 0.2840104, 0.5082678, 0
0.5300289, 0.2557763, 0.3214543, 0
0.416759, 0.1821318, 0.4033537, 0
0.3302759, 0.1907886, 0.4109806, 0
0.6472904, 0.3104154, 0.5106426, 0
0.6566518, 0.2026715, 0.550889, 0
0.4346941, 0.1948482, 0.3468474, 0
0.7038313, 0.2578058, 0.6640279, 0
0.2527269, 0.2042939, 0.4451824, 0
0.6175976, 0.1651296, 0.2984193, 0
0.6418335, 0.216131, 0.1546322, 0
0.3903853, 0.2848047, 0.4624407, 0
0.3570558, 0.1714748, 0.5941919, 0
0.4223051, 0.1764524, 0.3474436, 0
0.3332921, 0.1856377, 0.7176269, 0
0.5703434, 0.194949, 0.7782249, 0
0.7288316, 0.1698468, 0.3906413, 0
0.4229584, 0.1725949, 0.4047512, 0
0.6338735, 0.2854943, 0.5249763, 0
0.3775459, 0.1933155, 0.1897129, 0
0.3516584, 0.2772591, 0.2380225, 0
0.460224, 0.1588895, 0.4953225, 0
0.5186423, 0.2825494, 0.665429, 0
0.2998936, 0.1685753, 0.4729867, 0
0.6807966, 0.2951931, 0.3858285, 0
0.3718401, 0.1985526, 0.1687004, 0
0.8317446, 0.2032965, 0.5396389, 0
0.6818134, 0.1742591, 0.6254767, 0
0.5440373, 0.2793466, 0.3448023, 0
0.4713423, 0.2021727, 0.2227452, 0
0.5892245, 0.2809408, 0.2869179, 0
0.5119252, 0.192614, 0.1301959, 0
0.6622836, 0.1720681, 0.3946211, 0
0.5581223, 0.1851814, 0.2213638, 0
0.6385894, 0.2926143, 0.5848035, 0
0.5226499, 0.1898896, 0.6882463, 0
0.3803009, 0.2561747, 0.4967054, 0
0.3683031, 0.1659372, 0.7211811, 0
0.266038, 0.1668774, 0.5543991, 0
0.3246687, 0.2526721, 0.5478097, 0
0.2172724, 0.2002507, 0.3617679, 0
0.5034924, 0.1543708, 0.587474, 0
0.5595825, 0.2817162, 0.6787317, 0
0.5038524, 0.2735873, 0.3833905, 0
0.7440384, 0.2200277, 0.6549395, 0
0.8336464, 0.1788476, 0.4523071, 0
0.6015064, 0.1974006, 0.3634847, 0
0.3734286, 0.2410582, 0.4181866, 0
0.2683406, 0.2641451, 0.2830962, 0
0.5920364, 0.2650408, 0.6114641, 0
0.5489185, 0.2768431, 0.5946632, 0
0.3006003, 0.1930777, 0.58535, 0
0.4575089, 0.1955141, 0.2050618, 0
0.6794963, 0.2654688, 0.6163571, 0
0.3720618, 0.1767657, 0.7530734, 0
0.1851908, 0.1844076, 0.4100537, 0
0.553491, 0.2897109, 0.5108938, 0
0.7662511, 0.1753478, 0.6848544, 0
0.431744, 0.2507316, 0.3453662, 0
0.470773, 0.1626031, 0.4820283, 0
0.6182817, 0.2236925, 0.703956, 0
0.7430854, 0.2256069, 0.3275765, 0
0.4793315, 0.283335, 0.2359757, 0
0.4223478, 0.230043, 0.7481121, 0
0.5681899, 0.2560907, 0.5989153, 0
0.6787488, 0.2740642, 0.691204, 0
0.4743594, 0.2887694, 0.63432, 0
0.6463814, 0.2809608, 0.6796115, 0
0.6747659, 0.2237232, 0.183903, 0
0.6896805, 0.2512534, 0.2658164, 0
0.4952004, 0.251703, 0.2027857, 0
0.679484, 0.2003175, 0.5251786, 0
0.4590226, 0.2597592, 0.5530803, 0
0.3137493, 0.1832041, 0.1732856, 0
0.6433677, 0.2953264, 0.2881636, 0
0.8006452, 0.1901827, 0.3089104, 0
0.3932234, 0.226533, 0.5211051, 0
0.6071182, 0.2024969, 0.2158633, 0
0.2713986, 0.2192154, 0.3198698, 0
0.3998359, 0.263397, 0.4129097, 0
0.1943908, 0.2569079, 0.4922479, 0
0.6206713, 0.1904937, 0.1647907, 0
0.6373044, 0.2607071, 0.6454201, 0
0.3865983, 0.2820828, 0.3724782, 0
0.2542108, 0.2844599, 0.592872, 0
0.4164393, 0.2727832, 0.5515175, 0
0.3769205, 0.154224, 0.4779212, 0
0.6027412, 0.2133403, 0.6779356, 0
0.5800994, 0.2612819, 0.5529911, 0
0.5737795, 0.2476453, 0.7076819, 0
0.3727161, 0.1715503, 0.7576516, 0
0.429174, 0.2607328, 0.4613957, 0
0.2073994, 0.2102188, 0.4324897, 0
0.4317124, 0.2797847, 0.33966, 0
0.3294767, 0.2820757, 0.5227701, 0
0.8046253, 0.1930625, 0.6037943, 0
0.2633782, 0.1665449, 0.66776, 0
0.753976, 0.1969884, 0.3748196, 0
0.7016397, 0.1966276, 0.6162271, 0
0.6872946, 0.2816074, 0.3597441, 0
0.3498253, 0.2844833, 0.6700158, 0
0.3761999, 0.2149484, 0.3703933, 0
0.3030081, 0.2559213, 0.6520376, 0
0.535963, 0.2333167, 0.5944678, 0
0.2444064, 0.1725171, 0.4071974, 0
0.671845, 0.283628, 0.656742, 0
0.238241, 0.2150141, 0.5179737, 0
0.7108555, 0.2301718, 0.4498856, 0
0.2348183, 0.2242262, 0.4074547, 0
0.191137, 0.1851527, 0.5172508, 0
0.2507699, 0.1867911, 0.2365256, 0
0.7319626, 0.2292423, 0.5615574, 0
0.3945714, 0.260387, 0.4862559, 0
0.6675575, 0.2306867, 0.3362553, 0
0.7021477, 0.2955313, 0.5233647, 0
0.646625, 0.2935113, 0.6142833, 0
0.8002877, 0.2327055, 0.3314461, 0
0.7359046, 0.2656059, 0.5271919, 0
0.3947333, 0.2391339, 0.6908623, 0
0.6353129, 0.1980181, 0.455824, 0
0.4232506, 0.218105, 0.4909586, 0
0.5403728, 0.2324908, 0.2571972, 0
0.365506, 0.230562, 0.650015, 0
0.6725742, 0.2264521, 0.178462, 0
0.5111067, 0.2291904, 0.7630859, 0
0.6374252, 0.2926935, 0.4400899, 0
0.5747655, 0.2450698, 0.3254874, 0
0.6019258, 0.2110811, 0.2824025, 0
0.554518, 0.2188871, 0.4459409, 0
0.2376503, 0.1914516, 0.4363179, 0
0.207169, 0.2078628, 0.5290871, 0
0.6870664, 0.1666381, 0.5857975, 0
0.3679179, 0.2287849, 0.2217237, 0
0.3913467, 0.2031972, 0.6094369, 0
0.3746284, 0.2188566, 0.5075815, 0
0.3394988, 0.2477288, 0.4144177, 0
0.5010468, 0.1893203, 0.7680206, 0
0.5800669, 0.2415945, 0.6755207, 0
0.2848952, 0.1773904, 0.5277302, 0
0.7157086, 0.2344977, 0.4426457, 0
0.7749853, 0.1843727, 0.3877798, 0
0.7096899, 0.2621245, 0.3377346, 0
0.50163, 0.2388203, 0.5871566, 0
0.4537343, 0.2557361, 0.3850532, 0
0.5721798, 0.2521684, 0.5467096, 0
0.8054358, 0.1876151, 0.55471, 0
0.5421169, 0.2798277, 0.1917657, 0
0.5595533, 0.3008024, 0.3990343, 0
0.6451867, 0.1668339, 0.501849, 0
0.5328711, 0.272563, 0.5501333, 0
0.450156, 0.2144716, 0.5495496, 0
0.3066442, 0.2132555, 0.2002448, 0
0.2840182, 0.2847161, 0.6161572, 0
0.764466, 0.1883677, 0.6794431, 0
0.3202657, 0.2563941, 0.6328411, 0
0.5160778, 0.2460157, 0.7301673, 0
0.4493175, 0.1708315, 0.2662922, 0
0.7971099, 0.190432, 0.4485004, 0
0.5379742, 0.1973778, 0.187307, 0
0.3956777, 0.2907828, 0.5675067, 0
0.6618825, 0.304425, 0.2665769, 0
0.4718866, 0.239889, 0.1617599, 0
0.3759927, 0.1982623, 0.2944898, 0
0.6906977, 0.2654217, 0.3501146, 0
0.6402704, 0.2649613, 0.223177, 0
0.4005214, 0.1550502, 0.3327364, 0
0.4225869, 0.2511218, 0.6451394, 0
0.6155611, 0.2414309, 0.3001528, 0
0.666742, 0.1611946, 0.6259053, 0
0.7509745, 0.2018586, 0.3387523, 0
0.6710442, 0.1773818, 0.2426474, 0
0.4912223, 0.1677094, 0.3919934, 0
0.3559711, 0.2940753, 0.6217057, 0
0.6530192, 0.245131, 0.4157088, 0
0.6428935, 0.1941498, 0.4503952, 0
0.5459643, 0.1997679, 0.7231674, 0
0.3296826, 0.2899556, 0.2553581, 0
0.5637621, 0.2104727, 0.6815858, 0
0.4289402, 0.2328463, 0.5028377, 0
0.3938282, 0.3034709, 0.5475002, 0
0.2611331, 0.2768109, 0.4697256, 0
0.2133611, 0.2018776, 0.4391206, 0
0.707343, 0.1812214, 0.4427499, 0
0.6261402, 0.1905001, 0.530121, 0
0.4147692, 0.1721392, 0.6519892, 0
0.4520291, 0.2120226, 0.2254957, 0
0.8065907, 0.1806518, 0.5178441, 0
0.3389, 0.2321762, 0.6320511, 0
0.6435937, 0.1668227, 0.3523503, 0
0.384287, 0.2622839, 0.2477539, 0
0.6167625, 0.2479109, 0.3449697, 0
0.4659249, 0.3066912, 0.4218181, 0
0.4757106, 0.2159515, 0.1652631, 0
0.5244755, 0.2953727, 0.7142317, 0
0.283621, 0.2235325, 0.2292412, 0
0.4332133, 0.2350213, 0.3524871, 0
0.2437627, 0.2181138, 0.6306092, 0
0.6699184, 0.2614053, 0.4432951, 0
0.6158105, 0.2168388, 0.3863566, 0
0.4099402, 0.2431248, 0.3209693, 0
0.5013278, 0.1925051, 0.3062808, 0
0.2465387, 0.2024568, 0.6384131, 0
0.3946383, 0.2508511, 0.292583, 0
0.5125508, 0.2329187, 0.4148645, 0
0.5713817, 0.1846626, 0.515165, 0
0.3329695, 0.1673767, 0.2410375, 0
0.7508675, 0.210638, 0.3605274, 0
0.6555713, 0.2798864, 0.27842, 0
0.2112224, 0.168594, 0.3339858, 0
0.4916396, 0.2633383, 0.2438758, 0
0.7270527, 0.180283, 0.5094646, 0
0.637362, 0.28828, 0.4362839, 0
0.6073086, 0.2556418, 0.5237558, 0
0.4875445, 0.2063043, 0.5211443, 0
0.4147955, 0.2800216, 0.3284506, 0
0.5687966, 0.1863551, 0.1075929, 0
0.6006188, 0.1708336, 0.1526452, 0
0.792327, 0.2514818, 0.466567, 0
0.688153, 0.2009619, 0.3577685, 0
0.61007, 0.2977198, 0.3051127, 0
0.4794099, 0.2693361, 0.275532, 0
0.6807077, 0.2059128, 0.4854281, 0
0.4623472, 0.1892079, 0.205364, 0
0.7064586, 0.2040776, 0.5210689, 0
0.4351584, 0.1884203, 0.4200158, 0
0.5709896, 0.2150645, 0.1641686, 0
0.3761294, 0.2408796, 0.4911933, 0
0.4082158, 0.2478967, 0.7073401, 0
0.2762378, 0.2921266, 0.336258, 0
0.7189256, 0.2189247, 0.5879829, 0
0.6860294, 0.2414332, 0.3640023, 0
0.4228119, 0.1667283, 0.3082088, 0
0.4968665, 0.1576649, 0.6310696, 0
0.76657, 0.2949128, 0.3680413, 0
0.2228453, 0.2081877, 0.3839645, 0
0.4527505, 0.2676192, 0.7547625, 0
0.3935086, 0.197993, 0.3184168, 0
0.6850811, 0.2705502, 0.391629, 0
0.487611, 0.1594693, 0.2585193, 0
0.3456279, 0.2117686, 0.512999, 0
0.5512112, 0.1802024, 0.2139985, 0
0.4077019, 0.1778127, 0.3510216, 0
0.5787925, 0.1837307, 0.6498888, 0
0.5560018, 0.229688, 0.1834248, 0
0.4720952, 0.2010349, 0.5047169, 0
0.3599039, 0.1917387, 0.5430093, 0
0.3839623, 0.1901799, 0.2889429, 0
0.5537818, 0.2828462, 0.6130773, 0
0.6336954, 0.2136943, 0.3475761, 0
0.7503533, 0.2078227, 0.5482038, 0
0.4882305, 0.1732073, 0.6931377, 0
0.8202698, 0.1951143, 0.5046447, 0
0.3687797, 0.1829892, 0.1441786, 0
0.7239766, 0.2274438, 0.4936716, 0
0.5772445, 0.2328379, 0.6538545, 0
0.737232, 0.2654118, 0.6305934, 0
0.5634868, 0.1665507, 0.2341027, 0
0.632864, 0.2390568, 0.3040714, 0
0.272246, 0.2731764, 0.4845988, 0
0.6863918, 0.1678977, 0.3697418, 0
0.5612403, 0.190137, 0.6543559, 0
0.6751644, 0.1889122, 0.2436821, 0
0.303414, 0.226483, 0.2290983, 0
0.8331124, 0.1938419, 0.5903041, 0
0.7418593, 0.2694238, 0.4130395, 0
0.3361414, 0.2882436, 0.5203149, 0
0.4789473, 0.2812963, 0.5334659, 0
0.5292884, 0.2846817, 0.466664, 0
0.5804113, 0.2311091, 0.732457, 0
0.4963585, 0.2756984, 0.2003811, 0
0.5500326, 0.2927321, 0.5437023, 0
0.3136843, 0.1796893, 0.5953593, 0
0.2125351, 0.1669386, 0.3923455, 0
0.2566501, 0.2158523, 0.3273478, 0
0.3926308, 0.2550894, 0.6170505, 0
0.6462966, 0.2148672, 0.4382903, 0
0.3708375, 0.2577975, 0.4487374, 0
0.4167875, 0.1705359, 0.5436659, 0
0.6817918, 0.223205, 0.6956413, 0
0.56152, 0.2241619, 0.2873572, 0
0.4725437, 0.2629425, 0.749642, 0
0.5595328, 0.2726558, 0.3290792, 0
0.6758032, 0.2366678, 0.4517621, 0
0.6946154, 0.2147816, 0.4731297, 0
0.3109884, 0.190935, 0.6310659, 0
0.6115442, 0.280219, 0.2941684, 0
0.6227458, 0.1922999, 0.6200733, 0
0.3393495, 0.2009825, 0.384163, 0
0.3876217, 0.2056069, 0.439715, 0
0.4771047, 0.2803158, 0.1844231, 0
0.7613372, 0.2089271, 0.6218491, 0
0.4272109, 0.2602227, 0.3263216, 0
0.3323072, 0.269028, 0.256453, 0
0.3268008, 0.1976942, 0.2237134, 0
0.733763, 0.2027663, 0.364833, 0
0.5195607, 0.2131312, 0.6434354, 0
0.751008, 0.2710555, 0.5857545, 0
0.8296627, 0.1817416, 0.5105644, 0
0.7813693, 0.2347772, 0.5645586, 0
0.6342123, 0.2391462, 0.4519725, 0
0.3121978, 0.2801534, 0.4865907, 0
0.7303744, 0.2472819, 0.5390314, 0
0.4988478, 0.2772673, 0.7019305, 0
0.6812246, 0.1828968, 0.2806665, 0
0.3882761, 0.2747692, 0.5111813, 0
0.6785741, 0.2234392, 0.1969934, 0
0.5832673, 0.2185074, 0.1917165, 0
0.6729735, 0.1914196, 0.7210605, 0
0.709367, 0.1799596, 0.4072072, 0
0.633622, 0.1885056, 0.3610623, 0
0.2053471, 0.1775625, 0.5446759, 0
0.7252008, 0.1676669, 0.3009281, 0
0.5239871, 0.2648689, 0.3865305, 0
0.6080922, 0.1509988, 0.3827897, 0
0.2746187, 0.197552, 0.263031, 0
0.5711122, 0.2864794, 0.1796531, 0
0.4803649, 0.1647282, 0.3435963, 0
0.3285465, 0.2388369, 0.6336864, 0
0.7629784, 0.2296647, 0.5510641, 0
0.7075733, 0.2828519, 0.6075779, 0
0.208947, 0.2084594, 0.5387543, 0
0.233422, 0.2681496, 0.4300089, 0
0.4619387, 0.2148744, 0.5153025, 0
0.6675156, 0.2330039, 0.6572685, 0
0.2562568, 0.2993839, 0.4077264, 0
0.3075578, 0.2361413, 0.3207505, 0
0.79052, 0.2068506, 0.459946, 0
0.3869193, 0.2008344, 0.6615128, 0
0.7047085, 0.2641495, 0.4500864, 0
0.3003328, 0.2024489, 0.2765562, 0
0.3307256, 0.1672991, 0.1908318, 0
0.7296827, 0.2321751, 0.5701669, 0
0.2179018, 0.2433879, 0.3496289, 0
0.3498169, 0.1808866, 0.4681724, 0
0.2673378, 0.166942, 0.6185391, 0
0.6268348, 0.2086376, 0.7645755, 0
0.6847684, 0.1814924, 0.7295155, 0
0.4060003, 0.2245601, 0.6576756, 0
0.5829402, 0.2457467, 0.6104556, 0
0.2837578, 0.2379361, 0.5811402, 0
0.6920485, 0.2198243, 0.1923266, 0
0.5997005, 0.2821658, 0.6869765, 0
0.5224146, 0.2861336, 0.4087987, 0
0.3326884, 0.2434192, 0.3665756, 0
0.4092253, 0.1784656, 0.5840281, 0
0.6831762, 0.2456609, 0.2591809, 0
0.3861755, 0.2060416, 0.4853983, 0
0.3658216, 0.2094016, 0.4099504, 0
0.4053811, 0.2485514, 0.3884332, 0
0.6999599, 0.2333274, 0.6811646, 0
0.6233963, 0.1984515, 0.2815462, 0
0.6810103, 0.2859456, 0.2322742, 0
0.6118317, 0.2800464, 0.7053316, 0
0.3037079, 0.202742, 0.5799496, 0
0.6135101, 0.1781182, 0.12975, 0
0.3238667, 0.2283233, 0.2289639, 0
0.7067229, 0.16921, 0.4066243, 0
0.7701914, 0.2945132, 0.3495988, 0
0.6639358, 0.1721206, 0.499098, 0
0.6328847, 0.236747, 0.3824316, 0
0.4244506, 0.2647839, 0.3358604, 0
0.4390603, 0.2053548, 0.1255263, 0
0.5792354, 0.2749432, 0.5491604, 0
0.4778598, 0.2323332, 0.2908686, 0
0.805502, 0.2406017, 0.4513213, 0
0.5242144, 0.1956542, 0.1987012, 0
0.5831681, 0.2918907, 0.6766294, 0
0.449854, 0.2332658, 0.221059, 0
0.5750825, 0.2384919, 0.7037497, 0
0.6667756, 0.2747328, 0.2965646, 0
0.531933, 0.2289555, 0.4857071, 0
0.8081245, 0.1884918, 0.3163738, 0
0.5743381, 0.2746209, 0.2166874, 0
0.6107249, 0.2344649, 0.6438354, 0
0.3725559, 0.1994112, 0.1932653, 0
0.2389913, 0.2488827, 0.3307865, 0
0.7121279, 0.1702909, 0.5484965, 0
0.3989609, 0.261781, 0.4939123, 0
0.7866257, 0.2101769, 0.5484536, 0
0.4780299, 0.2458629, 0.1343225, 0
0.5318542, 0.244545, 0.4118904, 0
0.2644629, 0.2588943, 0.3156146, 0
0.2096039, 0.2008266, 0.3059937, 0
0.4749177, 0.2145538, 0.4174682, 0
0.3328851, 0.2369167, 0.4260837, 0
0.5014523, 0.2032439, 0.6767882, 0
0.4614423, 0.1921762, 0.5434344, 0
0.7012277, 0.1802185, 0.188173, 0
0.323095, 0.1615385, 0.4486357, 0
0.5670228, 0.2885207, 0.2891268, 0
0.5142336, 0.2563589, 0.6344812, 0
0.2540279, 0.1743404, 0.591006, 0
0.43254, 0.2375178, 0.4446189, 0
0.2724278, 0.2360608, 0.6587783, 0
0.4124972, 0.255596, 0.4296619, 0
0.571188, 0.2102151, 0.5585147, 0
0.5875592, 0.2970702, 0.6786699, 0
0.441093, 0.26207, 0.6830128, 0
0.5812391, 0.2213091, 0.4716373, 0
0.3077402, 0.1862845, 0.1972514, 0
0.5108972, 0.2537897, 0.6022344, 0
0.7842533, 0.1638501, 0.5690786, 0
0.5405636, 0.1787411, 0.491024, 0
0.5059438, 0.2803133, 0.5535529, 0
0.3227291, 0.1748483, 0.3154392, 0
0.3558777, 0.1560312, 0.2231559, 0
0.4218322, 0.244426, 0.411714, 0
0.4932782, 0.2871449, 0.5891269, 0
0.189331, 0.1616738, 0.4453277, 0
0.2006598, 0.2148149, 0.3597197, 0
0.5573123, 0.2526031, 0.646228, 0
0.5158704, 0.1708715, 0.6520072, 0
0.3080404, 0.2864249, 0.5372925, 0
0.6610804, 0.2098617, 0.3274806, 0
0.6193786, 0.2837214, 0.3072177, 0
0.5552302, 0.224037, 0.1729219, 0
0.301504, 0.2227743, 0.3724153, 0
0.5804706, 0.1669083, 0.5290133, 0
0.3428619, 0.1991916, 0.3393083, 0
0.3628398, 0.1899447, 0.3337677, 0
0.5094455, 0.1585367, 0.6166604, 0
0.4306041, 0.2872224, 0.4776665, 0
0.7284931, 0.2415093, 0.6686718, 0
0.5292621, 0.1779094, 0.119775, 0
0.6614537, 0.2657356, 0.264619, 0
0.4633675, 0.1798664, 0.1058448, 0
0.4529468, 0.2766605, 0.2402733, 0
0.4942596, 0.2930362, 0.5644681, 0
0.545096, 0.1586041, 0.4339802, 0
0.646543, 0.2804012, 0.5630581, 0
0.3193581, 0.2134359, 0.2356219, 0
0.2198073, 0.2495406, 0.3426422, 0
0.6198708, 0.180038, 0.2017782, 0
0.3845775, 0.1753305, 0.1914748, 0
0.3470804, 0.2214316, 0.1935987, 0
0.6340457, 0.1765011, 0.659274, 0
0.3467073, 0.2251601, 0.435997, 0
0.3633994, 0.2669215, 0.2666705, 0
0.6120967, 0.2393724, 0.3754362, 0
0.6779715, 0.2201602, 0.5554339, 0
0.5558019, 0.2278839, 0.1731675, 0
0.2547149, 0.1924567, 0.3035721, 0
0.6248209, 0.2064879, 0.6350062, 0
0.4647575, 0.2361974, 0.4815624, 0
0.3519163, 0.2886311, 0.3585849, 0
0.5649785, 0.2290742, 0.5686967, 0
0.5580809, 0.1992657, 0.3194439, 0
0.3176568, 0.2439952, 0.3845792, 0
0.5425733, 0.2709842, 0.2600519, 0
0.3964136, 0.260933, 0.3640835, 0
0.4962386, 0.2081183, 0.5842776, 0
0.6378651, 0.1737253, 0.5935392, 0
0.7795413, 0.1920294, 0.3437584, 0
0.4243956, 0.1931035, 0.6179002, 0
0.3476626, 0.1925866, 0.5734165, 0
0.5720834, 0.1639977, 0.7757672, 0
0.4332486, 0.2925043, 0.5543767, 0
0.5259656, 0.2179301, 0.6997302, 0
0.4983914, 0.1894749, 0.5183175, 0
0.2868418, 0.2317571, 0.2192987, 0
0.5632328, 0.302656, 0.4285834, 0
0.5831278, 0.2379961, 0.1842062, 0
0.3068409, 0.2981226, 0.3202077, 0
0.3468299, 0.1885787, 0.6747407, 0
0.3040462, 0.1785755, 0.7189732, 0
0.6268762, 0.1734239, 0.6805214, 0
0.356278, 0.2857047, 0.4229046, 0
0.4300801, 0.1836995, 0.6171035, 0
0.4582129, 0.2442825, 0.5078828, 0
0.341104, 0.2638117, 0.2134428, 0
0.3324074, 0.212894, 0.5627095, 0
0.5423947, 0.2037809, 0.6134148, 0
0.2587898, 0.280057, 0.6030663, 0
0.4242097, 0.2784607, 0.6859586, 0
0.4796446, 0.1598802, 0.5320146, 0
0.6650579, 0.2223784, 0.1751303, 0
0.4450144, 0.2130582, 0.5613084, 0
0.6821723, 0.2939224, 0.4936558, 0
0.7320272, 0.2095468, 0.4022653, 0
0.3588041, 0.2987775, 0.5891952, 0
0.6405644, 0.2987294, 0.6262428, 0
0.5841291, 0.2704947, 0.2561553, 0
0.5742971, 0.2450338, 0.5753902, 0
0.4132239, 0.1736459, 0.7728544, 0
0.5742804, 0.1924762, 0.7438759, 0
0.5919695, 0.2194555, 0.1871479, 0
0.4337121, 0.1646544, 0.3496637, 0
0.4089926, 0.2933805, 0.4962483, 0
0.5235441, 0.2869779, 0.5819548, 0
0.5051436, 0.2487034, 0.5919186, 0
0.3491922, 0.1742116, 0.5866743, 0
0.6583155, 0.1970635, 0.5357214, 0
0.6609725, 0.1522291, 0.4023108, 0
0.2658345, 0.16355, 0.2725956, 0
0.5565119, 0.3038254, 0.2983707, 0
0.7423393, 0.2257931, 0.4438222, 0
0.4348313, 0.1626607, 0.7853613, 0
0.6560597, 0.1775317, 0.4898563, 0
0.4355558, 0.2106781, 0.6739122, 0
0.3800799, 0.2591484, 0.5104368, 0
0.7210703, 0.2320461, 0.469411, 0
0.5966591, 0.2849078, 0.6648713, 0
0.5454348, 0.2136601, 0.6873982, 0
0.7558665, 0.227726, 0.497574, 0
0.5434591, 0.2411877, 0.3629234, 0
0.3876686, 0.2993706, 0.3058905, 0
0.536391, 0.2301076, 0.3606388, 0
0.4632907, 0.2100142, 0.6463323, 0
0.3359907, 0.227926, 0.6413821, 0
0.5460671, 0.219035, 0.4623853, 0
0.6325037, 0.2926633, 0.576141, 0
0.3819292, 0.2385879, 0.3531845, 0
0.4828117, 0.2042429, 0.33653, 0
0.5322804, 0.2976777, 0.2641986, 0
0.8060737, 0.2035702, 0.3505191, 0
0.4810928, 0.2323002, 0.6501892, 0
0.4392257, 0.2393232, 0.5305734, 0
0.420061, 0.1962043, 0.4130696, 0
0.5399883, 0.290308, 0.3221376, 0
0.2847945, 0.2562987, 0.3951546, 0
0.4845313, 0.2551384, 0.4013077, 0
0.3726686, 0.2458757, 0.2029316, 0
0.3503809, 0.1777641, 0.4382521, 0
0.3085538, 0.198765, 0.5568408, 0
0.4763376, 0.2256573, 0.2338918, 0
0.2324918, 0.2233293, 0.4147596, 0
0.4536944, 0.2672222, 0.7536609, 0
0.7975723, 0.2744478, 0.4900829, 0
0.4270257, 0.1811922, 0.6558282, 0
0.7092623, 0.2305036, 0.5678936, 0
0.7963233, 0.2332042, 0.4117665, 0
0.4489035, 0.302139, 0.4449036, 0
0.2972369, 0.1700898, 0.2673807, 0
0.6687986, 0.2568974, 0.3259043, 0
0.3892605, 0.2916159, 0.292834, 0
0.6886514, 0.277547, 0.3637007, 0
0.4368706, 0.1991142, 0.4533651, 0
0.7466085, 0.2319854, 0.4777604, 0
0.3766969, 0.2978279, 0.2901101, 0
0.5294499, 0.2459565, 0.7188424, 0
0.1912268, 0.2171728, 0.3930857, 0
0.3368159, 0.1731896, 0.4401798, 0
0.4887316, 0.1679205, 0.3284626, 0
0.6311623, 0.2417839, 0.4940496, 0
0.5228539, 0.1838511, 0.7877657, 0
0.3405462, 0.1917156, 0.4246356, 0
0.4149109, 0.2881266, 0.2372026, 0
0.5994908, 0.155553, 0.6708848, 0
0.2860037, 0.2373248, 0.6002135, 0
0.2763883, 0.2894305, 0.453072, 0
0.736646, 0.1970131, 0.5484908, 0
0.3949703, 0.1973408, 0.6800054, 0
0.5950916, 0.2361302, 0.3778807, 0
0.7301005, 0.2866568, 0.581762, 0
0.5338198, 0.2615712, 0.6631296, 0
0.3020557, 0.2167016, 0.6342334, 0
0.5944241, 0.2524603, 0.4977662, 0
0.5051783, 0.2282653, 0.3283901, 0
0.3920249, 0.1836394, 0.6217734, 0
0.5426201, 0.2179326, 0.6935142, 0
0.5497809, 0.2179005, 0.1842331, 0
0.6653638, 0.2633525, 0.5458484, 0
0.4742328, 0.1837232, 0.2811831, 0
0.3262279, 0.2445362, 0.4795832, 0
0.6668106, 0.2418, 0.275917, 0
0.6915467, 0.2138271, 0.5300377, 0
0.4833546, 0.1609073, 0.4147718, 0
0.3073002, 0.2202934, 0.5988851, 0
0.786486, 0.2752296, 0.579837, 0
0.8268784, 0.2202537, 0.4360541, 0
0.4313016, 0.3015499, 0.6206416, 0
0.7124272, 0.2537636, 0.2384858, 0
0.7530653, 0.3079246, 0.5070141, 0
0.3120719, 0.1770122, 0.4416243, 0
0.3107817, 0.1801447, 0.4281876, 0
0.3891839, 0.2913999, 0.2938625, 0
0.200447, 0.2383881, 0.3971244, 0
0.4679536, 0.271099, 0.3915589, 0
0.6378928, 0.2765659, 0.1943158, 0
0.273354, 0.2170076, 0.4684716, 0
0.5734789, 0.2123349, 0.5281925, 0
0.4225428, 0.1917343, 0.7457044, 0
0.438631, 0.2223973, 0.1455324, 0
0.493277, 0.2461117, 0.6729419, 0
0.5191563, 0.2839265, 0.6822385, 0
0.4040985, 0.2606807, 0.2393446, 0
0.5574701, 0.2286252, 0.6314096, 0
0.2442099, 0.2239609, 0.3747846, 0
0.3953357, 0.1841463, 0.4013128, 0
0.5071105, 0.1968948, 0.6119642, 0
0.2839691, 0.2447263, 0.305897, 0
0.2253886, 0.2741505, 0.4622605, 0
0.4438266, 0.2409023, 0.4713567, 0
0.7439814, 0.2056947, 0.2739201, 0
0.1874803, 0.2157856, 0.3959241, 0
0.6148983, 0.2149942, 0.510754, 0
0.5142828, 0.2059404, 0.6866107, 0
0.3363687, 0.2920333, 0.481686, 0
0.4654712, 0.2005229, 0.2666063, 0
0.4504243, 0.2851937, 0.6028182, 0
0.6715266, 0.2973028, 0.3324839, 0
0.4483003, 0.1771882, 0.5981264, 0
0.704192, 0.2908484, 0.6053211, 0
0.6059942, 0.1846115, 0.5334113, 0
0.2571836, 0.2778305, 0.6109705, 0
0.8076164, 0.2609677, 0.4978266, 0
0.8167286, 0.1667757, 0.4708736, 0
0.2819513, 0.2030439, 0.6779826, 0
0.4818043, 0.27112, 0.7194751, 0
0.458802, 0.2332755, 0.5735528, 0
0.714215, 0.1960755, 0.2312482, 0
0.7119855, 0.2123064, 0.5408477, 0
0.63827, 0.2847433, 0.5514292, 0
0.5711688, 0.2050579, 0.6153415, 0
0.4004568, 0.2438786, 0.7138858, 0
0.4060168, 0.1805314, 0.5362145, 0
0.7836482, 0.2740974, 0.3660302, 0
0.3682934, 0.1911063, 0.4196048, 0
0.4518313, 0.1726785, 0.4604416, 0
0.6170318, 0.1789608, 0.604582, 0
0.5424863, 0.1974475, 0.6695116, 0
0.4597848, 0.2656038, 0.629631, 0
0.7305408, 0.2676249, 0.5494674, 0
0.6747019, 0.3103889, 0.4855591, 0
0.7150019, 0.2251237, 0.4479741, 0
0.3275033, 0.2142256, 0.5322956, 0
0.4949116, 0.232046, 0.6216991, 0
0.3522431, 0.2136287, 0.4690732, 0
0.3888404, 0.2973305, 0.6117915, 0
0.3563881, 0.2970843, 0.3476691, 0
0.5408617, 0.2918783, 0.4813011, 0
0.2359513, 0.2427166, 0.5335569, 0
0.4734631, 0.206825, 0.2025829, 0
0.7109525, 0.1693017, 0.5962542, 0
0.7789645, 0.2201811, 0.6355198, 0
0.5534087, 0.21098, 0.6220216, 0
0.5409396, 0.2553499, 0.5198684, 0
0.1783431, 0.2213363, 0.4716836, 0
0.2984901, 0.2325883, 0.5186754, 0
0.6059698, 0.253547, 0.5821444, 0
0.4630284, 0.2218214, 0.6844975, 0
0.2067326, 0.246831, 0.4518219, 0
0.742581, 0.2659917, 0.5531299, 0
0.834626, 0.202228, 0.3907346, 0
0.7503473, 0.2615508, 0.3023067, 0
0.6668032, 0.2548936, 0.70064, 0
0.3609194, 0.1778667, 0.2268875, 0
0.6802233, 0.2177519, 0.5262742, 0
0.2630637, 0.296117, 0.4590639, 0
0.4397297, 0.2121908, 0.2702942, 0
0.384273, 0.2241945, 0.6075497, 0
0.5407819, 0.1982014, 0.3786848, 0
0.6463734, 0.2258229, 0.2314635, 0
0.5296612, 0.2494077, 0.1693199, 0
0.4132327, 0.1994859, 0.3454101, 0
0.4721451, 0.2477639, 0.7172422, 0
0.7591572, 0.1769255, 0.4120617, 0
0.2454772, 0.1880886, 0.6698421, 0
0.2298494, 0.2210219, 0.5804742, 0
0.7318958, 0.1944077, 0.6284961, 0
0.4651071, 0.1889299, 0.6196061, 0
0.4527523, 0.2023896, 0.6456761, 0
0.603899, 0.2075931, 0.5842953, 0
0.5331928, 0.2814889, 0.2822351, 0
0.4504356, 0.269253, 0.7029029, 0
0.4944576, 0.2225654, 0.4184223, 0
0.4389936, 0.2635493, 0.7322481, 0
0.312175, 0.1912081, 0.5799297, 0
0.5191295, 0.3018215, 0.5599258, 0
0.2439307, 0.1605081, 0.3308625, 0
0.4253146, 0.1827376, 0.1310583, 0
0.6306729, 0.1725839, 0.3443435, 0
0.3587614, 0.2914997, 0.5720857, 0
0.5888022, 0.2280681, 0.2503952, 0
0.4084347, 0.2548909, 0.1633183, 0
0.4373063, 0.1758668, 0.6074027, 0
0.3128087, 0.1714665, 0.7125489, 0
0.3031293, 0.2771251, 0.6209522, 0
0.7354857, 0.2526695, 0.3121963, 0
0.8425177, 0.1811724, 0.5175905, 0
0.6365318, 0.1732616, 0.2619683, 0
0.5454071, 0.2183154, 0.4752793, 0
0.4264111, 0.248226, 0.5988278, 0
0.2735117, 0.1836418, 0.2541749, 0
0.4471712, 0.267393, 0.1887804, 0
0.6256703, 0.2234015, 0.633123, 0
0.4396172, 0.2741614, 0.4790969, 0
0.5584902, 0.1820644, 0.6167601, 0
0.6745299, 0.2090076, 0.3687704, 0
0.4149436, 0.1728901, 0.4333646, 0
0.4318256, 0.2704372, 0.4752547, 0
0.6557211, 0.2322082, 0.3483737, 0
0.5649435, 0.1795069, 0.4032376, 0
0.7404206, 0.1831605, 0.3276731, 0
0.7872443, 0.1696389, 0.6271312, 0
0.47764, 0.1776778, 0.2856949, 0
0.5739855, 0.3010073, 0.6359034, 0
0.6029187, 0.2542267, 0.7286062, 0
0.4977835, 0.2416796, 0.3619689, 0
0.4227376, 0.2801257, 0.3375112, 0
0.2962989, 0.2374523, 0.5859036, 0
0.5802785, 0.2194828, 0.2912122, 0
0.5462781, 0.1922994, 0.4410507, 0
0.3545303, 0.169807, 0.5164244, 0
0.454685, 0.1583683, 0.5083924, 0
0.3629236, 0.1769983, 0.3801886, 0
0.3038568, 0.2172146, 0.5180519, 0
0.5744495, 0.1720472, 0.5421113, 0
0.3104485, 0.2407436, 0.4723919, 0
0.6779891, 0.2796687, 0.4539568, 0
0.4601539, 0.2028449, 0.7138675, 0
0.5115434, 0.2639421, 0.4831727, 0
0.4394489, 0.2784333, 0.3860377, 0
0.6131372, 0.2591969, 0.186729, 0
0.4803038, 0.1842289, 0.6571075, 0
0.233671, 0.2436612, 0.5295027, 0
0.2934512, 0.183231, 0.6517136, 0
0.3352767, 0.2871116, 0.6447725, 0
0.8261887, 0.1785465, 0.5346449, 0
0.5365887, 0.251502, 0.5627276, 0
0.6442103, 0.2076678, 0.3959174, 0
0.45784, 0.1929591, 0.4335141, 0
0.6649555, 0.2016701, 0.6220309, 0
0.5708463, 0.1641127, 0.4812676, 0
0.3377274, 0.2151302, 0.1873079, 0
0.4497947, 0.2060347, 0.6173791, 0
0.5586864, 0.1829835, 0.7230121, 0
0.538478, 0.2941423, 0.453757, 0
0.6522693, 0.2164598, 0.536607, 0
0.5042445, 0.1881033, 0.4207959, 0
0.4938869, 0.280833, 0.3236101, 0
0.4099899, 0.1532072, 0.6781374, 0
0.6970529, 0.3043795, 0.6158345, 0
0.6714963, 0.2857876, 0.335398, 0
0.5680276, 0.2696933, 0.7364122, 0
0.4967728, 0.182375, 0.744269, 0
0.557261, 0.258808, 0.1853182, 0
0.3773345, 0.1905054, 0.1558999, 0
0.817459, 0.2310084, 0.5078308, 0
0.3596509, 0.2224822, 0.3829422, 0
0.3572447, 0.213298, 0.2030662, 0
0.3708937, 0.1867875, 0.4550526, 0
0.2792172, 0.2645976, 0.6083993, 0
0.7673699, 0.2863766, 0.3534977, 0
0.279944, 0.2354699, 0.6391828, 0
0.3809921, 0.2787782, 0.2339135, 0
0.6396717, 0.1902033, 0.3773252, 0
0.5897405, 0.1682133, 0.1572074, 0
0.440627, 0.2788028, 0.3192154, 0
0.4542954, 0.2546526, 0.1973847, 0
0.3574534, 0.2441211, 0.2598285, 0
0.5964527, 0.2810774, 0.6453635, 0
0.6814405, 0.1772146, 0.5697545, 0
0.5192292, 0.1567027, 0.481841, 0
0.4087758, 0.2909472, 0.5335786, 0
0.4313201, 0.1952177, 0.6209159, 0
0.3101267, 0.2579674, 0.3059578, 0
0.4241182, 0.1953557, 0.4169545, 0
0.6673756, 0.2659444, 0.6500224, 0
0.6366288, 0.2497974, 0.3361285, 0
0.6378955, 0.1645087, 0.5471443, 0
0.6423596, 0.2866068, 0.2822226, 0
0.28002, 0.2135516, 0.5803384, 0
0.2328786, 0.20068, 0.5303752, 0
0.6624455, 0.2234244, 0.2269599, 0
0.4677629, 0.1651316, 0.7267619, 0
0.8109902, 0.2259917, 0.583975, 0
0.6335944, 0.2773734, 0.2634236, 0
0.4454393, 0.1864178, 0.3202125, 0
0.2642897, 0.2209595, 0.3609338, 0
0.5023004, 0.2183625, 0.4568373, 0
0.3640757, 0.2105707, 0.4905272, 0
0.816546, 0.2674905, 0.4405338, 0
0.4483262, 0.2770158, 0.4276716, 0
0.3320477, 0.1816797, 0.493368, 0
0.2485573, 0.2935699, 0.4054465, 0
0.526435, 0.2563784, 0.5990738, 0
0.2617614, 0.1755391, 0.5794737, 0
0.4797836, 0.1869555, 0.4979775, 0
0.5130908, 0.2120883, 0.7119984, 0
0.7754293, 0.2344281, 0.5243043, 0
0.47701, 0.2676614, 0.2987054, 0
0.252794, 0.2106554, 0.4353991, 0
0.3024991, 0.2322797, 0.2046373, 0
0.4967647, 0.2333187, 0.7628468, 0
0.4000259, 0.1743623, 0.6864171, 0
0.460694, 0.2547425, 0.2781592, 0
0.3857832, 0.3011514, 0.5106744, 0
0.4375965, 0.1759114, 0.2442856, 0
0.3021928, 0.2630931, 0.3636689, 0
0.4456054, 0.1927149, 0.6540866, 0
0.5644042, 0.2263612, 0.2388892, 0
0.5559642, 0.2310173, 0.5869313, 0
0.2778018, 0.221976, 0.399662, 0
0.62916, 0.1896981, 0.4392076, 0
0.428701, 0.1737961, 0.6154785, 0
0.821033, 0.2051598, 0.5469835, 0
0.4240583, 0.1970346, 0.5109919, 0
0.3302608, 0.1617961, 0.4749601, 0
0.7257665, 0.3122731, 0.4253772, 0
0.2418837, 0.2202013, 0.5216407, 0
0.6013362, 0.3063131, 0.6516875, 0
0.4186979, 0.1819359, 0.7248589, 0
0.4222404, 0.2916121, 0.2940122, 0
0.2698732, 0.2661942, 0.2845977, 0
0.6680444, 0.295145, 0.5698257, 0
0.2730492, 0.2469127, 0.5089754, 0
0.6009435, 0.2513607, 0.2035692, 0
0.7262548, 0.2608357, 0.2584869, 0
0.5490158, 0.2417394, 0.63288, 0
0.4157839, 0.2644097, 0.5213381, 0
0.5003667, 0.264198, 0.158033, 0
0.3411264, 0.182454, 0.1846884, 0
0.2759243, 0.1741122, 0.6076269, 0
0.4885884, 0.1887162, 0.1650931, 0
0.8264451, 0.2320418, 0.4199864, 0
0.4216726, 0.2209792, 0.1515281, 0
0.5517637, 0.254775, 0.2208107, 0
0.7230772, 0.2730987, 0.4813714, 0
0.5444915, 0.2829533, 0.3727646, 0
0.2595237, 0.2147369, 0.4842438, 0
0.3118549, 0.2144557, 0.2386286, 0
0.4078488, 0.2543558, 0.2903314, 0
0.3727448, 0.1610101, 0.2100902, 0
0.4894102, 0.2931837, 0.3659131, 0
0.2504323, 0.2373773, 0.6017809, 0
0.443715, 0.2234418, 0.5750986, 0
0.4701971, 0.2583178, 0.6399198, 0
0.4191929, 0.2177377, 0.7445357, 0
0.4553525, 0.2789283, 0.6144279, 0
0.6861728, 0.2398453, 0.261454, 0
0.5087622, 0.2387204, 0.2845326, 0
0.3600561, 0.2209553, 0.4877688, 0
0.2642539, 0.2052462, 0.5185571, 0
0.4061596, 0.2821234, 0.5729421, 0
0.5389532, 0.2991248, 0.6253289, 0
0.5919697, 0.275147, 0.4170687, 0
0.231736, 0.1832669, 0.4444717, 0
0.4722209, 0.2412976, 0.6760897, 0
0.2751168, 0.2279891, 0.2589144, 0
0.5881505, 0.214859, 0.2435535, 0
0.4591911, 0.2361678, 0.6792653, 0
0.4686989, 0.2733814, 0.6352908, 0
0.2495129, 0.258671, 0.5634342, 0
0.5204524, 0.1994635, 0.2707541, 0
0.3789433, 0.2775776, 0.6013815, 0
0.4322439, 0.2165009, 0.3353764, 0
0.7032641, 0.2941444, 0.4961685, 0
0.4957824, 0.287849, 0.4323377, 0
0.5661821, 0.2046169, 0.4195033, 0
0.7839457, 0.1825184, 0.5471769, 0
0.6934329, 0.2160949, 0.5553226, 0
0.535144, 0.29098, 0.698202, 0
0.6454364, 0.2040563, 0.1438331, 0
0.5592316, 0.2346551, 0.5081843, 0
0.6140742, 0.2306604, 0.2750921, 0
0.6030867, 0.2799621, 0.2111429, 0
0.5315632, 0.2605217, 0.631888, 0
0.3219261, 0.1704981, 0.5972223, 0
0.6688507, 0.298686, 0.4515038, 0
0.5913722, 0.1746701, 0.629135, 0
0.35392, 0.2078893, 0.6961558, 0
0.2483586, 0.2778168, 0.3256006, 0
0.5426573, 0.2560311, 0.6970057, 0
0.6576424, 0.2916549, 0.5382633, 0
0.752174, 0.2820798, 0.6025166, 0
0.6886436, 0.2384296, 0.4034517, 0
0.7407757, 0.1890642, 0.3756842, 0
0.4370192, 0.222675, 0.7246513, 0
0.6635575, 0.2162371, 0.5207806, 0
0.6134041, 0.1649141, 0.7371692, 0
0.6271369, 0.3037726, 0.5815279, 0
0.4198723, 0.2304123, 0.3376481, 0
0.339276, 0.2552768, 0.5185515, 0
0.2985254, 0.2663595, 0.3400608, 0
0.6209701, 0.1824552, 0.188475, 0
0.461799, 0.2113461, 0.1727257, 0
0.4571871, 0.2072227, 0.5973136, 0
0.7624097, 0.1774275, 0.6508765, 0
0.579666, 0.1811629, 0.6742668, 0
0.2460768, 0.1667475, 0.6570225, 0
0.5463486, 0.2290706, 0.4373474, 0
0.5905498, 0.2844311, 0.4183673, 0
0.6935593, 0.258249, 0.5862679, 0
0.4890922, 0.2587977, 0.2490261, 0
0.567729, 0.2890787, 0.4552634, 0
0.2055532, 0.2261646, 0.3553833, 0
0.7204187, 0.2474869, 0.599602, 0
0.3826276, 0.2152717, 0.7032945, 0
0.3096118, 0.2810319, 0.3436726, 0
0.459694, 0.2960901, 0.2482542, 0
0.696416, 0.1955006, 0.5248125, 0
0.5379479, 0.1879553, 0.6452197, 0
0.7006398, 0.1934506, 0.3422596, 0
0.2856899, 0.2929032, 0.4837269, 0
0.3934659, 0.2776966, 0.6410512, 0
0.2309925, 0.1614685, 0.5554528, 0
0.6326659, 0.2131143, 0.3925604, 0
0.3982596, 0.2565605, 0.3611218, 0
0.4677742, 0.2234197, 0.6906177, 0
0.7495311, 0.2275706, 0.6486292, 0
0.6759765, 0.2412591, 0.328375, 0
0.2294245, 0.1950552, 0.3227935, 0
0.4728814, 0.156389, 0.3539315, 0
0.4584918, 0.2713831, 0.2037403, 0
0.5839405, 0.1996257, 0.2962286, 0
0.5629045, 0.287219, 0.4223707, 0
0.6030227, 0.2318703, 0.4968298, 0
0.5528545, 0.2676564, 0.2043187, 0
0.4858939, 0.2627766, 0.5961077, 0
0.632053, 0.2210677, 0.2860483, 0
0.3751962, 0.1799387, 0.3251491, 0
0.3671971, 0.1897482, 0.2390234, 0
0.7536275, 0.2375244, 0.3333735, 0
0.5397537, 0.1694093, 0.1891668, 0
0.4427002, 0.1838873, 0.5781527, 0
0.6250787, 0.1787361, 0.5913964, 0
0.2596022, 0.2801558, 0.338218, 0
0.4437855, 0.2692807, 0.3801009, 0
0.575534, 0.2245136, 0.6949937, 0
0.7484182, 0.1918548, 0.4340883, 0
0.3700597, 0.1614577, 0.4775919, 0
0.7328331, 0.2521164, 0.3652692, 0
0.5212572, 0.2006931, 0.1603718, 0
0.6222391, 0.2394411, 0.3510735, 0
0.4273234, 0.1831091, 0.6959801, 0
0.4997475, 0.2032364, 0.194451, 0
0.5449538, 0.2844097, 0.4452297, 0
0.5414309, 0.2621834, 0.6827444, 0
0.7784131, 0.227987, 0.6211021, 0
0.2277929, 0.2570944, 0.3573319, 0
0.3549714, 0.29904, 0.5441965, 0
0.5273114, 0.277291, 0.5364312, 0
0.1838279, 0.2157715, 0.4649111, 0
0.465082, 0.2885035, 0.7371292, 0
0.5247809, 0.243562, 0.5137482, 0
0.5905644, 0.2322568, 0.2932911, 0
0.7110617, 0.2176334, 0.4949045, 0
0.2624277, 0.2459282, 0.4336008, 0
0.5074819, 0.2015493, 0.2883331, 0
0.8136515, 0.1930157, 0.4429256, 0
0.6729599, 0.1846236, 0.2873624, 0
0.5288388, 0.2821094, 0.3622411, 0
0.7592936, 0.29092, 0.5284513, 0
0.5534611, 0.2821873, 0.4659979, 0
0.2572283, 0.2166555, 0.3935805, 0
0.6983646, 0.2811346, 0.4893073, 0
0.5210963, 0.2611505, 0.498188, 0
0.5563045, 0.2775997, 0.1888466, 0
0.4264149, 0.2590711, 0.4749089, 0
0.7536637, 0.2090073, 0.4053299, 0
0.2810574, 0.2582769, 0.4992349, 0
0.3861772, 0.1727321, 0.5696126, 0
0.622613, 0.2518417, 0.4726205, 0
0.2027467, 0.260264, 0.44903, 0
0.5013967, 0.2118379, 0.164109, 0
0.2796773, 0.1980475, 0.4584251, 0
0.7588521, 0.2026065, 0.6691849, 0
0.2919342, 0.2354436, 0.4175201, 0
0.364578, 0.2184418, 0.2345033, 0
0.4938801, 0.2622756, 0.7304998, 0
0.6804861, 0.2828538, 0.4994117, 0
0.2180054, 0.1678879, 0.336435, 0
0.3303719, 0.2162368, 0.4404827, 0
0.4447728, 0.1939561, 0.4453599, 0
0.3660244, 0.2466862, 0.5263935, 0
0.3871596, 0.1951226, 0.2235348, 0
0.7604458, 0.2715888, 0.6218261, 0
0.526516, 0.2372414, 0.329038, 0
0.6600983, 0.1752015, 0.2480285, 0
0.7620173, 0.1740788, 0.616209, 0
0.5975173, 0.1969287, 0.5584529, 0
0.3634067, 0.2707362, 0.5296608, 0
0.3506255, 0.1895863, 0.2193598, 0
0.4525711, 0.2634587, 0.5282909, 0
0.2337882, 0.198487, 0.5013878, 0
0.4784077, 0.2682415, 0.7172519, 0
0.5579329, 0.2501475, 0.3195221, 0
0.1978994, 0.1779681, 0.3884072, 0
0.422526, 0.2430477, 0.7034957, 0
0.2136033, 0.2374002, 0.3217416, 0
0.6852891, 0.1997073, 0.4248052, 0
0.5015907, 0.2539959, 0.5411991, 0
0.360489, 0.2564802, 0.5586394, 0
0.5808806, 0.2553333, 0.6966724, 0
0.6405939, 0.1868393, 0.403618, 0
0.3788488, 0.1988706, 0.7022351, 0
0.3493374, 0.2019053, 0.6118497, 0
0.3043533, 0.1713835, 0.2658252, 0
0.2615089, 0.1644555, 0.6573183, 0
0.6349865, 0.2323878, 0.4282512, 0
0.6520448, 0.2089249, 0.6201242, 0
0.7132588, 0.315524, 0.4576174, 0
0.5165648, 0.2879174, 0.2619094, 0
0.3147166, 0.2627904, 0.357143, 0
0.7351373, 0.1809815, 0.3361631, 0
0.7032688, 0.226198, 0.4944454, 0
0.6564779, 0.1923922, 0.5675606, 0
0.7022681, 0.302086, 0.5206246, 0
0.6610777, 0.2545428, 0.6466615, 0
0.2246368, 0.180483, 0.5608439, 0
0.2023702, 0.2244097, 0.5563084, 0
0.5222021, 0.2018191, 0.4876702, 0
0.3619481, 0.2068186, 0.3812625, 0
0.3225654, 0.1977251, 0.1776094, 0
0.7388646, 0.2613152, 0.5591362, 0
0.4376562, 0.2915336, 0.4179187, 0
0.4720666, 0.2127493, 0.1371447, 0
0.6259327, 0.2740402, 0.1766109, 0
0.2933722, 0.215826, 0.5589438, 0
0.401698, 0.2547115, 0.1762535, 0
0.4992671, 0.2855461, 0.2218886, 0
0.7614809, 0.1907554, 0.449405, 0
0.2718019, 0.2244526, 0.2416619, 0
0.5643077, 0.2105579, 0.1420985, 0
0.336327, 0.1869291, 0.5169255, 0
0.6717436, 0.262434, 0.3123595, 0
0.6320782, 0.2987761, 0.6508745, 0
0.2445969, 0.2453078, 0.4379021, 0
0.7602637, 0.3033421, 0.5472187, 0
0.4213789, 0.2345875, 0.4370707, 0
0.5981697, 0.1622506, 0.5592997, 0
0.380178, 0.168251, 0.5501644, 0
0.6060258, 0.1790261, 0.5772104, 0
0.5768159, 0.1681976, 0.7414367, 0
0.7031845, 0.2777768, 0.4583873, 0
0.695417, 0.1838548, 0.416893, 0
0.645423, 0.1749344, 0.2722214, 0
0.2483398, 0.2230596, 0.5241192, 0
0.5290056, 0.1657888, 0.2063877, 0
0.4641003, 0.2246553, 0.3695083, 0
0.4739598, 0.2340879, 0.1672295, 0
0.4821357, 0.2995417, 0.409499, 0
0.626758, 0.1907661, 0.6599773, 0
0.630904, 0.2220079, 0.3034236, 0
0.4149808, 0.236033, 0.6471533, 0
0.3819541, 0.1860829, 0.1359735, 0
0.7110176, 0.2062389, 0.3844865, 0
0.5121998, 0.2707961, 0.4798342, 0
0.5461631, 0.2936449, 0.2859756, 0
0.7557704, 0.2029134, 0.2939713, 0
0.5269113, 0.1717651, 0.4750282, 0
0.6918725, 0.2676755, 0.2736899, 0
0.4279872, 0.1914671, 0.4731277, 0
0.4357103, 0.2642733, 0.672147, 0
0.3753397, 0.2163246, 0.657315, 0
0.3131289, 0.2544723, 0.2336914, 0
0.6083269, 0.2512871, 0.4855085, 0
0.5258953, 0.1982138, 0.6680848, 0
0.4899361, 0.1970069, 0.381232, 0
0.5847843, 0.1521949, 0.5881737, 0
0.5921862, 0.299612, 0.521436, 0
0.4513777, 0.1739777, 0.2661929, 0
0.3503221, 0.2660732, 0.2209516, 0
0.7955968, 0.2159731, 0.3477077, 0
0.5843494, 0.2894529, 0.2710928, 0
0.4477093, 0.2023458, 0.522351, 0
0.7297797, 0.2905604, 0.3777394, 0
0.6104933, 0.2990752, 0.4672032, 0
0.5105355, 0.2779235, 0.6725456, 0
0.2140179, 0.2188961, 0.3376761, 0
0.4540641, 0.1739895, 0.5930978, 0
0.6125178, 0.2570311, 0.4451714, 0
0.367819, 0.1744521, 0.6160671, 0
0.414739, 0.2435254, 0.6767095, 0
0.6360698, 0.3095249, 0.5971858, 0
0.4236679, 0.2549121, 0.6036844, 0
0.4732911, 0.1808093, 0.1502886, 0
0.5505855, 0.1894546, 0.18058, 0
0.2326313, 0.2228349, 0.3780947, 0
0.2133335, 0.249657, 0.5660229, 0
0.5016311, 0.2151254, 0.4772365, 0
0.7037394, 0.2600231, 0.3712423, 0
0.2418116, 0.1615996, 0.5486037, 0
0.7110948, 0.2034799, 0.4393489, 0
0.5401167, 0.2634673, 0.1541164, 0
0.202102, 0.1987159, 0.3685262, 0
0.773529, 0.2001106, 0.4174096, 0
0.2520383, 0.2337561, 0.6334285, 0
0.6267854, 0.2352199, 0.5584069, 0
0.2157293, 0.2312751, 0.477958, 0
0.7977048, 0.1711887, 0.5972081, 0
0.5352277, 0.2753052, 0.3167121, 0
0.4227356, 0.1814652, 0.7490476, 0
0.3908491, 0.2385154, 0.1954949, 0
0.5349295, 0.2467079, 0.6600813, 0
0.493098, 0.2826785, 0.2223616, 0
0.2226059, 0.184182, 0.3267772, 0
0.7525924, 0.2112444, 0.4602202, 0
0.2703515, 0.1868687, 0.5547417, 0
0.5139987, 0.1906874, 0.6829484, 0
0.5524246, 0.2630513, 0.1711931, 0
0.4669088, 0.1910256, 0.6670569, 0
0.6011577, 0.2490497, 0.677224, 0
0.6520441, 0.1965544, 0.347028, 0
0.240969, 0.1645786, 0.3552031, 0
0.5215844, 0.1559301, 0.2997577, 0
0.6103165, 0.2873123, 0.2710492, 0
0.4560673, 0.1859498, 0.1831642, 0
0.5333356, 0.2737053, 0.1690834, 0
0.671652, 0.2520129, 0.2034045, 0
0.5319564, 0.2520622, 0.3233683, 0
0.3618172, 0.1671942, 0.3753755, 0
0.3397203, 0.2250998, 0.5334348, 0
0.5696666, 0.1895251, 0.5333812, 0
0.4529766, 0.2662858, 0.5372174, 0
0.6345326, 0.3001545, 0.6619111, 0
0.5856295, 0.2990791, 0.3821732, 0
0.294694, 0.187037, 0.1680749, 0
0.4440915, 0.2432676, 0.6453521, 0
0.5675785, 0.2295297, 0.5274232, 0
0.5724754, 0.3056181, 0.4619089, 0
0.5459391, 0.2462179, 0.2705655, 0
0.7330356, 0.2951755, 0.3769651, 0
0.6539221, 0.1959662, 0.5704055, 0
0.3386533, 0.2229339, 0.2804822, 0
0.4061357, 0.2983319, 0.5366128, 0
0.6467424, 0.27128, 0.6521714, 0
0.6777915, 0.1840432, 0.3661655, 0
0.5972117, 0.2011765, 0.2363425, 0
0.5121713, 0.2667761, 0.4844629, 0
0.2020343, 0.2251434, 0.3780708, 0
0.370028, 0.2629485, 0.2859555, 0
0.3228959, 0.2134002, 0.6154706, 0
0.834905, 0.2215847, 0.4124444, 0
0.6127738, 0.2358872, 0.3376372, 0
0.3652114, 0.1950534, 0.3648696, 0
0.6771139, 0.1652571, 0.6583963, 0
0.7315991, 0.2207248, 0.3596851, 0
0.7725837, 0.2694637, 0.3741835, 0
0.6847333, 0.1817499, 0.2865692, 0
0.4068435, 0.2524582, 0.2776307, 0
0.5681733, 0.1770858, 0.4165853, 0
0.3018484, 0.2358866, 0.2705825, 0
0.3027099, 0.2489303, 0.6078968, 0
0.6505746, 0.2171568, 0.6525277, 0
0.8048553, 0.1760562, 0.4270043, 0
0.2033242, 0.2399556, 0.4633823, 0
0.3650964, 0.2006825, 0.3839048, 0
0.2436376, 0.2765476, 0.3569402, 0
0.837042, 0.2131196, 0.433575, 0
0.3268305, 0.1841879, 0.4152292, 0
0.6617779, 0.2368244, 0.3811765, 0
0.7593372, 0.1987165, 0.3559931, 0
0.2733892, 0.1955102, 0.3779123, 0
0.2929374, 0.2076855, 0.4575256, 0
0.665687, 0.2553, 0.6021907, 0
0.4118138, 0.2879811, 0.2505697, 0
0.7073762, 0.1770492, 0.4741029, 0
0.6107322, 0.2108625, 0.3718488, 0
0.6495317, 0.3039402, 0.4674101, 0
0.7410232, 0.1630834, 0.2676343, 0
0.5822124, 0.2121245, 0.3736205, 0
0.6558201, 0.1952049, 0.3903203, 0
0.6786362, 0.1832522, 0.7302002, 0
0.2944585, 0.1695115, 0.6959497, 0
0.6840879, 0.2581392, 0.698774, 0
0.6053333, 0.1927592, 0.3122247, 0
0.4214153, 0.1665895, 0.2423261, 0
0.5060257, 0.2226016, 0.2848284, 0
0.4589325, 0.2219922, 0.5028083, 0
0.4715514, 0.2208553, 0.6784793, 0
0.4013574, 0.2285119, 0.40581, 0
0.3672819, 0.2266168, 0.6036734, 0
0.5049932, 0.2734918, 0.7116333, 0
0.2783628, 0.178736, 0.4011084, 0
0.6620306, 0.180069, 0.4778928, 0
0.7304644, 0.2809626, 0.6432275, 0
0.5449764, 0.1776284, 0.7962023, 0
0.4149522, 0.2574872, 0.1748899, 0
0.5878391, 0.2568769, 0.5871564, 0
0.5102602, 0.176962, 0.762263, 0
0.4524872, 0.155106, 0.3147506, 0
0.2327884, 0.2264529, 0.6233796, 0
0.5430602, 0.2445646, 0.3528385, 0
0.5603181, 0.2958172, 0.3153825, 0
0.4055517, 0.1948262, 0.5998694, 0
0.5427213, 0.1740958, 0.2992065, 0
0.5256312, 0.2447226, 0.1804195, 0
0.4482566, 0.1737439, 0.4739289, 0
0.3074942, 0.2895638, 0.6024065, 0
0.4695349, 0.2913211, 0.2182214, 0
0.5375805, 0.1797323, 0.4501048, 0
0.6406012, 0.1877731, 0.1902824, 0
0.4579502, 0.1710065, 0.5060407, 0
0.8304496, 0.1947071, 0.3328648, 0
0.3639976, 0.2958355, 0.6421818, 0
0.6865978, 0.170412, 0.2398147, 0
0.359271, 0.221517, 0.60893, 0
0.7557169, 0.1938217, 0.554798, 0
0.6053741, 0.263947, 0.7181988, 0
0.666866, 0.2117729, 0.4976132, 0
0.3775632, 0.1928715, 0.2602071, 0
0.4721219, 0.1550607, 0.4457871, 0
0.5825922, 0.1968895, 0.6282576, 0
0.6076583, 0.1938606, 0.575691, 0
0.2284603, 0.2198805, 0.5822388, 0
0.4294205, 0.2603707, 0.5201635, 0
0.4727724, 0.174576, 0.3654715, 0
0.4075319, 0.2654485, 0.4415128, 0
0.6462349, 0.2231487, 0.1767598, 0
0.2786075, 0.2632617, 0.2784026, 0
0.793438, 0.1872645, 0.3281989, 0
0.6345605, 0.1630875, 0.7278042, 0
0.3882769, 0.1789447, 0.1470708, 0
0.4976283, 0.2339487, 0.2718222, 0
0.6209595, 0.2626468, 0.30864, 0
0.4377438, 0.2727952, 0.635273, 0
0.5738081, 0.1781725, 0.6288287, 0
0.5723571, 0.1862101, 0.7084099, 0
0.5255457, 0.259101, 0.3047526, 0
0.3157161, 0.206109, 0.7220132, 0
0.1919164, 0.1855406, 0.4383331, 0
0.3594589, 0.2033997, 0.2770524, 0
0.4242523, 0.1706012, 0.6921786, 0
0.6753047, 0.1941311, 0.72944, 0
0.5860834, 0.2895618, 0.4662072, 0
0.3629004, 0.2654675, 0.3400415, 0
0.6479063, 0.2545268, 0.2208346, 0
0.7262673, 0.2468679, 0.616073, 0
0.2067712, 0.2175468, 0.4356576, 0
0.4570768, 0.2518142, 0.7362577, 0
0.3972353, 0.2126523, 0.2133202, 0
0.6078315, 0.2521807, 0.1849934, 0
0.4001103, 0.185568, 0.7511192, 0
0.624411, 0.2499617, 0.1647568, 0
0.516439, 0.29647, 0.6777921, 0
0.6659214, 0.2847747, 0.6058358, 0
0.5382508, 0.1891036, 0.3114544, 0
0.3038439, 0.2172254, 0.4565363, 0
0.4775172, 0.1761177, 0.1360139, 0
0.3522372, 0.2710262, 0.4968748, 0
0.6108373, 0.1702206, 0.7239483, 0
0.6716129, 0.1776045, 0.4977072, 0
0.40426, 0.2621569, 0.6328227, 0
0.806622, 0.2356102, 0.3359623, 0
0.728938, 0.1881746, 0.5945587, 0
0.6021062, 0.2876316, 0.6876421, 0
0.4733157, 0.1478567, 0.3968526, 0
0.622398, 0.2128811, 0.6415878, 0
0.7944703, 0.2321794, 0.436014, 0
0.3889556, 0.2927451, 0.2847554, 0
0.4928447, 0.268317, 0.6314009, 0
0.4486333, 0.2586759, 0.3149769, 0
0.7287958, 0.1704031, 0.4979488, 0
0.4449749, 0.1595291, 0.6734896, 0
0.5741901, 0.2676167, 0.692906, 0
0.7826905, 0.2523967, 0.6107795, 0
0.3520556, 0.2588511, 0.2159397, 0
0.6236429, 0.2465242, 0.4481365, 0
0.2929778, 0.1754352, 0.3134557, 0
0.2584468, 0.2161186, 0.4148982, 0
0.5380147, 0.2162104, 0.336801, 0
0.3791462, 0.228717, 0.2952469, 0
0.7699165, 0.1716311, 0.3597994, 0
0.4449299, 0.2927375, 0.2528606, 0
0.377831, 0.1956747, 0.1873644, 0
0.561128, 0.1843551, 0.2798409, 0
0.5810885, 0.1976932, 0.2612371, 0
0.5143166, 0.1895755, 0.2353393, 0
0.7405034, 0.2032569, 0.5766054, 0
0.6614748, 0.1890402, 0.3218697, 0
0.263946, 0.2523083, 0.4471354, 0
0.4935731, 0.2396753, 0.4650636, 0
0.7789228, 0.2902112, 0.5377126, 0
0.6595033, 0.2255885, 0.7187506, 0
0.1954092, 0.2216488, 0.4784653, 0
0.6238573, 0.2113528, 0.4678161, 0
0.3342167, 0.2796496, 0.2433303, 0
0.5893381, 0.1685028, 0.1251981, 0
0.4016667, 0.2865463, 0.4607078, 0
0.383798, 0.2644958, 0.6625493, 0
0.3713425, 0.2645694, 0.5580934, 0
0.4808697, 0.2964732, 0.3913091, 0
0.5026162, 0.2722365, 0.2970741, 0
0.3137201, 0.1517582, 0.3362457, 0
0.7035991, 0.1847987, 0.5129725, 0
0.673045, 0.2940256, 0.4563851, 0
0.607539, 0.2263793, 0.5663966, 0
0.7188241, 0.2987212, 0.3776955, 0
0.3209234, 0.1614751, 0.6010227, 0
0.4821503, 0.1557562, 0.6045364, 0
0.1778062, 0.1786918, 0.4768387, 0
0.4257744, 0.2956729, 0.464184, 0
0.67312, 0.2548621, 0.251422, 0
0.4637272, 0.2282069, 0.5529168, 0
0.4591396, 0.28452, 0.2927071, 0
0.6638062, 0.1726604, 0.3694181, 0
0.2384924, 0.1756179, 0.3839881, 0
0.6232116, 0.249032, 0.4440251, 0
0.3668414, 0.239451, 0.699735, 0
0.2962475, 0.2830048, 0.5929977, 0
0.5388554, 0.2718289, 0.2124529, 0
0.6596179, 0.1987094, 0.4280545, 0
0.6005294, 0.2612634, 0.7505923, 0
0.5477188, 0.287196, 0.5251616, 0
0.6998277, 0.1793094, 0.1996391, 0
0.3709809, 0.1665569, 0.5604383, 0
0.4853716, 0.2155173, 0.4465699, 0
0.2721659, 0.1778145, 0.5003282, 0
0.5053323, 0.1618195, 0.3104492, 0
0.6324776, 0.154026, 0.3939291, 0
0.7052002, 0.1929692, 0.3047773, 0
0.431763, 0.2866535, 0.6181758, 0
0.4027843, 0.2120038, 0.7223085, 0
0.7136237, 0.2329947, 0.5844749, 0
0.8229564, 0.1699816, 0.473132, 0
0.6727615, 0.1926459, 0.292823, 0
0.4222337, 0.2831189, 0.6302447, 0
0.46886, 0.2055895, 0.1954593, 0
0.7870205, 0.2110458, 0.29056, 0
0.6251342, 0.2834722, 0.2108234, 0
0.6963696, 0.2561891, 0.6444184, 0
0.4711475, 0.2609193, 0.5153778, 0
0.7851924, 0.20759, 0.5674967, 0
0.4931214, 0.2803538, 0.270024, 0
0.5744734, 0.2741049, 0.2991417, 0
0.2925388, 0.1793547, 0.6024189, 0
0.7980134, 0.2887285, 0.425373, 0
0.6947193, 0.2775282, 0.460719, 0
0.3778662, 0.1849933, 0.7273217, 0
0.2861861, 0.1850449, 0.6558685, 0
0.7237037, 0.1953199, 0.6850341, 0
0.2758901, 0.1683113, 0.4493268, 0
0.2942408, 0.1687568, 0.3578538, 0
0.5713332, 0.2859267, 0.3001471, 0
0.2752048, 0.2869236, 0.3781065, 0
0.2675302, 0.2832105, 0.3767712, 0
0.441651, 0.2218241, 0.75263, 0
0.3830741, 0.19695, 0.3189324, 0
0.5640025, 0.2006012, 0.4545515, 0
0.301381, 0.1799569, 0.2497581, 0
0.725228, 0.1907696, 0.4208242, 0
0.3805625, 0.291759, 0.4766634, 0
0.6078625, 0.2767154, 0.669575, 0
0.7594737, 0.169947, 0.2834, 0
0.6129895, 0.1889395, 0.2181258, 0
0.6321532, 0.2014166, 0.5567037, 0
0.2804526, 0.1866372, 0.5155311, 0
0.604952, 0.2946667, 0.5964885, 0
0.4003317, 0.2553707, 0.699764, 0
0.5800799, 0.1812923, 0.1444361, 0
0.5334549, 0.1990379, 0.6496615, 0
0.6813975, 0.2565505, 0.7000335, 0
0.3746408, 0.2317393, 0.541387, 0
0.459985, 0.2023795, 0.7834312, 0
0.3069957, 0.197199, 0.3704745, 0
0.431926, 0.2296617, 0.5327443, 0
0.4585922, 0.2927946, 0.6589311, 0
0.4073457, 0.275038, 0.2021164, 0
0.684462, 0.184534, 0.6382369, 0
0.2850901, 0.1669637, 0.4036931, 0
0.2909944, 0.240412, 0.515546, 0
0.2590521, 0.2547759, 0.3572912, 0
0.4304133, 0.27143, 0.4298915, 0
0.5744478, 0.2306773, 0.7076463, 0
0.5469506, 0.1924916, 0.6389633, 0
0.4337221, 0.2716639, 0.7318898, 0
0.5503696, 0.1876788, 0.1607253, 0
0.5103781, 0.1773577, 0.7746401, 0
0.7717941, 0.240933, 0.4618498, 0
0.7277765, 0.2342284, 0.6367827, 0
0.6730473, 0.2792269, 0.646578, 0
0.4398784, 0.1751177, 0.65925, 0
0.7823992, 0.2299433, 0.5073122, 0
0.358855, 0.1975347, 0.2590226, 0
0.6736636, 0.2049827, 0.7281898, 0
0.6261569, 0.1601086, 0.7206436, 0
0.5854994, 0.2928041, 0.5912998, 0
0.4754052, 0.3020013, 0.5057973, 0
0.5081796, 0.2053434, 0.54214, 0
0.3923514, 0.1881263, 0.4315159, 0
0.5708422, 0.2051011, 0.1868801, 0
0.7171304, 0.2322791, 0.5325868, 0
0.4301218, 0.1958775, 0.5799575, 0
0.4045597, 0.2874126, 0.3538793, 0
0.2404441, 0.1813308, 0.5818037, 0
0.3424639, 0.2806745, 0.5733317, 0
0.4322927, 0.1675588, 0.414718, 0
0.3544905, 0.1875663, 0.2719267, 0
0.6106575, 0.2344607, 0.233781, 0
0.2448397, 0.2477903, 0.4117973, 0
0.4253759, 0.2020933, 0.2832333, 0
0.223154, 0.1700347, 0.4350887, 0
0.7184021, 0.244751, 0.622407, 0
0.7436218, 0.1841397, 0.6437963, 0
0.3716539, 0.1949822, 0.4354834, 0
0.4907122, 0.2450801, 0.4194775, 0
0.7134726, 0.2380369, 0.354865, 0
0.2775005, 0.2416475, 0.6527419, 0
0.5100319, 0.1798122, 0.445802, 0
0.2764963, 0.1852136, 0.3672116, 0
0.5661341, 0.1773563, 0.4089414, 0
0.682738, 0.1896461, 0.5978761, 0
0.2663384, 0.2638102, 0.4508864, 0
0.6133777, 0.18097, 0.7254752, 0
0.5565993, 0.2676144, 0.6306695, 0
0.5702252, 0.1679455, 0.6541628, 0
0.6233763, 0.2371677, 0.2600634, 0
0.4547535, 0.288068, 0.410679, 0
0.4765703, 0.213094, 0.4447935, 0
0.5656353, 0.2950534, 0.2112169, 0
0.3975054, 0.2202491, 0.6001219, 0
0.7781373, 0.2288502, 0.3526761, 0
0.7030013, 0.3079626, 0.4340862, 0
0.6699125, 0.2365342, 0.5344473, 0
0.4884458, 0.2363882, 0.5380145, 0
0.4919012, 0.2550167, 0.3536754, 0
0.7760966, 0.1809268, 0.3892295, 0
0.7417731, 0.1719406, 0.5857578, 0
0.4911029, 0.1866511, 0.5732017, 0
0.2579771, 0.163836, 0.2852082, 0
0.5325786, 0.1896408, 0.2208459, 0
0.3777645, 0.264269, 0.533469, 0
0.5550215, 0.1950601, 0.5224472, 0
0.6740839, 0.216041, 0.39344, 0
0.6292925, 0.2145746, 0.7078847, 0
0.5404938, 0.1635495, 0.4165055, 0
0.4653028, 0.2969027, 0.7191026, 0
0.4744743, 0.2015018, 0.2551156, 0
0.3820184, 0.1970759, 0.6849166, 0
0.671247, 0.2353256, 0.4053898, 0
0.2699422, 0.1705294, 0.5864587, 0
0.5792731, 0.1899534, 0.5934883, 0
0.6085423, 0.1882102, 0.15559, 0
0.5589898, 0.2700497, 0.1575385, 0
0.7832709, 0.2382995, 0.6080605, 0
0.4078004, 0.2413038, 0.2502143, 0
0.6762649, 0.1891352, 0.5503581, 0
0.5579332, 0.2001092, 0.7384779, 0
0.5222933, 0.169358, 0.1569576, 0
0.5341844, 0.1770709, 0.3046676, 0
0.3826035, 0.3002536, 0.4799242, 0
0.575797, 0.2102125, 0.1477519, 0
0.7197815, 0.1732013, 0.3208872, 0
0.5799801, 0.1980887, 0.1594658, 0
0.4280157, 0.2421048, 0.5745432, 0
0.4148189, 0.282991, 0.1957553, 0
0.5748392, 0.1751838, 0.7950781, 0
0.6710578, 0.1538892, 0.4881278, 0
0.6191672, 0.1921725, 0.1491693, 0
0.5910887, 0.2116422, 0.4472127, 0
0.3756004, 0.2303072, 0.2981961, 0
0.6100584, 0.2855993, 0.5033147, 0
0.7843719, 0.186199, 0.3391964, 0
0.7862638, 0.1778967, 0.65689, 0
0.4073243, 0.2084031, 0.6174476, 0
0.5900885, 0.2991639, 0.559372, 0
0.6154693, 0.295153, 0.5777695, 0
0.6329247, 0.1589363, 0.3704365, 0
0.6123303, 0.1733583, 0.5023024, 0
0.477031, 0.2161611, 0.2824599, 0
0.6290878, 0.2626985, 0.4829215, 0
0.6833858, 0.1869836, 0.4844721, 0
0.4612498, 0.2321551, 0.1821748, 0
0.5166866, 0.2202262, 0.2019912, 0
0.4027249, 0.2733427, 0.2589278, 0
0.3591048, 0.2682929, 0.5127612, 0
0.6930968, 0.2070908, 0.482697, 0
0.5502249, 0.2750768, 0.7138158, 0
0.3907301, 0.1993169, 0.3685419, 0
0.5328439, 0.2351928, 0.1780037, 0
0.4259661, 0.1807693, 0.1157412, 0
0.7094824, 0.2881739, 0.5390449, 0
0.5260649, 0.2324558, 0.2553515, 0
0.500483, 0.1742171, 0.3602945, 0
0.4236675, 0.1792746, 0.3097064, 0
0.4558282, 0.2455657, 0.2481531, 0
0.6252342, 0.1928297, 0.4444531, 0
0.6376027, 0.2343184, 0.4971412, 0
0.6636989, 0.2016186, 0.2067724, 0
0.296609, 0.2443758, 0.411415, 0
0.3921099, 0.2137296, 0.2473696, 0
0.5027358, 0.2383859, 0.5997195, 0
0.337905, 0.1735498, 0.687234, 0
0.6156739, 0.2776331, 0.1811914, 0
0.6163076, 0.2539293, 0.5659636, 0
0.4396657, 0.1569294, 0.6755367, 0
0.4092023, 0.2669921, 0.1684151, 0
0.6049247, 0.1539742, 0.4801719, 0
0.4727403, 0.2426839, 0.2910315, 0
0.7216834, 0.1894553, 0.3734422, 0
0.2686401, 0.2693022, 0.4835013, 0
0.2996345, 0.2108351, 0.5930923, 0
0.5256363, 0.1831494, 0.24908, 0
0.5922783, 0.194033, 0.5376726, 0
0.5592479, 0.1789467, 0.6889172, 0
0.3423375, 0.1633033, 0.177826, 0
0.2990994, 0.1853561, 0.6306213, 0
0.3170087, 0.172108, 0.5687535, 0
0.2457038, 0.16044, 0.3209662, 0
0.6802129, 0.171207, 0.4003286, 0
0.3897206, 0.2142693, 0.7166218, 0
0.1717693, 0.1703504, 0.4899589, 0
0.500412, 0.2033715, 0.3073673, 0
0.3552432, 0.2895992, 0.4331886, 0
0.1771838, 0.1773154, 0.466817, 0
0.6157035, 0.2790223, 0.6534145, 0
0.4865471, 0.199731, 0.2105234, 0
0.4762895, 0.1592492, 0.3827162, 0
0.1918846, 0.2325959, 0.4381665, 0
0.2648219, 0.2187759, 0.3502833, 0
0.7432001, 0.2127706, 0.3235339, 0
0.5108657, 0.2242222, 0.3967316, 0
0.5910759, 0.2137733, 0.7315968, 0
0.4995546, 0.1574276, 0.4255787, 0
0.2028029, 0.1561879, 0.4514874, 0
0.7057229, 0.182598, 0.3999942, 0
0.4833397, 0.2975792, 0.7115481, 0
0.3335744, 0.2159906, 0.1908574, 0
0.6096758, 0.2456659, 0.4263548, 0
0.3015827, 0.1955601, 0.6233585, 0
0.3403728, 0.1638376, 0.3341793, 0
0.3009754, 0.1922446, 0.5662662, 0
0.7109534, 0.2788431, 0.5286004, 0
0.286581, 0.2160961, 0.5102545, 0
0.5445228, 0.1617333, 0.3934968, 0
0.3494717, 0.1662613, 0.6783487, 0
0.6241379, 0.1816519, 0.5811908, 0
0.5012408, 0.2873776, 0.6085927, 0
0.4094179, 0.2549585, 0.4052916, 0
0.5028318, 0.2294262, 0.4169416, 0
0.6182626, 0.2353083, 0.6131355, 0
0.631246, 0.2563511, 0.552835, 0
0.4304334, 0.1565294, 0.7576529, 0
0.377526, 0.1746708, 0.5093837, 0
0.6409793, 0.2487416, 0.5217774, 0
0.5201826, 0.2006727, 0.3567494, 0
0.5713851, 0.2472901, 0.4328165, 0
0.3537706, 0.2318048, 0.3820994, 0
0.6662863, 0.1905529, 0.2682923, 0
0.1782867, 0.1969131, 0.5074424, 0
0.6090323, 0.2735429, 0.4923078, 0
0.3081152, 0.2055539, 0.3921501, 0
0.3975412, 0.2249543, 0.744702, 0
0.6876385, 0.3069088, 0.5345128, 0
0.6745425, 0.2770385, 0.6225381, 0
0.3172629, 0.1709018, 0.5255709, 0
0.6093169, 0.1906833, 0.3338475, 0
0.7058231, 0.1620681, 0.5107488, 0
0.6904873, 0.1972167, 0.5407106, 0
0.4830628, 0.2615715, 0.6116055, 0
0.1934483, 0.1678285, 0.4603985, 0
0.5346043, 0.212068, 0.3462278, 0
0.3260197, 0.2005289, 0.32352, 0
0.4221551, 0.2260041, 0.7308002, 0
0.2054412, 0.249602, 0.3970956, 0
0.3153467, 0.1749507, 0.2277857, 0
0.2503653, 0.1762923, 0.3840908, 0
0.5450107, 0.2390701, 0.3471848, 0
0.7497028, 0.1626649, 0.5782247, 0
0.5663915, 0.3064095, 0.6545275, 0
0.7038893, 0.2167339, 0.2356584, 0
0.5174146, 0.2083161, 0.385515, 0
0.7599846, 0.1645809, 0.3009153, 0
0.4649811, 0.2081736, 0.2933803, 0
0.4549775, 0.289175, 0.6557252, 0
0.3973932, 0.2377821, 0.7241761, 0
0.7695522, 0.2696015, 0.3877048, 0
0.5767475, 0.2457276, 0.2296911, 0
0.4545103, 0.1984598, 0.6750758, 0
0.4735586, 0.1666235, 0.574307, 0
0.7592487, 0.2387029, 0.4444425, 0
0.2593246, 0.160144, 0.2896809, 0
0.7034293, 0.1756633, 0.5123301, 0
0.6924996, 0.2277272, 0.1997277, 0
0.7577295, 0.1704777, 0.6088324, 0
0.5086889, 0.273172, 0.5630859, 0
0.3034625, 0.1987408, 0.61291, 0
0.5238211, 0.2351384, 0.7028436, 0
0.1993907, 0.2426718, 0.3839021, 0
0.5805262, 0.2413646, 0.2807688, 0
0.3488045, 0.2029506, 0.4525147, 0
0.6412377, 0.2476681, 0.640353, 0
0.5144286, 0.2071833, 0.1864675, 0
0.6185052, 0.2885299, 0.21505, 0
0.6684516, 0.3003312, 0.3654167, 0
0.6578727, 0.1759088, 0.6012855, 0
0.6716549, 0.253802, 0.296678, 0
0.4218758, 0.1675906, 0.5992826, 0
0.6041934, 0.2784012, 0.5590818, 0
0.596216, 0.2206956, 0.655654, 0
0.3534824, 0.1878458, 0.4726574, 0
0.4296552, 0.2474628, 0.6271458, 0
0.4511554, 0.2194347, 0.7516996, 0
0.3805134, 0.1808175, 0.4728, 0
0.5943632, 0.1700094, 0.5568049, 0
0.5128015, 0.1622142, 0.1335594, 0
0.5224993, 0.1742622, 0.2207339, 0
0.6963451, 0.2338962, 0.5280299, 0
0.4430441, 0.2153667, 0.6702743, 0
0.3394857, 0.2045226, 0.1852303, 0
0.2925774, 0.2330934, 0.4751602, 0
0.2749932, 0.2314472, 0.2642045, 0
0.3474488, 0.2653531, 0.4093528, 0
0.3940285, 0.2052421, 0.2045431, 0
0.7557582, 0.1665235, 0.5718652, 0
0.2478406, 0.1961216, 0.4644519, 0
0.3222226, 0.2770771, 0.4585382, 0
0.4791223, 0.1814433, 0.3992409, 0
0.34565, 0.1657708, 0.5764109, 0
0.477193, 0.227872, 0.7481976, 0
0.3953349, 0.2097401, 0.2008267, 0
0.4463167, 0.2615115, 0.2779407, 0
0.675575, 0.2603019, 0.6584622, 0
0.4429002, 0.1960389, 0.2393552, 0
0.5124247, 0.2786787, 0.2704702, 0
0.6655747, 0.2655727, 0.6635951, 0
0.3885858, 0.2667008, 0.2389831, 0
0.2159403, 0.1684753, 0.4933515, 0
0.6691296, 0.2455466, 0.6504412, 0
0.4492878, 0.2981078, 0.5449274, 0
0.4002422, 0.183753, 0.3828082, 0
0.6702211, 0.2913434, 0.2519181, 0
0.6607299, 0.2412114, 0.6337557, 0
0.3784027, 0.223271, 0.5614994, 0
0.4710804, 0.3017996, 0.5932375, 0
0.5812657, 0.1962884, 0.1511768, 0
0.349883, 0.2260041, 0.6633244, 0
0.5466045, 0.1790278, 0.6377972, 0
0.6533633, 0.1891208, 0.478895, 0
0.5927145, 0.1921493, 0.7820181, 0
0.2316283, 0.1779082, 0.4799499, 0
0.5244845, 0.2164848, 0.4372489, 0
0.359667, 0.2654175, 0.3952315, 0
0.4264595, 0.2713242, 0.6453287, 0
0.635547, 0.2409646, 0.5299655, 0
0.5528404, 0.2675566, 0.487527, 0
0.3586977, 0.1601492, 0.6278883, 0
0.2472214, 0.2004268, 0.5681316, 0
0.5923123, 0.2997705, 0.6225454, 0
0.2657433, 0.2162485, 0.553941, 0
0.5076443, 0.2523063, 0.3099376, 0
0.7776729, 0.2112294, 0.4596899, 0
0.4626344, 0.2375253, 0.6527123, 0
0.6653041, 0.237071, 0.2876081, 0
0.6573286, 0.2759141, 0.6518341, 0
0.485968, 0.2375628, 0.4997509, 0
0.3132409, 0.2592486, 0.2114002, 0
0.5206274, 0.2008369, 0.1482359, 0
0.5176461, 0.2253031, 0.3675881, 0
0.4123644, 0.2479711, 0.4513799, 0
0.6251323, 0.2664513, 0.4622046, 0
0.3872378, 0.2627089, 0.4391705, 0
0.2741013, 0.196522, 0.3861294, 0
0.6566272, 0.2282978, 0.3320992, 0
0.6822636, 0.2523945, 0.2542074, 0
0.4170069, 0.2096503, 0.4527984, 0
0.4994797, 0.1849379, 0.2601412, 0
0.4533021, 0.1989322, 0.7350973, 0
0.4649575, 0.2440529, 0.2549613, 0
0.7231603, 0.2904893, 0.4321601, 0
0.542113, 0.2802767, 0.5216166, 0
0.6704154, 0.2646164, 0.3745944, 0
0.3545097, 0.1870372, 0.687671, 0
0.3614367, 0.1602823, 0.5478346, 0
0.4576254, 0.1755875, 0.155383, 0
0.4636938, 0.2229365, 0.1768946, 0
0.6185319, 0.2821568, 0.3197169, 0
0.6788592, 0.1812002, 0.5395119, 0
0.765753, 0.2151568, 0.3393249, 0
0.7579621, 0.2030816, 0.46548, 0
0.7559982, 0.2230673, 0.2924461, 0
0.5804245, 0.2514852, 0.3222571, 0
0.6402315, 0.2239538, 0.3952078, 0
0.2438765, 0.2647323, 0.5761862, 0
0.3583181, 0.2747735, 0.3010264, 0
0.7526681, 0.2679175, 0.3360211, 0
0.7119688, 0.2027655, 0.7016374, 0
0.6977456, 0.1668485, 0.6127306, 0
0.3315437, 0.1733747, 0.298388, 0
0.3547716, 0.186492, 0.3321679, 0
0.5512084, 0.226952, 0.6233723, 0
0.5723457, 0.1805055, 0.4766971, 0
0.4768493, 0.2554356, 0.6428545, 0
0.5898852, 0.2170937, 0.2576879, 0
0.6129931, 0.2391969, 0.6013241, 0
0.5452344, 0.2456776, 0.56968, 0
0.3250903, 0.2541839, 0.576142, 0
0.4321263, 0.2873149, 0.4621025, 0
0.5219202, 0.2520388, 0.5308598, 0
0.4507216, 0.2409901, 0.4455541, 0
0.5776598, 0.278657, 0.670397, 0
0.4612014, 0.2048943, 0.6569256, 0
0.3486907, 0.303616, 0.6068749, 0
0.2930757, 0.2340913, 0.303626, 0
0.7120148, 0.2709363, 0.5983682, 0
0.6811067, 0.281923, 0.4009984, 0
0.4801149, 0.2736096, 0.6662676, 0
0.419386, 0.2758615, 0.339339, 0
0.1980962, 0.26684, 0.4833995, 0
0.5112723, 0.2415695, 0.7555875, 0
0.6977195, 0.2074119, 0.3472875, 0
0.4229772, 0.1801414, 0.4640643, 0
0.5705302, 0.2484409, 0.725847, 0
0.5761517, 0.1637486, 0.3855702, 0
0.4248838, 0.2164582, 0.2179679, 0
0.653861, 0.295775, 0.5500879, 0
0.2049768, 0.1752346, 0.3696963, 0
0.5388685, 0.2139351, 0.1916937, 0
0.7377585, 0.157694, 0.6276519, 0
0.542916, 0.2896714, 0.7272146, 0
0.4500647, 0.2901994, 0.3498314, 0
0.2860896, 0.2714584, 0.5867704, 0
0.5829796, 0.1912027, 0.2019117, 0
0.4707813, 0.1747698, 0.6833012, 0
0.6368875, 0.2834226, 0.4687841, 0
0.5882722, 0.2474634, 0.251729, 0
0.1713883, 0.1742781, 0.3852761, 0
0.3764317, 0.2023454, 0.2272319, 0
0.6806754, 0.27456, 0.5146655, 0
0.4868944, 0.2632585, 0.2690519, 0
0.320197, 0.182079, 0.6421037, 0
0.6134115, 0.2324902, 0.6145258, 0
0.6696835, 0.2548088, 0.5966144, 0
0.5735678, 0.1674323, 0.4753149, 0
0.5897478, 0.1708945, 0.4818864, 0
0.7348474, 0.2113037, 0.3343934, 0
0.7324899, 0.2626556, 0.4836635, 0
0.5489097, 0.2364769, 0.5682822, 0
0.7552854, 0.2498472, 0.5023459, 0
0.2849308, 0.2981374, 0.3532492, 0
0.2863644, 0.2553059, 0.5275226, 0
0.6088386, 0.2130435, 0.6310388, 0
0.5799409, 0.3076983, 0.6083462, 0
0.5600147, 0.2369453, 0.6646947, 0
0.6338593, 0.2656955, 0.5198975, 0
0.4622401, 0.2500804, 0.616982, 0
0.3882865, 0.253271, 0.6194877, 0
0.4379669, 0.2068657, 0.4412251, 0
0.8004814, 0.2357571, 0.5051192, 0
0.6203616, 0.2196234, 0.6021299, 0
0.7372912, 0.2142785, 0.3804092, 0
0.4440141, 0.1892584, 0.3789089, 0
0.3655561, 0.2376852, 0.4861779, 0
0.3703602, 0.2285583, 0.489869, 0
0.6865507, 0.194621, 0.1679724, 0
0.7926494, 0.2022456, 0.5980136, 0
0.7537977, 0.1905074, 0.34198, 0
0.5071697, 0.1784714, 0.3689261, 0
0.3310137, 0.2770229, 0.2919395, 0
0.4628335, 0.2234244, 0.457387, 0
0.7215231, 0.2057782, 0.5198772, 0
0.4697465, 0.2060957, 0.3171475, 0
0.1794975, 0.179071, 0.3809185, 0
0.5329253, 0.1602347, 0.3951952, 0
0.4878049, 0.2801458, 0.6838002, 0
0.6119127, 0.2012642, 0.3155074, 0
0.4615387, 0.2232406, 0.6208765, 0
0.2648131, 0.2169492, 0.4856491, 0
0.2094169, 0.1630725, 0.5143099, 0
0.2939717, 0.2459881, 0.4431956, 0
0.38282, 0.2975798, 0.4850275, 0
0.7994299, 0.1625574, 0.4295247, 0
0.4735009, 0.2219451, 0.5428929, 0
0.3888429, 0.2823726, 0.3219061, 0
0.7669185, 0.2564333, 0.346866, 0
0.6653298, 0.2056887, 0.5124554, 0
0.3721662, 0.3001865, 0.482254, 0
0.6856295, 0.2003211, 0.6052259, 0
0.2003006, 0.1753514, 0.304881, 0
0.4355919, 0.1917881, 0.484737, 0
0.8021805, 0.2344614, 0.3501122, 0
0.5655015, 0.2338043, 0.7623788, 0
0.5390139, 0.2916628, 0.2336788, 0
0.2584382, 0.2258781, 0.6262181, 0
0.3915837, 0.2912326, 0.4775481, 0
0.7093214, 0.2783234, 0.4130892, 0
0.3800825, 0.1911209, 0.6341082, 0
0.6337726, 0.1905457, 0.5987969, 0
0.7651659, 0.250547, 0.4533027, 0
0.3662878, 0.1661783, 0.4237202, 0
0.5170608, 0.1762958, 0.2732679, 0
0.4329096, 0.2788234, 0.6077803, 0
0.5030438, 0.3013933, 0.4327429, 0
0.5287641, 0.1820216, 0.6259395, 0
0.5201011, 0.2654274, 0.5778726, 0
0.5500843, 0.2423719, 0.7104474, 0
0.4819713, 0.2278148, 0.6207758, 0
0.2775499, 0.2284743, 0.320488, 0
0.4856418, 0.2334331, 0.1480068, 0
0.6711485, 0.2647225, 0.6210704, 0
0.6038554, 0.2903766, 0.5158861, 0
0.5181865, 0.1940196, 0.5482084, 0
0.5612435, 0.1671617, 0.4315592, 0
0.19181, 0.1791403, 0.4551308, 0
0.4403124, 0.2017384, 0.2885177, 0
0.6090931, 0.3020889, 0.5064451, 0
0.6123473, 0.2268377, 0.6455258, 0
0.3097347, 0.2179279, 0.6667774, 0
0.4533048, 0.3010317, 0.5922895, 0
0.7514884, 0.257428, 0.4094731, 0
0.6994179, 0.3097127, 0.5984027, 0
0.5720748, 0.2839786, 0.6898063, 0
0.3884643, 0.2865319, 0.3316754, 0
0.3110258, 0.276053, 0.6229721, 0
0.7616103, 0.1691929, 0.2991216, 0
0.6779433, 0.1940885, 0.2618435, 0
0.2731362, 0.1873882, 0.4444092, 0
0.2917911, 0.2737772, 0.5134615, 0
0.6425135, 0.2468357, 0.5266975, 0
0.2429371, 0.244725, 0.523082, 0
0.4111285, 0.2883727, 0.4360363, 0
0.6140968, 0.1915408, 0.6555431, 0
0.3139045, 0.1809642, 0.6331663, 0
0.4795386, 0.259877, 0.6467671, 0
0.3166201, 0.2468314, 0.2625756, 0
0.6742463, 0.3059029, 0.5265809, 0
0.2242513, 0.1935558, 0.4368619, 0
0.5080177, 0.2823064, 0.391468, 0
0.6821286, 0.2879434, 0.3464307, 0
0.6613118, 0.3043417, 0.4457156, 0
0.5907663, 0.2335973, 0.2608711, 0
0.5527274, 0.1615297, 0.7504569, 0
0.4033976, 0.2912108, 0.4767986, 0
0.6073893, 0.1955158, 0.3537603, 0
0.6062936, 0.2235992, 0.6291981, 0
0.2214526, 0.2631078, 0.5119542, 0
0.6534489, 0.2722095, 0.2218164, 0
0.5898857, 0.2894735, 0.4816339, 0
0.2386425, 0.190394, 0.5361539, 0
0.7570186, 0.1868367, 0.5220991, 0
0.5149266, 0.2161295, 0.5899312, 0
0.3776532, 0.2645011, 0.489639, 0
0.7412748, 0.1824879, 0.6002325, 0
0.3724774, 0.1647214, 0.3031145, 0
0.6099837, 0.1804484, 0.7068514, 0
0.7583376, 0.2874735, 0.4021412, 0
0.4154725, 0.2230668, 0.5541876, 0
0.4608978, 0.1993211, 0.5720656, 0
0.4439716, 0.2844384, 0.3470836, 0
0.4020956, 0.2149139, 0.5298708, 0
0.530425, 0.1874472, 0.3728827, 0
0.174164, 0.162769, 0.4107295, 0
0.543557, 0.2673791, 0.6705163, 0
0.2821622, 0.1868757, 0.2675963, 0
0.37984, 0.2399293, 0.3584991, 0
0.2750126, 0.2103459, 0.6259058, 0
0.5592802, 0.2591329, 0.4247088, 0
0.4701681, 0.1646954, 0.2816627, 0
0.2093954, 0.2168517, 0.4241005, 0
0.2072693, 0.260271, 0.5253536, 0
0.3336938, 0.2896169, 0.6122228, 0
0.7272843, 0.1930584, 0.3300962, 0
0.409777, 0.1689297, 0.6406878, 0
0.4369106, 0.2789478, 0.5980897, 0
0.5042552, 0.170467, 0.3326359, 0
0.3653345, 0.2245474, 0.5046804, 0
0.768001, 0.2907073, 0.5777231, 0
0.5323774, 0.2118607, 0.1859902, 0
0.2938991, 0.2356891, 0.5325248, 0
0.521569, 0.2221182, 0.6178312, 0
0.4132016, 0.2211204, 0.6235618, 0
0.6709346, 0.2337369, 0.6607263, 0
0.4831502, 0.1756851, 0.2131627, 0
0.5690323, 0.2893735, 0.2707052, 0
0.3898534, 0.2533637, 0.2624333, 0
0.6666906, 0.2527527, 0.5024191, 0
0.6722874, 0.2754251, 0.4928035, 0
0.496578, 0.2849783, 0.2665186, 0
0.5936229, 0.1805363, 0.5821441, 0
0.6924361, 0.3055707, 0.4676127, 0
0.6562974, 0.2596679, 0.2292379, 0
0.7414052, 0.2674935, 0.4573588, 0
0.4694154, 0.2567958, 0.5867855, 0
0.5534841, 0.1954251, 0.5020105, 0
0.3899561, 0.2552261, 0.4172456, 0
0.3119501, 0.2161838, 0.4830872, 0
0.6329532, 0.2998425, 0.5312629, 0
0.1956213, 0.1699295, 0.448536, 0
0.4012207, 0.1655649, 0.2010911, 0
0.4956003, 0.1922175, 0.253996, 0
0.747484, 0.1739288, 0.3067584, 0
0.4607605, 0.297657, 0.3387534, 0
0.5752848, 0.3030351, 0.6103259, 0
0.5291799, 0.2570311, 0.5472086, 0
0.6927851, 0.2004056, 0.5717123, 0
0.3448644, 0.2745361, 0.276208, 0
0.452532, 0.2568548, 0.2550763, 0
0.3604434, 0.2485281, 0.2081905, 0
0.4604578, 0.2680195, 0.3516245, 0
0.5249668, 0.261089, 0.7476428, 0
0.3778191, 0.2938962, 0.2795697, 0
0.6341851, 0.2513463, 0.6936529, 0
0.620474, 0.2544358, 0.669488, 0
0.5895429, 0.303782, 0.2614166, 0
0.4695321, 0.2397421, 0.5047014, 0
0.6542424, 0.2141556, 0.4579045, 0
0.6304837, 0.2948233, 0.6330199, 0
0.7199837, 0.1886247, 0.4411184, 0
0.4128882, 0.2918416, 0.4431298, 0
0.2576247, 0.2489896, 0.2651837, 0
0.3053068, 0.1592758, 0.1985576, 0
0.5008333, 0.2135258, 0.5973034, 0
0.4119524, 0.292757, 0.38662, 0
0.7216479, 0.2447985, 0.6454344, 0
0.6376257, 0.1855298, 0.7079136, 0
0.6075274, 0.2488315, 0.4794329, 0
0.5057274, 0.1915207, 0.2061966, 0
0.3498908, 0.1925298, 0.5918604, 0
0.6234241, 0.1998613, 0.7616909, 0
0.4866053, 0.2185259, 0.4950401, 0
0.543422, 0.1818252, 0.3291444, 0
0.3468916, 0.1666392, 0.2289531, 0
0.8065206, 0.1736866, 0.3634349, 0
0.389759, 0.2776636, 0.4185902, 0
0.3124753, 0.2279804, 0.3682049, 0
0.3368313, 0.2133552, 0.6351762, 0
0.4128096, 0.2022224, 0.1620251, 0
0.5896094, 0.2027014, 0.1298372, 0
0.6886119, 0.1692391, 0.4927526, 0
0.2490992, 0.1776061, 0.4654536, 0
0.4038618, 0.1563597, 0.2852637, 0
0.3575715, 0.2151092, 0.3058391, 0
0.4196213, 0.1630378, 0.1533097, 0
0.7669296, 0.2827204, 0.3446119, 0
0.5230819, 0.27457, 0.2381139, 0
0.6289317, 0.2751234, 0.2297477, 0
0.6621954, 0.2671954, 0.4881943, 0
0.2141384, 0.2473436, 0.5640913, 0
0.3138278, 0.1940998, 0.2261021, 0
0.4639561, 0.2694086, 0.6483971, 0
0.5659032, 0.1917324, 0.4099306, 0
0.3625027, 0.200784, 0.2355448, 0
0.3894596, 0.281946, 0.5410827, 0
0.5306707, 0.2234999, 0.5472023, 0
0.4442666, 0.2602962, 0.3117709, 0
0.4009242, 0.2087359, 0.2717059, 0
0.4790885, 0.2611151, 0.4149349, 0
0.5374416, 0.2427951, 0.5103897, 0
0.35614, 0.2027082, 0.4432351, 0
0.5042494, 0.2363529, 0.7464684, 0
0.5905261, 0.3016709, 0.6877005, 0
0.5882709, 0.2312911, 0.2952793, 0
0.6795247, 0.2458323, 0.7132412, 0
0.7211986, 0.2404592, 0.5653119, 0
0.3762369, 0.2731513, 0.5221414, 0
0.4112775, 0.3002396, 0.2838164, 0
0.3568724, 0.2199933, 0.3279768, 0
0.6136415, 0.1580487, 0.6043136, 0
0.695447, 0.2747312, 0.6384451, 0
0.5579461, 0.1746269, 0.1171189, 0
0.7665691, 0.2182067, 0.4869661, 0
0.3690794, 0.1860397, 0.2227847, 0
0.3820668, 0.258293, 0.6891079, 0
0.4654486, 0.241778, 0.4888929, 0
0.3308164, 0.2599206, 0.3773253, 0
0.3559983, 0.1963451, 0.2185116, 0
0.3624065, 0.1958518, 0.6350277, 0
0.73536, 0.2998981, 0.3919601, 0
0.724869, 0.2804013, 0.6309062, 0
0.323018, 0.1626556, 0.6470714, 0
0.3563192, 0.186099, 0.1368715, 0
0.6014513, 0.1687741, 0.6652085, 0
0.4976425, 0.1874752, 0.3456318, 0
0.4938089, 0.1694797, 0.2181443, 0
0.5034589, 0.1783268, 0.6995654, 0
0.4641956, 0.2526153, 0.4881008, 0
0.6086913, 0.2444785, 0.2869013, 0
0.2885711, 0.3014315, 0.4742202, 0
0.3488301, 0.2159995, 0.5034187, 0
0.6021959, 0.1722176, 0.5483477, 0
0.7627057, 0.178625, 0.3629421, 0
0.7035449, 0.2186523, 0.557257, 0
0.6050955, 0.2169575, 0.1966674, 0
0.4588915, 0.192791, 0.4539421, 0
0.5163801, 0.285114, 0.3758626, 0
0.2796529, 0.1639177, 0.6581072, 0
0.4099665, 0.1869377, 0.1391453, 0
0.4772244, 0.1800045, 0.1118363, 0
0.561039, 0.2968355, 0.4913228, 0
0.5580318, 0.2232635, 0.3864976, 0
0.2719439, 0.2251939, 0.6529304, 0
0.4573309, 0.1968415, 0.6204676, 0
0.4245929, 0.1633137, 0.6967555, 0
0.7151284, 0.2832971, 0.4932248, 0
0.2596256, 0.1918781, 0.2716869, 0
0.5082905, 0.2005936, 0.7273812, 0
0.4690133, 0.2619027, 0.7227521, 0
0.3459939, 0.2992709, 0.4957458, 0
0.6560609, 0.2405055, 0.1876233, 0
0.5945022, 0.2833564, 0.3341652, 0
0.5654751, 0.1752606, 0.2713096, 0
0.635028, 0.2500912, 0.4441099, 0
0.5301006, 0.2484173, 0.2348607, 0
0.6390424, 0.1756195, 0.428319, 0
0.350174, 0.1916886, 0.2721099, 0
0.455968, 0.2472791, 0.7538459, 0
0.4021216, 0.1795522, 0.2501976, 0
0.411463, 0.2465789, 0.2304864, 0
0.5912344, 0.2838915, 0.5666881, 0
0.6553288, 0.3022463, 0.3069147, 0
0.267235, 0.230069, 0.2374281, 0
0.2767853, 0.2367345, 0.4269671, 0
0.5633671, 0.2650342, 0.3463315, 0
0.4899107, 0.2005552, 0.41686, 0
0.6032613, 0.1583915, 0.6660973, 0
0.6640512, 0.1699623, 0.2533722, 0
0.3014137, 0.2210961, 0.2995049, 0
0.359147, 0.2302269, 0.6450406, 0
0.592838, 0.2324506, 0.7435642, 0
0.6889017, 0.2419918, 0.4536675, 0
0.4539597, 0.2524988, 0.2116387, 0
0.3185223, 0.2651279, 0.2970562, 0
0.4931861, 0.1964634, 0.6777012, 0
0.4991882, 0.2014495, 0.1769774, 0
0.7922751, 0.2659359, 0.5419087, 0
0.5754142, 0.2578091, 0.4923588, 0
0.3721723, 0.2588979, 0.2892187, 0
0.6544467, 0.273962, 0.3888565, 0
0.5349003, 0.1946373, 0.1862178, 0
0.6232048, 0.2515202, 0.2391946, 0
0.4908367, 0.2678425, 0.2665717, 0
0.5222536, 0.2618077, 0.2068147, 0
0.5312974, 0.1651265, 0.5617978, 0
0.616033, 0.1877155, 0.7149153, 0
0.5833598, 0.230835, 0.7332258, 0
0.6089175, 0.2415752, 0.742745, 0
0.3636363, 0.244213, 0.4469202, 0
0.7033117, 0.2735223, 0.3941731, 0
0.2460168, 0.2393839, 0.4319079, 0
0.5409444, 0.2807242, 0.5695249, 0
0.4203158, 0.2181516, 0.6167029, 0
0.3813821, 0.2486604, 0.5216767, 0
0.8413732, 0.1738959, 0.5189691, 0
0.5500935, 0.2264994, 0.1661777, 0
0.4123323, 0.2708367, 0.6197814, 0
0.5887035, 0.1878767, 0.6674997, 0
0.5668311, 0.2219342, 0.6411608, 0
0.5769693, 0.170953, 0.4523215, 0
0.6540788, 0.2156863, 0.5627201, 0
0.4475096, 0.2293901, 0.4433665, 0
0.4365314, 0.2911647, 0.428311, 0
0.4337038, 0.2875733, 0.4531778, 0
0.4913132, 0.3027871, 0.4866056, 0
0.4350337, 0.2521236, 0.5247316, 0
0.3864607, 0.2234188, 0.59207, 0
0.6619753, 0.1654753, 0.4413465, 0
0.3812423, 0.1694653, 0.2811141, 0
0.7960459, 0.2461408, 0.4336836, 0
0.6270367, 0.3072122, 0.6260856, 0
0.4767745, 0.2037835, 0.5461507, 0
0.4659114, 0.2823525, 0.3132712, 0
0.2574376, 0.2296281, 0.3656194, 0
0.3165462, 0.2360904, 0.3122324, 0
0.6167648, 0.265023, 0.6866478, 0
0.3503523, 0.2752474, 0.553583, 0
0.5654816, 0.2294322, 0.4224927, 0
0.3257257, 0.2102916, 0.6863841, 0
0.4595693, 0.236399, 0.7128634, 0
0.3183109, 0.3037962, 0.5269306, 0
0.5516649, 0.2387656, 0.1587818, 0
0.3043631, 0.2349887, 0.6094675, 0
0.1983249, 0.2608043, 0.420025, 0
0.4777674, 0.2042716, 0.7591168, 0
0.4098543, 0.251604, 0.6990309, 0
0.247583, 0.2163135, 0.6074386, 0
0.4164067, 0.2065908, 0.2319119, 0
0.7833288, 0.2802178, 0.5473377, 0
0.5861942, 0.1929464, 0.2950092, 0
0.3510822, 0.2140042, 0.4198529, 0
0.5885137, 0.1875025, 0.47025, 0
0.3041697, 0.2428117, 0.2702411, 0
0.3492783, 0.2447407, 0.3154105, 0
0.6248987, 0.270401, 0.3735297, 0
0.6395524, 0.1800745, 0.359833, 0
0.6140855, 0.2327975, 0.5033637, 0
0.6797185, 0.1766468, 0.7358217, 0
0.3635325, 0.2870688, 0.3221267, 0
0.7001887, 0.2996257, 0.3146256, 0
0.7504886, 0.2245443, 0.597349, 0
0.5099286, 0.1950274, 0.7875594, 0
0.813539, 0.1747011, 0.5035767, 0
0.6938455, 0.2037567, 0.5833322, 0
0.4890367, 0.1639795, 0.4208636, 0
0.6021731, 0.2295348, 0.4827187, 0
0.4042935, 0.2348094, 0.556877, 0
0.6185011, 0.1671695, 0.5936855, 0
0.5608891, 0.2058426, 0.2124695, 0
0.2884619, 0.2150295, 0.3363159, 0
0.6529059, 0.3020535, 0.2907418, 0
0.3039171, 0.1787647, 0.3978884, 0
0.3568552, 0.188015, 0.5095289, 0
0.6597072, 0.2536953, 0.6670887, 0
0.2789098, 0.224307, 0.4763977, 0
0.6008521, 0.1550267, 0.4818158, 0
0.5920551, 0.1910619, 0.5618742, 0
0.212028, 0.1697535, 0.3856679, 0
0.523001, 0.2099315, 0.7767028, 0
0.397876, 0.1946578, 0.7194671, 0
0.2270232, 0.1812376, 0.3760465, 0
0.4577295, 0.1662983, 0.5577417, 0
0.6817182, 0.1880063, 0.669506, 0
0.7190606, 0.2827511, 0.4281368, 0
0.6938042, 0.2129785, 0.3210978, 0
0.3697675, 0.182935, 0.4147848, 0
0.2870683, 0.2365201, 0.4019924, 0
0.4546023, 0.2247917, 0.2648281, 0
0.4459587, 0.2809254, 0.4363694, 0
0.2516696, 0.2892735, 0.4216864, 0
0.7067117, 0.1739553, 0.5906143, 0
0.4678114, 0.2682682, 0.5950393, 0
0.6266674, 0.2221559, 0.3402351, 0
0.6115596, 0.2936132, 0.3305677, 0
0.3247437, 0.250603, 0.6192531, 0
0.3488832, 0.2518027, 0.3694901, 0
0.542474, 0.2773813, 0.7406937, 0
0.5684764, 0.301595, 0.6308257, 0
0.588383, 0.2782615, 0.5555546, 0
0.2376735, 0.1938874, 0.28831, 0
0.5126646, 0.2122548, 0.6205329, 0
0.4451875, 0.2041574, 0.2024514, 0
0.374383, 0.1947351, 0.1758618, 0
0.2834569, 0.2129427, 0.6183074, 0
0.2929571, 0.2965839, 0.4252504, 0
0.3276267, 0.2072658, 0.4884198, 0
0.4534354, 0.1624293, 0.1448329, 0
0.6049069, 0.1676059, 0.3405396, 0
0.2948746, 0.2513618, 0.4601139, 0
0.7677404, 0.24883, 0.6019864, 0
0.6857365, 0.2800708, 0.3740873, 0
0.3689626, 0.2744992, 0.7017112, 0
0.4295171, 0.1628186, 0.5202588, 0
0.487368, 0.2542053, 0.7477847, 0
0.5965826, 0.268444, 0.5356705, 0
0.7562733, 0.1808006, 0.3615439, 0
0.3575767, 0.2376715, 0.2914949, 0
0.3687654, 0.2411638, 0.2291608, 0
0.7397743, 0.2662283, 0.4582604, 0
0.4302187, 0.268866, 0.6485103, 0
0.5000321, 0.1989934, 0.7370729, 0
0.6104876, 0.2444803, 0.3167176, 0
0.4765455, 0.1852784, 0.5338901, 0
0.7419477, 0.2434049, 0.4809872, 0
0.7735708, 0.2800129, 0.4805774, 0
0.3777492, 0.263776, 0.3218877, 0
0.4853495, 0.2217852, 0.6473504, 0
0.6755546, 0.2962425, 0.4167162, 0
0.7532855, 0.1890121, 0.3804727, 0
0.4586621, 0.1661093, 0.3424798, 0
0.7492858, 0.1828986, 0.5200461, 0
0.2684035, 0.2510958, 0.5063908, 0
0.4878421, 0.1943287, 0.1161615, 0
0.4713201, 0.1971067, 0.2459483, 0
0.7227174, 0.2156611, 0.439414, 0
0.4779588, 0.2860143, 0.5364145, 0
0.6996719, 0.2927322, 0.3443975, 0
0.4475943, 0.162988, 0.7010509, 0
0.3525134, 0.2870679, 0.596331, 0
0.5710789, 0.1813217, 0.1955364, 0
0.6981056, 0.2051532, 0.2374402, 0
0.5201583, 0.3021778, 0.6898655, 0
0.6812876, 0.2282552, 0.5141438, 0
0.452229, 0.2770439, 0.6108282, 0
0.6163771, 0.1845914, 0.4427783, 0
0.4824137, 0.259243, 0.455341, 0
0.4788391, 0.1961552, 0.3927308, 0
0.2494737, 0.2027458, 0.2623827, 0
0.4202051, 0.1911017, 0.2102903, 0
0.5853102, 0.2942588, 0.6893663, 0
0.2508499, 0.2117026, 0.3625269, 0
0.399292, 0.2394222, 0.5660898, 0
0.4876123, 0.2205713, 0.6464153, 0
0.3011824, 0.2884685, 0.5035204, 0
0.3881513, 0.2400369, 0.4803257, 0
0.5035482, 0.174117, 0.7293933, 0
0.5606825, 0.2409532, 0.6727521, 0
0.4850973, 0.1902318, 0.6443385, 0
0.5361124, 0.1908884, 0.1240175, 0
0.4760619, 0.2570424, 0.5920567, 0
0.4162138, 0.279071, 0.390285, 0
0.3557179, 0.2677219, 0.6879418, 0
0.745146, 0.197923, 0.3973968, 0
0.4587713, 0.2610616, 0.3347158, 0
0.5793229, 0.1868952, 0.7072042, 0
0.7309894, 0.1733936, 0.6040639, 0
0.7482459, 0.1791963, 0.3783887, 0
0.798991, 0.2104737, 0.4458592, 0
0.2891512, 0.2839687, 0.5241148, 0
0.5512429, 0.1705106, 0.3911065, 0
0.2718938, 0.2203822, 0.4850077, 0
0.3762001, 0.2210535, 0.6843443, 0
0.2799281, 0.1681004, 0.2709119, 0
0.5948107, 0.1981407, 0.1331085, 0
0.3570846, 0.2985809, 0.5978193, 0
0.2170835, 0.2225672, 0.5693159, 0
0.2733947, 0.2541541, 0.2689262, 0
0.6083538, 0.2443004, 0.2731434, 0
0.3551596, 0.1848684, 0.5499527, 0
0.5511012, 0.1865112, 0.4305398, 0
0.7444806, 0.3006288, 0.5340496, 0
0.3110866, 0.2416127, 0.5883679, 0
0.5039626, 0.1769576, 0.2624435, 0
0.3806691, 0.2630732, 0.5550408, 0
0.2439674, 0.2149772, 0.424797, 0
0.5564821, 0.2318132, 0.1633421, 0
0.6690865, 0.2748342, 0.4397792, 0
0.335416, 0.2317561, 0.2484991, 0
0.5755523, 0.2429191, 0.4603826, 0
0.6194369, 0.1877849, 0.5766302, 0
0.4176261, 0.1760174, 0.7737287, 0
0.5678929, 0.2147869, 0.2989439, 0
0.6072755, 0.1833418, 0.3484299, 0
0.7224405, 0.184092, 0.2519779, 0
0.1776516, 0.1664777, 0.4832399, 0
0.7893897, 0.2786717, 0.4685243, 0
0.5440525, 0.2095364, 0.7591165, 0
0.2058692, 0.2757701, 0.4600995, 0
0.5684404, 0.1629272, 0.7348401, 0
0.5081719, 0.2108412, 0.7121601, 0
0.741135, 0.2467058, 0.2563369, 0
0.3975895, 0.17215, 0.2799654, 0
0.5187091, 0.221962, 0.3636275, 0
0.5987198, 0.2632481, 0.2333478, 0
0.2852193, 0.2749166, 0.5446869, 0
0.6088434, 0.1752047, 0.2867032, 0
0.4947978, 0.2551422, 0.3793312, 0
0.2975683, 0.1957136, 0.400115, 0
0.6954236, 0.2156767, 0.4039569, 0
0.7416008, 0.3031497, 0.4796833, 0
0.4604093, 0.1583476, 0.3714558, 0
0.5325204, 0.1833, 0.4134175, 0
0.5300514, 0.2224622, 0.2031499, 0
0.6687707, 0.168488, 0.4043867, 0
0.4298305, 0.2979408, 0.464336, 0
0.454615, 0.2753607, 0.6333177, 0
0.3467229, 0.1714935, 0.3717246, 0
0.4738916, 0.1722309, 0.3029889, 0
0.6255153, 0.2532995, 0.2389589, 0
0.782441, 0.2214881, 0.3757736, 0
0.5648667, 0.2390128, 0.4781692, 0
0.3057932, 0.2215052, 0.4584769, 0
0.2309596, 0.2282688, 0.576225, 0
0.2553158, 0.262032, 0.6322352, 0
0.3548535, 0.1709307, 0.2393273, 0
0.677389, 0.3030114, 0.4399747, 0
0.3997553, 0.1975652, 0.6217322, 0
0.396417, 0.3007452, 0.4709495, 0
0.3422017, 0.1943835, 0.5045865, 0
0.7695509, 0.1845375, 0.3286619, 0
0.5357751, 0.1637924, 0.769732, 0
0.3144955, 0.2217971, 0.7065004, 0
0.5154559, 0.2650422, 0.4258239, 0
0.5471628, 0.2008447, 0.162847, 0
0.7495365, 0.2734996, 0.4964131, 0
0.7524238, 0.2971849, 0.4482828, 0
0.3898806, 0.2463595, 0.2604211, 0
0.7278867, 0.2850703, 0.6401502, 0
0.4495455, 0.1592495, 0.5059979, 0
0.4998916, 0.2353398, 0.2998663, 0
0.4355683, 0.2492161, 0.143865, 0
0.6362022, 0.294872, 0.4829615, 0
0.4631454, 0.1972032, 0.5494664, 0
0.7157215, 0.2569489, 0.4401028, 0
0.4804051, 0.2520905, 0.6518391, 0
0.3198299, 0.2931392, 0.4376, 0
0.8000154, 0.2461247, 0.5365637, 0
0.6827295, 0.2888274, 0.2582415, 0
0.5221346, 0.2302896, 0.7523636, 0
0.5849046, 0.1983683, 0.5008343, 0
0.5632685, 0.1940352, 0.1421189, 0
0.6651204, 0.2790776, 0.2172689, 0
0.2033123, 0.2040841, 0.3444419, 0
0.689024, 0.1988384, 0.5111369, 0
0.3289194, 0.2794821, 0.2274622, 0
0.2818407, 0.1820455, 0.4974045, 0
0.663785, 0.2836164, 0.3831668, 0
0.4731855, 0.2468525, 0.5412583, 0
0.4278109, 0.3081032, 0.6145747, 0
0.4359832, 0.2468234, 0.174475, 0
0.6121556, 0.2276012, 0.2197983, 0
0.2476228, 0.2208841, 0.2543517, 0
0.4289394, 0.1825966, 0.1387477, 0
0.3204527, 0.161487, 0.4771309, 0
0.3170776, 0.2391195, 0.2160759, 0
0.6432941, 0.2096037, 0.5122331, 0
0.578515, 0.2361868, 0.7541651, 0
0.4264646, 0.1729594, 0.6302046, 0
0.482683, 0.2279786, 0.4213582, 0
0.2356454, 0.1599522, 0.4852978, 0
0.4535848, 0.1909197, 0.4221346, 0
0.4510778, 0.1979067, 0.3751245, 0
0.4115671, 0.1880091, 0.3522968, 0
0.2831086, 0.2553047, 0.4861821, 0
0.6837704, 0.2692747, 0.4788584, 0
0.6975037, 0.1732254, 0.6836765, 0
0.6368824, 0.2758451, 0.6242359, 0
0.2396404, 0.1924198, 0.2948682, 0
0.6989595, 0.3004943, 0.6245412, 0
0.6344492, 0.2449667, 0.3057111, 0
0.3726041, 0.3021659, 0.6386784, 0
0.6188987, 0.303463, 0.4643959, 0
0.4553976, 0.191087, 0.6701446, 0
0.3428485, 0.2194989, 0.4665559, 0
0.6503203, 0.2971874, 0.5314134, 0
0.3896259, 0.2093218, 0.3522855, 0
0.2995375, 0.2122879, 0.4485383, 0
0.6514156, 0.1998931, 0.5937824, 0
0.7255856, 0.2366291, 0.3228716, 0
0.75261, 0.213085, 0.5601365, 0
0.5349976, 0.2929003, 0.2107915, 0
0.4085131, 0.2038847, 0.4211288, 0
0.3193853, 0.2517713, 0.5110123, 0
0.5099796, 0.211508, 0.1826393, 0
0.3205225, 0.2029606, 0.5774472, 0
0.2142726, 0.1877452, 0.328966, 0
0.4289934, 0.1677332, 0.6331153, 0
0.3462526, 0.237332, 0.3425699, 0
0.7899241, 0.2511595, 0.3292748, 0
0.3247063, 0.2092233, 0.3482357, 0
0.5720587, 0.2269814, 0.1812379, 0
0.4115528, 0.2898375, 0.5899221, 0
0.5800474, 0.2883208, 0.2745482, 0
0.5781462, 0.1768114, 0.4472376, 0
0.313782, 0.1905836, 0.6487141, 0
0.5690342, 0.253794, 0.575736, 0
0.3948795, 0.1787659, 0.4743326, 0
0.8231038, 0.198773, 0.4629691, 0
0.5179844, 0.2744217, 0.1979128, 0
0.6123724, 0.2772425, 0.3486049, 0
0.7898769, 0.241267, 0.2974854, 0
0.2802461, 0.2645822, 0.6045529, 0
0.3251169, 0.2267548, 0.2747344, 0
0.664326, 0.2916525, 0.410506, 0
0.1921851, 0.1783323, 0.4051602, 0
0.4751258, 0.2890069, 0.5503132, 0
0.2358193, 0.1843841, 0.5056491, 0
0.3857535, 0.218229, 0.5935668, 0
0.4038432, 0.2323444, 0.5624522, 0
0.697943, 0.3082538, 0.5188679, 0
0.4087701, 0.1930171, 0.4711282, 0
0.3383952, 0.2915021, 0.5555344, 0
0.5604966, 0.2259693, 0.2550316, 0
0.5416542, 0.2775885, 0.4063307, 0
0.7147765, 0.2798934, 0.4903218, 0
0.592683, 0.2655926, 0.2909991, 0
0.5637852, 0.2667885, 0.641759, 0
0.3737056, 0.2083015, 0.7286886, 0
0.4917993, 0.1850021, 0.370869, 0
0.5498569, 0.2171866, 0.5492863, 0
0.373562, 0.1880271, 0.6480504, 0
0.5294601, 0.2872397, 0.3502884, 0
0.2403434, 0.1968254, 0.2685699, 0
0.6284069, 0.3024636, 0.3499504, 0
0.2934126, 0.1904591, 0.4340345, 0
0.5085848, 0.295791, 0.5051332, 0
0.2602551, 0.1577411, 0.5361356, 0
0.2905818, 0.1911532, 0.3527351, 0
0.3634235, 0.2031425, 0.320724, 0
0.4036064, 0.174105, 0.3704415, 0
0.7524521, 0.2069293, 0.6530128, 0
0.5623309, 0.2287878, 0.3552708, 0
0.4691215, 0.2087632, 0.5131311, 0
0.6842523, 0.2398389, 0.522297, 0
0.6653196, 0.2695587, 0.6252715, 0
0.33911, 0.2000996, 0.4676389, 0
0.7374946, 0.2122575, 0.4500011, 0
0.6112194, 0.2728483, 0.3003448, 0
0.5736046, 0.1953946, 0.1644095, 0
0.6641371, 0.1852931, 0.6254725, 0
0.5112541, 0.1978434, 0.1946291, 0
0.1927645, 0.2469043, 0.4755263, 0
0.2625902, 0.2891604, 0.5453045, 0
0.4285033, 0.231941, 0.4598466, 0
0.4479907, 0.2896493, 0.1954538, 0
0.7146536, 0.1532036, 0.5676757, 0
0.5202769, 0.2900317, 0.2533019, 0
0.630907, 0.2173393, 0.3617577, 0
0.5224091, 0.2415757, 0.4759442, 0
0.4692425, 0.1811981, 0.4336342, 0
0.3358017, 0.2467062, 0.3477381, 0
0.6510762, 0.2606091, 0.2032792, 0
0.5631196, 0.2718472, 0.6024789, 0
0.7773688, 0.2295692, 0.6325163, 0
0.5061486, 0.1851173, 0.7232246, 0
0.4946844, 0.1927752, 0.1871717, 0
0.5138226, 0.2496222, 0.6173471, 0
0.3558075, 0.1596778, 0.3776625, 0
0.6595812, 0.1996144, 0.2200255, 0
0.6658075, 0.2706237, 0.4516795, 0
0.3071486, 0.2978781, 0.410011, 0
0.2778454, 0.2852491, 0.4911596, 0
0.3236035, 0.1793962, 0.2029893, 0
0.2243074, 0.1703541, 0.5337588, 0
0.7634903, 0.1663326, 0.4448202, 0
0.5718157, 0.26656, 0.4108431, 0
0.602766, 0.2459992, 0.7085025, 0
0.2636535, 0.233025, 0.5441396, 0
0.4334544, 0.2198929, 0.2713358, 0
0.2914836, 0.2370725, 0.4398657, 0
0.4275225, 0.2862985, 0.4634752, 0
0.7060383, 0.24545, 0.621457, 0
0.4787323, 0.2634169, 0.3461117, 0
0.5980337, 0.1624822, 0.5509824, 0
0.4633242, 0.306522, 0.6465353, 0
0.4209779, 0.1669489, 0.1319123, 0
0.424621, 0.2534848, 0.679296, 0
0.6488013, 0.2407171, 0.4713406, 0
0.6005347, 0.1851055, 0.5465199, 0
0.4007623, 0.2486284, 0.2072258, 0
0.4341339, 0.2078578, 0.3673503, 0
0.2998284, 0.2476761, 0.6387827, 0
0.3548561, 0.2553669, 0.2129452, 0
0.7099629, 0.1833817, 0.6237, 0
0.532048, 0.1714962, 0.1317084, 0
0.6753146, 0.2557649, 0.2761565, 0
0.4844917, 0.2252224, 0.7620153, 0
0.2962837, 0.2567291, 0.4966401, 0
0.5638987, 0.1504157, 0.3253718, 0
0.7600341, 0.1712714, 0.385849, 0
0.6812926, 0.2791197, 0.5490122, 0
0.468856, 0.2437513, 0.2804945, 0
0.5317006, 0.2420957, 0.298955, 0
0.7146006, 0.2233348, 0.2159809, 0
0.6330338, 0.2841493, 0.6574744, 0
0.3929824, 0.267119, 0.6597132, 0
0.5018283, 0.246784, 0.2419201, 0
0.6643665, 0.2695673, 0.3612537, 0
0.3839861, 0.1937623, 0.5366124, 0
0.495441, 0.2193758, 0.695673, 0
0.4914529, 0.2385135, 0.2999371, 0
0.6186294, 0.1915675, 0.2401581, 0
0.4523412, 0.2026778, 0.1968756, 0
0.4941297, 0.2234483, 0.3480023, 0
0.2896225, 0.291816, 0.4864412, 0
0.3748148, 0.2757421, 0.4492771, 0
0.6100288, 0.2386267, 0.5594867, 0
0.2982841, 0.2482038, 0.2266693, 0
0.3965642, 0.2328967, 0.469108, 0
0.2073141, 0.1601493, 0.3963676, 0
0.7493761, 0.2654296, 0.4697976, 0
0.4804935, 0.2004172, 0.2943967, 0
0.3077818, 0.162056, 0.3862167, 0
0.2626515, 0.2628969, 0.3547229, 0
0.6885048, 0.2554021, 0.5015334, 0
0.7172177, 0.2216146, 0.6865389, 0
0.649389, 0.2133239, 0.2017276, 0
0.5840786, 0.2440346, 0.6927404, 0
0.7094375, 0.1953032, 0.5823457, 0
0.5647832, 0.2442333, 0.546815, 0
0.5637661, 0.1688316, 0.2662106, 0
0.7849208, 0.216527, 0.4463192, 0
0.8126555, 0.1654261, 0.5057349, 0
0.5269889, 0.3010773, 0.7026486, 0
0.2442015, 0.242867, 0.4921138, 0
0.6305221, 0.229874, 0.6296003, 0
0.5921214, 0.2204332, 0.6447426, 0
0.4205321, 0.2811577, 0.4196852, 0
0.224485, 0.2398425, 0.5707837, 0
0.780849, 0.2913088, 0.38646, 0
0.3712549, 0.1827793, 0.6172759, 0
0.2669967, 0.2249113, 0.5079042, 0
0.5510709, 0.2829954, 0.3212221, 0
0.4934524, 0.1585412, 0.6734548, 0
0.65153, 0.2680642, 0.2380583, 0
0.3298596, 0.2392255, 0.4398096, 0
0.5344657, 0.2070041, 0.2724198, 0
0.6780132, 0.2820741, 0.4683526, 0
0.6563777, 0.2413927, 0.1764263, 0
0.2904457, 0.2034311, 0.637453, 0
0.3344977, 0.2412467, 0.5305797, 0
0.698261, 0.2608812, 0.4283181, 0
0.4476489, 0.2873302, 0.584972, 0
0.5160494, 0.2515613, 0.2463123, 0
0.6199847, 0.2228024, 0.7354087, 0
0.2585286, 0.2602175, 0.3435982, 0
0.6323786, 0.2479579, 0.3951218, 0
0.5652353, 0.3007778, 0.7011662, 0
0.5995415, 0.2745649, 0.3032613, 0
0.2931882, 0.19511, 0.4502132, 0
0.3843384, 0.2432586, 0.429663, 0
0.3781377, 0.2817503, 0.3164984, 0
0.3922991, 0.2933954, 0.492654, 0
0.4756765, 0.2900096, 0.2219099, 0
0.7409468, 0.2734724, 0.3332082, 0
0.8125538, 0.2344808, 0.4322333, 0
0.6334475, 0.1900682, 0.5764151, 0
0.3941727, 0.1830225, 0.1977243, 0
0.4295245, 0.2010875, 0.5717447, 0
0.566305, 0.2273892, 0.4901023, 0
0.2270807, 0.1599165, 0.4663368, 0
0.5736406, 0.2885598, 0.7147101, 0
0.5173225, 0.1594604, 0.4035258, 0
0.4513962, 0.238306, 0.4624625, 0
0.4948529, 0.297049, 0.6102162, 0
0.822349, 0.2396095, 0.4603647, 0
0.4744266, 0.2889726, 0.2125248, 0
0.7991685, 0.2636605, 0.5524245, 0
0.2819508, 0.2032144, 0.6274595, 0
0.4089642, 0.2110204, 0.4606787, 0
0.3199627, 0.2373335, 0.7101594, 0
0.6304328, 0.239667, 0.4641118, 0
0.7466339, 0.3011107, 0.414715, 0
0.7024429, 0.2111905, 0.5095181, 0
0.5067133, 0.1586259, 0.3409633, 0
0.8255596, 0.1993145, 0.3735799, 0
0.2219619, 0.1865507, 0.3274608, 0
0.2994739, 0.2985885, 0.4193448, 0
0.6199484, 0.1665412, 0.1452344, 0
0.4926206, 0.1651289, 0.1433235, 0
0.6983283, 0.1965658, 0.6501471, 0
0.7010727, 0.2198272, 0.4825033, 0
0.62724, 0.2707087, 0.4538125, 0
0.2570851, 0.208358, 0.4073126, 0
0.3980087, 0.2413132, 0.1691388, 0
0.4451684, 0.216257, 0.48757, 0
0.5417857, 0.253792, 0.3296403, 0
0.3058672, 0.2360151, 0.5379674, 0
0.7335126, 0.1868431, 0.3183148, 0
0.3234703, 0.2280394, 0.3548055, 0
0.360287, 0.2264406, 0.2309179, 0
0.4612667, 0.1558511, 0.4291793, 0
0.4058467, 0.2628777, 0.7054097, 0
0.3446126, 0.2487125, 0.4610097, 0
0.2984631, 0.2312871, 0.7017083, 0
0.5451407, 0.2796401, 0.4963046, 0
0.4026925, 0.2342289, 0.4372416, 0
0.4956943, 0.2872532, 0.5971633, 0
0.6486368, 0.2195753, 0.1696482, 0
0.274246, 0.2600653, 0.3834825, 0
0.3882113, 0.2922325, 0.705939, 0
0.4712958, 0.2229716, 0.2457153, 0
0.4755491, 0.2970987, 0.3484838, 0
0.2072003, 0.2088149, 0.5452906, 0
0.8276898, 0.2302347, 0.4465292, 0
0.1955351, 0.1742135, 0.4417162, 0
0.5896836, 0.1978951, 0.7352264, 0
0.7263479, 0.2378018, 0.5956009, 0
0.5894924, 0.3014688, 0.664003, 0
0.3738955, 0.2881986, 0.6230761, 0
0.5276311, 0.1818199, 0.594075, 0
0.7145568, 0.3042951, 0.3021502, 0
0.740206, 0.1992513, 0.2714587, 0
0.5575685, 0.2712559, 0.6773714, 0
0.7314036, 0.1922443, 0.2770264, 0
0.4765818, 0.202951, 0.7626867, 0
0.6394305, 0.2514153, 0.4236834, 0
0.2993358, 0.2053084, 0.519333, 0
0.3283534, 0.1643528, 0.387022, 0
0.6505229, 0.1746131, 0.4012541, 0
0.6029614, 0.2745158, 0.5503094, 0
0.8298359, 0.2414603, 0.4447034, 0
0.2971524, 0.2527251, 0.477183, 0
0.522258, 0.2612859, 0.6796622, 0
0.2763252, 0.2896036, 0.4400774, 0
0.431454, 0.2320348, 0.731705, 0
0.651219, 0.2080655, 0.6492084, 0
0.6053186, 0.301227, 0.3587174, 0
0.2430099, 0.2121077, 0.4759147, 0
0.3812627, 0.1918201, 0.2591585, 0
0.2449191, 0.1630553, 0.5956927, 0
0.7031806, 0.2710851, 0.6530956, 0
0.5722277, 0.2473589, 0.260945, 0
0.6580465, 0.1936128, 0.6469524, 0
0.4233272, 0.2449987, 0.4817114, 0
0.6262366, 0.2740012, 0.2493507, 0
0.3976185, 0.2188818, 0.4385025, 0
0.4801245, 0.2443846, 0.6901146, 0
0.5065904, 0.2358666, 0.5307615, 0
0.4445601, 0.2927038, 0.5362031, 0
0.4925974, 0.2790769, 0.6089847, 0
0.2659386, 0.2720493, 0.5251933, 0
0.3879542, 0.1929491, 0.5599844, 0
0.4097988, 0.1810808, 0.2129791, 0
0.7932187, 0.1827649, 0.4572047, 0
0.7613311, 0.2133237, 0.4311427, 0
0.3719277, 0.2386464, 0.2605976, 0
0.684876, 0.3018677, 0.5578042, 0
0.2521651, 0.2092467, 0.3449683, 0
0.73048, 0.2438604, 0.6587071, 0
0.4845753, 0.1572647, 0.573754, 0
0.3299383, 0.2260285, 0.232053, 0
0.7203495, 0.1975138, 0.3796852, 0
0.5730846, 0.2059062, 0.4722426, 0
0.6227431, 0.2396492, 0.301834, 0
0.6956162, 0.3034281, 0.523554, 0
0.5240771, 0.1981071, 0.6962735, 0
0.2279687, 0.280661, 0.3953039, 0
0.6864247, 0.2369918, 0.2293431, 0
0.4844943, 0.2025656, 0.3423983, 0
0.5388057, 0.2510867, 0.6135191, 0
0.4430977, 0.1800669, 0.3230636, 0
0.5910536, 0.1617492, 0.5736911, 0
0.3087503, 0.2593659, 0.3021278, 0
0.7328255, 0.2753398, 0.4231791, 0
0.4007008, 0.1811403, 0.6303891, 0
0.3568946, 0.2193533, 0.734886, 0
0.7909021, 0.1661616, 0.5424289, 0
0.6322555, 0.2035132, 0.4854551, 0
0.3059629, 0.2255176, 0.6255766, 0
0.647621, 0.1563443, 0.4807615, 0
0.48651, 0.2665621, 0.6190318, 0
0.695601, 0.1808623, 0.2731654, 0
0.3875207, 0.2512161, 0.6799945, 0
0.6507661, 0.2803859, 0.3165112, 0
0.3108547, 0.2412307, 0.4055319, 0
0.4904782, 0.1537221, 0.6882856, 0
0.2547979, 0.2401776, 0.5004993, 0
0.2720774, 0.1964602, 0.4753129, 0
0.4217126, 0.2557129, 0.450568, 0
0.3725213, 0.2065936, 0.4078806, 0
0.3578293, 0.2317206, 0.3651377, 0
0.6807793, 0.2363095, 0.2982191, 0
0.6755916, 0.1864315, 0.5910627, 0
0.4252966, 0.2554868, 0.3294919, 0
0.4596687, 0.2068707, 0.6617752, 0
0.6693057, 0.1790842, 0.1845352, 0
0.5102092, 0.1738778, 0.4362245, 0
0.3064154, 0.2738753, 0.4215501, 0
0.4754805, 0.296083, 0.3606866, 0
0.3877036, 0.1515233, 0.6906602, 0
0.4675671, 0.2203803, 0.1781322, 0
0.4127659, 0.2858465, 0.5205423, 0
0.2395292, 0.2140515, 0.4079049, 0
0.4047931, 0.2096484, 0.257813, 0
0.7935593, 0.2403479, 0.5394611, 0
0.3524865, 0.2597506, 0.6851963, 0
0.7147878, 0.2787059, 0.3947352, 0
0.7875648, 0.1913867, 0.6069168, 0
0.5107929, 0.2772312, 0.6887704, 0
0.3883757, 0.271201, 0.6639086, 0
0.3814709, 0.2598953, 0.1911485, 0
0.3165322, 0.2175336, 0.2422315, 0
0.3250192, 0.189613, 0.3583472, 0
0.5426611, 0.1908364, 0.5713251, 0
0.3832923, 0.2027502, 0.1906857, 0
0.4270733, 0.2122516, 0.7458804, 0
0.6184829, 0.2004897, 0.6251343, 0
0.7553499, 0.1695356, 0.5376938, 0
0.4634404, 0.2211982, 0.6472586, 0
0.3907765, 0.2262613, 0.3388292, 0
0.7267843, 0.1824591, 0.5961999, 0
0.6113226, 0.2445417, 0.3620659, 0
0.5838078, 0.1663171, 0.4819043, 0
0.6705421, 0.2711893, 0.2052717, 0
0.264889, 0.1678729, 0.3882849, 0
0.5555196, 0.1688487, 0.4093178, 0
0.2764256, 0.2223255, 0.3831404, 0
0.5547184, 0.2997583, 0.577501, 0
0.7498806, 0.2066205, 0.6690252, 0
0.3491979, 0.1861829, 0.215888, 0
0.2547828, 0.1654942, 0.6491125, 0
0.2259941, 0.1827943, 0.5437844, 0
0.6609238, 0.1884164, 0.2442947, 0
0.2406416, 0.2579798, 0.330631, 0
0.2558041, 0.2915317, 0.4583096, 0
0.3811133, 0.1630892, 0.5510925, 0
0.6483923, 0.2258828, 0.4709197, 0
0.2834385, 0.2173713, 0.6552296, 0
0.3784345, 0.2321199, 0.4831845, 0
0.3295982, 0.2140343, 0.2679779, 0
0.5010758, 0.2358464, 0.3543705, 0
0.6641195, 0.2276938, 0.2951684, 0
0.4702195, 0.2683497, 0.1929033, 0
0.3767239, 0.2433789, 0.5532135, 0
0.6439619, 0.2891798, 0.4455305, 0
0.5729966, 0.2550489, 0.5140035, 0
0.2217944, 0.1998197, 0.4718793, 0
0.6671959, 0.1929986, 0.3584711, 0
0.2883859, 0.1997091, 0.534928, 0
0.395017, 0.2442224, 0.4629266, 0
0.2135898, 0.2236204, 0.5134794, 0
0.6692612, 0.2888817, 0.5319474, 0
0.7691087, 0.1924002, 0.2800852, 0
0.4695106, 0.2066422, 0.2744981, 0
0.7066303, 0.2672808, 0.5010875, 0
0.798113, 0.2704583, 0.4826252, 0
0.3252581, 0.2957464, 0.3504284, 0
0.4789696, 0.2901447, 0.5170128, 0
0.3809597, 0.1679973, 0.2367393, 0
0.6763019, 0.1760381, 0.2120921, 0
0.5426424, 0.184695, 0.7000161, 0
0.5249258, 0.192792, 0.4440787, 0
0.6772836, 0.2358277, 0.228605, 0
0.4099405, 0.187711, 0.232727, 0
0.6186971, 0.2189802, 0.5100356, 0
0.6015229, 0.2407881, 0.5723093, 0
0.5234706, 0.2982863, 0.6206081, 0
0.6982169, 0.1774815, 0.6492893, 0
0.360252, 0.2136583, 0.1734218, 0
0.6986226, 0.2278667, 0.5059088, 0
0.488981, 0.2057224, 0.385298, 0
0.4362242, 0.2066548, 0.1523691, 0
0.3086585, 0.1929134, 0.227943, 0
0.8035606, 0.203828, 0.4443957, 0
0.4366376, 0.2438133, 0.7052749, 0
0.380512, 0.2104358, 0.4818833, 0
0.4900607, 0.2416257, 0.4634137, 0
0.702584, 0.2567894, 0.4268245, 0
0.6303229, 0.1877711, 0.4271708, 0
0.6648349, 0.2931004, 0.623292, 0
0.2670448, 0.1712392, 0.3548079, 0
0.5352741, 0.1625924, 0.781424, 0
0.568579, 0.2581694, 0.358678, 0
0.500901, 0.243183, 0.4176863, 0
0.4424358, 0.2275354, 0.2571971, 0
0.619736, 0.2391359, 0.1829802, 0
0.770563, 0.2418805, 0.3578169, 0
0.4612246, 0.2061652, 0.2942651, 0
0.7784967, 0.2639998, 0.509334, 0
0.2254703, 0.191926, 0.3949203, 0
0.5326545, 0.299931, 0.4479283, 0
0.7777284, 0.2048765, 0.6414293, 0
0.7766011, 0.1863596, 0.5116408, 0
0.4109044, 0.243061, 0.2110294, 0
0.5772526, 0.242625, 0.2484921, 0
0.5944051, 0.1957851, 0.1977598, 0
0.4366733, 0.234564, 0.7475027, 0
0.7904213, 0.2786694, 0.3983121, 0
0.7482361, 0.2001195, 0.6317359, 0
0.6498196, 0.1771847, 0.2427136, 0
0.5731201, 0.2273994, 0.1879498, 0
0.4108674, 0.245067, 0.3267017, 0
0.5645375, 0.1618981, 0.3541073, 0
0.6533165, 0.2110299, 0.523799, 0
0.4856815, 0.1951623, 0.6216218, 0
0.7230768, 0.170724, 0.4822963, 0
0.2309221, 0.2649949, 0.3324285, 0
0.446779, 0.2120512, 0.7784888, 0
0.2176245, 0.1966539, 0.6174757, 0
0.5832845, 0.1851763, 0.2372493, 0
0.4777222, 0.1572611, 0.4730771, 0
0.3247642, 0.2645533, 0.2740278, 0
0.5282396, 0.1658852, 0.4117772, 0
0.7814, 0.2312085, 0.2842235, 0
0.5797737, 0.2584633, 0.4540265, 0
0.7102847, 0.2933682, 0.536431, 0
0.5019693, 0.1674521, 0.4653015, 0
0.5632737, 0.1882931, 0.6441994, 0
0.7879715, 0.2349107, 0.4225763, 0
0.4129769, 0.2938962, 0.5751495, 0
0.8078792, 0.2115762, 0.3344308, 0
0.6363246, 0.2113119, 0.1882447, 0
0.6946703, 0.1915055, 0.5714477, 0
0.5187088, 0.2505702, 0.2777535, 0
0.5839106, 0.2031801, 0.2456824, 0
0.2979332, 0.1534961, 0.5581547, 0
0.4552726, 0.2207528, 0.3201601, 0
0.2610582, 0.2123954, 0.5545595, 0
0.2023109, 0.2699072, 0.4335984, 0
0.3660548, 0.299147, 0.5517567, 0
0.4942468, 0.2330443, 0.4084965, 0
0.5406406, 0.22896, 0.7237849, 0
0.5222104, 0.193915, 0.4990292, 0
0.684459, 0.2425281, 0.4315384, 0
0.7002343, 0.1797007, 0.6818421, 0
0.2333313, 0.2567403, 0.5833512, 0
0.3802031, 0.2118283, 0.2049238, 0
0.5099359, 0.1612042, 0.559473, 0
0.5473117, 0.2455859, 0.5757309, 0
0.2311837, 0.2831225, 0.451909, 0
0.3758688, 0.1872533, 0.4930703, 0
0.6405392, 0.1981242, 0.4418844, 0
0.6860527, 0.2778333, 0.3304186, 0
0.4535626, 0.1897261, 0.6298721, 0
0.80042, 0.1793018, 0.5145963, 0
0.2844016, 0.2569232, 0.3590231, 0
0.3798566, 0.2479194, 0.6814961, 0
0.7033217, 0.188109, 0.2241161, 0
0.5645188, 0.1777653, 0.78802, 0
0.5316106, 0.2409059, 0.4564434, 0
0.3002562, 0.166717, 0.4626012, 0
0.7353652, 0.2705617, 0.3928838, 0
0.5098049, 0.1690495, 0.2793675, 0
0.7242014, 0.1665925, 0.66944, 0
0.253113, 0.1600718, 0.3984968, 0
0.4709981, 0.2190835, 0.4564763, 0
0.6590405, 0.175759, 0.2065632, 0
0.2691287, 0.189759, 0.5206973, 0
0.3038203, 0.2249509, 0.5917208, 0
0.7397825, 0.2891644, 0.2963124, 0
0.3873364, 0.1771235, 0.5433547, 0
0.6019632, 0.1969068, 0.1798805, 0
0.4901888, 0.274933, 0.5084981, 0
0.3739003, 0.1903113, 0.6630258, 0
0.7757143, 0.2281855, 0.4591866, 0
0.5917422, 0.2379592, 0.4342484, 0
0.6977025, 0.2234001, 0.2881792, 0
0.7632769, 0.2239266, 0.4557849, 0
0.6358683, 0.2567473, 0.289131, 0
0.5529657, 0.1934575, 0.7800205, 0
0.6872715, 0.2866878, 0.6616778, 0
0.7037981, 0.1710617, 0.5575538, 0
0.2532426, 0.2135557, 0.2892277, 0
0.6538016, 0.2060609, 0.3493052, 0
0.3282129, 0.1711763, 0.3546442, 0
0.4194834, 0.1665754, 0.5165232, 0
0.4250854, 0.1623461, 0.5597742, 0
0.4032709, 0.159493, 0.4804999, 0
0.2520052, 0.2885133, 0.3804317, 0
0.682873, 0.2713099, 0.5336069, 0
0.8361976, 0.1949403, 0.5161119, 0
0.2594657, 0.1997562, 0.6591039, 0
0.4950188, 0.2945517, 0.6397399, 0
0.2329287, 0.2802344, 0.5209677, 0
0.5280639, 0.2778256, 0.5190516, 0
0.7605563, 0.1662744, 0.5063156, 0
0.2502406, 0.2712215, 0.3330079, 0
0.3238063, 0.2482355, 0.5353708, 0
0.694249, 0.2716276, 0.5174953, 0
0.7084245, 0.1762867, 0.35172, 0
0.644964, 0.2437869, 0.4565138, 0
0.4411718, 0.2831722, 0.2901721, 0
0.7159778, 0.3041936, 0.5413356, 0
0.5214691, 0.2167968, 0.3675936, 0
0.2674717, 0.2548358, 0.4314686, 0
0.6659006, 0.2346131, 0.3448618, 0
0.3179293, 0.206044, 0.496898, 0
0.5057186, 0.2321384, 0.5062183, 0
0.4163835, 0.271479, 0.4698681, 0
0.4613341, 0.2342542, 0.2310891, 0
0.3780499, 0.2774774, 0.4450254, 0
0.6455567, 0.2236024, 0.3416864, 0
0.5128989, 0.3026822, 0.5252007, 0
0.4726332, 0.2728229, 0.5626671, 0
0.4395747, 0.1834827, 0.4711002, 0
0.5702673, 0.1773479, 0.2036759, 0
0.592712, 0.1864114, 0.6535802, 0
0.4776485, 0.2636306, 0.6658158, 0
0.6687163, 0.2689284, 0.6408858, 0
0.2138243, 0.2185361, 0.4964431, 0
0.4001673, 0.1765284, 0.1895633, 0
0.5068462, 0.1625272, 0.4069826, 0
0.6864534, 0.1845088, 0.5183074, 0
0.6039225, 0.2266966, 0.2637335, 0
0.5330997, 0.1680727, 0.7771447, 0
0.6687385, 0.175475, 0.3987359, 0
0.4456935, 0.2138938, 0.6586622, 0
0.4691363, 0.2258876, 0.2952327, 0
0.3784898, 0.1840018, 0.2163886, 0
0.7668403, 0.3005624, 0.5108603, 0
0.4293906, 0.2393937, 0.7060288, 0
0.1994402, 0.2626927, 0.4127752, 0
0.4345279, 0.1972568, 0.6807132, 0
0.2960005, 0.2850621, 0.5585229, 0
0.552492, 0.2680703, 0.3117355, 0
0.4990967, 0.2195384, 0.3251404, 0
0.5894843, 0.2290849, 0.4361376, 0
0.4943745, 0.1579625, 0.6284169, 0
0.4333586, 0.223827, 0.2879668, 0
0.6090373, 0.2479406, 0.4541658, 0
0.2837715, 0.2931821, 0.5767802, 0
0.5684547, 0.2998237, 0.5252335, 0
0.7882211, 0.272821, 0.4794052, 0
0.4414777, 0.2032985, 0.3323159, 0
0.3467481, 0.2962326, 0.4894707, 0
0.6185517, 0.1808631, 0.5684882, 0
0.8183859, 0.2038586, 0.5539901, 0
0.6245853, 0.2321199, 0.4734449, 0
0.1977803, 0.1651305, 0.4848362, 0
0.311602, 0.1780849, 0.1804342, 0
0.5978983, 0.2730527, 0.331351, 0
0.6821948, 0.2958671, 0.6049688, 0
0.4929778, 0.2360957, 0.3920919, 0
0.6452278, 0.2154162, 0.3653916, 0
0.3832839, 0.1843932, 0.384232, 0
0.4459733, 0.2038026, 0.2975896, 0
0.7342725, 0.2477666, 0.2802619, 0
0.2891462, 0.1990493, 0.6057857, 0
0.6355008, 0.2083731, 0.7535872, 0
0.4650758, 0.2040144, 0.5443496, 0
0.5628916, 0.2775245, 0.4574253, 0
0.3250739, 0.2010379, 0.3360327, 0
0.7569791, 0.2391856, 0.4296235, 0
0.7393011, 0.2085254, 0.4543254, 0
0.2705038, 0.1758583, 0.6476204, 0
0.7313653, 0.2618993, 0.2689621, 0
0.5780299, 0.169491, 0.3271724, 0
0.4511643, 0.2033249, 0.1981086, 0
0.644336, 0.303092, 0.5107636, 0
0.7084341, 0.2047582, 0.3603337, 0
0.6817803, 0.183791, 0.446489, 0
0.5929662, 0.1516812, 0.5171756, 0
0.6426617, 0.229118, 0.4179922, 0
0.3921866, 0.225378, 0.1946037, 0
0.3016873, 0.2008339, 0.2549266, 0
0.4330295, 0.1582987, 0.5819396, 0
0.5435573, 0.2832791, 0.6652526, 0
0.3815098, 0.2943589, 0.51226, 0
0.7396829, 0.1992965, 0.6317177, 0
0.6558623, 0.2453466, 0.2712424, 0
0.4365276, 0.1950742, 0.7571416, 0
0.3470959, 0.3002072, 0.2975254, 0
0.7176312, 0.2575532, 0.4335686, 0
0.3448591, 0.2490143, 0.2049002, 0
0.6644918, 0.2886413, 0.6397359, 0
0.6625506, 0.2564578, 0.2642463, 0
0.3476786, 0.2021796, 0.6702324, 0
0.6192145, 0.2017231, 0.3070551, 0
0.5438878, 0.2558753, 0.14078, 0
0.6089943, 0.2131832, 0.1559454, 0
0.3897984, 0.2572793, 0.3082552, 0
0.4194823, 0.1928575, 0.575502, 0
0.6183724, 0.294165, 0.5213632, 0
0.502039, 0.2065787, 0.196905, 0
0.7449621, 0.2569406, 0.5433984, 0
0.6624151, 0.2669907, 0.533833, 0
0.4518244, 0.3021917, 0.3174515, 0
0.300945, 0.1793227, 0.4054315, 0
0.6585298, 0.2087521, 0.6284217, 0
0.6987746, 0.2033959, 0.5007588, 0
0.6407703, 0.2660235, 0.6952971, 0
0.3629398, 0.3002805, 0.3468114, 0
0.4185104, 0.1765744, 0.5907058, 0
0.4013064, 0.2392688, 0.2162752, 0
0.6916595, 0.2443109, 0.4694477, 0
0.4773633, 0.2530929, 0.6796915, 0
0.7564663, 0.2892824, 0.5013221, 0
0.6203246, 0.285641, 0.25, 0
0.4419793, 0.1840457, 0.7821819, 0
0.5918896, 0.2186062, 0.5740344, 0
0.6539477, 0.2929038, 0.3479218, 0
0.6450614, 0.2397187, 0.4610832, 0
0.557766, 0.2159848, 0.5230303, 0
0.7568112, 0.2768917, 0.5135016, 0
0.505495, 0.2573504, 0.7170117, 0
0.31346, 0.2861362, 0.4369637, 0
0.405595, 0.1987109, 0.5946624, 0
0.4493992, 0.3066865, 0.5934185, 0
0.179224, 0.1753432, 0.5557739, 0
0.2333448, 0.1824157, 0.4545746, 0
0.4487848, 0.2508249, 0.2724932, 0
0.7935787, 0.2267312, 0.604524, 0
0.2014648, 0.2044477, 0.4507816, 0
0.5087244, 0.2731669, 0.4524443, 0
0.776248, 0.2594604, 0.601563, 0
0.4657918, 0.2646787, 0.4698422, 0
0.4531754, 0.2802317, 0.7480906, 0
0.5550269, 0.1787684, 0.1626626, 0
0.4034103, 0.2131117, 0.1865336, 0
0.423385, 0.2292913, 0.5576388, 0
0.5315141, 0.2765058, 0.6895197, 0
0.7298594, 0.2259109, 0.3507261, 0
0.6117098, 0.1597564, 0.4677936, 0
0.6713277, 0.2502461, 0.6530586, 0
0.3911149, 0.1844256, 0.3357058, 0
0.5064298, 0.2322397, 0.1949882, 0
0.6497341, 0.2291391, 0.2375649, 0
0.2147025, 0.2102613, 0.2977252, 0
0.5723037, 0.1831844, 0.3210897, 0
0.6897027, 0.3022, 0.5219452, 0
0.3761758, 0.2971781, 0.4469591, 0
0.2820351, 0.265786, 0.5201936, 0
0.2599006, 0.1546374, 0.3922276, 0
0.5075939, 0.1928153, 0.6356372, 0
0.7038692, 0.1954285, 0.2156692, 0
0.3520131, 0.1791246, 0.5496619, 0
0.4619502, 0.2633908, 0.6476101, 0
0.5426579, 0.2673701, 0.7485683, 0
0.5675694, 0.236031, 0.5796335, 0
0.5979223, 0.2436442, 0.3881482, 0
0.3414291, 0.159497, 0.6639786, 0
0.6400203, 0.1673703, 0.7225505, 0
0.2382557, 0.2629522, 0.5112237, 0
0.6921269, 0.1607282, 0.5165536, 0
0.5371851, 0.2936181, 0.646071, 0
0.5793572, 0.199724, 0.1899339, 0
0.6838102, 0.1699618, 0.3114288, 0
0.6077459, 0.3052797, 0.6258175, 0
0.6758033, 0.1681404, 0.3599765, 0
0.5474042, 0.2011255, 0.305023, 0
0.6348402, 0.2965884, 0.4896483, 0
0.3901775, 0.2616556, 0.5126972, 0
0.4097098, 0.297449, 0.5801358, 0
0.2705264, 0.2259937, 0.3966151, 0
0.5520763, 0.280727, 0.2758028, 0
0.4828919, 0.1555296, 0.625928, 0
0.58965, 0.187095, 0.1852553, 0
0.3945794, 0.30145, 0.5654052, 0
0.2028472, 0.2475495, 0.5315951, 0
0.2615532, 0.2423938, 0.4412103, 0
0.3853763, 0.1607709, 0.417975, 0
0.4085275, 0.1607489, 0.5226256, 0
0.5541298, 0.1551122, 0.7101602, 0
0.8098063, 0.1809643, 0.3788857, 0
0.5480509, 0.296493, 0.6706351, 0
0.6435482, 0.2694315, 0.2356222, 0
0.4751935, 0.2604202, 0.1635765, 0
0.784746, 0.2420906, 0.4150702, 0
0.4923395, 0.2481971, 0.2272301, 0
0.402884, 0.2093448, 0.3361753, 0
0.6182328, 0.2411571, 0.669328, 0
0.4574249, 0.1788263, 0.514627, 0
0.6924952, 0.2754569, 0.3013037, 0
0.4973954, 0.2473225, 0.6586726, 0
0.6656119, 0.2625639, 0.3233465, 0
0.5290802, 0.2266695, 0.7640235, 0
0.7768751, 0.1709049, 0.2899347, 0
0.4989842, 0.1656469, 0.1981723, 0
0.5775629, 0.1872402, 0.1745777, 0
0.2952988, 0.2717732, 0.6624603, 0
0.4019541, 0.2749394, 0.724354, 0
0.32672, 0.1734334, 0.4407288, 0
0.3300937, 0.2044928, 0.7104065, 0
0.284427, 0.1700194, 0.600989, 0
0.7329661, 0.2850434, 0.5103921, 0
0.4006435, 0.2908722, 0.4751397, 0
0.5907869, 0.1758197, 0.1776459, 0
0.3663867, 0.2182001, 0.5696204, 0
0.5365862, 0.2080853, 0.5083988, 0
0.4291198, 0.2929597, 0.6523545, 0
0.2442056, 0.1998411, 0.5393127, 0
0.2803905, 0.2762381, 0.641975, 0
0.7630752, 0.175469, 0.4241899, 0
0.4906244, 0.2733199, 0.5320529, 0
0.6818905, 0.287944, 0.6777711, 0
0.3316698, 0.1514279, 0.5105544, 0
0.7217385, 0.2973226, 0.3996472, 0
0.5126218, 0.2604918, 0.1715287, 0
0.3700808, 0.2810243, 0.6608691, 0
0.3964836, 0.2580323, 0.3160909, 0
0.8312742, 0.1931209, 0.339179, 0
0.5134376, 0.3023659, 0.3013436, 0
0.3431195, 0.2716038, 0.2924535, 0
0.670808, 0.2228228, 0.6938013, 0
0.703797, 0.1941323, 0.5248113, 0
0.5338538, 0.1796838, 0.2935702, 0
0.2105503, 0.2159977, 0.5508279, 0
0.3033599, 0.2204856, 0.2297277, 0
0.7138277, 0.2027391, 0.6318848, 0
0.2669875, 0.1689529, 0.4098716, 0
0.6767853, 0.270333, 0.5551615, 0
0.2002743, 0.2015374, 0.3717482, 0
0.4458649, 0.1724705, 0.3178915, 0
0.7463086, 0.18361, 0.3575404, 0
0.2430839, 0.1934843, 0.4815578, 0
0.2440949, 0.2870816, 0.4803706, 0
0.4209768, 0.2194818, 0.2018073, 0
0.770431, 0.169137, 0.6477967, 0
0.4011289, 0.2243424, 0.1981957, 0
0.3884481, 0.2599137, 0.2541306, 0
0.5427796, 0.2168807, 0.1377311, 0
0.3115888, 0.2862944, 0.6194733, 0
0.4050268, 0.1866254, 0.5925875, 0
0.5409594, 0.3058011, 0.5971861, 0
0.6560882, 0.2979019, 0.6778355, 0
0.4788822, 0.291297, 0.3404331, 0
0.4276027, 0.188247, 0.1761895, 0
0.4640651, 0.2769712, 0.3822213, 0
0.2057989, 0.2731067, 0.4894659, 0
0.2898504, 0.1910517, 0.4062291, 0
0.4570899, 0.2031461, 0.4262515, 0
0.57655, 0.2690757, 0.3778872, 0
0.5197793, 0.3046608, 0.5955129, 0
0.2992948, 0.175861, 0.1869258, 0
0.3957381, 0.2662209, 0.5432833, 0
0.2614619, 0.219715, 0.4151603, 0
0.4712981, 0.2969485, 0.5935825, 0
0.7716785, 0.2909482, 0.5103605, 0
0.7972846, 0.1786996, 0.559059, 0
0.6172822, 0.230119, 0.386746, 0
0.4842225, 0.2022215, 0.1958785, 0
0.4535471, 0.2492076, 0.3572339, 0
0.3572418, 0.2464925, 0.6315001, 0
0.4809241, 0.1746557, 0.6888021, 0
0.5066259, 0.2218709, 0.704824, 0
0.2303532, 0.2390148, 0.562407, 0
0.2745293, 0.2152372, 0.5371591, 0
0.2719561, 0.1989718, 0.518234, 0
0.6095173, 0.1629268, 0.4052609, 0
0.7331387, 0.2785141, 0.4718955, 0
0.4228072, 0.2076944, 0.5993502, 0
0.3581151, 0.1623455, 0.3675602, 0
0.4085218, 0.2422715, 0.7508043, 0
0.407936, 0.2788017, 0.4281554, 0
0.344071, 0.233179, 0.3932067, 0
0.5502574, 0.1716633, 0.4280152, 0
0.2921186, 0.2429606, 0.6854051, 0
0.6420752, 0.2879658, 0.3108717, 0
0.4580889, 0.250138, 0.2055337, 0
0.4856175, 0.2808289, 0.7111978, 0
0.7668202, 0.2246712, 0.6047634, 0
0.6236256, 0.2445012, 0.6235566, 0
0.5941012, 0.2812032, 0.2139473, 0
0.3839742, 0.1911458, 0.300097, 0
0.3295816, 0.2030529, 0.4000309, 0
0.3820898, 0.1888645, 0.1996432, 0
0.6046687, 0.3014065, 0.5642427, 0
0.2991776, 0.2583328, 0.3105553, 0
0.5493786, 0.1750631, 0.5498292, 0
0.8354281, 0.2124993, 0.3936936, 0
0.3060979, 0.2877669, 0.6499125, 0
0.2541655, 0.1708273, 0.6408192, 0
0.5565093, 0.2516659, 0.1448661, 0
0.418827, 0.1951852, 0.7243373, 0
0.8023841, 0.1672993, 0.462024, 0
0.6542879, 0.2064694, 0.5636964, 0
0.637673, 0.1691231, 0.3330593, 0
0.6621719, 0.1635646, 0.290276, 0
0.2362094, 0.2813655, 0.5261695, 0
0.8319044, 0.1842584, 0.524052, 0
0.2785852, 0.2411211, 0.6403064, 0
0.4350665, 0.2397972, 0.2642194, 0
0.6227416, 0.3030937, 0.4476626, 0
0.5505439, 0.236751, 0.4146186, 0
0.5510573, 0.236724, 0.6868176, 0
0.2853966, 0.2845237, 0.3128949, 0
0.6931589, 0.1953395, 0.3473657, 0
0.6194852, 0.1680383, 0.4753072, 0
0.3133452, 0.2711436, 0.2880642, 0
0.4701905, 0.2224998, 0.1239755, 0
0.2443048, 0.1827172, 0.3044956, 0
0.5727282, 0.2201138, 0.4267088, 0
0.2384523, 0.2265737, 0.5732644, 0
0.4459242, 0.1878241, 0.2153849, 0
0.6020957, 0.191178, 0.6103337, 0
0.2081157, 0.2649819, 0.3926181, 0
0.1894399, 0.245914, 0.4133433, 0
0.4424594, 0.2557545, 0.7048749, 0
0.579372, 0.1957172, 0.3592298, 0
0.6461689, 0.2837894, 0.3960288, 0
0.6675068, 0.2079489, 0.3517719, 0
0.5733658, 0.2733501, 0.5902256, 0
0.6794098, 0.3017071, 0.5962133, 0
0.2416997, 0.2272167, 0.4163661, 0
0.3540715, 0.1944013, 0.3802853, 0
0.6618546, 0.2174882, 0.7463518, 0
0.5271077, 0.289615, 0.532092, 0
0.4594237, 0.198229, 0.1470034, 0
0.3019351, 0.227374, 0.6866983, 0
0.7718279, 0.2268178, 0.5442672, 0
0.7176389, 0.3060337, 0.5346822, 0
0.6974534, 0.2041795, 0.6466795, 0
0.3815701, 0.2013615, 0.2836429, 0
0.5447579, 0.1898835, 0.5627643, 0
0.2197337, 0.2768906, 0.5278131, 0
0.3494945, 0.258354, 0.3198291, 0
0.2447728, 0.1818575, 0.4622616, 0
0.6118633, 0.1606072, 0.4433349, 0
0.3197935, 0.2576191, 0.5241933, 0
0.4278412, 0.3096868, 0.6160068, 0
0.3111516, 0.1732372, 0.720769, 0
0.276632, 0.23925, 0.3649815, 0
0.5365287, 0.1856475, 0.5882282, 0
0.3961183, 0.2520321, 0.5487023, 0
0.7200717, 0.2311728, 0.384794, 0
0.5350148, 0.281729, 0.3448583, 0
0.3664107, 0.1802259, 0.1888899, 0
0.5891741, 0.265417, 0.6623701, 0
0.6611966, 0.1562, 0.555707, 0
0.3911985, 0.2700854, 0.2254374, 0
0.641087, 0.2404529, 0.5825672, 0
0.5774784, 0.2123366, 0.4816578, 0
0.4374325, 0.2713827, 0.5813212, 0
0.4786635, 0.2319856, 0.7155894, 0
0.4998129, 0.2860697, 0.307584, 0
0.3044955, 0.1850324, 0.3128435, 0
0.6099979, 0.1782423, 0.4274781, 0
0.4206073, 0.2434652, 0.3590732, 0
0.8007442, 0.2193737, 0.5070216, 0
0.3523977, 0.2572255, 0.6015689, 0
0.3868352, 0.17116, 0.5064706, 0
0.6736116, 0.2882482, 0.657746, 0
0.2092582, 0.1751635, 0.552685, 0
0.3326839, 0.1917486, 0.176753, 0
0.3628206, 0.2068622, 0.6137529, 0
0.658733, 0.1559862, 0.4406903, 0
0.296248, 0.232737, 0.5306529, 0
0.2106443, 0.27064, 0.4226181, 0
0.5545422, 0.238266, 0.7519236, 0
0.2597171, 0.2572581, 0.3066607, 0
0.7035088, 0.1834464, 0.5907745, 0
0.5396674, 0.1863874, 0.714547, 0
0.4445457, 0.2288863, 0.6616029, 0
0.2936842, 0.2951094, 0.4581506, 0
0.5640922, 0.2013462, 0.6540933, 0
0.2798537, 0.2303368, 0.2965096, 0
0.5923655, 0.2420329, 0.7528328, 0
0.2068787, 0.2072712, 0.3300037, 0
0.6180771, 0.1863816, 0.618261, 0
0.7044014, 0.2327456, 0.2798403, 0
0.5971029, 0.2207545, 0.5543288, 0
0.7674445, 0.2870536, 0.3147607, 0
0.500574, 0.1810792, 0.5940173, 0
0.4495373, 0.2676767, 0.1561443, 0
0.6084214, 0.1786085, 0.4991789, 0
0.4918024, 0.2061489, 0.6340235, 0
0.4542587, 0.2405304, 0.5960326, 0
0.3055928, 0.1989726, 0.5611408, 0
0.5751415, 0.1876299, 0.584955, 0
0.5626437, 0.192555, 0.4568819, 0
0.7126663, 0.2749619, 0.5900684, 0
0.4638698, 0.1675585, 0.6745028, 0
0.7631675, 0.196144, 0.3615742, 0
0.4818608, 0.3007092, 0.5546329, 0
0.3190508, 0.1958423, 0.6235372, 0
0.5151554, 0.2403577, 0.7638411, 0
0.6123846, 0.1677175, 0.3184596, 0
0.4525819, 0.1922164, 0.2001517, 0
0.631567, 0.2027953, 0.7476362, 0
0.5227312, 0.2704858, 0.1708679, 0
0.6560211, 0.220295, 0.5373216, 0
0.3518483, 0.1819758, 0.349911, 0
0.3052601, 0.2798009, 0.5629647, 0
0.7997424, 0.2369331, 0.394339, 0
0.3384145, 0.2419484, 0.3151058, 0
0.6389748, 0.2688024, 0.3409395, 0
0.6547209, 0.2093977, 0.2871793, 0
0.4307654, 0.1737909, 0.2615905, 0
0.500138, 0.223151, 0.2611411, 0
0.3515591, 0.1593512, 0.3335052, 0
0.7456446, 0.2207676, 0.2336693, 0
0.5733101, 0.2668987, 0.4845931, 0
0.5189685, 0.1806988, 0.1155938, 0
0.7102373, 0.1718811, 0.4017616, 0
0.6209539, 0.2893085, 0.3935433, 0
0.521342, 0.1692015, 0.2103508, 0
0.7191391, 0.2140121, 0.6267071, 0
0.3909675, 0.1901744, 0.1253092, 0
0.3273586, 0.2376963, 0.6060423, 0
0.4045913, 0.2135715, 0.4801923, 0
0.6486716, 0.2737879, 0.5768126, 0
0.5304441, 0.2183404, 0.243541, 0
0.7264735, 0.18748, 0.5062208, 0
0.2781776, 0.2017701, 0.4154575, 0
0.4367665, 0.2653918, 0.7475187, 0
0.6903124, 0.303019, 0.2819, 0
0.7872257, 0.2367613, 0.3999608, 0
0.4817182, 0.1759207, 0.5527838, 0
0.5133373, 0.232673, 0.2321453, 0
0.3057553, 0.2267874, 0.6761999, 0
0.3723404, 0.2302151, 0.4827132, 0
0.4658196, 0.1841473, 0.7261017, 0
0.7930409, 0.28665, 0.4085141, 0
0.5240346, 0.1718761, 0.1203649, 0
0.391044, 0.2762625, 0.2351595, 0
0.4631396, 0.2364175, 0.7546747, 0
0.7491146, 0.2300905, 0.5542639, 0
0.4474558, 0.2229425, 0.6858748, 0
0.6209031, 0.2316464, 0.306602, 0
0.4303242, 0.2678243, 0.2065998, 0
0.6771156, 0.2113111, 0.3091066, 0
0.7708133, 0.1908671, 0.2364406, 0
0.5558711, 0.2197795, 0.410812, 0
0.2211242, 0.2123544, 0.4459168, 0
0.3907536, 0.1987612, 0.1909508, 0
0.6724119, 0.2840605, 0.3098826, 0
0.3801762, 0.1944889, 0.2479066, 0
0.4320208, 0.1971487, 0.4923116, 0
0.4956449, 0.2972962, 0.6100435, 0
0.5155346, 0.3001813, 0.5279272, 0
0.3335573, 0.2557716, 0.7021176, 0
0.7614699, 0.2150426, 0.5517928, 0
0.5958262, 0.2270774, 0.4441947, 0
0.4011571, 0.2678222, 0.3204097, 0
0.4511026, 0.2377651, 0.7685788, 0
0.7784222, 0.1947839, 0.5390402, 0
0.5729382, 0.1567992, 0.6306133, 0
0.610068, 0.236463, 0.619318, 0
0.3844757, 0.2855897, 0.5686553, 0
0.5911329, 0.2603757, 0.2490316, 0
0.3809693, 0.2628675, 0.3966118, 0
0.3882704, 0.2068918, 0.7529295, 0
0.6699102, 0.2838573, 0.5247623, 0
0.2581333, 0.2872734, 0.5261247, 0
0.5086886, 0.1992481, 0.6791712, 0
0.5370007, 0.1579915, 0.6257925, 0
0.3905674, 0.2582696, 0.312535, 0
0.4003809, 0.206676, 0.19943, 0
0.5361806, 0.178992, 0.6229759, 0
0.6026067, 0.2298193, 0.2044025, 0
0.6258743, 0.1619174, 0.6843069, 0
0.4282231, 0.1738903, 0.4542023, 0
0.5465922, 0.2228355, 0.6221489, 0
0.7587931, 0.3063281, 0.478573, 0
0.3210904, 0.2320508, 0.2781999, 0
0.4038262, 0.2386986, 0.3839156, 0
0.6639987, 0.2231846, 0.2423436, 0
0.6059073, 0.2403245, 0.6695246, 0
0.4515248, 0.1962717, 0.5779367, 0
0.4274077, 0.1697889, 0.496862, 0
0.3810069, 0.1754391, 0.3289624, 0
0.5608017, 0.2026902, 0.7566466, 0
0.5203751, 0.2621468, 0.3181358, 0
0.4212176, 0.2027659, 0.6292297, 0
0.2367695, 0.1651079, 0.3607453, 0
0.6150958, 0.2608191, 0.7082067, 0
0.6943869, 0.234447, 0.4339087, 0
0.3177857, 0.2565688, 0.5258799, 0
0.6197631, 0.2232487, 0.6253889, 0
0.6393465, 0.1676234, 0.7526622, 0
0.5785075, 0.2719592, 0.2024092, 0
0.3177448, 0.1687767, 0.6296644, 0
0.5337171, 0.1852476, 0.5994356, 0
0.6676216, 0.2128266, 0.301046, 0
0.4660076, 0.1715201, 0.7921931, 0
0.7098415, 0.2194886, 0.2571454, 0
0.7785587, 0.1688025, 0.5904908, 0
0.4791562, 0.264964, 0.1759791, 0
0.5736408, 0.2653078, 0.6300362, 0
0.7558089, 0.1580546, 0.4259445, 0
0.3059054, 0.2248349, 0.6309502, 0
0.5441827, 0.2915724, 0.6027334, 0
0.4263185, 0.2662798, 0.5488043, 0
0.5382779, 0.1832091, 0.7905406, 0
0.3171933, 0.1664404, 0.4347046, 0
0.4105211, 0.1811493, 0.1697154, 0
0.5986985, 0.2635242, 0.4052969, 0
0.2066731, 0.2268647, 0.460692, 0
0.6356238, 0.2017783, 0.4937939, 0
0.5546947, 0.2234226, 0.6822145, 0
0.3506786, 0.2458598, 0.4944561, 0
0.4517775, 0.229522, 0.7012091, 0
0.7029511, 0.2409264, 0.2860817, 0
0.2815905, 0.2650436, 0.6160332, 0
0.7146103, 0.305672, 0.4867549, 0
0.6926909, 0.1981601, 0.5918982, 0
0.7888857, 0.2944462, 0.3890837, 0
0.4435367, 0.1561986, 0.7087702, 0
0.4707314, 0.2611293, 0.2011271, 0
0.7251385, 0.3037149, 0.5303738, 0
0.3962589, 0.1893025, 0.6920789, 0
0.3988865, 0.2494376, 0.3880251, 0
0.5373231, 0.237184, 0.7417272, 0
0.2001013, 0.2131814, 0.3615474, 0
0.262168, 0.2216783, 0.3562747, 0
0.3167266, 0.2200401, 0.3113543, 0
0.5831482, 0.2727593, 0.3774379, 0
0.2936573, 0.2315081, 0.6710625, 0
0.3529119, 0.200739, 0.5807592, 0
0.5850288, 0.271814, 0.1887917, 0
0.7438881, 0.2346213, 0.2482522, 0
0.3485684, 0.2111064, 0.3338609, 0
0.2517421, 0.1988148, 0.6227585, 0
0.3874869, 0.1544278, 0.7374185, 0
0.7681404, 0.247409, 0.495849, 0
0.3539614, 0.1611942, 0.6860073, 0
0.671392, 0.3026055, 0.6199058, 0
0.3266813, 0.2894442, 0.2927087, 0
0.3758305, 0.2451077, 0.4547943, 0
0.1983768, 0.2516623, 0.4587852, 0
0.4490006, 0.1836417, 0.4007595, 0
0.6409584, 0.1968356, 0.1557898, 0
0.3841286, 0.2641613, 0.4998091, 0
0.6881034, 0.1801775, 0.4834101, 0
0.2449495, 0.1588717, 0.4222562, 0
0.497386, 0.2284049, 0.7030898, 0
0.6950377, 0.3082863, 0.324127, 0
0.4339461, 0.1674753, 0.3246309, 0
0.4454093, 0.183195, 0.1466696, 0
0.4154516, 0.2443009, 0.6054512, 0
0.5657054, 0.2063623, 0.1996838, 0
0.3727345, 0.2914316, 0.6730897, 0
0.5462764, 0.2312274, 0.1515608, 0
0.395923, 0.213543, 0.3156747, 0
0.3754599, 0.1774719, 0.1435359, 0
0.584655, 0.240804, 0.4224089, 0
0.448833, 0.2630421, 0.2604436, 0
0.5744181, 0.232077, 0.2576796, 0
0.4317347, 0.1736354, 0.4040729, 0
0.2798875, 0.1671099, 0.4004114, 0
0.6989934, 0.1707049, 0.7228435, 0
0.496618, 0.2056544, 0.550472, 0
0.415371, 0.223191, 0.5932428, 0
0.528827, 0.2686853, 0.2768839, 0
0.3356541, 0.3039287, 0.3590781, 0
0.6932777, 0.1734667, 0.7366285, 0
0.7417689, 0.2166007, 0.5002816, 0
0.513472, 0.2944917, 0.3015116, 0
0.5376509, 0.1710869, 0.706015, 0
0.5243441, 0.2019978, 0.4251375, 0
0.5135565, 0.2360468, 0.4952552, 0
0.7039774, 0.2088016, 0.5260573, 0
0.3714353, 0.1851661, 0.2305788, 0
0.4133073, 0.2138064, 0.5155266, 0
0.6907843, 0.2621323, 0.4461371, 0
0.7655928, 0.2638237, 0.2852844, 0
0.6487444, 0.2142965, 0.2621182, 0
0.3764877, 0.2363111, 0.7212421, 0
0.5894032, 0.1827888, 0.2413008, 0
0.2713742, 0.2314603, 0.5848124, 0
0.4111408, 0.1865921, 0.4607051, 0
0.7192526, 0.1705621, 0.3834296, 0
0.7067417, 0.2220837, 0.5137077, 0
0.4356181, 0.2663588, 0.6326929, 0
0.573947, 0.1822799, 0.2420108, 0
0.5373556, 0.1885312, 0.5337415, 0
0.4436575, 0.1627026, 0.59817, 0
0.4083363, 0.1810917, 0.3812247, 0
0.3507532, 0.1675027, 0.4712968, 0
0.5450204, 0.2551835, 0.6196951, 0
0.5294954, 0.184388, 0.7903054, 0
0.2211093, 0.2307178, 0.4157656, 0
0.3683266, 0.2399531, 0.6801454, 0
0.3162107, 0.2179187, 0.4494018, 0
0.2841901, 0.2223273, 0.4806377, 0
0.7766818, 0.2303983, 0.61601, 0
0.6822792, 0.2132345, 0.3248913, 0
0.7973517, 0.2422958, 0.4896796, 0
0.3704323, 0.2707098, 0.2328701, 0
0.4445686, 0.2851445, 0.3376648, 0
0.253714, 0.1721585, 0.4382771, 0
0.3827265, 0.2010131, 0.1564967, 0
0.506617, 0.2287173, 0.5368087, 0
0.7166846, 0.1716702, 0.52481, 0
0.5536782, 0.2756368, 0.6408995, 0
0.2941832, 0.2584289, 0.6341575, 0
0.734829, 0.201304, 0.524825, 0
0.8101127, 0.2320025, 0.3663711, 0
0.5125238, 0.1569426, 0.7078918, 0
0.3343397, 0.1633135, 0.6639558, 0
0.711416, 0.2835966, 0.6223794, 0
0.2967424, 0.2484054, 0.3297376, 0
0.3620726, 0.1816413, 0.6064832, 0
0.1998704, 0.2263889, 0.5187764, 0
0.8298544, 0.1886224, 0.5042636, 0
0.4076863, 0.2617861, 0.658581, 0
0.5179746, 0.2884383, 0.6149086, 0
0.3666853, 0.2714914, 0.5692956, 0
0.6453467, 0.1948253, 0.5865672, 0
0.398508, 0.1984966, 0.6983497, 0
0.5538035, 0.2899527, 0.2203841, 0
0.4959984, 0.1656326, 0.4086349, 0
0.3985246, 0.2229777, 0.2682418, 0
0.5307691, 0.2899284, 0.4005672, 0
0.6696404, 0.2688456, 0.5624887, 0
0.4060028, 0.2693576, 0.2601354, 0
0.1894989, 0.2078604, 0.4894578, 0
0.741349, 0.1712427, 0.4855295, 0
0.4737718, 0.2726688, 0.4398829, 0
0.4762558, 0.2293259, 0.2215469, 0
0.5061679, 0.2553511, 0.356071, 0
0.5228894, 0.2116888, 0.6255786, 0
0.4897393, 0.2984668, 0.3359488, 0
0.4805792, 0.2931207, 0.6911969, 0
0.5550648, 0.2625228, 0.5756395, 0
0.3135984, 0.1896721, 0.2018347, 0
0.455412, 0.2503249, 0.331388, 0
0.61043, 0.30195, 0.23975, 0
0.6881394, 0.2671885, 0.4302268, 0
0.1953536, 0.2169366, 0.4519139, 0
0.7278357, 0.2393011, 0.5718301, 0
0.7108877, 0.2208612, 0.2879708, 0
0.3888991, 0.2148212, 0.2432386, 0
0.5417546, 0.1598319, 0.4674498, 0
0.6497027, 0.296337, 0.4998004, 0
0.337017, 0.2387692, 0.4638154, 0
0.622053, 0.2490737, 0.4697179, 0
0.4353733, 0.1837837, 0.575233, 0
0.5445209, 0.1652158, 0.3150437, 0
0.5271136, 0.226674, 0.4001447, 0
0.7243515, 0.1543036, 0.4245844, 0
0.5874643, 0.1739071, 0.4553443, 0
0.5138963, 0.2969776, 0.4885934, 0
0.1800758, 0.2009407, 0.4999849, 0
0.6593158, 0.1703103, 0.4243874, 0
0.6451127, 0.1620196, 0.2679725, 0
0.3326479, 0.2943822, 0.6214327, 0
0.5851958, 0.2354809, 0.5849193, 0
0.7838198, 0.1681757, 0.639897, 0
0.7546725, 0.2839045, 0.4559106, 0
0.4229886, 0.2294931, 0.388415, 0
0.6299488, 0.26995, 0.5481815, 0
0.690069, 0.1679072, 0.5482653, 0
0.3760915, 0.1766285, 0.554521, 0
0.3989729, 0.2946486, 0.3994864, 0
0.508266, 0.2158095, 0.2625875, 0
0.4914403, 0.2410167, 0.1424873, 0
0.2075927, 0.2348304, 0.427947, 0
0.5130173, 0.2953893, 0.5211648, 0
0.438935, 0.1649774, 0.305566, 0
0.4485892, 0.2341656, 0.5626169, 0
0.428366, 0.2968017, 0.3422653, 0
0.5891779, 0.2063929, 0.232144, 0
0.5325864, 0.1634413, 0.1460531, 0
0.625347, 0.2514371, 0.6699052, 0
0.3470113, 0.2364652, 0.3150856, 0
0.7233904, 0.2638265, 0.5547677, 0
0.6277031, 0.2377808, 0.5315316, 0
0.587805, 0.1813574, 0.493584, 0
0.3812999, 0.2773888, 0.2847217, 0
0.5790092, 0.2631674, 0.334798, 0
0.3651221, 0.2442901, 0.3811012, 0
0.4356604, 0.2380586, 0.4267977, 0
0.5347656, 0.1883124, 0.7903834, 0
0.5632988, 0.172256, 0.4512106, 0
0.3339996, 0.1901109, 0.2886824, 0
0.4440514, 0.2074705, 0.4966539, 0
0.1876297, 0.196358, 0.5283045, 0
0.7983307, 0.1861544, 0.2408775, 0
0.3726872, 0.2157124, 0.3820949, 0
0.2863063, 0.2220075, 0.323587, 0
0.261881, 0.1685032, 0.5908874, 0
0.6145854, 0.2869284, 0.5197795, 0
0.5653802, 0.1693173, 0.5715602, 0
0.365321, 0.2870786, 0.3631499, 0
0.7364474, 0.2618117, 0.2733833, 0
0.286929, 0.2276466, 0.4681515, 0
0.5894287, 0.2078143, 0.4945318, 0
0.7405611, 0.2383375, 0.4143386, 0
0.528217, 0.156059, 0.5174931, 0
0.340057, 0.2629699, 0.3510863, 0
0.4555526, 0.1455571, 0.4114078, 0
0.1760931, 0.1832396, 0.5712236, 0
0.460097, 0.196924, 0.2408094, 0
0.6513388, 0.1806759, 0.2534231, 0
0.4270151, 0.1731838, 0.1840919, 0
0.6791145, 0.2464499, 0.4931203, 0
0.3358672, 0.2261266, 0.4437203, 0
0.7566254, 0.2729311, 0.5090851, 0
0.5977386, 0.2018749, 0.2522565, 0
0.1782572, 0.169341, 0.5232922, 0
0.2277296, 0.1858914, 0.5627957, 0
0.3099225, 0.1666971, 0.5172071, 0
0.6067227, 0.2318074, 0.2719622, 0
0.4106649, 0.2339911, 0.3189471, 0
0.7886949, 0.2548614, 0.4194822, 0
0.4969288, 0.1763188, 0.2477454, 0
0.4858741, 0.2608777, 0.6769708, 0
0.8137798, 0.1829488, 0.555878, 0
0.5290283, 0.2973924, 0.5581164, 0
0.7161196, 0.2518069, 0.5773068, 0
0.5052932, 0.1668284, 0.7799768, 0
0.7413654, 0.3036135, 0.5649073, 0
0.3295383, 0.2348035, 0.404477, 0
0.478696, 0.1585151, 0.5144481, 0
0.7208865, 0.2187194, 0.2597097, 0
0.6913179, 0.2633099, 0.2729473, 0
0.6366485, 0.2289328, 0.2272699, 0
0.6736046, 0.1699274, 0.3386227, 0
0.7386965, 0.1575966, 0.5009308, 0
0.4410089, 0.1953325, 0.4601966, 0
0.4024631, 0.2132906, 0.3256187, 0
0.8034843, 0.1715761, 0.3680638, 0
0.2448581, 0.1838757, 0.4642361, 0
0.5479892, 0.2342247, 0.6175606, 0
0.8158922, 0.1799883, 0.4128962, 0
0.3005521, 0.2119973, 0.3713315, 0
0.6396895, 0.1934678, 0.2797642, 0
0.5945141, 0.2153246, 0.702472, 0
0.5604705, 0.2048805, 0.3181886, 0
0.6666433, 0.2031171, 0.6779656, 0
0.3554325, 0.2336579, 0.440771, 0
0.3643902, 0.249658, 0.5246694, 0
0.5048596, 0.2532108, 0.4375216, 0
0.7100424, 0.2981186, 0.3943779, 0
0.6617385, 0.1849831, 0.5465974, 0
0.684469, 0.264521, 0.4888751, 0
0.5305234, 0.2524951, 0.2845718, 0
0.840223, 0.1988815, 0.4939058, 0
0.7170283, 0.2292065, 0.3812471, 0
0.7721031, 0.2349946, 0.365201, 0
0.6250069, 0.2110797, 0.4241372, 0
0.5078249, 0.2383879, 0.1961325, 0
0.5729945, 0.2213559, 0.7339321, 0
0.4535291, 0.2668262, 0.3972966, 0
0.365594, 0.2188713, 0.6048742, 0
0.3989964, 0.2243055, 0.4590065, 0
0.4494009, 0.2313924, 0.3602553, 0
0.4065971, 0.2017372, 0.7199622, 0
0.4247575, 0.1666417, 0.7062207, 0
0.6541628, 0.1933957, 0.3320809, 0
0.6321387, 0.2104486, 0.3262769, 0
0.4148208, 0.1899614, 0.4026341, 0
0.5953103, 0.2168785, 0.2225119, 0
0.2979143, 0.1878622, 0.291836, 0
0.3951686, 0.1550297, 0.6586016, 0
0.6691631, 0.2652925, 0.2000255, 0
0.6657447, 0.1723732, 0.7493098, 0
0.3361887, 0.2622255, 0.5561071, 0
0.2747694, 0.2789556, 0.4322143, 0
0.520605, 0.1763607, 0.7181661, 0
0.4104412, 0.1710925, 0.1907299, 0
0.533768, 0.1792855, 0.3281749, 0
0.6354997, 0.170746, 0.2998273, 0
0.2988499, 0.1591954, 0.6275846, 0
0.5376472, 0.284997, 0.2352074, 0
0.3306231, 0.1821498, 0.5065668, 0
0.5116619, 0.160817, 0.5371507, 0
0.6931479, 0.1966592, 0.420693, 0
0.5680952, 0.1990414, 0.722837, 0
0.2774747, 0.2056368, 0.3184306, 0
0.7191739, 0.2781434, 0.3677713, 0
0.2055719, 0.1609163, 0.4787882, 0
0.4815919, 0.1619882, 0.458391, 0
0.8034896, 0.2129553, 0.4142306, 0
0.6802207, 0.179527, 0.7348491, 0
0.3938657, 0.2439483, 0.3784128, 0
0.5235062, 0.1904492, 0.732374, 0
0.497996, 0.2111277, 0.5810039, 0
0.6392026, 0.2770896, 0.3712436, 0
0.4273598, 0.2619584, 0.2448302, 0
0.337685, 0.3035996, 0.5532994, 0
0.7617978, 0.238223, 0.3670016, 0
0.342742, 0.2765097, 0.6706422, 0
0.3855126, 0.234087, 0.7279943, 0
0.4842081, 0.2843712, 0.1790275, 0
0.4880889, 0.1687238, 0.6513788, 0
0.2379222, 0.2290527, 0.3059046, 0
0.458005, 0.2155994, 0.1977617, 0
0.6196159, 0.2400253, 0.4849744, 0
0.3965738, 0.2623131, 0.2795307, 0
0.6565886, 0.2945982, 0.3002302, 0
0.6554846, 0.1896504, 0.4810489, 0
0.3342746, 0.2352387, 0.2819325, 0
0.5918552, 0.1968706, 0.3733446, 0
0.5564446, 0.2342523, 0.6027838, 0
0.3620763, 0.2257164, 0.704817, 0
0.5384168, 0.1977597, 0.332508, 0
0.4728425, 0.2467953, 0.1415188, 0
0.4675967, 0.2553736, 0.1707278, 0
0.3095865, 0.1860642, 0.4134244, 0
0.5572822, 0.2427508, 0.3634455, 0
0.4647723, 0.1894863, 0.7512971, 0
0.3040357, 0.2958134, 0.3652342, 0
0.2900584, 0.2725479, 0.4570742, 0
0.5947751, 0.1923543, 0.5785238, 0
0.5939155, 0.2491634, 0.3299017, 0
0.4502306, 0.2948591, 0.2337887, 0
0.3405498, 0.2984084, 0.3702676, 0
0.7362068, 0.2016299, 0.4221407, 0
0.5715685, 0.2674488, 0.6115075, 0
0.534205, 0.1827557, 0.3015914, 0
0.5519609, 0.2146444, 0.4014299, 0
0.7362131, 0.2282613, 0.2849351, 0
0.5624463, 0.3061447, 0.5691826, 0
0.542469, 0.1789706, 0.2598835, 0
0.2846075, 0.1959838, 0.4530192, 0
0.8068656, 0.2153339, 0.5695595, 0
0.3313669, 0.2010801, 0.5623044, 0
0.407245, 0.2098867, 0.7655126, 0
0.2757366, 0.2096357, 0.3744421, 0
0.400338, 0.2770559, 0.3144665, 0
0.2753308, 0.2001355, 0.5949479, 0
0.6401463, 0.304673, 0.2995853, 0
0.7309336, 0.1810448, 0.2854562, 0
0.7335857, 0.2478102, 0.4050729, 0
0.3505074, 0.2918311, 0.6527473, 0
0.3433586, 0.1659656, 0.6319582, 0
0.3021815, 0.2953417, 0.5820608, 0
0.6299704, 0.2492051, 0.3021243, 0
0.5845745, 0.1890226, 0.4217696, 0
0.5020837, 0.2297381, 0.1810243, 0
0.4272825, 0.1727855, 0.1601891, 0
0.6062027, 0.2721123, 0.648199, 0
0.1755489, 0.1830431, 0.4305115, 0
0.5557788, 0.2206882, 0.1291412, 0
0.2968064, 0.2080812, 0.4505523, 0
0.5488017, 0.2158461, 0.5853426, 0
0.4147016, 0.296585, 0.4116721, 0
0.4743674, 0.2408638, 0.6460523, 0
0.7524472, 0.2849315, 0.4963992, 0
0.4914415, 0.1909698, 0.6520343, 0
0.4732074, 0.2677433, 0.285617, 0
0.3498458, 0.1665833, 0.2494015, 0
0.7102435, 0.1825953, 0.6644883, 0
0.8049435, 0.2438965, 0.51944, 0
0.3788787, 0.2012329, 0.5904352, 0
0.6702373, 0.2542167, 0.4925, 0
0.2922541, 0.1987562, 0.4475731, 0
0.5232567, 0.2672887, 0.7468333, 0
0.75747, 0.2077796, 0.3009159, 0
0.4841329, 0.2857836, 0.6076249, 0
0.6485642, 0.1757294, 0.3105458, 0
0.5949565, 0.2097322, 0.2996913, 0
0.2928235, 0.1606419, 0.2896422, 0
0.3261279, 0.254925, 0.2662257, 0
0.3888753, 0.2572021, 0.6642246, 0
0.5959209, 0.198527, 0.327408, 0
0.697881, 0.2066059, 0.4066001, 0
0.6864195, 0.2151495, 0.400124, 0
0.1838084, 0.2023631, 0.4958054, 0
0.4775983, 0.2073856, 0.1997918, 0
0.4038703, 0.2765381, 0.2165216, 0
0.2783425, 0.1529133, 0.3528158, 0
0.5915401, 0.1643174, 0.4344131, 0
0.4550255, 0.1749271, 0.5300382, 0
0.8088566, 0.2064786, 0.4634761, 0
0.1938399, 0.2576019, 0.4850084, 0
0.5189605, 0.1565744, 0.2682551, 0
0.2907159, 0.2017978, 0.6145197, 0
0.6199549, 0.2067709, 0.4817623, 0
0.371641, 0.2062636, 0.6416749, 0
0.3158709, 0.2324628, 0.3326679, 0
0.6588577, 0.1692934, 0.506764, 0
0.3138466, 0.2822979, 0.6754456, 0
0.3797895, 0.2144867, 0.5549189, 0
0.4496563, 0.2015634, 0.4936165, 0
0.6687168, 0.1685964, 0.6414879, 0
0.6247675, 0.1721475, 0.1576022, 0
0.3450519, 0.2610569, 0.3559163, 0
0.5214828, 0.2340357, 0.2560138, 0
0.4639308, 0.2874036, 0.6998287, 0
0.8177292, 0.2111307, 0.4663241, 0
0.5486957, 0.1557404, 0.6170714, 0
0.8519771, 0.1817558, 0.4859262, 0
0.5533634, 0.2835503, 0.5551084, 0
0.5266141, 0.241773, 0.7522376, 0
0.2163064, 0.2765808, 0.483164, 0
0.5381054, 0.2194099, 0.3321098, 0
0.6316616, 0.209938, 0.2322333, 0
0.6044953, 0.1990857, 0.1775876, 0
0.2698772, 0.2513543, 0.4011998, 0
0.5937994, 0.242687, 0.3446441, 0
0.6660744, 0.2928294, 0.6834454, 0
0.3686251, 0.1986331, 0.4869404, 0
0.5078474, 0.1750771, 0.7062929, 0
0.6619312, 0.2037239, 0.366576, 0
0.7516972, 0.2681109, 0.6378199, 0
0.3559574, 0.2020527, 0.5654017, 0
0.6463803, 0.2697617, 0.41836, 0
0.4875588, 0.2220763, 0.2801022, 0
0.4420379, 0.2637789, 0.3107005, 0
0.3810963, 0.2240561, 0.2381498, 0
0.3379675, 0.2410903, 0.6799206, 0
0.4650602, 0.283616, 0.1786947, 0
0.7183687, 0.1902299, 0.3023252, 0
0.5457293, 0.209523, 0.5042698, 0
0.5183356, 0.2170978, 0.2804167, 0
0.4685276, 0.2790609, 0.2740819, 0
0.2003882, 0.2652223, 0.4405168, 0
0.42802, 0.260545, 0.5921629, 0
0.7795348, 0.2232866, 0.4733055, 0
0.3108291, 0.3013849, 0.5760144, 0
0.5994167, 0.2858569, 0.6975334, 0
0.5690918, 0.290481, 0.4247846, 0
0.4660752, 0.2962233, 0.2479389, 0
0.5637431, 0.2269594, 0.7406456, 0
0.5886425, 0.2098187, 0.1359323, 0
0.6006014, 0.1830171, 0.6948301, 0
0.4194576, 0.1857079, 0.3272819, 0
0.3601442, 0.2158161, 0.4250693, 0
0.5152825, 0.2951333, 0.5528045, 0
0.3062234, 0.1800595, 0.4792995, 0
0.3041657, 0.2640646, 0.5622423, 0
0.7057541, 0.1838286, 0.5636449, 0
0.1908912, 0.1739263, 0.4513331, 0
0.5690747, 0.1822842, 0.4043499, 0
0.6047348, 0.163298, 0.1301448, 0
0.2230612, 0.2388899, 0.4273595, 0
0.4127738, 0.2669751, 0.3036455, 0
0.4065503, 0.1977102, 0.7255427, 0
0.6362403, 0.2428606, 0.4996657, 0
0.6017389, 0.2220374, 0.4374224, 0
0.2707943, 0.1898267, 0.3058203, 0
0.462556, 0.221597, 0.5839564, 0
0.4929939, 0.1983539, 0.4134677, 0
0.7555397, 0.2504613, 0.5108817, 0
0.6345211, 0.1681393, 0.3545836, 0
0.4703468, 0.2020886, 0.5947936, 0
0.5738328, 0.2091658, 0.4769363, 0
0.6954516, 0.1626984, 0.6613826, 0
0.3348008, 0.1780295, 0.2041716, 0
0.4511066, 0.2043992, 0.2204529, 0
0.3438642, 0.2039602, 0.2712812, 0
0.3244304, 0.2265892, 0.301445, 0
0.2778192, 0.2710523, 0.6299937, 0
0.4360846, 0.2747324, 0.426055, 0
0.5346766, 0.2957228, 0.5562178, 0
0.6572269, 0.1656753, 0.5034627, 0
0.5696766, 0.2566464, 0.449287, 0
0.4214292, 0.238726, 0.3019265, 0
0.2469949, 0.1835511, 0.5718176, 0
0.4150896, 0.1968981, 0.7682316, 0
0.4279922, 0.2181215, 0.4150001, 0
0.7226536, 0.2031299, 0.2828704, 0
0.6055385, 0.1835134, 0.6006345, 0
0.45905, 0.2660338, 0.5478373, 0
0.4659934, 0.186913, 0.4302175, 0
0.4559104, 0.2808959, 0.4884212, 0
0.7689242, 0.2497431, 0.2813083, 0
0.3269128, 0.2914813, 0.5515627, 0
0.7484408, 0.1900129, 0.2816159, 0
0.6023657, 0.2389157, 0.3493855, 0
0.4638739, 0.2987296, 0.6519684, 0
0.7920538, 0.21925, 0.6186624, 0
0.2786276, 0.280343, 0.3241855, 0
0.4845791, 0.2239951, 0.1450919, 0
0.6327035, 0.2036617, 0.6580535, 0
0.6892875, 0.2392912, 0.3049904, 0
0.6460575, 0.1797549, 0.4752277, 0
0.3093771, 0.2860048, 0.4162477, 0
0.230079, 0.1646235, 0.2909686, 0
0.7868456, 0.1916714, 0.5433105, 0
0.2941543, 0.2701322, 0.3444993, 0
0.4701744, 0.3015341, 0.5663275, 0
0.2031473, 0.1623096, 0.4892691, 0
0.5036737, 0.2287648, 0.4366105, 0
0.4635168, 0.2174878, 0.3357391, 0
0.3317141, 0.2885373, 0.5814173, 0
0.749748, 0.2925685, 0.5517939, 0
0.5617985, 0.1661096, 0.3915441, 0
0.7827593, 0.1772489, 0.2806494, 0
0.6856693, 0.2402657, 0.6896904, 0
0.2761987, 0.1998385, 0.5898428, 0
0.2554695, 0.2910796, 0.562693, 0
0.6425872, 0.1963745, 0.6873235, 0
0.4269684, 0.2728792, 0.74088, 0
0.6694824, 0.2029219, 0.214329, 0
0.7063571, 0.211871, 0.2526322, 0
0.6082776, 0.1716002, 0.4838299, 0
0.501065, 0.2593417, 0.5202848, 0
0.8114446, 0.2633153, 0.5100417, 0
0.3018129, 0.2829956, 0.5841033, 0
0.5656165, 0.1696554, 0.3098686, 0
0.7138633, 0.2872882, 0.619601, 0
0.3372117, 0.2959803, 0.3896615, 0
0.3601514, 0.2164205, 0.3786662, 0
0.4403445, 0.1691393, 0.784603, 0
0.3059338, 0.2817756, 0.3519655, 0
0.3255309, 0.2216545, 0.4204464, 0
0.5808979, 0.2554877, 0.5655511, 0
0.4898885, 0.1890275, 0.6203285, 0
0.2936869, 0.2774753, 0.3793694, 0
0.5405222, 0.276563, 0.2566296, 0
0.4193544, 0.2543701, 0.7541289, 0
0.4119418, 0.1843691, 0.6976771, 0
0.2886601, 0.2149959, 0.6162574, 0
0.2347492, 0.2911451, 0.4555288, 0
0.5255277, 0.2889535, 0.2724415, 0
0.6129376, 0.2056401, 0.5857536, 0
0.4611057, 0.1593765, 0.4993322, 0
0.5651519, 0.2259243, 0.453236, 0
0.5271498, 0.205924, 0.2199274, 0
0.5044742, 0.2134112, 0.733677, 0
0.5482045, 0.1919313, 0.6248403, 0
0.5234926, 0.168333, 0.2124411, 0
0.4590396, 0.1894437, 0.48302, 0
0.3837556, 0.2701949, 0.4050161, 0
0.2562097, 0.2304274, 0.4939755, 0
0.67418, 0.2315703, 0.5776901, 0
0.2134374, 0.2796639, 0.419257, 0
0.6847374, 0.2455278, 0.3469381, 0
0.561142, 0.3011982, 0.3118431, 0
0.704277, 0.3016584, 0.3208891, 0
0.3236139, 0.2175309, 0.3504609, 0
0.2156588, 0.1933132, 0.3688625, 0
0.3733142, 0.2976953, 0.3724328, 0
0.2661721, 0.2596152, 0.3094473, 0
0.4150511, 0.2140492, 0.4400189, 0
0.6331166, 0.1910912, 0.372242, 0
0.8151298, 0.2192886, 0.5172438, 0
0.3977968, 0.2482925, 0.6770946, 0
0.4187885, 0.2377242, 0.2882849, 0
0.4591369, 0.1580143, 0.4689798, 0
0.4812347, 0.197128, 0.7587045, 0
0.482203, 0.2183194, 0.1978492, 0
0.3844928, 0.2948025, 0.4036018, 0
0.6320888, 0.1637367, 0.5086019, 0
0.377642, 0.1855248, 0.6739371, 0
0.328547, 0.2359672, 0.1941285, 0
0.5178145, 0.2475973, 0.5322127, 0
0.3969872, 0.1813024, 0.1727554, 0
0.3291009, 0.2804874, 0.508027, 0
0.3514671, 0.1623691, 0.5049888, 0
0.696372, 0.2064642, 0.2541151, 0
0.5134972, 0.2398875, 0.2588247, 0
0.776207, 0.2139959, 0.4527685, 0
0.4585421, 0.1829935, 0.3089185, 0
0.2787984, 0.2212221, 0.4261164, 0
0.6296813, 0.2118054, 0.2186935, 0
0.4770323, 0.2513495, 0.4912311, 0
0.4398074, 0.1816273, 0.304912, 0
0.3507893, 0.2677247, 0.2336508, 0
0.7699541, 0.285629, 0.3389644, 0
0.49481, 0.2901856, 0.5882605, 0
0.5777978, 0.1682545, 0.1976718, 0
0.4105983, 0.2103996, 0.6998898, 0
0.6482723, 0.2691312, 0.2705387, 0
0.3141901, 0.1807465, 0.1916303, 0
0.279443, 0.2513797, 0.347188, 0
0.378026, 0.2227356, 0.2199668, 0
0.295566, 0.2164512, 0.2736493, 0
0.7780526, 0.305245, 0.4358178, 0
0.2896621, 0.2265005, 0.6934368, 0
0.2149149, 0.1895675, 0.5716817, 0
0.4049518, 0.2015728, 0.7705402, 0
0.2555211, 0.1583278, 0.340381, 0
0.6795616, 0.2034747, 0.1806296, 0
0.6472338, 0.2701152, 0.4341778, 0
0.629542, 0.1775573, 0.6108271, 0
0.3084833, 0.2989457, 0.3153687, 0
0.7138534, 0.2462383, 0.4561694, 0
0.6383164, 0.2489129, 0.3079233, 0
0.3640797, 0.302749, 0.3868288, 0
0.5557287, 0.2050445, 0.5174403, 0
0.7274402, 0.2423625, 0.6341239, 0
0.4370655, 0.2892769, 0.2572519, 0
0.7392081, 0.1717679, 0.2386071, 0
0.3672619, 0.1954673, 0.6021357, 0
0.6509369, 0.2382323, 0.1876436, 0
0.7365835, 0.2003026, 0.2579342, 0
0.7201936, 0.1958972, 0.3499894, 0
0.7082758, 0.1867006, 0.3764336, 0
0.3334153, 0.2315059, 0.6859607, 0
0.3337321, 0.2150295, 0.6716164, 0
0.5750975, 0.148927, 0.4780689, 0
0.6096244, 0.1863327, 0.6592108, 0
0.6204507, 0.3034118, 0.6520796, 0
0.252145, 0.2062294, 0.4438368, 0
0.4804551, 0.2098246, 0.1795289, 0
0.376449, 0.1693962, 0.1721386, 0
0.7729363, 0.2325961, 0.5968731, 0
0.6530184, 0.1735062, 0.6918217, 0
0.6639722, 0.2780575, 0.3584414, 0
0.6290817, 0.3011812, 0.455281, 0
0.6033078, 0.1852491, 0.4976101, 0
0.6481149, 0.2014084, 0.4254872, 0
0.4621411, 0.2921661, 0.2521479, 0
0.6377693, 0.2695425, 0.4254991, 0
0.2557358, 0.2222941, 0.5810096, 0
0.2401094, 0.1984257, 0.4020594, 0
0.6992126, 0.2722405, 0.2491362, 0
0.4817753, 0.2982496, 0.4292415, 0
0.5134929, 0.1710942, 0.7153706, 0
0.6789705, 0.2640703, 0.3993829, 0
0.6718155, 0.2192879, 0.1912363, 0
0.7392051, 0.2248599, 0.6279398, 0
0.3280714, 0.2491063, 0.3517769, 0
0.4184825, 0.2523551, 0.4848213, 0
0.3766673, 0.23613, 0.667698, 0
0.463822, 0.2104575, 0.4661479, 0
0.3657155, 0.2640905, 0.4424222, 0
0.5407456, 0.1983918, 0.5336282, 0
0.6118194, 0.178264, 0.7991962, 0
0.7578914, 0.237939, 0.4638064, 0
0.407214, 0.2339797, 0.7464783, 0
0.7270342, 0.2429372, 0.6357498, 0
0.2921773, 0.2259919, 0.6292171, 0
0.3454598, 0.1831106, 0.524438, 0
0.3133673, 0.18614, 0.2993217, 0
0.3779913, 0.2252131, 0.5840529, 0
0.432998, 0.2923839, 0.5723319, 0
0.6258332, 0.1732936, 0.6119757, 0
0.6376625, 0.187272, 0.2967325, 0
0.3806505, 0.2552935, 0.5180614, 0
0.5344916, 0.1512844, 0.4670931, 0
0.7755243, 0.2550416, 0.4137083, 0
0.2234012, 0.1966736, 0.6036581, 0
0.2649283, 0.2853918, 0.3415585, 0
0.4909724, 0.1668156, 0.2092284, 0
0.4528744, 0.2185899, 0.270037, 0
0.633838, 0.1782065, 0.2457095, 0
0.5945804, 0.1986665, 0.5814686, 0
0.4664968, 0.2979788, 0.6182383, 0
0.3415139, 0.1921884, 0.6849761, 0
0.354908, 0.2157183, 0.5039426, 0
0.6530815, 0.2810713, 0.6382434, 0
0.5845993, 0.279819, 0.5180634, 0
0.7641919, 0.29477, 0.4708275, 0
0.5077083, 0.1632957, 0.3629795, 0
0.3462039, 0.2230261, 0.3060551, 0
0.3898896, 0.2111091, 0.7328272, 0
0.2754525, 0.2854566, 0.398342, 0
0.6173688, 0.271246, 0.3154419, 0
0.6887773, 0.1761359, 0.5896748, 0
0.6399591, 0.1731709, 0.2071312, 0
0.7215081, 0.2464626, 0.6153746, 0
0.5855833, 0.1603958, 0.4706931, 0
0.7573649, 0.3013263, 0.3866246, 0
0.5450454, 0.2919151, 0.5094939, 0
0.2773023, 0.2191896, 0.4361908, 0
0.3004353, 0.2110879, 0.6581222, 0
0.2800036, 0.2026191, 0.6391643, 0
0.6973132, 0.2060688, 0.6872123, 0
0.7812885, 0.2257137, 0.2775837, 0
0.6076866, 0.1988157, 0.3441167, 0
0.6161236, 0.2065007, 0.2459093, 0
0.6259174, 0.2194138, 0.2533478, 0
0.2765367, 0.2193677, 0.547789, 0
0.3849337, 0.2326027, 0.2451638, 0
0.4494811, 0.2500853, 0.6951209, 0
0.7523139, 0.2497386, 0.651424, 0
0.5020803, 0.1995449, 0.2237254, 0
0.4649174, 0.2429905, 0.3819114, 0
0.3374741, 0.1683205, 0.4202395, 0
0.7095585, 0.2621119, 0.4160344, 0
0.1994067, 0.1677575, 0.3904794, 0
0.4669872, 0.213106, 0.3010863, 0
0.8033359, 0.2490383, 0.4366204, 0
0.4155211, 0.236952, 0.7277212, 0
0.6164935, 0.2393924, 0.2027161, 0
0.2423985, 0.1995893, 0.4678556, 0
0.2754571, 0.2750422, 0.3308819, 0
0.5570638, 0.2869633, 0.1918662, 0
0.4075589, 0.1749557, 0.4065583, 0
0.6108545, 0.2500959, 0.2111793, 0
0.5490393, 0.234698, 0.3163623, 0
0.3548326, 0.1902027, 0.4511706, 0
0.2701557, 0.2134185, 0.4325187, 0
0.5825732, 0.2763107, 0.1759249, 0
0.425168, 0.1843946, 0.5956981, 0
0.4067734, 0.1683675, 0.7497712, 0
0.580534, 0.2433276, 0.439998, 0
0.7093355, 0.2854117, 0.3071686, 0
0.3050132, 0.163155, 0.1990737, 0
0.4407098, 0.2298228, 0.7092767, 0
0.6228945, 0.2336382, 0.2105513, 0
0.2828246, 0.2532667, 0.2859972, 0
0.2913946, 0.2057238, 0.3404454, 0
0.2337066, 0.1583975, 0.4427035, 0
0.6466188, 0.2233174, 0.5721403, 0
0.4779015, 0.1788086, 0.1840693, 0
0.466615, 0.2161323, 0.1887913, 0
0.3491309, 0.2280138, 0.5826707, 0
0.4996556, 0.2395376, 0.3988528, 0
0.5356168, 0.2301375, 0.5599968, 0
0.6673594, 0.2592699, 0.6775479, 0
0.511699, 0.2357202, 0.5082411, 0
0.4548173, 0.1616867, 0.3475135, 0
0.6481961, 0.2940765, 0.6877667, 0
0.390672, 0.2391475, 0.3078932, 0
0.3016436, 0.2051066, 0.4672608, 0
0.364253, 0.2542958, 0.4228743, 0
0.6440728, 0.1722037, 0.2389374, 0
0.4168267, 0.2177414, 0.6357724, 0
0.2603144, 0.2904644, 0.4013159, 0
0.5342156, 0.1788456, 0.3453218, 0
0.5667517, 0.2702486, 0.4528657, 0
0.2915355, 0.2808065, 0.373546, 0
0.2520633, 0.2430908, 0.4994461, 0
0.7946899, 0.1716254, 0.28543, 0
0.6926544, 0.3089973, 0.3501974, 0
0.5577496, 0.2193547, 0.1542377, 0
0.585274, 0.1582345, 0.3156789, 0
0.6945863, 0.3097813, 0.4083772, 0
0.6304569, 0.2152038, 0.4130858, 0
0.7997438, 0.206115, 0.5478383, 0
0.3516662, 0.219897, 0.4411957, 0
0.6387566, 0.2640621, 0.4072497, 0
0.7801576, 0.2756826, 0.3194104, 0
0.3500831, 0.2603288, 0.4442366, 0
0.5728202, 0.1750536, 0.3675218, 0
0.4554911, 0.2537313, 0.1587232, 0
0.2942504, 0.1914882, 0.4202155, 0
0.2481008, 0.2363876, 0.4336537, 0
0.642013, 0.2173361, 0.1751136, 0
0.4950466, 0.2006941, 0.483516, 0
0.7766303, 0.2106218, 0.2748778, 0
0.2679566, 0.1989913, 0.4680288, 0
0.5311063, 0.2383688, 0.6725527, 0
0.3044143, 0.2692704, 0.4195514, 0
0.3145847, 0.2878823, 0.2900986, 0
0.3815579, 0.1863771, 0.2414472, 0
0.3611846, 0.2175255, 0.211939, 0
0.3516493, 0.2121797, 0.3054676, 0
0.349674, 0.2296568, 0.4153556, 0
0.2715551, 0.1720139, 0.4228303, 0
0.4737581, 0.2125527, 0.1981976, 0
0.4873554, 0.2947467, 0.3055595, 0
0.3189628, 0.2905423, 0.4852802, 0
0.4012719, 0.2239069, 0.4828056, 0
0.7253579, 0.2237388, 0.3891072, 0
0.6741216, 0.2807491, 0.3139477, 0
0.4726599, 0.1644898, 0.6335802, 0
0.6570928, 0.2903656, 0.646579, 0
0.5078295, 0.2216333, 0.4706267, 0
0.6817802, 0.2320954, 0.5470119, 0
0.6943899, 0.2281318, 0.2749865, 0
0.6667337, 0.1973665, 0.6956032, 0
0.5356697, 0.2618586, 0.6469274, 0
0.7103596, 0.1767386, 0.5851616, 0
0.3968296, 0.2877028, 0.4588874, 0
0.7033768, 0.2708934, 0.551707, 0
0.6442745, 0.2929632, 0.6772715, 0
0.7997578, 0.2120264, 0.4124295, 0
0.4881682, 0.171317, 0.3766166, 0
0.6707892, 0.1991699, 0.2486488, 0
0.6273416, 0.1638644, 0.4408483, 0
0.6001191, 0.2308873, 0.6347565, 0
0.4317547, 0.1641471, 0.3551558, 0
0.6085864, 0.2806727, 0.5822281, 0
0.4540022, 0.2435669, 0.1693027, 0
0.7952642, 0.1795969, 0.643301, 0
0.5058337, 0.2522739, 0.5417005, 0
0.3887683, 0.2323768, 0.3501576, 0
0.5422845, 0.2981794, 0.2207137, 0
0.3886601, 0.1675334, 0.2339287, 0
0.3209531, 0.2707391, 0.5376481, 0
0.5143674, 0.1821629, 0.6593789, 0
0.3498166, 0.1835371, 0.3307218, 0
0.510541, 0.1539545, 0.4319011, 0
0.3223581, 0.1916078, 0.4872681, 0
0.5609821, 0.1641969, 0.7404361, 0
0.4666771, 0.2279488, 0.5395829, 0
0.4357551, 0.2710064, 0.5350041, 0
0.4990944, 0.1658985, 0.3118109, 0
0.6023275, 0.1924838, 0.7729344, 0
0.3149274, 0.1984954, 0.3649454, 0
0.6508653, 0.183782, 0.2454771, 0
0.2648945, 0.2525331, 0.5589311, 0
0.422564, 0.1950542, 0.7708237, 0
0.7810226, 0.2086624, 0.5330972, 0
0.6897963, 0.2396235, 0.5451567, 0
0.3216086, 0.2629432, 0.4847497, 0
0.6661994, 0.2755578, 0.2584406, 0
0.3933658, 0.2844058, 0.4308318, 0
0.2153197, 0.1998239, 0.5149223, 0
0.4168127, 0.1902615, 0.4401197, 0
0.772064, 0.2039576, 0.4064412, 0
0.7529356, 0.2221306, 0.3664047, 0
0.3634091, 0.2400244, 0.7396702, 0
0.6898612, 0.2410462, 0.4230867, 0
0.3029574, 0.168086, 0.4315875, 0
0.5335663, 0.197313, 0.764002, 0
0.5469511, 0.2658724, 0.5103969, 0
0.5816897, 0.2379806, 0.2974595, 0
0.3753577, 0.197026, 0.5256445, 0
0.1801018, 0.1824829, 0.5198298, 0
0.5618742, 0.2474928, 0.4086653, 0
0.6649343, 0.1991951, 0.3299649, 0
0.808372, 0.2020144, 0.3830745, 0
0.7219074, 0.161429, 0.2519618, 0
0.4483704, 0.2577604, 0.2104173, 0
0.718988, 0.1875272, 0.2467533, 0
0.5677435, 0.1722661, 0.1220857, 0
0.377635, 0.2974458, 0.3190373, 0
0.43144, 0.2141376, 0.288157, 0
0.3468004, 0.1768752, 0.7230671, 0
0.3921903, 0.2112083, 0.6540436, 0
0.3914929, 0.2324733, 0.6032563, 0
0.7088161, 0.2489667, 0.568138, 0
0.6527992, 0.1645873, 0.6336063, 0
0.6464029, 0.2515859, 0.4697908, 0
0.3907572, 0.1645515, 0.4917955, 0
0.5147329, 0.3010173, 0.4241527, 0
0.4641921, 0.2928166, 0.6389472, 0
0.6614593, 0.2597167, 0.606864, 0
0.6246674, 0.2530635, 0.6596279, 0
0.5363699, 0.2343596, 0.4978268, 0
0.3783524, 0.2193144, 0.6764582, 0
0.4017449, 0.1604773, 0.7462002, 0
0.1944381, 0.1760066, 0.4120915, 0
0.4175112, 0.3035806, 0.4545196, 0
0.7649231, 0.2050265, 0.3501553, 0
0.7031147, 0.2034065, 0.2022068, 0
0.6964419, 0.2267612, 0.6236239, 0
0.724718, 0.2733806, 0.5839292, 0
0.3770505, 0.2133021, 0.6779518, 0
0.5193142, 0.2128797, 0.4937937, 0
0.4351631, 0.3021305, 0.4979848, 0
0.6697375, 0.2803966, 0.5941191, 0
0.5585158, 0.2498905, 0.4997583, 0
0.6225147, 0.2296723, 0.577848, 0
0.540884, 0.2894581, 0.295376, 0
0.6382636, 0.2123263, 0.5562407, 0
0.7329385, 0.1605991, 0.5987818, 0
0.5634729, 0.2908929, 0.6431425, 0
0.7232264, 0.1969734, 0.4026332, 0
0.4115258, 0.2159399, 0.5615067, 0
0.5137712, 0.2673124, 0.1796937, 0
0.3240949, 0.2476719, 0.3251804, 0
0.3377576, 0.1605441, 0.433604, 0
0.4533075, 0.2246179, 0.1395121, 0
0.5619665, 0.3029487, 0.6093373, 0
0.1945919, 0.2456706, 0.5258113, 0
0.7405152, 0.2548072, 0.3772614, 0
0.6012707, 0.2748687, 0.699147, 0
0.7205963, 0.2133265, 0.6297225, 0
0.5278314, 0.1741018, 0.5117289, 0
0.7660295, 0.1676662, 0.504399, 0
0.6943361, 0.1927578, 0.4577354, 0
0.5879567, 0.1768056, 0.3134274, 0
0.6151893, 0.281498, 0.337562, 0
0.7200207, 0.2176193, 0.4850253, 0
0.4897864, 0.1636568, 0.5109303, 0
0.2935081, 0.2585773, 0.4835462, 0
0.7781141, 0.2016932, 0.411549, 0
0.50991, 0.2990884, 0.4273764, 0
0.5286271, 0.3067499, 0.6669013, 0
0.5251926, 0.2382005, 0.5308816, 0
0.4452339, 0.1912622, 0.6316594, 0
0.6928864, 0.1998408, 0.2502099, 0
0.2820866, 0.1871302, 0.5981116, 0
0.6217225, 0.2869501, 0.6953954, 0
0.4208665, 0.2652391, 0.6995029, 0
0.6654958, 0.213281, 0.6897359, 0
0.5803873, 0.2134225, 0.1266378, 0
0.4618875, 0.1810258, 0.4902076, 0
0.3728813, 0.1853107, 0.3293557, 0
0.449114, 0.2468569, 0.6137096, 0
0.6394689, 0.1974029, 0.6758254, 0
0.480157, 0.2790587, 0.2824035, 0
0.6749722, 0.1601255, 0.5861798, 0
0.5723687, 0.2549158, 0.3996313, 0
0.3107883, 0.2312633, 0.2651861, 0
0.7330958, 0.1973353, 0.6100632, 0
0.4291706, 0.181164, 0.4912554, 0
0.6609643, 0.1816461, 0.3616104, 0
0.3194793, 0.2934652, 0.5575036, 0
0.4092886, 0.2957298, 0.6994147, 0
0.7285675, 0.2361638, 0.5729516, 0
0.3797807, 0.2144423, 0.5422385, 0
0.6105574, 0.2828184, 0.5538456, 0
0.6439924, 0.2448503, 0.6209701, 0
0.8398389, 0.19988, 0.4892677, 0
0.5589979, 0.222974, 0.3155176, 0
0.5478213, 0.1791972, 0.4588445, 0
0.6018356, 0.2111436, 0.159816, 0
0.5624235, 0.2934821, 0.5619889, 0
0.5452635, 0.256501, 0.2743342, 0
0.3216689, 0.1721948, 0.182127, 0
0.5340811, 0.2380007, 0.1792344, 0
0.3291823, 0.2217116, 0.6371331, 0
0.6814399, 0.1604848, 0.5783571, 0
0.5572599, 0.1949829, 0.1689347, 0
0.2627591, 0.2327117, 0.4280862, 0
0.4955007, 0.2681869, 0.2502182, 0
0.5849882, 0.2585521, 0.1565725, 0
0.3773124, 0.1846375, 0.7761534, 0
0.2048214, 0.2289288, 0.5630426, 0
0.4752524, 0.2959736, 0.7036014, 0
0.3945686, 0.298566, 0.6799749, 0
0.5608916, 0.1675469, 0.4319404, 0
0.3407427, 0.1737719, 0.6766301, 0
0.5578353, 0.1895571, 0.2851332, 0
0.6019827, 0.1904027, 0.4791353, 0
0.4749523, 0.2776372, 0.7476842, 0
0.7096246, 0.1816113, 0.5785183, 0
0.547186, 0.1583241, 0.1365419, 0
0.3008993, 0.1655111, 0.49654, 0
0.3221648, 0.2032126, 0.3926296, 0
0.3392466, 0.1894685, 0.433071, 0
0.7837954, 0.3011272, 0.4633917, 0
0.6626632, 0.3058392, 0.3093824, 0
0.6792699, 0.215007, 0.6595251, 0
0.7654345, 0.1845998, 0.612348, 0
0.5614334, 0.2144671, 0.3123328, 0
0.7571902, 0.2602719, 0.5470105, 0
0.7673367, 0.2047308, 0.6044381, 0
0.4565557, 0.2325382, 0.194365, 0
0.61994, 0.3068122, 0.6266422, 0
0.321118, 0.2518128, 0.6550188, 0
0.7679004, 0.2949599, 0.4863687, 0
0.6829577, 0.2884604, 0.3788594, 0
0.3624492, 0.2258657, 0.52442, 0
0.7223513, 0.2108441, 0.6031099, 0
0.2926665, 0.2696428, 0.309087, 0
0.5733325, 0.2483387, 0.687988, 0
0.3864902, 0.2844494, 0.3999362, 0
0.4900685, 0.2916084, 0.4919924, 0
0.6376411, 0.3052315, 0.4898259, 0
0.4337422, 0.1875617, 0.6851132, 0
0.7767441, 0.2520928, 0.4805536, 0
0.4828956, 0.1575237, 0.7294406, 0
0.6154444, 0.2428394, 0.5886601, 0
0.6164158, 0.2557776, 0.2195412, 0
0.5229454, 0.2265721, 0.4284817, 0
0.4778746, 0.1503433, 0.5079905, 0
0.45563, 0.1891724, 0.2742118, 0
0.6498348, 0.1771947, 0.515106, 0
0.3424236, 0.1884214, 0.4335346, 0
0.5748444, 0.1878472, 0.1475399, 0
0.3968064, 0.2291789, 0.4197465, 0
0.6872014, 0.3000781, 0.644407, 0
0.5033079, 0.1721841, 0.2351677, 0
0.3966051, 0.2058157, 0.7491486, 0
0.3080101, 0.195133, 0.5967242, 0
0.3900056, 0.1672645, 0.2761488, 0
0.6331785, 0.1575245, 0.4852321, 0
0.4835669, 0.1630721, 0.5870184, 0
0.477874, 0.2668793, 0.4221877, 0
0.382617, 0.235333, 0.5785869, 0
0.3382562, 0.2960454, 0.4691475, 0
0.4475896, 0.3051157, 0.6731986, 0
0.6390073, 0.2527018, 0.4757248, 0
0.5600216, 0.2599953, 0.1469954, 0
0.5347145, 0.2291635, 0.3217404, 0
0.5107389, 0.1776851, 0.6939091, 0
0.362175, 0.165172, 0.659709, 0
0.5131133, 0.2248974, 0.5941905, 0
0.4748552, 0.1656111, 0.6897854, 0
0.5230492, 0.2047395, 0.2072247, 0
0.7274635, 0.2369878, 0.3787654, 0
0.2214519, 0.2430783, 0.4918792, 0
0.4753701, 0.2351133, 0.6879888, 0
0.7036346, 0.22081, 0.6476676, 0
0.232616, 0.2573369, 0.4560488, 0
0.2534688, 0.1673785, 0.4200194, 0
0.5171999, 0.1588271, 0.5187011, 0
0.3769704, 0.2279979, 0.3450128, 0
0.3420611, 0.2268032, 0.7303264, 0
0.6209869, 0.2073838, 0.6041187, 0
0.7309439, 0.1819775, 0.2195847, 0
0.7565977, 0.1884932, 0.5889964, 0
0.4675823, 0.2304685, 0.5743247, 0
0.7300935, 0.2208851, 0.3093413, 0
0.4465707, 0.2227149, 0.6303675, 0
0.3352638, 0.2064185, 0.6833004, 0
0.5459778, 0.250795, 0.3021352, 0
0.7306242, 0.1765275, 0.36694, 0
0.7660016, 0.2103309, 0.5905738, 0
0.7299407, 0.2626567, 0.2704011, 0
0.6648387, 0.2906321, 0.2670303, 0
0.7721828, 0.1934915, 0.5413791, 0
0.2689357, 0.1944633, 0.3835447, 0
0.5104084, 0.2149767, 0.161835, 0
0.7893799, 0.2066782, 0.4132448, 0
0.491907, 0.2654469, 0.7315235, 0
0.5236304, 0.2061282, 0.3975186, 0
0.801146, 0.2888651, 0.406486, 0
0.5174576, 0.1871265, 0.2940832, 0
0.4367865, 0.2014715, 0.7410939, 0
0.2826804, 0.2366415, 0.3114271, 0
0.4651257, 0.2323662, 0.353005, 0
0.362842, 0.2012779, 0.7023109, 0
0.577607, 0.2478097, 0.3985176, 0
0.3880695, 0.2525192, 0.2293185, 0
0.5568362, 0.1796852, 0.2781169, 0
0.3475596, 0.2340326, 0.4400276, 0
0.2331, 0.2114918, 0.4534254, 0
0.6074857, 0.1896094, 0.3143875, 0
0.7832829, 0.1863083, 0.3507271, 0
0.4885141, 0.1861414, 0.5805507, 0
0.5193117, 0.2062458, 0.4233885, 0
0.3967935, 0.3031738, 0.6020315, 0
0.6118048, 0.2136673, 0.5919083, 0
0.545153, 0.177787, 0.7972916, 0
0.4587476, 0.1623743, 0.4715094, 0
0.7252107, 0.1767874, 0.4122784, 0
0.5286923, 0.2575209, 0.453985, 0
0.4267079, 0.2963426, 0.697925, 0
0.5546758, 0.2170619, 0.6619723, 0
0.3658354, 0.2647031, 0.4323339, 0
0.5434882, 0.2154272, 0.4731517, 0
0.4756817, 0.198979, 0.2126975, 0
0.7816449, 0.1695643, 0.3579675, 0
0.4717537, 0.2594987, 0.5346314, 0
0.2869058, 0.2459629, 0.2427308, 0
0.3605165, 0.2656883, 0.5287188, 0
0.5540538, 0.2144418, 0.2884488, 0
0.5661934, 0.2322244, 0.2162699, 0
0.4560105, 0.180439, 0.5664595, 0
0.6547649, 0.1842015, 0.2127587, 0
0.2119463, 0.2018885, 0.4170966, 0
0.5906287, 0.284859, 0.5513476, 0
0.6316836, 0.2750966, 0.5137244, 0
0.5974514, 0.1758464, 0.3305492, 0
0.8294794, 0.1801135, 0.5482432, 0
0.4133417, 0.2472962, 0.30995, 0
0.4929942, 0.162379, 0.3489327, 0
0.5609173, 0.3043721, 0.6281256, 0
0.6066809, 0.2697183, 0.6909634, 0
0.2642755, 0.1608569, 0.5798033, 0
0.8174847, 0.1981394, 0.5332062, 0
0.6032819, 0.2328002, 0.2886509, 0
0.6739507, 0.2704932, 0.2093885, 0
0.4937481, 0.2934263, 0.6808273, 0
0.3676472, 0.2669198, 0.60841, 0
0.662181, 0.2452971, 0.6978414, 0
0.3805161, 0.2793954, 0.2523774, 0
0.6427941, 0.1873289, 0.2746616, 0
0.3390335, 0.1790512, 0.709197, 0
0.7351462, 0.2835214, 0.3680606, 0
0.2203294, 0.1565953, 0.3873944, 0
0.8078336, 0.2087288, 0.3997785, 0
0.2005344, 0.2171115, 0.3830157, 0
0.5972235, 0.2529578, 0.6179845, 0
0.6391351, 0.2123379, 0.4328866, 0
0.3977495, 0.223019, 0.2683372, 0
0.8157611, 0.2003221, 0.4471218, 0
0.4461597, 0.2897373, 0.2727534, 0
0.2993704, 0.2244371, 0.3715546, 0
0.7627537, 0.1769555, 0.37633, 0
0.4905257, 0.2460491, 0.2902859, 0
0.6219259, 0.3034432, 0.2679577, 0
0.7227876, 0.2382516, 0.4102111, 0
0.5015433, 0.2361454, 0.4553984, 0
0.5007037, 0.1828378, 0.7358813, 0
0.6205691, 0.2390029, 0.6949018, 0
0.6918194, 0.20676, 0.2736878, 0
0.1718879, 0.1910576, 0.4333398, 0
0.6138501, 0.1664712, 0.585868, 0
0.5355755, 0.2129219, 0.2172739, 0
0.3263835, 0.2017227, 0.2200179, 0
0.7136568, 0.258165, 0.3778151, 0
0.4784967, 0.1985913, 0.4640473, 0
0.3236616, 0.2647474, 0.2689125, 0
0.6777016, 0.2931396, 0.5867783, 0
0.5330549, 0.2668489, 0.7360273, 0
0.4238944, 0.2395791, 0.1840607, 0
0.7524477, 0.2184155, 0.4410569, 0
0.4827229, 0.1688434, 0.1957693, 0
0.4854874, 0.2724429, 0.6837223, 0
0.2077017, 0.1993006, 0.4707952, 0
0.2547468, 0.2269936, 0.601517, 0
0.4256219, 0.1681068, 0.3327056, 0
0.2971293, 0.2204562, 0.351423, 0
0.7730796, 0.2700285, 0.5557145, 0
0.7930036, 0.2291454, 0.5002611, 0
0.2602051, 0.1908949, 0.5522926, 0
0.6151516, 0.217356, 0.5546754, 0
0.6982415, 0.1887741, 0.728696, 0
0.2087809, 0.2094311, 0.4247319, 0
0.6670921, 0.157507, 0.5164471, 0
0.7428126, 0.1681828, 0.4481316, 0
0.1890355, 0.2053398, 0.4921734, 0
0.180295, 0.1940867, 0.4947707, 0
0.4908132, 0.1983498, 0.5359515, 0
0.5345488, 0.2647692, 0.1545559, 0
0.5235703, 0.2747758, 0.5907024, 0
0.2442888, 0.1615056, 0.4252599, 0
0.8148088, 0.2013223, 0.3549249, 0
0.2816173, 0.2721904, 0.6692651, 0
0.6887457, 0.1819497, 0.5513902, 0
0.3551332, 0.22839, 0.5783894, 0
0.7169741, 0.2737346, 0.5696431, 0
0.3563177, 0.2485372, 0.577238, 0
0.656849, 0.2822524, 0.4399354, 0
0.2759213, 0.1977885, 0.6745837, 0
0.7649254, 0.3048619, 0.387895, 0
0.7450235, 0.1565213, 0.5579786, 0
0.2416127, 0.2241426, 0.3927456, 0
0.2857254, 0.2283464, 0.4814606, 0
0.4543118, 0.1708788, 0.7893053, 0
0.2717276, 0.2178551, 0.4789861, 0
0.6161659, 0.2294974, 0.7322912, 0
0.2390796, 0.1775468, 0.4761037, 0
0.5119738, 0.2520795, 0.4910499, 0
0.730293, 0.2692559, 0.2499509, 0
0.7117281, 0.2358662, 0.3061968, 0
0.5335717, 0.2954377, 0.5704831, 0
0.3760417, 0.265589, 0.1869537, 0
0.800705, 0.1811436, 0.4278482, 0
0.4142031, 0.2921811, 0.5807869, 0
0.7873447, 0.2183556, 0.6426712, 0
0.2694556, 0.2086119, 0.5383203, 0
0.4557359, 0.2028184, 0.5188462, 0
0.7840471, 0.1762114, 0.4800497, 0
0.3799053, 0.2153143, 0.3336824, 0
0.7673085, 0.2252962, 0.2718689, 0
0.533796, 0.1745431, 0.3307209, 0
0.714449, 0.1650662, 0.5246292, 0
0.4644254, 0.2709648, 0.1889429, 0
0.6952269, 0.2513155, 0.5965791, 0
0.5341093, 0.2685556, 0.4902053, 0
0.5542178, 0.2317994, 0.6275484, 0
0.3209347, 0.166605, 0.2786829, 0
0.5558346, 0.1791587, 0.2440247, 0
0.5743652, 0.2167631, 0.4595097, 0
0.738009, 0.242627, 0.2735003, 0
0.6835111, 0.2559418, 0.5605899, 0
0.511947, 0.1955564, 0.6797302, 0
0.5028893, 0.206792, 0.1507462, 0
0.273488, 0.2932689, 0.5036811, 0
0.6426267, 0.1939507, 0.4758, 0
0.7761366, 0.2095091, 0.4281367, 0
0.7141784, 0.1890982, 0.4378207, 0
0.4110947, 0.2645635, 0.273036, 0
0.7628068, 0.2454096, 0.3303792, 0
0.4991085, 0.2886497, 0.7094566, 0
0.8147394, 0.1694001, 0.5421676, 0
0.4649915, 0.2542786, 0.7440901, 0
0.3288025, 0.2883716, 0.5075564, 0
0.7674529, 0.2116076, 0.6202109, 0
0.6587453, 0.296499, 0.3368481, 0
0.3425053, 0.176364, 0.7415023, 0
0.7481179, 0.2049688, 0.4132527, 0
0.5469378, 0.2624561, 0.5813693, 0
0.5203449, 0.1898669, 0.2864421, 0
0.4538099, 0.2207061, 0.3400528, 0
0.3701121, 0.28407, 0.228651, 0
0.7100294, 0.2049488, 0.3358674, 0
0.2379523, 0.1824448, 0.4110938, 0
0.5899593, 0.3014115, 0.4439516, 0
0.5789329, 0.2701254, 0.6495851, 0
0.559265, 0.2059852, 0.4202176, 0
0.4228117, 0.2005349, 0.6908143, 0
0.2834698, 0.1951387, 0.4258327, 0
0.334321, 0.2455396, 0.6170508, 0
0.199758, 0.1737064, 0.2970322, 0
0.4757138, 0.2357705, 0.3875746, 0
0.5722476, 0.1618227, 0.3258546, 0
0.354368, 0.1791276, 0.2710579, 0
0.4421751, 0.1717974, 0.4648464, 0
0.3399946, 0.1678354, 0.6944212, 0
0.2266493, 0.2267625, 0.5409086, 0
0.536588, 0.2248804, 0.7224997, 0
0.551654, 0.2572895, 0.2781745, 0
0.5437891, 0.2860774, 0.60393, 0
0.452185, 0.2478022, 0.4456658, 0
0.6506247, 0.2242428, 0.1998487, 0
0.6499954, 0.2928585, 0.3819081, 0
0.2818354, 0.2431842, 0.492723, 0
0.3479935, 0.2630986, 0.502869, 0
0.6283486, 0.2851134, 0.5461292, 0
0.4097846, 0.2216223, 0.7648966, 0
0.6976637, 0.1793734, 0.6870251, 0
0.5264789, 0.1787279, 0.3631715, 0
0.5216972, 0.1615348, 0.7277417, 0
0.4810297, 0.1883621, 0.6589205, 0
0.3127916, 0.2834315, 0.6513914, 0
0.6958647, 0.1914584, 0.7173183, 0
0.3955431, 0.2001264, 0.5713086, 0
0.2890255, 0.2819493, 0.5490198, 0
0.424867, 0.2213105, 0.7346061, 0
0.5036826, 0.2549749, 0.3445404, 0
0.225407, 0.1937595, 0.4446211, 0
0.4022704, 0.1999879, 0.5069724, 0
0.3738179, 0.2100225, 0.6410195, 0
0.7365301, 0.3046274, 0.4764704, 0
0.7169058, 0.1738984, 0.266133, 0
0.5202585, 0.265567, 0.2301186, 0
0.4293392, 0.2728907, 0.1701933, 0
0.6551574, 0.2789272, 0.705805, 0
0.5281236, 0.2471949, 0.5438716, 0
0.4064885, 0.264016, 0.7318328, 0
0.5080602, 0.1843018, 0.3449945, 0
0.5123603, 0.2466727, 0.4010637, 0
0.4388925, 0.2048903, 0.5698426, 0
0.3400317, 0.157483, 0.7030283, 0
0.2893911, 0.1676084, 0.5073428, 0
0.6630825, 0.2449987, 0.731082, 0
0.6468328, 0.1821036, 0.3512658, 0
0.3882243, 0.1625108, 0.5195585, 0
0.5858962, 0.2685509, 0.1598709, 0
0.6981967, 0.2940612, 0.5236114, 0
0.3543185, 0.2160717, 0.5195989, 0
0.6884578, 0.2177989, 0.2793267, 0
0.5965981, 0.1779155, 0.5421503, 0
0.356957, 0.1891355, 0.6824275, 0
0.2828119, 0.2062502, 0.6624969, 0
0.5870717, 0.2050661, 0.1784552, 0
0.7521484, 0.1894538, 0.6079136, 0
0.2722707, 0.2693935, 0.636443, 0
0.3496985, 0.2068629, 0.281181, 0
0.4327522, 0.2821871, 0.2965526, 0
0.2820533, 0.2826366, 0.5746933, 0
0.4959874, 0.2613691, 0.3622837, 0
0.6361918, 0.171844, 0.7185431, 0
0.3845327, 0.2443303, 0.2730608, 0
0.4416986, 0.1945833, 0.65456, 0
0.4167244, 0.1845394, 0.4172671, 0
0.6166749, 0.2153364, 0.3422029, 0
0.5696318, 0.2403874, 0.721386, 0
0.6315231, 0.209778, 0.7382443, 0
0.4338502, 0.2636144, 0.4847607, 0
0.4488934, 0.2239473, 0.5847306, 0
0.4298963, 0.2815, 0.5007793, 0
0.6607432, 0.209456, 0.3622381, 0
0.5074862, 0.1825189, 0.3614196, 0
0.1849936, 0.2264086, 0.4056738, 0
0.7692258, 0.2909673, 0.3538912, 0
0.5528281, 0.1662301, 0.56665, 0
0.4893091, 0.1923379, 0.4172921, 0
0.5151722, 0.1807793, 0.1301662, 0
0.3827287, 0.2133185, 0.7467848, 0
0.7041127, 0.2636752, 0.2634782, 0
0.2985708, 0.207222, 0.3439071, 0
0.6478766, 0.296511, 0.400006, 0
0.3188259, 0.2290689, 0.2536556, 0
0.568272, 0.264768, 0.1839195, 0
0.3563301, 0.2566144, 0.4468318, 0
0.6008383, 0.2096844, 0.6831242, 0
0.4581003, 0.230435, 0.2956257, 0
0.5291836, 0.2877767, 0.6214421, 0
0.499481, 0.183485, 0.3714555, 0
0.4681824, 0.2263231, 0.399591, 0
0.2965797, 0.2187999, 0.3304271, 0
0.6168391, 0.1579992, 0.6125842, 0
0.2433858, 0.1632828, 0.6365385, 0
0.3092651, 0.2465346, 0.4102836, 0
0.7240946, 0.3127888, 0.436597, 0
0.4499477, 0.1986822, 0.3502651, 0
0.557996, 0.1985114, 0.3563263, 0
0.2570845, 0.2146994, 0.3348959, 0
0.3626383, 0.2165415, 0.650992, 0
0.4240932, 0.2819026, 0.7247108, 0
0.6236641, 0.1922219, 0.4685887, 0
0.2902435, 0.1594182, 0.4442842, 0
0.4392639, 0.1768005, 0.41614, 0
0.4706187, 0.1798204, 0.3098259, 0
0.2672679, 0.1948356, 0.382386, 0
0.4329147, 0.1589303, 0.4243548, 0
0.657708, 0.2074731, 0.6621462, 0
0.2752351, 0.2392255, 0.5060517, 0
0.5745559, 0.2153177, 0.5057288, 0
0.4222817, 0.1576115, 0.7011766, 0
0.3538743, 0.1842238, 0.6654263, 0
0.7570645, 0.2043444, 0.4978746, 0
0.5075582, 0.1564969, 0.4762146, 0
0.5667083, 0.1907102, 0.7694222, 0
0.4775416, 0.2755714, 0.2934752, 0
0.7672917, 0.2301055, 0.517232, 0
0.4685713, 0.2396576, 0.3971444, 0
0.6586674, 0.2551131, 0.6225771, 0
0.6152303, 0.266124, 0.3883332, 0
0.4901574, 0.1826292, 0.4091533, 0
0.2342289, 0.1893017, 0.5203592, 0
0.7434716, 0.283767, 0.500861, 0
0.2745523, 0.1567721, 0.3092177, 0
0.4089101, 0.1935433, 0.1849628, 0
0.4549106, 0.2155475, 0.3500574, 0
0.2373881, 0.1603014, 0.4028251, 0
0.3088278, 0.1783626, 0.7178316, 0
0.3443679, 0.2187551, 0.3715127, 0
0.6058332, 0.250433, 0.6017908, 0
0.3895333, 0.1647875, 0.6512417, 0
0.3689036, 0.2098774, 0.4889447, 0
0.6150109, 0.2807025, 0.4303577, 0
0.4935317, 0.2150733, 0.6052484, 0
0.1825138, 0.2317665, 0.4133899, 0
0.2188536, 0.2159468, 0.5913662, 0
0.3385089, 0.2425285, 0.6765405, 0
0.3363577, 0.1748066, 0.2412947, 0
0.4120168, 0.2529085, 0.6487323, 0
0.399316, 0.2105303, 0.3647614, 0
0.4663451, 0.1636434, 0.3016357, 0
0.4556147, 0.2966709, 0.699201, 0
0.4976104, 0.2989891, 0.5855783, 0
0.6054629, 0.2796694, 0.4788834, 0
0.6186532, 0.2574682, 0.4228691, 0
0.2701018, 0.21347, 0.6801683, 0
0.6725782, 0.1993922, 0.5321625, 0
0.6507382, 0.2016421, 0.647838, 0
0.7044291, 0.1593023, 0.2999021, 0
0.6950891, 0.2179728, 0.6924024, 0
0.4468465, 0.2455793, 0.7467024, 0
0.7591491, 0.2122901, 0.4527223, 0
0.3941358, 0.2110705, 0.4044807, 0
0.5088152, 0.2826198, 0.2592087, 0
0.4410456, 0.2400706, 0.5318711, 0
0.4905832, 0.2346157, 0.1400926, 0
0.7805316, 0.2263398, 0.3338108, 0
0.2336719, 0.2590478, 0.4074509, 0
0.3816169, 0.1614186, 0.3079906, 0
0.2572863, 0.1673158, 0.2841506, 0
0.4835798, 0.2991228, 0.2598388, 0
0.6821084, 0.1891863, 0.2803335, 0
0.65308, 0.2455977, 0.4415399, 0
0.4520939, 0.1784692, 0.5047437, 0
0.3156575, 0.2910595, 0.4793912, 0
0.5032338, 0.1847394, 0.1567356, 0
0.6466809, 0.3025828, 0.5963136, 0
0.3531791, 0.1983055, 0.6921766, 0
0.4501609, 0.3044004, 0.6588489, 0
0.7096389, 0.1561177, 0.3395682, 0
0.5421811, 0.162779, 0.6709181, 0
0.6746152, 0.2695118, 0.3424393, 0
0.3637145, 0.2311126, 0.5279329, 0
0.6405799, 0.1965306, 0.4687009, 0
0.3926934, 0.2958344, 0.691326, 0
0.6988466, 0.1879567, 0.2744699, 0
0.3290025, 0.1732501, 0.7357791, 0
0.7273085, 0.2902315, 0.4494189, 0
0.7087858, 0.170872, 0.5682501, 0
0.474747, 0.2536082, 0.6385926, 0
0.4784932, 0.2289383, 0.3386604, 0
0.4802879, 0.2836546, 0.6097389, 0
0.3171536, 0.1715253, 0.5619134, 0
0.2153745, 0.1624865, 0.4951718, 0
0.6405985, 0.2180384, 0.6102781, 0
0.5568583, 0.2714308, 0.5839347, 0
0.689009, 0.2790835, 0.3551719, 0
0.3533354, 0.2076868, 0.4993112, 0
0.4994647, 0.1807898, 0.4697092, 0
0.6152769, 0.1903137, 0.6635391, 0
0.5190786, 0.2645025, 0.6078758, 0
0.5427869, 0.1913293, 0.5703313, 0
0.686817, 0.2012769, 0.3855622, 0
0.4266399, 0.2903061, 0.427889, 0
0.6289407, 0.16201, 0.3649728, 0
0.7988508, 0.2605866, 0.4257487, 0
0.2159652, 0.282964, 0.441818, 0
0.1948592, 0.1748272, 0.4240687, 0
0.6166074, 0.2439758, 0.2981022, 0
0.6593333, 0.2176144, 0.3066666, 0
0.6228475, 0.2471817, 0.6845359, 0
0.4477775, 0.3016437, 0.378094, 0
0.6918555, 0.2669409, 0.3478786, 0
0.6897248, 0.2975344, 0.5397517, 0
0.7270653, 0.267552, 0.2623947, 0
0.4501525, 0.2157734, 0.3806744, 0
0.2949429, 0.1877441, 0.4483624, 0
0.4302754, 0.2023123, 0.1944896, 0
0.4258704, 0.2222092, 0.3896753, 0
0.3240213, 0.2067144, 0.6179875, 0
0.3274573, 0.3004114, 0.4710899, 0
0.4780385, 0.2947591, 0.3612059, 0
0.4321748, 0.2724606, 0.3595887, 0
0.7193422, 0.1590163, 0.3573923, 0
0.795403, 0.2630576, 0.4889663, 0
0.4054871, 0.2035521, 0.7536512, 0
0.4756033, 0.1817457, 0.1556936, 0
0.602636, 0.225788, 0.2411317, 0
0.213677, 0.1876646, 0.5616712, 0
0.5166948, 0.2640423, 0.2319027, 0
0.3387202, 0.2653816, 0.4078757, 0
0.4730158, 0.2305075, 0.436846, 0
0.4557227, 0.3063536, 0.6279933, 0
0.375636, 0.1567828, 0.3800559, 0
0.2978902, 0.285805, 0.41474, 0
0.462244, 0.1746569, 0.3261432, 0
0.2097864, 0.2577699, 0.4152514, 0
0.6246874, 0.2482558, 0.3604615, 0
0.507646, 0.2020839, 0.161972, 0
0.6056373, 0.1823124, 0.5595487, 0
0.4924229, 0.1635633, 0.4638409, 0
0.290906, 0.2850693, 0.3721275, 0
0.2512111, 0.1704233, 0.4801289, 0
0.4625801, 0.2578451, 0.6045665, 0
0.6983127, 0.1720139, 0.2825555, 0
0.7697383, 0.2518547, 0.5101571, 0
0.581508, 0.2166535, 0.3687654, 0
0.5068806, 0.2335705, 0.7473881, 0
0.6947657, 0.2224149, 0.4413903, 0
0.4630879, 0.2559786, 0.2956045, 0
0.3656407, 0.1994429, 0.6633457, 0
0.6065865, 0.2165412, 0.7385449, 0
0.2515825, 0.2211447, 0.4328005, 0
0.2011319, 0.22625, 0.4924811, 0
0.644311, 0.214482, 0.5775048, 0
0.4879032, 0.2624802, 0.4413489, 0
0.2849256, 0.2897175, 0.5273847, 0
0.3453751, 0.2078227, 0.5663201, 0
0.4862732, 0.2590926, 0.7552022, 0
0.3305582, 0.1890305, 0.5462855, 0
0.3772377, 0.2570959, 0.5081532, 0
0.415536, 0.2984729, 0.2203699, 0
0.6049786, 0.1700983, 0.2881569, 0
0.5681642, 0.2627223, 0.1572621, 0
0.4318765, 0.1848269, 0.5792404, 0
0.5601906, 0.2628278, 0.6850267, 0
0.4898979, 0.2504697, 0.4341878, 0
0.5735801, 0.2035574, 0.3297036, 0
0.6986175, 0.2231878, 0.3715762, 0
0.3832673, 0.3048207, 0.593503, 0
0.507032, 0.2622834, 0.3885, 0
0.7783439, 0.1948651, 0.546036, 0
0.8085546, 0.1713664, 0.4854269, 0
0.5169724, 0.2973439, 0.3913052, 0
0.4754963, 0.2608108, 0.4199992, 0
0.2479288, 0.1794253, 0.677559, 0
0.7180926, 0.2169853, 0.5918768, 0
0.4442924, 0.2561181, 0.3423122, 0
0.3722525, 0.1673889, 0.3723562, 0
0.4473884, 0.250491, 0.4662987, 0
0.5423357, 0.2852045, 0.3386103, 0
0.3468387, 0.2458713, 0.7033365, 0
0.7097026, 0.1675104, 0.4612145, 0
0.58388, 0.2958457, 0.2443606, 0
0.6504813, 0.3104801, 0.5532836, 0
0.4446259, 0.1572594, 0.6638647, 0
0.4170035, 0.2024332, 0.6779268, 0
0.5959073, 0.1675085, 0.7065313, 0
0.4818337, 0.2347344, 0.4445812, 0
0.5867694, 0.2918977, 0.3677765, 0
0.467462, 0.2998875, 0.6014206, 0
0.4942721, 0.2741262, 0.1555798, 0
0.4039353, 0.2103574, 0.4125594, 0
0.7380266, 0.2128468, 0.489052, 0
0.7700608, 0.1955676, 0.475547, 0
0.6623098, 0.196627, 0.61186, 0
0.6115513, 0.1970868, 0.7160028, 0
0.312041, 0.1670299, 0.2123797, 0
0.3177084, 0.2149394, 0.5572941, 0
0.2254803, 0.1948327, 0.4116507, 0
0.6689079, 0.2815638, 0.3067325, 0
0.3405965, 0.2022354, 0.3487708, 0
0.234818, 0.1960962, 0.5333837, 0
0.5900169, 0.2980526, 0.5005726, 0
0.4179005, 0.2156706, 0.7454188, 0
0.6791082, 0.2718455, 0.5251922, 0
0.3142985, 0.185453, 0.3070696, 0
0.6841428, 0.2351003, 0.529941, 0
0.6132367, 0.1881064, 0.1652675, 0
0.4662279, 0.2950769, 0.5353904, 0
0.4404688, 0.2607602, 0.3597727, 0
0.4167447, 0.2246668, 0.4887438, 0
0.7537264, 0.2934254, 0.4508556, 0
0.3871613, 0.1924398, 0.6004336, 0
0.7618068, 0.2375666, 0.2567489, 0
0.6318939, 0.2872913, 0.5146724, 0
0.6785192, 0.2329283, 0.648852, 0
0.3629597, 0.2658972, 0.5448977, 0
0.5515398, 0.2789119, 0.2780223, 0
0.6425615, 0.2607365, 0.6326402, 0
0.438063, 0.1617425, 0.7815985, 0
0.5720539, 0.2565598, 0.2997448, 0
0.2928537, 0.2288137, 0.3946376, 0
0.3682253, 0.2477161, 0.3928888, 0
0.6831992, 0.1974795, 0.7176551, 0
0.6421043, 0.2759031, 0.5635087, 0
0.3120203, 0.2608297, 0.2954803, 0
0.6620306, 0.2370888, 0.3325066, 0
0.5260548, 0.1843213, 0.7041276, 0
0.6230882, 0.2224037, 0.4887971, 0
0.3013812, 0.1703756, 0.6173291, 0
0.5688482, 0.3011914, 0.5445867, 0
0.5664837, 0.230976, 0.3631643, 0
0.5139215, 0.2596911, 0.295156, 0
0.3338906, 0.1642951, 0.241309, 0
0.6446607, 0.2311808, 0.3684563, 0
0.2651964, 0.2545759, 0.5936385, 0
0.5244982, 0.1815965, 0.2588078, 0
0.491029, 0.3001637, 0.4384483, 0
0.1909992, 0.24139, 0.498887, 0
0.5419056, 0.2515633, 0.5825791, 0
0.4543816, 0.2838182, 0.681733, 0
0.5695662, 0.1845585, 0.7516291, 0
0.304679, 0.194264, 0.5401494, 0
0.3067678, 0.1601189, 0.4543529, 0
0.4551187, 0.20145, 0.1419864, 0
0.4216342, 0.2098558, 0.3962972, 0
0.7060163, 0.1891987, 0.5701959, 0
0.6583846, 0.1735408, 0.7233462, 0
0.2809991, 0.2001561, 0.3742107, 0
0.1836646, 0.1783763, 0.4429125, 0
0.5484623, 0.2120405, 0.6527858, 0
0.6016057, 0.2326682, 0.6436948, 0
0.7662925, 0.2289904, 0.2519377, 0
0.7501445, 0.1722477, 0.4133955, 0
0.6541375, 0.1936795, 0.2336004, 0
0.780695, 0.1996355, 0.2993213, 0
0.3778353, 0.2021382, 0.2889456, 0
0.6986517, 0.2675872, 0.2532877, 0
0.3813156, 0.2864132, 0.4087972, 0
0.3288733, 0.2969332, 0.4817219, 0
0.6820582, 0.1550585, 0.3421075, 0
0.3042974, 0.2297793, 0.6090137, 0
0.574136, 0.2567739, 0.1637205, 0
0.4233339, 0.2035294, 0.2415369, 0
0.6972882, 0.2751184, 0.4266456, 0
0.5606762, 0.1819959, 0.7957839, 0
0.6918314, 0.2141957, 0.5783306, 0
0.3293667, 0.2216663, 0.6033902, 0
0.3810724, 0.2227551, 0.5816349, 0
0.592232, 0.2937394, 0.5523983, 0
0.1928404, 0.1926495, 0.4343827, 0
0.3354409, 0.1624319, 0.2341911, 0
0.4315624, 0.1739057, 0.3577854, 0
0.6216005, 0.1741414, 0.2056153, 0
0.6255101, 0.2261452, 0.6979585, 0
0.2543584, 0.2082783, 0.4275966, 0
0.608698, 0.226358, 0.3781676, 0
0.5469729, 0.2058416, 0.6314973, 0
0.2257995, 0.19057, 0.5142021, 0
0.3765773, 0.1723469, 0.7472657, 0
0.1792219, 0.1787311, 0.4055018, 0
0.3827844, 0.2966772, 0.6549824, 0
0.7355484, 0.2267264, 0.2425038, 0
0.5365214, 0.2002614, 0.7775435, 0
0.2795083, 0.1903993, 0.5597604, 0
0.2521449, 0.2772413, 0.5210832, 0
0.2388207, 0.2462552, 0.4770603, 0
0.6715237, 0.2462934, 0.6626846, 0
0.7337779, 0.234388, 0.3174266, 0
0.5418681, 0.2366358, 0.2676152, 0
0.8375618, 0.2281273, 0.44773, 0
0.5287035, 0.2509157, 0.5231945, 0
0.351881, 0.2604238, 0.1904349, 0
0.5908591, 0.2127883, 0.1669027, 0
0.8216757, 0.211086, 0.5163621, 0
0.4214387, 0.2986321, 0.3307834, 0
0.359733, 0.2073354, 0.5869223, 0
0.7110143, 0.2302658, 0.3452116, 0
0.6985655, 0.2581618, 0.5354395, 0
0.4784995, 0.1964514, 0.3769398, 0
0.7183263, 0.254496, 0.3584137, 0
0.5436761, 0.2054324, 0.3017347, 0
0.3864402, 0.1964443, 0.2903271, 0
0.5707006, 0.1787665, 0.4730722, 0
0.48903, 0.3035815, 0.5634563, 0
0.6967837, 0.2685153, 0.2295795, 0
0.5951495, 0.2607969, 0.5472258, 0
0.2637692, 0.272512, 0.5192185, 0
0.706228, 0.2513272, 0.4772165, 0
0.3378282, 0.2358762, 0.2575181, 0
0.3615196, 0.2202235, 0.3983971, 0
0.6263629, 0.2233689, 0.1996699, 0
0.469741, 0.2105988, 0.5537729, 0
0.4684239, 0.2217905, 0.2187364, 0
0.5860559, 0.2076041, 0.6112082, 0
0.6026428, 0.1696391, 0.3941863, 0
0.3603378, 0.2995449, 0.4229383, 0
0.2586551, 0.2441848, 0.4927518, 0
0.6478802, 0.2328652, 0.6227602, 0
0.5918887, 0.1883583, 0.5829858, 0
0.3506686, 0.2566124, 0.726573, 0
0.4643965, 0.2119491, 0.5473051, 0
0.3720497, 0.1518789, 0.6682293, 0
0.6398194, 0.1551407, 0.6403083, 0
0.4156317, 0.1718229, 0.4180726, 0
0.6969122, 0.2360309, 0.5588165, 0
0.321798, 0.2572335, 0.3661544, 0
0.454268, 0.1829731, 0.1437663, 0
0.359392, 0.2924564, 0.4188017, 0
0.360881, 0.1872077, 0.3765247, 0
0.8008163, 0.2154049, 0.3960756, 0
0.3920011, 0.2239986, 0.1995934, 0
0.2766064, 0.2090898, 0.48328, 0
0.4683017, 0.2029895, 0.7266126, 0
0.4708165, 0.2240347, 0.747988, 0
0.4412628, 0.2754718, 0.6326531, 0
0.6202531, 0.1713179, 0.5980945, 0
0.4786552, 0.2513654, 0.3856532, 0
0.3175621, 0.2233187, 0.6650059, 0
0.4160156, 0.2373113, 0.624144, 0
0.7463576, 0.2496965, 0.2605684, 0
0.5084032, 0.2919964, 0.2374973, 0
0.5565812, 0.2247288, 0.6111627, 0
0.3781534, 0.1684476, 0.2856376, 0
0.6013587, 0.1685638, 0.2151005, 0
0.7436232, 0.2005241, 0.4788851, 0
0.2759119, 0.2927064, 0.3751617, 0
0.6855817, 0.2982211, 0.26465, 0
0.3981836, 0.2576165, 0.652612, 0
0.5838544, 0.2754278, 0.4715722, 0
0.2865469, 0.3034002, 0.4141424, 0
0.2933184, 0.2152939, 0.3813957, 0
0.3457339, 0.1575035, 0.4386051, 0
0.5619584, 0.1731738, 0.1084192, 0
0.4667817, 0.1872754, 0.3519178, 0
0.4144067, 0.177556, 0.6828579, 0
0.3012578, 0.2529632, 0.4983732, 0
0.2232642, 0.1821997, 0.6188275, 0
0.6924788, 0.1734613, 0.4761244, 0
0.4596954, 0.1595604, 0.4334135, 0
0.5831356, 0.1846634, 0.5385243, 0
0.4331837, 0.1976803, 0.412129, 0
0.4442371, 0.2278364, 0.3691908, 0
0.6702496, 0.2151568, 0.2435305, 0
0.7577137, 0.248948, 0.5963266, 0
0.2522202, 0.2662432, 0.3277821, 0
0.4707798, 0.2251498, 0.6229783, 0
0.4708345, 0.1913453, 0.2122707, 0
0.2559882, 0.2934804, 0.4560821, 0
0.6351796, 0.1630704, 0.5476667, 0
0.6008914, 0.242096, 0.7382968, 0
0.3407554, 0.2063807, 0.2351198, 0
0.7480363, 0.2775493, 0.6180803, 0
0.517525, 0.2465601, 0.5803298, 0
0.7531184, 0.2885189, 0.4884482, 0
0.4435168, 0.2416469, 0.5225552, 0
0.4083538, 0.2872007, 0.3655385, 0
0.737828, 0.2666923, 0.4755126, 0
0.6133635, 0.2686493, 0.4376503, 0
0.3949711, 0.2661467, 0.5115279, 0
0.3628806, 0.1953642, 0.7405631, 0
0.2550061, 0.1881396, 0.3563161, 0
0.7302796, 0.2584342, 0.5847323, 0
0.3111195, 0.194038, 0.7116064, 0
0.5081525, 0.160355, 0.135153, 0
0.3372782, 0.1724417, 0.5076855, 0
0.3657165, 0.2526602, 0.5857548, 0
0.5835808, 0.2619571, 0.5390476, 0
0.4924726, 0.268073, 0.700951, 0
0.2627632, 0.2823367, 0.4561538, 0
0.5048681, 0.2625359, 0.7434124, 0
0.2635335, 0.181885, 0.4438114, 0
0.6936333, 0.2642973, 0.501435, 0
0.522869, 0.1817206, 0.1215137, 0
0.5423223, 0.1861572, 0.4563331, 0
0.5102538, 0.1503291, 0.3120514, 0
0.7030311, 0.2544068, 0.5985047, 0
0.4995953, 0.2901905, 0.404875, 0
0.7279177, 0.188362, 0.385409, 0
0.6096178, 0.3016122, 0.5319538, 0
0.7437392, 0.1779549, 0.2751698, 0
0.2617288, 0.1780131, 0.2505751, 0
0.3485543, 0.2880533, 0.3711755, 0
0.3904521, 0.1753269, 0.5881398, 0
0.4134749, 0.1757337, 0.1773529, 0
0.344843, 0.1804895, 0.2868671, 0
0.3672429, 0.2740749, 0.6109984, 0
0.3049097, 0.2092, 0.6473361, 0
0.664427, 0.2946813, 0.4637582, 0
0.5412732, 0.1873381, 0.3659874, 0
0.2514484, 0.2802985, 0.438466, 0
0.3087358, 0.1771678, 0.401318, 0
0.2364403, 0.2526781, 0.5139844, 0
0.4240721, 0.1611475, 0.7548507, 0
0.6941789, 0.3017946, 0.5555385, 0
0.5125077, 0.2151784, 0.1834297, 0
0.240916, 0.2142712, 0.6226972, 0
0.57231, 0.2800966, 0.3995608, 0
0.3098487, 0.2712644, 0.3032504, 0
0.5490406, 0.2713546, 0.3891803, 0
0.4142974, 0.1822751, 0.7920461, 0
0.3714637, 0.212308, 0.6105549, 0
0.379546, 0.2926093, 0.3450835, 0
0.4624325, 0.1626112, 0.6547321, 0
0.655805, 0.2598895, 0.2097929, 0
0.300403, 0.2849717, 0.5738414, 0
0.5506681, 0.2481536, 0.5576665, 0
0.2990746, 0.2338483, 0.5810996, 0
0.6461699, 0.3045248, 0.2904703, 0
0.1809236, 0.2143373, 0.4935725, 0
0.611254, 0.266933, 0.6915451, 0
0.4286926, 0.2377912, 0.5984362, 0
0.8228417, 0.2361848, 0.4649644, 0
0.5747804, 0.2298481, 0.3255886, 0
0.4437375, 0.2536151, 0.2852275, 0
0.452094, 0.1700106, 0.2899614, 0
0.3584883, 0.1813439, 0.7365965, 0
0.4938422, 0.3080262, 0.6622627, 0
0.6693323, 0.2150884, 0.3618009, 0
0.6443315, 0.2301503, 0.5346096, 0
0.4689323, 0.2943392, 0.4111964, 0
0.5171185, 0.2063819, 0.5806451, 0
0.4050866, 0.2987743, 0.3295896, 0
0.3365375, 0.2182484, 0.6013899, 0
0.5933263, 0.1614649, 0.4840544, 0
0.298249, 0.1684603, 0.4276963, 0
0.5278986, 0.1827263, 0.24921, 0
0.4404345, 0.2048616, 0.7623035, 0
0.5971849, 0.2680669, 0.2122639, 0
0.6216373, 0.2979393, 0.5341316, 0
0.517699, 0.2448433, 0.3508238, 0
0.5395637, 0.2047431, 0.2441618, 0
0.6142036, 0.2388678, 0.2211579, 0
0.4631505, 0.2721806, 0.2819581, 0
0.2117667, 0.1953286, 0.3486113, 0
0.3633572, 0.2108114, 0.6785702, 0
0.7503753, 0.1827089, 0.4257432, 0
0.4482938, 0.2022807, 0.7139309, 0
0.3466097, 0.1743791, 0.7075633, 0
0.7352068, 0.2812507, 0.4323793, 0
0.5718761, 0.1574735, 0.6612111, 0
0.6507878, 0.1796206, 0.6632299, 0
0.7634352, 0.2543317, 0.487675, 0
0.6979268, 0.276765, 0.5028659, 0
0.6786414, 0.2341056, 0.4853037, 0
0.5449785, 0.210363, 0.2423464, 0
0.495, 0.3048411, 0.2703365, 0
0.2457381, 0.1814429, 0.2512868, 0
0.5375081, 0.2385565, 0.3714797, 0
0.5694181, 0.2050589, 0.1541815, 0
0.5500952, 0.2075237, 0.7457669, 0
0.5693306, 0.2196012, 0.5410237, 0
0.3720279, 0.2373229, 0.7325319, 0
0.3166608, 0.2058631, 0.190938, 0
0.5804904, 0.1828561, 0.6195078, 0
0.3172115, 0.1969534, 0.4823028, 0
0.4698891, 0.3083418, 0.6886809, 0
0.7627257, 0.2548015, 0.5417466, 0
0.7695264, 0.295701, 0.3468453, 0
0.6955857, 0.2093843, 0.2980679, 0
0.3658385, 0.2078165, 0.3932608, 0
0.6319972, 0.1985825, 0.5541607, 0
0.4298702, 0.2403125, 0.1825634, 0
0.4001708, 0.2996876, 0.42722, 0
0.4081968, 0.2533491, 0.3000499, 0
0.7330877, 0.2533538, 0.4753824, 0
0.5240887, 0.2230784, 0.7000754, 0
0.5487309, 0.2191759, 0.4530428, 0
0.3550583, 0.2559029, 0.4133456, 0
0.6479606, 0.2650129, 0.3131842, 0
0.5398508, 0.2206832, 0.7219372, 0
0.2596974, 0.252641, 0.5034933, 0
0.7642702, 0.2082007, 0.3508603, 0
0.5944257, 0.1924831, 0.1639527, 0
0.7224979, 0.1783809, 0.6796271, 0
0.647678, 0.2474209, 0.5984087, 0
0.432343, 0.2975291, 0.575377, 0
0.6330405, 0.2184197, 0.5826195, 0
0.4495763, 0.2589725, 0.7442542, 0
0.6862137, 0.2143209, 0.5804775, 0
0.5513514, 0.1750269, 0.3369973, 0
0.5711645, 0.2719201, 0.4379826, 0
0.7397405, 0.3056666, 0.3878099, 0
0.4280116, 0.2066494, 0.7349305, 0
0.5790426, 0.225892, 0.4327786, 0
0.4229531, 0.23373, 0.6942532, 0
0.7117944, 0.2037996, 0.3499731, 0
0.8082569, 0.2440374, 0.4305606, 0
0.5757474, 0.2282729, 0.6586423, 0
0.5832836, 0.1760578, 0.4148963, 0
0.6521027, 0.1631748, 0.5493051, 0
0.4668428, 0.2568153, 0.3090665, 0
0.7782872, 0.2758102, 0.3798606, 0
0.8090374, 0.2069393, 0.4239711, 0
0.7307084, 0.190077, 0.5736532, 0
0.5748941, 0.1881135, 0.1927346, 0
0.3698697, 0.2119104, 0.3232597, 0
0.4456405, 0.2627309, 0.6692033, 0
0.4868127, 0.2617874, 0.3552313, 0
0.50113, 0.1923379, 0.6318131, 0
0.5187948, 0.2559143, 0.5817063, 0
0.5401124, 0.2999936, 0.3363799, 0
0.7387425, 0.2305021, 0.4965881, 0
0.3682435, 0.2286539, 0.3992015, 0
0.5016457, 0.2088294, 0.4508317, 0
0.6749132, 0.2304946, 0.4299695, 0
0.6628949, 0.2118355, 0.4064116, 0
0.4070029, 0.1825873, 0.7758441, 0
0.1838031, 0.2223574, 0.4944338, 0
0.4889005, 0.2692577, 0.341586, 0
0.4519369, 0.2091056, 0.7480884, 0
0.6850702, 0.1968019, 0.2284284, 0
0.7392268, 0.1861688, 0.6147907, 0
0.5109387, 0.2839277, 0.238099, 0
0.4288587, 0.2311206, 0.529071, 0
0.4129733, 0.1589792, 0.6300068, 0
0.5114346, 0.2338038, 0.4185544, 0
0.1890666, 0.2495921, 0.4390776, 0
0.2604617, 0.2072214, 0.4435485, 0
0.4913664, 0.2501406, 0.1980688, 0
0.7188486, 0.1945911, 0.3015938, 0
0.5408008, 0.2022498, 0.6150971, 0
0.3138685, 0.2756872, 0.5750031, 0
0.7925242, 0.2791302, 0.4755687, 0
0.3594223, 0.2034206, 0.4603682, 0
0.3132658, 0.2635694, 0.2957125, 0
0.8317466, 0.2007436, 0.4625153, 0
0.4116392, 0.1656911, 0.1894035, 0
0.2738162, 0.2882256, 0.3262988, 0
0.7143966, 0.2175256, 0.3986419, 0
0.2582285, 0.1874856, 0.3951264, 0
0.6082898, 0.1860654, 0.3397581, 0
0.5919532, 0.2256206, 0.1379009, 0
0.4078814, 0.1671022, 0.5961389, 0
0.5690022, 0.1746051, 0.6369167, 0
0.7229548, 0.2288848, 0.4928602, 0
0.5021474, 0.1697181, 0.5834646, 0
0.3899851, 0.2718717, 0.5987599, 0
0.537849, 0.2785835, 0.3307929, 0
0.5130365, 0.2721363, 0.2762937, 0
0.6645254, 0.2519005, 0.3212526, 0
0.5888431, 0.2810445, 0.2294812, 0
0.4231577, 0.1470615, 0.3706348, 0
0.5195943, 0.174785, 0.239662, 0
0.4029044, 0.1816388, 0.3945329, 0
0.699029, 0.221748, 0.7032897, 0
0.345257, 0.2167328, 0.426875, 0
0.3758612, 0.2141673, 0.7197014, 0
0.7862031, 0.288071, 0.385346, 0
0.3174739, 0.2257055, 0.4636509, 0
0.6565442, 0.2182929, 0.5942491, 0
0.5096123, 0.2747886, 0.6122417, 0
0.5456793, 0.2176934, 0.2927467, 0
0.2699338, 0.2316115, 0.583169, 0
0.4721418, 0.2625183, 0.5119303, 0
0.6000021, 0.2367874, 0.7620793, 0
0.4140798, 0.1617637, 0.4519082, 0
0.3169894, 0.2628051, 0.5987974, 0
0.3032202, 0.1861035, 0.4136874, 0
0.6879659, 0.169572, 0.2510491, 0
0.7285715, 0.25193, 0.6022315, 0
0.6136786, 0.2182759, 0.2542904, 0
0.2534871, 0.1832568, 0.3112371, 0
0.3826171, 0.2681054, 0.6092235, 0
0.4956744, 0.1896682, 0.1453084, 0
0.6876847, 0.2400524, 0.422306, 0
0.723559, 0.1734702, 0.6705583, 0
0.2901725, 0.196042, 0.6132712, 0
0.3913823, 0.2783803, 0.7113033, 0
0.5433068, 0.2219525, 0.4433556, 0
0.7892595, 0.2401095, 0.4676337, 0
0.2544554, 0.1929487, 0.5043068, 0
0.5020269, 0.1829259, 0.3922826, 0
0.3336423, 0.1779004, 0.6673757, 0
0.4407077, 0.2307988, 0.7492114, 0
0.4611854, 0.27641, 0.4906699, 0
0.6023351, 0.2899036, 0.452948, 0
0.3173372, 0.2305317, 0.6318828, 0
0.3344623, 0.193356, 0.6242219, 0
0.6339589, 0.2279452, 0.2194188, 0
0.8189492, 0.2030113, 0.5736863, 0
0.406563, 0.2575687, 0.1990424, 0
0.465431, 0.2335773, 0.7516605, 0
0.6270935, 0.2976362, 0.2514036, 0
0.6138234, 0.2295014, 0.7520706, 0
0.4242606, 0.2175044, 0.7114508, 0
0.4454383, 0.1828766, 0.7293126, 0
0.3359682, 0.1709951, 0.1787364, 0
0.5831365, 0.256695, 0.4491144, 0
0.7007219, 0.1828139, 0.5916749, 0
0.6692623, 0.2635478, 0.4725728, 0
0.7450154, 0.3000691, 0.4162849, 0
0.3036751, 0.2863139, 0.5581638, 0
0.5973014, 0.3002331, 0.3096541, 0
0.4618614, 0.2604585, 0.5318574, 0
0.2490796, 0.2049207, 0.5041056, 0
0.4052913, 0.1632968, 0.6148216, 0
0.2918514, 0.1644968, 0.3069165, 0
0.7127027, 0.227942, 0.2815116, 0
0.521371, 0.2291618, 0.7733207, 0
0.4414289, 0.2301137, 0.4022617, 0
0.4431676, 0.2674012, 0.2813872, 0
0.294294, 0.2440446, 0.6639979, 0
0.2346019, 0.1991622, 0.4413889, 0
0.6412873, 0.1649618, 0.3296275, 0
0.3601146, 0.2371786, 0.1864721, 0
0.3033364, 0.1700933, 0.3072206, 0
0.4630677, 0.2811216, 0.3300265, 0
0.5168951, 0.2108055, 0.1225847, 0
0.3753458, 0.2165254, 0.4156804, 0
0.4115382, 0.1698267, 0.745176, 0
0.3717167, 0.272234, 0.5522698, 0
0.5639662, 0.2447315, 0.193817, 0
0.4601106, 0.2249971, 0.2547359, 0
0.3527383, 0.1679924, 0.3042296, 0
0.6215639, 0.2150255, 0.190881, 0
0.3685395, 0.2276536, 0.4645444, 0
0.7524132, 0.1687637, 0.379169, 0
0.5872846, 0.2605573, 0.2793277, 0
0.2963728, 0.1656643, 0.4462282, 0
0.694197, 0.2044977, 0.2085752, 0
0.5662419, 0.2507166, 0.3269207, 0
0.3271422, 0.1927855, 0.5623685, 0
0.4373063, 0.2867595, 0.4300995, 0
0.4751128, 0.1866571, 0.4292897, 0
0.5936424, 0.3005109, 0.4561491, 0
0.3096547, 0.1975799, 0.2404766, 0
0.5508301, 0.1920514, 0.5462394, 0
0.5785321, 0.2165976, 0.478784, 0
0.7827898, 0.2074444, 0.5046079, 0
0.3951018, 0.1572569, 0.6363056, 0
0.7111186, 0.2522142, 0.3018338, 0
0.4381789, 0.265867, 0.1607552, 0
0.64085, 0.1677596, 0.4258438, 0
0.7734048, 0.278715, 0.459042, 0
0.3563808, 0.1826496, 0.4028171, 0
0.4036044, 0.2342841, 0.562521, 0
0.2501974, 0.1841137, 0.4113685, 0
0.2237873, 0.2468788, 0.5649986, 0
0.4517527, 0.2189548, 0.6604441, 0
0.6809876, 0.2959315, 0.6360168, 0
0.721512, 0.1710447, 0.3460552, 0
0.7946046, 0.1853367, 0.2480828, 0
0.5638669, 0.2398342, 0.5390898, 0
0.7132815, 0.2138289, 0.5279152, 0
0.3294267, 0.2923574, 0.2862177, 0
0.6596898, 0.1954134, 0.3095424, 0
0.7364126, 0.1747248, 0.3519867, 0
0.7599432, 0.2294717, 0.2550129, 0
0.2721808, 0.1663868, 0.2659441, 0
0.3764711, 0.1683608, 0.3083367, 0
0.5465301, 0.286942, 0.1785827, 0
0.6681179, 0.2715892, 0.4131475, 0
0.558902, 0.1700411, 0.1893507, 0
0.686231, 0.2479239, 0.5070893, 0
0.3305329, 0.2324445, 0.2989765, 0
0.3694055, 0.304524, 0.5378491, 0
0.2352551, 0.2397927, 0.3237333, 0
0.7702117, 0.2089, 0.5464376, 0
0.4380694, 0.1679252, 0.1337137, 0
0.4862688, 0.233823, 0.6067798, 0
0.5203053, 0.2102563, 0.729376, 0
0.3904743, 0.2562535, 0.3884672, 0
0.3878696, 0.2339794, 0.7550073, 0
0.299091, 0.2072828, 0.2282498, 0
0.2487218, 0.2727094, 0.4727616, 0
0.6750997, 0.2759861, 0.4810996, 0
0.7690355, 0.2805262, 0.3952498, 0
0.2132443, 0.1852639, 0.4689736, 0
0.5231415, 0.2041703, 0.3633092, 0
0.7266641, 0.2109808, 0.2879, 0
0.2580514, 0.2267154, 0.34591, 0
0.6227157, 0.1651439, 0.4805827, 0
0.4006212, 0.1853893, 0.7220961, 0
0.3888047, 0.1867821, 0.2614954, 0
0.2581278, 0.2349186, 0.5799393, 0
0.7725295, 0.2247574, 0.4005211, 0
0.442377, 0.1874427, 0.5874523, 0
0.6380753, 0.1759661, 0.6459158, 0
0.5330852, 0.2452069, 0.1450338, 0
0.5480834, 0.2678727, 0.2541665, 0
0.5090837, 0.1656024, 0.7264827, 0
0.4406547, 0.236331, 0.5951414, 0
0.5770074, 0.249079, 0.4117367, 0
0.3367333, 0.2508239, 0.2445237, 0
0.7262391, 0.2226625, 0.6455205, 0
0.7333687, 0.2259427, 0.3277321, 0
0.3358212, 0.2157785, 0.2113729, 0
0.4038652, 0.189741, 0.5126511, 0
0.6553986, 0.1649046, 0.5251048, 0
0.4196045, 0.2398488, 0.6590597, 0
0.6068097, 0.1946188, 0.4721608, 0
0.3727229, 0.2316455, 0.527347, 0
0.3624147, 0.2079031, 0.2477037, 0
0.2950081, 0.1488516, 0.3801545, 0
0.3805644, 0.2511615, 0.3230479, 0
0.7806832, 0.2112474, 0.3031197, 0
0.6113861, 0.2097891, 0.5706805, 0
0.5909063, 0.2822916, 0.3022996, 0
0.5330039, 0.212346, 0.504414, 0
0.3028517, 0.2799962, 0.4686581, 0
0.6302927, 0.1557247, 0.4618399, 0
0.4145754, 0.2289872, 0.5158416, 0
0.3554556, 0.2633128, 0.5770721, 0
0.5159198, 0.2692268, 0.2680803, 0
0.6038404, 0.2568398, 0.67901, 0
0.5842916, 0.1873751, 0.5614137, 0
0.419102, 0.281393, 0.4106365, 0
0.5062624, 0.2516801, 0.6839986, 0
0.6782389, 0.291419, 0.3484165, 0
0.3074117, 0.2128158, 0.390914, 0
0.6398008, 0.1721995, 0.1960244, 0
0.4046338, 0.2039367, 0.3397857, 0
0.5228432, 0.249318, 0.4922059, 0
0.3306315, 0.2464789, 0.2743541, 0
0.5089375, 0.1949396, 0.357291, 0
0.6888548, 0.183853, 0.4597416, 0
0.6474653, 0.2825314, 0.4555431, 0
0.2175447, 0.2402582, 0.3651046, 0
0.7260313, 0.1791297, 0.3656858, 0
0.79829, 0.1920946, 0.3679188, 0
0.3486351, 0.1884499, 0.3975733, 0
0.4821285, 0.1827783, 0.3753057, 0
0.6351085, 0.2963244, 0.6690083, 0
0.392111, 0.2453408, 0.2376914, 0
0.4684561, 0.2902078, 0.7337908, 0
0.797931, 0.2763565, 0.3731558, 0
0.4192672, 0.2553078, 0.5358298, 0
0.2645983, 0.1965393, 0.2442273, 0
0.6697572, 0.2708286, 0.6116031, 0
0.3539388, 0.2167348, 0.414016, 0
0.5460668, 0.182532, 0.4427745, 0
0.2246417, 0.2543037, 0.3549305, 0
0.3406276, 0.1660946, 0.4382521, 0
0.4788711, 0.1957398, 0.4620648, 0
0.7311581, 0.2738298, 0.4082701, 0
0.5716243, 0.2640359, 0.5592107, 0
0.2782966, 0.1810658, 0.5405391, 0
0.6034523, 0.2310376, 0.5878636, 0
0.8240418, 0.2405273, 0.4914228, 0
0.203395, 0.1549439, 0.4381781, 0
0.3714437, 0.2340888, 0.7101871, 0
0.3862695, 0.19881, 0.4193479, 0
0.6217489, 0.2770489, 0.4620929, 0
0.3990083, 0.2118613, 0.7297, 0
0.3262731, 0.1990875, 0.4311533, 0
0.6113332, 0.2030312, 0.2188227, 0
0.4669527, 0.1813782, 0.2449083, 0
0.2525993, 0.1793392, 0.3551278, 0
0.7243388, 0.2137892, 0.5994086, 0
0.2737584, 0.2512492, 0.5173768, 0
0.5920826, 0.1842759, 0.3948981, 0
0.420625, 0.2560382, 0.2210606, 0
0.6149833, 0.2573878, 0.4080478, 0
0.6877953, 0.2417275, 0.4844688, 0
0.4952024, 0.287827, 0.4584508, 0
0.5591893, 0.2875716, 0.2143668, 0
0.1979587, 0.2407047, 0.3938686, 0
0.3079554, 0.2690011, 0.5644671, 0
0.4311665, 0.2600617, 0.6412086, 0
0.7310662, 0.2836146, 0.3213353, 0
0.6384701, 0.1895642, 0.6993359, 0
0.426026, 0.2643906, 0.3691513, 0
0.5680711, 0.2774655, 0.5891668, 0
0.5633774, 0.2688667, 0.478903, 0
0.5492904, 0.1826836, 0.5510235, 0
0.4801525, 0.1584886, 0.5691976, 0
0.764954, 0.2473255, 0.2754273, 0
0.3380288, 0.2808293, 0.5867801, 0
0.5219052, 0.1798028, 0.5654261, 0
0.7892227, 0.2466778, 0.3986689, 0
0.4667204, 0.2829848, 0.3961267, 0
0.3081216, 0.2035409, 0.5265343, 0
0.4666323, 0.2486866, 0.3781005, 0
0.6402017, 0.1709138, 0.6577399, 0
0.2854225, 0.2143303, 0.3825958, 0
0.4309371, 0.1903557, 0.7470079, 0
0.5701345, 0.235032, 0.2158717, 0
0.44235, 0.1698636, 0.3636683, 0
0.7520126, 0.2552888, 0.4328405, 0
0.4118915, 0.1768408, 0.5168071, 0
0.6182411, 0.2731787, 0.451392, 0
0.7020195, 0.2605144, 0.653946, 0
0.6173974, 0.2138288, 0.5270807, 0
0.7467406, 0.2053318, 0.3167131, 0
0.5007453, 0.2022023, 0.6284001, 0
0.6441312, 0.1909446, 0.7557305, 0
0.460493, 0.2797784, 0.6371738, 0
0.3029127, 0.2750618, 0.5494453, 0
0.5288652, 0.2046411, 0.125911, 0
0.6692702, 0.2788487, 0.3852088, 0
0.6333014, 0.1705892, 0.5036245, 0
0.5010858, 0.2558196, 0.7547614, 0
0.4825667, 0.2384187, 0.1290708, 0
0.5224336, 0.2300308, 0.7299697, 0
0.4976414, 0.2343962, 0.3588611, 0
0.2691073, 0.1583108, 0.499022, 0
0.6467515, 0.2302272, 0.4460266, 0
0.7188641, 0.260143, 0.6050515, 0
0.2179258, 0.2806387, 0.4959618, 0
0.3713022, 0.2788581, 0.3729823, 0
0.3719321, 0.1999345, 0.4356067, 0
0.515175, 0.2400978, 0.3423309, 0
0.5439629, 0.1803521, 0.3118628, 0
0.6449323, 0.1703631, 0.212572, 0
0.437512, 0.1802456, 0.6926703, 0
0.7504724, 0.1951846, 0.4474216, 0
0.6588853, 0.2733202, 0.6728102, 0
0.2437397, 0.1772632, 0.4707197, 0
0.5848386, 0.1945007, 0.5907007, 0
0.4753388, 0.2450344, 0.6144267, 0
0.3553716, 0.1856262, 0.3257371, 0
0.6311414, 0.2326349, 0.716597, 0
0.4383459, 0.2479447, 0.6320105, 0
0.6017184, 0.1919604, 0.2183054, 0
0.7643703, 0.2453201, 0.5523986, 0
0.421882, 0.1881459, 0.7419269, 0
0.3397167, 0.2272489, 0.4482569, 0
0.5287984, 0.2620734, 0.2070518, 0
0.3898975, 0.1602631, 0.23816, 0
0.4591469, 0.2114941, 0.3189745, 0
0.3823119, 0.3053035, 0.6149011, 0
0.6507918, 0.1773854, 0.1560101, 0
0.7403111, 0.162595, 0.5010211, 0
0.5169795, 0.2926136, 0.6514708, 0
0.4960949, 0.2698947, 0.4283477, 0
0.6109052, 0.1694083, 0.5814474, 0
0.7430398, 0.2949773, 0.4031412, 0
0.298611, 0.221833, 0.5605491, 0
0.4055931, 0.224934, 0.544955, 0
0.5686801, 0.276312, 0.3478754, 0
0.4636331, 0.1826293, 0.3849885, 0
0.6206307, 0.2840447, 0.6297821, 0
0.4359331, 0.2630293, 0.7191662, 0
0.8020577, 0.2345167, 0.3268808, 0
0.3010057, 0.18225, 0.3706831, 0
0.294348, 0.2899129, 0.3022363, 0
0.5224121, 0.1961679, 0.783313, 0
0.3988717, 0.298245, 0.6525607, 0
0.4225325, 0.2344885, 0.2452468, 0
0.3893244, 0.1581734, 0.4124284, 0
0.6374198, 0.2549426, 0.2827015, 0
0.4228942, 0.2977102, 0.3333856, 0
0.624849, 0.2352105, 0.6361909, 0
0.3164127, 0.2581565, 0.4298663, 0
0.3554344, 0.2175756, 0.3801875, 0
0.5922713, 0.1707844, 0.2216648, 0
0.4172333, 0.2538974, 0.4948424, 0
0.469988, 0.2250199, 0.473206, 0
0.5474296, 0.288134, 0.6469963, 0
0.4235346, 0.1799264, 0.784551, 0
0.4374696, 0.2540067, 0.4353942, 0
0.7385516, 0.194333, 0.4148909, 0
0.2510415, 0.1926262, 0.3151679, 0
0.6401734, 0.2416667, 0.350684, 0
0.5278026, 0.2835765, 0.4439325, 0
0.7820678, 0.1911547, 0.5816612, 0
0.4707392, 0.2085374, 0.3622929, 0
0.4535798, 0.2044599, 0.2303519, 0
0.6430224, 0.2149752, 0.7256908, 0
0.2375399, 0.1838329, 0.2575017, 0
0.7389772, 0.2734466, 0.5192879, 0
0.2865747, 0.2447377, 0.5962308, 0
0.3942883, 0.2543562, 0.3241383, 0
0.4203581, 0.1905047, 0.1437847, 0
0.5489609, 0.2806762, 0.4522297, 0
0.6642711, 0.2610246, 0.5573742, 0
0.6126788, 0.2182424, 0.2777186, 0
0.6686521, 0.2883633, 0.3795758, 0
0.5626339, 0.1637077, 0.603379, 0
0.5593676, 0.2744924, 0.2237018, 0
0.282635, 0.2440258, 0.3886081, 0
0.7619051, 0.2577886, 0.5882639, 0
0.3266192, 0.1557642, 0.2087657, 0
0.7871457, 0.1976088, 0.2982003, 0
0.4405178, 0.1859681, 0.6480332, 0
0.6682618, 0.2092618, 0.2153069, 0
0.5382156, 0.2353821, 0.5834517, 0
0.6777056, 0.2307257, 0.4767048, 0
0.4774848, 0.1708124, 0.7336166, 0
0.5975723, 0.165447, 0.4004773, 0
0.2022611, 0.2592786, 0.5248238, 0
0.2305549, 0.1839069, 0.4490578, 0
0.2319289, 0.2816173, 0.5290422, 0
0.3832744, 0.1740649, 0.2776903, 0
0.5593674, 0.2138029, 0.7417893, 0
0.5597498, 0.2690982, 0.1995755, 0
0.274439, 0.1900085, 0.2527957, 0
0.4277472, 0.285625, 0.6379487, 0
0.2249473, 0.167253, 0.5457038, 0
0.2572325, 0.1684378, 0.3851641, 0
0.434252, 0.2479665, 0.2342588, 0
0.3743299, 0.1585994, 0.5070078, 0
0.5437602, 0.1719589, 0.1455841, 0
0.6001092, 0.169592, 0.5636684, 0
0.5758321, 0.3033563, 0.6442945, 0
0.6672849, 0.2472965, 0.5508475, 0
0.7871143, 0.2053473, 0.5860714, 0
0.4088148, 0.2008466, 0.3519247, 0
0.5412334, 0.2665149, 0.3322773, 0
0.3871839, 0.1879703, 0.7216272, 0
0.5654386, 0.1632608, 0.4503665, 0
0.6324455, 0.1865374, 0.3971446, 0
0.6372373, 0.2983124, 0.3746708, 0
0.5029973, 0.3043773, 0.6605875, 0
0.6552625, 0.2070278, 0.4644171, 0
0.540854, 0.2572709, 0.7555595, 0
0.5845655, 0.2810498, 0.6718128, 0
0.3228648, 0.3039338, 0.3875485, 0
0.5356552, 0.2700408, 0.4466786, 0
0.3214252, 0.1931727, 0.3970284, 0
0.4229657, 0.2648482, 0.5741775, 0
0.2441671, 0.2407171, 0.487624, 0
0.2948095, 0.2702011, 0.6785077, 0
0.3503744, 0.1585003, 0.5907497, 0
0.6716416, 0.155365, 0.4250918, 0
0.467676, 0.267918, 0.1925621, 0
0.4092406, 0.2279131, 0.4955718, 0
0.5883005, 0.2122037, 0.1819215, 0
0.5401005, 0.1941365, 0.5731926, 0
0.6654334, 0.2995225, 0.5806248, 0
0.3230957, 0.2339192, 0.5241007, 0
0.2299811, 0.1991822, 0.5412942, 0
0.5886009, 0.2182366, 0.1872926, 0
0.7213876, 0.1605821, 0.5042221, 0
0.5632495, 0.2196335, 0.6675196, 0
0.5332789, 0.1956868, 0.2698712, 0
0.6771785, 0.1821736, 0.4752055, 0
0.4096957, 0.1910156, 0.3814516, 0
0.5212227, 0.2074338, 0.3573037, 0
0.7428438, 0.2530017, 0.4528161, 0
0.6734024, 0.2239276, 0.2422973, 0
0.468121, 0.2832648, 0.4551827, 0
0.5354712, 0.2019257, 0.3935529, 0
0.5392854, 0.2576521, 0.4617299, 0
0.4168547, 0.2617796, 0.7506037, 0
0.5688925, 0.3056246, 0.6343869, 0
0.5253996, 0.1887753, 0.3242303, 0
0.5532028, 0.2276666, 0.4897637, 0
0.6831813, 0.1978979, 0.1916605, 0
0.2320077, 0.2622456, 0.3318581, 0
0.1881448, 0.2233033, 0.3869541, 0
0.293429, 0.1714026, 0.457094, 0
0.1753495, 0.1919155, 0.468381, 0
0.6880755, 0.1677857, 0.6701177, 0
0.4617244, 0.235158, 0.4562631, 0
0.3243879, 0.2682587, 0.2754251, 0
0.573955, 0.2302976, 0.5740674, 0
0.2095125, 0.178302, 0.5551304, 0
0.3939189, 0.2832291, 0.4907286, 0
0.5331676, 0.1487475, 0.5955066, 0
0.7940532, 0.1859902, 0.5785519, 0
0.4649569, 0.2184667, 0.3741437, 0
0.5038859, 0.1674236, 0.6382705, 0
0.527574, 0.160557, 0.6132085, 0
0.3247931, 0.1591584, 0.1812916, 0
0.7682874, 0.2532061, 0.6354384, 0
0.6157134, 0.1949283, 0.7493066, 0
0.3014476, 0.1998536, 0.6583581, 0
0.7387274, 0.1566659, 0.5643988, 0
0.7917165, 0.214586, 0.3335784, 0
0.2955191, 0.2214549, 0.5520828, 0
0.1996205, 0.2285292, 0.3630849, 0
0.3824811, 0.2281467, 0.4624839, 0
0.3548342, 0.1760649, 0.5574601, 0
0.4025972, 0.2235877, 0.1690139, 0
0.2891831, 0.2352614, 0.3351154, 0
0.2281168, 0.1942636, 0.6335894, 0
0.6223065, 0.2267659, 0.1450452, 0
0.7654885, 0.2588505, 0.6115696, 0
0.6714513, 0.2481944, 0.5945053, 0
0.6304728, 0.2750935, 0.3843933, 0
0.6058512, 0.2858228, 0.4385301, 0
0.419587, 0.3036141, 0.5870272, 0
0.3493054, 0.2127496, 0.4471647, 0
0.3884295, 0.1940631, 0.6633984, 0
0.4570862, 0.1628457, 0.4577592, 0
0.3364505, 0.2622925, 0.5734435, 0
0.309324, 0.2035669, 0.4192015, 0
0.6759421, 0.2264131, 0.6498826, 0
0.7130169, 0.2068531, 0.5693659, 0
0.3207372, 0.2650047, 0.2341933, 0
0.4198297, 0.197106, 0.7623128, 0
0.3168318, 0.2801359, 0.4902048, 0
0.2376372, 0.2016516, 0.3061673, 0
0.4317076, 0.2426952, 0.2246367, 0
0.4789132, 0.184183, 0.444183, 0
0.5735679, 0.1703514, 0.3434432, 0
0.5185741, 0.3012463, 0.7015699, 0
0.6991884, 0.2604342, 0.5787156, 0
0.368922, 0.2290563, 0.610167, 0
0.6136647, 0.1901099, 0.464186, 0
0.7209989, 0.2179715, 0.2433471, 0
0.6669954, 0.3022728, 0.5925573, 0
0.1966522, 0.1787955, 0.4613089, 0
0.4516543, 0.2317362, 0.6116429, 0
0.6657769, 0.2380547, 0.6862633, 0
0.240647, 0.181917, 0.4500748, 0
0.8301951, 0.189521, 0.3146782, 0
0.7342685, 0.1874892, 0.4853366, 0
0.528202, 0.2041972, 0.5872438, 0
0.2240756, 0.2735372, 0.4631851, 0
0.4364867, 0.293834, 0.6284367, 0
0.2550803, 0.1844431, 0.5142726, 0
0.3767137, 0.1779378, 0.1755924, 0
0.4312739, 0.1945291, 0.5860516, 0
0.7538568, 0.2739131, 0.4541544, 0
0.7590243, 0.2792792, 0.5426303, 0
0.8475348, 0.1937225, 0.4664849, 0
0.6251799, 0.2719776, 0.5362435, 0
0.2235676, 0.1637251, 0.4581385, 0
0.676222, 0.2028884, 0.5115672, 0
0.3928151, 0.2491041, 0.3472315, 0
0.5845097, 0.1843843, 0.2740728, 0
0.2266982, 0.2057539, 0.3151589, 0
0.4178497, 0.1554168, 0.2002805, 0
0.7408741, 0.2923149, 0.4091438, 0
0.5110375, 0.199115, 0.557836, 0
0.4049926, 0.2444285, 0.556768, 0
0.5338093, 0.2409027, 0.392803, 0
0.735498, 0.2910007, 0.5278675, 0
0.30099, 0.2596694, 0.3362299, 0
0.7192717, 0.2946095, 0.5871651, 0
0.3619819, 0.1846818, 0.4290514, 0
0.4320577, 0.2105029, 0.5805268, 0
0.5047644, 0.2374482, 0.5505854, 0
0.6481509, 0.2238356, 0.7383099, 0
0.3050863, 0.1868024, 0.6214558, 0
0.2713651, 0.1930025, 0.3604096, 0
0.3752276, 0.2037024, 0.4376421, 0
0.7472612, 0.2216175, 0.4965546, 0
0.3772381, 0.2726449, 0.3678591, 0
0.7025194, 0.1604919, 0.3970051, 0
0.287062, 0.2833531, 0.3805817, 0
0.317917, 0.2623877, 0.3326358, 0
0.4629519, 0.1973918, 0.3774882, 0
0.5161827, 0.1556049, 0.7516642, 0
0.4839992, 0.1960062, 0.1525387, 0
0.5317006, 0.2179869, 0.675798, 0
0.4079941, 0.2986895, 0.4008211, 0
0.530248, 0.1833361, 0.5377216, 0
0.3834068, 0.1828968, 0.5860099, 0
0.8282523, 0.215452, 0.5119984, 0
0.233128, 0.1752881, 0.6107916, 0
0.5690929, 0.282891, 0.4278332, 0
0.2903118, 0.1857987, 0.2652785, 0
0.7122165, 0.1762282, 0.4196556, 0
0.541546, 0.2577828, 0.576344, 0
0.6851116, 0.1994338, 0.4827057, 0
0.4887713, 0.25021, 0.3633018, 0
0.5939572, 0.1674836, 0.5551463, 0
0.3096152, 0.2056123, 0.5728226, 0
0.3257777, 0.1934779, 0.5272908, 0
0.3582415, 0.2899866, 0.2986826, 0
0.6397844, 0.2634145, 0.6278288, 0
0.4242038, 0.2784916, 0.7426369, 0
0.5083237, 0.2162315, 0.6110475, 0
0.2847227, 0.2632839, 0.4199934, 0
0.3153145, 0.3009263, 0.5888497, 0
0.4653963, 0.1859416, 0.6023361, 0
0.4482049, 0.190821, 0.1809087, 0
0.8147578, 0.1805478, 0.3758613, 0
0.3286316, 0.1802849, 0.4549932, 0
0.3699594, 0.1675714, 0.4690348, 0
0.4117097, 0.2040789, 0.4947589, 0
0.3249893, 0.1920662, 0.519334, 0
0.5293813, 0.2003069, 0.4922611, 0
0.5004437, 0.1962018, 0.4661732, 0
0.7204111, 0.2500179, 0.6859448, 0
0.3692394, 0.1807584, 0.4847769, 0
0.4537164, 0.2550028, 0.5373189, 0
0.6607321, 0.2922399, 0.3175236, 0
0.7702695, 0.3016087, 0.3747149, 0
0.4472482, 0.2426982, 0.5752236, 0
0.2795003, 0.1957293, 0.2854414, 0
0.7922685, 0.2739689, 0.3547972, 0
0.3521511, 0.2245533, 0.2052625, 0
0.5321118, 0.1578847, 0.3584356, 0
0.3318514, 0.2694506, 0.318557, 0
0.2319706, 0.2030619, 0.4877542, 0
0.4056154, 0.2464627, 0.6827776, 0
0.5871137, 0.2920324, 0.3492437, 0
0.6442717, 0.205129, 0.638584, 0
0.4241832, 0.2078122, 0.6377878, 0
0.3598103, 0.2336803, 0.4134972, 0
0.6493926, 0.2093623, 0.7174018, 0
0.3790177, 0.215084, 0.472945, 0
0.5291955, 0.1646114, 0.3478787, 0
0.6972831, 0.159687, 0.45848, 0
0.3864495, 0.2323053, 0.3489344, 0
0.8401198, 0.194696, 0.3569171, 0
0.4728176, 0.1797177, 0.5385986, 0
0.4649284, 0.2117905, 0.6481768, 0
0.801335, 0.2115986, 0.5320195, 0
0.6882591, 0.2975233, 0.4656803, 0
0.4972819, 0.2172917, 0.4236936, 0
0.5701659, 0.2824275, 0.2523304, 0
0.3802053, 0.1844441, 0.1389038, 0
0.2996193, 0.1953613, 0.491941, 0
0.5556538, 0.1838387, 0.5195259, 0
0.6700574, 0.2599219, 0.2987895, 0
0.3783284, 0.2179762, 0.3995531, 0
0.4931301, 0.1762778, 0.1510978, 0
0.8182521, 0.2572438, 0.4848896, 0
0.4330336, 0.1956472, 0.6573095, 0
0.7636142, 0.1855637, 0.4923997, 0
0.4011375, 0.1844478, 0.6992714, 0
0.6385825, 0.2188633, 0.5847013, 0
0.4371891, 0.1853953, 0.5602384, 0
0.820341, 0.1885708, 0.3099395, 0
0.4767864, 0.201941, 0.1216935, 0
0.5817531, 0.2994301, 0.6039668, 0
0.2638235, 0.2084892, 0.6576076, 0
0.6974065, 0.2601525, 0.413702, 0
0.5659121, 0.1868754, 0.3107614, 0
0.3734928, 0.1713545, 0.7237595, 0
0.3457046, 0.1683087, 0.1845264, 0
0.7823755, 0.2814035, 0.4596531, 0
0.6529236, 0.2851959, 0.7022524, 0
0.4878708, 0.2112971, 0.2564684, 0
0.7185556, 0.2435049, 0.4970901, 0
0.2310243, 0.1963468, 0.5511805, 0
0.5996258, 0.2270468, 0.7531888, 0
0.4708858, 0.190741, 0.4390506, 0
0.5225679, 0.273548, 0.5263894, 0
0.7788551, 0.1793772, 0.4030519, 0
0.2285602, 0.2506653, 0.373973, 0
0.45334, 0.1547431, 0.1973728, 0
0.6430684, 0.2626228, 0.5418953, 0
0.5985531, 0.2701047, 0.4843459, 0
0.388731, 0.2694779, 0.3805328, 0
0.6635756, 0.2802613, 0.237428, 0
0.5090292, 0.1574541, 0.5077688, 0
0.3918104, 0.3001216, 0.598066, 0
0.6346861, 0.2207051, 0.1870946, 0
0.5939877, 0.1993244, 0.6876017, 0
0.6086013, 0.2848916, 0.5931859, 0
0.639876, 0.248113, 0.7063122, 0
0.7275432, 0.1948632, 0.6104348, 0
0.602967, 0.1756342, 0.4534183, 0
0.4460131, 0.29907, 0.6096262, 0
0.5453775, 0.1925247, 0.6674494, 0
0.6816158, 0.1882775, 0.1893666, 0
0.741671, 0.2672695, 0.4596109, 0
0.3876624, 0.1667881, 0.2754353, 0
0.5624303, 0.2789318, 0.6962745, 0
0.4997528, 0.2371621, 0.7252125, 0
0.6767666, 0.156356, 0.4577127, 0
0.4948822, 0.1865644, 0.4232765, 0
0.1753026, 0.2052527, 0.4605547, 0
0.7759255, 0.1966324, 0.2853807, 0
0.3684435, 0.1648295, 0.6077804, 0
0.3113741, 0.2502841, 0.6122058, 0
0.4471331, 0.2305739, 0.257578, 0
0.5902966, 0.1894861, 0.6429028, 0
0.4005501, 0.2107674, 0.3841286, 0
0.8191403, 0.1798808, 0.4155288, 0
0.7549332, 0.169586, 0.2716987, 0
0.6717373, 0.2401363, 0.4102012, 0
0.7230008, 0.2073014, 0.6667346, 0
0.6437692, 0.2312785, 0.2935466, 0
0.3087625, 0.187103, 0.3775636, 0
0.7943102, 0.2388985, 0.4340131, 0
0.5797684, 0.1936419, 0.4697539, 0
0.6473722, 0.2615032, 0.5752943, 0
0.273782, 0.1562753, 0.4878868, 0
0.512369, 0.2696635, 0.5349424, 0
0.2873438, 0.1797536, 0.5846822, 0
0.7049652, 0.2101606, 0.3588799, 0
0.3358512, 0.2767393, 0.2735742, 0
0.6306076, 0.2445478, 0.2776003, 0
0.6366106, 0.1693911, 0.5038517, 0
0.2495543, 0.2275515, 0.571049, 0
0.4448509, 0.187479, 0.5537236, 0
0.7843192, 0.1739333, 0.5283874, 0
0.3152615, 0.2507716, 0.4146045, 0
0.6396387, 0.2599534, 0.514573, 0
0.8236378, 0.246365, 0.5215312, 0
0.4409706, 0.2601346, 0.3224952, 0
0.6065208, 0.2406088, 0.5937175, 0
0.2124857, 0.2414153, 0.3343503, 0
0.2763457, 0.2121089, 0.6413378, 0
0.4840376, 0.1793423, 0.6356825, 0
0.6438739, 0.2679342, 0.321209, 0
0.2631529, 0.2197792, 0.3191069, 0
0.5321339, 0.3002127, 0.4972309, 0
0.7193564, 0.2693932, 0.3086346, 0
0.4708122, 0.1711868, 0.4467441, 0
0.6776021, 0.2161118, 0.1895849, 0
0.5323123, 0.183004, 0.102134, 0
0.4716098, 0.2555691, 0.2470276, 0
0.727072, 0.2367678, 0.5618255, 0
0.7686952, 0.2616336, 0.2817139, 0
0.5397188, 0.1581329, 0.4425022, 0
0.6419077, 0.1992411, 0.2182292, 0
0.6143606, 0.2247633, 0.5276541, 0
0.3527199, 0.2440294, 0.5328575, 0
0.5163032, 0.2988522, 0.5458163, 0
0.8154167, 0.2604305, 0.5111747, 0
0.450415, 0.1978547, 0.5373362, 0
0.518733, 0.1658524, 0.7024216, 0
0.608379, 0.1671331, 0.6948991, 0
0.4559762, 0.1766154, 0.2599715, 0
0.4029973, 0.2860178, 0.4395933, 0
0.5921248, 0.2812218, 0.6268917, 0
0.673649, 0.228155, 0.2670648, 0
0.6632009, 0.2501068, 0.3876819, 0
0.6921265, 0.2318222, 0.4583095, 0
0.5105711, 0.2155516, 0.7763619, 0
0.7742927, 0.2091154, 0.2801606, 0
0.3180738, 0.1928835, 0.6597852, 0
0.614328, 0.229758, 0.531354, 0
0.2166057, 0.2145428, 0.5749785, 0
0.4678333, 0.286009, 0.3677318, 0
0.5052147, 0.2234029, 0.5870389, 0
0.5389045, 0.3116173, 0.6538929, 0
0.6573665, 0.2934287, 0.4263561, 0
0.4840513, 0.2268956, 0.1683897, 0
0.4784766, 0.2484751, 0.229947, 0
0.7523337, 0.2045593, 0.6219383, 0
0.3246128, 0.1617896, 0.26558, 0
0.5224255, 0.1915937, 0.2095857, 0
0.7528599, 0.2443717, 0.3351691, 0
0.4221032, 0.2887411, 0.2091232, 0
0.4295231, 0.2094849, 0.7601042, 0
0.6478631, 0.2235031, 0.4435021, 0
0.2182714, 0.1817699, 0.6310086, 0
0.5227089, 0.2493301, 0.4673305, 0
0.5332645, 0.2667621, 0.6932222, 0
0.4992342, 0.1650599, 0.3125395, 0
0.3133577, 0.1773042, 0.5976508, 0
0.6592106, 0.2428003, 0.2521558, 0
0.4491758, 0.2895969, 0.2406483, 0
0.5621351, 0.1909015, 0.5830498, 0
0.2583733, 0.2254121, 0.6533809, 0
0.5682782, 0.1574997, 0.548986, 0
0.7325541, 0.2487234, 0.4259585, 0
0.1955427, 0.1824189, 0.411178, 0
0.359595, 0.2078516, 0.3597524, 0
0.5858806, 0.2405158, 0.6389697, 0
0.3271336, 0.2150836, 0.245512, 0
0.4044068, 0.2408528, 0.7451106, 0
0.5816458, 0.2971255, 0.6400775, 0
0.6183386, 0.2298719, 0.6240921, 0
0.3801959, 0.2521166, 0.6444269, 0
0.4170896, 0.204368, 0.2615162, 0
0.4016006, 0.1887358, 0.3028819, 0
0.3795288, 0.2060653, 0.681451, 0
0.5897754, 0.2319959, 0.544316, 0
0.4004944, 0.2891564, 0.2401575, 0
0.5368727, 0.17144, 0.4937266, 0
0.518137, 0.2574569, 0.4565358, 0
0.3408696, 0.2127619, 0.6109559, 0
0.7074362, 0.2861006, 0.5801551, 0
0.7750819, 0.2257914, 0.2714179, 0
0.2149183, 0.2581644, 0.5450782, 0
0.4081497, 0.2878154, 0.5266814, 0
0.6214852, 0.1733852, 0.4413881, 0
0.5837518, 0.2647749, 0.4858852, 0
0.4040183, 0.2797326, 0.5501383, 0
0.4547361, 0.178362, 0.4416573, 0
0.4110417, 0.269865, 0.614302, 0
0.8325302, 0.1910308, 0.5033213, 0
0.7251064, 0.2450524, 0.292007, 0
0.2186566, 0.1600329, 0.481154, 0
0.5693043, 0.1795089, 0.2793703, 0
0.3509052, 0.2868149, 0.4302423, 0
0.2336479, 0.1737278, 0.6263344, 0
0.3611105, 0.2899647, 0.5275818, 0
0.6896476, 0.2332852, 0.4478883, 0
0.5830179, 0.2705116, 0.4454263, 0
0.5576281, 0.1894674, 0.2597669, 0
0.4159371, 0.2937506, 0.6914054, 0
0.694078, 0.2122271, 0.2673606, 0
0.7986141, 0.185409, 0.2539896, 0
0.3247588, 0.1696474, 0.3013426, 0
0.587987, 0.2462483, 0.1564632, 0
0.2437587, 0.1663583, 0.4499209, 0
0.5581684, 0.2929576, 0.3282305, 0
0.5336796, 0.2847812, 0.4297918, 0
0.5003181, 0.2551861, 0.6091052, 0
0.7505521, 0.2946101, 0.4370451, 0
0.6203074, 0.1613234, 0.5179896, 0
0.3957474, 0.2989855, 0.3600862, 0
0.6833765, 0.2818903, 0.4677313, 0
0.2864393, 0.2003912, 0.2488507, 0
0.6944138, 0.2299214, 0.432974, 0
0.7923352, 0.1907515, 0.5042917, 0
0.743544, 0.221775, 0.4979544, 0
0.4933885, 0.2447789, 0.2477086, 0
0.4941619, 0.2751352, 0.2664296, 0
0.4925338, 0.217683, 0.3263239, 0
0.7312117, 0.3086324, 0.4551919, 0
0.665581, 0.1873516, 0.1509156, 0
0.5849414, 0.1911623, 0.5363195, 0
0.7255101, 0.2903224, 0.4749393, 0
0.7066666, 0.2307066, 0.2140097, 0
0.5356163, 0.2813338, 0.5944872, 0
0.330469, 0.2393494, 0.3252934, 0
0.3736487, 0.2370033, 0.5399805, 0
0.2926752, 0.2388493, 0.4405488, 0
0.4219619, 0.1955403, 0.7042199, 0
0.3450878, 0.1961664, 0.6599203, 0
0.7356058, 0.2230829, 0.6837026, 0
0.5954496, 0.3055606, 0.4193597, 0
0.2776686, 0.2516107, 0.5815578, 0
0.5361257, 0.2928883, 0.4342825, 0
0.4387037, 0.1860657, 0.3144165, 0
0.8000932, 0.2442511, 0.4254903, 0
0.2862289, 0.2049524, 0.6091146, 0
0.5915366, 0.2506161, 0.2158945, 0
0.7419962, 0.2471742, 0.29949, 0
0.6024456, 0.2584929, 0.5941643, 0
0.5235016, 0.2926948, 0.2149469, 0
0.6927451, 0.2828331, 0.591737, 0
0.3575136, 0.1923302, 0.4978545, 0
0.2826771, 0.1937055, 0.6920205, 0
0.6391653, 0.2377599, 0.5269004, 0
0.5413111, 0.2643643, 0.2235397, 0
0.5048224, 0.2557247, 0.6714873, 0
0.4880512, 0.2546976, 0.7259874, 0
0.6946956, 0.2912349, 0.2595901, 0
0.6816733, 0.1747075, 0.474865, 0
0.6871651, 0.203204, 0.2783749, 0
0.3145182, 0.2452294, 0.5732248, 0
0.4781896, 0.279134, 0.3762528, 0
0.4941674, 0.2995387, 0.3965617, 0
0.6063137, 0.2006104, 0.5426354, 0
0.7050055, 0.1645285, 0.5384551, 0
0.414163, 0.2999882, 0.3442153, 0
0.600832, 0.1488662, 0.4406328, 0
0.2837653, 0.1785128, 0.4598829, 0
0.789196, 0.2579879, 0.5630614, 0
0.5382075, 0.2068658, 0.596549, 0
0.6896639, 0.2364933, 0.4939467, 0
0.4483572, 0.1720374, 0.5470995, 0
0.2559695, 0.235842, 0.346903, 0
0.463612, 0.1570456, 0.2305555, 0
0.3945701, 0.2898278, 0.3052532, 0
0.5653453, 0.1824298, 0.1134716, 0
0.4479934, 0.2530431, 0.5252923, 0
0.5279642, 0.2270896, 0.2748843, 0
0.4153574, 0.1744885, 0.7835777, 0
0.7805125, 0.2295068, 0.4798362, 0
0.2577175, 0.1632751, 0.2759617, 0
0.3508328, 0.2662625, 0.6881699, 0
0.2916959, 0.2665209, 0.3941107, 0
0.6709894, 0.2630282, 0.2540332, 0
0.5890294, 0.1984813, 0.3806146, 0
0.8285357, 0.2441449, 0.4524106, 0
0.5912775, 0.1886871, 0.5729236, 0
0.6833646, 0.2864333, 0.27102, 0
0.4010765, 0.2098528, 0.679673, 0
0.479863, 0.2304291, 0.6409413, 0
0.5613774, 0.3043263, 0.2664191, 0
0.679099, 0.2548198, 0.554503, 0
0.3130843, 0.2423538, 0.2140711, 0
0.4959163, 0.2598537, 0.2009788, 0
0.4631072, 0.2590088, 0.4159855, 0
0.7256301, 0.2656858, 0.2502187, 0
0.2557545, 0.1645926, 0.2807603, 0
0.7805095, 0.2077249, 0.4234953, 0
0.71701, 0.2055923, 0.4979129, 0
0.6770011, 0.1629604, 0.2686489, 0
0.3702832, 0.2917746, 0.3244022, 0
0.2780549, 0.1991801, 0.3712412, 0
0.5912238, 0.1858819, 0.4575926, 0
0.6053644, 0.2925356, 0.3376572, 0
0.4730398, 0.2133525, 0.5889753, 0
0.2044971, 0.2169428, 0.4736999, 0
0.5100412, 0.243048, 0.2566164, 0
0.5469409, 0.2423535, 0.4144963, 0
0.3526331, 0.2364088, 0.4288845, 0
0.7133189, 0.2829208, 0.6209815, 0
0.2137143, 0.2675075, 0.5110575, 0
0.596735, 0.2662363, 0.3689315, 0
0.6088728, 0.2875041, 0.4849624, 0
0.363324, 0.2918991, 0.6170867, 0
0.6129166, 0.2532746, 0.3606167, 0
0.4835365, 0.1970978, 0.2701395, 0
0.4901914, 0.2471507, 0.7515282, 0
0.2072025, 0.2056979, 0.522511, 0
0.5019758, 0.301005, 0.7009338, 0
0.683378, 0.2022699, 0.6407335, 0
0.5993289, 0.2328149, 0.7377593, 0
0.4345062, 0.1612971, 0.4536237, 0
0.749894, 0.2248731, 0.5358472, 0
0.2979268, 0.1871121, 0.4711943, 0
0.354843, 0.2015859, 0.306852, 0
0.4156148, 0.2528728, 0.2686065, 0
0.5541754, 0.25724, 0.6024303, 0
0.5514717, 0.2408597, 0.2133286, 0
0.6334768, 0.3053904, 0.2711685, 0
0.6661009, 0.1965404, 0.2515214, 0
0.6606838, 0.256681, 0.2919841, 0
0.3934789, 0.2716159, 0.6825631, 0
0.541005, 0.2999952, 0.3365653, 0
0.6953131, 0.237601, 0.6769443, 0
0.3973554, 0.2166088, 0.4438229, 0
0.6244518, 0.2688754, 0.1875524, 0
0.6248714, 0.2956665, 0.5331613, 0
0.2802619, 0.264414, 0.4473894, 0
0.4369776, 0.1716697, 0.3715816, 0
0.6612458, 0.2030017, 0.2227498, 0
0.8029217, 0.2478927, 0.5211388, 0
0.7852153, 0.1813131, 0.4343208, 0
0.5860571, 0.1893408, 0.3627522, 0
0.249422, 0.2767558, 0.416324, 0
0.2786634, 0.2440943, 0.4227541, 0
0.669136, 0.2642182, 0.5364464, 0
0.7187196, 0.281112, 0.479413, 0
0.4214607, 0.2271341, 0.7595484, 0
0.4991863, 0.2857814, 0.6647497, 0
0.4495568, 0.1961632, 0.5635, 0
0.7942189, 0.2199294, 0.2938316, 0
0.333697, 0.2523119, 0.6799235, 0
0.3426824, 0.1943635, 0.2157883, 0
0.7151424, 0.1766999, 0.6904453, 0
0.6400471, 0.1734017, 0.3788102, 0
0.5715461, 0.1996113, 0.2361783, 0
0.2463339, 0.1666149, 0.5332667, 0
0.7425354, 0.1925066, 0.398407, 0
0.4942413, 0.2077622, 0.1285948, 0
0.7204463, 0.1900541, 0.2622456, 0
0.4646467, 0.2926572, 0.5196416, 0
0.6492059, 0.216854, 0.5187547, 0
0.5531255, 0.1986787, 0.6722252, 0
0.2690633, 0.3003684, 0.4330846, 0
0.5723753, 0.1725208, 0.355307, 0
0.4772227, 0.1952961, 0.6233336, 0
0.2648368, 0.2663975, 0.4429925, 0
0.745037, 0.2531757, 0.3221091, 0
0.758004, 0.2845153, 0.3575124, 0
0.6333522, 0.1897722, 0.2535461, 0
0.3128027, 0.173519, 0.6021848, 0
0.6558442, 0.2087806, 0.5431654, 0
0.5359495, 0.2839823, 0.6868227, 0
0.4943257, 0.2188485, 0.6623071, 0
0.3195531, 0.250954, 0.3551019, 0
0.6259772, 0.2948478, 0.5754902, 0
0.6155183, 0.2845984, 0.6423286, 0
0.5183088, 0.1996298, 0.4993147, 0
0.4726371, 0.3031435, 0.3866776, 0
0.541299, 0.2341164, 0.3296441, 0
0.4039321, 0.1582282, 0.4195404, 0
0.3600442, 0.2020788, 0.2086774, 0
0.6761993, 0.2508285, 0.1968308, 0
0.2725443, 0.257754, 0.2702837, 0
0.6048549, 0.2743033, 0.6048425, 0
0.7737399, 0.2345419, 0.5688401, 0
0.3541009, 0.2030751, 0.5570496, 0
0.5813298, 0.2250582, 0.4330734, 0
0.5414407, 0.2119895, 0.325096, 0
0.4042458, 0.26176, 0.6678336, 0
0.7075058, 0.2810649, 0.6008283, 0
0.8193435, 0.2606128, 0.5018344, 0
0.553598, 0.2892708, 0.5143606, 0
0.5755925, 0.2560484, 0.4186966, 0
0.6580236, 0.1897075, 0.7105055, 0
0.3167929, 0.1928251, 0.6075176, 0
0.3891684, 0.1633032, 0.1874672, 0
0.624419, 0.2657402, 0.5994777, 0
0.4069526, 0.2448433, 0.6666557, 0
0.7753418, 0.2639421, 0.6192898, 0
0.2372041, 0.1986588, 0.3768425, 0
0.4943111, 0.2734826, 0.2590162, 0
0.4446948, 0.2164412, 0.339146, 0
0.2908822, 0.2843534, 0.3410265, 0
0.4468915, 0.1738495, 0.4867879, 0
0.3400125, 0.2531089, 0.6248846, 0
0.6527749, 0.2018056, 0.6023862, 0
0.7526762, 0.204341, 0.6329376, 0
0.5422674, 0.2431686, 0.4146115, 0
0.2963354, 0.2124325, 0.2989244, 0
0.6139007, 0.2639943, 0.2743987, 0
0.5301957, 0.1626736, 0.404209, 0
0.6881656, 0.1637694, 0.7016697, 0
0.216704, 0.194319, 0.3918973, 0
0.7247465, 0.2557317, 0.3764698, 0
0.467822, 0.2405541, 0.7256822, 0
0.5393525, 0.1734915, 0.1814487, 0
0.7842524, 0.2110078, 0.2759965, 0
0.2482703, 0.1657553, 0.2929324, 0
0.3016088, 0.229483, 0.2612475, 0
0.5592967, 0.2328869, 0.4517118, 0
0.2307707, 0.1973923, 0.5463924, 0
0.613274, 0.2047714, 0.4054126, 0
0.478548, 0.301217, 0.6411592, 0
0.5159087, 0.228687, 0.1379994, 0
0.424779, 0.1981186, 0.3283981, 0
0.3515921, 0.301474, 0.4034146, 0
0.5285988, 0.2648272, 0.5253865, 0
0.5783695, 0.1751896, 0.5855014, 0
0.4659109, 0.2206886, 0.6384233, 0
0.4241863, 0.1839228, 0.7709678, 0
0.3292234, 0.2350478, 0.6317506, 0
0.3541447, 0.2208124, 0.7367314, 0
0.4698622, 0.218037, 0.2635412, 0
0.6779062, 0.288677, 0.5810338, 0
0.3806925, 0.197425, 0.3259796, 0
0.4810876, 0.2081055, 0.434509, 0
0.3744318, 0.2275852, 0.3896443, 0
0.3515143, 0.2266652, 0.4647477, 0
0.3138443, 0.1885375, 0.5603788, 0
0.8039325, 0.2122227, 0.5266493, 0
0.5279223, 0.1916085, 0.4291798, 0
0.2840964, 0.2340363, 0.243054, 0
0.3076013, 0.2603904, 0.457751, 0
0.5137869, 0.1623171, 0.606855, 0
0.5868899, 0.3011659, 0.418743, 0
0.5528177, 0.1954357, 0.3334926, 0
0.7016662, 0.1719232, 0.4679408, 0
0.7075962, 0.2230188, 0.6022293, 0
0.4356835, 0.2615689, 0.3293897, 0
0.41716, 0.2109214, 0.4788434, 0
0.3484973, 0.2754051, 0.2019238, 0
0.7958422, 0.275886, 0.5373047, 0
0.2924807, 0.2670507, 0.2825592, 0
0.4983205, 0.2190714, 0.6429377, 0
0.7441577, 0.2545411, 0.6484273, 0
0.5579625, 0.2450122, 0.4354685, 0
0.2640598, 0.1968638, 0.399498, 0
0.7028149, 0.2539248, 0.5520502, 0
0.5383264, 0.2460122, 0.3570597, 0
0.2272722, 0.1908798, 0.3893692, 0
0.4190158, 0.2284548, 0.455289, 0
0.5626677, 0.1906072, 0.6797547, 0
0.359911, 0.2565031, 0.6279182, 0
0.7260757, 0.2083819, 0.4021577, 0
0.7704902, 0.2785431, 0.3430834, 0
0.3985155, 0.2224344, 0.3950755, 0
0.5258899, 0.2706869, 0.5241457, 0
0.5097385, 0.1733228, 0.6696064, 0
0.5485376, 0.2943227, 0.262625, 0
0.6313618, 0.185568, 0.1219005, 0
0.6493448, 0.254686, 0.6453939, 0
0.6444913, 0.2119242, 0.6748152, 0
0.3336024, 0.2351509, 0.6825163, 0
0.4698598, 0.160041, 0.6661254, 0
0.697913, 0.2001065, 0.5508454, 0
0.6186188, 0.2173405, 0.20616, 0
0.623215, 0.1838734, 0.452725, 0
0.4520898, 0.2600771, 0.6027975, 0
0.3197041, 0.1582673, 0.5495074, 0
0.6241865, 0.1890588, 0.6194596, 0
0.2255121, 0.1875256, 0.5094473, 0
0.4417745, 0.204556, 0.5639244, 0
0.4642507, 0.2749943, 0.6978657, 0
0.4893019, 0.2702125, 0.6287305, 0
0.393849, 0.188783, 0.3749866, 0
0.445546, 0.271543, 0.2749164, 0
0.6449433, 0.2726152, 0.2917123, 0
0.702788, 0.2589504, 0.3330392, 0
0.6723691, 0.2504097, 0.2114176, 0
0.6576476, 0.2698425, 0.6323269, 0
0.7121665, 0.2968486, 0.506429, 0
0.5934171, 0.1935661, 0.5192101, 0
0.5723783, 0.2557465, 0.745945, 0
0.4480161, 0.2652771, 0.2148547, 0
0.2871089, 0.2651088, 0.6440787, 0
0.3495424, 0.1691138, 0.7211312, 0
0.7255121, 0.3003185, 0.5829865, 0
0.2526185, 0.2738913, 0.5530134, 0
0.5670802, 0.1747979, 0.435255, 0
0.6854926, 0.2643236, 0.4872385, 0
0.2677634, 0.1589222, 0.2828338, 0
0.2642822, 0.1718372, 0.4879136, 0
0.3396807, 0.2179498, 0.5192022, 0
0.5592207, 0.2935299, 0.6321796, 0
0.4445839, 0.2125447, 0.6663653, 0
0.4564896, 0.2599905, 0.3976071, 0
0.7949421, 0.2250965, 0.544292, 0
0.8519428, 0.1796417, 0.507733, 0
0.6301726, 0.201907, 0.2932031, 0
0.412553, 0.2206078, 0.6899769, 0
0.2416461, 0.2305518, 0.5238026, 0
0.3129148, 0.1540997, 0.3633333, 0
0.7312119, 0.2388309, 0.4792092, 0
0.5613154, 0.1614604, 0.4624292, 0
0.5984553, 0.1792016, 0.2936865, 0
0.2646313, 0.2791998, 0.5037527, 0
0.7337018, 0.2680773, 0.3365776, 0
0.6130576, 0.2373253, 0.3956376, 0
0.3986585, 0.2334562, 0.7610989, 0
0.2889867, 0.2153119, 0.6287299, 0
0.3540879, 0.2139933, 0.1935032, 0
0.4940169, 0.2511567, 0.2690915, 0
0.6419049, 0.2321598, 0.5815673, 0
0.548697, 0.2324, 0.1293608, 0
0.3487193, 0.2356834, 0.5767781, 0
0.5774246, 0.2278776, 0.2699989, 0
0.3090377, 0.195801, 0.5453786, 0
0.6375977, 0.1964558, 0.2349178, 0
0.4595979, 0.2198687, 0.63578, 0
0.6267624, 0.2992547, 0.4095906, 0
0.6524034, 0.2074955, 0.7373973, 0
0.7104197, 0.2450175, 0.3270845, 0
0.7936594, 0.1976127, 0.5849815, 0
0.6845998, 0.2668187, 0.5224226, 0
0.740976, 0.2065254, 0.6136939, 0
0.4142929, 0.2857775, 0.4069557, 0
0.2088035, 0.2318434, 0.4709474, 0
0.2805718, 0.1780228, 0.443698, 0
0.3443021, 0.2126186, 0.3142455, 0
0.582947, 0.2090265, 0.7082229, 0
0.5606617, 0.179804, 0.7207812, 0
0.3597736, 0.2739946, 0.1977021, 0
0.4070989, 0.2571008, 0.6636811, 0
0.6164894, 0.2596058, 0.311352, 0
0.7615039, 0.2244299, 0.4150661, 0
0.630303, 0.2756442, 0.5193533, 0
0.1737689, 0.1668124, 0.4531863, 0
0.3435605, 0.2467554, 0.4900298, 0
0.624662, 0.2221411, 0.5258031, 0
0.6366778, 0.2906261, 0.5539708, 0
0.7006872, 0.1762485, 0.2014193, 0
0.5883631, 0.198986, 0.6774445, 0
0.658404, 0.1642103, 0.5245988, 0
0.525816, 0.3027523, 0.5154853, 0
0.4864777, 0.2189683, 0.1844649, 0
0.2503044, 0.1649087, 0.3226448, 0
0.8029778, 0.2863671, 0.488356, 0
0.5702856, 0.2561937, 0.6881771, 0
0.4109277, 0.2807404, 0.4805951, 0
0.4513658, 0.1746144, 0.4531576, 0
0.8082552, 0.1714415, 0.4536506, 0
0.2477452, 0.2012665, 0.4866878, 0
0.3455011, 0.217692, 0.4470301, 0
0.242731, 0.2032094, 0.3400704, 0
0.3701669, 0.1628335, 0.2408215, 0
0.2406434, 0.2706883, 0.3707142, 0
0.3306837, 0.1900342, 0.3010742, 0
0.7504494, 0.2367983, 0.5985402, 0
0.4900602, 0.2754007, 0.5602328, 0
0.482451, 0.2709646, 0.2688632, 0
0.5882407, 0.2994966, 0.3207132, 0
0.7610873, 0.2890676, 0.550391, 0
0.3473532, 0.2885984, 0.5083697, 0
0.6509502, 0.2041021, 0.3480031, 0
0.2352637, 0.2140267, 0.6362472, 0
0.7108329, 0.2243268, 0.4433314, 0
0.3753966, 0.2306497, 0.6240243, 0
0.8052152, 0.2082012, 0.3098212, 0
0.447472, 0.227672, 0.730224, 0
0.6753729, 0.2252067, 0.5342187, 0
0.3491617, 0.2079558, 0.6641186, 0
0.3696229, 0.295083, 0.6121625, 0
0.7804962, 0.2903056, 0.532721, 0
0.2653278, 0.1967948, 0.3132927, 0
0.3077078, 0.2673454, 0.3644584, 0
0.7115331, 0.2177956, 0.2458341, 0
0.4679854, 0.2225529, 0.7020352, 0
0.2000202, 0.2467885, 0.4494019, 0
0.6565637, 0.1951387, 0.5319417, 0
0.5576842, 0.2319256, 0.1718846, 0
0.450602, 0.2380843, 0.7329554, 0
0.2210822, 0.2738354, 0.4225543, 0
0.4740086, 0.2372078, 0.1846126, 0
0.5638052, 0.164848, 0.1564971, 0
0.2692522, 0.2879631, 0.4766182, 0
0.534858, 0.1853308, 0.7903514, 0
0.4368805, 0.2887496, 0.3649209, 0
0.7197829, 0.254071, 0.6086856, 0
0.6077761, 0.2002502, 0.2136773, 0
0.3147298, 0.263988, 0.6105043, 0
0.4395531, 0.3041632, 0.6774679, 0
0.6002041, 0.2417291, 0.5979898, 0
0.4480027, 0.1747762, 0.2749634, 0
0.8208558, 0.2193836, 0.3604985, 0
0.5704847, 0.1820785, 0.42972, 0
0.4509753, 0.175812, 0.7207258, 0
0.6759316, 0.1586872, 0.4669046, 0
0.4514869, 0.2300227, 0.4856466, 0
0.7303478, 0.2284923, 0.5149868, 0
0.5723132, 0.2411028, 0.1439659, 0
0.5284567, 0.2897181, 0.5383629, 0
0.7932573, 0.2736229, 0.3434472, 0
0.5860528, 0.1879252, 0.7275162, 0
0.4539548, 0.1817391, 0.738178, 0
0.7124981, 0.1831419, 0.5716044, 0
0.6590667, 0.2407501, 0.5922968, 0
0.6867521, 0.2039644, 0.5196562, 0
0.8151538, 0.2072232, 0.5202222, 0
0.7045544, 0.2138167, 0.2595944, 0
0.4530562, 0.2402961, 0.1895131, 0
0.2998405, 0.1907074, 0.6830266, 0
0.664045, 0.2741391, 0.2770423, 0
0.5025055, 0.2044949, 0.5987388, 0
0.5484112, 0.2136754, 0.3377777, 0
0.6384016, 0.2164329, 0.4865818, 0
0.7654621, 0.2210662, 0.2941204, 0
0.2511134, 0.1919177, 0.4979795, 0
0.3403907, 0.2512684, 0.6429632, 0
0.4199897, 0.2032327, 0.271361, 0
0.433082, 0.2892352, 0.261138, 0
0.3847921, 0.1625929, 0.5668173, 0
0.671456, 0.1961884, 0.394024, 0
0.4307936, 0.1605607, 0.329494, 0
0.3912271, 0.2712846, 0.3505363, 0
0.6413966, 0.1747274, 0.4939953, 0
0.2430434, 0.2603115, 0.3415087, 0
0.5393005, 0.2620441, 0.3980929, 0
0.6362493, 0.1885517, 0.4886796, 0
0.5150954, 0.260832, 0.462993, 0
0.370324, 0.2734944, 0.5503264, 0
0.463427, 0.2755037, 0.3405877, 0
0.3946102, 0.2976991, 0.310517, 0
0.7305843, 0.3060881, 0.5522682, 0
0.2232389, 0.2557993, 0.459003, 0
0.5038756, 0.1910032, 0.4081408, 0
0.7071556, 0.2113185, 0.2033723, 0
0.4311293, 0.1864822, 0.5115074, 0
0.7807174, 0.1756823, 0.6701775, 0
0.3044585, 0.1640142, 0.6555874, 0
0.7836936, 0.2040435, 0.4753813, 0
0.4841101, 0.2399441, 0.3801916, 0
0.6641929, 0.2524486, 0.470575, 0
0.3988066, 0.1533594, 0.6950736, 0
0.5484308, 0.3043428, 0.6670828, 0
0.4223626, 0.21973, 0.4525453, 0
0.7410439, 0.2407118, 0.4171731, 0
0.6078743, 0.1645971, 0.3463295, 0
0.2981274, 0.201215, 0.4398221, 0
0.294744, 0.2756194, 0.4957041, 0
0.2027224, 0.2498073, 0.4392343, 0
0.7437106, 0.2564478, 0.3495374, 0
0.2846583, 0.2240268, 0.5838003, 0
0.4667217, 0.222833, 0.2291335, 0
0.4602573, 0.2391164, 0.6471791, 0
0.3171489, 0.2764669, 0.2457946, 0
0.4714296, 0.2796814, 0.5699586, 0
0.6161017, 0.1908047, 0.4952423, 0
0.5746845, 0.2712385, 0.654222, 0
0.196986, 0.1876561, 0.3440563, 0
0.6189901, 0.1781588, 0.345742, 0
0.5659149, 0.1829312, 0.5888367, 0
0.6241764, 0.2167803, 0.3261377, 0
0.8042179, 0.2075265, 0.4063225, 0
0.5130754, 0.2557594, 0.753443, 0
0.6473962, 0.150012, 0.4206773, 0
0.7847933, 0.2475995, 0.2956845, 0
0.7388682, 0.1730928, 0.5284402, 0
0.4886146, 0.1654182, 0.3700043, 0
0.4168583, 0.2807023, 0.2919497, 0
0.4579793, 0.2351973, 0.7212065, 0
0.6574062, 0.1815505, 0.4476032, 0
0.4645992, 0.1793671, 0.168199, 0
0.5726091, 0.2923889, 0.7148291, 0
0.3237422, 0.2703053, 0.4209455, 0
0.4988607, 0.2443364, 0.6208805, 0
0.5271417, 0.1835474, 0.4950958, 0
0.3086981, 0.2477875, 0.6915802, 0
0.528599, 0.2462005, 0.6973584, 0
0.5797161, 0.2311854, 0.6880174, 0
0.3679306, 0.1612708, 0.7334002, 0
0.2701851, 0.2179442, 0.5784875, 0
0.6667012, 0.2964653, 0.2856316, 0
0.6175472, 0.2113731, 0.3398689, 0
0.5758581, 0.2169384, 0.4489997, 0
0.2975308, 0.1972051, 0.6630676, 0
0.5144475, 0.1785601, 0.630037, 0
0.3225393, 0.2935774, 0.3327291, 0
0.6488811, 0.2779737, 0.6108723, 0
0.238947, 0.2367984, 0.5005913, 0
0.553493, 0.2159631, 0.7741824, 0
0.7232643, 0.2877283, 0.332208, 0
0.7680644, 0.2810057, 0.3094968, 0
0.461271, 0.165713, 0.7859313, 0
0.2317259, 0.2429524, 0.5911623, 0
0.376316, 0.2695908, 0.5512508, 0
0.4330183, 0.2484909, 0.4076288, 0
0.5473442, 0.2163105, 0.2897539, 0
0.8190076, 0.2359493, 0.5614661, 0
0.5432817, 0.2435601, 0.319871, 0
0.3756876, 0.1719888, 0.7305296, 0
0.3254417, 0.183047, 0.5015978, 0
0.3945083, 0.2045387, 0.6597843, 0
0.3349887, 0.1688302, 0.6935065, 0
0.722221, 0.274583, 0.3129531, 0
0.3831932, 0.2097438, 0.4862204, 0
0.6657878, 0.2449776, 0.6802435, 0
0.7499932, 0.2670271, 0.5423983, 0
0.4871992, 0.2991905, 0.6716689, 0
0.5685802, 0.2775606, 0.7165483, 0
0.5071201, 0.1764283, 0.6313674, 0
0.6772676, 0.2249819, 0.5900279, 0
0.4489489, 0.2900939, 0.3609018, 0
0.4223849, 0.1783247, 0.5405698, 0
0.4642578, 0.2593066, 0.1966163, 0
0.2926362, 0.2672918, 0.2653545, 0
0.3352875, 0.1822739, 0.741294, 0
0.5327039, 0.2098487, 0.2428662, 0
0.7456846, 0.2224327, 0.4958217, 0
0.4113609, 0.1551134, 0.4032777, 0
0.3834672, 0.2070031, 0.1574762, 0
0.6114118, 0.1760648, 0.2262972, 0
0.6469553, 0.226136, 0.4791519, 0
0.2640808, 0.2068244, 0.448671, 0
0.4806592, 0.2492733, 0.1620307, 0
0.7400212, 0.1734978, 0.6576119, 0
0.7441255, 0.1739882, 0.390573, 0
0.4802304, 0.2727019, 0.2155856, 0
0.564551, 0.2444235, 0.1605776, 0
0.4668703, 0.1993289, 0.3060329, 0
0.6714826, 0.1811665, 0.647338, 0
0.4328074, 0.2457021, 0.3283136, 0
0.4896817, 0.200901, 0.3760562, 0
0.3793856, 0.2506976, 0.2221618, 0
0.5107933, 0.1806045, 0.7287112, 0
0.6049591, 0.3085824, 0.6138177, 0
0.6032711, 0.2287868, 0.7218787, 0
0.5086589, 0.1814001, 0.5918859, 0
0.5624645, 0.2698435, 0.4814655, 0
0.2884281, 0.1982923, 0.5633455, 0
0.4602741, 0.1722344, 0.581221, 0
0.3937146, 0.1899091, 0.5771386, 0
0.4405225, 0.288775, 0.3029853, 0
0.548112, 0.1856551, 0.7647405, 0
0.6003626, 0.2162108, 0.6021165, 0
0.6841227, 0.262803, 0.3066747, 0
0.5695014, 0.2511919, 0.5783134, 0
0.6714497, 0.2703377, 0.2857058, 0
0.7061457, 0.1971232, 0.3250659, 0
0.5325843, 0.1830953, 0.6119797, 0
0.5824256, 0.2898678, 0.2883701, 0
0.4810104, 0.2456278, 0.3258287, 0
0.7273372, 0.2278589, 0.2645673, 0
0.5644567, 0.1886523, 0.4100499, 0
0.6067341, 0.2702751, 0.3183169, 0
0.3617892, 0.3031235, 0.5621806, 0
0.7247748, 0.2946097, 0.472339, 0
0.5869102, 0.2402663, 0.6797794, 0
0.625733, 0.1750159, 0.5780032, 0
0.4134989, 0.3025003, 0.5575054, 0
0.6196929, 0.2043021, 0.3284258, 0
0.4697962, 0.3013379, 0.5934664, 0
0.656157, 0.2873439, 0.3922529, 0
0.7388197, 0.2110477, 0.3596416, 0
0.5939769, 0.2123089, 0.5919745, 0
0.5076901, 0.1742869, 0.436122, 0
0.6273333, 0.2349868, 0.3355405, 0
0.7231219, 0.1545719, 0.4668235, 0
0.5694865, 0.276655, 0.6786296, 0
0.4560721, 0.2729202, 0.5892832, 0
0.3666777, 0.2523511, 0.2274126, 0
0.709024, 0.2433414, 0.4863202, 0
0.3601942, 0.2996899, 0.4840196, 0
0.3097906, 0.2939655, 0.314952, 0
0.3212993, 0.2130066, 0.3418439, 0
0.2821012, 0.1960944, 0.3185501, 0
0.5089692, 0.2647079, 0.6492405, 0
0.4671433, 0.1801446, 0.1532257, 0
0.1896453, 0.2292902, 0.3809885, 0
0.4470097, 0.2593469, 0.5735261, 0
0.2826029, 0.2373487, 0.4759794, 0
0.6757141, 0.2546054, 0.6832771, 0
0.4841873, 0.2071631, 0.3155296, 0
0.7294642, 0.1801941, 0.4992909, 0
0.5622479, 0.2691249, 0.3569503, 0
0.5721756, 0.2047487, 0.5477964, 0
0.6789792, 0.1595863, 0.5671434, 0
0.2844498, 0.2478198, 0.3615875, 0
0.7593055, 0.2295968, 0.4943825, 0
0.6316714, 0.1841015, 0.4060532, 0
0.4571282, 0.1573115, 0.4777822, 0
0.7832167, 0.1743939, 0.4553551, 0
0.6271174, 0.256943, 0.6432208, 0
0.6574018, 0.2419874, 0.1894746, 0
0.4348183, 0.1547178, 0.4101408, 0
0.5414101, 0.2317958, 0.1760398, 0
0.5706717, 0.1873463, 0.38116, 0
0.27758, 0.2574002, 0.3587553, 0
0.3573972, 0.2826851, 0.3316029, 0
0.7998931, 0.2058597, 0.6052076, 0
0.5384212, 0.302913, 0.608348, 0
0.3202073, 0.2238071, 0.604426, 0
0.4008301, 0.3001814, 0.5188989, 0
0.6444623, 0.1743213, 0.571952, 0
0.4095137, 0.2409762, 0.5602825, 0
0.4966995, 0.213134, 0.5118451, 0
0.6429873, 0.2603606, 0.5152209, 0
0.2016672, 0.1800771, 0.3030575, 0
0.2599311, 0.2222627, 0.4224178, 0
0.6186401, 0.2303865, 0.6873636, 0
0.6575073, 0.2343632, 0.4700028, 0
0.3742011, 0.2091344, 0.6666116, 0
0.5539997, 0.2296719, 0.6586672, 0
0.7150862, 0.1989981, 0.4671849, 0
0.7545034, 0.2403868, 0.5269171, 0
0.3850218, 0.1980091, 0.2543395, 0
0.7353536, 0.2230783, 0.6493297, 0
0.5943508, 0.3070639, 0.577651, 0
0.3115191, 0.1645135, 0.2850619, 0
0.4196256, 0.2513787, 0.4509539, 0
0.6380675, 0.2833055, 0.4136544, 0
0.4247181, 0.2837876, 0.6950733, 0
0.5982494, 0.1653691, 0.2331658, 0
0.4023457, 0.2491543, 0.7293232, 0
0.5346023, 0.2314223, 0.3458925, 0
0.5890078, 0.2326899, 0.4612841, 0
0.5776526, 0.2370171, 0.1377124, 0
0.4365367, 0.2995993, 0.3072361, 0
0.530354, 0.25587, 0.5522279, 0
0.3581881, 0.2730485, 0.5929292, 0
0.6135322, 0.2902251, 0.5224681, 0
0.3548206, 0.222339, 0.6035086, 0
0.4663027, 0.1924885, 0.5961107, 0
0.6224741, 0.1733694, 0.1231693, 0
0.3806421, 0.218596, 0.2072337, 0
0.4147833, 0.1577845, 0.416828, 0
0.5349926, 0.2469449, 0.5698379, 0
0.7371087, 0.2389535, 0.2288465, 0
0.5175585, 0.2119908, 0.7632998, 0
0.7955264, 0.2646082, 0.4436488, 0
0.4110289, 0.1733821, 0.3209865, 0
0.4759248, 0.2201472, 0.2843746, 0
0.6457767, 0.2054942, 0.2270363, 0
0.3080348, 0.299205, 0.2967427, 0
0.553006, 0.2654985, 0.7402048, 0
0.4679343, 0.2041159, 0.6276979, 0
0.4998675, 0.1974528, 0.6666264, 0
0.6422443, 0.2174196, 0.3039593, 0
0.3457103, 0.1706546, 0.4353431, 0
0.4830341, 0.1728781, 0.3208613, 0
0.6302769, 0.2911237, 0.3051438, 0
0.6356353, 0.2844541, 0.6565427, 0
0.7093824, 0.2993985, 0.4091448, 0
0.2361558, 0.269428, 0.4280737, 0
0.4941344, 0.2888479, 0.596577, 0
0.690335, 0.2822549, 0.5889127, 0
0.5359718, 0.1708178, 0.3172395, 0
0.4499751, 0.2113016, 0.7230119, 0
0.4546834, 0.171532, 0.4141172, 0
0.3662104, 0.2051968, 0.24457, 0
0.2991292, 0.2818669, 0.4234332, 0
0.6027921, 0.1982229, 0.309931, 0
0.5799142, 0.2762146, 0.4575915, 0
0.5639858, 0.2025425, 0.3956155, 0
0.4650214, 0.237038, 0.1666702, 0
0.4412968, 0.179233, 0.5258554, 0
0.5460832, 0.2021634, 0.1583809, 0
0.3683362, 0.2293076, 0.2491046, 0
0.6360888, 0.2124109, 0.7561122, 0
0.5394706, 0.240727, 0.5097968, 0
0.6518335, 0.2078794, 0.6354961, 0
0.1820218, 0.2142861, 0.4067014, 0
0.3745891, 0.1804528, 0.1603192, 0
0.6195729, 0.1950753, 0.7531251, 0
0.4654219, 0.2881925, 0.5491633, 0
0.5611395, 0.2053562, 0.6608937, 0
0.5429685, 0.24121, 0.3004031, 0
0.7314803, 0.1970574, 0.4626986, 0
0.4202621, 0.2218014, 0.660751, 0
0.7150162, 0.1766675, 0.4457772, 0
0.2073964, 0.1951967, 0.5387956, 0
0.3968748, 0.1646951, 0.7507896, 0
0.4468252, 0.2192281, 0.5604771, 0
0.7558163, 0.294428, 0.4196382, 0
0.3974762, 0.258982, 0.751237, 0
0.7484941, 0.3047354, 0.456932, 0
0.4680064, 0.2703508, 0.7348688, 0
0.4110346, 0.203826, 0.7029761, 0
0.374465, 0.2919612, 0.2312282, 0
0.5527475, 0.2205562, 0.1900355, 0
0.4656619, 0.2426253, 0.3115061, 0
0.4315154, 0.1971806, 0.2387045, 0
0.2697814, 0.2788422, 0.3619736, 0
0.3301186, 0.1879928, 0.7301176, 0
0.5277187, 0.2510485, 0.1644097, 0
0.4349174, 0.2285721, 0.2081431, 0
0.8204343, 0.1703105, 0.4277903, 0
0.2866313, 0.285756, 0.3728802, 0
0.751686, 0.1972586, 0.6350024, 0
0.5133971, 0.3028124, 0.4208911, 0
0.2600893, 0.2278137, 0.5669045, 0
0.5718559, 0.2234442, 0.1304798, 0
0.6335022, 0.1798956, 0.6174412, 0
0.2952314, 0.1941779, 0.2545801, 0
0.4251186, 0.2832479, 0.4015144, 0
0.6028098, 0.2498922, 0.6650818, 0
0.291287, 0.1924196, 0.5913029, 0
0.5153089, 0.2957808, 0.7181635, 0
0.5121255, 0.156827, 0.510251, 0
0.4945878, 0.2438344, 0.1706036, 0
0.4594178, 0.2040807, 0.371556, 0
0.4589501, 0.1566367, 0.451912, 0
0.3166142, 0.1969513, 0.7079644, 0
0.7877191, 0.1831731, 0.297086, 0
0.2324662, 0.1999168, 0.5336114, 0
0.413303, 0.1829162, 0.4366942, 0
0.6504702, 0.1741855, 0.6210256, 0
0.4958041, 0.2356023, 0.7287859, 0
0.7612469, 0.2059923, 0.5851048, 0
0.5409514, 0.2533676, 0.3824705, 0
0.781213, 0.294052, 0.3646343, 0
0.4411274, 0.1721393, 0.3519603, 0
0.6709999, 0.2266975, 0.3754413, 0
0.3858268, 0.2355429, 0.5277188, 0
0.4838434, 0.1599088, 0.6379542, 0
0.2190376, 0.1763165, 0.4506645, 0
0.619855, 0.3058982, 0.3140015, 0
0.6192108, 0.1573272, 0.429477, 0
0.7770293, 0.1868964, 0.4426427, 0
0.6884, 0.1959927, 0.2468606, 0
0.5275466, 0.2907423, 0.5802515, 0
0.5137187, 0.1654183, 0.1474751, 0
0.4900191, 0.2125862, 0.2734966, 0
0.2405966, 0.2471323, 0.3284154, 0
0.4284894, 0.224088, 0.5782458, 0
0.7575052, 0.2862713, 0.3538115, 0
0.6183575, 0.3082092, 0.5621258, 0
0.6351457, 0.1989799, 0.151584, 0
0.6693047, 0.162039, 0.5020226, 0
0.273424, 0.2739726, 0.555159, 0
0.7018015, 0.1833555, 0.7194139, 0
0.7093337, 0.2759792, 0.5016084, 0
0.6062893, 0.2281691, 0.5924988, 0
0.4065834, 0.2337422, 0.5344435, 0
0.2276907, 0.1731789, 0.371453, 0
0.5944723, 0.174526, 0.2612967, 0
0.793061, 0.1914874, 0.5860336, 0
0.5529624, 0.2103582, 0.2668049, 0
0.7176306, 0.2313788, 0.4818773, 0
0.760083, 0.2302957, 0.5969143, 0
0.721212, 0.2518451, 0.6870545, 0
0.4237937, 0.2454346, 0.5889626, 0
0.4807228, 0.3030548, 0.4503632, 0
0.3064011, 0.2619824, 0.2410419, 0
0.730468, 0.2264014, 0.3313609, 0
0.3496068, 0.1786019, 0.567687, 0
0.3365215, 0.283644, 0.2607695, 0
0.8200935, 0.1865428, 0.386608, 0
0.4706798, 0.2649635, 0.3506041, 0
0.6996598, 0.2888888, 0.2553462, 0
0.2970216, 0.2750785, 0.6606789, 0
0.7226295, 0.2165468, 0.2655214, 0
0.4276551, 0.2881555, 0.4048308, 0
0.7084606, 0.2118218, 0.4151056, 0
0.3827698, 0.1781838, 0.7569937, 0
0.3809574, 0.1973348, 0.5102584, 0
0.5645791, 0.1925746, 0.4127206, 0
0.4346852, 0.1788387, 0.4621046, 0
0.243072, 0.268512, 0.4830275, 0
0.6718696, 0.2384514, 0.3929268, 0
0.5499901, 0.2798423, 0.4351039, 0
0.2551198, 0.2571465, 0.3489031, 0
0.4889029, 0.2606228, 0.2236298, 0
0.6505123, 0.2825221, 0.4777012, 0
0.5283786, 0.2187663, 0.6427902, 0
0.7338995, 0.2443406, 0.2476556, 0
0.3362769, 0.2510392, 0.5747123, 0
0.7137669, 0.2777818, 0.4035994, 0
0.5229906, 0.2710491, 0.165658, 0
0.2267491, 0.1803689, 0.3546542, 0
0.5223092, 0.2107741, 0.681992, 0
0.6870832, 0.1736781, 0.4576531, 0
0.7859416, 0.2227619, 0.40731, 0
0.4268284, 0.1761698, 0.6900006, 0
0.5794219, 0.1686998, 0.6200256, 0
0.6219612, 0.2184724, 0.3021185, 0
0.7046645, 0.2333532, 0.3824863, 0
0.3496653, 0.1902438, 0.633109, 0
0.6698841, 0.2899028, 0.6079678, 0
0.3815831, 0.1686824, 0.2533305, 0
0.5554982, 0.1835138, 0.405071, 0
0.5967552, 0.2251526, 0.3564892, 0
0.1701024, 0.1769636, 0.3899275, 0
0.6005289, 0.2622246, 0.6905071, 0
0.720216, 0.2680907, 0.5004793, 0
0.4798744, 0.2716465, 0.3908281, 0
0.599082, 0.1760408, 0.5967535, 0
0.8264353, 0.1816169, 0.4090723, 0
0.7496838, 0.1932277, 0.3477269, 0
0.4572326, 0.2279443, 0.4352179, 0
0.1998285, 0.2017558, 0.5601248, 0
0.259189, 0.2650559, 0.5133157, 0
0.3716446, 0.1710155, 0.5268731, 0
0.3440018, 0.2755104, 0.3711569, 0
0.7277671, 0.2810116, 0.5579883, 0
0.399393, 0.1698421, 0.2090705, 0
0.6799797, 0.163189, 0.6110243, 0
0.6563029, 0.2239224, 0.3384415, 0
0.5909553, 0.2120479, 0.5345908, 0
0.3360662, 0.2868102, 0.4580021, 0
0.3914206, 0.2664343, 0.3248882, 0
0.7076238, 0.1664438, 0.2851579, 0
0.7774442, 0.2341297, 0.4894384, 0
0.7091962, 0.2241756, 0.3480936, 0
0.4159108, 0.170881, 0.2479708, 0
0.3472843, 0.1823604, 0.4994235, 0
0.7496923, 0.2564535, 0.4237031, 0
0.6697732, 0.195403, 0.2842975, 0
0.3729928, 0.2058655, 0.1857771, 0
0.3307087, 0.212963, 0.4827409, 0
0.614762, 0.1570851, 0.7058989, 0
0.3172228, 0.2694565, 0.4130978, 0
0.2176862, 0.1610917, 0.3139832, 0
0.7577694, 0.2405654, 0.3886043, 0
0.3875445, 0.1810604, 0.2334183, 0
0.2382063, 0.1643076, 0.35225, 0
0.5868701, 0.1816641, 0.7169891, 0
0.4688118, 0.2362954, 0.5779526, 0
0.6397388, 0.2775076, 0.4374146, 0
0.5868835, 0.1935473, 0.2027954, 0
0.74901, 0.2279932, 0.3262175, 0
0.2940322, 0.1588714, 0.3236426, 0
0.3569373, 0.2673007, 0.4774842, 0
0.5156788, 0.1947042, 0.4273363, 0
0.7278997, 0.1556924, 0.5266666, 0
0.6384082, 0.16538, 0.4032659, 0
0.3460799, 0.2652554, 0.5422815, 0
0.3981193, 0.2906758, 0.223616, 0
0.7024298, 0.2396731, 0.4771822, 0
0.6601372, 0.2377601, 0.2441109, 0
0.7314999, 0.2660735, 0.421084, 0
0.3138607, 0.2185054, 0.2391688, 0
0.3501923, 0.1837094, 0.7362561, 0
0.345541, 0.2891896, 0.636318, 0
0.5006958, 0.181182, 0.428074, 0
0.3017071, 0.1655448, 0.7002592, 0
0.5727331, 0.3048761, 0.6817989, 0
0.571135, 0.2767931, 0.6063512, 0
0.5660965, 0.2111847, 0.1340799, 0
0.3396856, 0.2801201, 0.5447037, 0
0.6016828, 0.2569047, 0.3741419, 0
0.4798591, 0.2688315, 0.309331, 0
0.4208896, 0.236875, 0.1940959, 0
0.2893329, 0.2785338, 0.4582839, 0
0.561419, 0.2224509, 0.5823991, 0
0.6858662, 0.2742036, 0.545734, 0
0.6396351, 0.1635621, 0.5169774, 0
0.4159575, 0.2491993, 0.5154908, 0
0.379721, 0.2287221, 0.2928405, 0
0.5595773, 0.1815529, 0.4719307, 0
0.7561108, 0.2280737, 0.3390534, 0
0.7742361, 0.1851026, 0.4802511, 0
0.4389918, 0.1762493, 0.2463017, 0
0.5659131, 0.2013661, 0.7045277, 0
0.3788906, 0.3038066, 0.5807325, 0
0.2878108, 0.1745839, 0.3306453, 0
0.7789258, 0.1728548, 0.6373352, 0
0.6280593, 0.2146834, 0.2730209, 0
0.7639679, 0.1586502, 0.5397589, 0
0.7248999, 0.2279136, 0.4169694, 0
0.3427156, 0.1884948, 0.5280908, 0
0.2399199, 0.2867968, 0.4014165, 0
0.6275112, 0.2166169, 0.4190676, 0
0.5707742, 0.2589459, 0.6661986, 0
0.6668379, 0.2036622, 0.4247507, 0
0.5258876, 0.2345811, 0.7322195, 0
0.3967919, 0.257828, 0.5945472, 0
0.4338934, 0.2135016, 0.5090821, 0
0.6345548, 0.2770239, 0.4925757, 0
0.2419531, 0.241207, 0.4809015, 0
0.2326699, 0.2534582, 0.5060275, 0
0.6932464, 0.2793581, 0.2698462, 0
0.3761093, 0.2637182, 0.6549322, 0
0.4111323, 0.2160648, 0.2143069, 0
0.2739267, 0.2504283, 0.6617616, 0
0.4972993, 0.1850962, 0.7840347, 0
0.3886309, 0.2168382, 0.3417524, 0
0.6858959, 0.2953402, 0.2939764, 0
0.6775265, 0.3048363, 0.3585808, 0
0.5805211, 0.2521051, 0.3715057, 0
0.4662254, 0.2603772, 0.5061394, 0
0.4159418, 0.1899146, 0.132624, 0
0.479511, 0.2858609, 0.5340895, 0
0.4100394, 0.2074366, 0.2063292, 0
0.4979068, 0.222156, 0.676831, 0
0.6622302, 0.2704714, 0.547819, 0
0.6720052, 0.2950581, 0.5220183, 0
0.5774801, 0.1894914, 0.5456038, 0
0.4560181, 0.2020714, 0.4649207, 0
0.4935534, 0.176579, 0.6057631, 0
0.6720073, 0.203708, 0.4598618, 0
0.6790338, 0.1790652, 0.2049935, 0
0.4396007, 0.268876, 0.7110625, 0
0.7163404, 0.1764155, 0.4692935, 0
0.747874, 0.245474, 0.3325618, 0
0.323485, 0.1837481, 0.3922499, 0
0.3890383, 0.1593767, 0.5427675, 0
0.7236877, 0.2753585, 0.4471774, 0
0.2175249, 0.1614246, 0.3748445, 0
0.6667221, 0.2152492, 0.7182769, 0
0.549714, 0.228115, 0.1696256, 0
0.5487696, 0.2858315, 0.5720049, 0
0.7178922, 0.1891701, 0.3309481, 0
0.6109836, 0.2371397, 0.5273263, 0
0.4786061, 0.2606349, 0.2669395, 0
0.2454272, 0.2285242, 0.3304114, 0
0.5714502, 0.1942215, 0.2141736, 0
0.4740397, 0.2538179, 0.4449145, 0
0.5608115, 0.1854456, 0.2932939, 0
0.5982609, 0.1756696, 0.1210337, 0
0.6357929, 0.2043479, 0.1713138, 0
0.4412918, 0.2055963, 0.7148167, 0
0.6148511, 0.2699242, 0.3293496, 0
0.3593768, 0.1619861, 0.5678757, 0
0.3060163, 0.2907364, 0.5653493, 0
0.5477743, 0.2245998, 0.1553311, 0
0.4350778, 0.1820616, 0.467966, 0
0.5045049, 0.1721667, 0.7732993, 0
0.6745767, 0.2596988, 0.5052523, 0
0.6448881, 0.3053218, 0.487859, 0
0.6268011, 0.1931036, 0.3483574, 0
0.3271062, 0.23403, 0.3885278, 0
0.7085914, 0.2539335, 0.5761842, 0
0.5351945, 0.272382, 0.1588047, 0
0.374551, 0.1838551, 0.6856141, 0
0.4451153, 0.1585331, 0.5440521, 0
0.6952044, 0.2071688, 0.2381149, 0
0.3870143, 0.2085435, 0.7563164, 0
0.529847, 0.2554609, 0.6044189, 0
0.4022388, 0.2475357, 0.3795281, 0
0.6945385, 0.3005998, 0.6350386, 0
0.6226594, 0.1848011, 0.2273367, 0
0.4026361, 0.274782, 0.3037844, 0
0.7069901, 0.160042, 0.4271277, 0
0.6384978, 0.1750947, 0.7230947, 0
0.563123, 0.2597505, 0.7180426, 0
0.5106618, 0.1744161, 0.3501378, 0
0.6280631, 0.1767811, 0.506136, 0
0.8275813, 0.1972391, 0.3584845, 0
0.2163697, 0.1863121, 0.4649594, 0
0.2327813, 0.2378937, 0.3502146, 0
0.5736662, 0.2173927, 0.3825339, 0
0.3076118, 0.2438029, 0.6580011, 0
0.715694, 0.2736055, 0.5158481, 0
0.4149163, 0.2613546, 0.5649636, 0
0.6196496, 0.2296365, 0.4042595, 0
0.483534, 0.2983345, 0.3297151, 0
0.6073256, 0.269853, 0.6382063, 0
0.1995144, 0.2386278, 0.4457608, 0
0.6309922, 0.2498986, 0.4871111, 0
0.3308631, 0.1623233, 0.5466439, 0
0.4336009, 0.2836988, 0.3535569, 0
0.4830646, 0.2593144, 0.399428, 0
0.3136218, 0.2715706, 0.2998929, 0
0.7139356, 0.2190709, 0.400428, 0
0.3555846, 0.2108712, 0.2464191, 0
0.2406226, 0.1837172, 0.5523932, 0
0.445498, 0.2545542, 0.6103806, 0
0.5518279, 0.1622435, 0.4014339, 0
0.7001083, 0.2103583, 0.3696818, 0
0.8030789, 0.2064121, 0.5940467, 0
0.439902, 0.2902873, 0.7285427, 0
0.7582203, 0.1755418, 0.3560685, 0
0.6634412, 0.2726893, 0.6611705, 0
0.7402197, 0.2595768, 0.416313, 0
0.530852, 0.1977697, 0.3174881, 0
0.6479094, 0.2214155, 0.666512, 0
0.6004437, 0.220383, 0.4968292, 0
0.4639827, 0.2246684, 0.567855, 0
0.3255033, 0.2584656, 0.6101794, 0
0.5804213, 0.272533, 0.2670641, 0
0.4866671, 0.2090183, 0.2749554, 0
0.551276, 0.2380547, 0.3663063, 0
0.6027122, 0.284741, 0.6599408, 0
0.7920005, 0.2486876, 0.5630991, 0
0.5784428, 0.1829551, 0.5751818, 0
0.5228925, 0.228997, 0.2161115, 0
0.7790591, 0.1720981, 0.6225311, 0
0.4676859, 0.1927247, 0.2670231, 0
0.4427529, 0.1861835, 0.6961113, 0
0.2672617, 0.2825508, 0.344988, 0
0.191217, 0.2470313, 0.473801, 0
0.3033879, 0.2467907, 0.3807215, 0
0.4253345, 0.2062233, 0.6651856, 0
0.3827343, 0.2534839, 0.194385, 0
0.7918127, 0.2787218, 0.5523458, 0
0.6912292, 0.2235219, 0.3875906, 0
0.4762081, 0.1895844, 0.6852558, 0
0.5115739, 0.2204277, 0.201021, 0
0.6265431, 0.2020937, 0.3185666, 0
0.6112962, 0.2376061, 0.4125026, 0
0.6262383, 0.1565467, 0.5572373, 0
0.3244111, 0.204186, 0.183277, 0
0.3607007, 0.1826484, 0.1623416, 0
0.2497338, 0.2017791, 0.6614691, 0
0.324818, 0.2067498, 0.6718513, 0
0.2743516, 0.2653402, 0.4914177, 0
0.2748485, 0.2412982, 0.4901609, 0
0.5150719, 0.1621436, 0.7020004, 0
0.3781082, 0.1952003, 0.1450633, 0
0.327715, 0.2544005, 0.2730182, 0
0.6843546, 0.2509486, 0.2555769, 0
0.7562225, 0.1669188, 0.556044, 0
0.8313808, 0.2341237, 0.4634648, 0
0.572033, 0.2415657, 0.6012623, 0
0.5381472, 0.2048943, 0.2588297, 0
0.5729572, 0.3034633, 0.5853992, 0
0.3295963, 0.1608184, 0.2525028, 0
0.5141659, 0.2348883, 0.3395725, 0
0.3598991, 0.1918627, 0.2043364, 0
0.5154369, 0.1805115, 0.631585, 0
0.5465457, 0.1879363, 0.5421602, 0
0.1625776, 0.1800244, 0.4398081, 0
0.4208013, 0.2154324, 0.5904545, 0
0.4521045, 0.2526115, 0.4398823, 0
0.643253, 0.284133, 0.4986683, 0
0.598801, 0.2550819, 0.3431956, 0
0.4510753, 0.2765669, 0.5167167, 0
0.5481356, 0.2220637, 0.7286631, 0
0.5915253, 0.2958985, 0.3823084, 0
0.2139793, 0.2645411, 0.49194, 0
0.4599779, 0.2967009, 0.5503307, 0
0.5477098, 0.2690878, 0.227506, 0
0.7154241, 0.199218, 0.6384767, 0
0.7928964, 0.2539361, 0.4407533, 0
0.760639, 0.1995513, 0.2542565, 0
0.7873642, 0.229127, 0.5531515, 0
0.6478065, 0.2765918, 0.2030162, 0
0.5735598, 0.1750832, 0.6656346, 0
0.3010623, 0.1938951, 0.5926858, 0
0.588537, 0.2165876, 0.4186537, 0
0.5742399, 0.1824932, 0.4190494, 0
0.3130618, 0.2822788, 0.4662181, 0
0.6405975, 0.2458229, 0.4184819, 0
0.3014151, 0.2912935, 0.3966551, 0
0.4005423, 0.2969175, 0.4655089, 0
0.3801634, 0.2036297, 0.4560193, 0
0.2282757, 0.1864861, 0.6128203, 0
0.513687, 0.1653613, 0.159146, 0
0.6415628, 0.2277975, 0.1600834, 0
0.1869625, 0.2192711, 0.4734592, 0
0.5025287, 0.2272308, 0.3974545, 0
0.3046412, 0.2123391, 0.2092361, 0
0.3012424, 0.1885553, 0.5975494, 0
0.782756, 0.2320831, 0.4850956, 0
0.4357174, 0.2826738, 0.3393108, 0
0.5245622, 0.2675268, 0.2104525, 0
0.2280517, 0.2864574, 0.5049652, 0
0.5980247, 0.1672217, 0.5427818, 0
0.5698236, 0.1741609, 0.3555684, 0
0.4888577, 0.2053521, 0.6172426, 0
0.2345114, 0.1571336, 0.4824733, 0
0.3649935, 0.2919279, 0.4232107, 0
0.4923014, 0.2924314, 0.4821855, 0
0.567364, 0.2442018, 0.5808222, 0
0.3125582, 0.2428281, 0.6222907, 0
0.2043334, 0.178837, 0.570451, 0
0.471072, 0.275891, 0.6474019, 0
0.6257452, 0.1661027, 0.3421168, 0
0.7985036, 0.2540856, 0.3581188, 0
0.4895936, 0.2814879, 0.3742027, 0
0.2645859, 0.211095, 0.6562217, 0
0.5355026, 0.1556023, 0.3669571, 0
0.4795325, 0.1644911, 0.3562783, 0
0.4335996, 0.2918613, 0.2934995, 0
0.402461, 0.1653862, 0.1626771, 0
0.2870849, 0.1987879, 0.6331034, 0
0.4803892, 0.1932127, 0.546744, 0
0.3299313, 0.2369109, 0.4253734, 0
0.6908323, 0.2118273, 0.4524277, 0
0.606117, 0.2296068, 0.383031, 0
0.6375296, 0.2370669, 0.2353726, 0
0.6673811, 0.2446565, 0.2619182, 0
0.361308, 0.2101858, 0.4608672, 0
0.3417554, 0.2430828, 0.5859776, 0
0.6717814, 0.2306482, 0.7145455, 0
0.5732589, 0.2256568, 0.6699298, 0
0.303573, 0.2125103, 0.2563767, 0
0.3698332, 0.2088622, 0.1587042, 0
0.6897435, 0.2186162, 0.2219782, 0
0.6508675, 0.2152, 0.3568713, 0
0.3598145, 0.2307893, 0.6083465, 0
0.6757504, 0.2174602, 0.6343979, 0
0.5546523, 0.2619535, 0.2831072, 0
0.3332022, 0.1762855, 0.1878631, 0
0.5321497, 0.2450847, 0.5551203, 0
0.6562943, 0.2828656, 0.6599846, 0
0.6226969, 0.2491763, 0.5942886, 0
0.7633265, 0.233353, 0.5753161, 0
0.5497711, 0.2249344, 0.5400895, 0
0.3587287, 0.2230198, 0.5633538, 0
0.6547875, 0.2490312, 0.2981422, 0
0.3385469, 0.1609434, 0.3106884, 0
0.3281197, 0.2488525, 0.312382, 0
0.7484748, 0.2421106, 0.5418177, 0
0.7269442, 0.1944833, 0.1729733, 0
0.8023048, 0.2405866, 0.3411908, 0
0.5056116, 0.2766085, 0.218469, 0
0.1749633, 0.1938064, 0.4570529, 0
0.6967053, 0.1891595, 0.464417, 0
0.4710181, 0.2677222, 0.7306586, 0
0.4938164, 0.2720216, 0.3553079, 0
0.3098818, 0.1684399, 0.678645, 0
0.4543451, 0.1578637, 0.5156957, 0
0.3544204, 0.2688536, 0.3348799, 0
0.6476722, 0.2945881, 0.4373544, 0
0.4763997, 0.2607306, 0.2197229, 0
0.7436568, 0.2763469, 0.5916889, 0
0.4630378, 0.2938284, 0.1935773, 0
0.6274283, 0.2983274, 0.3916089, 0
0.3300745, 0.1897594, 0.2573122, 0
0.433688, 0.2538233, 0.1984939, 0
0.7832407, 0.1766706, 0.4593013, 0
0.6556951, 0.187515, 0.684997, 0
0.2432396, 0.18525, 0.3093338, 0
0.4768609, 0.1946885, 0.3638957, 0
0.6455491, 0.2122469, 0.5893517, 0
0.5459985, 0.1633107, 0.4034405, 0
0.4835556, 0.2551554, 0.5064597, 0
0.2538433, 0.1754907, 0.2561216, 0
0.4236433, 0.1779271, 0.1393545, 0
0.7690452, 0.2881478, 0.5484853, 0
0.2157861, 0.1730331, 0.4268157, 0
0.6807995, 0.2079094, 0.3634558, 0
0.4857242, 0.181762, 0.6946086, 0
0.6464307, 0.1853715, 0.6235254, 0
0.7654633, 0.1703353, 0.4215374, 0
0.700639, 0.2926318, 0.2920308, 0
0.2884307, 0.1793702, 0.3174802, 0
0.6403161, 0.1849576, 0.1967549, 0
0.3435676, 0.2150402, 0.612865, 0
0.2786998, 0.2768078, 0.5807542, 0
0.7587001, 0.1572096, 0.595963, 0
0.5987073, 0.1983759, 0.5455179, 0
0.7113174, 0.2533304, 0.3804668, 0
0.7007717, 0.2990024, 0.3757514, 0
0.3817478, 0.2849165, 0.2360609, 0
0.5798382, 0.1605807, 0.2716731, 0
0.5854056, 0.2909396, 0.6989063, 0
0.5203934, 0.2222505, 0.6403006, 0
0.4668019, 0.2671942, 0.5908257, 0
0.6244246, 0.2928461, 0.5682054, 0
0.4635111, 0.2518981, 0.4186079, 0
0.5642855, 0.240493, 0.577553, 0
0.4504462, 0.2354151, 0.7534565, 0
0.3452062, 0.1663598, 0.6401727, 0
0.4090348, 0.2970402, 0.688186, 0
0.5483844, 0.1756, 0.5707877, 0
0.2925062, 0.2710431, 0.4903145, 0
0.6863641, 0.2827632, 0.5717841, 0
0.6164572, 0.202443, 0.6706588, 0
0.6545199, 0.1791604, 0.3277275, 0
0.5885581, 0.2106141, 0.7580712, 0
0.3596986, 0.2587312, 0.5170835, 0
0.5197726, 0.2966357, 0.4071677, 0
0.6927187, 0.2386058, 0.5405183, 0
0.5520869, 0.2053004, 0.2959182, 0
0.6114442, 0.2733133, 0.1977159, 0
0.6420851, 0.2305699, 0.5937216, 0
0.410714, 0.1695748, 0.146729, 0
0.4834384, 0.2359696, 0.4117448, 0
0.547965, 0.196614, 0.3571924, 0
0.735375, 0.1846016, 0.2541309, 0
0.6817496, 0.2032917, 0.4439111, 0
0.4290871, 0.1988756, 0.7448058, 0
0.2385048, 0.189143, 0.4715596, 0
0.8001115, 0.2537129, 0.5533463, 0
0.7507392, 0.2381298, 0.4444626, 0
0.7025161, 0.2944177, 0.4551509, 0
0.7138079, 0.2850729, 0.2511292, 0
0.5241433, 0.1830654, 0.4051457, 0
0.6888673, 0.1839603, 0.7217593, 0
0.3587851, 0.1969833, 0.2879331, 0
0.6858518, 0.1905949, 0.5746783, 0
0.4619401, 0.2141445, 0.5391126, 0
0.6816159, 0.2283873, 0.7231647, 0
0.6797545, 0.2121783, 0.5817336, 0
0.7103153, 0.2419613, 0.4884139, 0
0.5031813, 0.2160427, 0.7713565, 0
0.3106325, 0.2009972, 0.4267542, 0
0.455856, 0.2789932, 0.6522658, 0
0.3329569, 0.2456783, 0.4432662, 0
0.4321117, 0.2468221, 0.5036733, 0
0.7886009, 0.1930784, 0.5516434, 0
0.8196684, 0.1953787, 0.4677628, 0
0.7137743, 0.280194, 0.5169666, 0
0.4448436, 0.2020297, 0.2307277, 0
0.7724768, 0.2548862, 0.4072875, 0
0.333571, 0.2423783, 0.3147049, 0
0.4379093, 0.2381991, 0.2778605, 0
0.3992081, 0.2961697, 0.3272018, 0
0.6711532, 0.2933318, 0.5312706, 0
0.5332604, 0.1692458, 0.7149294, 0
0.4687777, 0.2260988, 0.7631831, 0
0.4926504, 0.2551214, 0.4688252, 0
0.7190495, 0.2523915, 0.3664111, 0
0.7775517, 0.2510843, 0.5999172, 0
0.3514313, 0.2883585, 0.4611789, 0
0.3672317, 0.229631, 0.7039291, 0
0.6628897, 0.1984259, 0.649623, 0
0.4189785, 0.2838645, 0.4057516, 0
0.697571, 0.2261423, 0.4292265, 0
0.3316486, 0.2859622, 0.6238281, 0
0.532821, 0.2952706, 0.4839415, 0
0.6780218, 0.1932737, 0.6322513, 0
0.7328213, 0.3121162, 0.4661636, 0
0.2684866, 0.1996031, 0.3445333, 0
0.5384063, 0.2544943, 0.5373726, 0
0.6715107, 0.1682474, 0.6239561, 0
0.5705216, 0.2103319, 0.7495729, 0
0.2897806, 0.2695604, 0.3066521, 0
0.3793764, 0.1715734, 0.4282544, 0
0.7145225, 0.185533, 0.2790433, 0
0.7351318, 0.2920721, 0.4574673, 0
0.7836053, 0.292688, 0.4935905, 0
0.6390771, 0.2939995, 0.5576453, 0
0.2643768, 0.2788888, 0.3726905, 0
0.2262506, 0.2063442, 0.446482, 0
0.6347694, 0.2964982, 0.5770672, 0
0.5143419, 0.1817162, 0.7311404, 0
0.6668344, 0.2067639, 0.6631191, 0
0.7472352, 0.2387463, 0.5958582, 0
0.3083607, 0.2830557, 0.3737797, 0
0.7648379, 0.1723544, 0.5847389, 0
0.3829601, 0.2624085, 0.3066409, 0
0.3066612, 0.2480062, 0.3073987, 0
0.3472581, 0.203452, 0.1909231, 0
0.7137803, 0.2513597, 0.4645091, 0
0.5647475, 0.2744987, 0.6577606, 0
0.4482928, 0.1836704, 0.4903091, 0
0.6381168, 0.3065669, 0.4887244, 0
0.3384907, 0.1825021, 0.7101415, 0
0.3408643, 0.1980882, 0.3672415, 0
0.5522552, 0.2835074, 0.4551739, 0
0.5718244, 0.1868211, 0.6894308, 0
0.8108301, 0.1807037, 0.3011744, 0
0.3474628, 0.1889676, 0.2405587, 0
0.7628603, 0.1675037, 0.6416363, 0
0.259602, 0.1809844, 0.6651639, 0
0.5874711, 0.1734338, 0.4495811, 0
0.4782919, 0.173763, 0.2956711, 0
0.5140854, 0.2552029, 0.7019639, 0
0.3685042, 0.1676732, 0.7533868, 0
0.3026266, 0.3023793, 0.5494728, 0
0.7940785, 0.2406969, 0.3038212, 0
0.235495, 0.2633379, 0.3883643, 0
0.7028428, 0.2607683, 0.3810369, 0
0.5929066, 0.1635841, 0.3941806, 0
0.3232161, 0.2642726, 0.3548351, 0
0.4426076, 0.2265853, 0.142788, 0
0.572175, 0.1786283, 0.6890959, 0
0.5941113, 0.1826947, 0.3040838, 0
0.7830929, 0.2404024, 0.6038569, 0
0.6143845, 0.1903373, 0.2834901, 0
0.66172, 0.2579402, 0.456026, 0
0.2962235, 0.2067783, 0.2305309, 0
0.596062, 0.2844993, 0.3223216, 0
0.4433344, 0.2099324, 0.3087288, 0
0.6851301, 0.2739713, 0.3232924, 0
0.448806, 0.2952535, 0.3286496, 0
0.5708677, 0.1957018, 0.2241773, 0
0.7598751, 0.2402061, 0.4900359, 0
0.654632, 0.2122906, 0.6013142, 0
0.395755, 0.2140556, 0.5287716, 0
0.638269, 0.2988493, 0.4929323, 0
0.4784975, 0.2328818, 0.1561675, 0
0.2009561, 0.2636188, 0.4696603, 0
0.5111777, 0.2903186, 0.461563, 0
0.7866302, 0.2160608, 0.2839373, 0
0.7161317, 0.270449, 0.3305087, 0
0.2839445, 0.1546031, 0.4109749, 0
0.3656965, 0.3039397, 0.6650423, 0
0.5066119, 0.2993258, 0.366577, 0
0.2884381, 0.1921949, 0.5930167, 0
0.5260147, 0.2848354, 0.3167723, 0
0.4209149, 0.2064874, 0.4855112, 0
0.4442576, 0.2527586, 0.257351, 0
0.2531828, 0.2748127, 0.4563179, 0
0.5896114, 0.1721501, 0.2617966, 0
0.6493791, 0.2835929, 0.4862854, 0
0.5182827, 0.2780418, 0.577296, 0
0.5834624, 0.2940134, 0.2534152, 0
0.6391724, 0.1877585, 0.5149251, 0
0.537163, 0.1870374, 0.4345043, 0
0.6698936, 0.2458832, 0.2532357, 0
0.7084048, 0.2359004, 0.5751264, 0
0.7708066, 0.1873143, 0.4257289, 0
0.4000619, 0.2166575, 0.3964617, 0
0.190439, 0.2191481, 0.4746747, 0
0.4652868, 0.3034511, 0.3201801, 0
0.7055998, 0.2788552, 0.4410916, 0
0.5877563, 0.221435, 0.2147351, 0
0.6964054, 0.204626, 0.480035, 0
0.3071423, 0.1805858, 0.318399, 0
0.3063003, 0.2149953, 0.5512596, 0
0.2424128, 0.2250009, 0.3482853, 0
0.6730042, 0.2193013, 0.5118405, 0
0.5405617, 0.2690108, 0.6445506, 0
0.5351617, 0.2813035, 0.5697206, 0
0.2599568, 0.1993885, 0.5558398, 0
0.3024665, 0.302285, 0.5103799, 0
0.259624, 0.2262547, 0.5074371, 0
0.202151, 0.1857286, 0.4056093, 0
0.3002703, 0.1642121, 0.2671288, 0
0.630698, 0.2262187, 0.5118141, 0
0.6640451, 0.3004231, 0.6045423, 0
0.4579949, 0.1659401, 0.541192, 0
0.3449919, 0.2023886, 0.3841341, 0
0.6216027, 0.1637168, 0.2821608, 0
0.3089341, 0.169974, 0.523065, 0
0.4157335, 0.1926395, 0.6097088, 0
0.6400281, 0.2659333, 0.2765704, 0
0.616021, 0.2966903, 0.6708333, 0
0.3168811, 0.2693672, 0.2738797, 0
0.3681149, 0.2552865, 0.4148835, 0
0.6018143, 0.1802387, 0.698523, 0
0.5134841, 0.2943014, 0.4595955, 0
0.7069466, 0.1682466, 0.4845541, 0
0.432404, 0.1629551, 0.7397974, 0
0.6997879, 0.2158818, 0.3769598, 0
0.5297447, 0.3090397, 0.6747483, 0
0.6286244, 0.2491017, 0.2363806, 0
0.6070868, 0.2895808, 0.5197785, 0
0.5379655, 0.1993709, 0.1843292, 0
0.3615283, 0.3025143, 0.5266117, 0
0.4705674, 0.2984286, 0.4672473, 0
0.3433854, 0.1691821, 0.4592282, 0
0.2305135, 0.2766403, 0.3772529, 0
0.5008777, 0.198952, 0.6664715, 0
0.4182755, 0.2706166, 0.1745027, 0
0.5059563, 0.2666911, 0.3592271, 0
0.5935862, 0.2664644, 0.2643227, 0
0.5364941, 0.2624142, 0.7269343, 0
0.703119, 0.2637719, 0.4256822, 0
0.5114421, 0.1957207, 0.6013588, 0
0.4368317, 0.2206278, 0.289028, 0
0.6942688, 0.1751208, 0.6140335, 0
0.6540086, 0.2142423, 0.3976699, 0
0.2470079, 0.2474017, 0.4663935, 0
0.7688657, 0.2657752, 0.2999154, 0
0.5107396, 0.2935734, 0.2929774, 0
0.438457, 0.2224824, 0.382862, 0
0.4270232, 0.262134, 0.2295314, 0
0.5112345, 0.2295438, 0.7528796, 0
0.4788768, 0.1857388, 0.2218463, 0
0.3486653, 0.1651267, 0.4004352, 0
0.5689688, 0.2000861, 0.5379469, 0
0.4476838, 0.2790295, 0.6075022, 0
0.6152182, 0.1897551, 0.4033689, 0
0.7240416, 0.202745, 0.3028603, 0
0.5897497, 0.1622978, 0.5270723, 0
0.6653298, 0.2619953, 0.2208922, 0
0.4399372, 0.236927, 0.1644802, 0
0.7400739, 0.2379401, 0.2305873, 0
0.4762499, 0.2022324, 0.2733901, 0
0.3359804, 0.2000545, 0.4767336, 0
0.4198288, 0.2863811, 0.6505044, 0
0.4101915, 0.2589474, 0.3508504, 0
0.72422, 0.2299032, 0.3873436, 0
0.3916382, 0.2050716, 0.3673303, 0
0.1703241, 0.1757983, 0.4418136, 0
0.685492, 0.2341691, 0.4704581, 0
0.2458856, 0.1620368, 0.6143662, 0
0.3991463, 0.2574758, 0.5772957, 0
0.5179569, 0.173966, 0.2124353, 0
0.1845394, 0.2070186, 0.4660954, 0
0.5349882, 0.1894165, 0.3163452, 0
0.4238222, 0.2325094, 0.6671512, 0
0.6096748, 0.2733158, 0.2670864, 0
0.6388668, 0.1954435, 0.1845669, 0
0.5689373, 0.1622898, 0.3820223, 0
0.6524429, 0.2519889, 0.6248394, 0
0.7484618, 0.2565992, 0.5398611, 0
0.3118629, 0.1830335, 0.3789436, 0
0.7208704, 0.1890438, 0.4441933, 0
0.5324285, 0.1641034, 0.5798517, 0
0.4113703, 0.3023628, 0.4568793, 0
0.3331014, 0.1767712, 0.6086646, 0
0.4953398, 0.287886, 0.5780353, 0
0.3560019, 0.1729358, 0.3232265, 0
0.6242858, 0.1870608, 0.4316753, 0
0.7570392, 0.2664481, 0.3728862, 0
0.6533434, 0.176371, 0.3154415, 0
0.4790886, 0.2451192, 0.6475542, 0
0.6325609, 0.3028463, 0.5177572, 0
0.6758432, 0.2667371, 0.3674898, 0
0.6615495, 0.200202, 0.5116893, 0
0.7528435, 0.2482369, 0.4250737, 0
0.2675505, 0.2772492, 0.4056555, 0
0.5170346, 0.26682, 0.5664959, 0
0.6432502, 0.1635852, 0.4493087, 0
0.2903786, 0.2105018, 0.450485, 0
0.3694701, 0.2383039, 0.2180183, 0
0.4687988, 0.2568293, 0.3263343, 0
0.5083702, 0.2758597, 0.6249075, 0
0.5554212, 0.2660768, 0.2034542, 0
0.4905047, 0.2254593, 0.2530141, 0
0.6579044, 0.2085523, 0.4471909, 0
0.7935774, 0.1813808, 0.3348426, 0
0.4668473, 0.2687688, 0.1888046, 0
0.2919877, 0.2496069, 0.6527317, 0
0.5528629, 0.284156, 0.6934192, 0
0.2952507, 0.2900205, 0.2881063, 0
0.6592113, 0.195551, 0.2889879, 0
0.3291451, 0.2644143, 0.3852899, 0
0.2987276, 0.2480612, 0.5372173, 0
0.3983152, 0.2341172, 0.4972185, 0
0.7305509, 0.2446703, 0.2907473, 0
0.5627846, 0.2430502, 0.2428383, 0
0.7468799, 0.2355537, 0.6157044, 0
0.2594514, 0.2609623, 0.557696, 0
0.5589934, 0.296184, 0.4740556, 0
0.366804, 0.2107743, 0.7083992, 0
0.4104033, 0.2969631, 0.6314911, 0
0.455824, 0.2798115, 0.3984222, 0
0.5526501, 0.2127542, 0.4174789, 0
0.3840888, 0.225319, 0.3727913, 0
0.2908055, 0.1648299, 0.5011164, 0
0.6211078, 0.2992123, 0.3288619, 0
0.2985592, 0.1999829, 0.56455, 0
0.3480193, 0.2200206, 0.4424216, 0
0.4110712, 0.1888947, 0.1475316, 0
0.6071001, 0.2667198, 0.2667114, 0
0.5486033, 0.2577523, 0.4917205, 0
0.5326227, 0.1883828, 0.4903479, 0
0.3711058, 0.2770599, 0.616368, 0
0.3720583, 0.294495, 0.6836163, 0
0.7313547, 0.2161129, 0.4479606, 0
0.4666783, 0.2352752, 0.2677844, 0
0.2434625, 0.2091189, 0.2982355, 0
0.4586228, 0.2926143, 0.4905817, 0
0.6132619, 0.2177064, 0.3008261, 0
0.4074651, 0.2990887, 0.522027, 0
0.5125497, 0.247056, 0.1713203, 0
0.6278563, 0.2877151, 0.6321461, 0
0.624418, 0.1850194, 0.5054206, 0
0.5213296, 0.2064897, 0.5123478, 0
0.3541928, 0.1763844, 0.5073244, 0
0.6100154, 0.1592422, 0.2484694, 0
0.3583743, 0.166769, 0.528008, 0
0.4430087, 0.2764165, 0.3340349, 0
0.1889521, 0.1998755, 0.4789672, 0
0.5184312, 0.1883594, 0.3408142, 0
0.7228114, 0.3007618, 0.5050746, 0
0.480002, 0.2452503, 0.2709529, 0
0.6075538, 0.2037313, 0.321012, 0
0.7059236, 0.1853889, 0.2501444, 0
0.5468788, 0.2957093, 0.3961683, 0
0.1991965, 0.2182434, 0.5660666, 0
0.4484691, 0.2015951, 0.3836246, 0
0.5100887, 0.1564826, 0.5074927, 0
0.5348294, 0.1986232, 0.7195273, 0
0.6293328, 0.241459, 0.2136694, 0
0.8024409, 0.1732106, 0.4354016, 0
0.66847, 0.1691901, 0.5712931, 0
0.2241253, 0.1828617, 0.4775724, 0
0.6687348, 0.289998, 0.3858377, 0
0.6596597, 0.2223729, 0.6507289, 0
0.7727037, 0.1654239, 0.6131541, 0
0.5396672, 0.2790758, 0.5253801, 0
0.5676285, 0.1904137, 0.2490112, 0
0.5167699, 0.1738805, 0.5267433, 0
0.2988945, 0.2096739, 0.3857755, 0
0.7945736, 0.2344022, 0.5118434, 0
0.2425339, 0.1866312, 0.4214285, 0
0.5893505, 0.1710586, 0.7587743, 0
0.7791832, 0.2352378, 0.4767839, 0
0.4349813, 0.299337, 0.5449785, 0
0.7283753, 0.2904338, 0.4081459, 0
0.7160636, 0.2506658, 0.3050813, 0
0.2609881, 0.2586913, 0.2859319, 0
0.5609328, 0.225898, 0.1893309, 0
0.6759422, 0.2729313, 0.3111434, 0
0.5092916, 0.1920382, 0.7927281, 0
0.4909591, 0.1727357, 0.4509223, 0
0.6909277, 0.2825358, 0.2600304, 0
0.53161, 0.193143, 0.7090577, 0
0.5482663, 0.2953732, 0.3382841, 0
0.5341597, 0.2179666, 0.5913758, 0
0.6534097, 0.1908697, 0.3045509, 0
0.7113863, 0.1965908, 0.400646, 0
0.7007002, 0.2359433, 0.5795024, 0
0.4571359, 0.1760958, 0.282986, 0
0.4762528, 0.2601849, 0.2626325, 0
0.3991326, 0.2895834, 0.5156142, 0
0.3193778, 0.2914772, 0.5755112, 0
0.2767898, 0.1671261, 0.6781442, 0
0.6141971, 0.2108161, 0.5317516, 0
0.2420651, 0.1835994, 0.3198599, 0
0.2892863, 0.2854182, 0.285028, 0
0.5148794, 0.1848065, 0.6398283, 0
0.5739886, 0.229403, 0.5914359, 0
0.3555515, 0.2534174, 0.2973793, 0
0.2477438, 0.2636554, 0.406195, 0
0.4361039, 0.2722912, 0.5156147, 0
0.4572654, 0.2523804, 0.401024, 0
0.5214529, 0.2036091, 0.5978838, 0
0.3372566, 0.193238, 0.5582998, 0
0.5383987, 0.2959729, 0.1959283, 0
0.5683972, 0.2654031, 0.4049257, 0
0.5919569, 0.229323, 0.4413101, 0
0.5624936, 0.1964517, 0.427681, 0
0.6049152, 0.2034154, 0.271912, 0
0.5780023, 0.2018788, 0.1251434, 0
0.6707608, 0.3003586, 0.391271, 0
0.4595788, 0.1696296, 0.1666596, 0
0.6217754, 0.2173518, 0.6040865, 0
0.5097667, 0.2483419, 0.4820948, 0
0.2224147, 0.2179139, 0.5850251, 0
0.3983271, 0.2724127, 0.2460092, 0
0.5360959, 0.2045177, 0.553556, 0
0.5934312, 0.214088, 0.1766945, 0
0.6274376, 0.2563575, 0.6809576, 0
0.3944964, 0.2607913, 0.2649889, 0
0.5392857, 0.2849835, 0.2966922, 0
0.779547, 0.1636247, 0.3594802, 0
0.4550424, 0.17506, 0.5064384, 0
0.2486187, 0.1929839, 0.2556603, 0
0.2969092, 0.187792, 0.3015598, 0
0.2020668, 0.2596197, 0.4351321, 0
0.6669665, 0.179168, 0.7602956, 0
0.6625397, 0.2814046, 0.5415939, 0
0.6938752, 0.2485817, 0.396736, 0
0.2477929, 0.2496797, 0.4388434, 0
0.4287112, 0.2662198, 0.2233104, 0
0.3504632, 0.268131, 0.6789414, 0
0.6658033, 0.1940322, 0.4814395, 0
0.3362522, 0.1734602, 0.5850347, 0
0.3665309, 0.2251996, 0.6857661, 0
0.6997754, 0.2848402, 0.6445356, 0
0.6558629, 0.2126465, 0.4564714, 0
0.6345304, 0.2970635, 0.2535796, 0
0.3843994, 0.1626239, 0.4058715, 0
0.8100969, 0.1766751, 0.3933879, 0
0.5864317, 0.2070486, 0.1499952, 0
0.2063243, 0.1804651, 0.454242, 0
0.1941425, 0.1622737, 0.3862615, 0
0.4992097, 0.2111752, 0.2170492, 0
0.701618, 0.3016888, 0.4949997, 0
0.4211787, 0.2644581, 0.2439234, 0
0.4256211, 0.2494995, 0.7518917, 0
0.6486052, 0.2514876, 0.6201854, 0
0.4846782, 0.2537555, 0.5843053, 0
0.3494086, 0.2144749, 0.2175509, 0
0.4950599, 0.2967793, 0.3134871, 0
0.3095398, 0.1703254, 0.1720508, 0
0.2770064, 0.249067, 0.5915608, 0
0.6830146, 0.1708853, 0.301743, 0
0.4651779, 0.2321625, 0.3181194, 0
0.5837833, 0.2172437, 0.5716693, 0
0.6643531, 0.1806808, 0.7652327, 0
0.4569559, 0.2190855, 0.3912011, 0
0.3280357, 0.2161268, 0.4867562, 0
0.3103659, 0.2938741, 0.3922353, 0
0.3979602, 0.218669, 0.2770477, 0
0.5833575, 0.1708615, 0.4400499, 0
0.3419495, 0.2742549, 0.5417814, 0
0.7060313, 0.2091155, 0.2146522, 0
0.727288, 0.2099058, 0.5355118, 0
0.8212013, 0.1792985, 0.4575892, 0
0.7100303, 0.244585, 0.3711715, 0
0.801527, 0.1946612, 0.3295673, 0
0.404382, 0.2347406, 0.5222353, 0
0.5365336, 0.2093097, 0.3741651, 0
0.7016529, 0.2391461, 0.3036833, 0
0.3649477, 0.1752944, 0.6446395, 0
0.6644785, 0.2080693, 0.7196895, 0
0.6955421, 0.1749433, 0.210989, 0
0.489985, 0.1892164, 0.2245081, 0
0.7240275, 0.1836247, 0.2863188, 0
0.360087, 0.2574868, 0.3746462, 0
0.5875623, 0.2498625, 0.2970504, 0
0.3919366, 0.2969895, 0.3520494, 0
0.5141999, 0.2638443, 0.6202267, 0
0.702239, 0.2604618, 0.2984211, 0
0.6370096, 0.2041245, 0.4152737, 0
0.4685643, 0.1966757, 0.283301, 0
0.2640771, 0.1657041, 0.2660341, 0
0.4739189, 0.2008608, 0.1226096, 0
0.5297596, 0.1587258, 0.2389566, 0
0.6865975, 0.3059717, 0.3689679, 0
0.2940331, 0.2504287, 0.5682634, 0
0.3880475, 0.1821848, 0.2388289, 0
0.4938519, 0.2605816, 0.3375315, 0
0.4627659, 0.2683877, 0.4426735, 0
0.5794149, 0.228816, 0.3460616, 0
0.4725575, 0.246194, 0.6557104, 0
0.4157275, 0.1851064, 0.3440756, 0
0.7316346, 0.2735927, 0.3288708, 0
0.6914259, 0.2226057, 0.6402442, 0
0.2835515, 0.1730912, 0.3252763, 0
0.4515314, 0.1791792, 0.4955351, 0
0.5739478, 0.1920346, 0.4859025, 0
0.484641, 0.2694065, 0.430092, 0
0.6564748, 0.1916674, 0.7292786, 0
0.3197895, 0.2795042, 0.5993953, 0
0.4874288, 0.2059095, 0.6273468, 0
0.8034004, 0.2346939, 0.4193141, 0
0.352288, 0.2577027, 0.693535, 0
0.3336834, 0.2737128, 0.6077468, 0
0.6941123, 0.1543158, 0.5100528, 0
0.739614, 0.2191633, 0.6125294, 0
0.3363459, 0.2649231, 0.5445246, 0
0.5626763, 0.2364475, 0.4855964, 0
0.4905931, 0.2354833, 0.2371665, 0
0.5201181, 0.2928964, 0.6953911, 0
0.3959166, 0.1621386, 0.7224716, 0
0.5526697, 0.2287435, 0.5834538, 0
0.1706778, 0.2097627, 0.43116, 0
0.6502043, 0.168458, 0.388422, 0
0.7784634, 0.1860314, 0.6580942, 0
0.2721779, 0.2674277, 0.5648047, 0
0.311201, 0.2269486, 0.6794071, 0
0.4843273, 0.2077761, 0.5833747, 0
0.4539189, 0.264953, 0.397181, 0
0.4480538, 0.2555269, 0.6397635, 0
0.3244704, 0.2290293, 0.5330173, 0
0.5636609, 0.1904724, 0.7808593, 0
0.5433691, 0.2404861, 0.7654161, 0
0.3464088, 0.2034056, 0.3680134, 0
0.2490472, 0.2188039, 0.6248244, 0
0.6507193, 0.2151677, 0.3292938, 0
0.2839513, 0.2847305, 0.5443598, 0
0.5654445, 0.2181643, 0.5958067, 0
0.3679308, 0.2504186, 0.4655358, 0
0.7707109, 0.1895447, 0.4298801, 0
0.5395336, 0.1546561, 0.3544968, 0
0.5303628, 0.2384137, 0.6251475, 0
0.4949129, 0.1895368, 0.5635394, 0
0.6478443, 0.2467274, 0.7343556, 0
0.5118335, 0.2251524, 0.5130033, 0
0.5910575, 0.232068, 0.7575961, 0
0.253682, 0.2056137, 0.3393004, 0
0.5387407, 0.2142277, 0.5641448, 0
0.4162342, 0.1658066, 0.2543036, 0
0.5071625, 0.2838032, 0.5577879, 0
0.5838858, 0.2208144, 0.3021894, 0
0.6744874, 0.1919038, 0.3120475, 0
0.3726289, 0.183185, 0.2469698, 0
0.327389, 0.1879691, 0.2139026, 0
0.6581082, 0.2100185, 0.3058759, 0
0.530696, 0.2709611, 0.3008147, 0
0.3574933, 0.2803231, 0.5042181, 0
0.3402086, 0.2271938, 0.4195175, 0
0.3830295, 0.2087257, 0.374062, 0
0.5674483, 0.1860726, 0.5840834, 0
0.6127954, 0.1959313, 0.4067361, 0
0.578396, 0.1649394, 0.2176032, 0
0.818058, 0.2461049, 0.498338, 0
0.6079303, 0.2204251, 0.5868699, 0
0.5211468, 0.1565545, 0.468811, 0
0.6866053, 0.2807923, 0.3868801, 0
0.6223518, 0.2627597, 0.6569071, 0
0.7362689, 0.1734679, 0.2908834, 0
0.4866863, 0.3014049, 0.4049085, 0
0.656827, 0.1710551, 0.4039089, 0
0.6233565, 0.2031072, 0.3149348, 0
0.4199023, 0.1998847, 0.3485262, 0
0.394978, 0.1989085, 0.5505058, 0
0.3795176, 0.2674484, 0.3817374, 0
0.697789, 0.2176153, 0.5728605, 0
0.3836107, 0.246544, 0.3704499, 0
0.5619686, 0.2490782, 0.4043209, 0
0.6466693, 0.2084075, 0.5405307, 0
0.752483, 0.2036121, 0.6271604, 0
0.2635543, 0.2936312, 0.4846224, 0
0.5861159, 0.2568356, 0.5387407, 0
0.5027286, 0.2239183, 0.4804599, 0
0.4230103, 0.2802576, 0.3651822, 0
0.566384, 0.262586, 0.630541, 0
0.584308, 0.1462943, 0.4135572, 0
0.763308, 0.1721682, 0.6749167, 0
0.2142409, 0.2131858, 0.5258127, 0
0.2776898, 0.248714, 0.278354, 0
0.3902929, 0.2522779, 0.4311586, 0
0.6600874, 0.2339784, 0.4952399, 0
0.3946339, 0.1843399, 0.18136, 0
0.758643, 0.2540549, 0.6146263, 0
0.2940468, 0.2445073, 0.3750544, 0
0.3570329, 0.1641234, 0.1669184, 0
0.3579017, 0.2811507, 0.2163628, 0
0.4733335, 0.2217409, 0.7496546, 0
0.4304496, 0.2366239, 0.5511685, 0
0.3124177, 0.1967663, 0.5646473, 0
0.635538, 0.2420955, 0.5452735, 0
0.654007, 0.1695004, 0.6958219, 0
0.7767974, 0.1852206, 0.5677403, 0
0.7204223, 0.2713387, 0.4423594, 0
0.7082348, 0.2823984, 0.6280137, 0
0.828639, 0.2026416, 0.4169652, 0
0.7168984, 0.1831572, 0.5338057, 0
0.3914438, 0.2483937, 0.4769828, 0
0.7517081, 0.2141909, 0.6155443, 0
0.3328245, 0.1926526, 0.3543364, 0
0.2946121, 0.2154578, 0.5748795, 0
0.4425913, 0.2207264, 0.6054565, 0
0.4649086, 0.1666066, 0.4276755, 0
0.3175319, 0.2111088, 0.2056166, 0
0.5469229, 0.1819086, 0.2108672, 0
0.2969497, 0.2601809, 0.4744318, 0
0.8157775, 0.2215372, 0.5790581, 0
0.381318, 0.2093739, 0.1679436, 0
0.6284255, 0.1672462, 0.5204375, 0
0.2205884, 0.2824522, 0.4260512, 0
0.6913153, 0.2644756, 0.2513602, 0
0.4316374, 0.1849828, 0.5281495, 0
0.6722686, 0.1738891, 0.1978696, 0
0.5238189, 0.1713027, 0.2127305, 0
0.5463083, 0.1696636, 0.1830181, 0
0.6992978, 0.3110251, 0.5028062, 0
0.3139311, 0.2135192, 0.304748, 0
0.4454764, 0.164911, 0.5240727, 0
0.2713041, 0.2917853, 0.3776076, 0
0.3134122, 0.2004991, 0.621605, 0
0.4876329, 0.2483249, 0.1640793, 0
0.5385232, 0.2668231, 0.2768817, 0
0.4945487, 0.1642535, 0.5999995, 0
0.6127553, 0.2786797, 0.5022289, 0
0.3599535, 0.2228873, 0.480709, 0
0.7192878, 0.2394886, 0.6319805, 0
0.3151161, 0.1786396, 0.2609616, 0
0.2872774, 0.1982648, 0.5094888, 0
0.2792587, 0.1799764, 0.5221568, 0
0.1994516, 0.2008508, 0.517549, 0
0.7141899, 0.2476101, 0.3324888, 0
0.6866379, 0.2820966, 0.591171, 0
0.2718989, 0.1592188, 0.5139667, 0
0.3538819, 0.1769443, 0.3674805, 0
0.4691506, 0.201436, 0.7095382, 0
0.6954427, 0.2350539, 0.2946652, 0
0.7183477, 0.2660292, 0.4986772, 0
0.6037798, 0.2236232, 0.4137329, 0
0.7518582, 0.1796885, 0.569317, 0
0.4619488, 0.215697, 0.7369365, 0
0.2918875, 0.1607158, 0.4459746, 0
0.7693432, 0.2963268, 0.5164653, 0
0.7561235, 0.2155703, 0.3157832, 0
0.2272757, 0.2034421, 0.4131224, 0
0.54159, 0.2296087, 0.5207407, 0
0.6096141, 0.2400614, 0.2351076, 0
0.406604, 0.226161, 0.3286925, 0
0.4250877, 0.2274401, 0.2847474, 0
0.480698, 0.187073, 0.2959682, 0
0.4564731, 0.2835818, 0.7336257, 0
0.1861572, 0.2096214, 0.3753193, 0
0.544644, 0.2228068, 0.4060887, 0
0.4267208, 0.2411127, 0.2048263, 0
0.7448209, 0.1994727, 0.5745225, 0
0.6445587, 0.2399904, 0.438527, 0
0.4641223, 0.1591882, 0.5272647, 0
0.431738, 0.1919732, 0.2423842, 0
0.5631316, 0.1940809, 0.1762979, 0
0.7077158, 0.1990677, 0.4501874, 0
0.3618864, 0.2948495, 0.3821757, 0
0.7125759, 0.2115035, 0.2582702, 0
0.5744227, 0.2929901, 0.426529, 0
0.520093, 0.259209, 0.1805415, 0
0.401758, 0.2078385, 0.4665598, 0
0.3373154, 0.2802109, 0.4468496, 0
0.5822235, 0.1618783, 0.6738407, 0
0.5596142, 0.2062673, 0.6273665, 0
0.2249193, 0.1736166, 0.6315085, 0
0.236259, 0.2057965, 0.4778322, 0
0.2731926, 0.2736559, 0.3924621, 0
0.7809036, 0.2874928, 0.3972593, 0
0.4935172, 0.2646083, 0.7266352, 0
0.6097809, 0.1786787, 0.3373547, 0
0.4444368, 0.2118575, 0.2158605, 0
0.4494813, 0.1880534, 0.5448694, 0
0.3310179, 0.2974445, 0.4294451, 0
0.581696, 0.2851605, 0.292153, 0
0.468332, 0.2852883, 0.3857512, 0
0.5835496, 0.2323632, 0.2449486, 0
0.5951133, 0.1641879, 0.5690721, 0
0.7780753, 0.2419157, 0.568287, 0
0.4616924, 0.2963131, 0.6462542, 0
0.4342397, 0.2621079, 0.4822392, 0
0.451479, 0.1580439, 0.6250187, 0
0.4551641, 0.2157657, 0.6466123, 0
0.538705, 0.1873193, 0.4660802, 0
0.4232015, 0.2995736, 0.6009998, 0
0.4000661, 0.2048742, 0.1601339, 0
0.3814572, 0.2748105, 0.3223002, 0
0.5778666, 0.2635768, 0.7078001, 0
0.6353945, 0.1877937, 0.1388176, 0
0.2593887, 0.203032, 0.4908828, 0
0.6130642, 0.2545572, 0.434696, 0
0.6405355, 0.2710414, 0.2102178, 0
0.3369738, 0.298339, 0.4689891, 0
0.5340123, 0.1767952, 0.2759384, 0
0.2932226, 0.2744596, 0.3172342, 0
0.5250942, 0.2100869, 0.1769841, 0
0.6451094, 0.2935285, 0.505868, 0
0.5576199, 0.1758896, 0.7217253, 0
0.2259587, 0.226389, 0.3163511, 0
0.4596018, 0.1662129, 0.336208, 0
0.3098119, 0.3005371, 0.4394948, 0
0.2410895, 0.2824645, 0.451498, 0
0.7330297, 0.1547262, 0.2946369, 0
0.5489046, 0.2831711, 0.5932521, 0
0.4221816, 0.1795851, 0.4537549, 0
0.4916988, 0.2432549, 0.184346, 0
0.418329, 0.2972651, 0.2679937, 0
0.7251666, 0.2835208, 0.5184466, 0
0.6153567, 0.1643274, 0.7179601, 0
0.4274346, 0.2624861, 0.1910317, 0
0.7447173, 0.2695964, 0.2871476, 0
0.7895936, 0.2313423, 0.312181, 0
0.644536, 0.2832197, 0.2568983, 0
0.518391, 0.2274372, 0.7507771, 0
0.6740676, 0.2133202, 0.4081958, 0
0.5676884, 0.1888559, 0.5854615, 0
0.3857183, 0.2005471, 0.4909787, 0
0.1958812, 0.1812861, 0.4527873, 0
0.5527207, 0.2741075, 0.2613703, 0
0.3745449, 0.2670758, 0.5580823, 0
0.4254939, 0.2278632, 0.5424455, 0
0.5466882, 0.2090473, 0.4184284, 0
0.7201778, 0.2056345, 0.6608332, 0
0.5830507, 0.1805257, 0.5922288, 0
0.6991594, 0.2206696, 0.7156215, 0
0.3410527, 0.1971439, 0.177176, 0
0.5829481, 0.1602842, 0.4132961, 0
0.7940129, 0.1848551, 0.2698819, 0
0.5635926, 0.2555771, 0.4615983, 0
0.5245476, 0.216774, 0.1283432, 0
0.7436709, 0.2721455, 0.5204707, 0
0.7259148, 0.2860759, 0.5281222, 0
0.7286699, 0.1819586, 0.3293592, 0
0.4197309, 0.2903637, 0.3918739, 0
0.4781468, 0.1768933, 0.4240893, 0
0.4768282, 0.2909937, 0.4805099, 0
0.3471969, 0.2442605, 0.2537939, 0
0.5520602, 0.2625191, 0.6276914, 0
0.4203956, 0.1651628, 0.5314282, 0
0.2057714, 0.2288765, 0.4879458, 0
0.2607963, 0.233926, 0.285936, 0
0.4304268, 0.2713538, 0.280081, 0
0.3101045, 0.2823191, 0.6479891, 0
0.442591, 0.2592009, 0.5081679, 0
0.6566437, 0.2999748, 0.3214301, 0
0.4839755, 0.1972977, 0.6394187, 0
0.428595, 0.2088854, 0.7230201, 0
0.5616199, 0.2890776, 0.349197, 0
0.6272197, 0.2435414, 0.4941554, 0
0.6685364, 0.1915155, 0.5422277, 0
0.237488, 0.1710507, 0.293391, 0
0.2917497, 0.2350149, 0.4345376, 0
0.5680708, 0.2686632, 0.5697372, 0
0.2910022, 0.1920174, 0.5847751, 0
0.4509752, 0.1599382, 0.2002009, 0
0.4097764, 0.2960267, 0.4400459, 0
0.3426024, 0.2791959, 0.4988424, 0
0.6424395, 0.2844321, 0.5088687, 0
0.6876792, 0.2404795, 0.3998369, 0
0.4375482, 0.253344, 0.2180542, 0
0.4939348, 0.2328861, 0.7655393, 0
0.6634646, 0.2167698, 0.1914496, 0
0.2964949, 0.2207625, 0.6819205, 0
0.3392879, 0.2543651, 0.6169014, 0
0.8319785, 0.2199508, 0.4659078, 0
0.4931266, 0.2656423, 0.2020689, 0
0.4850838, 0.1733018, 0.3851005, 0
0.7827937, 0.2020781, 0.530092, 0
0.2806022, 0.2097956, 0.2351428, 0
0.7527525, 0.2697309, 0.5683826, 0
0.6886812, 0.2673986, 0.6576977, 0
0.7441468, 0.2180576, 0.4081676, 0
0.3331819, 0.228829, 0.5136954, 0
0.521473, 0.30406, 0.6352667, 0
0.5023309, 0.2311872, 0.2140296, 0
0.584154, 0.2259132, 0.7229681, 0
0.3461188, 0.2858639, 0.4059619, 0
0.6388603, 0.2115656, 0.3469532, 0
0.5530785, 0.2239199, 0.4350316, 0
0.351053, 0.1494923, 0.2636989, 0
0.8034115, 0.2604026, 0.348712, 0
0.4230667, 0.1850193, 0.4491864, 0
0.435507, 0.2286697, 0.4737982, 0
0.5513874, 0.2859207, 0.4533285, 0
0.3559791, 0.2804472, 0.5675548, 0
0.4607954, 0.3016938, 0.508747, 0
0.5503113, 0.1843914, 0.6101059, 0
0.6769662, 0.2442909, 0.4640389, 0
0.5187368, 0.2715524, 0.6366708, 0
0.6190412, 0.2462256, 0.7049788, 0
0.5656722, 0.262491, 0.4805441, 0
0.5600226, 0.2454536, 0.6464627, 0
0.5155285, 0.2411164, 0.5979884, 0
0.1991673, 0.2212855, 0.4660624, 0
0.7466199, 0.1979391, 0.4146644, 0
0.6367663, 0.2700763, 0.6060595, 0
0.38951, 0.2254955, 0.5711162, 0
0.4039006, 0.3027469, 0.2545457, 0
0.3353292, 0.2768751, 0.3994784, 0
0.3463023, 0.1771362, 0.5909407, 0
0.6222672, 0.2334301, 0.4259875, 0
0.2863109, 0.189946, 0.4125775, 0
0.5354724, 0.2028292, 0.4885435, 0
0.704905, 0.232791, 0.4838423, 0
0.7099275, 0.174951, 0.4732876, 0
0.7285435, 0.2752579, 0.4281943, 0
0.2016597, 0.1617342, 0.5345562, 0
0.4625006, 0.2102822, 0.4603424, 0
0.5875793, 0.2571827, 0.1817742, 0
0.6436072, 0.2974448, 0.5010685, 0
0.6024979, 0.1833662, 0.4844041, 0
0.5696259, 0.2310657, 0.4021704, 0
0.3591305, 0.2429091, 0.6966099, 0
0.2207222, 0.1673087, 0.4577855, 0
0.1844556, 0.1876996, 0.4500844, 0
0.5500173, 0.2141663, 0.4345123, 0
0.4655657, 0.2230716, 0.3543073, 0
0.5497421, 0.1645861, 0.6723107, 0
0.7561703, 0.2193302, 0.5510217, 0
0.6094787, 0.2080314, 0.1922113, 0
0.531001, 0.2190884, 0.3446785, 0
0.6940359, 0.2110608, 0.3035247, 0
0.7430161, 0.2465906, 0.5151238, 0
0.5528028, 0.2657866, 0.5571058, 0
0.4652264, 0.2733581, 0.5531337, 0
0.4645974, 0.2882413, 0.741399, 0
0.6972233, 0.2726561, 0.3076453, 0
0.4137991, 0.2085199, 0.4127267, 0
0.4566537, 0.2400947, 0.7030972, 0
0.7113986, 0.189285, 0.3070689, 0
0.7268222, 0.234339, 0.4900961, 0
0.1731247, 0.1801948, 0.3989684, 0
0.6254742, 0.2411177, 0.2183454, 0
0.5361503, 0.2581502, 0.4637461, 0
0.402837, 0.1894084, 0.6478791, 0
0.6898074, 0.180002, 0.5662016, 0
0.8150538, 0.2325373, 0.3734061, 0
0.4111643, 0.2530389, 0.6449365, 0
0.4922516, 0.1900418, 0.6316637, 0
0.2123761, 0.2202798, 0.4104715, 0
0.3252099, 0.289963, 0.3581291, 0
0.6901826, 0.2853177, 0.5101196, 0
0.6297726, 0.2022629, 0.1602665, 0
0.6635492, 0.3088641, 0.3335195, 0
0.5179737, 0.1484974, 0.4525018, 0
0.5702312, 0.1491526, 0.3630459, 0
0.3261743, 0.1957716, 0.3697315, 0
0.5405526, 0.3048256, 0.6934947, 0
0.414246, 0.3027451, 0.5167205, 0
0.4705527, 0.1668253, 0.2441154, 0
0.2488397, 0.2046126, 0.4273565, 0
0.6524988, 0.2520042, 0.4917203, 0
0.4710858, 0.2243357, 0.24351, 0
0.646045, 0.1884008, 0.714475, 0
0.2544387, 0.2118326, 0.2487334, 0
0.5667539, 0.2141774, 0.3173991, 0
0.3293964, 0.1809292, 0.1574513, 0
0.7325007, 0.2652232, 0.2396558, 0
0.4670457, 0.2861892, 0.7432418, 0
0.4481235, 0.1935236, 0.3322089, 0
0.442501, 0.2487336, 0.3552414, 0
0.3257855, 0.2008081, 0.1450187, 0
0.529651, 0.1715237, 0.1163278, 0
0.3900487, 0.1851866, 0.5403118, 0
0.3798907, 0.2144227, 0.4154601, 0
0.6995142, 0.1893602, 0.7271364, 0
0.24582, 0.1787865, 0.530995, 0
0.3847819, 0.1761422, 0.7209101, 0
0.4994774, 0.2024425, 0.3025826, 0
0.4739565, 0.1589632, 0.7104365, 0
0.2040769, 0.189009, 0.4802577, 0
0.2440812, 0.2431106, 0.5996441, 0
0.6611162, 0.2014993, 0.5809048, 0
0.6997551, 0.2335224, 0.2548683, 0
0.5500742, 0.1784772, 0.4807769, 0
0.3991602, 0.2741137, 0.6997287, 0
0.776258, 0.2266581, 0.3081121, 0
0.5438226, 0.2544208, 0.6610975, 0
0.5882256, 0.2265108, 0.3307352, 0
0.2712101, 0.1839921, 0.377261, 0
0.292397, 0.213206, 0.294512, 0
0.418064, 0.2048527, 0.7296985, 0
0.4811881, 0.2344867, 0.5877897, 0
0.41559, 0.2920699, 0.420315, 0
0.4294965, 0.2323394, 0.3772441, 0
0.3056104, 0.2395789, 0.3350599, 0
0.655805, 0.3001801, 0.4772931, 0
0.295128, 0.2036253, 0.3633144, 0
0.6327603, 0.2461848, 0.2552915, 0
0.7396069, 0.2449373, 0.3016015, 0
0.6592245, 0.2698611, 0.6667525, 0
0.6936051, 0.2341833, 0.3736756, 0
0.7661946, 0.2593946, 0.5669141, 0
0.6069322, 0.1661847, 0.6674841, 0
0.5033581, 0.2949135, 0.2454771, 0
0.5795423, 0.2543138, 0.4439113, 0
0.5395731, 0.2463928, 0.5385, 0
0.4080719, 0.2857099, 0.3585573, 0
0.7875347, 0.2500704, 0.5721846, 0
0.3978525, 0.2628755, 0.5875263, 0
0.7587005, 0.1729991, 0.4969926, 0
0.5077287, 0.1908616, 0.130533, 0
0.8022451, 0.1967272, 0.3559754, 0
0.4677043, 0.2642742, 0.1596391, 0
0.7703063, 0.1849902, 0.4915061, 0
0.4766712, 0.2106064, 0.6569303, 0
0.5571305, 0.2663095, 0.2012341, 0
0.6519857, 0.2592749, 0.2399293, 0
0.4930369, 0.2177029, 0.4406091, 0
0.5943729, 0.2610008, 0.4827104, 0
0.4060118, 0.1818255, 0.7181171, 0
0.7563193, 0.191032, 0.5755208, 0
0.482716, 0.2161114, 0.3675177, 0
0.6107644, 0.1911768, 0.339005, 0
0.5346811, 0.3010375, 0.5228076, 0
0.719058, 0.2230548, 0.3424624, 0
0.6371965, 0.219583, 0.6974556, 0
0.63452, 0.2679312, 0.5855207, 0
0.6767942, 0.1827447, 0.2939844, 0
0.3588255, 0.2875529, 0.4907254, 0
0.3715, 0.1477399, 0.6074603, 0
0.7303379, 0.2145224, 0.4008199, 0
0.792363, 0.1972893, 0.6090587, 0
0.5980588, 0.2523764, 0.5384879, 0
0.4793094, 0.2377772, 0.7293217, 0
0.6678678, 0.219817, 0.6628818, 0
0.5881857, 0.1931739, 0.2070208, 0
0.4684162, 0.182052, 0.2658527, 0
0.5220412, 0.2384817, 0.5799841, 0
0.766404, 0.2605532, 0.6283911, 0
0.3186379, 0.1748658, 0.305056, 0
0.3084304, 0.2196192, 0.6733112, 0
0.7370909, 0.2170968, 0.3073478, 0
0.7721108, 0.2956102, 0.3692093, 0
0.5974089, 0.2875381, 0.2968791, 0
0.3885334, 0.2349948, 0.3480949, 0
0.559597, 0.1879551, 0.4453112, 0
0.7710925, 0.2100909, 0.3383311, 0
0.473968, 0.2093464, 0.3317373, 0
0.4828559, 0.2766353, 0.6185837, 0
0.3830437, 0.1730384, 0.2716388, 0
0.422088, 0.3066544, 0.6117954, 0
0.633678, 0.2097308, 0.3319537, 0
0.488582, 0.1788116, 0.689259, 0
0.3194414, 0.2694812, 0.4044084, 0
0.3869884, 0.1727804, 0.6144477, 0
0.5013259, 0.2169723, 0.5977393, 0
0.646353, 0.2327146, 0.5680545, 0
0.7179471, 0.2586062, 0.6417043, 0
0.7476906, 0.2386234, 0.2557306, 0
0.6765153, 0.1752368, 0.2131497, 0
0.2023959, 0.1596566, 0.4250859, 0
0.3825449, 0.3005918, 0.6856491, 0
0.4008115, 0.2594481, 0.167385, 0
0.2538067, 0.2886391, 0.4828312, 0
0.3464215, 0.2675612, 0.5950677, 0
0.5762725, 0.2972135, 0.3163473, 0
0.4361748, 0.2130146, 0.2023377, 0
0.7708432, 0.2705405, 0.3254596, 0
0.4220365, 0.2665401, 0.3629192, 0
0.7048751, 0.2897166, 0.4744729, 0
0.2591508, 0.2541498, 0.4236088, 0
0.3489249, 0.1562435, 0.4853825, 0
0.3496394, 0.170194, 0.2443642, 0
0.5606018, 0.2254619, 0.5376812, 0
0.5827821, 0.1708179, 0.2907445, 0
0.4723222, 0.2682471, 0.3586796, 0
0.4918503, 0.2032648, 0.3961802, 0
0.7327341, 0.2396896, 0.6624479, 0
0.6972693, 0.2100255, 0.3584453, 0
0.3112701, 0.2971434, 0.6313234, 0
0.5858035, 0.3098973, 0.5955337, 0
0.4991342, 0.2841066, 0.5481227, 0
0.3018721, 0.217537, 0.351781, 0
0.3949533, 0.2225743, 0.2543279, 0
0.3144698, 0.2608436, 0.3600745, 0
0.2761279, 0.1940808, 0.2283544, 0
0.4478612, 0.2487356, 0.2483975, 0
0.7057878, 0.2431702, 0.6827625, 0
0.7628779, 0.1780414, 0.3488824, 0
0.7568967, 0.2196983, 0.3736813, 0
0.3175061, 0.2595123, 0.5771991, 0
0.4319254, 0.1995784, 0.1322302, 0
0.524694, 0.3089916, 0.6648504, 0
0.3431351, 0.2820995, 0.5721467, 0
0.52198, 0.2126071, 0.5391219, 0
0.2422149, 0.1791732, 0.301949, 0
0.5304215, 0.2604014, 0.4306855, 0
0.4100634, 0.296533, 0.6818314, 0
0.6335468, 0.1815006, 0.5005754, 0
0.5443031, 0.1592036, 0.7192088, 0
0.5567099, 0.2740974, 0.6431432, 0
0.8082496, 0.2628006, 0.4546791, 0
0.439974, 0.1888602, 0.5671987, 0
0.433795, 0.2587015, 0.4822167, 0
0.6819827, 0.222772, 0.2322533, 0
0.6029769, 0.2862312, 0.4681909, 0
0.503459, 0.2872373, 0.3889329, 0
0.679389, 0.2456022, 0.7179657, 0
0.27959, 0.2598816, 0.3606815, 0
0.5525368, 0.1809314, 0.4122814, 0
0.4663219, 0.3063923, 0.6420887, 0
0.3752397, 0.2131511, 0.460355, 0
0.7003721, 0.3093841, 0.6041244, 0
0.3781773, 0.2367786, 0.4781608, 0
0.4198611, 0.1977202, 0.4363587, 0
0.5268791, 0.2862964, 0.5147692, 0
0.5283675, 0.2359669, 0.4928649, 0
0.5827573, 0.2177602, 0.3771081, 0
0.5887907, 0.2693255, 0.1745394, 0
0.5495967, 0.2307483, 0.3676782, 0
0.7682132, 0.1684394, 0.5274804, 0
0.2872912, 0.2025688, 0.4361101, 0
0.5541717, 0.1892596, 0.3321633, 0
0.7598132, 0.1816839, 0.4934184, 0
0.5193862, 0.2872375, 0.345651, 0
0.355283, 0.2644219, 0.5260563, 0
0.5506808, 0.2146969, 0.749034, 0
0.3230673, 0.2700556, 0.324511, 0
0.7186599, 0.2002556, 0.1883851, 0
0.8271127, 0.201528, 0.4743263, 0
0.590064, 0.2905915, 0.2494482, 0
0.4072665, 0.2790193, 0.349843, 0
0.6530681, 0.2547027, 0.3549115, 0
0.2589605, 0.2169646, 0.4761551, 0
0.3787138, 0.2633364, 0.3937272, 0
0.3562793, 0.212654, 0.5428406, 0
0.8010017, 0.201751, 0.307292, 0
0.3280604, 0.197288, 0.2004921, 0
0.6540163, 0.2529933, 0.3543021, 0
0.5345235, 0.2527028, 0.4320881, 0
0.5869408, 0.2526941, 0.4082092, 0
0.5896171, 0.266587, 0.4071863, 0
0.2959575, 0.2652439, 0.6029186, 0
0.6006294, 0.2238587, 0.3459888, 0
0.4430419, 0.2614096, 0.387609, 0
0.2807442, 0.2087132, 0.669464, 0
0.3395542, 0.2601629, 0.6152863, 0
0.5737702, 0.2801337, 0.6146761, 0
0.7008553, 0.2676807, 0.2673166, 0
0.5353463, 0.2915689, 0.290979, 0
0.5041693, 0.1581515, 0.5790101, 0
0.2981861, 0.2438495, 0.5677027, 0
0.2536588, 0.2574652, 0.40389, 0
0.4967586, 0.2321118, 0.2067311, 0
0.4513632, 0.2993024, 0.5228817, 0
0.6219402, 0.27414, 0.3138507, 0
0.1674049, 0.1801988, 0.4998626, 0
0.4252099, 0.2157787, 0.5005275, 0
0.6697401, 0.1853236, 0.256605, 0
0.5347701, 0.2213014, 0.6269422, 0
0.4259501, 0.17861, 0.6170189, 0
0.5966492, 0.2092631, 0.7065142, 0
0.2806681, 0.1783387, 0.6421952, 0
0.6795039, 0.1956356, 0.3642035, 0
0.4015878, 0.2992597, 0.2530185, 0
0.478247, 0.176696, 0.4184883, 0
0.5605194, 0.2269057, 0.3831404, 0
0.5599372, 0.2654984, 0.4848254, 0
0.6543741, 0.2915949, 0.3753009, 0
0.3584412, 0.1675088, 0.296615, 0
0.6382338, 0.1748143, 0.6513951, 0
0.7015802, 0.3076352, 0.5672539, 0
0.5420336, 0.2767353, 0.6851602, 0
0.329823, 0.2816244, 0.3891034, 0
0.5112134, 0.2191242, 0.4992937, 0
0.3516446, 0.1751749, 0.5511937, 0
0.7245386, 0.1943253, 0.4638662, 0
0.3710845, 0.232343, 0.6718129, 0
0.6143762, 0.2606524, 0.7317143, 0
0.2886336, 0.2454433, 0.3410867, 0
0.3231113, 0.2825988, 0.6602989, 0
0.6597604, 0.2037414, 0.1730265, 0
0.7584561, 0.274182, 0.2974485, 0
0.3465461, 0.2031951, 0.1777579, 0
0.5697571, 0.1660012, 0.3728707, 0
0.478468, 0.2321179, 0.5158103, 0
0.5625644, 0.2342135, 0.7392288, 0
0.7553422, 0.2949177, 0.4165647, 0
0.4600128, 0.1826958, 0.6368937, 0
0.7560759, 0.2203765, 0.2924404, 0
0.6950566, 0.2387843, 0.3604095, 0
0.2972461, 0.2975544, 0.4306624, 0
0.6084692, 0.214632, 0.1699747, 0
0.7601641, 0.1960126, 0.5902337, 0
0.5932519, 0.2468063, 0.1628672, 0
0.4024204, 0.2433127, 0.7311807, 0
0.4479864, 0.2160911, 0.4735299, 0
0.7210658, 0.3069616, 0.3964642, 0
0.2492869, 0.1630192, 0.4870003, 0
0.2191491, 0.1851769, 0.2661137, 0
0.5137144, 0.1655098, 0.5842818, 0
0.3660499, 0.252217, 0.2499116, 0
0.4037215, 0.2857037, 0.4097274, 0
0.7349803, 0.2359072, 0.3847438, 0
0.492386, 0.1962221, 0.2813264, 0
0.6661615, 0.3059615, 0.6094534, 0
0.7088596, 0.2906815, 0.2724236, 0
0.3265948, 0.2744361, 0.4389586, 0
0.5634354, 0.190603, 0.6199832, 0
0.3659024, 0.1632773, 0.514009, 0
0.2903357, 0.2765307, 0.6590034, 0
0.6933345, 0.2816824, 0.6633209, 0
0.4001285, 0.2730334, 0.3312935, 0
0.6342595, 0.1934967, 0.213762, 0
0.6638364, 0.1954108, 0.7354789, 0
0.4706532, 0.1575892, 0.5801351, 0
0.7237257, 0.1834195, 0.405095, 0
0.6611333, 0.28793, 0.2913706, 0
0.4668897, 0.2847943, 0.6436076, 0
0.4446712, 0.225628, 0.2439839, 0
0.2690054, 0.2239106, 0.6182011, 0
0.6903015, 0.2569589, 0.3080119, 0
0.4669756, 0.2502437, 0.1585083, 0
0.3169777, 0.1974178, 0.19377, 0
0.4714037, 0.2344957, 0.5645479, 0
0.5814827, 0.1942071, 0.1913213, 0
0.3921441, 0.2296205, 0.6152189, 0
0.4075029, 0.2174944, 0.1473887, 0
0.5352521, 0.2303189, 0.4613142, 0
0.6600289, 0.2175037, 0.4173552, 0
0.3057387, 0.1577745, 0.404763, 0
0.7722939, 0.1890045, 0.4418842, 0
0.4261255, 0.2483705, 0.2431953, 0
0.4148769, 0.191614, 0.6292043, 0
0.4792147, 0.1548365, 0.554392, 0
0.6151562, 0.2160651, 0.7033424, 0
0.7526609, 0.1585995, 0.3573278, 0
0.3646692, 0.2037154, 0.448236, 0
0.4336589, 0.2553155, 0.6030127, 0
0.7005786, 0.161933, 0.6286408, 0
0.6558129, 0.3012334, 0.3792503, 0
0.4257561, 0.283745, 0.5047886, 0
0.3663846, 0.2014991, 0.3888635, 0
0.7125131, 0.2728369, 0.409644, 0
0.8081457, 0.2344503, 0.3707283, 0
0.3595389, 0.1886672, 0.7367584, 0
0.2871795, 0.2796529, 0.5948661, 0
0.3442585, 0.2323601, 0.1989085, 0
0.3406418, 0.1869667, 0.2644624, 0
0.689534, 0.294695, 0.6542442, 0
0.5389706, 0.1796921, 0.5620154, 0
0.6560669, 0.2822904, 0.6488846, 0
0.4461754, 0.2994324, 0.7169913, 0
0.7305313, 0.1773003, 0.2591335, 0
0.4168063, 0.2998096, 0.6505283, 0
0.3259444, 0.1751871, 0.3340357, 0
0.5185668, 0.2793928, 0.1936544, 0
0.7084047, 0.1978419, 0.1744743, 0
0.4141138, 0.1941013, 0.21631, 0
0.5957989, 0.1772733, 0.3338752, 0
0.4829739, 0.1970398, 0.3778105, 0
0.5601075, 0.2265809, 0.5156279, 0
0.315585, 0.1924478, 0.5313576, 0
0.2466668, 0.2627667, 0.5668711, 0
0.7316951, 0.3022335, 0.5607177, 0
0.6248244, 0.2725324, 0.3909724, 0
0.5382236, 0.2307456, 0.2327779, 0
0.5074698, 0.1520353, 0.3605365, 0
0.449703, 0.2883301, 0.7163283, 0
0.2803721, 0.2061283, 0.5510154, 0
0.4513197, 0.172419, 0.5654882, 0
0.6192976, 0.1823217, 0.1365349, 0
0.5488792, 0.2027006, 0.4326499, 0
0.4824046, 0.2331928, 0.2659008, 0
0.3566944, 0.1780014, 0.6137146, 0
0.7930577, 0.2017636, 0.2945044, 0
0.545028, 0.1953246, 0.2988294, 0
0.3969879, 0.278024, 0.3076839, 0
0.3922646, 0.1745216, 0.7234294, 0
0.42628, 0.2826954, 0.4528564, 0
0.4608638, 0.2121295, 0.209348, 0
0.2959161, 0.1736178, 0.1743773, 0
0.3221065, 0.2289502, 0.3804264, 0
0.207722, 0.1948263, 0.3951509, 0
0.6625736, 0.261967, 0.6555987, 0
0.3630111, 0.1572403, 0.1884798, 0
0.5584038, 0.2247898, 0.3460775, 0
0.7796916, 0.1658355, 0.5930473, 0
0.6501171, 0.1873007, 0.4093651, 0
0.5483456, 0.3034731, 0.5418999, 0
0.3006949, 0.1993713, 0.6672306, 0
0.4081306, 0.1603196, 0.7245463, 0
0.6889328, 0.2829335, 0.6626266, 0
0.3662866, 0.1698777, 0.3568571, 0
0.6011881, 0.2745909, 0.5739935, 0
0.5844522, 0.2293077, 0.682905, 0
0.2792512, 0.1977688, 0.4712625, 0
0.2982615, 0.2741132, 0.5821794, 0
0.5451455, 0.2891959, 0.5280216, 0
0.6746082, 0.2102999, 0.5839806, 0
0.3196537, 0.2073053, 0.6270654, 0
0.4491161, 0.2178509, 0.1279044, 0
0.4636942, 0.2229005, 0.170466, 0
0.6540224, 0.1824647, 0.420814, 0
0.5797839, 0.2015979, 0.3619306, 0
0.2284213, 0.2082937, 0.3144742, 0
0.2832588, 0.2185284, 0.4190991, 0
0.3639847, 0.2378603, 0.2195739, 0
0.2750275, 0.2743126, 0.5348659, 0
0.5924321, 0.3019856, 0.2905977, 0
0.5471233, 0.2863742, 0.7178476, 0
0.3914769, 0.2404779, 0.5357509, 0
0.5941249, 0.1658295, 0.461745, 0
0.5853726, 0.3024266, 0.6118168, 0
0.4102104, 0.2788961, 0.7310718, 0
0.6195526, 0.2916645, 0.4188406, 0
0.48863, 0.2358122, 0.7251399, 0
0.3583227, 0.1817236, 0.2940736, 0
0.5964638, 0.2105198, 0.4547204, 0
0.6736097, 0.2405051, 0.3829347, 0
0.2621689, 0.2677824, 0.3092286, 0
0.3274452, 0.1937618, 0.3366224, 0
0.5939569, 0.3026771, 0.5697718, 0
0.2834261, 0.2415705, 0.5539404, 0
0.4411781, 0.2075394, 0.4084612, 0
0.7755753, 0.2174222, 0.4806874, 0
0.4149896, 0.2297863, 0.7273755, 0
0.4118389, 0.2258366, 0.3651886, 0
0.434611, 0.2550843, 0.4830714, 0
0.40517, 0.2276799, 0.2875268, 0
0.4578675, 0.235625, 0.1743678, 0
0.2877182, 0.2253458, 0.2717284, 0
0.5975244, 0.2242085, 0.4463807, 0
0.5024926, 0.2109882, 0.264015, 0
0.7215258, 0.2414211, 0.5774068, 0
0.7019677, 0.187432, 0.1717412, 0
0.3616333, 0.2107234, 0.6749285, 0
0.3705342, 0.2150988, 0.3255207, 0
0.5514162, 0.1592743, 0.7446846, 0
0.7889909, 0.1781294, 0.3190309, 0
0.4961849, 0.2065921, 0.4765173, 0
0.3363316, 0.1818117, 0.2497672, 0
0.7144708, 0.1948318, 0.3856673, 0
0.23643, 0.2656666, 0.3800516, 0
0.4099551, 0.2231508, 0.6093005, 0
0.3050285, 0.3009356, 0.5715556, 0
0.3971207, 0.1890944, 0.2027022, 0
0.6180105, 0.1686398, 0.2111792, 0
0.1891668, 0.2375088, 0.4914472, 0
0.5526446, 0.2010235, 0.7458352, 0
0.6705715, 0.2713666, 0.2822335, 0
0.661701, 0.2277175, 0.2880076, 0
0.7847158, 0.2450422, 0.3461017, 0
0.2987843, 0.2779326, 0.4789858, 0
0.4187654, 0.1548168, 0.3886243, 0
0.5416025, 0.1839175, 0.5351713, 0
0.265107, 0.1736885, 0.2573045, 0
0.3373588, 0.2614092, 0.6904125, 0
0.6154797, 0.183311, 0.6344991, 0
0.2029465, 0.1868912, 0.5379034, 0
0.2846326, 0.2165515, 0.6130022, 0
0.459987, 0.2402828, 0.6724647, 0
0.3220576, 0.1865189, 0.4492041, 0
0.4312857, 0.1884238, 0.3973828, 0
0.7622811, 0.1835411, 0.4820672, 0
0.4449427, 0.272466, 0.6687049, 0
0.6210886, 0.2131282, 0.6431466, 0
0.2187087, 0.2579216, 0.4333023, 0
0.6468043, 0.2548124, 0.4083677, 0
0.2863721, 0.1621595, 0.5230736, 0
0.3497867, 0.2994829, 0.5795543, 0
0.5469617, 0.2670711, 0.1645455, 0
0.5686399, 0.2031013, 0.2627802, 0
0.664144, 0.2052791, 0.2134718, 0
0.4309815, 0.2166239, 0.249412, 0
0.4740249, 0.2331197, 0.3156919, 0
0.7532833, 0.2305035, 0.3039804, 0
0.6335351, 0.2700022, 0.5627536, 0
0.7402608, 0.189923, 0.3218605, 0
0.5199843, 0.206616, 0.7279849, 0
0.7529057, 0.2004398, 0.6517352, 0
0.3108981, 0.2647321, 0.3665854, 0
0.3260889, 0.2175444, 0.568642, 0
0.4777163, 0.197033, 0.1309932, 0
0.5352118, 0.2862839, 0.2395522, 0
0.2797657, 0.2425189, 0.6299278, 0
0.2750003, 0.2421259, 0.5560979, 0
0.5987478, 0.1959471, 0.6335356, 0
0.272787, 0.1932377, 0.4564726, 0
0.350228, 0.2866469, 0.2668948, 0
0.6831198, 0.2826914, 0.5873779, 0
0.4106698, 0.1744032, 0.6924469, 0
0.8092767, 0.2568736, 0.5339018, 0
0.7460013, 0.1889517, 0.2517354, 0
0.5202489, 0.2776063, 0.352421, 0
0.5011014, 0.166647, 0.3509861, 0
0.2556127, 0.2674197, 0.480896, 0
0.7958305, 0.2152026, 0.5168479, 0
0.708091, 0.2173301, 0.1903139, 0
0.325997, 0.2816333, 0.402788, 0
0.4848071, 0.1770078, 0.1339145, 0
0.4934899, 0.287165, 0.2707258, 0
0.4667797, 0.2251503, 0.3788473, 0
0.3425899, 0.2958853, 0.4076097, 0
0.4369742, 0.2788567, 0.6397286, 0
0.7179205, 0.2641026, 0.4648993, 0
0.21521, 0.17828, 0.6244404, 0
0.7130147, 0.187688, 0.3476249, 0
0.4726619, 0.2356161, 0.1709638, 0
0.7523442, 0.2689951, 0.4673336, 0
0.717585, 0.2821266, 0.279719, 0
0.629174, 0.2046695, 0.6987125, 0
0.3305993, 0.2146363, 0.372583, 0
0.5266854, 0.2773153, 0.1650837, 0
0.5064862, 0.2024532, 0.6475474, 0
0.4408358, 0.2452997, 0.3459584, 0
0.4070671, 0.1959403, 0.3390865, 0
0.5224754, 0.2726802, 0.5125046, 0
0.5823519, 0.2968363, 0.3313419, 0
0.7125309, 0.2601104, 0.2235015, 0
0.4594809, 0.2054175, 0.2099122, 0
0.456113, 0.2384595, 0.5273976, 0
0.5718073, 0.2059419, 0.6065468, 0
0.554375, 0.1647811, 0.4344757, 0
0.2747843, 0.2659756, 0.2624387, 0
0.2252599, 0.255833, 0.4615708, 0
0.395418, 0.2448354, 0.6201879, 0
0.2963135, 0.2489345, 0.3302133, 0
0.4577121, 0.179045, 0.2355942, 0
0.4322152, 0.2303196, 0.286041, 0
0.2585258, 0.200507, 0.4284557, 0
0.4231332, 0.2865577, 0.2553014, 0
0.7120385, 0.2906998, 0.3439395, 0
0.6939518, 0.1848323, 0.4766934, 0
0.4340315, 0.3042251, 0.62628, 0
0.3254203, 0.2979349, 0.4693605, 0
0.7054744, 0.2144328, 0.6669688, 0
0.2858552, 0.2927338, 0.3343231, 0
0.2640452, 0.2662842, 0.5907427, 0
0.5295652, 0.1832581, 0.7248375, 0
0.301486, 0.1751471, 0.1859143, 0
0.3389921, 0.1735524, 0.3039773, 0
0.5576925, 0.1806813, 0.3803715, 0
0.7426243, 0.1885933, 0.6242669, 0
0.2110416, 0.2031541, 0.3877938, 0
0.3245599, 0.2829178, 0.3185227, 0
0.3857104, 0.2720172, 0.6833687, 0
0.8063858, 0.2121634, 0.4834664, 0
0.766238, 0.2514958, 0.5439335, 0
0.4236822, 0.1938819, 0.3443623, 0
0.3019622, 0.1944328, 0.3191001, 0
0.5527726, 0.2965179, 0.2687047, 0
0.4927648, 0.2589256, 0.6383703, 0
0.4564504, 0.241225, 0.4339615, 0
0.3755936, 0.2518112, 0.3502251, 0
0.7038628, 0.2528576, 0.5436041, 0
0.2506489, 0.1688563, 0.4985318, 0
0.2525574, 0.2647074, 0.3418739, 0
0.3437811, 0.2232386, 0.2238784, 0
0.3217274, 0.2813606, 0.4741668, 0
0.4074101, 0.2031746, 0.3597595, 0
0.4637442, 0.159854, 0.5549189, 0
0.5922604, 0.2454516, 0.2847784, 0
0.5659362, 0.2840591, 0.5992389, 0
0.4548588, 0.1716799, 0.635176, 0
0.4916153, 0.2732984, 0.352695, 0
0.3760224, 0.2598621, 0.5062951, 0
0.3845131, 0.2023345, 0.7396352, 0
0.7493953, 0.3035057, 0.3581872, 0
0.4590668, 0.2857146, 0.2689705, 0
0.6073286, 0.280805, 0.2758861, 0
0.6966677, 0.1862217, 0.4404031, 0
0.6183947, 0.2288884, 0.246493, 0
0.7165773, 0.2636347, 0.5929222, 0
0.4780991, 0.2155809, 0.1684889, 0
0.6435859, 0.1947751, 0.6426888, 0
0.441227, 0.1872369, 0.6238558, 0
0.5335363, 0.2247127, 0.5835724, 0
0.7426963, 0.1778384, 0.6451018, 0
0.4423243, 0.2755641, 0.5550523, 0
0.7056761, 0.2735925, 0.359917, 0
0.667459, 0.2757899, 0.6639513, 0
0.3678505, 0.2619664, 0.6511062, 0
0.442581, 0.1951103, 0.3666046, 0
0.8142591, 0.2567656, 0.4624089, 0
0.5807409, 0.1818168, 0.3606902, 0
0.4487835, 0.2235956, 0.1353813, 0
0.5981756, 0.2738046, 0.2730786, 0
0.6229873, 0.208075, 0.247681, 0
0.260771, 0.1853109, 0.6330725, 0
0.6306874, 0.1857433, 0.2107583, 0
0.5552408, 0.1745246, 0.6994842, 0
0.5350088, 0.2383738, 0.5027633, 0
0.3446843, 0.188669, 0.7046788, 0
0.5147306, 0.3015316, 0.3439674, 0
0.6593165, 0.1725091, 0.4295007, 0
0.6996166, 0.1726976, 0.4167756, 0
0.2294367, 0.17014, 0.41181, 0
0.5266991, 0.2443047, 0.4286326, 0
0.6602824, 0.1849578, 0.3192339, 0
0.2063992, 0.2250482, 0.542775, 0
0.4115115, 0.1944777, 0.6546062, 0
0.7301207, 0.159613, 0.588545, 0
0.6255175, 0.2837945, 0.3151039, 0
0.7859068, 0.2316028, 0.5326098, 0
0.7235205, 0.1772583, 0.2311782, 0
0.3857769, 0.1690704, 0.7548352, 0
0.6516392, 0.305583, 0.3648655, 0
0.4293097, 0.1869108, 0.5011137, 0
0.4438796, 0.2730356, 0.2320739, 0
0.5343923, 0.172849, 0.6986692, 0
0.4831901, 0.2092073, 0.2428191, 0
0.7221755, 0.1644796, 0.4891511, 0
0.31722, 0.2896012, 0.5116533, 0
0.4666731, 0.2753457, 0.4712256, 0
0.5846132, 0.2402138, 0.1648337, 0
0.7055134, 0.2978829, 0.5672373, 0
0.5705103, 0.2072975, 0.6532046, 0
0.3242968, 0.1687837, 0.6846918, 0
0.6711944, 0.2254724, 0.4604914, 0
0.5863699, 0.2473949, 0.4831485, 0
0.7426178, 0.3087722, 0.3454933, 0
0.364742, 0.2537216, 0.4213823, 0
0.3267829, 0.1934739, 0.5632286, 0
0.4183232, 0.1764894, 0.7819911, 0
0.4440933, 0.2968313, 0.4094343, 0
0.4940151, 0.2209789, 0.7462125, 0
0.7104607, 0.2631901, 0.2335608, 0
0.6003363, 0.259768, 0.7407061, 0
0.185701, 0.1640572, 0.4334266, 0
0.2989167, 0.1889593, 0.4734671, 0
0.5274432, 0.1590143, 0.2115344, 0
0.3054718, 0.2035014, 0.5459632, 0
0.2469518, 0.1818696, 0.6135474, 0
0.2828442, 0.2523603, 0.3188433, 0
0.5732592, 0.1716055, 0.4558839, 0
0.634039, 0.1610485, 0.6822611, 0
0.772531, 0.1640154, 0.3335516, 0
0.4627362, 0.2257315, 0.6311524, 0
0.5552732, 0.2623495, 0.5092738, 0
0.372738, 0.2668905, 0.5703695, 0
0.4377027, 0.2332882, 0.6044948, 0
0.359792, 0.1609029, 0.5573459, 0
0.4686898, 0.2581371, 0.6487166, 0
0.2311971, 0.2639445, 0.3686377, 0
0.3075767, 0.1668221, 0.6150351, 0
0.5191004, 0.2325077, 0.3860383, 0
0.691442, 0.2423301, 0.3822961, 0
0.3328239, 0.2209206, 0.4880196, 0
0.6575856, 0.2103981, 0.6422927, 0
0.5904648, 0.2293843, 0.6144758, 0
0.5467891, 0.2118517, 0.6069513, 0
0.6330172, 0.2175674, 0.4713501, 0
0.5059226, 0.300736, 0.5533915, 0
0.3959852, 0.2357513, 0.2095286, 0
0.7707834, 0.1986596, 0.4543683, 0
0.3425369, 0.2114433, 0.4182322, 0
0.7501668, 0.1850813, 0.5047435, 0
0.7370425, 0.2996992, 0.4063431, 0
0.6007394, 0.2662624, 0.3185524, 0
0.278889, 0.2100266, 0.6861159, 0
0.7315346, 0.1913996, 0.3571726, 0
0.6552237, 0.3045515, 0.4411247, 0
0.267446, 0.2617248, 0.544407, 0
0.3980486, 0.1764223, 0.723968, 0
0.6474416, 0.2625106, 0.5321552, 0
0.6589791, 0.1935567, 0.7013378, 0
0.5746195, 0.1786796, 0.5968804, 0
0.5835105, 0.2041299, 0.7301959, 0
0.5518681, 0.2079262, 0.6559088, 0
0.6391954, 0.1722057, 0.6747133, 0
0.3501542, 0.2766645, 0.4500305, 0
0.3585944, 0.2387861, 0.3874437, 0
0.2047694, 0.2275417, 0.5391528, 0
0.6045042, 0.2998072, 0.2370588, 0
0.841447, 0.1899939, 0.4309652, 0
0.2369176, 0.2370516, 0.5495055, 0
0.592538, 0.3009411, 0.5247878, 0
0.5135025, 0.2002745, 0.7690752, 0
0.5653938, 0.2140076, 0.2365426, 0
0.4047334, 0.2636961, 0.5731419, 0
0.5057901, 0.2941723, 0.184807, 0
0.4603389, 0.2194819, 0.5347604, 0
0.3882754, 0.2839899, 0.4647392, 0
0.538031, 0.2308757, 0.2571133, 0
0.6178061, 0.2660564, 0.2502177, 0
0.718016, 0.210629, 0.5064959, 0
0.2882851, 0.2311225, 0.5258323, 0
0.6700969, 0.2146348, 0.1948858, 0
0.4215856, 0.2613111, 0.5294346, 0
0.6716633, 0.1734039, 0.5891509, 0
0.5864671, 0.2033909, 0.1594275, 0
0.3237475, 0.2665472, 0.5746818, 0
0.6627598, 0.2559483, 0.3013718, 0
0.5212132, 0.3017036, 0.5457481, 0
0.5343174, 0.264267, 0.7187134, 0
0.6765633, 0.1705453, 0.6790379, 0
0.5456376, 0.1653324, 0.2759033, 0
0.7965115, 0.2069204, 0.5215108, 0
0.4358224, 0.2479614, 0.2900224, 0
0.6628889, 0.2583117, 0.683063, 0
0.5946899, 0.229496, 0.4451718, 0
0.7274213, 0.3026092, 0.4686334, 0
0.5564647, 0.202756, 0.2990184, 0
0.4162533, 0.2694388, 0.2138528, 0
0.6775245, 0.2126963, 0.5301672, 0
0.2096837, 0.2349141, 0.3458721, 0
0.5587858, 0.2544003, 0.3739685, 0
0.2581048, 0.2606196, 0.5734003, 0
0.5200503, 0.2386095, 0.7556432, 0
0.4585682, 0.2770118, 0.2819464, 0
0.2817295, 0.2366964, 0.5099442, 0
0.2944867, 0.210202, 0.5206321, 0
0.3171822, 0.2310669, 0.5585688, 0
0.6230888, 0.1799892, 0.1202246, 0
0.1803741, 0.1626763, 0.4249786, 0
0.2985041, 0.2237698, 0.2613537, 0
0.7248156, 0.1687726, 0.5238563, 0
0.6767633, 0.2602803, 0.6275666, 0
0.2717101, 0.1745693, 0.2567562, 0
0.6883411, 0.2280224, 0.5855374, 0
0.5974222, 0.303047, 0.4775977, 0
0.5344065, 0.2072753, 0.1912924, 0
0.519835, 0.24514, 0.6168883, 0
0.6714115, 0.2819028, 0.4789875, 0
0.3284197, 0.2394085, 0.1941585, 0
0.5638888, 0.1742443, 0.4760261, 0
0.5645394, 0.1914784, 0.2466798, 0
0.3186719, 0.2756544, 0.6465251, 0
0.5385758, 0.1669947, 0.3376511, 0
0.7336025, 0.1880596, 0.5537834, 0
0.4998709, 0.1903569, 0.7832669, 0
0.4637433, 0.1575312, 0.6252787, 0
0.50736, 0.1826623, 0.2067615, 0
0.4402656, 0.1940279, 0.2716725, 0
0.3464814, 0.1907702, 0.6585527, 0
0.4285649, 0.2584575, 0.6133165, 0
0.4568282, 0.2683262, 0.4697439, 0
0.4354947, 0.2421636, 0.3649596, 0
0.3527403, 0.158119, 0.4155252, 0
0.548487, 0.3000794, 0.2776218, 0
0.2606222, 0.274189, 0.5222715, 0
0.4156349, 0.194805, 0.3148568, 0
0.6232784, 0.2184973, 0.6842942, 0
0.5740799, 0.1980091, 0.195729, 0
0.6373139, 0.2839846, 0.2322215, 0
0.5786223, 0.2791546, 0.7284544, 0
0.4337801, 0.2539829, 0.7066095, 0
0.5170424, 0.1532617, 0.4262831, 0
0.3815933, 0.2432944, 0.7433948, 0
0.4786801, 0.292536, 0.5438628, 0
0.2382154, 0.2380713, 0.4792989, 0
0.6932507, 0.1809533, 0.4490951, 0
0.651633, 0.194131, 0.3733967, 0
0.1735555, 0.1807321, 0.4283725, 0
0.317672, 0.27319, 0.2884356, 0
0.5801889, 0.2795846, 0.5686504, 0
0.4544639, 0.1977174, 0.3944329, 0
0.2682334, 0.2321917, 0.4918877, 0
0.5883502, 0.2033953, 0.1853417, 0
0.3607531, 0.2856987, 0.5839614, 0
0.6311984, 0.1862261, 0.3153032, 0
0.4311431, 0.2599097, 0.3283969, 0
0.4749985, 0.2738345, 0.6212031, 0
0.3038525, 0.1967483, 0.6189168, 0
0.4891688, 0.2799664, 0.2391908, 0
0.7381073, 0.2893122, 0.5958101, 0
0.7059641, 0.2133895, 0.5573717, 0
0.6988187, 0.29319, 0.3250464, 0
0.299379, 0.2131502, 0.552847, 0
0.3690561, 0.2848495, 0.350053, 0
0.4167554, 0.2512608, 0.638596, 0
0.6790648, 0.1859902, 0.5826727, 0
0.3867848, 0.1804667, 0.5350259, 0
0.6498713, 0.242037, 0.50626, 0
0.6221283, 0.1776215, 0.1675385, 0
0.4569041, 0.2678491, 0.4019819, 0
0.579192, 0.2004238, 0.5935276, 0
0.6170458, 0.1943366, 0.5772428, 0
0.5649583, 0.1979185, 0.5926139, 0
0.3414074, 0.2177689, 0.1991218, 0
0.7526364, 0.2361573, 0.4182023, 0
0.4798753, 0.2310092, 0.682072, 0
0.200046, 0.1973541, 0.4073168, 0
0.3605472, 0.175969, 0.5735417, 0
0.710917, 0.1731629, 0.3719136, 0
0.295852, 0.1659861, 0.5986227, 0
0.7447538, 0.17601, 0.318648, 0
0.5692157, 0.1937207, 0.3242697, 0
0.505356, 0.1721093, 0.6075293, 0
0.2409439, 0.2577359, 0.5897684, 0
0.6468077, 0.2319163, 0.6090254, 0
0.1868177, 0.2391757, 0.4252156, 0
0.3615101, 0.1768817, 0.6742722, 0
0.5697522, 0.2138868, 0.4658908, 0
0.6168168, 0.2680581, 0.4830235, 0
0.5322558, 0.2319016, 0.6618441, 0
0.7058784, 0.2263804, 0.6916558, 0
0.5347242, 0.246349, 0.6677456, 0
0.6515765, 0.2689276, 0.4609237, 0
0.6281837, 0.303297, 0.2588721, 0
0.7657148, 0.2448566, 0.5185742, 0
0.7781965, 0.2011249, 0.373498, 0
0.5352063, 0.2210975, 0.2851626, 0
0.2887346, 0.2905275, 0.6277197, 0
0.5880065, 0.250071, 0.1810937, 0
0.2962408, 0.215541, 0.5662839, 0
0.3089587, 0.240209, 0.4582135, 0
0.7935795, 0.174051, 0.4548234, 0
0.6900502, 0.2715234, 0.6887614, 0
0.3587512, 0.2779074, 0.4329239, 0
0.5486431, 0.1820747, 0.370409, 0
0.7401042, 0.2933321, 0.5067459, 0
0.3858235, 0.2520833, 0.7071927, 0
0.3941917, 0.172864, 0.6086521, 0
0.8202082, 0.23867, 0.4311932, 0
0.2837019, 0.2832928, 0.6434247, 0
0.6619361, 0.19065, 0.4006981, 0
0.7172928, 0.1866885, 0.3803251, 0
0.7466888, 0.2443606, 0.5560471, 0
0.3107487, 0.2098901, 0.7153083, 0
0.6689682, 0.2873807, 0.2727909, 0
0.4448091, 0.2028463, 0.7332199, 0
0.434801, 0.2017967, 0.3599935, 0
0.7030149, 0.1666173, 0.3669473, 0
0.3822809, 0.1903469, 0.2227292, 0
0.3237331, 0.2759174, 0.3537816, 0
0.5364584, 0.2023452, 0.2995639, 0
0.4848925, 0.2104298, 0.1300425, 0
0.6474811, 0.1935367, 0.6885408, 0
0.4704472, 0.2630204, 0.5047494, 0
0.2233373, 0.2015426, 0.5764468, 0
0.3534225, 0.2075426, 0.6652847, 0
0.6277918, 0.1828519, 0.6940293, 0
0.8396721, 0.1868997, 0.4325083, 0
0.5507107, 0.2018148, 0.5326893, 0
0.4057147, 0.2829516, 0.404451, 0
0.5368969, 0.2757441, 0.208524, 0
0.6559777, 0.1759719, 0.7135598, 0
0.2877751, 0.2247453, 0.6226579, 0
0.5984683, 0.1859594, 0.3548447, 0
0.6677808, 0.2810748, 0.2230223, 0
0.2836097, 0.2629979, 0.6557366, 0
0.490193, 0.2538303, 0.4413767, 0
0.5574033, 0.2406314, 0.6376044, 0
0.7091401, 0.2367202, 0.3371072, 0
0.6669803, 0.1648808, 0.2705464, 0
0.2111855, 0.2139821, 0.3160107, 0
0.2367987, 0.1794894, 0.6150655, 0
0.4388897, 0.3045712, 0.6821837, 0
0.4720389, 0.2592722, 0.298853, 0
0.5453668, 0.1678396, 0.1860114, 0
0.6024668, 0.2252944, 0.427224, 0
0.6586088, 0.1924801, 0.6152838, 0
0.5847691, 0.1764151, 0.6270089, 0
0.6356157, 0.2186273, 0.4437364, 0
0.7349976, 0.2107423, 0.6924148, 0
0.2930727, 0.2834102, 0.4293273, 0
0.2765695, 0.2059352, 0.422635, 0
0.5129442, 0.2286518, 0.4732473, 0
0.7844146, 0.2832848, 0.5407519, 0
0.5028311, 0.1963459, 0.2975572, 0
0.2743693, 0.2266831, 0.3973665, 0
0.4635414, 0.2714868, 0.4373895, 0
0.7759494, 0.2502615, 0.2871499, 0
0.304018, 0.248038, 0.6305572, 0
0.7509691, 0.192462, 0.2908645, 0
0.6920252, 0.2342788, 0.3507276, 0
0.6521221, 0.1887484, 0.6943288, 0
0.3611267, 0.1758074, 0.3782514, 0
0.3435725, 0.258647, 0.3392629, 0
0.6872809, 0.1587083, 0.3218395, 0
0.4765043, 0.1918077, 0.4697512, 0
0.6297227, 0.2398314, 0.4306935, 0
0.7328396, 0.2317351, 0.30047, 0
0.587865, 0.1703252, 0.1877476, 0
0.2902809, 0.1968819, 0.5655823, 0
0.3888132, 0.2320743, 0.6148129, 0
0.3105589, 0.2048058, 0.3657751, 0
0.847966, 0.1900273, 0.5292113, 0
0.5554771, 0.2526047, 0.4963918, 0
0.4561549, 0.2964133, 0.4891078, 0
0.4828593, 0.2901062, 0.2620419, 0
0.4203922, 0.2744276, 0.3770159, 0
0.61606, 0.2342858, 0.4713573, 0
0.6117243, 0.2100223, 0.3836733, 0
0.7015442, 0.2274757, 0.2627427, 0
0.3441117, 0.2460706, 0.2396672, 0
0.2209581, 0.1774328, 0.6198067, 0
0.1969011, 0.1744985, 0.395555, 0
0.6207015, 0.2742638, 0.6264807, 0
0.3558449, 0.2293174, 0.5673402, 0
0.3439993, 0.2433629, 0.1990964, 0
0.3339846, 0.2817517, 0.4015107, 0
0.5201536, 0.2353142, 0.136924, 0
0.3823518, 0.1873558, 0.6948994, 0
0.8100827, 0.2210888, 0.454942, 0
0.5025653, 0.25641, 0.612379, 0
0.2626096, 0.2362066, 0.5340508, 0
0.1867186, 0.1995907, 0.457792, 0
0.4632417, 0.2055706, 0.471394, 0
0.7633954, 0.2101882, 0.6636798, 0
0.3798918, 0.1941371, 0.6411774, 0
0.2613286, 0.2779431, 0.4547024, 0
0.5152234, 0.2860014, 0.6923541, 0
0.3143339, 0.180253, 0.5232643, 0
0.476971, 0.1972431, 0.3066398, 0
0.4590312, 0.2773007, 0.4109855, 0
0.4772912, 0.3015615, 0.6563988, 0
0.6235098, 0.1679917, 0.5707473, 0
0.7541401, 0.1721938, 0.4915839, 0
0.3462217, 0.1942226, 0.2881818, 0
0.8091482, 0.1692112, 0.4723462, 0
0.411959, 0.2348581, 0.4960672, 0
0.7469502, 0.2039092, 0.3903773, 0
0.2919353, 0.2990278, 0.540638, 0
0.6822922, 0.2100119, 0.6991891, 0
0.1833573, 0.1901979, 0.3812271, 0
0.7657933, 0.1696309, 0.5388846, 0
0.4064738, 0.253982, 0.6894741, 0
0.5472589, 0.1730919, 0.2470635, 0
0.5050936, 0.1592757, 0.5577806, 0
0.3102557, 0.2672341, 0.6735913, 0
0.6042969, 0.22662, 0.6412615, 0
0.7272914, 0.1649414, 0.4516805, 0
0.3141564, 0.280621, 0.6190146, 0
0.668351, 0.1733843, 0.1868587, 0
0.5487899, 0.2868885, 0.2418553, 0
0.6991382, 0.2679435, 0.2308218, 0
0.3247434, 0.2022644, 0.591398, 0
0.3749576, 0.1535868, 0.4603853, 0
0.3009099, 0.2008506, 0.6993188, 0
0.4624197, 0.1552847, 0.4067857, 0
0.2590716, 0.239427, 0.5026945, 0
0.2784212, 0.2936369, 0.5354668, 0
0.4039907, 0.2110888, 0.7386452, 0
0.4572403, 0.2138087, 0.3920397, 0
0.3592131, 0.2547517, 0.3674794, 0
0.604246, 0.2163617, 0.7453424, 0
0.3014783, 0.2474785, 0.5364431, 0
0.5399947, 0.26307, 0.3165838, 0
0.339554, 0.2289422, 0.4266307, 0
0.4861114, 0.1949007, 0.3960047, 0
0.3755732, 0.2320666, 0.4850571, 0
0.7151845, 0.1931519, 0.3495803, 0
0.7086656, 0.181324, 0.3709171, 0
0.5931421, 0.2177037, 0.3985851, 0
0.3808474, 0.1882524, 0.275255, 0
0.5254908, 0.2144907, 0.6085145, 0
0.3580789, 0.2765063, 0.5292893, 0
0.3802196, 0.1865698, 0.1680281, 0
0.5191275, 0.2806386, 0.6096161, 0
0.4347851, 0.1577548, 0.5935955, 0
0.216209, 0.1626751, 0.4441521, 0
0.3991563, 0.1842887, 0.3910201, 0
0.7400408, 0.2576205, 0.4630465, 0
0.5327299, 0.2428132, 0.6725863, 0
0.3579971, 0.2252827, 0.5559399, 0
0.6941536, 0.1896553, 0.322325, 0
0.2342018, 0.2387449, 0.4318126, 0
0.4422124, 0.1810881, 0.6629957, 0
0.4639093, 0.295461, 0.49466, 0
0.6939798, 0.2683467, 0.451527, 0
0.6181985, 0.1988718, 0.3468116, 0
0.3629021, 0.2896461, 0.4926957, 0
0.2631201, 0.2739829, 0.5328067, 0
0.3294579, 0.3002513, 0.4114185, 0
0.4233841, 0.1736677, 0.2289052, 0
0.8281669, 0.2040766, 0.3706932, 0
0.3697008, 0.2001243, 0.2737389, 0
0.5220746, 0.2589525, 0.6059526, 0
0.6996104, 0.1997428, 0.6199028, 0
0.3339723, 0.2974837, 0.6152574, 0
0.4456208, 0.2134501, 0.7716533, 0
0.7121913, 0.2825651, 0.3952596, 0
0.4025998, 0.1579152, 0.6151627, 0
0.7057862, 0.2255774, 0.4201156, 0
0.523866, 0.224943, 0.7603547, 0
0.3687524, 0.1691576, 0.3867528, 0
0.7350007, 0.1826809, 0.5044435, 0
0.7748002, 0.1626797, 0.6185454, 0
0.6203094, 0.2551566, 0.1713829, 0
0.7154582, 0.2611901, 0.5558752, 0
0.4572396, 0.1775987, 0.2000186, 0
0.4300469, 0.1794605, 0.7579395, 0
0.5778973, 0.2184764, 0.2835464, 0
0.7808144, 0.2506308, 0.526818, 0
0.7111574, 0.1976218, 0.565073, 0
0.3647989, 0.2179914, 0.5799239, 0
0.3740281, 0.1764395, 0.349975, 0
0.3026359, 0.2195179, 0.2111302, 0
0.5909114, 0.2874746, 0.3275936, 0
0.456649, 0.2776413, 0.380554, 0
0.7170367, 0.1989074, 0.4766214, 0
0.6761917, 0.2634095, 0.6881347, 0
0.4860913, 0.2364649, 0.6607539, 0
0.705749, 0.1865147, 0.5190532, 0
0.5371965, 0.1639633, 0.5992381, 0
0.2313556, 0.2510566, 0.3752398, 0
0.5254416, 0.2344361, 0.3942564, 0
0.5990796, 0.289314, 0.3738085, 0
0.3572032, 0.1871238, 0.5242262, 0
0.58139, 0.1935728, 0.4564098, 0
0.6870649, 0.2670651, 0.6265209, 0
0.6375268, 0.2942281, 0.6189594, 0
0.3990208, 0.2242122, 0.486436, 0
0.7239257, 0.2953708, 0.3950734, 0
0.7423514, 0.2769911, 0.4984598, 0
0.7494805, 0.3001294, 0.5641279, 0
0.6889976, 0.277096, 0.4789974, 0
0.5735378, 0.2079235, 0.2888352, 0
0.4065664, 0.2013449, 0.5320275, 0
0.6214168, 0.2186184, 0.4766379, 0
0.6191746, 0.1721954, 0.1747881, 0
0.6557648, 0.1839545, 0.1512267, 0
0.3601626, 0.2382327, 0.2172352, 0
0.2429694, 0.1815286, 0.4098773, 0
0.3553452, 0.2398031, 0.4698997, 0
0.7763674, 0.2468818, 0.2952389, 0
0.2547823, 0.1944736, 0.5793226, 0
0.683062, 0.3058557, 0.3948466, 0
0.5567244, 0.2605624, 0.6751906, 0
0.2703677, 0.2123325, 0.583025, 0
0.7744163, 0.2768841, 0.4542763, 0
0.7087268, 0.2413971, 0.5941749, 0
0.7652127, 0.1873544, 0.3093605, 0
0.3117123, 0.2679984, 0.2582595, 0
0.2913077, 0.1646108, 0.3461395, 0
0.291955, 0.1652086, 0.2537507, 0
0.7298416, 0.1961634, 0.390605, 0
0.3798336, 0.1719057, 0.5125418, 0
0.4434367, 0.1739164, 0.2825907, 0
0.2764428, 0.2931313, 0.5060883, 0
0.2670424, 0.1604719, 0.4660135, 0
0.7254632, 0.3027694, 0.5996569, 0
0.5480924, 0.1565775, 0.1768423, 0
0.4375416, 0.275738, 0.5846625, 0
0.7207201, 0.1913622, 0.5610366, 0
0.6064961, 0.2138041, 0.5536634, 0
0.3811989, 0.2805223, 0.4182467, 0
0.5272723, 0.2988116, 0.3826484, 0
0.2969728, 0.2773729, 0.4773262, 0
0.318098, 0.2129777, 0.1887069, 0
0.3428683, 0.209663, 0.5658818, 0
0.2867301, 0.1788668, 0.7134178, 0
0.3235744, 0.1767689, 0.405136, 0
0.8021972, 0.2078746, 0.4603794, 0
0.6572049, 0.1669132, 0.7150224, 0
0.5191432, 0.2309571, 0.4232041, 0
0.4165568, 0.2724936, 0.3816178, 0
0.5347014, 0.2019116, 0.1503621, 0
0.619739, 0.178694, 0.5242326, 0
0.318186, 0.2420036, 0.2514931, 0
0.8137578, 0.2660701, 0.4694765, 0
0.7326816, 0.2451003, 0.3452252, 0
0.4559588, 0.2042322, 0.2686413, 0
0.7350048, 0.2517402, 0.612464, 0
0.3907485, 0.2287906, 0.424809, 0
0.5361046, 0.2252572, 0.1851817, 0
0.539583, 0.2523278, 0.2083605, 0
0.4444548, 0.2716388, 0.4344611, 0
0.394154, 0.1856092, 0.5151714, 0
0.6318871, 0.2531846, 0.6058038, 0
0.4427262, 0.2012616, 0.5615706, 0
0.5448169, 0.1609548, 0.5078571, 0
0.6890558, 0.2948224, 0.6488624, 0
0.2768893, 0.2671022, 0.3333977, 0
0.7801987, 0.1892335, 0.3748994, 0
0.4005327, 0.1917987, 0.1422701, 0
0.5617169, 0.1682199, 0.243934, 0
0.6346989, 0.1578956, 0.4905623, 0
0.4710024, 0.2989835, 0.2118097, 0
0.2644178, 0.2446445, 0.4729297, 0
0.2301348, 0.2229191, 0.5050765, 0
0.4084322, 0.2665578, 0.6857657, 0
0.315762, 0.2307588, 0.4600355, 0
0.4753562, 0.283456, 0.5669832, 0
0.5994817, 0.2016132, 0.1648193, 0
0.6789916, 0.2465557, 0.6951597, 0
0.5639012, 0.1839367, 0.3570727, 0
0.7720381, 0.2805308, 0.4144701, 0
0.6494899, 0.196669, 0.39652, 0
0.5725055, 0.2028303, 0.1433946, 0
0.4541419, 0.1929811, 0.7427211, 0
0.4575976, 0.3014123, 0.2993432, 0
0.4972705, 0.2086992, 0.3076476, 0
0.4703888, 0.1876957, 0.3250776, 0
0.7141717, 0.2754464, 0.3509001, 0
0.6965456, 0.1797783, 0.5472395, 0
0.7638165, 0.1916048, 0.6650428, 0
0.66071, 0.2718283, 0.6485577, 0
0.4347574, 0.2392044, 0.2849618, 0
0.2559855, 0.2382036, 0.5023156, 0
0.4156713, 0.1658066, 0.5901518, 0
0.3525425, 0.1619782, 0.5403454, 0
0.7057722, 0.1758409, 0.3276134, 0
0.7909815, 0.212822, 0.2910539, 0
0.6155732, 0.2042712, 0.474482, 0
0.6702682, 0.2509053, 0.554013, 0
0.3429211, 0.1915797, 0.4830523, 0
0.5141172, 0.2131859, 0.2502067, 0
0.2654655, 0.1714582, 0.4428059, 0
0.6456644, 0.2965744, 0.4159739, 0
0.7081931, 0.181126, 0.2536538, 0
0.6744018, 0.2161744, 0.356672, 0
0.7762976, 0.1948021, 0.2986448, 0
0.4540614, 0.1664211, 0.5305929, 0
0.6446223, 0.2311825, 0.532984, 0
0.4615075, 0.1833589, 0.5414806, 0
0.6436753, 0.2542439, 0.3749759, 0
0.2850604, 0.2017388, 0.690268, 0
0.4610736, 0.1882437, 0.2373255, 0
0.4282016, 0.259418, 0.4029386, 0
0.2666714, 0.1680004, 0.599385, 0
0.3966159, 0.2448881, 0.4838081, 0
0.5539809, 0.2401588, 0.498729, 0
0.1688569, 0.175574, 0.4187561, 0
0.6289539, 0.1636141, 0.6054959, 0
0.4811241, 0.1778737, 0.4175247, 0
0.5377139, 0.2014826, 0.7672548, 0
0.5104619, 0.2723617, 0.2096237, 0
0.5834237, 0.2139114, 0.4391648, 0
0.774335, 0.2263704, 0.5713909, 0
0.8005783, 0.1919683, 0.4035223, 0
0.6005806, 0.2846237, 0.3233103, 0
0.773814, 0.2249848, 0.4982354, 0
0.5421568, 0.2116314, 0.443399, 0
0.3514841, 0.2944643, 0.3574369, 0
0.2856936, 0.26423, 0.4993618, 0
0.4409659, 0.2159725, 0.1974837, 0
0.4522749, 0.2733736, 0.4842461, 0
0.5628923, 0.2070022, 0.5738084, 0
0.3003583, 0.2844662, 0.552095, 0
0.3768821, 0.2822702, 0.3437141, 0
0.8131267, 0.1751304, 0.5062385, 0
0.2517734, 0.1745008, 0.4340826, 0
0.481865, 0.1916253, 0.341447, 0
0.6741522, 0.2242779, 0.6163914, 0
0.6605268, 0.307469, 0.6337205, 0
0.5167006, 0.1592366, 0.2362727, 0
0.350562, 0.1894884, 0.6905799, 0
0.6599377, 0.2401228, 0.3528276, 0
0.6677564, 0.2120508, 0.7353059, 0
0.658763, 0.1987329, 0.6571809, 0
0.7380029, 0.2950901, 0.4374966, 0
0.6081304, 0.2433168, 0.3649662, 0
0.2612506, 0.2668133, 0.4301756, 0
0.771476, 0.2033275, 0.4208227, 0
0.3257167, 0.3037924, 0.5773351, 0
0.5311425, 0.2603373, 0.6814797, 0
0.606111, 0.2023593, 0.4629594, 0
0.7205614, 0.2404664, 0.4322016, 0
0.3431848, 0.2720396, 0.7047423, 0
0.5167229, 0.2766146, 0.1850552, 0
0.2844272, 0.1662714, 0.5190651, 0
0.2047252, 0.2150463, 0.3260136, 0
0.5966188, 0.1589454, 0.5428369, 0
0.5419915, 0.2596031, 0.4642917, 0
0.439639, 0.260643, 0.3684565, 0
0.65795, 0.1921331, 0.7408391, 0
0.6716533, 0.254108, 0.2474897, 0
0.5645273, 0.2917477, 0.6928567, 0
0.5348268, 0.2804403, 0.2882023, 0
0.3896512, 0.2353343, 0.4199644, 0
0.4801356, 0.2003365, 0.5846879, 0
0.4183785, 0.252106, 0.5412808, 0
0.6524023, 0.2339855, 0.5201451, 0
0.646041, 0.1751845, 0.1374616, 0
0.6772081, 0.1939369, 0.3362162, 0
0.4416757, 0.1568804, 0.7096611, 0
0.665292, 0.158481, 0.6799232, 0
0.2114693, 0.1850397, 0.2948232, 0
0.5225083, 0.3027508, 0.2236892, 0
0.5753435, 0.1855096, 0.2872322, 0
0.63695, 0.1683172, 0.726152, 0
0.6133028, 0.2426573, 0.1522644, 0
0.6991746, 0.2053236, 0.6273112, 0
0.562148, 0.2583412, 0.7416646, 0
0.4862128, 0.190275, 0.2077539, 0
0.8197286, 0.2287677, 0.4660093, 0
0.5441437, 0.1713395, 0.5270808, 0
0.3006321, 0.2864122, 0.6016997, 0
0.4994214, 0.2016289, 0.6124281, 0
0.6212127, 0.1927477, 0.7167687, 0
0.4625696, 0.1895035, 0.1393851, 0
0.7095716, 0.2902867, 0.3193551, 0
0.7511545, 0.2024, 0.6273524, 0
0.3462064, 0.296142, 0.4055144, 0
0.4114387, 0.2189987, 0.1436943, 0
0.4495277, 0.1867051, 0.3082894, 0
0.6495548, 0.1826832, 0.5070241, 0
0.6256308, 0.1814423, 0.2523321, 0
0.2217627, 0.2077872, 0.5218983, 0
0.8228735, 0.2267595, 0.4570874, 0
0.4650026, 0.1788616, 0.6685219, 0
0.3474489, 0.1876871, 0.2274604, 0
0.5661912, 0.2657735, 0.2024918, 0
0.8132824, 0.2484273, 0.4555426, 0
0.6068549, 0.1643365, 0.1970427, 0
0.2542503, 0.1901076, 0.4664964, 0
0.7405335, 0.1956233, 0.2961735, 0
0.2930822, 0.2785521, 0.4492137, 0
0.5221476, 0.2279619, 0.5741481, 0
0.8217824, 0.2236923, 0.4862365, 0
0.6777415, 0.2966844, 0.3233069, 0
0.5561534, 0.212841, 0.4146128, 0
0.4284897, 0.2238656, 0.7199587, 0
0.3017459, 0.2593189, 0.5547979, 0
0.4578868, 0.2914279, 0.2324607, 0
0.4392476, 0.2315762, 0.4681062, 0
0.5482351, 0.1907318, 0.286252, 0
0.5822882, 0.2361446, 0.5469961, 0
0.3393127, 0.2662706, 0.364738, 0
0.6331983, 0.1636906, 0.5964471, 0
0.5439331, 0.2021378, 0.4541731, 0
0.6349186, 0.271844, 0.5423709, 0
0.3588516, 0.2758637, 0.4118145, 0
0.5133861, 0.2754939, 0.7485616, 0
0.5320975, 0.2060626, 0.5809242, 0
0.3322023, 0.2183804, 0.4033818, 0
0.4982252, 0.3066403, 0.5751204, 0
0.3568931, 0.1814583, 0.2274488, 0
0.7044653, 0.2509378, 0.4870442, 0
0.7966532, 0.2123618, 0.3042355, 0
0.5968279, 0.2038886, 0.2954591, 0
0.6032602, 0.2793661, 0.2436013, 0
0.3568151, 0.15973, 0.2457656, 0
0.4163499, 0.2370129, 0.6997899, 0
0.3282138, 0.2338298, 0.2123127, 0
0.7708473, 0.1704664, 0.3568662, 0
0.4709188, 0.2103937, 0.3228333, 0
0.3729341, 0.1914683, 0.7208556, 0
0.2977838, 0.2042667, 0.2031046, 0
0.4628713, 0.2443201, 0.5427415, 0
0.6464143, 0.2905999, 0.3359969, 0
0.5773292, 0.2743867, 0.5239472, 0
0.5482162, 0.2519456, 0.3768032, 0
0.2545849, 0.1995477, 0.4477307, 0
0.4060335, 0.2728099, 0.6598024, 0
0.5458565, 0.1843204, 0.1495204, 0
0.6539558, 0.1640857, 0.6323934, 0
0.4386412, 0.2877478, 0.4107261, 0
0.3415329, 0.2077582, 0.6241437, 0
0.7796927, 0.3021295, 0.5077274, 0
0.363639, 0.3029751, 0.6672761, 0
0.4216149, 0.2117046, 0.2014111, 0
0.3088628, 0.221332, 0.4231179, 0
0.5942783, 0.2981998, 0.5033044, 0
0.6319468, 0.1692779, 0.3496662, 0
0.6212316, 0.2353492, 0.3782433, 0
0.6630892, 0.1594127, 0.4669503, 0
0.3713634, 0.1753542, 0.4236149, 0
0.5045462, 0.1851065, 0.7833176, 0
0.3783199, 0.1905591, 0.3538316, 0
0.80695, 0.2045025, 0.3849342, 0
0.8256096, 0.216539, 0.3916697, 0
0.52306, 0.230178, 0.3849531, 0
0.3311839, 0.1901455, 0.2553341, 0
0.573105, 0.2851537, 0.5964975, 0
0.6915671, 0.3082014, 0.3543969, 0
0.7138569, 0.1966936, 0.2995349, 0
0.4842973, 0.2957916, 0.5903242, 0
0.7639023, 0.2728922, 0.4249827, 0
0.7064679, 0.2963773, 0.5677485, 0
0.4178208, 0.2208372, 0.3094131, 0
0.4176151, 0.2406878, 0.5877648, 0
0.5677046, 0.2055786, 0.2457948, 0
0.7518809, 0.3001265, 0.3581168, 0
0.3828864, 0.2884663, 0.228974, 0
0.3244645, 0.216157, 0.5973407, 0
0.5097718, 0.2977536, 0.2155682, 0
0.6243898, 0.1968886, 0.1812935, 0
0.3660978, 0.2583182, 0.6246597, 0
0.6821857, 0.2336488, 0.4584949, 0
0.7517246, 0.2548396, 0.4909515, 0
0.8094072, 0.2220269, 0.4942778, 0
0.3203295, 0.2659798, 0.6389629, 0
0.2888981, 0.19955, 0.4132438, 0
0.676967, 0.2218279, 0.607132, 0
0.5757527, 0.2311464, 0.2000917, 0
0.6694041, 0.1929397, 0.6077617, 0
0.8348488, 0.1856795, 0.5965591, 0
0.5999843, 0.1856216, 0.325148, 0
0.5844761, 0.299869, 0.666028, 0
0.4655958, 0.2064224, 0.2117074, 0
0.547709, 0.2334068, 0.2297968, 0
0.4504695, 0.2662916, 0.3953433, 0
0.4280889, 0.2389177, 0.7296588, 0
0.426122, 0.1791779, 0.6903386, 0
0.5576777, 0.2038588, 0.4714589, 0
0.4664684, 0.1581898, 0.5110825, 0
0.6417859, 0.2376043, 0.6278507, 0
0.6531851, 0.3063819, 0.5427279, 0
0.5328479, 0.1785684, 0.6568419, 0
0.5332845, 0.3087953, 0.6660168, 0
0.5160733, 0.1748025, 0.5413583, 0
0.3904574, 0.2992547, 0.4643607, 0
0.6025605, 0.2618622, 0.6693249, 0
0.8001879, 0.1802422, 0.5577557, 0
0.5005704, 0.1738048, 0.4762956, 0
0.5783229, 0.2789843, 0.7280284, 0
0.4231957, 0.2594799, 0.5317681, 0
0.4452456, 0.1794559, 0.4200852, 0
0.6978546, 0.1946437, 0.677894, 0
0.5526198, 0.3019104, 0.6977623, 0
0.4811686, 0.288635, 0.36915, 0
0.7176492, 0.2732586, 0.550388, 0
0.5478501, 0.2595188, 0.7041126, 0
0.7608988, 0.2031447, 0.2435336, 0
0.6144763, 0.2585994, 0.6770953, 0
0.5546156, 0.2004866, 0.684923, 0
0.5762572, 0.2129189, 0.5570638, 0
0.6580515, 0.2708591, 0.7006019, 0
0.7078549, 0.2413159, 0.4210647, 0
0.243959, 0.2231567, 0.5841649, 0
0.5288467, 0.1985808, 0.6550813, 0
0.5185247, 0.28218, 0.6937573, 0
0.3342449, 0.2158756, 0.4648005, 0
0.3347857, 0.2814485, 0.2387453, 0
0.4361111, 0.163106, 0.4288503, 0
0.4647257, 0.2298308, 0.631408, 0
0.5659702, 0.2856677, 0.5684857, 0
0.454659, 0.2015886, 0.7767168, 0
0.3728959, 0.2068392, 0.25109, 0
0.5873618, 0.203008, 0.4566891, 0
0.214057, 0.165525, 0.4741091, 0
0.6688235, 0.191743, 0.4519333, 0
0.3807908, 0.2062863, 0.4340597, 0
0.7333598, 0.1869483, 0.6557514, 0
0.5867451, 0.2635755, 0.3520515, 0
0.6680574, 0.2821947, 0.3212106, 0
0.6698257, 0.1922001, 0.3586511, 0
0.4386195, 0.2202847, 0.2690244, 0
0.22717, 0.1587041, 0.4409224, 0
0.6479614, 0.2895886, 0.2428667, 0
0.5013193, 0.2995493, 0.5659947, 0
0.5720279, 0.1605719, 0.6155137, 0
0.5746368, 0.1606772, 0.1395979, 0
0.6730627, 0.2005127, 0.230317, 0
0.2960305, 0.2317807, 0.4496392, 0
0.3797118, 0.1611572, 0.3518396, 0
0.4384188, 0.2198163, 0.6410218, 0
0.7083649, 0.1917122, 0.3852884, 0
0.710445, 0.2687853, 0.4548111, 0
0.3361876, 0.2847502, 0.3717559, 0
0.387881, 0.1935942, 0.7600482, 0
0.6139905, 0.2160978, 0.3425213, 0
0.5497442, 0.269568, 0.4185266, 0
0.4947394, 0.1985183, 0.7151106, 0
0.4153699, 0.2999734, 0.6926116, 0
0.4205799, 0.2513325, 0.2677638, 0
0.2587357, 0.2652047, 0.4524619, 0
0.5476475, 0.2401191, 0.1669393, 0
0.3690171, 0.1937815, 0.2783202, 0
0.6744859, 0.1706788, 0.2477515, 0
0.4434895, 0.2404652, 0.2847371, 0
0.2502519, 0.274676, 0.5573727, 0
0.5995623, 0.2553077, 0.2877682, 0
0.628324, 0.1856498, 0.7254207, 0
0.4475405, 0.242645, 0.7443364, 0
0.7317382, 0.1844603, 0.3003512, 0
0.7615741, 0.270322, 0.4479785, 0
0.7718149, 0.2486639, 0.3749526, 0
0.6368247, 0.2300221, 0.1780637, 0
0.3215286, 0.2113916, 0.71777, 0
0.2658344, 0.180997, 0.6192021, 0
0.4954834, 0.2906437, 0.4319184, 0
0.3799528, 0.2527252, 0.505155, 0
0.5876834, 0.2882228, 0.3842351, 0
0.6769764, 0.2464433, 0.3479507, 0
0.6181942, 0.2422529, 0.5355248, 0
0.6487985, 0.2143629, 0.2681118, 0
0.5517553, 0.1563491, 0.2727122, 0
0.5689881, 0.2636908, 0.5393052, 0
0.4099939, 0.2030076, 0.4270191, 0
0.5742888, 0.2528791, 0.3276949, 0
0.658136, 0.297895, 0.2481681, 0
0.3292256, 0.2009855, 0.371459, 0
0.3784743, 0.2050562, 0.348336, 0
0.5306925, 0.1846996, 0.716108, 0
0.7321224, 0.2621133, 0.6156092, 0
0.4608114, 0.2373503, 0.3370342, 0
0.6088641, 0.1986195, 0.7218244, 0
0.2424002, 0.1838135, 0.5892407, 0
0.4127007, 0.1848761, 0.2595654, 0
0.4653518, 0.2527333, 0.2222937, 0
0.6902943, 0.2195229, 0.3245178, 0
0.5122911, 0.2446777, 0.1381837, 0
0.667653, 0.1931033, 0.6079603, 0
0.3347203, 0.1877723, 0.4703878, 0
0.3400064, 0.1979307, 0.5950341, 0
0.7850457, 0.2876235, 0.5439259, 0
0.3410817, 0.1827072, 0.507372, 0
0.3868719, 0.1988457, 0.3486497, 0
0.4301719, 0.246454, 0.7031403, 0
0.6090313, 0.1651596, 0.3699231, 0
0.5730539, 0.1688195, 0.668527, 0
0.7066552, 0.2729485, 0.6097704, 0
0.7370383, 0.203052, 0.5343663, 0
0.5200564, 0.2774321, 0.1702739, 0
0.7539046, 0.2333089, 0.3296428, 0
0.6436442, 0.2615609, 0.5372933, 0
0.3738493, 0.2963425, 0.5187338, 0
0.7117168, 0.1789183, 0.4745802, 0
0.6632506, 0.2895651, 0.3731672, 0
0.5881597, 0.1682584, 0.3230631, 0
0.3250295, 0.2155294, 0.6538054, 0
0.2387847, 0.1940097, 0.4405389, 0
0.6742883, 0.2373178, 0.2929071, 0
0.6593834, 0.2457228, 0.7209623, 0
0.2934619, 0.2070006, 0.6629934, 0
0.3323467, 0.2648895, 0.675577, 0
0.5063367, 0.1803315, 0.7051107, 0
0.3818491, 0.2640961, 0.6256462, 0
0.4052778, 0.2136898, 0.3921164, 0
0.5193837, 0.1684895, 0.1119131, 0
0.5464199, 0.2388773, 0.2555971, 0
0.493465, 0.1712919, 0.1276916, 0
0.4629452, 0.2680157, 0.5124251, 0
0.5646818, 0.2677436, 0.5906022, 0
0.6201648, 0.2734168, 0.5364299, 0
0.7645738, 0.1607011, 0.6264634, 0
0.6930426, 0.3050255, 0.428535, 0
0.3561736, 0.1612858, 0.2348431, 0
0.4501857, 0.1795187, 0.1541318, 0
0.2774484, 0.2904699, 0.3398409, 0
0.6548083, 0.2114239, 0.4037803, 0
0.7354966, 0.2614849, 0.583726, 0
0.423617, 0.2428079, 0.6042405, 0
0.3979532, 0.1997951, 0.3445016, 0
0.4223998, 0.2854626, 0.5495778, 0
0.6227022, 0.2121484, 0.2534262, 0
0.5173023, 0.2173355, 0.4642935, 0
0.438558, 0.2502159, 0.1645929, 0
0.5629287, 0.2169281, 0.5410246, 0
0.4782598, 0.300516, 0.6678153, 0
0.6123798, 0.273575, 0.2186831, 0
0.7012242, 0.1804046, 0.7018891, 0
0.6487825, 0.2339581, 0.3165924, 0
0.5827454, 0.2662235, 0.700027, 0
0.5209348, 0.2882821, 0.321356, 0
0.4156402, 0.2874656, 0.7300284, 0
0.4560498, 0.2175883, 0.6641762, 0
0.5309185, 0.2763391, 0.731873, 0
0.5128611, 0.1744367, 0.5281634, 0
0.255157, 0.179802, 0.4119467, 0
0.4075408, 0.221794, 0.5263402, 0
0.3320022, 0.2072518, 0.5381452, 0
0.2390967, 0.2259888, 0.5811384, 0
0.4707336, 0.198324, 0.5490239, 0
0.481458, 0.1844826, 0.6702179, 0
0.6980544, 0.2619228, 0.5894701, 0
0.2436037, 0.2733541, 0.4223552, 0
0.2164345, 0.2304025, 0.5367329, 0
0.6725796, 0.2202705, 0.5685583, 0
0.6956267, 0.1980226, 0.4606295, 0
0.3773143, 0.1545827, 0.5834648, 0
0.4509444, 0.2551799, 0.5835268, 0
0.5880211, 0.1588753, 0.4311363, 0
0.5625545, 0.2832839, 0.5226384, 0
0.4416933, 0.2752521, 0.2936877, 0
0.6832579, 0.2203835, 0.2060381, 0
0.3939313, 0.2305194, 0.6797786, 0
0.5235113, 0.2985726, 0.7027501, 0
0.6123937, 0.1821638, 0.3063569, 0
0.673714, 0.1836211, 0.3994754, 0
0.5402707, 0.163581, 0.395732, 0
0.2767477, 0.3008489, 0.3960609, 0
0.7404, 0.1737106, 0.2540065, 0
0.3340821, 0.1964444, 0.4012999, 0
0.4236937, 0.2106034, 0.5483552, 0
0.4651868, 0.2413124, 0.3835318, 0
0.6403813, 0.1921096, 0.7245573, 0
0.4718317, 0.1837853, 0.5488986, 0
0.5308539, 0.1779214, 0.1316355, 0
0.5876071, 0.2214508, 0.6251988, 0
0.3538043, 0.2377149, 0.4741287, 0
0.2828657, 0.2265216, 0.2504702, 0
0.7702104, 0.1625307, 0.4614104, 0
0.3194056, 0.2859095, 0.517163, 0
0.5726882, 0.2478293, 0.1739126, 0
0.5379937, 0.1601272, 0.4082083, 0
0.4039308, 0.2780097, 0.5844824, 0
0.4084789, 0.1951731, 0.3455943, 0
0.453161, 0.2135465, 0.2318659, 0
0.3096799, 0.1825809, 0.2100398, 0
0.6551276, 0.301945, 0.4697063, 0
0.4253063, 0.2209946, 0.2203937, 0
0.5958433, 0.2568946, 0.3956932, 0
0.7102, 0.207866, 0.4645735, 0
0.3440202, 0.1711204, 0.4111814, 0
0.5422693, 0.1683785, 0.6165294, 0
0.3628725, 0.2278584, 0.6375971, 0
0.6933873, 0.1843077, 0.6255764, 0
0.4495874, 0.1962153, 0.7756768, 0
0.6989929, 0.2356113, 0.3056507, 0
0.7326853, 0.2286724, 0.4381557, 0
0.5695179, 0.286696, 0.6919882, 0
0.4704451, 0.2030057, 0.6426601, 0
0.5297856, 0.1984947, 0.1460554, 0
0.5522673, 0.2935257, 0.2102275, 0
0.52193, 0.2676359, 0.2178839, 0
0.6544394, 0.2370109, 0.4146248, 0
0.5377131, 0.2543545, 0.5609239, 0
0.3794068, 0.1585868, 0.422692, 0
0.6508998, 0.1915845, 0.1752496, 0
0.6533555, 0.2597405, 0.557183, 0
0.5034636, 0.2828453, 0.1919588, 0
0.4789573, 0.2239988, 0.6951334, 0
0.579205, 0.2486314, 0.1450509, 0
0.4727629, 0.2628273, 0.7105855, 0
0.7142408, 0.2642061, 0.51815, 0
0.3201883, 0.1755061, 0.5746783, 0
0.2611102, 0.2205071, 0.6557478, 0
0.7736588, 0.1823794, 0.6521718, 0
0.3809496, 0.2157192, 0.3786737, 0
0.3968792, 0.1642611, 0.4966259, 0
0.4770865, 0.192903, 0.1600796, 0
0.3408708, 0.1845223, 0.7481934, 0
0.4478902, 0.2713526, 0.3331248, 0
0.4092484, 0.1768262, 0.7593894, 0
0.6552721, 0.2394658, 0.5965766, 0
0.3269952, 0.2356022, 0.4268354, 0
0.7656229, 0.2479585, 0.6452264, 0
0.4806591, 0.181179, 0.5441881, 0
0.322121, 0.1694229, 0.5487585, 0
0.694649, 0.1829486, 0.6491464, 0
0.5544232, 0.1706655, 0.3789695, 0
0.6623294, 0.2242475, 0.223022, 0
0.7376904, 0.1911429, 0.3896842, 0
0.5030133, 0.2365629, 0.5342804, 0
0.7270622, 0.2792702, 0.3244901, 0
0.3094452, 0.2108176, 0.5874676, 0
0.3010949, 0.2652092, 0.6472433, 0
0.5261565, 0.2656528, 0.4300545, 0
0.7578983, 0.1853035, 0.6253457, 0
0.6294288, 0.2959205, 0.2424764, 0
0.4921323, 0.1698507, 0.375589, 0
0.6969365, 0.1986809, 0.4029432, 0
0.4920828, 0.1615103, 0.7851438, 0
0.7861592, 0.2267629, 0.3424291, 0
0.4457383, 0.2030306, 0.2696757, 0
0.5974889, 0.2347792, 0.6145326, 0
0.6198714, 0.3014072, 0.4990272, 0
0.6921695, 0.27107, 0.572966, 0
0.6076762, 0.1719501, 0.280506, 0
0.5144254, 0.2858062, 0.4148803, 0
0.3626619, 0.2572129, 0.3573014, 0
0.5301211, 0.2019384, 0.2158815, 0
0.7188745, 0.2736075, 0.4504773, 0
0.4555819, 0.1915134, 0.4665547, 0
0.6645406, 0.1617832, 0.3105251, 0
0.7210797, 0.2288642, 0.6443212, 0
0.5625617, 0.2130039, 0.7174236, 0
0.1860507, 0.2133168, 0.4936035, 0
0.6474455, 0.2783298, 0.4685918, 0
0.4779539, 0.2019704, 0.7027803, 0
0.4591179, 0.1659702, 0.3017306, 0
0.7100827, 0.3057014, 0.3659996, 0
0.3324669, 0.2015676, 0.6273713, 0
0.6934807, 0.2649135, 0.224307, 0
0.5127348, 0.170279, 0.6147653, 0
0.4419903, 0.2743891, 0.3711516, 0
0.4009024, 0.232173, 0.4606253, 0
0.3805673, 0.2577049, 0.7113401, 0
0.4223228, 0.1781323, 0.1357042, 0
0.6931962, 0.2258739, 0.5154837, 0
0.3161222, 0.2080912, 0.3642336, 0
0.4641899, 0.1839855, 0.3198599, 0
0.4161353, 0.1559789, 0.4773716, 0
0.436105, 0.2842528, 0.3745875, 0
0.4327489, 0.2354605, 0.6003955, 0
0.6033779, 0.2445403, 0.6198671, 0
0.6861564, 0.235641, 0.6222316, 0
0.8073922, 0.1819095, 0.6169288, 0
0.4127423, 0.2216486, 0.7162035, 0
0.7962322, 0.1794977, 0.627106, 0
0.6957026, 0.2602424, 0.3461063, 0
0.3762278, 0.2959546, 0.5815514, 0
0.2357558, 0.2851819, 0.416584, 0
0.7885243, 0.1898361, 0.3473488, 0
0.5868672, 0.1739342, 0.7802041, 0
0.4617983, 0.2354486, 0.4509314, 0
0.7325918, 0.2837722, 0.2933125, 0
0.3419121, 0.296694, 0.6461052, 0
0.6883003, 0.2960525, 0.4392057, 0
0.5798857, 0.287273, 0.5540792, 0
0.2826287, 0.2379127, 0.3026436, 0
0.5533248, 0.151554, 0.4010931, 0
0.6038136, 0.1815406, 0.5429443, 0
0.4216459, 0.2405371, 0.2865791, 0
0.3125913, 0.1728753, 0.5416375, 0
0.7891054, 0.1927645, 0.6245598, 0
0.4742431, 0.1973851, 0.7094862, 0
0.3392107, 0.1790968, 0.5550516, 0
0.5650997, 0.2494252, 0.3339234, 0
0.25656, 0.2194833, 0.26699, 0
0.5919182, 0.2380867, 0.4870064, 0
0.4111919, 0.2300477, 0.6461454, 0
0.5444719, 0.2385791, 0.7578334, 0
0.3343536, 0.2898876, 0.2831449, 0
0.4164619, 0.2606773, 0.4596604, 0
0.6645361, 0.1743452, 0.7149868, 0
0.4197803, 0.2790237, 0.3108461, 0
0.3004306, 0.2627615, 0.5987158, 0
0.6476714, 0.1970644, 0.5711684, 0
0.786496, 0.2354484, 0.4407135, 0
0.4180302, 0.2059152, 0.369248, 0
0.2968202, 0.2304839, 0.3939004, 0
0.5846029, 0.1997806, 0.7095625, 0
0.7864836, 0.1880259, 0.6319271, 0
0.4764731, 0.2323065, 0.5231443, 0
0.3095628, 0.2475375, 0.634424, 0
0.5392704, 0.2635986, 0.5748909, 0
0.5729784, 0.1729067, 0.5966967, 0
0.4740798, 0.2267693, 0.4150205, 0
0.5043759, 0.2149703, 0.6527349, 0
0.6547271, 0.2698779, 0.4080608, 0
0.6660253, 0.2625967, 0.3435423, 0
0.5805577, 0.2055784, 0.7441878, 0
0.6817364, 0.255527, 0.5631047, 0
0.6570869, 0.153034, 0.3674514, 0
0.71124, 0.2704583, 0.268522, 0
0.4516729, 0.1612891, 0.3659085, 0
0.6161834, 0.2307183, 0.7244905, 0
0.5511466, 0.3037578, 0.5351313, 0
0.3104502, 0.2664507, 0.5472442, 0
0.2307681, 0.1542494, 0.5067772, 0
0.6060914, 0.2714399, 0.436451, 0
0.5713, 0.2865796, 0.4785914, 0
0.4671431, 0.1607498, 0.7147983, 0
0.3402573, 0.3024691, 0.3147452, 0
0.4170766, 0.2039782, 0.664084, 0
0.4074813, 0.2697657, 0.4272469, 0
0.5833569, 0.2966029, 0.3041114, 0
0.3859872, 0.2040685, 0.5726404, 0
0.664341, 0.2283561, 0.5152988, 0
0.2665067, 0.2857973, 0.6005546, 0
0.5149755, 0.254785, 0.4865925, 0
0.641423, 0.2814206, 0.2749586, 0
0.6581804, 0.2915913, 0.5519888, 0
0.8000973, 0.2312564, 0.44754, 0
0.7155606, 0.1734738, 0.4902521, 0
0.608113, 0.2107175, 0.7219952, 0
0.7236494, 0.2155348, 0.4055636, 0
0.205909, 0.2390404, 0.4164522, 0
0.4272288, 0.2436522, 0.4298623, 0
0.4136775, 0.2568621, 0.1866236, 0
0.6317068, 0.2351198, 0.3997943, 0
0.3995965, 0.285117, 0.2606933, 0
0.4628084, 0.2230372, 0.7504395, 0
0.5017203, 0.1911733, 0.2190089, 0
0.2533174, 0.1982501, 0.5064175, 0
0.5004452, 0.2455182, 0.2050173, 0
0.4149388, 0.1552555, 0.5320704, 0
0.4048183, 0.2067364, 0.6913713, 0
0.746896, 0.2652944, 0.5593563, 0
0.3771999, 0.2928362, 0.6490738, 0
0.3337619, 0.2472911, 0.4978208, 0
0.3335645, 0.2016122, 0.4524899, 0
0.5567097, 0.2192281, 0.5078341, 0
0.5299569, 0.1845062, 0.7139918, 0
0.6034707, 0.2150998, 0.2632513, 0
0.3268216, 0.1672934, 0.5717139, 0
0.7588378, 0.2026744, 0.2671216, 0
0.4687673, 0.2519781, 0.6587763, 0
0.3615306, 0.1842061, 0.4542937, 0
0.7656348, 0.2285131, 0.3961493, 0
0.5612411, 0.2504621, 0.1798839, 0
0.349206, 0.1902833, 0.6763743, 0
0.7011352, 0.2591087, 0.5216393, 0
0.345852, 0.2247305, 0.3095416, 0
0.5262214, 0.2143725, 0.5884683, 0
0.6520392, 0.1994429, 0.6875151, 0
0.1970597, 0.2280068, 0.4421969, 0
0.6277041, 0.1921243, 0.3246043, 0
0.4901634, 0.2288189, 0.3535553, 0
0.7561561, 0.2062857, 0.6517284, 0
0.4040692, 0.2547867, 0.4624065, 0
0.4721217, 0.2220502, 0.2119944, 0
0.4265274, 0.2835222, 0.389511, 0
0.6375797, 0.1790361, 0.1805958, 0
0.6705696, 0.214095, 0.4536939, 0
0.4777179, 0.2915175, 0.6919955, 0
0.6002409, 0.203558, 0.6626753, 0
0.4003835, 0.2567534, 0.1825431, 0
0.5123202, 0.2414526, 0.2134431, 0
0.4663134, 0.1950488, 0.3938005, 0
0.7456249, 0.2520601, 0.3011575, 0
0.7359469, 0.1936343, 0.5292872, 0
0.3558235, 0.2003352, 0.5449236, 0
0.3973918, 0.191497, 0.2549227, 0
0.2798007, 0.1918571, 0.5386684, 0
0.2391608, 0.236025, 0.3143885, 0
0.294869, 0.2001253, 0.3038419, 0
0.4543481, 0.2811679, 0.3485457, 0
0.5526555, 0.3123625, 0.5863953, 0
0.3939088, 0.3024012, 0.3882383, 0
0.626502, 0.209223, 0.5617162, 0
0.5691012, 0.1890224, 0.6726709, 0
0.2426065, 0.1823272, 0.6098863, 0
0.4281883, 0.1739803, 0.7774082, 0
0.8363459, 0.1823761, 0.451819, 0
0.4885491, 0.1744886, 0.3536279, 0
0.5625527, 0.2125459, 0.6287267, 0
0.2469327, 0.2022723, 0.2710775, 0
0.5747107, 0.1884904, 0.4407317, 0
0.4403234, 0.232681, 0.4238199, 0
0.7900324, 0.1726012, 0.576892, 0
0.2159415, 0.206154, 0.3252332, 0
0.7642483, 0.2466291, 0.4858893, 0
0.3746016, 0.291535, 0.5689867, 0
0.5106497, 0.1675889, 0.3328064, 0
0.340227, 0.1562392, 0.28075, 0
0.4814296, 0.2015267, 0.4987015, 0
0.4920685, 0.2536856, 0.736328, 0
0.5271091, 0.2957037, 0.5421035, 0
0.319194, 0.1624945, 0.2837126, 0
0.3280336, 0.213623, 0.3668095, 0
0.6763802, 0.2428504, 0.5877646, 0
0.7551472, 0.2338999, 0.5307571, 0
0.3964013, 0.2260052, 0.7431182, 0
0.7414568, 0.1842068, 0.453425, 0
0.7133346, 0.2764623, 0.4688086, 0
0.662567, 0.185147, 0.6488624, 0
0.2868962, 0.1740124, 0.2810485, 0
0.5609968, 0.2413544, 0.4278612, 0
0.7817582, 0.2648013, 0.4680795, 0
0.5717272, 0.1856795, 0.3315344, 0
0.2158405, 0.2281217, 0.3338482, 0
0.4971838, 0.2764631, 0.5160199, 0
0.2691131, 0.2833952, 0.5464962, 0
0.673481, 0.2358445, 0.4570032, 0
0.687371, 0.2539682, 0.4831075, 0
0.6454384, 0.1923224, 0.5573047, 0
0.6135309, 0.3061421, 0.5800873, 0
0.596844, 0.1759116, 0.5402638, 0
0.4222733, 0.18242, 0.1609755, 0
0.693698, 0.2736163, 0.544916, 0
0.6408144, 0.2974347, 0.2539626, 0
0.2685681, 0.2309488, 0.5342723, 0
0.208784, 0.1698873, 0.4501133, 0
0.2959455, 0.263301, 0.5660059, 0
0.6045019, 0.2068072, 0.6379442, 0
0.4670954, 0.2194504, 0.5976653, 0
0.4203115, 0.1846611, 0.2490974, 0
0.4216352, 0.1598734, 0.173612, 0
0.6839934, 0.1846309, 0.5595741, 0
0.7721393, 0.2496457, 0.5925015, 0
0.5518343, 0.2146637, 0.674464, 0
0.3473595, 0.2435214, 0.5031624, 0
0.2718092, 0.2208884, 0.4350631, 0
0.5269756, 0.2663424, 0.2604816, 0
0.6297114, 0.208296, 0.6381129, 0
0.7075086, 0.2893909, 0.5042723, 0
0.3807031, 0.2537443, 0.2714902, 0
0.5685575, 0.2405315, 0.5961306, 0
0.2344898, 0.2470673, 0.4466922, 0
0.2250359, 0.2368433, 0.4368424, 0
0.3513085, 0.1674501, 0.7175524, 0
0.5382984, 0.3037486, 0.4184718, 0
0.3140436, 0.2657491, 0.4401442, 0
0.6246876, 0.1692872, 0.6757616, 0
0.4500962, 0.2549452, 0.3380549, 0
0.5000936, 0.2273412, 0.3580878, 0
0.4164758, 0.1874904, 0.4786925, 0
0.288197, 0.223202, 0.4730493, 0
0.7738422, 0.2828102, 0.5294239, 0
0.4108728, 0.3005596, 0.3787748, 0
0.6962067, 0.2563811, 0.6997276, 0
0.3332273, 0.1827142, 0.3229971, 0
0.6356963, 0.2129396, 0.5620832, 0
0.2419386, 0.1539373, 0.4493038, 0
0.4428321, 0.163864, 0.7191682, 0
0.5677552, 0.2062898, 0.5281738, 0
0.3758559, 0.1940803, 0.173809, 0
0.5907689, 0.1677991, 0.2191914, 0
0.2289343, 0.1888838, 0.3205021, 0
0.6810505, 0.2403241, 0.2410631, 0
0.3211969, 0.2665493, 0.359251, 0
0.3765399, 0.1763947, 0.6686325, 0
0.6293852, 0.2464373, 0.1708073, 0
0.4788522, 0.2419326, 0.4967287, 0
0.3571641, 0.1810048, 0.752933, 0
0.8148675, 0.2308566, 0.3538479, 0
0.4876421, 0.2532911, 0.5344112, 0
0.4900156, 0.2942013, 0.6531406, 0
0.2334646, 0.18346, 0.3186063, 0
0.4993684, 0.1700696, 0.5239654, 0
0.26785, 0.236344, 0.319185, 0
0.4928658, 0.2683619, 0.6200866, 0
0.4123991, 0.288187, 0.7169908, 0
0.6141011, 0.286027, 0.6946719, 0
0.5313045, 0.2481271, 0.4984281, 0
0.7063164, 0.3025591, 0.4892124, 0
0.6052818, 0.2310187, 0.5046138, 0
0.4395392, 0.2106867, 0.5074286, 0
0.4949447, 0.271494, 0.5299263, 0
0.5503095, 0.1937162, 0.6064137, 0
0.6443976, 0.2186265, 0.445579, 0
0.2330587, 0.2216989, 0.4691206, 0
0.4905268, 0.1763842, 0.4623837, 0
0.6949868, 0.1908204, 0.6608974, 0
0.584425, 0.2786141, 0.6617627, 0
0.3605526, 0.2897845, 0.2605125, 0
0.1965517, 0.2387927, 0.5102255, 0
0.486715, 0.2792116, 0.2612472, 0
0.4202845, 0.1602364, 0.7549188, 0
0.7918403, 0.2159928, 0.5008512, 0
0.4183407, 0.2061794, 0.6610126, 0
0.5160603, 0.1737817, 0.2315253, 0
0.3110231, 0.2659523, 0.5304552, 0
0.4094265, 0.2175934, 0.7329718, 0
0.4410377, 0.2016808, 0.6829486, 0
0.4707803, 0.1878737, 0.2440753, 0
0.7849118, 0.19704, 0.6333668, 0
0.6019396, 0.2649522, 0.700423, 0
0.6762868, 0.1847581, 0.4721614, 0
0.7030066, 0.208105, 0.3300871, 0
0.5898431, 0.2922352, 0.4183466, 0
0.5194813, 0.2307568, 0.1742088, 0
0.5590152, 0.234537, 0.1390482, 0
0.6617811, 0.2810169, 0.3574006, 0
0.4806213, 0.2990147, 0.5442333, 0
0.3334658, 0.1979252, 0.595149, 0
0.6728287, 0.2435552, 0.3655504, 0
0.5510115, 0.2908334, 0.6487615, 0
0.6565254, 0.2109362, 0.3939296, 0
0.4421394, 0.2225004, 0.3170108, 0
0.5493902, 0.1864083, 0.649101, 0
0.3206959, 0.2840701, 0.4126269, 0
0.3449014, 0.224471, 0.2397805, 0
0.4019167, 0.2059055, 0.6369207, 0
0.4704111, 0.2929118, 0.3975415, 0
0.3134811, 0.233914, 0.6023067, 0
0.6066815, 0.1854653, 0.1262159, 0
0.3371971, 0.227925, 0.4912626, 0
0.3971783, 0.2804213, 0.3841797, 0
0.732735, 0.2050433, 0.4295238, 0
0.5798067, 0.2039446, 0.5028361, 0
0.5053028, 0.1889549, 0.7297459, 0
0.4520881, 0.1589066, 0.5169229, 0
0.6571007, 0.2795784, 0.4714072, 0
0.7401791, 0.1796654, 0.4428141, 0
0.3726373, 0.1707433, 0.3128151, 0
0.5876013, 0.2005789, 0.2402136, 0
0.3600988, 0.1618445, 0.4103598, 0
0.6221979, 0.2466405, 0.5294947, 0
0.5119735, 0.2399411, 0.7412938, 0
0.5791764, 0.1689069, 0.1987544, 0
0.6819068, 0.2782714, 0.3465253, 0
0.5696476, 0.2259069, 0.5957575, 0
0.3152358, 0.1858335, 0.6482079, 0
0.6500208, 0.2807283, 0.2794277, 0
0.351691, 0.2002097, 0.1593705, 0
0.6079932, 0.2601516, 0.6628357, 0
0.6462742, 0.2926605, 0.4418241, 0
0.252561, 0.2139708, 0.4581901, 0
0.3181783, 0.2730056, 0.5186832, 0
0.4751202, 0.2176821, 0.3231877, 0
0.4245508, 0.2061888, 0.236837, 0
0.5724108, 0.1714507, 0.7635546, 0
0.7474136, 0.2165268, 0.2812227, 0
0.5611947, 0.1747201, 0.340251, 0
0.5393019, 0.2306683, 0.4828335, 0
0.2760815, 0.1866615, 0.3092913, 0
0.3464557, 0.1917112, 0.5099558, 0
0.69203, 0.1762311, 0.6755946, 0
0.4514109, 0.1659284, 0.1258337, 0
0.4804526, 0.2966129, 0.5118451, 0
0.6311498, 0.1596657, 0.566103, 0
0.2605008, 0.2614262, 0.6226028, 0
0.5154196, 0.2234819, 0.3124319, 0
0.5587926, 0.1535498, 0.2189627, 0
0.4211572, 0.2311155, 0.3154939, 0
0.2518438, 0.2048169, 0.5298507, 0
0.5645831, 0.2707587, 0.6771547, 0
0.6176218, 0.1992401, 0.6121495, 0
0.4216328, 0.1959828, 0.756511, 0
0.2864102, 0.2496485, 0.3130421, 0
0.7224284, 0.255608, 0.6222721, 0
0.4687075, 0.2730961, 0.4031774, 0
0.7264668, 0.2771906, 0.5370343, 0
0.6522017, 0.1652302, 0.614076, 0
0.5232934, 0.2928408, 0.3633588, 0
0.2663088, 0.1704131, 0.2332156, 0
0.4332084, 0.1867532, 0.1267029, 0
0.7874157, 0.2187303, 0.3542422, 0
0.6936339, 0.2677023, 0.5503326, 0
0.4204694, 0.1689098, 0.3869058, 0
0.3411674, 0.2891741, 0.3909388, 0
0.5050251, 0.3046786, 0.6912701, 0
0.4652963, 0.1705434, 0.5969862, 0
0.6161648, 0.2894745, 0.4987662, 0
0.4382706, 0.1853313, 0.3476658, 0
0.3994496, 0.1554068, 0.5360834, 0
0.5221741, 0.2439625, 0.4678714, 0
0.3698182, 0.2535292, 0.5381073, 0
0.655654, 0.2594693, 0.5181394, 0
0.6888254, 0.3019739, 0.5150104, 0
0.5677273, 0.2868236, 0.4236093, 0
0.5124883, 0.2243347, 0.7570192, 0
0.5870174, 0.2845684, 0.6418918, 0
0.2858424, 0.2309698, 0.6837078, 0
0.3752559, 0.2366804, 0.5107548, 0
0.2882699, 0.1726527, 0.6172212, 0
0.5119042, 0.274366, 0.3621671, 0
0.1700912, 0.1756073, 0.5331103, 0
0.6213753, 0.2414908, 0.234254, 0
0.2621784, 0.2111532, 0.4840074, 0
0.5612952, 0.2675225, 0.6546884, 0
0.3587899, 0.2419911, 0.2230758, 0
0.2241007, 0.2331408, 0.3759933, 0
0.6166067, 0.1768606, 0.1299513, 0
0.2865475, 0.2025318, 0.6592389, 0
0.6811276, 0.2750587, 0.3465945, 0
0.6022642, 0.2722421, 0.1715502, 0
0.5840183, 0.284159, 0.6632285, 0
0.5932162, 0.1968831, 0.4557168, 0
0.6187251, 0.2414897, 0.2639615, 0
0.5573009, 0.2656858, 0.3070005, 0
0.5202248, 0.2958873, 0.5903416, 0
0.4586316, 0.2068874, 0.7575178, 0
0.5554583, 0.2427298, 0.6021581, 0
0.479131, 0.1901211, 0.5736742, 0
0.6337777, 0.285242, 0.4436979, 0
0.4650131, 0.290788, 0.3783493, 0
0.7028949, 0.1888368, 0.4926488, 0
0.3201316, 0.265621, 0.3006934, 0
0.6151544, 0.2917068, 0.3418453, 0
0.3545071, 0.174845, 0.4211688, 0
0.2626662, 0.2894795, 0.4989789, 0
0.6603628, 0.2310991, 0.4496171, 0
0.349954, 0.2047496, 0.4550867, 0
0.8110713, 0.1851714, 0.4789167, 0
0.5087586, 0.2869076, 0.5403646, 0
0.5502481, 0.2046293, 0.5001842, 0
0.6689203, 0.3005343, 0.2842728, 0
0.4659785, 0.1677545, 0.4421447, 0
0.3531533, 0.2789363, 0.2286581, 0
0.4940606, 0.2694857, 0.7461974, 0
0.4931531, 0.207921, 0.3088823, 0
0.5425572, 0.2468982, 0.5863732, 0
0.7755976, 0.1763581, 0.4365525, 0
0.4569045, 0.1664382, 0.5680976, 0
0.5275189, 0.2309613, 0.2056874, 0
0.5187384, 0.2428131, 0.7183108, 0
0.6575561, 0.2236141, 0.6333222, 0
0.2823599, 0.1816202, 0.4404112, 0
0.3976054, 0.19216, 0.7416914, 0
0.6670585, 0.1647895, 0.6783223, 0
0.4291953, 0.1926754, 0.339045, 0
0.1921528, 0.1610621, 0.4820288, 0
0.5988371, 0.2339485, 0.4514328, 0
0.6064776, 0.158885, 0.5055746, 0
0.6918408, 0.1992289, 0.2112513, 0
0.5864389, 0.2391054, 0.6984096, 0
0.3853493, 0.2803349, 0.6024953, 0
0.6975713, 0.2265297, 0.2327014, 0
0.7142793, 0.2513123, 0.6191252, 0
0.3313901, 0.2520184, 0.1975855, 0
0.5156432, 0.1581284, 0.3862996, 0
0.5053087, 0.2922714, 0.3356041, 0
0.3032975, 0.2888252, 0.6443823, 0
0.5542187, 0.2896748, 0.5588839, 0
0.3239592, 0.1986247, 0.6415823, 0
0.4522375, 0.1988132, 0.574998, 0
0.6191898, 0.2430496, 0.4072897, 0
0.4588276, 0.1740573, 0.3501641, 0
0.6318248, 0.2927623, 0.2902845, 0
0.5226808, 0.2654655, 0.3076505, 0
0.6196108, 0.23143, 0.2691683, 0
0.7019411, 0.2367732, 0.2492608, 0
0.5201884, 0.2777844, 0.3001494, 0
0.8306985, 0.206369, 0.3850048, 0
0.6866931, 0.1786356, 0.4098807, 0
0.6893851, 0.2988356, 0.2587079, 0
0.5849752, 0.2886127, 0.3604572, 0
0.4934241, 0.2408056, 0.3458568, 0
0.4911339, 0.1742481, 0.4235858, 0
0.346809, 0.1556995, 0.4694895, 0
0.6894884, 0.2628717, 0.5277245, 0
0.2139723, 0.1800877, 0.5003955, 0
0.5438766, 0.2885838, 0.3497677, 0
0.5916031, 0.1746112, 0.6336393, 0
0.5442951, 0.2619289, 0.2560509, 0
0.3049353, 0.1888886, 0.2574039, 0
0.5364581, 0.2131107, 0.6209676, 0
0.3637843, 0.2365812, 0.5217123, 0
0.4555176, 0.2167932, 0.3875221, 0
0.6472241, 0.2944084, 0.2439367, 0
0.3264998, 0.2443107, 0.4555786, 0
0.6358681, 0.3007768, 0.6302655, 0
0.7362322, 0.1866882, 0.6463434, 0
0.5569067, 0.2785037, 0.5901527, 0
0.3015446, 0.193555, 0.5202411, 0
0.7300226, 0.2189442, 0.671714, 0
0.7601377, 0.2393098, 0.5075241, 0
0.3602067, 0.227188, 0.4421973, 0
0.524681, 0.2665047, 0.4401798, 0
0.2857664, 0.1965152, 0.5446704, 0
0.3137358, 0.2027457, 0.2958074, 0
0.806083, 0.1718456, 0.3883643, 0
0.3912228, 0.1689167, 0.6290128, 0
0.7706781, 0.2842973, 0.4702938, 0
0.3606454, 0.1975108, 0.704249, 0
0.7144159, 0.2361009, 0.650333, 0
0.3105759, 0.298896, 0.5032734, 0
0.6677247, 0.1650873, 0.3959049, 0
0.5136866, 0.2284747, 0.5178417, 0
0.4883254, 0.2493957, 0.6496592, 0
0.538899, 0.2904232, 0.3209853, 0
0.6692313, 0.2154823, 0.5812364, 0
0.651364, 0.1808687, 0.2975565, 0
0.2837842, 0.2437931, 0.2367205, 0
0.58235, 0.2471484, 0.2104297, 0
0.2925905, 0.1666025, 0.5583048, 0
0.5763408, 0.194931, 0.1472117, 0
0.447873, 0.2039004, 0.1226201, 0
0.6061464, 0.2290087, 0.1397283, 0
0.3545676, 0.1946507, 0.4245217, 0
0.8161297, 0.2662093, 0.4292777, 0
0.4857819, 0.2055761, 0.445286, 0
0.6203368, 0.1946457, 0.627108, 0
0.3521041, 0.2211833, 0.6026428, 0
0.3047021, 0.2792195, 0.3108161, 0
0.4686032, 0.1755776, 0.5508949, 0
0.7059984, 0.2171068, 0.6334656, 0
0.4490156, 0.2595247, 0.6559033, 0
0.5467536, 0.1704457, 0.1552465, 0
0.7078744, 0.1638538, 0.4343086, 0
0.2506824, 0.2773892, 0.3375237, 0
0.6143054, 0.2884874, 0.6190813, 0
0.4274504, 0.1740321, 0.7292768, 0
0.2116239, 0.2161719, 0.5638217, 0
0.4413155, 0.1790335, 0.5345974, 0
0.622282, 0.2326906, 0.4714773, 0
0.3247855, 0.2483802, 0.623318, 0
0.4165534, 0.3022375, 0.2881649, 0
0.5384256, 0.2777716, 0.4155346, 0
0.4048775, 0.2577035, 0.3380659, 0
0.2896844, 0.2529266, 0.6116161, 0
0.3877699, 0.2503199, 0.4185424, 0
0.8059607, 0.2248555, 0.471134, 0
0.5455657, 0.1950044, 0.7009687, 0
0.4824028, 0.2652819, 0.2734753, 0
0.31973, 0.2220706, 0.5238941, 0
0.3568262, 0.1651049, 0.4074716, 0
0.7511765, 0.2813244, 0.6204334, 0
0.4292581, 0.1735679, 0.70957, 0
0.4110397, 0.1859262, 0.2515805, 0
0.479466, 0.2816833, 0.723771, 0
0.7661954, 0.1823379, 0.5832804, 0
0.3851043, 0.195011, 0.3263455, 0
0.5452229, 0.2252171, 0.6391293, 0
0.4633307, 0.2781318, 0.2818911, 0
0.3119244, 0.1889668, 0.4476247, 0
0.2582187, 0.2697366, 0.4870516, 0
0.4496773, 0.1991383, 0.2781464, 0
0.6437542, 0.1762388, 0.4436927, 0
0.3881959, 0.2238928, 0.5347777, 0
0.1963246, 0.2289295, 0.4698699, 0
0.7896155, 0.2152983, 0.3880969, 0
0.2066445, 0.210888, 0.3473704, 0
0.7697859, 0.264623, 0.5532944, 0
0.4145498, 0.2279216, 0.4118286, 0
0.3026813, 0.2288524, 0.6512496, 0
0.3155562, 0.1955064, 0.585552, 0
0.297165, 0.2531741, 0.6417583, 0
0.5651606, 0.2060944, 0.3781919, 0
0.5933642, 0.2364125, 0.435678, 0
0.5557019, 0.2353073, 0.250212, 0
0.4906251, 0.1919433, 0.7505166, 0
0.5123302, 0.289096, 0.6928167, 0
0.578211, 0.2686791, 0.7005977, 0
0.6377884, 0.2551967, 0.636251, 0
0.550959, 0.2988041, 0.5032501, 0
0.5519987, 0.2103864, 0.5621035, 0
0.7752678, 0.2852375, 0.4222451, 0
0.6192294, 0.1930767, 0.4426097, 0
0.6603448, 0.1554157, 0.7111595, 0
0.6217245, 0.2726106, 0.5092611, 0
0.2788956, 0.2136757, 0.2444507, 0
0.6091222, 0.203814, 0.5408922, 0
0.4940028, 0.2780609, 0.2289554, 0
0.4445013, 0.1697267, 0.7903386, 0
0.5973257, 0.2369916, 0.4480293, 0
0.5019611, 0.204476, 0.1700493, 0
0.4908605, 0.2401775, 0.1823831, 0
0.6946721, 0.2880253, 0.3167157, 0
0.4290214, 0.1769613, 0.5678729, 0
0.8234603, 0.2173052, 0.5022526, 0
0.6680176, 0.3035778, 0.5036834, 0
0.6547586, 0.2648575, 0.3768062, 0
0.5764565, 0.1777904, 0.6387103, 0
0.5785856, 0.1693289, 0.5428612, 0
0.4863935, 0.2160276, 0.2843796, 0
0.4749825, 0.182072, 0.286603, 0
0.649333, 0.1813387, 0.4212374, 0
0.5465102, 0.2041503, 0.4585655, 0
0.4960424, 0.1987058, 0.1892215, 0
0.3546588, 0.1816197, 0.4568358, 0
0.4753641, 0.2094036, 0.6297107, 0
0.3801849, 0.180881, 0.7345982, 0
0.4777372, 0.2337617, 0.5103664, 0
0.4054058, 0.213575, 0.1978213, 0
0.5874709, 0.1810541, 0.6204867, 0
0.550359, 0.2779858, 0.4828408, 0
0.6528907, 0.2894692, 0.4440365, 0
0.5714101, 0.1970637, 0.3244418, 0
0.6774766, 0.1590393, 0.3760967, 0
0.494448, 0.1851798, 0.2804659, 0
0.6535878, 0.2276689, 0.5910417, 0
0.5295965, 0.2571107, 0.1817091, 0
0.7121255, 0.2052893, 0.4973508, 0
0.3509387, 0.2559575, 0.4089149, 0
0.4240831, 0.2233495, 0.7314983, 0
0.304201, 0.2174885, 0.2946341, 0
0.3757544, 0.19211, 0.2516515, 0
0.8027848, 0.1942059, 0.3768753, 0
0.7366443, 0.2171263, 0.5240458, 0
0.6464371, 0.1712902, 0.474522, 0
0.5017335, 0.1806205, 0.4438682, 0
0.7200366, 0.221521, 0.3344189, 0
0.4264415, 0.1856912, 0.1343748, 0
0.6877398, 0.2163224, 0.3459249, 0
0.4691227, 0.2272404, 0.4663282, 0
0.4247023, 0.1861696, 0.7322868, 0
0.2668765, 0.2125507, 0.3108107, 0
0.3688585, 0.2596094, 0.5229519, 0
0.50939, 0.2086419, 0.3538303, 0
0.5359704, 0.1852339, 0.3104737, 0
0.5260543, 0.1961834, 0.120291, 0
0.3234184, 0.2580126, 0.5374, 0
0.2362376, 0.2703957, 0.3865591, 0
0.4425911, 0.1594915, 0.3238242, 0
0.67181, 0.2143241, 0.2301861, 0
0.5471888, 0.2232525, 0.6049231, 0
0.540608, 0.2035007, 0.6436583, 0
0.1994295, 0.1636341, 0.388442, 0
0.3735076, 0.2932673, 0.2666902, 0
0.1763276, 0.1680768, 0.4169215, 0
0.7043475, 0.1680939, 0.2867103, 0
0.7075701, 0.1737285, 0.481798, 0
0.5113344, 0.2317731, 0.2394377, 0
0.2627343, 0.1742524, 0.5729325, 0
0.6073185, 0.2928817, 0.4532608, 0
0.2625024, 0.1617245, 0.3007979, 0
0.7233574, 0.269798, 0.288889, 0
0.3285572, 0.1838619, 0.280965, 0
0.4611092, 0.2470758, 0.5781052, 0
0.4189497, 0.2187972, 0.34493, 0
0.4926447, 0.1855831, 0.751567, 0
0.6604372, 0.193262, 0.6984564, 0
0.5123988, 0.2020584, 0.6219872, 0
0.4389797, 0.1559702, 0.6918385, 0
0.4636362, 0.2028865, 0.6279612, 0
0.5784737, 0.1980944, 0.168203, 0
0.7253434, 0.2345849, 0.5355128, 0
0.6577147, 0.1821933, 0.6622095, 0
0.3894615, 0.2674031, 0.3891298, 0
0.6347126, 0.1709593, 0.3317952, 0
0.7204604, 0.2395624, 0.6377546, 0
0.2927073, 0.287937, 0.5884755, 0
0.3787463, 0.2515556, 0.3957347, 0
0.7533152, 0.2367829, 0.6140713, 0
0.4818198, 0.2390138, 0.6942341, 0
0.3314046, 0.1673702, 0.4469056, 0
0.223592, 0.2373863, 0.3511584, 0
0.4437434, 0.2698256, 0.3132883, 0
0.6435766, 0.2771463, 0.2206751, 0
0.3721362, 0.272487, 0.5365915, 0
0.4903927, 0.2374695, 0.2192536, 0
0.6765158, 0.2282674, 0.2825386, 0
0.6739158, 0.2592687, 0.2949407, 0
0.3974679, 0.2870713, 0.5312506, 0
0.2920854, 0.1651002, 0.6535087, 0
0.7338564, 0.2256881, 0.3022912, 0
0.7633362, 0.2164263, 0.3513723, 0
0.2968715, 0.2971993, 0.3783042, 0
0.4235769, 0.1909334, 0.3979169, 0
0.581629, 0.2318299, 0.2151621, 0
0.3087864, 0.2331179, 0.3187724, 0
0.4281317, 0.2700144, 0.3700815, 0
0.571223, 0.2058828, 0.7543571, 0
0.777644, 0.2027611, 0.2741381, 0
0.4005843, 0.2903011, 0.5605747, 0
0.5137946, 0.1923412, 0.1304738, 0
0.5655831, 0.2593347, 0.4621754, 0
0.7442983, 0.3039734, 0.3324687, 0
0.4030919, 0.2945216, 0.4967204, 0
0.4039763, 0.2436269, 0.6961941, 0
0.5438687, 0.1716058, 0.1188807, 0
0.5490051, 0.2123636, 0.6289534, 0
0.4270457, 0.177393, 0.7868857, 0
0.7623621, 0.1865351, 0.5549078, 0
0.6571677, 0.2193727, 0.2342456, 0
0.7727027, 0.2288243, 0.4989922, 0
0.658639, 0.1836084, 0.584661, 0
0.4098426, 0.2785269, 0.6317521, 0
0.2878036, 0.2316922, 0.5203016, 0
0.7045559, 0.3075837, 0.3356542, 0
0.2878898, 0.1865808, 0.3156942, 0
0.6780087, 0.2938221, 0.4484561, 0
0.7072374, 0.2092878, 0.5691486, 0
0.2317125, 0.2141292, 0.4140632, 0
0.5063653, 0.2441426, 0.4508797, 0
0.6886201, 0.1908341, 0.4554379, 0
0.6673523, 0.1996902, 0.304413, 0
0.4757435, 0.2933174, 0.4303038, 0
0.6388829, 0.2831806, 0.3022052, 0
0.4288218, 0.1580831, 0.6768147, 0
0.239491, 0.2729122, 0.337699, 0
0.4692336, 0.2322884, 0.2756263, 0
0.3220573, 0.2132474, 0.6734909, 0
0.4065766, 0.210236, 0.3379198, 0
0.4066765, 0.2019413, 0.5011836, 0
0.3021525, 0.1904367, 0.657052, 0
0.37871, 0.2795431, 0.7165103, 0
0.5309508, 0.183024, 0.6252267, 0
0.6321411, 0.1813176, 0.1555549, 0
0.3557054, 0.2758388, 0.6482641, 0
0.5770507, 0.1949631, 0.1675102, 0
0.2748236, 0.2345918, 0.3730022, 0
0.6292279, 0.2275474, 0.3128116, 0
0.1987066, 0.2271889, 0.3688603, 0
0.7011545, 0.2762764, 0.5052776, 0
0.4408158, 0.1779019, 0.1836219, 0
0.7528232, 0.2344423, 0.2658906, 0
0.7468095, 0.2471005, 0.2488317, 0
0.333401, 0.16956, 0.1660428, 0
0.6607726, 0.2724361, 0.6589437, 0
0.5019458, 0.2206514, 0.5457053, 0
0.4653921, 0.2600555, 0.1562517, 0
0.5866198, 0.2607545, 0.1553851, 0
0.5462465, 0.1625564, 0.3623207, 0
0.6403137, 0.279081, 0.475834, 0
0.7186492, 0.2304117, 0.3157285, 0
0.252509, 0.2071224, 0.3398891, 0
0.8397712, 0.1814821, 0.4579209, 0
0.8057542, 0.1693033, 0.3517524, 0
0.7468674, 0.2604857, 0.4626772, 0
0.7485981, 0.2885026, 0.5520305, 0
0.3863454, 0.2075273, 0.5180907, 0
0.3542785, 0.2106162, 0.7139868, 0
0.5420228, 0.2938178, 0.4585761, 0
0.3730454, 0.2769501, 0.4148964, 0
0.4832569, 0.2172807, 0.5355982, 0
0.7152708, 0.2120763, 0.5805178, 0
0.4886134, 0.2615547, 0.2754624, 0
0.4847324, 0.1994424, 0.3536882, 0
0.7090749, 0.1787252, 0.6883721, 0
0.4755707, 0.2131624, 0.5338717, 0
0.5461083, 0.205102, 0.2627874, 0
0.3628332, 0.1935651, 0.2111785, 0
0.7586584, 0.2341086, 0.5461212, 0
0.3748758, 0.2547798, 0.4160761, 0
0.4377667, 0.1857174, 0.541088, 0
0.2450211, 0.2421759, 0.3568108, 0
0.5643408, 0.1931437, 0.3588862, 0
0.4174203, 0.2480654, 0.5655865, 0
0.5330964, 0.2665763, 0.2534724, 0
0.4504244, 0.2986312, 0.2164019, 0
0.4218112, 0.1897521, 0.5200673, 0
0.4086978, 0.1983163, 0.4394255, 0
0.3818738, 0.3020101, 0.5331078, 0
0.8026437, 0.2115825, 0.3070668, 0
0.5479668, 0.2886227, 0.4299081, 0
0.3673235, 0.2100414, 0.5277245, 0
0.5111505, 0.172817, 0.506839, 0
0.8209873, 0.1870001, 0.5190772, 0
0.405333, 0.2509044, 0.3649251, 0
0.6070662, 0.2010965, 0.471386, 0
0.5975806, 0.3014336, 0.5318571, 0
0.1840499, 0.1695641, 0.5499312, 0
0.4828793, 0.2271504, 0.1795629, 0
0.5343593, 0.2541357, 0.3036577, 0
0.3444348, 0.2118389, 0.4956194, 0
0.4546046, 0.2798869, 0.2033137, 0
0.6694211, 0.2333229, 0.7348537, 0
0.2832517, 0.289122, 0.3252704, 0
0.5423492, 0.1846961, 0.4095264, 0
0.8333322, 0.2297803, 0.4352021, 0
0.3586634, 0.184889, 0.1736831, 0
0.7009884, 0.1824543, 0.3485672, 0
0.4328038, 0.2201029, 0.6264662, 0
0.436026, 0.2943138, 0.6710458, 0
0.28297, 0.2859289, 0.5116884, 0
0.6585377, 0.1999212, 0.5180371, 0
0.5974419, 0.1653567, 0.3761419, 0
0.7717763, 0.2367305, 0.4054126, 0
0.7358809, 0.2377206, 0.3520337, 0
0.3614357, 0.1608508, 0.5834278, 0
0.3516803, 0.300567, 0.4317281, 0
0.2446784, 0.2325673, 0.3612341, 0
0.7283835, 0.1872187, 0.2864448, 0
0.6386593, 0.2581725, 0.2252736, 0
0.5215684, 0.2679031, 0.5035481, 0
0.3920604, 0.2150259, 0.6835566, 0
0.6566151, 0.1983837, 0.5528529, 0
0.3115482, 0.1599839, 0.6695588, 0
0.6635677, 0.1931196, 0.5762226, 0
0.5638098, 0.1669742, 0.5724618, 0
0.6184055, 0.2722186, 0.4474921, 0
0.6012287, 0.1813283, 0.5964489, 0
0.7498035, 0.1762184, 0.5319784, 0
0.6029896, 0.1684157, 0.4555109, 0
0.1926986, 0.188461, 0.5509322, 0
0.5223897, 0.3016212, 0.6573291, 0
0.4708814, 0.1724224, 0.6024792, 0
0.1907158, 0.2128771, 0.4984433, 0
0.5467259, 0.2341326, 0.6976728, 0
0.3841226, 0.2615765, 0.4483824, 0
0.7268335, 0.3073834, 0.345267, 0
0.6431397, 0.2036272, 0.2903293, 0
0.2041971, 0.161489, 0.5532132, 0
0.7848369, 0.19024, 0.3224661, 0
0.3472624, 0.1644495, 0.7173414, 0
0.638212, 0.2083935, 0.1454409, 0
0.4387476, 0.2476629, 0.7133509, 0
0.6292314, 0.2273091, 0.3579783, 0
0.4071771, 0.1891183, 0.1804244, 0
0.5757852, 0.2164012, 0.4418981, 0
0.7187393, 0.2703973, 0.443363, 0
0.4214672, 0.2412049, 0.5031983, 0
0.2875206, 0.1918873, 0.4576324, 0
0.3063309, 0.1790418, 0.3819511, 0
0.3826369, 0.2824148, 0.6333886, 0
0.6558232, 0.2422636, 0.3200257, 0
0.4560683, 0.1888287, 0.740284, 0
0.6495451, 0.2707881, 0.5709242, 0
0.3607601, 0.2953824, 0.6255589, 0
0.6102298, 0.3099091, 0.6469371, 0
0.3072758, 0.2267443, 0.4706742, 0
0.2790878, 0.302119, 0.4963532, 0
0.4512127, 0.1876677, 0.1447568, 0
0.3321323, 0.1869968, 0.45447, 0
0.7295044, 0.2924349, 0.4243125, 0
0.7362312, 0.1662572, 0.3549051, 0
0.3160481, 0.1732199, 0.7091944, 0
0.1865626, 0.1759897, 0.364106, 0
0.2919327, 0.2134534, 0.3267926, 0
0.4788599, 0.2653987, 0.3876246, 0
0.298665, 0.1823057, 0.7071566, 0
0.2970546, 0.2314153, 0.6885951, 0
0.5753921, 0.1913707, 0.1763866, 0
0.6623125, 0.2729567, 0.592594, 0
0.4086535, 0.2737638, 0.4645683, 0
0.500923, 0.2973529, 0.2052285, 0
0.4353059, 0.2315972, 0.7588958, 0
0.5909443, 0.2528014, 0.5419778, 0
0.2822848, 0.2400953, 0.4093072, 0
0.7257992, 0.1738844, 0.4484634, 0
0.494241, 0.2824348, 0.2054084, 0
0.5011837, 0.1874402, 0.6270769, 0
0.3628908, 0.1793656, 0.2537807, 0
0.3314855, 0.217955, 0.2826773, 0
0.3450183, 0.1917109, 0.263601, 0
0.6736555, 0.1858447, 0.2429079, 0
0.7216702, 0.2015817, 0.3934541, 0
0.520696, 0.1701374, 0.5204612, 0
0.3921978, 0.2374675, 0.2110248, 0
0.513565, 0.1843631, 0.386025, 0
0.680792, 0.1781063, 0.2580532, 0
0.712613, 0.2261469, 0.2551837, 0
0.2871074, 0.2352409, 0.6392902, 0
0.5545745, 0.2194697, 0.177169, 0
0.6143248, 0.2433851, 0.4249994, 0
0.3748276, 0.2378921, 0.4133349, 0
0.5818116, 0.2863571, 0.6374863, 0
0.2340643, 0.2802873, 0.5281762, 0
0.4328724, 0.1699392, 0.5229022, 0
0.5230364, 0.2512233, 0.192428, 0
0.76915, 0.2496077, 0.4423465, 0
0.5070537, 0.2078269, 0.2079251, 0
0.5183644, 0.2192222, 0.4400338, 0
0.562067, 0.1795799, 0.7689665, 0
0.2977281, 0.2361973, 0.3916734, 0
0.6678358, 0.1894689, 0.2860858, 0
0.5752332, 0.1939203, 0.5696923, 0
0.3972571, 0.2113705, 0.3271674, 0
0.6302966, 0.1635171, 0.5184821, 0
0.5183456, 0.2893956, 0.6545085, 0
0.5797002, 0.1851872, 0.2476706, 0
0.7004972, 0.299598, 0.6311641, 0
0.7445127, 0.1969974, 0.4795926, 0
0.1815684, 0.1610104, 0.4523458, 0
0.3512149, 0.2168257, 0.4853085, 0
0.5711159, 0.2759708, 0.4654473, 0
0.4526564, 0.2330462, 0.3939369, 0
0.5802835, 0.1911479, 0.6978256, 0
0.4889124, 0.2066396, 0.5257899, 0
0.3986773, 0.2609961, 0.6807665, 0
0.6035705, 0.182662, 0.408276, 0
0.3075226, 0.2704186, 0.6379904, 0
0.5231168, 0.207201, 0.6110414, 0
0.6495238, 0.1981512, 0.374111, 0
0.4267098, 0.1695182, 0.4932011, 0
0.7535867, 0.1871332, 0.6287133, 0
0.7313628, 0.184543, 0.505344, 0
0.6796916, 0.2172483, 0.5664952, 0
0.2547764, 0.195515, 0.4145256, 0
0.3159791, 0.1895107, 0.5374762, 0
0.2747802, 0.2498575, 0.2424096, 0
0.6369998, 0.1994122, 0.4835597, 0
0.6365405, 0.2915547, 0.3589746, 0
0.8017765, 0.1876494, 0.4510951, 0
0.443588, 0.2471724, 0.3116685, 0
0.454018, 0.1807943, 0.4962012, 0
0.6733261, 0.2261202, 0.5032468, 0
0.3734455, 0.1828157, 0.5843944, 0
0.7692047, 0.2697878, 0.5517991, 0
0.2693875, 0.2674697, 0.2822498, 0
0.6531677, 0.2200026, 0.2249013, 0
0.3761216, 0.1600265, 0.4034507, 0
0.3688922, 0.1627875, 0.5096313, 0
0.8073068, 0.2146181, 0.4854824, 0
0.5518842, 0.1920374, 0.6991053, 0
0.6206269, 0.1782917, 0.4190227, 0
0.3598228, 0.2907623, 0.6740471, 0
0.5462823, 0.1928865, 0.1267198, 0
0.6825281, 0.221653, 0.5983741, 0
0.7611137, 0.2825639, 0.5146177, 0
0.7444956, 0.2988827, 0.412338, 0
0.3115205, 0.3008693, 0.3897265, 0
0.4558298, 0.1791781, 0.4810462, 0
0.4169445, 0.2028538, 0.4832018, 0
0.610095, 0.2046321, 0.7341114, 0
0.560174, 0.1864737, 0.1347589, 0
0.3449529, 0.2016232, 0.2068929, 0
0.707574, 0.2581537, 0.5408345, 0
0.2305449, 0.1859022, 0.2901035, 0
0.5223983, 0.1932948, 0.565229, 0
0.8073105, 0.2158026, 0.3731231, 0
0.5540426, 0.1927691, 0.6555107, 0
0.5120515, 0.1947109, 0.5980734, 0
0.6776395, 0.2312348, 0.3533983, 0
0.7689077, 0.2408966, 0.460743, 0
0.3940517, 0.1880207, 0.5880769, 0
0.5412672, 0.1562551, 0.5733899, 0
0.3021159, 0.1814747, 0.5704678, 0
0.2439246, 0.1904263, 0.3153165, 0
0.61759, 0.2340718, 0.4735963, 0
0.5517396, 0.2783217, 0.6726168, 0
0.2990992, 0.2642029, 0.5784459, 0
0.5626038, 0.1586279, 0.5684984, 0
0.539741, 0.2935443, 0.3568005, 0
0.658023, 0.2292783, 0.3523898, 0
0.6799325, 0.2605543, 0.4278083, 0
0.6431276, 0.2846295, 0.353368, 0
0.285454, 0.1718271, 0.1954053, 0
0.525453, 0.2417755, 0.4613442, 0
0.2715793, 0.2253054, 0.4688392, 0
0.6437519, 0.1534429, 0.5871832, 0
0.4957317, 0.2784785, 0.5041891, 0
0.2281184, 0.2312285, 0.4262961, 0
0.5339057, 0.2341727, 0.4441179, 0
0.5239664, 0.2943708, 0.4907284, 0
0.6824648, 0.3012181, 0.4320295, 0
0.4683399, 0.2311392, 0.5589368, 0
0.3916324, 0.2219176, 0.3014421, 0
0.5137356, 0.1739272, 0.6175041, 0
0.4471844, 0.1677601, 0.597472, 0
0.3809482, 0.2321717, 0.654003, 0
0.6389698, 0.2243321, 0.530403, 0
0.3846613, 0.2113433, 0.757449, 0
0.3399404, 0.2701935, 0.3591627, 0
0.5764344, 0.1837905, 0.1045505, 0
0.2348142, 0.2345387, 0.3567323, 0
0.4266541, 0.2225762, 0.3372175, 0
0.5612355, 0.2225733, 0.6345178, 0
0.4033805, 0.1932686, 0.6774449, 0
0.4930607, 0.2668879, 0.7568439, 0
0.4430921, 0.1693241, 0.4208549, 0
0.7781247, 0.1985283, 0.3581587, 0
0.5276995, 0.2144249, 0.7809434, 0
0.2927583, 0.2123173, 0.6065209, 0
0.5098322, 0.219389, 0.488559, 0
0.6629658, 0.1702629, 0.4919258, 0
0.507249, 0.188234, 0.7197067, 0
0.6191481, 0.2551404, 0.6345142, 0
0.7722049, 0.1914451, 0.521097, 0
0.3110143, 0.2071699, 0.2748612, 0
0.3788256, 0.262364, 0.4687659, 0
0.5894921, 0.2275943, 0.1886842, 0
0.4826183, 0.2790169, 0.4741441, 0
0.3441795, 0.1683833, 0.2383944, 0
0.6793371, 0.2861162, 0.5321574, 0
0.5534075, 0.2160112, 0.446777, 0
0.6907772, 0.2032263, 0.4981191, 0
0.609438, 0.2152463, 0.1459423, 0
0.3415033, 0.2210157, 0.2833473, 0
0.8329663, 0.1934791, 0.3924224, 0
0.5581601, 0.1983701, 0.7721987, 0
0.3002304, 0.2664402, 0.615238, 0
0.7559176, 0.2559789, 0.3144743, 0
0.6402509, 0.178748, 0.3695475, 0
0.5974467, 0.2839429, 0.3152012, 0
0.6137657, 0.2041329, 0.1953402, 0
0.6272109, 0.2541651, 0.3909435, 0
0.7371895, 0.2729623, 0.6505026, 0
0.5950294, 0.2148852, 0.483503, 0
0.3926761, 0.1940778, 0.526869, 0
0.6874745, 0.2901474, 0.5413579, 0
0.4320663, 0.1576196, 0.6986697, 0
0.2561384, 0.2607265, 0.3023307, 0
0.7921766, 0.177852, 0.3727679, 0
0.470592, 0.1885802, 0.5900834, 0
0.6286232, 0.2427993, 0.3228569, 0
0.5556908, 0.1733724, 0.5817995, 0
0.305122, 0.2062324, 0.2962276, 0
0.3730546, 0.2824129, 0.5299306, 0
0.3159936, 0.2030785, 0.222353, 0
0.6441067, 0.2847875, 0.3260012, 0
0.5994247, 0.2549876, 0.576187, 0
0.4140415, 0.2273632, 0.7132723, 0
0.2512089, 0.1927231, 0.3268887, 0
0.6448628, 0.173842, 0.43408, 0
0.608018, 0.2831454, 0.3872906, 0
0.4802668, 0.2531376, 0.5502089, 0
0.467794, 0.2028761, 0.1291519, 0
0.2567189, 0.1892922, 0.5768, 0
0.5073988, 0.2461618, 0.137076, 0
0.5812341, 0.2901027, 0.3036482, 0
0.521777, 0.1688507, 0.5655619, 0
0.5830873, 0.2325625, 0.4649957, 0
0.5002175, 0.2885041, 0.2008365, 0
0.5437162, 0.2969165, 0.2196103, 0
0.7037944, 0.1668262, 0.3830473, 0
0.357568, 0.243149, 0.6256094, 0
0.2690145, 0.2037025, 0.271873, 0
0.6360928, 0.2645341, 0.5639972, 0
0.6870162, 0.291136, 0.3795432, 0
0.2818413, 0.2800711, 0.3965312, 0
0.7783352, 0.2122557, 0.6006761, 0
0.7482482, 0.1951145, 0.5911914, 0
0.2659016, 0.2607428, 0.4801763, 0
0.2184003, 0.2482412, 0.4749548, 0
0.4956154, 0.259584, 0.7572579, 0
0.3033375, 0.2193525, 0.5844369, 0
0.5329571, 0.2437111, 0.7137167, 0
0.5109546, 0.214216, 0.7038323, 0
0.6933324, 0.1711631, 0.1992001, 0
0.5000229, 0.2581579, 0.2442921, 0
0.5512816, 0.2272544, 0.4129849, 0
0.4208991, 0.2242085, 0.6714261, 0
0.4030962, 0.2470864, 0.5201511, 0
0.6847054, 0.1890903, 0.3638692, 0
0.600271, 0.2851481, 0.5332311, 0
0.528484, 0.2614328, 0.6691395, 0
0.6338841, 0.2682975, 0.6886829, 0
0.6600014, 0.2519705, 0.697736, 0
0.3868689, 0.2458396, 0.3808102, 0
0.7230379, 0.2860959, 0.6009876, 0
0.4319831, 0.2146995, 0.4141195, 0
0.4020498, 0.1956133, 0.6426317, 0
0.450828, 0.2423566, 0.3162102, 0
0.3735426, 0.1994627, 0.167367, 0
0.6283129, 0.2322467, 0.5941445, 0
0.6811097, 0.1783197, 0.6344648, 0
0.269773, 0.172985, 0.3784682, 0
0.5616335, 0.2189823, 0.2954865, 0
0.4232521, 0.2822661, 0.2708802, 0
0.8211316, 0.2308128, 0.4596921, 0
0.5957348, 0.2690925, 0.2591467, 0
0.3088637, 0.2001423, 0.5165777, 0
0.7007012, 0.2156337, 0.4549848, 0
0.7662458, 0.2209192, 0.5192221, 0
0.504532, 0.2558837, 0.5943264, 0
0.4699944, 0.2702197, 0.7508591, 0
0.6974567, 0.2671945, 0.3884662, 0
0.2599834, 0.2591704, 0.4583096, 0
0.5402762, 0.2507293, 0.1488311, 0
0.5963124, 0.2077785, 0.6848533, 0
0.2288982, 0.2708418, 0.4155048, 0
0.2237283, 0.1703446, 0.3857242, 0
0.7182388, 0.2377799, 0.3081064, 0
0.5659227, 0.2698982, 0.562987, 0
0.2002718, 0.2606283, 0.5133185, 0
0.6083663, 0.2173271, 0.5836776, 0
0.5102101, 0.1900248, 0.6669353, 0
0.5839628, 0.1790921, 0.1193628, 0
0.4124507, 0.2022979, 0.511384, 0
0.5527261, 0.2920581, 0.6634158, 0
0.5925798, 0.2200985, 0.2288985, 0
0.6827763, 0.1898982, 0.2178542, 0
0.7540367, 0.1885617, 0.4705059, 0
0.6309107, 0.1621305, 0.6546417, 0
0.4741704, 0.1747246, 0.2989169, 0
0.715524, 0.2155036, 0.610298, 0
0.5350381, 0.2313893, 0.6339352, 0
0.7286821, 0.1975993, 0.2423187, 0
0.574425, 0.2882715, 0.4019566, 0
0.4639648, 0.2502028, 0.3025114, 0
0.4597845, 0.2922693, 0.5205498, 0
0.6675283, 0.1920065, 0.265226, 0
0.2868289, 0.1956983, 0.6832834, 0
0.6116371, 0.1574233, 0.4695978, 0
0.3757249, 0.1958338, 0.3718124, 0
0.3289711, 0.2759916, 0.6527867, 0
0.4151973, 0.2799565, 0.3176241, 0
0.3382399, 0.206505, 0.3541458, 0
0.7190553, 0.2505026, 0.3638395, 0
0.7316592, 0.2347769, 0.2821122, 0
0.5792782, 0.2917638, 0.3239524, 0
0.5805161, 0.2058086, 0.1921304, 0
0.3203213, 0.1751553, 0.4574185, 0
0.5054712, 0.2463026, 0.1742831, 0
0.3500305, 0.2100538, 0.574932, 0
0.7901031, 0.2475022, 0.3894835, 0
0.478598, 0.2428505, 0.308115, 0
0.5187131, 0.1676718, 0.1800653, 0
0.3081538, 0.2046437, 0.5671964, 0
0.4467796, 0.1804609, 0.6114944, 0
0.760927, 0.1658338, 0.2991138, 0
0.4568646, 0.2044656, 0.1421227, 0
0.4784569, 0.2698321, 0.1910071, 0
0.3522477, 0.2891179, 0.6144879, 0
0.3908337, 0.2130038, 0.4002873, 0
0.2712363, 0.2609072, 0.5164266, 0
0.7102008, 0.2633169, 0.2362988, 0
0.5350646, 0.30051, 0.6937981, 0
0.658165, 0.2269979, 0.2011521, 0
0.4407548, 0.1634998, 0.1875659, 0
0.5971965, 0.1786697, 0.7242717, 0
0.7306046, 0.3004368, 0.4232023, 0
0.2862495, 0.2195751, 0.4323308, 0
0.6835076, 0.1744931, 0.6838623, 0
0.4377963, 0.2953156, 0.6914307, 0
0.5464732, 0.2660253, 0.5419019, 0
0.3172867, 0.1512269, 0.5691334, 0
0.5790621, 0.2132673, 0.1589789, 0
0.5356081, 0.1909476, 0.2063206, 0
0.2478138, 0.1784089, 0.6121214, 0
0.3282701, 0.1863705, 0.2322633, 0
0.7178119, 0.1735285, 0.2359626, 0
0.613809, 0.2070734, 0.5001107, 0
0.7657968, 0.209643, 0.3317499, 0
0.321354, 0.2913902, 0.3311904, 0
0.5114365, 0.2010665, 0.3736698, 0
0.3844778, 0.2094917, 0.3664374, 0
0.4565022, 0.2074996, 0.7060246, 0
0.6661962, 0.2878351, 0.4951575, 0
0.3893265, 0.2914249, 0.3661637, 0
0.3134558, 0.2450865, 0.2926093, 0
0.2380861, 0.2295552, 0.4385175, 0
0.6173593, 0.3023638, 0.4849071, 0
0.3056054, 0.2121251, 0.5054764, 0
0.351591, 0.2938761, 0.2896555, 0
0.6336389, 0.1880759, 0.2832017, 0
0.6057863, 0.2024057, 0.3854359, 0
0.4938888, 0.2526071, 0.689678, 0
0.3371466, 0.1686119, 0.5119404, 0
0.4337139, 0.248565, 0.1994826, 0
0.5278803, 0.2092052, 0.6173412, 0
0.2699416, 0.185463, 0.6531211, 0
0.6903769, 0.2753477, 0.2236565, 0
0.2870179, 0.1665668, 0.3247147, 0
0.296688, 0.2532022, 0.5587111, 0
0.5497687, 0.29311, 0.3183647, 0
0.5164517, 0.2662795, 0.6827812, 0
0.5544305, 0.2221291, 0.1295034, 0
0.2172521, 0.2162479, 0.3118988, 0
0.4081863, 0.2845465, 0.3660786, 0
0.6893793, 0.2781029, 0.2549098, 0
0.5848681, 0.2909527, 0.3912857, 0
0.3636738, 0.1939187, 0.4250835, 0
0.7276798, 0.2924805, 0.4822285, 0
0.3676808, 0.1623589, 0.722533, 0
0.4177614, 0.2134451, 0.2081504, 0
0.4115005, 0.2489542, 0.3946856, 0
0.4070141, 0.274015, 0.4638033, 0
0.2356756, 0.228836, 0.4069537, 0
0.4379204, 0.2294444, 0.7088094, 0
0.3031438, 0.2327731, 0.4887734, 0
0.5479117, 0.2477789, 0.7262333, 0
0.351735, 0.2926379, 0.4393706, 0
0.5891917, 0.2516892, 0.5763618, 0
0.7308345, 0.2236712, 0.3798826, 0
0.377527, 0.2688467, 0.664355, 0
0.5050117, 0.3023834, 0.2246461, 0
0.6601029, 0.2664139, 0.6832138, 0
0.324082, 0.2557268, 0.278804, 0
0.6615127, 0.1895052, 0.5685374, 0
0.7016301, 0.1859849, 0.4864025, 0
0.5130086, 0.2894189, 0.2022159, 0
0.6877494, 0.2529086, 0.7055261, 0
0.4799496, 0.2615473, 0.4454296, 0
0.4182617, 0.1668382, 0.1932942, 0
0.6063516, 0.1798429, 0.5194323, 0
0.3747799, 0.1884732, 0.2848999, 0
0.2469565, 0.181719, 0.2542609, 0
0.3245469, 0.2345171, 0.5324178, 0
0.4654255, 0.2136924, 0.3778228, 0
0.6777204, 0.3037277, 0.4626024, 0
0.5495284, 0.1842615, 0.1915969, 0
0.4309219, 0.1756752, 0.2811956, 0
0.4048448, 0.1677979, 0.7803634, 0
0.4882857, 0.2394229, 0.1594758, 0
0.3711771, 0.2706826, 0.2018855, 0
0.6418404, 0.2986617, 0.4224721, 0
0.5265537, 0.1688996, 0.2749646, 0
0.6201908, 0.1734965, 0.286843, 0
0.2431666, 0.1625513, 0.5837042, 0
0.6457071, 0.1842688, 0.7388386, 0
0.4477466, 0.1688728, 0.7091338, 0
0.7391452, 0.1830853, 0.1869872, 0
0.2216647, 0.1584023, 0.5325436, 0
0.5411325, 0.2017733, 0.4337257, 0
0.6552939, 0.1868217, 0.3273985, 0
0.6301696, 0.2708981, 0.3496691, 0
0.302822, 0.2227256, 0.5289682, 0
0.2928945, 0.2514128, 0.2793951, 0
0.7635525, 0.1915815, 0.4179389, 0
0.2307189, 0.2440645, 0.573863, 0
0.2446446, 0.1828588, 0.6375345, 0
0.5599351, 0.2182152, 0.7106091, 0
0.2444629, 0.1945011, 0.6194705, 0
0.5730037, 0.2315539, 0.2558882, 0
0.4321084, 0.2525192, 0.5313904, 0
0.6627207, 0.2001492, 0.4143572, 0
0.5192636, 0.2120785, 0.2504145, 0
0.6678273, 0.2767515, 0.3449859, 0
0.452712, 0.2119676, 0.2038455, 0
0.4950266, 0.1824067, 0.4268863, 0
0.2371596, 0.2638195, 0.5964913, 0
0.4103474, 0.2812411, 0.3093799, 0
0.388476, 0.1747153, 0.4651729, 0
0.3494053, 0.2089326, 0.1800626, 0
0.5449335, 0.2566627, 0.2903117, 0
0.7698809, 0.1977871, 0.4782, 0
0.7078513, 0.2015957, 0.4682944, 0
0.5049749, 0.2515902, 0.5400457, 0
0.5121241, 0.2787852, 0.7050732, 0
0.4630406, 0.2837703, 0.6103582, 0
0.6779838, 0.1774254, 0.3706907, 0
0.5710317, 0.2432151, 0.4463903, 0
0.2733105, 0.1732946, 0.3255009, 0
0.6412416, 0.2671739, 0.6055637, 0
0.5014861, 0.246728, 0.7391556, 0
0.1813694, 0.1936376, 0.5478397, 0
0.7010176, 0.2654866, 0.343196, 0
0.3595299, 0.1787444, 0.6587893, 0
0.530297, 0.277797, 0.2684524, 0
0.1977339, 0.2663043, 0.47815, 0
0.6007984, 0.2414213, 0.1942229, 0
0.2561972, 0.1682849, 0.5711896, 0
0.2314183, 0.1756421, 0.4617878, 0
0.6702933, 0.2425239, 0.5435418, 0
0.562789, 0.2038887, 0.5068703, 0
0.6863762, 0.2934886, 0.5873763, 0
0.2853931, 0.2123556, 0.6215207, 0
0.4518036, 0.208719, 0.5964625, 0
0.4133928, 0.2582795, 0.5360301, 0
0.4814335, 0.2573473, 0.1502948, 0
0.6224884, 0.2146602, 0.3665275, 0
0.5822213, 0.242223, 0.6555892, 0
0.4321942, 0.180933, 0.2529445, 0
0.3825954, 0.1616777, 0.2217793, 0
0.2857213, 0.2132493, 0.6051466, 0
0.4946027, 0.2214502, 0.6477275, 0
0.4392244, 0.2264519, 0.5666296, 0
0.6250464, 0.1724897, 0.1911333, 0
0.5167717, 0.2333245, 0.2682105, 0
0.4526864, 0.2075566, 0.7732241, 0
0.5036291, 0.2612408, 0.622744, 0
0.3179196, 0.1683346, 0.7009965, 0
0.6688206, 0.2317577, 0.2462901, 0
0.2766053, 0.2246158, 0.4895788, 0
0.3129292, 0.2815482, 0.5508417, 0
0.5059049, 0.1851285, 0.5894685, 0
0.5093697, 0.2816201, 0.607612, 0
0.6339549, 0.235258, 0.3986651, 0
0.2411591, 0.1765058, 0.4929492, 0
0.6623017, 0.2795484, 0.2505611, 0
0.5059786, 0.2375966, 0.5334332, 0
0.6844061, 0.1774524, 0.6372812, 0
0.5229464, 0.29074, 0.2762756, 0
0.5000259, 0.2673481, 0.4857757, 0
0.3700751, 0.2268921, 0.5589406, 0
0.3405698, 0.1873843, 0.1670235, 0
0.4657844, 0.2937725, 0.3194957, 0
0.6735694, 0.2468414, 0.6612731, 0
0.6411629, 0.210978, 0.4535023, 0
0.5279902, 0.2702958, 0.3833362, 0
0.41162, 0.2628053, 0.4925546, 0
0.6882176, 0.1810696, 0.5610613, 0
0.2102978, 0.2006576, 0.4806686, 0
0.4192299, 0.2268262, 0.4643131, 0
0.4960947, 0.2300947, 0.1591088, 0
0.3285238, 0.2404459, 0.2955733, 0
0.5265821, 0.1874471, 0.2107117, 0
0.7213032, 0.2506296, 0.6545282, 0
0.3529053, 0.1822781, 0.6534595, 0
0.5373514, 0.1908764, 0.6469851, 0
0.3246067, 0.1979135, 0.4093585, 0
0.6030388, 0.2555692, 0.1914532, 0
0.3767203, 0.2149745, 0.6185758, 0
0.3653858, 0.2583292, 0.679189, 0
0.2879004, 0.218584, 0.4018727, 0
0.6795105, 0.2021115, 0.4830769, 0
0.3869024, 0.2841569, 0.6078976, 0
0.5283684, 0.2601531, 0.3381453, 0
0.6163556, 0.2092341, 0.5219913, 0
0.4815023, 0.2127612, 0.1553005, 0
0.6229404, 0.2037657, 0.4363927, 0
0.4506369, 0.2993159, 0.3714442, 0
0.2006235, 0.2177154, 0.5631078, 0
0.8216375, 0.1793965, 0.3566117, 0
0.5676382, 0.2551575, 0.2730411, 0
0.6626399, 0.2235191, 0.504683, 0
0.4313474, 0.2966523, 0.4552023, 0
0.7906978, 0.284497, 0.4849351, 0
0.7327486, 0.2105083, 0.3402071, 0
0.5375659, 0.1805443, 0.5133298, 0
0.3195722, 0.2356381, 0.312193, 0
0.4965813, 0.1772517, 0.328543, 0
0.5250926, 0.2530501, 0.5454274, 0
0.6761349, 0.2795232, 0.6734523, 0
0.7133648, 0.1774347, 0.703329, 0
0.5205942, 0.1781749, 0.1993438, 0
0.6562726, 0.2332159, 0.2733384, 0
0.6756105, 0.277546, 0.4894381, 0
0.7403281, 0.293584, 0.5907465, 0
0.7290024, 0.2959509, 0.3258087, 0
0.5132762, 0.280765, 0.3183652, 0
0.4265663, 0.2870275, 0.5907173, 0
0.517147, 0.2734693, 0.5785012, 0
0.3565761, 0.2681338, 0.574701, 0
0.2959065, 0.2590821, 0.4778307, 0
0.7537915, 0.190114, 0.515895, 0
0.2602268, 0.1894865, 0.496443, 0
0.6883613, 0.1058008, 0.7747285, 1
0.617863, 0.1953041, 0.8700384, 1
0.5746285, 0.2171578, 0.8666902, 1
0.862021, 0.107958, 0.5594983, 1
0.3240108, 0.09224249, 0.5123747, 1
0.238913, 0.1136035, 0.7790641, 1
0.7243942, 0.1102782, 0.3335979, 1
0.8147412, 0.1116068, 0.6736617, 1
0.1769485, 0.09249277, 0.5429789, 1
0.6007754, 0.09057453, 0.6033841, 1
0.6620797, 0.0938843, 0.3681936, 1
0.4111142, 0.1693393, 0.8390197, 1
0.3931913, 0.1074794, 0.1169683, 1
0.311325, 0.1793038, 0.8551307, 1
0.1811726, 0.1408878, 0.2743944, 1
0.7794574, 0.1004061, 0.4854565, 1
0.4049156, 0.115053, 0.1064155, 1
0.5118308, 0.09731098, 0.742637, 1
0.5724077, 0.09083478, 0.3752841, 1
0.1818104, 0.1257456, 0.7117172, 1
0.7061211, 0.09400741, 0.411757, 1
0.7384278, 0.109687, 0.1778466, 1
0.4696849, 0.1063318, 0.4492652, 1
0.468316, 0.09779797, 0.6627768, 1
0.4427426, 0.1073916, 0.7262479, 1
0.7125865, 0.0983873, 0.6076028, 1
0.8066179, 0.1068391, 0.4039134, 1
0.7472743, 0.1078907, 0.387114, 1
0.6163244, 0.1021544, 0.2031514, 1
0.3543223, 0.1034326, 0.5566065, 1
0.5496947, 0.09109472, 0.6654785, 1
0.1417185, 0.1077785, 0.3800254, 1
0.759991, 0.1588558, 0.8480744, 1
0.6322207, 0.0947195, 0.648676, 1
0.5287133, 0.09416419, 0.09498522, 1
0.7816161, 0.09367969, 0.2707206, 1
0.5561588, 0.1062708, 0.2052794, 1
0.7361014, 0.1038482, 0.2183921, 1
0.7214609, 0.09605528, 0.7052229, 1
0.1368583, 0.09466363, 0.6183432, 1
0.7517505, 0.09842502, 0.296532, 1
0.3592985, 0.1064806, 0.2885619, 1
0.7847074, 0.1111834, 0.4325942, 1
0.1443343, 0.1243708, 0.3959581, 1
0.178158, 0.115753, 0.4901568, 1
0.3291474, 0.1007421, 0.5787743, 1
0.2443948, 0.1185576, 0.6717545, 1
0.7046537, 0.1009918, 0.5373409, 1
0.6816543, 0.1007263, 0.49144, 1
0.3554545, 0.1897336, 0.8461661, 1
0.7215065, 0.1027814, 0.7703938, 1
0.4235149, 0.1119663, 0.253151, 1
0.7272087, 0.1032333, 0.593562, 1
0.5571681, 0.09426921, 0.1117441, 1
0.5996103, 0.1042446, 0.4245048, 1
0.6690974, 0.1281557, 0.8225917, 1
0.6088782, 0.1119855, 0.6918363, 1
0.8518544, 0.1176077, 0.5392365, 1
0.7987681, 0.1154551, 0.7780432, 1
0.338491, 0.1919806, 0.8465856, 1
0.3232589, 0.1033536, 0.1690647, 1
0.4676039, 0.1871695, 0.8772496, 1
0.4440715, 0.1040179, 0.235415, 1
0.5562411, 0.1027003, 0.7870535, 1
0.204973, 0.1101789, 0.5706927, 1
0.5979933, 0.1047288, 0.09085385, 1
0.6593952, 0.1465725, 0.8298128, 1
0.3452594, 0.09294268, 0.6270822, 1
0.1555625, 0.1055648, 0.3235792, 1
0.4924726, 0.1091885, 0.6691742, 1
0.3414732, 0.1114854, 0.1792454, 1
0.4969359, 0.20172, 0.8957493, 1
0.5998005, 0.09163792, 0.4839062, 1
0.4112693, 0.1062731, 0.4162651, 1
0.6740098, 0.130325, 0.8581395, 1
0.2757833, 0.1043945, 0.2468817, 1
0.2298002, 0.1124884, 0.7841733, 1
0.7967081, 0.1035318, 0.6623017, 1
0.7121142, 0.1087633, 0.3530177, 1
0.7100229, 0.1023043, 0.347376, 1
0.2736027, 0.1100468, 0.740583, 1
0.5750482, 0.1054532, 0.538661, 1
0.1525495, 0.1216097, 0.6481867, 1
0.1752036, 0.1019586, 0.2697125, 1
0.8815311, 0.148536, 0.5443896, 1
0.4623654, 0.103302, 0.553501, 1
0.3188988, 0.1092599, 0.4621982, 1
0.3763653, 0.1197123, 0.7908509, 1
0.103114, 0.1094977, 0.6477725, 1
0.5685931, 0.1120574, 0.2118307, 1
0.3886522, 0.1051883, 0.7966958, 1
0.6660562, 0.09959069, 0.797549, 1
0.6905502, 0.09720956, 0.6384119, 1
0.7240294, 0.1080077, 0.2365313, 1
0.6114783, 0.09658516, 0.7038705, 1
0.5725366, 0.1066851, 0.2086251, 1
0.5671114, 0.1030731, 0.6128058, 1
0.4058915, 0.1080067, 0.7777411, 1
0.6550373, 0.1314347, 0.8574255, 1
0.5527673, 0.08953007, 0.3856561, 1
0.7887198, 0.1020492, 0.5432567, 1
0.7425873, 0.09574359, 0.4295502, 1
0.4583487, 0.1041545, 0.4366882, 1
0.8635324, 0.1019664, 0.7252096, 1
0.2855929, 0.09577775, 0.5395174, 1
0.3263738, 0.1066841, 0.2942686, 1
0.7459754, 0.1100764, 0.4743081, 1
0.5928909, 0.0901274, 0.3961233, 1
0.787948, 0.1032625, 0.5308741, 1
0.4140278, 0.1066651, 0.4910266, 1
0.3533275, 0.1081093, 0.1923838, 1
0.6803258, 0.09833205, 0.5603085, 1
0.130813, 0.130947, 0.403091, 1
0.614166, 0.1002301, 0.2452463, 1
0.3724918, 0.09829739, 0.6150821, 1
0.8615324, 0.1011085, 0.6933266, 1
0.2690836, 0.1125108, 0.3872818, 1
0.4734958, 0.1018324, 0.6170044, 1
0.5891217, 0.09860224, 0.1554245, 1
0.1634657, 0.1088812, 0.2708918, 1
0.4851642, 0.1368025, 0.8548932, 1
0.3736527, 0.1060062, 0.5266848, 1
0.1430329, 0.1310917, 0.7088294, 1
0.5886272, 0.1081432, 0.6043295, 1
0.6340097, 0.1005902, 0.3847889, 1
0.5168391, 0.09808104, 0.7246479, 1
0.3368576, 0.1001914, 0.2584673, 1
0.1004252, 0.1112099, 0.3517443, 1
0.1922797, 0.114581, 0.2920576, 1
0.4496815, 0.1903594, 0.8754993, 1
0.1894846, 0.1118428, 0.313867, 1
0.4774337, 0.1211572, 0.8414131, 1
0.3230204, 0.09654469, 0.7169358, 1
0.7362682, 0.0982949, 0.4130012, 1
0.345394, 0.1120808, 0.1797854, 1
0.1946418, 0.1311538, 0.2843176, 1
0.859304, 0.1319293, 0.6109952, 1
0.2758544, 0.09837981, 0.7546929, 1
0.8001744, 0.09564135, 0.335599, 1
0.6121852, 0.09510713, 0.3780169, 1
0.3943823, 0.09820514, 0.2044248, 1
0.3974042, 0.1021928, 0.4299542, 1
0.2562556, 0.1028581, 0.747651, 1
0.7794037, 0.09167826, 0.5879313, 1
0.4214059, 0.09101662, 0.437003, 1
0.8244267, 0.1163479, 0.4092425, 1
0.797968, 0.1105314, 0.3865809, 1
0.6555758, 0.09691332, 0.7300852, 1
0.7168511, 0.083551, 0.2395004, 1
0.4525087, 0.135807, 0.8512653, 1
0.7429909, 0.09534593, 0.4562334, 1
0.4876848, 0.09157655, 0.4598055, 1
0.3719344, 0.09088781, 0.5805597, 1
0.6450567, 0.1084264, 0.5098847, 1
0.550049, 0.1082788, 0.3121208, 1
0.3632767, 0.1037724, 0.2656656, 1
0.4734012, 0.09927454, 0.6245871, 1
0.4755851, 0.1034117, 0.246557, 1
0.1264087, 0.1263429, 0.5577242, 1
0.2401623, 0.1104899, 0.5172403, 1
0.8011093, 0.1189261, 0.8076359, 1
0.3673335, 0.098114, 0.5127584, 1
0.8234687, 0.0958712, 0.5648337, 1
0.744222, 0.1225296, 0.2336467, 1
0.7832098, 0.09495379, 0.4236227, 1
0.6725259, 0.09387492, 0.3044893, 1
0.3359582, 0.09823305, 0.6985635, 1
0.8800992, 0.185329, 0.4787604, 1
0.1796657, 0.1146404, 0.6329016, 1
0.8774909, 0.1517262, 0.5806714, 1
0.2616816, 0.1130222, 0.6834553, 1
0.2175908, 0.1092514, 0.3864706, 1
0.6917091, 0.1022807, 0.7132357, 1
0.7985991, 0.09000024, 0.3759413, 1
0.6256383, 0.09393512, 0.7807508, 1
0.3498931, 0.100964, 0.5402765, 1
0.3140633, 0.09492879, 0.227361, 1
0.8572547, 0.1236297, 0.7864696, 1
0.3267926, 0.1111111, 0.2348251, 1
0.519015, 0.1023378, 0.6821733, 1
0.8789369, 0.1340772, 0.5185586, 1
0.2601018, 0.1125867, 0.7509199, 1
0.4970925, 0.1053748, 0.3228403, 1
0.5692319, 0.08974916, 0.5009655, 1
0.4643582, 0.1213072, 0.1754936, 1
0.1557438, 0.1165648, 0.3975241, 1
0.7375486, 0.09049167, 0.3611768, 1
0.7679247, 0.09557456, 0.6537703, 1
0.2939296, 0.09696771, 0.2166466, 1
0.7568502, 0.09909026, 0.5529672, 1
0.1450388, 0.1428109, 0.4750703, 1
0.4753495, 0.1095973, 0.8335196, 1
0.4660605, 0.0955823, 0.5956703, 1
0.6539165, 0.1055306, 0.7544594, 1
0.6904386, 0.1060643, 0.2719026, 1
0.5156426, 0.09521283, 0.6557215, 1
0.8766457, 0.1111152, 0.251847, 1
0.5006898, 0.1047428, 0.5459836, 1
0.5176276, 0.09471507, 0.3610595, 1
0.3711441, 0.1599203, 0.8453449, 1
0.2208196, 0.1218533, 0.7997206, 1
0.1994759, 0.09554303, 0.5500686, 1
0.4930504, 0.1299442, 0.8606385, 1
0.401982, 0.1082055, 0.2395088, 1
0.8856583, 0.172236, 0.5620645, 1
0.3906667, 0.1050441, 0.3184624, 1
0.5856022, 0.100634, 0.5017034, 1
0.8595405, 0.1069731, 0.7783583, 1
0.3642607, 0.09557088, 0.2801727, 1
0.1173729, 0.1158786, 0.5984564, 1
0.8256712, 0.1280619, 0.3520621, 1
0.2383319, 0.1037275, 0.6266836, 1
0.6344084, 0.1051034, 0.4657513, 1
0.5068548, 0.1041745, 0.3323376, 1
0.7219943, 0.1011479, 0.7730851, 1
0.4024465, 0.09683286, 0.7230546, 1
0.6219413, 0.1044828, 0.7185469, 1
0.8671747, 0.1041956, 0.7645786, 1
0.5758865, 0.1015552, 0.647996, 1
0.2593428, 0.1241758, 0.2364745, 1
0.6349197, 0.09275483, 0.8163, 1
0.3478436, 0.1026161, 0.2933545, 1
0.8742908, 0.1406369, 0.4444758, 1
0.7873829, 0.1086534, 0.7293613, 1
0.731034, 0.1252474, 0.762226, 1
0.6207547, 0.1125384, 0.7432232, 1
0.4602407, 0.1038315, 0.8065043, 1
0.463945, 0.1445258, 0.8604788, 1
0.7326545, 0.08903807, 0.1628985, 1
0.1933589, 0.1341091, 0.7349291, 1
0.2048339, 0.08908028, 0.7894367, 1
0.2045064, 0.1211399, 0.7220065, 1
0.3748824, 0.0994519, 0.2238475, 1
0.3954737, 0.09411242, 0.6401094, 1
0.556478, 0.1111918, 0.2597273, 1
0.1697533, 0.1055304, 0.3305674, 1
0.2046321, 0.1041629, 0.7894025, 1
0.3794136, 0.1050257, 0.2673261, 1
0.2664419, 0.1122614, 0.4516788, 1
0.7232164, 0.1023679, 0.6568181, 1
0.5720398, 0.09431525, 0.1572685, 1
0.8062127, 0.1209937, 0.7663289, 1
0.8407077, 0.1213895, 0.5736207, 1
0.7668342, 0.09614301, 0.5142862, 1
0.7194231, 0.1023746, 0.3692337, 1
0.3040466, 0.110915, 0.2863538, 1
0.7035357, 0.09408973, 0.4145079, 1
0.7995674, 0.09620058, 0.2097805, 1
0.4759226, 0.09208638, 0.4852069, 1
0.6309881, 0.10235, 0.3453917, 1
0.2930338, 0.1000509, 0.570594, 1
0.5982978, 0.09271469, 0.6128295, 1
0.5549079, 0.2001704, 0.8846284, 1
0.1769289, 0.1251928, 0.6826935, 1
0.3777633, 0.1879155, 0.8344579, 1
0.8270197, 0.1181196, 0.7680591, 1
0.8319967, 0.1128459, 0.7536783, 1
0.09960996, 0.1548702, 0.3956107, 1
0.4630271, 0.1076714, 0.2021753, 1
0.5763591, 0.1050071, 0.1697404, 1
0.4699445, 0.09081113, 0.5577195, 1
0.7454749, 0.1060799, 0.232334, 1
0.213773, 0.09319293, 0.7840651, 1
0.1902067, 0.1288614, 0.7273172, 1
0.2783303, 0.1075959, 0.2625277, 1
0.5383095, 0.1082443, 0.2460826, 1
0.7592338, 0.1127692, 0.7684683, 1
0.3622589, 0.1893923, 0.8424808, 1
0.5330277, 0.100825, 0.5521021, 1
0.6961654, 0.09844083, 0.6096525, 1
0.4972462, 0.1058882, 0.6296726, 1
0.1108003, 0.1247631, 0.3974558, 1
0.2404109, 0.09275408, 0.3189044, 1
0.443776, 0.1016097, 0.3127114, 1
0.7349038, 0.1144798, 0.2111438, 1
0.3790717, 0.09053002, 0.1516557, 1
0.5996479, 0.09808128, 0.5641974, 1
0.6437752, 0.1077747, 0.629445, 1
0.7805998, 0.1388491, 0.3830364, 1
0.8051398, 0.1244845, 0.7754416, 1
0.886978, 0.1631199, 0.5849132, 1
0.3067646, 0.1154709, 0.8045409, 1
0.4758524, 0.1041278, 0.80103, 1
0.8048447, 0.1144265, 0.2234202, 1
0.64541, 0.1045923, 0.4752923, 1
0.4241302, 0.09235459, 0.3701729, 1
0.7062863, 0.1113658, 0.3743637, 1
0.1583677, 0.09740046, 0.295998, 1
0.2647621, 0.1137692, 0.2368438, 1
0.7924674, 0.1048369, 0.7255226, 1
0.09936011, 0.1349055, 0.4012945, 1
0.8841022, 0.170092, 0.4586455, 1
0.7179516, 0.09605497, 0.2382434, 1
0.7055699, 0.1006769, 0.7144183, 1
0.6301571, 0.1226966, 0.8411976, 1
0.3847058, 0.1075964, 0.5504199, 1
0.7546371, 0.1222704, 0.7933072, 1
0.4987651, 0.1071947, 0.08633189, 1
0.7303926, 0.1082744, 0.7595648, 1
0.3898309, 0.1032067, 0.2824589, 1
0.5437247, 0.09815622, 0.5451698, 1
0.4285086, 0.104278, 0.5576901, 1
0.5840404, 0.09848039, 0.2230015, 1
0.1683192, 0.1126344, 0.5274024, 1
0.1232847, 0.1372145, 0.5374553, 1
0.5694876, 0.1111099, 0.7407412, 1
0.7841673, 0.09261085, 0.4198072, 1
0.3881999, 0.09653915, 0.2714297, 1
0.3401247, 0.09881739, 0.5838447, 1
0.6519984, 0.09567314, 0.4299441, 1
0.4338325, 0.08632646, 0.1923499, 1
0.5995562, 0.1102104, 0.8132632, 1
0.5211717, 0.1029533, 0.6653264, 1
0.4759879, 0.1992679, 0.8873848, 1
0.4485524, 0.1485254, 0.8694779, 1
0.4317674, 0.1291723, 0.84536, 1
0.6288097, 0.1007239, 0.7644913, 1
0.3639775, 0.1478089, 0.8342021, 1
0.7651539, 0.1039901, 0.7738721, 1
0.5468212, 0.09733814, 0.4254764, 1
0.171734, 0.101201, 0.2690796, 1
0.09207675, 0.1156814, 0.6081585, 1
0.4765949, 0.1177706, 0.184, 1
0.5662379, 0.1028314, 0.4927346, 1
0.597994, 0.1081153, 0.288803, 1
0.3554816, 0.09388268, 0.5559425, 1
0.4599416, 0.09607459, 0.6740811, 1
0.5199098, 0.09870604, 0.5095907, 1
0.1201079, 0.1170481, 0.5647983, 1
0.1933286, 0.09893645, 0.3313121, 1
0.6570901, 0.09950504, 0.7491909, 1
0.6967066, 0.1034939, 0.3201163, 1
0.8067456, 0.1057662, 0.3662304, 1
0.2028781, 0.09542148, 0.789905, 1
0.5327798, 0.1010757, 0.1984601, 1
0.7026681, 0.1086504, 0.578522, 1
0.5204028, 0.1056288, 0.2154217, 1
0.7664413, 0.1003694, 0.6484067, 1
0.5269342, 0.108176, 0.1593012, 1
0.371025, 0.1040172, 0.3011451, 1
0.5661044, 0.09312882, 0.5305487, 1
0.3286206, 0.1231303, 0.8282932, 1
0.5008852, 0.104127, 0.4029417, 1
0.6213439, 0.1038119, 0.7629377, 1
0.3540541, 0.09612815, 0.5664477, 1
0.5818641, 0.09489943, 0.2112237, 1
0.7841361, 0.1092807, 0.2106465, 1
0.4574617, 0.09377331, 0.4948423, 1
0.5143895, 0.1049979, 0.4937353, 1
0.5710701, 0.1012382, 0.5534005, 1
0.7780995, 0.1290952, 0.8053821, 1
0.126688, 0.1444618, 0.5300103, 1
0.2777076, 0.09792782, 0.351709, 1
0.8327947, 0.1202682, 0.692753, 1
0.6657113, 0.09907813, 0.6119238, 1
0.3236717, 0.1065117, 0.2735159, 1
0.6066285, 0.09554791, 0.4092394, 1
0.8746076, 0.1271744, 0.2956977, 1
0.5049142, 0.09153204, 0.7230362, 1
0.4480169, 0.1389686, 0.8589452, 1
0.1973772, 0.1036802, 0.5803866, 1
0.7941417, 0.1041018, 0.3171472, 1
0.3533032, 0.1070983, 0.1403341, 1
0.8669393, 0.1172578, 0.2463562, 1
0.2660818, 0.1012016, 0.7781474, 1
0.5868827, 0.1636854, 0.8535816, 1
0.5875484, 0.1098524, 0.6759957, 1
0.401344, 0.143948, 0.8357001, 1
0.8018125, 0.09498061, 0.4653816, 1
0.5663531, 0.09234508, 0.3004281, 1
0.3315206, 0.1047331, 0.2433424, 1
0.6013643, 0.09583101, 0.6774063, 1
0.1731277, 0.1127469, 0.6477565, 1
0.3194195, 0.1055863, 0.1750737, 1
0.493552, 0.1037407, 0.4771995, 1
0.8593116, 0.1155537, 0.7078243, 1
0.5599464, 0.09938027, 0.6910895, 1
0.3855399, 0.1027116, 0.3641329, 1
0.5860306, 0.09723495, 0.6711453, 1
0.3618991, 0.121175, 0.8093263, 1
0.3515372, 0.09293674, 0.5509877, 1
0.6504243, 0.09063475, 0.3328533, 1
0.6675493, 0.09413154, 0.7575251, 1
0.8286991, 0.10823, 0.7313047, 1
0.6123107, 0.1072222, 0.6251922, 1
0.4763655, 0.1055683, 0.81204, 1
0.1214797, 0.1077116, 0.3483424, 1
0.7471495, 0.1052623, 0.628907, 1
0.3456548, 0.1014829, 0.7279812, 1
0.5551212, 0.09282008, 0.6942995, 1
0.4469969, 0.105996, 0.3358135, 1
0.7287829, 0.1104783, 0.2990082, 1
0.5053721, 0.1193634, 0.1053396, 1
0.5590813, 0.1097755, 0.105008, 1
0.4434735, 0.2171279, 0.8609273, 1
0.5172004, 0.1078574, 0.7009192, 1
0.1873723, 0.1052061, 0.3576566, 1
0.3033316, 0.09263705, 0.3412181, 1
0.09505392, 0.1322195, 0.5733274, 1
0.5994594, 0.09166422, 0.3362646, 1
0.6178494, 0.1026657, 0.4321453, 1
0.6676806, 0.1334256, 0.8040389, 1
0.8357217, 0.1266836, 0.7985311, 1
0.7883536, 0.1143824, 0.7304712, 1
0.4558985, 0.1071847, 0.6089749, 1
0.2556217, 0.09972236, 0.4318316, 1
0.7593442, 0.1182371, 0.2170994, 1
0.6715542, 0.1551941, 0.8840436, 1
0.4042196, 0.1088561, 0.1420652, 1
0.5958914, 0.09408838, 0.3194836, 1
0.8831515, 0.180695, 0.5261259, 1
0.7375451, 0.09580973, 0.4532208, 1
0.1950338, 0.1008179, 0.4963977, 1
0.4975852, 0.1109773, 0.7418613, 1
0.3790326, 0.09096894, 0.6482768, 1
0.4924396, 0.1787243, 0.889489, 1
0.8633655, 0.1050302, 0.2447706, 1
0.3920182, 0.1106572, 0.5471877, 1
0.6224682, 0.1080478, 0.5984834, 1
0.5158346, 0.09386056, 0.66343, 1
0.6919611, 0.09110778, 0.5696777, 1
0.7877169, 0.1172695, 0.2349249, 1
0.226851, 0.1189673, 0.7033035, 1
0.4434714, 0.104728, 0.778677, 1
0.2942426, 0.0939867, 0.6214292, 1
0.4859459, 0.1045154, 0.6622633, 1
0.7939657, 0.1040059, 0.2895362, 1
0.4325622, 0.09301091, 0.6068963, 1
0.671687, 0.08713464, 0.2164951, 1
0.6545708, 0.1040764, 0.7288607, 1
0.1172908, 0.101049, 0.3120541, 1
0.4321366, 0.09780174, 0.3912566, 1
0.5472563, 0.09889226, 0.1750174, 1
0.4444164, 0.1000101, 0.6788188, 1
0.3801614, 0.1025413, 0.6592629, 1
0.4055232, 0.09324939, 0.6174468, 1
0.7468321, 0.1577456, 0.8566368, 1
0.6674016, 0.1128472, 0.7003663, 1
0.8905662, 0.1396511, 0.5279384, 1
0.1707689, 0.1220611, 0.4735496, 1
0.4195287, 0.1209031, 0.1347765, 1
0.6028155, 0.1077647, 0.2352367, 1
0.58105, 0.137912, 0.8598428, 1
0.6681969, 0.09379616, 0.5295428, 1
0.5178059, 0.09560248, 0.7366738, 1
0.5940844, 0.1319491, 0.8463033, 1
0.5620853, 0.09972548, 0.1603281, 1
0.2555723, 0.1138588, 0.7341987, 1
0.3085116, 0.1033579, 0.6966673, 1
0.3105745, 0.08364252, 0.1679627, 1
0.6259123, 0.1081841, 0.3755978, 1
0.5119091, 0.0906362, 0.3710918, 1
0.6211768, 0.1098873, 0.1643706, 1
0.7140641, 0.1131085, 0.7264003, 1
0.09123165, 0.1392674, 0.5497305, 1
0.120886, 0.1125009, 0.5547742, 1
0.2005648, 0.09786451, 0.7907472, 1
0.6897683, 0.111064, 0.253115, 1
0.1129483, 0.1216945, 0.6876549, 1
0.1839385, 0.1248677, 0.6955402, 1
0.448426, 0.1020431, 0.1787568, 1
0.3522968, 0.1023948, 0.7224464, 1
0.2520701, 0.112572, 0.2935909, 1
0.5882881, 0.0974368, 0.4444456, 1
0.5355861, 0.2066434, 0.874857, 1
0.3272602, 0.1377314, 0.8465738, 1
0.2344108, 0.1005388, 0.7772514, 1
0.4519165, 0.09250957, 0.6362759, 1
0.6107683, 0.1026972, 0.7997333, 1
0.5958422, 0.1041975, 0.7147096, 1
0.6967703, 0.1030539, 0.5863782, 1
0.8392831, 0.1016091, 0.7576504, 1
0.4025894, 0.1111329, 0.3247925, 1
0.1497911, 0.1223707, 0.5069156, 1
0.7885133, 0.105282, 0.5434516, 1
0.444204, 0.0923128, 0.2282318, 1
0.757515, 0.09689544, 0.7191764, 1
0.2919048, 0.1526926, 0.8666753, 1
0.5852776, 0.1659816, 0.8653995, 1
0.3122173, 0.09896403, 0.2236713, 1
0.1331214, 0.1031211, 0.373272, 1
0.3589481, 0.1194901, 0.7958249, 1
0.7479578, 0.1305242, 0.8163475, 1
0.1192657, 0.1372089, 0.7145063, 1
0.7115914, 0.09966695, 0.7715654, 1
0.5920646, 0.1520894, 0.8569234, 1
0.4615967, 0.1064682, 0.7267355, 1
0.3380592, 0.1032358, 0.3329443, 1
0.597789, 0.1075961, 0.228053, 1
0.5894162, 0.09449612, 0.4732425, 1
0.146886, 0.1443625, 0.71869, 1
0.1399129, 0.1067271, 0.5984927, 1
0.320189, 0.09540745, 0.5388391, 1
0.8147092, 0.1265965, 0.63657, 1
0.6717432, 0.116578, 0.238464, 1
0.5214386, 0.1082096, 0.1053994, 1
0.4582562, 0.09770783, 0.5183992, 1
0.4392277, 0.1096886, 0.7170287, 1
0.2804908, 0.1105831, 0.4194605, 1
0.5941507, 0.1103017, 0.3372935, 1
0.7527189, 0.1318186, 0.8079922, 1
0.8694647, 0.1294468, 0.5689023, 1
0.1890931, 0.1405027, 0.2822192, 1
0.2612229, 0.09435485, 0.5674908, 1
0.5676856, 0.130309, 0.8628393, 1
0.8256929, 0.1198508, 0.7016284, 1
0.785301, 0.09765235, 0.4452204, 1
0.5449784, 0.09771963, 0.1609816, 1
0.7940491, 0.1128486, 0.7931869, 1
0.492453, 0.1632087, 0.8648609, 1
0.1165109, 0.1191727, 0.5906341, 1
0.8129469, 0.09393486, 0.3892283, 1
0.6146657, 0.1041951, 0.09416545, 1
0.588322, 0.1666015, 0.8632885, 1
0.5782375, 0.09312679, 0.6859413, 1
0.2830884, 0.1255857, 0.8147616, 1
0.2872454, 0.1054164, 0.7637054, 1
0.1856931, 0.1299493, 0.7279151, 1
0.7332612, 0.09807188, 0.5948671, 1
0.778335, 0.1207109, 0.7919568, 1
0.4199189, 0.09461502, 0.4471976, 1
0.3494648, 0.1014539, 0.675078, 1
0.822589, 0.1006866, 0.5416689, 1
0.4076812, 0.1045186, 0.3429451, 1
0.1399075, 0.1136017, 0.6792597, 1
0.8897176, 0.1555042, 0.5265144, 1
0.8368931, 0.1021594, 0.5642421, 1
0.3261763, 0.1020896, 0.2777574, 1
0.524415, 0.1048172, 0.6872118, 1
0.3374028, 0.09534035, 0.5744067, 1
0.3084154, 0.1056846, 0.5004632, 1
0.5197903, 0.1056394, 0.4023539, 1
0.635531, 0.1022113, 0.7159078, 1
0.3898563, 0.1856512, 0.8336097, 1
0.5871496, 0.09507331, 0.08423262, 1
0.6976081, 0.09988894, 0.773953, 1
0.3181908, 0.09546726, 0.3377325, 1
0.2076228, 0.1204368, 0.2810363, 1
0.6817597, 0.1011314, 0.2835341, 1
0.3859479, 0.0929151, 0.5161299, 1
0.6760024, 0.12542, 0.8320903, 1
0.8459395, 0.1020701, 0.4341479, 1
0.3645616, 0.1912627, 0.8386711, 1
0.6570417, 0.1029987, 0.6586336, 1
0.3151743, 0.09789252, 0.6645971, 1
0.3704824, 0.1453454, 0.829854, 1
0.4047783, 0.1101179, 0.280992, 1
0.5536205, 0.09689096, 0.7453746, 1
0.552481, 0.1075914, 0.5411712, 1
0.7256455, 0.09341045, 0.4644967, 1
0.346344, 0.1104729, 0.1492119, 1
0.8650008, 0.1043563, 0.3263155, 1
0.4768566, 0.167268, 0.8645333, 1
0.7315177, 0.11566, 0.7484584, 1
0.309773, 0.09720276, 0.6306851, 1
0.1444326, 0.1199866, 0.3915497, 1
0.5243995, 0.1131204, 0.1478973, 1
0.8907887, 0.1476174, 0.5425025, 1
0.8889556, 0.1790001, 0.4796238, 1
0.1267724, 0.09606089, 0.5906751, 1
0.8069537, 0.09855405, 0.2134736, 1
0.3346237, 0.09542672, 0.2001719, 1
0.4596295, 0.09307964, 0.7727787, 1
0.8138571, 0.09798612, 0.7545367, 1
0.8638995, 0.1198841, 0.7461903, 1
0.7395108, 0.09637991, 0.6915046, 1
0.4356402, 0.09856293, 0.1492428, 1
0.4517376, 0.09114964, 0.4129325, 1
0.692024, 0.1118978, 0.7043154, 1
0.8364278, 0.1104345, 0.2490507, 1
0.7809335, 0.1173001, 0.7680168, 1
0.8161248, 0.09780355, 0.2992869, 1
0.6495677, 0.1139608, 0.1903676, 1
0.2985899, 0.1101028, 0.4648321, 1
0.6264787, 0.09579095, 0.499186, 1
0.2522551, 0.1044794, 0.7880145, 1
0.8224207, 0.1123357, 0.4113224, 1
0.3741802, 0.1587261, 0.8283048, 1
0.7867095, 0.1074569, 0.1988252, 1
0.2990427, 0.1046853, 0.7547458, 1
0.7064986, 0.09504253, 0.6371249, 1
0.186669, 0.1351868, 0.7112055, 1
0.7758141, 0.1094275, 0.5310146, 1
0.7536886, 0.09723018, 0.6808157, 1
0.14276, 0.1347924, 0.7366161, 1
0.7485846, 0.1006181, 0.1947514, 1
0.8226585, 0.09683242, 0.7157571, 1
0.4922356, 0.1059952, 0.6642616, 1
0.8308334, 0.1058724, 0.504362, 1
0.5304027, 0.09382719, 0.3306901, 1
0.2144794, 0.1070908, 0.3097121, 1
0.7732652, 0.1003709, 0.2124009, 1
0.7481316, 0.09432409, 0.3213348, 1
0.1442767, 0.130821, 0.4460779, 1
0.6618328, 0.1277055, 0.8767259, 1
0.6524706, 0.09674387, 0.3645427, 1
0.6360848, 0.1205703, 0.8413194, 1
0.1591187, 0.1103235, 0.3196197, 1
0.2692822, 0.1089451, 0.2421754, 1
0.8652122, 0.1260102, 0.615752, 1
0.3698985, 0.0986671, 0.2702693, 1
0.4450109, 0.1772985, 0.8791429, 1
0.5489082, 0.1087665, 0.7997127, 1
0.8563001, 0.1596611, 0.306714, 1
0.5173833, 0.1022705, 0.3391851, 1
0.4902499, 0.09761493, 0.2453105, 1
0.6219081, 0.1507325, 0.8491991, 1
0.736164, 0.1104019, 0.7764105, 1
0.2387231, 0.0995694, 0.5762482, 1
0.2301867, 0.1099901, 0.2670866, 1
0.465585, 0.1091443, 0.2124234, 1
0.3207328, 0.09545554, 0.4668748, 1
0.6193529, 0.09111229, 0.5791677, 1
0.2633838, 0.1133137, 0.2432457, 1
0.6697372, 0.09799104, 0.6771336, 1
0.3740379, 0.1001628, 0.2106111, 1
0.4282791, 0.1025417, 0.7981178, 1
0.1551752, 0.1289114, 0.4691322, 1
0.253008, 0.1487153, 0.8582254, 1
0.8483499, 0.1151422, 0.6007006, 1
0.2097699, 0.1263661, 0.8115158, 1
0.3380035, 0.1137818, 0.1604808, 1
0.8846509, 0.167765, 0.527725, 1
0.8669505, 0.1551102, 0.3183079, 1
0.2571903, 0.1101579, 0.2749085, 1
0.3691541, 0.09331614, 0.6767932, 1
0.1608192, 0.1023738, 0.3518611, 1
0.4935711, 0.09763454, 0.6680244, 1
0.8704833, 0.1455537, 0.4413932, 1
0.371637, 0.1038983, 0.7568282, 1
0.1990461, 0.1172187, 0.8075898, 1
0.7259931, 0.1135622, 0.7591326, 1
0.8628817, 0.1387173, 0.6274288, 1
0.4694729, 0.1097301, 0.6265689, 1
0.4445844, 0.1035565, 0.7503783, 1
0.1549332, 0.1230212, 0.7268574, 1
0.536539, 0.09524168, 0.4864381, 1
0.2163368, 0.118177, 0.2804892, 1
0.6559606, 0.1113536, 0.7512968, 1
0.8498357, 0.1037328, 0.5343322, 1
0.2448215, 0.1052841, 0.6751199, 1
0.5793205, 0.1130111, 0.845448, 1
0.2995843, 0.08123963, 0.2015536, 1
0.3795471, 0.103814, 0.321736, 1
0.2978571, 0.1330115, 0.8421192, 1
0.6238084, 0.09892332, 0.6968614, 1
0.7286775, 0.1030819, 0.3886117, 1
0.1529918, 0.117739, 0.4313146, 1
0.2445953, 0.1098247, 0.6019716, 1
0.6290112, 0.1302491, 0.8428543, 1
0.1283685, 0.1019047, 0.625415, 1
0.7632191, 0.1071624, 0.4742423, 1
0.7158655, 0.09708027, 0.4929053, 1
0.5241495, 0.1104482, 0.2218488, 1
0.3014577, 0.1039862, 0.2881298, 1
0.1046432, 0.1052137, 0.3420758, 1
0.2295771, 0.1081281, 0.2895152, 1
0.7766674, 0.1154259, 0.7089007, 1
0.2606975, 0.1101388, 0.5313369, 1
0.6328303, 0.1226716, 0.8428358, 1
0.5723405, 0.09167901, 0.6278551, 1
0.379888, 0.1119589, 0.3133828, 1
0.8680283, 0.09804342, 0.6937555, 1
0.45177, 0.09337198, 0.7586712, 1
0.7787789, 0.1108592, 0.6987313, 1
0.3540285, 0.1740818, 0.8338245, 1
0.2382032, 0.1211226, 0.2826656, 1
0.3863311, 0.1033337, 0.6678456, 1
0.7236795, 0.1166252, 0.2858782, 1
0.4325978, 0.1064357, 0.4499969, 1
0.1913411, 0.1329377, 0.7263049, 1
0.2057666, 0.09648938, 0.3876198, 1
0.6021997, 0.09434996, 0.6974295, 1
0.8627562, 0.1089444, 0.4396639, 1
0.6111925, 0.1044314, 0.4054756, 1
0.6396361, 0.1208873, 0.1460869, 1
0.1302482, 0.1282718, 0.5478075, 1
0.8023592, 0.1169096, 0.6289848, 1
0.3681404, 0.1277339, 0.8298796, 1
0.8237528, 0.1072688, 0.5582386, 1
0.5736437, 0.09830536, 0.4356181, 1
0.3729073, 0.1268794, 0.8035644, 1
0.667464, 0.1462643, 0.8862331, 1
0.8960737, 0.1622946, 0.4599914, 1
0.4720818, 0.1068361, 0.6483452, 1
0.4616872, 0.1174139, 0.8509806, 1
0.1252376, 0.1269428, 0.4231387, 1
0.4214404, 0.09789625, 0.4941256, 1
0.2687433, 0.09502161, 0.7364613, 1
0.8336576, 0.1181211, 0.6032508, 1
0.6794431, 0.115441, 0.7951192, 1
0.2261494, 0.1344691, 0.7338684, 1
0.660078, 0.1053267, 0.4616962, 1
0.5536566, 0.1005277, 0.160272, 1
0.8370673, 0.125554, 0.6396939, 1
0.1689269, 0.1196536, 0.4724425, 1
0.2364796, 0.1028385, 0.6170343, 1
0.8102862, 0.1021779, 0.559265, 1
0.2780672, 0.1184747, 0.8150814, 1
0.2791837, 0.1117263, 0.769819, 1
0.8455024, 0.1419771, 0.6197953, 1
0.5113378, 0.1987416, 0.8831308, 1
0.5200327, 0.1068767, 0.6630332, 1
0.7661809, 0.09701433, 0.4015895, 1
0.2044152, 0.1062819, 0.6061977, 1
0.3346121, 0.1621223, 0.8554749, 1
0.79292, 0.1024953, 0.3269518, 1
0.7156655, 0.123047, 0.2506693, 1
0.2619698, 0.09932691, 0.5402376, 1
0.4046039, 0.1072238, 0.6567824, 1
0.7063814, 0.1163133, 0.7468231, 1
0.3076662, 0.1636348, 0.8737705, 1
0.5627044, 0.09624269, 0.7049629, 1
0.4603514, 0.09815042, 0.2333787, 1
0.5722849, 0.1410153, 0.8611832, 1
0.7295814, 0.09863684, 0.2094675, 1
0.3776637, 0.1119362, 0.2495854, 1
0.5384284, 0.1079949, 0.2101453, 1
0.5753084, 0.09647921, 0.3072852, 1
0.8495054, 0.1345608, 0.4324849, 1
0.8276516, 0.1207301, 0.6518018, 1
0.6494735, 0.1066878, 0.7754012, 1
0.6380661, 0.09341127, 0.4883164, 1
0.775645, 0.1098673, 0.3037971, 1
0.657218, 0.1333928, 0.8357713, 1
0.3862405, 0.1048342, 0.3706781, 1
0.1704068, 0.1120813, 0.3705961, 1
0.5007869, 0.1012379, 0.1924794, 1
0.8067501, 0.09316443, 0.2980821, 1
0.3812348, 0.089997, 0.454015, 1
0.8116524, 0.1428817, 0.3849742, 1
0.648245, 0.1013053, 0.7904898, 1
0.3183798, 0.09455829, 0.5362285, 1
0.2730861, 0.1039336, 0.6087386, 1
0.4420221, 0.1021771, 0.3366233, 1
0.552049, 0.1010117, 0.444608, 1
0.09395559, 0.1397859, 0.5746057, 1
0.1652829, 0.1038044, 0.3790555, 1
0.54719, 0.1974654, 0.890072, 1
0.3519158, 0.1099868, 0.4172324, 1
0.5062544, 0.1100318, 0.8070085, 1
0.5561336, 0.09452888, 0.4508348, 1
0.3264375, 0.1007576, 0.7898183, 1
0.6436964, 0.1246196, 0.1440198, 1
0.2813134, 0.1113233, 0.7382587, 1
0.2891652, 0.09592041, 0.2845547, 1
0.3590629, 0.0983616, 0.1989393, 1
0.399923, 0.1882119, 0.823912, 1
0.4645107, 0.1087372, 0.7065931, 1
0.146725, 0.1366592, 0.4853105, 1
0.8190576, 0.09217197, 0.2133542, 1
0.7974017, 0.1174981, 0.6349946, 1
0.8900675, 0.1699617, 0.4901399, 1
0.7530091, 0.1460542, 0.8495765, 1
0.442917, 0.0968802, 0.6554317, 1
0.2239431, 0.1069335, 0.7810515, 1
0.2244043, 0.121282, 0.8062231, 1
0.5804743, 0.1074376, 0.5376315, 1
0.2511052, 0.1274459, 0.8361835, 1
0.3632992, 0.1119614, 0.3964404, 1
0.8675234, 0.1203512, 0.5342596, 1
0.4698586, 0.1027475, 0.8024031, 1
0.2402351, 0.09830483, 0.4928467, 1
0.3303232, 0.1083483, 0.6976758, 1
0.6938125, 0.09860839, 0.3124725, 1
0.3503605, 0.1087547, 0.2164425, 1
0.3354395, 0.0996288, 0.7279741, 1
0.8562325, 0.1038641, 0.4873784, 1
0.4464006, 0.1675962, 0.8750433, 1
0.1437847, 0.1487415, 0.4760623, 1
0.8661201, 0.09811778, 0.6936231, 1
0.4965402, 0.09670849, 0.8088425, 1
0.1241223, 0.1085931, 0.5667747, 1
0.6111827, 0.0933118, 0.6515135, 1
0.1550929, 0.09811443, 0.3352219, 1
0.5306998, 0.09178226, 0.7207893, 1
0.6595184, 0.1035645, 0.5673731, 1
0.7973769, 0.1288568, 0.3459414, 1
0.526924, 0.09672258, 0.620949, 1
0.7367836, 0.1047425, 0.6982996, 1
0.5087499, 0.1212115, 0.1408862, 1
0.5462738, 0.09382291, 0.152711, 1
0.8757675, 0.1469409, 0.3221501, 1
0.5980131, 0.09080775, 0.3461182, 1
0.6669322, 0.1021233, 0.4143375, 1
0.2315466, 0.1225246, 0.7141671, 1
0.8191859, 0.09556685, 0.2383051, 1
0.6178259, 0.09635999, 0.2519371, 1
0.4501963, 0.0997706, 0.4874507, 1
0.859129, 0.1104186, 0.5253243, 1
0.2823574, 0.1086597, 0.8158655, 1
0.5194573, 0.09575025, 0.1615387, 1
0.5325, 0.0963589, 0.6485462, 1
0.5802866, 0.1021152, 0.7276375, 1
0.5101237, 0.1157504, 0.08559253, 1
0.574967, 0.09161439, 0.5749278, 1
0.09530514, 0.1276554, 0.3736097, 1
0.2034836, 0.112228, 0.3595279, 1
0.6931738, 0.1059198, 0.5593197, 1
0.4018019, 0.1058602, 0.640905, 1
0.700772, 0.09528281, 0.6322588, 1
0.5840967, 0.09312592, 0.8024741, 1
0.6487674, 0.09802803, 0.4917997, 1
0.5768569, 0.09324002, 0.4383343, 1
0.4655052, 0.09773456, 0.3234109, 1
0.7232034, 0.1030401, 0.2986177, 1
0.6825032, 0.106023, 0.4381446, 1
0.3802418, 0.1030923, 0.1235252, 1
0.2118936, 0.09402186, 0.499013, 1
0.6306274, 0.1076379, 0.2519936, 1
0.8358793, 0.1171529, 0.584192, 1
0.717527, 0.1101534, 0.650938, 1
0.565707, 0.09886903, 0.1845143, 1
0.2441819, 0.1379708, 0.7480213, 1
0.5497366, 0.1047254, 0.1215956, 1
0.3102295, 0.1241014, 0.8049492, 1
0.5248062, 0.09367126, 0.1815659, 1
0.2971571, 0.1037804, 0.3885154, 1
0.3618183, 0.1047948, 0.7757201, 1
0.6109597, 0.1058836, 0.7471586, 1
0.2380202, 0.1153217, 0.292307, 1
0.3985497, 0.1098264, 0.6104006, 1
0.5402963, 0.1087242, 0.6887527, 1
0.3206768, 0.1011501, 0.5780188, 1
0.4758797, 0.1102889, 0.6643074, 1
0.2704921, 0.09599809, 0.5539473, 1
0.8065848, 0.1137457, 0.5664974, 1
0.7341879, 0.1701039, 0.8417026, 1
0.7095979, 0.1111426, 0.7006024, 1
0.5427525, 0.169165, 0.8836179, 1
0.8469222, 0.1040039, 0.3218089, 1
0.7579805, 0.1029843, 0.2607585, 1
0.3993133, 0.1033446, 0.2969761, 1
0.4568613, 0.1266935, 0.8477214, 1
0.2549741, 0.09723412, 0.3480204, 1
0.4754035, 0.09446581, 0.7039185, 1
0.5452637, 0.1071264, 0.5524454, 1
0.8144079, 0.1283493, 0.8290678, 1
0.5638946, 0.09405288, 0.7529361, 1
0.7598574, 0.1120998, 0.2235454, 1
0.6005819, 0.09487256, 0.535138, 1
0.6257955, 0.1142506, 0.1330304, 1
0.3214847, 0.09444466, 0.7136585, 1
0.7700531, 0.09884466, 0.5173842, 1
0.6352325, 0.106815, 0.5258904, 1
0.5429364, 0.09701937, 0.4791033, 1
0.1970079, 0.133256, 0.2832677, 1
0.5669872, 0.09630728, 0.2976868, 1
0.3470064, 0.09830394, 0.151941, 1
0.1165395, 0.1209389, 0.543465, 1
0.3684256, 0.09882845, 0.2860915, 1
0.2836486, 0.1020373, 0.737413, 1
0.4823147, 0.09756964, 0.5776168, 1
0.6051424, 0.1064974, 0.4048207, 1
0.611826, 0.1089643, 0.7072028, 1
0.3355099, 0.09913246, 0.5181025, 1
0.7160555, 0.1141257, 0.2797086, 1
0.2657395, 0.1039313, 0.2725343, 1
0.7952015, 0.1012153, 0.4947197, 1
0.6421159, 0.1068154, 0.5617712, 1
0.4325005, 0.09037026, 0.4240821, 1
0.3442017, 0.09811897, 0.1552996, 1
0.1696389, 0.1205651, 0.2821793, 1
0.6162035, 0.09670712, 0.3743682, 1
0.7349828, 0.09915352, 0.3636599, 1
0.3843373, 0.1055395, 0.6402192, 1
0.5930684, 0.1023797, 0.6947559, 1
0.3711354, 0.09991302, 0.2731495, 1
0.117251, 0.1415139, 0.4070018, 1
0.4570593, 0.08979287, 0.1969935, 1
0.1824653, 0.1150652, 0.3228288, 1
0.6572814, 0.1085088, 0.7436998, 1
0.4672379, 0.1051523, 0.7850546, 1
0.655811, 0.1025966, 0.2121124, 1
0.8661772, 0.1197584, 0.6985465, 1
0.5281783, 0.09363247, 0.2847413, 1
0.4239622, 0.08710179, 0.1749267, 1
0.6660962, 0.1070518, 0.4154635, 1
0.4690138, 0.1267054, 0.1763863, 1
0.470461, 0.101806, 0.559009, 1
0.4145786, 0.1077518, 0.2785079, 1
0.6172053, 0.1090503, 0.6495342, 1
0.8201566, 0.1098154, 0.722675, 1
0.3034486, 0.09928434, 0.6736552, 1
0.4322345, 0.1091887, 0.2789123, 1
0.4981851, 0.09347517, 0.6509413, 1
0.5612364, 0.09465636, 0.267284, 1
0.3620397, 0.09813958, 0.6965824, 1
0.3146588, 0.1077207, 0.4381137, 1
0.7279323, 0.1101504, 0.182034, 1
0.7903011, 0.09844361, 0.317063, 1
0.8562914, 0.1082328, 0.3470843, 1
0.4837181, 0.133218, 0.1422165, 1
0.4634318, 0.0924011, 0.3999584, 1
0.5154935, 0.1047286, 0.1325751, 1
0.7878194, 0.1306953, 0.3494406, 1
0.8857065, 0.1126864, 0.7238516, 1
0.6752214, 0.1117504, 0.455954, 1
0.5427614, 0.1358662, 0.8624191, 1
0.5581966, 0.09936538, 0.1482931, 1
0.6876469, 0.1377342, 0.7637365, 1
0.288072, 0.1104278, 0.3623328, 1
0.390431, 0.1043652, 0.7033489, 1
0.6702291, 0.1139321, 0.7640013, 1
0.3250729, 0.1102993, 0.17081, 1
0.6533195, 0.09998964, 0.7182403, 1
0.4824894, 0.1014712, 0.4161407, 1
0.5258192, 0.1074245, 0.7098998, 1
0.8584465, 0.1200289, 0.4311868, 1
0.2362637, 0.1165678, 0.6968387, 1
0.2642902, 0.1047769, 0.5957462, 1
0.4728779, 0.115063, 0.1671896, 1
0.515647, 0.1034101, 0.2621938, 1
0.56042, 0.09690855, 0.1586463, 1
0.8465428, 0.1140299, 0.5842366, 1
0.4812239, 0.1203843, 0.8282942, 1
0.570382, 0.104889, 0.3569693, 1
0.7467527, 0.1037527, 0.7691251, 1
0.7142206, 0.1187397, 0.2584974, 1
0.09939782, 0.115962, 0.3446853, 1
0.7616865, 0.0935471, 0.3320984, 1
0.2949945, 0.1060642, 0.4450623, 1
0.5349839, 0.1018535, 0.7516807, 1
0.3004144, 0.09488468, 0.1980331, 1
0.1180389, 0.1202107, 0.5875041, 1
0.3331725, 0.1464334, 0.848927, 1
0.5632441, 0.102435, 0.6570485, 1
0.2447786, 0.1396842, 0.8302992, 1
0.4983877, 0.1193517, 0.1778984, 1
0.8338535, 0.1411384, 0.3281921, 1
0.1729301, 0.127102, 0.7276086, 1
0.2381251, 0.1015017, 0.5950366, 1
0.5439125, 0.09653988, 0.5436984, 1
0.4661693, 0.1337561, 0.8425495, 1
0.4272016, 0.09671031, 0.2688129, 1
0.5826685, 0.09967055, 0.4555244, 1
0.6185004, 0.104128, 0.3199036, 1
0.1394859, 0.1509743, 0.5119408, 1
0.467715, 0.1019799, 0.482479, 1
0.7818204, 0.1005268, 0.4465364, 1
0.5743455, 0.0975925, 0.4222069, 1
0.3220873, 0.1391623, 0.8325786, 1
0.3932602, 0.0915921, 0.1084446, 1
0.30657, 0.1067268, 0.5146666, 1
0.6643732, 0.1000515, 0.3176772, 1
0.1783758, 0.09696497, 0.3343826, 1
0.2399177, 0.1051566, 0.563081, 1
0.3095091, 0.1087097, 0.4092135, 1
0.4914619, 0.1271127, 0.0899042, 1
0.1229086, 0.1490565, 0.4295189, 1
0.3253088, 0.1085122, 0.2830344, 1
0.3250009, 0.1115566, 0.2260477, 1
0.6668472, 0.1346412, 0.814117, 1
0.4797676, 0.09181728, 0.6539585, 1
0.5636373, 0.1824253, 0.8732051, 1
0.7161468, 0.09880444, 0.4851845, 1
0.7631981, 0.1003795, 0.7396679, 1
0.5381172, 0.09179225, 0.3534683, 1
0.2963264, 0.1031052, 0.2022668, 1
0.64815, 0.1177434, 0.8531452, 1
0.4282676, 0.1113858, 0.796405, 1
0.5198675, 0.09660213, 0.7185811, 1
0.4251864, 0.1019457, 0.2711766, 1
0.2560908, 0.1024453, 0.5571318, 1
0.2506567, 0.1029549, 0.2690869, 1
0.4681532, 0.1023379, 0.5297989, 1
0.8856261, 0.1149503, 0.720782, 1
0.8911498, 0.1543524, 0.5453498, 1
0.6882463, 0.1014863, 0.3545991, 1
0.1058637, 0.1237354, 0.4061916, 1
0.446368, 0.1065451, 0.5077367, 1
0.2981003, 0.09954849, 0.4932564, 1
0.6025727, 0.1097022, 0.7414292, 1
0.4740869, 0.1087418, 0.2325469, 1
0.366889, 0.09912921, 0.5542164, 1
0.6582762, 0.1107636, 0.7820392, 1
0.4531154, 0.2248034, 0.8704361, 1
0.4711916, 0.09275876, 0.4813491, 1
0.1801777, 0.1053743, 0.517313, 1
0.6202211, 0.09961756, 0.1774375, 1
0.4223112, 0.09417006, 0.4398353, 1
0.553507, 0.1016619, 0.3113503, 1
0.6868255, 0.09909012, 0.795561, 1
0.6625199, 0.09432975, 0.7705414, 1
0.6783332, 0.1227079, 0.797489, 1
0.4099855, 0.1024171, 0.3596888, 1
0.5706642, 0.09439578, 0.4269085, 1
0.5217127, 0.09072809, 0.3236014, 1
0.2568363, 0.09559239, 0.4029524, 1
0.5422319, 0.1965204, 0.8823969, 1
0.8512883, 0.09694384, 0.7010233, 1
0.8118306, 0.1067007, 0.3695641, 1
0.4261783, 0.1627496, 0.8450928, 1
0.3308377, 0.1133208, 0.1662636, 1
0.5927733, 0.104868, 0.8137526, 1
0.6853216, 0.1040218, 0.4941594, 1
0.1055588, 0.1127083, 0.3529921, 1
0.3631927, 0.107533, 0.2777156, 1
0.3213508, 0.1071715, 0.2288131, 1
0.5981407, 0.09959114, 0.8045477, 1
0.6999748, 0.09675463, 0.4196022, 1
0.4366875, 0.09368967, 0.2838174, 1
0.1065286, 0.1079799, 0.3326677, 1
0.2826937, 0.1112774, 0.2369201, 1
0.2679301, 0.09727181, 0.7605036, 1
0.4046274, 0.1053758, 0.4358117, 1
0.3793635, 0.1065483, 0.7231842, 1
0.615998, 0.1013933, 0.5840503, 1
0.5601982, 0.09113072, 0.470589, 1
0.5343997, 0.1031071, 0.3360851, 1
0.576216, 0.09430235, 0.4686102, 1
0.09423646, 0.145656, 0.5553731, 1
0.5536938, 0.09265309, 0.1338344, 1
0.3162532, 0.1077255, 0.684198, 1
0.490524, 0.1076251, 0.7666966, 1
0.1721748, 0.1125897, 0.3681437, 1
0.1062567, 0.1456734, 0.5701433, 1
0.7275534, 0.1058465, 0.2775181, 1
0.6015267, 0.1034109, 0.8327716, 1
0.8682885, 0.129609, 0.5716537, 1
0.2670519, 0.1109103, 0.4793325, 1
0.380326, 0.09582394, 0.7429978, 1
0.4727613, 0.1352518, 0.8510532, 1
0.5194685, 0.09995717, 0.2968812, 1
0.09362467, 0.1351873, 0.4060654, 1
0.6479743, 0.1076101, 0.602547, 1
0.3293968, 0.1220345, 0.8328677, 1
0.2234258, 0.1027507, 0.3618258, 1
0.5551634, 0.09564515, 0.2402045, 1
0.4350301, 0.1084463, 0.734591, 1
0.09982263, 0.1017164, 0.6066986, 1
0.3367953, 0.1046678, 0.379256, 1
0.2953665, 0.09859806, 0.755601, 1
0.495349, 0.1044111, 0.6962073, 1
0.4617896, 0.1115714, 0.287072, 1
0.7888654, 0.124161, 0.7714576, 1
0.459787, 0.1033755, 0.6962148, 1
0.5770099, 0.1050342, 0.6144146, 1
0.4313471, 0.1039673, 0.3155894, 1
0.3861533, 0.1192684, 0.8212023, 1
0.4388847, 0.102496, 0.4120249, 1
0.6444103, 0.1123392, 0.2778481, 1
0.1314957, 0.1160919, 0.3090696, 1
0.8054962, 0.1335172, 0.8228711, 1
0.84349, 0.1476873, 0.3200898, 1
0.3099245, 0.0947504, 0.1841224, 1
0.4073702, 0.0927794, 0.7517385, 1
0.4995678, 0.09323462, 0.5053414, 1
0.3741854, 0.158734, 0.8435576, 1
0.8401996, 0.09618323, 0.3628783, 1
0.5448937, 0.09342953, 0.5792469, 1
0.2682856, 0.1095605, 0.7140985, 1
0.6798558, 0.1413837, 0.7868648, 1
0.566942, 0.1080348, 0.2027214, 1
0.5041867, 0.1034193, 0.5811892, 1
0.7323354, 0.09942379, 0.6256495, 1
0.6501732, 0.120158, 0.8548884, 1
0.2870304, 0.1035197, 0.3952428, 1
0.376426, 0.09949269, 0.5871243, 1
0.2864559, 0.09776447, 0.4135389, 1
0.7351189, 0.09607542, 0.4851781, 1
0.4261585, 0.09298646, 0.6752567, 1
0.2420532, 0.0951306, 0.3160966, 1
0.3223231, 0.1007525, 0.2679268, 1
0.2251914, 0.09178803, 0.5178325, 1
0.6474738, 0.0965687, 0.4952602, 1
0.7963798, 0.1034622, 0.5461817, 1
0.8787847, 0.1719044, 0.5868385, 1
0.6968292, 0.0939205, 0.6546123, 1
0.889762, 0.1487768, 0.5672498, 1
0.7833313, 0.09785578, 0.3974937, 1
0.8529408, 0.1112212, 0.3351319, 1
0.8368059, 0.1100501, 0.7034833, 1
0.7673622, 0.1014779, 0.3840598, 1
0.6491659, 0.09526417, 0.7486535, 1
0.7472599, 0.1262567, 0.8043688, 1
0.5272896, 0.1776044, 0.8848792, 1
0.4298432, 0.1003345, 0.6017379, 1
0.5125548, 0.09894536, 0.174967, 1
0.6817096, 0.09326741, 0.5914125, 1
0.4580934, 0.09610675, 0.4156565, 1
0.8124025, 0.09630413, 0.6000199, 1
0.4950539, 0.1078051, 0.5996074, 1
0.6131499, 0.1645252, 0.8537799, 1
0.4147156, 0.1033577, 0.2208551, 1
0.8498991, 0.1283286, 0.63944, 1
0.1326372, 0.1500169, 0.442861, 1
0.8510954, 0.1091477, 0.4374514, 1
0.2200599, 0.09409888, 0.4035563, 1
0.4000421, 0.1106031, 0.6518356, 1
0.5599919, 0.1003424, 0.584675, 1
0.7152179, 0.09425572, 0.6136497, 1
0.1432486, 0.1045277, 0.3064845, 1
0.6318843, 0.09268126, 0.1954603, 1
0.6663393, 0.09616689, 0.2187913, 1
0.5109475, 0.09922651, 0.2469081, 1
0.3761837, 0.09868972, 0.5069709, 1
0.5946065, 0.1388044, 0.8497648, 1
0.5140932, 0.1960189, 0.8815274, 1
0.8788117, 0.143346, 0.615213, 1
0.6849529, 0.1064881, 0.7722796, 1
0.3034151, 0.1115495, 0.2963396, 1
0.2649915, 0.1075721, 0.4415692, 1
0.2267429, 0.1125932, 0.376945, 1
0.3369636, 0.1109215, 0.3082851, 1
0.2466179, 0.09491546, 0.4922243, 1
0.8612631, 0.102168, 0.7218372, 1
0.5644588, 0.0954483, 0.7453396, 1
0.5294362, 0.1009985, 0.415097, 1
0.2261931, 0.1479171, 0.8290765, 1
0.5829089, 0.09238262, 0.4148349, 1
0.1998246, 0.09661019, 0.3032789, 1
0.7834068, 0.09709671, 0.3955078, 1
0.2109701, 0.1454777, 0.8351181, 1
0.3560887, 0.09920511, 0.4108797, 1
0.360336, 0.0940146, 0.7675431, 1
0.2334309, 0.1113308, 0.2546852, 1
0.2627752, 0.09755627, 0.2890403, 1
0.7383488, 0.1420861, 0.7857997, 1
0.5617939, 0.1078642, 0.140157, 1
0.7047657, 0.09915717, 0.6053419, 1
0.6513826, 0.1085436, 0.775569, 1
0.5548972, 0.09239626, 0.1010278, 1
0.09200037, 0.1181853, 0.632094, 1
0.4232693, 0.09612039, 0.2200195, 1
0.6606298, 0.09577633, 0.4619855, 1
0.5260643, 0.1155412, 0.8170856, 1
0.4385422, 0.09879285, 0.7541612, 1
0.3658185, 0.1083328, 0.4358134, 1
0.1396641, 0.1106037, 0.3388828, 1
0.4504772, 0.1528594, 0.8746997, 1
0.1802346, 0.1292904, 0.7132978, 1
0.3236174, 0.09945571, 0.7754396, 1
0.7074677, 0.0949037, 0.4022008, 1
0.730912, 0.09542223, 0.297371, 1
0.2754326, 0.1141711, 0.662541, 1
0.3646764, 0.1095695, 0.4819264, 1
0.4027922, 0.09418567, 0.5121514, 1
0.6150007, 0.1065893, 0.5777605, 1
0.3819166, 0.1008011, 0.549453, 1
0.5031307, 0.1030872, 0.5176291, 1
0.3550868, 0.1064597, 0.1561596, 1
0.4952817, 0.1360696, 0.09373831, 1
0.6610515, 0.09392315, 0.3563194, 1
0.3794619, 0.0937468, 0.2489814, 1
0.5460063, 0.108166, 0.1718197, 1
0.6650215, 0.09958148, 0.6796825, 1
0.3657679, 0.102328, 0.4393259, 1
0.6796002, 0.1293682, 0.8691351, 1
0.4703183, 0.1455564, 0.8570436, 1
0.6509216, 0.1253815, 0.1468873, 1
0.3571801, 0.09782701, 0.5291427, 1
0.5209128, 0.1054301, 0.4209686, 1
0.7205053, 0.1106362, 0.7470237, 1
0.526667, 0.1027626, 0.4577456, 1
0.511406, 0.1076583, 0.3905174, 1
0.4295694, 0.09841935, 0.4484963, 1
0.6044458, 0.09613838, 0.5658231, 1
0.5291415, 0.1106178, 0.2725513, 1
0.8662151, 0.09686127, 0.4601387, 1
0.8438766, 0.137202, 0.6713565, 1
0.5988544, 0.1122602, 0.1799987, 1
0.5280402, 0.1238989, 0.8373173, 1
0.4695058, 0.1298374, 0.8474978, 1
0.2141448, 0.09852687, 0.3889313, 1
0.6212897, 0.09576844, 0.6869927, 1
0.1518348, 0.1132578, 0.5721166, 1
0.2902782, 0.104318, 0.270457, 1
0.6538545, 0.09622522, 0.6339059, 1
0.4575761, 0.1925729, 0.8784028, 1
0.7264141, 0.0960462, 0.4005139, 1
0.5145666, 0.1065758, 0.2205712, 1
0.8000654, 0.1079345, 0.4448305, 1
0.2512109, 0.1011867, 0.7221308, 1
0.3935326, 0.1054308, 0.6219357, 1
0.2864363, 0.1050333, 0.488605, 1
0.7974435, 0.1332101, 0.3809568, 1
0.6853743, 0.1151296, 0.7579188, 1
0.7791119, 0.1046206, 0.298473, 1
0.774381, 0.1155419, 0.7128146, 1
0.3227515, 0.133286, 0.8425361, 1
0.588497, 0.09700026, 0.3168298, 1
0.3364453, 0.116462, 0.1629608, 1
0.3700829, 0.1119548, 0.3150072, 1
0.6344197, 0.1050483, 0.7621814, 1
0.4029894, 0.09682012, 0.2173122, 1
0.2058835, 0.111162, 0.6471066, 1
0.5861292, 0.1452634, 0.8585282, 1
0.5727176, 0.09071203, 0.1133238, 1
0.3428632, 0.09903226, 0.4180543, 1
0.3228061, 0.1971899, 0.8614416, 1
0.6867509, 0.1050461, 0.526337, 1
0.7284093, 0.1764818, 0.842007, 1
0.7529587, 0.1115531, 0.6349843, 1
0.5220703, 0.2057486, 0.8893234, 1
0.5213158, 0.1023567, 0.5355573, 1
0.2424358, 0.1088865, 0.5672987, 1
0.5180875, 0.1029175, 0.5388038, 1
0.3892806, 0.1073809, 0.6299315, 1
0.8524292, 0.1312799, 0.4366528, 1
0.8111107, 0.09712529, 0.5180851, 1
0.3707372, 0.09150779, 0.5784537, 1
0.2802408, 0.1125254, 0.5303779, 1
0.6233721, 0.0977209, 0.2108776, 1
0.500154, 0.1094079, 0.7922084, 1
0.5166549, 0.09295109, 0.1700113, 1
0.8368398, 0.1080915, 0.2338671, 1
0.7366441, 0.1035104, 0.4045277, 1
0.8291398, 0.1424378, 0.3394097, 1
0.6081397, 0.1610673, 0.8541046, 1
0.6168506, 0.09637826, 0.356248, 1
0.5794538, 0.1073094, 0.7148101, 1
0.2739804, 0.105854, 0.6567002, 1
0.2410912, 0.09950428, 0.3354236, 1
0.2195543, 0.1044561, 0.3243338, 1
0.1362719, 0.1130091, 0.2906146, 1
0.6342746, 0.1092008, 0.3054593, 1
0.233722, 0.1075035, 0.2724041, 1
0.6279255, 0.1041991, 0.70466, 1
0.542598, 0.2169237, 0.8936526, 1
0.3048632, 0.1096017, 0.3321529, 1
0.641358, 0.09414918, 0.6342587, 1
0.4048012, 0.1032026, 0.1038093, 1
0.4620415, 0.09854362, 0.3867531, 1
0.6351411, 0.123358, 0.239904, 1
0.1978867, 0.1146248, 0.3477037, 1
0.5344429, 0.1078309, 0.8000377, 1
0.5702615, 0.1033408, 0.5123791, 1
0.7222439, 0.113281, 0.2679573, 1
0.3141518, 0.103843, 0.5736979, 1
0.1477721, 0.1053079, 0.3256717, 1
0.5045123, 0.09855756, 0.5923326, 1
0.3190855, 0.1018329, 0.7967926, 1
0.3626327, 0.09178278, 0.4948406, 1
0.6470791, 0.09118042, 0.4532519, 1
0.5177388, 0.1065685, 0.6272647, 1
0.2375699, 0.1262932, 0.8220258, 1
0.1890048, 0.1232228, 0.6443377, 1
0.8841084, 0.146671, 0.4625152, 1
0.3922019, 0.1008004, 0.298976, 1
0.2638118, 0.1248662, 0.8256784, 1
0.4345332, 0.1021473, 0.7028528, 1
0.4217034, 0.09947446, 0.7624975, 1
0.3992303, 0.1463243, 0.8357272, 1
0.2389373, 0.1067447, 0.4985197, 1
0.8082502, 0.1011593, 0.5020195, 1
0.3733925, 0.1092642, 0.5901694, 1
0.7163227, 0.1064427, 0.2392496, 1
0.4510672, 0.1714675, 0.8576013, 1
0.8597549, 0.1180643, 0.5739173, 1
0.4855014, 0.1085306, 0.4725702, 1
0.1963148, 0.09533487, 0.7925445, 1
0.4879167, 0.09012007, 0.3916022, 1
0.5315068, 0.09952565, 0.5051292, 1
0.4951269, 0.1289642, 0.1001483, 1
0.3162357, 0.1045452, 0.4020328, 1
0.4462039, 0.09188111, 0.204576, 1
0.5844226, 0.1057554, 0.1550951, 1
0.2408355, 0.1362135, 0.8390017, 1
0.6049547, 0.09970725, 0.763315, 1
0.3746522, 0.1027013, 0.352008, 1
0.3512142, 0.09776195, 0.2609802, 1
0.6827093, 0.1023514, 0.2623709, 1
0.5344752, 0.1059854, 0.6888441, 1
0.8023311, 0.1004847, 0.4936593, 1
0.5045888, 0.0973383, 0.5171522, 1
0.4346405, 0.14945, 0.8510254, 1
0.3213188, 0.1006438, 0.4535838, 1
0.2282015, 0.1041074, 0.7769601, 1
0.1637425, 0.118528, 0.4465383, 1
0.1510349, 0.115713, 0.6257704, 1
0.5431364, 0.09562856, 0.1090656, 1
0.5161425, 0.1039984, 0.8135, 1
0.4233801, 0.09552539, 0.4739562, 1
0.4812034, 0.09323128, 0.4048274, 1
0.7981009, 0.09418759, 0.5485131, 1
0.6015326, 0.09685023, 0.2052947, 1
0.2882767, 0.09578105, 0.64722, 1
0.595082, 0.0931794, 0.2193246, 1
0.6118145, 0.09568871, 0.1229774, 1
0.5306969, 0.1013676, 0.2221218, 1
0.6164851, 0.09591072, 0.6977088, 1
0.7751997, 0.1079301, 0.4099381, 1
0.8807626, 0.1232842, 0.4913975, 1
0.6321688, 0.1056781, 0.5469583, 1
0.3449711, 0.1008085, 0.7866411, 1
0.2261285, 0.09578399, 0.405289, 1
0.5194187, 0.09741767, 0.2534306, 1
0.7895008, 0.0962032, 0.336033, 1
0.7545284, 0.09271145, 0.4668088, 1
0.3801755, 0.09859954, 0.2043646, 1
0.3031779, 0.1822335, 0.8686103, 1
0.6722665, 0.09962088, 0.3549905, 1
0.7377136, 0.1012481, 0.2723439, 1
0.437378, 0.1018646, 0.6253638, 1
0.3422205, 0.09562365, 0.4009604, 1
0.3136964, 0.09487814, 0.547888, 1
0.6802571, 0.1061804, 0.5599503, 1
0.1810247, 0.1091197, 0.4066674, 1
0.8663784, 0.1002339, 0.4943512, 1
0.4912959, 0.09913232, 0.3222434, 1
0.2501909, 0.1406572, 0.7706723, 1
0.7437233, 0.09601256, 0.5928931, 1
0.3214097, 0.0984266, 0.2084629, 1
0.4778495, 0.09298104, 0.2213812, 1
0.4626379, 0.09161791, 0.687363, 1
0.5149548, 0.09971067, 0.6933132, 1
0.683939, 0.1088756, 0.4417838, 1
0.6624918, 0.1369023, 0.8232411, 1
0.255618, 0.09864461, 0.3795221, 1
0.6406294, 0.09979941, 0.8207374, 1
0.2468869, 0.1167381, 0.7780083, 1
0.3358013, 0.1113746, 0.2786178, 1
0.1745552, 0.101742, 0.2965465, 1
0.6810886, 0.1160447, 0.2299437, 1
0.4379452, 0.0935968, 0.755693, 1
0.1549056, 0.1359319, 0.7428795, 1
0.2827687, 0.09373382, 0.3451994, 1
0.3086253, 0.1095288, 0.2850173, 1
0.5984576, 0.08966649, 0.3561248, 1
0.4630981, 0.09516261, 0.4461991, 1
0.4420174, 0.1061574, 0.4576472, 1
0.2683969, 0.09664076, 0.3537669, 1
0.4302451, 0.1206777, 0.152636, 1
0.773518, 0.1001277, 0.4528277, 1
0.4936299, 0.2090093, 0.8923301, 1
0.6332209, 0.12088, 0.2052331, 1
0.6787112, 0.1225702, 0.7923616, 1
0.3397008, 0.09732313, 0.6176104, 1
0.805763, 0.1054542, 0.7157711, 1
0.3050099, 0.09646022, 0.7106896, 1
0.635318, 0.09447469, 0.4330529, 1
0.297088, 0.1054381, 0.2582409, 1
0.7007395, 0.1003822, 0.6959215, 1
0.6288559, 0.1048006, 0.221341, 1
0.832391, 0.1373529, 0.6341159, 1
0.4757871, 0.09883086, 0.3583362, 1
0.8608982, 0.1308735, 0.4450768, 1
0.5750363, 0.09065165, 0.539409, 1
0.617407, 0.1085678, 0.8066938, 1
0.2101934, 0.141897, 0.2855412, 1
0.4066734, 0.1058721, 0.5875782, 1
0.3527313, 0.09799182, 0.4456012, 1
0.5362459, 0.09926406, 0.3217345, 1
0.6381512, 0.1079926, 0.4502505, 1
0.3317816, 0.0960165, 0.6466406, 1
0.327402, 0.1007943, 0.5446532, 1
0.2791083, 0.1080271, 0.223215, 1
0.5061364, 0.1217788, 0.8311359, 1
0.3562516, 0.1931185, 0.8308317, 1
0.3884773, 0.1035949, 0.7983133, 1
0.3373305, 0.1019516, 0.2858734, 1
0.4123797, 0.1007295, 0.423685, 1
0.7748532, 0.1162199, 0.6999629, 1
0.5473974, 0.09636223, 0.5618179, 1
0.1830486, 0.09937171, 0.2810679, 1
0.1538407, 0.1169111, 0.3482164, 1
0.556737, 0.1110685, 0.2773823, 1
0.8736554, 0.1133142, 0.4882439, 1
0.838127, 0.1337204, 0.6333547, 1
0.7925038, 0.1130845, 0.4446099, 1
0.4897982, 0.1034455, 0.6740816, 1
0.3901886, 0.09143793, 0.5740989, 1
0.3551712, 0.101566, 0.3176531, 1
0.6400525, 0.1015151, 0.1957145, 1
0.1378454, 0.1537089, 0.5165982, 1
0.4212301, 0.1309422, 0.840175, 1
0.4821825, 0.1045491, 0.5896587, 1
0.333849, 0.09712785, 0.248501, 1
0.8809255, 0.1423709, 0.4526286, 1
0.6928123, 0.1033265, 0.5321008, 1
0.1591953, 0.09654029, 0.2647499, 1
0.7898503, 0.1010587, 0.5047244, 1
0.8675, 0.1233095, 0.5630407, 1
0.3755253, 0.1325432, 0.8334671, 1
0.2671339, 0.09569158, 0.5905375, 1
0.3105414, 0.1005179, 0.4847781, 1
0.6565906, 0.1112298, 0.7335635, 1
0.5077453, 0.09549485, 0.2528287, 1
0.4865254, 0.1037742, 0.6424919, 1
0.629683, 0.1114075, 0.2514784, 1
0.6003419, 0.1134459, 0.1833325, 1
0.8154192, 0.0954494, 0.6966319, 1
0.4471011, 0.2146771, 0.8701918, 1
0.2249573, 0.1159082, 0.5982685, 1
0.219169, 0.1086802, 0.6396449, 1
0.3150835, 0.09670265, 0.5440148, 1
0.4956006, 0.106491, 0.5084444, 1
0.4252343, 0.1617915, 0.8451449, 1
0.2888304, 0.0997832, 0.6927751, 1
0.2042907, 0.1275293, 0.8173574, 1
0.6593871, 0.1046813, 0.5419257, 1
0.5802103, 0.09776604, 0.3988346, 1
0.3014888, 0.09690318, 0.1964576, 1
0.1452238, 0.143208, 0.488805, 1
0.4471935, 0.1307322, 0.8358125, 1
0.192759, 0.1094038, 0.3027628, 1
0.2908004, 0.1161311, 0.7075754, 1
0.57437, 0.1001978, 0.8276097, 1
0.4359995, 0.09701753, 0.8118625, 1
0.3478276, 0.1062246, 0.4102259, 1
0.4712771, 0.1089184, 0.4905121, 1
0.6399222, 0.1112744, 0.2527505, 1
0.3280604, 0.09352116, 0.3078531, 1
0.8506784, 0.1105195, 0.6832079, 1
0.674145, 0.09773284, 0.4649571, 1
0.8313904, 0.1163333, 0.8005764, 1
0.2250988, 0.09598213, 0.4377492, 1
0.2418549, 0.115543, 0.2541095, 1
0.4786506, 0.1001629, 0.7114454, 1
0.5052281, 0.1048012, 0.7109845, 1
0.5050841, 0.1096268, 0.1075854, 1
0.5196466, 0.198088, 0.8757811, 1
0.5606257, 0.094176, 0.3861339, 1
0.6418996, 0.09962469, 0.3887031, 1
0.4138438, 0.1242094, 0.8182386, 1
0.1139719, 0.1452945, 0.4018023, 1
0.3968332, 0.09285739, 0.6785278, 1
0.4952811, 0.1508584, 0.8548276, 1
0.3434971, 0.1730379, 0.8539716, 1
0.5555358, 0.09416033, 0.5147784, 1
0.4341492, 0.09495725, 0.5371876, 1
0.2181351, 0.1149914, 0.2705109, 1
0.4253862, 0.09883008, 0.2321402, 1
0.707092, 0.111194, 0.7568765, 1
0.4569478, 0.09445786, 0.1900632, 1
0.5499688, 0.09030832, 0.6106737, 1
0.8033298, 0.1153724, 0.7406394, 1
0.6011297, 0.09168161, 0.1394939, 1
0.2576046, 0.1077234, 0.7123029, 1
0.3005096, 0.103759, 0.3524865, 1
0.3258199, 0.09067375, 0.5916243, 1
0.6390997, 0.1032433, 0.3432706, 1
0.7616809, 0.08953087, 0.4147047, 1
0.3302785, 0.09863804, 0.157015, 1
0.4825225, 0.1082234, 0.6616656, 1
0.4847968, 0.1865057, 0.885774, 1
0.8421551, 0.1162518, 0.7584665, 1
0.7746119, 0.1333103, 0.3759228, 1
0.4254655, 0.1041574, 0.7007939, 1
0.1270186, 0.1120347, 0.3895193, 1
0.6016425, 0.1056131, 0.4938345, 1
0.1495187, 0.1301006, 0.7169434, 1
0.656563, 0.1156963, 0.2566217, 1
0.2298788, 0.1199042, 0.6549989, 1
0.5770436, 0.0938612, 0.3552937, 1
0.6581315, 0.1012708, 0.6162912, 1
0.3840201, 0.09379997, 0.250522, 1
0.7944909, 0.1180883, 0.8097212, 1
0.3075407, 0.1060807, 0.5251986, 1
0.6118749, 0.1138518, 0.7375244, 1
0.6977717, 0.09551189, 0.5392615, 1
0.5068697, 0.1105108, 0.1524018, 1
0.7668071, 0.1305688, 0.7946678, 1
0.5130258, 0.100745, 0.4222631, 1
0.3165721, 0.09770585, 0.1946525, 1
0.7236872, 0.09069515, 0.1943623, 1
0.1362787, 0.1087996, 0.5728258, 1
0.3703293, 0.1061393, 0.5975778, 1
0.6706074, 0.1547871, 0.8710381, 1
0.8594016, 0.1590209, 0.3074274, 1
0.2679112, 0.09096369, 0.3215754, 1
0.7585393, 0.1141247, 0.7245671, 1
0.426218, 0.1074436, 0.6857176, 1
0.4958364, 0.1090173, 0.2235916, 1
0.331244, 0.0994327, 0.2829208, 1
0.3694846, 0.1041302, 0.152437, 1
0.8357053, 0.1279735, 0.6119616, 1
0.5044104, 0.1165629, 0.1779662, 1
0.1660691, 0.1217545, 0.6524987, 1
0.845679, 0.1229636, 0.5787469, 1
0.344332, 0.103167, 0.7828069, 1
0.5473324, 0.1013202, 0.7081841, 1
0.3242268, 0.1609182, 0.8594452, 1
0.6214257, 0.093273, 0.3908841, 1
0.5680752, 0.09218489, 0.5107268, 1
0.6562213, 0.09823669, 0.436527, 1
0.5601177, 0.1062532, 0.2043488, 1
0.2923971, 0.128665, 0.812733, 1
0.4409714, 0.2102111, 0.8779119, 1
0.6670498, 0.1514884, 0.8916394, 1
0.8485365, 0.1319618, 0.3404202, 1
0.559854, 0.1009536, 0.3703357, 1
0.4468538, 0.1376361, 0.8584737, 1
0.1938031, 0.1102112, 0.6100158, 1
0.3364104, 0.1059944, 0.5330181, 1
0.6074398, 0.1724659, 0.8570813, 1
0.3220435, 0.1087767, 0.6204219, 1
0.8672888, 0.10313, 0.3157669, 1
0.1496874, 0.1030294, 0.3413568, 1
0.338126, 0.09857386, 0.6160581, 1
0.2870462, 0.109138, 0.6272198, 1
0.6091988, 0.08991949, 0.1296559, 1
0.3789616, 0.09900071, 0.182181, 1
0.6003416, 0.09646489, 0.5266869, 1
0.420146, 0.09615096, 0.127338, 1
0.7897468, 0.1024343, 0.2897533, 1
0.6972611, 0.1068561, 0.6186408, 1
0.7430079, 0.1118096, 0.2350843, 1
0.6143719, 0.09475145, 0.5982987, 1
0.4722595, 0.09432272, 0.3587257, 1
0.2509114, 0.1068681, 0.7516503, 1
0.2226423, 0.1175048, 0.6162125, 1
0.6890911, 0.1111212, 0.4166884, 1
0.4133541, 0.1179032, 0.8256382, 1
0.7518552, 0.09974772, 0.5097726, 1
0.09643217, 0.1376705, 0.4172846, 1
0.2665574, 0.09638038, 0.5626882, 1
0.6527431, 0.1102065, 0.832481, 1
0.5553047, 0.1091756, 0.3314704, 1
0.4401695, 0.09114493, 0.3970751, 1
0.4358943, 0.09362081, 0.2003749, 1
0.2103431, 0.09984208, 0.3170229, 1
0.2457412, 0.09707228, 0.7575825, 1
0.8306375, 0.09383778, 0.5253239, 1
0.3662919, 0.09207997, 0.3942637, 1
0.4057125, 0.09447234, 0.7141653, 1
0.6615376, 0.1162416, 0.8175899, 1
0.2975378, 0.09825075, 0.6096399, 1
0.2223492, 0.1138792, 0.6600851, 1
0.3819126, 0.09931715, 0.3659491, 1
0.6628476, 0.1230767, 0.8138415, 1
0.5479148, 0.08930837, 0.4965847, 1
0.4755073, 0.09054667, 0.4891812, 1
0.7475061, 0.09881266, 0.3019679, 1
0.7496262, 0.09215388, 0.6062241, 1
0.7408161, 0.1111149, 0.477083, 1
0.456197, 0.115935, 0.8036383, 1
0.8101579, 0.1126618, 0.6396863, 1
0.1507761, 0.09275028, 0.5854845, 1
0.5440794, 0.09829605, 0.4809486, 1
0.5165637, 0.09960736, 0.8085092, 1
0.2315402, 0.09515785, 0.4501485, 1
0.5250761, 0.09598692, 0.1423762, 1
0.6210597, 0.1015467, 0.6403341, 1
0.4664802, 0.1053867, 0.6366383, 1
0.2262471, 0.09396428, 0.4054564, 1
0.663363, 0.1051481, 0.4174522, 1
0.2584573, 0.1115405, 0.4381733, 1
0.09964607, 0.1096511, 0.3283503, 1
0.7944024, 0.1296211, 0.8045768, 1
0.5218411, 0.1067988, 0.194822, 1
0.2952858, 0.09502278, 0.5300973, 1
0.7419217, 0.1156545, 0.6823268, 1
0.3478342, 0.103739, 0.7911596, 1
0.7131558, 0.1048701, 0.4479667, 1
0.2095031, 0.1110259, 0.401838, 1
0.7569886, 0.1000652, 0.6758089, 1
0.7568384, 0.1028651, 0.3823543, 1
0.5197864, 0.1044725, 0.6344952, 1
0.8065589, 0.1229206, 0.3904527, 1
0.4352399, 0.104311, 0.6098763, 1
0.2352379, 0.1091906, 0.357583, 1
0.265404, 0.100552, 0.515386, 1
0.8328315, 0.1032638, 0.7517708, 1
0.5272097, 0.100199, 0.274159, 1
0.4058503, 0.09123021, 0.4511629, 1
0.8215055, 0.1254362, 0.6808458, 1
0.5572721, 0.1062286, 0.8351809, 1
0.7904618, 0.1123899, 0.7978086, 1
0.3401919, 0.102249, 0.1477473, 1
0.2128622, 0.09442876, 0.3336529, 1
0.7792423, 0.105604, 0.4141684, 1
0.1547924, 0.1144592, 0.427369, 1
0.3726158, 0.0937089, 0.7305501, 1
0.3105023, 0.1073574, 0.7894517, 1
0.6954808, 0.1045232, 0.3181409, 1
0.3369276, 0.09898512, 0.5896034, 1
0.3482532, 0.1015903, 0.5833152, 1
0.6367297, 0.128145, 0.8430123, 1
0.2110675, 0.1083695, 0.3745831, 1
0.1162884, 0.1012447, 0.5768105, 1
0.2000656, 0.1069091, 0.5050146, 1
0.6737233, 0.09404726, 0.5139188, 1
0.6995556, 0.102158, 0.5606272, 1
0.2441565, 0.1087838, 0.4568262, 1
0.4076893, 0.09255632, 0.3767031, 1
0.6682506, 0.1467671, 0.875616, 1
0.8186585, 0.1241935, 0.4155745, 1
0.2425152, 0.1081187, 0.4416958, 1
0.564927, 0.1007957, 0.8215688, 1
0.4535866, 0.1112416, 0.6998975, 1
0.3606571, 0.1502997, 0.8371166, 1
0.8104909, 0.1086405, 0.3642541, 1
0.6787061, 0.1073687, 0.5143538, 1
0.72563, 0.1589001, 0.7979573, 1
0.729942, 0.1146879, 0.2891779, 1
0.7131912, 0.1148621, 0.2840571, 1
0.7859499, 0.1313068, 0.379813, 1
0.8105499, 0.1067911, 0.3170591, 1
0.5845557, 0.09914637, 0.7761775, 1
0.330918, 0.1027355, 0.7573142, 1
0.4636199, 0.09482878, 0.3137792, 1
0.6811959, 0.1090228, 0.6918315, 1
0.5701074, 0.09538066, 0.7516226, 1
0.6407447, 0.09216047, 0.4311592, 1
0.3464442, 0.1104434, 0.262357, 1
0.3065078, 0.1034799, 0.1902123, 1
0.3328535, 0.1133172, 0.7244361, 1
0.1855621, 0.1045054, 0.5690187, 1
0.8808318, 0.1841124, 0.5598801, 1
0.8003504, 0.09361131, 0.357672, 1
0.3722821, 0.1395481, 0.8392199, 1
0.251516, 0.1099066, 0.3908356, 1
0.5519671, 0.1135919, 0.826338, 1
0.8793182, 0.1798083, 0.4435307, 1
0.8712578, 0.1210567, 0.2959107, 1
0.3722359, 0.1508972, 0.8311688, 1
0.5496351, 0.1047113, 0.4887882, 1
0.7499283, 0.0931423, 0.3355553, 1
0.3084541, 0.09684895, 0.3938123, 1
0.7647799, 0.0983129, 0.2641062, 1
0.8542606, 0.09683, 0.3227823, 1
0.4189841, 0.1018537, 0.1972557, 1
0.2553857, 0.1106395, 0.2538259, 1
0.5846407, 0.1056542, 0.5607917, 1
0.6756908, 0.09820264, 0.2266979, 1
0.7251515, 0.09864797, 0.746915, 1
0.3233518, 0.0926607, 0.5402687, 1
0.3571213, 0.2015142, 0.8224643, 1
0.487535, 0.09847596, 0.7243003, 1
0.7471672, 0.09610842, 0.3845451, 1
0.2823403, 0.1033633, 0.3026946, 1
0.3730505, 0.1055266, 0.6290437, 1
0.2906113, 0.09673898, 0.3016638, 1
0.6907749, 0.1105319, 0.7640889, 1
0.1463235, 0.1319647, 0.4465137, 1
0.8310063, 0.115989, 0.7780771, 1
0.3938668, 0.09337954, 0.6191933, 1
0.3143575, 0.09939207, 0.2333069, 1
0.2762668, 0.1076211, 0.7455508, 1
0.6251655, 0.09894323, 0.5080181, 1
0.8456525, 0.09709579, 0.3492395, 1
0.4075731, 0.1006302, 0.6831921, 1
0.4082874, 0.1011412, 0.2624067, 1
0.6681887, 0.09442287, 0.3357652, 1
0.4076427, 0.1149684, 0.1151826, 1
0.4703575, 0.09425755, 0.5508147, 1
0.5718037, 0.09625044, 0.1825968, 1
0.6023712, 0.09728789, 0.7899361, 1
0.2324383, 0.1010845, 0.7723289, 1
0.3243316, 0.08333978, 0.1469465, 1
0.7175449, 0.1023897, 0.5370708, 1
0.5854245, 0.09269333, 0.2697931, 1
0.2676295, 0.109719, 0.3063037, 1
0.2096369, 0.09756305, 0.4102109, 1
0.4845489, 0.1082393, 0.2389254, 1
0.5515214, 0.09253935, 0.3574352, 1
0.2299437, 0.09989662, 0.6085269, 1
0.4229233, 0.1215928, 0.1348676, 1
0.2324719, 0.1096364, 0.6273363, 1
0.614611, 0.1166029, 0.1743523, 1
0.2428149, 0.1155494, 0.7144431, 1
0.7341686, 0.1136122, 0.2133594, 1
0.8363015, 0.1110379, 0.2846859, 1
0.6671423, 0.1434576, 0.8767334, 1
0.8180884, 0.09702852, 0.7050647, 1
0.2228127, 0.1079883, 0.6979353, 1
0.3134502, 0.1071158, 0.4670957, 1
0.8033829, 0.1019498, 0.6228092, 1
0.7222648, 0.1145779, 0.2713371, 1
0.4869788, 0.1127438, 0.1675561, 1
0.2122201, 0.09888083, 0.7889362, 1
0.3712678, 0.09818221, 0.3249469, 1
0.2099334, 0.1079453, 0.4490066, 1
0.3738867, 0.09510683, 0.717875, 1
0.1371864, 0.107919, 0.3248669, 1
0.1696036, 0.1196369, 0.4698882, 1
0.767769, 0.101145, 0.2948446, 1
0.7396064, 0.1112998, 0.6434583, 1
0.1470496, 0.1066513, 0.403213, 1
0.7206405, 0.1022652, 0.522283, 1
0.7744638, 0.1064345, 0.6122577, 1
0.3223738, 0.1163126, 0.2012791, 1
0.7063715, 0.09692451, 0.7231993, 1
0.3071315, 0.09435055, 0.643232, 1
0.3406606, 0.1051838, 0.1944749, 1
0.5999374, 0.1091794, 0.3336005, 1
0.5896678, 0.09226556, 0.3496706, 1
0.5458959, 0.08990809, 0.5676048, 1
0.1353828, 0.1048966, 0.3501144, 1
0.1993937, 0.1119869, 0.3529327, 1
0.8038829, 0.1026807, 0.7010652, 1
0.5264302, 0.09741551, 0.7601737, 1
0.7538832, 0.1055147, 0.6594355, 1
0.2274157, 0.1449865, 0.7481206, 1
0.7955934, 0.09626155, 0.5691799, 1
0.110965, 0.1161943, 0.3182647, 1
0.2721506, 0.1016356, 0.546001, 1
0.4423846, 0.09338582, 0.4158072, 1
0.6229324, 0.1041294, 0.4016468, 1
0.5149925, 0.1070594, 0.4129343, 1
0.3569001, 0.09220517, 0.2605434, 1
0.7656857, 0.09042503, 0.4032778, 1
0.1763872, 0.1162508, 0.5901878, 1
0.4141244, 0.1046241, 0.7934728, 1
0.6834548, 0.1096689, 0.4292331, 1
0.4855303, 0.1039024, 0.441627, 1
0.8727328, 0.1151605, 0.4564426, 1
0.3431005, 0.1103474, 0.799425, 1
0.1253301, 0.1248791, 0.6651475, 1
0.173634, 0.110088, 0.5267215, 1
0.541735, 0.1010438, 0.6435792, 1
0.7697309, 0.09328933, 0.3260272, 1
0.5715045, 0.09878185, 0.1686844, 1
0.1088362, 0.1428635, 0.6962051, 1
0.7493509, 0.09422403, 0.6194592, 1
0.4642991, 0.20637, 0.8848568, 1
0.2415796, 0.1061974, 0.3541399, 1
0.4405809, 0.105841, 0.4264937, 1
0.6565109, 0.1106833, 0.4601154, 1
0.219317, 0.1069321, 0.3257559, 1
0.6911187, 0.1037585, 0.4750346, 1
0.2022991, 0.1206045, 0.2973817, 1
0.2606837, 0.1102606, 0.6764658, 1
0.3835524, 0.1224362, 0.8103027, 1
0.3241226, 0.1371626, 0.8455046, 1
0.3014607, 0.10869, 0.608449, 1
0.7562672, 0.1207579, 0.229107, 1
0.3986148, 0.09847675, 0.1299928, 1
0.34131, 0.09291291, 0.3688158, 1
0.617431, 0.09649698, 0.4578383, 1
0.5858901, 0.1143052, 0.8353419, 1
0.3644218, 0.09475807, 0.6428909, 1
0.4535273, 0.1028451, 0.4834804, 1
0.6756524, 0.1000738, 0.305102, 1
0.6774574, 0.101679, 0.6850029, 1
0.1992922, 0.1193025, 0.2866762, 1
0.3896951, 0.09270598, 0.7641407, 1
0.1838721, 0.09584624, 0.5080575, 1
0.7710368, 0.09977243, 0.3411964, 1
0.7378108, 0.1100903, 0.2042357, 1
0.3119504, 0.1093492, 0.4316127, 1
0.1159832, 0.1079651, 0.6013773, 1
0.7313447, 0.1053954, 0.2136317, 1
0.7576187, 0.1060735, 0.5872588, 1
0.4751659, 0.1038, 0.3802388, 1
0.5423368, 0.1045877, 0.3808583, 1
0.1789034, 0.1166752, 0.4623688, 1
0.5190798, 0.09353191, 0.6648529, 1
0.6482446, 0.09805969, 0.8288437, 1
0.6390373, 0.09665402, 0.1972385, 1
0.7322851, 0.1725709, 0.8427588, 1
0.3699781, 0.1105628, 0.6613283, 1
0.3560486, 0.1029792, 0.4272422, 1
0.7977009, 0.09852675, 0.4749468, 1
0.7918306, 0.115422, 0.2189075, 1
0.8583218, 0.1031428, 0.4913936, 1
0.2800125, 0.1017379, 0.566942, 1
0.5068735, 0.09672745, 0.361038, 1
0.7615025, 0.1055366, 0.756689, 1
0.5391586, 0.1011906, 0.3035332, 1
0.415177, 0.09693894, 0.2756972, 1
0.5087424, 0.1095833, 0.2732517, 1
0.3135069, 0.09651154, 0.3300171, 1
0.8037823, 0.09734892, 0.4391271, 1
0.5474545, 0.1035051, 0.6070672, 1
0.8764595, 0.1150962, 0.5290559, 1
0.2879585, 0.1186247, 0.257972, 1
0.8272668, 0.1193497, 0.6836064, 1
0.4964655, 0.1099492, 0.2977582, 1
0.8576729, 0.1147349, 0.461973, 1
0.7230343, 0.09362684, 0.3787446, 1
0.642297, 0.09836867, 0.3839101, 1
0.1752328, 0.1238693, 0.7035312, 1
0.5360148, 0.09907917, 0.2604387, 1
0.6630486, 0.1083956, 0.3448886, 1
0.7344909, 0.1146967, 0.1967375, 1
0.5383658, 0.2098446, 0.8765094, 1
0.7328962, 0.09621011, 0.4886938, 1
0.2852022, 0.118231, 0.2327366, 1
0.5245062, 0.09754995, 0.2231918, 1
0.7210772, 0.1166044, 0.2387266, 1
0.8515381, 0.1161045, 0.4572561, 1
0.8768358, 0.1032979, 0.5157167, 1
0.547573, 0.1069408, 0.2931767, 1
0.8148521, 0.09346996, 0.3434119, 1
0.1575825, 0.1050408, 0.6276217, 1
0.2747152, 0.1337968, 0.8338854, 1
0.8675637, 0.1008186, 0.2916889, 1
0.3785701, 0.1055859, 0.7211758, 1
0.8538911, 0.1037808, 0.3318302, 1
0.5097915, 0.09825164, 0.7516831, 1
0.5453604, 0.1055567, 0.780227, 1
0.6391707, 0.111818, 0.6736459, 1
0.1571929, 0.1004583, 0.3099301, 1
0.7739531, 0.1117044, 0.6136725, 1
0.3082635, 0.1048329, 0.7779769, 1
0.2227172, 0.1097226, 0.5300747, 1
0.3166218, 0.1107876, 0.8195078, 1
0.4004126, 0.09645373, 0.610045, 1
0.5030854, 0.1015445, 0.3893688, 1
0.6717388, 0.1619031, 0.8933436, 1
0.5779845, 0.1073026, 0.719155, 1
0.4906478, 0.2247614, 0.899201, 1
0.2464843, 0.1259838, 0.7820575, 1
0.7041028, 0.1093465, 0.4469416, 1
0.326542, 0.08999167, 0.2585818, 1
0.7919806, 0.1075958, 0.7014042, 1
0.429405, 0.1026763, 0.241207, 1
0.5957375, 0.1008118, 0.7827141, 1
0.7209265, 0.09829427, 0.5821834, 1
0.2884441, 0.09317252, 0.5783672, 1
0.2887608, 0.09174808, 0.3903812, 1
0.3840165, 0.105411, 0.3440142, 1
0.4707859, 0.09585603, 0.6652762, 1
0.5017573, 0.1073351, 0.569205, 1
0.7688836, 0.09481686, 0.2005653, 1
0.1596913, 0.1133911, 0.567616, 1
0.2981257, 0.1127025, 0.2402258, 1
0.8549033, 0.1169507, 0.6938043, 1
0.351372, 0.0944248, 0.2515186, 1
0.1031896, 0.1002438, 0.639783, 1
0.3063602, 0.09086919, 0.3033331, 1
0.6022698, 0.09397575, 0.591189, 1
0.755001, 0.1012519, 0.4182569, 1
0.3191772, 0.09749974, 0.4952343, 1
0.8131315, 0.1317883, 0.4215946, 1
0.319276, 0.09306562, 0.5110385, 1
0.6420549, 0.139256, 0.8466331, 1
0.5114113, 0.1049561, 0.3419628, 1
0.4816794, 0.1048587, 0.4355694, 1
0.2433887, 0.1121591, 0.4499367, 1
0.6649853, 0.1602183, 0.8563623, 1
0.7689403, 0.153386, 0.8389352, 1
0.8362046, 0.109666, 0.7405645, 1
0.4477063, 0.1867565, 0.8658202, 1
0.8146209, 0.1139893, 0.3900807, 1
0.1070811, 0.1283557, 0.6834131, 1
0.831814, 0.09409956, 0.7034552, 1
0.8494442, 0.1234594, 0.4432146, 1
0.7540591, 0.1043995, 0.6458479, 1
0.5814947, 0.102377, 0.2900724, 1
0.1211467, 0.1251029, 0.3846124, 1
0.677697, 0.09442828, 0.7827222, 1
0.3921287, 0.1070244, 0.5965193, 1
0.4284466, 0.09215678, 0.6798471, 1
0.7708731, 0.1107486, 0.7005083, 1
0.778727, 0.1070029, 0.261766, 1
0.3066866, 0.1018721, 0.658935, 1
0.6361088, 0.1002697, 0.499393, 1
0.8540276, 0.1266724, 0.5716339, 1
0.3943897, 0.100353, 0.50698, 1
0.5914552, 0.09910631, 0.4890187, 1
0.2335357, 0.1002257, 0.5307763, 1
0.3341736, 0.09659125, 0.1501271, 1
0.4703862, 0.09060656, 0.6064522, 1
0.8480125, 0.1123218, 0.742038, 1
0.8007519, 0.1153895, 0.2376646, 1
0.6695276, 0.1244696, 0.8227301, 1
0.7549121, 0.09326114, 0.3696422, 1
0.7583855, 0.1179556, 0.2149998, 1
0.8342698, 0.1274967, 0.6734924, 1
0.4552471, 0.1054887, 0.4466355, 1
0.1932907, 0.1188755, 0.8086939, 1
0.5606068, 0.09345198, 0.6325276, 1
0.8819866, 0.1723847, 0.4897699, 1
0.2287461, 0.1294214, 0.2760255, 1
0.7536635, 0.1116353, 0.1833942, 1
0.8091968, 0.1198679, 0.4105809, 1
0.510928, 0.1324055, 0.8408425, 1
0.2846943, 0.1062818, 0.5398415, 1
0.4922423, 0.1993956, 0.8945006, 1
0.7376861, 0.1128148, 0.4548169, 1
0.2223322, 0.09818397, 0.4376449, 1
0.5494944, 0.1000294, 0.1942488, 1
0.6021389, 0.0968465, 0.2282844, 1
0.4422626, 0.1883826, 0.8614925, 1
0.3721306, 0.1090247, 0.5953321, 1
0.3970723, 0.09334521, 0.424915, 1
0.4957425, 0.1031389, 0.7083966, 1
0.6115544, 0.107545, 0.6508998, 1
0.3212075, 0.09460144, 0.1667877, 1
0.6624573, 0.124903, 0.8011186, 1
0.7516779, 0.1085121, 0.3359272, 1
0.38343, 0.1020253, 0.4215934, 1
0.5973943, 0.1021546, 0.4505784, 1
0.6512481, 0.1067112, 0.396411, 1
0.5093312, 0.0937428, 0.3332539, 1
0.292597, 0.09220383, 0.281433, 1
0.8517908, 0.1341463, 0.6180028, 1
0.4167763, 0.1081627, 0.5820414, 1
0.4397244, 0.09420954, 0.6647618, 1
0.7807102, 0.1060935, 0.6405782, 1
0.4792754, 0.1431775, 0.847876, 1
0.1987935, 0.1207324, 0.8087654, 1
0.2605456, 0.1030777, 0.3675568, 1
0.1386756, 0.1240489, 0.4059647, 1
0.8125467, 0.1208687, 0.6715521, 1
0.4027973, 0.09091609, 0.5917611, 1
0.6177096, 0.1713763, 0.8551641, 1
0.5052911, 0.09089075, 0.3754588, 1
0.2794446, 0.1003058, 0.3529258, 1
0.174558, 0.1164477, 0.476232, 1
0.6748331, 0.1021994, 0.7433534, 1
0.6502493, 0.0965595, 0.3145302, 1
0.546382, 0.09807038, 0.4260696, 1
0.3833919, 0.1023534, 0.2006504, 1
0.6711184, 0.1151699, 0.7280304, 1
0.8849974, 0.1552191, 0.3111247, 1
0.5190221, 0.104743, 0.2537101, 1
0.408078, 0.1153152, 0.1013124, 1
0.882977, 0.1344453, 0.291916, 1
0.2443074, 0.101492, 0.3779444, 1
0.3558103, 0.1007272, 0.5570058, 1
0.576074, 0.09087261, 0.4430037, 1
0.6407737, 0.09390624, 0.7565401, 1
0.2037145, 0.109713, 0.5997506, 1
0.5440955, 0.2133587, 0.8926367, 1
0.349447, 0.09579389, 0.4694396, 1
0.30486, 0.1393829, 0.8460705, 1
0.3167894, 0.1031306, 0.4434433, 1
0.7763145, 0.1055916, 0.3967309, 1
0.7894204, 0.1129881, 0.2215348, 1
0.2459669, 0.09495728, 0.5776753, 1
0.5831479, 0.09645551, 0.1880981, 1
0.155887, 0.1178458, 0.3819815, 1
0.5222608, 0.1109738, 0.09221933, 1
0.8707377, 0.1023702, 0.5239595, 1
0.4859338, 0.095236, 0.5533601, 1
0.5989198, 0.09846707, 0.09396971, 1
0.381505, 0.09570072, 0.2155101, 1
0.7335915, 0.1099464, 0.312628, 1
0.4201669, 0.1018538, 0.1195193, 1
0.7351471, 0.1051738, 0.3620017, 1
0.1957404, 0.1115845, 0.7991105, 1
0.4405045, 0.109865, 0.5749941, 1
0.5761865, 0.101942, 0.5917438, 1
0.2068583, 0.1228359, 0.6861181, 1
0.3727294, 0.0932046, 0.5661504, 1
0.2006513, 0.1091487, 0.6516157, 1
0.636687, 0.1042617, 0.506883, 1
0.1897311, 0.1105338, 0.5245683, 1
0.5594119, 0.09160523, 0.1397864, 1
0.6254829, 0.09545481, 0.8309812, 1
0.1082365, 0.1591659, 0.4190744, 1
0.3065012, 0.1004516, 0.2254087, 1
0.2693115, 0.1075478, 0.4124868, 1
0.8783471, 0.1219901, 0.7016972, 1
0.1441865, 0.1239784, 0.4340024, 1
0.1658859, 0.09982425, 0.4100274, 1
0.3686573, 0.155926, 0.8323035, 1
0.5743287, 0.09309092, 0.5010713, 1
0.4592419, 0.113988, 0.1879469, 1
0.5887688, 0.1066149, 0.4208724, 1
0.5980223, 0.09216812, 0.3530958, 1
0.4285819, 0.09959035, 0.6042622, 1
0.3658392, 0.13004, 0.8168823, 1
0.2677566, 0.1437113, 0.8429986, 1
0.4577204, 0.1021247, 0.2092553, 1
0.2117015, 0.1160202, 0.3162906, 1
0.3424886, 0.09656952, 0.2673151, 1
0.4018106, 0.09217831, 0.4587595, 1
0.1573792, 0.126874, 0.4696575, 1
0.6346335, 0.0933405, 0.2776929, 1
0.2816955, 0.1175425, 0.2546405, 1
0.3359349, 0.09495592, 0.6539275, 1
0.5312361, 0.1047594, 0.6799881, 1
0.8099945, 0.1074537, 0.2847707, 1
0.496211, 0.1096032, 0.8398036, 1
0.588126, 0.1029288, 0.5038809, 1
0.686325, 0.1028623, 0.4820695, 1
0.7336244, 0.1093447, 0.3640581, 1
0.4669752, 0.105916, 0.5299079, 1
0.6986564, 0.1007886, 0.2641812, 1
0.2400527, 0.09535996, 0.4563958, 1
0.638042, 0.09315695, 0.5754998, 1
0.6601635, 0.1518673, 0.8411063, 1
0.2808681, 0.09574246, 0.3704681, 1
0.8420063, 0.1021804, 0.5801969, 1
0.3403944, 0.101377, 0.3859503, 1
0.1029491, 0.1400498, 0.6849679, 1
0.6530526, 0.1161097, 0.8552234, 1
0.3856317, 0.1098078, 0.5785337, 1
0.4639621, 0.09981912, 0.3318949, 1
0.261891, 0.1205577, 0.2582532, 1
0.3401606, 0.1112111, 0.3573754, 1
0.5411739, 0.09334886, 0.2861512, 1
0.2956046, 0.1187617, 0.8301795, 1
0.5493656, 0.09779564, 0.5674463, 1
0.8744445, 0.1564452, 0.3218984, 1
0.5626928, 0.1256934, 0.8328399, 1
0.8423447, 0.1067158, 0.6909794, 1
0.6413102, 0.1384096, 0.8463578, 1
0.799419, 0.1050277, 0.4001477, 1
0.3494067, 0.1047342, 0.1864046, 1
0.8197675, 0.09910025, 0.5624361, 1
0.5949298, 0.09649193, 0.282614, 1
0.8494138, 0.1515437, 0.3254136, 1
0.6259075, 0.1010833, 0.5861795, 1
0.8119158, 0.09412035, 0.5170791, 1
0.488617, 0.1036755, 0.5237162, 1
0.3433705, 0.1008044, 0.3276759, 1
0.4188832, 0.09477184, 0.6631204, 1
0.6653498, 0.1043734, 0.662556, 1
0.1035257, 0.1255235, 0.66575, 1
0.2959666, 0.09179432, 0.3166834, 1
0.5388679, 0.1249091, 0.847304, 1
0.7594175, 0.1004836, 0.3798522, 1
0.4540074, 0.08994236, 0.3511292, 1
0.2671159, 0.1176468, 0.688467, 1
0.6608841, 0.09047832, 0.5681904, 1
0.8287259, 0.1101031, 0.7774172, 1
0.4084404, 0.09384639, 0.3088513, 1
0.4320347, 0.1439829, 0.8479174, 1
0.2758338, 0.1017312, 0.7767587, 1
0.604922, 0.1060685, 0.4224848, 1
0.696317, 0.09539644, 0.4648062, 1
0.4136174, 0.0979064, 0.4249683, 1
0.6799613, 0.1151237, 0.2477299, 1
0.6224056, 0.1386566, 0.8449224, 1
0.4471474, 0.0936085, 0.6454486, 1
0.5967472, 0.1084724, 0.5139439, 1
0.5517268, 0.1025608, 0.5889489, 1
0.4355596, 0.108798, 0.5936561, 1
0.5056429, 0.1025203, 0.7884569, 1
0.5624173, 0.106722, 0.4363123, 1
0.7902832, 0.09866095, 0.4778189, 1
0.3588952, 0.1288547, 0.8058215, 1
0.79954, 0.1060432, 0.2895973, 1
0.1097594, 0.1370445, 0.4123166, 1
0.4639141, 0.2241435, 0.8935667, 1
0.4801435, 0.1049623, 0.1739691, 1
0.7140734, 0.173715, 0.8258163, 1
0.1770289, 0.102213, 0.6421054, 1
0.6410634, 0.1028905, 0.2701508, 1
0.154168, 0.1016697, 0.3677144, 1
0.6605025, 0.09980793, 0.5357739, 1
0.7977989, 0.09760926, 0.4627618, 1
0.8862134, 0.1766462, 0.5528053, 1
0.3220543, 0.1147799, 0.177727, 1
0.3266957, 0.1127331, 0.6371848, 1
0.7242643, 0.120429, 0.2327192, 1
0.1554945, 0.131184, 0.6972674, 1
0.5802153, 0.1002916, 0.6562796, 1
0.5615317, 0.09883886, 0.7803474, 1
0.4176566, 0.09348948, 0.433883, 1
0.2907844, 0.09669184, 0.4931395, 1
0.8691955, 0.1077991, 0.7252123, 1
0.3570808, 0.09621768, 0.3626252, 1
0.316626, 0.1040812, 0.6566204, 1
0.8227462, 0.1070104, 0.6698796, 1
0.3208916, 0.1008671, 0.1710173, 1
0.8616456, 0.1020623, 0.6935906, 1
0.5047031, 0.1138041, 0.7923378, 1
0.3609476, 0.1959122, 0.8257777, 1
0.2949543, 0.14216, 0.8583456, 1
0.6711999, 0.1121441, 0.8081725, 1
0.1163917, 0.1105144, 0.6393813, 1
0.1169329, 0.1238556, 0.6706209, 1
0.2630061, 0.1172713, 0.8305761, 1
0.3665001, 0.1356656, 0.818324, 1
0.542201, 0.2216935, 0.879661, 1
0.6180411, 0.1344332, 0.8444425, 1
0.4038723, 0.09644196, 0.5476189, 1
0.7484133, 0.1017846, 0.5891643, 1
0.4124604, 0.1313685, 0.1137466, 1
0.4927693, 0.1202845, 0.0917739, 1
0.3444856, 0.09320594, 0.3049068, 1
0.4105264, 0.1056991, 0.7119629, 1
0.3389468, 0.1121389, 0.1770702, 1
0.2356208, 0.1254353, 0.7235727, 1
0.5268652, 0.1399581, 0.8507884, 1
0.5299917, 0.09893262, 0.508929, 1
0.1660103, 0.1191147, 0.6956801, 1
0.2768701, 0.1108164, 0.2206244, 1
0.6792857, 0.09806643, 0.7915604, 1
0.3350691, 0.1067507, 0.1568667, 1
0.8382293, 0.09983858, 0.368225, 1
0.8125511, 0.09767853, 0.215859, 1
0.8049693, 0.09534955, 0.3154578, 1
0.6869927, 0.09914679, 0.3082809, 1
0.7205039, 0.09456719, 0.1616697, 1
0.2086221, 0.1105096, 0.7921353, 1
0.4601159, 0.1090806, 0.7247298, 1
0.7155317, 0.09665605, 0.7011406, 1
0.2912835, 0.1159594, 0.2542987, 1
0.2257876, 0.1159085, 0.8226503, 1
0.8517479, 0.109301, 0.3542349, 1
0.1383214, 0.1158082, 0.2738671, 1
0.5399584, 0.1688996, 0.8761249, 1
0.3678441, 0.09334555, 0.3402183, 1
0.5896649, 0.1094053, 0.7101087, 1
0.3374818, 0.1134316, 0.7751919, 1
0.5976436, 0.1039166, 0.2757478, 1
0.5934825, 0.1032842, 0.1858276, 1
0.339532, 0.09288788, 0.4838109, 1
0.6702989, 0.09635627, 0.4355721, 1
0.5704466, 0.1051313, 0.6898836, 1
0.7076699, 0.094161, 0.3187535, 1
0.4319691, 0.09999648, 0.664906, 1
0.8343044, 0.1133343, 0.2309856, 1
0.7604513, 0.114719, 0.8050421, 1
0.7746646, 0.09995932, 0.3375221, 1
0.1449772, 0.1062694, 0.6459283, 1
0.5358862, 0.106955, 0.2642142, 1
0.3714016, 0.09703305, 0.2036926, 1
0.6896611, 0.09936348, 0.5548399, 1
0.6896374, 0.1030457, 0.4135794, 1
0.5308517, 0.1176009, 0.8537623, 1
0.1840083, 0.09139137, 0.511703, 1
0.2800638, 0.1489325, 0.862795, 1
0.5161024, 0.097635, 0.6950726, 1
0.4821244, 0.09723019, 0.2610101, 1
0.125863, 0.1308102, 0.5551612, 1
0.8763213, 0.1265202, 0.3184524, 1
0.2867684, 0.1027604, 0.4465122, 1
0.2802521, 0.105292, 0.3839215, 1
0.7293444, 0.1121872, 0.3830528, 1
0.8695514, 0.1554458, 0.6296874, 1
0.7628419, 0.09658986, 0.5543255, 1
0.5289551, 0.105622, 0.7972865, 1
0.2962941, 0.1194055, 0.7978032, 1
0.384796, 0.1918609, 0.8240675, 1
0.2508919, 0.108875, 0.2931155, 1
0.5171987, 0.169347, 0.8777518, 1
0.4912832, 0.1032609, 0.2850439, 1
0.3937816, 0.1041008, 0.4904996, 1
0.4740185, 0.110186, 0.7165909, 1
0.6582375, 0.1168907, 0.8311806, 1
0.1193594, 0.1414474, 0.552884, 1
0.4814156, 0.09011254, 0.4012572, 1
0.799158, 0.0846772, 0.3850939, 1
0.5756726, 0.09844841, 0.4043635, 1
0.8113791, 0.105321, 0.7624846, 1
0.5000777, 0.1078435, 0.3178791, 1
0.7853621, 0.1095255, 0.5243077, 1
0.7833629, 0.1019734, 0.2497402, 1
0.1880758, 0.1354251, 0.7360232, 1
0.7983992, 0.1375511, 0.394445, 1
0.1952055, 0.1176029, 0.6547017, 1
0.3099171, 0.1101512, 0.5310964, 1
0.5111259, 0.1035643, 0.1066078, 1
0.5946137, 0.1624314, 0.8587539, 1
0.2940108, 0.1070544, 0.4893378, 1
0.4686232, 0.1022504, 0.5551982, 1
0.6143345, 0.1079788, 0.3801916, 1
0.4548213, 0.09105872, 0.7327869, 1
0.7226101, 0.08806898, 0.1936714, 1
0.7811775, 0.1090951, 0.6016684, 1
0.5079221, 0.0933871, 0.5459763, 1
0.6869825, 0.09536128, 0.298319, 1
0.5050154, 0.106255, 0.5561088, 1
0.8792727, 0.1729702, 0.5833212, 1
0.4760073, 0.09430388, 0.4528132, 1
0.6248885, 0.1207702, 0.8405696, 1
0.7173015, 0.1015472, 0.4231256, 1
0.508945, 0.1024459, 0.4240205, 1
0.6456944, 0.1229186, 0.846103, 1
0.2437884, 0.1434352, 0.8492097, 1
0.337173, 0.09649028, 0.1758615, 1
0.100384, 0.1153329, 0.5801985, 1
0.3813824, 0.09573567, 0.6781107, 1
0.6779503, 0.0936375, 0.3421346, 1
0.7200781, 0.1160645, 0.7230205, 1
0.8706123, 0.1085652, 0.7186872, 1
0.754507, 0.1046166, 0.7199902, 1
0.8541729, 0.1439441, 0.4227685, 1
0.1453516, 0.105344, 0.6609438, 1
0.8502067, 0.1411372, 0.4254062, 1
0.3070956, 0.08989161, 0.1860455, 1
0.6221325, 0.1087706, 0.1908802, 1
0.3033354, 0.1257935, 0.8225417, 1
0.5387494, 0.09351541, 0.7095954, 1
0.6452196, 0.1128056, 0.82162, 1
0.8125415, 0.1289333, 0.8105192, 1
0.7874409, 0.1134258, 0.6861635, 1
0.8076032, 0.1065927, 0.570153, 1
0.4944647, 0.2197496, 0.8962491, 1
0.5116073, 0.1052277, 0.296212, 1
0.6626955, 0.134578, 0.8698049, 1
0.7397479, 0.0960278, 0.700031, 1
0.4175774, 0.1017776, 0.3137039, 1
0.8332363, 0.09792279, 0.7137789, 1
0.5226472, 0.2144334, 0.8919088, 1
0.6282223, 0.1076677, 0.3164142, 1
0.7396917, 0.1080401, 0.7366329, 1
0.668422, 0.1112202, 0.4164534, 1
0.5125632, 0.1742928, 0.8849807, 1
0.7421815, 0.1099548, 0.3750581, 1
0.1729571, 0.1125354, 0.6109331, 1
0.3684881, 0.170378, 0.8396376, 1
0.3462465, 0.1001708, 0.1414538, 1
0.8201977, 0.09488171, 0.2850275, 1
0.1680514, 0.1030371, 0.3108734, 1
0.5464607, 0.09923839, 0.6566248, 1
0.8757327, 0.1163489, 0.7587317, 1
0.8163213, 0.09442902, 0.7294403, 1
0.3269929, 0.09392688, 0.3048596, 1
0.2990154, 0.1085554, 0.3315602, 1
0.1698595, 0.1344515, 0.7377813, 1
0.1298288, 0.1292319, 0.4041754, 1
0.6026549, 0.09899285, 0.7157907, 1
0.7329704, 0.1156046, 0.7092878, 1
0.4056529, 0.09647749, 0.5429176, 1
0.6023021, 0.0955306, 0.4222222, 1
0.3102693, 0.1079288, 0.2355103, 1
0.8829535, 0.1460019, 0.5500864, 1
0.6287607, 0.1075861, 0.7752494, 1
0.6747963, 0.09462071, 0.4815178, 1
0.808642, 0.1230673, 0.7706001, 1
0.7940052, 0.120608, 0.6668196, 1
0.6331396, 0.1116245, 0.1502609, 1
0.7840351, 0.09231663, 0.344308, 1
0.4522098, 0.09514279, 0.5282524, 1
0.09746116, 0.1212666, 0.6889818, 1
0.8908035, 0.1582503, 0.5904884, 1
0.5696386, 0.09612675, 0.6324272, 1
0.8441367, 0.111523, 0.7250021, 1
0.6582265, 0.1004225, 0.6026517, 1
0.2763348, 0.1151625, 0.2719891, 1
0.5852783, 0.1003221, 0.3859514, 1
0.6287177, 0.1189024, 0.8295535, 1
0.5965817, 0.09859497, 0.1908769, 1
0.1283281, 0.1010809, 0.3201865, 1
0.5419083, 0.1160697, 0.8286273, 1
0.675944, 0.09658258, 0.6212944, 1
0.5614971, 0.09668291, 0.6089997, 1
0.5963243, 0.09169282, 0.8249393, 1
0.6417379, 0.09413956, 0.4012826, 1
0.8426072, 0.1277689, 0.5957119, 1
0.6965246, 0.113785, 0.7370317, 1
0.5850388, 0.09123173, 0.5838845, 1
0.4492323, 0.1068074, 0.508065, 1
0.1278592, 0.1113567, 0.302523, 1
0.3365052, 0.1132357, 0.1604231, 1
0.8373178, 0.1059185, 0.4917077, 1
0.7434732, 0.09727351, 0.4996305, 1
0.4430332, 0.09773206, 0.7694987, 1
0.2420662, 0.1082374, 0.2570871, 1
0.2992156, 0.09525408, 0.7034888, 1
0.5734121, 0.09330657, 0.4848035, 1
0.6128555, 0.09792095, 0.7448547, 1
0.631813, 0.1161932, 0.8354663, 1
0.467482, 0.111201, 0.2928272, 1
0.4242971, 0.09711561, 0.4906304, 1
0.754815, 0.1115556, 0.4446362, 1
0.7183994, 0.1118511, 0.7446907, 1
0.6716802, 0.08768035, 0.2246175, 1
0.3623715, 0.0974521, 0.126278, 1
0.4964554, 0.1151979, 0.1682367, 1
0.667194, 0.1471424, 0.8700612, 1
0.5348837, 0.1106759, 0.8016501, 1
0.575056, 0.1807163, 0.8613001, 1
0.6727375, 0.09200389, 0.244537, 1
0.754723, 0.09958448, 0.6342396, 1
0.4540353, 0.0975075, 0.1861447, 1
0.221166, 0.09388027, 0.5299169, 1
0.7118511, 0.1066434, 0.3733707, 1
0.1881381, 0.09872346, 0.5990644, 1
0.4665211, 0.110306, 0.3543572, 1
0.4000098, 0.1067139, 0.504541, 1
0.6234403, 0.112828, 0.8097943, 1
0.3848605, 0.1032368, 0.6766252, 1
0.2854487, 0.123337, 0.8191391, 1
0.3103871, 0.1160351, 0.2363789, 1
0.4700052, 0.1002335, 0.5625456, 1
0.7542699, 0.1115424, 0.5272956, 1
0.4120584, 0.1034906, 0.5798068, 1
0.7381487, 0.1118689, 0.7783983, 1
0.5828813, 0.09093224, 0.5307894, 1
0.5620268, 0.09752672, 0.5662221, 1
0.5975133, 0.10602, 0.3855993, 1
0.765256, 0.1265901, 0.8217884, 1
0.2576552, 0.1067408, 0.2953188, 1
0.8283105, 0.1086305, 0.7525629, 1
0.4963709, 0.1223146, 0.1112072, 1
0.3425505, 0.1015164, 0.7513451, 1
0.6035981, 0.1053138, 0.1973361, 1
0.4734246, 0.1713139, 0.879946, 1
0.8028794, 0.1043981, 0.3986403, 1
0.8723607, 0.1177668, 0.487209, 1
0.4033086, 0.09426031, 0.7784723, 1
0.5062951, 0.09777758, 0.09245521, 1
0.1777837, 0.09309235, 0.5792794, 1
0.2318502, 0.1256249, 0.8200617, 1
0.3949747, 0.1010407, 0.2865955, 1
0.4832351, 0.1062707, 0.5141122, 1
0.6262397, 0.09968159, 0.2722294, 1
0.1106723, 0.1304371, 0.5873595, 1
0.5486966, 0.1058389, 0.1909719, 1
0.5333306, 0.1015724, 0.2636866, 1
0.7445116, 0.1439161, 0.8124421, 1
0.5364019, 0.1087654, 0.3272221, 1
0.2983621, 0.1085409, 0.7879696, 1
0.7430723, 0.1072266, 0.3177743, 1
0.6827139, 0.09752797, 0.3840907, 1
0.3526567, 0.09485441, 0.4720949, 1
0.2912189, 0.09499447, 0.6048738, 1
0.4167767, 0.1092913, 0.6704928, 1
0.8704917, 0.1621274, 0.4191998, 1
0.2041798, 0.09490216, 0.3708204, 1
0.4243719, 0.107096, 0.7440591, 1
0.2253142, 0.1164906, 0.8103167, 1
0.1506526, 0.1334257, 0.4677271, 1
0.4949548, 0.1069158, 0.5881415, 1
0.5022643, 0.1203975, 0.1445568, 1
0.2938206, 0.09634486, 0.5776961, 1
0.2078157, 0.1091296, 0.3129924, 1
0.1455974, 0.1384432, 0.4596348, 1
0.4991339, 0.09999479, 0.4558761, 1
0.3612669, 0.09542624, 0.3396404, 1
0.4786847, 0.09252427, 0.4966759, 1
0.7168504, 0.1029416, 0.2490947, 1
0.3205914, 0.1059851, 0.7153268, 1
0.6359744, 0.09677197, 0.2243347, 1
0.7129926, 0.1088241, 0.3379399, 1
0.5863981, 0.09152256, 0.3959554, 1
0.1657053, 0.1113736, 0.6696801, 1
0.704343, 0.108529, 0.754831, 1
0.3889404, 0.0936681, 0.3551772, 1
0.2283435, 0.1386406, 0.8361353, 1
0.8856706, 0.155494, 0.5210471, 1
0.4436269, 0.2043512, 0.8377126, 1
0.577666, 0.2119679, 0.8643522, 1
0.1010876, 0.1343647, 0.4082291, 1
0.6337658, 0.114392, 0.7362915, 1
0.4190046, 0.08595758, 0.1787742, 1
0.7019149, 0.09908132, 0.346596, 1
0.7369595, 0.1092607, 0.3469949, 1
0.5811744, 0.09800985, 0.1751149, 1
0.1613905, 0.1008549, 0.3660705, 1
0.4178506, 0.1006428, 0.431712, 1
0.8605037, 0.1011333, 0.4623797, 1
0.4460525, 0.108647, 0.1549047, 1
0.2812985, 0.1688408, 0.8737888, 1
0.8841338, 0.1863237, 0.4500093, 1
0.5801006, 0.09152573, 0.6242862, 1
0.5704836, 0.1029575, 0.5271754, 1
0.3400541, 0.1306504, 0.8206567, 1
0.4256969, 0.09919678, 0.5899361, 1
0.6108531, 0.1808317, 0.8594232, 1
0.2752704, 0.1181209, 0.2207396, 1
0.4646894, 0.09494611, 0.695156, 1
0.5605924, 0.09715153, 0.215552, 1
0.1678495, 0.1197838, 0.4777505, 1
0.6608154, 0.1074633, 0.5652694, 1
0.6973475, 0.1153156, 0.7281642, 1
0.3666865, 0.09920588, 0.3325222, 1
0.3948588, 0.09145736, 0.171242, 1
0.6611338, 0.1082225, 0.2803122, 1
0.1031415, 0.1189719, 0.3372266, 1
0.4712084, 0.1072084, 0.6071762, 1
0.5427299, 0.2230323, 0.8897104, 1
0.2755727, 0.1099721, 0.4986979, 1
0.5680624, 0.090831, 0.1083293, 1
0.5170168, 0.103854, 0.5966932, 1
0.2628549, 0.09247259, 0.3130911, 1
0.5933591, 0.1105342, 0.1282094, 1
0.216795, 0.1005893, 0.4311642, 1
0.3982713, 0.1079575, 0.1497103, 1
0.7203982, 0.1022608, 0.6650277, 1
0.286825, 0.09343096, 0.2877275, 1
0.4541957, 0.09934288, 0.4861013, 1
0.4301957, 0.1042614, 0.6087542, 1
0.1923003, 0.1127987, 0.3579033, 1
0.728025, 0.1010197, 0.2234928, 1
0.293417, 0.1014456, 0.3629387, 1
0.7677131, 0.1109181, 0.2084804, 1
0.4788663, 0.1174944, 0.8433723, 1
0.2487736, 0.1053536, 0.2592327, 1
0.8147742, 0.09738004, 0.749915, 1
0.5048773, 0.100091, 0.3714763, 1
0.6651476, 0.1381465, 0.8829234, 1
0.643799, 0.09593867, 0.2188585, 1
0.4672843, 0.1007698, 0.8035212, 1
0.8160676, 0.09981718, 0.4679419, 1
0.3188915, 0.09785664, 0.1724764, 1
0.4592155, 0.1014416, 0.7032628, 1
0.792904, 0.116847, 0.7932017, 1
0.1305722, 0.1261109, 0.538621, 1
0.2509966, 0.1237816, 0.7638728, 1
0.7545368, 0.1438783, 0.8191342, 1
0.6572967, 0.1402772, 0.8177884, 1
0.4618492, 0.09197676, 0.4302065, 1
0.2483754, 0.09508161, 0.3602872, 1
0.8910128, 0.1280469, 0.4630394, 1
0.1022018, 0.1152712, 0.5785173, 1
0.8501307, 0.1288693, 0.6898845, 1
0.2250668, 0.1509737, 0.845813, 1
0.7299111, 0.1106976, 0.1879635, 1
0.1249664, 0.1044276, 0.6226151, 1
0.576924, 0.09200863, 0.3208626, 1
0.3307797, 0.1382776, 0.8289634, 1
0.7201948, 0.09616955, 0.6145818, 1
0.3090534, 0.1030705, 0.4137491, 1
0.644969, 0.1086906, 0.3848982, 1
0.2515422, 0.1178245, 0.7575491, 1
0.7623226, 0.1145166, 0.2104288, 1
0.5395132, 0.1101494, 0.7624407, 1
0.6057255, 0.1200036, 0.8401105, 1
0.3553302, 0.09565274, 0.2330658, 1
0.4299591, 0.09774777, 0.3803136, 1
0.2811821, 0.1149996, 0.2365229, 1
0.6931974, 0.1129741, 0.724741, 1
0.5293123, 0.1710659, 0.8860179, 1
0.7844372, 0.1139328, 0.7745563, 1
0.3588387, 0.1126538, 0.6927646, 1
0.1430552, 0.1346575, 0.5051419, 1
0.6655016, 0.1094079, 0.2508413, 1
0.303206, 0.1536809, 0.8600168, 1
0.5105101, 0.09630118, 0.4266984, 1
0.2532285, 0.1008822, 0.7293603, 1
0.8572638, 0.1078762, 0.4643463, 1
0.3149737, 0.1035822, 0.7693852, 1
0.3738771, 0.09339281, 0.3512683, 1
0.4184713, 0.09871306, 0.5714692, 1
0.238288, 0.1231351, 0.8191912, 1
0.2351332, 0.1124258, 0.7091348, 1
0.8822605, 0.1609029, 0.5961442, 1
0.1985192, 0.1110484, 0.5559032, 1
0.4164002, 0.1482001, 0.8425285, 1
0.6701542, 0.1094751, 0.7233365, 1
0.7061813, 0.09979922, 0.4128527, 1
0.2657855, 0.1199106, 0.8177865, 1
0.3021866, 0.1082434, 0.3868286, 1
0.5819392, 0.09760931, 0.7222943, 1
0.8727972, 0.1129335, 0.7115617, 1
0.2605537, 0.1024534, 0.733976, 1
0.6983993, 0.1075912, 0.377364, 1
0.5645358, 0.09518988, 0.5894823, 1
0.5535837, 0.101508, 0.2945547, 1
0.3730992, 0.1064904, 0.1574798, 1
0.5668605, 0.09741244, 0.7380337, 1
0.7590008, 0.1298142, 0.832331, 1
0.4767426, 0.09958, 0.5021643, 1
0.2624622, 0.1064167, 0.5307834, 1
0.7845581, 0.1182064, 0.7776502, 1
0.09652144, 0.1500819, 0.3890303, 1
0.2554016, 0.1170219, 0.2424164, 1
0.4772202, 0.1550761, 0.8578205, 1
0.8651534, 0.1044785, 0.6953092, 1
0.6595852, 0.1203827, 0.1528545, 1
0.5292036, 0.1007296, 0.7878011, 1
0.4888423, 0.09793034, 0.2378944, 1
0.8243216, 0.1024316, 0.6700331, 1
0.5408815, 0.1111898, 0.0828946, 1
0.5693017, 0.09242401, 0.4331502, 1
0.4536673, 0.1050694, 0.6148452, 1
0.4357855, 0.1038881, 0.3503372, 1
0.8633028, 0.1055823, 0.7800017, 1
0.2982324, 0.1036579, 0.3381376, 1
0.7079613, 0.1029399, 0.3055916, 1
0.3939597, 0.0921886, 0.6594335, 1
0.8389878, 0.1175365, 0.6659166, 1
0.2888447, 0.1006197, 0.220244, 1
0.2827531, 0.09600067, 0.6748855, 1
0.5688072, 0.1031518, 0.326772, 1
0.5988265, 0.09684884, 0.123445, 1
0.2029717, 0.1124604, 0.3135413, 1
0.8596418, 0.1217852, 0.3102475, 1
0.7725317, 0.1024922, 0.3217814, 1
0.5044426, 0.1064852, 0.3085808, 1
0.6895, 0.08483753, 0.2376178, 1
0.7782929, 0.09262091, 0.3746168, 1
0.4652584, 0.1032269, 0.6480218, 1
0.2687153, 0.1159845, 0.2376374, 1
0.192338, 0.1275638, 0.7032948, 1
0.881216, 0.1329932, 0.4599339, 1
0.4141409, 0.09678541, 0.1406528, 1
0.2508467, 0.1028104, 0.294814, 1
0.4108656, 0.09414847, 0.2380874, 1
0.1540047, 0.1100404, 0.6248416, 1
0.1152798, 0.119001, 0.3055575, 1
0.4971468, 0.09897052, 0.8002378, 1
0.5022861, 0.1087454, 0.7957141, 1
0.6083911, 0.1017931, 0.3763192, 1
0.3886445, 0.1061768, 0.4456837, 1
0.4251012, 0.101844, 0.5352719, 1
0.2125469, 0.1052773, 0.5045569, 1
0.5215339, 0.0933371, 0.2775169, 1
0.4108422, 0.1045665, 0.4148447, 1
0.3534078, 0.1189981, 0.8203766, 1
0.4423857, 0.186773, 0.86301, 1
0.5407589, 0.09198982, 0.6357695, 1
0.4198567, 0.09735195, 0.4982709, 1
0.8110364, 0.1040087, 0.5677847, 1
0.5839486, 0.09065138, 0.5393529, 1
0.4108698, 0.0930492, 0.3611792, 1
0.2283723, 0.105945, 0.3480746, 1
0.8902356, 0.1780978, 0.585674, 1
0.6419728, 0.1001556, 0.3751459, 1
0.1694471, 0.1049443, 0.2772355, 1
0.7105904, 0.09633024, 0.6584902, 1
0.8726113, 0.1169478, 0.7470106, 1
0.8810257, 0.1710568, 0.4396206, 1
0.3768257, 0.1019946, 0.1559165, 1
0.7310023, 0.0931216, 0.6168492, 1
0.2104997, 0.1122734, 0.8022108, 1
0.295933, 0.1302244, 0.8256951, 1
0.4496448, 0.1005104, 0.3218439, 1
0.1755224, 0.1143184, 0.4903823, 1
0.5636025, 0.09992465, 0.6272652, 1
0.6383905, 0.1195924, 0.2284039, 1
0.5199111, 0.09361769, 0.1719664, 1
0.6977276, 0.1082002, 0.5528585, 1
0.7463777, 0.1094025, 0.5974795, 1
0.4115065, 0.09312924, 0.3266769, 1
0.7924708, 0.1298589, 0.7916828, 1
0.6199012, 0.09989581, 0.1258298, 1
0.1295636, 0.1260382, 0.3960037, 1
0.1575028, 0.1262397, 0.4617865, 1
0.7745413, 0.1085503, 0.4252704, 1
0.3439576, 0.1058598, 0.7462428, 1
0.8205747, 0.1232075, 0.7714939, 1
0.7646911, 0.1041338, 0.2562402, 1
0.8868736, 0.1093383, 0.508926, 1
0.2078032, 0.09516621, 0.4880803, 1
0.8378007, 0.1317396, 0.4215443, 1
0.271699, 0.1170756, 0.2239338, 1
0.6366104, 0.1030784, 0.314061, 1
0.6710451, 0.1034938, 0.38517, 1
0.330778, 0.1019794, 0.2187751, 1
0.2243825, 0.1247635, 0.8089794, 1
0.6014897, 0.1015697, 0.7323533, 1
0.7002478, 0.1111399, 0.7010426, 1
0.5597769, 0.09629915, 0.7115543, 1
0.2295808, 0.1049785, 0.3896077, 1
0.2302817, 0.1060213, 0.6030949, 1
0.6255081, 0.1077066, 0.5774794, 1
0.7276152, 0.09685636, 0.454905, 1
0.5042573, 0.0980524, 0.5000353, 1
0.8210748, 0.1497689, 0.391915, 1
0.5968661, 0.1102467, 0.2245156, 1
0.5026827, 0.0941165, 0.6639643, 1
0.4061176, 0.09283588, 0.6280173, 1
0.5995823, 0.1035032, 0.4372063, 1
0.7480721, 0.1264839, 0.8133244, 1
0.4933311, 0.09188925, 0.5170519, 1
0.5134431, 0.1522812, 0.8556697, 1
0.4821271, 0.1759702, 0.8859501, 1
0.7882507, 0.1048377, 0.5953072, 1
0.731993, 0.1015734, 0.7628857, 1
0.826214, 0.1200077, 0.7858435, 1
0.1698209, 0.1089768, 0.3489485, 1
0.1426826, 0.1511361, 0.4643821, 1
0.6670133, 0.09500711, 0.6648152, 1
0.8823226, 0.1779753, 0.5529827, 1
0.5382387, 0.09738586, 0.5795269, 1
0.5992465, 0.1015521, 0.488969, 1
0.1487259, 0.1335281, 0.5012529, 1
0.6126598, 0.09930964, 0.3981086, 1
0.3222174, 0.09269261, 0.4161695, 1
0.8004512, 0.1073655, 0.3927649, 1
0.1244383, 0.1146811, 0.5369962, 1
0.6505814, 0.1179382, 0.2244615, 1
0.6104064, 0.1134964, 0.1532472, 1
0.7721811, 0.141772, 0.8308154, 1
0.147521, 0.1284, 0.7299594, 1
0.619566, 0.1066714, 0.4842073, 1
0.3731061, 0.1021019, 0.7558898, 1
0.7246829, 0.1226, 0.2623576, 1
0.6615167, 0.09875321, 0.5092633, 1
0.2698268, 0.09702254, 0.6598946, 1
0.2226502, 0.0936547, 0.4725626, 1
0.5595096, 0.09430013, 0.3321536, 1
0.8534804, 0.1196076, 0.5451589, 1
0.8004412, 0.1004251, 0.6915477, 1
0.3967335, 0.1062387, 0.4881249, 1
0.6261802, 0.0950573, 0.5263565, 1
0.5527213, 0.09493078, 0.2284976, 1
0.5278015, 0.1062712, 0.3681989, 1
0.6655833, 0.1003888, 0.4246058, 1
0.09874196, 0.1065397, 0.6685407, 1
0.3557089, 0.1039496, 0.2253049, 1
0.5644223, 0.1031151, 0.1014167, 1
0.3548368, 0.1008303, 0.4254725, 1
0.3605467, 0.09391421, 0.7651203, 1
0.7627501, 0.1087051, 0.2529554, 1
0.271428, 0.09517395, 0.5247845, 1
0.1793357, 0.1185134, 0.6626404, 1
0.8678138, 0.1218061, 0.5942116, 1
0.8098897, 0.1049588, 0.4641545, 1
0.7670373, 0.09985485, 0.472632, 1
0.5481451, 0.1074658, 0.189356, 1
0.7385587, 0.09268493, 0.3556183, 1
0.7701026, 0.09941057, 0.5416403, 1
0.433589, 0.1069616, 0.7268894, 1
0.4440318, 0.09048102, 0.7426381, 1
0.3185058, 0.129706, 0.84389, 1
0.2510228, 0.1223212, 0.7417231, 1
0.4219624, 0.1079281, 0.2239633, 1
0.5037472, 0.1164692, 0.1381501, 1
0.5594944, 0.1121346, 0.7060916, 1
0.1676507, 0.1225328, 0.707966, 1
0.6031471, 0.09060065, 0.4774193, 1
0.2593125, 0.1080807, 0.5218527, 1
0.8362287, 0.1043865, 0.7670611, 1
0.3025375, 0.09871152, 0.1949662, 1
0.5583261, 0.1004217, 0.1225706, 1
0.5754605, 0.1879395, 0.8645939, 1
0.2045873, 0.105492, 0.540292, 1
0.1838998, 0.1087687, 0.4980318, 1
0.5865666, 0.08957262, 0.468179, 1
0.5216631, 0.1016919, 0.8188065, 1
0.4572051, 0.09220088, 0.419483, 1
0.1446549, 0.1105075, 0.3405468, 1
0.151589, 0.1179333, 0.3534003, 1
0.2785663, 0.09913845, 0.7727773, 1
0.3925001, 0.1281295, 0.8277695, 1
0.2671139, 0.1116908, 0.2385593, 1
0.8758704, 0.1402682, 0.4556652, 1
0.6287095, 0.09828611, 0.3087516, 1
0.4634629, 0.1014678, 0.7666304, 1
0.3740265, 0.1006946, 0.314976, 1
0.6836259, 0.1135282, 0.2762818, 1
0.5970117, 0.09977126, 0.3323873, 1
0.6135654, 0.1070813, 0.5981618, 1
0.8597354, 0.1149838, 0.4600801, 1
0.4249115, 0.1071517, 0.1571692, 1
0.3084072, 0.1034402, 0.6331311, 1
0.192801, 0.1113996, 0.474248, 1
0.6135928, 0.09577739, 0.1658229, 1
0.424789, 0.1085938, 0.1103191, 1
0.502256, 0.1093335, 0.2438983, 1
0.4708374, 0.09742232, 0.4586514, 1
0.8196055, 0.095268, 0.2475066, 1
0.5341935, 0.1100425, 0.7885152, 1
0.6669483, 0.1127198, 0.2388389, 1
0.6790632, 0.0964383, 0.5381881, 1
0.7304253, 0.1115976, 0.7153058, 1
0.6931227, 0.1049744, 0.2900417, 1
0.1801572, 0.1114443, 0.6078382, 1
0.2566787, 0.09639118, 0.7404043, 1
0.3015033, 0.1024735, 0.4676068, 1
0.3227881, 0.1048665, 0.5055591, 1
0.2847127, 0.1030461, 0.5031488, 1
0.8352717, 0.1208275, 0.7599764, 1
0.5865428, 0.1090608, 0.2772101, 1
0.1656289, 0.1086759, 0.5586191, 1
0.2777948, 0.1050115, 0.4817736, 1
0.5430409, 0.1013309, 0.3342284, 1
0.3790601, 0.1083688, 0.6474916, 1
0.7310343, 0.0981304, 0.1765678, 1
0.1427896, 0.1205562, 0.5307314, 1
0.2166466, 0.119689, 0.7990174, 1
0.5053996, 0.224989, 0.8968931, 1
0.3726421, 0.1063375, 0.6209846, 1
0.5129714, 0.2113616, 0.88649, 1
0.3438489, 0.1046136, 0.1462342, 1
0.8475085, 0.1124883, 0.3140671, 1
0.3299459, 0.1024931, 0.7557659, 1
0.3002676, 0.1078825, 0.1981858, 1
0.7915814, 0.1140404, 0.7286395, 1
0.6068725, 0.1043851, 0.6068121, 1
0.622453, 0.1595253, 0.8510986, 1
0.5063556, 0.1052052, 0.6752393, 1
0.2858448, 0.1085425, 0.4669308, 1
0.4509923, 0.09708827, 0.6950089, 1
0.4888514, 0.0924764, 0.3414213, 1
0.7545957, 0.1114512, 0.7804918, 1
0.4287293, 0.1082071, 0.5931172, 1
0.6677433, 0.1151363, 0.8142645, 1
0.1901118, 0.1090517, 0.3910252, 1
0.374442, 0.1610114, 0.8428177, 1
0.8252671, 0.1207789, 0.8210437, 1
0.7371007, 0.1657041, 0.8371708, 1
0.4879602, 0.1395881, 0.8640748, 1
0.664705, 0.09380136, 0.3507119, 1
0.7655714, 0.09639432, 0.4734722, 1
0.5990608, 0.1075362, 0.5668475, 1
0.5128638, 0.1001488, 0.592181, 1
0.4647022, 0.09547932, 0.4726835, 1
0.6627982, 0.1233008, 0.25562, 1
0.1802004, 0.1149796, 0.331021, 1
0.2497391, 0.107425, 0.2961068, 1
0.7867095, 0.1161063, 0.6939741, 1
0.4430015, 0.08955952, 0.2234935, 1
0.5123837, 0.1002673, 0.2702629, 1
0.8878861, 0.127429, 0.4501925, 1
0.4698471, 0.1017716, 0.2675312, 1
0.3514568, 0.1073186, 0.5722765, 1
0.8260105, 0.1143201, 0.7757216, 1
0.665551, 0.139857, 0.8172342, 1
0.846885, 0.1045263, 0.5716567, 1
0.7410201, 0.1038629, 0.692875, 1
0.3962837, 0.1191041, 0.7874824, 1
0.7725664, 0.1159205, 0.2645028, 1
0.3929247, 0.1082397, 0.4221959, 1
0.6843973, 0.09626882, 0.6476328, 1
0.4339194, 0.09459998, 0.2595598, 1
0.5490091, 0.09793641, 0.2777294, 1
0.6339968, 0.114584, 0.1675243, 1
0.1499672, 0.1203128, 0.6535196, 1
0.5850474, 0.09650682, 0.3195969, 1
0.386404, 0.09757158, 0.3643987, 1
0.6874866, 0.1114208, 0.2353794, 1
0.3143999, 0.09666163, 0.4182279, 1
0.8612397, 0.1628343, 0.3225679, 1
0.1667977, 0.119037, 0.2705604, 1
0.2671927, 0.1090259, 0.6115044, 1
0.5279819, 0.1040162, 0.5869389, 1
0.5986531, 0.09929453, 0.6870942, 1
0.2047251, 0.1037601, 0.3190779, 1
0.2367756, 0.1448327, 0.7508683, 1
0.1128101, 0.1121436, 0.6489002, 1
0.2485412, 0.09231371, 0.4661106, 1
0.8092336, 0.1292208, 0.8319706, 1
0.2060909, 0.1058123, 0.6146534, 1
0.7738438, 0.1105079, 0.2719249, 1
0.8046854, 0.09541739, 0.5597098, 1
0.2804333, 0.09448277, 0.6212766, 1
0.6168933, 0.1099439, 0.6330358, 1
0.3595457, 0.1060953, 0.638389, 1
0.7129771, 0.0902087, 0.241704, 1
0.1791788, 0.1306859, 0.6786118, 1
0.5357191, 0.128429, 0.8502926, 1
0.5168417, 0.1043269, 0.6868235, 1
0.6471457, 0.1024028, 0.3036756, 1
0.4785952, 0.1081633, 0.2297075, 1
0.437831, 0.1080737, 0.2867729, 1
0.3251527, 0.1083353, 0.2880646, 1
0.6561508, 0.1018551, 0.5454456, 1
0.7359355, 0.1234345, 0.2297389, 1
0.8003144, 0.1120665, 0.4131406, 1
0.4206762, 0.1081949, 0.1708755, 1
0.8086853, 0.1146557, 0.4429378, 1
0.2081713, 0.09884003, 0.7894696, 1
0.2238678, 0.09372195, 0.4213933, 1
0.7396669, 0.107843, 0.3888229, 1
0.5964967, 0.1026392, 0.690181, 1
0.717819, 0.103195, 0.5880616, 1
0.7680641, 0.1326722, 0.8198501, 1
0.4640504, 0.107831, 0.4601452, 1
0.1233077, 0.1429513, 0.5324553, 1
0.2042416, 0.1055798, 0.3675642, 1
0.3329447, 0.1767496, 0.8471958, 1
0.5065562, 0.1082319, 0.5676422, 1
0.4781525, 0.1071473, 0.3924631, 1
0.2968832, 0.09561887, 0.4443764, 1
0.5379119, 0.1073518, 0.3860049, 1
0.4550833, 0.1094938, 0.61453, 1
0.2693015, 0.12846, 0.8182537, 1
0.4076429, 0.1312366, 0.1144051, 1
0.5380401, 0.09749082, 0.6285795, 1
0.7386977, 0.1160271, 0.7753983, 1
0.1497489, 0.1214164, 0.6543309, 1
0.1637202, 0.1171252, 0.5046541, 1
0.4079446, 0.09878451, 0.713989, 1
0.42053, 0.10194, 0.6819354, 1
0.5271716, 0.1676333, 0.8746133, 1
0.4778378, 0.1675403, 0.8758965, 1
0.5801893, 0.1020904, 0.3568058, 1
0.6637906, 0.1336189, 0.8801526, 1
0.8101536, 0.1134478, 0.7070112, 1
0.7476383, 0.1106655, 0.7496211, 1
0.1399689, 0.1276489, 0.5181341, 1
0.6913009, 0.1060027, 0.3876519, 1
0.2262761, 0.114351, 0.3066767, 1
0.5323095, 0.1204624, 0.8551926, 1
0.8060725, 0.1322284, 0.3855186, 1
0.8807942, 0.1306295, 0.4946222, 1
0.4914803, 0.09540929, 0.3019224, 1
0.7116035, 0.1074931, 0.3462106, 1
0.6044064, 0.1065367, 0.5645128, 1
0.3250405, 0.1115495, 0.2938476, 1
0.2750414, 0.09517547, 0.616546, 1
0.3731444, 0.110499, 0.2011709, 1
0.6403797, 0.09616937, 0.6702431, 1
0.2155296, 0.1155903, 0.6351328, 1
0.7462003, 0.1090816, 0.1866547, 1
0.8225898, 0.09600379, 0.4528089, 1
0.3380067, 0.1002654, 0.7586797, 1
0.3982227, 0.09210628, 0.4040976, 1
0.528018, 0.09224985, 0.2131369, 1
0.7718282, 0.1013236, 0.4029727, 1
0.6687208, 0.1267387, 0.8605345, 1
0.2480455, 0.1126266, 0.7205933, 1
0.2638434, 0.1136583, 0.2377424, 1
0.1426805, 0.1153911, 0.6294259, 1
0.5329115, 0.1022362, 0.191344, 1
0.2520269, 0.1226405, 0.7541822, 1
0.8086624, 0.1057588, 0.3887056, 1
0.6571718, 0.133807, 0.8592468, 1
0.2680434, 0.09620618, 0.392609, 1
0.2639549, 0.1105872, 0.4171312, 1
0.5279931, 0.09824218, 0.702276, 1
0.8852203, 0.1777149, 0.5876038, 1
0.6113293, 0.1033945, 0.5914654, 1
0.8362651, 0.1113618, 0.4519585, 1
0.3789378, 0.173526, 0.8345752, 1
0.2925127, 0.1271168, 0.8218303, 1
0.4632594, 0.2234326, 0.8930182, 1
0.229009, 0.103901, 0.3210981, 1
0.5035396, 0.1092912, 0.08770464, 1
0.2124706, 0.09419938, 0.7845161, 1
0.670285, 0.1105542, 0.4799083, 1
0.5959837, 0.1072836, 0.6757849, 1
0.252753, 0.1132821, 0.7370238, 1
0.5792795, 0.1058652, 0.5800964, 1
0.441311, 0.1045816, 0.1607258, 1
0.5531694, 0.09097952, 0.4727332, 1
0.1181544, 0.1408515, 0.412731, 1
0.7945511, 0.09241577, 0.4115278, 1
0.4408509, 0.106022, 0.2251167, 1
0.3260457, 0.0966434, 0.4886584, 1
0.6566937, 0.1357248, 0.8528913, 1
0.716498, 0.1085291, 0.4852452, 1
0.1181102, 0.1040845, 0.609538, 1
0.5430373, 0.1074789, 0.581107, 1
0.3641599, 0.1011619, 0.3589833, 1
0.2438173, 0.1051017, 0.6250836, 1
0.7784423, 0.09767584, 0.1867712, 1
0.2733771, 0.1119256, 0.7694367, 1
0.6216701, 0.09831604, 0.4866065, 1
0.6410131, 0.09553061, 0.6750237, 1
0.279328, 0.1018738, 0.4448356, 1
0.6108328, 0.09670675, 0.6433941, 1
0.096153, 0.1270347, 0.3875958, 1
0.1479746, 0.132353, 0.4907387, 1
0.4062361, 0.1179857, 0.1059193, 1
0.7870368, 0.1040972, 0.3372485, 1
0.3492439, 0.1374808, 0.8237309, 1
0.8170028, 0.1045785, 0.5393775, 1
0.6187446, 0.1071733, 0.3739893, 1
0.4510306, 0.1058461, 0.6240236, 1
0.4857874, 0.1644965, 0.8635958, 1
0.4719873, 0.1080418, 0.4544028, 1
0.6778564, 0.1048598, 0.56729, 1
0.2266973, 0.1067495, 0.3548483, 1
0.1214014, 0.1190237, 0.6841334, 1
0.574337, 0.1035945, 0.3287933, 1
0.6969959, 0.1145404, 0.2396921, 1
0.2989104, 0.1124043, 0.6397842, 1
0.4472283, 0.2045531, 0.861383, 1
0.3435909, 0.1092335, 0.1505957, 1
0.2510151, 0.1016425, 0.43003, 1
0.3596985, 0.09887748, 0.2060488, 1
0.6882765, 0.1111951, 0.4212194, 1
0.1632899, 0.1175005, 0.4423661, 1
0.1842546, 0.0983405, 0.3548063, 1
0.3591062, 0.0959029, 0.478885, 1
0.8354701, 0.112658, 0.2418257, 1
0.3937378, 0.10149, 0.7042826, 1
0.8802814, 0.1488376, 0.5907562, 1
0.5632252, 0.09095307, 0.605057, 1
0.3001924, 0.1087761, 0.2356329, 1
0.4196166, 0.09430096, 0.6699683, 1
0.2215775, 0.116817, 0.7111499, 1
0.4376751, 0.1017582, 0.2515239, 1
0.3727934, 0.1022931, 0.6970581, 1
0.4910346, 0.107306, 0.8095291, 1
0.4160737, 0.1498386, 0.8424492, 1
0.151583, 0.1222761, 0.4259736, 1
0.8490458, 0.1237149, 0.4219444, 1
0.4311533, 0.09934743, 0.735689, 1
0.5797964, 0.09825465, 0.7235079, 1
0.617516, 0.1119847, 0.161033, 1
0.6303561, 0.1135859, 0.1468832, 1
0.2955054, 0.09756109, 0.7901098, 1
0.2540768, 0.103351, 0.6319738, 1
0.3531819, 0.1093242, 0.8094025, 1
0.2981295, 0.1044573, 0.4083942, 1
0.7556069, 0.1535667, 0.8535555, 1
0.8934432, 0.1620361, 0.5100439, 1
0.8802744, 0.1212407, 0.2841327, 1
0.5532078, 0.09966337, 0.4310485, 1
0.3927142, 0.1320643, 0.8228742, 1
0.1872716, 0.1188721, 0.6631426, 1
0.7480828, 0.1138316, 0.1909196, 1
0.5578126, 0.09704936, 0.4944125, 1
0.675745, 0.09841841, 0.3206372, 1
0.4212055, 0.1301761, 0.1551537, 1
0.7351167, 0.1024798, 0.4454505, 1
0.6615558, 0.08696044, 0.2177816, 1
0.6365307, 0.09344755, 0.7798489, 1
0.4450216, 0.1205453, 0.1572307, 1
0.4396542, 0.1099123, 0.3260493, 1
0.5897077, 0.1140199, 0.780059, 1
0.1373726, 0.1191599, 0.6961138, 1
0.2221511, 0.1079264, 0.5113256, 1
0.1721304, 0.106662, 0.3333363, 1
0.819384, 0.1012341, 0.4198466, 1
0.561853, 0.1109289, 0.8315658, 1
0.2390119, 0.1048958, 0.5036505, 1
0.3476152, 0.1089181, 0.1467444, 1
0.6129351, 0.115135, 0.8381395, 1
0.1232536, 0.1055293, 0.3599754, 1
0.8129539, 0.1029355, 0.7132127, 1
0.2002789, 0.1280738, 0.6925523, 1
0.5737066, 0.1068452, 0.4634663, 1
0.6157334, 0.08920605, 0.4312129, 1
0.3703957, 0.1149865, 0.7820958, 1
0.5278272, 0.09339031, 0.5479486, 1
0.699212, 0.104359, 0.6962933, 1
0.659613, 0.1204521, 0.8075435, 1
0.8668222, 0.1014762, 0.4655577, 1
0.258666, 0.0960492, 0.6465741, 1
0.2938344, 0.1152038, 0.7624652, 1
0.5661604, 0.1272219, 0.8352028, 1
0.1575132, 0.124798, 0.456475, 1
0.5205987, 0.099328, 0.1355834, 1
0.643836, 0.09366561, 0.495583, 1
0.2427518, 0.09574451, 0.4430113, 1
0.7348905, 0.09789927, 0.4873438, 1
0.8814018, 0.1237895, 0.5579461, 1
0.1719388, 0.09441472, 0.5775129, 1
0.1187906, 0.1470705, 0.5467313, 1
0.3236327, 0.1206798, 0.7930917, 1
0.6632364, 0.1321479, 0.8815697, 1
0.2517081, 0.1193891, 0.7575054, 1
0.3691479, 0.1120119, 0.6727055, 1
0.560034, 0.09347764, 0.2966472, 1
0.4941994, 0.1573877, 0.8778035, 1
0.5242829, 0.09689974, 0.1263261, 1
0.3232565, 0.09998158, 0.6732902, 1
0.6275879, 0.1064539, 0.6182899, 1
0.6638993, 0.109339, 0.5417421, 1
0.5682898, 0.1061051, 0.2580193, 1
0.5971114, 0.1475609, 0.845348, 1
0.6291651, 0.1028343, 0.5588088, 1
0.7638947, 0.09795917, 0.5752868, 1
0.2670423, 0.09808791, 0.5960795, 1
0.214957, 0.0970514, 0.347365, 1
0.5323351, 0.2183745, 0.8876182, 1
0.1696368, 0.116968, 0.6033572, 1
0.3741845, 0.1216066, 0.7961536, 1
0.2380785, 0.1080622, 0.6653622, 1
0.4490191, 0.133736, 0.1615084, 1
0.6660405, 0.1404149, 0.8769701, 1
0.5092178, 0.09950393, 0.5343262, 1
0.2064356, 0.1104423, 0.7930822, 1
0.3973786, 0.106499, 0.460711, 1
0.5784197, 0.1037594, 0.6316509, 1
0.3187155, 0.09471743, 0.2992113, 1
0.2676416, 0.1243244, 0.2288192, 1
0.6588461, 0.1075099, 0.7350469, 1
0.7528944, 0.1350242, 0.8228633, 1
0.727608, 0.09747413, 0.1911627, 1
0.8391469, 0.1126853, 0.5273766, 1
0.3609233, 0.1098481, 0.7172983, 1
0.1226986, 0.1289826, 0.4180304, 1
0.4599369, 0.1866906, 0.8724526, 1
0.6681466, 0.1438502, 0.8683144, 1
0.2306721, 0.1176153, 0.6995857, 1
0.5683108, 0.09535531, 0.2484949, 1
0.7482446, 0.1548061, 0.8263277, 1
0.5624534, 0.1061444, 0.1126418, 1
0.422983, 0.09496146, 0.4065436, 1
0.8067095, 0.1131909, 0.3836091, 1
0.7669021, 0.0995481, 0.7556845, 1
0.6744062, 0.08934896, 0.2327689, 1
0.5194119, 0.09977928, 0.3116313, 1
0.3289185, 0.09952091, 0.7802865, 1
0.7767241, 0.1005509, 0.6251951, 1
0.3702, 0.1052429, 0.2932622, 1
0.6597792, 0.09350328, 0.5178847, 1
0.720504, 0.1069467, 0.6793302, 1
0.3493128, 0.09909313, 0.1602449, 1
0.5038255, 0.1458334, 0.8644941, 1
0.6021327, 0.09828984, 0.6662277, 1
0.5713587, 0.09720181, 0.1040017, 1
0.64246, 0.1081351, 0.6857366, 1
0.8282548, 0.09978279, 0.5208174, 1
0.6460603, 0.1028355, 0.3342761, 1
0.3431221, 0.107861, 0.149857, 1
0.3023887, 0.1089603, 0.3129373, 1
0.2750675, 0.1095854, 0.2320992, 1
0.5116843, 0.2243544, 0.8957408, 1
0.5595987, 0.0995683, 0.8274103, 1
0.5175099, 0.09171502, 0.1745832, 1
0.7227867, 0.1115538, 0.4671283, 1
0.2800164, 0.1053031, 0.2340665, 1
0.1416374, 0.1337361, 0.7329047, 1
0.1037659, 0.1479423, 0.574395, 1
0.6698866, 0.10949, 0.3306263, 1
0.3310908, 0.09644519, 0.1806431, 1
0.6205923, 0.1052316, 0.2582852, 1
0.4786127, 0.2207078, 0.880958, 1
0.6364901, 0.1049693, 0.8217214, 1
0.6463131, 0.1017243, 0.3657218, 1
0.2981962, 0.1082763, 0.362643, 1
0.3293682, 0.116041, 0.1819428, 1
0.4920899, 0.100907, 0.3020758, 1
0.5745832, 0.1051358, 0.3680071, 1
0.3910699, 0.1631651, 0.8350768, 1
0.4057851, 0.1037759, 0.4287869, 1
0.4612692, 0.09019835, 0.3775968, 1
0.6321127, 0.1092906, 0.7727926, 1
0.4976528, 0.09042764, 0.2254119, 1
0.1097536, 0.104474, 0.3004557, 1
0.368607, 0.1072674, 0.6254805, 1
0.6942795, 0.09217788, 0.4885949, 1
0.6248177, 0.1014517, 0.1739714, 1
0.2504784, 0.1139424, 0.7238348, 1
0.4386893, 0.09403817, 0.7859802, 1
0.7969126, 0.09473267, 0.2890993, 1
0.5735053, 0.1031763, 0.2002572, 1
0.7713221, 0.1048568, 0.4034988, 1
0.7430297, 0.1046237, 0.7750552, 1
0.3116314, 0.09522972, 0.2202792, 1
0.1312273, 0.1326704, 0.4249973, 1
0.4819071, 0.1056748, 0.3492934, 1
0.4264857, 0.09327678, 0.7154028, 1
0.4401099, 0.2083121, 0.8800935, 1
0.6904126, 0.1175088, 0.7616894, 1
0.6823134, 0.1100732, 0.8055874, 1
0.7844877, 0.1121781, 0.4970912, 1
0.2627971, 0.09642468, 0.7519983, 1
0.1230476, 0.1151028, 0.655241, 1
0.5165249, 0.1857307, 0.8794031, 1
0.5798368, 0.1032267, 0.2252262, 1
0.4938041, 0.09582754, 0.5222278, 1
0.4446907, 0.09769569, 0.2391123, 1
0.4505126, 0.2011199, 0.8664882, 1
0.4701922, 0.1149838, 0.1631452, 1
0.7216277, 0.09828588, 0.4417548, 1
0.321584, 0.1333182, 0.8437559, 1
0.6094667, 0.1166941, 0.1549063, 1
0.3063393, 0.1117702, 0.5028444, 1
0.1301835, 0.1067031, 0.3931584, 1
0.3455611, 0.1860094, 0.8395209, 1
0.2673154, 0.1061758, 0.6838427, 1
0.3105135, 0.1018865, 0.4243259, 1
0.3240186, 0.09783246, 0.6877099, 1
0.165094, 0.09898634, 0.5672343, 1
0.677844, 0.1127729, 0.7018661, 1
0.5199336, 0.09856224, 0.2484308, 1
0.7896982, 0.1161131, 0.7684703, 1
0.7038509, 0.09388201, 0.4930732, 1
0.2583207, 0.1216, 0.7994056, 1
0.7147985, 0.1142509, 0.6681911, 1
0.2410347, 0.09362227, 0.4668868, 1
0.5729342, 0.09904856, 0.4587272, 1
0.5249719, 0.09513242, 0.1496379, 1
0.6487209, 0.09036376, 0.5889041, 1
0.7634706, 0.1082961, 0.2686199, 1
0.4824166, 0.1126601, 0.1961291, 1
0.7802342, 0.1119118, 0.6277922, 1
0.5238162, 0.09566201, 0.5684295, 1
0.6376615, 0.09608091, 0.1463742, 1
0.469412, 0.1022024, 0.7999834, 1
0.2191988, 0.1041554, 0.2986681, 1
0.1251936, 0.1319502, 0.7159343, 1
0.591724, 0.1088476, 0.1013121, 1
0.6970956, 0.1000261, 0.2953054, 1
0.4047582, 0.0941434, 0.5710688, 1
0.3833899, 0.09675045, 0.7797054, 1
0.422383, 0.1153486, 0.8284218, 1
0.7559305, 0.1130166, 0.4514697, 1
0.2046859, 0.09398045, 0.5208788, 1
0.3749051, 0.09592553, 0.5929419, 1
0.2280279, 0.1034957, 0.4181915, 1
0.3986364, 0.1087003, 0.1113005, 1
0.3959446, 0.08797165, 0.1534365, 1
0.4818761, 0.09356938, 0.4043926, 1
0.1738136, 0.1006857, 0.5255739, 1
0.1308845, 0.11569, 0.4141679, 1
0.5199386, 0.111824, 0.771226, 1
0.4595085, 0.1003538, 0.7746986, 1
0.1593095, 0.09609431, 0.3028583, 1
0.1653986, 0.1299483, 0.7001668, 1
0.6590034, 0.1237339, 0.8690138, 1
0.5276253, 0.1007413, 0.5181401, 1
0.4872985, 0.09226632, 0.432277, 1
0.4382632, 0.1878276, 0.839275, 1
0.4998821, 0.1043844, 0.597262, 1
0.7013452, 0.0939031, 0.3673245, 1
0.1197438, 0.1224354, 0.5367996, 1
0.7694274, 0.1068706, 0.7799162, 1
0.2625593, 0.1061751, 0.2507167, 1
0.4392801, 0.1625445, 0.8577131, 1
0.4350525, 0.1037962, 0.255617, 1
0.1856622, 0.1065853, 0.52451, 1
0.7720908, 0.10033, 0.3811134, 1
0.6868795, 0.1756497, 0.8035636, 1
0.521295, 0.1040225, 0.7348327, 1
0.3441875, 0.1035377, 0.3563227, 1
0.6646538, 0.1472602, 0.8930199, 1
0.7977079, 0.0975161, 0.568494, 1
0.6189748, 0.099603, 0.4115823, 1
0.4773439, 0.09521296, 0.4936206, 1
0.5067479, 0.1115192, 0.772551, 1
0.4439801, 0.100566, 0.6474736, 1
0.3542135, 0.09940179, 0.2156822, 1
0.6565881, 0.09242535, 0.1466246, 1
0.5501407, 0.09257573, 0.3235968, 1
0.3328748, 0.110405, 0.1947158, 1
0.21467, 0.1086429, 0.559196, 1
0.0906729, 0.1205665, 0.6095175, 1
0.3987381, 0.1066109, 0.6382117, 1
0.8357738, 0.1028912, 0.37004, 1
0.1406247, 0.1024609, 0.6459157, 1
0.8679044, 0.1461501, 0.5926861, 1
0.841601, 0.1078039, 0.441507, 1
0.8783145, 0.1357675, 0.5431985, 1
0.4969155, 0.107935, 0.2653921, 1
0.5433558, 0.08945083, 0.4688239, 1
0.4021042, 0.09444147, 0.5820215, 1
0.6641484, 0.09515961, 0.7730383, 1
0.209959, 0.1078923, 0.4521808, 1
0.6339817, 0.1041815, 0.410559, 1
0.2823792, 0.09419139, 0.3270629, 1
0.5584587, 0.1057799, 0.1793173, 1
0.4874293, 0.1085014, 0.6162832, 1
0.1721821, 0.1122126, 0.3034866, 1
0.2532214, 0.09885375, 0.4724415, 1
0.4212563, 0.1011071, 0.3118109, 1
0.1405164, 0.1257971, 0.4275194, 1
0.6528423, 0.1014126, 0.7706407, 1
0.8388234, 0.09513837, 0.3554522, 1
0.6398214, 0.09696336, 0.2455383, 1
0.6625496, 0.135403, 0.8684823, 1
0.8097559, 0.1320319, 0.3940162, 1
0.6963511, 0.1002914, 0.3738118, 1
0.6715077, 0.1016449, 0.2832179, 1
0.1377876, 0.09816957, 0.6406817, 1
0.3116491, 0.09577462, 0.1820156, 1
0.406534, 0.1032304, 0.2453968, 1
0.2032378, 0.1127172, 0.3758382, 1
0.5668876, 0.1023457, 0.09870278, 1
0.1289632, 0.109291, 0.3828044, 1
0.6917606, 0.1093734, 0.6462504, 1
0.8216542, 0.0973517, 0.6937529, 1
0.7332779, 0.1065228, 0.3347792, 1
0.4032535, 0.09524044, 0.1476073, 1
0.1548797, 0.1131776, 0.6453314, 1
0.8606635, 0.1498493, 0.4178253, 1
0.789394, 0.114378, 0.7777831, 1
0.4424387, 0.1073732, 0.6788774, 1
0.8306981, 0.1140163, 0.416507, 1
0.7676108, 0.114713, 0.6638712, 1
0.1336905, 0.1304091, 0.5241366, 1
0.5282179, 0.1038016, 0.3849976, 1
0.4781677, 0.1839478, 0.8887606, 1
0.7426145, 0.1193812, 0.7832954, 1
0.484521, 0.1332567, 0.8619897, 1
0.8556171, 0.1032002, 0.6902945, 1
0.2390977, 0.1004673, 0.3897982, 1
0.6826778, 0.09874281, 0.6689423, 1
0.5593352, 0.1034193, 0.09271032, 1
0.5701569, 0.1691885, 0.8653176, 1
0.7988444, 0.09906843, 0.3097475, 1
0.2247227, 0.09948203, 0.422383, 1
0.5856462, 0.1060198, 0.4508548, 1
0.5860523, 0.0948291, 0.1477593, 1
0.1209137, 0.1230507, 0.5387886, 1
0.238984, 0.1461955, 0.7549999, 1
0.2776644, 0.1169871, 0.2669217, 1
0.2975128, 0.09665534, 0.373063, 1
0.6765422, 0.0970003, 0.2833649, 1
0.435271, 0.09212854, 0.452911, 1
0.1525225, 0.1263376, 0.6735874, 1
0.4337535, 0.2150706, 0.8749156, 1
0.75907, 0.09842894, 0.2038698, 1
0.6364693, 0.09872085, 0.7926564, 1
0.1839061, 0.1067638, 0.2835639, 1
0.2876793, 0.09640677, 0.7438121, 1
0.5622694, 0.09609219, 0.7245983, 1
0.5861547, 0.094184, 0.3173716, 1
0.500844, 0.09177747, 0.7513568, 1
0.443507, 0.0973348, 0.5938528, 1
0.6895036, 0.1005475, 0.5058293, 1
0.7577765, 0.1011719, 0.5486112, 1
0.2797014, 0.1101808, 0.6336051, 1
0.2316875, 0.1095802, 0.7045118, 1
0.7095494, 0.1083534, 0.517638, 1
0.2804177, 0.1051235, 0.3276709, 1
0.5643216, 0.1068046, 0.2160568, 1
0.4804535, 0.0993474, 0.5571378, 1
0.3593029, 0.0940245, 0.3426723, 1
0.41812, 0.09967714, 0.547928, 1
0.1763544, 0.09907523, 0.4044568, 1
0.4506285, 0.09360978, 0.552628, 1
0.7188216, 0.094096, 0.309108, 1
0.7411174, 0.09989492, 0.4903529, 1
0.6221623, 0.1004878, 0.5130139, 1
0.5654221, 0.09727509, 0.395339, 1
0.3630358, 0.1067756, 0.3723875, 1
0.6262475, 0.1028411, 0.5695565, 1
0.8038444, 0.09703647, 0.4762294, 1
0.4553302, 0.1060058, 0.4605192, 1
0.8200651, 0.1023271, 0.2308725, 1
0.8754392, 0.1346128, 0.4590033, 1
0.2704719, 0.09666923, 0.4146427, 1
0.7701106, 0.1088858, 0.4766676, 1
0.5156223, 0.1081435, 0.09511093, 1
0.5991791, 0.138625, 0.8477628, 1
0.5275759, 0.111434, 0.08848922, 1
0.6175814, 0.09559584, 0.2400619, 1
0.7486629, 0.1293369, 0.8214375, 1
0.5702323, 0.1077823, 0.5888451, 1
0.591763, 0.1058804, 0.2054618, 1
0.09864547, 0.1185595, 0.370272, 1
0.5726241, 0.1024288, 0.6715134, 1
0.420336, 0.1264293, 0.1238685, 1
0.7386385, 0.1204305, 0.2123483, 1
0.3008164, 0.1069123, 0.3554485, 1
0.1422359, 0.107499, 0.563723, 1
0.5752562, 0.09923831, 0.6353407, 1
0.5376566, 0.09864678, 0.5118061, 1
0.8749024, 0.1462205, 0.3067026, 1
0.8647775, 0.1195497, 0.2820612, 1
0.1176219, 0.1071638, 0.5996956, 1
0.3477361, 0.09290931, 0.5549538, 1
0.4112409, 0.1078078, 0.5571653, 1
0.3668369, 0.1128089, 0.7232225, 1
0.4297587, 0.1166084, 0.8113836, 1
0.5120832, 0.1068081, 0.132969, 1
0.4295552, 0.09918498, 0.281064, 1
0.6963692, 0.1016754, 0.6180673, 1
0.4755545, 0.1086227, 0.4740207, 1
0.716723, 0.1104804, 0.3214104, 1
0.1984907, 0.1204375, 0.8085008, 1
0.2659838, 0.1080532, 0.6017866, 1
0.737258, 0.1095019, 0.3176971, 1
0.7493523, 0.1112763, 0.7227489, 1
0.1991764, 0.1117628, 0.4452733, 1
0.6000509, 0.1071912, 0.3586204, 1
0.5777134, 0.09709571, 0.2946319, 1
0.1107754, 0.1162027, 0.6889276, 1
0.4983928, 0.1223942, 0.1147543, 1
0.222899, 0.09999605, 0.6367061, 1
0.7805969, 0.1142124, 0.6274797, 1
0.3109186, 0.1069051, 0.7714785, 1
0.7313323, 0.0931858, 0.475461, 1
0.6688511, 0.1485473, 0.884076, 1
0.5285895, 0.1716273, 0.8684835, 1
0.4871127, 0.09778104, 0.2949769, 1
0.5863601, 0.09568129, 0.1192287, 1
0.553488, 0.1034458, 0.6744372, 1
0.872004, 0.1288445, 0.7025973, 1
0.3017863, 0.1072895, 0.5910285, 1
0.3427351, 0.09154499, 0.6040202, 1
0.3856235, 0.1076921, 0.8006405, 1
0.7999151, 0.09078094, 0.3576483, 1
0.2003573, 0.121735, 0.2866515, 1
0.5178701, 0.09146945, 0.463766, 1
0.8534733, 0.1262406, 0.4416887, 1
0.1295832, 0.1069358, 0.3573824, 1
0.2685307, 0.09757785, 0.6221209, 1
0.7942088, 0.09806538, 0.3878009, 1
0.3597486, 0.1183835, 0.8200694, 1
0.3012909, 0.1058889, 0.4350644, 1
0.5226331, 0.108649, 0.5487939, 1
0.889792, 0.1492748, 0.5004339, 1
0.6706126, 0.09672398, 0.4343529, 1
0.2491532, 0.09670182, 0.5351464, 1
0.3647003, 0.09544894, 0.7487451, 1
0.5800366, 0.1049809, 0.1050397, 1
0.2827273, 0.09708131, 0.6120872, 1
0.3898593, 0.1745884, 0.8344319, 1
0.2815284, 0.101753, 0.3284612, 1
0.4588661, 0.1091379, 0.646503, 1
0.3102883, 0.109966, 0.8131056, 1
0.3032525, 0.09615745, 0.3557512, 1
0.2242519, 0.0973333, 0.3255463, 1
0.3677411, 0.1091902, 0.6385272, 1
0.5355826, 0.09153143, 0.5818181, 1
0.7320592, 0.1088768, 0.3518639, 1
0.3269989, 0.09727879, 0.4980436, 1
0.3836518, 0.09490737, 0.2268292, 1
0.7571019, 0.1142886, 0.695214, 1
0.342824, 0.102064, 0.7626775, 1
0.7226206, 0.09351274, 0.3980555, 1
0.699665, 0.1009407, 0.4939987, 1
0.8069693, 0.1069166, 0.6306048, 1
0.8881716, 0.1754427, 0.4331431, 1
0.7641774, 0.09876342, 0.601459, 1
0.8515064, 0.1419996, 0.3190673, 1
0.7814675, 0.1343475, 0.8102236, 1
0.3867665, 0.1021404, 0.7567832, 1
0.3368349, 0.1160772, 0.7988896, 1
0.3594349, 0.1091051, 0.6496816, 1
0.1077753, 0.09730429, 0.6360943, 1
0.2547607, 0.09941829, 0.2929386, 1
0.1337932, 0.1233478, 0.3692851, 1
0.5367451, 0.09170124, 0.6978237, 1
0.6332994, 0.1134446, 0.7253806, 1
0.460898, 0.2153769, 0.8839793, 1
0.722797, 0.09544338, 0.4844551, 1
0.1352032, 0.1095732, 0.3532649, 1
0.5281433, 0.1052924, 0.6926494, 1
0.3462946, 0.1006112, 0.418536, 1
0.2572906, 0.09188211, 0.3444452, 1
0.3388148, 0.09579947, 0.309998, 1
0.5922971, 0.1073586, 0.5746548, 1
0.3921589, 0.1089074, 0.2600882, 1
0.1666368, 0.125926, 0.6705461, 1
0.312135, 0.1064729, 0.2858135, 1
0.2791541, 0.1663949, 0.8722311, 1
0.4700576, 0.1010203, 0.4912246, 1
0.701605, 0.1090132, 0.5958923, 1
0.4967767, 0.0906069, 0.5338624, 1
0.5692983, 0.1004971, 0.3597874, 1
0.7103061, 0.1009752, 0.6601992, 1
0.7228233, 0.1010967, 0.3816012, 1
0.2975011, 0.112873, 0.7259649, 1
0.5276017, 0.1117065, 0.7860635, 1
0.4158314, 0.1031145, 0.7281992, 1
0.3999612, 0.1802889, 0.8354675, 1
0.6302615, 0.1033036, 0.7292224, 1
0.7015122, 0.1152948, 0.6959949, 1
0.8791411, 0.176282, 0.5190498, 1
0.3640556, 0.09478569, 0.4486345, 1
0.4485008, 0.0935747, 0.6677625, 1
0.681118, 0.1003631, 0.6673322, 1
0.7746037, 0.1421251, 0.8278502, 1
0.1502726, 0.1082374, 0.519303, 1
0.2383621, 0.1132607, 0.5500464, 1
0.5085301, 0.1185269, 0.138456, 1
0.6499665, 0.09697978, 0.271419, 1
0.3224216, 0.09123397, 0.3199657, 1
0.4778091, 0.1618505, 0.8764598, 1
0.3500445, 0.1008299, 0.1857023, 1
0.5906864, 0.09790847, 0.4077793, 1
0.6507273, 0.1214708, 0.8291688, 1
0.4630546, 0.1036986, 0.6175256, 1
0.2837218, 0.1050528, 0.216026, 1
0.2271009, 0.1146207, 0.34297, 1
0.4118474, 0.133856, 0.1463215, 1
0.478255, 0.1080168, 0.56844, 1
0.3985427, 0.09879006, 0.7202193, 1
0.1112529, 0.1377778, 0.5710819, 1
0.4399252, 0.08806162, 0.1600785, 1
0.3540693, 0.1079002, 0.2781313, 1
0.886529, 0.1423066, 0.4879681, 1
0.7922725, 0.1106565, 0.7735006, 1
0.5711448, 0.1066155, 0.8031495, 1
0.3028617, 0.09812163, 0.5113671, 1
0.5560821, 0.09756456, 0.7207254, 1
0.7801691, 0.1110439, 0.7764, 1
0.3173775, 0.1115254, 0.2836074, 1
0.4230534, 0.1010652, 0.7920197, 1
0.8590429, 0.1165502, 0.720545, 1
0.7552025, 0.1438888, 0.8161749, 1
0.5198639, 0.09850957, 0.4223551, 1
0.5265296, 0.1035998, 0.4895959, 1
0.4064351, 0.09613474, 0.27852, 1
0.8096173, 0.1157996, 0.8075572, 1
0.4746567, 0.1058284, 0.3013003, 1
0.2904559, 0.1030294, 0.4468375, 1
0.6916665, 0.1087524, 0.2959076, 1
0.4369563, 0.09463491, 0.3692859, 1
0.4360491, 0.0909739, 0.182158, 1
0.5334522, 0.09912007, 0.7500823, 1
0.4006271, 0.09858448, 0.3224237, 1
0.618688, 0.09289369, 0.649403, 1
0.5023807, 0.1049139, 0.6373596, 1
0.5698658, 0.1082329, 0.3403299, 1
0.500487, 0.09215596, 0.279579, 1
0.3142683, 0.09393922, 0.6679851, 1
0.6536093, 0.1103886, 0.4859941, 1
0.7945687, 0.141469, 0.8433005, 1
0.5811914, 0.1113535, 0.2047403, 1
0.3072983, 0.1074549, 0.6787526, 1
0.6838756, 0.1083551, 0.3034303, 1
0.4389947, 0.1979369, 0.8785271, 1
0.3975862, 0.08992239, 0.1347037, 1
0.5956119, 0.1086468, 0.7213444, 1
0.7482004, 0.1134937, 0.463229, 1
0.8506154, 0.1025228, 0.4847002, 1
0.7727266, 0.1070171, 0.2836916, 1
0.3894407, 0.09214425, 0.7090614, 1
0.4652782, 0.09610811, 0.2191823, 1
0.4004447, 0.145946, 0.8323314, 1
0.781977, 0.08697543, 0.3984234, 1
0.5491051, 0.09840804, 0.7726948, 1
0.1842632, 0.09303928, 0.5481495, 1
0.7957112, 0.110494, 0.2871023, 1
0.279051, 0.09946472, 0.5341129, 1
0.1945074, 0.1175792, 0.8063224, 1
0.6872789, 0.1002501, 0.2765714, 1
0.3475203, 0.112394, 0.701429, 1
0.1904222, 0.1079055, 0.615703, 1
0.4155913, 0.09266175, 0.3648145, 1
0.5951164, 0.1104739, 0.6601031, 1
0.7087269, 0.1148367, 0.7180048, 1
0.6755635, 0.1217561, 0.8178706, 1
0.6515829, 0.1005232, 0.2186444, 1
0.3123111, 0.1052702, 0.1837847, 1
0.5006486, 0.1055587, 0.09825698, 1
0.3723849, 0.1030361, 0.7402135, 1
0.5446187, 0.1026954, 0.4605139, 1
0.8737841, 0.1370459, 0.610433, 1
0.6842884, 0.1074379, 0.727013, 1
0.1983183, 0.1122064, 0.5945206, 1
0.6501154, 0.1187369, 0.2681772, 1
0.1224438, 0.1004138, 0.3049186, 1
0.7403293, 0.1031091, 0.3629074, 1
0.6740188, 0.1063573, 0.4922284, 1
0.2496671, 0.1142013, 0.6577626, 1
0.867469, 0.1135463, 0.5713304, 1
0.673463, 0.1071681, 0.6164826, 1
0.7269517, 0.1206456, 0.760004, 1
0.3245552, 0.1331953, 0.8437225, 1
0.5167626, 0.1233922, 0.836955, 1
0.8115879, 0.1298649, 0.3848852, 1
0.2445246, 0.1319873, 0.7400615, 1
0.09737139, 0.1312631, 0.5933781, 1
0.3229826, 0.1145785, 0.2310839, 1
0.4349217, 0.09406286, 0.576562, 1
0.4355575, 0.1059579, 0.1747233, 1
0.1440466, 0.1040496, 0.5424985, 1
0.1801299, 0.1154759, 0.5847908, 1
0.7502056, 0.1091318, 0.3253783, 1
0.8109673, 0.09663256, 0.6880609, 1
0.8382823, 0.1098388, 0.5293144, 1
0.8277273, 0.09168808, 0.3363164, 1
0.6604176, 0.1261224, 0.8712315, 1
0.560118, 0.1598312, 0.8640096, 1
0.7528881, 0.1321791, 0.7928341, 1
0.6184697, 0.09597058, 0.3647538, 1
0.8366175, 0.1021623, 0.4624759, 1
0.4743758, 0.1092108, 0.6500805, 1
0.2616749, 0.1066064, 0.7618613, 1
0.2296427, 0.155208, 0.8348906, 1
0.2936714, 0.1044293, 0.4391442, 1
0.8595767, 0.104298, 0.5170084, 1
0.6770963, 0.1263478, 0.7961571, 1
0.4054815, 0.09711546, 0.4505683, 1
0.2805532, 0.1070649, 0.2175262, 1
0.5004145, 0.1828432, 0.8884939, 1
0.8039211, 0.1068646, 0.406171, 1
0.5329184, 0.1029635, 0.6445512, 1
0.4056923, 0.1053983, 0.1657403, 1
0.1320488, 0.1492929, 0.719905, 1
0.3642555, 0.1029771, 0.6875892, 1
0.7495184, 0.1109547, 0.2177665, 1
0.7913315, 0.09459858, 0.2829381, 1
0.4633055, 0.1093061, 0.7999647, 1
0.8007204, 0.09796498, 0.4376275, 1
0.1362763, 0.1402647, 0.5166346, 1
0.565334, 0.1721212, 0.8699246, 1
0.3954967, 0.1116088, 0.3097982, 1
0.3399012, 0.1011007, 0.5706308, 1
0.4485197, 0.09062714, 0.6003621, 1
0.1048321, 0.164067, 0.4186024, 1
0.2961438, 0.1061983, 0.5311907, 1
0.8854519, 0.1182047, 0.5511764, 1
0.6565427, 0.1071495, 0.2924346, 1
0.4615975, 0.1011071, 0.4467275, 1
0.5372973, 0.09412641, 0.6545552, 1
0.8301118, 0.1309616, 0.6396382, 1
0.3010835, 0.1097096, 0.2661127, 1
0.8588473, 0.1157273, 0.2667628, 1
0.8116428, 0.1153366, 0.6755355, 1
0.3428518, 0.1080941, 0.6468849, 1
0.8276402, 0.115483, 0.8010244, 1
0.6163314, 0.1069863, 0.09641283, 1
0.2734506, 0.1122711, 0.7691474, 1
0.7305915, 0.1081158, 0.4213621, 1
0.6171052, 0.1004169, 0.2579129, 1
0.890515, 0.1439571, 0.5597156, 1
0.5246741, 0.1092088, 0.1723725, 1
0.750687, 0.0914791, 0.3873822, 1
0.2983765, 0.1058585, 0.4613159, 1
0.8718736, 0.1176123, 0.2531753, 1
0.1656242, 0.1222074, 0.7264615, 1
0.1402631, 0.1167557, 0.4063884, 1
0.4333886, 0.09894591, 0.6933805, 1
0.5963775, 0.1099678, 0.2137201, 1
0.6890833, 0.1040739, 0.5918822, 1
0.8316089, 0.1131594, 0.5526994, 1
0.7673439, 0.1536185, 0.854113, 1
0.2948183, 0.1069589, 0.4230215, 1
0.7071962, 0.09172206, 0.5109845, 1
0.7791561, 0.09931681, 0.3849768, 1
0.3552079, 0.09838215, 0.457085, 1
0.3185497, 0.09772301, 0.3136529, 1
0.5994211, 0.1182272, 0.8398076, 1
0.1713028, 0.09521339, 0.3405577, 1
0.8428541, 0.09638004, 0.7127838, 1
0.4794723, 0.1017314, 0.5924146, 1
0.4011722, 0.09810829, 0.1851339, 1
0.5232839, 0.09435622, 0.4498709, 1
0.4831958, 0.09506153, 0.3988522, 1
0.6182349, 0.0905, 0.4931213, 1
0.6619044, 0.1060643, 0.5026429, 1
0.853835, 0.1200578, 0.5866468, 1
0.6095864, 0.1842175, 0.8609225, 1
0.3560719, 0.1007971, 0.7661645, 1
0.1362246, 0.1411412, 0.7167746, 1
0.6384233, 0.1011983, 0.3716573, 1
0.8156781, 0.0893382, 0.3428255, 1
0.4701783, 0.105749, 0.3257402, 1
0.7239586, 0.1084746, 0.4545634, 1
0.3611694, 0.1060705, 0.7288349, 1
0.8409681, 0.1556026, 0.3112026, 1
0.6974759, 0.09854764, 0.3679339, 1
0.4456371, 0.1159028, 0.1553033, 1
0.268239, 0.1149928, 0.262116, 1
0.6642326, 0.1104589, 0.4231672, 1
0.2393581, 0.1164828, 0.714713, 1
0.1635749, 0.1041194, 0.5139132, 1
0.3526988, 0.09966047, 0.7436507, 1
0.8040688, 0.1328453, 0.8045567, 1
0.1197874, 0.1570435, 0.5379204, 1
0.7589369, 0.1476388, 0.8410278, 1
0.6845424, 0.1043688, 0.3418135, 1
0.6148373, 0.1030956, 0.1206941, 1
0.1764763, 0.1186381, 0.7036843, 1
0.5417285, 0.1056791, 0.1177528, 1
0.09646235, 0.1356647, 0.4061627, 1
0.2475341, 0.09494486, 0.3672312, 1
0.8790633, 0.1574237, 0.5631092, 1
0.4669993, 0.1188524, 0.8381495, 1
0.6162629, 0.1123426, 0.7086833, 1
0.3437218, 0.1056987, 0.5773857, 1
0.8207388, 0.1152858, 0.5788251, 1
0.4201573, 0.09786501, 0.6795719, 1
0.4706621, 0.09619046, 0.639153, 1
0.6751795, 0.09740671, 0.6247362, 1
0.3211867, 0.1065416, 0.5800719, 1
0.7080196, 0.09911776, 0.3170304, 1
0.5027442, 0.1232823, 0.8563276, 1
0.5989641, 0.1051317, 0.2602886, 1
0.1832178, 0.111333, 0.3984548, 1
0.7287689, 0.09232716, 0.4441363, 1
0.2760297, 0.1044632, 0.6303784, 1
0.2074259, 0.1172188, 0.6794102, 1
0.8400059, 0.1026894, 0.55266, 1
0.5227216, 0.09189409, 0.2127644, 1
0.3820095, 0.1148554, 0.813078, 1
0.4360881, 0.1200186, 0.1654618, 1
0.2306997, 0.1000712, 0.3731318, 1
0.2649288, 0.1067417, 0.8049147, 1
0.7222407, 0.1624305, 0.8050853, 1
0.7839339, 0.09895548, 0.2969655, 1
0.6762447, 0.1028609, 0.6818407, 1
0.5158887, 0.1062173, 0.5936926, 1
0.470608, 0.09252921, 0.4263802, 1
0.1135806, 0.1062026, 0.6641479, 1
0.4525397, 0.09581631, 0.2213331, 1
0.8675255, 0.1549265, 0.6268851, 1
0.5064199, 0.1015195, 0.5566863, 1
0.3435067, 0.1091808, 0.502064, 1
0.1359946, 0.105066, 0.5343108, 1
0.6696618, 0.09249403, 0.3876256, 1
0.4796174, 0.1373816, 0.8451445, 1
0.5190684, 0.09252218, 0.5793647, 1
0.8161052, 0.09447827, 0.546676, 1
0.7142528, 0.1016832, 0.6224934, 1
0.1721815, 0.1222489, 0.4589837, 1
0.5280994, 0.1000127, 0.3572006, 1
0.3083158, 0.1166608, 0.1939536, 1
0.3055599, 0.09583782, 0.6136348, 1
0.5315968, 0.09578677, 0.4547923, 1
0.5332147, 0.1065361, 0.4016567, 1
0.7893994, 0.1314088, 0.7945415, 1
0.5181292, 0.1065548, 0.6470223, 1
0.4924827, 0.09608284, 0.2349625, 1
0.6469151, 0.1057093, 0.1609982, 1
0.6358369, 0.09717283, 0.1658515, 1
0.3662713, 0.1010453, 0.6850752, 1
0.7071195, 0.1127778, 0.6600338, 1
0.5019391, 0.0917281, 0.2013935, 1
0.6125843, 0.1050087, 0.5555562, 1
0.8131933, 0.1403906, 0.409321, 1
0.1453549, 0.1262171, 0.5102871, 1
0.7857659, 0.1027776, 0.4944544, 1
0.6727573, 0.1449313, 0.8855002, 1
0.628465, 0.1057769, 0.6448464, 1
0.1625954, 0.1220088, 0.4811637, 1
0.8915363, 0.1590087, 0.553793, 1
0.5536219, 0.1119956, 0.7011517, 1
0.4008904, 0.1115453, 0.3241246, 1
0.5818911, 0.09365759, 0.3081273, 1
0.8767564, 0.176182, 0.4459147, 1
0.259874, 0.1028346, 0.6708524, 1
0.3931059, 0.1049877, 0.2407398, 1
0.7018427, 0.09855831, 0.4141558, 1
0.6648884, 0.09207586, 0.3938409, 1
0.6020834, 0.1077998, 0.3181715, 1
0.3291506, 0.1105224, 0.6445465, 1
0.7709023, 0.1017452, 0.7092361, 1
0.751853, 0.1576527, 0.8541715, 1
0.871942, 0.1195381, 0.705804, 1
0.6303083, 0.1117312, 0.2059558, 1
0.758454, 0.1300894, 0.797767, 1
0.7226469, 0.1028765, 0.6827454, 1
0.5125902, 0.09534171, 0.5906802, 1
0.2310533, 0.1146062, 0.6715474, 1
0.6065803, 0.09932803, 0.6179021, 1
0.1905837, 0.1170052, 0.6682454, 1
0.6237676, 0.1054282, 0.1967517, 1
0.4851093, 0.09641296, 0.3198269, 1
0.2243739, 0.1060858, 0.6413614, 1
0.6770181, 0.1067625, 0.4359531, 1
0.1137434, 0.1463913, 0.5368478, 1
0.7914114, 0.1063586, 0.5550968, 1
0.4949254, 0.104195, 0.3037329, 1
0.490159, 0.1212883, 0.853548, 1
0.6753981, 0.09541221, 0.6431439, 1
0.337586, 0.09669762, 0.6798357, 1
0.79287, 0.09289273, 0.4944191, 1
0.6523005, 0.1136588, 0.2400967, 1
0.5437627, 0.1113666, 0.7680771, 1
0.8471127, 0.1118186, 0.7496086, 1
0.3142882, 0.1082664, 0.4031635, 1
0.6475762, 0.1073444, 0.7099733, 1
0.2481008, 0.1143187, 0.3303797, 1
0.5190765, 0.09556125, 0.6935815, 1
0.6888698, 0.09754757, 0.2983611, 1
0.7493972, 0.09815154, 0.6761842, 1
0.1345416, 0.1148666, 0.363607, 1
0.8537459, 0.1320556, 0.6338854, 1
0.4514862, 0.09132712, 0.5048442, 1
0.5442933, 0.1108458, 0.2404088, 1
0.5054803, 0.1040286, 0.2168649, 1
0.7587334, 0.09748638, 0.3788562, 1
0.5203501, 0.09425697, 0.4908342, 1
0.802181, 0.09520711, 0.4352467, 1
0.605804, 0.09076637, 0.445898, 1
0.683847, 0.0963484, 0.796303, 1
0.7727456, 0.133403, 0.8207971, 1
0.4425222, 0.1034588, 0.7141275, 1
0.4820955, 0.176719, 0.8766091, 1
0.5292821, 0.1116883, 0.7699916, 1
0.4200342, 0.09785642, 0.3707806, 1
0.6538992, 0.1036853, 0.2911204, 1
0.260533, 0.09190068, 0.445121, 1
0.1856703, 0.1184377, 0.7016567, 1
0.2016495, 0.1106193, 0.3542954, 1
0.5201021, 0.152481, 0.8650335, 1
0.6156245, 0.1026043, 0.5592344, 1
0.2832625, 0.1178565, 0.218089, 1
0.2770586, 0.1104057, 0.2219652, 1
0.5271406, 0.1002827, 0.2736857, 1
0.2721007, 0.1008695, 0.4801637, 1
0.1994706, 0.0955185, 0.7902129, 1
0.2864565, 0.1138272, 0.2720419, 1
0.5282978, 0.09195095, 0.6772358, 1
0.2800997, 0.1111063, 0.3263175, 1
0.7808414, 0.09873323, 0.5896397, 1
0.8760063, 0.1904845, 0.5624387, 1
0.6652761, 0.1409583, 0.8712943, 1
0.2695032, 0.1201473, 0.2308051, 1
0.1340876, 0.1089993, 0.29184, 1
0.819456, 0.1053486, 0.3925065, 1
0.3817896, 0.09206474, 0.5370393, 1
0.2497346, 0.1098831, 0.8038139, 1
0.3741993, 0.1471509, 0.8351133, 1
0.5066238, 0.1110812, 0.08830201, 1
0.2750416, 0.09264158, 0.4609252, 1
0.6070408, 0.09415089, 0.4694388, 1
0.4539341, 0.1020251, 0.7189461, 1
0.2328843, 0.1148944, 0.5912781, 1
0.6128758, 0.09212712, 0.4490321, 1
0.5481549, 0.09624659, 0.3268796, 1
0.1665391, 0.09758919, 0.3748095, 1
0.4192677, 0.111004, 0.108816, 1
0.4208336, 0.1024381, 0.5604259, 1
0.4102858, 0.1057366, 0.3249862, 1
0.4594718, 0.09709971, 0.1780493, 1
0.7595595, 0.1018302, 0.7658074, 1
0.594668, 0.1133549, 0.1585799, 1
0.2348512, 0.1060391, 0.2640412, 1
0.5886371, 0.1530525, 0.8592148, 1
0.8124596, 0.1113949, 0.7605056, 1
0.1852753, 0.1117527, 0.3261676, 1
0.5938752, 0.1077083, 0.7434257, 1
0.6149343, 0.09482098, 0.4485994, 1
0.3702547, 0.1122034, 0.21953, 1
0.6699016, 0.1067289, 0.2267086, 1
0.7337175, 0.1079797, 0.707787, 1
0.211399, 0.106792, 0.6137464, 1
0.2750004, 0.09705372, 0.3030123, 1
0.6390886, 0.09464445, 0.4648891, 1
0.1261351, 0.0994719, 0.3140058, 1
0.4944361, 0.1498573, 0.8605099, 1
0.540512, 0.1049527, 0.8001695, 1
0.3726982, 0.1260354, 0.8010398, 1
0.4170123, 0.09920026, 0.3840857, 1
0.341172, 0.1098807, 0.5110663, 1
0.6122128, 0.09114981, 0.369064, 1
0.688822, 0.1082827, 0.6582102, 1
0.6149681, 0.09014403, 0.2890772, 1
0.7949684, 0.09331688, 0.7290134, 1
0.3694865, 0.09852494, 0.278123, 1
0.5412082, 0.09017321, 0.3959683, 1
0.114028, 0.1044935, 0.6338111, 1
0.6680232, 0.1223939, 0.2406109, 1
0.2535753, 0.09867543, 0.7376047, 1
0.5266885, 0.09646185, 0.1509732, 1
0.3082183, 0.09252673, 0.4111108, 1
0.3805402, 0.1002442, 0.7890123, 1
0.5089124, 0.09569903, 0.4904664, 1
0.3569505, 0.1030502, 0.5502646, 1
0.4172218, 0.1052764, 0.6875823, 1
0.6122625, 0.1096516, 0.8307518, 1
0.4531103, 0.09182847, 0.6557603, 1
0.6432014, 0.09668708, 0.5486664, 1
0.7894278, 0.1410593, 0.3244548, 1
0.1974141, 0.1126811, 0.8001867, 1
0.8830352, 0.116081, 0.747592, 1
0.2803229, 0.1148033, 0.6790625, 1
0.405755, 0.1587468, 0.8385388, 1
0.2790725, 0.1054178, 0.2536548, 1
0.2028181, 0.1063945, 0.3204089, 1
0.8113078, 0.1273314, 0.3474143, 1
0.4276338, 0.1774205, 0.8384984, 1
0.4617847, 0.1067066, 0.2635721, 1
0.5518196, 0.1036689, 0.6879903, 1
0.3651941, 0.1696249, 0.8304121, 1
0.6543931, 0.1092315, 0.7937449, 1
0.4661219, 0.09359884, 0.2307155, 1
0.7580283, 0.1088044, 0.7480608, 1
0.2685759, 0.0974084, 0.7633495, 1
0.601476, 0.09618808, 0.1339426, 1
0.8676663, 0.1001379, 0.4673191, 1
0.7299182, 0.1038544, 0.681778, 1
0.1188963, 0.1162544, 0.6554826, 1
0.8688571, 0.1120578, 0.7583523, 1
0.349992, 0.1012478, 0.7498716, 1
0.2235317, 0.1343345, 0.8228724, 1
0.3284469, 0.10945, 0.6283951, 1
0.6811907, 0.09861548, 0.6521792, 1
0.6571677, 0.1081864, 0.5043077, 1
0.809214, 0.09541682, 0.2759017, 1
0.5674068, 0.09986849, 0.2342842, 1
0.4918301, 0.09415057, 0.1959659, 1
0.6494468, 0.1019259, 0.4076429, 1
0.1493918, 0.1090151, 0.6327851, 1
0.4677781, 0.1001844, 0.2296466, 1
0.3890745, 0.1412617, 0.828796, 1
0.4250637, 0.1141165, 0.8156549, 1
0.3778858, 0.1021764, 0.2462125, 1
0.6331955, 0.1012737, 0.5574576, 1
0.6990552, 0.1004466, 0.5824278, 1
0.5484869, 0.09626576, 0.8067358, 1
0.5816177, 0.09691054, 0.2971621, 1
0.8176968, 0.0954993, 0.5498463, 1
0.2342878, 0.1012048, 0.7711228, 1
0.1088419, 0.1416455, 0.5807932, 1
0.2446498, 0.1089002, 0.7668489, 1
0.8383682, 0.1241796, 0.5996537, 1
0.8749515, 0.1895603, 0.5802137, 1
0.3497448, 0.1039613, 0.1550841, 1
0.6898001, 0.1001134, 0.5612435, 1
0.6129428, 0.09743651, 0.7859238, 1
0.6979176, 0.09359011, 0.4206792, 1
0.4998779, 0.09803901, 0.5265477, 1
0.1999175, 0.1102619, 0.3241203, 1
0.3700699, 0.09726016, 0.4306444, 1
0.5524271, 0.1869392, 0.8770514, 1
0.4060201, 0.09435261, 0.1167401, 1
0.1056367, 0.1257429, 0.3763161, 1
0.5652904, 0.09309015, 0.6425834, 1
0.3884346, 0.09540875, 0.5493953, 1
0.1560175, 0.1023753, 0.5516745, 1
0.7070835, 0.1068138, 0.75301, 1
0.4072166, 0.09652303, 0.3639802, 1
0.1997087, 0.1199975, 0.6930047, 1
0.2227641, 0.1022739, 0.7959877, 1
0.6639823, 0.1152262, 0.2454449, 1
0.8342643, 0.1277231, 0.6382396, 1
0.3382475, 0.1464992, 0.8462587, 1
0.6774426, 0.100443, 0.4305736, 1
0.3366424, 0.1147281, 0.7698683, 1
0.2049464, 0.1124851, 0.6067836, 1
0.6326743, 0.09610479, 0.2222894, 1
0.2598815, 0.1113629, 0.4819011, 1
0.1616775, 0.1094994, 0.6571218, 1
0.7448643, 0.1035375, 0.3105282, 1
0.5934876, 0.1012909, 0.578989, 1
0.1874557, 0.1089094, 0.5874954, 1
0.6567302, 0.1050616, 0.5668453, 1
0.4335969, 0.1001201, 0.7935639, 1
0.5854939, 0.1683404, 0.853503, 1
0.4559694, 0.1070305, 0.2163445, 1
0.5514065, 0.1037986, 0.7671463, 1
0.7929791, 0.1097798, 0.2193249, 1
0.4011553, 0.1107086, 0.1093015, 1
0.6496199, 0.0965584, 0.7664706, 1
0.510991, 0.0968697, 0.1921749, 1
0.117903, 0.1115147, 0.5977272, 1
0.738438, 0.1053079, 0.6639403, 1
0.5655727, 0.1090477, 0.2258084, 1
0.8453778, 0.0973183, 0.6949362, 1
0.4100084, 0.09801255, 0.4626445, 1
0.4462157, 0.09591991, 0.1867879, 1
0.3977513, 0.1001052, 0.3616005, 1
0.6313431, 0.09255777, 0.1997277, 1
0.4219789, 0.09380324, 0.7377738, 1
0.5688454, 0.0981142, 0.557019, 1
0.8542627, 0.1034543, 0.2252003, 1
0.1591559, 0.09225855, 0.5783515, 1
0.4493576, 0.1046061, 0.6394573, 1
0.6097479, 0.09817713, 0.2820378, 1
0.09922933, 0.1267356, 0.3895602, 1
0.5464564, 0.1113895, 0.8238753, 1
0.1448406, 0.1438102, 0.4750282, 1
0.275476, 0.1099425, 0.2298635, 1
0.8835948, 0.1107896, 0.2872857, 1
0.6465349, 0.1032047, 0.1717496, 1
0.456448, 0.113631, 0.8473576, 1
0.5333328, 0.1506054, 0.8668814, 1
0.7156813, 0.0997313, 0.5373498, 1
0.8015151, 0.0959814, 0.2674274, 1
0.7940878, 0.09722214, 0.217032, 1
0.7983139, 0.113682, 0.6073794, 1
0.8679891, 0.1270081, 0.6068934, 1
0.230954, 0.1037558, 0.3913287, 1
0.8348804, 0.1007199, 0.5368449, 1
0.7584726, 0.1140085, 0.4598947, 1
0.6342253, 0.1635804, 0.8487775, 1
0.8867269, 0.1266544, 0.2790505, 1
0.1962581, 0.1047047, 0.5624427, 1
0.6010337, 0.106239, 0.760148, 1
0.3425192, 0.101423, 0.3469916, 1
0.873953, 0.1220908, 0.5867556, 1
0.764801, 0.1105482, 0.6059115, 1
0.1151336, 0.1127394, 0.5556694, 1
0.3953783, 0.1352789, 0.8318385, 1
0.6294411, 0.0993121, 0.3228214, 1
0.2533623, 0.1167471, 0.2608556, 1
0.3782209, 0.09964556, 0.5241157, 1
0.6944515, 0.09168254, 0.5523565, 1
0.8260999, 0.1140797, 0.775113, 1
0.2818994, 0.1057367, 0.3543468, 1
0.6350577, 0.1028507, 0.6727628, 1
0.50844, 0.0918595, 0.6232284, 1
0.2473003, 0.09318448, 0.5062174, 1
0.4176285, 0.1071768, 0.8050833, 1
0.3665725, 0.09269828, 0.295829, 1
0.7239097, 0.09617895, 0.7223732, 1
0.8194321, 0.1113568, 0.5859781, 1
0.1334873, 0.1141988, 0.3663929, 1
0.3217373, 0.1024073, 0.3471689, 1
0.7660743, 0.100146, 0.4271411, 1
0.8576599, 0.1008641, 0.270748, 1
0.2842853, 0.09752119, 0.4901595, 1
0.299987, 0.1119284, 0.5233608, 1
0.1568085, 0.1058396, 0.3952941, 1
0.1142679, 0.1168524, 0.6163745, 1
0.4939898, 0.1178712, 0.8321787, 1
0.2507983, 0.1121984, 0.5826573, 1
0.870162, 0.1709277, 0.5969601, 1
0.7756425, 0.09575367, 0.5019049, 1
0.7892653, 0.1168759, 0.6350555, 1
0.4751704, 0.154127, 0.857738, 1
0.740491, 0.1074121, 0.775741, 1
0.326744, 0.0936745, 0.4477552, 1
0.3825453, 0.1042348, 0.7777207, 1
0.4411702, 0.1075679, 0.7945971, 1
0.2927512, 0.09859106, 0.2092503, 1
0.6761753, 0.1386329, 0.8839893, 1
0.2516442, 0.1263844, 0.8194694, 1
0.7299747, 0.09567405, 0.5702976, 1
0.5197089, 0.09137771, 0.3062227, 1
0.5670374, 0.1074397, 0.6930223, 1
0.3164478, 0.110223, 0.3392943, 1
0.6145902, 0.1070839, 0.5147347, 1
0.7283545, 0.09824497, 0.6755196, 1
0.373319, 0.09383252, 0.3298279, 1
0.3372434, 0.1144342, 0.1606502, 1
0.6989958, 0.09959692, 0.2555688, 1
0.5644548, 0.1000038, 0.2922645, 1
0.177038, 0.1259906, 0.6686875, 1
0.1025611, 0.1196491, 0.6277653, 1
0.6370021, 0.1050746, 0.5595185, 1
0.5449948, 0.1046303, 0.3357448, 1
0.3316226, 0.09412336, 0.7401452, 1
0.385896, 0.1214138, 0.7920986, 1
0.280926, 0.09201378, 0.6121575, 1
0.527054, 0.1018682, 0.6301975, 1
0.2106949, 0.121683, 0.655993, 1
0.6562829, 0.1053438, 0.5687627, 1
0.2883953, 0.1095661, 0.4183403, 1
0.3148637, 0.1008045, 0.1838154, 1
0.6399945, 0.1042208, 0.4302978, 1
0.8269863, 0.1451911, 0.3889389, 1
0.4345566, 0.09425109, 0.2038683, 1
0.5764624, 0.1055442, 0.2734261, 1
0.3510169, 0.08944047, 0.1258251, 1
0.2157144, 0.1141242, 0.7054178, 1
0.5023341, 0.095623, 0.2278064, 1
0.5736954, 0.09291421, 0.1403284, 1
0.8149654, 0.1039353, 0.7621326, 1
0.4873296, 0.1022713, 0.3146154, 1
0.5466255, 0.1058557, 0.2619199, 1
0.6140922, 0.09556422, 0.334432, 1
0.6572649, 0.1176988, 0.2368639, 1
0.5311172, 0.09777009, 0.5960768, 1
0.5979772, 0.1010542, 0.4465801, 1
0.8090822, 0.09075013, 0.3533111, 1
0.7931209, 0.1010529, 0.1971402, 1
0.6994843, 0.0941107, 0.4195159, 1
0.5348746, 0.09973674, 0.3998834, 1
0.2913186, 0.09546397, 0.7213931, 1
0.3675883, 0.1039211, 0.1787064, 1
0.4379238, 0.1054406, 0.5545296, 1
0.4979289, 0.1018383, 0.5963113, 1
0.7335932, 0.1074045, 0.7761182, 1
0.7672854, 0.1020065, 0.5934001, 1
0.527874, 0.1900673, 0.8726914, 1
0.2771456, 0.1005099, 0.7163177, 1
0.2250892, 0.09849089, 0.3386655, 1
0.1445657, 0.1164719, 0.6897808, 1
0.5611641, 0.1052849, 0.3672625, 1
0.5444928, 0.1045197, 0.7952981, 1
0.6903585, 0.09816038, 0.7836011, 1
0.3560287, 0.09212379, 0.2608809, 1
0.1567924, 0.1093499, 0.637336, 1
0.2548912, 0.1142664, 0.6949173, 1
0.4536929, 0.1089574, 0.7878116, 1
0.2354787, 0.09998011, 0.382756, 1
0.7349085, 0.09539911, 0.4028874, 1
0.2128422, 0.1105943, 0.6317711, 1
0.1291781, 0.1381295, 0.4341809, 1
0.4349908, 0.09900294, 0.3986831, 1
0.2959321, 0.09468371, 0.6127678, 1
0.517064, 0.1492822, 0.8576158, 1
0.4166851, 0.0944512, 0.2545992, 1
0.2560639, 0.1237101, 0.8030325, 1
0.1782757, 0.1174621, 0.6304436, 1
0.6460348, 0.1025842, 0.4410992, 1
0.6068301, 0.0987446, 0.5891178, 1
0.7434019, 0.09881102, 0.2704059, 1
0.2191409, 0.10393, 0.4348461, 1
0.4642839, 0.1014028, 0.6209548, 1
0.579366, 0.09497419, 0.7061614, 1
0.6499285, 0.09794474, 0.2688818, 1
0.6661185, 0.1353336, 0.8682023, 1
0.8317943, 0.1069114, 0.420598, 1
0.2834726, 0.1064031, 0.2148001, 1
0.6960546, 0.1067866, 0.4947997, 1
0.1749978, 0.1167042, 0.4533551, 1
0.8208014, 0.1257951, 0.8080384, 1
0.3954278, 0.09594181, 0.139669, 1
0.846674, 0.1095863, 0.2399213, 1
0.5069865, 0.09682152, 0.5162868, 1
0.7870361, 0.1183762, 0.7864527, 1
0.4202855, 0.0997014, 0.2244036, 1
0.8435926, 0.1098894, 0.7168489, 1
0.7146363, 0.09616666, 0.4231435, 1
0.8809742, 0.123767, 0.7048766, 1
0.5263286, 0.0928763, 0.2680972, 1
0.450671, 0.2137001, 0.8888271, 1
0.290555, 0.09867968, 0.2513489, 1
0.4473172, 0.1199129, 0.1586313, 1
0.308796, 0.107226, 0.7342591, 1
0.443565, 0.1272015, 0.8552406, 1
0.7632334, 0.1093873, 0.6434019, 1
0.7421442, 0.1065232, 0.5903608, 1
0.1513995, 0.1064221, 0.2738115, 1
0.4153466, 0.0879938, 0.1818427, 1
0.2231747, 0.1038827, 0.3047394, 1
0.8284196, 0.1276834, 0.6770946, 1
0.4947991, 0.1012884, 0.3035795, 1
0.5551394, 0.100393, 0.5229182, 1
0.8610716, 0.1029559, 0.7581313, 1
0.2718931, 0.106295, 0.6132526, 1
0.8416151, 0.1043568, 0.478489, 1
0.5516708, 0.2017084, 0.8850279, 1
0.7307642, 0.1040307, 0.2145628, 1
0.6687449, 0.1065517, 0.3035656, 1
0.2844988, 0.1084907, 0.2550858, 1
0.5265549, 0.1010693, 0.4944616, 1
0.4676817, 0.1474219, 0.8671082, 1
0.7050331, 0.09686835, 0.5783706, 1
0.5918663, 0.09635311, 0.4694248, 1
0.346853, 0.111006, 0.8064696, 1
0.885793, 0.1675335, 0.5857994, 1
0.1403151, 0.125264, 0.7165136, 1
0.568877, 0.1045323, 0.4374911, 1
0.3120232, 0.09542719, 0.3207789, 1
0.3633564, 0.1044272, 0.727349, 1
0.3671076, 0.1150439, 0.2060961, 1
0.2602596, 0.1146689, 0.239573, 1
0.5432283, 0.1001067, 0.2196278, 1
0.4227979, 0.09582929, 0.2978916, 1
0.8496603, 0.1062582, 0.4441126, 1
0.2508805, 0.09753877, 0.4304334, 1
0.6994182, 0.1054359, 0.6223884, 1
0.7772534, 0.1376254, 0.814952, 1
0.6809461, 0.1021456, 0.8083846, 1
0.7832288, 0.09834272, 0.282392, 1
0.3670009, 0.1044005, 0.4732479, 1
0.5542776, 0.09814646, 0.5040956, 1
0.6225176, 0.1154462, 0.1339051, 1
0.8394486, 0.1149843, 0.7046279, 1
0.2073436, 0.1077873, 0.4631719, 1
0.8349599, 0.1111396, 0.7801691, 1
0.2640805, 0.09553428, 0.5579452, 1
0.4951509, 0.1012529, 0.4147377, 1
0.7901927, 0.1295521, 0.7875272, 1
0.1791583, 0.09700502, 0.4048464, 1
0.4927137, 0.1095852, 0.3044567, 1
0.3582585, 0.1082368, 0.6258649, 1
0.5049165, 0.1029704, 0.7363258, 1
0.8149335, 0.1412778, 0.825847, 1
0.8413307, 0.09773315, 0.7117125, 1
0.4166808, 0.09741732, 0.3181697, 1
0.6107498, 0.09725972, 0.7429227, 1
0.3458785, 0.09199589, 0.3509719, 1
0.235212, 0.1217657, 0.718079, 1
0.09624301, 0.141866, 0.5843561, 1
0.3645929, 0.1121101, 0.3963869, 1
0.2225187, 0.1125448, 0.7074409, 1
0.5990974, 0.09470957, 0.6158879, 1
0.6257811, 0.1043384, 0.3792771, 1
0.4087248, 0.1053944, 0.1259, 1
0.7509488, 0.1047112, 0.7729705, 1
0.785047, 0.1144268, 0.4241731, 1
0.5702502, 0.09863957, 0.8249051, 1
0.4457765, 0.09890864, 0.277687, 1
0.2014631, 0.1121373, 0.626927, 1
0.5097926, 0.1021445, 0.3531318, 1
0.7203756, 0.106554, 0.7653909, 1
0.1855447, 0.09362984, 0.3586494, 1
0.6805722, 0.1100407, 0.3515765, 1
0.6977811, 0.1013285, 0.7225676, 1
0.2940292, 0.09559537, 0.3334973, 1
0.3236019, 0.09843938, 0.7134106, 1
0.4695584, 0.09483344, 0.7174321, 1
0.562155, 0.09536041, 0.3260424, 1
0.2947875, 0.1142724, 0.8057218, 1
0.4057942, 0.09691031, 0.7394757, 1
0.5401409, 0.1049564, 0.1568769, 1
0.6500854, 0.09681067, 0.3136813, 1
0.8734081, 0.1201091, 0.5837615, 1
0.3387644, 0.1101671, 0.2415715, 1
0.4722435, 0.09712456, 0.7643726, 1
0.8671017, 0.1041366, 0.7095619, 1
0.3761819, 0.09347884, 0.6512655, 1
0.5073609, 0.1627069, 0.8619374, 1
0.3608893, 0.09912545, 0.5225258, 1
0.5880432, 0.09451101, 0.4510417, 1
0.5918086, 0.1011128, 0.7669617, 1
0.7979838, 0.09377526, 0.3628711, 1
0.6324281, 0.1002861, 0.7551423, 1
0.8313974, 0.1084075, 0.3657117, 1
0.2026591, 0.1140853, 0.5598962, 1
0.3047267, 0.09716357, 0.4725538, 1
0.3712997, 0.1945667, 0.8282837, 1
0.279166, 0.09989137, 0.3591391, 1
0.4822993, 0.09266198, 0.6862128, 1
0.2298816, 0.09442165, 0.3798042, 1
0.2628735, 0.113825, 0.6871474, 1
0.5572178, 0.0942062, 0.6615385, 1
0.8088087, 0.1203537, 0.6392621, 1
0.3386814, 0.09425102, 0.2071562, 1
0.3860868, 0.1011737, 0.6134733, 1
0.6966378, 0.1007746, 0.4305417, 1
0.3943822, 0.09051257, 0.4657587, 1
0.1990033, 0.1084851, 0.7952638, 1
0.6836547, 0.1013824, 0.6452709, 1
0.6135824, 0.09703956, 0.2579515, 1
0.3244829, 0.09475115, 0.3604182, 1
0.509661, 0.1210212, 0.1411972, 1
0.2770015, 0.105109, 0.4231545, 1
0.6810923, 0.107391, 0.5084409, 1
0.7694675, 0.1041734, 0.7278572, 1
0.7151558, 0.1046875, 0.3886793, 1
0.4551413, 0.09111434, 0.4165881, 1
0.7293848, 0.1012799, 0.2180466, 1
0.2028745, 0.09490339, 0.7900638, 1
0.4975784, 0.09722746, 0.4695318, 1
0.1888131, 0.1043269, 0.610156, 1
0.7227153, 0.09721316, 0.1838634, 1
0.5833401, 0.107919, 0.7754728, 1
0.7248667, 0.09954474, 0.6725553, 1
0.4612533, 0.1023333, 0.5739587, 1
0.2873965, 0.09544813, 0.6529276, 1
0.3890473, 0.09606335, 0.1472236, 1
0.6545583, 0.1078918, 0.5042022, 1
0.428692, 0.1079182, 0.3481654, 1
0.8504828, 0.1231497, 0.7888781, 1
0.7102666, 0.1667293, 0.7967608, 1
0.2264912, 0.1089825, 0.6596348, 1
0.4495539, 0.1030377, 0.2600159, 1
0.5190954, 0.09075608, 0.4108293, 1
0.4370721, 0.105981, 0.1727414, 1
0.5209857, 0.09468207, 0.2323227, 1
0.6624286, 0.1339455, 0.843724, 1
0.6245244, 0.09222695, 0.3629898, 1
0.8817148, 0.1140626, 0.7444416, 1
0.4596993, 0.1066698, 0.5813597, 1
0.7962593, 0.1332204, 0.3967297, 1
0.3655246, 0.1007999, 0.3677121, 1
0.6006874, 0.1009873, 0.4064538, 1
0.646396, 0.1003923, 0.5853569, 1
0.7402443, 0.106127, 0.701234, 1
0.1346334, 0.1163113, 0.6373136, 1
0.5045738, 0.09209298, 0.4714528, 1
0.7710395, 0.107945, 0.291367, 1
0.620778, 0.09050524, 0.7972272, 1
0.3041307, 0.1102247, 0.2506886, 1
0.175321, 0.1022264, 0.2802421, 1
0.1587587, 0.1017528, 0.3100534, 1
0.7248356, 0.1112536, 0.4267628, 1
0.7833034, 0.1320241, 0.8119619, 1
0.2195727, 0.1144629, 0.6641078, 1
0.2502575, 0.1116726, 0.7587637, 1
0.3311546, 0.1917932, 0.8467092, 1
0.2307925, 0.1119642, 0.7831313, 1
0.3355941, 0.09405438, 0.3684901, 1
0.4417518, 0.2001049, 0.860306, 1
0.1588936, 0.1346588, 0.7308748, 1
0.4009083, 0.09861809, 0.7219149, 1
0.7893937, 0.09654043, 0.2586968, 1
0.8489836, 0.1067851, 0.5464789, 1
0.8109512, 0.1004912, 0.2566609, 1
0.8615608, 0.1422057, 0.5939746, 1
0.6324818, 0.10358, 0.3998682, 1
0.1869371, 0.09343827, 0.391719, 1
0.5042626, 0.1200858, 0.142395, 1
0.743332, 0.1031544, 0.5725595, 1
0.316481, 0.1093074, 0.5709229, 1
0.8090472, 0.1315532, 0.3873952, 1
0.6780697, 0.1108035, 0.7107551, 1
0.7948297, 0.09400307, 0.4236588, 1
0.7209041, 0.10001, 0.5489053, 1
0.436929, 0.1104657, 0.2790428, 1
0.553046, 0.1253779, 0.8564247, 1
0.6888131, 0.09886046, 0.728341, 1
0.3423254, 0.09511272, 0.7303122, 1
0.3373121, 0.101986, 0.6142806, 1
0.7261181, 0.1091145, 0.4243721, 1
0.8253843, 0.1090301, 0.5307996, 1
0.6569786, 0.1329803, 0.8593239, 1
0.1649664, 0.1107224, 0.4190771, 1
0.8611332, 0.1146919, 0.5486433, 1
0.56796, 0.1097382, 0.1419843, 1
0.3619443, 0.1001698, 0.6303683, 1
0.161915, 0.1007423, 0.3514471, 1
0.404011, 0.09434109, 0.4615652, 1
0.629293, 0.1093769, 0.6229082, 1
0.6747797, 0.1044888, 0.5773458, 1
0.7613254, 0.09945916, 0.7528155, 1
0.1707749, 0.1117145, 0.5035859, 1
0.6071104, 0.0974559, 0.1640993, 1
0.5241185, 0.09594345, 0.117851, 1
0.4717962, 0.1099358, 0.7732764, 1
0.2746488, 0.1108731, 0.721039, 1
0.7352539, 0.1086687, 0.1942811, 1
0.5576983, 0.210598, 0.8692952, 1
0.503868, 0.1171397, 0.1356631, 1
0.4761852, 0.144454, 0.8726838, 1
0.3125111, 0.1069647, 0.5020788, 1
0.6431915, 0.09233755, 0.2011483, 1
0.8246436, 0.09993809, 0.5905486, 1
0.5131596, 0.1099088, 0.7832108, 1
0.2022004, 0.1307844, 0.7338645, 1
0.231022, 0.1470066, 0.8353552, 1
0.3669809, 0.1132732, 0.7108329, 1
0.5537781, 0.101142, 0.2703098, 1
0.6855407, 0.1695927, 0.8010888, 1
0.1834684, 0.1090008, 0.4897705, 1
0.2551473, 0.09681969, 0.5977313, 1
0.2595095, 0.1025509, 0.3549132, 1
0.798771, 0.09982082, 0.7553114, 1
0.7923617, 0.1349396, 0.8187221, 1
0.2010443, 0.1073639, 0.3018196, 1
0.6442218, 0.1425073, 0.8474122, 1
0.2758692, 0.1510855, 0.8688077, 1
0.8593495, 0.120921, 0.7844611, 1
0.3518922, 0.1059639, 0.4461246, 1
0.8277315, 0.1061119, 0.5071173, 1
0.8407888, 0.1090516, 0.5277297, 1
0.3718082, 0.1152047, 0.8127175, 1
0.5862854, 0.09759821, 0.4829314, 1
0.8146611, 0.09823278, 0.5590434, 1
0.7402288, 0.140294, 0.7988259, 1
0.5443717, 0.1681751, 0.8708431, 1
0.6868848, 0.1116231, 0.4538947, 1
--COLORS--
1, 0.6411788, 0, 1
0.2693996, 1, 0, 1
