0.4817095, 0.3527019, 0.4066793, 0
0.7767655, 0.3666291, 0.2915009, 0
0.6473861, 0.3323546, 0.354497, 0
0.4930811, 0.2921278, 0.3090101, 0
0.8481614, 0.4833801, 0.2795981, 0
0.452114, 0.4215521, 0.2220524, 0
0.4009633, 0.3902178, 0.2177066, 0
0.7730062, 0.376906, 0.2739404, 0
0.472098, 0.3062553, 0.3171984, 0
0.4816386, 0.3391461, 0.409798, 0
0.613739, 0.4788642, 0.2929101, 0
0.5821944, 0.3632425, 0.2863092, 0
0.5362784, 0.4698243, 0.3870897, 0
0.5335682, 0.4040454, 0.3317457, 0
0.624541, 0.4513176, 0.3454401, 0
0.4358642, 0.3129344, 0.4203398, 0
0.8614727, 0.4198628, 0.2135626, 0
0.5269202, 0.3943511, 0.4208299, 0
0.419674, 0.4197901, 0.2529564, 0
0.3924808, 0.3688497, 0.3729456, 0
0.7586525, 0.5486033, 0.182116, 0
0.7596787, 0.3466425, 0.4046924, 0
0.5889565, 0.3031941, 0.3014873, 0
0.5290826, 0.4430625, 0.2610928, 0
0.4582188, 0.4367313, 0.400932, 0
0.6462739, 0.3137274, 0.2926676, 0
0.7787935, 0.5690736, 0.3260054, 0
0.5036111, 0.4130702, 0.2221661, 0
0.7668849, 0.5452719, 0.3428789, 0
0.5528335, 0.3808341, 0.1972585, 0
0.7840148, 0.3851073, 0.4067192, 0
0.7575502, 0.3726252, 0.2677097, 0
0.7137117, 0.3924149, 0.203953, 0
0.6625946, 0.4092413, 0.253298, 0
0.8097927, 0.5082492, 0.3648606, 0
0.5434321, 0.3987327, 0.2309432, 0
0.4082335, 0.3258328, 0.2506953, 0
0.8766091, 0.416641, 0.3080134, 0
0.7792825, 0.3744968, 0.289766, 0
0.6815057, 0.3407314, 0.4168199, 0
0.7171503, 0.4710911, 0.3454605, 0
0.5390401, 0.4587524, 0.2536898, 0
0.8240268, 0.4330565, 0.2112331, 0
0.8631341, 0.3790804, 0.2028549, 0
0.6693698, 0.3690145, 0.1844271, 0
0.8524517, 0.4832877, 0.2378985, 0
0.7518774, 0.5702119, 0.2100268, 0
0.7782121, 0.4019614, 0.3283973, 0
0.8478191, 0.3573214, 0.2155243, 0
0.7326551, 0.3483108, 0.3271743, 0
0.6973937, 0.3199714, 0.2463028, 0
0.4695354, 0.3111801, 0.380422, 0
0.7334515, 0.5425583, 0.3600188, 0
0.4485382, 0.4274758, 0.4563809, 0
0.744378, 0.318674, 0.268793, 0
0.4182512, 0.485418, 0.2495869, 0
0.5231969, 0.4743154, 0.3223361, 0
0.8072633, 0.6064075, 0.387554, 0
0.4840747, 0.3170651, 0.2368267, 0
0.6346086, 0.3531073, 0.2953924, 0
0.5774105, 0.2983935, 0.211878, 0
0.4650697, 0.3666088, 0.4338471, 0
0.7900864, 0.3526218, 0.2257744, 0
0.7107307, 0.3303806, 0.3978486, 0
0.6078216, 0.4647687, 0.3463754, 0
0.8358216, 0.5345156, 0.3169309, 0
0.4766181, 0.3417361, 0.2799354, 0
0.7513808, 0.5201526, 0.2305453, 0
0.5439817, 0.3719849, 0.4366066, 0
0.4327478, 0.2959277, 0.3706048, 0
0.618565, 0.3320591, 0.3009335, 0
0.5631569, 0.3255771, 0.2946076, 0
0.8388986, 0.4428849, 0.3573537, 0
0.5151689, 0.3402401, 0.2502629, 0
0.4463444, 0.324015, 0.2405408, 0
0.7424457, 0.3958432, 0.2591695, 0
0.7597692, 0.3196642, 0.3522346, 0
0.4092793, 0.2915804, 0.3474401, 0
0.8163038, 0.3975024, 0.323032, 0
0.4108604, 0.4834814, 0.3439132, 0
0.4614178, 0.4135073, 0.2362474, 0
0.4216239, 0.4495046, 0.3631986, 0
0.8715434, 0.4807622, 0.343604, 0
0.828477, 0.4545319, 0.3528503, 0
0.4752092, 0.4356714, 0.3475581, 0
0.6453326, 0.447469, 0.2205973, 0
0.5463449, 0.4609565, 0.4149058, 0
0.7818441, 0.4719972, 0.1732077, 0
0.4708284, 0.3563874, 0.3339187, 0
0.4852644, 0.4383506, 0.210052, 0
0.6511857, 0.3012927, 0.3447569, 0
0.6458416, 0.3254452, 0.3386644, 0
0.3865147, 0.4291081, 0.3335621, 0
0.6146203, 0.4476129, 0.2160021, 0
0.6642657, 0.4026167, 0.370095, 0
0.7174542, 0.41551, 0.315495, 0
0.5379359, 0.3789119, 0.3662026, 0
0.8292132, 0.4110221, 0.3760563, 0
0.7242066, 0.3476593, 0.3472299, 0
0.7866918, 0.4632455, 0.178321, 0
0.6564144, 0.4601035, 0.3299045, 0
0.5317683, 0.4076603, 0.388911, 0
0.4126897, 0.3023179, 0.2761468, 0
0.5841193, 0.2945224, 0.2215974, 0
0.4891735, 0.2945216, 0.2920928, 0
0.5787728, 0.3753939, 0.3925676, 0
0.8296978, 0.4973004, 0.3861212, 0
0.5544967, 0.4907197, 0.2708535, 0
0.4982063, 0.4586408, 0.2858825, 0
0.5280723, 0.3555744, 0.2105938, 0
0.4765893, 0.4712627, 0.2695422, 0
0.603595, 0.3417337, 0.243543, 0
0.4677263, 0.3875362, 0.4015792, 0
0.3861142, 0.4168297, 0.2290187, 0
0.3663939, 0.4892395, 0.3456611, 0
0.4397289, 0.2973863, 0.3760619, 0
0.4404226, 0.3559486, 0.2303735, 0
0.7023156, 0.3150043, 0.3362571, 0
0.5075821, 0.3872744, 0.4477987, 0
0.7718162, 0.4796444, 0.3662542, 0
0.3778725, 0.5108493, 0.3519029, 0
0.434093, 0.411396, 0.3427284, 0
0.8207189, 0.4162928, 0.3284062, 0
0.6124582, 0.4392659, 0.224582, 0
0.6282158, 0.5174959, 0.280515, 0
0.7828323, 0.5509894, 0.2022313, 0
0.4656147, 0.409782, 0.4133897, 0
0.5456016, 0.4961019, 0.299529, 0
0.5067843, 0.3413931, 0.2476735, 0
0.6350697, 0.3586115, 0.3812404, 0
0.4626858, 0.4006175, 0.4349314, 0
0.3926232, 0.3521864, 0.4056402, 0
0.6225937, 0.3257282, 0.3775188, 0
0.7828676, 0.5636916, 0.3815179, 0
0.4299127, 0.3500659, 0.4179958, 0
0.4929182, 0.3017829, 0.2759194, 0
0.8598322, 0.4345443, 0.1880293, 0
0.5005047, 0.4337118, 0.3844375, 0
0.8355041, 0.3481485, 0.3619777, 0
0.4545881, 0.4801985, 0.284737, 0
0.6022935, 0.5253142, 0.3065321, 0
0.6086683, 0.3376344, 0.3393558, 0
0.5866201, 0.5325472, 0.3008231, 0
0.5148273, 0.5206556, 0.2725732, 0
0.6229597, 0.3363965, 0.267895, 0
0.7069169, 0.3677086, 0.280901, 0
0.6840637, 0.3098198, 0.3257923, 0
0.8370033, 0.4778965, 0.4185457, 0
0.7884344, 0.5132771, 0.2798614, 0
0.7482088, 0.3537592, 0.4037775, 0
0.6830621, 0.3390186, 0.3798798, 0
0.5289094, 0.3667217, 0.4063113, 0
0.4510636, 0.4427884, 0.4143081, 0
0.8226239, 0.3606748, 0.2782643, 0
0.8874789, 0.4481195, 0.3644611, 0
0.5722831, 0.3058791, 0.3021575, 0
0.7772743, 0.5537381, 0.3329836, 0
0.5311139, 0.4811078, 0.2725905, 0
0.6554456, 0.3294101, 0.3634939, 0
0.366788, 0.4161929, 0.3784029, 0
0.5972117, 0.2656282, 0.3175157, 0
0.5850154, 0.4025322, 0.2219274, 0
0.4782921, 0.3061324, 0.2453087, 0
0.8503313, 0.5555524, 0.3457365, 0
0.8603121, 0.5286091, 0.3700205, 0
0.6183757, 0.344317, 0.3983042, 0
0.6931498, 0.512815, 0.2992718, 0
0.4501829, 0.3056593, 0.4141757, 0
0.5219615, 0.4427511, 0.2106488, 0
0.5485309, 0.3666961, 0.19605, 0
0.7046418, 0.311463, 0.4187854, 0
0.7422466, 0.3794479, 0.2968428, 0
0.5227046, 0.3478999, 0.2033889, 0
0.6763613, 0.3519209, 0.4128857, 0
0.5023137, 0.4698485, 0.3838672, 0
0.5061136, 0.2982697, 0.2204138, 0
0.3925696, 0.3881542, 0.2623985, 0
0.8773118, 0.4825802, 0.357609, 0
0.4220756, 0.3003638, 0.3747487, 0
0.596294, 0.373188, 0.3291445, 0
0.8362017, 0.3868637, 0.2122954, 0
0.8453432, 0.3769798, 0.3002653, 0
0.4417955, 0.3711861, 0.2101492, 0
0.6173445, 0.2996857, 0.3111348, 0
0.560202, 0.3335361, 0.3362692, 0
0.3666813, 0.3819543, 0.3327832, 0
0.7860891, 0.4113629, 0.3303055, 0
0.4172688, 0.3202257, 0.3722578, 0
0.4587014, 0.4057644, 0.4271524, 0
0.5942675, 0.2772925, 0.2458403, 0
0.6027811, 0.5307406, 0.3095751, 0
0.4648384, 0.3665156, 0.3174233, 0
0.6792303, 0.385447, 0.3519421, 0
0.4076803, 0.4970803, 0.3116344, 0
0.8827447, 0.4363708, 0.3417457, 0
0.3992026, 0.396392, 0.2810009, 0
0.452183, 0.292848, 0.3124701, 0
0.4451229, 0.4259408, 0.4546404, 0
0.7975312, 0.3420338, 0.4044163, 0
0.5033174, 0.3253718, 0.2991185, 0
0.8280669, 0.5659567, 0.2260379, 0
0.7476834, 0.5353207, 0.245399, 0
0.7465687, 0.4471183, 0.1898391, 0
0.6467585, 0.5192274, 0.2755549, 0
0.6850073, 0.2847728, 0.3258799, 0
0.858667, 0.3389088, 0.3173022, 0
0.6787186, 0.3179375, 0.3663276, 0
0.5080052, 0.4020178, 0.4620608, 0
0.4677711, 0.3954109, 0.2148493, 0
0.5900727, 0.4180427, 0.2067119, 0
0.6377374, 0.3310388, 0.212884, 0
0.7400985, 0.3410841, 0.2230804, 0
0.858726, 0.4651569, 0.2645134, 0
0.6987883, 0.3785893, 0.266058, 0
0.5339212, 0.328924, 0.3285705, 0
0.4978402, 0.3122574, 0.2926534, 0
0.4658537, 0.4567412, 0.2867074, 0
0.6587487, 0.3947985, 0.3631552, 0
0.6857097, 0.4011008, 0.390626, 0
0.542799, 0.4863682, 0.2357064, 0
0.3636353, 0.4387633, 0.2669361, 0
0.4121904, 0.2906478, 0.3476611, 0
0.3889046, 0.4637966, 0.4290518, 0
0.8189014, 0.4251832, 0.2581187, 0
0.4861809, 0.4831656, 0.2307506, 0
0.4446447, 0.3703685, 0.2677611, 0
0.5620644, 0.3787519, 0.3142814, 0
0.699562, 0.2913622, 0.2705168, 0
0.6213259, 0.4612234, 0.3032547, 0
0.3644216, 0.4843292, 0.3666505, 0
0.6018344, 0.4075471, 0.3091416, 0
0.6424578, 0.2867226, 0.2957032, 0
0.7818246, 0.3612218, 0.1858427, 0
0.6179847, 0.2928816, 0.3088443, 0
0.5295497, 0.3611908, 0.2937306, 0
0.5241983, 0.3153745, 0.2748367, 0
0.836719, 0.3528943, 0.2784234, 0
0.8681881, 0.4775288, 0.167061, 0
0.4865743, 0.3675588, 0.2053254, 0
0.8192875, 0.5712988, 0.3051799, 0
0.6307515, 0.4959345, 0.2536515, 0
0.7492449, 0.3060395, 0.2791327, 0
0.4994305, 0.4215238, 0.4216762, 0
0.564366, 0.3020648, 0.2143066, 0
0.7526357, 0.4481908, 0.3027786, 0
0.6221079, 0.3101805, 0.2825024, 0
0.8766957, 0.3503383, 0.3413134, 0
0.8704439, 0.4690315, 0.1967451, 0
0.4117703, 0.305175, 0.2816963, 0
0.4849963, 0.4815339, 0.2128616, 0
0.4230347, 0.4163614, 0.3970771, 0
0.493649, 0.2969172, 0.3111708, 0
0.6924174, 0.4905044, 0.2491113, 0
0.681949, 0.3743754, 0.3982183, 0
0.7733063, 0.3694672, 0.2606056, 0
0.4016042, 0.4192348, 0.3974721, 0
0.5107697, 0.4060621, 0.4517055, 0
0.5956842, 0.4074405, 0.2994573, 0
0.5865829, 0.4406316, 0.2896914, 0
0.6163372, 0.3192178, 0.3215355, 0
0.8524404, 0.4364457, 0.2234457, 0
0.6652756, 0.2676571, 0.3206424, 0
0.4507115, 0.4479575, 0.4441545, 0
0.8778798, 0.327444, 0.2958242, 0
0.8420689, 0.5475178, 0.2836415, 0
0.5657581, 0.4697617, 0.3346574, 0
0.4216872, 0.4430247, 0.4261092, 0
0.3828806, 0.2976475, 0.3054164, 0
0.5294473, 0.3494967, 0.3360933, 0
0.3420142, 0.4435183, 0.3128175, 0
0.7920573, 0.4208526, 0.3356285, 0
0.7458996, 0.3146603, 0.3539592, 0
0.7130843, 0.4370427, 0.3435712, 0
0.6986155, 0.2750086, 0.3655056, 0
0.3967811, 0.4590982, 0.3163422, 0
0.800102, 0.4088307, 0.4097312, 0
0.6995569, 0.2783009, 0.3522994, 0
0.7138604, 0.3626894, 0.2330348, 0
0.3850429, 0.4416715, 0.3559109, 0
0.5227934, 0.4783199, 0.3225571, 0
0.7568997, 0.422879, 0.2816566, 0
0.8317604, 0.5210081, 0.3797937, 0
0.7187891, 0.2797599, 0.3273596, 0
0.3932998, 0.4985604, 0.3261717, 0
0.4088462, 0.3022054, 0.3236404, 0
0.7653842, 0.5767784, 0.3674703, 0
0.7648199, 0.399149, 0.4106642, 0
0.5051097, 0.4712462, 0.3953141, 0
0.7285234, 0.4442548, 0.2548633, 0
0.4518998, 0.3294091, 0.3100329, 0
0.4591439, 0.3232055, 0.2128302, 0
0.7735745, 0.2928058, 0.3395816, 0
0.8219126, 0.422886, 0.326381, 0
0.8741845, 0.4189961, 0.3661896, 0
0.4041337, 0.3920816, 0.2408484, 0
0.5967221, 0.416464, 0.3345403, 0
0.3659012, 0.4375026, 0.2806376, 0
0.8298345, 0.5394884, 0.2236108, 0
0.374859, 0.508135, 0.3467287, 0
0.4152654, 0.2911818, 0.3523088, 0
0.8775644, 0.3725245, 0.2338672, 0
0.7477304, 0.5350749, 0.2451459, 0
0.7839613, 0.5832871, 0.3160084, 0
0.482379, 0.2977996, 0.2915289, 0
0.7485321, 0.4312631, 0.2082632, 0
0.4535319, 0.3816862, 0.2009567, 0
0.4577458, 0.3740658, 0.1947204, 0
0.4986493, 0.3818118, 0.2918754, 0
0.7935941, 0.3671469, 0.2222156, 0
0.4640649, 0.4211583, 0.3666896, 0
0.634532, 0.4068539, 0.2777159, 0
0.8147646, 0.5709712, 0.380654, 0
0.743291, 0.2843338, 0.352527, 0
0.8835685, 0.4081628, 0.3034632, 0
0.4293901, 0.5315209, 0.3474467, 0
0.6020656, 0.3238376, 0.3370773, 0
0.7496772, 0.4872604, 0.2012292, 0
0.4167603, 0.3119723, 0.3981998, 0
0.4032616, 0.498546, 0.2686512, 0
0.3742704, 0.4598625, 0.3842044, 0
0.7980253, 0.4938028, 0.1883661, 0
0.8212941, 0.5148032, 0.3137226, 0
0.627575, 0.3054337, 0.2836719, 0
0.4297158, 0.3790573, 0.2770876, 0
0.8444945, 0.5134663, 0.3958164, 0
0.612232, 0.4203053, 0.2392799, 0
0.4839971, 0.3460232, 0.3589889, 0
0.8360261, 0.5327855, 0.3314732, 0
0.801296, 0.3060847, 0.2717851, 0
0.6877854, 0.4206597, 0.3155576, 0
0.3873668, 0.4164762, 0.2336485, 0
0.5110698, 0.4362619, 0.3764251, 0
0.4309103, 0.3082743, 0.3371172, 0
0.8692709, 0.4505943, 0.2846966, 0
0.8865137, 0.3821202, 0.2143234, 0
0.8198146, 0.3361024, 0.3859553, 0
0.8671077, 0.4925042, 0.2642771, 0
0.675368, 0.4019499, 0.3427284, 0
0.6513493, 0.4619853, 0.222628, 0
0.4345483, 0.411195, 0.1953836, 0
0.3675094, 0.4579549, 0.2809113, 0
0.572345, 0.5149346, 0.2630171, 0
0.8110278, 0.3911088, 0.2682025, 0
0.7030454, 0.5123364, 0.3131018, 0
0.8371234, 0.457975, 0.3126214, 0
0.5424559, 0.452112, 0.2058183, 0
0.6138588, 0.442898, 0.3852302, 0
0.6643713, 0.4622931, 0.3235309, 0
0.6552614, 0.2831208, 0.2812051, 0
0.3897892, 0.4042651, 0.4211855, 0
0.7566005, 0.4338098, 0.1948675, 0
0.4465677, 0.3485156, 0.3443573, 0
0.424832, 0.3132948, 0.3994631, 0
0.5737177, 0.487753, 0.29494, 0
0.6354425, 0.3927103, 0.2245703, 0
0.8025995, 0.490348, 0.3029658, 0
0.7651345, 0.2925242, 0.2598, 0
0.8911056, 0.3538387, 0.2224384, 0
0.3981409, 0.4109475, 0.2651049, 0
0.6771405, 0.3217988, 0.4060968, 0
0.5372743, 0.5004765, 0.2940438, 0
0.623757, 0.3107617, 0.2377413, 0
0.7678449, 0.5860286, 0.3825709, 0
0.5235626, 0.4270985, 0.3492872, 0
0.4669845, 0.3276779, 0.3322644, 0
0.8034267, 0.3845493, 0.2883254, 0
0.7478145, 0.4702568, 0.2167436, 0
0.6060445, 0.3814483, 0.2449104, 0
0.3891357, 0.4115936, 0.4206793, 0
0.5568433, 0.5123909, 0.2819161, 0
0.8675588, 0.5066089, 0.373026, 0
0.8081039, 0.5450018, 0.3778403, 0
0.4119629, 0.4391354, 0.2319834, 0
0.45077, 0.4236649, 0.332095, 0
0.4760897, 0.3519095, 0.276057, 0
0.8719804, 0.3897921, 0.2170538, 0
0.4766351, 0.3750599, 0.4410754, 0
0.572876, 0.3389499, 0.2613651, 0
0.7483973, 0.314753, 0.3220705, 0
0.6763898, 0.4126751, 0.3483131, 0
0.7745993, 0.3464499, 0.20799, 0
0.7789614, 0.5326518, 0.257616, 0
0.3448803, 0.4165828, 0.2632583, 0
0.4729485, 0.376195, 0.3434683, 0
0.3945153, 0.3359768, 0.2427264, 0
0.4764597, 0.5064868, 0.2999099, 0
0.5982997, 0.3884046, 0.2637798, 0
0.702014, 0.5027601, 0.2942134, 0
0.4436926, 0.4349777, 0.4468601, 0
0.7866118, 0.3903486, 0.359125, 0
0.4299314, 0.2976698, 0.2626917, 0
0.6809388, 0.2762332, 0.3086003, 0
0.5776811, 0.3252876, 0.2906055, 0
0.6657062, 0.2854026, 0.3659876, 0
0.5508747, 0.4831724, 0.3733046, 0
0.4616743, 0.3384801, 0.2548382, 0
0.6015584, 0.3907992, 0.3733241, 0
0.4175058, 0.4438443, 0.4104567, 0
0.8418767, 0.5621446, 0.171291, 0
0.6755592, 0.4303143, 0.2256409, 0
0.4452655, 0.4229088, 0.3725641, 0
0.4420426, 0.5342754, 0.3149366, 0
0.5123689, 0.3504605, 0.3415072, 0
0.5524219, 0.4022673, 0.4173068, 0
0.5306111, 0.331745, 0.3090118, 0
0.6385663, 0.4438753, 0.3085929, 0
0.8235217, 0.3428676, 0.3117815, 0
0.4044507, 0.4945296, 0.3806456, 0
0.6845834, 0.3059592, 0.2282935, 0
0.6929722, 0.4676809, 0.2733023, 0
0.7997771, 0.5266953, 0.3417653, 0
0.4061567, 0.433412, 0.4264543, 0
0.8044036, 0.5450453, 0.3309594, 0
0.4024071, 0.4299434, 0.4258634, 0
0.386366, 0.4809617, 0.3884445, 0
0.405404, 0.4956978, 0.3628735, 0
0.6831174, 0.3748426, 0.3196521, 0
0.3893411, 0.4720264, 0.336431, 0
0.453043, 0.4434602, 0.222103, 0
0.3947577, 0.4857008, 0.4188052, 0
0.7811435, 0.3146967, 0.2775306, 0
0.4937564, 0.3105504, 0.3829653, 0
0.7598711, 0.3614925, 0.371599, 0
0.850202, 0.4815678, 0.3280134, 0
0.6202936, 0.4095464, 0.265233, 0
0.5183644, 0.534817, 0.3300949, 0
0.7674896, 0.3541741, 0.4168359, 0
0.4187505, 0.2936482, 0.3619407, 0
0.522756, 0.4925718, 0.3488898, 0
0.3715162, 0.4184711, 0.2450122, 0
0.5888698, 0.4822094, 0.2917159, 0
0.415473, 0.5019753, 0.362882, 0
0.4495175, 0.4357423, 0.2161132, 0
0.3746783, 0.4662074, 0.3791507, 0
0.3864838, 0.4024897, 0.2324433, 0
0.6574389, 0.4721869, 0.2990916, 0
0.5455103, 0.4003683, 0.1927627, 0
0.3377165, 0.4409933, 0.2904104, 0
0.4013779, 0.4706878, 0.4310655, 0
0.3968757, 0.3070737, 0.2725313, 0
0.7402619, 0.5519299, 0.2826126, 0
0.804529, 0.4934746, 0.2072104, 0
0.7680439, 0.4982489, 0.3884314, 0
0.5823418, 0.3225813, 0.3966031, 0
0.5928086, 0.3596919, 0.2326348, 0
0.849127, 0.4357753, 0.3147174, 0
0.4844904, 0.4353225, 0.2491269, 0
0.4373422, 0.420473, 0.4460853, 0
0.6792384, 0.2895412, 0.2648115, 0
0.8244799, 0.4963193, 0.3035696, 0
0.5811437, 0.3777412, 0.2561358, 0
0.6275808, 0.3912439, 0.3241879, 0
0.7523736, 0.4742322, 0.3870489, 0
0.5140069, 0.3971417, 0.2775695, 0
0.804364, 0.5550917, 0.3595745, 0
0.7526481, 0.4984689, 0.2442019, 0
0.4448409, 0.3118566, 0.423735, 0
0.7596593, 0.3478547, 0.2859013, 0
0.7815821, 0.4726871, 0.1657186, 0
0.4483039, 0.333207, 0.3588798, 0
0.4493073, 0.3096099, 0.2515704, 0
0.5749103, 0.4818964, 0.2870846, 0
0.4594425, 0.4691712, 0.3694502, 0
0.7164028, 0.2776492, 0.2959134, 0
0.7129427, 0.3337609, 0.2111741, 0
0.8076296, 0.5501928, 0.3762437, 0
0.8032032, 0.4233314, 0.2684689, 0
0.3834431, 0.437961, 0.4267278, 0
0.5872753, 0.4829807, 0.2753853, 0
0.4621986, 0.5104, 0.2954507, 0
0.4305336, 0.2924789, 0.2612867, 0
0.8375855, 0.3372849, 0.3467183, 0
0.4325744, 0.4365757, 0.4316659, 0
0.6824062, 0.3614499, 0.3944293, 0
0.5260539, 0.4510492, 0.2861862, 0
0.3750515, 0.4249248, 0.4223153, 0
0.5602015, 0.332747, 0.3096646, 0
0.8289387, 0.41555, 0.2615008, 0
0.8020992, 0.4534667, 0.3639331, 0
0.8073195, 0.5193548, 0.4034592, 0
0.8663703, 0.4133803, 0.3076284, 0
0.7076246, 0.3044101, 0.3258315, 0
0.8295111, 0.5109148, 0.2641138, 0
0.3921804, 0.3677694, 0.2658648, 0
0.3694841, 0.460631, 0.2607736, 0
0.3942704, 0.3052651, 0.3841373, 0
0.7847619, 0.4779339, 0.2058027, 0
0.4700879, 0.410071, 0.198864, 0
0.7368273, 0.3984046, 0.3536659, 0
0.4164717, 0.4727532, 0.3865096, 0
0.6174644, 0.2762375, 0.3171973, 0
0.3960803, 0.4429823, 0.3835266, 0
0.5507211, 0.397038, 0.3134341, 0
0.4112216, 0.5082855, 0.3975444, 0
0.7787246, 0.4656191, 0.297877, 0
0.4277316, 0.2949938, 0.2908562, 0
0.8402344, 0.3830151, 0.3444984, 0
0.8057624, 0.4077271, 0.3305467, 0
0.4384354, 0.4394972, 0.3497309, 0
0.4315438, 0.3851356, 0.3525508, 0
0.7153977, 0.4118325, 0.3669138, 0
0.6905286, 0.3224044, 0.3496352, 0
0.6722817, 0.4607034, 0.232967, 0
0.655809, 0.4053433, 0.2114518, 0
0.8330566, 0.4140908, 0.1799745, 0
0.3876972, 0.3264711, 0.292773, 0
0.6683097, 0.4470091, 0.258853, 0
0.4381791, 0.3316519, 0.3225372, 0
0.8578961, 0.4219457, 0.2815515, 0
0.5331234, 0.4060659, 0.447592, 0
0.7339491, 0.4977753, 0.2693506, 0
0.8631738, 0.5050295, 0.3486138, 0
0.6101349, 0.3698951, 0.2959103, 0
0.7714494, 0.5306744, 0.3944058, 0
0.5407518, 0.4361714, 0.2412901, 0
0.5185225, 0.35247, 0.240733, 0
0.4494568, 0.3902353, 0.2100684, 0
0.7530118, 0.3453581, 0.2847327, 0
0.7047226, 0.4336026, 0.3136272, 0
0.8348994, 0.4514845, 0.1720195, 0
0.585745, 0.3651439, 0.3570858, 0
0.4448824, 0.3319322, 0.2248228, 0
0.8061487, 0.5636368, 0.2348277, 0
0.5350958, 0.3608448, 0.3971126, 0
0.3449375, 0.4462163, 0.3127593, 0
0.3845497, 0.4529297, 0.356747, 0
0.5223178, 0.4119055, 0.4041136, 0
0.6079031, 0.4054557, 0.4383545, 0
0.7612425, 0.406002, 0.2507442, 0
0.8584952, 0.5247039, 0.2920552, 0
0.7954941, 0.4028747, 0.3253497, 0
0.4477401, 0.3900577, 0.1845351, 0
0.481701, 0.4417678, 0.2308244, 0
0.5689378, 0.3514823, 0.2439295, 0
0.3880542, 0.4626376, 0.3725409, 0
0.8162721, 0.4363151, 0.3318368, 0
0.3662863, 0.4795669, 0.3879782, 0
0.7696223, 0.5131339, 0.2620565, 0
0.4988511, 0.3687511, 0.1956247, 0
0.7485834, 0.5205259, 0.2466667, 0
0.4947483, 0.3069276, 0.36463, 0
0.4296218, 0.5116271, 0.3073959, 0
0.5115516, 0.3021078, 0.3263341, 0
0.8651952, 0.517328, 0.1999456, 0
0.8555893, 0.4500795, 0.3167181, 0
0.7826607, 0.339327, 0.3997357, 0
0.6160895, 0.4524336, 0.2804235, 0
0.4699342, 0.3495402, 0.1990657, 0
0.8022482, 0.4511285, 0.3042627, 0
0.6846135, 0.4256146, 0.2890474, 0
0.5369404, 0.3220855, 0.3803094, 0
0.5791782, 0.4466766, 0.3844583, 0
0.8012233, 0.4143486, 0.2142049, 0
0.8551576, 0.4369257, 0.2019212, 0
0.7854411, 0.4813775, 0.2004109, 0
0.7308851, 0.350121, 0.3752415, 0
0.7855421, 0.4308501, 0.3842615, 0
0.4431392, 0.2902301, 0.3292281, 0
0.3888196, 0.5117458, 0.3589607, 0
0.8191698, 0.4635548, 0.3728549, 0
0.7829291, 0.4987538, 0.3893461, 0
0.4988621, 0.2990925, 0.2626696, 0
0.4045061, 0.3776113, 0.2224179, 0
0.4690101, 0.4274342, 0.3290645, 0
0.4618138, 0.3743539, 0.2848354, 0
0.5730346, 0.3162834, 0.2328467, 0
0.582548, 0.3595667, 0.3908958, 0
0.5513799, 0.3370489, 0.1966419, 0
0.4426757, 0.349501, 0.3753637, 0
0.7358013, 0.3744047, 0.3630162, 0
0.679426, 0.4178813, 0.2527415, 0
0.4032245, 0.4074505, 0.2703964, 0
0.6643556, 0.4240045, 0.2623417, 0
0.8468925, 0.3515868, 0.3123028, 0
0.389558, 0.4015982, 0.2775621, 0
0.38535, 0.390985, 0.2875144, 0
0.7251692, 0.4357175, 0.2711401, 0
0.7631108, 0.3637565, 0.3731398, 0
0.7462249, 0.3375641, 0.4117711, 0
0.5275084, 0.3390332, 0.33482, 0
0.7765521, 0.56095, 0.2803847, 0
0.4235658, 0.3163368, 0.4152482, 0
0.6332941, 0.4088479, 0.2956405, 0
0.7044504, 0.3051696, 0.3946933, 0
0.6211734, 0.2779096, 0.3505688, 0
0.4195548, 0.289764, 0.3516876, 0
0.62242, 0.3319189, 0.2498794, 0
0.7676794, 0.4503979, 0.3274082, 0
0.5973578, 0.4734195, 0.3109874, 0
0.4475712, 0.3923685, 0.4249043, 0
0.6485035, 0.4388536, 0.2613609, 0
0.5968996, 0.5154694, 0.301835, 0
0.4581487, 0.2861053, 0.2880867, 0
0.4737129, 0.3667852, 0.3494092, 0
0.4314209, 0.2995115, 0.2633989, 0
0.439077, 0.3805594, 0.4205096, 0
0.6235178, 0.3749948, 0.2497309, 0
0.4067466, 0.4145796, 0.4197732, 0
0.5798089, 0.3093421, 0.3772273, 0
0.7289423, 0.3565391, 0.3175478, 0
0.5908613, 0.3474627, 0.2616617, 0
0.8823909, 0.44983, 0.3461942, 0
0.8051433, 0.3552127, 0.3779617, 0
0.8474648, 0.3352427, 0.2530744, 0
0.4647585, 0.2995834, 0.3557683, 0
0.6166754, 0.4663554, 0.3974373, 0
0.5435389, 0.3379999, 0.412701, 0
0.409173, 0.289617, 0.3283697, 0
0.7454455, 0.5129859, 0.2603323, 0
0.3359156, 0.3882, 0.2580214, 0
0.8617592, 0.4281165, 0.4009358, 0
0.4443086, 0.2902548, 0.3402552, 0
0.4814855, 0.4366556, 0.3988193, 0
0.7474872, 0.4201859, 0.1868806, 0
0.4570892, 0.4203084, 0.4520609, 0
0.4093054, 0.4201546, 0.3827468, 0
0.5414691, 0.4901569, 0.3454521, 0
0.7737899, 0.4908723, 0.2737993, 0
0.7929099, 0.3464049, 0.3208365, 0
0.6386724, 0.3081045, 0.2580554, 0
0.391791, 0.301764, 0.2907336, 0
0.8395063, 0.3861647, 0.3642915, 0
0.78763, 0.5660209, 0.2959535, 0
0.3284604, 0.4094119, 0.2768337, 0
0.496964, 0.37979, 0.268949, 0
0.5461168, 0.3623753, 0.3318719, 0
0.7014199, 0.5024992, 0.2928775, 0
0.4838683, 0.3212838, 0.2893215, 0
0.4612588, 0.3363906, 0.4372746, 0
0.7798392, 0.3334123, 0.409395, 0
0.8053818, 0.3719415, 0.2359961, 0
0.4644047, 0.3817459, 0.4106914, 0
0.5776755, 0.3582417, 0.3317496, 0
0.7555808, 0.4449845, 0.2653806, 0
0.7990165, 0.4236618, 0.2231764, 0
0.7207277, 0.4966305, 0.2830905, 0
0.3736825, 0.4208866, 0.3795552, 0
0.8087724, 0.4061958, 0.235407, 0
0.6618246, 0.3227549, 0.3829354, 0
0.7908462, 0.5498338, 0.3270808, 0
0.4465365, 0.4407025, 0.4234243, 0
0.4256053, 0.2887393, 0.3404433, 0
0.4134424, 0.4818728, 0.3339541, 0
0.5855718, 0.3164695, 0.2527188, 0
0.5099143, 0.4504704, 0.3508921, 0
0.8421587, 0.5788117, 0.2421901, 0
0.5901926, 0.3962688, 0.2867818, 0
0.8049304, 0.4543265, 0.331859, 0
0.6116743, 0.3959008, 0.3201867, 0
0.616969, 0.3341811, 0.1908578, 0
0.3887805, 0.3569189, 0.2309789, 0
0.7952359, 0.3503483, 0.3835211, 0
0.7201497, 0.3059373, 0.2283412, 0
0.5538724, 0.3594136, 0.282074, 0
0.5923115, 0.3026523, 0.3129846, 0
0.4169912, 0.311273, 0.3724561, 0
0.399506, 0.5204718, 0.3248243, 0
0.7738879, 0.336368, 0.203817, 0
0.5143831, 0.3317464, 0.4041386, 0
0.7713012, 0.4354262, 0.260436, 0
0.8695946, 0.3199866, 0.3139676, 0
0.3322983, 0.3829525, 0.2553461, 0
0.403625, 0.2934835, 0.3119918, 0
0.772477, 0.4285341, 0.3070486, 0
0.4872141, 0.3005322, 0.3032023, 0
0.3624583, 0.4445195, 0.3752089, 0
0.5413469, 0.3091762, 0.2733696, 0
0.3656337, 0.4348303, 0.3424914, 0
0.7867478, 0.3226229, 0.2848032, 0
0.8640356, 0.3924457, 0.250715, 0
0.4588957, 0.3870175, 0.4303218, 0
0.5573943, 0.4711478, 0.2818337, 0
0.6291913, 0.3175147, 0.3605117, 0
0.4364273, 0.4580693, 0.3199505, 0
0.652085, 0.3889538, 0.4128915, 0
0.4060758, 0.4605641, 0.2157037, 0
0.6449507, 0.4234236, 0.212504, 0
0.4431423, 0.3910669, 0.3319652, 0
0.616058, 0.3513366, 0.3613002, 0
0.6908949, 0.3305698, 0.2374409, 0
0.7784523, 0.430988, 0.3911985, 0
0.6129861, 0.4079728, 0.3505682, 0
0.8345745, 0.507448, 0.2012933, 0
0.6412846, 0.3499115, 0.388846, 0
0.8177904, 0.5311932, 0.2584382, 0
0.4916611, 0.5016683, 0.3401124, 0
0.5165681, 0.3603655, 0.2658231, 0
0.6623332, 0.381976, 0.3188902, 0
0.7697182, 0.3860028, 0.1937041, 0
0.42674, 0.4962482, 0.3078851, 0
0.4764735, 0.4097009, 0.4134434, 0
0.4316202, 0.4400278, 0.340269, 0
0.4429695, 0.3089939, 0.4064502, 0
0.688598, 0.2762193, 0.2881509, 0
0.5644854, 0.493928, 0.3098401, 0
0.5038149, 0.4900681, 0.3454106, 0
0.4451172, 0.4695037, 0.3027722, 0
0.5440111, 0.4100275, 0.2005002, 0
0.4473618, 0.3586997, 0.2758149, 0
0.5380809, 0.4721968, 0.3192704, 0
0.6517786, 0.5021656, 0.2461659, 0
0.8159004, 0.4384898, 0.1884643, 0
0.4625161, 0.3557841, 0.276366, 0
0.4380049, 0.4257127, 0.4440289, 0
0.8822485, 0.3867966, 0.288624, 0
0.7878943, 0.2866499, 0.2929502, 0
0.3862003, 0.4511883, 0.2347273, 0
0.6806558, 0.3515083, 0.2237415, 0
0.5476763, 0.387131, 0.1865973, 0
0.7616733, 0.4807151, 0.3731574, 0
0.7711947, 0.5541926, 0.3081675, 0
0.4243256, 0.3107226, 0.3421556, 0
0.804332, 0.3400673, 0.2152242, 0
0.8450642, 0.5769888, 0.243874, 0
0.7548669, 0.4338246, 0.3172002, 0
0.5347914, 0.3933017, 0.4504217, 0
0.5098933, 0.3194849, 0.3739208, 0
0.6799013, 0.3508294, 0.2582199, 0
0.6945589, 0.3714938, 0.3230044, 0
0.432873, 0.3161283, 0.2605186, 0
0.6308263, 0.2886925, 0.229182, 0
0.461459, 0.353686, 0.1966663, 0
0.805283, 0.3331672, 0.3144331, 0
0.4761606, 0.2941738, 0.2863799, 0
0.7934604, 0.3362626, 0.368591, 0
0.43422, 0.4006978, 0.1969712, 0
0.3706204, 0.4012311, 0.4102135, 0
0.4539461, 0.5012898, 0.332092, 0
0.6992446, 0.3129027, 0.3759139, 0
0.4419196, 0.3828133, 0.2107923, 0
0.7639492, 0.4412406, 0.3090734, 0
0.417114, 0.4844869, 0.2461917, 0
0.4736173, 0.3999805, 0.4503545, 0
0.70558, 0.3495017, 0.2925285, 0
0.6022137, 0.4503873, 0.3572135, 0
0.4459862, 0.3012687, 0.28405, 0
0.4770178, 0.3219201, 0.3146472, 0
0.4027157, 0.3546454, 0.3870848, 0
0.7621044, 0.4067183, 0.3518296, 0
0.7789274, 0.3262622, 0.3792049, 0
0.7128205, 0.3693002, 0.3542066, 0
0.4571071, 0.3325575, 0.280735, 0
0.3809772, 0.3244208, 0.3207572, 0
0.8654078, 0.407532, 0.2969494, 0
0.3959533, 0.4218817, 0.2121969, 0
0.8421714, 0.5833683, 0.3017704, 0
0.8584028, 0.4555003, 0.2603199, 0
0.8021541, 0.5862289, 0.3943249, 0
0.4569794, 0.3424034, 0.2482222, 0
0.4341538, 0.36263, 0.2416644, 0
0.4396501, 0.3178539, 0.2904505, 0
0.873961, 0.4802977, 0.2599383, 0
0.5347392, 0.4839533, 0.3790899, 0
0.7962166, 0.5814101, 0.3028034, 0
0.86893, 0.3774381, 0.3477734, 0
0.5359659, 0.3948685, 0.3170927, 0
0.6207584, 0.3021739, 0.4036414, 0
0.7975621, 0.3339575, 0.2390832, 0
0.7204681, 0.4081993, 0.21062, 0
0.6528634, 0.4106936, 0.2344405, 0
0.8635769, 0.5124405, 0.2979965, 0
0.3830189, 0.4126142, 0.4180304, 0
0.4782425, 0.5248891, 0.3543836, 0
0.7909088, 0.3215127, 0.2265315, 0
0.4670772, 0.3024002, 0.3302202, 0
0.7456279, 0.3128402, 0.2372815, 0
0.4203445, 0.4596023, 0.2617504, 0
0.7572281, 0.538761, 0.2560504, 0
0.7701636, 0.4908667, 0.1668055, 0
0.7898762, 0.5392938, 0.3158851, 0
0.6892906, 0.4729125, 0.2471551, 0
0.4744609, 0.4615893, 0.3187799, 0
0.424531, 0.4347059, 0.3794506, 0
0.4320489, 0.4429134, 0.3625495, 0
0.8410521, 0.5142407, 0.331167, 0
0.3604243, 0.450588, 0.2933383, 0
0.5735044, 0.3129087, 0.3921296, 0
0.6141748, 0.5012458, 0.3805239, 0
0.4462839, 0.41243, 0.249664, 0
0.4995155, 0.3931007, 0.3370699, 0
0.828343, 0.5098892, 0.2191363, 0
0.7659246, 0.5414707, 0.2492496, 0
0.6977796, 0.4097494, 0.296521, 0
0.4837959, 0.5330883, 0.3166018, 0
0.408523, 0.2916313, 0.3467837, 0
0.7244467, 0.4293308, 0.3732511, 0
0.4384153, 0.4393233, 0.4359213, 0
0.4044314, 0.4563381, 0.3048625, 0
0.5241747, 0.4534521, 0.3106938, 0
0.7657318, 0.4783794, 0.3611785, 0
0.4642889, 0.3211885, 0.2786039, 0
0.4851751, 0.3094653, 0.3354457, 0
0.5260887, 0.3554124, 0.4521551, 0
0.4458452, 0.4223987, 0.3914114, 0
0.6449204, 0.4428498, 0.366997, 0
0.4153942, 0.3448196, 0.3658052, 0
0.4290839, 0.437697, 0.2317252, 0
0.4559191, 0.3251702, 0.3031293, 0
0.4206091, 0.4220763, 0.3971038, 0
0.5087591, 0.4660351, 0.4298956, 0
0.4048866, 0.347273, 0.2359981, 0
0.5910355, 0.3851455, 0.3033365, 0
0.7311062, 0.3345065, 0.2029793, 0
0.4127989, 0.5191786, 0.3725338, 0
0.403434, 0.4948092, 0.2871873, 0
0.5028288, 0.3860961, 0.3880973, 0
0.8139702, 0.4125936, 0.3314103, 0
0.7727079, 0.4348847, 0.3956926, 0
0.5024937, 0.3245637, 0.3495581, 0
0.8292013, 0.5571888, 0.220787, 0
0.8240101, 0.4848386, 0.3785127, 0
0.5627595, 0.3746414, 0.2111378, 0
0.4235224, 0.3384899, 0.2859238, 0
0.6848648, 0.462338, 0.2541323, 0
0.4512012, 0.3053568, 0.2474216, 0
0.8088414, 0.484375, 0.3934014, 0
0.6556723, 0.3460716, 0.421305, 0
0.7366219, 0.3479351, 0.2617221, 0
0.729018, 0.4449914, 0.281284, 0
0.3932188, 0.4780999, 0.3417307, 0
0.4501733, 0.3797172, 0.2897297, 0
0.6925804, 0.3426033, 0.2788331, 0
0.8160706, 0.5770763, 0.3645532, 0
0.3686188, 0.4089884, 0.38689, 0
0.3886621, 0.3430811, 0.2602125, 0
0.760828, 0.2875669, 0.3104768, 0
0.7962398, 0.4371517, 0.1748863, 0
0.6001809, 0.3216583, 0.3689309, 0
0.5534098, 0.4562198, 0.363138, 0
0.39279, 0.3424023, 0.4052367, 0
0.8483334, 0.4199918, 0.191244, 0
0.8123189, 0.5651788, 0.3593995, 0
0.815425, 0.4635862, 0.2185198, 0
0.4805446, 0.3821912, 0.3578139, 0
0.761045, 0.4208174, 0.1797737, 0
0.354014, 0.4693173, 0.2921841, 0
0.5672289, 0.4831636, 0.3385461, 0
0.6083723, 0.40622, 0.2200023, 0
0.5911559, 0.4475874, 0.3246162, 0
0.8170053, 0.3755652, 0.2916737, 0
0.8143134, 0.3519459, 0.3408964, 0
0.814418, 0.5769225, 0.3782298, 0
0.6891899, 0.4378818, 0.3616694, 0
0.6030934, 0.426521, 0.3588114, 0
0.5305616, 0.5257953, 0.3570271, 0
0.4314514, 0.5399076, 0.3111823, 0
0.720477, 0.3320764, 0.3118552, 0
0.4291517, 0.287888, 0.3181229, 0
0.4303399, 0.4888681, 0.3512127, 0
0.5176463, 0.4400431, 0.2463675, 0
0.6583157, 0.4684696, 0.223671, 0
0.6393604, 0.4873538, 0.3313132, 0
0.3739106, 0.4918905, 0.2829592, 0
0.8515415, 0.4687458, 0.3555501, 0
0.8577896, 0.3392863, 0.2961814, 0
0.770887, 0.3294696, 0.2408282, 0
0.3504207, 0.4244346, 0.2974875, 0
0.627914, 0.3180454, 0.2820662, 0
0.5589287, 0.35624, 0.2348825, 0
0.7532263, 0.4163586, 0.2532045, 0
0.3424136, 0.4357641, 0.3006377, 0
0.8410413, 0.3760331, 0.3402299, 0
0.5715676, 0.3814251, 0.2733355, 0
0.4406946, 0.4373544, 0.2236574, 0
0.6888642, 0.4528171, 0.2940185, 0
0.5740835, 0.4643579, 0.3036273, 0
0.3380861, 0.4326612, 0.2828404, 0
0.5436195, 0.375413, 0.3434805, 0
0.3898102, 0.3641373, 0.3889017, 0
0.77245, 0.5029575, 0.3841299, 0
0.5870773, 0.3961004, 0.2411889, 0
0.8007599, 0.4922123, 0.2341342, 0
0.4963227, 0.4882118, 0.3157145, 0
0.8324437, 0.5702302, 0.2268059, 0
0.8277549, 0.3235542, 0.3241698, 0
0.7486305, 0.2761589, 0.3554868, 0
0.4195389, 0.2897972, 0.351757, 0
0.4885746, 0.29645, 0.2509009, 0
0.570935, 0.5136486, 0.3261874, 0
0.5128544, 0.3989223, 0.2923678, 0
0.4340351, 0.2904057, 0.3538657, 0
0.650077, 0.3707454, 0.1920517, 0
0.5003734, 0.388885, 0.4119004, 0
0.6545836, 0.4758157, 0.2244535, 0
0.7073538, 0.3261055, 0.2060791, 0
0.6555486, 0.4122399, 0.2448522, 0
0.6015917, 0.4355932, 0.2784351, 0
0.8638927, 0.4993685, 0.3143371, 0
0.6580649, 0.4872026, 0.2380077, 0
0.3895952, 0.339564, 0.3523972, 0
0.5648702, 0.3348138, 0.2197235, 0
0.6653501, 0.3377565, 0.4221784, 0
0.7475795, 0.4173643, 0.1921422, 0
0.8334296, 0.5537062, 0.3344955, 0
0.3819987, 0.3187884, 0.3892294, 0
0.7497822, 0.4198878, 0.2860693, 0
0.3620955, 0.4525143, 0.3730521, 0
0.7372395, 0.4401875, 0.3607433, 0
0.3636164, 0.4298483, 0.2618346, 0
0.7818502, 0.3265479, 0.3089589, 0
0.7314838, 0.4916209, 0.366069, 0
0.8614557, 0.4472963, 0.269382, 0
0.7652032, 0.5172465, 0.3889125, 0
0.509339, 0.4668738, 0.3935355, 0
0.5615523, 0.3332405, 0.2629572, 0
0.8584432, 0.4082805, 0.2316642, 0
0.612332, 0.5089805, 0.3728287, 0
0.5904515, 0.4056052, 0.3211746, 0
0.4297062, 0.4584534, 0.2104602, 0
0.6936707, 0.3751022, 0.3751395, 0
0.7625382, 0.3976425, 0.3680034, 0
0.8592846, 0.5298316, 0.3196225, 0
0.6181801, 0.5197491, 0.2963321, 0
0.8441985, 0.4595848, 0.168607, 0
0.7926685, 0.5742376, 0.2128581, 0
0.4646958, 0.4159953, 0.4545644, 0
0.6996637, 0.4923749, 0.2808957, 0
0.6190826, 0.3774063, 0.3873896, 0
0.7573144, 0.337269, 0.388657, 0
0.4333429, 0.2880039, 0.3319695, 0
0.6884575, 0.3546224, 0.1986286, 0
0.849668, 0.3760685, 0.308366, 0
0.4860013, 0.2955315, 0.256307, 0
0.7421968, 0.4414851, 0.3872666, 0
0.3652529, 0.3663007, 0.2503451, 0
0.8095938, 0.4116522, 0.1978272, 0
0.8415251, 0.4385862, 0.2537735, 0
0.5243061, 0.5052, 0.255522, 0
0.8150507, 0.4901758, 0.2197522, 0
0.6976441, 0.3305375, 0.3993614, 0
0.796222, 0.5718612, 0.2108894, 0
0.7934129, 0.3839863, 0.2231717, 0
0.8858651, 0.3610324, 0.2330326, 0
0.7457868, 0.3442998, 0.2177185, 0
0.6497154, 0.2865272, 0.3114685, 0
0.8137345, 0.3945899, 0.3466172, 0
0.6876634, 0.3894598, 0.2762669, 0
0.5503145, 0.3208255, 0.3796247, 0
0.7012147, 0.4187374, 0.2189405, 0
0.4808715, 0.4113795, 0.3825253, 0
0.4485142, 0.3228233, 0.364525, 0
0.6373084, 0.4548551, 0.3820722, 0
0.4114586, 0.3409475, 0.2415397, 0
0.4463844, 0.3255975, 0.2280244, 0
0.3690255, 0.485321, 0.2815094, 0
0.5145656, 0.4979358, 0.349819, 0
0.3977749, 0.4775962, 0.3398911, 0
0.47165, 0.4180526, 0.3216089, 0
0.8497818, 0.5109937, 0.209405, 0
0.8262862, 0.4199012, 0.3738714, 0
0.4500114, 0.2924952, 0.3284101, 0
0.4918356, 0.2955486, 0.2436934, 0
0.7845848, 0.5765003, 0.235188, 0
0.434862, 0.339101, 0.4224333, 0
0.5840546, 0.3427714, 0.1987844, 0
0.3972853, 0.5147775, 0.3857515, 0
0.3712643, 0.5009678, 0.3500196, 0
0.5083739, 0.4162284, 0.3098474, 0
0.5283298, 0.4265243, 0.2683831, 0
0.829599, 0.3301733, 0.3662889, 0
0.4342696, 0.3679662, 0.3130189, 0
0.5180441, 0.3688045, 0.2000786, 0
0.6719599, 0.453379, 0.3133007, 0
0.406961, 0.4134385, 0.3491375, 0
0.453367, 0.4447215, 0.434194, 0
0.5079712, 0.3068944, 0.2803672, 0
0.6429752, 0.378193, 0.311422, 0
0.3571468, 0.3504011, 0.2684175, 0
0.4915401, 0.3742564, 0.4306542, 0
0.4501225, 0.4170045, 0.2243035, 0
0.6410922, 0.2820114, 0.3682592, 0
0.7576582, 0.4085482, 0.3919243, 0
0.8256113, 0.392496, 0.3378758, 0
0.499195, 0.3017851, 0.3342786, 0
0.4566753, 0.3301618, 0.4342718, 0
0.7042834, 0.376103, 0.3917888, 0
0.3977739, 0.424684, 0.2761476, 0
0.8007382, 0.4424751, 0.3978731, 0
0.7146878, 0.4114935, 0.3697543, 0
0.4148605, 0.5268643, 0.344589, 0
0.4482518, 0.4223149, 0.2473202, 0
0.8273503, 0.3137158, 0.3359241, 0
0.4820492, 0.3731197, 0.4450106, 0
0.8394557, 0.5389406, 0.3698422, 0
0.6073367, 0.3950765, 0.2846557, 0
0.6622351, 0.3432612, 0.3168539, 0
0.6321937, 0.2826415, 0.3776264, 0
0.4524707, 0.3606723, 0.2798624, 0
0.5729821, 0.3743271, 0.2193102, 0
0.6079361, 0.377619, 0.426812, 0
0.8035381, 0.3319821, 0.3022518, 0
0.6504537, 0.461281, 0.2162269, 0
0.6662877, 0.3068779, 0.3909139, 0
0.704944, 0.3401935, 0.4232362, 0
0.7868859, 0.4606284, 0.326847, 0
0.7226855, 0.4269685, 0.394852, 0
0.8368142, 0.4303581, 0.174075, 0
0.8142502, 0.5320033, 0.3649256, 0
0.6871291, 0.4039614, 0.3723519, 0
0.5408012, 0.3650177, 0.4048704, 0
0.59535, 0.349292, 0.267759, 0
0.7519922, 0.3504395, 0.211001, 0
0.787833, 0.4128587, 0.301303, 0
0.3653035, 0.3334534, 0.3072251, 0
0.7635189, 0.3882523, 0.2254848, 0
0.4146938, 0.3290742, 0.4146269, 0
0.3429792, 0.4047742, 0.2641105, 0
0.4489648, 0.3201118, 0.3660649, 0
0.4669854, 0.3981466, 0.440466, 0
0.3788249, 0.4147551, 0.4029962, 0
0.5195338, 0.4374469, 0.2101902, 0
0.4658825, 0.4526593, 0.4486483, 0
0.6112748, 0.3958734, 0.3682914, 0
0.5441658, 0.3069687, 0.275201, 0
0.7965723, 0.2940413, 0.3482229, 0
0.8786542, 0.3388813, 0.2430614, 0
0.6289005, 0.5067657, 0.3147284, 0
0.4961731, 0.4566565, 0.2407105, 0
0.8000404, 0.4704306, 0.3176073, 0
0.7627712, 0.4039987, 0.3049185, 0
0.5359481, 0.3259599, 0.3972376, 0
0.3414426, 0.4219415, 0.2655113, 0
0.6177554, 0.3336407, 0.2081078, 0
0.6086621, 0.3404391, 0.3958444, 0
0.6589738, 0.420744, 0.3430913, 0
0.6119418, 0.4496173, 0.214487, 0
0.5522376, 0.4592356, 0.3035043, 0
0.4807116, 0.4004173, 0.4592918, 0
0.4720287, 0.5418074, 0.3381085, 0
0.7155788, 0.3855777, 0.243084, 0
0.5253703, 0.3373356, 0.3212009, 0
0.6874067, 0.5137274, 0.3207023, 0
0.5438107, 0.4599108, 0.2715712, 0
0.3520581, 0.4332566, 0.3108111, 0
0.7451813, 0.3470256, 0.200317, 0
0.4296066, 0.509519, 0.4034188, 0
0.8203959, 0.4561152, 0.2877574, 0
0.3823269, 0.459054, 0.4237067, 0
0.8558028, 0.5463156, 0.179831, 0
0.8117555, 0.5730789, 0.3666783, 0
0.6383184, 0.4256355, 0.3319535, 0
0.8005075, 0.4699543, 0.4125421, 0
0.670472, 0.4605076, 0.2850993, 0
0.6455456, 0.5147971, 0.2645904, 0
0.6168767, 0.3558475, 0.2943455, 0
0.4488012, 0.4725103, 0.3335346, 0
0.8499606, 0.3708211, 0.2783023, 0
0.5370274, 0.3824302, 0.3273867, 0
0.7121651, 0.473564, 0.3097711, 0
0.7393449, 0.4790927, 0.3044482, 0
0.7872089, 0.5279365, 0.1730555, 0
0.4339094, 0.365537, 0.4152785, 0
0.8474492, 0.4615615, 0.2224238, 0
0.4269803, 0.3328494, 0.2578273, 0
0.4375995, 0.290783, 0.2649494, 0
0.4363597, 0.4451775, 0.4321549, 0
0.7586851, 0.5765922, 0.3744099, 0
0.4106268, 0.4954224, 0.4136396, 0
0.6434049, 0.3343582, 0.2305471, 0
0.7721187, 0.4066149, 0.2343211, 0
0.3672224, 0.4727801, 0.3162331, 0
0.6810485, 0.2802972, 0.3656041, 0
0.4938391, 0.3463812, 0.3727673, 0
0.7985533, 0.4958307, 0.3924315, 0
0.4681968, 0.4682274, 0.4313754, 0
0.7257028, 0.436805, 0.2040475, 0
0.5300766, 0.4128422, 0.3022303, 0
0.8007627, 0.5243684, 0.2622806, 0
0.6152569, 0.3590297, 0.323448, 0
0.6149273, 0.4374804, 0.3706245, 0
0.5426509, 0.3327977, 0.2906903, 0
0.4467172, 0.3758572, 0.4233809, 0
0.4581968, 0.2898619, 0.2797478, 0
0.8631673, 0.4016757, 0.3261274, 0
0.799233, 0.4468772, 0.2956889, 0
0.4316633, 0.4230073, 0.4381951, 0
0.6756574, 0.4109891, 0.205187, 0
0.4768596, 0.4240266, 0.2030983, 0
0.3755147, 0.3631361, 0.2399949, 0
0.6638429, 0.3442824, 0.4083832, 0
0.4337917, 0.4276973, 0.3739164, 0
0.8294741, 0.3107895, 0.2799293, 0
0.8136929, 0.5353767, 0.3153262, 0
0.3522384, 0.4535543, 0.3358732, 0
0.5341346, 0.523055, 0.3049303, 0
0.7032396, 0.4147866, 0.2893944, 0
0.833042, 0.5428857, 0.3840709, 0
0.7647769, 0.3330331, 0.2731769, 0
0.7554612, 0.3594527, 0.2644476, 0
0.652235, 0.4150767, 0.2440709, 0
0.8295454, 0.356797, 0.3817273, 0
0.4787421, 0.4004484, 0.4448333, 0
0.6440686, 0.3811191, 0.2238843, 0
0.7419555, 0.5425652, 0.2727297, 0
0.5699056, 0.531463, 0.2960524, 0
0.7158521, 0.3472985, 0.3072549, 0
0.5866694, 0.4078248, 0.4379729, 0
0.5318263, 0.3195826, 0.3779511, 0
0.5933886, 0.3222342, 0.2223214, 0
0.6699811, 0.3232926, 0.2206638, 0
0.6634971, 0.367674, 0.3873385, 0
0.5889153, 0.3459505, 0.2659909, 0
0.4852817, 0.3726067, 0.1912166, 0
0.4928382, 0.321914, 0.3651023, 0
0.7918875, 0.5083536, 0.2986744, 0
0.8439837, 0.3738912, 0.3562048, 0
0.8794591, 0.4332923, 0.2856896, 0
0.7115052, 0.279187, 0.3331191, 0
0.5184644, 0.4257692, 0.3448, 0
0.4290675, 0.3036136, 0.3832428, 0
0.7533032, 0.324189, 0.3940359, 0
0.6283609, 0.3826617, 0.4305026, 0
0.4208062, 0.3607956, 0.4002946, 0
0.8366861, 0.4815831, 0.2233069, 0
0.784665, 0.5528644, 0.2943022, 0
0.5340973, 0.4418295, 0.3962238, 0
0.515381, 0.4356853, 0.2654014, 0
0.6678417, 0.3456964, 0.2214337, 0
0.4687685, 0.4997186, 0.3449342, 0
0.7459403, 0.5614811, 0.2330014, 0
0.4899246, 0.3088359, 0.3863159, 0
0.8682538, 0.4997812, 0.3723055, 0
0.5696601, 0.3341517, 0.3624264, 0
0.4195493, 0.3028609, 0.2707648, 0
0.4136183, 0.3353083, 0.2457143, 0
0.6792684, 0.3399095, 0.3099152, 0
0.8326777, 0.3835072, 0.3191302, 0
0.4180637, 0.502161, 0.4062101, 0
0.4122972, 0.4680302, 0.4305462, 0
0.7887425, 0.4684735, 0.2988039, 0
0.7069273, 0.3322132, 0.3824271, 0
0.835981, 0.4260703, 0.3466423, 0
0.5788531, 0.2835549, 0.2730411, 0
0.4059047, 0.3083733, 0.3890607, 0
0.8270879, 0.3445874, 0.2200499, 0
0.6360318, 0.3974113, 0.428215, 0
0.4795299, 0.49694, 0.3008398, 0
0.7980437, 0.3303158, 0.3895856, 0
0.5968594, 0.338458, 0.3788961, 0
0.6489223, 0.2823052, 0.2539504, 0
0.6881275, 0.394198, 0.2733281, 0
0.5473898, 0.472884, 0.325845, 0
0.4656942, 0.3474217, 0.3382739, 0
0.7303705, 0.3512405, 0.262017, 0
0.6363029, 0.4191127, 0.2088508, 0
0.6928312, 0.2836223, 0.3603837, 0
0.7850186, 0.3225437, 0.3411037, 0
0.3702562, 0.3973513, 0.2487735, 0
0.4858159, 0.4864956, 0.2453297, 0
0.8042421, 0.600836, 0.4008206, 0
0.3986481, 0.4850373, 0.3524963, 0
0.6174289, 0.3381633, 0.2812661, 0
0.7676508, 0.5485005, 0.248624, 0
0.361121, 0.3648831, 0.2695014, 0
0.7388421, 0.3968597, 0.2747558, 0
0.5486879, 0.3380728, 0.4315258, 0
0.8688645, 0.4677364, 0.2159053, 0
0.6537644, 0.4351074, 0.2386942, 0
0.8254791, 0.5349097, 0.3161748, 0
0.3779259, 0.3442336, 0.2804689, 0
0.4151549, 0.4972936, 0.3801421, 0
0.6975871, 0.3008391, 0.3471093, 0
0.8022091, 0.3218094, 0.3799764, 0
0.455245, 0.4232951, 0.4546203, 0
0.6090173, 0.350123, 0.318266, 0
0.4348371, 0.3810822, 0.2117737, 0
0.8469988, 0.4614023, 0.3534443, 0
0.3851571, 0.4013147, 0.37682, 0
0.5597632, 0.3573583, 0.4346846, 0
0.883155, 0.3787153, 0.3829571, 0
0.58601, 0.4187235, 0.4007555, 0
0.4748484, 0.4674929, 0.2522421, 0
0.5841979, 0.3444317, 0.3754935, 0
0.8462507, 0.3506671, 0.2167072, 0
0.4857045, 0.4136942, 0.3127658, 0
0.7528727, 0.4144166, 0.3980483, 0
0.4657947, 0.5001644, 0.2842452, 0
0.6449692, 0.3535627, 0.3523235, 0
0.8455713, 0.5026451, 0.3170694, 0
0.7026449, 0.3932256, 0.2244212, 0
0.3668967, 0.3665497, 0.384494, 0
0.8244988, 0.5739946, 0.3022504, 0
0.6995783, 0.2993566, 0.3205013, 0
0.708608, 0.4960342, 0.3137595, 0
0.7011759, 0.323404, 0.2340247, 0
0.3835707, 0.4010722, 0.3792979, 0
0.8501087, 0.3595458, 0.2564862, 0
0.4377702, 0.4254421, 0.2715469, 0
0.4128945, 0.5088512, 0.3233598, 0
0.5684139, 0.3196512, 0.2851497, 0
0.4379078, 0.288736, 0.3316762, 0
0.7445697, 0.4992318, 0.2344874, 0
0.6387105, 0.4393542, 0.2647158, 0
0.7824649, 0.3407701, 0.3600073, 0
0.6288755, 0.282568, 0.244354, 0
0.801262, 0.520881, 0.3907674, 0
0.8188563, 0.4779742, 0.2429954, 0
0.7948408, 0.3142491, 0.3170499, 0
0.4430067, 0.5378004, 0.3019715, 0
0.658675, 0.3226724, 0.3006018, 0
0.5214868, 0.3889395, 0.2347573, 0
0.7504945, 0.5284087, 0.2438869, 0
0.7567722, 0.3298185, 0.2270851, 0
0.5564001, 0.4061624, 0.3125482, 0
0.502843, 0.3198668, 0.3026449, 0
0.839465, 0.526621, 0.2260609, 0
0.4733586, 0.4090302, 0.4114906, 0
0.7636589, 0.384147, 0.25711, 0
0.4507971, 0.3621148, 0.3304537, 0
0.6021372, 0.4659353, 0.2838346, 0
0.5471855, 0.4939896, 0.3783408, 0
0.8269106, 0.5052454, 0.181178, 0
0.3713103, 0.3892484, 0.2200266, 0
0.4330656, 0.381116, 0.2444072, 0
0.4725916, 0.3941559, 0.4442714, 0
0.7441416, 0.4428306, 0.1937003, 0
0.4222423, 0.5136005, 0.4019366, 0
0.8134767, 0.5441802, 0.3713821, 0
0.5038335, 0.3528688, 0.3189343, 0
0.6357149, 0.3995055, 0.3081796, 0
0.7661411, 0.3830319, 0.2071459, 0
0.8453073, 0.4657328, 0.2710822, 0
0.4671011, 0.445168, 0.4517016, 0
0.7629071, 0.2896271, 0.2710298, 0
0.7806206, 0.3908888, 0.2747213, 0
0.6126192, 0.4800088, 0.2364551, 0
0.4464201, 0.3362997, 0.250182, 0
0.5771344, 0.3089339, 0.2526526, 0
0.5997103, 0.4001491, 0.2145985, 0
0.4637914, 0.299702, 0.3282607, 0
0.5603252, 0.4137888, 0.2893771, 0
0.6099277, 0.3407738, 0.2915255, 0
0.3993757, 0.5038388, 0.2803002, 0
0.4374946, 0.4158249, 0.361828, 0
0.8010515, 0.4083359, 0.2304882, 0
0.7417455, 0.3959751, 0.2339396, 0
0.4934702, 0.4773482, 0.2236772, 0
0.6083143, 0.4148068, 0.2194161, 0
0.659427, 0.3153373, 0.2621602, 0
0.5481362, 0.4499417, 0.2168742, 0
0.4417696, 0.3371226, 0.4041595, 0
0.8451766, 0.4657219, 0.1615555, 0
0.8314586, 0.41642, 0.3994448, 0
0.4384108, 0.4839348, 0.2771108, 0
0.5899736, 0.3529416, 0.4335271, 0
0.5282815, 0.3149073, 0.3638391, 0
0.5142412, 0.3530691, 0.3480799, 0
0.4319825, 0.4544576, 0.2758039, 0
0.7794653, 0.5903096, 0.3907064, 0
0.4453745, 0.4326633, 0.4522451, 0
0.6226752, 0.3707985, 0.2441208, 0
0.5788511, 0.4199333, 0.4421296, 0
0.7603445, 0.3390705, 0.2568219, 0
0.7526892, 0.3956423, 0.3439234, 0
0.4275887, 0.3012969, 0.3789139, 0
0.8597485, 0.4802507, 0.1637317, 0
0.6417869, 0.371283, 0.230167, 0
0.6266029, 0.2734071, 0.3178557, 0
0.8014503, 0.3536374, 0.373299, 0
0.6981105, 0.3640963, 0.3425173, 0
0.8458182, 0.3887711, 0.3998045, 0
0.5148197, 0.5169831, 0.3418977, 0
0.569022, 0.4344752, 0.4143095, 0
0.4445859, 0.4829495, 0.3124803, 0
0.8461263, 0.3987975, 0.3388057, 0
0.6192525, 0.4981567, 0.3232534, 0
0.5815963, 0.4740435, 0.2962133, 0
0.7290602, 0.3212759, 0.2771335, 0
0.6578048, 0.3957071, 0.4001654, 0
0.4121432, 0.4332223, 0.2136855, 0
0.7419278, 0.3794123, 0.279865, 0
0.4723195, 0.3454955, 0.3740326, 0
0.3878088, 0.3157201, 0.2914875, 0
0.727183, 0.3413333, 0.2066631, 0
0.8699868, 0.4208958, 0.2222147, 0
0.5770395, 0.3111449, 0.3953293, 0
0.7367778, 0.3241501, 0.3420621, 0
0.5105493, 0.3302921, 0.2502983, 0
0.5033445, 0.3581265, 0.4142339, 0
0.4801977, 0.3691331, 0.391562, 0
0.350413, 0.432486, 0.2746785, 0
0.5961934, 0.39959, 0.3924186, 0
0.5790235, 0.451748, 0.2571123, 0
0.4208538, 0.3454379, 0.415518, 0
0.4275476, 0.4625021, 0.4301929, 0
0.80892, 0.5209324, 0.1640258, 0
0.5793449, 0.3299594, 0.3099604, 0
0.8010091, 0.4489762, 0.1568913, 0
0.7967694, 0.5445215, 0.2138979, 0
0.514527, 0.3708483, 0.3632649, 0
0.7899247, 0.497843, 0.2409645, 0
0.8055571, 0.5272359, 0.2433932, 0
0.5709308, 0.4528084, 0.3261943, 0
0.36024, 0.4156198, 0.249834, 0
0.4680629, 0.5414842, 0.3236474, 0
0.7069831, 0.3839259, 0.3434893, 0
0.6002794, 0.4397073, 0.2393946, 0
0.4276763, 0.3866759, 0.2402821, 0
0.6414169, 0.3299429, 0.2386207, 0
0.7501395, 0.4973252, 0.3211542, 0
0.6417267, 0.4327879, 0.3814161, 0
0.8563207, 0.4949275, 0.181184, 0
0.7636726, 0.5296118, 0.2888824, 0
0.3924935, 0.2979966, 0.299175, 0
0.6947536, 0.42297, 0.2326297, 0
0.4370269, 0.3459126, 0.421836, 0
0.4390749, 0.2890431, 0.3278316, 0
0.4746405, 0.4427492, 0.2178479, 0
0.7763114, 0.4240699, 0.3725567, 0
0.4181051, 0.493336, 0.3927985, 0
0.6388642, 0.4841444, 0.2693517, 0
0.3700394, 0.3776699, 0.2587666, 0
0.616592, 0.4212395, 0.403893, 0
0.3891847, 0.4735051, 0.294349, 0
0.762192, 0.5426151, 0.3650741, 0
0.5035344, 0.4984495, 0.2937353, 0
0.6963448, 0.3361334, 0.3481225, 0
0.6691138, 0.4023358, 0.3467411, 0
0.3755999, 0.4387096, 0.3759661, 0
0.5944265, 0.3095453, 0.3066497, 0
0.8489659, 0.4501287, 0.2784595, 0
0.6095259, 0.495111, 0.3066789, 0
0.728672, 0.4722107, 0.3321017, 0
0.3786728, 0.4840331, 0.4048966, 0
0.7997517, 0.3207378, 0.2819035, 0
0.5910306, 0.3971779, 0.2764051, 0
0.4116062, 0.3343369, 0.2459476, 0
0.8018371, 0.4007484, 0.4009798, 0
0.8005798, 0.4906763, 0.1939317, 0
0.7908754, 0.500236, 0.183205, 0
0.739889, 0.550352, 0.2839746, 0
0.6054838, 0.2759204, 0.341795, 0
0.7176495, 0.2986559, 0.3723321, 0
0.7755707, 0.4269023, 0.1710102, 0
0.3918986, 0.5013365, 0.4014376, 0
0.6110796, 0.3581291, 0.2704495, 0
0.3829791, 0.4547289, 0.427606, 0
0.7512804, 0.3115144, 0.3993933, 0
0.784872, 0.4345227, 0.3513321, 0
0.850779, 0.4482199, 0.3117199, 0
0.6259718, 0.4437474, 0.3198353, 0
0.5245255, 0.4514649, 0.3821438, 0
0.725695, 0.3367994, 0.3500302, 0
0.8724654, 0.3782557, 0.2036132, 0
0.7395788, 0.4263577, 0.2428416, 0
0.8906844, 0.4323582, 0.3596237, 0
0.7819911, 0.4197032, 0.3818779, 0
0.8679359, 0.456845, 0.3238397, 0
0.740932, 0.3633644, 0.181858, 0
0.7770999, 0.4622403, 0.3198363, 0
0.8038883, 0.4827386, 0.2842155, 0
0.580676, 0.4297642, 0.3678419, 0
0.3850257, 0.4460929, 0.4276849, 0
0.4151448, 0.473107, 0.3463946, 0
0.745775, 0.4645179, 0.2044445, 0
0.7742169, 0.4305302, 0.1724831, 0
0.4251416, 0.5212635, 0.4014525, 0
0.7325479, 0.5111632, 0.2987674, 0
0.6347291, 0.3777752, 0.3710275, 0
0.386043, 0.3425669, 0.3262088, 0
0.620434, 0.2753966, 0.3514159, 0
0.721847, 0.2984354, 0.3292003, 0
0.7636901, 0.3906207, 0.3294332, 0
0.8260938, 0.4980997, 0.2338066, 0
0.3768986, 0.4094666, 0.4155152, 0
0.8274967, 0.4733179, 0.2989046, 0
0.7576474, 0.5029681, 0.2870052, 0
0.4263429, 0.295029, 0.2981561, 0
0.6452068, 0.4408143, 0.2714762, 0
0.6886733, 0.4319548, 0.259198, 0
0.5440251, 0.4571468, 0.2038892, 0
0.7161418, 0.3334052, 0.3840792, 0
0.4601932, 0.4925657, 0.2739037, 0
0.4268862, 0.3849417, 0.4166306, 0
0.8193044, 0.5513971, 0.3709623, 0
0.6210009, 0.4129067, 0.2736622, 0
0.7407312, 0.4696115, 0.309516, 0
0.4780363, 0.3235414, 0.4265388, 0
0.5731817, 0.3124014, 0.3518551, 0
0.358933, 0.4547108, 0.3338583, 0
0.6662999, 0.2804396, 0.3411711, 0
0.7342255, 0.4332716, 0.3806154, 0
0.6571726, 0.5059835, 0.2590559, 0
0.6111517, 0.3090967, 0.2201553, 0
0.4025898, 0.4436603, 0.3181414, 0
0.506165, 0.4670871, 0.3520918, 0
0.544201, 0.3301722, 0.3773946, 0
0.7498655, 0.4355462, 0.3513642, 0
0.6682805, 0.3163052, 0.3671878, 0
0.5537441, 0.4722274, 0.3886562, 0
0.6173574, 0.3564222, 0.3191315, 0
0.4991091, 0.3197807, 0.2066541, 0
0.6540039, 0.3779616, 0.332736, 0
0.3702827, 0.3594039, 0.2595918, 0
0.5220156, 0.3954251, 0.4368108, 0
0.660327, 0.490692, 0.2380191, 0
0.4487734, 0.3305665, 0.2052929, 0
0.7029495, 0.4337151, 0.3802363, 0
0.560021, 0.3927091, 0.2715459, 0
0.6396502, 0.390754, 0.2196114, 0
0.7591339, 0.5064642, 0.3532915, 0
0.7150016, 0.3233019, 0.238634, 0
0.5471156, 0.3679692, 0.4039522, 0
0.8388089, 0.4726284, 0.3651321, 0
0.5055913, 0.3534285, 0.248401, 0
0.6782671, 0.4599659, 0.3401763, 0
0.8435351, 0.5497937, 0.359803, 0
0.7415419, 0.4236867, 0.1912315, 0
0.6429426, 0.3806372, 0.4302283, 0
0.784727, 0.2849447, 0.3083179, 0
0.6413093, 0.2982951, 0.2795398, 0
0.8103382, 0.4118325, 0.2331541, 0
0.4878022, 0.4391903, 0.2090802, 0
0.8048821, 0.3085752, 0.2575541, 0
0.7619396, 0.3691969, 0.2804449, 0
0.4543332, 0.349593, 0.4068001, 0
0.3680409, 0.4027199, 0.3355457, 0
0.4334897, 0.419788, 0.2396724, 0
0.7853003, 0.4983649, 0.1843683, 0
0.7397642, 0.3690129, 0.2396176, 0
0.8299742, 0.3166172, 0.3481435, 0
0.6271701, 0.4605531, 0.2879918, 0
0.5655407, 0.3170104, 0.367259, 0
0.4107423, 0.3692591, 0.2253849, 0
0.4299961, 0.4737497, 0.2716097, 0
0.4443563, 0.4238145, 0.2659953, 0
0.8010836, 0.3792068, 0.2106567, 0
0.3514706, 0.4503575, 0.3557939, 0
0.6865721, 0.3146563, 0.3092452, 0
0.5257962, 0.4495356, 0.2088902, 0
0.6927541, 0.3551677, 0.393315, 0
0.8225892, 0.4272865, 0.2798356, 0
0.4849797, 0.3484533, 0.2771221, 0
0.7008666, 0.2724575, 0.3617608, 0
0.8504297, 0.5223399, 0.3204674, 0
0.4476607, 0.3508207, 0.3112368, 0
0.6756707, 0.350101, 0.2474098, 0
0.5337237, 0.4464496, 0.3890795, 0
0.7734424, 0.4671967, 0.3974491, 0
0.4319629, 0.2883527, 0.3400593, 0
0.3831679, 0.3483226, 0.2397202, 0
0.5311214, 0.4149044, 0.2218067, 0
0.4601474, 0.430687, 0.2082287, 0
0.7040117, 0.3317605, 0.3837197, 0
0.3808244, 0.3413566, 0.3484052, 0
0.711222, 0.3536079, 0.2685015, 0
0.4999596, 0.4541166, 0.2302992, 0
0.7213423, 0.4140446, 0.244248, 0
0.4234012, 0.3922823, 0.2169513, 0
0.7462373, 0.3224864, 0.2870567, 0
0.4347654, 0.2881356, 0.3388416, 0
0.5740363, 0.3248311, 0.2650013, 0
0.7388657, 0.2855514, 0.2973867, 0
0.8384276, 0.517446, 0.2321896, 0
0.6858342, 0.502831, 0.3008814, 0
0.4258601, 0.2958844, 0.2877757, 0
0.5458741, 0.3214139, 0.3439129, 0
0.6521252, 0.3579002, 0.203726, 0
0.8443094, 0.4023295, 0.2068375, 0
0.6306943, 0.388428, 0.4024665, 0
0.554801, 0.4275545, 0.2228247, 0
0.3692044, 0.4819421, 0.2770787, 0
0.4433754, 0.4349325, 0.2851258, 0
0.7327474, 0.3814215, 0.1991042, 0
0.362684, 0.3991015, 0.319784, 0
0.5895769, 0.3564067, 0.3248092, 0
0.7791862, 0.4618454, 0.314779, 0
0.622876, 0.3184077, 0.2889062, 0
0.7247211, 0.4642253, 0.3000425, 0
0.5482574, 0.4220313, 0.3582347, 0
0.7755532, 0.3189904, 0.2553889, 0
0.8441062, 0.548051, 0.2840837, 0
0.508426, 0.4574076, 0.3248467, 0
0.4830272, 0.5314447, 0.3027038, 0
0.8357458, 0.4713095, 0.3106721, 0
0.4468645, 0.4979248, 0.243921, 0
0.408174, 0.4834406, 0.3073138, 0
0.8693898, 0.3865338, 0.3697952, 0
0.4026008, 0.3133814, 0.4057402, 0
0.5222034, 0.3511744, 0.2022639, 0
0.5165132, 0.3382308, 0.3016423, 0
0.5930511, 0.4681649, 0.2877597, 0
0.6016724, 0.5169582, 0.3149326, 0
0.7380692, 0.3718743, 0.2823472, 0
0.3727587, 0.4323457, 0.2542736, 0
0.7565089, 0.5475206, 0.3284731, 0
0.4277321, 0.487104, 0.3030035, 0
0.4879202, 0.3555133, 0.3054117, 0
0.4193205, 0.30945, 0.3903742, 0
0.4448815, 0.3972183, 0.1866344, 0
0.8803646, 0.394378, 0.3552931, 0
0.5111177, 0.376477, 0.2274128, 0
0.7459583, 0.3084089, 0.3469111, 0
0.8128476, 0.5972524, 0.298542, 0
0.7590887, 0.4146835, 0.249075, 0
0.5023876, 0.3283429, 0.4095037, 0
0.7077439, 0.4228965, 0.3498212, 0
0.7259099, 0.4750293, 0.2799785, 0
0.6084718, 0.3510035, 0.3669714, 0
0.4258812, 0.3328273, 0.4196228, 0
0.7871425, 0.4077995, 0.2737635, 0
0.4212881, 0.291053, 0.3124023, 0
0.8745606, 0.3591628, 0.2367999, 0
0.5073545, 0.3485766, 0.4219789, 0
0.5333095, 0.3717812, 0.3904747, 0
0.8503956, 0.4196291, 0.1801196, 0
0.6221715, 0.5076507, 0.2660581, 0
0.829225, 0.6031176, 0.2998633, 0
0.476998, 0.3853074, 0.2946189, 0
0.6090326, 0.4029737, 0.2813285, 0
0.6566722, 0.3747549, 0.2540524, 0
0.6584762, 0.4014188, 0.2943787, 0
0.6675526, 0.4922791, 0.3147701, 0
0.6089038, 0.499398, 0.2606622, 0
0.718352, 0.412133, 0.2117931, 0
0.7334793, 0.5201926, 0.3626991, 0
0.6156387, 0.4615677, 0.2704828, 0
0.4991008, 0.4596394, 0.3779893, 0
0.4699325, 0.3111403, 0.2409842, 0
0.5112668, 0.4964893, 0.2845989, 0
0.7704101, 0.5760914, 0.2791419, 0
0.6166914, 0.3393416, 0.4313074, 0
0.5045809, 0.3827351, 0.2378921, 0
0.6327053, 0.4609444, 0.3147259, 0
0.7353736, 0.5759283, 0.2961048, 0
0.7682115, 0.5056295, 0.3197163, 0
0.5139982, 0.3904182, 0.2651617, 0
0.5787833, 0.3801419, 0.2515176, 0
0.7502904, 0.37324, 0.3960444, 0
0.4607938, 0.4587185, 0.4326603, 0
0.7865186, 0.5145609, 0.342729, 0
0.5613913, 0.4962101, 0.2629658, 0
0.4348843, 0.537725, 0.3429403, 0
0.7588565, 0.4536435, 0.2872683, 0
0.861999, 0.407369, 0.3617893, 0
0.783277, 0.3737223, 0.3012703, 0
0.5491796, 0.4636998, 0.2805011, 0
0.8461871, 0.5401083, 0.3409797, 0
0.5643742, 0.4978938, 0.2566648, 0
0.4216494, 0.4239913, 0.2497874, 0
0.5953858, 0.3761379, 0.3332836, 0
0.543285, 0.5304415, 0.3073686, 0
0.6912442, 0.4730307, 0.2485421, 0
0.6619997, 0.3526962, 0.2949165, 0
0.5596228, 0.4780191, 0.308101, 0
0.8558985, 0.3930056, 0.3102645, 0
0.7976746, 0.4200157, 0.336377, 0
0.449648, 0.2921754, 0.3177845, 0
0.8143072, 0.5705562, 0.2367312, 0
0.5926115, 0.5048541, 0.2546756, 0
0.6199147, 0.4908071, 0.3433739, 0
0.5884515, 0.2761995, 0.3070556, 0
0.5651775, 0.291561, 0.2676885, 0
0.6434625, 0.4069163, 0.2157092, 0
0.3930975, 0.3139357, 0.347228, 0
0.6642137, 0.4621761, 0.2703019, 0
0.5233452, 0.4892025, 0.361754, 0
0.7984025, 0.4217862, 0.1761968, 0
0.7069235, 0.4933223, 0.2813249, 0
0.5386108, 0.3105536, 0.2179575, 0
0.5789849, 0.4815136, 0.2645665, 0
0.6186602, 0.2851139, 0.331358, 0
0.4805863, 0.292145, 0.2709654, 0
0.7508315, 0.338435, 0.3383371, 0
0.7692998, 0.5491812, 0.402296, 0
0.5298861, 0.3666453, 0.3087069, 0
0.5163015, 0.339165, 0.2052227, 0
0.6903875, 0.3637568, 0.3946499, 0
0.7834129, 0.3434206, 0.2341076, 0
0.4745814, 0.426794, 0.1936212, 0
0.3971867, 0.5159559, 0.3831135, 0
0.4569185, 0.474742, 0.2286896, 0
0.5722728, 0.1502285, 0.1191497, 0
0.8109049, 0.5977598, 0.2301267, 0
0.5040925, 0.3844583, 0.305757, 0
0.631383, 0.4570578, 0.2722808, 0
0.7553009, 0.3586776, 0.3844346, 0
0.7489061, 0.49286, 0.2354955, 0
0.6489805, 0.3769944, 0.2537883, 0
0.6864014, 0.2980117, 0.2791094, 0
0.8496317, 0.4355452, 0.1747228, 0
0.8185036, 0.4780294, 0.1972513, 0
0.807327, 0.5855114, 0.2352674, 0
0.7483633, 0.5028414, 0.2105416, 0
0.6346481, 0.4696455, 0.3023957, 0
0.7510429, 0.545733, 0.2141708, 0
0.5375555, 0.4048385, 0.2864576, 0
0.6763989, 0.3011293, 0.3752553, 0
0.8706983, 0.4824286, 0.1923108, 0
0.4586072, 0.5164356, 0.3994696, 0
0.4369537, 0.3830682, 0.3688995, 0
0.7654065, 0.3813197, 0.1936416, 0
0.58719, 0.5380595, 0.3037169, 0
0.7162047, 0.2877446, 0.3752807, 0
0.4497604, 0.5306408, 0.3338734, 0
0.4067513, 0.3378839, 0.2425263, 0
0.4485963, 0.4235902, 0.2229227, 0
0.3457245, 0.4514261, 0.3018935, 0
0.6537319, 0.4094315, 0.3825119, 0
0.5552594, 0.3022529, 0.2831661, 0
0.7821898, 0.4696561, 0.3032902, 0
0.5299211, 0.3619544, 0.310165, 0
0.4740695, 0.4265413, 0.4078342, 0
0.3934458, 0.3837621, 0.3191993, 0
0.7477401, 0.4068607, 0.3206716, 0
0.709086, 0.497912, 0.3241515, 0
0.8529872, 0.47209, 0.3430352, 0
0.4068097, 0.4029838, 0.4180092, 0
0.7094123, 0.3340644, 0.2120862, 0
0.8288111, 0.3713349, 0.2891717, 0
0.3297328, 0.4251963, 0.2777121, 0
0.4201224, 0.3869016, 0.2203104, 0
0.5681617, 0.4341908, 0.3953754, 0
0.7556916, 0.2967141, 0.3289027, 0
0.6806898, 0.3296115, 0.2380413, 0
0.7854571, 0.3313618, 0.2364588, 0
0.7475104, 0.3787403, 0.3896706, 0
0.8334274, 0.5064803, 0.2100679, 0
0.4335169, 0.5164545, 0.3788977, 0
0.4807631, 0.407465, 0.306304, 0
0.3872039, 0.3158232, 0.2616392, 0
0.7962705, 0.5523939, 0.3270633, 0
0.5298553, 0.4369801, 0.3952872, 0
0.3988668, 0.5131003, 0.2807169, 0
0.4702054, 0.2908555, 0.2761081, 0
0.7709695, 0.4117751, 0.2284605, 0
0.5735022, 0.3077811, 0.3294203, 0
0.7588178, 0.4578428, 0.3665047, 0
0.8379835, 0.4232057, 0.2109237, 0
0.373812, 0.5097151, 0.3289223, 0
0.7312354, 0.4595554, 0.2639017, 0
0.5398983, 0.4063232, 0.4439227, 0
0.7884123, 0.3602659, 0.4190667, 0
0.4068628, 0.4770594, 0.4274506, 0
0.7845426, 0.4319392, 0.34754, 0
0.3959043, 0.4353012, 0.3293384, 0
0.4597471, 0.3531031, 0.3878061, 0
0.3598784, 0.3833466, 0.2488164, 0
0.4288535, 0.4113765, 0.2316774, 0
0.5530748, 0.3767048, 0.4431253, 0
0.7651891, 0.4187724, 0.1760652, 0
0.6462817, 0.4772852, 0.2874361, 0
0.6451188, 0.3049546, 0.270502, 0
0.8867951, 0.3512282, 0.2334452, 0
0.5312418, 0.3594905, 0.4545562, 0
0.3882134, 0.4456099, 0.2536905, 0
0.5744013, 0.4221442, 0.3038961, 0
0.5337783, 0.386796, 0.2058328, 0
0.4310898, 0.438976, 0.2246377, 0
0.3933519, 0.4951219, 0.3716883, 0
0.7525885, 0.5242617, 0.2219165, 0
0.585677, 0.5256048, 0.3012818, 0
0.6278535, 0.3774166, 0.2150903, 0
0.7648791, 0.3366671, 0.3430272, 0
0.5044809, 0.4711289, 0.3216845, 0
0.5322596, 0.319946, 0.3783591, 0
0.3679176, 0.4923861, 0.3650675, 0
0.8307629, 0.5518728, 0.297369, 0
0.4765917, 0.3333587, 0.3239928, 0
0.8349879, 0.3540438, 0.3138863, 0
0.4413945, 0.3804468, 0.1911663, 0
0.8510765, 0.3832313, 0.2622025, 0
0.7929623, 0.5626767, 0.2427846, 0
0.4043375, 0.5239866, 0.3019359, 0
0.6600273, 0.4260927, 0.2517656, 0
0.7972139, 0.4020895, 0.2052611, 0
0.7328188, 0.4075965, 0.385178, 0
0.4517621, 0.3600211, 0.224304, 0
0.7590506, 0.3234228, 0.2279741, 0
0.7124934, 0.4625848, 0.3467167, 0
0.4090174, 0.3937358, 0.2998606, 0
0.5001939, 0.4057685, 0.3671969, 0
0.6542535, 0.4367965, 0.264434, 0
0.7951436, 0.3476999, 0.2412779, 0
0.5632848, 0.3464352, 0.3961672, 0
0.7611088, 0.4990211, 0.4025332, 0
0.4558627, 0.4099821, 0.3642231, 0
0.4018801, 0.2976348, 0.3571002, 0
0.47963, 0.5245793, 0.3521647, 0
0.6139095, 0.4254112, 0.3816724, 0
0.3906721, 0.3515381, 0.335191, 0
0.7848278, 0.356017, 0.3474855, 0
0.7646024, 0.3496155, 0.2840345, 0
0.4973384, 0.3547219, 0.3449289, 0
0.6432225, 0.3767697, 0.3199414, 0
0.6878235, 0.3240344, 0.3160544, 0
0.5612149, 0.5001301, 0.2497805, 0
0.369459, 0.3158503, 0.2726641, 0
0.8400894, 0.4955486, 0.2516478, 0
0.7987478, 0.4103854, 0.1955821, 0
0.7774708, 0.4938208, 0.201963, 0
0.5523086, 0.5191958, 0.2822583, 0
0.8302496, 0.4392393, 0.3579214, 0
0.4608487, 0.3074755, 0.2966797, 0
0.4119096, 0.5290094, 0.3065983, 0
0.4926488, 0.3142121, 0.2117848, 0
0.6462672, 0.4745045, 0.2367038, 0
0.415079, 0.3272837, 0.3375709, 0
0.7162465, 0.4809999, 0.3243186, 0
0.4397921, 0.4739518, 0.359287, 0
0.8433765, 0.4818471, 0.4090419, 0
0.7152275, 0.3426921, 0.3015271, 0
0.4111241, 0.4559645, 0.2995548, 0
0.4867424, 0.4017471, 0.1987083, 0
0.4679147, 0.4674855, 0.4458851, 0
0.8616947, 0.3979553, 0.1909633, 0
0.7630503, 0.4638096, 0.3906739, 0
0.7479835, 0.5214439, 0.2505959, 0
0.697213, 0.3677257, 0.2829368, 0
0.4224641, 0.5252768, 0.3566988, 0
0.5378579, 0.2882121, 0.2359242, 0
0.5782093, 0.3878044, 0.254452, 0
0.5780382, 0.2780539, 0.2456677, 0
0.5111756, 0.4090843, 0.3991366, 0
0.7861036, 0.3126315, 0.3977193, 0
0.7667086, 0.3716369, 0.2276487, 0
0.5916412, 0.4020546, 0.3105246, 0
0.5868772, 0.3832348, 0.3085057, 0
0.6186862, 0.4740797, 0.3567391, 0
0.4624813, 0.3758014, 0.2498388, 0
0.6160607, 0.4846532, 0.2956875, 0
0.7740876, 0.5613364, 0.3222186, 0
0.852861, 0.4462141, 0.2606648, 0
0.5899896, 0.4303083, 0.2932518, 0
0.581398, 0.4168139, 0.3091697, 0
0.513252, 0.4204611, 0.4525938, 0
0.8781673, 0.3903273, 0.3113358, 0
0.4518354, 0.4211303, 0.3142568, 0
0.4985529, 0.332054, 0.2208021, 0
0.5927314, 0.4444569, 0.2456864, 0
0.8053854, 0.546739, 0.2724817, 0
0.3760278, 0.4032991, 0.2257341, 0
0.3928067, 0.4213256, 0.2212222, 0
0.490891, 0.3216457, 0.377065, 0
0.7923587, 0.478319, 0.1763923, 0
0.8341755, 0.3568148, 0.3110667, 0
0.6918979, 0.5068116, 0.2859846, 0
0.5840511, 0.3697188, 0.4317109, 0
0.7906303, 0.5719947, 0.3646412, 0
0.3810212, 0.3817013, 0.4031448, 0
0.4793415, 0.4799284, 0.2383989, 0
0.4475414, 0.4213387, 0.4448717, 0
0.4210142, 0.472804, 0.2367127, 0
0.5949445, 0.504211, 0.3312132, 0
0.4649327, 0.4617281, 0.4465615, 0
0.6461762, 0.3947792, 0.3977215, 0
0.5918688, 0.4620415, 0.3167204, 0
0.4989173, 0.3207, 0.2372136, 0
0.7324824, 0.4138567, 0.264584, 0
0.7098432, 0.3614599, 0.3780444, 0
0.3925552, 0.3382366, 0.2419623, 0
0.4533869, 0.3533028, 0.20267, 0
0.6983518, 0.3694321, 0.3544956, 0
0.763586, 0.3480904, 0.2864543, 0
0.6657297, 0.4291872, 0.3250873, 0
0.8687991, 0.3578233, 0.3554256, 0
0.54358, 0.4285557, 0.4181286, 0
0.6839825, 0.3189171, 0.2842898, 0
0.4905555, 0.4623779, 0.38587, 0
0.7877991, 0.3707935, 0.3862916, 0
0.5736848, 0.3042928, 0.2375027, 0
0.6329291, 0.3940661, 0.4192664, 0
0.737695, 0.5433345, 0.3514044, 0
0.7033247, 0.3616482, 0.300471, 0
0.3573573, 0.3747281, 0.2398302, 0
0.384791, 0.3933579, 0.2697049, 0
0.859785, 0.4714831, 0.1653261, 0
0.7319512, 0.4771267, 0.2330892, 0
0.4347648, 0.331023, 0.3833759, 0
0.4177133, 0.2898971, 0.3507103, 0
0.8143485, 0.4549716, 0.3934418, 0
0.5427611, 0.3460451, 0.41902, 0
0.6911696, 0.4259508, 0.2627742, 0
0.4338153, 0.3488649, 0.3937456, 0
0.3902167, 0.3585018, 0.2497285, 0
0.8897049, 0.3879892, 0.3581693, 0
0.8677629, 0.4782658, 0.190531, 0
0.6265411, 0.4011144, 0.2088342, 0
0.6846492, 0.3034342, 0.2377547, 0
0.4434715, 0.4223177, 0.2797818, 0
0.517454, 0.4041235, 0.1942376, 0
0.5820105, 0.3894516, 0.2029537, 0
0.7684199, 0.4019132, 0.23605, 0
0.8441517, 0.4419456, 0.3288256, 0
0.8038228, 0.3450322, 0.2833735, 0
0.460613, 0.4287596, 0.2800792, 0
0.3552945, 0.3499384, 0.2603512, 0
0.3312001, 0.4269642, 0.3042425, 0
0.8231452, 0.5245851, 0.260427, 0
0.7176867, 0.3951028, 0.2254902, 0
0.4509778, 0.4522921, 0.2015569, 0
0.547536, 0.3310655, 0.4100116, 0
0.4938284, 0.291016, 0.321422, 0
0.5690914, 0.4077052, 0.4162473, 0
0.5176496, 0.3185441, 0.2616485, 0
0.8819794, 0.3837951, 0.1998928, 0
0.7765557, 0.598984, 0.3150589, 0
0.7822934, 0.438357, 0.2127698, 0
0.655746, 0.2787623, 0.2774833, 0
0.6523169, 0.4272405, 0.2706283, 0
0.4062573, 0.4606341, 0.3716567, 0
0.5003324, 0.4377121, 0.4242846, 0
0.5522698, 0.4290654, 0.2775793, 0
0.396669, 0.467928, 0.4314488, 0
0.7216359, 0.438271, 0.2316147, 0
0.7953165, 0.4667788, 0.1632471, 0
0.4892638, 0.3952137, 0.3573539, 0
0.3637447, 0.4316694, 0.3936425, 0
0.4869529, 0.310033, 0.3430957, 0
0.5514222, 0.4591257, 0.3851257, 0
0.7984996, 0.355311, 0.1959815, 0
0.5631963, 0.4192198, 0.3467443, 0
0.5073566, 0.2981147, 0.3386077, 0
0.6576039, 0.4474049, 0.3356225, 0
0.7653164, 0.4809599, 0.3476397, 0
0.6988471, 0.4194906, 0.2399932, 0
0.4198315, 0.289719, 0.3517623, 0
0.4042399, 0.358027, 0.2305894, 0
0.58178, 0.3602295, 0.3206902, 0
0.4142115, 0.3107052, 0.3946182, 0
0.4419977, 0.4941665, 0.3879302, 0
0.7976728, 0.5402381, 0.3486544, 0
0.6771983, 0.2791392, 0.3201094, 0
0.5680544, 0.3463998, 0.3473008, 0
0.5051748, 0.5141723, 0.3128732, 0
0.7562256, 0.3488844, 0.2237171, 0
0.7040269, 0.2696038, 0.3473348, 0
0.8373724, 0.4159265, 0.2474174, 0
0.7493525, 0.4674554, 0.210548, 0
0.567877, 0.4651466, 0.3747275, 0
0.764449, 0.349609, 0.2932251, 0
0.6906834, 0.3186374, 0.3246132, 0
0.4451133, 0.3919977, 0.4107466, 0
0.3804024, 0.3770633, 0.3395088, 0
0.5135262, 0.3665831, 0.3633857, 0
0.8533579, 0.4996524, 0.385014, 0
0.3653758, 0.3323101, 0.2667212, 0
0.7415171, 0.4631994, 0.2240669, 0
0.7558491, 0.3725053, 0.2611588, 0
0.4508522, 0.5041857, 0.3930615, 0
0.4235635, 0.4481977, 0.3178677, 0
0.7893198, 0.4660999, 0.297151, 0
0.4478359, 0.3691709, 0.4235763, 0
0.5077491, 0.3604506, 0.4423978, 0
0.8615116, 0.3709383, 0.2891007, 0
0.354777, 0.4232511, 0.261279, 0
0.820374, 0.3452051, 0.3400834, 0
0.5648425, 0.4944611, 0.3538185, 0
0.8105263, 0.3247409, 0.2503659, 0
0.5957935, 0.5278328, 0.2838834, 0
0.7341627, 0.4689256, 0.3002346, 0
0.8192104, 0.5199178, 0.1782876, 0
0.8867393, 0.3256207, 0.2690372, 0
0.619316, 0.5136, 0.2823669, 0
0.6346164, 0.3835959, 0.3150887, 0
0.4968183, 0.3385286, 0.3983686, 0
0.4886724, 0.5082743, 0.3560595, 0
0.7257471, 0.3321083, 0.3524362, 0
0.8141105, 0.5508951, 0.3573663, 0
0.7210596, 0.373695, 0.2224008, 0
0.8135943, 0.4089471, 0.1736429, 0
0.5820729, 0.3566004, 0.2782423, 0
0.7665522, 0.5080028, 0.2777888, 0
0.4236702, 0.2879283, 0.3210796, 0
0.3553903, 0.3710697, 0.2899611, 0
0.5543904, 0.2967304, 0.2311769, 0
0.5550944, 0.3969754, 0.2176762, 0
0.7217198, 0.3873912, 0.368267, 0
0.7274198, 0.4015985, 0.3556676, 0
0.5164954, 0.3614906, 0.2328921, 0
0.7767711, 0.5290571, 0.2245708, 0
0.7813076, 0.3875693, 0.3540407, 0
0.8645613, 0.3544127, 0.2300983, 0
0.8265874, 0.5481339, 0.2223388, 0
0.7036307, 0.371621, 0.2194789, 0
0.6710221, 0.429846, 0.2290649, 0
0.4092189, 0.4358383, 0.3980314, 0
0.7540113, 0.5629123, 0.2409955, 0
0.6373736, 0.4507453, 0.2839313, 0
0.6100352, 0.3314439, 0.2122908, 0
0.4526692, 0.3743542, 0.1849474, 0
0.7663094, 0.4822803, 0.1964804, 0
0.7700256, 0.4935048, 0.4124596, 0
0.5390981, 0.4521936, 0.2534198, 0
0.7360532, 0.3200497, 0.4048006, 0
0.5521003, 0.3902122, 0.269509, 0
0.4764247, 0.4544839, 0.2141819, 0
0.5569678, 0.3980865, 0.213194, 0
0.5406108, 0.3279628, 0.4015538, 0
0.8453946, 0.4580581, 0.1985877, 0
0.4149301, 0.487454, 0.4172827, 0
0.7587325, 0.506663, 0.1945127, 0
0.6176788, 0.4252152, 0.2417109, 0
0.6502611, 0.3709067, 0.1963494, 0
0.4488602, 0.3346439, 0.2080309, 0
0.5814937, 0.3581275, 0.4417078, 0
0.5739837, 0.4235779, 0.2916842, 0
0.7077991, 0.3020077, 0.2973976, 0
0.7608213, 0.5002959, 0.341308, 0
0.5087705, 0.3095498, 0.2683966, 0
0.5462152, 0.3211777, 0.3520861, 0
0.4711892, 0.3669166, 0.2085609, 0
0.3881621, 0.4636802, 0.4286172, 0
0.8365075, 0.5852828, 0.3011982, 0
0.8411344, 0.3905733, 0.3172509, 0
0.8143432, 0.4006125, 0.2236269, 0
0.446626, 0.3854356, 0.1989056, 0
0.8209468, 0.3948078, 0.2116309, 0
0.7985361, 0.4084476, 0.1768925, 0
0.4812837, 0.4317787, 0.3229944, 0
0.6482458, 0.4278781, 0.2521891, 0
0.5975576, 0.3442102, 0.2968225, 0
0.6278965, 0.4456489, 0.3789864, 0
0.4148664, 0.388262, 0.2203486, 0
0.3983687, 0.3559796, 0.4088411, 0
0.4502979, 0.3810415, 0.3825729, 0
0.460137, 0.4552897, 0.208679, 0
0.4518839, 0.3399771, 0.2319374, 0
0.4394522, 0.2897054, 0.3526071, 0
0.8733094, 0.4282869, 0.2689948, 0
0.5352219, 0.4989182, 0.3687338, 0
0.5111483, 0.478982, 0.2212043, 0
0.7505277, 0.3292238, 0.2068768, 0
0.4218811, 0.3544847, 0.2488997, 0
0.3728525, 0.4291628, 0.4124377, 0
0.3574085, 0.465325, 0.2815908, 0
0.5318904, 0.4037759, 0.2932816, 0
0.5382976, 0.4641969, 0.3316585, 0
0.4359684, 0.3743584, 0.4011256, 0
0.4648859, 0.4331135, 0.2644369, 0
0.7806277, 0.321656, 0.2953482, 0
0.3796398, 0.4544138, 0.3836063, 0
0.391154, 0.4846126, 0.4178421, 0
0.7626837, 0.4664884, 0.3393957, 0
0.5870521, 0.2719804, 0.2717029, 0
0.7588878, 0.5307257, 0.2233097, 0
0.7593862, 0.3450231, 0.4074039, 0
0.7152433, 0.4375896, 0.2578725, 0
0.5134506, 0.4848196, 0.3498887, 0
0.4814178, 0.399449, 0.1958163, 0
0.7247537, 0.4249858, 0.2893802, 0
0.7650214, 0.4879784, 0.2745472, 0
0.7619742, 0.4404233, 0.3920148, 0
0.3535658, 0.4557009, 0.3370485, 0
0.6567899, 0.2733826, 0.3066502, 0
0.6076356, 0.3263792, 0.28674, 0
0.3914766, 0.2948803, 0.3262194, 0
0.7337034, 0.2819999, 0.2806989, 0
0.4937686, 0.3707997, 0.2853854, 0
0.6206978, 0.5106086, 0.3053534, 0
0.3661852, 0.463999, 0.3917567, 0
0.7381606, 0.4837824, 0.2989675, 0
0.6102445, 0.4018697, 0.3103769, 0
0.7617905, 0.3990869, 0.2627589, 0
0.4048386, 0.3608157, 0.2294512, 0
0.5136198, 0.4270471, 0.2710387, 0
0.4787986, 0.4126733, 0.4554348, 0
0.6776571, 0.3438703, 0.3663404, 0
0.6001827, 0.3452446, 0.3390912, 0
0.409752, 0.4274895, 0.2224929, 0
0.3735884, 0.4190283, 0.4188657, 0
0.5460508, 0.4616116, 0.2158682, 0
0.6032574, 0.390928, 0.2353147, 0
0.3844415, 0.5140697, 0.3120686, 0
0.5725964, 0.3495243, 0.3054357, 0
0.7202408, 0.323638, 0.3529869, 0
0.4267471, 0.3753143, 0.2658249, 0
0.8377093, 0.4975597, 0.2495826, 0
0.4034211, 0.4365799, 0.3759413, 0
0.384417, 0.3505512, 0.2557445, 0
0.5105894, 0.4864591, 0.2955549, 0
0.5819374, 0.4019223, 0.2990789, 0
0.5744749, 0.3983983, 0.2854793, 0
0.6791853, 0.3012221, 0.4057392, 0
0.8798353, 0.4504797, 0.1918101, 0
0.4723783, 0.3777055, 0.2189251, 0
0.6036041, 0.327586, 0.229888, 0
0.8702301, 0.4266255, 0.3579549, 0
0.823239, 0.3619975, 0.3573771, 0
0.7421677, 0.3577166, 0.3832155, 0
0.4108601, 0.3100943, 0.3939243, 0
0.6572493, 0.5119019, 0.2914185, 0
0.7671778, 0.3117482, 0.4017188, 0
0.7806498, 0.4246984, 0.1806094, 0
0.3690253, 0.4109878, 0.266027, 0
0.6464, 0.4003578, 0.4005009, 0
0.7271816, 0.3345678, 0.2086827, 0
0.7112637, 0.4619134, 0.2400748, 0
0.6097279, 0.3378238, 0.3312946, 0
0.7504591, 0.5302431, 0.3961456, 0
0.7616085, 0.3670646, 0.3386538, 0
0.7829669, 0.4923507, 0.3913487, 0
0.7227225, 0.335842, 0.3893356, 0
0.7073506, 0.3518336, 0.359855, 0
0.7104624, 0.3286856, 0.3390197, 0
0.4478148, 0.2869458, 0.2884098, 0
0.7302824, 0.4896021, 0.3653364, 0
0.7562203, 0.4921318, 0.2343398, 0
0.4401894, 0.4137608, 0.3923726, 0
0.4570347, 0.5003941, 0.2639697, 0
0.6449608, 0.3771173, 0.3945211, 0
0.4491311, 0.4213668, 0.4460692, 0
0.6978443, 0.4415033, 0.3074937, 0
0.7734505, 0.5245481, 0.336413, 0
0.4996621, 0.3472938, 0.2911502, 0
0.4540019, 0.3899393, 0.4284924, 0
0.8536516, 0.5147905, 0.1677867, 0
0.821178, 0.3634032, 0.3573735, 0
0.3786542, 0.4474732, 0.2909846, 0
0.6268167, 0.3382602, 0.3276207, 0
0.791197, 0.447015, 0.3673661, 0
0.4020972, 0.5220485, 0.3302475, 0
0.7232908, 0.3801785, 0.3214227, 0
0.5810961, 0.3215541, 0.2128495, 0
0.4709688, 0.3510138, 0.4129389, 0
0.7347282, 0.3407401, 0.211826, 0
0.4370282, 0.3757577, 0.343085, 0
0.5155044, 0.4124141, 0.304482, 0
0.5901017, 0.3271523, 0.2934476, 0
0.774128, 0.462495, 0.2934484, 0
0.5826927, 0.2884371, 0.3039229, 0
0.8178478, 0.507215, 0.3391103, 0
0.6147524, 0.3599752, 0.3195797, 0
0.3879125, 0.3840822, 0.2438111, 0
0.7432917, 0.5405632, 0.2665822, 0
0.493842, 0.4300623, 0.2283176, 0
0.8127628, 0.4343511, 0.2896563, 0
0.5710261, 0.4165219, 0.2211565, 0
0.662733, 0.4868618, 0.3015493, 0
0.7186962, 0.4195662, 0.3389094, 0
0.4236005, 0.4545094, 0.2072155, 0
0.5843221, 0.4699037, 0.2305762, 0
0.8562787, 0.4028256, 0.2795293, 0
0.6033432, 0.3338169, 0.3778742, 0
0.7695774, 0.5571705, 0.3143878, 0
0.6261641, 0.3545722, 0.2205047, 0
0.8551158, 0.33663, 0.3136255, 0
0.549265, 0.4096206, 0.2033088, 0
0.8822679, 0.3492122, 0.3209366, 0
0.8654789, 0.4949512, 0.1838109, 0
0.5306971, 0.3114608, 0.2529324, 0
0.5074204, 0.3753021, 0.2169808, 0
0.4552785, 0.2907367, 0.2772362, 0
0.790696, 0.3083395, 0.3333106, 0
0.728507, 0.4437725, 0.260032, 0
0.4239148, 0.3452077, 0.3937328, 0
0.7897847, 0.453995, 0.4092422, 0
0.4945523, 0.3722872, 0.4535549, 0
0.4541968, 0.2931288, 0.3692013, 0
0.4491645, 0.460815, 0.3658095, 0
0.3892761, 0.3996053, 0.2319858, 0
0.8321379, 0.5252421, 0.3835284, 0
0.5372497, 0.361151, 0.4382356, 0
0.7011386, 0.3472629, 0.3216808, 0
0.459968, 0.4346303, 0.4487166, 0
0.3737515, 0.4173765, 0.387336, 0
0.5120955, 0.450122, 0.2281241, 0
0.4692883, 0.4030715, 0.4029711, 0
0.6478422, 0.3264645, 0.2535706, 0
0.8384088, 0.5475961, 0.3940355, 0
0.4293702, 0.2918294, 0.2639443, 0
0.7152348, 0.4896711, 0.3377201, 0
0.5383683, 0.3189131, 0.2353009, 0
0.7601317, 0.5204567, 0.2742756, 0
0.4172456, 0.3847335, 0.2563877, 0
0.6093703, 0.3710093, 0.4301851, 0
0.8104393, 0.3600234, 0.2105974, 0
0.770996, 0.3760896, 0.3429148, 0
0.8359182, 0.5528343, 0.2569381, 0
0.7655835, 0.414311, 0.2490799, 0
0.8510962, 0.4296064, 0.2856902, 0
0.7084031, 0.3647361, 0.2659688, 0
0.4142172, 0.4910927, 0.4149989, 0
0.4272014, 0.4405329, 0.3877827, 0
0.8090907, 0.3296864, 0.3092761, 0
0.3589105, 0.4538818, 0.3845275, 0
0.5875006, 0.3069454, 0.2163763, 0
0.448135, 0.291633, 0.3397528, 0
0.4174786, 0.3424257, 0.255437, 0
0.4622571, 0.3009886, 0.3863401, 0
0.524919, 0.4667662, 0.2083159, 0
0.6073791, 0.3819946, 0.2918964, 0
0.7687829, 0.4518363, 0.391804, 0
0.8093947, 0.6225748, 0.2967563, 0
0.7291242, 0.5066807, 0.2961958, 0
0.4538631, 0.294165, 0.3389024, 0
0.5464594, 0.4361931, 0.2120017, 0
0.5863838, 0.4067723, 0.4221809, 0
0.7932161, 0.4915859, 0.1629722, 0
0.5803432, 0.3871291, 0.2512401, 0
0.5512612, 0.4312376, 0.3042876, 0
0.8536971, 0.3878642, 0.2198936, 0
0.446854, 0.2884566, 0.2970555, 0
0.7186486, 0.5140455, 0.3341171, 0
0.6008599, 0.3239399, 0.2041456, 0
0.6380401, 0.3342596, 0.332975, 0
0.8418186, 0.4046114, 0.3699424, 0
0.4142505, 0.4861161, 0.367473, 0
0.4876922, 0.4167008, 0.2449731, 0
0.622076, 0.3073744, 0.2509851, 0
0.4512632, 0.2874623, 0.2864859, 0
0.4080922, 0.4473412, 0.2224661, 0
0.7006534, 0.3873636, 0.2034909, 0
0.4841015, 0.3779934, 0.4008246, 0
0.7600604, 0.5147913, 0.2934501, 0
0.5271544, 0.4914977, 0.243796, 0
0.5478192, 0.4682571, 0.3067826, 0
0.7903829, 0.4888841, 0.2758003, 0
0.3759529, 0.4248177, 0.3419975, 0
0.789649, 0.5334802, 0.3715989, 0
0.63112, 0.3050294, 0.2248856, 0
0.5286626, 0.4006303, 0.4521134, 0
0.8108295, 0.5765309, 0.3071197, 0
0.7108023, 0.3341346, 0.2421002, 0
0.5993024, 0.3779046, 0.2287157, 0
0.386764, 0.5154285, 0.3114282, 0
0.4881726, 0.318303, 0.4083827, 0
0.7850667, 0.413915, 0.2829798, 0
0.3941717, 0.2942083, 0.3339083, 0
0.7188154, 0.461805, 0.246441, 0
0.8495684, 0.4563637, 0.4006968, 0
0.8616682, 0.437018, 0.1756853, 0
0.5652099, 0.4331006, 0.2521392, 0
0.8678341, 0.5235811, 0.2909347, 0
0.4862903, 0.416583, 0.4444127, 0
0.868792, 0.451698, 0.2798992, 0
0.4899463, 0.3637635, 0.4194607, 0
0.4221141, 0.4234562, 0.3143959, 0
0.5240855, 0.5080143, 0.340386, 0
0.3767495, 0.4972679, 0.3667471, 0
0.844001, 0.3965267, 0.402982, 0
0.8188398, 0.4739967, 0.3820847, 0
0.7305138, 0.3849704, 0.3192295, 0
0.4221566, 0.4221359, 0.2452578, 0
0.4572757, 0.4380858, 0.2815017, 0
0.5697982, 0.4302331, 0.4087907, 0
0.8789827, 0.4525322, 0.1775884, 0
0.8266302, 0.4876647, 0.3288477, 0
0.6077586, 0.3020711, 0.3431468, 0
0.4422094, 0.2872796, 0.2985015, 0
0.4813486, 0.4646953, 0.2691009, 0
0.8265802, 0.4655736, 0.2815635, 0
0.8319608, 0.37717, 0.2502138, 0
0.7359076, 0.4156756, 0.2801276, 0
0.6414654, 0.4539466, 0.3874332, 0
0.4360101, 0.3379856, 0.320222, 0
0.5163688, 0.4908486, 0.3599631, 0
0.4381865, 0.4535116, 0.3196902, 0
0.666657, 0.4169322, 0.3024398, 0
0.7527124, 0.5885889, 0.2891993, 0
0.886909, 0.3631929, 0.3321683, 0
0.539118, 0.4637679, 0.2339548, 0
0.5734473, 0.4249555, 0.2808852, 0
0.6832887, 0.457127, 0.327382, 0
0.5109872, 0.3248281, 0.2466944, 0
0.3607928, 0.3616781, 0.2458658, 0
0.7143618, 0.3377663, 0.3005776, 0
0.6067787, 0.3726915, 0.4402153, 0
0.6421973, 0.3748302, 0.2006525, 0
0.4923914, 0.3956773, 0.3164274, 0
0.4240564, 0.3030756, 0.3799485, 0
0.8082304, 0.5453148, 0.2838971, 0
0.6282824, 0.4241131, 0.3594571, 0
0.6606196, 0.3552252, 0.3479147, 0
0.7820666, 0.4749915, 0.1905919, 0
0.8481944, 0.4806972, 0.2734571, 0
0.8272741, 0.5571742, 0.3478548, 0
0.4174977, 0.5323241, 0.3157133, 0
0.4309582, 0.371567, 0.3948889, 0
0.6465849, 0.4918953, 0.2740293, 0
0.866784, 0.4301484, 0.3103756, 0
0.8786578, 0.3821553, 0.3020125, 0
0.5993432, 0.3932305, 0.2901701, 0
0.518913, 0.5129539, 0.3221145, 0
0.7399205, 0.3981948, 0.3864892, 0
0.8332949, 0.4848277, 0.3991551, 0
0.4392429, 0.4225095, 0.3917559, 0
0.3971527, 0.3850101, 0.3504462, 0
0.6778002, 0.3527813, 0.3381921, 0
0.5697635, 0.3554487, 0.1852149, 0
0.7284787, 0.3469765, 0.2279843, 0
0.7976342, 0.560374, 0.401321, 0
0.5469589, 0.3416858, 0.2128924, 0
0.5544963, 0.4751815, 0.2887923, 0
0.8119749, 0.36762, 0.2367732, 0
0.7946509, 0.4053696, 0.1843548, 0
0.5842297, 0.3281994, 0.4038667, 0
0.5393984, 0.4298834, 0.2248092, 0
0.465792, 0.4295968, 0.3588091, 0
0.5099111, 0.5004724, 0.3010709, 0
0.7410617, 0.5598817, 0.2763594, 0
0.4107501, 0.2939472, 0.3238876, 0
0.545478, 0.5402607, 0.3100265, 0
0.4579434, 0.4276132, 0.3966213, 0
0.4425247, 0.2917458, 0.3577302, 0
0.7310999, 0.4673035, 0.2587334, 0
0.7723077, 0.5758431, 0.2159927, 0
0.6360255, 0.3911762, 0.3391103, 0
0.6291158, 0.2987436, 0.3376, 0
0.7689994, 0.3202164, 0.3763456, 0
0.8358859, 0.4093982, 0.2810243, 0
0.4118539, 0.4744289, 0.4279658, 0
0.6324244, 0.4270225, 0.2120227, 0
0.5709561, 0.411331, 0.3234586, 0
0.8295054, 0.5862149, 0.2132119, 0
0.4534903, 0.3563441, 0.4286321, 0
0.7421128, 0.3078871, 0.2394159, 0
0.7360472, 0.5292498, 0.348173, 0
0.629654, 0.3497578, 0.4269955, 0
0.8017995, 0.5320872, 0.2191596, 0
0.8281775, 0.5567558, 0.3467456, 0
0.5132993, 0.4518904, 0.2388143, 0
0.8068578, 0.4642771, 0.2054727, 0
0.6755245, 0.3922493, 0.385971, 0
0.4703159, 0.3266622, 0.3861387, 0
0.6876201, 0.3257062, 0.3112042, 0
0.4467447, 0.3441872, 0.4278628, 0
0.791209, 0.5565394, 0.3250706, 0
0.6863528, 0.3739772, 0.2120976, 0
0.4421315, 0.3021649, 0.3886117, 0
0.3798843, 0.4472208, 0.4274292, 0
0.4869901, 0.4794766, 0.2467318, 0
0.4351178, 0.2879231, 0.3341624, 0
0.6759483, 0.3345519, 0.4041814, 0
0.5072711, 0.4613861, 0.3713091, 0
0.6091774, 0.2967403, 0.3045891, 0
0.4003205, 0.2925087, 0.3391511, 0
0.4435766, 0.5254624, 0.2667746, 0
0.6963704, 0.3921222, 0.3323047, 0
0.7934061, 0.571299, 0.3090569, 0
0.72002, 0.4210443, 0.2269761, 0
0.5166647, 0.4059969, 0.204178, 0
0.7305958, 0.487067, 0.2465186, 0
0.7421314, 0.5765365, 0.3248344, 0
0.8010887, 0.4178288, 0.2019876, 0
0.5506386, 0.3693111, 0.4114375, 0
0.7195914, 0.5166597, 0.3279079, 0
0.3964673, 0.2919873, 0.3178048, 0
0.8293673, 0.3339683, 0.2456555, 0
0.3412784, 0.4230178, 0.3276042, 0
0.8442046, 0.4166064, 0.2584698, 0
0.3802082, 0.4201232, 0.4196485, 0
0.6967331, 0.3396805, 0.3277945, 0
0.3753005, 0.3133422, 0.2701902, 0
0.8152451, 0.371144, 0.2334732, 0
0.5376311, 0.5188364, 0.3029257, 0
0.804435, 0.3995218, 0.3066967, 0
0.602267, 0.3552847, 0.2215214, 0
0.8271741, 0.3770045, 0.3417373, 0
0.482626, 0.4831485, 0.4002663, 0
0.7149741, 0.3136456, 0.4064313, 0
0.5621205, 0.3737929, 0.406368, 0
0.6122532, 0.3542216, 0.4289754, 0
0.6182417, 0.3644711, 0.3772603, 0
0.5109969, 0.3900428, 0.3907332, 0
0.5897208, 0.3350995, 0.2981108, 0
0.4179921, 0.4969434, 0.2908401, 0
0.4942517, 0.3485074, 0.3838542, 0
0.3688471, 0.3441491, 0.2530063, 0
0.3596001, 0.4405133, 0.3120842, 0
0.5053896, 0.3774025, 0.4599281, 0
0.7418442, 0.4989654, 0.246743, 0
0.7666098, 0.3026105, 0.3394334, 0
0.5230197, 0.3350205, 0.2123481, 0
0.7845052, 0.3932183, 0.2426586, 0
0.8199097, 0.4528063, 0.3959333, 0
0.5976533, 0.4524184, 0.3842546, 0
0.5212224, 0.3752152, 0.2186915, 0
0.5252758, 0.4514821, 0.2083806, 0
0.6452752, 0.4703968, 0.2397467, 0
0.7801574, 0.5919933, 0.3761538, 0
0.7064065, 0.4337256, 0.3204117, 0
0.4474563, 0.3127297, 0.3762897, 0
0.7805982, 0.572966, 0.3213371, 0
0.7599676, 0.3863659, 0.3656382, 0
0.6148837, 0.3766553, 0.3673197, 0
0.430901, 0.292555, 0.2612295, 0
0.4594381, 0.4330655, 0.2568284, 0
0.8062299, 0.4244766, 0.3191801, 0
0.5835195, 0.534902, 0.322269, 0
0.6533164, 0.3918993, 0.2945916, 0
0.8349034, 0.5220674, 0.1703962, 0
0.6698424, 0.2897635, 0.3065362, 0
0.7069812, 0.4644805, 0.3480767, 0
0.4868963, 0.3496474, 0.2600638, 0
0.7010479, 0.3608746, 0.2654141, 0
0.4786848, 0.3717351, 0.2237906, 0
0.4041142, 0.4673209, 0.3107541, 0
0.8472387, 0.3890678, 0.320022, 0
0.5415251, 0.5382401, 0.3314375, 0
0.736796, 0.4918523, 0.2394938, 0
0.6531342, 0.3131201, 0.2797694, 0
0.629469, 0.3238936, 0.2228476, 0
0.8232082, 0.4261971, 0.2630521, 0
0.5830212, 0.2923206, 0.2758784, 0
0.4325446, 0.3149078, 0.417961, 0
0.6636509, 0.2862612, 0.3107512, 0
0.8546209, 0.4370551, 0.2830164, 0
0.3692715, 0.4508437, 0.4020752, 0
0.4424879, 0.3066936, 0.2618251, 0
0.637877, 0.3075332, 0.3794393, 0
0.6491658, 0.2932529, 0.3423839, 0
0.4177405, 0.3721161, 0.3184689, 0
0.5929079, 0.4539909, 0.265237, 0
0.8245428, 0.5026695, 0.2590067, 0
0.5469463, 0.4685326, 0.2809363, 0
0.4612165, 0.5053719, 0.3854091, 0
0.7593283, 0.5811268, 0.2151841, 0
0.7382824, 0.4767142, 0.2691487, 0
0.8782985, 0.3548905, 0.2353752, 0
0.4308155, 0.413993, 0.43006, 0
0.6025614, 0.3214703, 0.4096631, 0
0.7683856, 0.4172175, 0.1728447, 0
0.8265603, 0.3793504, 0.3614366, 0
0.8417581, 0.389389, 0.3534707, 0
0.6080272, 0.4353345, 0.2647179, 0
0.8108805, 0.4305842, 0.1890441, 0
0.6331649, 0.5116013, 0.2633969, 0
0.4685561, 0.5179409, 0.3271282, 0
0.7236764, 0.4008387, 0.2177519, 0
0.6090546, 0.3901335, 0.2764439, 0
0.4611971, 0.392828, 0.2249438, 0
0.5730007, 0.3478728, 0.1949872, 0
0.356743, 0.4473794, 0.3886543, 0
0.5882134, 0.3697542, 0.2200145, 0
0.8729652, 0.4713478, 0.3700411, 0
0.4954948, 0.3772273, 0.3310432, 0
0.3816804, 0.4525313, 0.4273417, 0
0.8073956, 0.5757347, 0.2484079, 0
0.5837602, 0.3293405, 0.2900056, 0
0.3607269, 0.3937637, 0.2927794, 0
0.41788, 0.488521, 0.3677585, 0
0.338025, 0.4463177, 0.3030787, 0
0.5471995, 0.3587927, 0.4432648, 0
0.6863081, 0.3885268, 0.2328107, 0
0.7382741, 0.4616658, 0.2403235, 0
0.7509866, 0.5084426, 0.1976674, 0
0.7827109, 0.5187681, 0.3222123, 0
0.7128414, 0.3455212, 0.3276178, 0
0.3677046, 0.4176202, 0.2926052, 0
0.4478606, 0.3386017, 0.3279921, 0
0.5382524, 0.4383285, 0.2544287, 0
0.5217036, 0.5026397, 0.3662474, 0
0.3697548, 0.3728493, 0.3210313, 0
0.5104486, 0.3105737, 0.2269577, 0
0.4101546, 0.4770827, 0.4253808, 0
0.5649695, 0.4506145, 0.3021262, 0
0.5783634, 0.379683, 0.3175035, 0
0.379412, 0.368276, 0.2274531, 0
0.6418365, 0.4386191, 0.2429335, 0
0.682826, 0.5165045, 0.2851784, 0
0.3745545, 0.4037339, 0.371381, 0
0.5056534, 0.4359602, 0.3867544, 0
0.3743242, 0.4729055, 0.4022852, 0
0.4316664, 0.2909583, 0.3556988, 0
0.621948, 0.376779, 0.4181545, 0
0.5909099, 0.4897541, 0.2716772, 0
0.5992817, 0.3745133, 0.3299376, 0
0.4069194, 0.3494225, 0.2557388, 0
0.5413736, 0.3930024, 0.3202175, 0
0.5848255, 0.5072802, 0.311232, 0
0.8648511, 0.3949639, 0.3002047, 0
0.7225405, 0.380221, 0.3580917, 0
0.5019819, 0.349384, 0.3370281, 0
0.4158847, 0.3948567, 0.3921192, 0
0.3692275, 0.402421, 0.408238, 0
0.8665497, 0.4262752, 0.3574647, 0
0.8054277, 0.5759739, 0.2951911, 0
0.479038, 0.354915, 0.3610617, 0
0.462914, 0.3740635, 0.3503268, 0
0.8311647, 0.4302271, 0.1958648, 0
0.4254748, 0.5002153, 0.2697234, 0
0.8258453, 0.6011081, 0.2262533, 0
0.6290026, 0.3509723, 0.3739887, 0
0.385523, 0.4889022, 0.3740749, 0
0.6999812, 0.334669, 0.3477527, 0
0.3892165, 0.345133, 0.3014522, 0
0.491448, 0.4524791, 0.3606004, 0
0.633242, 0.4395982, 0.2609282, 0
0.6206924, 0.2875974, 0.2848163, 0
0.8856414, 0.4206369, 0.2670224, 0
0.8081129, 0.3515957, 0.2805021, 0
0.861738, 0.4788366, 0.2250353, 0
0.780624, 0.4326414, 0.3064353, 0
0.6338903, 0.3763238, 0.4136695, 0
0.6618131, 0.4461695, 0.2213079, 0
0.3683328, 0.4357739, 0.2634077, 0
0.355743, 0.4022491, 0.3509533, 0
0.8872212, 0.3445637, 0.2489385, 0
0.4826, 0.438504, 0.4380637, 0
0.8586444, 0.4690287, 0.2954452, 0
0.4996658, 0.3572073, 0.4287471, 0
0.6976601, 0.3439401, 0.3293636, 0
0.7560683, 0.4343033, 0.2859983, 0
0.5576304, 0.4536554, 0.204227, 0
0.7732096, 0.4640352, 0.3825617, 0
0.4169783, 0.3019154, 0.3649721, 0
0.6323102, 0.3853475, 0.2455247, 0
0.3978684, 0.4498042, 0.3377301, 0
0.442789, 0.3581461, 0.4219387, 0
0.6089883, 0.4256325, 0.2839768, 0
0.7419406, 0.3713104, 0.239209, 0
0.4209073, 0.2897122, 0.3529565, 0
0.547673, 0.4181183, 0.2066749, 0
0.4886423, 0.3042958, 0.3802864, 0
0.8301997, 0.5834594, 0.225579, 0
0.5640741, 0.3516942, 0.2390934, 0
0.7253563, 0.2889016, 0.3823766, 0
0.3812455, 0.4514861, 0.4272423, 0
0.6956465, 0.350534, 0.2908183, 0
0.4705079, 0.4543324, 0.2487552, 0
0.64622, 0.4624572, 0.2164976, 0
0.6008922, 0.3331631, 0.3847473, 0
0.5018336, 0.4114807, 0.338091, 0
0.4990055, 0.3715424, 0.3409978, 0
0.4232108, 0.3399257, 0.4030878, 0
0.6775355, 0.3064131, 0.3217408, 0
0.4014631, 0.442568, 0.2138853, 0
0.4898719, 0.409383, 0.3016416, 0
0.4448995, 0.3317843, 0.2657885, 0
0.4817664, 0.4365116, 0.4119571, 0
0.4822709, 0.4105529, 0.4567197, 0
0.4118837, 0.4003821, 0.419292, 0
0.6160458, 0.4557701, 0.2645189, 0
0.4617971, 0.4739058, 0.4490507, 0
0.8231555, 0.5489069, 0.3093568, 0
0.4745553, 0.4794057, 0.2480733, 0
0.6158243, 0.3145967, 0.2714178, 0
0.3635423, 0.38686, 0.2813157, 0
0.430373, 0.3728543, 0.3354228, 0
0.7848855, 0.3195183, 0.3194425, 0
0.7731725, 0.3438006, 0.2148978, 0
0.7770475, 0.4719846, 0.3247822, 0
0.4967383, 0.3190376, 0.3124443, 0
0.7598734, 0.3457626, 0.3811496, 0
0.3871391, 0.4127306, 0.3106108, 0
0.470296, 0.4032388, 0.3740437, 0
0.5513957, 0.3222268, 0.3353898, 0
0.7997577, 0.5934982, 0.3927014, 0
0.7205063, 0.4611066, 0.3757445, 0
0.7411219, 0.3210282, 0.2218198, 0
0.8732283, 0.4941782, 0.3736573, 0
0.4669525, 0.3308383, 0.3154705, 0
0.8006307, 0.5057064, 0.1695575, 0
0.5741239, 0.4214298, 0.4414925, 0
0.5411481, 0.4689818, 0.3932693, 0
0.4260333, 0.3165908, 0.4154527, 0
0.6975335, 0.3182691, 0.4052665, 0
0.5773624, 0.4210309, 0.2770689, 0
0.6604049, 0.3787877, 0.4135061, 0
0.6139985, 0.3348798, 0.2648742, 0
0.8443488, 0.4461044, 0.2600409, 0
0.3877967, 0.403488, 0.4200968, 0
0.7794071, 0.4849149, 0.3448882, 0
0.7480336, 0.351656, 0.2822545, 0
0.7914862, 0.3801197, 0.1833911, 0
0.8828266, 0.4832962, 0.33322, 0
0.4428433, 0.3153497, 0.2580674, 0
0.3881489, 0.4170157, 0.330595, 0
0.3752129, 0.436341, 0.2896019, 0
0.4961467, 0.3168178, 0.2048456, 0
0.8104932, 0.4088114, 0.3624717, 0
0.4239718, 0.3045538, 0.3257683, 0
0.562529, 0.3724615, 0.4053101, 0
0.7418018, 0.5487577, 0.2732506, 0
0.4619105, 0.4438229, 0.450635, 0
0.8034934, 0.462041, 0.2931376, 0
0.7364713, 0.5190936, 0.3019884, 0
0.7129641, 0.4149943, 0.2358472, 0
0.8273939, 0.5223768, 0.365389, 0
0.7310672, 0.3342456, 0.2177453, 0
0.8683245, 0.455155, 0.3436972, 0
0.8661368, 0.4355393, 0.2003034, 0
0.655766, 0.3598634, 0.4321848, 0
0.4908196, 0.4299439, 0.4536117, 0
0.5958694, 0.3894321, 0.3241169, 0
0.5709077, 0.5017242, 0.2701614, 0
0.6393674, 0.312156, 0.3495176, 0
0.3732487, 0.3101059, 0.3128873, 0
0.6755682, 0.3486547, 0.2375562, 0
0.4004955, 0.2924235, 0.3391572, 0
0.6284837, 0.5015019, 0.2762252, 0
0.6250171, 0.3215213, 0.2487313, 0
0.5785958, 0.4492291, 0.4082512, 0
0.6926627, 0.3261275, 0.2605038, 0
0.4215942, 0.3631245, 0.3970792, 0
0.4218895, 0.4197374, 0.2028563, 0
0.4139807, 0.4813451, 0.2759577, 0
0.7667547, 0.5212988, 0.3243449, 0
0.4477969, 0.3227733, 0.240638, 0
0.5452964, 0.3307649, 0.2335803, 0
0.4784125, 0.3147236, 0.3203521, 0
0.6316602, 0.3655837, 0.2176979, 0
0.8730519, 0.4303909, 0.2541699, 0
0.8709916, 0.3507333, 0.2529584, 0
0.6435829, 0.278396, 0.3267733, 0
0.8759197, 0.4139568, 0.3647226, 0
0.7389856, 0.3651329, 0.1949379, 0
0.6363164, 0.3893047, 0.4331991, 0
0.8725069, 0.4232886, 0.3224555, 0
0.8382463, 0.5053894, 0.3800229, 0
0.4281453, 0.3770826, 0.4157739, 0
0.4588972, 0.342431, 0.3791977, 0
0.5904166, 0.3208571, 0.2890683, 0
0.4012778, 0.4733374, 0.4285207, 0
0.5463334, 0.3727811, 0.3579372, 0
0.7247511, 0.4687719, 0.2250777, 0
0.7141268, 0.3231305, 0.3025601, 0
0.8865516, 0.3861569, 0.2055294, 0
0.8199409, 0.4915009, 0.2139114, 0
0.863873, 0.4948989, 0.3593064, 0
0.6849388, 0.333057, 0.3990507, 0
0.7394562, 0.4896596, 0.2130845, 0
0.5022891, 0.3512738, 0.3204006, 0
0.591373, 0.4006121, 0.2912011, 0
0.861659, 0.4556482, 0.3270369, 0
0.6474348, 0.37652, 0.4283777, 0
0.5280238, 0.3533157, 0.3445729, 0
0.8898777, 0.3750173, 0.2793635, 0
0.7325704, 0.2901822, 0.2588871, 0
0.4200682, 0.2883139, 0.3326496, 0
0.5534201, 0.4213803, 0.3250054, 0
0.6447498, 0.4140345, 0.2517925, 0
0.6314996, 0.3108662, 0.408008, 0
0.7618238, 0.4203084, 0.2742728, 0
0.5320626, 0.4768578, 0.3729636, 0
0.3784882, 0.4620756, 0.4136463, 0
0.4966059, 0.5264741, 0.3208986, 0
0.5082452, 0.4867598, 0.2621585, 0
0.4736426, 0.4180812, 0.280002, 0
0.470391, 0.5281474, 0.2916857, 0
0.5659247, 0.3628171, 0.3677795, 0
0.7649277, 0.58222, 0.3116224, 0
0.5500335, 0.3892246, 0.2223083, 0
0.3896826, 0.3080814, 0.3547854, 0
0.7944996, 0.5075514, 0.3628972, 0
0.8731355, 0.3444275, 0.252844, 0
0.6771684, 0.2767736, 0.3251207, 0
0.6695365, 0.4481148, 0.220817, 0
0.4080256, 0.4222743, 0.358249, 0
0.4266859, 0.3608942, 0.2665772, 0
0.4494566, 0.3091505, 0.3851233, 0
0.8408851, 0.5118756, 0.4095785, 0
0.7209483, 0.3037709, 0.2698739, 0
0.648372, 0.4661166, 0.3083787, 0
0.3809334, 0.5140832, 0.350304, 0
0.5252641, 0.315754, 0.2631266, 0
0.5421567, 0.3909752, 0.3320296, 0
0.4706946, 0.3788891, 0.2661877, 0
0.629211, 0.3402767, 0.2820922, 0
0.5244262, 0.3754145, 0.3477648, 0
0.4212234, 0.3150389, 0.3736694, 0
0.3504713, 0.4206523, 0.259705, 0
0.573468, 0.42698, 0.4105982, 0
0.6998784, 0.4114256, 0.2719732, 0
0.6558877, 0.2811555, 0.272409, 0
0.7924636, 0.3579258, 0.4149736, 0
0.3629975, 0.4729682, 0.3459336, 0
0.7318522, 0.4048836, 0.2745248, 0
0.6546034, 0.3263694, 0.2162589, 0
0.6269526, 0.3520555, 0.3735401, 0
0.762031, 0.5425287, 0.2585908, 0
0.6410375, 0.4343705, 0.2981057, 0
0.5109652, 0.3804887, 0.3372428, 0
0.446908, 0.3146341, 0.3973159, 0
0.7209577, 0.5048157, 0.3199844, 0
0.4952941, 0.3753985, 0.3697826, 0
0.8239858, 0.4235964, 0.2435596, 0
0.8584089, 0.4328714, 0.2125088, 0
0.3938738, 0.3101886, 0.2800365, 0
0.5606471, 0.3842101, 0.4280365, 0
0.3846276, 0.3146445, 0.3209625, 0
0.8090718, 0.5725678, 0.2358157, 0
0.5962107, 0.4037889, 0.2996445, 0
0.6366526, 0.4154716, 0.4001682, 0
0.751133, 0.549939, 0.2442095, 0
0.6497811, 0.372799, 0.2668562, 0
0.6662167, 0.3051922, 0.2706411, 0
0.7652833, 0.5224644, 0.3565345, 0
0.4541213, 0.3205324, 0.217426, 0
0.8628224, 0.4647938, 0.397257, 0
0.7762734, 0.6137038, 0.2878889, 0
0.8169174, 0.4449211, 0.3459815, 0
0.5871496, 0.5174264, 0.2794806, 0
0.4738318, 0.4600241, 0.4488831, 0
0.6163268, 0.3358009, 0.2607852, 0
0.3954647, 0.4316222, 0.3294671, 0
0.5818756, 0.3593081, 0.4065874, 0
0.5225967, 0.3158824, 0.2966829, 0
0.7158885, 0.322378, 0.3359852, 0
0.7911307, 0.3368872, 0.2881378, 0
0.7033266, 0.3775033, 0.3798241, 0
0.6213127, 0.4945305, 0.2511278, 0
0.4122741, 0.3442761, 0.2396336, 0
0.8213427, 0.5558539, 0.2562501, 0
0.3600146, 0.4177747, 0.3801519, 0
0.3965878, 0.3130523, 0.2615989, 0
0.8448584, 0.4794126, 0.3480603, 0
0.5395315, 0.3100953, 0.2718121, 0
0.3887812, 0.4045703, 0.4205415, 0
0.78565, 0.4771915, 0.3439923, 0
0.4708504, 0.5292637, 0.363732, 0
0.3510856, 0.3487221, 0.2649147, 0
0.7747416, 0.5551919, 0.2111496, 0
0.4834158, 0.4019129, 0.2889267, 0
0.819642, 0.5396954, 0.3453341, 0
0.4628429, 0.4459603, 0.393722, 0
0.8280963, 0.3382056, 0.3157971, 0
0.4944865, 0.3098204, 0.3790725, 0
0.8256106, 0.5365151, 0.4002363, 0
0.4785753, 0.4221039, 0.4520328, 0
0.4806929, 0.427576, 0.4390641, 0
0.3871644, 0.371985, 0.2244777, 0
0.7468148, 0.5106556, 0.2499291, 0
0.5364476, 0.3788325, 0.2937704, 0
0.7442549, 0.4514004, 0.3261465, 0
0.8497344, 0.4320398, 0.3836079, 0
0.6267233, 0.3845559, 0.2090837, 0
0.6187634, 0.3058622, 0.2780031, 0
0.6947355, 0.3596049, 0.3929677, 0
0.5240721, 0.419578, 0.4370876, 0
0.4830128, 0.2896489, 0.2768947, 0
0.4567083, 0.4592774, 0.4367757, 0
0.6411017, 0.3917844, 0.3639228, 0
0.5619054, 0.4407768, 0.3992125, 0
0.5464333, 0.3772126, 0.2786238, 0
0.5806259, 0.4174496, 0.2072054, 0
0.4225736, 0.3762622, 0.3913145, 0
0.471756, 0.426318, 0.3254856, 0
0.7804654, 0.5872373, 0.3675724, 0
0.5167813, 0.423264, 0.3956724, 0
0.4865562, 0.3192734, 0.3900728, 0
0.7938868, 0.3697584, 0.3448262, 0
0.7879558, 0.490004, 0.4025263, 0
0.4142748, 0.4416848, 0.349233, 0
0.6587142, 0.3893966, 0.264564, 0
0.7391254, 0.5398458, 0.3583292, 0
0.6196088, 0.4341713, 0.2572031, 0
0.78075, 0.4386879, 0.293211, 0
0.4797703, 0.4207841, 0.2328927, 0
0.4433798, 0.4226998, 0.4539971, 0
0.6437652, 0.3706945, 0.4077338, 0
0.6141072, 0.3082053, 0.2525256, 0
0.756036, 0.4371203, 0.1857558, 0
0.629613, 0.3193637, 0.3323988, 0
0.4181466, 0.4788567, 0.2932155, 0
0.6119394, 0.484089, 0.3510021, 0
0.5622334, 0.5284118, 0.2845453, 0
0.3730926, 0.4360343, 0.2549856, 0
0.7759454, 0.5374012, 0.2020444, 0
0.8049817, 0.5430463, 0.4125932, 0
0.5186576, 0.3349672, 0.2412914, 0
0.7771625, 0.548835, 0.2123404, 0
0.680554, 0.3836468, 0.2965152, 0
0.6968213, 0.4981347, 0.2770989, 0
0.4397539, 0.4647062, 0.4088242, 0
0.456664, 0.3220502, 0.3301285, 0
0.7042858, 0.3108607, 0.2345061, 0
0.3691943, 0.4055839, 0.4098187, 0
0.849547, 0.4458269, 0.1746769, 0
0.3636672, 0.3795443, 0.2888885, 0
0.5075596, 0.5473865, 0.3285514, 0
0.3900636, 0.3659905, 0.3345377, 0
0.761445, 0.5001133, 0.2346484, 0
0.3746556, 0.4548725, 0.3800186, 0
0.454937, 0.2892727, 0.2813821, 0
0.7157144, 0.4832494, 0.2432138, 0
0.8342679, 0.405937, 0.337755, 0
0.8106605, 0.3433974, 0.2212092, 0
0.7950798, 0.3509681, 0.2369929, 0
0.8321032, 0.4613076, 0.2713123, 0
0.4487308, 0.3064035, 0.3801352, 0
0.6307151, 0.2777436, 0.2513105, 0
0.6406679, 0.3920284, 0.279226, 0
0.4582599, 0.4351451, 0.2202486, 0
0.5214705, 0.3153487, 0.3049976, 0
0.7358426, 0.4140297, 0.2171788, 0
0.7444339, 0.5021143, 0.2422391, 0
0.3555117, 0.4032231, 0.2708098, 0
0.6449645, 0.3557031, 0.4156652, 0
0.890667, 0.3814863, 0.2312864, 0
0.4342697, 0.4786562, 0.3305969, 0
0.6245921, 0.4540717, 0.2149875, 0
0.4200835, 0.3856999, 0.2740143, 0
0.5085745, 0.4977018, 0.3970541, 0
0.5627921, 0.4568988, 0.3980126, 0
0.8063388, 0.4018496, 0.3077171, 0
0.7836586, 0.4554108, 0.388645, 0
0.6714712, 0.4366017, 0.2228931, 0
0.5372586, 0.3707759, 0.4181304, 0
0.7692391, 0.6109018, 0.3071432, 0
0.5829322, 0.3864096, 0.3574296, 0
0.7285899, 0.4775618, 0.3644281, 0
0.3687098, 0.5006932, 0.3304927, 0
0.7221774, 0.5010108, 0.292112, 0
0.4517237, 0.2921923, 0.2705863, 0
0.6039472, 0.2708072, 0.3352587, 0
0.4004393, 0.4033653, 0.4299129, 0
0.7912658, 0.474362, 0.3545161, 0
0.6728692, 0.3233738, 0.3623981, 0
0.8087633, 0.5131211, 0.2369442, 0
0.3667165, 0.390196, 0.2323486, 0
0.4523215, 0.4161528, 0.3255769, 0
0.7651154, 0.5007893, 0.1635407, 0
0.7568163, 0.3444057, 0.3599745, 0
0.4445546, 0.4164833, 0.4381163, 0
0.5002343, 0.39408, 0.2651563, 0
0.4150895, 0.2900658, 0.3487073, 0
0.6965476, 0.5048411, 0.2912363, 0
0.5717287, 0.5380284, 0.3232092, 0
0.4183924, 0.444052, 0.4255011, 0
0.8754199, 0.370305, 0.2463501, 0
0.8095285, 0.3764482, 0.2871435, 0
0.5270382, 0.4138914, 0.2970545, 0
0.710524, 0.468262, 0.2863257, 0
0.3625825, 0.4740784, 0.2794957, 0
0.7669355, 0.3482181, 0.2981761, 0
0.7428679, 0.5466925, 0.3233753, 0
0.7533217, 0.4967922, 0.1839568, 0
0.4808605, 0.4398992, 0.3224723, 0
0.6299879, 0.4658255, 0.2939178, 0
0.4217449, 0.3468123, 0.4118696, 0
0.7615823, 0.5790138, 0.3013435, 0
0.7061121, 0.4137378, 0.2807519, 0
0.4181187, 0.5027155, 0.2831341, 0
0.7519994, 0.5328884, 0.2173088, 0
0.3634164, 0.340594, 0.2914544, 0
0.5984766, 0.3630585, 0.2432773, 0
0.5543793, 0.380294, 0.3828185, 0
0.5423537, 0.4856114, 0.3652903, 0
0.7947118, 0.4326458, 0.220152, 0
0.7705935, 0.3757866, 0.3803237, 0
0.4424845, 0.4211698, 0.4354152, 0
0.3670268, 0.377855, 0.3092378, 0
0.8636256, 0.3245005, 0.3012979, 0
0.5852468, 0.3740658, 0.3994946, 0
0.4946638, 0.321386, 0.4052511, 0
0.7786546, 0.3601547, 0.2381355, 0
0.7073895, 0.4047308, 0.2933849, 0
0.5395516, 0.4842723, 0.3304283, 0
0.8654456, 0.5362201, 0.3132046, 0
0.7663693, 0.5502531, 0.3583435, 0
0.7114877, 0.3882579, 0.3926374, 0
0.7241338, 0.3067837, 0.3986899, 0
0.3369125, 0.3710712, 0.2570195, 0
0.4539406, 0.3536137, 0.2794637, 0
0.3791803, 0.325531, 0.2975945, 0
0.4199613, 0.4784978, 0.2827168, 0
0.8076134, 0.47358, 0.3884282, 0
0.5258014, 0.4286698, 0.2105561, 0
0.8344835, 0.3481677, 0.253155, 0
0.5988501, 0.3942189, 0.4177356, 0
0.82627, 0.3486595, 0.2333333, 0
0.4132699, 0.4377206, 0.2567332, 0
0.5570771, 0.4567654, 0.2202744, 0
0.4365373, 0.4863345, 0.3324274, 0
0.4046363, 0.4766781, 0.2396783, 0
0.457398, 0.3201136, 0.4185521, 0
0.4519247, 0.4984715, 0.2863362, 0
0.6247642, 0.3960486, 0.2224014, 0
0.5637076, 0.3830461, 0.2389434, 0
0.5539207, 0.4831315, 0.24558, 0
0.8157706, 0.3487562, 0.2345974, 0
0.7293769, 0.4813986, 0.3389511, 0
0.3992462, 0.3657444, 0.2260711, 0
0.8511414, 0.5548047, 0.3686489, 0
0.6097593, 0.4126805, 0.3164191, 0
0.6600431, 0.4851465, 0.228849, 0
0.807938, 0.4838376, 0.4156184, 0
0.742603, 0.3372392, 0.3752525, 0
0.8381987, 0.3611159, 0.2653813, 0
0.404666, 0.4918987, 0.4183944, 0
0.8392318, 0.5722912, 0.2217279, 0
0.6825162, 0.5197401, 0.2920842, 0
0.5803368, 0.5277379, 0.3337283, 0
0.7593215, 0.3958876, 0.2730282, 0
0.8021557, 0.4108577, 0.4101111, 0
0.860195, 0.5334702, 0.3602688, 0
0.3984574, 0.291281, 0.3211444, 0
0.6308582, 0.3370674, 0.4333426, 0
0.8705085, 0.3799844, 0.2018963, 0
0.5513938, 0.4361206, 0.311106, 0
0.8493678, 0.496049, 0.209433, 0
0.7514737, 0.5099193, 0.3250161, 0
0.8123807, 0.4229402, 0.2446184, 0
0.390709, 0.4861717, 0.2532431, 0
0.8096557, 0.4777964, 0.3533314, 0
0.3669335, 0.4972384, 0.331022, 0
0.5076647, 0.4622604, 0.3390429, 0
0.3391725, 0.3746097, 0.2686953, 0
0.3409388, 0.4357619, 0.2930715, 0
0.4565301, 0.2974323, 0.2660212, 0
0.6748357, 0.3305428, 0.2893284, 0
0.6586799, 0.4359384, 0.306464, 0
0.6088876, 0.29517, 0.2518653, 0
0.736826, 0.5448359, 0.3456897, 0
0.3636051, 0.3286551, 0.2757255, 0
0.5393707, 0.3171268, 0.2015602, 0
0.788186, 0.4386231, 0.2211148, 0
0.8036875, 0.333519, 0.3157584, 0
0.4181084, 0.4459293, 0.2670274, 0
0.399452, 0.4282463, 0.2071011, 0
0.7946007, 0.3546749, 0.2999238, 0
0.637909, 0.412129, 0.3509808, 0
0.6328604, 0.2775453, 0.2883472, 0
0.4183282, 0.4300182, 0.4227559, 0
0.4813712, 0.3586384, 0.4442759, 0
0.7815869, 0.5168248, 0.1770334, 0
0.3850171, 0.3539652, 0.2344673, 0
0.7279495, 0.4634658, 0.3476988, 0
0.7520013, 0.3766092, 0.3647582, 0
0.7996358, 0.5449209, 0.2154226, 0
0.4582846, 0.3919536, 0.3381782, 0
0.7659723, 0.5414389, 0.2192673, 0
0.5524977, 0.4624952, 0.3460948, 0
0.7843359, 0.539411, 0.3926452, 0
0.6292936, 0.471212, 0.2939235, 0
0.4772986, 0.459121, 0.4435443, 0
0.8509855, 0.4547843, 0.1640931, 0
0.6106846, 0.3211939, 0.3992233, 0
0.8457617, 0.3804851, 0.3720934, 0
0.6039029, 0.293773, 0.2995451, 0
0.3942772, 0.5188299, 0.3224616, 0
0.7904322, 0.4503772, 0.3006715, 0
0.8171591, 0.3647805, 0.3567898, 0
0.5287566, 0.3676852, 0.3256804, 0
0.8413092, 0.4063968, 0.327541, 0
0.4380436, 0.4831537, 0.3663361, 0
0.7959881, 0.5404524, 0.3940273, 0
0.5164899, 0.4493487, 0.2095374, 0
0.3967577, 0.3089232, 0.3037505, 0
0.7406147, 0.3454205, 0.2888691, 0
0.7244765, 0.3716608, 0.287319, 0
0.3519174, 0.3792218, 0.2579113, 0
0.5687909, 0.455583, 0.3453963, 0
0.4376718, 0.3697027, 0.2153101, 0
0.5346123, 0.4748764, 0.2589667, 0
0.8647974, 0.3952134, 0.2768585, 0
0.8716894, 0.3786191, 0.3831595, 0
0.7040439, 0.4507099, 0.2176934, 0
0.3908574, 0.4067176, 0.4215502, 0
0.7537768, 0.5074701, 0.1819042, 0
0.3930114, 0.2944717, 0.3183071, 0
0.4563451, 0.3442406, 0.2083506, 0
0.5252171, 0.3723429, 0.3261318, 0
0.4474977, 0.3744184, 0.3780169, 0
0.6502318, 0.2931203, 0.4040875, 0
0.4418183, 0.3397455, 0.3894688, 0
0.4885175, 0.2886477, 0.3020077, 0
0.4397844, 0.3038129, 0.3893806, 0
0.7303555, 0.4483822, 0.2171277, 0
0.5637172, 0.3335319, 0.3952358, 0
0.8482642, 0.4186623, 0.1859256, 0
0.4542713, 0.4254294, 0.4160499, 0
0.5981214, 0.3931577, 0.204816, 0
0.506065, 0.437899, 0.4182465, 0
0.7408559, 0.3150882, 0.2223561, 0
0.6981937, 0.335048, 0.3127933, 0
0.4243888, 0.5139173, 0.3800181, 0
0.7679699, 0.3972537, 0.295939, 0
0.3877186, 0.5169524, 0.3265205, 0
0.7664164, 0.4283707, 0.3937423, 0
0.4551192, 0.3903787, 0.4215231, 0
0.5973383, 0.5078771, 0.271216, 0
0.7836058, 0.448833, 0.377277, 0
0.4947366, 0.3086592, 0.3738134, 0
0.4304532, 0.4861123, 0.3607928, 0
0.7647924, 0.5529062, 0.3002433, 0
0.7744958, 0.3519028, 0.3312239, 0
0.8544639, 0.4779981, 0.295757, 0
0.6334422, 0.4636927, 0.3795638, 0
0.5604082, 0.346027, 0.2517374, 0
0.3931305, 0.3238682, 0.3137875, 0
0.3685576, 0.3599055, 0.2416982, 0
0.5468726, 0.2946378, 0.2323328, 0
0.4481537, 0.2936982, 0.3700831, 0
0.577166, 0.3045303, 0.2392729, 0
0.4442261, 0.4205545, 0.2404611, 0
0.5928136, 0.4324348, 0.3404973, 0
0.8059403, 0.4369371, 0.3875496, 0
0.3862763, 0.4500136, 0.2347851, 0
0.7172423, 0.4171827, 0.2124999, 0
0.7187192, 0.4467487, 0.3491769, 0
0.8797444, 0.4495592, 0.2712242, 0
0.5882454, 0.3389151, 0.2355607, 0
0.6354416, 0.4704028, 0.2338119, 0
0.6585358, 0.3540003, 0.3101994, 0
0.7395454, 0.4911978, 0.2217751, 0
0.8847635, 0.3651301, 0.3131354, 0
0.6386675, 0.426324, 0.3162619, 0
0.4911841, 0.4109732, 0.458413, 0
0.4872551, 0.2917925, 0.2852118, 0
0.70101, 0.2859629, 0.3312203, 0
0.5738195, 0.3064027, 0.2691867, 0
0.3863126, 0.3666857, 0.2259988, 0
0.589219, 0.3556511, 0.237068, 0
0.6659122, 0.3399969, 0.2150255, 0
0.7358286, 0.3596776, 0.3690776, 0
0.7897066, 0.4999749, 0.3356948, 0
0.4578889, 0.4328129, 0.2880329, 0
0.748131, 0.5514632, 0.3602133, 0
0.5556567, 0.5108985, 0.2552446, 0
0.5012808, 0.4956625, 0.3024324, 0
0.8121781, 0.529035, 0.2278537, 0
0.5155813, 0.3916949, 0.2137312, 0
0.4053872, 0.3161528, 0.4104877, 0
0.6663375, 0.3534457, 0.3436571, 0
0.5757878, 0.3916356, 0.2692295, 0
0.6787969, 0.3735323, 0.2676017, 0
0.4017285, 0.4493752, 0.3502353, 0
0.6294481, 0.2730807, 0.3494203, 0
0.5545266, 0.4180278, 0.2475058, 0
0.7895444, 0.411186, 0.2478702, 0
0.5411122, 0.4031135, 0.2037106, 0
0.65953, 0.3894366, 0.2781404, 0
0.5393463, 0.2981908, 0.2108138, 0
0.7989093, 0.421289, 0.2844852, 0
0.4539579, 0.4311457, 0.2148058, 0
0.6755682, 0.3135264, 0.2344213, 0
0.8207982, 0.5517552, 0.3514394, 0
0.7802535, 0.4545864, 0.2095474, 0
0.8828297, 0.4406076, 0.3509378, 0
0.4362547, 0.3289988, 0.2495749, 0
0.7094714, 0.3482193, 0.2932222, 0
0.5670748, 0.3161256, 0.3884265, 0
0.8683102, 0.4329794, 0.357658, 0
0.3644636, 0.4782442, 0.3155728, 0
0.416247, 0.2912101, 0.3530362, 0
0.8513229, 0.3838114, 0.2526262, 0
0.8207738, 0.5054564, 0.1620957, 0
0.3784086, 0.3387949, 0.2496418, 0
0.3989602, 0.4091446, 0.3225668, 0
0.7563478, 0.3415651, 0.3790199, 0
0.4523161, 0.4828083, 0.3081064, 0
0.6686044, 0.3905109, 0.2750382, 0
0.6945186, 0.3417777, 0.3343299, 0
0.7366966, 0.4982591, 0.3346473, 0
0.5572724, 0.4074619, 0.195467, 0
0.5014303, 0.4112562, 0.3688264, 0
0.4882631, 0.4056191, 0.2467805, 0
0.4419834, 0.4773789, 0.3138992, 0
0.3921553, 0.3787632, 0.3196071, 0
0.4384754, 0.5268518, 0.2729778, 0
0.5517035, 0.4049894, 0.1973273, 0
0.5491321, 0.4439008, 0.255349, 0
0.6465904, 0.3194143, 0.2165043, 0
0.8001807, 0.3341943, 0.294679, 0
0.4101748, 0.5257531, 0.3477668, 0
0.7763962, 0.3683276, 0.3395177, 0
0.87176, 0.4423981, 0.3278391, 0
0.8806763, 0.3343982, 0.3142262, 0
0.3894801, 0.405534, 0.42084, 0
0.7108999, 0.3271445, 0.2628519, 0
0.8885446, 0.3610868, 0.3298891, 0
0.6316522, 0.3210444, 0.1981457, 0
0.8445343, 0.5627632, 0.3665749, 0
0.5616536, 0.3781337, 0.3287708, 0
0.841373, 0.3690812, 0.2124029, 0
0.861093, 0.3226959, 0.298033, 0
0.5522189, 0.3910741, 0.4427911, 0
0.5125818, 0.4617587, 0.425958, 0
0.8501821, 0.4542867, 0.3329904, 0
0.5175139, 0.3171409, 0.3607716, 0
0.605576, 0.3128371, 0.3538707, 0
0.7433015, 0.388215, 0.1939812, 0
0.4910249, 0.4566415, 0.3750689, 0
0.3861074, 0.3618593, 0.3017942, 0
0.5862014, 0.3693249, 0.3304202, 0
0.664714, 0.3640956, 0.4038761, 0
0.6753713, 0.2812068, 0.3491476, 0
0.5103751, 0.4540496, 0.3815283, 0
0.3819139, 0.4051918, 0.2218309, 0
0.4325581, 0.3868981, 0.3115897, 0
0.5908006, 0.5297388, 0.3293195, 0
0.433146, 0.3425452, 0.2651843, 0
0.7203096, 0.4414067, 0.3878724, 0
0.4219389, 0.3894523, 0.3518713, 0
0.6052777, 0.5058488, 0.3042604, 0
0.6391944, 0.4834587, 0.3417105, 0
0.6902193, 0.4784731, 0.2958124, 0
0.8844686, 0.4454148, 0.30424, 0
0.6377853, 0.3577908, 0.2995471, 0
0.7348019, 0.4864305, 0.2186361, 0
0.6211438, 0.2907319, 0.3866507, 0
0.5350795, 0.4470019, 0.3811553, 0
0.4697423, 0.4968747, 0.3844499, 0
0.3448216, 0.4021341, 0.2618131, 0
0.5856737, 0.4608712, 0.3526432, 0
0.7901922, 0.447252, 0.2430084, 0
0.4054832, 0.4603319, 0.3649091, 0
0.8037695, 0.5061185, 0.2395518, 0
0.4980386, 0.2978185, 0.3032645, 0
0.7928576, 0.5940441, 0.2400584, 0
0.607249, 0.4101804, 0.4274403, 0
0.3765093, 0.4396814, 0.3508353, 0
0.4311291, 0.2913381, 0.2610403, 0
0.4116505, 0.5327303, 0.28392, 0
0.4550954, 0.3417183, 0.433543, 0
0.3880008, 0.4836269, 0.3770915, 0
0.3779071, 0.5105658, 0.3529239, 0
0.4551477, 0.3048927, 0.4133291, 0
0.4692279, 0.4556808, 0.3553142, 0
0.5907817, 0.3665569, 0.4284247, 0
0.7482901, 0.5336313, 0.3780963, 0
0.4340398, 0.2900243, 0.2991885, 0
0.448751, 0.3897884, 0.4016156, 0
0.4663422, 0.4700233, 0.237168, 0
0.7430271, 0.5490209, 0.3323712, 0
0.5169375, 0.4941138, 0.2582876, 0
0.5790796, 0.2781965, 0.2524965, 0
0.5860357, 0.3363752, 0.3681354, 0
0.7564535, 0.3225058, 0.2822176, 0
0.7971305, 0.607244, 0.3814997, 0
0.4043498, 0.3715448, 0.2357559, 0
0.6403296, 0.3743851, 0.303526, 0
0.571032, 0.4580151, 0.209857, 0
0.8035061, 0.4603756, 0.3925557, 0
0.7580392, 0.4592998, 0.2148407, 0
0.4334089, 0.2949705, 0.3678639, 0
0.8707743, 0.353793, 0.2937191, 0
0.8491485, 0.3476574, 0.3660756, 0
0.4622542, 0.5106803, 0.3383262, 0
0.7892007, 0.4429532, 0.3214959, 0
0.8564832, 0.4768354, 0.3351677, 0
0.5187933, 0.4195972, 0.266944, 0
0.805109, 0.4749315, 0.2207414, 0
0.5313383, 0.4822167, 0.2809138, 0
0.6988181, 0.3378292, 0.4235609, 0
0.3464993, 0.4268023, 0.3054585, 0
0.8361248, 0.4445505, 0.3169943, 0
0.3770064, 0.3986609, 0.2649662, 0
0.6022084, 0.3104699, 0.2968167, 0
0.553162, 0.4709965, 0.2777806, 0
0.5857658, 0.3049049, 0.3817475, 0
0.6280873, 0.4452961, 0.364198, 0
0.8308206, 0.5236427, 0.4130459, 0
0.7609991, 0.3697379, 0.2696177, 0
0.4375265, 0.4779119, 0.2495811, 0
0.431816, 0.4598277, 0.4302891, 0
0.4983948, 0.3748324, 0.2422159, 0
0.8105086, 0.4513814, 0.3617042, 0
0.7437145, 0.3818845, 0.2251532, 0
0.7974415, 0.5840791, 0.3647023, 0
0.5242811, 0.5095218, 0.3642866, 0
0.4553987, 0.5374399, 0.2899271, 0
0.5110496, 0.3393407, 0.4235002, 0
0.7911509, 0.4153147, 0.2896276, 0
0.3895414, 0.3744965, 0.3276437, 0
0.6401964, 0.2825672, 0.3889953, 0
0.7759048, 0.5702954, 0.3277534, 0
0.5931035, 0.4207773, 0.2730082, 0
0.6817809, 0.2837542, 0.2597984, 0
0.578774, 0.4217669, 0.2820245, 0
0.8003209, 0.4427232, 0.3810724, 0
0.5982555, 0.3501614, 0.2083124, 0
0.3815257, 0.5067742, 0.3744217, 0
0.6567338, 0.3571695, 0.4267567, 0
0.3526954, 0.3868535, 0.2569553, 0
0.7361615, 0.4554439, 0.3001974, 0
0.5055264, 0.5024605, 0.2700181, 0
0.3565234, 0.4624599, 0.2825886, 0
0.480173, 0.3729553, 0.3984811, 0
0.7075158, 0.3961958, 0.3208418, 0
0.8671579, 0.3797542, 0.2291695, 0
0.5586602, 0.3186219, 0.376617, 0
0.8121179, 0.497207, 0.192506, 0
0.4391475, 0.518958, 0.3977304, 0
0.778204, 0.5368655, 0.253684, 0
0.4346597, 0.4564306, 0.3426476, 0
0.4179831, 0.4757622, 0.3457977, 0
0.56662, 0.3405103, 0.4072363, 0
0.4588222, 0.5117877, 0.4026734, 0
0.8397579, 0.5548388, 0.1734179, 0
0.6814432, 0.3021851, 0.32111, 0
0.8146772, 0.5197572, 0.4046696, 0
0.785615, 0.4435528, 0.396917, 0
0.444, 0.2903809, 0.3224987, 0
0.607746, 0.4817205, 0.2674348, 0
0.4512455, 0.3460693, 0.3480051, 0
0.4009695, 0.3996511, 0.3349672, 0
0.7940712, 0.5143331, 0.2981738, 0
0.4547283, 0.3219769, 0.2247416, 0
0.5035393, 0.3132413, 0.201519, 0
0.8116396, 0.3948731, 0.3585049, 0
0.7722208, 0.4400346, 0.3332524, 0
0.7793764, 0.3627721, 0.2416655, 0
0.4728981, 0.4571521, 0.3705775, 0
0.6435449, 0.3987885, 0.4242669, 0
0.4089749, 0.3929282, 0.2183511, 0
0.4383257, 0.3731553, 0.3145025, 0
0.742378, 0.5613714, 0.2776409, 0
0.7656192, 0.4076031, 0.2126811, 0
0.7841672, 0.5072815, 0.3874927, 0
0.4894165, 0.3337216, 0.3789721, 0
0.4141695, 0.3667209, 0.3801361, 0
0.4608828, 0.3472896, 0.3479216, 0
0.8295966, 0.5481432, 0.3132885, 0
0.6465172, 0.4639343, 0.3199301, 0
0.6243677, 0.3991985, 0.2909623, 0
0.8714316, 0.4125038, 0.3936014, 0
0.58776, 0.3133577, 0.3183583, 0
0.4847115, 0.3885619, 0.4532602, 0
0.8316777, 0.5761704, 0.2157005, 0
0.5372335, 0.4655814, 0.3457212, 0
0.4638021, 0.447363, 0.3747123, 0
0.7694674, 0.2918484, 0.2770751, 0
0.6715077, 0.3425633, 0.2317011, 0
0.4702371, 0.3684446, 0.4013614, 0
0.8592401, 0.4969658, 0.3692042, 0
0.634414, 0.3288937, 0.2155379, 0
0.7158169, 0.289613, 0.371157, 0
0.5990236, 0.2951678, 0.3916834, 0
0.3722699, 0.3290153, 0.2632762, 0
0.7940232, 0.3297971, 0.2704886, 0
0.6098976, 0.346936, 0.4147024, 0
0.7212421, 0.4550767, 0.2093836, 0
0.848603, 0.4821066, 0.3257895, 0
0.4215028, 0.2989774, 0.2813773, 0
0.7453136, 0.5875353, 0.2901844, 0
0.6776698, 0.4067079, 0.2653005, 0
0.8126877, 0.3264684, 0.3650303, 0
0.3821237, 0.4012998, 0.4161351, 0
0.4784293, 0.4375068, 0.2546084, 0
0.4725888, 0.3480582, 0.4369547, 0
0.6351364, 0.2798997, 0.3413189, 0
0.6823424, 0.4291777, 0.3163651, 0
0.773399, 0.5021546, 0.4054324, 0
0.6546225, 0.331992, 0.3507694, 0
0.4965973, 0.4024849, 0.4337882, 0
0.4406724, 0.4026254, 0.3457315, 0
0.4759324, 0.363174, 0.440833, 0
0.7963108, 0.4167457, 0.2096607, 0
0.6416858, 0.4727547, 0.3549345, 0
0.6358012, 0.3870276, 0.3636785, 0
0.5777816, 0.4156404, 0.2086966, 0
0.7310894, 0.2862157, 0.3687569, 0
0.8080696, 0.6060811, 0.3807613, 0
0.7908143, 0.3385738, 0.3272088, 0
0.6098369, 0.3271688, 0.3791643, 0
0.4343092, 0.4180062, 0.2079778, 0
0.3529267, 0.4546212, 0.3308392, 0
0.6555551, 0.3479208, 0.3881392, 0
0.5602298, 0.502953, 0.2623398, 0
0.7244399, 0.433792, 0.2055924, 0
0.678435, 0.4125906, 0.3303547, 0
0.3885388, 0.396497, 0.2128715, 0
0.3951764, 0.3792209, 0.3946732, 0
0.6282754, 0.4603213, 0.3260114, 0
0.5009348, 0.4194036, 0.3133013, 0
0.688483, 0.3528287, 0.355997, 0
0.611654, 0.4785922, 0.2331315, 0
0.5888995, 0.3254023, 0.2763754, 0
0.7457768, 0.4874949, 0.2030661, 0
0.8720733, 0.4894609, 0.2996275, 0
0.4494781, 0.5039636, 0.2862217, 0
0.861269, 0.504849, 0.2481601, 0
0.3957845, 0.3831412, 0.2578235, 0
0.5316785, 0.5209982, 0.3437366, 0
0.4369898, 0.3682488, 0.3208352, 0
0.7711442, 0.5436619, 0.3763802, 0
0.6853092, 0.4816051, 0.280182, 0
0.8322909, 0.5839298, 0.3007678, 0
0.4696119, 0.5342629, 0.3372321, 0
0.4126489, 0.3550151, 0.3927053, 0
0.4565426, 0.3784592, 0.362031, 0
0.8004292, 0.5268955, 0.2177849, 0
0.6929697, 0.4045226, 0.3902768, 0
0.5762438, 0.436101, 0.2120744, 0
0.4543227, 0.3378444, 0.4332399, 0
0.5697045, 0.3833227, 0.2137989, 0
0.5474876, 0.3831292, 0.3589308, 0
0.5050902, 0.3623574, 0.450751, 0
0.3825659, 0.505403, 0.3804701, 0
0.5773114, 0.4943065, 0.3230295, 0
0.4540274, 0.3328898, 0.433093, 0
0.632489, 0.3553938, 0.3730879, 0
0.5414981, 0.2906443, 0.2242283, 0
0.8128834, 0.4985204, 0.1914817, 0
0.7375879, 0.3942749, 0.2026765, 0
0.4278059, 0.4956424, 0.2722462, 0
0.4083795, 0.3644191, 0.2830592, 0
0.7837026, 0.3550067, 0.348997, 0
0.6479352, 0.3792278, 0.3778886, 0
0.7183446, 0.287631, 0.3514301, 0
0.4094063, 0.3388462, 0.3946303, 0
0.6425685, 0.3861155, 0.2144084, 0
0.4293572, 0.4884076, 0.3004521, 0
0.3447777, 0.4528762, 0.2980424, 0
0.8046159, 0.3308657, 0.3133087, 0
0.493627, 0.2985848, 0.3149162, 0
0.597422, 0.4744597, 0.2876908, 0
0.4439784, 0.5056187, 0.2737457, 0
0.5633228, 0.4099156, 0.2162525, 0
0.6995696, 0.4907272, 0.2642204, 0
0.6015965, 0.3144654, 0.2332537, 0
0.7596917, 0.416991, 0.3845788, 0
0.8117728, 0.5168785, 0.2720107, 0
0.7612004, 0.3974352, 0.1850477, 0
0.6324354, 0.375971, 0.2950785, 0
0.5614223, 0.3543494, 0.3392359, 0
0.3629998, 0.3875781, 0.3574047, 0
0.5185803, 0.3050084, 0.3366506, 0
0.6907205, 0.3806377, 0.3241131, 0
0.7664499, 0.5745466, 0.2036613, 0
0.5479125, 0.4680794, 0.3857538, 0
0.7074164, 0.3645733, 0.1932817, 0
0.6699564, 0.3602751, 0.3760321, 0
0.6541669, 0.4363166, 0.2201331, 0
0.850584, 0.5373726, 0.2338943, 0
0.4493914, 0.2935611, 0.3707116, 0
0.4660912, 0.4613351, 0.2780658, 0
0.7565033, 0.3296767, 0.3962036, 0
0.630264, 0.3910929, 0.4249845, 0
0.8178681, 0.5658793, 0.3580769, 0
0.6655115, 0.3281638, 0.1965913, 0
0.4756071, 0.4415553, 0.3826785, 0
0.5701071, 0.3508961, 0.2645502, 0
0.5039475, 0.4196005, 0.2115933, 0
0.8246351, 0.4672447, 0.2763098, 0
0.7818896, 0.3300256, 0.3192521, 0
0.5330019, 0.3989562, 0.3452484, 0
0.4255113, 0.5006092, 0.4055306, 0
0.4553868, 0.3679234, 0.3665331, 0
0.7426877, 0.3817955, 0.3732711, 0
0.8560147, 0.3576058, 0.2868757, 0
0.4377078, 0.4974558, 0.4088734, 0
0.517434, 0.3808616, 0.4614314, 0
0.6387681, 0.4761331, 0.2424619, 0
0.8144442, 0.3405709, 0.2349474, 0
0.5243939, 0.4451299, 0.4365765, 0
0.5797201, 0.3093127, 0.2914583, 0
0.8829185, 0.3803158, 0.2642776, 0
0.4467107, 0.4282243, 0.2695751, 0
0.3448559, 0.3718856, 0.2521937, 0
0.8644811, 0.3921242, 0.2214454, 0
0.3940917, 0.5074376, 0.3016879, 0
0.3712296, 0.3145904, 0.2713156, 0
0.8833785, 0.4284593, 0.3060536, 0
0.8213341, 0.5278645, 0.2862931, 0
0.7366539, 0.5201855, 0.3731857, 0
0.4070043, 0.3951091, 0.2802915, 0
0.6383842, 0.4809824, 0.3542184, 0
0.384313, 0.456195, 0.4285661, 0
0.7024867, 0.3091599, 0.2731377, 0
0.5021389, 0.4340526, 0.3293966, 0
0.6407775, 0.4931677, 0.2904047, 0
0.4760385, 0.4340831, 0.4275482, 0
0.8190856, 0.5441186, 0.2816643, 0
0.5898996, 0.3225843, 0.3949003, 0
0.8724995, 0.4723058, 0.3649428, 0
0.7575381, 0.4842488, 0.183786, 0
0.5827911, 0.3199402, 0.2390997, 0
0.6094601, 0.4342634, 0.3209125, 0
0.7776948, 0.3250777, 0.3397044, 0
0.4684724, 0.4670274, 0.3815213, 0
0.394078, 0.4787495, 0.3705015, 0
0.6269452, 0.459041, 0.360087, 0
0.4682456, 0.5003587, 0.2575327, 0
0.4146466, 0.3299041, 0.3352514, 0
0.6486307, 0.3606197, 0.3586428, 0
0.5715126, 0.3541846, 0.4122984, 0
0.4502835, 0.415301, 0.3119709, 0
0.54148, 0.4082565, 0.2012183, 0
0.3649141, 0.4827669, 0.3551427, 0
0.8106982, 0.478361, 0.1649112, 0
0.6415349, 0.270121, 0.2886255, 0
0.5427564, 0.5004846, 0.2589963, 0
0.3722235, 0.4896779, 0.3407153, 0
0.6914809, 0.3080245, 0.3844805, 0
0.6006998, 0.4021452, 0.3257937, 0
0.665976, 0.270562, 0.2986401, 0
0.6491812, 0.468084, 0.3262668, 0
0.4531449, 0.415852, 0.4298894, 0
0.6060154, 0.5133512, 0.2795007, 0
0.5446119, 0.3086879, 0.2782451, 0
0.596671, 0.4540999, 0.2996727, 0
0.4045565, 0.4009774, 0.2189665, 0
0.4396507, 0.3829471, 0.2915691, 0
0.3631328, 0.3709832, 0.3558782, 0
0.6306692, 0.2709224, 0.3306023, 0
0.6222709, 0.3700992, 0.2715131, 0
0.8266594, 0.3115012, 0.3139394, 0
0.4288967, 0.5065129, 0.3478491, 0
0.5432841, 0.3828175, 0.3139164, 0
0.5517184, 0.3662143, 0.2601241, 0
0.5003337, 0.4944349, 0.2768526, 0
0.7788326, 0.3667054, 0.1896898, 0
0.7383284, 0.5384766, 0.3352182, 0
0.7367705, 0.3335414, 0.3385057, 0
0.3841302, 0.3046856, 0.2826596, 0
0.3570946, 0.4667408, 0.2837673, 0
0.4281077, 0.3446915, 0.2844287, 0
0.5217823, 0.4053022, 0.4429576, 0
0.5113307, 0.4362552, 0.207875, 0
0.4848652, 0.3818311, 0.2174725, 0
0.466309, 0.4783213, 0.2624064, 0
0.7671681, 0.4857564, 0.3549022, 0
0.8010877, 0.5264702, 0.3291438, 0
0.8141411, 0.355717, 0.404304, 0
0.8172202, 0.4050403, 0.2132343, 0
0.7227072, 0.3342236, 0.3026673, 0
0.8471161, 0.3474669, 0.3264645, 0
0.4403, 0.3770184, 0.3230882, 0
0.4777042, 0.5330179, 0.352347, 0
0.5049285, 0.3486928, 0.3719666, 0
0.8108897, 0.4184459, 0.1745938, 0
0.758628, 0.5882983, 0.3253782, 0
0.3635536, 0.4894818, 0.3143158, 0
0.8726749, 0.399404, 0.32155, 0
0.795515, 0.5874225, 0.2456952, 0
0.7020772, 0.4414824, 0.2445448, 0
0.40304, 0.3277296, 0.2490194, 0
0.6602764, 0.3635518, 0.42251, 0
0.7470982, 0.5408801, 0.2451768, 0
0.6892173, 0.2975017, 0.4004683, 0
0.7883478, 0.5260936, 0.2629744, 0
0.7573895, 0.4843234, 0.209593, 0
0.5812038, 0.2874192, 0.2493067, 0
0.4330701, 0.4599501, 0.2608587, 0
0.4935486, 0.3687753, 0.2456329, 0
0.7380481, 0.4481675, 0.3185525, 0
0.6143688, 0.3670871, 0.4354344, 0
0.8610817, 0.3476051, 0.3185847, 0
0.8630401, 0.4015846, 0.2824403, 0
0.6066693, 0.3445401, 0.283899, 0
0.5271674, 0.4586206, 0.2300141, 0
0.5430595, 0.3246879, 0.3574352, 0
0.4275707, 0.3880703, 0.2890812, 0
0.3345444, 0.4187521, 0.2706015, 0
0.4666777, 0.4156182, 0.250471, 0
0.7789868, 0.3562593, 0.2459339, 0
0.7347209, 0.3522002, 0.2245981, 0
0.8474727, 0.3724707, 0.2866333, 0
0.5570593, 0.3703147, 0.4424029, 0
0.503702, 0.4339486, 0.2116624, 0
0.8847563, 0.3719908, 0.2894312, 0
0.4796853, 0.3917612, 0.310809, 0
0.3687851, 0.414986, 0.3711884, 0
0.3922758, 0.2938957, 0.30926, 0
0.4692402, 0.4980959, 0.3416201, 0
0.7935889, 0.5035226, 0.2195948, 0
0.4083335, 0.3982261, 0.4180059, 0
0.8191335, 0.5879549, 0.2434938, 0
0.3936277, 0.3049667, 0.36997, 0
0.4535889, 0.3484197, 0.4131104, 0
0.677524, 0.4363142, 0.299912, 0
0.6828455, 0.3649547, 0.3445902, 0
0.756134, 0.3693066, 0.2052822, 0
0.7710552, 0.2798736, 0.3463454, 0
0.4557462, 0.4745155, 0.2919995, 0
0.5917706, 0.3188631, 0.4000916, 0
0.8477303, 0.4860634, 0.3889303, 0
0.6686466, 0.4648902, 0.2879336, 0
0.7538479, 0.4978221, 0.2304363, 0
0.527109, 0.5039132, 0.2804201, 0
0.4154428, 0.4059926, 0.2260557, 0
0.5958406, 0.3809119, 0.3553005, 0
0.4730964, 0.3566125, 0.2606759, 0
0.4316252, 0.3213132, 0.4200951, 0
0.7140282, 0.4950629, 0.3139465, 0
0.3971883, 0.3100102, 0.265109, 0
0.8457319, 0.456713, 0.1949511, 0
0.6983626, 0.3681895, 0.2714559, 0
0.8245239, 0.3224567, 0.3528395, 0
0.4747671, 0.4172071, 0.4265131, 0
0.470367, 0.3509851, 0.3465259, 0
0.4341722, 0.4306662, 0.3809911, 0
0.8450104, 0.3576429, 0.2317455, 0
0.6436296, 0.4696004, 0.332178, 0
0.4877092, 0.3383026, 0.434754, 0
0.822482, 0.4298449, 0.1695137, 0
0.644072, 0.4703117, 0.2291552, 0
0.4100296, 0.4023367, 0.4202768, 0
0.5202745, 0.3611507, 0.2349909, 0
0.7853783, 0.4381465, 0.238343, 0
0.6250678, 0.4714249, 0.2342356, 0
0.4746018, 0.5064886, 0.2837633, 0
0.675608, 0.3876517, 0.1990012, 0
0.4924593, 0.4079334, 0.374533, 0
0.6708947, 0.291588, 0.3407568, 0
0.7267792, 0.4077159, 0.3749047, 0
0.3844949, 0.3632407, 0.4029528, 0
0.6681765, 0.3358397, 0.2543177, 0
0.5350313, 0.4152463, 0.3477011, 0
0.8360806, 0.5649944, 0.3003081, 0
0.4213654, 0.5023585, 0.4053682, 0
0.4072101, 0.4510472, 0.313211, 0
0.4298412, 0.2940224, 0.3673655, 0
0.665037, 0.3930349, 0.3260894, 0
0.5308399, 0.4761381, 0.3021498, 0
0.5580363, 0.3861573, 0.2437724, 0
0.76758, 0.5495266, 0.2768342, 0
0.4570239, 0.5162973, 0.3442733, 0
0.4160558, 0.316383, 0.2615033, 0
0.3704054, 0.3114705, 0.2754578, 0
0.4645792, 0.3394129, 0.406771, 0
0.6722453, 0.2837004, 0.2736834, 0
0.8730876, 0.3761461, 0.2050194, 0
0.6622563, 0.4058857, 0.2803864, 0
0.5040569, 0.5113856, 0.2982994, 0
0.3908941, 0.4812419, 0.4191212, 0
0.4788441, 0.3071895, 0.3605039, 0
0.7945483, 0.4752945, 0.1884376, 0
0.7441095, 0.288194, 0.3741346, 0
0.6701425, 0.3745003, 0.408831, 0
0.8085757, 0.5025688, 0.2152836, 0
0.4825588, 0.4312157, 0.4514531, 0
0.7689524, 0.3725053, 0.3909734, 0
0.6206633, 0.3074424, 0.3738684, 0
0.8791765, 0.4451897, 0.3324795, 0
0.6141355, 0.4408719, 0.2914895, 0
0.862781, 0.4071574, 0.2817375, 0
0.8402111, 0.4542056, 0.2411471, 0
0.3584444, 0.4568376, 0.2766829, 0
0.4466492, 0.3432928, 0.2293853, 0
0.6967269, 0.5063757, 0.2948624, 0
0.3795248, 0.5074798, 0.3668806, 0
0.6698041, 0.3027788, 0.3970845, 0
0.6258145, 0.43152, 0.2502207, 0
0.4180949, 0.5273981, 0.3348188, 0
0.7068844, 0.2926874, 0.3020053, 0
0.5850601, 0.5224758, 0.2758785, 0
0.6181577, 0.4384648, 0.2912545, 0
0.7892972, 0.4451838, 0.2077573, 0
0.4533877, 0.51171, 0.2955211, 0
0.3676509, 0.3148706, 0.273367, 0
0.5963472, 0.3993563, 0.2861859, 0
0.8478921, 0.4717818, 0.3564733, 0
0.8543767, 0.3603401, 0.2862818, 0
0.785016, 0.4823094, 0.174116, 0
0.51971, 0.4193396, 0.3929789, 0
0.3843784, 0.3609499, 0.2601765, 0
0.35751, 0.3487064, 0.2595626, 0
0.71444, 0.4567542, 0.2041293, 0
0.6101969, 0.4469499, 0.2408289, 0
0.8728884, 0.4221011, 0.2312692, 0
0.3685442, 0.4469542, 0.3807141, 0
0.4831585, 0.4734776, 0.2335006, 0
0.804373, 0.4554424, 0.2726594, 0
0.4279539, 0.500999, 0.4053937, 0
0.3669823, 0.4056265, 0.3593264, 0
0.4629152, 0.4165462, 0.453644, 0
0.5682477, 0.3304698, 0.2647716, 0
0.7671358, 0.4772416, 0.2838049, 0
0.5616076, 0.4283905, 0.3522879, 0
0.4492335, 0.4476917, 0.220456, 0
0.7669112, 0.5812899, 0.3254835, 0
0.4692929, 0.4167019, 0.3970624, 0
0.6924203, 0.2919357, 0.3503276, 0
0.7092096, 0.4102306, 0.2978604, 0
0.3948151, 0.36102, 0.3549144, 0
0.4709779, 0.3020729, 0.3804659, 0
0.4261206, 0.2913765, 0.3611467, 0
0.6945387, 0.5061182, 0.2902546, 0
0.8272402, 0.3809263, 0.3467387, 0
0.5082482, 0.4822617, 0.352485, 0
0.4402977, 0.4922753, 0.3241479, 0
0.6841346, 0.4911726, 0.318783, 0
0.8059511, 0.348502, 0.2978173, 0
0.6543328, 0.3771355, 0.2141883, 0
0.3948804, 0.3026745, 0.2895263, 0
0.4188183, 0.3291839, 0.4161623, 0
0.5062272, 0.4170671, 0.4101392, 0
0.7580561, 0.5790101, 0.2795726, 0
0.3874763, 0.4669034, 0.3087703, 0
0.5665963, 0.36338, 0.1866625, 0
0.3689572, 0.4541965, 0.260397, 0
0.4519362, 0.4371281, 0.2158573, 0
0.3808861, 0.3973715, 0.413207, 0
0.7558194, 0.529696, 0.3052229, 0
0.7788121, 0.3560095, 0.244223, 0
0.5390348, 0.45246, 0.2060292, 0
0.4248193, 0.4707698, 0.3516848, 0
0.4427589, 0.479982, 0.3142636, 0
0.4526787, 0.3043927, 0.4122382, 0
0.7656676, 0.4699668, 0.3858766, 0
0.8106977, 0.3826306, 0.3551158, 0
0.4507381, 0.5396795, 0.3813818, 0
0.4022173, 0.3765715, 0.2329106, 0
0.4378194, 0.3873621, 0.415332, 0
0.4626914, 0.307296, 0.3356508, 0
0.5302851, 0.4444451, 0.2531919, 0
0.4655315, 0.3524515, 0.3882998, 0
0.4783872, 0.5327638, 0.3233716, 0
0.7904507, 0.3426081, 0.3776793, 0
0.682999, 0.3008297, 0.252948, 0
0.7982695, 0.4316787, 0.2696785, 0
0.8033903, 0.5156013, 0.3019854, 0
0.3871873, 0.3508747, 0.235123, 0
0.495701, 0.3473274, 0.2122346, 0
0.6233797, 0.4403526, 0.3809153, 0
0.8033085, 0.4192931, 0.2265603, 0
0.5354569, 0.3933681, 0.4500394, 0
0.3731726, 0.3983968, 0.2214281, 0
0.7827253, 0.4956256, 0.3420826, 0
0.372441, 0.3406564, 0.3297946, 0
0.7989873, 0.5756379, 0.2480073, 0
0.5016233, 0.3388021, 0.255365, 0
0.6482372, 0.3233613, 0.3103256, 0
0.3734853, 0.3400887, 0.2518888, 0
0.5421801, 0.3926122, 0.1898661, 0
0.5053516, 0.4567831, 0.3449215, 0
0.7127089, 0.4462775, 0.3635819, 0
0.6660571, 0.4592683, 0.2215574, 0
0.7075465, 0.4310129, 0.2180839, 0
0.4259633, 0.3537368, 0.4159523, 0
0.4620437, 0.4442389, 0.3683928, 0
0.6030534, 0.2908663, 0.2713827, 0
0.7906377, 0.5490459, 0.3245368, 0
0.6161304, 0.3125777, 0.4040009, 0
0.8026789, 0.5028068, 0.2842173, 0
0.6523728, 0.4001903, 0.3911655, 0
0.6574295, 0.3687429, 0.2679932, 0
0.3999182, 0.3797951, 0.3869919, 0
0.470621, 0.3451677, 0.2976833, 0
0.5391684, 0.4827366, 0.2268357, 0
0.8409279, 0.4951318, 0.2936097, 0
0.4885921, 0.4267263, 0.3556094, 0
0.6396298, 0.3216121, 0.4095146, 0
0.6377031, 0.486048, 0.2858993, 0
0.7743937, 0.5011798, 0.1689365, 0
0.4831959, 0.4410651, 0.3729221, 0
0.8189067, 0.3171513, 0.2583957, 0
0.8012519, 0.3869323, 0.3143804, 0
0.7480422, 0.5180717, 0.2498122, 0
0.7504092, 0.5307425, 0.2321097, 0
0.7162942, 0.4030689, 0.2403453, 0
0.6176741, 0.4064882, 0.3805543, 0
0.6322787, 0.400577, 0.2385961, 0
0.8192217, 0.5805115, 0.388042, 0
0.8342534, 0.307265, 0.3095277, 0
0.4164588, 0.3721389, 0.3302212, 0
0.768611, 0.4726091, 0.2761564, 0
0.5061623, 0.3776622, 0.3492416, 0
0.7854304, 0.2873077, 0.2967408, 0
0.7299529, 0.3894624, 0.3923401, 0
0.8645617, 0.5231852, 0.231119, 0
0.4248323, 0.4077143, 0.2311444, 0
0.3678071, 0.3433144, 0.2544922, 0
0.4217874, 0.3088036, 0.3893177, 0
0.4419033, 0.2867063, 0.2959526, 0
0.8552484, 0.4547642, 0.3090083, 0
0.437021, 0.3273295, 0.4242666, 0
0.6429417, 0.3353795, 0.2569961, 0
0.4827938, 0.4101342, 0.2025859, 0
0.8414497, 0.4526471, 0.2421819, 0
0.7378914, 0.347407, 0.2906394, 0
0.6172545, 0.4421987, 0.2273945, 0
0.3576871, 0.454839, 0.3003003, 0
0.7996308, 0.5022206, 0.3506087, 0
0.7692271, 0.5237581, 0.2143793, 0
0.6547403, 0.3982942, 0.3289239, 0
0.7397531, 0.3927227, 0.2166408, 0
0.3835066, 0.3123454, 0.2678202, 0
0.514531, 0.3773766, 0.4180646, 0
0.7556528, 0.2830482, 0.2904926, 0
0.8406876, 0.4867541, 0.3474216, 0
0.5550854, 0.446048, 0.3752465, 0
0.7409284, 0.4179954, 0.3817875, 0
0.3921193, 0.4787507, 0.2436191, 0
0.7617545, 0.4860654, 0.2355782, 0
0.5119504, 0.4583695, 0.2083683, 0
0.7757244, 0.441787, 0.2674998, 0
0.5710485, 0.3338348, 0.2914888, 0
0.7501656, 0.2859204, 0.3297443, 0
0.6561528, 0.322204, 0.2980511, 0
0.4385035, 0.4251939, 0.4449525, 0
0.8459929, 0.3692535, 0.3062849, 0
0.6562059, 0.4430885, 0.3431463, 0
0.4222392, 0.4015725, 0.2137115, 0
0.653595, 0.3839329, 0.2059059, 0
0.5272381, 0.3578523, 0.3290073, 0
0.8434885, 0.4045945, 0.3334299, 0
0.7668453, 0.5387239, 0.2821997, 0
0.464282, 0.2863092, 0.2861181, 0
0.6671258, 0.3966154, 0.2961591, 0
0.3670449, 0.3852034, 0.2756981, 0
0.8604228, 0.3818815, 0.2349141, 0
0.464999, 0.4531639, 0.2151833, 0
0.7948382, 0.5291541, 0.2570772, 0
0.7159542, 0.4746453, 0.2354922, 0
0.7815975, 0.3092461, 0.2438171, 0
0.7315123, 0.408293, 0.2061878, 0
0.4459193, 0.5152615, 0.316035, 0
0.664849, 0.3739841, 0.3361389, 0
0.4098718, 0.3625077, 0.2659633, 0
0.3903213, 0.516843, 0.3157631, 0
0.8486622, 0.5847274, 0.2310953, 0
0.544396, 0.3342445, 0.4231264, 0
0.6235945, 0.4069663, 0.2859412, 0
0.725577, 0.4657246, 0.2243308, 0
0.4197866, 0.4528007, 0.2066967, 0
0.362225, 0.4338439, 0.298866, 0
0.3863646, 0.4225133, 0.2752688, 0
0.5723805, 0.3937289, 0.2215256, 0
0.608179, 0.4813969, 0.3417099, 0
0.6789875, 0.459887, 0.2874205, 0
0.6341386, 0.4162128, 0.3125854, 0
0.71307, 0.4517497, 0.2692505, 0
0.6538575, 0.4384577, 0.343994, 0
0.700136, 0.2923265, 0.3574861, 0
0.3564428, 0.3934315, 0.236198, 0
0.3958524, 0.406195, 0.2930218, 0
0.5242725, 0.3677428, 0.2813331, 0
0.4356029, 0.48443, 0.2762085, 0
0.4968342, 0.5227637, 0.2843286, 0
0.8291821, 0.4971063, 0.2539257, 0
0.8758749, 0.4014244, 0.1882973, 0
0.3941534, 0.3739548, 0.2230368, 0
0.5675791, 0.3581354, 0.3746195, 0
0.4098152, 0.3234303, 0.3869689, 0
0.4869017, 0.4979227, 0.244634, 0
0.5567756, 0.3202066, 0.3046857, 0
0.461633, 0.4107219, 0.2936153, 0
0.5372275, 0.2967103, 0.2241455, 0
0.5315129, 0.4075338, 0.2338297, 0
0.606056, 0.4417986, 0.3103664, 0
0.5854777, 0.3078346, 0.2936096, 0
0.4510804, 0.2930018, 0.3688638, 0
0.7468163, 0.5789114, 0.229411, 0
0.4538769, 0.38941, 0.291319, 0
0.6213544, 0.4486394, 0.3693715, 0
0.7620093, 0.4326423, 0.2322329, 0
0.5397714, 0.4087645, 0.2213555, 0
0.4924656, 0.3814298, 0.4564217, 0
0.8467259, 0.4567722, 0.4069003, 0
0.8686002, 0.4585046, 0.3199935, 0
0.5596881, 0.4194023, 0.440834, 0
0.8091797, 0.5389391, 0.2691571, 0
0.7985421, 0.4546199, 0.2876575, 0
0.5379983, 0.4497783, 0.2071319, 0
0.6744251, 0.3374435, 0.3367243, 0
0.5746362, 0.3569201, 0.3813469, 0
0.3741988, 0.3021904, 0.3051154, 0
0.7317002, 0.3842744, 0.2355342, 0
0.7773585, 0.30165, 0.3386061, 0
0.7097083, 0.5087008, 0.3256918, 0
0.8193899, 0.4531932, 0.1844471, 0
0.4663199, 0.2999971, 0.3163791, 0
0.4237249, 0.4038523, 0.3906665, 0
0.4932074, 0.3153231, 0.2048049, 0
0.8222828, 0.4382475, 0.2833422, 0
0.4642841, 0.3253735, 0.2380482, 0
0.6222715, 0.3044329, 0.2706737, 0
0.8299991, 0.5040955, 0.2501664, 0
0.4525179, 0.2935156, 0.3389698, 0
0.5381143, 0.4885232, 0.2483686, 0
0.4090443, 0.5252806, 0.3634571, 0
0.8601766, 0.4981255, 0.1745713, 0
0.4154968, 0.3967035, 0.3305588, 0
0.3744667, 0.426168, 0.370487, 0
0.7459471, 0.3180774, 0.4123254, 0
0.3836587, 0.4078322, 0.4176612, 0
0.5439677, 0.322449, 0.3265256, 0
0.6267661, 0.4313082, 0.3926929, 0
0.3860281, 0.4052919, 0.3715733, 0
0.4120595, 0.314011, 0.4072315, 0
0.5316332, 0.4788236, 0.2183203, 0
0.3715822, 0.4313023, 0.3652996, 0
0.4474513, 0.4278603, 0.4559615, 0
0.6719387, 0.3923976, 0.3399206, 0
0.8230931, 0.5673956, 0.239234, 0
0.4697399, 0.4863525, 0.3520242, 0
0.7715128, 0.3610766, 0.3421961, 0
0.4920502, 0.3181831, 0.3771165, 0
0.6881974, 0.3282503, 0.3761311, 0
0.7811208, 0.3144149, 0.3338479, 0
0.5950965, 0.3248716, 0.4078343, 0
0.719391, 0.3580157, 0.246169, 0
0.3514196, 0.397306, 0.2507042, 0
0.4061269, 0.4440228, 0.4251984, 0
0.7260732, 0.4232194, 0.2652256, 0
0.4220117, 0.4888517, 0.3842311, 0
0.364177, 0.4944403, 0.3132962, 0
0.5448711, 0.3604146, 0.2188829, 0
0.7652087, 0.5395787, 0.2948987, 0
0.667765, 0.3218479, 0.2197656, 0
0.7435212, 0.34859, 0.2696922, 0
0.5007674, 0.4862544, 0.3216148, 0
0.6265061, 0.4191584, 0.3341207, 0
0.5623845, 0.4907748, 0.3228663, 0
0.7284664, 0.2949018, 0.279391, 0
0.6836354, 0.4870796, 0.3060208, 0
0.4766989, 0.3666812, 0.4410658, 0
0.7156845, 0.3027679, 0.3720433, 0
0.4068421, 0.4930618, 0.3376178, 0
0.8421093, 0.514791, 0.2209892, 0
0.6064876, 0.2888107, 0.3743424, 0
0.5897862, 0.4084425, 0.2233238, 0
0.4979078, 0.400834, 0.3686881, 0
0.7712246, 0.5958948, 0.3809973, 0
0.3926707, 0.3920859, 0.313122, 0
0.6197726, 0.4184035, 0.2464011, 0
0.5446677, 0.355025, 0.391351, 0
0.8198158, 0.3315775, 0.2324528, 0
0.5686895, 0.3296486, 0.193717, 0
0.8378552, 0.3792154, 0.3472574, 0
0.5247451, 0.4500799, 0.2668537, 0
0.7970756, 0.3744358, 0.1815001, 0
0.5174705, 0.3719735, 0.4600144, 0
0.4620649, 0.4010025, 0.3097621, 0
0.5599669, 0.2929578, 0.2559798, 0
0.6482667, 0.3549798, 0.2574315, 0
0.57927, 0.3993433, 0.1972435, 0
0.3958882, 0.2979947, 0.3004321, 0
0.8545558, 0.4430014, 0.225614, 0
0.6192803, 0.3003159, 0.219636, 0
0.8557727, 0.3731678, 0.3724785, 0
0.7415402, 0.5472776, 0.3156265, 0
0.6838561, 0.3595026, 0.3780364, 0
0.5223197, 0.4086248, 0.3246633, 0
0.7832483, 0.3935528, 0.2888416, 0
0.4261437, 0.3166009, 0.4154741, 0
0.552756, 0.445439, 0.3363568, 0
0.7630091, 0.3794944, 0.1810576, 0
0.5502384, 0.3080944, 0.2123148, 0
0.751233, 0.3317522, 0.2818688, 0
0.7603652, 0.3514911, 0.2182714, 0
0.5966575, 0.5210788, 0.3149912, 0
0.3930133, 0.3291138, 0.3615807, 0
0.7373001, 0.4878251, 0.2146217, 0
0.6083511, 0.3675485, 0.2105253, 0
0.4499038, 0.2913948, 0.3073814, 0
0.5181357, 0.3696518, 0.425797, 0
0.4269525, 0.4932478, 0.2452658, 0
0.5077311, 0.3149138, 0.2641061, 0
0.7721602, 0.2817023, 0.3213863, 0
0.6808475, 0.3401596, 0.4264638, 0
0.7437232, 0.4962503, 0.2213419, 0
0.7818723, 0.4005057, 0.3590699, 0
0.6420473, 0.3388255, 0.2882203, 0
0.4327998, 0.3608811, 0.4164969, 0
0.4431945, 0.2920813, 0.3589036, 0
0.7716397, 0.3212937, 0.2732499, 0
0.4901686, 0.3374856, 0.388129, 0
0.3952439, 0.3638634, 0.2912905, 0
0.8420617, 0.5012279, 0.2209065, 0
0.7134138, 0.4096117, 0.3163396, 0
0.3757254, 0.3968026, 0.2157407, 0
0.7818037, 0.4751495, 0.3627212, 0
0.7521371, 0.3829164, 0.3575731, 0
0.5780789, 0.4400103, 0.2468691, 0
0.84154, 0.3356292, 0.2253981, 0
0.5030416, 0.4676473, 0.3360003, 0
0.7467394, 0.5859289, 0.3011082, 0
0.607888, 0.3581239, 0.2393179, 0
0.5915875, 0.4148892, 0.2511984, 0
0.5460683, 0.4250863, 0.4024537, 0
0.8668543, 0.4399186, 0.3011593, 0
0.8661193, 0.4337437, 0.3100554, 0
0.6128275, 0.4015491, 0.3597324, 0
0.6291454, 0.3539329, 0.3155089, 0
0.4490832, 0.417698, 0.4257584, 0
0.4427624, 0.2897724, 0.3397182, 0
0.7327509, 0.5188224, 0.342491, 0
0.877436, 0.4444949, 0.2664408, 0
0.7448364, 0.4872429, 0.3349654, 0
0.7171595, 0.315953, 0.3614146, 0
0.5114729, 0.3428501, 0.1898967, 0
0.7539355, 0.3131624, 0.3874809, 0
0.8320428, 0.5474669, 0.3350316, 0
0.3779653, 0.3270764, 0.2594782, 0
0.7602324, 0.4613042, 0.1828635, 0
0.5673651, 0.332932, 0.2559682, 0
0.4795947, 0.3554761, 0.4163167, 0
0.7436864, 0.2998951, 0.2460117, 0
0.4679313, 0.4460717, 0.2609326, 0
0.4004576, 0.3962699, 0.3548924, 0
0.4080996, 0.2921427, 0.3478654, 0
0.7367075, 0.3488757, 0.2832553, 0
0.87366, 0.3992516, 0.3605279, 0
0.758313, 0.5552508, 0.2794488, 0
0.4796804, 0.4586406, 0.3342741, 0
0.4994097, 0.4628985, 0.2081196, 0
0.7586808, 0.3278938, 0.2657418, 0
0.6146353, 0.4004521, 0.3166071, 0
0.7529953, 0.3439595, 0.287563, 0
0.3698053, 0.4034931, 0.2876689, 0
0.7435603, 0.3991089, 0.2823994, 0
0.6387242, 0.3036391, 0.3219333, 0
0.5224774, 0.3289915, 0.271563, 0
0.8174509, 0.4616644, 0.1959468, 0
0.6289019, 0.3397221, 0.2164733, 0
0.7611537, 0.5168782, 0.3375557, 0
0.5617148, 0.3908245, 0.4279098, 0
0.463059, 0.4667192, 0.3252824, 0
0.5548592, 0.4299824, 0.2129404, 0
0.5299846, 0.435645, 0.239459, 0
0.88495, 0.3897973, 0.3875697, 0
0.709273, 0.4379534, 0.2979761, 0
0.6775453, 0.3200798, 0.4111374, 0
0.435248, 0.4196989, 0.4440125, 0
0.7678143, 0.4934077, 0.3508148, 0
0.5893849, 0.4598843, 0.3599294, 0
0.7433316, 0.3979582, 0.2020505, 0
0.7209807, 0.4115256, 0.2615524, 0
0.4639676, 0.2999418, 0.3442804, 0
0.8833812, 0.4267315, 0.2204075, 0
0.8582298, 0.3554631, 0.2470359, 0
0.4020409, 0.3526659, 0.232844, 0
0.4189098, 0.401656, 0.2161084, 0
0.4914871, 0.3302017, 0.4258221, 0
0.7446709, 0.5308319, 0.2655098, 0
0.8265409, 0.5563286, 0.400487, 0
0.5050006, 0.3021894, 0.2204494, 0
0.813051, 0.4581034, 0.3941662, 0
0.3670167, 0.3380424, 0.2604089, 0
0.3385078, 0.39486, 0.2871784, 0
0.3666776, 0.4243706, 0.3146737, 0
0.5249858, 0.3024182, 0.2470728, 0
0.5067279, 0.4521885, 0.3263904, 0
0.5673946, 0.4184487, 0.3560667, 0
0.4304882, 0.5292923, 0.3665066, 0
0.6266263, 0.3084608, 0.3518955, 0
0.7541419, 0.3635188, 0.2044236, 0
0.7573647, 0.2776962, 0.3614242, 0
0.6320895, 0.4078273, 0.2849744, 0
0.5003422, 0.4990988, 0.2838798, 0
0.8871008, 0.3565321, 0.3498026, 0
0.3703607, 0.3420412, 0.2532249, 0
0.4875929, 0.5425614, 0.339461, 0
0.4858906, 0.469705, 0.3631963, 0
0.6180201, 0.436568, 0.2777813, 0
0.6146523, 0.3833466, 0.4419613, 0
0.4699517, 0.4182787, 0.2645054, 0
0.7305472, 0.3280269, 0.3607911, 0
0.8225359, 0.4476316, 0.398353, 0
0.80041, 0.4832654, 0.373983, 0
0.6001565, 0.2651373, 0.3161297, 0
0.7092919, 0.3420181, 0.377324, 0
0.7298247, 0.4853386, 0.2853944, 0
0.7947164, 0.4022535, 0.2148869, 0
0.5662769, 0.3361717, 0.2989326, 0
0.4476591, 0.4679036, 0.3890053, 0
0.647684, 0.2881551, 0.2328308, 0
0.8154797, 0.4185647, 0.3164723, 0
0.5087726, 0.536422, 0.3210435, 0
0.4525691, 0.2924992, 0.358311, 0
0.8682764, 0.403421, 0.2868263, 0
0.8119215, 0.504779, 0.4130606, 0
0.6593143, 0.3532301, 0.2023041, 0
0.6574656, 0.3784681, 0.2000344, 0
0.4403919, 0.3652596, 0.2318183, 0
0.3948872, 0.4700748, 0.3001184, 0
0.7568923, 0.3874272, 0.1903513, 0
0.4086755, 0.3527132, 0.2339967, 0
0.7851782, 0.5546604, 0.3882278, 0
0.4091775, 0.3740494, 0.280097, 0
0.8278904, 0.4129292, 0.1786528, 0
0.7719047, 0.4892619, 0.3049181, 0
0.809739, 0.4465298, 0.385036, 0
0.6371438, 0.4142947, 0.3522843, 0
0.3668188, 0.3695975, 0.285714, 0
0.8525096, 0.5098668, 0.1701106, 0
0.7183505, 0.3903462, 0.3755019, 0
0.7555512, 0.3579454, 0.3881823, 0
0.6188087, 0.3415796, 0.2064343, 0
0.6757039, 0.4273193, 0.3723374, 0
0.4556974, 0.3604822, 0.4257746, 0
0.6220657, 0.490944, 0.2495569, 0
0.80107, 0.4787256, 0.2240817, 0
0.7518221, 0.4903368, 0.1835511, 0
0.3653177, 0.3567577, 0.2571203, 0
0.7582695, 0.3045007, 0.2565273, 0
0.6638942, 0.4414708, 0.2203504, 0
0.3760961, 0.4150346, 0.3850649, 0
0.7681174, 0.3725233, 0.3845772, 0
0.4260221, 0.4172351, 0.4312681, 0
0.388228, 0.4088102, 0.3797327, 0
0.6964304, 0.4985234, 0.277357, 0
0.8093846, 0.3361841, 0.3822533, 0
0.3853104, 0.3542622, 0.2340865, 0
0.5986321, 0.3447001, 0.1968626, 0
0.7267647, 0.4503363, 0.2124313, 0
0.743327, 0.5752009, 0.3341276, 0
0.5223259, 0.4524395, 0.4131005, 0
0.333874, 0.4131898, 0.2850366, 0
0.6728924, 0.2726721, 0.2787677, 0
0.4760344, 0.4465858, 0.233601, 0
0.578085, 0.2784581, 0.2914398, 0
0.7074446, 0.3348645, 0.3554213, 0
0.4817233, 0.3925139, 0.4271497, 0
0.6546295, 0.2746897, 0.3482461, 0
0.5365093, 0.3076669, 0.2623302, 0
0.7858143, 0.5665399, 0.2089847, 0
0.7335574, 0.4755267, 0.3238048, 0
0.6573437, 0.3976821, 0.3843018, 0
0.8766308, 0.3407219, 0.227896, 0
0.3849826, 0.4852115, 0.3450067, 0
0.3405248, 0.4148485, 0.2667431, 0
0.4203428, 0.4255163, 0.2300121, 0
0.5059345, 0.340795, 0.3033387, 0
0.8016264, 0.4291944, 0.2716629, 0
0.6240108, 0.4128892, 0.3313649, 0
0.7941346, 0.5058565, 0.1694863, 0
0.721185, 0.3575107, 0.2868627, 0
0.7555153, 0.3093398, 0.3526592, 0
0.7812312, 0.474463, 0.1591156, 0
0.4444359, 0.5351598, 0.2941774, 0
0.6292188, 0.2887998, 0.3823356, 0
0.7147457, 0.3601827, 0.3921291, 0
0.3879793, 0.3997178, 0.2114291, 0
0.6077648, 0.4505519, 0.2949212, 0
0.7237477, 0.4355606, 0.3334854, 0
0.4871426, 0.5242608, 0.275159, 0
0.724605, 0.4269373, 0.2496709, 0
0.7072325, 0.4803205, 0.2673856, 0
0.5628887, 0.504562, 0.2570291, 0
0.5102919, 0.3022892, 0.3242491, 0
0.6257194, 0.3011373, 0.3156317, 0
0.7918983, 0.3395329, 0.3671303, 0
0.5918072, 0.4348789, 0.2528849, 0
0.6794533, 0.308444, 0.2183124, 0
0.7646689, 0.4040802, 0.2794536, 0
0.6880595, 0.3996932, 0.340165, 0
0.3677874, 0.3421167, 0.2654578, 0
0.7797744, 0.5722979, 0.3642948, 0
0.5321763, 0.3228661, 0.2779476, 0
0.8197958, 0.355163, 0.3868693, 0
0.6736156, 0.3824865, 0.2821074, 0
0.7485908, 0.5154102, 0.3620244, 0
0.7157179, 0.4987654, 0.3085102, 0
0.4273254, 0.2904283, 0.3571063, 0
0.6998711, 0.3938194, 0.1959583, 0
0.8806568, 0.3357444, 0.2267516, 0
0.4965474, 0.3424275, 0.261059, 0
0.5570596, 0.4442826, 0.259569, 0
0.8050307, 0.3009938, 0.2810944, 0
0.7828823, 0.4234385, 0.2406854, 0
0.354589, 0.4305111, 0.2692958, 0
0.5236675, 0.3515711, 0.2618371, 0
0.8613023, 0.4525489, 0.2008979, 0
0.810264, 0.4896363, 0.1974071, 0
0.7687402, 0.4906603, 0.3545418, 0
0.7955938, 0.5214296, 0.4057106, 0
0.4036165, 0.3765823, 0.2499753, 0
0.794952, 0.5898763, 0.244306, 0
0.6154817, 0.3049467, 0.2072566, 0
0.4678861, 0.3612854, 0.4362462, 0
0.589948, 0.3295482, 0.2945411, 0
0.8820902, 0.3559006, 0.2457462, 0
0.8195068, 0.528945, 0.3227672, 0
0.593381, 0.3237489, 0.2578762, 0
0.4507976, 0.4262106, 0.455408, 0
0.4978182, 0.3444218, 0.3023947, 0
0.8047581, 0.3942014, 0.3142406, 0
0.4135162, 0.5263839, 0.3442029, 0
0.4132852, 0.4025325, 0.3954078, 0
0.5487499, 0.2920713, 0.2394885, 0
0.708868, 0.3793433, 0.20837, 0
0.7655359, 0.4815968, 0.2719508, 0
0.7843234, 0.5188318, 0.2960322, 0
0.6722122, 0.3395721, 0.3014835, 0
0.8820692, 0.3524723, 0.2582325, 0
0.3887955, 0.3242725, 0.3295052, 0
0.5874074, 0.329385, 0.3670828, 0
0.5566398, 0.341367, 0.2132399, 0
0.3679593, 0.4230647, 0.2908132, 0
0.8537015, 0.3634862, 0.3485802, 0
0.7435671, 0.3755573, 0.2995932, 0
0.7280533, 0.2923595, 0.2662021, 0
0.7290048, 0.438064, 0.328685, 0
0.8172657, 0.3062115, 0.2849882, 0
0.6885476, 0.3738761, 0.210136, 0
0.52214, 0.4451207, 0.2833944, 0
0.4611223, 0.3520213, 0.197302, 0
0.7874163, 0.3508936, 0.3261612, 0
0.4993983, 0.3704876, 0.4464166, 0
0.7652569, 0.414324, 0.2993292, 0
0.487207, 0.4065145, 0.3728733, 0
0.5812248, 0.450398, 0.3354429, 0
0.4886388, 0.4538351, 0.2988531, 0
0.5087499, 0.3906829, 0.3626989, 0
0.6272852, 0.4465834, 0.3179646, 0
0.8194074, 0.5357069, 0.2736453, 0
0.5942972, 0.3667908, 0.3012909, 0
0.5494852, 0.5001972, 0.3312231, 0
0.4604241, 0.5441554, 0.3505287, 0
0.7424265, 0.4144949, 0.292082, 0
0.3357712, 0.4225001, 0.2688752, 0
0.8828197, 0.3242006, 0.2991634, 0
0.7163501, 0.4289041, 0.3211824, 0
0.3905245, 0.2990818, 0.2955988, 0
0.3894098, 0.4055928, 0.3518864, 0
0.7556259, 0.5997412, 0.2977907, 0
0.7571718, 0.3755347, 0.1990884, 0
0.8310245, 0.3053817, 0.2890289, 0
0.7204573, 0.3954695, 0.2379475, 0
0.3971749, 0.5057203, 0.3237675, 0
0.834142, 0.5444724, 0.2726272, 0
0.4966793, 0.434166, 0.2443728, 0
0.8028079, 0.379442, 0.391556, 0
0.7878278, 0.4420903, 0.3915242, 0
0.5911678, 0.4798805, 0.2931315, 0
0.5143211, 0.4918264, 0.2619895, 0
0.8706536, 0.443913, 0.1794535, 0
0.691088, 0.3814633, 0.3967898, 0
0.4275605, 0.4364341, 0.2397445, 0
0.7557784, 0.4182983, 0.1926823, 0
0.5096279, 0.3987464, 0.3990591, 0
0.7256739, 0.3943476, 0.2047179, 0
0.384745, 0.3523873, 0.2356911, 0
0.7774574, 0.3293349, 0.2748591, 0
0.4423415, 0.4667025, 0.3201509, 0
0.5195838, 0.4184628, 0.2381136, 0
0.3926069, 0.4462482, 0.2925731, 0
0.8604994, 0.4564827, 0.4032442, 0
0.4246161, 0.3380923, 0.4185342, 0
0.4542167, 0.4288276, 0.2107607, 0
0.5403852, 0.346091, 0.2515495, 0
0.7955874, 0.3911951, 0.1964034, 0
0.6692985, 0.3951523, 0.2625443, 0
0.8051664, 0.5272534, 0.3739683, 0
0.4268826, 0.4632326, 0.429796, 0
0.5005807, 0.3006103, 0.2959204, 0
0.5067966, 0.3346984, 0.3188652, 0
0.6509771, 0.2780715, 0.2584629, 0
0.649891, 0.4587342, 0.2632312, 0
0.602452, 0.5057838, 0.3544108, 0
0.3924949, 0.474058, 0.3145233, 0
0.8457285, 0.3510169, 0.2206579, 0
0.6909372, 0.3602258, 0.2900155, 0
0.7200711, 0.4326701, 0.3523396, 0
0.7544731, 0.4258703, 0.3408436, 0
0.3806983, 0.4166963, 0.4184659, 0
0.8531118, 0.3532091, 0.2155412, 0
0.5687367, 0.3590314, 0.2467018, 0
0.7727299, 0.3083842, 0.2442609, 0
0.4139636, 0.3006904, 0.2860289, 0
0.3429989, 0.4220068, 0.2650869, 0
0.6457869, 0.301162, 0.3268229, 0
0.7571966, 0.3804448, 0.2546825, 0
0.5175833, 0.4352635, 0.3961062, 0
0.7698175, 0.504689, 0.1907263, 0
0.5167705, 0.3204814, 0.3733292, 0
0.7736277, 0.5302251, 0.3218287, 0
0.738012, 0.3509101, 0.3785036, 0
0.3882154, 0.3550854, 0.3621905, 0
0.6273586, 0.333993, 0.4255687, 0
0.8155702, 0.3185357, 0.2377264, 0
0.4037339, 0.4129479, 0.2434378, 0
0.5951179, 0.3605454, 0.3793286, 0
0.6184015, 0.43115, 0.3723561, 0
0.7735032, 0.3749511, 0.2464365, 0
0.6168938, 0.2802661, 0.3191107, 0
0.849591, 0.4829701, 0.3507652, 0
0.5323428, 0.3901076, 0.2407481, 0
0.773827, 0.4714644, 0.3038253, 0
0.756287, 0.4581036, 0.3888626, 0
0.3994218, 0.4397614, 0.2953176, 0
0.7119052, 0.4852557, 0.2988888, 0
0.6166575, 0.3664697, 0.4316223, 0
0.5115353, 0.3061062, 0.3014057, 0
0.659942, 0.4453377, 0.2154055, 0
0.7379676, 0.5107102, 0.3643408, 0
0.3687815, 0.3936797, 0.2197706, 0
0.6427105, 0.5122249, 0.2548723, 0
0.3863784, 0.5166674, 0.3636794, 0
0.7446488, 0.4978375, 0.2793261, 0
0.8895016, 0.4212083, 0.3125193, 0
0.3676895, 0.4672524, 0.2650421, 0
0.6618653, 0.4812913, 0.2287761, 0
0.7649006, 0.3298415, 0.2580166, 0
0.8155825, 0.3798393, 0.2483532, 0
0.7786078, 0.4479773, 0.354427, 0
0.8770788, 0.438982, 0.3064829, 0
0.6651394, 0.444769, 0.3432548, 0
0.47612, 0.4125272, 0.413356, 0
0.726984, 0.3947352, 0.3631421, 0
0.5049217, 0.4187178, 0.4265323, 0
0.788722, 0.3677149, 0.2077657, 0
0.4583006, 0.4571487, 0.3028458, 0
0.4488237, 0.4937795, 0.2506866, 0
0.7609642, 0.3238616, 0.2332375, 0
0.8010657, 0.3291069, 0.3481968, 0
0.4366912, 0.2895508, 0.325518, 0
0.8659589, 0.5474285, 0.2901929, 0
0.5058553, 0.5355736, 0.3239323, 0
0.6094621, 0.4100516, 0.3694864, 0
0.5950863, 0.4081585, 0.3290938, 0
0.4520879, 0.4494978, 0.4428692, 0
0.4340717, 0.3279548, 0.2844393, 0
0.4086164, 0.5008264, 0.4112084, 0
0.3982881, 0.5108981, 0.386283, 0
0.4341493, 0.438188, 0.2289306, 0
0.6048803, 0.3631471, 0.4435539, 0
0.7451356, 0.4448317, 0.3471912, 0
0.5843794, 0.3924242, 0.4295073, 0
0.8619608, 0.3171746, 0.2789601, 0
0.6325343, 0.4040683, 0.3168954, 0
0.4259918, 0.3790812, 0.2494613, 0
0.6797001, 0.3145592, 0.4238009, 0
0.8333669, 0.4089521, 0.4016437, 0
0.8206899, 0.4812744, 0.200917, 0
0.5332317, 0.3555676, 0.4284598, 0
0.3759066, 0.4682405, 0.2849955, 0
0.7286068, 0.4227021, 0.2063164, 0
0.5422447, 0.3865477, 0.2684645, 0
0.5573615, 0.4736533, 0.3718313, 0
0.5110679, 0.4189175, 0.4219269, 0
0.5214339, 0.3362197, 0.4078049, 0
0.8174819, 0.4296457, 0.2944811, 0
0.5496271, 0.4206947, 0.2091433, 0
0.817237, 0.5436164, 0.2762861, 0
0.5284568, 0.4710385, 0.244416, 0
0.4665699, 0.4770886, 0.2346561, 0
0.4177902, 0.5110019, 0.3423181, 0
0.8019581, 0.327885, 0.3723297, 0
0.6043265, 0.502653, 0.2888865, 0
0.7773691, 0.3456112, 0.2243152, 0
0.6487272, 0.4484785, 0.2309141, 0
0.5311832, 0.3000536, 0.2537023, 0
0.4700668, 0.3697101, 0.3026455, 0
0.4888625, 0.4704225, 0.3735825, 0
0.4925514, 0.3873538, 0.2351876, 0
0.7443601, 0.4930404, 0.308589, 0
0.8091207, 0.36858, 0.1897629, 0
0.8000966, 0.4838567, 0.3718752, 0
0.6762822, 0.3272218, 0.3270114, 0
0.6507407, 0.317006, 0.4016348, 0
0.7682377, 0.4815246, 0.3303272, 0
0.366522, 0.4404009, 0.3852129, 0
0.7556574, 0.5044343, 0.3755688, 0
0.4619846, 0.4886001, 0.4097294, 0
0.4076387, 0.3053125, 0.2712069, 0
0.5362781, 0.4617635, 0.3878838, 0
0.4550829, 0.4510307, 0.2238355, 0
0.3978809, 0.4709338, 0.375843, 0
0.6568109, 0.3989648, 0.236681, 0
0.717058, 0.2809598, 0.2684752, 0
0.6313401, 0.4742175, 0.3751364, 0
0.8119816, 0.4585465, 0.3848151, 0
0.3675621, 0.4449519, 0.3938667, 0
0.3225343, 0.4205959, 0.2762352, 0
0.8219085, 0.4323076, 0.2508188, 0
0.7764463, 0.3408057, 0.383995, 0
0.7444583, 0.4970622, 0.2195964, 0
0.6896694, 0.4239294, 0.3733328, 0
0.4320052, 0.3532577, 0.3857622, 0
0.7969826, 0.4085594, 0.2308033, 0
0.4852437, 0.3491849, 0.2794973, 0
0.8521256, 0.5665287, 0.2392797, 0
0.7464942, 0.3989315, 0.3191396, 0
0.4872913, 0.3456089, 0.2582246, 0
0.4338803, 0.3834697, 0.332488, 0
0.6551032, 0.359637, 0.3286327, 0
0.3690089, 0.4790427, 0.3709288, 0
0.3451002, 0.4130721, 0.2633209, 0
0.4247402, 0.4978909, 0.373979, 0
0.6295279, 0.3710271, 0.2290467, 0
0.41564, 0.3122025, 0.3996911, 0
0.4802598, 0.493692, 0.3307332, 0
0.5770416, 0.4123986, 0.2848566, 0
0.5544458, 0.4907011, 0.2988393, 0
0.7737041, 0.3722243, 0.2647612, 0
0.8026295, 0.3086602, 0.3269326, 0
0.8339533, 0.4298489, 0.2652746, 0
0.458601, 0.2868526, 0.2863421, 0
0.5085574, 0.5424321, 0.3164177, 0
0.7121988, 0.282196, 0.3399171, 0
0.3639636, 0.3722976, 0.235444, 0
0.3966364, 0.5044473, 0.3594844, 0
0.5057868, 0.4863853, 0.375093, 0
0.8428469, 0.4838871, 0.2422245, 0
0.8553277, 0.4861002, 0.2329782, 0
0.6845607, 0.3036016, 0.2540507, 0
0.662534, 0.4952006, 0.2424629, 0
0.8538166, 0.4722394, 0.3102562, 0
0.546568, 0.3347777, 0.4226403, 0
0.5121161, 0.4585841, 0.2083013, 0
0.7560472, 0.4012453, 0.4026951, 0
0.8565323, 0.4593874, 0.3062508, 0
0.539916, 0.4032003, 0.3391008, 0
0.7314993, 0.4862101, 0.2341671, 0
0.7409705, 0.4527769, 0.2444956, 0
0.859589, 0.4462901, 0.1996759, 0
0.6503196, 0.5180057, 0.2829805, 0
0.5167412, 0.4917626, 0.3561956, 0
0.7258611, 0.3882297, 0.3443631, 0
0.5281725, 0.4122811, 0.2891399, 0
0.5781447, 0.4438688, 0.3961189, 0
0.4053535, 0.3952325, 0.2526448, 0
0.8841999, 0.4527357, 0.3566305, 0
0.8062761, 0.3362687, 0.332986, 0
0.6166432, 0.4220876, 0.2891679, 0
0.4764854, 0.4324987, 0.2202441, 0
0.5936978, 0.381528, 0.3954304, 0
0.4177845, 0.4114393, 0.4348188, 0
0.560535, 0.3574196, 0.3026556, 0
0.6028315, 0.3295832, 0.3389801, 0
0.7143929, 0.4559058, 0.2888785, 0
0.8258871, 0.4382027, 0.190377, 0
0.4083751, 0.3933669, 0.4007214, 0
0.3888539, 0.4599993, 0.3766074, 0
0.5148966, 0.3762286, 0.2114105, 0
0.4108923, 0.4098711, 0.4022113, 0
0.8251584, 0.5595099, 0.351546, 0
0.6559172, 0.4098796, 0.3978261, 0
0.8455091, 0.4629458, 0.1773706, 0
0.4615379, 0.4638189, 0.2997864, 0
0.655161, 0.3926674, 0.234756, 0
0.6160473, 0.4519917, 0.3788165, 0
0.5106606, 0.3686205, 0.3315207, 0
0.5421237, 0.3150492, 0.287143, 0
0.4370669, 0.3618447, 0.3195703, 0
0.6839479, 0.4451406, 0.2753173, 0
0.7966822, 0.5890759, 0.2405542, 0
0.6457609, 0.3783433, 0.256078, 0
0.7525111, 0.3124664, 0.3917371, 0
0.477917, 0.3161402, 0.3881383, 0
0.4541282, 0.3987736, 0.4029532, 0
0.5071989, 0.4125543, 0.4114338, 0
0.4553165, 0.3582623, 0.4292724, 0
0.5255561, 0.3626758, 0.2104296, 0
0.4164986, 0.5098249, 0.3675707, 0
0.8391863, 0.5837991, 0.2426991, 0
0.4801875, 0.3566154, 0.4307547, 0
0.6419707, 0.4100949, 0.2234234, 0
0.4066647, 0.3725885, 0.395924, 0
0.4464251, 0.3873968, 0.3850656, 0
0.8802682, 0.4839271, 0.3084495, 0
0.3290134, 0.3838618, 0.2593264, 0
0.8766158, 0.3299585, 0.264936, 0
0.4576038, 0.458071, 0.3473546, 0
0.6097972, 0.3802789, 0.4184157, 0
0.6189985, 0.400836, 0.4324947, 0
0.6901522, 0.3976395, 0.3789954, 0
0.5758048, 0.4262001, 0.3969709, 0
0.7827907, 0.3856963, 0.3333825, 0
0.8693956, 0.3881069, 0.2651681, 0
0.6175926, 0.3212929, 0.3325808, 0
0.4642281, 0.418953, 0.4532605, 0
0.809907, 0.4486062, 0.1748495, 0
0.4457601, 0.3285367, 0.2538236, 0
0.3819868, 0.3308682, 0.365134, 0
0.4228792, 0.3928105, 0.2820007, 0
0.5504365, 0.4101415, 0.2746444, 0
0.4523367, 0.4086092, 0.4362443, 0
0.7879314, 0.313124, 0.2488779, 0
0.6110613, 0.3497095, 0.371617, 0
0.4608516, 0.4455374, 0.2364788, 0
0.3886204, 0.4398587, 0.2665109, 0
0.5998039, 0.3277988, 0.326291, 0
0.7765079, 0.508989, 0.3769533, 0
0.3799409, 0.4761482, 0.2522914, 0
0.6019187, 0.3653226, 0.3078452, 0
0.5090213, 0.4424587, 0.2178664, 0
0.8735879, 0.5228106, 0.3188241, 0
0.5272619, 0.3428454, 0.4364826, 0
0.5787183, 0.3276873, 0.2640266, 0
0.4050016, 0.3872167, 0.2336391, 0
0.8185456, 0.3005537, 0.3078149, 0
0.3930483, 0.4678909, 0.4291464, 0
0.85874, 0.4018514, 0.2325085, 0
0.599172, 0.3174834, 0.3636993, 0
0.8439751, 0.4072831, 0.2597273, 0
0.8441883, 0.4417146, 0.3653874, 0
0.8647634, 0.4165778, 0.3626387, 0
0.6729415, 0.4837748, 0.2930104, 0
0.3636561, 0.4782572, 0.325502, 0
0.7086953, 0.4682577, 0.2363042, 0
0.5903167, 0.3218943, 0.2930673, 0
0.6727118, 0.2992826, 0.2386832, 0
0.4362901, 0.2978632, 0.2627642, 0
0.6262224, 0.3817869, 0.4413648, 0
0.8101607, 0.5464835, 0.2578127, 0
0.4330917, 0.3654664, 0.2876458, 0
0.5694295, 0.4346918, 0.2434039, 0
0.6332114, 0.3287137, 0.3189425, 0
0.6068823, 0.389708, 0.3558802, 0
0.6039249, 0.4543028, 0.3623807, 0
0.5987549, 0.3635021, 0.4416192, 0
0.6398733, 0.269922, 0.2780106, 0
0.767132, 0.3407616, 0.3901026, 0
0.7230477, 0.3571913, 0.3878531, 0
0.5891157, 0.2872064, 0.2896878, 0
0.8746536, 0.3775607, 0.3918871, 0
0.5799803, 0.3854823, 0.2955999, 0
0.5566412, 0.4532351, 0.4099802, 0
0.7121795, 0.5198763, 0.3348565, 0
0.7973803, 0.4077177, 0.3212822, 0
0.5375453, 0.4189403, 0.3857734, 0
0.514268, 0.3874431, 0.2602351, 0
0.5698639, 0.4167811, 0.2969854, 0
0.5848007, 0.3048124, 0.3828095, 0
0.461249, 0.3316644, 0.3194304, 0
0.4600427, 0.3657215, 0.2740409, 0
0.8709064, 0.4307906, 0.2591996, 0
0.455624, 0.2943864, 0.351745, 0
0.3990449, 0.5222315, 0.2941026, 0
0.8016087, 0.3606113, 0.2210489, 0
0.5959506, 0.2829834, 0.2610393, 0
0.7687973, 0.4251636, 0.1803491, 0
0.4714347, 0.3211153, 0.2301305, 0
0.7498493, 0.3971678, 0.3867156, 0
0.6368743, 0.4593641, 0.3518527, 0
0.589961, 0.3914969, 0.2979639, 0
0.4631467, 0.4133497, 0.2686298, 0
0.6363624, 0.3955207, 0.3671469, 0
0.527541, 0.4901183, 0.3033026, 0
0.6491344, 0.5129827, 0.2658721, 0
0.4527819, 0.3213125, 0.2978325, 0
0.631301, 0.3874142, 0.3045824, 0
0.7830282, 0.4821747, 0.2753067, 0
0.7584401, 0.3880515, 0.2185883, 0
0.7265684, 0.3988266, 0.2357207, 0
0.7365709, 0.4126349, 0.2023267, 0
0.5710838, 0.34578, 0.3270623, 0
0.3755392, 0.50793, 0.3501986, 0
0.6981674, 0.297816, 0.3993005, 0
0.8558145, 0.5398028, 0.2452802, 0
0.5063074, 0.5115281, 0.3017683, 0
0.6901964, 0.3457359, 0.2052814, 0
0.3779161, 0.4713405, 0.4084759, 0
0.7752262, 0.4255672, 0.2240545, 0
0.4651542, 0.4526596, 0.3112672, 0
0.7213985, 0.4790729, 0.3499082, 0
0.4127727, 0.3607787, 0.3071374, 0
0.5901272, 0.4187228, 0.20733, 0
0.7264372, 0.294254, 0.3615945, 0
0.6342905, 0.3644406, 0.3984798, 0
0.5225877, 0.4479661, 0.352448, 0
0.4187174, 0.2899669, 0.3516309, 0
0.8123682, 0.4507929, 0.1850647, 0
0.5010265, 0.2978891, 0.331398, 0
0.7766996, 0.5911403, 0.3075211, 0
0.8642754, 0.4833758, 0.2334667, 0
0.3652581, 0.4682903, 0.2691693, 0
0.5588349, 0.3190973, 0.3150026, 0
0.4052091, 0.2948128, 0.3103179, 0
0.4493084, 0.3264284, 0.2263212, 0
0.38355, 0.4680999, 0.2414664, 0
0.6860205, 0.3447927, 0.235287, 0
0.7918479, 0.4891576, 0.3482674, 0
0.3906368, 0.4992731, 0.40201, 0
0.7173151, 0.3200569, 0.261331, 0
0.7318655, 0.3547942, 0.3990007, 0
0.7579708, 0.5624373, 0.3846492, 0
0.8424719, 0.553739, 0.1771159, 0
0.8389864, 0.5317756, 0.2351684, 0
0.75541, 0.513386, 0.1730846, 0
0.7703711, 0.5410638, 0.2741226, 0
0.6844408, 0.2987493, 0.40962, 0
0.6706572, 0.325779, 0.3406281, 0
0.577315, 0.2998566, 0.2640963, 0
0.5561658, 0.4314466, 0.2514316, 0
0.7347769, 0.5127894, 0.2963228, 0
0.8388242, 0.4875094, 0.3589404, 0
0.486346, 0.4461454, 0.4541525, 0
0.5757455, 0.4620778, 0.2567407, 0
0.8057929, 0.3740367, 0.3438159, 0
0.3953639, 0.2923357, 0.3161596, 0
0.6811762, 0.4745166, 0.2392902, 0
0.8814152, 0.4091598, 0.3410903, 0
0.679404, 0.3419152, 0.33699, 0
0.4321961, 0.3574525, 0.4168187, 0
0.5793771, 0.4546517, 0.3067546, 0
0.5085097, 0.410957, 0.2777138, 0
0.6411295, 0.3617625, 0.3154867, 0
0.5666192, 0.5426872, 0.3016962, 0
0.4035369, 0.3369109, 0.330392, 0
0.6605701, 0.4247062, 0.2267529, 0
0.7789209, 0.2819783, 0.315969, 0
0.385128, 0.4813141, 0.3462851, 0
0.4515384, 0.2920282, 0.3587291, 0
0.4562406, 0.4532881, 0.4402308, 0
0.6745633, 0.3941631, 0.2253629, 0
0.7474321, 0.5374286, 0.2979832, 0
0.7671969, 0.516916, 0.261373, 0
0.5427209, 0.3432506, 0.2197567, 0
0.8424065, 0.5792533, 0.2368049, 0
0.8407245, 0.5203168, 0.3311285, 0
0.8007354, 0.4301382, 0.1758576, 0
0.8177018, 0.5093793, 0.3652424, 0
0.8035308, 0.4678952, 0.2789186, 0
0.564099, 0.4122561, 0.2421095, 0
0.3977858, 0.4477004, 0.2671041, 0
0.436702, 0.3492647, 0.3399537, 0
0.4698336, 0.3124327, 0.2880901, 0
0.8262609, 0.5598955, 0.1739805, 0
0.7884879, 0.3763146, 0.2734368, 0
0.8584471, 0.4785266, 0.1892781, 0
0.758277, 0.3863709, 0.3418908, 0
0.3915272, 0.3869007, 0.3572208, 0
0.3847035, 0.4505361, 0.2728105, 0
0.5492584, 0.3567109, 0.2366609, 0
0.7497852, 0.5427025, 0.2285763, 0
0.5932509, 0.3372874, 0.2281478, 0
0.6747956, 0.2745838, 0.3192531, 0
0.3977492, 0.3411219, 0.2836903, 0
0.6987783, 0.4474455, 0.3686783, 0
0.4465813, 0.3459221, 0.2301331, 0
0.7339215, 0.3743205, 0.3552608, 0
0.6247566, 0.3838682, 0.3814311, 0
0.8789749, 0.4622366, 0.2627929, 0
0.6271989, 0.4143805, 0.2620878, 0
0.5163248, 0.4428505, 0.3022431, 0
0.5863616, 0.5048205, 0.2939698, 0
0.7966524, 0.4932218, 0.2794942, 0
0.3872538, 0.3149594, 0.2887485, 0
0.7864067, 0.491147, 0.2651472, 0
0.6985397, 0.3572879, 0.2122711, 0
0.5709749, 0.3220202, 0.2427113, 0
0.6303836, 0.4239801, 0.3562118, 0
0.4020911, 0.333692, 0.3702698, 0
0.6693412, 0.3441643, 0.3926401, 0
0.8671418, 0.4932134, 0.27626, 0
0.6498535, 0.3375871, 0.2754184, 0
0.5660329, 0.3812802, 0.2199278, 0
0.3402666, 0.4421712, 0.3119276, 0
0.4394732, 0.3637149, 0.1884166, 0
0.7453901, 0.5150519, 0.2621299, 0
0.5508456, 0.336868, 0.3886111, 0
0.4718969, 0.4447337, 0.336065, 0
0.7528839, 0.3294075, 0.2449484, 0
0.68375, 0.5159504, 0.2995402, 0
0.8036577, 0.4343536, 0.1676883, 0
0.6829144, 0.3646595, 0.4222972, 0
0.8419895, 0.4998208, 0.165929, 0
0.5013993, 0.338695, 0.3539836, 0
0.3630213, 0.3842287, 0.3921858, 0
0.6348342, 0.3715108, 0.3944399, 0
0.8446186, 0.5448261, 0.2570401, 0
0.670187, 0.2842027, 0.3817213, 0
0.4876565, 0.4027597, 0.2465737, 0
0.5146332, 0.4790757, 0.4013286, 0
0.8754902, 0.4862474, 0.2757152, 0
0.7432672, 0.5226783, 0.3775198, 0
0.6783444, 0.384156, 0.2693807, 0
0.474394, 0.3950098, 0.4474432, 0
0.427904, 0.4034779, 0.280021, 0
0.8519021, 0.5319127, 0.1822223, 0
0.8020259, 0.4662217, 0.1840116, 0
0.3941774, 0.4359979, 0.2883968, 0
0.7884493, 0.3796761, 0.4007578, 0
0.5565382, 0.3487855, 0.2361537, 0
0.6619934, 0.4237057, 0.3689644, 0
0.5494619, 0.3189954, 0.3079758, 0
0.6201428, 0.3005086, 0.3552503, 0
0.849377, 0.4227022, 0.2183068, 0
0.5712886, 0.3581247, 0.3575561, 0
0.8050367, 0.3658721, 0.3927758, 0
0.5245872, 0.3222921, 0.1996225, 0
0.4716925, 0.4765041, 0.3930784, 0
0.5076053, 0.391036, 0.2764413, 0
0.7518127, 0.4896474, 0.1970458, 0
0.5054038, 0.4507383, 0.2266067, 0
0.5570803, 0.3576897, 0.3594956, 0
0.7615199, 0.5253972, 0.2499157, 0
0.7350112, 0.2825346, 0.3706122, 0
0.4956315, 0.4644522, 0.2085747, 0
0.3999684, 0.5085827, 0.3822221, 0
0.4642245, 0.4741065, 0.4329333, 0
0.8365858, 0.5020384, 0.2765012, 0
0.385952, 0.2970089, 0.324538, 0
0.3741211, 0.337669, 0.2531334, 0
0.8408734, 0.3887517, 0.2497381, 0
0.4598917, 0.4457428, 0.2129969, 0
0.507162, 0.3058566, 0.2999418, 0
0.8446184, 0.3281861, 0.3278308, 0
0.530869, 0.3493707, 0.2554862, 0
0.6615932, 0.482652, 0.2971279, 0
0.8330195, 0.4883999, 0.4177181, 0
0.8180825, 0.4026021, 0.33005, 0
0.3906686, 0.4809858, 0.3585611, 0
0.5395036, 0.4625099, 0.3133024, 0
0.6355123, 0.4503826, 0.3596425, 0
0.4437463, 0.4043524, 0.373346, 0
0.6521384, 0.3990935, 0.4153073, 0
0.5650333, 0.3616908, 0.4418966, 0
0.4520043, 0.3038875, 0.4047407, 0
0.5346667, 0.4133654, 0.375632, 0
0.8733269, 0.3843579, 0.2534937, 0
0.431554, 0.4308346, 0.2720358, 0
0.3771282, 0.3787141, 0.3265365, 0
0.5078998, 0.4392529, 0.2485795, 0
0.6557534, 0.5095166, 0.265611, 0
0.5149374, 0.5116398, 0.3386905, 0
0.4921216, 0.5170934, 0.3811693, 0
0.7563437, 0.424237, 0.2380651, 0
0.4880266, 0.4103912, 0.4578297, 0
0.7772207, 0.387879, 0.3333354, 0
0.4825405, 0.3090708, 0.3316132, 0
0.8101408, 0.4658117, 0.3260525, 0
0.7517307, 0.5409811, 0.2553712, 0
0.3654131, 0.4867751, 0.360285, 0
0.7429373, 0.5042392, 0.2589209, 0
0.6372573, 0.4807211, 0.2467233, 0
0.8180768, 0.4261042, 0.3641493, 0
0.6160212, 0.3185495, 0.259732, 0
0.5799732, 0.4367181, 0.4039384, 0
0.4197711, 0.4971717, 0.3041659, 0
0.6346498, 0.3134367, 0.3700531, 0
0.6332577, 0.3153024, 0.3720913, 0
0.5771959, 0.4688531, 0.2190264, 0
0.7865351, 0.4249859, 0.2003264, 0
0.7682444, 0.3346426, 0.3366545, 0
0.7466547, 0.4490262, 0.3778751, 0
0.8845811, 0.4075846, 0.3471871, 0
0.4164774, 0.317989, 0.4091346, 0
0.4754924, 0.3165813, 0.2234114, 0
0.5813744, 0.3054171, 0.3454455, 0
0.7311589, 0.308047, 0.2420928, 0
0.7798446, 0.5352773, 0.3457334, 0
0.5111189, 0.3556501, 0.4196683, 0
0.5076697, 0.3760509, 0.1873588, 0
0.4547414, 0.3023705, 0.2467301, 0
0.756362, 0.5430402, 0.3967358, 0
0.4214743, 0.5218534, 0.3658295, 0
0.535706, 0.3206259, 0.3172919, 0
0.5980581, 0.4118854, 0.3003286, 0
0.5280239, 0.3755763, 0.2159283, 0
0.7571706, 0.5231772, 0.1927146, 0
0.5529796, 0.4868542, 0.2815449, 0
0.4030574, 0.523456, 0.3448839, 0
0.5617804, 0.3950987, 0.3335391, 0
0.5418466, 0.3153699, 0.2580924, 0
0.4435183, 0.3304571, 0.2345839, 0
0.6674268, 0.3585153, 0.1903072, 0
0.6178972, 0.3141765, 0.221156, 0
0.6968061, 0.3067211, 0.2321352, 0
0.7023296, 0.2999646, 0.3808303, 0
0.671334, 0.3658958, 0.1952355, 0
0.4097736, 0.4822289, 0.4234419, 0
0.4984415, 0.5193503, 0.3176598, 0
0.8697709, 0.4023458, 0.3050142, 0
0.7736582, 0.3801839, 0.2405027, 0
0.5555494, 0.531773, 0.3249447, 0
0.5790011, 0.3706388, 0.4438078, 0
0.630179, 0.2819067, 0.2747723, 0
0.5177922, 0.4958086, 0.2708996, 0
0.3743192, 0.3363075, 0.2539985, 0
0.6614781, 0.4142313, 0.2372777, 0
0.85118, 0.5378096, 0.2622581, 0
0.3785914, 0.3966102, 0.2667261, 0
0.7767367, 0.4546489, 0.2504771, 0
0.6557687, 0.2833093, 0.2983431, 0
0.5150424, 0.4099329, 0.4009223, 0
0.5357987, 0.4416154, 0.3813329, 0
0.4706721, 0.4902419, 0.3238708, 0
0.4162374, 0.2885722, 0.3310879, 0
0.6234544, 0.4475105, 0.3453754, 0
0.7483318, 0.302442, 0.2637983, 0
0.7013205, 0.2816134, 0.3366686, 0
0.7182473, 0.314374, 0.3580977, 0
0.5062067, 0.4695037, 0.4267782, 0
0.5319145, 0.3268984, 0.3757041, 0
0.3850594, 0.3545461, 0.2340475, 0
0.3991826, 0.4331895, 0.2054299, 0
0.6220086, 0.3808552, 0.4391776, 0
0.8273269, 0.4424743, 0.2685407, 0
0.4468427, 0.4484423, 0.3302706, 0
0.6617493, 0.491191, 0.2290829, 0
0.5248901, 0.3130339, 0.3585634, 0
0.5699225, 0.4100077, 0.4377473, 0
0.4060572, 0.3454834, 0.3092288, 0
0.4822907, 0.366915, 0.3183725, 0
0.7618457, 0.4826003, 0.3925832, 0
0.835398, 0.5246401, 0.274924, 0
0.7777415, 0.5160353, 0.3548009, 0
0.631968, 0.3970453, 0.3120764, 0
0.385265, 0.4899667, 0.3097695, 0
0.3983106, 0.4167199, 0.2840818, 0
0.4901032, 0.4329143, 0.2252955, 0
0.7765963, 0.4550677, 0.2440508, 0
0.5040199, 0.4759623, 0.2497548, 0
0.6680207, 0.396797, 0.3893245, 0
0.4125529, 0.3853737, 0.3851751, 0
0.559255, 0.3314427, 0.2486367, 0
0.8765228, 0.4514955, 0.320216, 0
0.5132473, 0.3909837, 0.4391751, 0
0.5240256, 0.3172455, 0.3102858, 0
0.8090898, 0.5550652, 0.2184993, 0
0.8810579, 0.39088, 0.3355091, 0
0.7423369, 0.4689863, 0.3686597, 0
0.3681599, 0.4703782, 0.2669148, 0
0.7546291, 0.4064844, 0.4032539, 0
0.7434933, 0.4814433, 0.3231803, 0
0.7822171, 0.4595303, 0.1655223, 0
0.8077357, 0.4897995, 0.3870286, 0
0.7193276, 0.3865062, 0.3500466, 0
0.6485224, 0.5099208, 0.2727455, 0
0.7820176, 0.3589865, 0.2241843, 0
0.3804647, 0.4177858, 0.4188063, 0
0.8179666, 0.5702613, 0.2501892, 0
0.772955, 0.3562564, 0.230303, 0
0.5606739, 0.3386112, 0.3930066, 0
0.7922722, 0.4387737, 0.2869997, 0
0.3831754, 0.29658, 0.3378329, 0
0.5370765, 0.4263468, 0.3865877, 0
0.4537112, 0.2929466, 0.3697288, 0
0.4759431, 0.3612831, 0.4344765, 0
0.7503123, 0.3296868, 0.3571384, 0
0.8710322, 0.4386675, 0.1900396, 0
0.5049926, 0.4787695, 0.2159744, 0
0.3971718, 0.4313827, 0.2248514, 0
0.4396393, 0.4379087, 0.3284253, 0
0.3612671, 0.4180424, 0.3397504, 0
0.5523316, 0.3917096, 0.3197643, 0
0.7831787, 0.4310684, 0.1702268, 0
0.4564684, 0.427774, 0.1971168, 0
0.6271034, 0.3053186, 0.325325, 0
0.8035972, 0.4057956, 0.3451206, 0
0.4282156, 0.3586368, 0.281811, 0
0.8423004, 0.485402, 0.1706604, 0
0.4705952, 0.3116397, 0.4167712, 0
0.7464588, 0.5698578, 0.2300371, 0
0.5317455, 0.4032018, 0.2499185, 0
0.4525926, 0.424631, 0.4551834, 0
0.4038944, 0.5050414, 0.3941789, 0
0.7809541, 0.4249953, 0.2759552, 0
0.4052858, 0.3278686, 0.3831049, 0
0.7846553, 0.5946966, 0.3669459, 0
0.6432399, 0.4154177, 0.3930729, 0
0.7071968, 0.4063122, 0.275383, 0
0.6033117, 0.3795899, 0.3936416, 0
0.4048175, 0.4989901, 0.2579891, 0
0.5986291, 0.3419111, 0.4233146, 0
0.6116528, 0.3036798, 0.326963, 0
0.8591245, 0.3803252, 0.3161597, 0
0.8299606, 0.4028189, 0.325685, 0
0.4954743, 0.3312843, 0.2754821, 0
0.3654011, 0.4146377, 0.3826238, 0
0.5406989, 0.4418692, 0.4299779, 0
0.646202, 0.4035592, 0.2229208, 0
0.73656, 0.3868042, 0.261629, 0
0.3644443, 0.4961471, 0.3131303, 0
0.3898447, 0.4566194, 0.2280954, 0
0.807638, 0.5075077, 0.2177848, 0
0.8562722, 0.3870848, 0.2810186, 0
0.8734574, 0.4862273, 0.2955078, 0
0.5271478, 0.4640345, 0.3026821, 0
0.4509939, 0.3551463, 0.3872516, 0
0.6749613, 0.3167862, 0.2978712, 0
0.4280973, 0.4731845, 0.3480963, 0
0.5840058, 0.3886246, 0.2696539, 0
0.8657467, 0.3584492, 0.3153251, 0
0.3705734, 0.4309494, 0.366439, 0
0.8360288, 0.459956, 0.2094986, 0
0.8443113, 0.5451612, 0.2283961, 0
0.6592563, 0.4196289, 0.3045906, 0
0.5502014, 0.3911735, 0.2709465, 0
0.7737858, 0.4092711, 0.3738526, 0
0.4257272, 0.3077079, 0.278203, 0
0.3864008, 0.5165784, 0.3341065, 0
0.575759, 0.4169109, 0.2211798, 0
0.7245395, 0.4187348, 0.2538652, 0
0.514748, 0.3337592, 0.3666893, 0
0.7668006, 0.4722155, 0.3333143, 0
0.5230156, 0.315401, 0.2781965, 0
0.3898153, 0.3864417, 0.3649872, 0
0.8350456, 0.5356182, 0.3614583, 0
0.3915454, 0.3424023, 0.3123504, 0
0.6084884, 0.2869544, 0.3056754, 0
0.7911381, 0.4628825, 0.2864211, 0
0.7981204, 0.374133, 0.3218766, 0
0.3981162, 0.427407, 0.2292467, 0
0.5958722, 0.439941, 0.2572157, 0
0.519783, 0.4520997, 0.2305446, 0
0.3863328, 0.4387279, 0.2355969, 0
0.8525325, 0.5344056, 0.2483013, 0
0.6878633, 0.3076319, 0.2731285, 0
0.5370614, 0.5156789, 0.346112, 0
0.4894063, 0.4441522, 0.2581349, 0
0.8450276, 0.3427684, 0.2523431, 0
0.6789954, 0.4816029, 0.2637975, 0
0.4910102, 0.4471532, 0.2651046, 0
0.3681017, 0.4933377, 0.3530041, 0
0.4837748, 0.3462311, 0.2279221, 0
0.5503656, 0.4000451, 0.3233735, 0
0.5477014, 0.4241551, 0.3839535, 0
0.380185, 0.4121029, 0.361002, 0
0.5829407, 0.3490994, 0.2068075, 0
0.6766088, 0.3734012, 0.290341, 0
0.7367438, 0.4889107, 0.2283484, 0
0.4105406, 0.4604609, 0.2823203, 0
0.7605867, 0.5873533, 0.2384631, 0
0.5787297, 0.4499971, 0.3767811, 0
0.4639029, 0.2975236, 0.3094715, 0
0.6350103, 0.4419669, 0.2780821, 0
0.8119346, 0.5034389, 0.3370218, 0
0.4569578, 0.4214759, 0.3550104, 0
0.52981, 0.517498, 0.3137031, 0
0.827172, 0.4868116, 0.3940434, 0
0.5751972, 0.3933194, 0.2179097, 0
0.4129842, 0.3893779, 0.3276273, 0
0.6279107, 0.4828593, 0.3356335, 0
0.5799235, 0.5210139, 0.3234904, 0
0.574142, 0.5276498, 0.3043607, 0
0.3784731, 0.4095782, 0.4158998, 0
0.8436061, 0.4308633, 0.3481052, 0
0.3955725, 0.5116419, 0.3628552, 0
0.5332413, 0.475143, 0.3924793, 0
0.6126083, 0.3606056, 0.2677465, 0
0.453466, 0.3483653, 0.4313362, 0
0.7603448, 0.5452442, 0.1788282, 0
0.4240048, 0.3972038, 0.3469376, 0
0.4235825, 0.2999479, 0.3748931, 0
0.8042461, 0.3139637, 0.3667651, 0
0.7604608, 0.4790857, 0.3020078, 0
0.8649631, 0.3789493, 0.2430244, 0
0.6987067, 0.4984572, 0.2804567, 0
0.6721076, 0.3785741, 0.2934349, 0
0.702807, 0.4932385, 0.2730344, 0
0.8300029, 0.5252851, 0.2252348, 0
0.8280434, 0.4330799, 0.2763294, 0
0.523009, 0.3448572, 0.3669906, 0
0.498336, 0.3600876, 0.3415705, 0
0.538897, 0.4552633, 0.2693411, 0
0.3981555, 0.2955019, 0.3442866, 0
0.5062793, 0.4719847, 0.3702413, 0
0.4069108, 0.3192138, 0.3947928, 0
0.8570147, 0.3744121, 0.2209346, 0
0.3644181, 0.4693884, 0.289897, 0
0.5321857, 0.3844551, 0.435313, 0
0.7504976, 0.3475898, 0.2008962, 0
0.5494553, 0.3254083, 0.3918518, 0
0.8191552, 0.3774041, 0.2800117, 0
0.3681499, 0.4594567, 0.3552418, 0
0.5479707, 0.3673283, 0.3629544, 0
0.4724345, 0.3448239, 0.2675065, 0
0.4690497, 0.4444061, 0.3576712, 0
0.7041398, 0.3840007, 0.3988968, 0
0.621075, 0.4886904, 0.2938684, 0
0.5862814, 0.4176083, 0.2614166, 0
0.7515383, 0.4503387, 0.1823985, 0
0.5353583, 0.3842144, 0.2057226, 0
0.8296961, 0.3599344, 0.3630237, 0
0.5847489, 0.4056469, 0.4382089, 0
0.5571533, 0.3188903, 0.377094, 0
0.8003429, 0.4132764, 0.1993851, 0
0.569819, 0.4191222, 0.361743, 0
0.807404, 0.5180776, 0.3095363, 0
0.8403285, 0.3336039, 0.2612447, 0
0.4746744, 0.3579511, 0.4405175, 0
0.5848742, 0.4442106, 0.2532539, 0
0.7165747, 0.3409312, 0.2882526, 0
0.5717541, 0.3136813, 0.3909373, 0
0.8553562, 0.4176126, 0.3317269, 0
0.8541197, 0.5078989, 0.1882485, 0
0.6350576, 0.4078516, 0.3635531, 0
0.5131684, 0.4444679, 0.387574, 0
0.8222692, 0.3419796, 0.2983948, 0
0.5851384, 0.40152, 0.3986475, 0
0.4721593, 0.54774, 0.3448036, 0
0.8252715, 0.5722593, 0.3579661, 0
0.704475, 0.4429282, 0.3497276, 0
0.7516704, 0.348688, 0.2471379, 0
0.4469709, 0.4979427, 0.4104429, 0
0.7340553, 0.3558849, 0.3656694, 0
0.5933182, 0.4230852, 0.405614, 0
0.6790691, 0.4444107, 0.2415418, 0
0.5243768, 0.3395678, 0.4115026, 0
0.67027, 0.3651523, 0.2431462, 0
0.8398277, 0.5662651, 0.2224632, 0
0.8031389, 0.5164306, 0.1783436, 0
0.784543, 0.4401269, 0.2728792, 0
0.3711838, 0.3146601, 0.2712656, 0
0.4812962, 0.3929606, 0.4533508, 0
0.7724675, 0.488197, 0.4106456, 0
0.6549947, 0.4742156, 0.2635005, 0
0.8466159, 0.3635558, 0.348122, 0
0.6240428, 0.4634344, 0.2328906, 0
0.4998902, 0.3471621, 0.379537, 0
0.6807376, 0.4159836, 0.3669075, 0
0.7198994, 0.2757133, 0.2847008, 0
0.6630974, 0.4794087, 0.3211636, 0
0.7796621, 0.4457226, 0.3820821, 0
0.4869643, 0.4474227, 0.4221433, 0
0.8174441, 0.5375525, 0.3391783, 0
0.7743355, 0.4467323, 0.3264704, 0
0.4498351, 0.307224, 0.3777454, 0
0.4448723, 0.4551625, 0.404808, 0
0.4807402, 0.3069864, 0.3630904, 0
0.3751929, 0.4062706, 0.2657766, 0
0.8444403, 0.52806, 0.3818338, 0
0.559791, 0.3588504, 0.4385546, 0
0.6149521, 0.393195, 0.2383291, 0
0.7614385, 0.4456385, 0.3910946, 0
0.8231508, 0.5631106, 0.3989114, 0
0.4246572, 0.4346504, 0.4063287, 0
0.4159808, 0.368263, 0.2377372, 0
0.419983, 0.3794678, 0.3823156, 0
0.6726163, 0.3160977, 0.2088048, 0
0.560219, 0.4127811, 0.3537026, 0
0.4072267, 0.4205554, 0.2345932, 0
0.6067319, 0.3940971, 0.206459, 0
0.5857635, 0.4926679, 0.2568299, 0
0.6766811, 0.3467119, 0.2376148, 0
0.3690886, 0.4263833, 0.4181214, 0
0.7559451, 0.3507327, 0.2907541, 0
0.5209495, 0.3177187, 0.3136011, 0
0.4481249, 0.4885176, 0.3397666, 0
0.6916585, 0.3875274, 0.2235184, 0
0.3793054, 0.3982876, 0.2682308, 0
0.6574238, 0.3565896, 0.3532808, 0
0.4304892, 0.4376466, 0.2861235, 0
0.6749785, 0.3362669, 0.3998145, 0
0.8806567, 0.3395864, 0.288392, 0
0.6605607, 0.319285, 0.3547948, 0
0.665961, 0.3848071, 0.3015758, 0
0.6619675, 0.4944529, 0.2933423, 0
0.8034176, 0.4789794, 0.3976725, 0
0.3833553, 0.3923735, 0.4208497, 0
0.7225559, 0.4806249, 0.2814533, 0
0.4970184, 0.3223846, 0.4042842, 0
0.5533899, 0.5084223, 0.2883064, 0
0.3843267, 0.329697, 0.2522306, 0
0.3925665, 0.3830229, 0.3698249, 0
0.4208862, 0.4282349, 0.3944962, 0
0.8551775, 0.3770587, 0.2901689, 0
0.387771, 0.4404579, 0.2601122, 0
0.5191697, 0.3813651, 0.396301, 0
0.5128893, 0.4115913, 0.4146932, 0
0.8667335, 0.3609769, 0.2196072, 0
0.412927, 0.3862381, 0.3278129, 0
0.3888573, 0.3161742, 0.3569232, 0
0.4141275, 0.507477, 0.2607122, 0
0.5877719, 0.3224459, 0.2420898, 0
0.6688628, 0.3089097, 0.3931809, 0
0.4947346, 0.446434, 0.2557962, 0
0.4042879, 0.4015877, 0.217418, 0
0.8181015, 0.5541914, 0.2571791, 0
0.4079336, 0.3048669, 0.2717033, 0
0.5656281, 0.4551943, 0.4151301, 0
0.8778733, 0.4614187, 0.2850583, 0
0.817017, 0.4142662, 0.3435902, 0
0.5013077, 0.5130538, 0.3816211, 0
0.757691, 0.5029094, 0.4004391, 0
0.5917992, 0.430814, 0.3082348, 0
0.3629663, 0.3503301, 0.3045881, 0
0.6508482, 0.3832848, 0.3120343, 0
0.8521193, 0.4677919, 0.3909999, 0
0.4353791, 0.423845, 0.4418974, 0
0.7307204, 0.4930095, 0.2935832, 0
0.6182004, 0.3416017, 0.234074, 0
0.5336037, 0.4179676, 0.3514258, 0
0.5383762, 0.4041286, 0.4201234, 0
0.5825999, 0.3366266, 0.2978332, 0
0.8789548, 0.3942758, 0.3202608, 0
0.8532684, 0.442129, 0.3115671, 0
0.4923405, 0.4995386, 0.3393286, 0
0.7179311, 0.286749, 0.2721823, 0
0.3906595, 0.3085722, 0.3510939, 0
0.5211565, 0.5001657, 0.2900234, 0
0.4372083, 0.4688889, 0.3898244, 0
0.3848031, 0.3962973, 0.4201449, 0
0.6018782, 0.4107035, 0.2347264, 0
0.5530936, 0.4127743, 0.3543266, 0
0.6398804, 0.2917677, 0.2901036, 0
0.444991, 0.401944, 0.4289789, 0
0.5806482, 0.4905221, 0.2397851, 0
0.4980313, 0.3383779, 0.2569093, 0
0.7839752, 0.4039686, 0.2379019, 0
0.6826817, 0.3813024, 0.2512031, 0
0.6678848, 0.5095207, 0.2925014, 0
0.4902149, 0.3647337, 0.3946866, 0
0.4627559, 0.2923018, 0.2970589, 0
0.7491924, 0.3197438, 0.2614956, 0
0.3633667, 0.3084971, 0.295702, 0
0.6253325, 0.4537586, 0.2459372, 0
0.7659379, 0.4623785, 0.2744604, 0
0.5189022, 0.3090963, 0.3230333, 0
0.8333421, 0.4955408, 0.4128307, 0
0.5988033, 0.4249842, 0.425061, 0
0.3955466, 0.5003811, 0.4053523, 0
0.7898499, 0.2909213, 0.3273337, 0
0.4021533, 0.4331607, 0.3313707, 0
0.843219, 0.323572, 0.3027064, 0
0.5537226, 0.3125163, 0.2602429, 0
0.8240396, 0.3638842, 0.2748311, 0
0.3648601, 0.487406, 0.2914094, 0
0.4461224, 0.3789734, 0.4215361, 0
0.4617028, 0.387751, 0.4320947, 0
0.3905328, 0.3358599, 0.2448082, 0
0.7486904, 0.5827559, 0.283507, 0
0.3928807, 0.3857359, 0.2545308, 0
0.5188351, 0.4280099, 0.2931689, 0
0.4084941, 0.4692239, 0.2330183, 0
0.3389095, 0.4219011, 0.2666698, 0
0.3664241, 0.4279292, 0.311998, 0
0.4412583, 0.2922195, 0.3584215, 0
0.7083701, 0.3201529, 0.250106, 0
0.5215047, 0.419775, 0.3133326, 0
0.7783462, 0.5066212, 0.1761421, 0
0.6559589, 0.3970284, 0.276711, 0
0.7261223, 0.5622154, 0.3729994, 0
0.8751994, 0.4233506, 0.2513746, 0
0.4442119, 0.2905631, 0.3340997, 0
0.589213, 0.2877209, 0.2582251, 0
0.4587283, 0.2857658, 0.2886622, 0
0.4759987, 0.3620677, 0.2945698, 0
0.4554672, 0.4189856, 0.2651899, 0
0.5165517, 0.3438655, 0.4437788, 0
0.453721, 0.4425556, 0.3493739, 0
0.432405, 0.3746731, 0.2188055, 0
0.8360357, 0.3557332, 0.2856129, 0
0.4069292, 0.3257473, 0.2504839, 0
0.7588475, 0.4212014, 0.3769502, 0
0.5763371, 0.4515857, 0.2881589, 0
0.7251765, 0.3541596, 0.2358644, 0
0.7837936, 0.4267301, 0.2436825, 0
0.6529854, 0.4174796, 0.2892433, 0
0.7784674, 0.4139881, 0.1981465, 0
0.4562154, 0.4718312, 0.2875574, 0
0.5205836, 0.3342599, 0.404775, 0
0.7616495, 0.4522855, 0.1735274, 0
0.4828898, 0.4417439, 0.4345399, 0
0.7984998, 0.4285754, 0.2734561, 0
0.3800441, 0.4956539, 0.3927825, 0
0.5481697, 0.5102538, 0.3531318, 0
0.4551328, 0.4098189, 0.2156321, 0
0.6434653, 0.3694288, 0.2593111, 0
0.5210782, 0.4782879, 0.3930448, 0
0.8272796, 0.492723, 0.1912141, 0
0.572948, 0.3044305, 0.2946215, 0
0.4586874, 0.2865988, 0.2868608, 0
0.7142361, 0.3530714, 0.3258786, 0
0.5782594, 0.4064828, 0.4237246, 0
0.3644542, 0.4916103, 0.2992356, 0
0.3642362, 0.3473407, 0.2765059, 0
0.3642591, 0.4449592, 0.2876503, 0
0.8611165, 0.4456901, 0.2328942, 0
0.7447261, 0.5100692, 0.2603627, 0
0.771597, 0.5354756, 0.1976131, 0
0.6653301, 0.44076, 0.2608567, 0
0.4877926, 0.5061617, 0.3865112, 0
0.8891328, 0.3746398, 0.2518592, 0
0.839362, 0.5518165, 0.1762842, 0
0.4504007, 0.3681687, 0.2979349, 0
0.5232677, 0.4519456, 0.3942147, 0
0.4790056, 0.3530629, 0.2400596, 0
0.5825671, 0.3798715, 0.3766412, 0
0.4072886, 0.3408236, 0.2406693, 0
0.7819433, 0.3305285, 0.3482763, 0
0.5290413, 0.3204933, 0.3462653, 0
0.7687321, 0.5169046, 0.3812822, 0
0.6145783, 0.4535032, 0.2959333, 0
0.5281893, 0.3469058, 0.4462856, 0
0.5042159, 0.5451307, 0.3098635, 0
0.7775674, 0.4086596, 0.3490953, 0
0.5033844, 0.3436098, 0.214489, 0
0.6216701, 0.4363329, 0.2135482, 0
0.6662957, 0.4683897, 0.2659663, 0
0.5728704, 0.4706184, 0.3790392, 0
0.7967343, 0.3533414, 0.2329516, 0
0.8661643, 0.5255537, 0.3315428, 0
0.6909371, 0.5070977, 0.2843593, 0
0.8147302, 0.5116412, 0.3724486, 0
0.3648252, 0.4850431, 0.3295663, 0
0.7293515, 0.4407822, 0.2880225, 0
0.5328244, 0.316685, 0.3650435, 0
0.5517106, 0.3330493, 0.2519589, 0
0.6111306, 0.3665582, 0.2290807, 0
0.7386466, 0.3405862, 0.3586013, 0
0.5269488, 0.3032591, 0.2341242, 0
0.7335023, 0.4172083, 0.2859597, 0
0.3839431, 0.3735516, 0.2964381, 0
0.8740548, 0.4767911, 0.1872567, 0
0.7952815, 0.3349329, 0.3660416, 0
0.8415162, 0.3904961, 0.2160942, 0
0.8134542, 0.3097946, 0.3595507, 0
0.4309266, 0.4137114, 0.365182, 0
0.4032518, 0.4438982, 0.3706803, 0
0.8343343, 0.4354425, 0.1719303, 0
0.7721028, 0.439316, 0.3310092, 0
0.5801165, 0.3895483, 0.2869144, 0
0.4049852, 0.319596, 0.2562423, 0
0.8422226, 0.4364578, 0.2829487, 0
0.6087354, 0.4183117, 0.3133737, 0
0.5141593, 0.3250681, 0.2677851, 0
0.3958896, 0.4916925, 0.3956107, 0
0.3665201, 0.489866, 0.3477778, 0
0.6150486, 0.3991863, 0.2860197, 0
0.4355527, 0.4308701, 0.3036327, 0
0.816604, 0.5368561, 0.2821715, 0
0.6358774, 0.3239492, 0.3489752, 0
0.8582757, 0.5043189, 0.3090908, 0
0.8172532, 0.4131748, 0.3506246, 0
0.441264, 0.4683095, 0.2720743, 0
0.6915312, 0.5059587, 0.2834749, 0
0.8020599, 0.5378516, 0.3191017, 0
0.3904454, 0.444356, 0.2286778, 0
0.5972881, 0.5102404, 0.2943764, 0
0.4012822, 0.3894766, 0.3781115, 0
0.4610681, 0.3145096, 0.231167, 0
0.8211474, 0.5539722, 0.2944809, 0
0.5131595, 0.4381192, 0.2312095, 0
0.6650323, 0.4441575, 0.3107881, 0
0.6673627, 0.2742665, 0.3719008, 0
0.6968573, 0.4416611, 0.305466, 0
0.3776705, 0.4993443, 0.3102327, 0
0.7667796, 0.4749964, 0.3589102, 0
0.6691731, 0.5069563, 0.2918484, 0
0.8115572, 0.5400704, 0.3341461, 0
0.5540396, 0.4722888, 0.256026, 0
0.4594618, 0.457551, 0.3080399, 0
0.785407, 0.4449871, 0.3176686, 0
0.4131904, 0.487233, 0.4063, 0
0.500599, 0.3155072, 0.3012517, 0
0.5257851, 0.4036739, 0.2359968, 0
0.3658675, 0.3132724, 0.2993476, 0
0.5892114, 0.4126508, 0.2608249, 0
0.639899, 0.5162953, 0.2581904, 0
0.6049319, 0.4995894, 0.2725791, 0
0.543709, 0.3743679, 0.3604038, 0
0.8384394, 0.4531256, 0.2370843, 0
0.830819, 0.3732485, 0.3416872, 0
0.8348439, 0.4328058, 0.2056478, 0
0.8386303, 0.3405028, 0.2336714, 0
0.7767044, 0.5853105, 0.2865727, 0
0.8146377, 0.4825743, 0.1652812, 0
0.4465359, 0.4559019, 0.22043, 0
0.5312742, 0.3092594, 0.2464484, 0
0.7914877, 0.516296, 0.2313988, 0
0.3655855, 0.3133599, 0.3010406, 0
0.752895, 0.3810556, 0.1998951, 0
0.4379853, 0.295292, 0.2634319, 0
0.4303881, 0.5389073, 0.3329285, 0
0.8667334, 0.4402629, 0.2875738, 0
0.7665196, 0.4521556, 0.1991516, 0
0.6263985, 0.4333696, 0.2499965, 0
0.8284127, 0.4290451, 0.3364542, 0
0.352732, 0.3950242, 0.2461762, 0
0.8675432, 0.4784451, 0.1905386, 0
0.8170412, 0.3321038, 0.281772, 0
0.4090018, 0.5209979, 0.3871553, 0
0.7606366, 0.5402473, 0.3793317, 0
0.5904973, 0.4188795, 0.2389931, 0
0.7648158, 0.3443332, 0.1992787, 0
0.823331, 0.3569025, 0.2782825, 0
0.3454331, 0.3688718, 0.2727008, 0
0.4850424, 0.3327531, 0.3503729, 0
0.8015729, 0.567598, 0.2280811, 0
0.4722996, 0.4449724, 0.3307441, 0
0.7994658, 0.4868748, 0.3344003, 0
0.7813311, 0.4909301, 0.3089777, 0
0.8418337, 0.5686041, 0.2469947, 0
0.4974257, 0.3439968, 0.3531414, 0
0.7867887, 0.3776776, 0.2938643, 0
0.7805111, 0.2855364, 0.3560484, 0
0.4400878, 0.4007339, 0.2164012, 0
0.6142246, 0.3905479, 0.2169682, 0
0.5807671, 0.4321574, 0.3881626, 0
0.7729551, 0.414728, 0.1708206, 0
0.7819273, 0.5495313, 0.2695233, 0
0.4481351, 0.4334801, 0.4551052, 0
0.3902521, 0.4901392, 0.385824, 0
0.7420369, 0.500568, 0.2524262, 0
0.7772928, 0.3490592, 0.3083722, 0
0.4642583, 0.3836447, 0.2805907, 0
0.4608032, 0.3749405, 0.4155321, 0
0.622577, 0.3454966, 0.3378563, 0
0.7691914, 0.4165625, 0.1736061, 0
0.8097133, 0.5899695, 0.4033241, 0
0.3930985, 0.4981098, 0.4052279, 0
0.4604583, 0.2974817, 0.2594212, 0
0.3484775, 0.4340458, 0.2781723, 0
0.8344887, 0.332414, 0.2895657, 0
0.4887098, 0.3135876, 0.33541, 0
0.4797631, 0.3492057, 0.2825458, 0
0.7628729, 0.4032481, 0.3700089, 0
0.8161333, 0.3607685, 0.3269759, 0
0.4660336, 0.4001843, 0.362137, 0
0.5040936, 0.5195096, 0.3179758, 0
0.8271614, 0.443164, 0.2503832, 0
0.7309117, 0.3572848, 0.3444745, 0
0.7492706, 0.3833692, 0.3661628, 0
0.7066252, 0.4690745, 0.2467033, 0
0.4711632, 0.5041311, 0.369969, 0
0.3851039, 0.3483924, 0.2465267, 0
0.7866523, 0.3811969, 0.3289779, 0
0.5969318, 0.3925937, 0.2284005, 0
0.3972318, 0.3104512, 0.2644058, 0
0.7612995, 0.5505397, 0.337625, 0
0.7418573, 0.5459817, 0.3593393, 0
0.6093624, 0.3147382, 0.3517779, 0
0.7974057, 0.5133335, 0.2937503, 0
0.4010791, 0.3870549, 0.2188268, 0
0.7846459, 0.4777753, 0.1717914, 0
0.4473964, 0.5098339, 0.3710436, 0
0.5633476, 0.3104779, 0.3102775, 0
0.3927968, 0.2955038, 0.338023, 0
0.7483868, 0.4983057, 0.1910848, 0
0.7949687, 0.4568314, 0.3169084, 0
0.8435692, 0.4594333, 0.2659602, 0
0.6908939, 0.3913372, 0.3410933, 0
0.465415, 0.3033091, 0.40655, 0
0.4851843, 0.3062069, 0.3897824, 0
0.8166452, 0.4225894, 0.2751743, 0
0.6869186, 0.323799, 0.4112347, 0
0.8299407, 0.3829164, 0.3248511, 0
0.6113687, 0.3656431, 0.2378226, 0
0.6921583, 0.4634417, 0.313526, 0
0.8059921, 0.6042864, 0.2974354, 0
0.7431284, 0.2874821, 0.3237384, 0
0.542245, 0.3837656, 0.2542481, 0
0.4633172, 0.5196497, 0.2687385, 0
0.8422033, 0.5700451, 0.3535661, 0
0.6963047, 0.4410648, 0.2250067, 0
0.4047627, 0.3836475, 0.2450741, 0
0.7202405, 0.3339492, 0.2056227, 0
0.392331, 0.4694035, 0.417161, 0
0.6613883, 0.3253945, 0.4263197, 0
0.7637872, 0.4172324, 0.2244963, 0
0.7817953, 0.5166281, 0.3626874, 0
0.5094306, 0.3722279, 0.4277048, 0
0.8024232, 0.2994748, 0.2637382, 0
0.6800864, 0.4255689, 0.3717874, 0
0.7492402, 0.4678912, 0.2030944, 0
0.5458986, 0.4179477, 0.4191306, 0
0.6067007, 0.370748, 0.4369385, 0
0.5444999, 0.3177609, 0.2867036, 0
0.6940886, 0.4277644, 0.3600787, 0
0.7389784, 0.4764676, 0.3281367, 0
0.859102, 0.4076211, 0.3090593, 0
0.5743277, 0.4208093, 0.3043065, 0
0.7323047, 0.3126842, 0.2363983, 0
0.6031674, 0.3781092, 0.2126691, 0
0.4420461, 0.3099217, 0.4154585, 0
0.7791332, 0.3000359, 0.3036389, 0
0.8183094, 0.4184329, 0.3079697, 0
0.6066518, 0.5075898, 0.372628, 0
0.7678219, 0.5501087, 0.35763, 0
0.6940268, 0.2795516, 0.3460996, 0
0.7636182, 0.4966423, 0.3878552, 0
0.7290818, 0.4398306, 0.3649666, 0
0.4108983, 0.3101009, 0.3939222, 0
0.4527916, 0.3720213, 0.1840459, 0
0.4992756, 0.3531027, 0.2239686, 0
0.6969045, 0.315882, 0.3978778, 0
0.4021572, 0.3516855, 0.3795438, 0
0.75339, 0.5220514, 0.3337701, 0
0.4161992, 0.3758796, 0.2423972, 0
0.699435, 0.4050023, 0.2290061, 0
0.7985855, 0.4898731, 0.1976239, 0
0.7933183, 0.5168536, 0.2292576, 0
0.4794313, 0.4352117, 0.4397369, 0
0.3751706, 0.3656393, 0.3778991, 0
0.7619992, 0.569452, 0.3071592, 0
0.8596395, 0.4242688, 0.3269728, 0
0.8421085, 0.5669774, 0.2998599, 0
0.7387791, 0.5468622, 0.3673226, 0
0.8312331, 0.5195194, 0.3241817, 0
0.4380393, 0.5054191, 0.4068204, 0
0.5586504, 0.4382718, 0.2398711, 0
0.4083829, 0.3026467, 0.2818888, 0
0.7303595, 0.4022564, 0.2059831, 0
0.4362836, 0.463605, 0.4255954, 0
0.4413167, 0.2987047, 0.3495819, 0
0.7349043, 0.3630168, 0.2545432, 0
0.8057047, 0.448844, 0.1604847, 0
0.4705634, 0.3990283, 0.4450522, 0
0.8477173, 0.4204835, 0.3282394, 0
0.5358097, 0.3205762, 0.3225335, 0
0.7479312, 0.5515481, 0.2305238, 0
0.6661165, 0.4522735, 0.3443737, 0
0.6016523, 0.4220516, 0.2860587, 0
0.456679, 0.3815069, 0.2174657, 0
0.5188829, 0.3033688, 0.3449519, 0
0.6692164, 0.401651, 0.3266299, 0
0.5990804, 0.3632968, 0.274431, 0
0.8298099, 0.38698, 0.3249125, 0
0.7948608, 0.3216174, 0.3057825, 0
0.6136045, 0.4576704, 0.3907557, 0
0.7458965, 0.5883531, 0.2936403, 0
0.7178381, 0.3435143, 0.2074305, 0
0.7543601, 0.384988, 0.3573866, 0
0.6127925, 0.3342111, 0.3978276, 0
0.5241172, 0.362895, 0.3651947, 0
0.5937116, 0.4109286, 0.2524249, 0
0.8050859, 0.408734, 0.2642688, 0
0.531378, 0.3176447, 0.3741486, 0
0.6234429, 0.3204964, 0.2505402, 0
0.6246184, 0.2771232, 0.3150265, 0
0.8392575, 0.5330563, 0.3146665, 0
0.7411883, 0.4737131, 0.2562084, 0
0.4886164, 0.338211, 0.434735, 0
0.6157834, 0.2683429, 0.2978579, 0
0.4702964, 0.3049567, 0.3386729, 0
0.8314571, 0.5546147, 0.3207525, 0
0.4862331, 0.4266659, 0.2789684, 0
0.4275234, 0.4695122, 0.3902475, 0
0.4540473, 0.4237984, 0.4549053, 0
0.6541837, 0.4829695, 0.303961, 0
0.7129583, 0.4138856, 0.3670097, 0
0.3743408, 0.4400538, 0.2654023, 0
0.4522178, 0.2997592, 0.270629, 0
0.4487461, 0.3304997, 0.2050028, 0
0.4541543, 0.4264162, 0.4259686, 0
0.5505858, 0.3898422, 0.3943323, 0
0.706637, 0.3970151, 0.3555976, 0
0.7454596, 0.5938296, 0.3247499, 0
0.8237025, 0.5179749, 0.3212794, 0
0.8635001, 0.375912, 0.2434576, 0
0.7728609, 0.4906251, 0.3272411, 0
0.5067797, 0.3081917, 0.2657885, 0
0.5536605, 0.3554578, 0.2517276, 0
0.844147, 0.5350732, 0.3959221, 0
0.6448641, 0.3036847, 0.3839679, 0
0.4060411, 0.391589, 0.3053983, 0
0.7175227, 0.4305903, 0.3554143, 0
0.4070864, 0.5053008, 0.4004988, 0
0.8320862, 0.350842, 0.3270214, 0
0.3599837, 0.3665746, 0.2414484, 0
0.6669149, 0.3198292, 0.2828104, 0
0.5879502, 0.3694701, 0.4178564, 0
0.5018733, 0.3300272, 0.4128991, 0
0.5319774, 0.4350732, 0.3041102, 0
0.6719875, 0.3294592, 0.2055785, 0
0.5513099, 0.3092227, 0.2607391, 0
0.8317567, 0.5637291, 0.2987227, 0
0.6278431, 0.4141558, 0.383065, 0
0.7436859, 0.2923767, 0.3553692, 0
0.5773628, 0.4247663, 0.4244638, 0
0.4436673, 0.2925267, 0.3604622, 0
0.4810129, 0.4565058, 0.28522, 0
0.8493399, 0.5468236, 0.2765136, 0
0.4609618, 0.2970189, 0.3589336, 0
0.5373532, 0.3930605, 0.262564, 0
0.692414, 0.4661619, 0.2988788, 0
0.4886898, 0.3442936, 0.2413918, 0
0.393886, 0.4631657, 0.2290211, 0
0.7990027, 0.5083057, 0.2202975, 0
0.5740255, 0.4085783, 0.2665291, 0
0.6151059, 0.4636169, 0.3741567, 0
0.8343148, 0.4901016, 0.3616821, 0
0.5558023, 0.3675386, 0.383385, 0
0.5404958, 0.3372355, 0.2096232, 0
0.8339962, 0.4708074, 0.3315194, 0
0.5658375, 0.3146632, 0.2561629, 0
0.7464541, 0.3196605, 0.2918871, 0
0.3972558, 0.4224455, 0.2712144, 0
0.3649665, 0.3937126, 0.2248547, 0
0.8039029, 0.3694718, 0.2894873, 0
0.4622445, 0.4581344, 0.4340845, 0
0.6436944, 0.3019219, 0.4139449, 0
0.5724904, 0.438835, 0.2975991, 0
0.7768967, 0.5035307, 0.3661956, 0
0.6146732, 0.3602532, 0.3119856, 0
0.7158964, 0.3573673, 0.2960235, 0
0.5664126, 0.3259676, 0.3319473, 0
0.433248, 0.3938335, 0.3610861, 0
0.4399953, 0.4626867, 0.2426546, 0
0.5942066, 0.4522865, 0.2668293, 0
0.5812144, 0.3916923, 0.2627099, 0
0.3582529, 0.3543529, 0.2769724, 0
0.8462352, 0.5549293, 0.3565944, 0
0.6460872, 0.4152091, 0.3641789, 0
0.4423511, 0.3905678, 0.3285651, 0
0.6255693, 0.406699, 0.2641447, 0
0.8142871, 0.458165, 0.2634944, 0
0.5090978, 0.5255615, 0.3321748, 0
0.8190951, 0.5367395, 0.3672348, 0
0.6565595, 0.2976295, 0.2631667, 0
0.5982887, 0.4046736, 0.2879131, 0
0.6511058, 0.3804487, 0.4003152, 0
0.804059, 0.315177, 0.3355322, 0
0.4811386, 0.3097195, 0.4018216, 0
0.5181338, 0.311022, 0.2181467, 0
0.4145762, 0.4079395, 0.2187163, 0
0.4788382, 0.3881653, 0.3471329, 0
0.4401034, 0.3717672, 0.2664377, 0
0.6541134, 0.2811016, 0.2641656, 0
0.7875803, 0.5042057, 0.1668852, 0
0.4291816, 0.300457, 0.263557, 0
0.3669989, 0.4264677, 0.3025291, 0
0.8147013, 0.4585259, 0.3116891, 0
0.7359028, 0.5408449, 0.3194117, 0
0.4322733, 0.3825751, 0.4179919, 0
0.8046467, 0.5011697, 0.2351693, 0
0.4965202, 0.3749254, 0.2549183, 0
0.4873687, 0.5053267, 0.346479, 0
0.6041136, 0.2802459, 0.315603, 0
0.5853323, 0.303771, 0.3718726, 0
0.7661351, 0.5277966, 0.3740907, 0
0.7373497, 0.4392627, 0.3911871, 0
0.3288061, 0.42146, 0.2733938, 0
0.8133099, 0.5203968, 0.392029, 0
0.8422779, 0.4909955, 0.184301, 0
0.5980231, 0.4152752, 0.3512267, 0
0.792603, 0.5976275, 0.3088914, 0
0.7880625, 0.437348, 0.2462903, 0
0.5705486, 0.5017757, 0.2847116, 0
0.68278, 0.3427808, 0.3573034, 0
0.593188, 0.4892723, 0.240999, 0
0.4432991, 0.4809722, 0.2876295, 0
0.4342922, 0.3968661, 0.199969, 0
0.5491492, 0.3643744, 0.3875271, 0
0.5910026, 0.4953785, 0.3493268, 0
0.3408391, 0.402178, 0.2653028, 0
0.8020552, 0.4576934, 0.3059512, 0
0.4164694, 0.4470488, 0.4254314, 0
0.8533463, 0.3355697, 0.3107692, 0
0.6510785, 0.3246361, 0.3794092, 0
0.8841419, 0.4456246, 0.2552286, 0
0.6771562, 0.4648655, 0.2705191, 0
0.5068307, 0.3772218, 0.3902678, 0
0.5662693, 0.4748714, 0.3313412, 0
0.3355502, 0.4334654, 0.3006462, 0
0.5082549, 0.313224, 0.2717973, 0
0.5999618, 0.3980162, 0.2322889, 0
0.8006189, 0.5035215, 0.3617629, 0
0.3714878, 0.3423728, 0.252002, 0
0.7455646, 0.3427237, 0.2679318, 0
0.4731122, 0.4279758, 0.4311896, 0
0.3895417, 0.3103745, 0.3349438, 0
0.5836442, 0.3585928, 0.372351, 0
0.3878824, 0.3033419, 0.300066, 0
0.6604941, 0.2930284, 0.2393494, 0
0.4922574, 0.3254736, 0.4157037, 0
0.4819587, 0.4663518, 0.240413, 0
0.5179049, 0.3430195, 0.3085471, 0
0.7932927, 0.3969605, 0.1986174, 0
0.3702955, 0.3415201, 0.2536603, 0
0.4119243, 0.5248578, 0.3235618, 0
0.760258, 0.5837765, 0.3282677, 0
0.772277, 0.43792, 0.2312481, 0
0.3765659, 0.3337128, 0.3408109, 0
0.6165668, 0.3932431, 0.2087342, 0
0.7595744, 0.4705498, 0.1876051, 0
0.3823983, 0.4520069, 0.428647, 0
0.5551683, 0.4365449, 0.309874, 0
0.4426078, 0.435538, 0.4442768, 0
0.802336, 0.4878205, 0.2269781, 0
0.7464219, 0.5383849, 0.2510695, 0
0.7234948, 0.4802122, 0.2340414, 0
0.5676758, 0.454117, 0.2740601, 0
0.4950712, 0.2921436, 0.3202345, 0
0.4008203, 0.4485805, 0.2540376, 0
0.5817191, 0.370523, 0.2214869, 0
0.7772837, 0.2960112, 0.2638027, 0
0.3655666, 0.4893521, 0.3272408, 0
0.7660722, 0.381062, 0.2515706, 0
0.85831, 0.3538384, 0.3022052, 0
0.4253191, 0.4438289, 0.3077362, 0
0.8018866, 0.468431, 0.1944384, 0
0.6573469, 0.320361, 0.2863478, 0
0.4346243, 0.2951852, 0.3681457, 0
0.4466416, 0.2912711, 0.3263434, 0
0.8143407, 0.3756038, 0.3578165, 0
0.697128, 0.3198215, 0.3862068, 0
0.4479125, 0.4488113, 0.2206814, 0
0.8770317, 0.4307803, 0.3400658, 0
0.4441931, 0.2908586, 0.3563758, 0
0.3569419, 0.4625243, 0.3559862, 0
0.6690077, 0.5027289, 0.2576947, 0
0.7729306, 0.290405, 0.2773304, 0
0.8033708, 0.5605446, 0.2500988, 0
0.7428539, 0.4213901, 0.2434496, 0
0.6083438, 0.4459645, 0.2138244, 0
0.8868877, 0.3880812, 0.26829, 0
0.3908949, 0.5156027, 0.3753344, 0
0.506375, 0.4728476, 0.2113701, 0
0.8342195, 0.4354011, 0.2323113, 0
0.4586694, 0.3489113, 0.4339573, 0
0.6611179, 0.399399, 0.2104337, 0
0.4760081, 0.4281218, 0.2383492, 0
0.5455738, 0.4880306, 0.3426563, 0
0.8410297, 0.3186059, 0.323275, 0
0.7259237, 0.323507, 0.4137225, 0
0.7397495, 0.5492752, 0.2898832, 0
0.4262366, 0.3040564, 0.3825592, 0
0.466101, 0.4259471, 0.307193, 0
0.5940577, 0.481328, 0.2450145, 0
0.531465, 0.3508265, 0.3132585, 0
0.6011249, 0.379057, 0.3432996, 0
0.3855668, 0.4392891, 0.4266652, 0
0.7362427, 0.4011866, 0.2942929, 0
0.3686525, 0.4329075, 0.3530574, 0
0.7984483, 0.5523188, 0.3266465, 0
0.5572326, 0.3232452, 0.3929344, 0
0.7513207, 0.4925351, 0.1779243, 0
0.4098526, 0.293978, 0.3554803, 0
0.3693049, 0.3181428, 0.2685722, 0
0.7456699, 0.498592, 0.2171024, 0
0.4141732, 0.4735952, 0.2838769, 0
0.3705107, 0.4976031, 0.3664097, 0
0.4175152, 0.3363564, 0.3708964, 0
0.3922303, 0.5050256, 0.3976993, 0
0.4015783, 0.5209715, 0.3233696, 0
0.8400331, 0.4290834, 0.3725851, 0
0.800421, 0.5536784, 0.3245758, 0
0.7403881, 0.4589466, 0.3604509, 0
0.439995, 0.5116912, 0.3965844, 0
0.404194, 0.3162905, 0.2593129, 0
0.80487, 0.5603678, 0.3834166, 0
0.6103706, 0.43947, 0.212816, 0
0.8428109, 0.4868318, 0.2328156, 0
0.5364175, 0.4779028, 0.3189411, 0
0.6018293, 0.3375577, 0.244471, 0
0.7605864, 0.3446561, 0.3205145, 0
0.8860433, 0.3678317, 0.3389897, 0
0.8045707, 0.4120696, 0.3979772, 0
0.7349917, 0.3189779, 0.3430535, 0
0.6732274, 0.5106214, 0.2956119, 0
0.5020624, 0.3801183, 0.4153906, 0
0.4245092, 0.3286621, 0.2650083, 0
0.8398101, 0.502769, 0.2621518, 0
0.3987187, 0.2969337, 0.3043352, 0
0.4447795, 0.2865357, 0.2900216, 0
0.8047309, 0.5648852, 0.2129324, 0
0.4656212, 0.5217151, 0.2755379, 0
0.8854342, 0.4117379, 0.2488666, 0
0.4548855, 0.3111324, 0.2467403, 0
0.6376229, 0.2998954, 0.4136008, 0
0.3569674, 0.4629385, 0.3067592, 0
0.3892217, 0.3134553, 0.3762832, 0
0.4633599, 0.4327777, 0.3414643, 0
0.4397957, 0.329869, 0.425657, 0
0.4373121, 0.4177198, 0.447505, 0
0.4323438, 0.5080199, 0.3585085, 0
0.5191529, 0.3421397, 0.3976219, 0
0.7898563, 0.453055, 0.2576131, 0
0.7156227, 0.2939787, 0.3494754, 0
0.8081756, 0.5880158, 0.3792215, 0
0.8189539, 0.3720976, 0.2307461, 0
0.6113598, 0.3008814, 0.2949232, 0
0.7465265, 0.5486182, 0.2421349, 0
0.4489556, 0.4445536, 0.216898, 0
0.3985009, 0.3665953, 0.4093471, 0
0.440657, 0.4081107, 0.4293865, 0
0.4904837, 0.3209522, 0.2464317, 0
0.6202831, 0.3427714, 0.3451796, 0
0.8438781, 0.5140899, 0.3480833, 0
0.8050459, 0.5370562, 0.360651, 0
0.5119226, 0.4934046, 0.3362492, 0
0.851242, 0.4617102, 0.1670237, 0
0.7763475, 0.370611, 0.185703, 0
0.3692553, 0.4499206, 0.3633355, 0
0.6376712, 0.3024741, 0.2235956, 0
0.5587969, 0.5097452, 0.3515236, 0
0.547644, 0.3305661, 0.2564403, 0
0.8157835, 0.3444574, 0.3213708, 0
0.5204134, 0.3777033, 0.2624024, 0
0.6533235, 0.4914198, 0.3057898, 0
0.6539268, 0.4215126, 0.3236371, 0
0.4579272, 0.3196293, 0.3363838, 0
0.6130528, 0.4457124, 0.2377703, 0
0.6553468, 0.3223675, 0.3006976, 0
0.7462402, 0.5265386, 0.2592743, 0
0.5962418, 0.3797997, 0.3488022, 0
0.5997376, 0.4929384, 0.3558005, 0
0.7008724, 0.3995588, 0.3675888, 0
0.4587648, 0.3407028, 0.2348595, 0
0.7038054, 0.3176563, 0.3565757, 0
0.5188688, 0.4382554, 0.2871763, 0
0.3606573, 0.4155976, 0.2498149, 0
0.6400723, 0.3377887, 0.2754329, 0
0.8253778, 0.5270333, 0.235686, 0
0.7635847, 0.3210812, 0.3442806, 0
0.7471581, 0.3537513, 0.2645907, 0
0.7401586, 0.5507756, 0.2827778, 0
0.4640717, 0.4174488, 0.4539809, 0
0.7528023, 0.5048973, 0.3689578, 0
0.6046592, 0.4248281, 0.2408369, 0
0.8343371, 0.4974092, 0.211861, 0
0.6315576, 0.4869754, 0.2832108, 0
0.8233704, 0.4092041, 0.3768333, 0
0.6497532, 0.3499804, 0.2317131, 0
0.8467255, 0.367423, 0.2192792, 0
0.8003703, 0.4830855, 0.2053055, 0
0.6960384, 0.4362824, 0.3247751, 0
0.5462302, 0.3803848, 0.2145565, 0
0.5888503, 0.2810431, 0.2873597, 0
0.8238479, 0.354955, 0.3383232, 0
0.6392575, 0.461267, 0.2181398, 0
0.3856828, 0.4622282, 0.3855727, 0
0.808363, 0.5559547, 0.4183273, 0
0.587981, 0.3968614, 0.2004164, 0
0.5735089, 0.4188136, 0.3571866, 0
0.6401537, 0.4155289, 0.3664704, 0
0.5922366, 0.2936156, 0.2281929, 0
0.8170993, 0.4680486, 0.3318646, 0
0.8350353, 0.507467, 0.2971947, 0
0.400011, 0.5007232, 0.2765002, 0
0.8010659, 0.4211516, 0.3696017, 0
0.8508966, 0.5028068, 0.357981, 0
0.4155889, 0.4491633, 0.4256434, 0
0.7951518, 0.4363838, 0.3711039, 0
0.7893153, 0.433722, 0.1947227, 0
0.4558181, 0.3720879, 0.3888516, 0
0.5861206, 0.3817268, 0.4114334, 0
0.8550078, 0.3365397, 0.3162321, 0
0.3853687, 0.4724188, 0.2414372, 0
0.858053, 0.4704312, 0.2629653, 0
0.5565099, 0.4117264, 0.2355858, 0
0.6856077, 0.4440536, 0.3501571, 0
0.7413636, 0.3001657, 0.3691378, 0
0.3638763, 0.4760152, 0.3481475, 0
0.6832343, 0.5196889, 0.2945658, 0
0.3620754, 0.4348206, 0.3201073, 0
0.6737494, 0.3679881, 0.230202, 0
0.8510435, 0.4596825, 0.3008186, 0
0.8757056, 0.4937664, 0.2794734, 0
0.7671697, 0.5386646, 0.3151089, 0
0.6298281, 0.4691244, 0.3564112, 0
0.4471993, 0.3187197, 0.2428034, 0
0.6027609, 0.3494793, 0.260002, 0
0.3661533, 0.4666701, 0.2667287, 0
0.760544, 0.5228812, 0.3704553, 0
0.8325352, 0.3691592, 0.2482268, 0
0.3714495, 0.4932547, 0.3182319, 0
0.8034139, 0.5598017, 0.4017487, 0
0.4866067, 0.4673448, 0.3135676, 0
0.8041205, 0.3232023, 0.3700258, 0
0.8734539, 0.4270065, 0.1939148, 0
0.3966716, 0.320635, 0.3633876, 0
0.4701806, 0.5339035, 0.3026436, 0
0.5011893, 0.3426384, 0.2892569, 0
0.8015168, 0.5181679, 0.2425602, 0
0.7666841, 0.3961618, 0.4053584, 0
0.8158768, 0.5626032, 0.311487, 0
0.7577286, 0.3599433, 0.2454299, 0
0.4399306, 0.2885861, 0.350776, 0
0.4353448, 0.5138731, 0.2600822, 0
0.4115951, 0.4038625, 0.2439888, 0
0.6655123, 0.4257887, 0.366411, 0
0.5455762, 0.365836, 0.3428773, 0
0.7459738, 0.5258321, 0.2608781, 0
0.5326216, 0.3710579, 0.2025654, 0
0.4682877, 0.459351, 0.2487576, 0
0.3629844, 0.4623497, 0.2698845, 0
0.4033025, 0.2908103, 0.3296153, 0
0.7689736, 0.3809606, 0.3097203, 0
0.6296609, 0.3799213, 0.2617464, 0
0.5487978, 0.3085091, 0.2717929, 0
0.5045225, 0.4555406, 0.3046691, 0
0.7166242, 0.301208, 0.2753373, 0
0.8734359, 0.4363073, 0.3074092, 0
0.6638039, 0.3815155, 0.3163544, 0
0.4218691, 0.3666354, 0.2710017, 0
0.7808025, 0.4584003, 0.3711131, 0
0.5432074, 0.374041, 0.3446641, 0
0.4354977, 0.418292, 0.2059975, 0
0.7845259, 0.4774708, 0.3578431, 0
0.6860145, 0.3484322, 0.3292119, 0
0.6991994, 0.4197966, 0.2744876, 0
0.849067, 0.4733841, 0.4095924, 0
0.4493288, 0.4767564, 0.2231242, 0
0.4142013, 0.5273491, 0.3575904, 0
0.3710972, 0.4125884, 0.3585159, 0
0.4809262, 0.428366, 0.305414, 0
0.5102577, 0.374773, 0.3426773, 0
0.8200166, 0.2999664, 0.2927778, 0
0.4128289, 0.290368, 0.3474898, 0
0.7576731, 0.5021766, 0.3984398, 0
0.6709323, 0.3445673, 0.1946278, 0
0.7832308, 0.5807994, 0.2473811, 0
0.8389009, 0.4484142, 0.266847, 0
0.7280748, 0.4868269, 0.2444906, 0
0.3822777, 0.3637512, 0.3363452, 0
0.7407954, 0.4128351, 0.280937, 0
0.5984526, 0.4858367, 0.2746161, 0
0.4943719, 0.4494361, 0.3318065, 0
0.7794946, 0.6043918, 0.2890978, 0
0.7882124, 0.4726306, 0.4108291, 0
0.4107497, 0.4322531, 0.2017973, 0
0.8320772, 0.5075882, 0.4197614, 0
0.4554374, 0.3803228, 0.1874552, 0
0.8167695, 0.4867482, 0.2023314, 0
0.4331152, 0.3264896, 0.389254, 0
0.8200674, 0.5020348, 0.2114726, 0
0.8552563, 0.4867209, 0.4092444, 0
0.4831223, 0.4556159, 0.4378376, 0
0.7372915, 0.3460355, 0.3295945, 0
0.6953675, 0.3233974, 0.3029175, 0
0.7364467, 0.4605866, 0.2788652, 0
0.5230246, 0.3379403, 0.1940663, 0
0.7092687, 0.302632, 0.2833757, 0
0.3879125, 0.3993695, 0.3038722, 0
0.3689772, 0.3926737, 0.3412147, 0
0.7066323, 0.3239775, 0.3737164, 0
0.4471932, 0.2913366, 0.3267892, 0
0.8052231, 0.3472493, 0.2330402, 0
0.7152132, 0.4483482, 0.3345754, 0
0.4724946, 0.3233528, 0.3097983, 0
0.4511285, 0.3218432, 0.3973084, 0
0.4381645, 0.4170988, 0.4489067, 0
0.4500704, 0.4947172, 0.3982731, 0
0.7907586, 0.3945406, 0.3036905, 0
0.8683633, 0.4476664, 0.20657, 0
0.408239, 0.2964118, 0.3600439, 0
0.4468452, 0.3823814, 0.2177049, 0
0.760086, 0.4581911, 0.3749945, 0
0.7330442, 0.5102507, 0.295807, 0
0.7896844, 0.422363, 0.1682018, 0
0.8626691, 0.3903159, 0.3195923, 0
0.4848762, 0.3237167, 0.3194336, 0
0.4387366, 0.2884088, 0.348862, 0
0.7267701, 0.4597472, 0.2255245, 0
0.4370413, 0.2973419, 0.2624323, 0
0.8139135, 0.3098926, 0.2609141, 0
0.8436495, 0.3611562, 0.2686809, 0
0.6782449, 0.325342, 0.3583249, 0
0.6632889, 0.3680895, 0.2583543, 0
0.8303196, 0.3669006, 0.2749942, 0
0.4440878, 0.3898341, 0.3566383, 0
0.8623956, 0.4408876, 0.1920116, 0
0.802438, 0.3557673, 0.2129993, 0
0.8335581, 0.4220317, 0.1939552, 0
0.7603551, 0.3953411, 0.2902843, 0
0.7626826, 0.4518591, 0.2739573, 0
0.58519, 0.4490582, 0.3917446, 0
0.813736, 0.4559338, 0.3439431, 0
0.5459661, 0.4374283, 0.3617483, 0
0.8138901, 0.5464043, 0.286372, 0
0.6350572, 0.3053016, 0.3888725, 0
0.7975493, 0.3252113, 0.2270313, 0
0.4491486, 0.4616027, 0.2624753, 0
0.6850232, 0.3121451, 0.3575159, 0
0.6191668, 0.4750119, 0.251883, 0
0.6053064, 0.4296768, 0.3163302, 0
0.3939138, 0.3518801, 0.3343475, 0
0.8181673, 0.5535114, 0.4038742, 0
0.8315169, 0.4958335, 0.1849261, 0
0.7528316, 0.5850795, 0.2846943, 0
0.8568035, 0.4732772, 0.355124, 0
0.752104, 0.4469075, 0.3239528, 0
0.3461709, 0.4117532, 0.2623671, 0
0.5770634, 0.3121149, 0.2037496, 0
0.7780076, 0.3546366, 0.2469481, 0
0.8107556, 0.4360736, 0.1616629, 0
0.8123207, 0.3243367, 0.2296111, 0
0.7556316, 0.4533697, 0.3102902, 0
0.5339494, 0.4095363, 0.2279357, 0
0.6988183, 0.453599, 0.3544356, 0
0.3771159, 0.4029385, 0.2242467, 0
0.7169001, 0.4900011, 0.3480687, 0
0.8151848, 0.3482102, 0.3216983, 0
0.393369, 0.3926269, 0.2665843, 0
0.8165596, 0.5695077, 0.3594252, 0
0.69551, 0.3106286, 0.3143951, 0
0.3762953, 0.4713612, 0.3021156, 0
0.442338, 0.3401028, 0.2561902, 0
0.8503461, 0.5540308, 0.2435947, 0
0.7463939, 0.5544191, 0.2417827, 0
0.7325869, 0.2891297, 0.267814, 0
0.7507387, 0.3297154, 0.2542969, 0
0.8045192, 0.3964358, 0.3962737, 0
0.4948073, 0.4062119, 0.2993926, 0
0.409315, 0.4158497, 0.230362, 0
0.7946197, 0.4368635, 0.2296736, 0
0.8081192, 0.358236, 0.2256508, 0
0.5402176, 0.3024177, 0.2582573, 0
0.7431926, 0.3783296, 0.4021376, 0
0.8282292, 0.4400403, 0.2403622, 0
0.3857368, 0.4752261, 0.2690749, 0
0.7283868, 0.4320746, 0.2024871, 0
0.545073, 0.3333417, 0.3327706, 0
0.4363382, 0.4182207, 0.4021205, 0
0.5305316, 0.346936, 0.2886434, 0
0.3705643, 0.3121792, 0.2744895, 0
0.425133, 0.4012187, 0.2627743, 0
0.7817615, 0.5528692, 0.2783294, 0
0.6489875, 0.4469653, 0.2605219, 0
0.8844125, 0.3888129, 0.3873541, 0
0.8082305, 0.5074474, 0.2497965, 0
0.8409404, 0.4201353, 0.2651708, 0
0.440174, 0.2889784, 0.3391117, 0
0.7636276, 0.2894511, 0.3488702, 0
0.4450001, 0.4225727, 0.3177597, 0
0.4763364, 0.3030062, 0.381382, 0
0.829029, 0.5057271, 0.3954125, 0
0.8355093, 0.353187, 0.2321073, 0
0.5003304, 0.4476576, 0.36964, 0
0.5724635, 0.3867721, 0.202793, 0
0.4996109, 0.3917355, 0.3196929, 0
0.5667181, 0.3925554, 0.3395821, 0
0.320373, 0.4246854, 0.274274, 0
0.7412655, 0.2882611, 0.3540381, 0
0.434672, 0.3541372, 0.4089865, 0
0.4787708, 0.4699, 0.4396036, 0
0.3796174, 0.3164303, 0.3311086, 0
0.3745847, 0.3839521, 0.2458132, 0
0.6676749, 0.4745785, 0.2344878, 0
0.7073048, 0.3205671, 0.3805545, 0
0.4534931, 0.3622441, 0.4272215, 0
0.4429842, 0.5011844, 0.2415561, 0
0.6762292, 0.4665983, 0.2963267, 0
0.4130734, 0.3016949, 0.3717983, 0
0.741422, 0.4164582, 0.2498032, 0
0.7094504, 0.4826373, 0.2799309, 0
0.8499819, 0.4574823, 0.3102609, 0
0.7452337, 0.5246146, 0.265144, 0
0.8247485, 0.4596178, 0.2649111, 0
0.4050385, 0.301995, 0.3041122, 0
0.6020601, 0.3953981, 0.3798011, 0
0.6198354, 0.4520252, 0.3840929, 0
0.5834044, 0.4525132, 0.2060474, 0
0.4560789, 0.3143085, 0.229527, 0
0.4426235, 0.2970394, 0.3776692, 0
0.6480672, 0.5038961, 0.2517257, 0
0.6198954, 0.4173527, 0.2704169, 0
0.5168046, 0.4363872, 0.3046144, 0
0.4593239, 0.3529722, 0.3480825, 0
0.7627323, 0.3611505, 0.2016554, 0
0.7322268, 0.5064704, 0.3565929, 0
0.8277277, 0.4310073, 0.2406608, 0
0.5438819, 0.3778257, 0.3171494, 0
0.7666285, 0.4737496, 0.2438637, 0
0.775602, 0.3604297, 0.3227735, 0
0.6791255, 0.3914552, 0.2014633, 0
0.7362344, 0.4876232, 0.218902, 0
0.5180502, 0.3927992, 0.454185, 0
0.826272, 0.357301, 0.2766871, 0
0.3928974, 0.2940175, 0.3243866, 0
0.4813578, 0.3064339, 0.2421457, 0
0.3971008, 0.468987, 0.2355804, 0
0.479307, 0.3819517, 0.2370407, 0
0.755793, 0.5573911, 0.242988, 0
0.5343867, 0.4608255, 0.3944134, 0
0.7062015, 0.4779128, 0.3148398, 0
0.8197466, 0.5809457, 0.2994291, 0
0.4669004, 0.3003344, 0.3770302, 0
0.6810835, 0.4288708, 0.2873244, 0
0.416362, 0.3830141, 0.2219393, 0
0.4960184, 0.3805636, 0.3480681, 0
0.8416927, 0.3610352, 0.2525323, 0
0.5920942, 0.3829566, 0.4039979, 0
0.6936536, 0.3178565, 0.3043727, 0
0.6383229, 0.3831235, 0.3105272, 0
0.4771735, 0.3374251, 0.2635039, 0
0.3746368, 0.510302, 0.3324302, 0
0.7459144, 0.4540835, 0.3886648, 0
0.4059233, 0.5011926, 0.2596521, 0
0.3976582, 0.5222594, 0.362736, 0
0.5159212, 0.4443553, 0.4300272, 0
0.8025092, 0.4570965, 0.3197644, 0
0.7408814, 0.3400929, 0.3842319, 0
0.749766, 0.4764088, 0.282664, 0
0.6414298, 0.335822, 0.2837933, 0
0.4958084, 0.368262, 0.3105276, 0
0.5291503, 0.3529567, 0.1956655, 0
0.6551911, 0.3642126, 0.344644, 0
0.404397, 0.5184416, 0.2916493, 0
0.3847451, 0.3529676, 0.2353024, 0
0.3893722, 0.5137752, 0.3379633, 0
0.6063412, 0.4100559, 0.3667538, 0
0.5758181, 0.4423595, 0.4072721, 0
0.83439, 0.3540907, 0.2325415, 0
0.6161278, 0.3360153, 0.3925079, 0
0.8296893, 0.5216443, 0.2364537, 0
0.4455609, 0.3951236, 0.3383798, 0
0.6726972, 0.4576991, 0.2677561, 0
0.562356, 0.3988753, 0.1985125, 0
0.7665261, 0.5569682, 0.3681554, 0
0.4485506, 0.4651362, 0.3759611, 0
0.7375291, 0.2761893, 0.3656633, 0
0.4174025, 0.3119931, 0.3714031, 0
0.7845844, 0.4732826, 0.2019372, 0
0.4278152, 0.315671, 0.41564, 0
0.8791628, 0.4071999, 0.2498935, 0
0.4334609, 0.3844972, 0.2550187, 0
0.7642177, 0.5257821, 0.309351, 0
0.7968711, 0.3753622, 0.3900616, 0
0.8753324, 0.3613859, 0.3050224, 0
0.5630636, 0.4139184, 0.3252777, 0
0.8114098, 0.4053809, 0.2977359, 0
0.416025, 0.4765263, 0.3004405, 0
0.3964574, 0.295597, 0.3422464, 0
0.5676379, 0.2735997, 0.2770616, 0
0.8409453, 0.3902269, 0.1939153, 0
0.7437342, 0.5906891, 0.3164447, 0
0.454447, 0.4930832, 0.2587419, 0
0.4095201, 0.4132007, 0.3726736, 0
0.3588313, 0.4175185, 0.2527753, 0
0.4040858, 0.3766406, 0.2442429, 0
0.4505823, 0.5094078, 0.3123872, 0
0.4638987, 0.3294119, 0.4335841, 0
0.7309904, 0.4716672, 0.3786474, 0
0.4600253, 0.3520777, 0.2986816, 0
0.8309834, 0.5041833, 0.2589593, 0
0.7393002, 0.5380172, 0.2946275, 0
0.4794635, 0.3371986, 0.4231854, 0
0.4304785, 0.4363227, 0.4149687, 0
0.8481852, 0.5134949, 0.250544, 0
0.6403784, 0.3670967, 0.4136552, 0
0.5680726, 0.4108602, 0.2472795, 0
0.5560594, 0.4943917, 0.2875532, 0
0.7262822, 0.5202965, 0.3303553, 0
0.8503872, 0.4243519, 0.3609317, 0
0.541732, 0.4145651, 0.2868474, 0
0.7658082, 0.4562425, 0.3401769, 0
0.6365075, 0.4443673, 0.391825, 0
0.5078492, 0.485217, 0.3885477, 0
0.4889419, 0.2905806, 0.2962396, 0
0.7755848, 0.3687215, 0.2728029, 0
0.7810478, 0.4431866, 0.2545583, 0
0.8539544, 0.451773, 0.1696332, 0
0.7724013, 0.5699788, 0.2269219, 0
0.7908877, 0.3758048, 0.250625, 0
0.3820463, 0.3659734, 0.3626631, 0
0.4091173, 0.3210832, 0.3612142, 0
0.8430038, 0.4220122, 0.3230383, 0
0.7517204, 0.3241311, 0.2425536, 0
0.7643623, 0.377005, 0.2356537, 0
0.4038281, 0.3921142, 0.3074914, 0
0.3551048, 0.3959276, 0.2706892, 0
0.3863314, 0.3495614, 0.3666508, 0
0.382135, 0.3938446, 0.3007344, 0
0.7819151, 0.5160069, 0.2101929, 0
0.8069985, 0.558384, 0.2192476, 0
0.8402101, 0.377123, 0.3124967, 0
0.6742292, 0.3449425, 0.195741, 0
0.4345162, 0.290102, 0.2677543, 0
0.3711073, 0.3610045, 0.3959725, 0
0.8069953, 0.4021709, 0.3742614, 0
0.6194135, 0.3737606, 0.3106875, 0
0.7981666, 0.4246404, 0.1723134, 0
0.8051977, 0.4051945, 0.2437192, 0
0.418974, 0.4798563, 0.4206709, 0
0.8260975, 0.3330379, 0.3219457, 0
0.6585137, 0.4669592, 0.2385349, 0
0.7712599, 0.4824105, 0.3559093, 0
0.8152727, 0.5701309, 0.2113435, 0
0.7100948, 0.3314393, 0.2674651, 0
0.3583837, 0.429356, 0.3026994, 0
0.7670563, 0.5140792, 0.3853666, 0
0.530314, 0.3245711, 0.3889996, 0
0.8874487, 0.4178372, 0.3439129, 0
0.7581961, 0.406977, 0.3986591, 0
0.3722674, 0.3992475, 0.2235049, 0
0.5435536, 0.497341, 0.2493953, 0
0.8690448, 0.3621718, 0.3514241, 0
0.8876566, 0.386434, 0.3278448, 0
0.8117811, 0.4549153, 0.2763364, 0
0.4249441, 0.525042, 0.277353, 0
0.3381428, 0.4231563, 0.2954093, 0
0.6419178, 0.3039975, 0.2099705, 0
0.5520867, 0.4191751, 0.241906, 0
0.6450428, 0.3169734, 0.318405, 0
0.781548, 0.3042077, 0.3396328, 0
0.7553875, 0.4346234, 0.3924994, 0
0.4561576, 0.4335518, 0.2129503, 0
0.4196176, 0.3052329, 0.3812911, 0
0.7890687, 0.5535218, 0.2052156, 0
0.6495122, 0.478008, 0.2722586, 0
0.5926415, 0.4280247, 0.2699248, 0
0.3752585, 0.4428877, 0.421974, 0
0.7185872, 0.2966381, 0.3362987, 0
0.6839051, 0.394286, 0.3574489, 0
0.686823, 0.3691205, 0.3066319, 0
0.5208914, 0.3278738, 0.3380591, 0
0.696107, 0.4855331, 0.2413657, 0
0.5970654, 0.3000815, 0.2172752, 0
0.8219795, 0.4518584, 0.1933063, 0
0.4472084, 0.4577149, 0.3497246, 0
0.8656795, 0.5350795, 0.2784672, 0
0.3738737, 0.3050303, 0.2912426, 0
0.5310659, 0.3394233, 0.4078577, 0
0.8812806, 0.4336514, 0.3549914, 0
0.4390604, 0.370709, 0.2114757, 0
0.5531862, 0.5290003, 0.3014558, 0
0.3748024, 0.4840537, 0.4010241, 0
0.8097906, 0.3069846, 0.299728, 0
0.7579042, 0.3637879, 0.2342474, 0
0.362416, 0.429213, 0.2835401, 0
0.5737227, 0.4896022, 0.3437188, 0
0.6149674, 0.3819028, 0.2993044, 0
0.8126121, 0.4601537, 0.3783745, 0
0.528402, 0.4298809, 0.2165448, 0
0.435615, 0.314354, 0.3284461, 0
0.4143586, 0.5266536, 0.3686736, 0
0.5356945, 0.4715085, 0.3019843, 0
0.3634169, 0.4804068, 0.3700183, 0
0.526343, 0.33432, 0.2289429, 0
0.781193, 0.5910044, 0.3151869, 0
0.6480205, 0.3241485, 0.3842983, 0
0.4345261, 0.3498912, 0.419707, 0
0.5535317, 0.4611837, 0.238646, 0
0.4463714, 0.3185357, 0.357599, 0
0.6371636, 0.3732383, 0.2595015, 0
0.4155562, 0.457965, 0.211606, 0
0.6086339, 0.4521245, 0.2147005, 0
0.6861242, 0.3402329, 0.3133414, 0
0.7741878, 0.3439538, 0.3060545, 0
0.4067913, 0.3157496, 0.260318, 0
0.440752, 0.2971379, 0.3730807, 0
0.4246628, 0.2958527, 0.3461016, 0
0.3731712, 0.4422331, 0.4044559, 0
0.5078769, 0.4579866, 0.2191159, 0
0.4190585, 0.4360324, 0.2611336, 0
0.6029002, 0.3838674, 0.4000953, 0
0.6437524, 0.3222999, 0.3755178, 0
0.7042524, 0.3521843, 0.3543224, 0
0.7709447, 0.5401906, 0.3171133, 0
0.6990628, 0.4326903, 0.3498839, 0
0.6296304, 0.4166802, 0.3462141, 0
0.4324547, 0.4447107, 0.3181682, 0
0.4251843, 0.3268243, 0.3814144, 0
0.8354964, 0.3539167, 0.3658966, 0
0.4623422, 0.4070894, 0.4424552, 0
0.3562108, 0.400546, 0.3026856, 0
0.8467264, 0.4502215, 0.3848325, 0
0.3611546, 0.4139113, 0.3651026, 0
0.8052846, 0.4984844, 0.3644713, 0
0.4985488, 0.3966344, 0.4626822, 0
0.6166973, 0.3735957, 0.4170724, 0
0.8103521, 0.5729945, 0.3715646, 0
0.348194, 0.4405494, 0.3336015, 0
0.5901894, 0.4940178, 0.3735955, 0
0.556944, 0.3705496, 0.4443116, 0
0.4118008, 0.5256991, 0.3742791, 0
0.7382815, 0.4924332, 0.2373155, 0
0.8250102, 0.5678763, 0.2469768, 0
0.7940487, 0.50431, 0.3347951, 0
0.5945624, 0.385232, 0.246781, 0
0.7050096, 0.3505942, 0.3821284, 0
0.3840838, 0.3736663, 0.3460166, 0
0.4111744, 0.423823, 0.430416, 0
0.3583654, 0.4635752, 0.383861, 0
0.4209681, 0.2893446, 0.3454436, 0
0.5637782, 0.3626326, 0.2318149, 0
0.5781161, 0.3311847, 0.2996223, 0
0.6757931, 0.2880754, 0.2434589, 0
0.5936797, 0.4386496, 0.355352, 0
0.7464535, 0.4242383, 0.3406276, 0
0.4541156, 0.4257126, 0.2919041, 0
0.8025321, 0.5324047, 0.1754165, 0
0.3909668, 0.4362772, 0.2557642, 0
0.4950197, 0.4223114, 0.3289856, 0
0.6466479, 0.439935, 0.3190123, 0
0.5090145, 0.4289577, 0.4240091, 0
0.4906901, 0.3969262, 0.2246513, 0
0.736679, 0.3896441, 0.1975843, 0
0.6235642, 0.3301373, 0.3998167, 0
0.7010294, 0.4881307, 0.2578114, 0
0.7014357, 0.3726966, 0.3583457, 0
0.4967107, 0.3115811, 0.3789405, 0
0.5558301, 0.4112163, 0.2357286, 0
0.5869105, 0.4096986, 0.4070867, 0
0.5165217, 0.4358636, 0.2928327, 0
0.4111761, 0.4084927, 0.3252746, 0
0.8106413, 0.4923484, 0.1771123, 0
0.8188252, 0.5754703, 0.2992685, 0
0.4175156, 0.3802625, 0.2350077, 0
0.6370808, 0.3475821, 0.3628695, 0
0.3749931, 0.4437049, 0.4210152, 0
0.7429901, 0.3807198, 0.2312506, 0
0.5102623, 0.3416879, 0.3004436, 0
0.3734499, 0.4066802, 0.2955423, 0
0.8029621, 0.4898554, 0.2761412, 0
0.5394242, 0.3779809, 0.4153086, 0
0.5114998, 0.4926535, 0.2896575, 0
0.4247018, 0.4753491, 0.3575467, 0
0.8359793, 0.4772751, 0.3769817, 0
0.8838058, 0.4174067, 0.3946015, 0
0.6291286, 0.2954543, 0.230297, 0
0.5800123, 0.3794255, 0.3893984, 0
0.5135174, 0.3388954, 0.419936, 0
0.8076267, 0.4225239, 0.2434415, 0
0.4949695, 0.3586954, 0.2225124, 0
0.5019863, 0.4882415, 0.3042746, 0
0.4413919, 0.289563, 0.3336464, 0
0.362879, 0.4150326, 0.2484732, 0
0.4308347, 0.2936001, 0.2612157, 0
0.4598073, 0.3103077, 0.3222193, 0
0.846234, 0.5599377, 0.3107021, 0
0.6184108, 0.3213581, 0.2619292, 0
0.7875593, 0.533686, 0.2668131, 0
0.7785513, 0.4850633, 0.397214, 0
0.8650218, 0.4718449, 0.2520586, 0
0.8390753, 0.5281118, 0.2639575, 0
0.3754649, 0.3986888, 0.2197109, 0
0.4809298, 0.4413559, 0.2113938, 0
0.6762071, 0.4409906, 0.3035789, 0
0.3460537, 0.4085716, 0.2621839, 0
0.510323, 0.3478293, 0.2591264, 0
0.7417768, 0.3191114, 0.3340009, 0
0.5498697, 0.3770288, 0.1947408, 0
0.4357207, 0.4779953, 0.3333856, 0
0.669041, 0.3183884, 0.2071382, 0
0.5999705, 0.3062294, 0.2182036, 0
0.5941615, 0.4533263, 0.2443309, 0
0.8500258, 0.3804602, 0.26043, 0
0.8360204, 0.3993879, 0.2229011, 0
0.4255731, 0.3217479, 0.3704831, 0
0.8090874, 0.5857261, 0.3799137, 0
0.388779, 0.496056, 0.3862551, 0
0.6115969, 0.4797077, 0.3921595, 0
0.7077525, 0.4295969, 0.36899, 0
0.6501976, 0.3935737, 0.2330126, 0
0.7907607, 0.5272972, 0.2506624, 0
0.348318, 0.4370427, 0.3495356, 0
0.3983484, 0.3170598, 0.2577825, 0
0.708974, 0.4213974, 0.367753, 0
0.5465919, 0.412871, 0.3672995, 0
0.4443257, 0.4252215, 0.2155992, 0
0.602129, 0.4755836, 0.389788, 0
0.6083526, 0.3470031, 0.350509, 0
0.5680197, 0.3181178, 0.3525484, 0
0.8761746, 0.3488087, 0.3476208, 0
0.3993516, 0.2943608, 0.3094896, 0
0.4850723, 0.3234077, 0.4228334, 0
0.6663967, 0.4890435, 0.3164678, 0
0.3688667, 0.3789194, 0.2913302, 0
0.801303, 0.5228926, 0.3726393, 0
0.8714913, 0.4948978, 0.332059, 0
0.6631495, 0.316082, 0.3752103, 0
0.56662, 0.3781198, 0.2209885, 0
0.4531394, 0.2976537, 0.3838796, 0
0.4468545, 0.2904984, 0.3491363, 0
0.8224787, 0.5105033, 0.4246304, 0
0.7098144, 0.5127883, 0.319354, 0
0.6033173, 0.380498, 0.2079777, 0
0.7860014, 0.5261632, 0.2292235, 0
0.7907987, 0.493737, 0.3888603, 0
0.5337659, 0.4500368, 0.4071715, 0
0.6898048, 0.4816923, 0.2667589, 0
0.7012116, 0.4263219, 0.3489822, 0
0.7829756, 0.3347054, 0.323925, 0
0.6013913, 0.3174976, 0.2569535, 0
0.504319, 0.3076674, 0.2621171, 0
0.7688162, 0.3856408, 0.2748712, 0
0.5406501, 0.3869915, 0.2494558, 0
0.488675, 0.3381889, 0.2118498, 0
0.8598247, 0.3372179, 0.2468572, 0
0.3732379, 0.4836692, 0.4000141, 0
0.4108522, 0.3053022, 0.2714521, 0
0.5129561, 0.4889675, 0.2770526, 0
0.814684, 0.4128736, 0.1878642, 0
0.7786768, 0.491169, 0.3264161, 0
0.4711717, 0.3982904, 0.445266, 0
0.8346446, 0.465592, 0.1872202, 0
0.6338025, 0.3498153, 0.3177385, 0
0.4061195, 0.3679547, 0.4072972, 0
0.6934914, 0.4720677, 0.3360216, 0
0.4547583, 0.3654552, 0.3637283, 0
0.4693532, 0.4818941, 0.378244, 0
0.6120859, 0.5042202, 0.3685193, 0
0.3918327, 0.3637045, 0.4005447, 0
0.80937, 0.4798119, 0.2043273, 0
0.7274385, 0.4117952, 0.2770011, 0
0.4684677, 0.4468357, 0.2362231, 0
0.6931537, 0.503514, 0.282113, 0
0.5643947, 0.4119799, 0.2329777, 0
0.835855, 0.4599026, 0.3201005, 0
0.3905359, 0.3957683, 0.3857476, 0
0.8479488, 0.5728592, 0.2449083, 0
0.7490274, 0.3144334, 0.3519605, 0
0.5088663, 0.5148509, 0.2691831, 0
0.8155933, 0.530153, 0.1839205, 0
0.3650649, 0.3964545, 0.3339413, 0
0.497961, 0.3704754, 0.4534251, 0
0.8592049, 0.4750003, 0.3938158, 0
0.6732712, 0.4105496, 0.2054664, 0
0.4620024, 0.4069778, 0.4031791, 0
0.421262, 0.318959, 0.3942638, 0
0.8368109, 0.5008623, 0.4148209, 0
0.4278181, 0.3539432, 0.337733, 0
0.5837047, 0.4860348, 0.2336839, 0
0.3574455, 0.3841111, 0.3199573, 0
0.3583843, 0.3577939, 0.2504839, 0
0.5843074, 0.3624648, 0.4411219, 0
0.4660263, 0.3015133, 0.3848122, 0
0.5251161, 0.3192469, 0.3271908, 0
0.846306, 0.4957358, 0.3201793, 0
0.4287521, 0.2888348, 0.3358563, 0
0.3870971, 0.4465533, 0.2915924, 0
0.4229602, 0.441308, 0.4040687, 0
0.4484657, 0.4272727, 0.456581, 0
0.3927404, 0.3493316, 0.3002031, 0
0.6334535, 0.2924821, 0.3213821, 0
0.8361992, 0.458614, 0.4105009, 0
0.8349283, 0.4549913, 0.3209103, 0
0.4602397, 0.3940862, 0.2211484, 0
0.4631521, 0.3018295, 0.4040227, 0
0.8202084, 0.3776265, 0.2014169, 0
0.7716098, 0.3265764, 0.2977702, 0
0.5679969, 0.3995895, 0.4006431, 0
0.4398237, 0.4244003, 0.4102715, 0
0.7123488, 0.4249318, 0.3761413, 0
0.3384448, 0.3763817, 0.2556523, 0
0.7256639, 0.3399196, 0.4162931, 0
0.5897009, 0.3179919, 0.3834659, 0
0.597848, 0.4918127, 0.2898854, 0
0.448077, 0.4820658, 0.4199094, 0
0.6748157, 0.3490931, 0.2829608, 0
0.6020629, 0.4193549, 0.3416546, 0
0.4749818, 0.5372565, 0.3149313, 0
0.5395324, 0.3928762, 0.2355684, 0
0.6072121, 0.5121579, 0.361709, 0
0.8162627, 0.553173, 0.3228679, 0
0.5335402, 0.4792611, 0.3746072, 0
0.4889037, 0.3614965, 0.2546017, 0
0.7794586, 0.4748935, 0.3529859, 0
0.4944605, 0.3170249, 0.3848335, 0
0.4185507, 0.4659866, 0.2606157, 0
0.4559145, 0.2903254, 0.2785318, 0
0.3972927, 0.2930637, 0.3354041, 0
0.7597633, 0.3679283, 0.3039058, 0
0.8269436, 0.5432968, 0.2757746, 0
0.7804655, 0.5976792, 0.2883229, 0
0.501371, 0.339377, 0.4320585, 0
0.3703031, 0.4971596, 0.3663072, 0
0.4217311, 0.4584198, 0.3650884, 0
0.5327152, 0.399465, 0.2683015, 0
0.6697119, 0.3351524, 0.2751171, 0
0.8081136, 0.5512459, 0.3269941, 0
0.4426832, 0.3021189, 0.3891858, 0
0.6529453, 0.2915848, 0.3718772, 0
0.6085648, 0.3071209, 0.4008529, 0
0.3914057, 0.3046886, 0.3825648, 0
0.6562806, 0.4955293, 0.2416234, 0
0.3591139, 0.3650282, 0.2793941, 0
0.4630446, 0.3024057, 0.4068179, 0
0.7730576, 0.3722126, 0.1835481, 0
0.7695876, 0.5518003, 0.23335, 0
0.6246012, 0.3373931, 0.3774792, 0
0.5447789, 0.329107, 0.2931925, 0
0.4593536, 0.4537501, 0.2165027, 0
0.7434872, 0.4811585, 0.3284345, 0
0.4267093, 0.4503446, 0.2159606, 0
0.387741, 0.4332259, 0.2337724, 0
0.5566891, 0.3585885, 0.1881381, 0
0.5278037, 0.3596162, 0.4448798, 0
0.5335138, 0.425188, 0.4398756, 0
0.6560808, 0.5105173, 0.2680395, 0
0.7467307, 0.3551991, 0.4038446, 0
0.6060505, 0.3767057, 0.3303277, 0
0.3930738, 0.3826008, 0.3508947, 0
0.5196604, 0.3441176, 0.2187591, 0
0.4564735, 0.40569, 0.247175, 0
0.3685729, 0.4972163, 0.3370095, 0
0.7439822, 0.5813938, 0.3317584, 0
0.866164, 0.4600025, 0.401189, 0
0.3848521, 0.411039, 0.2571679, 0
0.829199, 0.5526353, 0.3284178, 0
0.4801401, 0.3567294, 0.2373483, 0
0.4317112, 0.2922742, 0.2620808, 0
0.8816422, 0.3842499, 0.3251518, 0
0.7113271, 0.4163631, 0.3756248, 0
0.8715338, 0.464558, 0.2144892, 0
0.3880998, 0.3561883, 0.3790315, 0
0.3971, 0.3767522, 0.222061, 0
0.8396614, 0.5887461, 0.2419897, 0
0.4028708, 0.4904076, 0.2602021, 0
0.4061526, 0.2919744, 0.3451571, 0
0.4257506, 0.4727227, 0.3421547, 0
0.8486633, 0.5064145, 0.2799754, 0
0.4032711, 0.2896169, 0.32062, 0
0.4656859, 0.4094354, 0.3883479, 0
0.7900816, 0.5455325, 0.2197589, 0
0.7661526, 0.3539783, 0.2103985, 0
0.8099688, 0.3066965, 0.2574492, 0
0.5784893, 0.4810335, 0.3171752, 0
0.7768084, 0.5704559, 0.3645107, 0
0.3767112, 0.4337755, 0.2974448, 0
0.4355697, 0.4988238, 0.2660133, 0
0.4873239, 0.4538572, 0.278457, 0
0.4326819, 0.3714304, 0.2202088, 0
0.7964796, 0.4817147, 0.3893082, 0
0.5022799, 0.297794, 0.3343895, 0
0.7727095, 0.2957925, 0.3343535, 0
0.8696253, 0.4212267, 0.3002506, 0
0.6116582, 0.4272362, 0.2889452, 0
0.395577, 0.3357636, 0.3275329, 0
0.7894872, 0.4885132, 0.2633472, 0
0.5852324, 0.3681749, 0.3710326, 0
0.5036647, 0.4172673, 0.2158709, 0
0.5210235, 0.3709417, 0.3613531, 0
0.6141099, 0.4181191, 0.4081101, 0
0.6399117, 0.3552129, 0.3517972, 0
0.8587314, 0.4561294, 0.247793, 0
0.7517626, 0.4094967, 0.3782906, 0
0.4434303, 0.4830804, 0.4056319, 0
0.581995, 0.3680444, 0.3144448, 0
0.4293357, 0.4752721, 0.3444207, 0
0.460996, 0.316889, 0.2681663, 0
0.8167595, 0.5443733, 0.2249806, 0
0.4623468, 0.3188078, 0.4294985, 0
0.6927218, 0.4421109, 0.2523192, 0
0.406468, 0.3118546, 0.4001824, 0
0.4970807, 0.4465012, 0.3146026, 0
0.4280774, 0.466664, 0.4260795, 0
0.5558314, 0.4628639, 0.4107617, 0
0.5052821, 0.3769812, 0.3156243, 0
0.7561852, 0.3972804, 0.3294519, 0
0.6462115, 0.5048295, 0.2750297, 0
0.753446, 0.357999, 0.390158, 0
0.5356166, 0.4594738, 0.294241, 0
0.4434964, 0.4636787, 0.2878533, 0
0.541668, 0.4275971, 0.3966249, 0
0.7751368, 0.5265661, 0.2491642, 0
0.7632045, 0.3733484, 0.3385212, 0
0.4882116, 0.4628347, 0.2721954, 0
0.762861, 0.431659, 0.233575, 0
0.8451383, 0.4266897, 0.2458555, 0
0.453565, 0.3356739, 0.3171201, 0
0.5949646, 0.3449872, 0.2692367, 0
0.4953018, 0.3848373, 0.4478584, 0
0.5742657, 0.3050156, 0.3221928, 0
0.4194376, 0.3848407, 0.2953555, 0
0.6029165, 0.3625443, 0.2793383, 0
0.7972067, 0.3295266, 0.3860247, 0
0.4545351, 0.3842357, 0.186309, 0
0.489462, 0.3501702, 0.4423429, 0
0.465583, 0.3886136, 0.3719179, 0
0.5004222, 0.2977261, 0.3298895, 0
0.4072944, 0.4673799, 0.2886923, 0
0.5040408, 0.3648678, 0.2766369, 0
0.7629788, 0.3543377, 0.3196138, 0
0.6700215, 0.3010803, 0.2663877, 0
0.5080728, 0.4174592, 0.2432926, 0
0.4550387, 0.3346387, 0.3501956, 0
0.4987291, 0.3672031, 0.4084075, 0
0.5936759, 0.453417, 0.2442041, 0
0.7736991, 0.3276348, 0.3392394, 0
0.4377191, 0.4132035, 0.2565658, 0
0.4317929, 0.3074034, 0.356594, 0
0.87755, 0.4025005, 0.3338952, 0
0.4433534, 0.5419148, 0.3472578, 0
0.8862521, 0.3771824, 0.2440539, 0
0.8489712, 0.3870676, 0.220458, 0
0.3850522, 0.3967793, 0.251463, 0
0.6174774, 0.4324152, 0.2841835, 0
0.6339012, 0.4324086, 0.277557, 0
0.4712463, 0.4268849, 0.3497685, 0
0.4415112, 0.3855169, 0.4221142, 0
0.3845555, 0.4892067, 0.4049504, 0
0.3878289, 0.3508733, 0.2347458, 0
0.5510724, 0.3029388, 0.2193026, 0
0.3357981, 0.4223691, 0.2685439, 0
0.5495834, 0.4326399, 0.3891696, 0
0.8389476, 0.5582848, 0.3864307, 0
0.7155733, 0.5044909, 0.3029222, 0
0.7400118, 0.3824616, 0.2067424, 0
0.5420555, 0.4515502, 0.2242827, 0
0.7433588, 0.4347933, 0.3380677, 0
0.8746727, 0.4468848, 0.402205, 0
0.5602033, 0.4278267, 0.3701422, 0
0.4661266, 0.4245075, 0.3544917, 0
0.5626581, 0.4736636, 0.2811454, 0
0.7227732, 0.4283504, 0.2465229, 0
0.5250069, 0.3845904, 0.3868845, 0
0.7945697, 0.3409635, 0.313352, 0
0.564751, 0.3461255, 0.2307616, 0
0.8049005, 0.307293, 0.2741905, 0
0.8632249, 0.5423809, 0.2371003, 0
0.7711086, 0.4596965, 0.3195621, 0
0.7688112, 0.4412287, 0.3545384, 0
0.4862403, 0.3769372, 0.4491694, 0
0.3769293, 0.3311696, 0.2560851, 0
0.5941341, 0.3511626, 0.4141348, 0
0.8174798, 0.5316749, 0.179824, 0
0.5889209, 0.3062546, 0.3683753, 0
0.5586715, 0.3371135, 0.4259986, 0
0.3923292, 0.4689443, 0.4099344, 0
0.6384197, 0.3909248, 0.2222965, 0
0.5566968, 0.4120072, 0.2624115, 0
0.8589544, 0.3901524, 0.2613921, 0
0.4240018, 0.2890806, 0.3457991, 0
0.6770765, 0.3375449, 0.2135229, 0
0.7818162, 0.5069151, 0.2598731, 0
0.8164423, 0.4243418, 0.3785684, 0
0.7088735, 0.3751035, 0.3985552, 0
0.4381035, 0.3846312, 0.3290121, 0
0.7359073, 0.3336164, 0.2443869, 0
0.6990567, 0.4885601, 0.2560698, 0
0.5469172, 0.3192891, 0.2717109, 0
0.8438078, 0.4486839, 0.3795649, 0
0.5508896, 0.3408576, 0.1887828, 0
0.5095047, 0.3371205, 0.341713, 0
0.5214569, 0.530421, 0.3185595, 0
0.8383416, 0.5752146, 0.3011618, 0
0.3492074, 0.3908868, 0.2453846, 0
0.7502914, 0.3625142, 0.2947079, 0
0.5353277, 0.449673, 0.2930174, 0
0.4402647, 0.5410549, 0.3704715, 0
0.6696651, 0.4759632, 0.2647693, 0
0.5867416, 0.4286384, 0.4317974, 0
0.6655578, 0.3367957, 0.4123944, 0
0.4372442, 0.4900289, 0.4025948, 0
0.4470985, 0.5100918, 0.3263324, 0
0.6494353, 0.4071663, 0.3170499, 0
0.7144311, 0.4967393, 0.339255, 0
0.5611491, 0.4139926, 0.2764228, 0
0.6453335, 0.3841859, 0.3810537, 0
0.7452324, 0.3320044, 0.214076, 0
0.7020927, 0.3050996, 0.2278396, 0
0.5517334, 0.4930062, 0.3329764, 0
0.3807928, 0.3590723, 0.2343189, 0
0.8202007, 0.3370907, 0.2356214, 0
0.6137004, 0.2958941, 0.3091271, 0
0.5610588, 0.4255548, 0.3740188, 0
0.5885729, 0.3066321, 0.2860348, 0
0.5309939, 0.414848, 0.4351681, 0
0.7667724, 0.4152017, 0.2324224, 0
0.8558773, 0.4230416, 0.3233059, 0
0.6956251, 0.4205355, 0.3236858, 0
0.6064782, 0.4299665, 0.3010608, 0
0.7697578, 0.5909625, 0.2946, 0
0.6029418, 0.4217008, 0.2821668, 0
0.7180821, 0.490999, 0.2712584, 0
0.6408504, 0.3840185, 0.2377633, 0
0.6725605, 0.3378857, 0.2882336, 0
0.7959106, 0.5456073, 0.2131366, 0
0.836044, 0.3926848, 0.2684368, 0
0.4387867, 0.3757914, 0.1934215, 0
0.4444272, 0.3851591, 0.4235632, 0
0.7423781, 0.5133095, 0.2725248, 0
0.7530172, 0.4043463, 0.1913055, 0
0.4782024, 0.4022357, 0.4574064, 0
0.385194, 0.4539495, 0.3497272, 0
0.4868933, 0.4516841, 0.4056773, 0
0.8756419, 0.3965521, 0.2648254, 0
0.6794943, 0.309533, 0.2867957, 0
0.3970442, 0.5181797, 0.2856363, 0
0.6510395, 0.4222593, 0.3342767, 0
0.6098959, 0.4709201, 0.314508, 0
0.3971599, 0.3253356, 0.2974382, 0
0.811343, 0.5814142, 0.2467321, 0
0.795859, 0.4479188, 0.2574376, 0
0.4630133, 0.464236, 0.2222194, 0
0.4661093, 0.3178074, 0.2651668, 0
0.402344, 0.5065289, 0.4056543, 0
0.4124623, 0.3611692, 0.246604, 0
0.7061632, 0.3313062, 0.3827418, 0
0.4708486, 0.4571966, 0.4507085, 0
0.7829087, 0.5604919, 0.2538785, 0
0.5383189, 0.5040688, 0.2669704, 0
0.8120143, 0.51423, 0.2206387, 0
0.4439658, 0.4647555, 0.3564924, 0
0.6010528, 0.4054937, 0.3222634, 0
0.7274228, 0.3411351, 0.2003132, 0
0.6323683, 0.4723411, 0.3106216, 0
0.5045665, 0.4958, 0.3290079, 0
0.5726946, 0.2912073, 0.2264615, 0
0.5047389, 0.3825557, 0.243303, 0
0.3683133, 0.4232259, 0.2776285, 0
0.5224444, 0.4521577, 0.3374577, 0
0.544685, 0.3601646, 0.4102697, 0
0.7500033, 0.4179098, 0.364737, 0
0.8654739, 0.4420187, 0.175984, 0
0.6452831, 0.3633488, 0.2370095, 0
0.7685282, 0.3042442, 0.3924014, 0
0.7856037, 0.483864, 0.2557584, 0
0.8098088, 0.3297075, 0.2838839, 0
0.4527146, 0.4268914, 0.407383, 0
0.4886188, 0.2883619, 0.3033096, 0
0.8074394, 0.5891628, 0.2966989, 0
0.7403801, 0.4768276, 0.2559412, 0
0.8824397, 0.4112768, 0.2275563, 0
0.6294591, 0.3996116, 0.41638, 0
0.4236118, 0.4047871, 0.3016358, 0
0.6431097, 0.341509, 0.4035269, 0
0.4347862, 0.3213045, 0.3462401, 0
0.8185527, 0.3606714, 0.2050892, 0
0.5888827, 0.399135, 0.1994307, 0
0.8152096, 0.3341647, 0.3066318, 0
0.8444077, 0.4925936, 0.3007348, 0
0.6983981, 0.4599876, 0.2306447, 0
0.5971477, 0.3934476, 0.2857998, 0
0.5104623, 0.4607291, 0.2401031, 0
0.8075864, 0.3598581, 0.4025052, 0
0.3609629, 0.4507656, 0.2710333, 0
0.8061064, 0.4937546, 0.1910001, 0
0.4828518, 0.3813164, 0.3851388, 0
0.7346137, 0.5286065, 0.3630847, 0
0.4746182, 0.5029135, 0.2437757, 0
0.3933375, 0.3390053, 0.3276929, 0
0.4396169, 0.4679481, 0.3778716, 0
0.3682159, 0.493066, 0.3623794, 0
0.4111945, 0.3135607, 0.4057417, 0
0.8011329, 0.4057995, 0.4046116, 0
0.8448611, 0.3246509, 0.3047435, 0
0.5653113, 0.3707742, 0.3830887, 0
0.3668974, 0.355089, 0.2471763, 0
0.3874322, 0.3557802, 0.3942729, 0
0.4450169, 0.4451659, 0.4418112, 0
0.5669221, 0.3437778, 0.3827787, 0
0.7679647, 0.3677496, 0.3078399, 0
0.4226486, 0.4950049, 0.3038933, 0
0.8364173, 0.4878778, 0.4169335, 0
0.4104768, 0.3193549, 0.3748606, 0
0.7071197, 0.3846157, 0.3887194, 0
0.3785166, 0.4877022, 0.2683868, 0
0.8451843, 0.3747356, 0.2293716, 0
0.7069581, 0.3883912, 0.3753545, 0
0.840996, 0.4191092, 0.2693684, 0
0.686295, 0.4253468, 0.2249887, 0
0.7464598, 0.4902589, 0.2147246, 0
0.5308968, 0.3662169, 0.2921458, 0
0.5691977, 0.3688577, 0.3323473, 0
0.5603521, 0.3996651, 0.272886, 0
0.4225545, 0.4841163, 0.2914529, 0
0.6657768, 0.3636445, 0.294524, 0
0.5012222, 0.5310896, 0.3555039, 0
0.7694828, 0.3883809, 0.1851096, 0
0.4428906, 0.3575153, 0.3767622, 0
0.4951943, 0.3806507, 0.4265097, 0
0.5984766, 0.405008, 0.3593532, 0
0.4333298, 0.5338809, 0.3966283, 0
0.5370996, 0.3265317, 0.3984755, 0
0.5014489, 0.3472163, 0.2436698, 0
0.5600289, 0.4020512, 0.2617193, 0
0.8740939, 0.5114949, 0.2663858, 0
0.384787, 0.3283601, 0.3742967, 0
0.8419324, 0.3519153, 0.3331889, 0
0.4239521, 0.4134211, 0.2057176, 0
0.7735544, 0.4654607, 0.2284431, 0
0.5946172, 0.3623371, 0.3749681, 0
0.3934079, 0.3915396, 0.2678829, 0
0.5184118, 0.4545884, 0.3792089, 0
0.5333759, 0.3561406, 0.3727297, 0
0.6802746, 0.5215809, 0.2966385, 0
0.5579559, 0.3922753, 0.2857181, 0
0.4537258, 0.4409208, 0.4066817, 0
0.7350995, 0.4405686, 0.2560779, 0
0.6437034, 0.3540333, 0.2456875, 0
0.7364095, 0.5344992, 0.3423265, 0
0.4378137, 0.4203863, 0.3037155, 0
0.8223782, 0.447653, 0.290888, 0
0.4907114, 0.3458011, 0.4400634, 0
0.3954219, 0.4346668, 0.2723238, 0
0.8692976, 0.4691528, 0.1705665, 0
0.3879077, 0.4720525, 0.2383592, 0
0.6126047, 0.3720152, 0.3801488, 0
0.3697785, 0.3745591, 0.2292979, 0
0.3599995, 0.4612928, 0.3872034, 0
0.8327591, 0.4715874, 0.4037282, 0
0.7279105, 0.4357228, 0.2031107, 0
0.5093005, 0.3425182, 0.4347225, 0
0.3707567, 0.4773501, 0.3164465, 0
0.7832171, 0.4528475, 0.1707824, 0
0.3969595, 0.3602152, 0.3082668, 0
0.780421, 0.3268544, 0.2996307, 0
0.3644679, 0.403934, 0.2350642, 0
0.4426384, 0.2893085, 0.3456735, 0
0.7501629, 0.3726628, 0.1879364, 0
0.6100397, 0.3328178, 0.4238533, 0
0.8805933, 0.441275, 0.2777411, 0
0.4309677, 0.4969784, 0.2693295, 0
0.7454425, 0.4581397, 0.2690285, 0
0.8342392, 0.3428938, 0.3681391, 0
0.755914, 0.3114674, 0.26402, 0
0.4422247, 0.5061564, 0.333369, 0
0.8008755, 0.505936, 0.3993404, 0
0.4556044, 0.3675842, 0.1881871, 0
0.3787368, 0.3464907, 0.3550349, 0
0.5908547, 0.4792576, 0.3230441, 0
0.4459439, 0.3511625, 0.2718003, 0
0.4186397, 0.2983559, 0.2821123, 0
0.8150394, 0.4290384, 0.2001422, 0
0.7286399, 0.2843074, 0.2613415, 0
0.3985227, 0.2911724, 0.3183314, 0
0.3644152, 0.4775387, 0.2798758, 0
0.5588774, 0.3586239, 0.4405715, 0
0.5853621, 0.3734027, 0.3961904, 0
0.8436817, 0.5513417, 0.1785642, 0
0.7450992, 0.5907304, 0.3101967, 0
0.7795956, 0.4620748, 0.2290473, 0
0.4005401, 0.4880334, 0.3850009, 0
0.4601933, 0.4688253, 0.4407659, 0
0.76858, 0.4712664, 0.2655059, 0
0.6384662, 0.3613606, 0.3575333, 0
0.4117828, 0.4071751, 0.239047, 0
0.7243891, 0.3353525, 0.3678305, 0
0.7285483, 0.4559455, 0.2810978, 0
0.440651, 0.3138465, 0.3527187, 0
0.6998672, 0.4377218, 0.2527425, 0
0.7561108, 0.3143912, 0.3556292, 0
0.7741488, 0.4337718, 0.2692711, 0
0.8071795, 0.3735335, 0.3383276, 0
0.8297728, 0.4866782, 0.3859583, 0
0.6831053, 0.3265864, 0.3153854, 0
0.4338652, 0.5490558, 0.3329536, 0
0.7561889, 0.3610278, 0.1966954, 0
0.7419717, 0.3117002, 0.2910277, 0
0.474614, 0.3820589, 0.4405992, 0
0.4217498, 0.3351147, 0.3228279, 0
0.7383753, 0.5247297, 0.3012433, 0
0.8349172, 0.5660431, 0.2195206, 0
0.7507095, 0.4729955, 0.3021142, 0
0.6655803, 0.3343683, 0.3446365, 0
0.8406461, 0.5501689, 0.2342623, 0
0.4378126, 0.2899944, 0.3529194, 0
0.6545852, 0.4029506, 0.2692911, 0
0.8396637, 0.556254, 0.2230559, 0
0.7488799, 0.3161404, 0.3578382, 0
0.6837393, 0.3996554, 0.3314959, 0
0.622731, 0.3619696, 0.4240092, 0
0.3856893, 0.4557696, 0.3158873, 0
0.686515, 0.4056706, 0.2338077, 0
0.3906999, 0.4042286, 0.24614, 0
0.4342158, 0.5097091, 0.3139628, 0
0.7980779, 0.4108655, 0.318712, 0
0.6896296, 0.5055237, 0.2782643, 0
0.565691, 0.3862192, 0.2848902, 0
0.3807483, 0.3992641, 0.21279, 0
0.6070713, 0.330163, 0.2849541, 0
0.6519317, 0.3268571, 0.2846299, 0
0.4051091, 0.5149341, 0.2766292, 0
0.5503438, 0.411929, 0.3869326, 0
0.3646894, 0.4595349, 0.2670488, 0
0.8444842, 0.3523202, 0.2510704, 0
0.5476829, 0.4078408, 0.1889091, 0
0.549629, 0.5405486, 0.3254815, 0
0.4285866, 0.3884897, 0.240978, 0
0.7431649, 0.4943758, 0.2147757, 0
0.8545258, 0.3996622, 0.2190106, 0
0.4812724, 0.49349, 0.3475386, 0
0.7451081, 0.2725202, 0.3480646, 0
0.353087, 0.3727956, 0.245923, 0
0.6638564, 0.3393401, 0.3791039, 0
0.8003977, 0.4166077, 0.3553808, 0
0.4096574, 0.5340738, 0.2980252, 0
0.590591, 0.4142968, 0.2252807, 0
0.8316588, 0.3326911, 0.3185109, 0
0.4195512, 0.4912672, 0.3005038, 0
0.4761151, 0.4038665, 0.3989587, 0
0.4414403, 0.2875109, 0.3044826, 0
0.774725, 0.4998273, 0.3076902, 0
0.6034048, 0.4033052, 0.3160428, 0
0.6115384, 0.4012862, 0.228436, 0
0.8181566, 0.3345617, 0.2584892, 0
0.7231348, 0.4776257, 0.2331377, 0
0.4230876, 0.3162639, 0.4152628, 0
0.4270194, 0.432698, 0.4060664, 0
0.5010694, 0.4541387, 0.3264885, 0
0.3619505, 0.454154, 0.3569449, 0
0.8003837, 0.5779477, 0.3110895, 0
0.4787849, 0.4409131, 0.4255272, 0
0.5056403, 0.4565469, 0.4071591, 0
0.6218055, 0.3670681, 0.2577361, 0
0.8465458, 0.5782741, 0.2263617, 0
0.5716406, 0.3820633, 0.289086, 0
0.7702875, 0.3633947, 0.3330541, 0
0.7161039, 0.3515833, 0.1983434, 0
0.7262346, 0.3781667, 0.3823853, 0
0.7470359, 0.5780128, 0.3659249, 0
0.6045225, 0.3678355, 0.2034102, 0
0.4624684, 0.3815725, 0.3447947, 0
0.641525, 0.3902271, 0.3120565, 0
0.4978945, 0.3111806, 0.3708534, 0
0.8585318, 0.4541526, 0.3081613, 0
0.8731096, 0.4195056, 0.3338549, 0
0.7347085, 0.5193501, 0.3084396, 0
0.8271155, 0.4710864, 0.1887949, 0
0.5134362, 0.3125588, 0.2032039, 0
0.544346, 0.4480618, 0.2913632, 0
0.4950447, 0.3111765, 0.3819483, 0
0.383607, 0.3967071, 0.2920649, 0
0.4001592, 0.4254581, 0.3568901, 0
0.3685364, 0.3693427, 0.2506372, 0
0.4987795, 0.3421767, 0.2653306, 0
0.5256547, 0.3409563, 0.4449302, 0
0.4550472, 0.3440246, 0.3176166, 0
0.5597456, 0.3714371, 0.4130535, 0
0.7473844, 0.4428227, 0.2795789, 0
0.3714587, 0.3562636, 0.347666, 0
0.6002449, 0.3526047, 0.3223734, 0
0.7052228, 0.4147153, 0.3452739, 0
0.8390098, 0.481584, 0.1901475, 0
0.5094279, 0.5108305, 0.2633861, 0
0.4313097, 0.3978254, 0.2060802, 0
0.6676399, 0.4369584, 0.2529467, 0
0.5585837, 0.3948091, 0.2262207, 0
0.4731887, 0.346439, 0.308, 0
0.3935337, 0.4061925, 0.4233096, 0
0.4249933, 0.5245155, 0.3028885, 0
0.7738774, 0.3030923, 0.3483359, 0
0.8172873, 0.4708673, 0.3435658, 0
0.6263607, 0.503296, 0.2780487, 0
0.684599, 0.4605636, 0.3388405, 0
0.6963024, 0.4956544, 0.2744398, 0
0.8770673, 0.3854567, 0.2999645, 0
0.4901027, 0.2972757, 0.264623, 0
0.7523659, 0.2945807, 0.342012, 0
0.4095431, 0.30317, 0.2734791, 0
0.7813479, 0.4265294, 0.3656114, 0
0.427319, 0.4309154, 0.2280787, 0
0.4478887, 0.3363757, 0.206615, 0
0.543295, 0.4372025, 0.3164162, 0
0.462617, 0.4922491, 0.3600293, 0
0.5683896, 0.3488027, 0.2604388, 0
0.4935597, 0.3351859, 0.2630242, 0
0.630834, 0.3155002, 0.3809634, 0
0.3997329, 0.3853746, 0.3109291, 0
0.8491759, 0.5156549, 0.1638222, 0
0.5419278, 0.4916453, 0.3488615, 0
0.4687004, 0.4322216, 0.3291123, 0
0.5120432, 0.3850536, 0.181952, 0
0.6080389, 0.4027683, 0.2707265, 0
0.5098664, 0.4973446, 0.2511679, 0
0.6087113, 0.3576572, 0.2194068, 0
0.6366539, 0.3507571, 0.2455983, 0
0.4574427, 0.390615, 0.2128946, 0
0.6139278, 0.3690366, 0.318151, 0
0.8725029, 0.4889185, 0.2158593, 0
0.4110366, 0.2986601, 0.3656018, 0
0.3708765, 0.4153468, 0.2826577, 0
0.3860753, 0.4335119, 0.4219065, 0
0.8621818, 0.4792176, 0.1800471, 0
0.7377533, 0.2777833, 0.3288102, 0
0.7555676, 0.557816, 0.2807426, 0
0.7298185, 0.4545798, 0.3734601, 0
0.8501254, 0.4157117, 0.3108937, 0
0.5539232, 0.3267265, 0.2012902, 0
0.4194393, 0.3806659, 0.4143822, 0
0.7350742, 0.4866349, 0.2197998, 0
0.8456599, 0.5044718, 0.2248323, 0
0.5104898, 0.3833617, 0.3350561, 0
0.7160468, 0.3253194, 0.2786545, 0
0.7918133, 0.5833145, 0.3655604, 0
0.8758118, 0.3166713, 0.2668322, 0
0.4287314, 0.4604274, 0.2922437, 0
0.8065445, 0.3401572, 0.3440695, 0
0.544779, 0.3789017, 0.4406146, 0
0.4973435, 0.4678025, 0.2769973, 0
0.7172932, 0.3449043, 0.2692774, 0
0.6531346, 0.3159216, 0.2731577, 0
0.4690517, 0.4327122, 0.333471, 0
0.3879371, 0.4416017, 0.2552141, 0
0.8480145, 0.4693878, 0.1636132, 0
0.6383922, 0.3611519, 0.3586033, 0
0.8262843, 0.5017383, 0.3410689, 0
0.6296593, 0.3508623, 0.4259266, 0
0.4701952, 0.4479617, 0.4517333, 0
0.4926257, 0.4110504, 0.3873593, 0
0.3949392, 0.4444904, 0.2193003, 0
0.3929209, 0.4871361, 0.3311974, 0
0.4402134, 0.3999118, 0.373116, 0
0.4373651, 0.360835, 0.2652709, 0
0.8265946, 0.5197225, 0.2249561, 0
0.7795611, 0.4541957, 0.3696974, 0
0.8588758, 0.5105166, 0.2140041, 0
0.3747284, 0.4978305, 0.2897617, 0
0.8011758, 0.3321108, 0.3550031, 0
0.5126, 0.4404561, 0.3657565, 0
0.5081336, 0.3727652, 0.3026423, 0
0.7274712, 0.4147195, 0.226936, 0
0.8019121, 0.5363961, 0.3281335, 0
0.6391866, 0.269278, 0.2764938, 0
0.8294296, 0.4880484, 0.3940381, 0
0.3528575, 0.3420679, 0.2747354, 0
0.6003256, 0.3263114, 0.3283937, 0
0.7640206, 0.4319114, 0.334293, 0
0.5983735, 0.3134252, 0.2611557, 0
0.6162414, 0.3261676, 0.3548743, 0
0.6784902, 0.4610451, 0.3190029, 0
0.62627, 0.4436165, 0.2736424, 0
0.6035109, 0.477999, 0.2416698, 0
0.8551429, 0.3888897, 0.242741, 0
0.4363169, 0.4224244, 0.3297408, 0
0.4057212, 0.5207338, 0.3019314, 0
0.5271752, 0.429796, 0.2749949, 0
0.6885742, 0.2793116, 0.334625, 0
0.5329574, 0.513398, 0.2907244, 0
0.4408336, 0.302668, 0.3403472, 0
0.859822, 0.390411, 0.3232734, 0
0.5196211, 0.4951019, 0.3029782, 0
0.6262976, 0.3581596, 0.3900133, 0
0.8195012, 0.5440469, 0.2694563, 0
0.8104759, 0.4912689, 0.4241153, 0
0.7957987, 0.3656708, 0.1949105, 0
0.8558811, 0.362617, 0.3843641, 0
0.4611261, 0.2979678, 0.3276456, 0
0.4505237, 0.4810154, 0.3730282, 0
0.7988386, 0.4582829, 0.31865, 0
0.630442, 0.4755368, 0.3672875, 0
0.8430858, 0.5049154, 0.1977017, 0
0.5532791, 0.4404944, 0.2101364, 0
0.7309393, 0.522632, 0.325255, 0
0.4745264, 0.3653672, 0.2508184, 0
0.7688353, 0.428025, 0.3249785, 0
0.5510966, 0.3805766, 0.1982419, 0
0.4513151, 0.4112673, 0.4234971, 0
0.7738447, 0.491949, 0.4119604, 0
0.7014889, 0.3031932, 0.3949849, 0
0.7983336, 0.6083282, 0.3854654, 0
0.4265232, 0.4497095, 0.3292727, 0
0.8331766, 0.5392126, 0.4120076, 0
0.6200718, 0.2788278, 0.3188239, 0
0.4474809, 0.4274597, 0.4561161, 0
0.7818047, 0.4845489, 0.3047198, 0
0.4623947, 0.3095793, 0.3309613, 0
0.4259145, 0.4013536, 0.4216968, 0
0.7645216, 0.3708911, 0.3898306, 0
0.5576529, 0.3301414, 0.2458969, 0
0.7443503, 0.477451, 0.3047432, 0
0.5939162, 0.3179943, 0.3296609, 0
0.6915563, 0.3647208, 0.2112296, 0
0.6173925, 0.3946296, 0.3172238, 0
0.7156598, 0.4936183, 0.3024495, 0
0.3979885, 0.3067117, 0.3867775, 0
0.5109283, 0.3219265, 0.2192669, 0
0.673274, 0.4040329, 0.2680898, 0
0.4720283, 0.5356029, 0.3453134, 0
0.7813675, 0.4100099, 0.2999701, 0
0.440396, 0.3107314, 0.3146322, 0
0.6481851, 0.4268799, 0.2138535, 0
0.7344285, 0.4671645, 0.2697797, 0
0.6734095, 0.2844241, 0.2483345, 0
0.7123638, 0.3544879, 0.2730038, 0
0.5396466, 0.3771422, 0.3591608, 0
0.5945048, 0.3628711, 0.3443021, 0
0.4499518, 0.3131945, 0.2382795, 0
0.5159113, 0.4041059, 0.4587472, 0
0.3559467, 0.4217314, 0.2588837, 0
0.672138, 0.4501472, 0.2991367, 0
0.7110427, 0.445142, 0.3313599, 0
0.6338579, 0.3801432, 0.4394345, 0
0.3634046, 0.4895676, 0.3134882, 0
0.4348294, 0.3907558, 0.3393591, 0
0.3576497, 0.4140038, 0.2533767, 0
0.5971746, 0.2965437, 0.2138321, 0
0.3713146, 0.3834262, 0.3140928, 0
0.7488384, 0.4603698, 0.2955718, 0
0.84624, 0.3469041, 0.2364061, 0
0.3829736, 0.3591322, 0.2346058, 0
0.7246177, 0.4596915, 0.2686552, 0
0.8403415, 0.3923269, 0.3710409, 0
0.5493406, 0.3758583, 0.37463, 0
0.4802955, 0.4173831, 0.3425045, 0
0.4669438, 0.3917245, 0.264057, 0
0.612551, 0.3272239, 0.3799292, 0
0.715064, 0.4116815, 0.3617384, 0
0.4709119, 0.3166726, 0.3273381, 0
0.7162981, 0.3288909, 0.4062283, 0
0.6407714, 0.4562905, 0.3744816, 0
0.7390097, 0.5313295, 0.3009998, 0
0.6433629, 0.4398641, 0.2218769, 0
0.647092, 0.3953835, 0.3890822, 0
0.5089231, 0.4634582, 0.3922491, 0
0.6017303, 0.5175575, 0.3079089, 0
0.4261727, 0.3958935, 0.2647628, 0
0.5032228, 0.470384, 0.2689717, 0
0.5782711, 0.3363355, 0.2876229, 0
0.7415288, 0.4585589, 0.2770998, 0
0.4182755, 0.3214549, 0.270324, 0
0.4681768, 0.3124523, 0.3003905, 0
0.5799803, 0.4795649, 0.328306, 0
0.8097303, 0.3405409, 0.3887041, 0
0.7482338, 0.5685831, 0.2234647, 0
0.8900737, 0.3485115, 0.2736574, 0
0.8246024, 0.4992708, 0.3980654, 0
0.7549796, 0.2769795, 0.3275566, 0
0.6670473, 0.3381607, 0.3212402, 0
0.6082513, 0.2923826, 0.2733869, 0
0.5037679, 0.3266081, 0.317615, 0
0.528474, 0.3543526, 0.343036, 0
0.6649601, 0.2889962, 0.3817458, 0
0.7186482, 0.3536343, 0.2588113, 0
0.6807536, 0.5200641, 0.2933275, 0
0.5694002, 0.3582006, 0.2336964, 0
0.4509642, 0.4259707, 0.4554227, 0
0.3573133, 0.475759, 0.292122, 0
0.685113, 0.3845798, 0.3349206, 0
0.8321872, 0.4577242, 0.2855523, 0
0.4244371, 0.4521946, 0.3308, 0
0.7278448, 0.366915, 0.2639185, 0
0.6404518, 0.3588271, 0.1901795, 0
0.7459769, 0.4436783, 0.3404154, 0
0.652194, 0.3369797, 0.3717247, 0
0.7440307, 0.4638748, 0.3127292, 0
0.6289151, 0.3274045, 0.2339898, 0
0.4687033, 0.4559578, 0.2153195, 0
0.7249984, 0.3058972, 0.2926958, 0
0.4011226, 0.4380512, 0.2971131, 0
0.7481793, 0.3891644, 0.2620034, 0
0.7958961, 0.5310239, 0.3853881, 0
0.4708992, 0.4463823, 0.2948632, 0
0.7820212, 0.4079888, 0.1807047, 0
0.4430723, 0.4612296, 0.3157376, 0
0.5939652, 0.3958864, 0.4405298, 0
0.8394306, 0.375924, 0.4021022, 0
0.4210383, 0.4072028, 0.2209315, 0
0.527153, 0.4037732, 0.276254, 0
0.780637, 0.3068525, 0.3486862, 0
0.6189657, 0.2721959, 0.3563308, 0
0.5283326, 0.5099928, 0.3462338, 0
0.5661606, 0.4055512, 0.4372384, 0
0.394321, 0.3254852, 0.3530599, 0
0.7754037, 0.5510778, 0.3710578, 0
0.7626638, 0.5705158, 0.2417238, 0
0.6767961, 0.4205048, 0.2757678, 0
0.7904431, 0.4948021, 0.400773, 0
0.7714177, 0.5650214, 0.3291363, 0
0.4514011, 0.2903019, 0.2779059, 0
0.559636, 0.3029456, 0.2941282, 0
0.4031227, 0.4398304, 0.2775479, 0
0.8330821, 0.3846271, 0.2728398, 0
0.416148, 0.4910401, 0.4141376, 0
0.8149748, 0.4693713, 0.3624413, 0
0.7626168, 0.5545409, 0.1908029, 0
0.8461633, 0.4820586, 0.2354516, 0
0.472887, 0.3364217, 0.4345469, 0
0.6511585, 0.3203166, 0.3595908, 0
0.8170301, 0.5550768, 0.2347476, 0
0.5585351, 0.3574169, 0.4145602, 0
0.6225121, 0.3155343, 0.3007955, 0
0.4464828, 0.29713, 0.384569, 0
0.7958412, 0.3256789, 0.2488989, 0
0.4866005, 0.308448, 0.3911328, 0
0.8012449, 0.5286679, 0.2224081, 0
0.6447361, 0.3648979, 0.2364864, 0
0.7692093, 0.3274879, 0.3075325, 0
0.6745824, 0.4289225, 0.3706588, 0
0.7483711, 0.4127764, 0.363266, 0
0.7633377, 0.279054, 0.3449326, 0
0.3930016, 0.3684862, 0.2576176, 0
0.5213603, 0.4162115, 0.1967774, 0
0.4626771, 0.4482726, 0.394985, 0
0.3967105, 0.3042336, 0.3749744, 0
0.5794895, 0.3976887, 0.3463679, 0
0.6171983, 0.4132601, 0.2065939, 0
0.8319538, 0.4642732, 0.359313, 0
0.4085786, 0.4130298, 0.2181764, 0
0.698568, 0.3688794, 0.3805029, 0
0.3862001, 0.4019011, 0.3582441, 0
0.366703, 0.4098216, 0.3378578, 0
0.681448, 0.3725908, 0.3461413, 0
0.7621288, 0.3956998, 0.392728, 0
0.732185, 0.4507399, 0.362568, 0
0.6332293, 0.2994352, 0.2154563, 0
0.7713975, 0.5249465, 0.2799932, 0
0.6473248, 0.3645038, 0.4028704, 0
0.5462941, 0.4483544, 0.3202072, 0
0.5915277, 0.29526, 0.2695899, 0
0.8521875, 0.4112692, 0.2446868, 0
0.5522893, 0.3870005, 0.3509291, 0
0.5150318, 0.3109118, 0.2928197, 0
0.5633854, 0.3698691, 0.3331501, 0
0.5736214, 0.2974058, 0.300864, 0
0.8391071, 0.555465, 0.3210198, 0
0.871268, 0.5147212, 0.2490773, 0
0.37936, 0.3767847, 0.343842, 0
0.6403999, 0.3461937, 0.2594667, 0
0.3690959, 0.3939992, 0.3920138, 0
0.6530108, 0.4652619, 0.2382551, 0
0.8923194, 0.3431791, 0.2232174, 0
0.6096074, 0.4227733, 0.3620628, 0
0.5959597, 0.4740291, 0.3796719, 0
0.6447816, 0.2853032, 0.3814608, 0
0.492446, 0.4674062, 0.3584373, 0
0.7103481, 0.3021305, 0.3092197, 0
0.3369036, 0.4034945, 0.269667, 0
0.3961006, 0.3869388, 0.3138468, 0
0.3747015, 0.4251869, 0.2668817, 0
0.3947372, 0.4704207, 0.3749132, 0
0.6170517, 0.5048562, 0.3247876, 0
0.717346, 0.5015494, 0.2961964, 0
0.784361, 0.4577144, 0.3704005, 0
0.5998929, 0.5092676, 0.2854683, 0
0.7056547, 0.4465438, 0.2621771, 0
0.3719831, 0.4194692, 0.3729096, 0
0.4605646, 0.4225584, 0.3190146, 0
0.6303477, 0.4295765, 0.2659426, 0
0.7940542, 0.3366996, 0.4066907, 0
0.8293391, 0.5263258, 0.2483505, 0
0.7036213, 0.4783951, 0.2763726, 0
0.5972099, 0.2680424, 0.3211529, 0
0.4051276, 0.3076918, 0.3860998, 0
0.7824536, 0.5776695, 0.2482709, 0
0.531186, 0.427407, 0.2857055, 0
0.7515409, 0.526007, 0.2292243, 0
0.8449912, 0.5548843, 0.3618577, 0
0.601752, 0.336293, 0.3024356, 0
0.3840778, 0.3945144, 0.4203375, 0
0.8863859, 0.4100111, 0.2090265, 0
0.7475468, 0.539199, 0.244225, 0
0.4256428, 0.458775, 0.3510944, 0
0.5209757, 0.3388402, 0.2484758, 0
0.7859353, 0.4344374, 0.2061829, 0
0.6039192, 0.4511535, 0.3260956, 0
0.4414439, 0.4185559, 0.452822, 0
0.6861659, 0.3848343, 0.3549317, 0
0.5249621, 0.2926064, 0.244007, 0
0.4687116, 0.3314928, 0.3303758, 0
0.4602524, 0.297781, 0.3327805, 0
0.5443113, 0.4055659, 0.3875391, 0
0.5903318, 0.4654806, 0.3174081, 0
0.4999979, 0.4894949, 0.3260998, 0
0.4181741, 0.4237016, 0.3044072, 0
0.6406959, 0.4069133, 0.4118236, 0
0.8170652, 0.4924653, 0.2642336, 0
0.4210047, 0.4276759, 0.2425174, 0
0.8244829, 0.5569422, 0.3845841, 0
0.424669, 0.28857, 0.3376449, 0
0.4411748, 0.2920209, 0.2875829, 0
0.7164153, 0.3730605, 0.39143, 0
0.8054815, 0.3447628, 0.3043071, 0
0.5344493, 0.3051645, 0.2280893, 0
0.4054828, 0.445428, 0.4118715, 0
0.415439, 0.509182, 0.3356593, 0
0.8153003, 0.5056882, 0.2481709, 0
0.3654701, 0.4531952, 0.2737912, 0
0.7516596, 0.4293479, 0.2666419, 0
0.7268109, 0.4932268, 0.270054, 0
0.6971632, 0.4903907, 0.2945643, 0
0.5371601, 0.4664432, 0.4156569, 0
0.7174014, 0.3001445, 0.404768, 0
0.822457, 0.5361565, 0.3479061, 0
0.8088447, 0.4048896, 0.3899538, 0
0.3863028, 0.3660494, 0.3856901, 0
0.4116718, 0.3096408, 0.391557, 0
0.7429599, 0.5435813, 0.3276816, 0
0.7499005, 0.4959435, 0.1769614, 0
0.4494083, 0.2920745, 0.3513501, 0
0.4813125, 0.5000748, 0.3419314, 0
0.6332701, 0.3627776, 0.2103956, 0
0.8863153, 0.4574091, 0.3361547, 0
0.8516706, 0.3673077, 0.3103845, 0
0.7219918, 0.3392182, 0.2900712, 0
0.6670491, 0.4123224, 0.2101444, 0
0.6045812, 0.3277003, 0.2997869, 0
0.884841, 0.3890728, 0.3585924, 0
0.5454926, 0.4431801, 0.3147769, 0
0.431515, 0.448811, 0.261093, 0
0.404549, 0.2915372, 0.3420284, 0
0.6758716, 0.3667474, 0.2514027, 0
0.60913, 0.3131611, 0.224184, 0
0.8328518, 0.5041463, 0.3434508, 0
0.4267786, 0.4553373, 0.279458, 0
0.7864094, 0.5901732, 0.4013898, 0
0.4005283, 0.2905643, 0.3144792, 0
0.704081, 0.3934745, 0.3022805, 0
0.8462262, 0.491651, 0.4180214, 0
0.4556811, 0.3154605, 0.3968298, 0
0.7872918, 0.4774464, 0.1988068, 0
0.8330815, 0.3998588, 0.3494372, 0
0.7920898, 0.3275824, 0.2784109, 0
0.4448518, 0.3218252, 0.428236, 0
0.6031733, 0.3121113, 0.2053974, 0
0.627723, 0.3705385, 0.2865297, 0
0.4894837, 0.4598993, 0.3185652, 0
0.6964412, 0.4735926, 0.2338479, 0
0.7859759, 0.3417958, 0.3322725, 0
0.5709775, 0.4950856, 0.2884573, 0
0.507345, 0.4986201, 0.3785004, 0
0.8001556, 0.378462, 0.3371259, 0
0.727098, 0.35238, 0.3747149, 0
0.7175145, 0.4869816, 0.3505915, 0
0.751433, 0.3635288, 0.2293227, 0
0.3541844, 0.4162202, 0.284931, 0
0.4590207, 0.2961273, 0.3660711, 0
0.356465, 0.3708048, 0.2422848, 0
0.37179, 0.414013, 0.3329583, 0
0.5376652, 0.4295661, 0.4379565, 0
0.3979281, 0.3233552, 0.3495553, 0
0.6089336, 0.3182123, 0.3433648, 0
0.6059118, 0.3797122, 0.3290083, 0
0.7082036, 0.4529642, 0.3064305, 0
0.5420944, 0.3509321, 0.4385378, 0
0.8398007, 0.4847576, 0.3430646, 0
0.7345784, 0.4988096, 0.3687036, 0
0.7196027, 0.430592, 0.314014, 0
0.5929711, 0.4168057, 0.2901712, 0
0.8037669, 0.366452, 0.2919569, 0
0.5148076, 0.3382365, 0.3087648, 0
0.7124772, 0.4991947, 0.2914276, 0
0.4864455, 0.3143654, 0.4025511, 0
0.6904128, 0.3388875, 0.3461158, 0
0.364945, 0.404532, 0.4044843, 0
0.5526119, 0.3441435, 0.4051119, 0
0.7340907, 0.2854412, 0.2865942, 0
0.830788, 0.4404535, 0.1699437, 0
0.6873969, 0.2862516, 0.2647412, 0
0.5942156, 0.3340587, 0.2707107, 0
0.769163, 0.5279961, 0.1699023, 0
0.4872178, 0.4009805, 0.1992059, 0
0.7991753, 0.4955412, 0.2794063, 0
0.6539444, 0.3045024, 0.3445306, 0
0.8223601, 0.5251892, 0.3629982, 0
0.5384123, 0.446748, 0.3412808, 0
0.4078737, 0.3682933, 0.225797, 0
0.6882435, 0.5027184, 0.2803979, 0
0.6290753, 0.4309188, 0.3657829, 0
0.8128256, 0.5896464, 0.2983856, 0
0.454832, 0.2910873, 0.276061, 0
0.6037998, 0.3792928, 0.3928834, 0
0.4385769, 0.4282379, 0.4428488, 0
0.4156175, 0.2956642, 0.3645094, 0
0.7814884, 0.4448311, 0.2091318, 0
0.613852, 0.297988, 0.2126113, 0
0.6287996, 0.3488224, 0.2906397, 0
0.8095175, 0.5389066, 0.3214794, 0
0.6130605, 0.4239409, 0.3322278, 0
0.5131173, 0.4909208, 0.3941227, 0
0.8082353, 0.3418858, 0.3738445, 0
0.5164838, 0.3258609, 0.387929, 0
0.7389849, 0.344418, 0.2650545, 0
0.4555515, 0.4231859, 0.4545417, 0
0.3801876, 0.4458526, 0.3558708, 0
0.7917383, 0.3789249, 0.1824782, 0
0.380868, 0.5135544, 0.3401142, 0
0.7741251, 0.539975, 0.3565714, 0
0.6822955, 0.5185094, 0.2895344, 0
0.711358, 0.2925389, 0.3270441, 0
0.583387, 0.4772139, 0.2814571, 0
0.3870263, 0.400233, 0.2992603, 0
0.6865004, 0.321716, 0.3655313, 0
0.7819616, 0.5612913, 0.2311214, 0
0.3669104, 0.3793492, 0.3876897, 0
0.4782034, 0.4744712, 0.2068351, 0
0.4526382, 0.3438199, 0.3141, 0
0.7443646, 0.4336239, 0.2530461, 0
0.7942787, 0.4289984, 0.3869356, 0
0.5936887, 0.3793388, 0.2855716, 0
0.7765721, 0.3302399, 0.3549783, 0
0.3757358, 0.3474787, 0.2455194, 0
0.4887811, 0.3699316, 0.3665481, 0
0.6716096, 0.3513922, 0.3336247, 0
0.8652003, 0.4669102, 0.1943476, 0
0.8406527, 0.5456844, 0.2825255, 0
0.8815931, 0.4431701, 0.2837936, 0
0.3622283, 0.4692152, 0.2749311, 0
0.6113578, 0.3084729, 0.234139, 0
0.8304693, 0.5574907, 0.3718816, 0
0.3769884, 0.5115673, 0.3353774, 0
0.6750669, 0.3732637, 0.3785658, 0
0.4807081, 0.3264385, 0.2365846, 0
0.5695154, 0.3354204, 0.4266416, 0
0.5235288, 0.3391888, 0.3903549, 0
0.3680215, 0.415157, 0.4007243, 0
0.6592883, 0.426256, 0.2109691, 0
0.4543386, 0.4890047, 0.3397685, 0
0.4021981, 0.3934289, 0.3343692, 0
0.6971082, 0.497431, 0.2759762, 0
0.3682098, 0.4899584, 0.288932, 0
0.7722964, 0.3668999, 0.3688181, 0
0.648572, 0.286619, 0.3444194, 0
0.8447684, 0.3663864, 0.3514842, 0
0.3619592, 0.4284866, 0.3617072, 0
0.6355796, 0.378512, 0.3887546, 0
0.6876307, 0.3761649, 0.1881493, 0
0.7414591, 0.4693157, 0.2117272, 0
0.6297036, 0.3072529, 0.2821631, 0
0.4137332, 0.4169821, 0.3027489, 0
0.4833523, 0.3504352, 0.4269754, 0
0.6602194, 0.3496156, 0.2984685, 0
0.7570251, 0.3935256, 0.4044789, 0
0.8253359, 0.3865315, 0.2464714, 0
0.5609046, 0.5312698, 0.3196363, 0
0.449776, 0.3190533, 0.429267, 0
0.3894733, 0.3714062, 0.2725344, 0
0.5392613, 0.3069521, 0.26641, 0
0.4894755, 0.5032447, 0.3907128, 0
0.7055753, 0.4611592, 0.3570661, 0
0.7707061, 0.4684312, 0.2197431, 0
0.4741068, 0.4564522, 0.4415811, 0
0.3513574, 0.4501314, 0.3368036, 0
0.5875924, 0.3918689, 0.289996, 0
0.4699648, 0.3249094, 0.2077155, 0
0.4462981, 0.2866789, 0.2894404, 0
0.7603247, 0.4690468, 0.3344158, 0
0.4550264, 0.4766344, 0.3762884, 0
0.4802712, 0.4584543, 0.3410926, 0
0.6314353, 0.3090482, 0.2659709, 0
0.4940857, 0.3090608, 0.3776819, 0
0.6152052, 0.3262234, 0.4037969, 0
0.7520803, 0.5201482, 0.2658301, 0
0.3731556, 0.5072953, 0.3408299, 0
0.5599096, 0.3199153, 0.2843444, 0
0.4965301, 0.3227308, 0.2462835, 0
0.6074915, 0.2862357, 0.367695, 0
0.5187958, 0.3352527, 0.2797298, 0
0.4715805, 0.5205294, 0.3623862, 0
0.4223388, 0.332076, 0.3463413, 0
0.7488738, 0.5404332, 0.2550705, 0
0.4604544, 0.3570816, 0.3264822, 0
0.5210001, 0.4306946, 0.3232081, 0
0.7377682, 0.5683982, 0.2922329, 0
0.8258673, 0.5299675, 0.1853487, 0
0.7332004, 0.4221828, 0.213293, 0
0.8712624, 0.3848452, 0.2989222, 0
0.6374692, 0.3206179, 0.2791579, 0
0.5714373, 0.3901123, 0.4439172, 0
0.386615, 0.4329075, 0.2370626, 0
0.4360285, 0.5365176, 0.3251046, 0
0.8101404, 0.501675, 0.2144781, 0
0.7649851, 0.5577199, 0.3327202, 0
0.7451096, 0.4505077, 0.3892304, 0
0.4926118, 0.3522566, 0.2646833, 0
0.3614512, 0.4801205, 0.2887706, 0
0.7493488, 0.3549512, 0.363743, 0
0.7996528, 0.3438824, 0.2484571, 0
0.5574341, 0.290306, 0.2590183, 0
0.4778931, 0.3563323, 0.4422699, 0
0.4499991, 0.2999618, 0.3312905, 0
0.7831343, 0.4786314, 0.2424737, 0
0.733782, 0.5158348, 0.3380928, 0
0.7443023, 0.3394602, 0.3463849, 0
0.5601472, 0.3259589, 0.3513007, 0
0.8109486, 0.3464971, 0.3655942, 0
0.8723034, 0.4873516, 0.3666807, 0
0.5737554, 0.4192851, 0.4113593, 0
0.4806494, 0.3315894, 0.3408401, 0
0.3728453, 0.5060058, 0.343338, 0
0.400757, 0.3898743, 0.2729593, 0
0.5730882, 0.3563781, 0.1889387, 0
0.4960775, 0.4493398, 0.4417664, 0
0.5584189, 0.3381734, 0.2790834, 0
0.61754, 0.3567981, 0.3993418, 0
0.7431597, 0.4235225, 0.2111676, 0
0.5139155, 0.357749, 0.2959791, 0
0.6810069, 0.3549561, 0.3685397, 0
0.8340198, 0.3969963, 0.2985633, 0
0.3732963, 0.2983167, 0.3211134, 0
0.7387345, 0.4142166, 0.3547521, 0
0.787009, 0.320402, 0.3548714, 0
0.7963107, 0.4217074, 0.401259, 0
0.3708224, 0.3802425, 0.2798923, 0
0.5485849, 0.4600921, 0.377357, 0
0.5087085, 0.4244132, 0.437507, 0
0.7463272, 0.3203017, 0.3866522, 0
0.6445768, 0.484275, 0.3216051, 0
0.5374404, 0.3797986, 0.2133564, 0
0.5226266, 0.4211272, 0.3364682, 0
0.8039013, 0.5438575, 0.2179496, 0
0.5170923, 0.4175243, 0.2770203, 0
0.8832052, 0.4123361, 0.1853658, 0
0.6494741, 0.3381447, 0.1888056, 0
0.6020669, 0.2984542, 0.3809564, 0
0.8561645, 0.5372084, 0.2344978, 0
0.8576834, 0.3500319, 0.2318295, 0
0.491611, 0.3876939, 0.2568159, 0
0.8645601, 0.5368794, 0.2584513, 0
0.446629, 0.5128123, 0.3203897, 0
0.7989854, 0.4006115, 0.242347, 0
0.7798286, 0.5662373, 0.3633933, 0
0.5669218, 0.41156, 0.3426788, 0
0.6238134, 0.431955, 0.3910174, 0
0.815287, 0.393833, 0.4060765, 0
0.4028193, 0.4718105, 0.4157742, 0
0.5657812, 0.2864464, 0.2596957, 0
0.7796346, 0.3113742, 0.3744965, 0
0.5626893, 0.3478251, 0.4177608, 0
0.8076489, 0.5053535, 0.3041646, 0
0.8191227, 0.4518284, 0.3248894, 0
0.585653, 0.3190268, 0.3978472, 0
0.8119172, 0.580798, 0.2974595, 0
0.6180818, 0.2887728, 0.3699493, 0
0.5980669, 0.2846964, 0.3291514, 0
0.4323287, 0.4674929, 0.2259301, 0
0.4270827, 0.3172576, 0.3517144, 0
0.6813906, 0.4237841, 0.2518794, 0
0.4477941, 0.291649, 0.361256, 0
0.8066304, 0.5549892, 0.3215552, 0
0.488219, 0.4011146, 0.2502511, 0
0.6522042, 0.4469453, 0.2799053, 0
0.6226107, 0.3792269, 0.4402297, 0
0.6058838, 0.5136611, 0.2790247, 0
0.5917832, 0.3377006, 0.2073894, 0
0.3874179, 0.3553824, 0.241882, 0
0.8052218, 0.5175775, 0.2600046, 0
0.5253151, 0.3990886, 0.2558863, 0
0.6531545, 0.4003782, 0.2894812, 0
0.7621394, 0.4240172, 0.180324, 0
0.6761962, 0.3587194, 0.2544913, 0
0.5678221, 0.3508661, 0.2761171, 0
0.6476554, 0.4428467, 0.3514061, 0
0.3765056, 0.4399835, 0.2648269, 0
0.8497983, 0.4455345, 0.2621835, 0
0.5690547, 0.3139876, 0.3353645, 0
0.5774767, 0.385407, 0.2398809, 0
0.727076, 0.519961, 0.3276121, 0
0.365113, 0.441898, 0.2738222, 0
0.4353477, 0.3264931, 0.2517491, 0
0.4491327, 0.427112, 0.3409007, 0
0.4487013, 0.3146181, 0.2442962, 0
0.5719656, 0.404819, 0.3053763, 0
0.7077788, 0.4952243, 0.2809125, 0
0.6683443, 0.3337142, 0.3918747, 0
0.7911626, 0.5383646, 0.2800041, 0
0.79022, 0.5354279, 0.2452595, 0
0.8128757, 0.4525377, 0.2429868, 0
0.8355669, 0.5008425, 0.305935, 0
0.7163166, 0.3856524, 0.238865, 0
0.469612, 0.4064886, 0.4417582, 0
0.7962716, 0.3274686, 0.3346015, 0
0.6374344, 0.3923189, 0.2943836, 0
0.8562588, 0.3487089, 0.36782, 0
0.4997956, 0.3276414, 0.2447344, 0
0.3659982, 0.3820642, 0.2743298, 0
0.4763849, 0.4967608, 0.3703626, 0
0.5805191, 0.4505998, 0.4091074, 0
0.6352008, 0.4673664, 0.3446199, 0
0.3683759, 0.4968281, 0.3427263, 0
0.7580544, 0.5575302, 0.2800403, 0
0.7679794, 0.3114277, 0.2704234, 0
0.6969605, 0.4766427, 0.3157907, 0
0.6959264, 0.3479053, 0.2871434, 0
0.4340314, 0.4875689, 0.4066157, 0
0.5278425, 0.4414851, 0.2833496, 0
0.8282925, 0.5535237, 0.395592, 0
0.6806062, 0.4706141, 0.3292301, 0
0.5332107, 0.4539064, 0.3314157, 0
0.3653309, 0.4719967, 0.3144121, 0
0.527344, 0.4977985, 0.2701604, 0
0.5182025, 0.3173632, 0.3660092, 0
0.7680006, 0.5756552, 0.2419802, 0
0.506129, 0.367936, 0.4540566, 0
0.4377685, 0.3815502, 0.1905271, 0
0.7796317, 0.5144494, 0.2199478, 0
0.7888415, 0.3476262, 0.3279054, 0
0.4580491, 0.473291, 0.4359921, 0
0.5182085, 0.3226704, 0.3476214, 0
0.6586831, 0.3269159, 0.2286916, 0
0.7450085, 0.4073824, 0.204979, 0
0.7111591, 0.3153445, 0.2782304, 0
0.5066137, 0.3043936, 0.2960519, 0
0.7249429, 0.2800333, 0.3711979, 0
0.4704179, 0.3462144, 0.275409, 0
0.7080943, 0.4100777, 0.3578859, 0
0.7562348, 0.4993471, 0.2452269, 0
0.66486, 0.4335927, 0.2439239, 0
0.6677145, 0.4595172, 0.2227327, 0
0.3597475, 0.4195405, 0.3112061, 0
0.6566021, 0.3060774, 0.260371, 0
0.4429826, 0.3095413, 0.4125321, 0
0.4175237, 0.3415614, 0.3306276, 0
0.801608, 0.5566947, 0.2178834, 0
0.5416386, 0.4587816, 0.2300522, 0
0.5715523, 0.4141437, 0.3435335, 0
0.5810696, 0.2975936, 0.2485195, 0
0.4825423, 0.3570443, 0.236744, 0
0.4028802, 0.3440123, 0.2374696, 0
0.4618805, 0.3686638, 0.3417931, 0
0.8580641, 0.4403346, 0.1817442, 0
0.5290931, 0.4142445, 0.3918934, 0
0.6020961, 0.3845697, 0.4030609, 0
0.3584505, 0.4653329, 0.3644345, 0
0.524193, 0.4498808, 0.2596456, 0
0.3933914, 0.3065176, 0.3851179, 0
0.5255141, 0.4118973, 0.2768842, 0
0.5654139, 0.3411679, 0.4278471, 0
0.5402451, 0.405082, 0.444137, 0
0.4662217, 0.3856806, 0.3635884, 0
0.8256105, 0.4925695, 0.3612364, 0
0.7751502, 0.6015533, 0.2878297, 0
0.3713026, 0.5002653, 0.3543431, 0
0.8602473, 0.4363267, 0.2333595, 0
0.8331788, 0.3973269, 0.3179601, 0
0.4771771, 0.4769415, 0.3625876, 0
0.6025824, 0.2993957, 0.3439896, 0
0.3608862, 0.4681177, 0.3302232, 0
0.5833933, 0.3407652, 0.2824323, 0
0.6365147, 0.3249792, 0.3030951, 0
0.3848, 0.5003904, 0.3935531, 0
0.4367746, 0.4919786, 0.2733691, 0
0.376609, 0.4880682, 0.3931401, 0
0.7972542, 0.3734363, 0.2926899, 0
0.4583722, 0.2850283, 0.2902312, 0
0.8405359, 0.4624729, 0.2751934, 0
0.787553, 0.3764741, 0.2041509, 0
0.8228733, 0.5172679, 0.3328514, 0
0.4875948, 0.2990613, 0.2776246, 0
0.779011, 0.3435862, 0.3171987, 0
0.4439053, 0.2904027, 0.3366337, 0
0.7961647, 0.4731654, 0.2603314, 0
0.8514987, 0.3937948, 0.2946239, 0
0.720296, 0.3279305, 0.271766, 0
0.6079059, 0.4085312, 0.1976345, 0
0.4302321, 0.3755697, 0.3214315, 0
0.4108831, 0.2888874, 0.3243964, 0
0.6698142, 0.457182, 0.3211096, 0
0.6593726, 0.4210125, 0.2710899, 0
0.735971, 0.3776618, 0.2650214, 0
0.568065, 0.3070558, 0.245718, 0
0.3562667, 0.419665, 0.3750506, 0
0.386907, 0.4959425, 0.2688651, 0
0.5203519, 0.347399, 0.3582816, 0
0.7582474, 0.3481235, 0.2098428, 0
0.5146784, 0.3959693, 0.4424107, 0
0.8682198, 0.3843974, 0.2755948, 0
0.5457097, 0.3201322, 0.3084893, 0
0.7055556, 0.4014236, 0.2860308, 0
0.755603, 0.3478591, 0.3981083, 0
0.839651, 0.4517592, 0.243076, 0
0.7310212, 0.5613694, 0.3694519, 0
0.4310438, 0.2922218, 0.2610497, 0
0.6281802, 0.3038082, 0.2489885, 0
0.5380702, 0.3757926, 0.2940297, 0
0.5650036, 0.3136059, 0.3030068, 0
0.8128095, 0.576278, 0.2089471, 0
0.3618902, 0.4421886, 0.3198068, 0
0.5076804, 0.3619273, 0.1831336, 0
0.4660133, 0.3317937, 0.2268833, 0
0.4215819, 0.4005393, 0.4202698, 0
0.8046979, 0.446896, 0.2324008, 0
0.7665109, 0.4073862, 0.3211327, 0
0.6607512, 0.3906306, 0.3603355, 0
0.643894, 0.3959419, 0.3176493, 0
0.5698577, 0.4796719, 0.237248, 0
0.7486917, 0.5042403, 0.2138948, 0
0.3835391, 0.4311568, 0.2626539, 0
0.7041726, 0.4647824, 0.226118, 0
0.4167437, 0.4398458, 0.4255415, 0
0.6273364, 0.4285285, 0.4062546, 0
0.7135884, 0.4175909, 0.2141178, 0
0.6000029, 0.385473, 0.2750154, 0
0.5369031, 0.5059447, 0.3714157, 0
0.7044468, 0.4586864, 0.2160335, 0
0.4126252, 0.4164617, 0.3985383, 0
0.4537093, 0.4944979, 0.4164228, 0
0.4557616, 0.3422325, 0.4273108, 0
0.5616556, 0.3466114, 0.2358385, 0
0.4386098, 0.3793998, 0.1977755, 0
0.5756226, 0.3106547, 0.2367445, 0
0.369071, 0.4948909, 0.3615637, 0
0.427948, 0.3435664, 0.4192027, 0
0.8042855, 0.3556139, 0.3414279, 0
0.4500141, 0.4262373, 0.4558156, 0
0.6600253, 0.5032055, 0.25515, 0
0.6669203, 0.3119506, 0.3163189, 0
0.4261458, 0.370202, 0.2532763, 0
0.5630799, 0.3809451, 0.3307572, 0
0.4144672, 0.2985202, 0.3018022, 0
0.7249304, 0.3269471, 0.394831, 0
0.4197514, 0.3326716, 0.3959854, 0
0.3666762, 0.3080727, 0.3062794, 0
0.6532653, 0.3268357, 0.3760822, 0
0.5616578, 0.3500646, 0.1891188, 0
0.7795507, 0.4096979, 0.20524, 0
0.5647081, 0.339665, 0.3842924, 0
0.564162, 0.431807, 0.3590027, 0
0.4869964, 0.3744193, 0.1843443, 0
0.8149676, 0.3648639, 0.2176398, 0
0.5252061, 0.4782961, 0.3055833, 0
0.8392788, 0.4826821, 0.3318421, 0
0.4743617, 0.4596239, 0.2180904, 0
0.4562885, 0.2952511, 0.3274251, 0
0.627916, 0.2823295, 0.2702253, 0
0.4079981, 0.3009123, 0.2953318, 0
0.8390504, 0.5761514, 0.2447984, 0
0.3773274, 0.460012, 0.3744616, 0
0.876132, 0.4041432, 0.3533304, 0
0.49992, 0.3949423, 0.4630273, 0
0.7796981, 0.3119003, 0.3754576, 0
0.8179982, 0.36597, 0.2668113, 0
0.8354441, 0.5102559, 0.1962354, 0
0.4460723, 0.5397432, 0.3281569, 0
0.8477818, 0.445293, 0.382075, 0
0.4208281, 0.4933529, 0.2769154, 0
0.8035866, 0.3449664, 0.384957, 0
0.7805268, 0.3223618, 0.3938789, 0
0.6389011, 0.4351188, 0.2446508, 0
0.7923015, 0.2894859, 0.2855736, 0
0.4106536, 0.4253562, 0.207128, 0
0.6017857, 0.280681, 0.3365333, 0
0.7597697, 0.2976873, 0.2890381, 0
0.7819462, 0.4148693, 0.1955736, 0
0.3910943, 0.4660414, 0.4292171, 0
0.4578481, 0.414254, 0.3575205, 0
0.4484772, 0.2875434, 0.2866012, 0
0.8045895, 0.3519984, 0.3109461, 0
0.3970599, 0.4808448, 0.3350451, 0
0.8310023, 0.5196701, 0.3742028, 0
0.4137841, 0.3399907, 0.3321503, 0
0.7863495, 0.3011165, 0.2778908, 0
0.5144258, 0.3596461, 0.4467234, 0
0.5907974, 0.4192843, 0.2743553, 0
0.8233204, 0.3138838, 0.2643374, 0
0.4235039, 0.3589441, 0.3349425, 0
0.6746361, 0.3196935, 0.4208486, 0
0.3617175, 0.3957663, 0.3517315, 0
0.7136962, 0.2970614, 0.3668314, 0
0.4385274, 0.3389709, 0.4239655, 0
0.5640505, 0.4078629, 0.4252323, 0
0.4427369, 0.3101457, 0.419547, 0
0.7583568, 0.4000403, 0.4005843, 0
0.4039637, 0.2915484, 0.341317, 0
0.8507359, 0.5570677, 0.3254799, 0
0.4344528, 0.4926131, 0.3260046, 0
0.8361713, 0.3971068, 0.1893207, 0
0.4284857, 0.2912185, 0.3582225, 0
0.7675026, 0.5258297, 0.3878393, 0
0.3652029, 0.3208136, 0.2701303, 0
0.6046122, 0.3802553, 0.4265918, 0
0.5720471, 0.5202632, 0.3092014, 0
0.3743488, 0.301622, 0.3043479, 0
0.4122361, 0.438834, 0.4253168, 0
0.8741536, 0.5088872, 0.3600381, 0
0.5209835, 0.4215167, 0.229201, 0
0.5221391, 0.4961962, 0.2596318, 0
0.7252805, 0.468727, 0.3430326, 0
0.7200277, 0.5062215, 0.3050658, 0
0.6402485, 0.3033358, 0.3098251, 0
0.6098255, 0.3796386, 0.3232588, 0
0.7045935, 0.3988179, 0.3170403, 0
0.3989678, 0.4933738, 0.3488754, 0
0.4027775, 0.3980218, 0.3425632, 0
0.726581, 0.5128336, 0.3131484, 0
0.6108016, 0.3584117, 0.3961559, 0
0.4883943, 0.3930035, 0.1853656, 0
0.7061692, 0.472167, 0.3060476, 0
0.4448537, 0.2928557, 0.2641802, 0
0.8380881, 0.4505165, 0.1714617, 0
0.6642115, 0.3751791, 0.3054082, 0
0.4852496, 0.3103271, 0.2423739, 0
0.7639589, 0.2830307, 0.3212654, 0
0.4490998, 0.4656002, 0.2553759, 0
0.4728782, 0.4906341, 0.2757278, 0
0.4378618, 0.2953886, 0.2633769, 0
0.5965522, 0.3855438, 0.3508092, 0
0.5898707, 0.4614522, 0.340798, 0
0.4956608, 0.4603725, 0.304853, 0
0.6251656, 0.418397, 0.2026429, 0
0.4683828, 0.3020338, 0.3852643, 0
0.5542528, 0.4051943, 0.2254683, 0
0.8163262, 0.6014881, 0.2987187, 0
0.4250956, 0.4133991, 0.2132374, 0
0.6892939, 0.2770566, 0.3417283, 0
0.7647794, 0.5222449, 0.1866291, 0
0.8232349, 0.3324775, 0.3704889, 0
0.7931464, 0.526081, 0.3627497, 0
0.6139286, 0.3061759, 0.2429012, 0
0.6842086, 0.5116338, 0.2882123, 0
0.7469913, 0.5320241, 0.2521856, 0
0.6177482, 0.443454, 0.3694392, 0
0.4347248, 0.4241435, 0.4409727, 0
0.4858052, 0.3768562, 0.4487503, 0
0.5075213, 0.3547121, 0.4187579, 0
0.5569415, 0.3498213, 0.4043466, 0
0.7846208, 0.5955103, 0.3126475, 0
0.5199088, 0.4307903, 0.2103342, 0
0.7626499, 0.4620534, 0.344439, 0
0.5021625, 0.4371482, 0.4492302, 0
0.3881853, 0.3109035, 0.3721966, 0
0.3802522, 0.4497494, 0.3414375, 0
0.7494488, 0.3899604, 0.3001302, 0
0.6344179, 0.4027667, 0.3677245, 0
0.5820144, 0.3498876, 0.1906589, 0
0.6735603, 0.3824452, 0.2942338, 0
0.6407405, 0.4716992, 0.2878556, 0
0.3554229, 0.4077117, 0.333304, 0
0.4832977, 0.3193147, 0.315772, 0
0.606899, 0.281459, 0.3410685, 0
0.4431563, 0.3808043, 0.2710217, 0
0.7884181, 0.3198538, 0.3183741, 0
0.740455, 0.3088443, 0.3215337, 0
0.7507123, 0.4994585, 0.3845782, 0
0.5447662, 0.4971056, 0.3272031, 0
0.7567777, 0.4066128, 0.324084, 0
0.8836582, 0.4391715, 0.3541139, 0
0.4432033, 0.2953233, 0.3649682, 0
0.8463768, 0.3328457, 0.2405966, 0
0.50266, 0.3137095, 0.3638407, 0
0.3883579, 0.4298292, 0.2827077, 0
0.7897891, 0.3533769, 0.2154487, 0
0.3837936, 0.3166931, 0.3085099, 0
0.4495528, 0.5022547, 0.25063, 0
0.5167879, 0.345191, 0.2903128, 0
0.4125607, 0.3261667, 0.2514333, 0
0.6568616, 0.3689954, 0.3422773, 0
0.7913827, 0.4763903, 0.1685508, 0
0.799143, 0.4305847, 0.3730896, 0
0.4334804, 0.3078734, 0.3606696, 0
0.8112806, 0.4553172, 0.3217346, 0
0.4503641, 0.2988042, 0.2544452, 0
0.4410312, 0.426583, 0.2220883, 0
0.4843932, 0.344144, 0.2540561, 0
0.518116, 0.4603266, 0.2068206, 0
0.6110662, 0.4035009, 0.3854403, 0
0.749981, 0.3808017, 0.3522823, 0
0.7870547, 0.5125772, 0.3895321, 0
0.6237578, 0.2953065, 0.2854522, 0
0.5212193, 0.4419131, 0.4180755, 0
0.7541344, 0.5621531, 0.2414173, 0
0.5349445, 0.5260485, 0.2933633, 0
0.4672191, 0.3832709, 0.2518077, 0
0.868356, 0.4921682, 0.1893332, 0
0.7639136, 0.4561409, 0.1858408, 0
0.4050166, 0.2934338, 0.3122802, 0
0.6257418, 0.4006146, 0.2767256, 0
0.8093062, 0.4167874, 0.2438671, 0
0.6918534, 0.5066963, 0.2856551, 0
0.6122387, 0.4149851, 0.2569671, 0
0.5617729, 0.4310199, 0.3532701, 0
0.7366765, 0.2904393, 0.284308, 0
0.5921738, 0.2793639, 0.3054579, 0
0.7360564, 0.3333371, 0.2061662, 0
0.8222964, 0.5210801, 0.2589296, 0
0.3902735, 0.3858817, 0.3680682, 0
0.8768626, 0.4075793, 0.2733118, 0
0.5517626, 0.3250215, 0.263564, 0
0.4671425, 0.3105613, 0.3238527, 0
0.4865748, 0.3086122, 0.3314861, 0
0.3904274, 0.3663621, 0.3274064, 0
0.3841182, 0.425056, 0.38991, 0
0.649629, 0.3553675, 0.208343, 0
0.6828532, 0.3638453, 0.4061413, 0
0.8788644, 0.4549781, 0.3689204, 0
0.7790078, 0.4519667, 0.1689711, 0
0.4981796, 0.3220642, 0.4021713, 0
0.7795803, 0.4437692, 0.3951422, 0
0.8169947, 0.4744785, 0.3251669, 0
0.4664889, 0.3784507, 0.2289642, 0
0.3401628, 0.3976172, 0.2638356, 0
0.8842753, 0.3836367, 0.3213948, 0
0.4283054, 0.37463, 0.2615899, 0
0.7065554, 0.4344893, 0.2693883, 0
0.6406768, 0.3422443, 0.2085925, 0
0.4275434, 0.3683479, 0.3315983, 0
0.6207551, 0.4074554, 0.412214, 0
0.741257, 0.5114831, 0.3353937, 0
0.4556517, 0.4864682, 0.4294128, 0
0.4598228, 0.4191415, 0.4545179, 0
0.4417307, 0.3576193, 0.3488482, 0
0.5154257, 0.5078184, 0.257492, 0
0.4153603, 0.4816902, 0.2555189, 0
0.8213843, 0.5399271, 0.2482359, 0
0.7697215, 0.4961495, 0.2297542, 0
0.4709238, 0.5253013, 0.287776, 0
0.3955404, 0.3973075, 0.3815524, 0
0.4891481, 0.3128003, 0.2444603, 0
0.6265485, 0.4022727, 0.2631033, 0
0.7262103, 0.3016368, 0.3499022, 0
0.8869083, 0.4492146, 0.3146579, 0
0.3577282, 0.4483299, 0.3323965, 0
0.6175514, 0.3874536, 0.28091, 0
0.429134, 0.5301444, 0.3140825, 0
0.5015583, 0.399079, 0.2487979, 0
0.3653367, 0.4678444, 0.2687231, 0
0.5867167, 0.4091491, 0.3213859, 0
0.8233672, 0.4873928, 0.2228119, 0
0.3415267, 0.3878664, 0.2680532, 0
0.4104912, 0.5012144, 0.3571251, 0
0.754956, 0.5656638, 0.2371604, 0
0.6705356, 0.4688398, 0.2711053, 0
0.620774, 0.4067838, 0.2738776, 0
0.3672192, 0.4908563, 0.3647658, 0
0.6928495, 0.4785664, 0.2766941, 0
0.7559616, 0.4782969, 0.3280467, 0
0.4147533, 0.3412736, 0.2722669, 0
0.7676908, 0.3061667, 0.3897767, 0
0.4728672, 0.5303497, 0.2928534, 0
0.5829352, 0.3424315, 0.2274789, 0
0.4531184, 0.4338507, 0.2502822, 0
0.7890037, 0.508085, 0.2341162, 0
0.407316, 0.3565949, 0.411238, 0
0.8190231, 0.5141235, 0.3413339, 0
0.5948721, 0.5160524, 0.3097733, 0
0.8578495, 0.5114795, 0.2591528, 0
0.7420701, 0.5403107, 0.2734891, 0
0.4771054, 0.4271392, 0.4260453, 0
0.6409597, 0.3459126, 0.2548704, 0
0.592567, 0.4620553, 0.257302, 0
0.4934739, 0.438758, 0.3006353, 0
0.4666908, 0.3992019, 0.4408583, 0
0.8830615, 0.3866259, 0.3955084, 0
0.408585, 0.3095805, 0.2830409, 0
0.6269241, 0.4484262, 0.2676618, 0
0.5466732, 0.460004, 0.327574, 0
0.5475248, 0.3881792, 0.2659938, 0
0.8395135, 0.4292803, 0.3789748, 0
0.8053916, 0.4852286, 0.2582001, 0
0.7490917, 0.5158342, 0.3478408, 0
0.4517162, 0.424004, 0.2266961, 0
0.8159183, 0.3904552, 0.2299123, 0
0.5761877, 0.3808196, 0.25607, 0
0.5652504, 0.4639146, 0.2674505, 0
0.7621456, 0.392639, 0.3136398, 0
0.7157326, 0.3993534, 0.3683586, 0
0.4025407, 0.4007888, 0.3772451, 0
0.5118682, 0.4067219, 0.3292437, 0
0.7172421, 0.2734574, 0.3335147, 0
0.5924119, 0.367967, 0.2138437, 0
0.5954137, 0.339817, 0.4209265, 0
0.5774039, 0.3987686, 0.2007504, 0
0.5834329, 0.3811319, 0.2098214, 0
0.450581, 0.3440489, 0.2897904, 0
0.7581834, 0.3446814, 0.2618131, 0
0.8785225, 0.4102979, 0.2226187, 0
0.6410218, 0.4914771, 0.3081553, 0
0.5207644, 0.3667923, 0.2586956, 0
0.6513478, 0.3423552, 0.2020581, 0
0.3969232, 0.5102918, 0.2774573, 0
0.5003913, 0.3146574, 0.3791684, 0
0.376987, 0.4101971, 0.3837679, 0
0.4841035, 0.3380069, 0.4344711, 0
0.4999343, 0.4331722, 0.2240988, 0
0.8432501, 0.4307728, 0.2217007, 0
0.3669947, 0.3437738, 0.2548434, 0
0.7889766, 0.5882957, 0.3838912, 0
0.7534589, 0.4136772, 0.2405903, 0
0.6152875, 0.3218171, 0.3610551, 0
0.6499745, 0.4366526, 0.2719367, 0
0.8227814, 0.3998958, 0.1745499, 0
0.4286243, 0.31485, 0.2857906, 0
0.3900489, 0.4088367, 0.3213477, 0
0.820385, 0.356838, 0.3393494, 0
0.4958644, 0.3304954, 0.4209289, 0
0.8682344, 0.4559038, 0.2806149, 0
0.5671307, 0.4074522, 0.2512137, 0
0.787506, 0.3959406, 0.3362802, 0
0.5394926, 0.3556923, 0.3359375, 0
0.6845713, 0.5039825, 0.2724736, 0
0.3575604, 0.4395017, 0.3142577, 0
0.7580708, 0.4067185, 0.1872436, 0
0.3619271, 0.4698382, 0.3882216, 0
0.3954218, 0.4255536, 0.4025542, 0
0.6687787, 0.4967898, 0.2641261, 0
0.6460063, 0.4413484, 0.3847371, 0
0.6147784, 0.5065763, 0.2609954, 0
0.3799203, 0.3963097, 0.2668628, 0
0.6329431, 0.3682463, 0.3185243, 0
0.7540773, 0.3782764, 0.3968621, 0
0.4888343, 0.3250242, 0.4196743, 0
0.8623573, 0.4831394, 0.233266, 0
0.3985689, 0.4197001, 0.3682718, 0
0.7856373, 0.4303746, 0.2411918, 0
0.7133099, 0.4630177, 0.2157788, 0
0.7336925, 0.3296512, 0.2638062, 0
0.6894026, 0.3267682, 0.2817279, 0
0.468613, 0.4443526, 0.3525712, 0
0.4170128, 0.2998228, 0.2918398, 0
0.4769943, 0.3631341, 0.261845, 0
0.7320228, 0.4851664, 0.2243525, 0
0.8194143, 0.3009345, 0.2798042, 0
0.7133856, 0.2778575, 0.3138556, 0
0.5999893, 0.4994231, 0.2743751, 0
0.4112069, 0.5263916, 0.3064795, 0
0.635904, 0.2791341, 0.3257634, 0
0.681574, 0.2920754, 0.2426403, 0
0.391616, 0.2970622, 0.3026511, 0
0.3619437, 0.4815423, 0.3081319, 0
0.660521, 0.4045277, 0.2925299, 0
0.4606431, 0.4604982, 0.3162281, 0
0.620436, 0.4227696, 0.3028354, 0
0.4867542, 0.5120236, 0.2684544, 0
0.5483937, 0.4339493, 0.3146186, 0
0.671569, 0.5046477, 0.2620458, 0
0.8332043, 0.4215507, 0.208414, 0
0.661308, 0.3484369, 0.2711997, 0
0.5185036, 0.3373192, 0.4117168, 0
0.7620987, 0.2850298, 0.3652351, 0
0.7547368, 0.54556, 0.2057538, 0
0.6337899, 0.4010347, 0.4217932, 0
0.39962, 0.3938813, 0.3600879, 0
0.4552225, 0.3623969, 0.3530971, 0
0.7904269, 0.5684804, 0.3189292, 0
0.7367912, 0.5124604, 0.3670984, 0
0.7776208, 0.4274192, 0.2615236, 0
0.8088096, 0.4755805, 0.3844593, 0
0.7563572, 0.3584974, 0.1907609, 0
0.8411486, 0.3374526, 0.2525575, 0
0.3475593, 0.4305402, 0.3310662, 0
0.7107453, 0.3487008, 0.4173165, 0
0.7906205, 0.3446528, 0.4051144, 0
0.6123399, 0.3512179, 0.3024328, 0
0.5520691, 0.419633, 0.2713202, 0
0.8239567, 0.3751267, 0.397622, 0
0.6178358, 0.4342889, 0.3387286, 0
0.4617016, 0.3555183, 0.4121826, 0
0.5010685, 0.4525496, 0.3203205, 0
0.3873401, 0.482808, 0.25797, 0
0.608051, 0.4721245, 0.2312524, 0
0.7515439, 0.5410698, 0.2172516, 0
0.5258635, 0.4453887, 0.3847892, 0
0.7552096, 0.3422599, 0.3047853, 0
0.6719816, 0.407818, 0.2925259, 0
0.7376999, 0.4886772, 0.2175183, 0
0.4864987, 0.2927985, 0.2734837, 0
0.6314895, 0.4791535, 0.3663481, 0
0.4448788, 0.5127588, 0.3311871, 0
0.7270144, 0.352077, 0.3138857, 0
0.8492457, 0.4210612, 0.2603258, 0
0.6170398, 0.3290806, 0.3275785, 0
0.6911458, 0.3071893, 0.396409, 0
0.5850957, 0.3313346, 0.2960382, 0
0.7953271, 0.3332316, 0.3489327, 0
0.8437425, 0.3822331, 0.2102047, 0
0.8477984, 0.4586815, 0.3626493, 0
0.732773, 0.4304243, 0.3897973, 0
0.355176, 0.3371398, 0.2802521, 0
0.5174887, 0.3332773, 0.4050792, 0
0.7480122, 0.3709193, 0.3677478, 0
0.6317996, 0.417153, 0.2363206, 0
0.8817918, 0.4826021, 0.3395282, 0
0.4306116, 0.2943743, 0.261259, 0
0.8635305, 0.4222209, 0.3856547, 0
0.423676, 0.4016085, 0.4068654, 0
0.583607, 0.4249375, 0.2178553, 0
0.4967237, 0.4362536, 0.2583432, 0
0.8135896, 0.4661995, 0.2888773, 0
0.6283846, 0.4694809, 0.3413696, 0
0.7516585, 0.5372362, 0.2226441, 0
0.6854934, 0.2825209, 0.2682586, 0
0.4370241, 0.4002628, 0.3178656, 0
0.4955339, 0.3667909, 0.4149011, 0
0.5015545, 0.3764692, 0.392943, 0
0.8123729, 0.3869809, 0.4056349, 0
0.6609384, 0.3225411, 0.419129, 0
0.4769894, 0.4964001, 0.4001519, 0
0.8617182, 0.5281904, 0.2346126, 0
0.623466, 0.4881655, 0.3298369, 0
0.4585107, 0.4364827, 0.3735432, 0
0.7276118, 0.3159101, 0.2282709, 0
0.4578021, 0.4115448, 0.4312165, 0
0.6809481, 0.5151062, 0.2965335, 0
0.6140959, 0.3627262, 0.4137439, 0
0.47936, 0.3133123, 0.2784118, 0
0.3920808, 0.3466309, 0.3848365, 0
0.4096259, 0.4409226, 0.3678066, 0
0.5761679, 0.338257, 0.3382555, 0
0.4722865, 0.3295376, 0.3799967, 0
0.3888159, 0.3670398, 0.2712199, 0
0.7454865, 0.5115113, 0.380087, 0
0.5841241, 0.3998465, 0.3934952, 0
0.6120875, 0.3892359, 0.4259558, 0
0.5386934, 0.3539664, 0.242936, 0
0.4589102, 0.3235765, 0.4326453, 0
0.372263, 0.4796501, 0.2698436, 0
0.5997884, 0.2952228, 0.3849855, 0
0.412165, 0.2910718, 0.3488675, 0
0.7582221, 0.3494823, 0.4102535, 0
0.575767, 0.4582985, 0.3814852, 0
0.4334978, 0.5033154, 0.4046375, 0
0.6482135, 0.3273418, 0.3177681, 0
0.7183869, 0.4616336, 0.2345692, 0
0.7722522, 0.4018198, 0.3413374, 0
0.7664604, 0.3522892, 0.3611643, 0
0.5314222, 0.3352602, 0.3997794, 0
0.3976995, 0.3066982, 0.3866607, 0
0.6673303, 0.302247, 0.299557, 0
0.3881326, 0.3045775, 0.3807032, 0
0.455305, 0.3233283, 0.4078199, 0
0.8599994, 0.4070506, 0.2503991, 0
0.4808467, 0.3199457, 0.4215892, 0
0.5907037, 0.4347016, 0.3817337, 0
0.6358992, 0.3874422, 0.3384557, 0
0.8485086, 0.517724, 0.187993, 0
0.8760843, 0.4007252, 0.1886618, 0
0.826355, 0.4186361, 0.3730755, 0
0.5856224, 0.4118574, 0.2577271, 0
0.7381384, 0.4984455, 0.2621528, 0
0.3654861, 0.4542621, 0.3935608, 0
0.8159186, 0.5900545, 0.4084129, 0
0.5233461, 0.4462076, 0.2232208, 0
0.3983845, 0.4222541, 0.3753753, 0
0.5591769, 0.4090341, 0.364293, 0
0.8325791, 0.4219734, 0.2750849, 0
0.4508103, 0.3969782, 0.4058094, 0
0.5281057, 0.327913, 0.3919392, 0
0.4907891, 0.3066835, 0.3643881, 0
0.438956, 0.3139251, 0.4230478, 0
0.8103202, 0.4712861, 0.3704326, 0
0.6606392, 0.5087054, 0.2675818, 0
0.6563802, 0.3723006, 0.1909798, 0
0.4811489, 0.4089905, 0.1879854, 0
0.6785507, 0.4595332, 0.3128769, 0
0.4177186, 0.5078331, 0.2849373, 0
0.7598349, 0.3736414, 0.3835424, 0
0.8242043, 0.375527, 0.238975, 0
0.5510588, 0.4199488, 0.4148664, 0
0.3411965, 0.36, 0.2602785, 0
0.5039686, 0.3379668, 0.2411011, 0
0.471404, 0.3521981, 0.2207978, 0
0.8235801, 0.3850774, 0.3551579, 0
0.8851489, 0.3237551, 0.2861691, 0
0.6983263, 0.3926705, 0.2415038, 0
0.6803713, 0.3493024, 0.354269, 0
0.6758784, 0.330167, 0.4305936, 0
0.6107209, 0.4806077, 0.2512712, 0
0.4386223, 0.2900651, 0.2965022, 0
0.6630229, 0.490401, 0.2318615, 0
0.697002, 0.4084755, 0.3783506, 0
0.8362247, 0.48387, 0.4000006, 0
0.6637005, 0.2818368, 0.2611988, 0
0.3865577, 0.3361899, 0.2467346, 0
0.4037718, 0.50092, 0.2608452, 0
0.7239512, 0.3108478, 0.3553538, 0
0.7506536, 0.4387615, 0.3342361, 0
0.4727922, 0.3004477, 0.3057107, 0
0.6143962, 0.3627567, 0.4402495, 0
0.4978206, 0.3867527, 0.4337367, 0
0.6254541, 0.4412885, 0.3347823, 0
0.7029058, 0.3621262, 0.4051308, 0
0.4066503, 0.4074127, 0.3444481, 0
0.524682, 0.4058974, 0.2743947, 0
0.3854477, 0.3646283, 0.2956716, 0
0.7096649, 0.4957515, 0.3409664, 0
0.7394201, 0.5582293, 0.2882573, 0
0.6425965, 0.3222873, 0.2539189, 0
0.8433477, 0.3611815, 0.2977461, 0
0.6557181, 0.3267749, 0.4060026, 0
0.5725518, 0.3334105, 0.2838838, 0
0.5984936, 0.384752, 0.2074848, 0
0.6183723, 0.2930727, 0.384849, 0
0.4148833, 0.2900817, 0.3485629, 0
0.4291187, 0.2882131, 0.3164608, 0
0.6946991, 0.3765989, 0.2568766, 0
0.5420359, 0.447631, 0.2757632, 0
0.6151552, 0.4177576, 0.4175723, 0
0.6894909, 0.3121304, 0.3572748, 0
0.4937002, 0.4071665, 0.2711726, 0
0.8791682, 0.3693216, 0.2178991, 0
0.6314553, 0.3319564, 0.2746086, 0
0.8703256, 0.4763071, 0.373572, 0
0.5424651, 0.3331769, 0.3723163, 0
0.8232746, 0.4129312, 0.3849678, 0
0.4990938, 0.4431171, 0.3261031, 0
0.7647517, 0.5146136, 0.2437393, 0
0.4835405, 0.3066624, 0.3926333, 0
0.8815676, 0.3359272, 0.2972512, 0
0.4467202, 0.4932442, 0.3537488, 0
0.485202, 0.383038, 0.3944151, 0
0.4262655, 0.2894891, 0.3120814, 0
0.4366592, 0.2882392, 0.3444478, 0
0.4385374, 0.4671309, 0.2561282, 0
0.5824338, 0.4147723, 0.2048731, 0
0.5028607, 0.5264819, 0.3520457, 0
0.3681538, 0.4883311, 0.3407379, 0
0.6718375, 0.322169, 0.3678008, 0
0.5251894, 0.3126287, 0.2104939, 0
0.8269475, 0.5008544, 0.3341108, 0
0.4254682, 0.2886888, 0.3394341, 0
0.7654615, 0.3529052, 0.2361177, 0
0.766813, 0.3965155, 0.3257645, 0
0.6534081, 0.3287641, 0.4142543, 0
0.4222741, 0.2895631, 0.3528623, 0
0.4781665, 0.4720935, 0.2596499, 0
0.5567532, 0.3289845, 0.2853873, 0
0.4878955, 0.3040653, 0.380816, 0
0.6653029, 0.5056821, 0.2632701, 0
0.8002289, 0.3045512, 0.2896565, 0
0.4303541, 0.4351572, 0.2795012, 0
0.4962437, 0.2945157, 0.3263845, 0
0.5437477, 0.365775, 0.3741549, 0
0.8730552, 0.3282777, 0.3300828, 0
0.5050194, 0.4327661, 0.3292778, 0
0.5458164, 0.4831777, 0.2920527, 0
0.7673068, 0.5708292, 0.1985137, 0
0.3966976, 0.4035742, 0.3542463, 0
0.4356028, 0.3014023, 0.3416629, 0
0.8124598, 0.402815, 0.3006762, 0
0.4921961, 0.3121176, 0.207497, 0
0.8372588, 0.548215, 0.3468225, 0
0.6362526, 0.3248947, 0.4230807, 0
0.388095, 0.4407561, 0.2746481, 0
0.4475933, 0.5142725, 0.3828782, 0
0.6345689, 0.4277276, 0.2523521, 0
0.6769429, 0.4662196, 0.3081135, 0
0.4190117, 0.4708595, 0.334884, 0
0.6591681, 0.2970437, 0.2967321, 0
0.5051057, 0.382441, 0.2965464, 0
0.7886273, 0.4769804, 0.2592823, 0
0.8166246, 0.5213122, 0.2599499, 0
0.6111324, 0.3948898, 0.3900936, 0
0.4949163, 0.4366843, 0.2065592, 0
0.4311769, 0.4164624, 0.4408599, 0
0.7976438, 0.545078, 0.3317374, 0
0.5135325, 0.3946413, 0.2921561, 0
0.6720991, 0.4425536, 0.2339545, 0
0.6481903, 0.4843166, 0.2756416, 0
0.8832587, 0.4491148, 0.2530112, 0
0.4022072, 0.367678, 0.3027327, 0
0.3798833, 0.4183234, 0.3189645, 0
0.7557356, 0.500627, 0.3046266, 0
0.6643171, 0.4711799, 0.2614242, 0
0.8742445, 0.3881693, 0.2057528, 0
0.8335354, 0.3354374, 0.352081, 0
0.8240592, 0.3810023, 0.3343872, 0
0.7416539, 0.3333972, 0.3743158, 0
0.5397481, 0.4997466, 0.2512117, 0
0.8553, 0.4724118, 0.178603, 0
0.8060058, 0.3679353, 0.264269, 0
0.5621125, 0.4115917, 0.2241795, 0
0.642767, 0.2994462, 0.3329901, 0
0.7823267, 0.5097274, 0.3532841, 0
0.8669841, 0.4898554, 0.3022109, 0
0.4783046, 0.4317814, 0.276064, 0
0.8118339, 0.561769, 0.2168882, 0
0.8186837, 0.3076823, 0.3304637, 0
0.4493394, 0.4628654, 0.3419916, 0
0.7329972, 0.4822056, 0.2694618, 0
0.4547897, 0.4235725, 0.454699, 0
0.4423849, 0.3963211, 0.2049507, 0
0.8136716, 0.4359766, 0.3782584, 0
0.6733173, 0.3489244, 0.1914985, 0
0.5188222, 0.363475, 0.2256274, 0
0.7235634, 0.4555164, 0.2524573, 0
0.6276791, 0.2971099, 0.3100573, 0
0.6021854, 0.3210851, 0.3961937, 0
0.6236401, 0.3840947, 0.3502688, 0
0.7728038, 0.4357101, 0.3463306, 0
0.7213401, 0.4670581, 0.2599445, 0
0.7383323, 0.5616093, 0.2946916, 0
0.621985, 0.3811917, 0.2860494, 0
0.7739376, 0.3973284, 0.3420169, 0
0.4429767, 0.2921067, 0.3588606, 0
0.4059337, 0.2906021, 0.3327408, 0
0.7869202, 0.5073087, 0.2101315, 0
0.5295106, 0.4377922, 0.3076824, 0
0.666829, 0.4646505, 0.2561373, 0
0.623534, 0.4512746, 0.3715385, 0
0.3893795, 0.4913614, 0.4075475, 0
0.8711458, 0.4278947, 0.3149452, 0
0.7220267, 0.3785637, 0.2153722, 0
0.6855191, 0.4215335, 0.3728938, 0
0.3808982, 0.431186, 0.2738584, 0
0.7497457, 0.3512752, 0.3046537, 0
0.5913075, 0.3854263, 0.2292818, 0
0.4355078, 0.4191518, 0.416533, 0
0.5731253, 0.3553221, 0.4203536, 0
0.478742, 0.3266389, 0.3727208, 0
0.3785328, 0.3783992, 0.2223326, 0
0.4814562, 0.3833555, 0.2184873, 0
0.8859207, 0.4266235, 0.2852904, 0
0.4613069, 0.3133767, 0.2809609, 0
0.444859, 0.4149909, 0.4370843, 0
0.8280247, 0.4814878, 0.4008315, 0
0.5127295, 0.3612578, 0.4485985, 0
0.6233335, 0.5043107, 0.2959208, 0
0.3950161, 0.2934912, 0.3302688, 0
0.5756059, 0.368531, 0.4010959, 0
0.5413435, 0.465955, 0.2674483, 0
0.8075399, 0.3688212, 0.2508256, 0
0.6536449, 0.43398, 0.2150641, 0
0.5660529, 0.396182, 0.3395947, 0
0.6633019, 0.2897012, 0.2725952, 0
0.5711167, 0.3498845, 0.2298121, 0
0.4967645, 0.3144247, 0.3873763, 0
0.3521084, 0.4524253, 0.3418985, 0
0.444875, 0.3978572, 0.3752793, 0
0.5387841, 0.4013593, 0.3128903, 0
0.695673, 0.4485309, 0.3155678, 0
0.7348477, 0.3359369, 0.2151289, 0
0.4764813, 0.5452608, 0.3029341, 0
0.7379088, 0.541676, 0.387094, 0
0.358051, 0.4784248, 0.2946388, 0
0.6686698, 0.3612923, 0.3258992, 0
0.4506829, 0.3365428, 0.2037227, 0
0.4716752, 0.4870082, 0.2522014, 0
0.8739509, 0.4689606, 0.1803654, 0
0.4408668, 0.3999057, 0.3019013, 0
0.8551911, 0.5342386, 0.3218003, 0
0.4968724, 0.425643, 0.3836048, 0
0.7283045, 0.3711062, 0.2248054, 0
0.3525122, 0.3824289, 0.3030082, 0
0.4308391, 0.2934064, 0.2612253, 0
0.593251, 0.3989596, 0.3559349, 0
0.6599188, 0.2883526, 0.3333769, 0
0.7411985, 0.5303038, 0.2854218, 0
0.5793539, 0.3734382, 0.2902578, 0
0.6288668, 0.4471307, 0.3024351, 0
0.7743858, 0.3805732, 0.1901586, 0
0.442097, 0.2893873, 0.3526899, 0
0.8188443, 0.3563718, 0.3046879, 0
0.4596829, 0.3733909, 0.2634467, 0
0.8536171, 0.4241271, 0.3197938, 0
0.8578292, 0.3831278, 0.3589292, 0
0.4407393, 0.4361585, 0.4147547, 0
0.8283516, 0.5147131, 0.2484848, 0
0.4382466, 0.4692532, 0.2829304, 0
0.5209932, 0.3671076, 0.3451433, 0
0.7053437, 0.3301589, 0.3690385, 0
0.753024, 0.3187883, 0.373417, 0
0.7427073, 0.409222, 0.3533245, 0
0.5553604, 0.3549667, 0.3375435, 0
0.4275523, 0.3126863, 0.2626556, 0
0.6990252, 0.377387, 0.2985373, 0
0.4159704, 0.2884822, 0.3258228, 0
0.741533, 0.3670783, 0.4016815, 0
0.8257471, 0.355887, 0.3929325, 0
0.799661, 0.4557317, 0.2707141, 0
0.7029228, 0.4139006, 0.3648517, 0
0.5786096, 0.3046202, 0.3281188, 0
0.8733944, 0.5000452, 0.2869795, 0
0.5229506, 0.4361993, 0.2359964, 0
0.8560623, 0.3841375, 0.1995865, 0
0.7706412, 0.4231846, 0.38889, 0
0.4690519, 0.4885875, 0.2696826, 0
0.8414125, 0.5262034, 0.1828894, 0
0.8426968, 0.3799725, 0.308779, 0
0.5649167, 0.3187521, 0.2774437, 0
0.7132348, 0.4725676, 0.2709186, 0
0.7933261, 0.3178166, 0.3677724, 0
0.4745377, 0.3978148, 0.2381265, 0
0.3872906, 0.3600884, 0.2295604, 0
0.8393252, 0.4815271, 0.3135698, 0
0.6067565, 0.3409965, 0.3105209, 0
0.8111977, 0.5272025, 0.2838216, 0
0.3942017, 0.5123376, 0.3869144, 0
0.5611994, 0.4380161, 0.2740502, 0
0.5305217, 0.4488275, 0.2936653, 0
0.5638484, 0.3498155, 0.3487127, 0
0.4549814, 0.4958398, 0.3634937, 0
0.8381097, 0.382367, 0.2325546, 0
0.747741, 0.6002336, 0.3072171, 0
0.5690327, 0.5103797, 0.3019297, 0
0.7650214, 0.5007984, 0.3353131, 0
0.8384707, 0.5694183, 0.2475572, 0
0.4841096, 0.4496708, 0.228793, 0
0.3809754, 0.4827568, 0.3217553, 0
0.8563447, 0.4175464, 0.2398048, 0
0.6490628, 0.3718522, 0.3286833, 0
0.7835898, 0.553538, 0.318431, 0
0.711974, 0.3917053, 0.276375, 0
0.3509465, 0.4359484, 0.3184828, 0
0.8641996, 0.3606368, 0.2988164, 0
0.8018635, 0.4040051, 0.3606534, 0
0.6280603, 0.3789386, 0.3964773, 0
0.8531395, 0.4802038, 0.276025, 0
0.7139001, 0.3324773, 0.2850839, 0
0.4847185, 0.3636736, 0.4210896, 0
0.8074268, 0.5432749, 0.3270746, 0
0.76661, 0.4976199, 0.3030335, 0
0.5481844, 0.4994843, 0.337075, 0
0.4624226, 0.4808845, 0.3664594, 0
0.4919638, 0.3611689, 0.3379993, 0
0.4587409, 0.3238961, 0.2438576, 0
0.6143064, 0.2988468, 0.3785408, 0
0.7560526, 0.5782263, 0.2214704, 0
0.8025265, 0.5383888, 0.3190736, 0
0.8566761, 0.4258745, 0.3635166, 0
0.5256851, 0.4715559, 0.3240832, 0
0.8420967, 0.3267012, 0.2365505, 0
0.39678, 0.4544914, 0.2198761, 0
0.5502967, 0.3922926, 0.2969657, 0
0.7826875, 0.4730217, 0.2015321, 0
0.8150551, 0.409032, 0.2714434, 0
0.4063405, 0.4869961, 0.28154, 0
0.6196818, 0.4122781, 0.2012897, 0
0.5452642, 0.4005351, 0.3055203, 0
0.5381209, 0.3989673, 0.344088, 0
0.3758533, 0.4058992, 0.3652333, 0
0.6617571, 0.373618, 0.2660144, 0
0.8655474, 0.5123644, 0.2546072, 0
0.6704486, 0.4429987, 0.2994899, 0
0.6555149, 0.4133977, 0.3234069, 0
0.4703873, 0.313518, 0.3991533, 0
0.5123872, 0.3065694, 0.3030823, 0
0.4622086, 0.4174375, 0.454538, 0
0.4821932, 0.403141, 0.4593785, 0
0.3774189, 0.448049, 0.3023531, 0
0.8623316, 0.5026994, 0.1672488, 0
0.6499948, 0.433045, 0.2519551, 0
0.6095296, 0.284525, 0.3174481, 0
0.5634221, 0.3629217, 0.3653752, 0
0.3599864, 0.4662778, 0.382621, 0
0.8708589, 0.3672895, 0.2282489, 0
0.7536728, 0.2959239, 0.3362424, 0
0.63233, 0.3530461, 0.1964253, 0
0.8468458, 0.3497964, 0.3483553, 0
0.6881918, 0.404066, 0.2083666, 0
0.6979835, 0.3286286, 0.3000248, 0
0.831117, 0.4803417, 0.4069758, 0
0.7573881, 0.3819461, 0.3343395, 0
0.6974254, 0.497156, 0.3054736, 0
0.4232442, 0.3569517, 0.2318563, 0
0.5906653, 0.2995842, 0.3512924, 0
0.5817468, 0.4659944, 0.3904366, 0
0.5579349, 0.4583586, 0.2063444, 0
0.3991168, 0.4931182, 0.3257519, 0
0.4392968, 0.3596195, 0.2761521, 0
0.4129054, 0.3297257, 0.2936791, 0
0.5096168, 0.4236507, 0.3687568, 0
0.839325, 0.4881641, 0.2567836, 0
0.7413429, 0.5352687, 0.3499203, 0
0.6447887, 0.3229957, 0.3064121, 0
0.8203088, 0.3139966, 0.2965832, 0
0.4834411, 0.5055074, 0.2909181, 0
0.5597553, 0.4849176, 0.2934831, 0
0.6506944, 0.3083168, 0.3424892, 0
0.7528428, 0.2997036, 0.2532452, 0
0.4024632, 0.3130914, 0.2622864, 0
0.6829852, 0.3552921, 0.364596, 0
0.4518867, 0.3558609, 0.4277385, 0
0.7434235, 0.5583703, 0.2959754, 0
0.8095882, 0.576869, 0.305303, 0
0.6175416, 0.276315, 0.2742909, 0
0.45688, 0.4489151, 0.3906155, 0
0.63697, 0.4122225, 0.3198543, 0
0.7979105, 0.4636405, 0.2563029, 0
0.4117638, 0.3454894, 0.2974096, 0
0.7999558, 0.4257134, 0.3674355, 0
0.7543842, 0.5585958, 0.3840849, 0
0.7754948, 0.5070018, 0.2694474, 0
0.4783653, 0.4242034, 0.3706135, 0
0.8019851, 0.3674725, 0.190133, 0
0.5259938, 0.431791, 0.2107412, 0
0.8722187, 0.3303399, 0.3334888, 0
0.3656236, 0.469039, 0.2692458, 0
0.6489217, 0.4318102, 0.3867598, 0
0.7479464, 0.5549424, 0.2272383, 0
0.7410557, 0.369046, 0.3599904, 0
0.7606893, 0.4806033, 0.1814284, 0
0.5747988, 0.4499649, 0.2115096, 0
0.3469261, 0.4417293, 0.3324606, 0
0.544138, 0.4107492, 0.2173577, 0
0.7176698, 0.289068, 0.3864336, 0
0.5444176, 0.371807, 0.226949, 0
0.5799123, 0.376427, 0.2716657, 0
0.7289392, 0.4508227, 0.2847336, 0
0.6082764, 0.3713999, 0.2781446, 0
0.3668814, 0.4465043, 0.3804389, 0
0.40359, 0.5122585, 0.40023, 0
0.7529075, 0.5300003, 0.3379171, 0
0.6410113, 0.3436295, 0.4052638, 0
0.390958, 0.3288346, 0.4013403, 0
0.6074828, 0.5158376, 0.2829326, 0
0.4151374, 0.3145008, 0.408069, 0
0.4962189, 0.4794465, 0.2445624, 0
0.370484, 0.3703907, 0.2526618, 0
0.8527227, 0.5294014, 0.1829396, 0
0.771823, 0.2937617, 0.3357926, 0
0.7858786, 0.466817, 0.3587851, 0
0.6127473, 0.4678448, 0.3054231, 0
0.8521955, 0.32806, 0.2626209, 0
0.7219996, 0.4593582, 0.3777531, 0
0.4357407, 0.3000638, 0.2721246, 0
0.5954502, 0.4393844, 0.2629222, 0
0.4383454, 0.3116733, 0.3015824, 0
0.6180042, 0.3171335, 0.2334326, 0
0.3699715, 0.4193042, 0.2772352, 0
0.7573413, 0.5650123, 0.2852748, 0
0.3762162, 0.375452, 0.389231, 0
0.3708013, 0.4562255, 0.2577098, 0
0.5007973, 0.2993421, 0.3101028, 0
0.500514, 0.486357, 0.3005013, 0
0.5590114, 0.3724678, 0.2265843, 0
0.4640919, 0.2973706, 0.3076544, 0
0.7577307, 0.4764395, 0.3816621, 0
0.8261709, 0.3067884, 0.3059736, 0
0.5686988, 0.315325, 0.3894539, 0
0.7561495, 0.5521148, 0.3615546, 0
0.676135, 0.3034971, 0.2474909, 0
0.6274161, 0.3935154, 0.2303116, 0
0.7484374, 0.4284115, 0.2591468, 0
0.3887477, 0.4923319, 0.3335197, 0
0.4401039, 0.3032169, 0.3694841, 0
0.4349551, 0.2983974, 0.3764754, 0
0.7506913, 0.5092905, 0.2071907, 0
0.4343824, 0.5176592, 0.3181597, 0
0.587498, 0.487267, 0.3010235, 0
0.5876815, 0.4600478, 0.3937875, 0
0.7163638, 0.36935, 0.392487, 0
0.5501279, 0.5411119, 0.3115285, 0
0.5951775, 0.3360169, 0.4151226, 0
0.3865681, 0.4813806, 0.3087717, 0
0.7546916, 0.2763086, 0.3135965, 0
0.4214506, 0.3753483, 0.4139935, 0
0.8137285, 0.3602953, 0.29871, 0
0.3534311, 0.4292065, 0.2688345, 0
0.487223, 0.5413258, 0.3087986, 0
0.5032492, 0.3684708, 0.1981819, 0
0.7146127, 0.361237, 0.2388046, 0
0.6659048, 0.3456043, 0.2592814, 0
0.6500375, 0.2963796, 0.242832, 0
0.5850119, 0.4117883, 0.326775, 0
0.3542126, 0.4636709, 0.2878691, 0
0.4482061, 0.3131631, 0.422147, 0
0.808508, 0.3947619, 0.1951506, 0
0.6461175, 0.3430282, 0.3260976, 0
0.7373012, 0.5107862, 0.3801507, 0
0.695415, 0.3541474, 0.3971874, 0
0.7524158, 0.3773366, 0.2977748, 0
0.4624803, 0.3036828, 0.4034515, 0
0.7431263, 0.5364444, 0.270944, 0
0.4471285, 0.3831403, 0.3801326, 0
0.515914, 0.4100372, 0.1919535, 0
0.8240996, 0.4776036, 0.2161763, 0
0.7427322, 0.3331901, 0.4153761, 0
0.8113251, 0.3189518, 0.2884907, 0
0.6994684, 0.4380378, 0.2230114, 0
0.8029732, 0.4087265, 0.2705645, 0
0.6295916, 0.5032464, 0.31146, 0
0.4431508, 0.518532, 0.3291199, 0
0.4838176, 0.4367088, 0.207844, 0
0.3816653, 0.4891858, 0.331753, 0
0.7794114, 0.4193175, 0.1945578, 0
0.3806246, 0.3686949, 0.2262026, 0
0.6532393, 0.4389882, 0.2546656, 0
0.7357081, 0.3859275, 0.3249068, 0
0.589705, 0.4927514, 0.2693881, 0
0.740062, 0.5556248, 0.375659, 0
0.4767644, 0.485157, 0.2190318, 0
0.5266933, 0.5104122, 0.2662874, 0
0.6354948, 0.4130432, 0.2659899, 0
0.8338702, 0.4505641, 0.2761236, 0
0.4574743, 0.3227822, 0.4323538, 0
0.3907898, 0.4655663, 0.4293762, 0
0.4835433, 0.367847, 0.2236975, 0
0.7732269, 0.4161085, 0.3163232, 0
0.3894407, 0.384087, 0.3132619, 0
0.7574349, 0.4010496, 0.3445095, 0
0.4492492, 0.2996891, 0.39243, 0
0.7266676, 0.4458507, 0.3162668, 0
0.5182185, 0.3507166, 0.4311956, 0
0.4873473, 0.4785601, 0.4131885, 0
0.8738564, 0.4310598, 0.2676089, 0
0.4893301, 0.4357669, 0.4133976, 0
0.8111954, 0.3389358, 0.3256111, 0
0.5015431, 0.3382483, 0.2691036, 0
0.5344663, 0.3302392, 0.356454, 0
0.4707945, 0.4293455, 0.3474719, 0
0.4701574, 0.521919, 0.3302145, 0
0.4281738, 0.4089767, 0.2041819, 0
0.4245376, 0.3662288, 0.4139899, 0
0.8584967, 0.3512827, 0.290613, 0
0.7368249, 0.5353571, 0.3270145, 0
0.583491, 0.399856, 0.3242437, 0
0.4265812, 0.4216819, 0.347627, 0
0.5406839, 0.4121381, 0.3771016, 0
0.8547657, 0.4872047, 0.3674525, 0
0.5546777, 0.4405857, 0.3906603, 0
0.4728381, 0.4090466, 0.4563086, 0
0.7721629, 0.3716557, 0.2648084, 0
0.7029335, 0.3112445, 0.3143098, 0
0.5480942, 0.3672306, 0.3240242, 0
0.3941721, 0.4946134, 0.2940231, 0
0.7419864, 0.4524702, 0.3406344, 0
0.6651067, 0.4695354, 0.2590463, 0
0.8101987, 0.5623748, 0.2495266, 0
0.5448641, 0.4060334, 0.4424065, 0
0.4724307, 0.2963075, 0.2890315, 0
0.5485227, 0.2798861, 0.2507288, 0
0.7806754, 0.2863036, 0.3101152, 0
0.5101142, 0.3428066, 0.206556, 0
0.6955495, 0.4009996, 0.3271504, 0
0.3732839, 0.3552667, 0.335337, 0
0.7689701, 0.4974261, 0.2952803, 0
0.3943504, 0.489218, 0.4173243, 0
0.3823726, 0.4680039, 0.4201555, 0
0.828388, 0.4830267, 0.2067922, 0
0.4722032, 0.5049657, 0.3260909, 0
0.7552427, 0.5608912, 0.2915387, 0
0.7716189, 0.5197616, 0.2126068, 0
0.6021618, 0.3759153, 0.4321082, 0
0.8313932, 0.5309108, 0.3324057, 0
0.598397, 0.3703483, 0.2037843, 0
0.3930204, 0.4581559, 0.2534744, 0
0.8411248, 0.3285245, 0.2714271, 0
0.4780519, 0.2913853, 0.2743102, 0
0.7791223, 0.3644052, 0.2235438, 0
0.8219239, 0.4178112, 0.2209641, 0
0.7701368, 0.3276579, 0.2120266, 0
0.5316466, 0.3905928, 0.3094228, 0
0.4829813, 0.4496254, 0.2290794, 0
0.3912135, 0.2974049, 0.3018306, 0
0.3536353, 0.3934049, 0.3225225, 0
0.4428631, 0.3163569, 0.2905388, 0
0.6666785, 0.3464456, 0.3315291, 0
0.3886591, 0.3950086, 0.3539651, 0
0.6765985, 0.4379224, 0.2332671, 0
0.8120773, 0.4590196, 0.271902, 0
0.6290256, 0.4082159, 0.220925, 0
0.4402211, 0.4177594, 0.451326, 0
0.7983441, 0.5269737, 0.4117884, 0
0.7897589, 0.5864166, 0.3823889, 0
0.4702497, 0.4119344, 0.3177727, 0
0.7462246, 0.566262, 0.3201975, 0
0.7420295, 0.3024485, 0.2908494, 0
0.5011153, 0.4016848, 0.289999, 0
0.4266057, 0.4282091, 0.299903, 0
0.8739711, 0.438007, 0.3906508, 0
0.6307823, 0.3965614, 0.2100983, 0
0.4967944, 0.5506836, 0.3376355, 0
0.4695923, 0.5072414, 0.3277057, 0
0.4534733, 0.320575, 0.4007569, 0
0.5061178, 0.4517654, 0.2235091, 0
0.5796714, 0.3412074, 0.4311325, 0
0.3544504, 0.4183708, 0.3809893, 0
0.825447, 0.5086182, 0.2769968, 0
0.482257, 0.4103839, 0.4567961, 0
0.8356947, 0.4165991, 0.4046895, 0
0.749857, 0.5367869, 0.3808995, 0
0.6129571, 0.3403341, 0.4216735, 0
0.7759933, 0.3907562, 0.339286, 0
0.5297259, 0.3104355, 0.2298474, 0
0.7443626, 0.4580559, 0.2749175, 0
0.8073648, 0.3889351, 0.3949381, 0
0.7833535, 0.4464194, 0.4054645, 0
0.4973461, 0.476662, 0.3594337, 0
0.6880804, 0.2813379, 0.3194808, 0
0.5915723, 0.3252993, 0.4044832, 0
0.7612575, 0.3864025, 0.383091, 0
0.5479444, 0.3188221, 0.2269282, 0
0.3692507, 0.4675774, 0.2632454, 0
0.4363799, 0.4042245, 0.2690322, 0
0.6942408, 0.5009515, 0.2788882, 0
0.7483557, 0.5342788, 0.3539242, 0
0.6481746, 0.415468, 0.3847204, 0
0.7768725, 0.3639345, 0.2732464, 0
0.6972495, 0.333566, 0.4132622, 0
0.8030108, 0.3696325, 0.3227655, 0
0.4506782, 0.3063904, 0.3304687, 0
0.7165022, 0.2898466, 0.2506217, 0
0.7465078, 0.2713483, 0.3209572, 0
0.4643938, 0.4138944, 0.4268001, 0
0.7735384, 0.4545966, 0.1954617, 0
0.4696021, 0.4080705, 0.4524831, 0
0.789842, 0.4402464, 0.4064373, 0
0.7922586, 0.5287644, 0.3738638, 0
0.5322294, 0.3430509, 0.411899, 0
0.7594814, 0.4162939, 0.2122865, 0
0.4996217, 0.3587269, 0.4135019, 0
0.5507143, 0.3932661, 0.3835441, 0
0.7784829, 0.5682993, 0.3266046, 0
0.4116659, 0.4725074, 0.2818748, 0
0.8580938, 0.4868902, 0.2357246, 0
0.5018243, 0.3426337, 0.3427431, 0
0.3650362, 0.4150197, 0.2468639, 0
0.8365322, 0.5491573, 0.3581914, 0
0.4346956, 0.3834983, 0.2100345, 0
0.4223651, 0.289345, 0.3161518, 0
0.7903466, 0.314801, 0.2304454, 0
0.6251779, 0.5032554, 0.2564109, 0
0.3451868, 0.4379904, 0.2872728, 0
0.4879381, 0.4245115, 0.2277395, 0
0.4246409, 0.5377417, 0.3217233, 0
0.6143506, 0.5007725, 0.3735785, 0
0.594654, 0.4932839, 0.3298521, 0
0.8328173, 0.505782, 0.2306494, 0
0.4647875, 0.3286048, 0.3676807, 0
0.7386127, 0.5559228, 0.2925442, 0
0.4675685, 0.3359921, 0.413705, 0
0.7899667, 0.440843, 0.2444279, 0
0.3638195, 0.3791967, 0.3274103, 0
0.8177728, 0.5355918, 0.176117, 0
0.8149114, 0.5952023, 0.2253176, 0
0.8304213, 0.5124965, 0.3837219, 0
0.4621239, 0.2978921, 0.3155153, 0
0.4175884, 0.4597729, 0.4157185, 0
0.4210068, 0.4211816, 0.2025525, 0
0.4185705, 0.4750236, 0.2365748, 0
0.4687723, 0.3822121, 0.2379876, 0
0.3731486, 0.5016803, 0.3621912, 0
0.8208948, 0.4974104, 0.3412329, 0
0.8576153, 0.4332655, 0.2834805, 0
0.7319669, 0.5230668, 0.3233697, 0
0.8408786, 0.3815647, 0.335892, 0
0.5988098, 0.3606975, 0.3157809, 0
0.7159388, 0.4063289, 0.2337363, 0
0.4085133, 0.4568565, 0.2324333, 0
0.4457541, 0.3028273, 0.3019607, 0
0.7546101, 0.5057343, 0.1750446, 0
0.6477579, 0.5159725, 0.2820608, 0
0.7265378, 0.486501, 0.2592645, 0
0.8762516, 0.3461464, 0.344713, 0
0.8018668, 0.4254262, 0.2582462, 0
0.4765013, 0.3209969, 0.2502752, 0
0.4546168, 0.401462, 0.4332195, 0
0.4516983, 0.4894825, 0.3140381, 0
0.8530401, 0.495263, 0.35122, 0
0.6483706, 0.3180923, 0.2085911, 0
0.5037311, 0.316636, 0.3758101, 0
0.780538, 0.3905362, 0.4140848, 0
0.3958518, 0.3315772, 0.406694, 0
0.8604326, 0.4253989, 0.1791746, 0
0.8530462, 0.3457996, 0.2356225, 0
0.8271044, 0.523578, 0.3862708, 0
0.5328913, 0.4149844, 0.3075728, 0
0.8796965, 0.5001593, 0.3334028, 0
0.5328158, 0.4334134, 0.2814147, 0
0.4125891, 0.2918214, 0.351719, 0
0.6517079, 0.2738645, 0.3216335, 0
0.4464845, 0.3802859, 0.2696512, 0
0.8758627, 0.320915, 0.2906103, 0
0.484367, 0.3494588, 0.2498634, 0
0.4316075, 0.5281109, 0.2776805, 0
0.806897, 0.3019528, 0.3447819, 0
0.8574475, 0.472008, 0.2721632, 0
0.403035, 0.3310967, 0.3061588, 0
0.8337843, 0.3113346, 0.2619845, 0
0.4198641, 0.4126285, 0.4196452, 0
0.6924872, 0.4550454, 0.2297866, 0
0.7661022, 0.3363874, 0.3456886, 0
0.8221898, 0.3503913, 0.2948275, 0
0.561829, 0.4654817, 0.2629659, 0
0.672149, 0.3731331, 0.228432, 0
0.8141729, 0.5739905, 0.3630824, 0
0.7379941, 0.4173781, 0.3641973, 0
0.8839674, 0.395348, 0.232989, 0
0.3911782, 0.2957762, 0.3058262, 0
0.6903484, 0.3786906, 0.2972178, 0
0.7514009, 0.3529505, 0.3329105, 0
0.6608608, 0.3234147, 0.1954208, 0
0.6889419, 0.376355, 0.2216883, 0
0.4340187, 0.4417678, 0.3052675, 0
0.8410619, 0.5485116, 0.4032228, 0
0.3987695, 0.4600351, 0.3403678, 0
0.4337245, 0.4802839, 0.2335281, 0
0.6048711, 0.5212551, 0.335342, 0
0.541633, 0.3406332, 0.4127842, 0
0.8614131, 0.4876119, 0.2044829, 0
0.4206268, 0.4006868, 0.4201753, 0
0.6172431, 0.3324887, 0.3854361, 0
0.8146415, 0.4314125, 0.2790033, 0
0.7840101, 0.5302199, 0.2247344, 0
0.5654511, 0.3168228, 0.3347051, 0
0.455569, 0.3470168, 0.3411989, 0
0.6199482, 0.3548359, 0.3409751, 0
0.7937601, 0.596346, 0.3663203, 0
0.4142793, 0.3493727, 0.2552658, 0
0.7917753, 0.3208291, 0.3811451, 0
0.7365401, 0.5535025, 0.3041111, 0
0.8682381, 0.4460712, 0.2247089, 0
0.5040406, 0.4971423, 0.2913566, 0
0.7508196, 0.5192212, 0.3222845, 0
0.7806565, 0.4943197, 0.2402246, 0
0.4405382, 0.3098459, 0.4045451, 0
0.5888796, 0.4450876, 0.3211048, 0
0.7619522, 0.5475217, 0.2339896, 0
0.4255194, 0.3942362, 0.4050233, 0
0.5189347, 0.3408066, 0.4243802, 0
0.4094553, 0.3060837, 0.2706242, 0
0.3900604, 0.2984861, 0.2988051, 0
0.6376642, 0.2777954, 0.3157631, 0
0.4314817, 0.4166555, 0.227168, 0
0.8359361, 0.3617245, 0.2951648, 0
0.3804573, 0.4567526, 0.2479869, 0
0.4938025, 0.2924196, 0.3119091, 0
0.4115725, 0.4934979, 0.3293468, 0
0.4218167, 0.4866889, 0.3201444, 0
0.6029264, 0.3842777, 0.4438922, 0
0.764725, 0.5800279, 0.2794416, 0
0.7706542, 0.2939282, 0.3245369, 0
0.8253536, 0.4441794, 0.3860802, 0
0.7696913, 0.3524387, 0.303418, 0
0.7545902, 0.5807687, 0.3685718, 0
0.8298806, 0.4488975, 0.2347617, 0
0.6138977, 0.416617, 0.3335415, 0
0.708794, 0.4738928, 0.3191625, 0
0.4924223, 0.4260551, 0.4551599, 0
0.3952488, 0.4202961, 0.2134069, 0
0.463298, 0.3556038, 0.4168121, 0
0.7254265, 0.4734916, 0.3714949, 0
0.4906275, 0.3585238, 0.3288936, 0
0.4598739, 0.3715512, 0.202603, 0
0.4231154, 0.4583228, 0.4282569, 0
0.6674516, 0.3246337, 0.1950492, 0
0.5134208, 0.5088891, 0.2788501, 0
0.4569238, 0.4215018, 0.4543331, 0
0.4415557, 0.3745088, 0.4056272, 0
0.5825447, 0.3256101, 0.3639862, 0
0.8329369, 0.3722714, 0.2696826, 0
0.4320525, 0.4235542, 0.4382982, 0
0.4867413, 0.4676458, 0.212708, 0
0.410801, 0.4613353, 0.3951898, 0
0.8374979, 0.4527049, 0.3954291, 0
0.4883811, 0.4372132, 0.321396, 0
0.4493055, 0.2920075, 0.3415464, 0
0.469318, 0.4175042, 0.4529899, 0
0.4710117, 0.4994764, 0.342286, 0
0.7879896, 0.5939757, 0.3930552, 0
0.6145594, 0.3997369, 0.2219204, 0
0.5109683, 0.3926454, 0.2106096, 0
0.3934581, 0.2940148, 0.3277211, 0
0.4057127, 0.3194655, 0.3821361, 0
0.8114354, 0.5071958, 0.32002, 0
0.6827416, 0.3006303, 0.371515, 0
0.4084617, 0.4402732, 0.3739213, 0
0.7682136, 0.4755535, 0.3447462, 0
0.6982589, 0.2982597, 0.3176798, 0
0.7517259, 0.4940473, 0.3530936, 0
0.5175902, 0.4640743, 0.3547577, 0
0.7224226, 0.3251145, 0.2759959, 0
0.4335762, 0.3039835, 0.3857142, 0
0.6749264, 0.3360183, 0.1898891, 0
0.6393702, 0.3235295, 0.2136928, 0
0.5072913, 0.4336143, 0.3935543, 0
0.8349074, 0.5948262, 0.2332987, 0
0.773096, 0.5415392, 0.2501053, 0
0.7378964, 0.5561738, 0.3682976, 0
0.8021733, 0.3201025, 0.3616422, 0
0.3823135, 0.4872111, 0.2608807, 0
0.7831464, 0.4732057, 0.3198411, 0
0.8034652, 0.3936274, 0.2314206, 0
0.4717065, 0.3900022, 0.3649191, 0
0.4721581, 0.3081827, 0.2831692, 0
0.8318678, 0.5614784, 0.2979395, 0
0.6038176, 0.4035609, 0.2035557, 0
0.4724996, 0.4146647, 0.4541805, 0
0.7247156, 0.4258836, 0.2667421, 0
0.7513216, 0.5756224, 0.2267238, 0
0.5039575, 0.3875398, 0.285484, 0
0.4997766, 0.4619399, 0.3705, 0
0.56908, 0.4028659, 0.3387131, 0
0.4678751, 0.3504609, 0.4340108, 0
0.8747835, 0.4525241, 0.3331424, 0
0.6134181, 0.463593, 0.2551787, 0
0.8338903, 0.5386202, 0.2238327, 0
0.8151793, 0.4405496, 0.3430037, 0
0.5876817, 0.4817291, 0.2760133, 0
0.8389332, 0.3743704, 0.2952119, 0
0.4651602, 0.5384662, 0.3465133, 0
0.7427394, 0.4218707, 0.31102, 0
0.7129386, 0.335795, 0.2741753, 0
0.5498179, 0.4042331, 0.2195336, 0
0.5097458, 0.4886017, 0.3851175, 0
0.8208162, 0.4263549, 0.3229203, 0
0.4927894, 0.3316482, 0.3874403, 0
0.7820337, 0.5083313, 0.3619838, 0
0.5051861, 0.5066922, 0.2585211, 0
0.8375999, 0.476065, 0.2097126, 0
0.562628, 0.3144405, 0.2429466, 0
0.7422488, 0.2978907, 0.287095, 0
0.7849038, 0.5501311, 0.2604654, 0
0.4122035, 0.5028651, 0.4080296, 0
0.5204408, 0.3644235, 0.4106816, 0
0.7332169, 0.5381369, 0.3678843, 0
0.4562842, 0.3859276, 0.2071941, 0
0.5851895, 0.3032333, 0.3673228, 0
0.6080334, 0.4569801, 0.3426757, 0
0.6424783, 0.4679071, 0.3508769, 0
0.5549409, 0.3634217, 0.2280313, 0
0.5224586, 0.4176731, 0.3511749, 0
0.5433868, 0.3193071, 0.374798, 0
0.5880243, 0.3977658, 0.2300679, 0
0.4215241, 0.4577665, 0.4279431, 0
0.3921123, 0.4072672, 0.221129, 0
0.5404395, 0.4386991, 0.253692, 0
0.4491616, 0.5390036, 0.3581542, 0
0.7736944, 0.3263094, 0.3448963, 0
0.8240152, 0.5550935, 0.2293554, 0
0.7359117, 0.3969136, 0.3236281, 0
0.8666987, 0.4246046, 0.3756858, 0
0.7995266, 0.4120171, 0.3467128, 0
0.6227766, 0.3019628, 0.3226871, 0
0.6862595, 0.3501734, 0.2721998, 0
0.4855507, 0.3025097, 0.3094406, 0
0.4621113, 0.2976542, 0.3597355, 0
0.6559677, 0.2690396, 0.3430708, 0
0.381777, 0.4679254, 0.2980869, 0
0.7242159, 0.4289329, 0.2107343, 0
0.3891033, 0.3105478, 0.2913126, 0
0.8322501, 0.4722403, 0.2413392, 0
0.7256512, 0.4658146, 0.2828215, 0
0.4653799, 0.3276128, 0.3817039, 0
0.3764082, 0.3672955, 0.2951262, 0
0.459561, 0.4015023, 0.2753173, 0
0.5026674, 0.4220402, 0.4361338, 0
0.5261981, 0.3404457, 0.442176, 0
0.4049053, 0.5103565, 0.2977093, 0
0.8311476, 0.3623543, 0.3678944, 0
0.7076079, 0.449996, 0.3429211, 0
0.7746444, 0.3473049, 0.2900391, 0
0.7279185, 0.4706341, 0.2237681, 0
0.4844877, 0.3397278, 0.4261932, 0
0.4883263, 0.4905237, 0.2862404, 0
0.6768367, 0.3520024, 0.3798845, 0
0.5772033, 0.4416769, 0.3082967, 0
0.4164144, 0.3185547, 0.2885197, 0
0.387542, 0.3287975, 0.2510639, 0
0.4210485, 0.4624978, 0.4293, 0
0.6078057, 0.4521926, 0.2672668, 0
0.6617119, 0.3908068, 0.2468824, 0
0.7922026, 0.5887421, 0.2444364, 0
0.4407839, 0.34814, 0.3420871, 0
0.4418646, 0.4193685, 0.4537209, 0
0.8818181, 0.4131456, 0.3240662, 0
0.8491732, 0.5573226, 0.3315607, 0
0.7377665, 0.4219937, 0.3337461, 0
0.4157455, 0.3500619, 0.3918084, 0
0.496024, 0.421333, 0.2647581, 0
0.5375128, 0.3285673, 0.4107013, 0
0.4498397, 0.3811498, 0.3535828, 0
0.5354874, 0.471821, 0.2416009, 0
0.5971205, 0.4272689, 0.2547302, 0
0.5930148, 0.3941295, 0.4344067, 0
0.7161237, 0.3890688, 0.3379562, 0
0.4506865, 0.4583656, 0.4331152, 0
0.8059453, 0.400949, 0.2680752, 0
0.736219, 0.4713036, 0.3750424, 0
0.8135332, 0.4478615, 0.1980561, 0
0.567926, 0.4540535, 0.3979341, 0
0.7900703, 0.5305918, 0.3424601, 0
0.4745021, 0.4489336, 0.2833254, 0
0.4385912, 0.4073714, 0.2726041, 0
0.8653098, 0.413783, 0.2530287, 0
0.8259521, 0.4905339, 0.3200112, 0
0.4119631, 0.3090263, 0.3892032, 0
0.4069165, 0.4039779, 0.4077105, 0
0.8795219, 0.3747723, 0.2912918, 0
0.6240357, 0.3942425, 0.3384877, 0
0.5870221, 0.2957576, 0.2513777, 0
0.4812705, 0.3177319, 0.2338356, 0
0.4605788, 0.3835137, 0.430213, 0
0.5665451, 0.494156, 0.3042276, 0
0.3695779, 0.3774896, 0.395558, 0
0.4490414, 0.3161115, 0.2340899, 0
0.4379319, 0.3418714, 0.3930569, 0
0.8110459, 0.4552288, 0.2127212, 0
0.4529465, 0.3403102, 0.2423069, 0
0.4500203, 0.4323005, 0.3828531, 0
0.5342866, 0.3595498, 0.1909986, 0
0.5578262, 0.3216954, 0.3892396, 0
0.8563086, 0.416711, 0.2957181, 0
0.6613269, 0.353695, 0.3012344, 0
0.7008013, 0.3379425, 0.2177476, 0
0.6545825, 0.3227838, 0.3002265, 0
0.8329171, 0.3415979, 0.2558722, 0
0.7181796, 0.4324583, 0.2311403, 0
0.6896419, 0.415983, 0.2535385, 0
0.6641232, 0.3015527, 0.3977584, 0
0.4033346, 0.3196373, 0.2889762, 0
0.5149724, 0.4703117, 0.3586118, 0
0.69159, 0.4113712, 0.3611033, 0
0.8269245, 0.4309155, 0.3142733, 0
0.7776023, 0.3338546, 0.3377098, 0
0.4587184, 0.3838956, 0.225131, 0
0.7383039, 0.3990561, 0.3723898, 0
0.7750182, 0.5484342, 0.2540761, 0
0.6198853, 0.3499893, 0.2184205, 0
0.6815795, 0.3647316, 0.3107689, 0
0.5073286, 0.3038493, 0.3120615, 0
0.4606521, 0.3738188, 0.4109618, 0
0.5506561, 0.3273247, 0.2344239, 0
0.7173668, 0.3145617, 0.3436681, 0
0.6107937, 0.3429043, 0.2649179, 0
0.7098869, 0.3719205, 0.3753721, 0
0.8712786, 0.4629709, 0.2495026, 0
0.4133182, 0.4133945, 0.4029204, 0
0.58858, 0.3600697, 0.2871406, 0
0.4481013, 0.4624456, 0.2207174, 0
0.57539, 0.3710896, 0.374534, 0
0.602175, 0.3583352, 0.3171888, 0
0.776972, 0.3322076, 0.3151953, 0
0.8283827, 0.4261241, 0.1918983, 0
0.6293613, 0.3005259, 0.3586976, 0
0.6723179, 0.5009546, 0.3102368, 0
0.3955137, 0.4264095, 0.3464073, 0
0.7504815, 0.545069, 0.2220906, 0
0.868993, 0.4202856, 0.3175448, 0
0.7474932, 0.419502, 0.2046058, 0
0.834501, 0.4727678, 0.3196977, 0
0.3840756, 0.3619263, 0.2287461, 0
0.582614, 0.4759318, 0.3165215, 0
0.5007673, 0.5080469, 0.3218719, 0
0.3804224, 0.4594341, 0.3771035, 0
0.421969, 0.4684641, 0.2566735, 0
0.450514, 0.3341317, 0.2896454, 0
0.6667435, 0.3440844, 0.2592567, 0
0.5032557, 0.4617854, 0.3055593, 0
0.4789079, 0.3392277, 0.2087386, 0
0.5529636, 0.4467183, 0.4212132, 0
0.6574192, 0.3520179, 0.2286374, 0
0.4987744, 0.4106403, 0.306889, 0
0.75619, 0.4416567, 0.3344068, 0
0.3807661, 0.37316, 0.3826961, 0
0.755486, 0.4456749, 0.2208819, 0
0.4699426, 0.3931494, 0.3382668, 0
0.8498112, 0.3308298, 0.3322329, 0
0.8261137, 0.4985308, 0.3590752, 0
0.8411586, 0.4208131, 0.3781922, 0
0.5359553, 0.3932578, 0.4481384, 0
0.835245, 0.5048652, 0.321615, 0
0.7452372, 0.5719194, 0.3190095, 0
0.8706974, 0.4849992, 0.3866388, 0
0.7373439, 0.3856638, 0.34942, 0
0.4055191, 0.4626073, 0.2491402, 0
0.4647921, 0.3436457, 0.2064324, 0
0.439361, 0.5108893, 0.3542988, 0
0.7331815, 0.5368571, 0.3717426, 0
0.7564971, 0.4713125, 0.3718686, 0
0.637062, 0.3823651, 0.4352948, 0
0.5959336, 0.3145681, 0.394356, 0
0.6471707, 0.3567466, 0.2503918, 0
0.5503891, 0.4260129, 0.3437449, 0
0.7600199, 0.5396042, 0.2755884, 0
0.8092832, 0.3304341, 0.227919, 0
0.4854535, 0.4501772, 0.4562516, 0
0.4418419, 0.3527191, 0.42259, 0
0.6546902, 0.4184046, 0.3903504, 0
0.5361809, 0.5040694, 0.3746484, 0
0.6782638, 0.3181619, 0.2370919, 0
0.862618, 0.3746787, 0.2058461, 0
0.7550066, 0.3671565, 0.1821233, 0
0.464002, 0.3620868, 0.3134141, 0
0.6129467, 0.3677701, 0.331863, 0
0.7605022, 0.4107104, 0.356091, 0
0.6340382, 0.4150794, 0.3783053, 0
0.8084127, 0.3630186, 0.4108133, 0
0.6423896, 0.4382624, 0.3817426, 0
0.6650537, 0.4026366, 0.3120843, 0
0.8355392, 0.5612351, 0.2977852, 0
0.5926464, 0.4078556, 0.2664009, 0
0.5474853, 0.4499915, 0.4147379, 0
0.4633472, 0.4948096, 0.3672291, 0
0.5933601, 0.3950714, 0.4427374, 0
0.514487, 0.3272737, 0.3927521, 0
0.8759991, 0.4768159, 0.3058777, 0
0.7607149, 0.4083549, 0.3242085, 0
0.5052971, 0.4010212, 0.3168046, 0
0.5550771, 0.328225, 0.2226496, 0
0.5000345, 0.4939329, 0.3972599, 0
0.7957197, 0.4994797, 0.3747374, 0
0.3731654, 0.4146805, 0.3556788, 0
0.3897755, 0.4459314, 0.3843291, 0
0.5249048, 0.3250321, 0.3191884, 0
0.8295079, 0.3873443, 0.2429197, 0
0.556962, 0.4390587, 0.2319787, 0
0.494931, 0.5126119, 0.3478937, 0
0.5186487, 0.3033211, 0.3436771, 0
0.4493964, 0.3179837, 0.4075946, 0
0.7430499, 0.380398, 0.2484007, 0
0.8818833, 0.41005, 0.247696, 0
0.624238, 0.4549557, 0.3517914, 0
0.6620533, 0.3473915, 0.2927371, 0
0.5144078, 0.3887871, 0.3930921, 0
0.7380721, 0.3638496, 0.2571585, 0
0.433343, 0.3956593, 0.2034442, 0
0.7113739, 0.3472466, 0.3723039, 0
0.7923289, 0.539925, 0.4032917, 0
0.8442115, 0.4338637, 0.2447993, 0
0.7131432, 0.3730787, 0.2166901, 0
0.5896384, 0.3193222, 0.4235424, 0
0.4472831, 0.3163258, 0.3837497, 0
0.76275, 0.3034299, 0.3845032, 0
0.4488082, 0.28727, 0.2873398, 0
0.7683501, 0.4865569, 0.2396336, 0
0.5641308, 0.2860453, 0.2705612, 0
0.7929032, 0.3687368, 0.3850053, 0
0.7825496, 0.4904209, 0.1835764, 0
0.3424329, 0.4433441, 0.2898432, 0
0.804919, 0.3291956, 0.3632146, 0
0.7095363, 0.3790371, 0.3012564, 0
0.4187988, 0.3120743, 0.3977896, 0
0.7479633, 0.4982991, 0.3364134, 0
0.4366815, 0.3866931, 0.4202114, 0
0.7744827, 0.5912799, 0.2943001, 0
0.8705894, 0.4787845, 0.2587352, 0
0.4023035, 0.3293326, 0.2477291, 0
0.8435606, 0.5793791, 0.2435098, 0
0.3513726, 0.4521323, 0.3574899, 0
0.4161747, 0.4883163, 0.2995025, 0
0.3802662, 0.3454, 0.3698885, 0
0.5842847, 0.4919494, 0.3492541, 0
0.7667459, 0.504515, 0.2362233, 0
0.7713724, 0.3017382, 0.2814876, 0
0.5535428, 0.3977093, 0.311695, 0
0.8660153, 0.4855733, 0.2562037, 0
0.6346492, 0.4569916, 0.3192848, 0
0.4222747, 0.3141535, 0.2770304, 0
0.889048, 0.3295981, 0.2338981, 0
0.3974365, 0.4606007, 0.3006954, 0
0.4989026, 0.343895, 0.193949, 0
0.439877, 0.36213, 0.3429326, 0
0.7597747, 0.3990677, 0.2580243, 0
0.563023, 0.4392128, 0.2246069, 0
0.7790048, 0.4989703, 0.1945727, 0
0.7762432, 0.3320662, 0.385377, 0
0.8457009, 0.420516, 0.2210796, 0
0.6203546, 0.354696, 0.2209165, 0
0.8912513, 0.3612825, 0.368902, 0
0.5978015, 0.3369782, 0.2432386, 0
0.5426507, 0.5014306, 0.3069048, 0
0.7570781, 0.3526868, 0.2593088, 0
0.4909267, 0.5007165, 0.3219276, 0
0.8537316, 0.5455803, 0.243986, 0
0.7771045, 0.5817693, 0.3658516, 0
0.7926725, 0.3728437, 0.2421366, 0
0.3588169, 0.3852735, 0.2345551, 0
0.4535226, 0.4242073, 0.4549623, 0
0.4323234, 0.3384213, 0.2932647, 0
0.7151491, 0.3020338, 0.2852753, 0
0.7938948, 0.5259672, 0.2819038, 0
0.7300692, 0.3322927, 0.3286116, 0
0.4436841, 0.4236042, 0.4537665, 0
0.4650841, 0.343483, 0.373995, 0
0.3710671, 0.313808, 0.2722873, 0
0.6969699, 0.3216756, 0.2837556, 0
0.8065835, 0.4418184, 0.2388857, 0
0.7389336, 0.2871488, 0.3852829, 0
0.4791633, 0.4114355, 0.375271, 0
0.4268046, 0.4035368, 0.383138, 0
0.5874139, 0.4188773, 0.4327935, 0
0.5261065, 0.400672, 0.2457463, 0
0.3821746, 0.4666617, 0.2425798, 0
0.4101225, 0.4142565, 0.3536142, 0
0.4741659, 0.3280047, 0.2389163, 0
0.624248, 0.3324018, 0.2375572, 0
0.4001245, 0.4780911, 0.3896398, 0
0.6166644, 0.3961788, 0.2334439, 0
0.5639041, 0.413539, 0.3588148, 0
0.4128347, 0.4013542, 0.2437414, 0
0.4580497, 0.4131283, 0.3721022, 0
0.4046253, 0.332584, 0.3696413, 0
0.6906545, 0.3412279, 0.4078685, 0
0.7048288, 0.3585445, 0.2643974, 0
0.5397511, 0.3595078, 0.3880205, 0
0.5448608, 0.3461975, 0.3882896, 0
0.8047981, 0.4610291, 0.3757973, 0
0.5207878, 0.3982385, 0.289259, 0
0.5753421, 0.2956876, 0.3006718, 0
0.7763847, 0.4375434, 0.2290252, 0
0.8455497, 0.4361295, 0.3682525, 0
0.6059287, 0.412338, 0.1946934, 0
0.5110056, 0.3829678, 0.4550939, 0
0.7807987, 0.5920701, 0.289261, 0
0.3564978, 0.4473352, 0.3233989, 0
0.8693717, 0.3351556, 0.3187578, 0
0.7922971, 0.4497391, 0.2901254, 0
0.7725641, 0.3867698, 0.180161, 0
0.5798959, 0.427508, 0.2122976, 0
0.7412609, 0.4857996, 0.2123762, 0
0.4444494, 0.4957608, 0.4132128, 0
0.5236744, 0.3254611, 0.2693779, 0
0.7158427, 0.287085, 0.3899045, 0
0.3790594, 0.3620551, 0.2976477, 0
0.4460009, 0.3463542, 0.3854131, 0
0.7661073, 0.345464, 0.340009, 0
0.4836165, 0.4842586, 0.3801362, 0
0.5521195, 0.3210022, 0.319434, 0
0.457329, 0.42238, 0.4541663, 0
0.5047725, 0.3524542, 0.3502899, 0
0.7190732, 0.3999227, 0.2992739, 0
0.8160006, 0.3111734, 0.2496753, 0
0.8106826, 0.3628534, 0.3943792, 0
0.4213793, 0.4003753, 0.4201634, 0
0.4850509, 0.4567283, 0.2401105, 0
0.7874119, 0.5354459, 0.3310792, 0
0.4255348, 0.2893496, 0.3526594, 0
0.3860431, 0.4899399, 0.2610074, 0
0.6953823, 0.4170026, 0.3341271, 0
0.4770231, 0.5148279, 0.2897095, 0
0.3898887, 0.4171913, 0.3703486, 0
0.5159872, 0.4839444, 0.2937395, 0
0.6281955, 0.5049809, 0.2907946, 0
0.6450299, 0.432199, 0.2164547, 0
0.400322, 0.3287318, 0.3256024, 0
0.6786912, 0.4548669, 0.330925, 0
0.437999, 0.292356, 0.2722986, 0
0.5871246, 0.4149216, 0.312087, 0
0.4765892, 0.3116902, 0.3952072, 0
0.8634955, 0.3579949, 0.2553385, 0
0.8662983, 0.4219678, 0.2700766, 0
0.7488943, 0.5047764, 0.2139247, 0
0.3837165, 0.4920496, 0.3556332, 0
0.4321714, 0.3233769, 0.4216996, 0
0.7064476, 0.4370359, 0.316197, 0
0.712301, 0.3146402, 0.4038883, 0
0.4508444, 0.5314788, 0.3005081, 0
0.5858207, 0.3925408, 0.4317569, 0
0.4843819, 0.2898698, 0.2827108, 0
0.6947912, 0.3905002, 0.3195103, 0
0.68922, 0.4008217, 0.2027738, 0
0.4605033, 0.4127115, 0.3282286, 0
0.8278089, 0.4617455, 0.2105119, 0
0.5650577, 0.3226735, 0.3180445, 0
0.4428226, 0.3112578, 0.4216284, 0
0.408384, 0.3685314, 0.2256305, 0
0.763676, 0.2775841, 0.3485261, 0
0.6977186, 0.3439018, 0.3914826, 0
0.6100588, 0.324339, 0.2299421, 0
0.4596153, 0.480069, 0.3358602, 0
0.480759, 0.3565225, 0.3840911, 0
0.4504224, 0.4891358, 0.4200395, 0
0.3639955, 0.3629012, 0.2813751, 0
0.7629502, 0.4325368, 0.3177184, 0
0.5667143, 0.2752497, 0.2746163, 0
0.5539051, 0.3538107, 0.3952852, 0
0.3946176, 0.3861283, 0.2561581, 0
0.3828256, 0.4757714, 0.3454627, 0
0.7487299, 0.5453808, 0.2307783, 0
0.6356385, 0.4588403, 0.2391364, 0
0.4189006, 0.293135, 0.3599936, 0
0.7880915, 0.4681219, 0.3579345, 0
0.8425332, 0.503257, 0.2966421, 0
0.6878036, 0.3953003, 0.3958457, 0
0.8181728, 0.550881, 0.3677436, 0
0.5200069, 0.3305845, 0.2583946, 0
0.8646056, 0.3509945, 0.3208707, 0
0.508926, 0.3121658, 0.2499376, 0
0.6120595, 0.3433669, 0.2936846, 0
0.6218982, 0.4617088, 0.2198088, 0
0.8801244, 0.4097924, 0.2727112, 0
0.8557904, 0.4757712, 0.291386, 0
0.3900888, 0.5066081, 0.3922682, 0
0.4131081, 0.3163299, 0.2609912, 0
0.8428585, 0.5644827, 0.2245588, 0
0.8554296, 0.434773, 0.3126202, 0
0.8531051, 0.5023416, 0.1913756, 0
0.4534596, 0.3651439, 0.3175289, 0
0.3810224, 0.4023794, 0.3803988, 0
0.3832623, 0.5010783, 0.279153, 0
0.5168476, 0.3035159, 0.3335166, 0
0.3610777, 0.3817856, 0.2948562, 0
0.4950114, 0.4857277, 0.2839373, 0
0.4222242, 0.3432273, 0.3788507, 0
0.8389732, 0.5031818, 0.4244682, 0
0.6020467, 0.3473418, 0.4327472, 0
0.381683, 0.4399951, 0.3229054, 0
0.4306732, 0.2952474, 0.3701545, 0
0.5904428, 0.3497078, 0.3888733, 0
0.8312818, 0.4920942, 0.1991099, 0
0.6410509, 0.2657442, 0.3208923, 0
0.5088452, 0.3343523, 0.3566321, 0
0.5013335, 0.3922456, 0.372217, 0
0.7688517, 0.5556031, 0.2474387, 0
0.7049498, 0.3544534, 0.2371475, 0
0.7357246, 0.2918524, 0.2786874, 0
0.4864779, 0.4265003, 0.3479814, 0
0.7549042, 0.4336173, 0.2015139, 0
0.6367225, 0.4013205, 0.3440209, 0
0.7647034, 0.5176726, 0.1871112, 0
0.8297993, 0.3522132, 0.2691552, 0
0.7084004, 0.4789797, 0.3426639, 0
0.4736358, 0.3026699, 0.3837103, 0
0.4935101, 0.3098781, 0.3816971, 0
0.7142434, 0.2836694, 0.3282819, 0
0.7995354, 0.3981027, 0.2671799, 0
0.8062016, 0.5160542, 0.4011918, 0
0.603287, 0.4469259, 0.358883, 0
0.8593518, 0.4986213, 0.322298, 0
0.5486651, 0.4991826, 0.3795504, 0
0.7626813, 0.5466505, 0.2730148, 0
0.3822336, 0.3842295, 0.3634475, 0
0.663191, 0.31963, 0.2317812, 0
0.383184, 0.3787445, 0.4031174, 0
0.8289704, 0.4746739, 0.3197399, 0
0.4510339, 0.3113642, 0.2324856, 0
0.8156005, 0.3412853, 0.3405892, 0
0.8360488, 0.3394704, 0.3038815, 0
0.5033395, 0.3345867, 0.381138, 0
0.793988, 0.4780076, 0.2612709, 0
0.7823244, 0.4046022, 0.1837295, 0
0.6208307, 0.4304056, 0.3892798, 0
0.4045022, 0.3023325, 0.36866, 0
0.5709737, 0.440531, 0.3726822, 0
0.7558877, 0.5322602, 0.2611185, 0
0.7679616, 0.4353666, 0.2505075, 0
0.5556297, 0.3114638, 0.208255, 0
0.4967096, 0.5191036, 0.3658471, 0
0.4059698, 0.3901425, 0.3408896, 0
0.5958735, 0.340877, 0.42699, 0
0.8693044, 0.4228646, 0.3252799, 0
0.774351, 0.3379312, 0.2798174, 0
0.4853863, 0.3737305, 0.3797978, 0
0.6164158, 0.3227354, 0.3449042, 0
0.3763185, 0.4387283, 0.2719576, 0
0.6843804, 0.3706846, 0.2357714, 0
0.6940031, 0.3247688, 0.4164732, 0
0.5695525, 0.3010506, 0.2651738, 0
0.4504339, 0.3941884, 0.3698166, 0
0.5067075, 0.4975781, 0.3329925, 0
0.5378076, 0.3444689, 0.4150701, 0
0.4132423, 0.346547, 0.3807055, 0
0.6868068, 0.4585302, 0.2620287, 0
0.7388909, 0.4914387, 0.2860673, 0
0.4196003, 0.3087582, 0.3887377, 0
0.8058054, 0.382938, 0.2385483, 0
0.791742, 0.4105142, 0.2612529, 0
0.4139269, 0.4110442, 0.4256257, 0
0.6902287, 0.4530236, 0.2479142, 0
0.6472267, 0.4419626, 0.2791979, 0
0.5657208, 0.4141196, 0.3254404, 0
0.8622066, 0.5244808, 0.3598274, 0
0.3674796, 0.4504799, 0.3991903, 0
0.7492651, 0.4984044, 0.2025904, 0
0.7687656, 0.4852726, 0.2457215, 0
0.6280938, 0.4513397, 0.3468155, 0
0.5138982, 0.398288, 0.4118297, 0
0.5468443, 0.4907905, 0.3288873, 0
0.596001, 0.4784942, 0.3574291, 0
0.4100675, 0.4226735, 0.2478152, 0
0.5714148, 0.3861379, 0.2511647, 0
0.4578018, 0.3933536, 0.3098769, 0
0.3478433, 0.4547568, 0.2954833, 0
0.8817085, 0.3968701, 0.2993253, 0
0.375766, 0.3889832, 0.4045291, 0
0.7667651, 0.5441537, 0.2688314, 0
0.4049969, 0.3375092, 0.3120221, 0
0.5033569, 0.523671, 0.299509, 0
0.5197318, 0.5136082, 0.3722015, 0
0.8225246, 0.4564558, 0.3151225, 0
0.5180239, 0.4686086, 0.4232233, 0
0.6645234, 0.5037037, 0.2587325, 0
0.3970265, 0.3993058, 0.2526899, 0
0.6885788, 0.4596632, 0.3252371, 0
0.5608839, 0.3243602, 0.2124596, 0
0.7634402, 0.4334994, 0.2490892, 0
0.7465235, 0.5517914, 0.2417959, 0
0.7540681, 0.3239062, 0.3691861, 0
0.6014734, 0.3899803, 0.291108, 0
0.3665932, 0.3629666, 0.3470025, 0
0.4795466, 0.2901379, 0.2763778, 0
0.7428806, 0.5771246, 0.2797385, 0
0.5915444, 0.2913309, 0.3228914, 0
0.8508114, 0.4747035, 0.2247888, 0
0.5670235, 0.4452361, 0.285698, 0
0.4893127, 0.5196484, 0.3878667, 0
0.7997499, 0.3024525, 0.3466701, 0
0.6769654, 0.5107237, 0.2917325, 0
0.4087386, 0.4147387, 0.3393389, 0
0.4609188, 0.3535182, 0.3264718, 0
0.5306099, 0.4733766, 0.3871116, 0
0.8495434, 0.5273019, 0.3815665, 0
0.5995183, 0.3245425, 0.3002198, 0
0.4900968, 0.356517, 0.4447194, 0
0.7767709, 0.340461, 0.4157582, 0
0.431606, 0.5248038, 0.3434218, 0
0.7391379, 0.488625, 0.2088271, 0
0.4772325, 0.4533384, 0.2047703, 0
0.4850624, 0.4474987, 0.4345235, 0
0.4667649, 0.2999348, 0.3754644, 0
0.4592445, 0.4711355, 0.3992598, 0
0.47476, 0.4524562, 0.417967, 0
0.7648439, 0.3801074, 0.3600056, 0
0.856212, 0.5257071, 0.348195, 0
0.6252999, 0.3492291, 0.4156579, 0
0.4989184, 0.334488, 0.4251662, 0
0.4987407, 0.5430692, 0.3286805, 0
0.6745926, 0.2751913, 0.3558156, 0
0.7548504, 0.3369225, 0.3095939, 0
0.4402883, 0.4874268, 0.293278, 0
0.8417192, 0.3615202, 0.4006528, 0
0.7311023, 0.4427468, 0.3095681, 0
0.4543258, 0.3021677, 0.2923198, 0
0.440197, 0.4442627, 0.3490166, 0
0.4737982, 0.3493446, 0.2246385, 0
0.7906016, 0.5250537, 0.213828, 0
0.8028527, 0.5026729, 0.40699, 0
0.5320007, 0.3850183, 0.4030592, 0
0.4084503, 0.5143314, 0.3971651, 0
0.8480315, 0.3228639, 0.3235259, 0
0.3995779, 0.4174876, 0.2741806, 0
0.4769036, 0.3461463, 0.3439511, 0
0.46754, 0.4559318, 0.4492624, 0
0.3863693, 0.3139237, 0.2645018, 0
0.7764806, 0.4607846, 0.2975831, 0
0.3694979, 0.4401481, 0.3931762, 0
0.8693897, 0.3804258, 0.3500264, 0
0.5583748, 0.4251453, 0.342858, 0
0.8796033, 0.3407204, 0.3449385, 0
0.412912, 0.3054141, 0.2712356, 0
0.5084924, 0.3552841, 0.3253865, 0
0.6784858, 0.2743458, 0.3167188, 0
0.394918, 0.4657561, 0.2500615, 0
0.4008512, 0.4366883, 0.3324714, 0
0.5635198, 0.4001729, 0.398013, 0
0.4502408, 0.3389719, 0.2987326, 0
0.8187032, 0.5153104, 0.3866455, 0
0.4721063, 0.3117391, 0.415876, 0
0.6727495, 0.3566639, 0.2687611, 0
0.6357244, 0.344254, 0.2187476, 0
0.6560071, 0.3246378, 0.2498881, 0
0.6198085, 0.3293236, 0.3995804, 0
0.5557652, 0.4578169, 0.2559875, 0
0.5026034, 0.4635107, 0.2780244, 0
0.6258757, 0.3387633, 0.4161157, 0
0.5687017, 0.2892029, 0.2766556, 0
0.7171803, 0.415513, 0.262338, 0
0.456329, 0.3211535, 0.277572, 0
0.3837077, 0.4914606, 0.3972981, 0
0.3679106, 0.4974514, 0.3047297, 0
0.4058148, 0.2918872, 0.3142968, 0
0.8143722, 0.4938933, 0.1978378, 0
0.5260125, 0.3141756, 0.2646371, 0
0.4927949, 0.3149834, 0.3944063, 0
0.7393554, 0.3441934, 0.3082874, 0
0.7955114, 0.4193436, 0.2787049, 0
0.4612214, 0.4365557, 0.2188213, 0
0.6752578, 0.4121822, 0.2092487, 0
0.5401603, 0.5305228, 0.3048311, 0
0.7511976, 0.3753037, 0.2319052, 0
0.7914628, 0.5104204, 0.1788915, 0
0.6489329, 0.5117451, 0.2630204, 0
0.7179357, 0.4848679, 0.2715898, 0
0.5002563, 0.364655, 0.313486, 0
0.579324, 0.2905206, 0.2385317, 0
0.378902, 0.4451856, 0.364251, 0
0.7380929, 0.4853309, 0.2168972, 0
0.4849426, 0.328841, 0.4187056, 0
0.6847004, 0.3579693, 0.3800155, 0
0.7505838, 0.5144557, 0.2559718, 0
0.5861677, 0.3903077, 0.3023736, 0
0.6309365, 0.4602325, 0.3283749, 0
0.5633419, 0.33665, 0.3274876, 0
0.51201, 0.3985656, 0.4603925, 0
0.4458862, 0.3116457, 0.2573808, 0
0.6277767, 0.4869736, 0.3559689, 0
0.7819088, 0.42233, 0.1917294, 0
0.422149, 0.4495011, 0.2644396, 0
0.8341598, 0.4471334, 0.2844096, 0
0.8055697, 0.4368089, 0.2545293, 0
0.6796526, 0.2797428, 0.3354621, 0
0.6592864, 0.3464302, 0.3808445, 0
0.3678203, 0.3506608, 0.2500106, 0
0.788967, 0.2978532, 0.3370831, 0
0.7139938, 0.3969605, 0.2078839, 0
0.3591152, 0.3869191, 0.3127935, 0
0.8326419, 0.5068458, 0.2502669, 0
0.5801927, 0.3616034, 0.3762524, 0
0.7072794, 0.4719993, 0.3489647, 0
0.3499094, 0.4166909, 0.3354959, 0
0.7635354, 0.3323119, 0.2117108, 0
0.3763162, 0.3524593, 0.241488, 0
0.7712537, 0.3841956, 0.3374811, 0
0.4701542, 0.3277803, 0.2170072, 0
0.4752756, 0.3890767, 0.2165847, 0
0.4181491, 0.4760355, 0.3716445, 0
0.6941518, 0.3176194, 0.4053271, 0
0.7799516, 0.3681726, 0.1879027, 0
0.4897145, 0.3621875, 0.2157378, 0
0.6577288, 0.327751, 0.243592, 0
0.5986244, 0.2932022, 0.225833, 0
0.7679926, 0.5157379, 0.355794, 0
0.4242016, 0.4217612, 0.2372892, 0
0.8595681, 0.4101801, 0.3444926, 0
0.4706792, 0.4818738, 0.2701434, 0
0.8791455, 0.4371622, 0.2066297, 0
0.399898, 0.3031703, 0.3009107, 0
0.7721426, 0.6060195, 0.3135352, 0
0.8124245, 0.5246891, 0.221343, 0
0.5640779, 0.3342806, 0.1870659, 0
0.3832803, 0.5117462, 0.3680562, 0
0.6177952, 0.4229944, 0.3748802, 0
0.7998018, 0.5092325, 0.1809651, 0
0.5705487, 0.342707, 0.2637085, 0
0.497041, 0.3031603, 0.2611341, 0
0.7969907, 0.5478525, 0.2772168, 0
0.4196262, 0.4156273, 0.3592015, 0
0.5683652, 0.4157585, 0.2634265, 0
0.60647, 0.466687, 0.3237646, 0
0.7935832, 0.3913355, 0.2030053, 0
0.7197036, 0.394772, 0.2518443, 0
0.39149, 0.3457805, 0.2908795, 0
0.4657527, 0.4433676, 0.2362634, 0
0.6912227, 0.2830544, 0.2745631, 0
0.5607989, 0.3456299, 0.2260229, 0
0.7462805, 0.5526981, 0.284911, 0
0.5592825, 0.2911282, 0.2673915, 0
0.4173975, 0.5103413, 0.3667183, 0
0.7906238, 0.3170989, 0.2754121, 0
0.4918546, 0.3676142, 0.3812141, 0
0.5289052, 0.5172827, 0.3539149, 0
0.8703219, 0.465757, 0.2608086, 0
0.758777, 0.5212629, 0.2188373, 0
0.713821, 0.4132927, 0.2537013, 0
0.7416182, 0.3634149, 0.195765, 0
0.6044152, 0.3951641, 0.2052712, 0
0.5335483, 0.406735, 0.3345023, 0
0.7552988, 0.4782456, 0.2324255, 0
0.8141413, 0.517774, 0.2245747, 0
0.5966854, 0.4793078, 0.2404091, 0
0.8583859, 0.3732468, 0.2859023, 0
0.6735243, 0.3044387, 0.224053, 0
0.7341594, 0.4156049, 0.2708484, 0
0.6270576, 0.4132468, 0.2057709, 0
0.8450534, 0.4090758, 0.287455, 0
0.6360905, 0.4789388, 0.342977, 0
0.5121103, 0.4143204, 0.3316456, 0
0.741561, 0.5479234, 0.3142211, 0
0.5428425, 0.4405028, 0.240403, 0
0.4644842, 0.3754781, 0.4112565, 0
0.454742, 0.5366113, 0.3359181, 0
0.7335631, 0.4935374, 0.3202904, 0
0.8337975, 0.4783023, 0.1709575, 0
0.80851, 0.4982932, 0.3575833, 0
0.6596282, 0.4937288, 0.2569955, 0
0.7942787, 0.3343338, 0.2646401, 0
0.5425949, 0.4148052, 0.3305592, 0
0.4651802, 0.3899528, 0.285261, 0
0.8172822, 0.3568692, 0.1975579, 0
0.7379736, 0.3082183, 0.3135635, 0
0.8545697, 0.3732074, 0.3802869, 0
0.5937411, 0.4759211, 0.2673133, 0
0.7929879, 0.333154, 0.2166259, 0
0.8197342, 0.3508941, 0.272353, 0
0.8843885, 0.3612099, 0.2762995, 0
0.4155402, 0.3816068, 0.3426453, 0
0.4212899, 0.3487042, 0.4138938, 0
0.6778535, 0.4604847, 0.2496038, 0
0.6778889, 0.5100853, 0.2800083, 0
0.4163164, 0.3033125, 0.3583616, 0
0.8195837, 0.5047531, 0.1862462, 0
0.5649166, 0.4935841, 0.2810028, 0
0.790255, 0.3727151, 0.2633798, 0
0.7481642, 0.5040421, 0.2220999, 0
0.5585083, 0.3136752, 0.2836022, 0
0.8453876, 0.4962183, 0.1948183, 0
0.7682899, 0.3222995, 0.4019312, 0
0.5553563, 0.3192616, 0.3167311, 0
0.5523955, 0.4545926, 0.2799272, 0
0.4489428, 0.4461799, 0.3298213, 0
0.7602236, 0.2832275, 0.3718282, 0
0.8666069, 0.3960322, 0.2536649, 0
0.386313, 0.4801873, 0.2665718, 0
0.5615715, 0.4359483, 0.3458801, 0
0.5622772, 0.296774, 0.2817481, 0
0.4882083, 0.4277493, 0.3320239, 0
0.7101557, 0.3975435, 0.2467896, 0
0.5330778, 0.5138547, 0.3441386, 0
0.7388373, 0.4020256, 0.3435911, 0
0.4756179, 0.3298315, 0.2653198, 0
0.7666528, 0.3811321, 0.3841344, 0
0.6117814, 0.3505354, 0.3111176, 0
0.8155318, 0.3267023, 0.2644519, 0
0.3695944, 0.5036041, 0.3187213, 0
0.7606844, 0.4905713, 0.236777, 0
0.4510436, 0.5044668, 0.3259463, 0
0.6049873, 0.4194948, 0.3906077, 0
0.6183667, 0.3291294, 0.290212, 0
0.7093106, 0.4472941, 0.215193, 0
0.5357234, 0.2929308, 0.2278108, 0
0.5121605, 0.4883878, 0.2292017, 0
0.8584422, 0.4969103, 0.3296062, 0
0.4578323, 0.4221531, 0.4540604, 0
0.8764483, 0.4625699, 0.1856755, 0
0.7543354, 0.481533, 0.3278105, 0
0.7364539, 0.5124504, 0.2908066, 0
0.4343921, 0.4067318, 0.3386862, 0
0.8492178, 0.4419526, 0.3266264, 0
0.5113029, 0.4015407, 0.4583702, 0
0.7769848, 0.320296, 0.3791317, 0
0.5466715, 0.4118133, 0.36352, 0
0.8324957, 0.4045047, 0.2580603, 0
0.5464181, 0.4716446, 0.3479116, 0
0.4921786, 0.317728, 0.3651207, 0
0.7721047, 0.4391929, 0.3391188, 0
0.7012888, 0.4316939, 0.2706945, 0
0.4583498, 0.2959092, 0.3210185, 0
0.4276753, 0.4151236, 0.3945562, 0
0.7398339, 0.4647235, 0.3411006, 0
0.3785361, 0.5012463, 0.2932292, 0
0.6353647, 0.4175147, 0.3833329, 0
0.6630132, 0.3286245, 0.2670797, 0
0.8688649, 0.5333401, 0.2578307, 0
0.6346531, 0.4521358, 0.2189197, 0
0.7013547, 0.4630026, 0.2546769, 0
0.8668375, 0.4973117, 0.3154972, 0
0.6663749, 0.3931883, 0.2216228, 0
0.6923802, 0.2862816, 0.3575339, 0
0.8193691, 0.4443918, 0.2902541, 0
0.4755656, 0.4432603, 0.452265, 0
0.8749618, 0.4349728, 0.3860811, 0
0.4039504, 0.3241493, 0.3925827, 0
0.6895779, 0.5020863, 0.2715529, 0
0.4771325, 0.4653848, 0.3039417, 0
0.6993836, 0.4902335, 0.2627584, 0
0.4055065, 0.5133108, 0.3264726, 0
0.6143958, 0.2691544, 0.277963, 0
0.7340651, 0.4411681, 0.3170307, 0
0.5423024, 0.3858951, 0.209998, 0
0.7630636, 0.6049265, 0.2841205, 0
0.4479923, 0.3896113, 0.3202974, 0
0.7672281, 0.578932, 0.2783678, 0
0.626954, 0.4176996, 0.4155905, 0
0.6691379, 0.3568763, 0.2690903, 0
0.6061221, 0.4726299, 0.2866805, 0
0.3505244, 0.4496944, 0.3303591, 0
0.8023269, 0.398902, 0.2275776, 0
0.6349633, 0.3393038, 0.3015556, 0
0.5953361, 0.3299, 0.2370596, 0
0.8608026, 0.4343253, 0.3604617, 0
0.6056765, 0.4032417, 0.254472, 0
0.4781543, 0.3671326, 0.186471, 0
0.7503328, 0.4674292, 0.2017072, 0
0.5367935, 0.4711667, 0.2599355, 0
0.604243, 0.4075917, 0.4039012, 0
0.7652984, 0.3733274, 0.2935617, 0
0.8596732, 0.3690382, 0.3648568, 0
0.644624, 0.4646523, 0.3123245, 0
0.4803046, 0.4779023, 0.4226605, 0
0.7783096, 0.3762529, 0.1877767, 0
0.3793212, 0.4097477, 0.4161624, 0
0.8675773, 0.3650145, 0.2771593, 0
0.7060724, 0.4944425, 0.3315153, 0
0.5203084, 0.4442038, 0.3573584, 0
0.7740858, 0.5160353, 0.3125193, 0
0.5519366, 0.495283, 0.2791474, 0
0.5317549, 0.4615246, 0.2042791, 0
0.5518962, 0.5223355, 0.3289413, 0
0.5820366, 0.4880055, 0.2453106, 0
0.8294641, 0.4131309, 0.3750549, 0
0.712594, 0.3381861, 0.299712, 0
0.6032869, 0.3077309, 0.4177555, 0
0.4551072, 0.4196227, 0.190143, 0
0.4722528, 0.5140674, 0.2624382, 0
0.7923285, 0.5003499, 0.3228062, 0
0.4080577, 0.2903813, 0.3378632, 0
0.8712119, 0.4248157, 0.3103738, 0
0.7053174, 0.3217557, 0.3165333, 0
0.5486073, 0.5253266, 0.272072, 0
0.8780222, 0.4342884, 0.3299753, 0
0.6047947, 0.3753819, 0.3295593, 0
0.5187306, 0.4365823, 0.3489237, 0
0.5520129, 0.3809527, 0.1967349, 0
0.4417706, 0.3046322, 0.3150776, 0
0.4499356, 0.3911485, 0.4084571, 0
0.8633794, 0.5195608, 0.3242454, 0
0.8335614, 0.3532201, 0.2288187, 0
0.652968, 0.3553138, 0.2195927, 0
0.7837306, 0.450202, 0.3084245, 0
0.6747217, 0.4280435, 0.2394191, 0
0.4664857, 0.4724167, 0.3593854, 0
0.4505732, 0.3844263, 0.1921013, 0
0.4237902, 0.451461, 0.2753046, 0
0.8267369, 0.3665959, 0.209938, 0
0.6249338, 0.4173344, 0.3335278, 0
0.4445011, 0.3414631, 0.2852901, 0
0.6923667, 0.4144362, 0.2501364, 0
0.4137473, 0.4898582, 0.3413508, 0
0.8200915, 0.450846, 0.2909066, 0
0.4608246, 0.2892344, 0.2935546, 0
0.5279962, 0.5071292, 0.3225333, 0
0.5376916, 0.354748, 0.1876398, 0
0.5565038, 0.3424588, 0.3342414, 0
0.3901877, 0.2955312, 0.3281875, 0
0.7170673, 0.4349785, 0.2703421, 0
0.8864484, 0.4374939, 0.3771717, 0
0.7553686, 0.3046307, 0.3515716, 0
0.7139647, 0.4692788, 0.3365282, 0
0.7446194, 0.3821443, 0.341841, 0
0.5323507, 0.4445225, 0.4300238, 0
0.8509969, 0.4370171, 0.2207062, 0
0.813289, 0.3595827, 0.3659682, 0
0.8101982, 0.497005, 0.2160383, 0
0.4126306, 0.4509801, 0.4258828, 0
0.355415, 0.4191099, 0.3435714, 0
0.8052119, 0.3369114, 0.3109909, 0
0.5529903, 0.4120061, 0.4215071, 0
0.4323841, 0.5065214, 0.289626, 0
0.5402374, 0.354013, 0.3615979, 0
0.721315, 0.3308682, 0.2511743, 0
0.4147012, 0.2960049, 0.3114683, 0
0.6087614, 0.4494081, 0.3518678, 0
0.4881, 0.3615279, 0.4478943, 0
0.4099015, 0.3020748, 0.2840367, 0
0.4091483, 0.3368048, 0.386372, 0
0.7874461, 0.4708399, 0.3392137, 0
0.3927503, 0.2939499, 0.3223528, 0
0.7741935, 0.4463358, 0.3735509, 0
0.4281434, 0.4627189, 0.4296421, 0
0.3605618, 0.4098991, 0.2480866, 0
0.5586123, 0.324262, 0.3085612, 0
0.6280196, 0.426584, 0.39584, 0
0.563199, 0.4764866, 0.331918, 0
0.7615204, 0.3131931, 0.3937332, 0
0.7501743, 0.546368, 0.2216808, 0
0.7017329, 0.4368846, 0.3056285, 0
0.5024534, 0.4673288, 0.3243268, 0
0.4638495, 0.3021877, 0.4060172, 0
0.4276685, 0.5045741, 0.2631595, 0
0.8225679, 0.5014734, 0.383956, 0
0.572867, 0.4330248, 0.212973, 0
0.867528, 0.3658097, 0.2106243, 0
0.7213655, 0.4120939, 0.3896637, 0
0.7168463, 0.5124501, 0.3208022, 0
0.8060468, 0.5751134, 0.2134358, 0
0.8254358, 0.5538244, 0.2569239, 0
0.8815097, 0.4172463, 0.3109345, 0
0.7107183, 0.4509086, 0.2102527, 0
0.5996737, 0.3459764, 0.2106812, 0
0.6423833, 0.4264638, 0.2138094, 0
0.3822679, 0.3704895, 0.2250084, 0
0.3991299, 0.4122794, 0.4261754, 0
0.7864857, 0.4066377, 0.2366187, 0
0.5021452, 0.3961361, 0.4629355, 0
0.4480274, 0.3102335, 0.2998132, 0
0.4219579, 0.5352947, 0.3219902, 0
0.4459782, 0.3300488, 0.2742907, 0
0.8083079, 0.3532176, 0.3761888, 0
0.8150588, 0.4376574, 0.263761, 0
0.4952472, 0.4300931, 0.2646083, 0
0.8364654, 0.3789459, 0.3636911, 0
0.8144028, 0.3731354, 0.2864704, 0
0.3931601, 0.2943998, 0.3303587, 0
0.360167, 0.4263926, 0.3434278, 0
0.8597029, 0.5436834, 0.308463, 0
0.7218501, 0.3529273, 0.3939305, 0
0.8819344, 0.412667, 0.2657247, 0
0.7744783, 0.4460795, 0.3138534, 0
0.4798469, 0.4593163, 0.4173986, 0
0.6272081, 0.4826294, 0.3426588, 0
0.8811846, 0.3806681, 0.3286867, 0
0.5587672, 0.5083438, 0.3016096, 0
0.571928, 0.5364905, 0.2973062, 0
0.6314449, 0.3723873, 0.3061898, 0
0.3490467, 0.3904264, 0.2445558, 0
0.8883969, 0.4075917, 0.2974839, 0
0.4681178, 0.3025828, 0.394987, 0
0.7031204, 0.3915773, 0.3359868, 0
0.4540549, 0.3367894, 0.2787853, 0
0.848443, 0.5258473, 0.3204675, 0
0.5089829, 0.416575, 0.387867, 0
0.4068455, 0.4193851, 0.3918274, 0
0.6664162, 0.3978698, 0.3116279, 0
0.7818496, 0.3216528, 0.2332387, 0
0.4551504, 0.4888909, 0.3687329, 0
0.8293895, 0.4216363, 0.2332556, 0
0.7288055, 0.4000876, 0.2226358, 0
0.3616054, 0.4161717, 0.3239892, 0
0.6393356, 0.4574208, 0.2650327, 0
0.7868308, 0.5952387, 0.3118105, 0
0.8454128, 0.3455806, 0.2996014, 0
0.6423468, 0.3731449, 0.1987881, 0
0.6460046, 0.508329, 0.2518767, 0
0.651276, 0.4184335, 0.3468801, 0
0.6465049, 0.4153541, 0.2648003, 0
0.5436321, 0.2989373, 0.2233432, 0
0.6712292, 0.322431, 0.298167, 0
0.8155283, 0.5535309, 0.2336639, 0
0.5203199, 0.3742326, 0.2673515, 0
0.3956031, 0.3628267, 0.2649272, 0
0.3686171, 0.4055699, 0.2336512, 0
0.8209907, 0.5217924, 0.1797841, 0
0.404647, 0.3880937, 0.261952, 0
0.5057171, 0.4463402, 0.3292771, 0
0.7453538, 0.5058619, 0.2487297, 0
0.4439313, 0.4761463, 0.3596022, 0
0.647943, 0.3548563, 0.250873, 0
0.4617163, 0.4130166, 0.447301, 0
0.7973732, 0.4034775, 0.2690177, 0
0.3636381, 0.4105171, 0.2813839, 0
0.6458487, 0.38071, 0.2827532, 0
0.8180674, 0.4751437, 0.3145939, 0
0.6143526, 0.3771094, 0.3398286, 0
0.5903066, 0.2997362, 0.3487457, 0
0.4276636, 0.4583302, 0.3705439, 0
0.5370783, 0.3721237, 0.4523441, 0
0.6721427, 0.4345985, 0.2440142, 0
0.4143586, 0.5249828, 0.3843039, 0
0.7841101, 0.4569323, 0.3649499, 0
0.7594124, 0.275021, 0.3269293, 0
0.7112731, 0.3509777, 0.1839983, 0
0.5627168, 0.3211868, 0.3576817, 0
0.8556584, 0.3398973, 0.2252181, 0
0.4992028, 0.4007168, 0.4620162, 0
0.4419983, 0.2921885, 0.3586258, 0
0.8203127, 0.3075351, 0.276411, 0
0.8071066, 0.5005549, 0.3798388, 0
0.8419749, 0.5704305, 0.3007289, 0
0.8397021, 0.3682954, 0.3939702, 0
0.4974067, 0.4248537, 0.4545995, 0
0.5376838, 0.3589966, 0.2374288, 0
0.6268396, 0.505283, 0.2781116, 0
0.4169917, 0.3105301, 0.3932989, 0
0.8651018, 0.5403614, 0.2692218, 0
0.8157229, 0.5325512, 0.1729726, 0
0.7720297, 0.3049468, 0.3634911, 0
0.616547, 0.3223084, 0.2066788, 0
0.8462709, 0.5100702, 0.1832569, 0
0.4382086, 0.3949529, 0.3834214, 0
0.5999885, 0.3459364, 0.3826711, 0
0.840807, 0.338618, 0.2952635, 0
0.4736952, 0.3524013, 0.3835721, 0
0.6496532, 0.3960821, 0.3111895, 0
0.6743372, 0.3467983, 0.3535804, 0
0.7999209, 0.2963271, 0.3118515, 0
0.3816348, 0.4195983, 0.3318624, 0
0.7919236, 0.6054255, 0.3899344, 0
0.5312819, 0.3584487, 0.3254842, 0
0.3902944, 0.3201723, 0.3969924, 0
0.4281063, 0.4109489, 0.4109708, 0
0.7621664, 0.3274887, 0.2753052, 0
0.5811309, 0.2934542, 0.238785, 0
0.7359552, 0.3898374, 0.3299992, 0
0.6122667, 0.4705331, 0.3467704, 0
0.475204, 0.3075906, 0.3466301, 0
0.6895639, 0.3558653, 0.2426221, 0
0.8392463, 0.498151, 0.3538261, 0
0.741731, 0.5473753, 0.2731147, 0
0.5994583, 0.2679982, 0.3250794, 0
0.4081408, 0.2951558, 0.3098977, 0
0.5062941, 0.3453804, 0.3994998, 0
0.7625638, 0.3051925, 0.2677568, 0
0.6638391, 0.3495683, 0.3107158, 0
0.7539096, 0.5653954, 0.325029, 0
0.6590633, 0.3761365, 0.3343962, 0
0.3719147, 0.4638386, 0.3706376, 0
0.4434968, 0.4233262, 0.4535728, 0
0.458983, 0.4295095, 0.2050325, 0
0.6780789, 0.4038681, 0.2579656, 0
0.8186371, 0.5117301, 0.2290714, 0
0.7903105, 0.5174322, 0.1798559, 0
0.8374059, 0.3200359, 0.3115468, 0
0.6335239, 0.3737325, 0.4324141, 0
0.4045976, 0.3110274, 0.2648054, 0
0.4309842, 0.3110754, 0.3778411, 0
0.5037811, 0.3766876, 0.3960219, 0
0.5164551, 0.4029307, 0.3931331, 0
0.4530763, 0.40328, 0.2121175, 0
0.8049304, 0.4003269, 0.1918463, 0
0.6879011, 0.3571459, 0.1841228, 0
0.4354059, 0.3046827, 0.387677, 0
0.8198562, 0.446736, 0.2243088, 0
0.5747784, 0.3106083, 0.3438801, 0
0.7561611, 0.3647985, 0.2805128, 0
0.7483133, 0.3804095, 0.1963987, 0
0.4446811, 0.3765919, 0.2033283, 0
0.8123707, 0.5657182, 0.3107676, 0
0.8123578, 0.4304722, 0.2493662, 0
0.5142409, 0.4893895, 0.3414795, 0
0.6454774, 0.4504189, 0.2205164, 0
0.6458493, 0.3702568, 0.3867779, 0
0.5393376, 0.3875034, 0.3734891, 0
0.7804971, 0.58351, 0.2193232, 0
0.6902245, 0.4063511, 0.2147516, 0
0.7681734, 0.4665064, 0.2775724, 0
0.3605826, 0.4700851, 0.3602312, 0
0.6724663, 0.3868637, 0.3564191, 0
0.6917979, 0.4055523, 0.361827, 0
0.4189693, 0.4271654, 0.2588919, 0
0.7584947, 0.495304, 0.333544, 0
0.3961516, 0.4831282, 0.4092637, 0
0.5047092, 0.3170045, 0.3621466, 0
0.6235169, 0.3083425, 0.3991675, 0
0.8493749, 0.3342071, 0.3095195, 0
0.3977257, 0.4287211, 0.2097913, 0
0.7844143, 0.3213882, 0.2913042, 0
0.6779901, 0.3945766, 0.366037, 0
0.5504401, 0.3487359, 0.2347213, 0
0.5944663, 0.3041198, 0.211083, 0
0.3902393, 0.3984887, 0.2766245, 0
0.7896982, 0.3566306, 0.3645122, 0
0.467162, 0.336878, 0.2671279, 0
0.7975761, 0.4023019, 0.2111606, 0
0.3817328, 0.4002562, 0.4163595, 0
0.5707405, 0.2957897, 0.2748414, 0
0.4540749, 0.5032954, 0.4226139, 0
0.4132042, 0.3723797, 0.301818, 0
0.5999423, 0.3314565, 0.1975711, 0
0.6044464, 0.3851525, 0.4264059, 0
0.7878516, 0.545212, 0.2477428, 0
0.4359988, 0.3740345, 0.2148961, 0
0.6681522, 0.4561932, 0.3340576, 0
0.728837, 0.304579, 0.3366401, 0
0.6453815, 0.3734124, 0.4023632, 0
0.4633516, 0.3082672, 0.3749186, 0
0.7561914, 0.3153694, 0.3871107, 0
0.3499981, 0.4536529, 0.2911631, 0
0.4128217, 0.3862505, 0.4046242, 0
0.8856004, 0.3524449, 0.2476041, 0
0.7069905, 0.4474545, 0.337396, 0
0.3471815, 0.367577, 0.2532326, 0
0.4964134, 0.4313926, 0.2930803, 0
0.3946629, 0.3561862, 0.2306374, 0
0.352211, 0.4021893, 0.3294743, 0
0.5925809, 0.389985, 0.2642761, 0
0.8629134, 0.5480518, 0.298071, 0
0.5507313, 0.4840543, 0.2360231, 0
0.8064774, 0.3755259, 0.3378115, 0
0.4544956, 0.4064405, 0.4178029, 0
0.4207131, 0.3377483, 0.2869199, 0
0.3988498, 0.4008066, 0.2135739, 0
0.3877536, 0.4166675, 0.3853316, 0
0.344794, 0.4230747, 0.2662131, 0
0.6373566, 0.3905369, 0.3423626, 0
0.3879563, 0.5021634, 0.3957263, 0
0.4378769, 0.367756, 0.4139371, 0
0.7247323, 0.5176376, 0.3258747, 0
0.8485342, 0.5080974, 0.1732156, 0
0.3515, 0.379501, 0.2642935, 0
0.7364897, 0.3965542, 0.2351488, 0
0.8887945, 0.3473832, 0.2372442, 0
0.8793951, 0.4231911, 0.3593379, 0
0.4573283, 0.4220648, 0.4542732, 0
0.3886421, 0.4275334, 0.2384779, 0
0.7648026, 0.519318, 0.3827903, 0
0.5215735, 0.3503026, 0.239548, 0
0.6205769, 0.4451621, 0.3672198, 0
0.5696583, 0.3406065, 0.3535026, 0
0.3456995, 0.3982737, 0.263696, 0
0.8232893, 0.4317368, 0.3518707, 0
0.4567985, 0.4323358, 0.2277357, 0
0.8380753, 0.5411936, 0.262188, 0
0.743196, 0.3045232, 0.2624665, 0
0.7015633, 0.3536389, 0.2457565, 0
0.4061199, 0.2934999, 0.3496833, 0
0.448198, 0.2975852, 0.387872, 0
0.6048557, 0.4364752, 0.2187908, 0
0.3931365, 0.293761, 0.3224366, 0
0.4508578, 0.3023053, 0.3986454, 0
0.7473631, 0.4986458, 0.2080228, 0
0.595523, 0.4446906, 0.3460585, 0
0.6932573, 0.3407309, 0.3008476, 0
0.3880924, 0.4457867, 0.3786239, 0
0.365578, 0.4348283, 0.3095349, 0
0.6444756, 0.4484293, 0.2206179, 0
0.7820327, 0.354704, 0.3215583, 0
0.64682, 0.3510802, 0.1937279, 0
0.865203, 0.4141999, 0.3073196, 0
0.7749633, 0.3805141, 0.2973435, 0
0.4249819, 0.290287, 0.3572153, 0
0.372341, 0.3655053, 0.3274737, 0
0.4716115, 0.3058935, 0.3356986, 0
0.8347983, 0.4571986, 0.2181803, 0
0.5264761, 0.3066942, 0.2533143, 0
0.8036814, 0.4135709, 0.3858758, 0
0.8664255, 0.406613, 0.2891398, 0
0.3860263, 0.4608768, 0.4281273, 0
0.5982221, 0.4068784, 0.3203522, 0
0.4687095, 0.4578894, 0.2117508, 0
0.8048584, 0.5917248, 0.305967, 0
0.8589437, 0.3713057, 0.3759591, 0
0.6245011, 0.328429, 0.2136024, 0
0.7277327, 0.3719099, 0.3151811, 0
0.6752747, 0.4906873, 0.3045062, 0
0.6332154, 0.3860528, 0.2805445, 0
0.4479498, 0.5116231, 0.290371, 0
0.7813107, 0.3994238, 0.376762, 0
0.751883, 0.3881801, 0.3678442, 0
0.524054, 0.3163773, 0.3545122, 0
0.5620173, 0.4117681, 0.271568, 0
0.6406643, 0.3580313, 0.2385252, 0
0.6472378, 0.5198933, 0.2802772, 0
0.4491432, 0.3152295, 0.2397131, 0
0.5235459, 0.3120717, 0.3592646, 0
0.5023725, 0.3700016, 0.3254268, 0
0.7422275, 0.5296986, 0.2797097, 0
0.7689973, 0.3590895, 0.2487602, 0
0.8769095, 0.4066518, 0.2235003, 0
0.7112188, 0.4084414, 0.3069195, 0
0.4876226, 0.3075908, 0.38313, 0
0.3645103, 0.471642, 0.2731944, 0
0.6464251, 0.467963, 0.2237055, 0
0.8602023, 0.5065562, 0.2916958, 0
0.456064, 0.3535189, 0.2517003, 0
0.5073387, 0.4610809, 0.2994741, 0
0.7675309, 0.5943918, 0.3738785, 0
0.4762712, 0.5036795, 0.3280474, 0
0.8259966, 0.5374908, 0.2753783, 0
0.6668171, 0.3209984, 0.2423213, 0
0.4084252, 0.3090535, 0.311563, 0
0.3333334, 0.3873772, 0.2596303, 0
0.4719504, 0.3054049, 0.2859344, 0
0.4163525, 0.3048789, 0.3120135, 0
0.4798553, 0.4410249, 0.2081793, 0
0.8845414, 0.3878429, 0.3534524, 0
0.7077219, 0.3947627, 0.3163235, 0
0.8055698, 0.3787929, 0.2370024, 0
0.4869442, 0.4981349, 0.3372391, 0
0.5185437, 0.3890256, 0.2083513, 0
0.4681669, 0.3414471, 0.2690293, 0
0.4280491, 0.3900178, 0.4181177, 0
0.7189969, 0.4371728, 0.2083979, 0
0.4362511, 0.4242287, 0.4427126, 0
0.4776986, 0.3532553, 0.2077796, 0
0.500064, 0.5004017, 0.3929611, 0
0.8481147, 0.4259116, 0.2394054, 0
0.5425957, 0.3099621, 0.235739, 0
0.3968248, 0.3758263, 0.408031, 0
0.704413, 0.317564, 0.2338231, 0
0.705217, 0.3071353, 0.377379, 0
0.757654, 0.4481389, 0.3900596, 0
0.3847451, 0.2964867, 0.3365555, 0
0.4368478, 0.4762814, 0.2495874, 0
0.6289288, 0.2930041, 0.3121177, 0
0.441773, 0.2921948, 0.3585519, 0
0.4650718, 0.4032733, 0.4421461, 0
0.4547346, 0.4575068, 0.2134231, 0
0.6650804, 0.3643126, 0.4236557, 0
0.4307925, 0.3628649, 0.3715198, 0
0.8087129, 0.422018, 0.410921, 0
0.8102793, 0.5532092, 0.3233142, 0
0.559148, 0.3471248, 0.25134, 0
0.6273468, 0.285647, 0.3797411, 0
0.5464159, 0.4957775, 0.3406993, 0
0.3948034, 0.356118, 0.2306541, 0
0.4484619, 0.3703097, 0.4238292, 0
0.4777684, 0.4669747, 0.3906015, 0
0.6661334, 0.3341298, 0.3324197, 0
0.7039347, 0.4743774, 0.3030397, 0
0.847585, 0.334916, 0.2999002, 0
0.4274576, 0.4401554, 0.2408376, 0
0.390875, 0.4066641, 0.4215653, 0
0.7181391, 0.4726789, 0.3034747, 0
0.6206093, 0.4098539, 0.4149812, 0
0.6796181, 0.3815007, 0.3816499, 0
0.5110731, 0.3160865, 0.3498733, 0
0.7889687, 0.580107, 0.4055546, 0
0.7281406, 0.4049217, 0.2786436, 0
0.4114216, 0.4756455, 0.2755571, 0
0.3691432, 0.3518913, 0.2480633, 0
0.4344805, 0.2962283, 0.3709797, 0
0.745822, 0.3807355, 0.2499524, 0
0.5201606, 0.4599822, 0.3063534, 0
0.5274268, 0.3414947, 0.2275918, 0
0.6635906, 0.4163578, 0.288546, 0
0.639351, 0.3513957, 0.217423, 0
0.4571286, 0.2953218, 0.3509035, 0
0.5713506, 0.4136356, 0.2231839, 0
0.4392503, 0.4573339, 0.3311988, 0
0.4680088, 0.4656059, 0.2744493, 0
0.3650017, 0.37812, 0.3059758, 0
0.6132618, 0.4204266, 0.3695685, 0
0.5241744, 0.3619424, 0.369794, 0
0.4760889, 0.3614628, 0.3574995, 0
0.4602005, 0.3473549, 0.3169171, 0
0.8265234, 0.501006, 0.3797818, 0
0.4194793, 0.2934074, 0.3096417, 0
0.36277, 0.4723384, 0.2771423, 0
0.7686704, 0.3880197, 0.2744808, 0
0.5245348, 0.3581635, 0.251443, 0
0.8311107, 0.4416932, 0.2006505, 0
0.564652, 0.405958, 0.4150795, 0
0.4079023, 0.5024145, 0.2810759, 0
0.6627776, 0.4338882, 0.2968923, 0
0.7693028, 0.5088669, 0.3308419, 0
0.8567961, 0.3462406, 0.2773694, 0
0.7405647, 0.2919677, 0.3719014, 0
0.5156679, 0.4307981, 0.2363323, 0
0.4544504, 0.357955, 0.3447772, 0
0.7409462, 0.419207, 0.2007933, 0
0.4010226, 0.402208, 0.3491493, 0
0.43881, 0.349982, 0.2269104, 0
0.780825, 0.3347573, 0.2293606, 0
0.4036958, 0.4316337, 0.4260497, 0
0.7706433, 0.3154714, 0.3934955, 0
0.8544314, 0.5016931, 0.282818, 0
0.800971, 0.4195774, 0.2655427, 0
0.5677882, 0.3656616, 0.1907039, 0
0.6786513, 0.2971526, 0.3263572, 0
0.7978511, 0.3069495, 0.3620496, 0
0.7409814, 0.3181913, 0.281466, 0
0.4515426, 0.3665546, 0.4177228, 0
0.5411308, 0.5154444, 0.2929998, 0
0.7568821, 0.5263726, 0.3462715, 0
0.6697872, 0.3433415, 0.2616281, 0
0.7501772, 0.4276072, 0.3939421, 0
0.4421869, 0.3980927, 0.2298295, 0
0.5200985, 0.3815442, 0.3862748, 0
0.410788, 0.3762469, 0.2800852, 0
0.7232804, 0.3755066, 0.3149848, 0
0.4041714, 0.4230503, 0.2084971, 0
0.8020014, 0.4745678, 0.3416042, 0
0.5505379, 0.4341772, 0.3461351, 0
0.5817439, 0.3169303, 0.3374931, 0
0.8077538, 0.5494113, 0.3467516, 0
0.8314813, 0.4362665, 0.1841286, 0
0.6241941, 0.3001135, 0.2146062, 0
0.4299568, 0.3709187, 0.4037579, 0
0.8129773, 0.3877756, 0.3860878, 0
0.4608858, 0.4533915, 0.2225411, 0
0.6392074, 0.2694424, 0.3397093, 0
0.5123756, 0.3562307, 0.4013571, 0
0.4908811, 0.3616431, 0.3544936, 0
0.6751133, 0.2851865, 0.3151561, 0
0.4112884, 0.3864562, 0.2745948, 0
0.7603902, 0.3930396, 0.2765147, 0
0.7953851, 0.3660328, 0.2526468, 0
0.4392902, 0.2886575, 0.2809184, 0
0.7946782, 0.4199967, 0.3825789, 0
0.507134, 0.5257109, 0.3746871, 0
0.6824473, 0.3818609, 0.3585877, 0
0.4539972, 0.3948494, 0.338114, 0
0.8036071, 0.5279295, 0.1830174, 0
0.3947324, 0.4832039, 0.4198217, 0
0.6037369, 0.4872476, 0.2608947, 0
0.4818498, 0.3079261, 0.3973781, 0
0.744671, 0.3258306, 0.220737, 0
0.8045806, 0.5616449, 0.3164431, 0
0.8066171, 0.4891017, 0.2415903, 0
0.5838083, 0.4875549, 0.2738088, 0
0.5085535, 0.3900664, 0.3846961, 0
0.6611273, 0.4069338, 0.3853549, 0
0.7670664, 0.3715807, 0.2138437, 0
0.7645246, 0.4240061, 0.1840032, 0
0.6581134, 0.3014669, 0.2626995, 0
0.4541162, 0.287665, 0.2854686, 0
0.7666866, 0.4777266, 0.3700846, 0
0.7829258, 0.4745092, 0.4116051, 0
0.4130595, 0.4758673, 0.4220751, 0
0.7348127, 0.5780692, 0.2811168, 0
0.6439617, 0.4653443, 0.2217366, 0
0.413116, 0.5236846, 0.3591397, 0
0.4205397, 0.3137207, 0.4012389, 0
0.7725794, 0.4946035, 0.2092876, 0
0.4716029, 0.3535098, 0.2321278, 0
0.4310031, 0.2935123, 0.3004489, 0
0.4399428, 0.3972629, 0.1875433, 0
0.8201492, 0.5418398, 0.4079355, 0
0.8424098, 0.3673515, 0.3957364, 0
0.8403797, 0.5248971, 0.1785425, 0
0.486357, 0.3761954, 0.2639386, 0
0.5025435, 0.3363678, 0.2944215, 0
0.4988367, 0.3619505, 0.3027572, 0
0.6976124, 0.3893662, 0.248434, 0
0.4341733, 0.4308559, 0.3552904, 0
0.5487615, 0.3724537, 0.3907756, 0
0.809865, 0.5492485, 0.220044, 0
0.7661196, 0.4625197, 0.1732537, 0
0.7771418, 0.4623536, 0.3784856, 0
0.5111338, 0.3228525, 0.3121472, 0
0.3703122, 0.4144752, 0.3354132, 0
0.8494766, 0.377373, 0.3741271, 0
0.3826399, 0.4316412, 0.356173, 0
0.4518502, 0.4973967, 0.3007833, 0
0.6440372, 0.3008588, 0.2323011, 0
0.7001069, 0.4796989, 0.2371526, 0
0.8283147, 0.4928218, 0.3563772, 0
0.7600607, 0.5503202, 0.2765305, 0
0.4861331, 0.3811902, 0.3032608, 0
0.3798451, 0.3839438, 0.366953, 0
0.3998441, 0.4633524, 0.4302121, 0
0.4424236, 0.3303716, 0.4272899, 0
0.4056817, 0.2892665, 0.3207665, 0
0.4775361, 0.4469243, 0.4210013, 0
0.5144996, 0.4030679, 0.2608451, 0
0.6809551, 0.3507301, 0.292127, 0
0.7815637, 0.3581777, 0.2368334, 0
0.8545457, 0.4772285, 0.2157418, 0
0.6730691, 0.3804691, 0.3923444, 0
0.6162701, 0.4755937, 0.2341749, 0
0.4675581, 0.5128152, 0.3401793, 0
0.4385578, 0.4095797, 0.3195059, 0
0.8801638, 0.4815603, 0.3301408, 0
0.8289649, 0.5256509, 0.3463055, 0
0.5612935, 0.4404553, 0.2482572, 0
0.8220124, 0.5064673, 0.2363431, 0
0.4331395, 0.5313129, 0.3320495, 0
0.8662439, 0.5288703, 0.2375487, 0
0.7256054, 0.3734586, 0.1894028, 0
0.7326024, 0.4552428, 0.2616552, 0
0.8787483, 0.3844844, 0.3690727, 0
0.4596667, 0.3079366, 0.3459556, 0
0.8443291, 0.5184507, 0.3410278, 0
0.7567727, 0.4724065, 0.2126655, 0
0.493439, 0.3067625, 0.3717228, 0
0.3913254, 0.4535682, 0.3636845, 0
0.3716787, 0.447978, 0.3621744, 0
0.5023063, 0.461537, 0.4162471, 0
0.7742881, 0.4656156, 0.328923, 0
0.6325614, 0.3009827, 0.3866368, 0
0.6440366, 0.4812336, 0.2986494, 0
0.6193308, 0.5086054, 0.3326624, 0
0.5057418, 0.3535598, 0.3863531, 0
0.8648686, 0.5007927, 0.3790893, 0
0.7959695, 0.4932486, 0.356014, 0
0.6057947, 0.3670821, 0.3626146, 0
0.3673712, 0.4626705, 0.2639926, 0
0.6841099, 0.281722, 0.3690168, 0
0.4847445, 0.3638813, 0.3856229, 0
0.5755004, 0.4740247, 0.2262627, 0
0.7939565, 0.447342, 0.3178338, 0
0.6889234, 0.3508525, 0.4005984, 0
0.7958798, 0.3760298, 0.2522593, 0
0.5685198, 0.4158213, 0.3711815, 0
0.7409816, 0.364359, 0.2389322, 0
0.47589, 0.3903295, 0.2120125, 0
0.6454161, 0.3425865, 0.2273124, 0
0.4234844, 0.3522555, 0.2424448, 0
0.5435744, 0.5053036, 0.2967443, 0
0.3911406, 0.3792685, 0.2811041, 0
0.6311103, 0.4672193, 0.2997364, 0
0.4008556, 0.2903821, 0.3209157, 0
0.7576103, 0.429192, 0.3678979, 0
0.4345258, 0.4192007, 0.4434056, 0
0.510718, 0.4535868, 0.3923817, 0
0.4739584, 0.3146086, 0.2295407, 0
0.6650501, 0.2738245, 0.2935771, 0
0.4983697, 0.296342, 0.3261214, 0
0.818057, 0.3373692, 0.3639757, 0
0.8401293, 0.360482, 0.3859477, 0
0.7095702, 0.3287966, 0.3023652, 0
0.8485144, 0.4303832, 0.396201, 0
0.7679819, 0.5881728, 0.2190356, 0
0.3807615, 0.4685318, 0.4163865, 0
0.6862252, 0.2728224, 0.3373197, 0
0.4172528, 0.341523, 0.2474177, 0
0.3951377, 0.4066019, 0.4243793, 0
0.454308, 0.2932573, 0.3621267, 0
0.3554915, 0.3462382, 0.2638384, 0
0.7982226, 0.3127868, 0.3424076, 0
0.8050423, 0.4490305, 0.3845922, 0
0.7982217, 0.3535733, 0.3461103, 0
0.5617956, 0.3809133, 0.3993084, 0
0.5276148, 0.4266001, 0.3501585, 0
0.5241479, 0.3625949, 0.4323903, 0
0.6340673, 0.3532155, 0.2598125, 0
0.5189804, 0.371276, 0.4581388, 0
0.5794625, 0.3322974, 0.4183281, 0
0.6908754, 0.369199, 0.2770572, 0
0.5942529, 0.4934559, 0.3196825, 0
0.8680401, 0.4655551, 0.1906276, 0
0.3612573, 0.3937367, 0.319654, 0
0.5211419, 0.3735234, 0.2735629, 0
0.5803032, 0.4044229, 0.2622919, 0
0.8484815, 0.5279101, 0.3479003, 0
0.5087456, 0.31223, 0.2463962, 0
0.8165907, 0.351723, 0.2846078, 0
0.4489814, 0.4967887, 0.2566588, 0
0.5260209, 0.4775583, 0.3122675, 0
0.3590506, 0.4383637, 0.3201377, 0
0.7554861, 0.4016442, 0.2765894, 0
0.8305167, 0.5250688, 0.3850578, 0
0.4409848, 0.4719781, 0.3810715, 0
0.7293782, 0.3806743, 0.3930534, 0
0.7547979, 0.4323176, 0.286603, 0
0.7262417, 0.4126416, 0.2086311, 0
0.4599945, 0.352428, 0.4337497, 0
0.706395, 0.286518, 0.3427547, 0
0.7713743, 0.4511684, 0.3350728, 0
0.4224429, 0.3769217, 0.3881384, 0
0.828043, 0.3424085, 0.2240622, 0
0.7957929, 0.427514, 0.2830009, 0
0.4217587, 0.4841296, 0.3322847, 0
0.8055395, 0.3911951, 0.2161058, 0
0.4232155, 0.4487716, 0.4116019, 0
0.4558441, 0.452779, 0.3679253, 0
0.7668069, 0.3639322, 0.3377886, 0
0.7312463, 0.2849495, 0.3411094, 0
0.3755026, 0.393462, 0.2159224, 0
0.7462658, 0.3830395, 0.3892469, 0
0.8624066, 0.3710221, 0.2283425, 0
0.3571045, 0.3659588, 0.2448116, 0
0.5839385, 0.3902488, 0.2030042, 0
0.4288842, 0.4433766, 0.4192947, 0
0.3669847, 0.415864, 0.4136517, 0
0.3777719, 0.4939874, 0.3420819, 0
0.7363311, 0.4232855, 0.3323042, 0
0.5414329, 0.4491253, 0.3134147, 0
0.6414015, 0.3216352, 0.3225586, 0
0.8748981, 0.429093, 0.2188639, 0
0.7731787, 0.5485372, 0.3587397, 0
0.3648789, 0.362187, 0.3350162, 0
0.8441892, 0.5792243, 0.2248495, 0
0.4458649, 0.4372306, 0.432434, 0
0.4485231, 0.3791611, 0.4244634, 0
0.5164508, 0.4078939, 0.314489, 0
0.6679607, 0.3680898, 0.4208771, 0
0.6057527, 0.3735593, 0.3786397, 0
0.7540981, 0.4101582, 0.1873733, 0
0.6326655, 0.268394, 0.2977077, 0
0.3959878, 0.3968046, 0.3492877, 0
0.53086, 0.3853718, 0.2764137, 0
0.5928786, 0.5316048, 0.2935198, 0
0.7250288, 0.3598646, 0.2174326, 0
0.362546, 0.3723164, 0.2790076, 0
0.6341774, 0.4381481, 0.3414629, 0
0.3831394, 0.3216848, 0.3623906, 0
0.7806392, 0.3938683, 0.3004935, 0
0.6793138, 0.4089847, 0.2046009, 0
0.5320984, 0.5235724, 0.3233944, 0
0.4173943, 0.3597532, 0.4131736, 0
0.4681245, 0.3154875, 0.3342895, 0
0.7821963, 0.5119634, 0.3184569, 0
0.7941813, 0.3418837, 0.2809477, 0
0.5886857, 0.3977175, 0.402008, 0
0.7465991, 0.4094635, 0.3109922, 0
0.3868008, 0.5105816, 0.3007891, 0
0.4920452, 0.3329706, 0.4023742, 0
0.344469, 0.4497226, 0.3833643, 0
0.7744878, 0.4872828, 0.2569916, 0
0.4396588, 0.3351566, 0.2585074, 0
0.8219685, 0.5077692, 0.3969158, 0
0.6921577, 0.3137869, 0.2346842, 0
0.731838, 0.4641286, 0.279743, 0
0.4403756, 0.3822825, 0.4211972, 0
0.3855762, 0.3475645, 0.3040768, 0
0.3810223, 0.3433059, 0.2449436, 0
0.8336635, 0.4883887, 0.3018238, 0
0.436828, 0.5172042, 0.3761245, 0
0.4127448, 0.3205783, 0.3891301, 0
0.690531, 0.5141748, 0.2962331, 0
0.420393, 0.297056, 0.3690698, 0
0.7389385, 0.4008588, 0.2329343, 0
0.5113197, 0.4006579, 0.3119799, 0
0.4835234, 0.4348804, 0.2048566, 0
0.425586, 0.5277336, 0.3927546, 0
0.3911848, 0.5086676, 0.3728046, 0
0.4469775, 0.3488733, 0.2926858, 0
0.68559, 0.417946, 0.2228987, 0
0.7258875, 0.4712931, 0.3437173, 0
0.5740964, 0.3002872, 0.2199279, 0
0.7569543, 0.5797493, 0.2801166, 0
0.8546171, 0.4923714, 0.416796, 0
0.8172567, 0.4663323, 0.3178022, 0
0.7633971, 0.3961327, 0.4117627, 0
0.3721264, 0.4737177, 0.2867911, 0
0.8249578, 0.4580685, 0.1605545, 0
0.5577564, 0.4761246, 0.3891616, 0
0.4690949, 0.3805676, 0.3182555, 0
0.4367753, 0.3617719, 0.4180831, 0
0.693826, 0.3191051, 0.3967896, 0
0.4760075, 0.4291505, 0.3103191, 0
0.7801677, 0.2865242, 0.3631751, 0
0.6777641, 0.2975331, 0.293615, 0
0.5104885, 0.3995365, 0.4440744, 0
0.448686, 0.4953002, 0.2758928, 0
0.4999745, 0.5263215, 0.2886413, 0
0.3901786, 0.5144441, 0.3765869, 0
0.8324577, 0.5512068, 0.222639, 0
0.6557077, 0.366593, 0.2019909, 0
0.7463526, 0.4859792, 0.2498744, 0
0.4226681, 0.3977998, 0.3808878, 0
0.4129253, 0.4116818, 0.4335332, 0
0.5749191, 0.4465851, 0.2070118, 0
0.5532371, 0.489338, 0.2865504, 0
0.8100581, 0.5455379, 0.3632924, 0
0.3655608, 0.3535177, 0.3470939, 0
0.4649487, 0.519268, 0.2598776, 0
0.439882, 0.2894141, 0.3521709, 0
0.3755155, 0.4748522, 0.258904, 0
0.3895472, 0.3469667, 0.2516288, 0
0.8226246, 0.4959245, 0.3007043, 0
0.754372, 0.5585288, 0.3682855, 0
0.6172957, 0.3908328, 0.2093843, 0
0.799092, 0.5446345, 0.4094039, 0
0.3718517, 0.4193938, 0.3177311, 0
0.4951841, 0.4595483, 0.2429122, 0
0.7937908, 0.5987633, 0.299865, 0
0.8151919, 0.5771323, 0.2226741, 0
0.4780234, 0.3956109, 0.4487737, 0
0.7362945, 0.4043101, 0.382375, 0
0.470722, 0.438492, 0.3556607, 0
0.505759, 0.3423642, 0.3765979, 0
0.5677094, 0.4128833, 0.3781015, 0
0.3578327, 0.4520409, 0.2772671, 0
0.6934269, 0.3121412, 0.3714577, 0
0.6056582, 0.4490601, 0.3004334, 0
0.6807297, 0.5195135, 0.2921845, 0
0.517208, 0.336178, 0.2481306, 0
0.5032901, 0.3863666, 0.2542947, 0
0.8596724, 0.3909951, 0.3883253, 0
0.8673243, 0.4764064, 0.362248, 0
0.4020334, 0.4010531, 0.214322, 0
0.841992, 0.3721058, 0.2032202, 0
0.8487365, 0.4917134, 0.3662497, 0
0.6431836, 0.4667232, 0.3624223, 0
0.6624475, 0.4156357, 0.2404522, 0
0.5202879, 0.392977, 0.1924554, 0
0.7814938, 0.3581297, 0.2392465, 0
0.4657336, 0.4119912, 0.2701108, 0
0.6435196, 0.4363478, 0.2766234, 0
0.7139653, 0.3363808, 0.3067449, 0
0.6693815, 0.4150946, 0.3732744, 0
0.8790177, 0.3577245, 0.3496598, 0
0.6512334, 0.4015631, 0.4116487, 0
0.4006395, 0.5016446, 0.3641149, 0
0.3650176, 0.3632021, 0.2413634, 0
0.7664098, 0.6011626, 0.3005955, 0
0.4932756, 0.3692558, 0.2625718, 0
0.4810318, 0.3093108, 0.334253, 0
0.5962982, 0.4199836, 0.3223923, 0
0.4279634, 0.4140283, 0.4292421, 0
0.7582984, 0.3352025, 0.3522098, 0
0.4079781, 0.2925506, 0.3489836, 0
0.4468287, 0.2924985, 0.363134, 0
0.6694159, 0.427705, 0.2204179, 0
0.4359557, 0.3105923, 0.3500262, 0
0.6353747, 0.3845194, 0.4186152, 0
0.5303355, 0.4684757, 0.2428442, 0
0.653561, 0.4086924, 0.3268762, 0
0.5993223, 0.3317505, 0.3350455, 0
0.4311696, 0.4291043, 0.2325411, 0
0.7380749, 0.5315993, 0.3800567, 0
0.4128638, 0.3224382, 0.3226753, 0
0.8148009, 0.5815306, 0.3822875, 0
0.8848556, 0.4168775, 0.3662721, 0
0.4177428, 0.3309589, 0.4156922, 0
0.3432316, 0.4126404, 0.3066183, 0
0.4110943, 0.322855, 0.2712495, 0
0.7371303, 0.5490447, 0.3008034, 0
0.8248273, 0.3933705, 0.3712138, 0
0.5535209, 0.3184111, 0.2215912, 0
0.496023, 0.3528779, 0.4453093, 0
0.5454276, 0.4918336, 0.3505767, 0
0.8283302, 0.342346, 0.3620035, 0
0.3733568, 0.432934, 0.4049749, 0
0.4894593, 0.3356723, 0.2159221, 0
0.6994303, 0.3044561, 0.3449942, 0
0.7002104, 0.4842779, 0.240266, 0
0.8069403, 0.530422, 0.2634425, 0
0.5469103, 0.4990106, 0.265477, 0
0.8156012, 0.5043477, 0.3869543, 0
0.4359242, 0.3821815, 0.2084825, 0
0.54249, 0.3766378, 0.3699281, 0
0.8077033, 0.3338149, 0.380533, 0
0.3800873, 0.5091014, 0.3647079, 0
0.4224417, 0.5420328, 0.3172422, 0
0.4728447, 0.3282591, 0.3302988, 0
0.4425108, 0.2889719, 0.3150627, 0
0.7557213, 0.3693629, 0.380025, 0
0.3854303, 0.3615845, 0.2404642, 0
0.7858989, 0.4845178, 0.2502624, 0
0.7468107, 0.4096651, 0.2277073, 0
0.3690686, 0.34257, 0.3065678, 0
0.7069877, 0.4302001, 0.3751949, 0
0.8658418, 0.413825, 0.2956346, 0
0.4979618, 0.3123843, 0.3779414, 0
0.8369641, 0.566073, 0.351852, 0
0.8098202, 0.5656459, 0.3646515, 0
0.7621508, 0.405239, 0.2176246, 0
0.8235099, 0.3098765, 0.2958896, 0
0.4523224, 0.4139019, 0.3462757, 0
0.6122227, 0.3990987, 0.3325155, 0
0.4033061, 0.3872248, 0.2556941, 0
0.6603074, 0.298095, 0.3782771, 0
0.61638, 0.4306217, 0.331716, 0
0.7739903, 0.3853073, 0.3598109, 0
0.4565708, 0.4103569, 0.3467647, 0
0.6052038, 0.4046201, 0.290121, 0
0.7855891, 0.3670956, 0.2853702, 0
0.5735688, 0.4219747, 0.4042616, 0
0.7637504, 0.4164991, 0.3165119, 0
0.4306055, 0.381945, 0.2167337, 0
0.4968242, 0.3348897, 0.2545232, 0
0.6035455, 0.3031435, 0.370916, 0
0.7976943, 0.5660254, 0.2909102, 0
0.6030201, 0.4215822, 0.4007475, 0
0.3812056, 0.4501062, 0.2417982, 0
0.3844919, 0.3276269, 0.2968558, 0
0.4780587, 0.4577526, 0.3424894, 0
0.402693, 0.40363, 0.4209743, 0
0.5865028, 0.3699716, 0.2000335, 0
0.635627, 0.4282395, 0.2321617, 0
0.4420719, 0.4326807, 0.3316222, 0
0.6938867, 0.402313, 0.2524967, 0
0.643604, 0.4250365, 0.3589795, 0
0.6680081, 0.4021553, 0.3065504, 0
0.6419623, 0.3737822, 0.387112, 0
0.6704092, 0.3932061, 0.2776884, 0
0.7822033, 0.5611336, 0.2539805, 0
0.7837934, 0.3498689, 0.4106729, 0
0.5930124, 0.438449, 0.3129567, 0
0.8329263, 0.5243199, 0.2399343, 0
0.417844, 0.4637467, 0.2413346, 0
0.4773017, 0.4112965, 0.3141324, 0
0.4418045, 0.4509265, 0.3709233, 0
0.373544, 0.4780035, 0.2659362, 0
0.4793256, 0.3815958, 0.3054538, 0
0.4428052, 0.4512607, 0.2075714, 0
0.7808061, 0.5621245, 0.401891, 0
0.7373531, 0.3837413, 0.343009, 0
0.7356143, 0.533157, 0.384919, 0
0.7196369, 0.3848925, 0.2731614, 0
0.5374231, 0.3278696, 0.4058014, 0
0.7727704, 0.5572172, 0.2251762, 0
0.4192618, 0.4132538, 0.4272342, 0
0.4197925, 0.5214141, 0.2949651, 0
0.8371082, 0.313207, 0.2987381, 0
0.8273243, 0.5469711, 0.2637925, 0
0.5839846, 0.403234, 0.3803015, 0
0.8449166, 0.4573464, 0.2251786, 0
0.8532684, 0.528264, 0.1874724, 0
0.8553146, 0.5308324, 0.1849282, 0
0.40324, 0.5079386, 0.3683612, 0
0.6618744, 0.3538944, 0.2875922, 0
0.8522876, 0.5371114, 0.243322, 0
0.8719487, 0.4076112, 0.236073, 0
0.7542308, 0.559444, 0.2418686, 0
0.7023299, 0.4495548, 0.2280203, 0
0.6060129, 0.461281, 0.3807785, 0
0.4642899, 0.3125217, 0.3573269, 0
0.716132, 0.4039012, 0.2108986, 0
0.8627837, 0.4390637, 0.2062074, 0
0.7867864, 0.3452161, 0.407773, 0
0.8327606, 0.5051231, 0.2875707, 0
0.5983023, 0.4413273, 0.2266869, 0
0.6653025, 0.4435159, 0.3505414, 0
0.6903781, 0.3924854, 0.1958707, 0
0.7959837, 0.3505847, 0.21786, 0
0.5946023, 0.5292692, 0.3068651, 0
0.7397794, 0.4911693, 0.2435559, 0
0.6172442, 0.4635286, 0.3904178, 0
0.4851107, 0.3962741, 0.2391738, 0
0.3768452, 0.3931763, 0.3783282, 0
0.6969064, 0.3812188, 0.3664947, 0
0.4341988, 0.3867427, 0.208434, 0
0.8866962, 0.4494659, 0.2979247, 0
0.7542152, 0.4222892, 0.3480973, 0
0.4227616, 0.4074699, 0.2399373, 0
0.5111681, 0.4433916, 0.2584271, 0
0.7986029, 0.460284, 0.3928165, 0
0.5588349, 0.4371828, 0.3771373, 0
0.5320649, 0.4910211, 0.243123, 0
0.4702143, 0.4539029, 0.3208207, 0
0.5922452, 0.3504346, 0.2564398, 0
0.7468933, 0.3980505, 0.3206472, 0
0.4963974, 0.3715461, 0.2582945, 0
0.4439813, 0.3407947, 0.3334038, 0
0.8290296, 0.5615178, 0.297948, 0
0.7374654, 0.4879089, 0.214225, 0
0.6719483, 0.4230199, 0.3295666, 0
0.4201742, 0.5092766, 0.3345212, 0
0.7164539, 0.2940716, 0.3474306, 0
0.5844857, 0.3036725, 0.3391788, 0
0.8047134, 0.3385665, 0.3413733, 0
0.8045484, 0.4785431, 0.1892725, 0
0.5134957, 0.378415, 0.325636, 0
0.7888182, 0.5271972, 0.374552, 0
0.4877337, 0.3929056, 0.2751722, 0
0.4360516, 0.3672946, 0.2826759, 0
0.7030879, 0.4003158, 0.2105218, 0
0.376913, 0.4712343, 0.3217783, 0
0.4195565, 0.386253, 0.362576, 0
0.6253556, 0.4586983, 0.3630807, 0
0.7676318, 0.4150136, 0.3018328, 0
0.447203, 0.2923408, 0.3629868, 0
0.549024, 0.4054646, 0.440002, 0
0.6580086, 0.350311, 0.2021354, 0
0.4485386, 0.4997489, 0.2957951, 0
0.4096157, 0.5002568, 0.3234946, 0
0.6289813, 0.4433118, 0.3759568, 0
0.8571644, 0.5504195, 0.2845198, 0
0.7496696, 0.5476307, 0.2450367, 0
0.3731158, 0.4366067, 0.4213717, 0
0.6068662, 0.3931048, 0.3442589, 0
0.6607744, 0.3418901, 0.4177693, 0
0.7877967, 0.3182385, 0.2413989, 0
0.8642387, 0.5266755, 0.3371695, 0
0.7385709, 0.5574349, 0.2945151, 0
0.7936987, 0.4759292, 0.3634928, 0
0.4424441, 0.4413817, 0.2934703, 0
0.4348256, 0.4917681, 0.3498849, 0
0.4009068, 0.3601844, 0.3737815, 0
0.4489471, 0.4383939, 0.4193332, 0
0.5037471, 0.3044513, 0.2747324, 0
0.5842891, 0.3672813, 0.4202815, 0
0.8607739, 0.5214257, 0.2713982, 0
0.682107, 0.3827817, 0.3468345, 0
0.6017196, 0.3498545, 0.3382025, 0
0.6961672, 0.4530518, 0.3510064, 0
0.6403879, 0.4136952, 0.3180342, 0
0.4266892, 0.4716803, 0.327791, 0
0.7746035, 0.3098427, 0.3829902, 0
0.4211461, 0.4552325, 0.2166796, 0
0.4278171, 0.4977096, 0.2467014, 0
0.4686962, 0.3099284, 0.4151456, 0
0.6521181, 0.5145875, 0.2727234, 0
0.588244, 0.4269616, 0.2115527, 0
0.7761336, 0.3818336, 0.2939275, 0
0.552183, 0.4352621, 0.3205875, 0
0.6789449, 0.4439596, 0.2581706, 0
0.8094875, 0.4397753, 0.1929512, 0
0.3787749, 0.4145716, 0.2635688, 0
0.7860859, 0.5238128, 0.2207941, 0
0.5341509, 0.382468, 0.2389482, 0
0.5375093, 0.4533457, 0.3956233, 0
0.5175447, 0.4131134, 0.2107197, 0
0.8248383, 0.3804715, 0.3557257, 0
0.6521059, 0.2994419, 0.3639271, 0
0.8478656, 0.5672441, 0.3000075, 0
0.4335088, 0.3139122, 0.409662, 0
0.5397707, 0.4461644, 0.236052, 0
0.3808227, 0.4070421, 0.3711976, 0
0.8019474, 0.5470507, 0.274931, 0
0.4303454, 0.472393, 0.2825689, 0
0.4330127, 0.4710061, 0.2321874, 0
0.5842353, 0.327212, 0.3923459, 0
0.7625139, 0.3442455, 0.4014801, 0
0.6554066, 0.2860345, 0.2407069, 0
0.5008276, 0.3822921, 0.2341881, 0
0.4961931, 0.5461766, 0.3392292, 0
0.772076, 0.4291705, 0.3734522, 0
0.5054463, 0.5494179, 0.3368013, 0
0.6303497, 0.4235035, 0.2842489, 0
0.4707023, 0.3365741, 0.2628721, 0
0.7353601, 0.4304647, 0.1945165, 0
0.8829551, 0.3673522, 0.2750218, 0
0.4352236, 0.2971846, 0.3737095, 0
0.7344811, 0.4877813, 0.2522501, 0
0.717528, 0.3445151, 0.2609696, 0
0.4062984, 0.2917624, 0.3447186, 0
0.7515131, 0.4007414, 0.3266639, 0
0.6823672, 0.3595488, 0.3634224, 0
0.5661411, 0.3696921, 0.4145179, 0
0.4695747, 0.3730297, 0.2247402, 0
0.6096486, 0.3663008, 0.3397274, 0
0.585199, 0.4733789, 0.2310403, 0
0.8054752, 0.4171724, 0.3524111, 0
0.6340927, 0.327026, 0.2298641, 0
0.5728146, 0.5030552, 0.3138878, 0
0.8316586, 0.3251841, 0.32285, 0
0.5680911, 0.4010701, 0.2936625, 0
0.420031, 0.5087548, 0.2665806, 0
0.8568956, 0.4781716, 0.2641397, 0
0.847218, 0.4778799, 0.2839637, 0
0.7546903, 0.3989637, 0.3143081, 0
0.6855782, 0.3687452, 0.2089659, 0
0.6530686, 0.3218889, 0.3000363, 0
0.8785363, 0.4367699, 0.2985941, 0
0.6632914, 0.3293929, 0.1944179, 0
0.5500036, 0.3307526, 0.2166108, 0
0.5843111, 0.4896226, 0.367749, 0
0.8867707, 0.4184272, 0.3093696, 0
0.4641242, 0.3479398, 0.3425179, 0
0.751753, 0.4498785, 0.3880309, 0
0.7851391, 0.463262, 0.301255, 0
0.4818452, 0.3600889, 0.2932003, 0
0.391984, 0.4827585, 0.2584688, 0
0.7652202, 0.4915851, 0.3312474, 0
0.735924, 0.3265595, 0.328235, 0
0.4456735, 0.4150705, 0.379365, 0
0.7063072, 0.3713015, 0.3877294, 0
0.6580603, 0.3899164, 0.2087235, 0
0.598263, 0.3539794, 0.1875492, 0
0.4783292, 0.4098849, 0.4276586, 0
0.5058836, 0.3730634, 0.3234619, 0
0.8528187, 0.4074067, 0.2623488, 0
0.5515565, 0.351287, 0.4226688, 0
0.3649071, 0.4657426, 0.2825479, 0
0.5586481, 0.3189327, 0.3714612, 0
0.3507777, 0.3672843, 0.2502315, 0
0.8120444, 0.5181894, 0.2898422, 0
0.6781324, 0.4068062, 0.3580728, 0
0.5538005, 0.308962, 0.2933561, 0
0.3969212, 0.4902808, 0.3056881, 0
0.5826045, 0.3887769, 0.4238147, 0
0.3782077, 0.4790183, 0.3346373, 0
0.7909936, 0.3814623, 0.2176581, 0
0.7351561, 0.3694091, 0.2848628, 0
0.4817205, 0.3398111, 0.3806973, 0
0.8000098, 0.3890665, 0.2634175, 0
0.4082303, 0.4599913, 0.2825476, 0
0.6023988, 0.3195785, 0.2537283, 0
0.7530175, 0.3351236, 0.3357007, 0
0.7550327, 0.5836539, 0.3214236, 0
0.4100843, 0.524826, 0.312866, 0
0.6559043, 0.3534721, 0.2115572, 0
0.7370611, 0.4290527, 0.3333533, 0
0.7125041, 0.4072287, 0.3120973, 0
0.8757345, 0.3457684, 0.3396393, 0
0.8264309, 0.5402803, 0.307811, 0
0.8018365, 0.3650492, 0.2594918, 0
0.39546, 0.3621255, 0.2695966, 0
0.8302667, 0.4257082, 0.3698588, 0
0.5926022, 0.4315075, 0.3228413, 0
0.7515401, 0.4756454, 0.2017267, 0
0.770865, 0.3858974, 0.3998773, 0
0.6777502, 0.2844807, 0.272964, 0
0.5165856, 0.4602305, 0.216378, 0
0.7255976, 0.3608259, 0.3636798, 0
0.6617056, 0.4144039, 0.2098092, 0
0.4551863, 0.3029273, 0.4095476, 0
0.3753922, 0.403096, 0.3507676, 0
0.783901, 0.3043435, 0.368314, 0
0.6791707, 0.4779979, 0.3260762, 0
0.758467, 0.3265322, 0.3150556, 0
0.5804201, 0.3056234, 0.3514634, 0
0.7988424, 0.5039514, 0.2149541, 0
0.7617858, 0.5515893, 0.2134944, 0
0.7298508, 0.3832602, 0.4013589, 0
0.3909527, 0.4029713, 0.325482, 0
0.8331244, 0.3750359, 0.2694041, 0
0.5198824, 0.409036, 0.1955821, 0
0.5571056, 0.3254989, 0.231189, 0
0.4176068, 0.3068257, 0.3832001, 0
0.7778924, 0.4663295, 0.1666459, 0
0.398779, 0.4837057, 0.4210572, 0
0.82077, 0.532128, 0.2232637, 0
0.4869394, 0.4357223, 0.423536, 0
0.6093395, 0.459585, 0.3403258, 0
0.8136587, 0.3582944, 0.2713838, 0
0.5526745, 0.4704527, 0.2369591, 0
0.5688062, 0.5053769, 0.3384055, 0
0.3400005, 0.3807286, 0.2561118, 0
0.62122, 0.2807552, 0.3789507, 0
0.7788867, 0.5497355, 0.3824187, 0
0.3999098, 0.3690102, 0.2905546, 0
0.3905907, 0.2940724, 0.3153363, 0
0.4414724, 0.2897475, 0.3304672, 0
0.4596404, 0.3293023, 0.2636086, 0
0.8132043, 0.313455, 0.2561943, 0
0.7919843, 0.4391354, 0.24304, 0
0.5687292, 0.3392336, 0.3739119, 0
0.3957506, 0.2969601, 0.3022868, 0
0.6790339, 0.3263458, 0.3617544, 0
0.6372226, 0.4401125, 0.2384023, 0
0.6358829, 0.3786024, 0.3520178, 0
0.5611457, 0.3740332, 0.3957812, 0
0.4858568, 0.4095506, 0.3368179, 0
0.5251396, 0.3831956, 0.2912824, 0
0.8313077, 0.4360562, 0.3526461, 0
0.8477974, 0.4810959, 0.4093412, 0
0.3795624, 0.3277904, 0.2942217, 0
0.6125484, 0.418388, 0.3376831, 0
0.7876168, 0.365952, 0.2983814, 0
0.5798758, 0.4092196, 0.1919634, 0
0.5951936, 0.3531778, 0.3161682, 0
0.3818087, 0.3350678, 0.3408894, 0
0.399529, 0.2911323, 0.325075, 0
0.7004799, 0.482522, 0.2465474, 0
0.5473425, 0.3926322, 0.2366556, 0
0.7347428, 0.3955742, 0.2912491, 0
0.3864041, 0.4130189, 0.2252238, 0
0.3714194, 0.3426373, 0.2746876, 0
0.4337673, 0.2880002, 0.3323232, 0
0.5438594, 0.3332804, 0.4203492, 0
0.8445287, 0.5379086, 0.3534653, 0
0.5847933, 0.4461388, 0.2787279, 0
0.636296, 0.3232519, 0.1989935, 0
0.8546353, 0.4759567, 0.2690847, 0
0.5376521, 0.4006923, 0.4466736, 0
0.4874782, 0.4296316, 0.4153671, 0
0.5244452, 0.3572007, 0.3757751, 0
0.4369488, 0.4993925, 0.270466, 0
0.759008, 0.4557988, 0.3862161, 0
0.8631196, 0.5332795, 0.256656, 0
0.5801942, 0.3346433, 0.3534909, 0
0.5498765, 0.342341, 0.3704219, 0
0.4071847, 0.2917836, 0.345801, 0
0.4352217, 0.3446875, 0.2883924, 0
0.4584476, 0.4354263, 0.4240275, 0
0.8084494, 0.5085532, 0.2182951, 0
0.5779666, 0.3549915, 0.4398446, 0
0.8201697, 0.5540879, 0.2340498, 0
0.6616889, 0.3019724, 0.3095365, 0
0.651594, 0.3146766, 0.2853869, 0
0.8808584, 0.3747186, 0.3619924, 0
0.8423995, 0.5363967, 0.1813492, 0
0.8746262, 0.3985012, 0.3954282, 0
0.3916618, 0.4612969, 0.2280364, 0
0.5424367, 0.4353455, 0.2566844, 0
0.7610767, 0.3578713, 0.3332229, 0
0.7995242, 0.5586302, 0.360705, 0
0.6461362, 0.3319442, 0.2247307, 0
0.3701837, 0.491808, 0.3834944, 0
0.6419652, 0.3649439, 0.2852181, 0
0.5817248, 0.3534265, 0.3577914, 0
0.5405616, 0.4013056, 0.2517924, 0
0.4570062, 0.2950124, 0.3539742, 0
0.4873098, 0.453669, 0.3550575, 0
0.4412287, 0.3401769, 0.3336255, 0
0.6128618, 0.3322208, 0.2046809, 0
0.4007026, 0.409514, 0.4258876, 0
0.6087285, 0.3319924, 0.3662039, 0
0.6030121, 0.4634574, 0.3581583, 0
0.3862055, 0.482107, 0.4159185, 0
0.7627751, 0.5532296, 0.3207259, 0
0.8628718, 0.4349587, 0.2479059, 0
0.6966372, 0.3060243, 0.2911858, 0
0.7028646, 0.393382, 0.39176, 0
0.4428713, 0.360416, 0.3921851, 0
0.4399007, 0.3963519, 0.2628205, 0
0.528605, 0.5243673, 0.3038897, 0
0.7956182, 0.5533711, 0.3059345, 0
0.6099955, 0.3760787, 0.2204694, 0
0.413513, 0.4300358, 0.241499, 0
0.6135075, 0.4047733, 0.2559401, 0
0.6706157, 0.3679903, 0.2124272, 0
0.3868369, 0.4874228, 0.4088816, 0
0.4648985, 0.4371562, 0.2576166, 0
0.3750161, 0.4292396, 0.2945589, 0
0.4652027, 0.3943563, 0.4368438, 0
0.7189479, 0.4900538, 0.3039849, 0
0.4783084, 0.4632393, 0.2959249, 0
0.5895752, 0.4534262, 0.3740468, 0
0.4504575, 0.4103841, 0.4364745, 0
0.4387549, 0.3648232, 0.418926, 0
0.5588192, 0.4075293, 0.1896382, 0
0.642051, 0.3028606, 0.3297847, 0
0.4949181, 0.3585621, 0.4000511, 0
0.4820979, 0.381087, 0.2407129, 0
0.670242, 0.2998251, 0.250474, 0
0.5256809, 0.4729305, 0.3612472, 0
0.7527162, 0.429009, 0.2463081, 0
0.7543949, 0.3368749, 0.3551657, 0
0.7037522, 0.474443, 0.3428609, 0
0.7086031, 0.4339318, 0.2758708, 0
0.8106416, 0.4306399, 0.2352526, 0
0.396647, 0.4920034, 0.4159112, 0
0.550026, 0.3020871, 0.2731586, 0
0.8546711, 0.391425, 0.3573642, 0
0.5897122, 0.2734632, 0.2785948, 0
0.6390312, 0.322635, 0.332261, 0
0.7690181, 0.3218828, 0.3286429, 0
0.806923, 0.4102321, 0.2087583, 0
0.4955283, 0.4619603, 0.223081, 0
0.717088, 0.4635647, 0.3711968, 0
0.4005319, 0.3613907, 0.2284834, 0
0.5970144, 0.4921749, 0.2497259, 0
0.7615989, 0.4162878, 0.3907454, 0
0.37889, 0.4455755, 0.4267152, 0
0.4725672, 0.5285941, 0.3739383, 0
0.7746431, 0.5416667, 0.3523894, 0
0.4202715, 0.3567004, 0.3230414, 0
0.3723174, 0.4321921, 0.2547426, 0
0.4023769, 0.45195, 0.4265163, 0
0.509973, 0.37515, 0.325969, 0
0.5668225, 0.4259093, 0.3172517, 0
0.7329308, 0.4487481, 0.2538158, 0
0.7433376, 0.429142, 0.3399814, 0
0.5280232, 0.3310471, 0.3962263, 0
0.5266032, 0.3308879, 0.2907044, 0
0.8107566, 0.577225, 0.2483975, 0
0.4409175, 0.3903377, 0.3655065, 0
0.8729542, 0.4214964, 0.1936134, 0
0.4676638, 0.4210177, 0.4013629, 0
0.8885799, 0.3328792, 0.2298342, 0
0.8540515, 0.5145592, 0.2808749, 0
0.6017227, 0.3683137, 0.4016015, 0
0.4690847, 0.4230333, 0.366949, 0
0.7339337, 0.4241642, 0.2959097, 0
0.8338047, 0.3915037, 0.2311135, 0
0.5018947, 0.3108952, 0.3575199, 0
0.7868527, 0.3543779, 0.2873951, 0
0.3694097, 0.3441638, 0.2914103, 0
0.7499949, 0.4681863, 0.2054317, 0
0.4969498, 0.4594694, 0.3968001, 0
0.8550155, 0.5380616, 0.1833246, 0
0.3678774, 0.4201101, 0.2619203, 0
0.4599167, 0.2963439, 0.3592086, 0
0.5932426, 0.4601297, 0.2480401, 0
0.8568887, 0.4849932, 0.3120544, 0
0.5478128, 0.2878512, 0.2312476, 0
0.6484694, 0.2864679, 0.3527344, 0
0.753549, 0.5887488, 0.3247331, 0
0.5883657, 0.4754578, 0.2968146, 0
0.7450929, 0.3324693, 0.4049025, 0
0.7986607, 0.5896681, 0.2127183, 0
0.4767887, 0.412799, 0.4552754, 0
0.5577519, 0.383561, 0.2254295, 0
0.5861546, 0.2831307, 0.2531137, 0
0.7194763, 0.3688158, 0.2058422, 0
0.4935017, 0.5395763, 0.30757, 0
0.5524425, 0.322438, 0.3290896, 0
0.6387838, 0.3385217, 0.1940345, 0
0.5694595, 0.3153267, 0.3904786, 0
0.4080471, 0.4130172, 0.3924108, 0
0.6481101, 0.4121725, 0.3177728, 0
0.6952022, 0.3285448, 0.3649989, 0
0.7843102, 0.3684537, 0.3365324, 0
0.7539902, 0.4141762, 0.1876422, 0
0.8155605, 0.5573547, 0.3539306, 0
0.8636926, 0.3791763, 0.3236741, 0
0.6680849, 0.3163328, 0.2819677, 0
0.660933, 0.3847302, 0.2379043, 0
0.7362686, 0.3372345, 0.3153649, 0
0.7676477, 0.4762612, 0.2057225, 0
0.7529535, 0.4480101, 0.2405759, 0
0.6143825, 0.3620055, 0.2285667, 0
0.3346958, 0.4191464, 0.2703671, 0
0.8804299, 0.4857398, 0.2916594, 0
0.3735288, 0.3399156, 0.2598632, 0
0.7852187, 0.4813117, 0.1721892, 0
0.6414015, 0.4624837, 0.221338, 0
0.7370028, 0.3709338, 0.2790206, 0
0.7225059, 0.4839476, 0.3316834, 0
0.5059444, 0.3078208, 0.3495358, 0
0.6072826, 0.3785091, 0.2414865, 0
0.7914407, 0.4802012, 0.1934705, 0
0.76868, 0.5009673, 0.3654501, 0
0.4640641, 0.380102, 0.1819976, 0
0.5490236, 0.3821795, 0.2309827, 0
0.7552693, 0.3237117, 0.2967131, 0
0.4058382, 0.4202486, 0.3952565, 0
0.4176123, 0.3266907, 0.3152281, 0
0.4137324, 0.3926254, 0.397891, 0
0.760326, 0.4020661, 0.1879353, 0
0.4344901, 0.3589632, 0.294581, 0
0.5039328, 0.3279251, 0.3384154, 0
0.8703514, 0.3448715, 0.3144178, 0
0.3849229, 0.5102165, 0.3751369, 0
0.7309461, 0.4934914, 0.2653572, 0
0.4137698, 0.4788351, 0.4040235, 0
0.3495214, 0.401402, 0.2884235, 0
0.6430303, 0.3986458, 0.2928486, 0
0.4440964, 0.3875053, 0.2946131, 0
0.7861177, 0.5659716, 0.2083323, 0
0.7069311, 0.462878, 0.2430712, 0
0.3466214, 0.4414545, 0.3318298, 0
0.4463658, 0.402212, 0.4083106, 0
0.5098144, 0.4860171, 0.3212791, 0
0.6139268, 0.4765336, 0.2328803, 0
0.8543916, 0.3359014, 0.2339471, 0
0.5299215, 0.4027502, 0.4424893, 0
0.764778, 0.4111888, 0.1901367, 0
0.4518014, 0.4808142, 0.2221648, 0
0.6623137, 0.3876408, 0.3689191, 0
0.735541, 0.5142503, 0.3725045, 0
0.3640914, 0.4899225, 0.3163913, 0
0.419039, 0.326044, 0.3699305, 0
0.418448, 0.5242628, 0.3032992, 0
0.635743, 0.4179535, 0.3073606, 0
0.3731456, 0.4681943, 0.3525223, 0
0.4473802, 0.3097534, 0.3804888, 0
0.7781332, 0.5582942, 0.278862, 0
0.8463907, 0.452601, 0.346364, 0
0.6398117, 0.3287255, 0.3801104, 0
0.7706477, 0.5117913, 0.1820673, 0
0.7517301, 0.2928846, 0.2713312, 0
0.4594753, 0.4723676, 0.2344434, 0
0.5716982, 0.2853526, 0.2658989, 0
0.380838, 0.325583, 0.2715001, 0
0.5698516, 0.4707358, 0.3240502, 0
0.4178204, 0.3163468, 0.3779998, 0
0.4272331, 0.3682057, 0.2946869, 0
0.5991632, 0.3755679, 0.2629851, 0
0.400474, 0.2978313, 0.3032859, 0
0.4255775, 0.3161741, 0.4152984, 0
0.6713667, 0.3187582, 0.4262639, 0
0.4944998, 0.3735041, 0.2565555, 0
0.7364488, 0.4887048, 0.2287437, 0
0.3414116, 0.3884306, 0.2741566, 0
0.3705585, 0.3120017, 0.2746991, 0
0.7142226, 0.3543291, 0.3918914, 0
0.4805462, 0.5155586, 0.2679583, 0
0.3703712, 0.4246497, 0.4205577, 0
0.509874, 0.45776, 0.410836, 0
0.8555961, 0.3403578, 0.2859494, 0
0.6482121, 0.2893786, 0.2970995, 0
0.4668133, 0.4368308, 0.4258718, 0
0.5836219, 0.3628817, 0.389765, 0
0.3524, 0.4334885, 0.2899158, 0
0.3954796, 0.5158535, 0.348419, 0
0.8165269, 0.3487605, 0.3003714, 0
0.727901, 0.3128516, 0.3857127, 0
0.422501, 0.3542128, 0.2580875, 0
0.4337764, 0.3680702, 0.3067473, 0
0.7624286, 0.4026605, 0.1949004, 0
0.5156919, 0.3318858, 0.4035309, 0
0.7091156, 0.4124273, 0.3531113, 0
0.7576849, 0.5415733, 0.2613875, 0
0.838923, 0.361199, 0.2773542, 0
0.5546149, 0.5113845, 0.3534613, 0
0.833412, 0.4848962, 0.3946789, 0
0.3988147, 0.3478243, 0.3319767, 0
0.7844447, 0.3317684, 0.4008209, 0
0.4782215, 0.3574522, 0.4128613, 0
0.6617311, 0.3361719, 0.2312922, 0
0.4576557, 0.3688135, 0.3484119, 0
0.5491543, 0.5115034, 0.3411466, 0
0.4929971, 0.449771, 0.228327, 0
0.6745569, 0.3471635, 0.4298026, 0
0.6961288, 0.3650278, 0.3647988, 0
0.580573, 0.4218753, 0.3269128, 0
0.6107031, 0.2826733, 0.2946105, 0
0.7498834, 0.3269018, 0.293153, 0
0.4271349, 0.3584554, 0.3876798, 0
0.3870589, 0.4128598, 0.2716222, 0
0.5107602, 0.3344017, 0.3655972, 0
0.4678009, 0.3894649, 0.4371174, 0
0.8335289, 0.5226051, 0.3156159, 0
0.7896057, 0.3666301, 0.310496, 0
0.631717, 0.3770197, 0.2890711, 0
0.3712849, 0.3590042, 0.2403613, 0
0.8387905, 0.4832777, 0.1964385, 0
0.8478042, 0.4291365, 0.2213629, 0
0.5646008, 0.4622825, 0.3850996, 0
0.6674152, 0.3177734, 0.3696092, 0
0.4774817, 0.353245, 0.2044162, 0
0.4877349, 0.3352797, 0.3805983, 0
0.8439564, 0.4132949, 0.2247806, 0
0.4305949, 0.4370768, 0.4160395, 0
0.6242022, 0.3771839, 0.3476422, 0
0.6076139, 0.3658506, 0.4424965, 0
0.3672141, 0.3547957, 0.3349461, 0
0.8111695, 0.5935346, 0.3792812, 0
0.5281966, 0.3172448, 0.2879649, 0
0.635451, 0.4321299, 0.3536494, 0
0.7465922, 0.3095973, 0.3950557, 0
0.7993182, 0.4632481, 0.1743998, 0
0.5303144, 0.3795624, 0.4552707, 0
0.7655243, 0.3260833, 0.2607785, 0
0.4078721, 0.4618674, 0.2153866, 0
0.7107927, 0.4617616, 0.3647251, 0
0.6251811, 0.3630559, 0.2476351, 0
0.5348146, 0.3883533, 0.3920663, 0
0.5730085, 0.4511867, 0.2119073, 0
0.6771532, 0.305763, 0.2281628, 0
0.8315337, 0.5175917, 0.3602274, 0
0.5583669, 0.3645389, 0.4356934, 0
0.7178792, 0.4627243, 0.216078, 0
0.7336608, 0.4763844, 0.3194205, 0
0.8002825, 0.4938858, 0.3156796, 0
0.7263765, 0.3080209, 0.3244925, 0
0.7253568, 0.4036627, 0.3299871, 0
0.4716947, 0.389342, 0.3631543, 0
0.5925561, 0.3143544, 0.328389, 0
0.7663112, 0.4756744, 0.342458, 0
0.882852, 0.3925579, 0.2286869, 0
0.4521413, 0.3899482, 0.3537388, 0
0.8799225, 0.3210019, 0.3105037, 0
0.4266059, 0.3393786, 0.4193569, 0
0.6608918, 0.3197471, 0.2755487, 0
0.5552842, 0.3520456, 0.2284337, 0
0.4842922, 0.3724765, 0.2880222, 0
0.7436212, 0.347344, 0.3746932, 0
0.7609904, 0.3438147, 0.2011267, 0
0.7833449, 0.4162412, 0.3134295, 0
0.8492609, 0.539152, 0.2342277, 0
0.6437926, 0.3278117, 0.2380323, 0
0.685312, 0.3972655, 0.2298608, 0
0.3759347, 0.4366909, 0.2508658, 0
0.6755878, 0.3099981, 0.3615467, 0
0.3423882, 0.4170626, 0.2651531, 0
0.431053, 0.3903686, 0.3118749, 0
0.4771097, 0.3830288, 0.4236666, 0
0.5868071, 0.3130876, 0.3028719, 0
0.5083299, 0.405652, 0.4567434, 0
0.4504797, 0.3214857, 0.3746563, 0
0.8838609, 0.3722701, 0.3507695, 0
0.8152326, 0.3250004, 0.2547395, 0
0.4782099, 0.4631071, 0.3647744, 0
0.3696626, 0.4223812, 0.3327709, 0
0.435289, 0.5276842, 0.3654172, 0
0.8890722, 0.3419261, 0.2405732, 0
0.456266, 0.4429233, 0.418732, 0
0.8433413, 0.3900617, 0.2526364, 0
0.7228441, 0.2969197, 0.2941397, 0
0.7520803, 0.5231204, 0.3044108, 0
0.5213981, 0.3920532, 0.1896102, 0
0.5418314, 0.3378201, 0.1904736, 0
0.3887962, 0.3522643, 0.4048565, 0
0.8645852, 0.385528, 0.2563728, 0
0.4191627, 0.3312965, 0.4024669, 0
0.818845, 0.4166288, 0.2968396, 0
0.831403, 0.3528592, 0.2667834, 0
0.6540009, 0.347212, 0.3330695, 0
0.6478983, 0.3810818, 0.2143589, 0
0.7559711, 0.3789379, 0.3887961, 0
0.4261924, 0.4227807, 0.4344247, 0
0.6703729, 0.4376068, 0.3591761, 0
0.4901149, 0.32552, 0.3836664, 0
0.4837502, 0.3655008, 0.1971105, 0
0.7054613, 0.4708782, 0.2870838, 0
0.4683662, 0.465793, 0.4502267, 0
0.6328329, 0.4353481, 0.2175211, 0
0.6827343, 0.2764361, 0.3437414, 0
0.5931319, 0.4607888, 0.2142335, 0
0.4409492, 0.4942891, 0.3650011, 0
0.4606749, 0.4809926, 0.3510264, 0
0.4582608, 0.5096928, 0.4048764, 0
0.714569, 0.2908998, 0.2847114, 0
0.6522827, 0.3072661, 0.3436774, 0
0.6934949, 0.4478055, 0.3421436, 0
0.3982389, 0.4811276, 0.4220476, 0
0.8140035, 0.5137727, 0.3875345, 0
0.4856036, 0.3699478, 0.4477681, 0
0.4619693, 0.4593386, 0.4055764, 0
0.5718001, 0.5294034, 0.3163561, 0
0.6865548, 0.4357091, 0.3423447, 0
0.695704, 0.3021519, 0.334391, 0
0.4935386, 0.4250405, 0.2288805, 0
0.6933309, 0.3228136, 0.4105244, 0
0.6820279, 0.3442995, 0.31365, 0
0.6725637, 0.4109676, 0.3060712, 0
0.7620335, 0.3840877, 0.3017265, 0
0.5595551, 0.4527264, 0.2543146, 0
0.400855, 0.4627481, 0.312604, 0
0.6025461, 0.4457249, 0.2555431, 0
0.7884464, 0.4726559, 0.3430016, 0
0.5011024, 0.4857997, 0.4076301, 0
0.5070694, 0.3911528, 0.4635364, 0
0.7395222, 0.4032314, 0.378878, 0
0.8908302, 0.3615319, 0.3685594, 0
0.7969139, 0.312724, 0.3245032, 0
0.4698229, 0.3028863, 0.3579845, 0
0.4186717, 0.5036583, 0.3109043, 0
0.4675136, 0.526165, 0.2778552, 0
0.8631771, 0.404741, 0.3860548, 0
0.549929, 0.4258463, 0.3435577, 0
0.6387998, 0.4065237, 0.2423092, 0
0.6007436, 0.4123611, 0.1945214, 0
0.7966622, 0.4357308, 0.348122, 0
0.7556113, 0.5069552, 0.1683727, 0
0.8427625, 0.350812, 0.3077521, 0
0.8382999, 0.5531768, 0.2262519, 0
0.6168734, 0.3151587, 0.312157, 0
0.821293, 0.4427174, 0.1680549, 0
0.5107981, 0.3953508, 0.3530283, 0
0.4243481, 0.3165888, 0.395847, 0
0.4180844, 0.4939111, 0.3515345, 0
0.8480884, 0.467818, 0.1919872, 0
0.7546396, 0.390749, 0.2992954, 0
0.8112817, 0.3678254, 0.3971323, 0
0.8414134, 0.4891051, 0.3357531, 0
0.7033255, 0.4311237, 0.3615637, 0
0.7171511, 0.4205924, 0.3028953, 0
0.670056, 0.3801544, 0.322452, 0
0.7624282, 0.3899494, 0.3583141, 0
0.6519709, 0.4822474, 0.3063077, 0
0.727456, 0.3900791, 0.2064071, 0
0.6848969, 0.3907224, 0.3811623, 0
0.7022651, 0.3829556, 0.347067, 0
0.4752358, 0.4070553, 0.2334565, 0
0.4208358, 0.3091457, 0.3898865, 0
0.6177117, 0.2792252, 0.2512136, 0
0.3836431, 0.4025466, 0.2149474, 0
0.7649921, 0.3563523, 0.3547141, 0
0.5131955, 0.417081, 0.4510357, 0
0.5142004, 0.3962082, 0.4072352, 0
0.6299644, 0.5019002, 0.3037178, 0
0.7204304, 0.443289, 0.2386407, 0
0.8003354, 0.4375002, 0.3938202, 0
0.554902, 0.4035089, 0.2115986, 0
0.8515218, 0.4300806, 0.2645401, 0
0.3738999, 0.5022088, 0.3635303, 0
0.7677074, 0.5049101, 0.1667537, 0
0.7653943, 0.4706429, 0.3533781, 0
0.374685, 0.4323877, 0.39733, 0
0.7457433, 0.3863243, 0.2745496, 0
0.4471381, 0.2924943, 0.2636915, 0
0.3585746, 0.4391766, 0.3531787, 0
0.6790317, 0.4084834, 0.2496948, 0
0.4059219, 0.3143402, 0.4098833, 0
0.6296933, 0.3507421, 0.296851, 0
0.3727763, 0.4408718, 0.3094521, 0
0.3870429, 0.2961814, 0.3195194, 0
0.7662776, 0.3687213, 0.2711403, 0
0.6643023, 0.3872724, 0.2607363, 0
0.7096053, 0.3922662, 0.2858852, 0
0.6554866, 0.5002319, 0.2454131, 0
0.7682824, 0.4035427, 0.2522492, 0
0.6017122, 0.4653399, 0.2777738, 0
0.7415636, 0.5784017, 0.325045, 0
0.4698438, 0.443963, 0.3738109, 0
0.367699, 0.454782, 0.3216397, 0
0.4264134, 0.4322752, 0.4250869, 0
0.7803105, 0.5446938, 0.2801981, 0
0.812597, 0.5028912, 0.1619415, 0
0.8195628, 0.3457398, 0.3143, 0
0.4263772, 0.4227224, 0.4345557, 0
0.5632379, 0.3716701, 0.36167, 0
0.4559392, 0.3290746, 0.2271998, 0
0.4922687, 0.4331528, 0.3230934, 0
0.5301332, 0.3231988, 0.1973154, 0
0.8580933, 0.4618756, 0.2654865, 0
0.3814798, 0.5014799, 0.3859564, 0
0.7119097, 0.3308549, 0.390442, 0
0.5706574, 0.3970642, 0.362831, 0
0.3757811, 0.5110519, 0.3313144, 0
0.6076685, 0.3660936, 0.2205065, 0
0.6464149, 0.3508108, 0.2296444, 0
0.6525123, 0.3073488, 0.2381247, 0
0.5192716, 0.3275151, 0.294412, 0
0.5665789, 0.3999638, 0.3712654, 0
0.4273666, 0.4790319, 0.2342049, 0
0.5160488, 0.3619628, 0.3119144, 0
0.6887321, 0.2993638, 0.3881204, 0
0.4104904, 0.3891559, 0.37446, 0
0.8100392, 0.3960764, 0.2393475, 0
0.5083145, 0.4282815, 0.3481326, 0
0.4349566, 0.4052785, 0.4260612, 0
0.8016026, 0.5627345, 0.2488768, 0
0.7973524, 0.5484637, 0.396737, 0
0.6477745, 0.3350222, 0.4281225, 0
0.4430781, 0.4476261, 0.368369, 0
0.4268999, 0.2920403, 0.3643749, 0
0.4673025, 0.3744639, 0.2204014, 0
0.3680182, 0.4146085, 0.4009552, 0
0.832355, 0.382218, 0.3224846, 0
0.4969171, 0.3078222, 0.3495275, 0
0.7003231, 0.2894355, 0.2991211, 0
0.3777579, 0.3854004, 0.314061, 0
0.7392424, 0.4126852, 0.2835068, 0
0.7715405, 0.5433825, 0.3329875, 0
0.8005487, 0.3239235, 0.2930755, 0
0.4564196, 0.4138098, 0.3490458, 0
0.3580345, 0.4565718, 0.3557283, 0
0.5128179, 0.417094, 0.4535778, 0
0.5091107, 0.4105556, 0.2453746, 0
0.6912214, 0.3034187, 0.2426053, 0
0.8180126, 0.5333679, 0.3333553, 0
0.8489299, 0.4240083, 0.1785041, 0
0.6802836, 0.4029847, 0.3678175, 0
0.5640771, 0.4064364, 0.4283337, 0
0.3676679, 0.3537099, 0.2477619, 0
0.5069476, 0.3761464, 0.4508419, 0
0.4145209, 0.527328, 0.3541004, 0
0.7812689, 0.4842945, 0.284028, 0
0.4044448, 0.2894354, 0.3206232, 0
0.7033516, 0.3543506, 0.388438, 0
0.4838163, 0.4821974, 0.2492798, 0
0.6272054, 0.4620113, 0.3014825, 0
0.442856, 0.4220046, 0.4534426, 0
0.5547212, 0.4365668, 0.362649, 0
0.720696, 0.3249955, 0.3197398, 0
0.3651244, 0.3951335, 0.349462, 0
0.5174599, 0.3588348, 0.3147761, 0
0.4572676, 0.2996997, 0.386044, 0
0.7590696, 0.519891, 0.2975691, 0
0.7669901, 0.4862195, 0.2769996, 0
0.502925, 0.5393504, 0.3049929, 0
0.8806081, 0.4058846, 0.306989, 0
0.7524169, 0.4398682, 0.3325571, 0
0.5702767, 0.3755619, 0.2406336, 0
0.4904289, 0.3447169, 0.3240529, 0
0.4462542, 0.3420563, 0.4279189, 0
0.5339502, 0.4690399, 0.2539327, 0
0.745949, 0.3483328, 0.3257935, 0
0.7439999, 0.4799725, 0.2433415, 0
0.4822311, 0.5156693, 0.2681026, 0
0.604771, 0.399156, 0.2029418, 0
0.6388749, 0.4405805, 0.3712659, 0
0.8112479, 0.568417, 0.4057541, 0
0.3687699, 0.4047843, 0.3639011, 0
0.7137343, 0.2836952, 0.3471618, 0
0.470673, 0.411558, 0.4556929, 0
0.4179727, 0.4229316, 0.4013575, 0
0.3476197, 0.3817013, 0.2525028, 0
0.8157069, 0.3541115, 0.3099047, 0
0.3720855, 0.3431952, 0.2508859, 0
0.5774181, 0.5065634, 0.3189492, 0
0.8115613, 0.3020836, 0.3391412, 0
0.4843388, 0.326609, 0.2250548, 0
0.5549027, 0.4550348, 0.2714763, 0
0.7825931, 0.3637798, 0.3284808, 0
0.8128172, 0.3298656, 0.2841946, 0
0.4922299, 0.5455588, 0.3375238, 0
0.5693629, 0.4399914, 0.3447086, 0
0.7343512, 0.3538613, 0.3403412, 0
0.8726367, 0.4311171, 0.1923385, 0
0.5687301, 0.4012955, 0.2558225, 0
0.8064905, 0.5117608, 0.3372841, 0
0.4193679, 0.315507, 0.3727532, 0
0.7573293, 0.5474058, 0.3649152, 0
0.4823015, 0.4024884, 0.2391058, 0
0.675656, 0.502813, 0.2808511, 0
0.7214126, 0.4277587, 0.2098476, 0
0.4170853, 0.4357979, 0.366173, 0
0.4125529, 0.4575961, 0.3789999, 0
0.8047637, 0.5597445, 0.2898499, 0
0.7958123, 0.4987352, 0.2533573, 0
0.3964778, 0.2931423, 0.334233, 0
0.7349545, 0.2920994, 0.2594897, 0
0.3659241, 0.3233863, 0.2694686, 0
0.8219639, 0.4479738, 0.2161635, 0
0.3970328, 0.2920513, 0.3243544, 0
0.7933621, 0.412907, 0.2872498, 0
0.4912758, 0.4307635, 0.2394111, 0
0.4277527, 0.2952101, 0.3707556, 0
0.5583832, 0.3381021, 0.1905224, 0
0.835043, 0.4949432, 0.3077801, 0
0.5123521, 0.4891808, 0.2329323, 0
0.4139058, 0.2899503, 0.3164156, 0
0.5492158, 0.4471387, 0.3898607, 0
0.3932904, 0.4176755, 0.2551217, 0
0.6393442, 0.3647017, 0.1890579, 0
0.3763565, 0.4586503, 0.4109814, 0
0.6596835, 0.3143487, 0.261634, 0
0.5357976, 0.4974049, 0.2863136, 0
0.580321, 0.4474563, 0.3230298, 0
0.8540778, 0.3478696, 0.267575, 0
0.5909477, 0.4164512, 0.3345644, 0
0.8344926, 0.4323042, 0.1673985, 0
0.8628279, 0.4729544, 0.2479308, 0
0.6261619, 0.3719921, 0.3963508, 0
0.4321752, 0.4488477, 0.4292868, 0
0.8201457, 0.4818695, 0.3511869, 0
0.7717835, 0.5607352, 0.2186335, 0
0.735957, 0.5450815, 0.3145817, 0
0.5160586, 0.4315552, 0.2638897, 0
0.7704314, 0.464913, 0.1892151, 0
0.5859236, 0.4517806, 0.212032, 0
0.4207056, 0.3738988, 0.2244406, 0
0.4399005, 0.3409671, 0.4243794, 0
0.8778629, 0.4654793, 0.2856018, 0
0.5454848, 0.3728313, 0.2361064, 0
0.778957, 0.3483407, 0.3250974, 0
0.4767894, 0.4590184, 0.3330213, 0
0.8190067, 0.5798411, 0.4128009, 0
0.7482429, 0.4305489, 0.2998292, 0
0.7398646, 0.3565099, 0.2278472, 0
0.5897021, 0.2965024, 0.3277277, 0
0.4681989, 0.399678, 0.2323441, 0
0.3781592, 0.4061137, 0.2271635, 0
0.3891156, 0.4237831, 0.396028, 0
0.675519, 0.4564964, 0.3437217, 0
0.5591117, 0.3762018, 0.3904154, 0
0.8727693, 0.4585216, 0.1751527, 0
0.5025911, 0.3936369, 0.2998538, 0
0.875001, 0.4155308, 0.1949894, 0
0.7559544, 0.5919821, 0.2942633, 0
0.5712939, 0.3681957, 0.4166724, 0
0.7126169, 0.4358789, 0.3810232, 0
0.6485238, 0.3302831, 0.4023676, 0
0.7974311, 0.5610751, 0.3992706, 0
0.7573399, 0.4881925, 0.233949, 0
0.7398455, 0.4896615, 0.2106081, 0
0.8731424, 0.3615407, 0.2271117, 0
0.7746823, 0.5879837, 0.2208173, 0
0.7634739, 0.3782429, 0.2186704, 0
0.8306248, 0.4495625, 0.2229571, 0
0.5609927, 0.4774435, 0.2672726, 0
0.4559061, 0.5149278, 0.4019761, 0
0.7625537, 0.282139, 0.2939863, 0
0.4552324, 0.4270941, 0.2685744, 0
0.4422845, 0.4437176, 0.4139026, 0
0.7767543, 0.3310837, 0.3748835, 0
0.5800135, 0.4332162, 0.2961071, 0
0.5552931, 0.354028, 0.3334907, 0
0.3977976, 0.4031352, 0.4206252, 0
0.348191, 0.4212587, 0.2614872, 0
0.7646154, 0.5060171, 0.3519266, 0
0.6161063, 0.4606375, 0.3699693, 0
0.5199314, 0.5239439, 0.352218, 0
0.6252659, 0.4769571, 0.2418119, 0
0.5569477, 0.3177762, 0.3145556, 0
0.8568244, 0.4662656, 0.2379702, 0
0.7691603, 0.5481778, 0.1996277, 0
0.4879534, 0.5045646, 0.3692513, 0
0.7904011, 0.4663686, 0.3201723, 0
0.8284249, 0.307197, 0.2820429, 0
0.6064709, 0.4833054, 0.2554118, 0
0.4207223, 0.3693701, 0.4133861, 0
0.5105149, 0.4548251, 0.3108612, 0
0.4386679, 0.3499507, 0.3014572, 0
0.7465223, 0.4283012, 0.299642, 0
0.8221471, 0.3799292, 0.2818798, 0
0.4381531, 0.3445674, 0.3645271, 0
0.602135, 0.4003573, 0.2823072, 0
0.4944141, 0.3940946, 0.4484916, 0
0.4504383, 0.3449598, 0.2824379, 0
0.7945426, 0.5660138, 0.3634871, 0
0.8129349, 0.4085738, 0.3361739, 0
0.8465744, 0.3664773, 0.2810755, 0
0.4920541, 0.4571875, 0.4019002, 0
0.7920195, 0.4802103, 0.1659626, 0
0.6006523, 0.3113723, 0.314732, 0
0.7475135, 0.4222831, 0.220068, 0
0.6657829, 0.3654921, 0.2131052, 0
0.6938761, 0.5021253, 0.2806671, 0
0.7224572, 0.426037, 0.2719316, 0
0.4045979, 0.5234213, 0.3761052, 0
0.8756111, 0.5053034, 0.3456075, 0
0.8010154, 0.4857461, 0.2167835, 0
0.4435696, 0.4543126, 0.3977258, 0
0.3928776, 0.4667552, 0.3862008, 0
0.4443757, 0.5084682, 0.3326078, 0
0.7724851, 0.4048592, 0.3730109, 0
0.3657492, 0.3793642, 0.3746524, 0
0.4521841, 0.3830567, 0.4265076, 0
0.6242067, 0.2709192, 0.3478809, 0
0.4608653, 0.3694557, 0.4209948, 0
0.4777451, 0.3527306, 0.2186178, 0
0.4070901, 0.4064922, 0.3007353, 0
0.3867862, 0.4267289, 0.2536238, 0
0.5227188, 0.5039473, 0.351232, 0
0.6150943, 0.3846177, 0.4376648, 0
0.4373808, 0.503338, 0.2585132, 0
0.5005179, 0.3367538, 0.2240718, 0
0.471485, 0.355526, 0.2957454, 0
0.7759008, 0.5144536, 0.3537888, 0
0.4408937, 0.3716583, 0.4204461, 0
0.3707924, 0.4057297, 0.2929588, 0
0.5233675, 0.4291267, 0.2104506, 0
0.5278242, 0.4668031, 0.2407195, 0
0.8025477, 0.4628581, 0.2198028, 0
0.3717916, 0.4439829, 0.413899, 0
0.4084924, 0.4578165, 0.2696989, 0
0.8026719, 0.5810315, 0.2365852, 0
0.820091, 0.4108875, 0.3803809, 0
0.4510021, 0.4788699, 0.2855359, 0
0.4114251, 0.3158538, 0.4131863, 0
0.8164431, 0.5285318, 0.4054513, 0
0.3535782, 0.3977102, 0.2500904, 0
0.5914178, 0.3072823, 0.3386754, 0
0.4393964, 0.2998515, 0.3526878, 0
0.686576, 0.5110882, 0.2799994, 0
0.4238919, 0.3418687, 0.3116023, 0
0.342615, 0.4495286, 0.2957238, 0
0.8431336, 0.4321132, 0.2812796, 0
0.3762201, 0.380522, 0.4002661, 0
0.4577983, 0.3587761, 0.4063601, 0
0.7923358, 0.3809171, 0.406314, 0
0.7775328, 0.5785261, 0.3953114, 0
0.8276927, 0.4423481, 0.1625485, 0
0.3879147, 0.3034231, 0.2859802, 0
0.4067144, 0.2948172, 0.3547168, 0
0.3805107, 0.4325932, 0.3773213, 0
0.8201681, 0.3446024, 0.3382504, 0
0.4600196, 0.2854093, 0.2889152, 0
0.4528452, 0.3952525, 0.4011349, 0
0.4377128, 0.2961496, 0.3709519, 0
0.6032529, 0.286477, 0.3501035, 0
0.4557545, 0.3990606, 0.2239741, 0
0.4825617, 0.2930527, 0.2673019, 0
0.4420499, 0.2880969, 0.3081846, 0
0.8778451, 0.3643369, 0.3666946, 0
0.3635048, 0.4766864, 0.318946, 0
0.8191643, 0.5840932, 0.2216022, 0
0.4814194, 0.3782113, 0.4452182, 0
0.64435, 0.3649618, 0.4134276, 0
0.8133583, 0.4170675, 0.2662143, 0
0.5394369, 0.3303959, 0.4167083, 0
0.8042205, 0.398422, 0.3545482, 0
0.7535109, 0.3736785, 0.1814152, 0
0.6037712, 0.3133627, 0.3137939, 0
0.7665485, 0.4060956, 0.2576482, 0
0.7583554, 0.3446018, 0.3436085, 0
0.7509549, 0.2952915, 0.386148, 0
0.8527823, 0.4065635, 0.1995019, 0
0.6137709, 0.4534324, 0.2382488, 0
0.8005017, 0.4424102, 0.2199489, 0
0.8075316, 0.3683103, 0.3872325, 0
0.8598408, 0.4215356, 0.3897091, 0
0.5724734, 0.4405068, 0.2396089, 0
0.6514115, 0.4830744, 0.2468702, 0
0.4316147, 0.408302, 0.2732404, 0
0.4214094, 0.3161133, 0.4154392, 0
0.5976643, 0.2844768, 0.2300457, 0
0.8669538, 0.4998865, 0.266686, 0
0.5115258, 0.4687628, 0.2087807, 0
0.8004711, 0.4496399, 0.4091726, 0
0.5184966, 0.4170675, 0.2385193, 0
0.5627199, 0.3882101, 0.1984415, 0
0.6474873, 0.3219024, 0.3286183, 0
0.7021142, 0.2696029, 0.2995028, 0
0.4744227, 0.4069493, 0.2023919, 0
0.832982, 0.3709354, 0.2430408, 0
0.534856, 0.5271717, 0.279753, 0
0.3696795, 0.4174819, 0.2457288, 0
0.43254, 0.3143546, 0.4133342, 0
0.4821059, 0.3514495, 0.3514782, 0
0.6828509, 0.3460353, 0.2489673, 0
0.559938, 0.4881684, 0.363663, 0
0.6275152, 0.2776033, 0.2472027, 0
0.8314062, 0.5586854, 0.2416419, 0
0.8005225, 0.4563765, 0.2369742, 0
0.6079324, 0.3352536, 0.3659282, 0
0.6029776, 0.4339646, 0.2125158, 0
0.5068027, 0.3286136, 0.2619951, 0
0.6593562, 0.4533248, 0.2350403, 0
0.4585184, 0.4330148, 0.2367005, 0
0.5499786, 0.3806245, 0.4351774, 0
0.5450361, 0.5195594, 0.2729658, 0
0.5368779, 0.4738823, 0.2845328, 0
0.7203564, 0.4974272, 0.3405541, 0
0.3849008, 0.3730773, 0.2438984, 0
0.4063854, 0.3749302, 0.2235217, 0
0.4449559, 0.5044426, 0.2716596, 0
0.5181482, 0.5168318, 0.2838843, 0
0.4920428, 0.4759388, 0.2623608, 0
0.3702659, 0.3421598, 0.2532206, 0
0.3958933, 0.3805458, 0.2204823, 0
0.3786614, 0.4470423, 0.4255261, 0
0.519141, 0.4085052, 0.2556989, 0
0.3935716, 0.4028356, 0.3554694, 0
0.3848267, 0.3911693, 0.2332552, 0
0.5753893, 0.3041021, 0.3206581, 0
0.6922463, 0.3644023, 0.3490869, 0
0.3932621, 0.480656, 0.3754637, 0
0.7559574, 0.5808495, 0.2994686, 0
0.8592228, 0.4552884, 0.3457212, 0
0.5859402, 0.436896, 0.3018313, 0
0.5011417, 0.3416736, 0.3285066, 0
0.4863803, 0.3075734, 0.2371938, 0
0.8316101, 0.4068751, 0.1801945, 0
0.4272453, 0.481151, 0.3336492, 0
0.8459725, 0.3752606, 0.2485503, 0
0.6792995, 0.3370002, 0.2297188, 0
0.7443833, 0.5399378, 0.2611328, 0
0.5540716, 0.4329015, 0.3347181, 0
0.3937905, 0.377547, 0.2214955, 0
0.8229224, 0.3911531, 0.3940304, 0
0.3907909, 0.2973151, 0.3022484, 0
0.5417728, 0.332146, 0.2603934, 0
0.6579608, 0.508748, 0.2808017, 0
0.8631864, 0.3357484, 0.3236212, 0
0.6123987, 0.3955295, 0.2070249, 0
0.7576391, 0.433968, 0.3109084, 0
0.5468196, 0.4201437, 0.3164204, 0
0.6556765, 0.3338328, 0.3632255, 0
0.3649212, 0.4890832, 0.3208646, 0
0.7422998, 0.5001556, 0.2489239, 0
0.8821366, 0.4451069, 0.3003929, 0
0.7877806, 0.3146223, 0.3338597, 0
0.768029, 0.4049951, 0.2170443, 0
0.6444567, 0.4385997, 0.3912708, 0
0.866387, 0.4778888, 0.1785827, 0
0.5240035, 0.3334266, 0.2433954, 0
0.675442, 0.4487645, 0.3455865, 0
0.5323496, 0.36699, 0.312703, 0
0.4049116, 0.39128, 0.2371613, 0
0.4791472, 0.4532904, 0.2047616, 0
0.8171987, 0.6059694, 0.2985515, 0
0.3863929, 0.3443365, 0.2406844, 0
0.6781738, 0.3992994, 0.3639428, 0
0.8244016, 0.374974, 0.3697997, 0
0.4284189, 0.3721708, 0.270982, 0
0.746447, 0.5096498, 0.2505934, 0
0.7290685, 0.3754592, 0.336462, 0
0.3581895, 0.3816425, 0.2817196, 0
0.6906265, 0.3737806, 0.36056, 0
0.4309031, 0.4691253, 0.4227844, 0
0.629198, 0.2780098, 0.3258294, 0
0.5272591, 0.4673844, 0.3591877, 0
0.4634828, 0.2929276, 0.2970796, 0
0.5878511, 0.3571578, 0.392522, 0
0.873707, 0.506144, 0.2588264, 0
0.7942922, 0.5588911, 0.3223594, 0
0.3487736, 0.3839345, 0.2442726, 0
0.5215213, 0.3280524, 0.3619972, 0
0.4796527, 0.4901541, 0.4063015, 0
0.487921, 0.3242027, 0.3418077, 0
0.4849132, 0.3288682, 0.4277419, 0
0.4542834, 0.3473133, 0.2403755, 0
0.7922719, 0.3577607, 0.3410003, 0
0.373407, 0.50168, 0.363474, 0
0.4180468, 0.4059216, 0.243224, 0
0.634549, 0.3967699, 0.3736081, 0
0.7851458, 0.4437538, 0.2383018, 0
0.7512887, 0.5503267, 0.2121382, 0
0.7140909, 0.2977735, 0.3344872, 0
0.6251243, 0.4497305, 0.3709321, 0
0.8166049, 0.4957051, 0.2043982, 0
0.5395133, 0.321177, 0.1918844, 0
0.6985545, 0.3694287, 0.2478459, 0
0.4694467, 0.5341935, 0.3607191, 0
0.4315804, 0.3597195, 0.4162297, 0
0.7635561, 0.5147875, 0.1723417, 0
0.8686716, 0.4880573, 0.1686121, 0
0.3805138, 0.3888875, 0.3535885, 0
0.7075636, 0.3391054, 0.3338514, 0
0.7104236, 0.4903542, 0.2703477, 0
0.6850858, 0.4148519, 0.376596, 0
0.4479597, 0.3671426, 0.423711, 0
0.511391, 0.4282845, 0.4400799, 0
0.3683476, 0.3548296, 0.246214, 0
0.394048, 0.3724454, 0.275847, 0
0.7404791, 0.497173, 0.3144865, 0
0.6092018, 0.3412989, 0.3732832, 0
0.3953107, 0.3109721, 0.2766623, 0
0.4809682, 0.3279729, 0.3683873, 0
0.5109633, 0.4378639, 0.2443306, 0
0.7802352, 0.2935774, 0.3596009, 0
0.4167997, 0.3329711, 0.2480786, 0
0.5858101, 0.306904, 0.4081879, 0
0.8366785, 0.5495815, 0.4070095, 0
0.4294979, 0.4716923, 0.4216346, 0
0.4421721, 0.4644036, 0.2297358, 0
0.4227984, 0.3061142, 0.2674267, 0
0.5679215, 0.4226204, 0.3371198, 0
0.599319, 0.4548157, 0.2846582, 0
0.6673917, 0.3003555, 0.2933251, 0
0.492372, 0.3257667, 0.2542941, 0
0.3305379, 0.4304819, 0.288107, 0
0.6408898, 0.4095782, 0.3793584, 0
0.802604, 0.4986043, 0.4151179, 0
0.6434653, 0.2670648, 0.2970147, 0
0.7279394, 0.372544, 0.2103555, 0
0.458635, 0.3973351, 0.3737537, 0
0.3885301, 0.398141, 0.3608808, 0
0.3711952, 0.4286552, 0.4212708, 0
0.7636431, 0.3432981, 0.3860119, 0
0.3935501, 0.3485044, 0.2835213, 0
0.7468157, 0.5509737, 0.3873056, 0
0.5252874, 0.3521106, 0.2663163, 0
0.4183141, 0.499753, 0.291667, 0
0.7794857, 0.5701943, 0.3101804, 0
0.4595607, 0.2928182, 0.2991466, 0
0.7408649, 0.4756725, 0.2764695, 0
0.6965592, 0.3562266, 0.3422623, 0
0.4754679, 0.3073086, 0.4055592, 0
0.4153448, 0.5271875, 0.3609445, 0
0.6323127, 0.3943292, 0.3069845, 0
0.8053148, 0.3187734, 0.337829, 0
0.4407911, 0.4596882, 0.4290504, 0
0.5869468, 0.3166951, 0.3512596, 0
0.8085119, 0.415605, 0.2883583, 0
0.7220417, 0.2768432, 0.3206425, 0
0.6237539, 0.4147435, 0.260687, 0
0.5459105, 0.4662845, 0.2483891, 0
0.4629937, 0.4432031, 0.3472147, 0
0.4218725, 0.3715755, 0.4038855, 0
0.4581818, 0.2951344, 0.3615951, 0
0.8229721, 0.529277, 0.2819347, 0
0.8186823, 0.5386645, 0.2249408, 0
0.7537668, 0.289106, 0.2726099, 0
0.5731741, 0.372731, 0.2545175, 0
0.4484341, 0.3341772, 0.2290935, 0
0.5007505, 0.4451185, 0.3844861, 0
0.7723418, 0.4695831, 0.3756118, 0
0.4014304, 0.3681934, 0.3066523, 0
0.8449619, 0.4275811, 0.3131372, 0
0.8746116, 0.5079746, 0.2813402, 0
0.5605175, 0.3143477, 0.3121665, 0
0.3379731, 0.4328437, 0.2866726, 0
0.8311555, 0.3945282, 0.3390633, 0
0.7741086, 0.2931093, 0.270804, 0
0.8197577, 0.5891227, 0.3003033, 0
0.6936162, 0.3911013, 0.344378, 0
0.4427015, 0.2866808, 0.2949957, 0
0.3862594, 0.4513742, 0.3591558, 0
0.445173, 0.488232, 0.3641842, 0
0.8569992, 0.548728, 0.2349563, 0
0.6986987, 0.4517163, 0.2312511, 0
0.3669593, 0.3884647, 0.2744026, 0
0.7392477, 0.5828534, 0.3305272, 0
0.4053179, 0.3670799, 0.2263702, 0
0.3890235, 0.3921716, 0.3983573, 0
0.5735468, 0.4380606, 0.2377111, 0
0.7402727, 0.5328848, 0.2913456, 0
0.6948223, 0.2806993, 0.3784193, 0
0.5714636, 0.4814243, 0.3521442, 0
0.5804775, 0.3404724, 0.2926712, 0
0.7522468, 0.4508426, 0.2567527, 0
0.5426345, 0.5368072, 0.3238983, 0
0.3993625, 0.418058, 0.2206779, 0
0.6308445, 0.3436534, 0.3186956, 0
0.7738388, 0.5538909, 0.333406, 0
0.7612463, 0.5590349, 0.2397318, 0
0.4625818, 0.4507032, 0.4475432, 0
0.8571541, 0.4780038, 0.3827608, 0
0.4205146, 0.2893898, 0.3161378, 0
0.3621962, 0.3963303, 0.3751285, 0
0.3450407, 0.4217499, 0.2637005, 0
0.619615, 0.4297231, 0.2272138, 0
0.8231764, 0.4489337, 0.1889156, 0
0.5631554, 0.4087609, 0.1914009, 0
0.6013271, 0.4411676, 0.4014474, 0
0.6835626, 0.2939653, 0.3735414, 0
0.8349641, 0.5823663, 0.2176498, 0
0.3568391, 0.4428954, 0.3443335, 0
0.8311941, 0.4960558, 0.3744884, 0
0.4038672, 0.3950073, 0.3090963, 0
0.4518269, 0.4597225, 0.4328275, 0
0.7787638, 0.378118, 0.2473653, 0
0.4581855, 0.4070332, 0.2304804, 0
0.7773392, 0.5877541, 0.366297, 0
0.5096755, 0.4029034, 0.4235568, 0
0.7018042, 0.408516, 0.3193425, 0
0.8056458, 0.49227, 0.1934811, 0
0.6106157, 0.3009306, 0.2723188, 0
0.5555103, 0.3702172, 0.3166624, 0
0.7955292, 0.5652956, 0.2498875, 0
0.5798726, 0.3202888, 0.3655799, 0
0.7364438, 0.2960011, 0.2961671, 0
0.5302287, 0.3096198, 0.224879, 0
0.5221756, 0.4913591, 0.2611158, 0
0.8376699, 0.4852176, 0.3681228, 0
0.3687358, 0.3374847, 0.2590471, 0
0.8437774, 0.5104076, 0.2997056, 0
0.8342575, 0.5140752, 0.400236, 0
0.8837246, 0.4132906, 0.1950927, 0
0.4445296, 0.2995332, 0.293456, 0
0.680709, 0.3737988, 0.3967762, 0
0.8080696, 0.4130872, 0.2659148, 0
0.7359335, 0.3030212, 0.3415467, 0
0.3799161, 0.3991253, 0.2143887, 0
0.8588451, 0.4096384, 0.3157411, 0
0.4004721, 0.3070522, 0.3870201, 0
0.6258999, 0.4053744, 0.2744577, 0
0.4598809, 0.4894041, 0.4277121, 0
0.6067309, 0.3804702, 0.3487031, 0
0.7284088, 0.4713413, 0.321047, 0
0.4304637, 0.4804778, 0.3597068, 0
0.6996915, 0.365721, 0.294784, 0
0.7554712, 0.4333098, 0.3749622, 0
0.684466, 0.433267, 0.2610716, 0
0.5202432, 0.3144937, 0.2765769, 0
0.704461, 0.4533987, 0.2165727, 0
0.5629513, 0.4739255, 0.2862881, 0
0.4602508, 0.2921615, 0.2964031, 0
0.7880192, 0.5122743, 0.393353, 0
0.5206594, 0.4659816, 0.3421058, 0
0.7848849, 0.4188249, 0.1874761, 0
0.6847031, 0.4242038, 0.3570015, 0
0.4810272, 0.3739571, 0.4442863, 0
0.7868939, 0.4214304, 0.294387, 0
0.8463666, 0.4212147, 0.3154851, 0
0.670212, 0.3406755, 0.3110939, 0
0.4499391, 0.4261268, 0.3250954, 0
0.4293516, 0.5084218, 0.3972943, 0
0.8402307, 0.5098972, 0.1886053, 0
0.7415483, 0.3399287, 0.4016376, 0
0.36395, 0.3764284, 0.2390987, 0
0.6210741, 0.2898586, 0.3090041, 0
0.7201481, 0.2918883, 0.3948715, 0
0.8161127, 0.3304444, 0.2527914, 0
0.8143707, 0.4381955, 0.190525, 0
0.8677802, 0.3781662, 0.2860686, 0
0.8376659, 0.5855263, 0.2424991, 0
0.766074, 0.4486774, 0.2333779, 0
0.5044006, 0.4993068, 0.2924197, 0
0.733348, 0.312831, 0.3020447, 0
0.878486, 0.3392111, 0.338069, 0
0.481351, 0.3106209, 0.2330993, 0
0.7592215, 0.3990154, 0.1877081, 0
0.4360262, 0.3264068, 0.264079, 0
0.8284073, 0.5205141, 0.29261, 0
0.4906114, 0.5409048, 0.315441, 0
0.5891034, 0.5231904, 0.3039385, 0
0.7337172, 0.4614184, 0.2096834, 0
0.4709435, 0.3480647, 0.3245962, 0
0.5415818, 0.4978014, 0.2690554, 0
0.3830639, 0.4865236, 0.3694601, 0
0.8675843, 0.3825428, 0.3387271, 0
0.5080159, 0.3755012, 0.204987, 0
0.5792146, 0.3083607, 0.3870789, 0
0.7489265, 0.5714806, 0.3657165, 0
0.4366157, 0.3766719, 0.4188018, 0
0.5050113, 0.413645, 0.3448145, 0
0.4052044, 0.3209298, 0.2550279, 0
0.7335202, 0.4892868, 0.2397651, 0
0.4087322, 0.4469375, 0.3657503, 0
0.6706236, 0.3616803, 0.2438266, 0
0.8353721, 0.4179313, 0.3874579, 0
0.6057558, 0.5162154, 0.3281808, 0
0.4775227, 0.5026367, 0.3795686, 0
0.4999486, 0.3136295, 0.2529066, 0
0.3653079, 0.3892633, 0.2429209, 0
0.4216719, 0.42562, 0.3273012, 0
0.4725324, 0.3489396, 0.4398607, 0
0.5337238, 0.3458958, 0.4284576, 0
0.5642822, 0.4395544, 0.2664889, 0
0.3902985, 0.4548528, 0.2274908, 0
0.839499, 0.5478812, 0.2461256, 0
0.4644545, 0.4160933, 0.4301679, 0
0.3712021, 0.4390158, 0.4159962, 0
0.8514467, 0.4185428, 0.2207009, 0
0.770018, 0.4316683, 0.1805792, 0
0.6083069, 0.51231, 0.3457303, 0
0.7113604, 0.2790656, 0.3458439, 0
0.6010153, 0.5010815, 0.287279, 0
0.6521571, 0.4150891, 0.2251733, 0
0.7871317, 0.4115708, 0.2519616, 0
0.5057525, 0.3996785, 0.3810138, 0
0.5133097, 0.4459935, 0.3997284, 0
0.7781432, 0.5776079, 0.2926936, 0
0.4466796, 0.5009762, 0.3395045, 0
0.3490666, 0.3788412, 0.2810687, 0
0.4796273, 0.3156873, 0.2734916, 0
0.3874503, 0.5171615, 0.3366211, 0
0.6996554, 0.4574417, 0.2689758, 0
0.3564726, 0.4020154, 0.2848374, 0
0.4142408, 0.3109889, 0.3957049, 0
0.8324202, 0.5252473, 0.1738261, 0
0.5400141, 0.5043637, 0.3376148, 0
0.7395452, 0.5157977, 0.2856695, 0
0.7367309, 0.3700871, 0.1917415, 0
0.6112692, 0.4512675, 0.3306356, 0
0.8841808, 0.4709105, 0.3464749, 0
0.5738651, 0.4559629, 0.3212418, 0
0.5321776, 0.4554068, 0.2105228, 0
0.7838492, 0.4911304, 0.356929, 0
0.8127501, 0.41778, 0.3748659, 0
0.5266062, 0.3948679, 0.2243501, 0
0.4333468, 0.4439339, 0.31548, 0
0.4072468, 0.5160828, 0.3717575, 0
0.7380968, 0.3999268, 0.3984054, 0
0.84484, 0.3447838, 0.3008156, 0
0.6270385, 0.3510339, 0.3635689, 0
0.8244758, 0.5035005, 0.1746392, 0
0.5611253, 0.3460839, 0.328759, 0
0.3602045, 0.3141474, 0.2862311, 0
0.5774829, 0.3276273, 0.3417045, 0
0.4385702, 0.4184183, 0.3414096, 0
0.5249804, 0.3854446, 0.3313021, 0
0.7528143, 0.395008, 0.2012956, 0
0.73837, 0.5545956, 0.2999667, 0
0.662517, 0.278828, 0.274316, 0
0.4900628, 0.4590412, 0.4083903, 0
0.8674932, 0.4956595, 0.3876642, 0
0.8074556, 0.3290924, 0.3067576, 0
0.7493125, 0.3212391, 0.3445966, 0
0.3817748, 0.4653861, 0.2424836, 0
0.4110466, 0.5257852, 0.3637527, 0
0.3683026, 0.3754239, 0.3694941, 0
0.5299755, 0.4313989, 0.4165301, 0
0.4855162, 0.4478893, 0.4515363, 0
0.5350665, 0.4328884, 0.2243776, 0
0.8188685, 0.4302397, 0.3500804, 0
0.6688806, 0.4430306, 0.3277472, 0
0.7336065, 0.4057707, 0.2357462, 0
0.5080693, 0.3771922, 0.4508451, 0
0.5457131, 0.401069, 0.3432327, 0
0.7966014, 0.5036241, 0.3025862, 0
0.4553137, 0.4015548, 0.3840638, 0
0.5566992, 0.3593321, 0.4157275, 0
0.7305814, 0.2765104, 0.322174, 0
0.8700927, 0.5011367, 0.3809172, 0
0.6453055, 0.3139213, 0.2520409, 0
0.8812363, 0.4511365, 0.2358954, 0
0.5435467, 0.4189423, 0.292396, 0
0.4071848, 0.5083086, 0.329381, 0
0.4670237, 0.3453725, 0.2184884, 0
0.5249144, 0.4091735, 0.3252208, 0
0.5347776, 0.3339211, 0.351452, 0
0.4492355, 0.4259051, 0.3115697, 0
0.3995713, 0.3439542, 0.2366987, 0
0.7041475, 0.4123276, 0.2488516, 0
0.5807381, 0.4251406, 0.2733885, 0
0.5618906, 0.3183172, 0.3661191, 0
0.8123716, 0.3470973, 0.2950861, 0
0.4142743, 0.5251914, 0.3306599, 0
0.8252137, 0.4534337, 0.2428691, 0
0.858961, 0.5058509, 0.3571411, 0
0.3933935, 0.3084768, 0.3876778, 0
0.5111453, 0.3118706, 0.257888, 0
0.6845298, 0.3716968, 0.3396175, 0
0.5732408, 0.3288042, 0.3983946, 0
0.5228307, 0.3464731, 0.2546012, 0
0.6885428, 0.3516918, 0.2295519, 0
0.642773, 0.3958958, 0.2109257, 0
0.6974785, 0.343169, 0.3262, 0
0.4163892, 0.3334914, 0.3459608, 0
0.5240187, 0.3849109, 0.2756889, 0
0.8502883, 0.4279636, 0.212388, 0
0.818996, 0.5421758, 0.3816202, 0
0.4171637, 0.4978201, 0.3873484, 0
0.785796, 0.4655023, 0.2869943, 0
0.8782495, 0.3758019, 0.2773257, 0
0.4046087, 0.2949472, 0.3280313, 0
0.393299, 0.318463, 0.3087295, 0
0.7265145, 0.3810954, 0.3573408, 0
0.8590798, 0.4203208, 0.368396, 0
0.3901985, 0.3610149, 0.3982443, 0
0.4133516, 0.459602, 0.4031649, 0
0.3746908, 0.4615164, 0.4040053, 0
0.6028367, 0.3965557, 0.2884286, 0
0.5810804, 0.3442756, 0.2331912, 0
0.8205547, 0.4825856, 0.2512822, 0
0.6731378, 0.4486485, 0.2339709, 0
0.4712661, 0.3140883, 0.4205608, 0
0.4934019, 0.4055849, 0.4370137, 0
0.55249, 0.3065489, 0.2213441, 0
0.6335576, 0.4303428, 0.2567682, 0
0.5165032, 0.4652008, 0.4210219, 0
0.485089, 0.4870138, 0.3073301, 0
0.4159047, 0.5119675, 0.2944956, 0
0.462428, 0.3146481, 0.4264394, 0
0.4960193, 0.3089912, 0.3685302, 0
0.7066689, 0.3936466, 0.3560044, 0
0.5146996, 0.3497738, 0.4464959, 0
0.3425932, 0.4218724, 0.2649566, 0
0.5907413, 0.4870726, 0.3311854, 0
0.4299023, 0.3267449, 0.3788454, 0
0.452287, 0.3040727, 0.4063218, 0
0.8367277, 0.3635341, 0.2493897, 0
0.86175, 0.5286857, 0.2562717, 0
0.7408708, 0.4652826, 0.2649842, 0
0.4136038, 0.388005, 0.4146349, 0
0.798165, 0.4731144, 0.2033447, 0
0.7921165, 0.4930673, 0.3809, 0
0.8309044, 0.4888405, 0.2909795, 0
0.4332859, 0.4369197, 0.4320171, 0
0.752445, 0.4621478, 0.200198, 0
0.6463596, 0.3229621, 0.3039104, 0
0.6497512, 0.4273391, 0.2946809, 0
0.4771666, 0.3167636, 0.3420576, 0
0.5673349, 0.4647167, 0.2848275, 0
0.8212746, 0.5100307, 0.2766861, 0
0.77605, 0.3889782, 0.3051281, 0
0.5716757, 0.4676703, 0.2230961, 0
0.7241603, 0.3417289, 0.2474683, 0
0.6550849, 0.3727019, 0.2816184, 0
0.7811173, 0.3419932, 0.3572443, 0
0.752052, 0.3974479, 0.2960744, 0
0.614682, 0.3607372, 0.203543, 0
0.4530998, 0.3166912, 0.2647148, 0
0.8478588, 0.4370717, 0.2487417, 0
0.3754435, 0.4353386, 0.317256, 0
0.7759185, 0.3827444, 0.2396264, 0
0.8196365, 0.4035849, 0.1817056, 0
0.6691787, 0.3389085, 0.2000925, 0
0.5865017, 0.443819, 0.2308973, 0
0.4757432, 0.4402682, 0.4052055, 0
0.4437819, 0.3091006, 0.4110982, 0
0.7307311, 0.3241268, 0.2216563, 0
0.7227356, 0.4543253, 0.3394918, 0
0.5028995, 0.4572032, 0.4375406, 0
0.7908812, 0.3301199, 0.2515418, 0
0.740944, 0.4954546, 0.3523381, 0
0.4264807, 0.3776654, 0.4069515, 0
0.6976804, 0.3011225, 0.2278973, 0
0.7317171, 0.491378, 0.3405916, 0
0.8653958, 0.3439927, 0.3236026, 0
0.4427993, 0.4992716, 0.3784728, 0
0.820291, 0.5534353, 0.2577365, 0
0.5537969, 0.2943809, 0.2659289, 0
0.7360074, 0.5315689, 0.3800773, 0
0.7344386, 0.4596054, 0.3149043, 0
0.3571722, 0.385151, 0.240721, 0
0.834399, 0.4430943, 0.1699879, 0
0.8805335, 0.4435441, 0.3825483, 0
0.5608925, 0.4004107, 0.1939097, 0
0.4414859, 0.2921598, 0.3583454, 0
0.4272076, 0.5311572, 0.28021, 0
0.5278387, 0.5204405, 0.2825813, 0
0.7427428, 0.3073887, 0.298839, 0
0.5019954, 0.3967405, 0.2826098, 0
0.7974288, 0.3513534, 0.3164457, 0
0.7376429, 0.3175116, 0.2533992, 0
0.6504779, 0.3767562, 0.2144394, 0
0.4990578, 0.3557668, 0.2442776, 0
0.5743566, 0.3126457, 0.3707714, 0
0.4210337, 0.33549, 0.2475329, 0
0.5948955, 0.4507677, 0.27601, 0
0.689374, 0.2911779, 0.3047282, 0
0.4367265, 0.3296563, 0.2856219, 0
0.8582795, 0.3956943, 0.3389122, 0
0.717155, 0.3152548, 0.3754587, 0
0.6997628, 0.3909166, 0.3870248, 0
0.5515102, 0.4481289, 0.2069087, 0
0.6087488, 0.31183, 0.4129103, 0
0.591789, 0.3619578, 0.193284, 0
0.8012593, 0.3578497, 0.3100316, 0
0.7697519, 0.4781326, 0.2755667, 0
0.4469889, 0.3808188, 0.424091, 0
0.4035598, 0.3155957, 0.3558291, 0
0.4601739, 0.3226384, 0.2853426, 0
0.5870845, 0.3388664, 0.4199657, 0
0.7607904, 0.3684355, 0.3697641, 0
0.8554989, 0.4243705, 0.2096279, 0
0.3860772, 0.4624519, 0.4277378, 0
0.6024161, 0.3219179, 0.2580097, 0
0.4330185, 0.3877733, 0.2402262, 0
0.4371422, 0.429261, 0.3761581, 0
0.6670337, 0.4517194, 0.2208813, 0
0.3511352, 0.4614179, 0.2966874, 0
0.4907681, 0.3637419, 0.2591998, 0
0.7131274, 0.4761305, 0.2907948, 0
0.548501, 0.2890799, 0.2543005, 0
0.6409041, 0.3913189, 0.333042, 0
0.6970378, 0.4223626, 0.3526065, 0
0.7305729, 0.3543805, 0.3166854, 0
0.4183142, 0.4862565, 0.2564816, 0
0.6240559, 0.3753162, 0.2302073, 0
0.7496662, 0.2891122, 0.319269, 0
0.3582334, 0.4053146, 0.2468548, 0
0.801159, 0.4213619, 0.3492199, 0
0.8470567, 0.3758312, 0.3036957, 0
0.5230932, 0.4340035, 0.4393715, 0
0.7219793, 0.4366234, 0.2371714, 0
0.7375509, 0.3907578, 0.3545972, 0
0.4308721, 0.2928195, 0.2612385, 0
0.3787353, 0.4957024, 0.2800127, 0
0.6060303, 0.4306333, 0.3832693, 0
0.7249961, 0.3138623, 0.2408127, 0
0.8001657, 0.3181548, 0.3927657, 0
0.8078548, 0.3187262, 0.3787864, 0
0.6744838, 0.4270425, 0.311981, 0
0.6904411, 0.4121658, 0.2924475, 0
0.5315726, 0.3747522, 0.388782, 0
0.5184872, 0.404745, 0.260648, 0
0.6160994, 0.3117627, 0.2078552, 0
0.8270668, 0.5982351, 0.3000342, 0
0.5940179, 0.4134124, 0.2689604, 0
0.7822592, 0.3771468, 0.2739634, 0
0.4796318, 0.4475034, 0.2251182, 0
0.7881944, 0.5717387, 0.2025844, 0
0.4593557, 0.2883922, 0.2849171, 0
0.4997031, 0.3674493, 0.3120014, 0
0.8790259, 0.3512602, 0.317378, 0
0.7778952, 0.5253482, 0.2296478, 0
0.7992868, 0.3409304, 0.2369474, 0
0.6810667, 0.3351559, 0.3238387, 0
0.4170217, 0.4216916, 0.4316009, 0
0.4986009, 0.5151995, 0.3175678, 0
0.8440965, 0.4701566, 0.2880499, 0
0.7643463, 0.4652885, 0.3645131, 0
0.4478346, 0.461147, 0.3122548, 0
0.5438973, 0.4632563, 0.3828581, 0
0.3915201, 0.3512504, 0.3428499, 0
0.8164386, 0.4598625, 0.1900698, 0
0.6624464, 0.4874448, 0.2540132, 0
0.3963426, 0.2931186, 0.3329937, 0
0.3875179, 0.4886581, 0.4048814, 0
0.3744869, 0.3206757, 0.2655443, 0
0.7063233, 0.4593892, 0.288782, 0
0.6739944, 0.4244765, 0.3709128, 0
0.3642646, 0.4953322, 0.3126853, 0
0.7160103, 0.3034899, 0.3225784, 0
0.3807177, 0.4264235, 0.3071292, 0
0.3983997, 0.4599107, 0.3005671, 0
0.7356652, 0.4474047, 0.1988857, 0
0.3665851, 0.4038022, 0.2950112, 0
0.8797548, 0.3798884, 0.2396863, 0
0.768531, 0.512715, 0.3971782, 0
0.6370392, 0.3680722, 0.4376707, 0
0.6356578, 0.3260768, 0.2845024, 0
0.5435357, 0.4355518, 0.3186046, 0
0.7350625, 0.3434058, 0.3384508, 0
0.5971355, 0.373467, 0.2934212, 0
0.8748651, 0.3143056, 0.2710029, 0
0.6219987, 0.3992821, 0.4158846, 0
0.8746256, 0.3966173, 0.1911899, 0
0.6452535, 0.3566812, 0.4291779, 0
0.4737633, 0.3689332, 0.2548982, 0
0.4875097, 0.5294513, 0.2851681, 0
0.4588069, 0.3011504, 0.2506293, 0
0.8812886, 0.3559454, 0.2855102, 0
0.5418519, 0.4218791, 0.3246433, 0
0.6159589, 0.4361944, 0.2192149, 0
0.6798348, 0.3304172, 0.2263556, 0
0.7608191, 0.5085137, 0.4092967, 0
0.8614756, 0.445397, 0.37701, 0
0.7532118, 0.3384629, 0.2079673, 0
0.3943948, 0.5195527, 0.3297495, 0
0.6106764, 0.3428995, 0.3287375, 0
0.4037843, 0.3863923, 0.3891801, 0
0.4140231, 0.4768439, 0.2526831, 0
0.5645736, 0.3503904, 0.2805011, 0
0.5602736, 0.3745941, 0.3642998, 0
0.4485249, 0.3951918, 0.4105692, 0
0.7284749, 0.4094518, 0.36896, 0
0.8123622, 0.3219715, 0.3489038, 0
0.8346799, 0.4615108, 0.2475583, 0
0.7692453, 0.4199542, 0.2257737, 0
0.4950493, 0.3741259, 0.3364521, 0
0.872232, 0.457464, 0.2873364, 0
0.5624971, 0.5206891, 0.2697822, 0
0.7625033, 0.5105149, 0.3076718, 0
0.3576505, 0.429025, 0.2656572, 0
0.7231438, 0.3274157, 0.4111579, 0
0.7188791, 0.4311934, 0.353651, 0
0.7818706, 0.4739036, 0.3293745, 0
0.6292907, 0.3776928, 0.2058069, 0
0.7493341, 0.3234405, 0.3091217, 0
0.8537916, 0.3611257, 0.2904947, 0
0.4727343, 0.4021993, 0.3403398, 0
0.4242964, 0.4137451, 0.3264186, 0
0.4339794, 0.3988774, 0.4229532, 0
0.8092321, 0.5099131, 0.3149227, 0
0.5454959, 0.4841258, 0.3670785, 0
0.7228775, 0.2957264, 0.3623434, 0
0.3869144, 0.320807, 0.257506, 0
0.3928575, 0.3912663, 0.4115311, 0
0.7167724, 0.4386124, 0.3648915, 0
0.5965276, 0.4824035, 0.375631, 0
0.6974837, 0.4478003, 0.3272454, 0
0.8570268, 0.5002008, 0.3410195, 0
0.362359, 0.3277807, 0.2858429, 0
0.3381042, 0.3963846, 0.2650484, 0
0.6324975, 0.4196703, 0.372394, 0
0.5549176, 0.4098395, 0.2464833, 0
0.4086049, 0.3542169, 0.3821083, 0
0.4774709, 0.3638223, 0.210536, 0
0.552647, 0.4467701, 0.3084323, 0
0.4832584, 0.4696792, 0.2955695, 0
0.4256069, 0.4905478, 0.4104772, 0
0.347929, 0.423813, 0.2657803, 0
0.5177227, 0.3741577, 0.3551433, 0
0.8511146, 0.3465289, 0.3056338, 0
0.4604333, 0.4940101, 0.3404787, 0
0.6635439, 0.4353161, 0.2672835, 0
0.3945304, 0.4832878, 0.2948631, 0
0.4658563, 0.4637764, 0.335254, 0
0.4444496, 0.2900731, 0.3438214, 0
0.7902647, 0.5036031, 0.1809047, 0
0.6300453, 0.4871139, 0.3512207, 0
0.3959838, 0.5206079, 0.2904027, 0
0.724422, 0.4999809, 0.3271522, 0
0.6693121, 0.3769003, 0.3571176, 0
0.5201346, 0.4068958, 0.3121274, 0
0.7525162, 0.528019, 0.202659, 0
0.4469529, 0.3994191, 0.393063, 0
0.5319384, 0.3940505, 0.4019157, 0
0.7563185, 0.3794077, 0.3727625, 0
0.5775499, 0.4025165, 0.2367621, 0
0.3942054, 0.3748409, 0.3955524, 0
0.7810301, 0.410554, 0.1689507, 0
0.8207458, 0.5028537, 0.286515, 0
0.631348, 0.3974589, 0.23768, 0
0.7636427, 0.2958097, 0.3082659, 0
0.7950296, 0.4948871, 0.2130636, 0
0.5820814, 0.3170441, 0.3655964, 0
0.7768893, 0.4468425, 0.2132025, 0
0.685406, 0.407296, 0.2187833, 0
0.5285906, 0.2941793, 0.2433935, 0
0.4422521, 0.3688061, 0.2114476, 0
0.7746571, 0.5317784, 0.2017542, 0
0.6213973, 0.3317477, 0.2021898, 0
0.4955763, 0.463472, 0.208637, 0
0.3761143, 0.3048589, 0.2868478, 0
0.4842009, 0.4065231, 0.1854746, 0
0.5859506, 0.3745155, 0.3637931, 0
0.5894724, 0.3524924, 0.2311598, 0
0.4163015, 0.302915, 0.2722146, 0
0.3738138, 0.3286757, 0.2621713, 0
0.4338768, 0.4578321, 0.220929, 0
0.7583595, 0.2889379, 0.3461875, 0
0.4457099, 0.3605683, 0.3045695, 0
0.5684736, 0.4519888, 0.2432411, 0
0.7155396, 0.436018, 0.2120901, 0
0.573284, 0.4659748, 0.3243055, 0
0.4398552, 0.409386, 0.3819286, 0
0.6022379, 0.3165158, 0.4202797, 0
0.4341417, 0.3016818, 0.2640157, 0
0.4123525, 0.3762952, 0.2857277, 0
0.7058175, 0.290193, 0.3947175, 0
0.3516206, 0.4522173, 0.3313397, 0
0.866199, 0.4728468, 0.1920993, 0
0.8515279, 0.3754244, 0.2583888, 0
0.4092231, 0.490493, 0.2653155, 0
0.4992014, 0.3355708, 0.2728255, 0
0.816548, 0.3533911, 0.3055834, 0
0.7957492, 0.4485191, 0.2223083, 0
0.4472518, 0.3127246, 0.3213887, 0
0.668386, 0.4632547, 0.2290079, 0
0.3791347, 0.4825933, 0.2602386, 0
0.4685417, 0.4767029, 0.2600925, 0
0.7180714, 0.3064352, 0.2553525, 0
0.4169174, 0.3169709, 0.2805784, 0
0.7871085, 0.4527873, 0.3590416, 0
0.6029721, 0.3070106, 0.2895849, 0
0.4483378, 0.3815818, 0.2870716, 0
0.6016029, 0.4440484, 0.226828, 0
0.4862191, 0.4317596, 0.4323184, 0
0.4217256, 0.4893719, 0.2584849, 0
0.6939505, 0.3893616, 0.3519908, 0
0.7655174, 0.5027465, 0.2529224, 0
0.3810883, 0.3216959, 0.3299657, 0
0.6594648, 0.4191407, 0.3101725, 0
0.4763181, 0.3595271, 0.4154332, 0
0.3864463, 0.3324564, 0.3380571, 0
0.5986711, 0.3820471, 0.2106003, 0
0.8329487, 0.3682041, 0.2400902, 0
0.4311918, 0.3083365, 0.3918637, 0
0.5164574, 0.3021972, 0.3359671, 0
0.8435226, 0.5534759, 0.1770184, 0
0.7899088, 0.4735827, 0.2450675, 0
0.3992276, 0.2920591, 0.3319798, 0
0.8381173, 0.4602046, 0.1741455, 0
0.8122635, 0.4036075, 0.3532889, 0
0.8108351, 0.3660254, 0.4052347, 0
0.743366, 0.5414581, 0.2657646, 0
0.6266825, 0.3903898, 0.4057892, 0
0.3633455, 0.4927871, 0.3040814, 0
0.5977484, 0.3870627, 0.2070687, 0
0.5747462, 0.3149064, 0.2618582, 0
0.6347678, 0.3133973, 0.387141, 0
0.440929, 0.5241682, 0.3516072, 0
0.741735, 0.5291806, 0.2827061, 0
0.4910038, 0.3339277, 0.4314803, 0
0.461271, 0.4234867, 0.3571337, 0
0.5610877, 0.5203637, 0.2996711, 0
0.8429473, 0.5429732, 0.3327105, 0
0.3902664, 0.2946203, 0.3175786, 0
0.4892063, 0.3385786, 0.2016264, 0
0.4697534, 0.3708036, 0.2012633, 0
0.4663074, 0.4362738, 0.3055767, 0
0.7506616, 0.4024407, 0.3810338, 0
0.6286794, 0.3177046, 0.4059139, 0
0.5216683, 0.4170582, 0.3425526, 0
0.8505925, 0.4000916, 0.2580197, 0
0.5668067, 0.4593719, 0.3385437, 0
0.6176036, 0.4414226, 0.2388549, 0
0.5380953, 0.4241821, 0.3936903, 0
0.436664, 0.3025549, 0.2639446, 0
0.6291918, 0.3772866, 0.2204734, 0
0.3949059, 0.4519342, 0.3910357, 0
0.8241802, 0.4827115, 0.2556438, 0
0.5196004, 0.3044343, 0.3458253, 0
0.7474092, 0.3303697, 0.3074764, 0
0.5777857, 0.5201889, 0.3107522, 0
0.8078054, 0.3815451, 0.3327712, 0
0.5809239, 0.3531684, 0.363143, 0
0.4872334, 0.3060217, 0.2392966, 0
0.4408101, 0.4935009, 0.3432515, 0
0.4276651, 0.377178, 0.355476, 0
0.792424, 0.2878518, 0.3191655, 0
0.7225209, 0.3400562, 0.3053054, 0
0.7339944, 0.460263, 0.2319387, 0
0.5034189, 0.3315684, 0.3129661, 0
0.4306069, 0.3974051, 0.3226243, 0
0.66358, 0.4661284, 0.2884433, 0
0.6004641, 0.3413049, 0.3599601, 0
0.7557615, 0.3943575, 0.2484435, 0
0.4400572, 0.4811126, 0.4156832, 0
0.7577858, 0.5740546, 0.2259189, 0
0.6769661, 0.307901, 0.3955359, 0
0.4377166, 0.3128082, 0.421233, 0
0.4983887, 0.3554239, 0.3220797, 0
0.3998443, 0.3336469, 0.2443375, 0
0.4480065, 0.3231576, 0.4299085, 0
0.6991339, 0.3491489, 0.3716402, 0
0.760977, 0.3890214, 0.2044406, 0
0.6584335, 0.4552087, 0.3058872, 0
0.6928141, 0.337148, 0.2211596, 0
0.7869253, 0.3449648, 0.3580408, 0
0.7316627, 0.4671638, 0.234132, 0
0.7071816, 0.3411845, 0.4051234, 0
0.5359679, 0.4273244, 0.2935588, 0
0.8153126, 0.546551, 0.3861403, 0
0.5054018, 0.4948266, 0.2575296, 0
0.5744509, 0.2923076, 0.2169011, 0
0.4832158, 0.3380828, 0.3875998, 0
0.7747481, 0.2977493, 0.3861088, 0
0.4319173, 0.3268493, 0.2997048, 0
0.6921533, 0.5117369, 0.295925, 0
0.7694268, 0.320935, 0.225419, 0
0.4999882, 0.4180312, 0.3224803, 0
0.5386924, 0.3340566, 0.3764203, 0
0.613916, 0.4701893, 0.3607281, 0
0.3979234, 0.4248196, 0.2361573, 0
0.3951543, 0.4252025, 0.3308929, 0
0.4359611, 0.4858505, 0.2825522, 0
0.5165703, 0.3148709, 0.3100662, 0
0.3907077, 0.3137876, 0.2961661, 0
0.6563334, 0.3392172, 0.3806561, 0
0.8255371, 0.5266297, 0.1737385, 0
0.8058342, 0.5411418, 0.3532709, 0
0.5003577, 0.3143095, 0.3772766, 0
0.8456779, 0.437041, 0.2901102, 0
0.7798774, 0.3820431, 0.2002541, 0
0.4778233, 0.3863934, 0.1965506, 0
0.6315453, 0.297195, 0.2824632, 0
0.797374, 0.5738946, 0.4001923, 0
0.4388371, 0.2960077, 0.3708564, 0
0.8461324, 0.396848, 0.2575625, 0
0.7309037, 0.5008093, 0.3567161, 0
0.7370188, 0.5677441, 0.302711, 0
0.5886533, 0.4138861, 0.221092, 0
0.6904953, 0.3316254, 0.2438773, 0
0.8040251, 0.4675766, 0.182929, 0
0.7309701, 0.3799319, 0.3294842, 0
0.5810598, 0.3805743, 0.2525709, 0
0.4114195, 0.3609621, 0.3775949, 0
0.3858205, 0.4406585, 0.3341796, 0
0.6352925, 0.4527017, 0.2463929, 0
0.4294682, 0.293742, 0.2854988, 0
0.826056, 0.591486, 0.3002457, 0
0.5015415, 0.3941495, 0.2371567, 0
0.7991726, 0.4747772, 0.2737674, 0
0.7200896, 0.4486898, 0.2999181, 0
0.7376075, 0.5209661, 0.300305, 0
0.788408, 0.5868583, 0.2174286, 0
0.547685, 0.4500254, 0.3549128, 0
0.7975981, 0.448689, 0.2576286, 0
0.8215767, 0.5737408, 0.2995176, 0
0.6056963, 0.5064999, 0.2900906, 0
0.3748852, 0.5039349, 0.2995554, 0
0.3548076, 0.4464784, 0.2919478, 0
0.789271, 0.3487263, 0.2683343, 0
0.3678534, 0.4499403, 0.3695968, 0
0.7801494, 0.4030076, 0.2949446, 0
0.5638103, 0.4219498, 0.2451876, 0
0.4441325, 0.4266655, 0.4515996, 0
0.3753148, 0.4931155, 0.3906548, 0
0.8438762, 0.3340899, 0.2596269, 0
0.5974197, 0.4997464, 0.3178439, 0
0.531849, 0.3180377, 0.3374155, 0
0.8424834, 0.4871315, 0.3200124, 0
0.6261215, 0.3830154, 0.2807347, 0
0.5206139, 0.3746386, 0.2130071, 0
0.5289989, 0.3885588, 0.275416, 0
0.4756908, 0.4239832, 0.3544627, 0
0.8029203, 0.3634762, 0.2002242, 0
0.651508, 0.4086733, 0.2704455, 0
0.4111033, 0.4363582, 0.3776867, 0
0.3944708, 0.3558977, 0.4007377, 0
0.6529001, 0.4124309, 0.2470845, 0
0.7372212, 0.4439972, 0.3153792, 0
0.8535137, 0.5314814, 0.3140714, 0
0.7071609, 0.3675772, 0.3794295, 0
0.4413731, 0.4154522, 0.4004175, 0
0.7006415, 0.3537759, 0.3079379, 0
0.8034285, 0.4134275, 0.2582599, 0
0.4116805, 0.296472, 0.3072907, 0
0.7694383, 0.3939341, 0.2127388, 0
0.7681736, 0.3181056, 0.2368076, 0
0.6493979, 0.395295, 0.2371944, 0
0.4804482, 0.3607883, 0.1995118, 0
0.6796498, 0.277588, 0.2819017, 0
0.8228649, 0.5458784, 0.341504, 0
0.514474, 0.4581774, 0.2079992, 0
0.4877245, 0.3083522, 0.2378698, 0
0.7854871, 0.4875976, 0.281406, 0
0.8071468, 0.3222001, 0.3383825, 0
0.6046904, 0.3869402, 0.4282269, 0
0.8244411, 0.3150856, 0.3550912, 0
0.366103, 0.417334, 0.4096144, 0
0.6327866, 0.4571589, 0.2734014, 0
0.5831438, 0.4394525, 0.2880042, 0
0.5232208, 0.4650401, 0.358217, 0
0.7870353, 0.4110353, 0.3367569, 0
0.5508159, 0.3945878, 0.3671376, 0
0.4434887, 0.4904841, 0.3066785, 0
0.4113399, 0.3663556, 0.2855339, 0
0.8516008, 0.4331383, 0.3369575, 0
0.556715, 0.4386213, 0.2109169, 0
0.4353962, 0.350901, 0.3887451, 0
0.4087086, 0.3049937, 0.2716565, 0
0.618261, 0.4667919, 0.2488478, 0
0.7782459, 0.4699593, 0.2752244, 0
0.8756294, 0.3255221, 0.2481094, 0
0.5467204, 0.5114838, 0.2560455, 0
0.3897232, 0.4420932, 0.2577654, 0
0.4099859, 0.4208072, 0.4311251, 0
0.84251, 0.3303132, 0.2827095, 0
0.7475817, 0.5805084, 0.2810102, 0
0.5805758, 0.3347943, 0.218708, 0
0.7147593, 0.3787757, 0.2754205, 0
0.7341388, 0.4297414, 0.1980841, 0
0.6556831, 0.3424819, 0.4362095, 0
0.7593098, 0.4031859, 0.3155123, 0
0.7836372, 0.3177728, 0.3680178, 0
0.4629613, 0.5189735, 0.2722125, 0
0.7012624, 0.3890143, 0.2471453, 0
0.6844301, 0.3761938, 0.3991258, 0
0.400958, 0.4408955, 0.4193499, 0
0.6536642, 0.400324, 0.4126507, 0
0.4588541, 0.4220177, 0.4537429, 0
0.5275727, 0.3239957, 0.310751, 0
0.7832756, 0.4376954, 0.3506802, 0
0.4467472, 0.2863402, 0.2903078, 0
0.5140968, 0.5164844, 0.2690961, 0
0.4160058, 0.4140432, 0.3499098, 0
0.6751766, 0.3993931, 0.3165278, 0
0.7570078, 0.5821332, 0.3295509, 0
0.8401031, 0.4770931, 0.2389131, 0
0.4181852, 0.3820087, 0.319464, 0
0.4603553, 0.297719, 0.3424762, 0
0.6410159, 0.3223886, 0.2251842, 0
0.3817974, 0.4847609, 0.2583087, 0
0.8190315, 0.3785042, 0.3220751, 0
0.4636796, 0.5331477, 0.305014, 0
0.6239549, 0.3341404, 0.2756905, 0
0.5903082, 0.4609644, 0.3294647, 0
0.4227332, 0.4106223, 0.425805, 0
0.8321557, 0.4364789, 0.191778, 0
0.695772, 0.4902148, 0.3263041, 0
0.576501, 0.40668, 0.2668622, 0
0.3571497, 0.4654726, 0.2823308, 0
0.7096043, 0.3618757, 0.1901484, 0
0.3660369, 0.3979929, 0.22746, 0
0.4559329, 0.3501305, 0.4321099, 0
0.5970405, 0.4925825, 0.2548623, 0
0.548384, 0.4276015, 0.2568416, 0
0.6511998, 0.4048806, 0.3432947, 0
0.7822961, 0.289171, 0.3064813, 0
0.8047692, 0.3891088, 0.2809066, 0
0.5889353, 0.3004823, 0.3410045, 0
0.5434226, 0.3650263, 0.3552424, 0
0.7507784, 0.5569216, 0.3229958, 0
0.4697637, 0.3275726, 0.3735474, 0
0.5856012, 0.2795964, 0.2385215, 0
0.787445, 0.3969277, 0.3529465, 0
0.6282986, 0.444717, 0.2641172, 0
0.744738, 0.4437342, 0.1942038, 0
0.4866913, 0.3884523, 0.4373459, 0
0.6155183, 0.4888714, 0.3885831, 0
0.5944202, 0.3343, 0.4198847, 0
0.678544, 0.3899573, 0.2830844, 0
0.4091398, 0.4666565, 0.397929, 0
0.5970974, 0.4960202, 0.2856282, 0
0.4216399, 0.3239344, 0.2768175, 0
0.4162675, 0.3920902, 0.4063177, 0
0.5386555, 0.4364155, 0.3322756, 0
0.6272947, 0.3928093, 0.3633924, 0
0.5247491, 0.4730234, 0.227916, 0
0.453567, 0.3016885, 0.4004478, 0
0.5925463, 0.5183673, 0.2984033, 0
0.506003, 0.3644012, 0.4520134, 0
0.5725259, 0.3971744, 0.4443344, 0
0.3902318, 0.4316681, 0.4129858, 0
0.8269634, 0.4471585, 0.3919624, 0
0.8501417, 0.3428107, 0.3128191, 0
0.580988, 0.4319465, 0.4069338, 0
0.3886513, 0.5144488, 0.3063945, 0
0.5602021, 0.4366796, 0.2206225, 0
0.652081, 0.4656949, 0.2972499, 0
0.4954217, 0.3855233, 0.3288105, 0
0.8517727, 0.5285775, 0.1803541, 0
0.852906, 0.41567, 0.2853683, 0
0.8475369, 0.4545471, 0.2237481, 0
0.4580733, 0.3451943, 0.2663114, 0
0.3993316, 0.4801535, 0.2567623, 0
0.6687644, 0.3236138, 0.2878675, 0
0.4983245, 0.3744757, 0.2032358, 0
0.6833422, 0.3485201, 0.2150125, 0
0.8216181, 0.5946367, 0.2996844, 0
0.5685716, 0.4857024, 0.277384, 0
0.4050194, 0.4374942, 0.224328, 0
0.4313721, 0.3694536, 0.2943231, 0
0.4766349, 0.4565248, 0.3701883, 0
0.792208, 0.3721582, 0.2072191, 0
0.4776427, 0.3627518, 0.4419125, 0
0.7538136, 0.5623006, 0.2412366, 0
0.8246539, 0.4311618, 0.3561045, 0
0.4032517, 0.4325951, 0.27539, 0
0.4769241, 0.3519506, 0.4412477, 0
0.4106792, 0.3998373, 0.3903114, 0
0.5656133, 0.3496435, 0.3259557, 0
0.6642669, 0.3581145, 0.3997695, 0
0.8544374, 0.3377363, 0.3153499, 0
0.8667518, 0.3995237, 0.3373088, 0
0.4441995, 0.2911194, 0.3569734, 0
0.8317115, 0.5173094, 0.3566185, 0
0.7836667, 0.5563774, 0.3283246, 0
0.5900224, 0.3194365, 0.3159834, 0
0.6704913, 0.4254609, 0.2232289, 0
0.4645664, 0.2982766, 0.2602244, 0
0.5018789, 0.3598097, 0.1945895, 0
0.5137939, 0.4527354, 0.3264728, 0
0.5498195, 0.3439236, 0.2504688, 0
0.576041, 0.40957, 0.3288608, 0
0.8341762, 0.5550476, 0.3390108, 0
0.3907287, 0.5148044, 0.3766949, 0
0.8139462, 0.5845258, 0.3913895, 0
0.4423999, 0.2901031, 0.3281105, 0
0.742902, 0.292829, 0.3646094, 0
0.5067353, 0.4195284, 0.4106123, 0
0.6517748, 0.3520777, 0.3887693, 0
0.7061845, 0.2923926, 0.3206609, 0
0.5116387, 0.4557832, 0.323264, 0
0.3618933, 0.4669605, 0.2781442, 0
0.8767465, 0.3795591, 0.2960005, 0
0.7293509, 0.339965, 0.232302, 0
0.7474501, 0.5320499, 0.2496786, 0
0.7473966, 0.3346832, 0.3018479, 0
0.6279339, 0.3619533, 0.3170467, 0
0.368327, 0.4435371, 0.2723051, 0
0.4735076, 0.370016, 0.3168696, 0
0.6830281, 0.4569942, 0.2459939, 0
0.3308132, 0.4393368, 0.3020581, 0
0.7507453, 0.4670763, 0.2312826, 0
0.8382294, 0.4705184, 0.2766174, 0
0.4619606, 0.3765002, 0.3184849, 0
0.5325577, 0.3375846, 0.309509, 0
0.7702376, 0.3631679, 0.2663561, 0
0.6977679, 0.4449819, 0.2494648, 0
0.3968754, 0.39441, 0.2153365, 0
0.5631002, 0.3257133, 0.2918983, 0
0.8197609, 0.3626549, 0.3337716, 0
0.8596386, 0.4288197, 0.2191846, 0
0.7251738, 0.285647, 0.2802518, 0
0.5424978, 0.5084201, 0.3588392, 0
0.8083811, 0.4030687, 0.3678912, 0
0.523096, 0.3568325, 0.2020072, 0
0.452374, 0.3056236, 0.2414294, 0
0.7585104, 0.4873745, 0.3000217, 0
0.4279571, 0.4730237, 0.2947204, 0
0.8425487, 0.4076893, 0.2004281, 0
0.7909747, 0.5134233, 0.3026399, 0
0.504731, 0.3260965, 0.40229, 0
0.4546091, 0.3998407, 0.3847256, 0
0.8190237, 0.4778404, 0.3150989, 0
0.8577719, 0.4666066, 0.39321, 0
0.5215989, 0.3149269, 0.226037, 0
0.5874146, 0.4661736, 0.3139606, 0
0.7949108, 0.4396653, 0.3405041, 0
0.5689085, 0.4913579, 0.2405857, 0
0.3744408, 0.4929669, 0.3897196, 0
0.6665058, 0.4275978, 0.308569, 0
0.6898595, 0.3631465, 0.2788861, 0
0.5190683, 0.3614011, 0.288698, 0
0.5847267, 0.4295445, 0.2866698, 0
0.5445048, 0.5142294, 0.3641542, 0
0.6748849, 0.4001922, 0.2265563, 0
0.7327076, 0.3000481, 0.2462633, 0
0.6462097, 0.3214471, 0.3068451, 0
0.7087019, 0.4065198, 0.3451689, 0
0.8630969, 0.4414946, 0.3668502, 0
0.8221701, 0.469644, 0.3662171, 0
0.8577709, 0.5490274, 0.3373364, 0
0.4506616, 0.476239, 0.3088397, 0
0.5393017, 0.3689307, 0.3662468, 0
0.7982761, 0.3934861, 0.2931215, 0
0.5359144, 0.5068108, 0.3625831, 0
0.7308396, 0.3915176, 0.2009728, 0
0.5379013, 0.3383531, 0.2972911, 0
0.3728758, 0.4346903, 0.2549533, 0
0.8755692, 0.4413134, 0.1955404, 0
0.7995771, 0.5893534, 0.3670663, 0
0.8667586, 0.4473031, 0.3783476, 0
0.4532583, 0.4652306, 0.2871335, 0
0.8102958, 0.4768192, 0.2517014, 0
0.704456, 0.3934876, 0.2012957, 0
0.3214867, 0.4241163, 0.2739104, 0
0.732042, 0.4447405, 0.3883866, 0
0.7197948, 0.4536138, 0.329635, 0
0.7947208, 0.3034343, 0.3514347, 0
0.5924383, 0.3741614, 0.3703265, 0
0.4631824, 0.402232, 0.4008833, 0
0.5536405, 0.2923748, 0.2260572, 0
0.4784823, 0.3357099, 0.3153056, 0
0.5798899, 0.2917213, 0.302641, 0
0.6335027, 0.5029645, 0.299995, 0
0.5508663, 0.451896, 0.4092037, 0
0.4610954, 0.3714985, 0.4145117, 0
0.6136461, 0.3191754, 0.3786719, 0
0.381501, 0.3828229, 0.3162059, 0
0.7396111, 0.4947662, 0.3169235, 0
0.8652756, 0.4524679, 0.3359425, 0
0.864134, 0.3800792, 0.3677232, 0
0.8573237, 0.5102216, 0.3184138, 0
0.8207693, 0.5543817, 0.3475986, 0
0.4524375, 0.4251399, 0.4550607, 0
0.4318616, 0.2942795, 0.3448493, 0
0.6745614, 0.4565611, 0.2307884, 0
0.7652119, 0.4828016, 0.3454876, 0
0.4440902, 0.4029376, 0.4290665, 0
0.8596326, 0.4221322, 0.1801658, 0
0.483003, 0.4265802, 0.1932736, 0
0.3731848, 0.4460448, 0.3746569, 0
0.7858332, 0.3201804, 0.2657478, 0
0.5343075, 0.3526368, 0.2442336, 0
0.3656493, 0.4425845, 0.3781477, 0
0.8602806, 0.418311, 0.3185819, 0
0.7306504, 0.3828105, 0.2405788, 0
0.4946361, 0.4106294, 0.4469297, 0
0.7519487, 0.5572359, 0.2039074, 0
0.785399, 0.3534905, 0.2736285, 0
0.4744316, 0.3514759, 0.2253451, 0
0.4669439, 0.2972488, 0.2762066, 0
0.7637957, 0.4289857, 0.2824832, 0
0.4882214, 0.489655, 0.3291659, 0
0.8845239, 0.3477398, 0.2211573, 0
0.7445376, 0.4354746, 0.193955, 0
0.4291965, 0.506575, 0.3446035, 0
0.5467113, 0.3704826, 0.2598591, 0
0.3998308, 0.3143994, 0.4061402, 0
0.4345129, 0.3734252, 0.3704949, 0
0.5628679, 0.5075154, 0.3069516, 0
0.7174277, 0.4667099, 0.2609612, 0
0.5778891, 0.3236792, 0.353091, 0
0.4840364, 0.5054311, 0.2946112, 0
0.7555306, 0.4496382, 0.2280099, 0
0.6524257, 0.4007733, 0.3105505, 0
0.4210036, 0.4226053, 0.4322761, 0
0.8812664, 0.3778283, 0.2041368, 0
0.7055046, 0.3187179, 0.3760355, 0
0.7467839, 0.4983131, 0.2825715, 0
0.4413661, 0.4182072, 0.4528988, 0
0.4627296, 0.436164, 0.2636161, 0
0.7742496, 0.3116028, 0.311258, 0
0.4081898, 0.4433209, 0.4126616, 0
0.5830056, 0.3357922, 0.2172029, 0
0.7697138, 0.5148717, 0.2850045, 0
0.4144224, 0.3259875, 0.2669129, 0
0.6268826, 0.4423138, 0.2251215, 0
0.4139832, 0.4903854, 0.4156111, 0
0.5372835, 0.3796751, 0.1877057, 0
0.6820288, 0.3713275, 0.3392502, 0
0.8215052, 0.4528704, 0.365678, 0
0.8753854, 0.430571, 0.2874346, 0
0.409279, 0.3459249, 0.3616378, 0
0.6541144, 0.3953992, 0.3635164, 0
0.4283104, 0.4174028, 0.2265204, 0
0.5403751, 0.429642, 0.4224983, 0
0.5289729, 0.3794924, 0.2044469, 0
0.3798525, 0.4912263, 0.3560399, 0
0.5086157, 0.3045013, 0.3118819, 0
0.456201, 0.3572767, 0.3162651, 0
0.5548812, 0.3650277, 0.1835271, 0
0.3861265, 0.4185219, 0.367262, 0
0.402583, 0.4654001, 0.4171021, 0
0.3862256, 0.3585001, 0.2305119, 0
0.4883513, 0.3522377, 0.4316926, 0
0.7013447, 0.4240412, 0.3815603, 0
0.4418208, 0.3164779, 0.3117866, 0
0.5695912, 0.3437417, 0.3581809, 0
0.4478071, 0.2938847, 0.3705112, 0
0.7822616, 0.3462888, 0.2852166, 0
0.8335739, 0.4544032, 0.3061035, 0
0.3793426, 0.3639998, 0.3411145, 0
0.4550863, 0.3765659, 0.2480664, 0
0.5917103, 0.4016962, 0.283473, 0
0.3789631, 0.4475827, 0.4257266, 0
0.745369, 0.3655241, 0.2921704, 0
0.8423445, 0.4745251, 0.1600827, 0
0.8422869, 0.4805117, 0.2635189, 0
0.8000882, 0.5898023, 0.3646616, 0
0.3563698, 0.3800913, 0.2386471, 0
0.4535353, 0.292825, 0.3654048, 0
0.4943735, 0.4251026, 0.3416648, 0
0.5884471, 0.3466879, 0.3141265, 0
0.5916612, 0.4355082, 0.2565491, 0
0.6973112, 0.3652602, 0.3484046, 0
0.4515474, 0.2919645, 0.3060233, 0
0.4570203, 0.4221964, 0.4534172, 0
0.5007625, 0.3454768, 0.1972958, 0
0.8234081, 0.4810135, 0.353072, 0
0.3571284, 0.4427066, 0.3018236, 0
0.6581692, 0.2868716, 0.2893353, 0
0.8234285, 0.505461, 0.1597407, 0
0.88588, 0.3513808, 0.2437572, 0
0.8516075, 0.3787712, 0.243535, 0
0.406303, 0.4203516, 0.4260612, 0
0.418314, 0.524051, 0.3914435, 0
0.8687513, 0.4236844, 0.2969297, 0
0.700982, 0.3127448, 0.3097461, 0
0.7653229, 0.2862091, 0.2740159, 0
0.4714572, 0.3708786, 0.2170858, 0
0.4087097, 0.3461996, 0.3927446, 0
0.5269169, 0.5192143, 0.305008, 0
0.65089, 0.4550012, 0.3256998, 0
0.6968772, 0.490048, 0.2576278, 0
0.5231482, 0.3579666, 0.2315244, 0
0.7267792, 0.2782073, 0.3314851, 0
0.6392605, 0.3589127, 0.2365881, 0
0.7497752, 0.3074296, 0.3652756, 0
0.4041941, 0.39993, 0.4116721, 0
0.6816083, 0.3514279, 0.3899211, 0
0.5299536, 0.4005432, 0.1930509, 0
0.5248391, 0.3977874, 0.3863007, 0
0.5102471, 0.357039, 0.1909776, 0
0.5336704, 0.4573838, 0.3419802, 0
0.5040975, 0.2999929, 0.324746, 0
0.4461592, 0.5095322, 0.4123673, 0
0.8575062, 0.453178, 0.318933, 0
0.4093279, 0.44947, 0.348285, 0
0.8650197, 0.4683241, 0.2168301, 0
0.5191415, 0.3743744, 0.4612265, 0
0.5805743, 0.465328, 0.2123998, 0
0.7708305, 0.5231323, 0.3316563, 0
0.3614624, 0.4187772, 0.2528152, 0
0.4431355, 0.3262664, 0.2443692, 0
0.7336407, 0.4091968, 0.2934158, 0
0.4040039, 0.372915, 0.2741265, 0
0.7567464, 0.4598242, 0.3325799, 0
0.6381227, 0.2875067, 0.3224553, 0
0.8627871, 0.4349424, 0.2226913, 0
0.7198002, 0.3219446, 0.3410414, 0
0.6004615, 0.403331, 0.3062052, 0
0.3540078, 0.394635, 0.2498781, 0
0.7976649, 0.3567695, 0.242266, 0
0.8010755, 0.3496469, 0.2789797, 0
0.7453705, 0.5549493, 0.3295786, 0
0.501615, 0.3538565, 0.3904118, 0
0.4059119, 0.4186642, 0.2979248, 0
0.6152218, 0.4852429, 0.390815, 0
0.7443476, 0.4428376, 0.3367204, 0
0.569404, 0.3551216, 0.4067196, 0
0.7196772, 0.3093089, 0.2431228, 0
0.5330539, 0.3407091, 0.3671041, 0
0.7393514, 0.5051848, 0.3730151, 0
0.4312121, 0.2883094, 0.3374729, 0
0.6010128, 0.4116708, 0.2116995, 0
0.8899439, 0.3620379, 0.2640211, 0
0.8539896, 0.3732155, 0.2129064, 0
0.8800155, 0.4736878, 0.3673249, 0
0.5872151, 0.2974404, 0.3247622, 0
0.7610693, 0.38008, 0.3266155, 0
0.4535491, 0.3729152, 0.3745742, 0
0.613279, 0.438896, 0.2765878, 0
0.8672875, 0.3244704, 0.3100973, 0
0.4928441, 0.297882, 0.2720935, 0
0.5566328, 0.4218975, 0.2544233, 0
0.6158172, 0.4986766, 0.2505633, 0
0.4645519, 0.4746132, 0.2895553, 0
0.8322019, 0.3766125, 0.3211224, 0
0.6026158, 0.4318731, 0.3839654, 0
0.4163077, 0.4271262, 0.3586136, 0
0.7441331, 0.5039637, 0.251178, 0
0.5451682, 0.336092, 0.3936204, 0
0.8378164, 0.4118866, 0.3183224, 0
0.8091921, 0.375755, 0.3176144, 0
0.4616832, 0.4502288, 0.3563584, 0
0.461837, 0.421241, 0.4530697, 0
0.6480553, 0.4309168, 0.3000418, 0
0.494172, 0.4017791, 0.4570428, 0
0.3996888, 0.421843, 0.2647023, 0
0.4999933, 0.3569806, 0.4476547, 0
0.6944609, 0.3529351, 0.3863638, 0
0.6177624, 0.4270798, 0.2582796, 0
0.5987545, 0.4870621, 0.2631307, 0
0.3657393, 0.3412227, 0.3304592, 0
0.4300927, 0.3919896, 0.2636852, 0
0.7022691, 0.3751342, 0.370212, 0
0.5969308, 0.3772165, 0.2059702, 0
0.588231, 0.4524616, 0.3258893, 0
0.4447302, 0.346164, 0.3413762, 0
0.7900097, 0.3527836, 0.337084, 0
0.3561651, 0.4498905, 0.2795801, 0
0.4125442, 0.5329166, 0.2962989, 0
0.3973708, 0.3627335, 0.3755701, 0
0.4264145, 0.4634265, 0.4298874, 0
0.5184762, 0.4508101, 0.4071023, 0
0.5928191, 0.4022609, 0.1985824, 0
0.4633614, 0.5032901, 0.3112321, 0
0.4495887, 0.5185273, 0.2721324, 0
0.8183568, 0.5497696, 0.2407767, 0
0.7498098, 0.556173, 0.218431, 0
0.5666508, 0.4475685, 0.3963271, 0
0.6935456, 0.3051731, 0.4081541, 0
0.7347978, 0.5339007, 0.362371, 0
0.4006883, 0.4320927, 0.2048579, 0
0.672841, 0.3755102, 0.3425867, 0
0.5754151, 0.4031414, 0.2687547, 0
0.3900913, 0.3728371, 0.2239538, 0
0.4849803, 0.3136704, 0.4034751, 0
0.4707988, 0.3176153, 0.2593276, 0
0.5768179, 0.3820677, 0.2544996, 0
0.4320692, 0.2951634, 0.3689749, 0
0.8061002, 0.4057334, 0.3988333, 0
0.4004, 0.344513, 0.3898999, 0
0.453512, 0.4302126, 0.2596076, 0
0.697612, 0.4631701, 0.3445719, 0
0.3395766, 0.3936808, 0.2613294, 0
0.44139, 0.4752595, 0.2208799, 0
0.4962497, 0.4043356, 0.3466945, 0
0.4773129, 0.4434529, 0.2092849, 0
0.4929753, 0.4461547, 0.3488412, 0
0.4424642, 0.5365585, 0.3216824, 0
0.8425975, 0.5678965, 0.241106, 0
0.7970781, 0.3240282, 0.3237367, 0
0.845908, 0.5002421, 0.2459124, 0
0.8253995, 0.4378204, 0.3741141, 0
0.701408, 0.367889, 0.2517747, 0
0.8751999, 0.5126209, 0.2933329, 0
0.4955936, 0.4057256, 0.2956008, 0
0.4816191, 0.4115374, 0.4561954, 0
0.6653494, 0.4513919, 0.2201626, 0
0.8118514, 0.4828098, 0.2209511, 0
0.4311668, 0.5063632, 0.2498342, 0
0.5559025, 0.4655814, 0.2628939, 0
0.5040373, 0.4336298, 0.4269682, 0
0.556028, 0.4813164, 0.2600886, 0
0.7879103, 0.3867877, 0.4130989, 0
0.4247041, 0.3208459, 0.4136522, 0
0.6835527, 0.3486899, 0.3320629, 0
0.4891068, 0.4854551, 0.344541, 0
0.6138072, 0.3876132, 0.3334565, 0
0.4420362, 0.478502, 0.2721589, 0
0.4224413, 0.3839032, 0.2434366, 0
0.8451523, 0.4967595, 0.3657488, 0
0.8248116, 0.5092797, 0.2477583, 0
0.8907531, 0.3562657, 0.2536539, 0
0.6663411, 0.3448621, 0.2729105, 0
0.5990995, 0.3686038, 0.2183598, 0
0.3766701, 0.3233882, 0.3097622, 0
0.5250043, 0.3866215, 0.3683273, 0
0.530225, 0.3922287, 0.2069769, 0
0.5472882, 0.3683681, 0.4026321, 0
0.4021003, 0.4684352, 0.3702387, 0
0.6109422, 0.3626216, 0.2201748, 0
0.638677, 0.4432517, 0.391555, 0
0.4279043, 0.3148854, 0.4056744, 0
0.4226423, 0.2886724, 0.3377285, 0
0.7775983, 0.5243388, 0.336259, 0
0.7771919, 0.3823375, 0.36051, 0
0.787193, 0.5555242, 0.3027476, 0
0.4386433, 0.4986361, 0.40895, 0
0.6386014, 0.3820168, 0.3175984, 0
0.5244584, 0.4238878, 0.2301771, 0
0.8266957, 0.4257859, 0.225523, 0
0.8306752, 0.3528116, 0.2386969, 0
0.4170273, 0.4759192, 0.3533524, 0
0.8582782, 0.3585067, 0.306565, 0
0.752607, 0.5317572, 0.1954815, 0
0.3982278, 0.3672282, 0.3487458, 0
0.5311926, 0.3875526, 0.2239323, 0
0.4680627, 0.3911868, 0.4379544, 0
0.3549564, 0.3690228, 0.2448844, 0
0.5622458, 0.346593, 0.3578401, 0
0.6038923, 0.2903151, 0.2954895, 0
0.6191719, 0.4021921, 0.4348447, 0
0.4339031, 0.299992, 0.3651507, 0
0.5943894, 0.295417, 0.400824, 0
0.7318684, 0.3619913, 0.2583452, 0
0.6749474, 0.3797836, 0.4058147, 0
0.403396, 0.3087295, 0.3396965, 0
0.6535175, 0.2988211, 0.3572694, 0
0.704954, 0.4735075, 0.2652787, 0
0.8435435, 0.3472241, 0.3559769, 0
0.4329229, 0.5236067, 0.3435555, 0
0.8188068, 0.4198664, 0.2751933, 0
0.4251072, 0.4355297, 0.4007111, 0
0.7753837, 0.5580797, 0.3623287, 0
0.3756829, 0.4682591, 0.2626033, 0
0.6043893, 0.3015502, 0.3506494, 0
0.3866435, 0.4079359, 0.2187334, 0
0.7360683, 0.3120235, 0.4124658, 0
0.5192192, 0.4472171, 0.3162657, 0
0.3950775, 0.3991921, 0.3115408, 0
0.3810123, 0.3498875, 0.2466162, 0
0.8670233, 0.4775811, 0.3719982, 0
0.6246774, 0.3725016, 0.2386121, 0
0.8295681, 0.5600932, 0.3500428, 0
0.7501709, 0.427257, 0.1886912, 0
0.3612985, 0.3582608, 0.2945137, 0
0.7069022, 0.3874075, 0.2305579, 0
0.7237898, 0.4206203, 0.3337054, 0
0.4923204, 0.525894, 0.3034777, 0
0.6225297, 0.3494721, 0.2249328, 0
0.6773741, 0.3307121, 0.2346183, 0
0.5805336, 0.2810695, 0.279157, 0
0.7620108, 0.4334628, 0.3240506, 0
0.4241839, 0.4789896, 0.2649005, 0
0.3768458, 0.3085167, 0.3538558, 0
0.4908832, 0.5057154, 0.3250067, 0
0.838586, 0.3646781, 0.3620198, 0
0.443169, 0.5140659, 0.2582503, 0
0.5323066, 0.3800223, 0.2490679, 0
0.7169347, 0.3514808, 0.2613988, 0
0.5194116, 0.3720906, 0.1831909, 0
0.4782966, 0.3915719, 0.2525951, 0
0.6997758, 0.4322563, 0.2221185, 0
0.677852, 0.3398483, 0.3864423, 0
0.4596585, 0.4410807, 0.309324, 0
0.5201474, 0.3625057, 0.2922401, 0
0.395053, 0.437966, 0.3301521, 0
0.5388167, 0.4901659, 0.3768392, 0
0.8511587, 0.3828795, 0.2763478, 0
0.4991437, 0.3859645, 0.2683866, 0
0.4841662, 0.3154993, 0.4088447, 0
0.3646692, 0.3527049, 0.2503345, 0
0.6932492, 0.282037, 0.3077875, 0
0.868796, 0.4868974, 0.1679779, 0
0.6594728, 0.3699228, 0.3878523, 0
0.8160683, 0.3891295, 0.3919251, 0
0.4384169, 0.4202047, 0.4383262, 0
0.4449522, 0.4729128, 0.2453357, 0
0.4540483, 0.4237977, 0.3170304, 0
0.8501201, 0.3302365, 0.3051415, 0
0.8231602, 0.5261596, 0.2251652, 0
0.3773059, 0.369891, 0.3290806, 0
0.530947, 0.4330451, 0.2605791, 0
0.8004464, 0.4781173, 0.2758685, 0
0.3756014, 0.3472989, 0.2457334, 0
0.6618793, 0.3781312, 0.3175859, 0
0.507488, 0.3040852, 0.3443587, 0
0.8294569, 0.4320979, 0.3407119, 0
0.4294871, 0.5185963, 0.3556634, 0
0.3875307, 0.2963973, 0.3217557, 0
0.588845, 0.3511455, 0.4264221, 0
0.4289522, 0.4243753, 0.4354914, 0
0.4220388, 0.4112703, 0.2448224, 0
0.3727089, 0.3935825, 0.3387599, 0
0.8628744, 0.484161, 0.2515499, 0
0.4908073, 0.364438, 0.4181229, 0
0.5390733, 0.3701181, 0.4487238, 0
0.7591746, 0.3935572, 0.3668211, 0
0.3784856, 0.3357233, 0.2995522, 0
0.3516354, 0.3587932, 0.2881006, 0
0.4801911, 0.3531123, 0.274121, 0
0.6468103, 0.3365057, 0.2920766, 0
0.6407813, 0.2667087, 0.3029239, 0
0.4302711, 0.2952194, 0.3703662, 0
0.3853864, 0.3815701, 0.4048638, 0
0.6940842, 0.405203, 0.3292854, 0
0.8080035, 0.4310708, 0.352573, 0
0.5465127, 0.3008126, 0.2445735, 0
0.5713277, 0.419154, 0.3116, 0
0.3732705, 0.3365468, 0.3226726, 0
0.4231878, 0.4731939, 0.2973734, 0
0.5522767, 0.3685163, 0.3517625, 0
0.3907851, 0.492532, 0.2815329, 0
0.5727945, 0.389024, 0.3442105, 0
0.7499251, 0.391136, 0.3553286, 0
0.5613255, 0.3551123, 0.4408666, 0
0.8871105, 0.3464741, 0.3402278, 0
0.4396073, 0.3594071, 0.2201427, 0
0.7180917, 0.3494749, 0.4120321, 0
0.7518033, 0.3698449, 0.3527702, 0
0.8012558, 0.4696757, 0.1695856, 0
0.5381554, 0.3187015, 0.3628259, 0
0.7418354, 0.4792405, 0.3591255, 0
0.415346, 0.3421766, 0.241701, 0
0.5712643, 0.2934266, 0.271311, 0
0.5017291, 0.3002582, 0.3374003, 0
0.8075371, 0.3846368, 0.3990406, 0
0.7467752, 0.5690796, 0.318946, 0
0.6414984, 0.3792049, 0.367594, 0
0.450299, 0.4925383, 0.3504212, 0
0.445067, 0.2971263, 0.3818803, 0
0.694484, 0.4409188, 0.2259953, 0
0.5198866, 0.4841312, 0.3816919, 0
0.460585, 0.3454504, 0.4356388, 0
0.5523047, 0.3199285, 0.2145699, 0
0.8103133, 0.5483189, 0.2845683, 0
0.4440204, 0.3103487, 0.4205692, 0
0.7514017, 0.3825421, 0.3759487, 0
0.6928607, 0.3400084, 0.2307682, 0
0.5967936, 0.4452491, 0.2669815, 0
0.4063455, 0.4132248, 0.3262133, 0
0.7503956, 0.5089477, 0.2108179, 0
0.4257952, 0.3706875, 0.2647995, 0
0.7796089, 0.3624835, 0.279404, 0
0.7895634, 0.5581833, 0.2439718, 0
0.4349878, 0.4148109, 0.4318409, 0
0.6422503, 0.3001151, 0.2855649, 0
0.7800958, 0.3953869, 0.2564188, 0
0.5169131, 0.3650391, 0.2330553, 0
0.8084143, 0.5600442, 0.3938294, 0
0.3719977, 0.4094956, 0.3869876, 0
0.4264747, 0.4015857, 0.2429337, 0
0.756734, 0.4171221, 0.321168, 0
0.6580564, 0.3938605, 0.4009064, 0
0.4202718, 0.4802085, 0.3837047, 0
0.4665238, 0.3081941, 0.2819002, 0
0.4551353, 0.3389932, 0.1944928, 0
0.8717639, 0.4189734, 0.3219903, 0
0.7577357, 0.4605898, 0.3574336, 0
0.5905049, 0.2919072, 0.2911312, 0
0.5739886, 0.3355269, 0.32449, 0
0.6393403, 0.3022983, 0.403151, 0
0.571874, 0.4371031, 0.2486262, 0
0.7484599, 0.4248576, 0.3439502, 0
0.6707352, 0.343227, 0.252296, 0
0.4907883, 0.381393, 0.2804736, 0
0.4606006, 0.3562155, 0.2899555, 0
0.4175811, 0.3647849, 0.2476118, 0
0.5524234, 0.3383503, 0.3390948, 0
0.3565691, 0.4675953, 0.2860294, 0
0.4290277, 0.385345, 0.4009584, 0
0.4001543, 0.3457363, 0.3706332, 0
0.4257869, 0.4030403, 0.4224226, 0
0.7403846, 0.3349451, 0.3031159, 0
0.6629451, 0.3859999, 0.3326527, 0
0.5734389, 0.4113818, 0.2611296, 0
0.5423405, 0.5004832, 0.3441781, 0
0.6024215, 0.4437087, 0.2172693, 0
0.6082713, 0.4099574, 0.2820109, 0
0.8073686, 0.5826342, 0.3628999, 0
0.7766235, 0.4532497, 0.3480833, 0
0.482712, 0.3589032, 0.3193005, 0
0.7898682, 0.3387493, 0.2830571, 0
0.4081884, 0.4908686, 0.252552, 0
0.4054845, 0.4783711, 0.417779, 0
0.4097688, 0.4558764, 0.3171003, 0
0.8203949, 0.433486, 0.3056184, 0
0.4507596, 0.4276895, 0.2966221, 0
0.5851544, 0.4401954, 0.3552652, 0
0.4093279, 0.4828871, 0.4231659, 0
0.4159417, 0.4051076, 0.3616665, 0
0.7194818, 0.4829684, 0.2390838, 0
0.7977896, 0.3071353, 0.3366335, 0
0.5341261, 0.3591326, 0.3732659, 0
0.6622913, 0.4518726, 0.3263279, 0
0.4183207, 0.3949217, 0.2178216, 0
0.7724892, 0.4727159, 0.1893089, 0
0.3558509, 0.4237282, 0.3423618, 0
0.7223942, 0.4996959, 0.3285047, 0
0.4254199, 0.5129292, 0.378393, 0
0.4639732, 0.3749677, 0.1901085, 0
0.5440561, 0.3522421, 0.2008731, 0
0.4748407, 0.3896161, 0.2469209, 0
0.728173, 0.5579157, 0.368304, 0
0.6087915, 0.3101998, 0.344335, 0
0.4123189, 0.4115623, 0.4261457, 0
0.4115854, 0.4870656, 0.2623376, 0
0.8761654, 0.4364583, 0.3292755, 0
0.4570121, 0.5163301, 0.3743309, 0
0.7720224, 0.3395385, 0.2673754, 0
0.3419074, 0.3945751, 0.2599886, 0
0.7452457, 0.4912038, 0.196142, 0
0.6893904, 0.5076514, 0.2816596, 0
0.4002544, 0.2921586, 0.335274, 0
0.4188451, 0.3896456, 0.2195924, 0
0.7775887, 0.5927597, 0.2885672, 0
0.7754051, 0.5683924, 0.3260485, 0
0.4226449, 0.3822815, 0.3637843, 0
0.6814849, 0.3394323, 0.3714894, 0
0.3902357, 0.3867964, 0.3474778, 0
0.6133059, 0.4346957, 0.3125476, 0
0.8320676, 0.5255986, 0.4103888, 0
0.4892157, 0.3886085, 0.3744913, 0
0.8036827, 0.5785062, 0.2939907, 0
0.5067245, 0.4592601, 0.2887711, 0
0.5237508, 0.4075064, 0.4488523, 0
0.5450053, 0.3561952, 0.4225698, 0
0.4426453, 0.2936703, 0.3647203, 0
0.4014576, 0.3337719, 0.3041216, 0
0.81132, 0.5219008, 0.272445, 0
0.4411389, 0.288204, 0.3129295, 0
0.7644372, 0.404293, 0.3065862, 0
0.4584863, 0.3110498, 0.2359179, 0
0.6187693, 0.3265871, 0.3059601, 0
0.7394249, 0.3341587, 0.2378466, 0
0.731636, 0.2983941, 0.2491423, 0
0.4372216, 0.3427237, 0.4226677, 0
0.7120659, 0.4418318, 0.3559501, 0
0.6564927, 0.439638, 0.3261437, 0
0.6921737, 0.3096148, 0.2355414, 0
0.542378, 0.3485858, 0.4066211, 0
0.8275365, 0.4885993, 0.2086878, 0
0.4925444, 0.3795785, 0.2500475, 0
0.449855, 0.3872773, 0.2827681, 0
0.428769, 0.525467, 0.2829217, 0
0.4138874, 0.4196589, 0.3201318, 0
0.3853218, 0.4403284, 0.4273361, 0
0.5234914, 0.4172273, 0.3161644, 0
0.7470934, 0.4659486, 0.2233806, 0
0.447192, 0.434689, 0.2571075, 0
0.7648735, 0.2944904, 0.2553039, 0
0.7177415, 0.4966688, 0.2971708, 0
0.5954214, 0.4239587, 0.2727778, 0
0.4349201, 0.4596485, 0.3369177, 0
0.4048643, 0.43341, 0.3526387, 0
0.7708004, 0.5568529, 0.3627472, 0
0.8504355, 0.367417, 0.289509, 0
0.8134159, 0.372938, 0.310054, 0
0.4406376, 0.3527546, 0.2240147, 0
0.5351042, 0.3839117, 0.4350886, 0
0.8712559, 0.3483791, 0.2837545, 0
0.6787455, 0.3319367, 0.1914249, 0
0.4275678, 0.3274239, 0.419818, 0
0.7609277, 0.3369547, 0.2441358, 0
0.7311409, 0.4412078, 0.264206, 0
0.4733594, 0.3372712, 0.3617099, 0
0.7286832, 0.5033041, 0.3498743, 0
0.3992549, 0.4602337, 0.315474, 0
0.4585186, 0.4171543, 0.3584189, 0
0.6839839, 0.3826672, 0.2490131, 0
0.8132006, 0.4726038, 0.3208593, 0
0.8608734, 0.3751141, 0.3253649, 0
0.8314582, 0.5448619, 0.2294994, 0
0.6424737, 0.3350469, 0.3639865, 0
0.8559471, 0.4998673, 0.2218114, 0
0.5533656, 0.3691777, 0.4299941, 0
0.4734797, 0.5283296, 0.3561568, 0
0.5632972, 0.4070508, 0.2115426, 0
0.7482449, 0.5071311, 0.2346915, 0
0.4749622, 0.3836962, 0.1959394, 0
0.5227433, 0.3408244, 0.430965, 0
0.8523923, 0.5210759, 0.2344952, 0
0.6483144, 0.2753604, 0.3177888, 0
0.6140996, 0.4113663, 0.4064689, 0
0.7792348, 0.4484318, 0.2354315, 0
0.47312, 0.4540592, 0.2803757, 0
0.3623829, 0.4716073, 0.3264452, 0
0.8863262, 0.3717024, 0.3088444, 0
0.4827673, 0.4874812, 0.3156049, 0
0.4342252, 0.3981886, 0.2788581, 0
0.6075085, 0.313918, 0.2441195, 0
0.7714701, 0.4023984, 0.1876089, 0
0.7380344, 0.3467123, 0.2081996, 0
0.4059306, 0.307018, 0.3333193, 0
0.7978297, 0.4400298, 0.316369, 0
0.7275242, 0.337772, 0.3259683, 0
0.3687307, 0.4278422, 0.2559493, 0
0.7923537, 0.4843992, 0.2746355, 0
0.7184722, 0.491927, 0.3176918, 0
0.77882, 0.4416636, 0.1828114, 0
0.7362267, 0.3606932, 0.3835596, 0
0.4302248, 0.2915874, 0.2648177, 0
0.378962, 0.5125397, 0.3386638, 0
0.5976596, 0.4271547, 0.2203653, 0
0.7773725, 0.4885252, 0.2765381, 0
0.8654933, 0.5074861, 0.2989378, 0
0.4465806, 0.297134, 0.3847816, 0
0.5577649, 0.3565727, 0.3574608, 0
0.5028659, 0.407046, 0.4441264, 0
0.4693184, 0.3616654, 0.327207, 0
0.8201684, 0.5023886, 0.3570464, 0
0.4986914, 0.3177495, 0.241498, 0
0.5284814, 0.3628088, 0.3502376, 0
0.601563, 0.295471, 0.2155633, 0
0.47437, 0.478688, 0.3944788, 0
0.5334184, 0.3149932, 0.2081994, 0
0.6396005, 0.2757099, 0.3025959, 0
0.3616063, 0.4324196, 0.3421153, 0
0.406402, 0.4044724, 0.2939713, 0
0.7619675, 0.4358951, 0.2110696, 0
0.76605, 0.5690311, 0.2021055, 0
0.7981436, 0.3719973, 0.3505358, 0
0.4828425, 0.3608686, 0.3126415, 0
0.5959306, 0.3392085, 0.2062821, 0
0.7877521, 0.3140855, 0.3896492, 0
0.7045659, 0.3871834, 0.1903686, 0
0.516588, 0.3860845, 0.4000392, 0
0.6661663, 0.329003, 0.408381, 0
0.5013594, 0.3674763, 0.452617, 0
0.658003, 0.4847521, 0.2925496, 0
0.37995, 0.4302506, 0.349013, 0
0.4324193, 0.4442361, 0.3545097, 0
0.4247178, 0.4109462, 0.4263861, 0
0.5145949, 0.3013421, 0.3315076, 0
0.7408993, 0.4753553, 0.215058, 0
0.427062, 0.3185603, 0.4162675, 0
0.4927506, 0.2957908, 0.2437806, 0
0.8425238, 0.3954755, 0.2374295, 0
0.4989143, 0.3658707, 0.2546464, 0
0.7844254, 0.5113397, 0.2106632, 0
0.4230171, 0.5127631, 0.3225922, 0
0.3803181, 0.4909967, 0.3987762, 0
0.4412872, 0.3087237, 0.2630887, 0
0.8408056, 0.311261, 0.313081, 0
0.5497014, 0.3395758, 0.2288306, 0
0.5441006, 0.3715277, 0.3877036, 0
0.444769, 0.4042789, 0.4300278, 0
0.5151204, 0.3469668, 0.4262582, 0
0.668406, 0.4064706, 0.3817046, 0
0.4126045, 0.3759898, 0.3862616, 0
0.4473155, 0.2884251, 0.2839286, 0
0.4792309, 0.5107581, 0.3572403, 0
0.41915, 0.4111659, 0.2890103, 0
0.8662831, 0.3603839, 0.2890698, 0
0.7244138, 0.4345676, 0.2046334, 0
0.7349994, 0.3722787, 0.227579, 0
0.3881069, 0.3714664, 0.2688898, 0
0.4021828, 0.2995951, 0.2992761, 0
0.8269577, 0.4548289, 0.3754952, 0
0.332199, 0.3973468, 0.2719801, 0
0.6381753, 0.3443033, 0.3165554, 0
0.8781574, 0.3850226, 0.3519372, 0
0.3821027, 0.4523399, 0.4280801, 0
0.7239857, 0.48136, 0.3452693, 0
0.4907404, 0.3623696, 0.2773055, 0
0.7969011, 0.4264198, 0.2130662, 0
0.8673378, 0.483851, 0.3679832, 0
0.3982619, 0.476266, 0.424859, 0
0.4993128, 0.3398284, 0.193448, 0
0.6320625, 0.4758643, 0.2424239, 0
0.4478691, 0.4218772, 0.4457567, 0
0.5155268, 0.453756, 0.3647181, 0
0.3700308, 0.4928433, 0.2903156, 0
0.4061724, 0.3211696, 0.3394886, 0
0.4280599, 0.2925859, 0.3647709, 0
0.8579345, 0.4187944, 0.39733, 0
0.6988453, 0.4636209, 0.2541489, 0
0.3753634, 0.4097877, 0.2990538, 0
0.6810057, 0.4086025, 0.2086926, 0
0.7658765, 0.4474742, 0.2031944, 0
0.8280348, 0.39145, 0.3989389, 0
0.8757089, 0.4164754, 0.3698764, 0
0.434312, 0.3810073, 0.2127618, 0
0.6512994, 0.4266506, 0.3320398, 0
0.447718, 0.3900333, 0.4217442, 0
0.4692581, 0.3848945, 0.3473952, 0
0.3658499, 0.4621913, 0.2658901, 0
0.6128018, 0.3525223, 0.3991553, 0
0.7418709, 0.545011, 0.332917, 0
0.7537352, 0.5110039, 0.399992, 0
0.4765, 0.3979558, 0.4533855, 0
0.6988615, 0.4817364, 0.2735169, 0
0.5790644, 0.4437699, 0.3844957, 0
0.3657386, 0.3596432, 0.2441239, 0
0.7790175, 0.3502545, 0.2870861, 0
0.6682139, 0.5083928, 0.2979453, 0
0.707621, 0.3204011, 0.3093791, 0
0.789071, 0.5378883, 0.2928755, 0
0.6834406, 0.4080803, 0.2130712, 0
0.5537475, 0.3485037, 0.2648816, 0
0.5582547, 0.4876436, 0.3281792, 0
0.8240282, 0.3734147, 0.2450133, 0
0.5876247, 0.4111519, 0.3180546, 0
0.87734, 0.4806276, 0.3346259, 0
0.4927996, 0.3272436, 0.4184597, 0
0.8731181, 0.3568995, 0.3150586, 0
0.4071422, 0.2939601, 0.3524223, 0
0.6308838, 0.3885051, 0.2440168, 0
0.8365473, 0.3259301, 0.3477992, 0
0.3937159, 0.4912352, 0.3642193, 0
0.7411546, 0.5594386, 0.2760909, 0
0.5618343, 0.3525625, 0.4426076, 0
0.368726, 0.5032525, 0.3214424, 0
0.6161438, 0.3322603, 0.4077384, 0
0.7146413, 0.3681165, 0.2109996, 0
0.7220208, 0.4146953, 0.2686211, 0
0.5494696, 0.3314179, 0.3326545, 0
0.8366915, 0.3747301, 0.3196559, 0
0.827551, 0.5433818, 0.228369, 0
0.8196816, 0.5174242, 0.2809404, 0
0.734054, 0.2740457, 0.363069, 0
0.4648786, 0.3005571, 0.3290041, 0
0.338759, 0.3995507, 0.2828702, 0
0.7916489, 0.3936807, 0.2452612, 0
0.8562195, 0.4156287, 0.3557326, 0
0.4394763, 0.4449071, 0.2268316, 0
0.49726, 0.3940302, 0.4628941, 0
0.547915, 0.396726, 0.250399, 0
0.7467469, 0.5448458, 0.2432159, 0
0.4364363, 0.4401535, 0.4165003, 0
0.5832455, 0.3415333, 0.3782168, 0
0.6358503, 0.4907652, 0.3332785, 0
0.5361126, 0.4547204, 0.3745443, 0
0.4338057, 0.3158147, 0.3331355, 0
0.5863779, 0.3151167, 0.2947758, 0
0.4648582, 0.3163845, 0.2286242, 0
0.5898407, 0.4021822, 0.3703333, 0
0.5752663, 0.3353708, 0.3180849, 0
0.4903893, 0.3401408, 0.3440063, 0
0.4977116, 0.3577721, 0.4476893, 0
0.4328504, 0.38651, 0.2671927, 0
0.4840849, 0.4546125, 0.2097798, 0
0.5810491, 0.4867058, 0.3363186, 0
0.3652523, 0.4473253, 0.3851103, 0
0.4922543, 0.2991985, 0.3056207, 0
0.7174532, 0.3642246, 0.3911136, 0
0.742092, 0.5759733, 0.3251548, 0
0.4081978, 0.3151017, 0.2612306, 0
0.4387476, 0.4243669, 0.3153239, 0
0.5438144, 0.4049265, 0.3479883, 0
0.5747143, 0.4195729, 0.3658336, 0
0.803324, 0.5725949, 0.2937199, 0
0.4170721, 0.3150008, 0.4085367, 0
0.8472762, 0.5514988, 0.2992765, 0
0.6014268, 0.2951306, 0.2447005, 0
0.8055027, 0.2912078, 0.3145429, 0
0.5958246, 0.4745271, 0.264715, 0
0.605037, 0.2792697, 0.3402668, 0
0.3500095, 0.3610541, 0.2653784, 0
0.7035686, 0.3899648, 0.1993302, 0
0.424121, 0.315579, 0.2893423, 0
0.4075549, 0.4942276, 0.3091848, 0
0.7452965, 0.4651019, 0.3868977, 0
0.8614406, 0.4857828, 0.2525231, 0
0.7436731, 0.3809523, 0.2568992, 0
0.5028591, 0.4402699, 0.4296021, 0
0.5315888, 0.3195278, 0.3077261, 0
0.8208268, 0.3434595, 0.3016092, 0
0.6722269, 0.3888632, 0.3590839, 0
0.8339646, 0.360485, 0.2163255, 0
0.8202748, 0.3699288, 0.2470916, 0
0.4268749, 0.2987025, 0.2887747, 0
0.8429782, 0.5068691, 0.1985538, 0
0.6874008, 0.3697634, 0.2137491, 0
0.457161, 0.4397039, 0.2490801, 0
0.4854136, 0.4306751, 0.2498258, 0
0.8620117, 0.5250745, 0.1901682, 0
0.6760411, 0.3208965, 0.3722492, 0
0.601391, 0.3366342, 0.3718983, 0
0.5367814, 0.3261195, 0.3961922, 0
0.4701006, 0.4486129, 0.4515147, 0
0.8542124, 0.4633427, 0.224173, 0
0.4760184, 0.3026243, 0.3975818, 0
0.8865619, 0.4226489, 0.3893613, 0
0.4286739, 0.3306451, 0.4210563, 0
0.6298709, 0.4670014, 0.2437223, 0
0.5503085, 0.4218502, 0.433405, 0
0.8623174, 0.4121812, 0.2769879, 0
0.5337097, 0.3233819, 0.385658, 0
0.6473972, 0.4004755, 0.2772301, 0
0.7446952, 0.3351077, 0.3908531, 0
0.4654056, 0.3917964, 0.3358519, 0
0.5303895, 0.4511413, 0.3059224, 0
0.4460352, 0.3805378, 0.2899127, 0
0.5210908, 0.3290898, 0.2844819, 0
0.5143265, 0.4821915, 0.3788868, 0
0.5069833, 0.4061139, 0.2435146, 0
0.6336407, 0.5079846, 0.2578133, 0
0.8847244, 0.388022, 0.3399977, 0
0.7574182, 0.4737692, 0.2767051, 0
0.3883933, 0.4786288, 0.4192597, 0
0.5554941, 0.3990726, 0.3954168, 0
0.468505, 0.4043749, 0.4470278, 0
0.5266631, 0.3676525, 0.2175587, 0
0.3606058, 0.319731, 0.28353, 0
0.8126623, 0.4581944, 0.3121978, 0
0.6205298, 0.3358694, 0.2136392, 0
0.3528592, 0.4201344, 0.2581412, 0
0.3687679, 0.4713799, 0.2815073, 0
0.3883741, 0.3327376, 0.2482691, 0
0.8327941, 0.4922079, 0.4045961, 0
0.4702064, 0.4094432, 0.4399949, 0
0.8575283, 0.4637285, 0.2386604, 0
0.827949, 0.4604109, 0.3957132, 0
0.8073873, 0.4638668, 0.2214973, 0
0.5344786, 0.3457537, 0.3332128, 0
0.4559439, 0.3000415, 0.388411, 0
0.473464, 0.5398114, 0.3169206, 0
0.694712, 0.3609594, 0.2009917, 0
0.3993985, 0.292718, 0.3381198, 0
0.6064963, 0.385275, 0.2088221, 0
0.8031702, 0.5418742, 0.3758177, 0
0.4585096, 0.4614106, 0.3332466, 0
0.5606312, 0.3183494, 0.3734058, 0
0.4657947, 0.5131741, 0.3637387, 0
0.4168199, 0.5060234, 0.3633052, 0
0.8110568, 0.5005681, 0.4000939, 0
0.7797985, 0.3137201, 0.2878635, 0
0.7375811, 0.5477374, 0.2983423, 0
0.7504472, 0.3926413, 0.3059515, 0
0.3545015, 0.3454268, 0.2654291, 0
0.7374511, 0.4894883, 0.2281052, 0
0.683846, 0.3941324, 0.2636675, 0
0.4320877, 0.3915058, 0.2103161, 0
0.7816557, 0.449494, 0.2529144, 0
0.3920688, 0.4133111, 0.2145959, 0
0.8516529, 0.547473, 0.2782384, 0
0.6912745, 0.5086277, 0.2880996, 0
0.4886718, 0.3113241, 0.3028274, 0
0.4537241, 0.5227122, 0.3081947, 0
0.7151415, 0.4966229, 0.2935884, 0
0.8354194, 0.4074276, 0.3683037, 0
0.6388559, 0.2936335, 0.2806728, 0
0.5627195, 0.3022445, 0.2286023, 0
0.6590849, 0.3672265, 0.2938788, 0
0.5106193, 0.4783448, 0.3683433, 0
0.8226407, 0.370329, 0.4125892, 0
0.6654788, 0.3052734, 0.2624175, 0
0.4048241, 0.4515691, 0.3972158, 0
0.4172071, 0.3044924, 0.2936721, 0
0.6057224, 0.3730861, 0.3067259, 0
0.6491948, 0.3707359, 0.2103177, 0
0.7074957, 0.3548331, 0.2376731, 0
0.4317056, 0.4857411, 0.2331716, 0
0.454059, 0.3333597, 0.2201536, 0
0.5697625, 0.3592122, 0.2935657, 0
0.4932574, 0.4136536, 0.443758, 0
0.426123, 0.3077707, 0.2647552, 0
0.6797372, 0.3530934, 0.2347327, 0
0.4281179, 0.2958152, 0.2824245, 0
0.5097575, 0.4397289, 0.3036913, 0
0.8015487, 0.5107685, 0.3436537, 0
0.3936226, 0.4547349, 0.272972, 0
0.4643239, 0.4115001, 0.1922953, 0
0.3698524, 0.4961789, 0.3669878, 0
0.8483596, 0.5634518, 0.29841, 0
0.5957379, 0.4896297, 0.3539507, 0
0.7527157, 0.5291565, 0.1952733, 0
0.5393144, 0.3318608, 0.2516126, 0
0.4126604, 0.485832, 0.2568748, 0
0.7552655, 0.3702619, 0.2964678, 0
0.6818796, 0.4078919, 0.3477071, 0
0.8209739, 0.3537263, 0.3979676, 0
0.5140519, 0.4116854, 0.2856909, 0
0.5608857, 0.3372863, 0.3521968, 0
0.7858303, 0.580078, 0.3738106, 0
0.8046713, 0.3427864, 0.3852592, 0
0.6559652, 0.2785432, 0.3808542, 0
0.7776456, 0.480252, 0.2618691, 0
0.6768451, 0.4198587, 0.2749905, 0
0.6763469, 0.5042822, 0.299484, 0
0.7463012, 0.4986423, 0.2107964, 0
0.5656082, 0.4293152, 0.32078, 0
0.4627267, 0.3938783, 0.2855456, 0
0.5105014, 0.3954576, 0.4493307, 0
0.6488169, 0.4361279, 0.3774896, 0
0.3832316, 0.4736669, 0.245358, 0
0.6929135, 0.4962147, 0.2665085, 0
0.756605, 0.4432414, 0.2204798, 0
0.5442101, 0.3308522, 0.4108362, 0
0.6723853, 0.2883108, 0.3303926, 0
0.610347, 0.3334593, 0.2202402, 0
0.5570191, 0.4777262, 0.2928192, 0
0.7781293, 0.5167184, 0.2649581, 0
0.6482579, 0.3415437, 0.2808698, 0
0.5486336, 0.5177985, 0.3291524, 0
0.7868808, 0.4112328, 0.3540767, 0
0.7833145, 0.5187219, 0.2167598, 0
0.471678, 0.3528858, 0.2316723, 0
0.4445603, 0.2921334, 0.3598183, 0
0.4859602, 0.4009319, 0.4210177, 0
0.6251718, 0.3640095, 0.3775514, 0
0.4669124, 0.3792059, 0.424153, 0
0.4372806, 0.3919867, 0.2193351, 0
0.3711139, 0.3225482, 0.2669403, 0
0.7646602, 0.5058143, 0.2235183, 0
0.8440143, 0.5191128, 0.2359408, 0
0.50267, 0.3332042, 0.2897899, 0
0.5259877, 0.4267333, 0.2198745, 0
0.7702652, 0.4699266, 0.2671191, 0
0.4871617, 0.3816539, 0.33853, 0
0.5107068, 0.4311599, 0.2609011, 0
0.7977397, 0.5571505, 0.3137616, 0
0.4457698, 0.4408846, 0.4472199, 0
0.5412892, 0.4031956, 0.3951043, 0
0.4877371, 0.4692219, 0.3986507, 0
0.4476719, 0.2968355, 0.2871522, 0
0.8276193, 0.4014046, 0.362005, 0
0.5681341, 0.4936736, 0.2887321, 0
0.8831019, 0.4562141, 0.3113042, 0
0.4898607, 0.3128015, 0.3644318, 0
0.7000253, 0.4346807, 0.2263262, 0
0.7566783, 0.5247139, 0.2022789, 0
0.6109696, 0.5207925, 0.2959707, 0
0.597495, 0.3148959, 0.224797, 0
0.5467612, 0.3504842, 0.1863544, 0
0.8489166, 0.4504728, 0.3662445, 0
0.8314615, 0.3979861, 0.25783, 0
0.6314712, 0.4735148, 0.3005199, 0
0.8083129, 0.5584574, 0.3653428, 0
0.8459249, 0.4758564, 0.350278, 0
0.7666273, 0.5523021, 0.2937187, 0
0.5118805, 0.4713593, 0.2430003, 0
0.7369365, 0.335076, 0.3286659, 0
0.3517803, 0.3841383, 0.2788801, 0
0.4322903, 0.4212441, 0.4105739, 0
0.4782947, 0.4173061, 0.2524411, 0
0.8152059, 0.4002837, 0.4004294, 0
0.8239725, 0.4111243, 0.3032888, 0
0.3433245, 0.4457347, 0.2934871, 0
0.3544595, 0.456655, 0.3291803, 0
0.6561704, 0.3658111, 0.3131544, 0
0.532185, 0.4194187, 0.3603499, 0
0.6546463, 0.4387822, 0.2159972, 0
0.4028713, 0.4849574, 0.3178754, 0
0.6728311, 0.4726162, 0.3131262, 0
0.7817271, 0.5191184, 0.2840155, 0
0.5408747, 0.4759315, 0.314545, 0
0.8497306, 0.5572543, 0.3303693, 0
0.4090846, 0.4383936, 0.2208017, 0
0.370506, 0.4851657, 0.339367, 0
0.4953165, 0.3278424, 0.3566716, 0
0.7508609, 0.3796832, 0.2707007, 0
0.4147355, 0.4630524, 0.2976628, 0
0.3724005, 0.4895215, 0.282036, 0
0.6257938, 0.3771923, 0.2060272, 0
0.8402319, 0.5220538, 0.3522572, 0
0.4046338, 0.3886513, 0.4130453, 0
0.8069845, 0.5480494, 0.3400887, 0
0.7909988, 0.4234784, 0.3844093, 0
0.5618049, 0.344797, 0.3317161, 0
0.4726903, 0.3397216, 0.4361471, 0
0.4996394, 0.3005223, 0.2754307, 0
0.7873716, 0.5072463, 0.2526101, 0
0.3936625, 0.4672271, 0.4203803, 0
0.6907004, 0.4240127, 0.373808, 0
0.4208134, 0.3134476, 0.4004136, 0
0.4311418, 0.3198906, 0.408815, 0
0.4932124, 0.4754066, 0.3649101, 0
0.5860711, 0.3728475, 0.4437485, 0
0.4900091, 0.3944484, 0.4382837, 0
0.7059904, 0.3833089, 0.210497, 0
0.6046899, 0.3406448, 0.2858574, 0
0.8078416, 0.501614, 0.2732428, 0
0.7983416, 0.5238224, 0.3363097, 0
0.4545811, 0.4144796, 0.2592026, 0
0.45961, 0.3873969, 0.2724455, 0
0.7131481, 0.2854166, 0.2871406, 0
0.5429822, 0.3450182, 0.4278065, 0
0.7157261, 0.3171749, 0.2624023, 0
0.8172634, 0.5211714, 0.3844602, 0
0.4900691, 0.4312012, 0.4092031, 0
0.7968608, 0.5520545, 0.2423017, 0
0.4613156, 0.3822823, 0.3007995, 0
0.5027011, 0.4623356, 0.2758759, 0
0.805025, 0.5222948, 0.2181552, 0
0.5018302, 0.385918, 0.2819764, 0
0.8082393, 0.3625866, 0.2422588, 0
0.5440489, 0.466217, 0.2383126, 0
0.4124608, 0.2955936, 0.3087091, 0
0.4427028, 0.3239058, 0.2484793, 0
0.6453792, 0.4715621, 0.2307895, 0
0.4133123, 0.4797706, 0.4235626, 0
0.8076897, 0.4823287, 0.2770487, 0
0.6372356, 0.3125302, 0.2793079, 0
0.7788593, 0.5452925, 0.38879, 0
0.4390696, 0.4322399, 0.2968045, 0
0.5020418, 0.3334156, 0.3735482, 0
0.5565432, 0.3366867, 0.3454469, 0
0.6274426, 0.4085715, 0.3848692, 0
0.829257, 0.3155595, 0.3422274, 0
0.6240693, 0.4216359, 0.2174248, 0
0.8103701, 0.3616794, 0.3507776, 0
0.5308198, 0.4222871, 0.4286995, 0
0.3921207, 0.4432755, 0.2253314, 0
0.4383983, 0.3553147, 0.224207, 0
0.3778043, 0.3199072, 0.2675863, 0
0.5080705, 0.4112183, 0.1980547, 0
0.4110501, 0.4871993, 0.4192835, 0
0.6327155, 0.4244628, 0.3015614, 0
0.8075846, 0.5259386, 0.1672336, 0
0.4638225, 0.4806665, 0.2818651, 0
0.3680868, 0.425027, 0.2542781, 0
0.3958258, 0.4674426, 0.2719181, 0
0.774411, 0.4090965, 0.3498719, 0
0.4106281, 0.4174354, 0.4318902, 0
0.8258111, 0.4081308, 0.2315736, 0
0.5671958, 0.366406, 0.2947851, 0
0.8008394, 0.3424232, 0.2993081, 0
0.4755872, 0.4056994, 0.1940785, 0
0.638506, 0.5192668, 0.2615246, 0
0.743977, 0.481847, 0.2376054, 0
0.7972949, 0.488053, 0.3649162, 0
0.4347178, 0.3550137, 0.2291163, 0
0.6544836, 0.3578066, 0.4053675, 0
0.4471591, 0.4515681, 0.343321, 0
0.5259715, 0.4552318, 0.2748483, 0
0.8132787, 0.3535001, 0.3605112, 0
0.7358629, 0.4027615, 0.215544, 0
0.6105313, 0.4105878, 0.3220951, 0
0.8761201, 0.4598833, 0.265323, 0
0.641874, 0.3192349, 0.2951706, 0
0.7826958, 0.5143654, 0.2698179, 0
0.4553173, 0.3803251, 0.4205347, 0
0.4329138, 0.4002542, 0.295926, 0
0.5456519, 0.5002992, 0.2837979, 0
0.3745072, 0.3982101, 0.2198709, 0
0.5312976, 0.4601838, 0.2142667, 0
0.4590389, 0.3498686, 0.3686845, 0
0.8203033, 0.4896166, 0.38973, 0
0.7943423, 0.3617561, 0.2060669, 0
0.7325852, 0.4785358, 0.2857232, 0
0.8391251, 0.4180078, 0.3565755, 0
0.8141164, 0.4480635, 0.2193004, 0
0.4900384, 0.4970262, 0.2771673, 0
0.5620514, 0.4153433, 0.3361276, 0
0.538008, 0.4586999, 0.2511601, 0
0.5643678, 0.3468025, 0.2688032, 0
0.7217742, 0.4265678, 0.3239381, 0
0.487553, 0.3147745, 0.2464222, 0
0.3690044, 0.4029126, 0.3581327, 0
0.4726424, 0.3403321, 0.4162824, 0
0.6682299, 0.4013755, 0.2609081, 0
0.440942, 0.417846, 0.4523708, 0
0.3765387, 0.4680452, 0.3357223, 0
0.7031422, 0.3043287, 0.3998581, 0
0.4695452, 0.409222, 0.453678, 0
0.638563, 0.3348347, 0.2327531, 0
0.4458944, 0.2912628, 0.268838, 0
0.5938839, 0.2959644, 0.3996348, 0
0.8220968, 0.321849, 0.3039069, 0
0.4800718, 0.4256721, 0.2867164, 0
0.7271569, 0.3693743, 0.3700609, 0
0.8804267, 0.4677661, 0.3623747, 0
0.3677255, 0.4966584, 0.3393795, 0
0.4457374, 0.4470874, 0.4417554, 0
0.7964755, 0.4592653, 0.2916212, 0
0.6865759, 0.3090837, 0.3350477, 0
0.3577371, 0.4128626, 0.2498168, 0
0.7567866, 0.4807568, 0.2042848, 0
0.8706477, 0.425467, 0.3159966, 0
0.4720399, 0.3582602, 0.4390362, 0
0.4001077, 0.4813844, 0.2460895, 0
0.7784047, 0.5629784, 0.3273678, 0
0.7673458, 0.440262, 0.393501, 0
0.8378268, 0.4679842, 0.3295363, 0
0.4370998, 0.4213887, 0.3167946, 0
0.4836762, 0.3074629, 0.3939149, 0
0.584934, 0.2758862, 0.3018411, 0
0.4899421, 0.3872738, 0.3569834, 0
0.5129914, 0.3172453, 0.3015029, 0
0.8022534, 0.3375161, 0.2378634, 0
0.6198786, 0.2923155, 0.2210055, 0
0.5674674, 0.3160076, 0.3431211, 0
0.811936, 0.394441, 0.2248858, 0
0.4788365, 0.3657892, 0.3868433, 0
0.7705685, 0.5392285, 0.339839, 0
0.8243812, 0.5026743, 0.2082744, 0
0.5140545, 0.3372099, 0.3109994, 0
0.476134, 0.4178351, 0.4308744, 0
0.4142555, 0.2897738, 0.3429283, 0
0.3714927, 0.3562488, 0.3521087, 0
0.729477, 0.5106473, 0.3159302, 0
0.4909346, 0.3058071, 0.3670799, 0
0.4649748, 0.3453838, 0.2049913, 0
0.6424125, 0.2873033, 0.2954751, 0
0.7123238, 0.3618778, 0.2075762, 0
0.5329843, 0.3615162, 0.2550167, 0
0.5311942, 0.3186902, 0.3765697, 0
0.7317283, 0.4655996, 0.3007896, 0
0.6891616, 0.5110955, 0.2872832, 0
0.7492678, 0.326401, 0.4128297, 0
0.4423167, 0.29058, 0.3550268, 0
0.6426594, 0.4569657, 0.3211538, 0
0.7425973, 0.4569542, 0.224528, 0
0.7338281, 0.3634136, 0.3961464, 0
0.7291039, 0.315524, 0.3179049, 0
0.8399746, 0.4967563, 0.2701608, 0
0.4871643, 0.3263755, 0.2072214, 0
0.4001414, 0.438379, 0.2821444, 0
0.6142454, 0.4190819, 0.2865574, 0
0.5210322, 0.4641899, 0.2101583, 0
0.6978778, 0.3743191, 0.3391848, 0
0.4594217, 0.4267075, 0.2226245, 0
0.4180764, 0.3968722, 0.2691272, 0
0.7570691, 0.4321434, 0.1852491, 0
0.7784408, 0.3920686, 0.4158339, 0
0.7490709, 0.5656327, 0.310374, 0
0.3970732, 0.401557, 0.4194662, 0
0.4891782, 0.4823797, 0.3982715, 0
0.524982, 0.3391325, 0.4386054, 0
0.7996973, 0.4306298, 0.3240428, 0
0.7765269, 0.2830935, 0.322975, 0
0.7753943, 0.313157, 0.2434623, 0
0.5238254, 0.4612344, 0.2182698, 0
0.6660875, 0.4821795, 0.3234403, 0
0.5564753, 0.3537836, 0.3182429, 0
0.5208545, 0.3250625, 0.3375759, 0
0.5154141, 0.3414243, 0.4261967, 0
0.3958232, 0.2931319, 0.3303877, 0
0.8188105, 0.5974407, 0.2316286, 0
0.5624963, 0.497829, 0.2790825, 0
0.5029966, 0.3369462, 0.3685341, 0
0.5089955, 0.3597166, 0.3432587, 0
0.5877936, 0.3904279, 0.376046, 0
0.8056526, 0.4667051, 0.3407049, 0
0.5166588, 0.4982287, 0.3865857, 0
0.505724, 0.3294253, 0.4082933, 0
0.6506836, 0.3339773, 0.2542802, 0
0.4379464, 0.4089498, 0.3109064, 0
0.3985077, 0.3785455, 0.349412, 0
0.416932, 0.3463922, 0.2656889, 0
0.3545721, 0.3493435, 0.2762547, 0
0.779174, 0.473729, 0.3180001, 0
0.8814494, 0.381507, 0.3890125, 0
0.4578825, 0.4652618, 0.3757871, 0
0.4654504, 0.4010793, 0.4185892, 0
0.7471024, 0.3605963, 0.3986104, 0
0.8284484, 0.4113753, 0.3609065, 0
0.7438561, 0.4948249, 0.2115395, 0
0.6288273, 0.3185804, 0.2572237, 0
0.4328961, 0.3233239, 0.2549734, 0
0.395554, 0.4804029, 0.2443048, 0
0.4999461, 0.3712453, 0.3732494, 0
0.85483, 0.4565997, 0.1989882, 0
0.591202, 0.3787358, 0.2843144, 0
0.3775382, 0.3647288, 0.2316786, 0
0.5449424, 0.5083554, 0.3719257, 0
0.8472859, 0.49888, 0.1644256, 0
0.3575383, 0.4178598, 0.253743, 0
0.7941846, 0.4554265, 0.1824966, 0
0.5038832, 0.4221148, 0.3403043, 0
0.4537506, 0.4628878, 0.3207248, 0
0.3855131, 0.3749032, 0.364641, 0
0.7561734, 0.3761627, 0.388071, 0
0.5925512, 0.4570563, 0.2349502, 0
0.6874382, 0.4020542, 0.2822527, 0
0.7961143, 0.4500951, 0.3318551, 0
0.4997627, 0.401935, 0.2729848, 0
0.8167311, 0.4737987, 0.1871323, 0
0.7965407, 0.2942036, 0.334871, 0
0.5853261, 0.428297, 0.3074004, 0
0.7125233, 0.4256321, 0.2309423, 0
0.4907967, 0.4886026, 0.2963974, 0
0.5086088, 0.3000782, 0.3400582, 0
0.4277304, 0.5131487, 0.2928649, 0
0.8230464, 0.5057246, 0.215348, 0
0.6564313, 0.3567204, 0.2975219, 0
0.8467176, 0.4257773, 0.2259019, 0
0.5460709, 0.3022082, 0.2374698, 0
0.7317554, 0.359998, 0.2267976, 0
0.7701641, 0.3481278, 0.417184, 0
0.5258051, 0.4368486, 0.4214931, 0
0.5520332, 0.4565827, 0.3495432, 0
0.7623647, 0.4271732, 0.2355985, 0
0.7050189, 0.4455551, 0.3783614, 0
0.6203631, 0.3294462, 0.3575727, 0
0.6191054, 0.2797799, 0.3578095, 0
0.8607501, 0.4124903, 0.2081176, 0
0.6632058, 0.3653285, 0.1856853, 0
0.7815331, 0.4238022, 0.2456909, 0
0.6534744, 0.3238697, 0.3341977, 0
0.8039688, 0.587348, 0.3921138, 0
0.6485224, 0.4402664, 0.3393522, 0
0.3569817, 0.4471334, 0.3314542, 0
0.3886192, 0.4563597, 0.2611228, 0
0.5782042, 0.4324582, 0.4020545, 0
0.8801669, 0.3588913, 0.3105735, 0
0.8118761, 0.3154234, 0.2738883, 0
0.3731267, 0.4737908, 0.2623247, 0
0.5319716, 0.3363786, 0.2141689, 0
0.7184198, 0.3758051, 0.2360788, 0
0.4457422, 0.369321, 0.2208729, 0
0.7049879, 0.319739, 0.3723883, 0
0.7683266, 0.3611437, 0.3210634, 0
0.8379395, 0.5116487, 0.2186448, 0
0.3829452, 0.3957734, 0.3560328, 0
0.750613, 0.3051695, 0.3716287, 0
0.4764902, 0.4522121, 0.3157015, 0
0.3623077, 0.4459293, 0.3106865, 0
0.6082939, 0.3429222, 0.2144889, 0
0.5384089, 0.3018599, 0.2605421, 0
0.7842869, 0.3616543, 0.355744, 0
0.6454713, 0.319998, 0.294456, 0
0.5819812, 0.3048492, 0.3357934, 0
0.8047087, 0.3660174, 0.3195447, 0
0.4217468, 0.3220661, 0.4165666, 0
0.4157088, 0.4498923, 0.4257836, 0
0.6739387, 0.3214692, 0.2551276, 0
0.6316708, 0.374647, 0.2552269, 0
0.6498218, 0.2789829, 0.3003187, 0
0.8446633, 0.4603772, 0.3522373, 0
0.8121939, 0.620992, 0.2971776, 0
0.4410528, 0.3258084, 0.4264039, 0
0.7906483, 0.4434028, 0.1713411, 0
0.5366185, 0.3981436, 0.4233145, 0
0.7609258, 0.5171373, 0.3802322, 0
0.4688633, 0.3025058, 0.4030131, 0
0.6752214, 0.2949756, 0.4008082, 0
0.8265013, 0.5604427, 0.1739562, 0
0.7267939, 0.3390142, 0.2064915, 0
0.5998086, 0.4223587, 0.3043559, 0
0.4477968, 0.4467831, 0.2405116, 0
0.4505524, 0.3319778, 0.40646, 0
0.7944939, 0.37153, 0.2169574, 0
0.8695638, 0.4357366, 0.2892837, 0
0.4002287, 0.3817786, 0.3746679, 0
0.7610983, 0.5739708, 0.3318703, 0
0.813415, 0.5773758, 0.2981475, 0
0.4022506, 0.5234426, 0.3513796, 0
0.686185, 0.3509324, 0.3388672, 0
0.7748655, 0.5103016, 0.3008478, 0
0.4574231, 0.2892754, 0.2812089, 0
0.8313715, 0.4059796, 0.4026334, 0
0.8189843, 0.4665116, 0.4100775, 0
0.6297303, 0.3671231, 0.306609, 0
0.6464766, 0.3584595, 0.4242756, 0
0.5361763, 0.3253725, 0.3923306, 0
0.4360012, 0.337974, 0.3464614, 0
0.405452, 0.2916138, 0.3433143, 0
0.4759226, 0.3734304, 0.3080352, 0
0.758313, 0.2995338, 0.2932416, 0
0.8683869, 0.3874548, 0.2508567, 0
0.6774648, 0.5027297, 0.3081797, 0
0.6083299, 0.4044573, 0.3077239, 0
0.7395129, 0.4382528, 0.3653767, 0
0.8176466, 0.4931472, 0.3619941, 0
0.8581708, 0.4081079, 0.2950074, 0
0.7981049, 0.4208085, 0.2416609, 0
0.7156987, 0.4558214, 0.3750478, 0
0.7507212, 0.4051676, 0.3438533, 0
0.8310305, 0.3339142, 0.3284784, 0
0.3639953, 0.4764937, 0.3482759, 0
0.650889, 0.3065497, 0.4000338, 0
0.4993131, 0.417188, 0.2624309, 0
0.703307, 0.3646313, 0.2096711, 0
0.3584668, 0.4392924, 0.3157935, 0
0.400326, 0.317788, 0.2808779, 0
0.8112285, 0.415387, 0.1848395, 0
0.5092854, 0.3246123, 0.3219738, 0
0.4873099, 0.320651, 0.3721913, 0
0.7931734, 0.5616986, 0.3689865, 0
0.4644383, 0.3238874, 0.3291186, 0
0.3880043, 0.3034729, 0.2859133, 0
0.5314378, 0.3121005, 0.2358738, 0
0.5637687, 0.3283796, 0.3361312, 0
0.4711952, 0.3504273, 0.3654989, 0
0.5070813, 0.4096911, 0.3983141, 0
0.4456014, 0.3491316, 0.2177377, 0
0.7015094, 0.340435, 0.3642783, 0
0.8739809, 0.4763945, 0.3704528, 0
0.4869381, 0.4188322, 0.3658803, 0
0.6166165, 0.4020713, 0.2039629, 0
0.8436968, 0.4932713, 0.3234544, 0
0.3780321, 0.5005568, 0.3811326, 0
0.4840524, 0.3616569, 0.2566892, 0
0.5560819, 0.4086491, 0.3499603, 0
0.799926, 0.3768447, 0.2083747, 0
0.536033, 0.3146299, 0.277946, 0
0.7604617, 0.4176852, 0.3749834, 0
0.7202015, 0.4172232, 0.375384, 0
0.482392, 0.3356749, 0.3311558, 0
0.7551889, 0.526949, 0.1930939, 0
0.6103745, 0.3123448, 0.2434598, 0
0.3460434, 0.3843313, 0.2474145, 0
0.703217, 0.336428, 0.2014396, 0
0.6675186, 0.3106018, 0.4128058, 0
0.8407866, 0.4779061, 0.160845, 0
0.4824966, 0.3149891, 0.2552213, 0
0.5387075, 0.5213923, 0.3143443, 0
0.8257017, 0.5590351, 0.4001529, 0
0.5808132, 0.4851987, 0.2408598, 0
0.8312244, 0.4821913, 0.3007261, 0
0.4289196, 0.4106742, 0.2010704, 0
0.6767707, 0.3421238, 0.3254478, 0
0.7475582, 0.2769354, 0.3175866, 0
0.3650344, 0.4592693, 0.2665949, 0
0.6018186, 0.4021821, 0.2989552, 0
0.7633057, 0.5670784, 0.2995417, 0
0.5442708, 0.1453363, 0.1457659, 0
0.7281253, 0.4807381, 0.2596008, 0
0.421843, 0.4848004, 0.4157342, 0
0.8205846, 0.4763517, 0.2183755, 0
0.4480574, 0.3022344, 0.2551423, 0
0.815801, 0.5014545, 0.304054, 0
0.793871, 0.5635684, 0.405987, 0
0.5634457, 0.4627213, 0.3116516, 0
0.6931784, 0.4290711, 0.3338155, 0
0.8761237, 0.4183529, 0.3984429, 0
0.6228079, 0.3636283, 0.3918613, 0
0.4479066, 0.4960563, 0.2352449, 0
0.5761008, 0.4282959, 0.270496, 0
0.406768, 0.4117386, 0.3757783, 0
0.4017828, 0.4178435, 0.2289686, 0
0.4837439, 0.3675079, 0.4074371, 0
0.5779381, 0.3218669, 0.4128469, 0
0.638457, 0.4249034, 0.3065526, 0
0.8495058, 0.4141063, 0.3777092, 0
0.7507384, 0.3665533, 0.180115, 0
0.5286732, 0.3696742, 0.3073156, 0
0.7755879, 0.3978064, 0.2943312, 0
0.7532302, 0.4767031, 0.2985888, 0
0.6584913, 0.4383512, 0.3168287, 0
0.7281629, 0.3552909, 0.3302001, 0
0.4148844, 0.4062036, 0.2987716, 0
0.5988209, 0.342028, 0.3081806, 0
0.5265267, 0.4540847, 0.3035542, 0
0.8369679, 0.352266, 0.3954698, 0
0.8416357, 0.509325, 0.4087137, 0
0.5268199, 0.3314993, 0.3242941, 0
0.6246355, 0.2764398, 0.3150327, 0
0.7647651, 0.4870315, 0.244763, 0
0.6306527, 0.4637753, 0.2945107, 0
0.4446167, 0.5013952, 0.4109489, 0
0.409921, 0.476354, 0.2884608, 0
0.4197896, 0.4182557, 0.3775185, 0
0.6503335, 0.4361821, 0.3601407, 0
0.5203879, 0.3606311, 0.3306777, 0
0.8192477, 0.493082, 0.2655807, 0
0.6463873, 0.4112583, 0.2108922, 0
0.7417498, 0.4931376, 0.2184379, 0
0.8106014, 0.3724398, 0.3246031, 0
0.3451221, 0.417915, 0.2764302, 0
0.4137426, 0.5001677, 0.4022233, 0
0.8204985, 0.365391, 0.1911051, 0
0.8370286, 0.4077708, 0.2182339, 0
0.6912566, 0.4437844, 0.3551577, 0
0.4022684, 0.4914725, 0.3590096, 0
0.4734274, 0.4026847, 0.4115961, 0
0.4962363, 0.5216593, 0.3390076, 0
0.7018697, 0.38818, 0.3727494, 0
0.7788566, 0.3034145, 0.3289713, 0
0.3750312, 0.3967935, 0.2166737, 0
0.4584527, 0.4028049, 0.3272995, 0
0.828973, 0.4603181, 0.2962543, 0
0.7262225, 0.4055703, 0.3305457, 0
0.5469308, 0.4692078, 0.2322359, 0
0.7653123, 0.4328203, 0.3945656, 0
0.7947226, 0.3489329, 0.2980207, 0
0.7819558, 0.5497787, 0.2659214, 0
0.5585141, 0.4031194, 0.3149927, 0
0.5317844, 0.3487114, 0.4460223, 0
0.4296914, 0.429733, 0.3724002, 0
0.6597356, 0.4416243, 0.252265, 0
0.7460507, 0.4588688, 0.3878932, 0
0.6885917, 0.519207, 0.2993108, 0
0.5975401, 0.4600229, 0.2817747, 0
0.780973, 0.3968724, 0.3656114, 0
0.6074333, 0.3145053, 0.2763606, 0
0.5830095, 0.5120416, 0.2604469, 0
0.4224236, 0.4958276, 0.4083168, 0
0.7014019, 0.3612036, 0.3404367, 0
0.4944987, 0.4846881, 0.3619913, 0
0.558732, 0.3887395, 0.4430784, 0
0.3552527, 0.4592193, 0.3507406, 0
0.4773001, 0.3783666, 0.1994171, 0
0.5275412, 0.4847174, 0.2978743, 0
0.5107976, 0.4887914, 0.2675828, 0
0.5689977, 0.3056804, 0.2181748, 0
0.7201341, 0.5185531, 0.3317422, 0
0.5535285, 0.3224427, 0.2074121, 0
0.6166129, 0.3568382, 0.3787529, 0
0.4146483, 0.3822905, 0.3833463, 0
0.7492511, 0.5175372, 0.2543864, 0
0.7825729, 0.5311224, 0.3048761, 0
0.8834352, 0.4401351, 0.3387289, 0
0.6000748, 0.3839898, 0.404887, 0
0.569191, 0.4239036, 0.345295, 0
0.4607653, 0.4476749, 0.3766896, 0
0.8146847, 0.4364022, 0.2572992, 0
0.4922515, 0.3207051, 0.3683579, 0
0.6488975, 0.3571177, 0.2310974, 0
0.8648255, 0.4255478, 0.348981, 0
0.7815802, 0.4112537, 0.3309829, 0
0.7500083, 0.3879501, 0.3369235, 0
0.7537376, 0.444181, 0.2592329, 0
0.364451, 0.3988112, 0.23014, 0
0.4990096, 0.3124852, 0.2437142, 0
0.49062, 0.4115748, 0.4382302, 0
0.6490601, 0.3603814, 0.4327223, 0
0.7875622, 0.5969697, 0.3779703, 0
0.4978644, 0.3720658, 0.4075459, 0
0.5829415, 0.4469849, 0.3238965, 0
0.8239241, 0.5432936, 0.2288198, 0
0.7596042, 0.5575708, 0.2413681, 0
0.4192611, 0.5056464, 0.4044065, 0
0.5979769, 0.3943766, 0.2772117, 0
0.376087, 0.3916467, 0.2872677, 0
0.8190671, 0.4774991, 0.164063, 0
0.7572757, 0.4247555, 0.2923425, 0
0.7663291, 0.4942299, 0.4067037, 0
0.8452269, 0.3302954, 0.2817605, 0
0.5824665, 0.3334804, 0.2792819, 0
0.6460617, 0.4049496, 0.2213036, 0
0.5618265, 0.3217415, 0.2326918, 0
0.439289, 0.4936379, 0.3824675, 0
0.6226287, 0.4194357, 0.2038385, 0
0.7908934, 0.5143753, 0.3998977, 0
0.5379355, 0.4305547, 0.2127524, 0
0.7464097, 0.5678724, 0.3399556, 0
0.8413846, 0.4114687, 0.2108827, 0
0.430333, 0.3402747, 0.2431519, 0
0.8475084, 0.3673758, 0.3616794, 0
0.5429004, 0.3610738, 0.4482407, 0
0.7573511, 0.4642876, 0.189243, 0
0.6873417, 0.4037193, 0.2029152, 0
0.4071912, 0.2917483, 0.3457032, 0
0.8376915, 0.5430452, 0.3393216, 0
0.4322641, 0.4871617, 0.4115611, 0
0.5941483, 0.341483, 0.2203112, 0
0.5150659, 0.3262505, 0.2569335, 0
0.4484245, 0.295881, 0.2715312, 0
0.3989, 0.3467547, 0.3430287, 0
0.7115862, 0.4004937, 0.3673328, 0
0.4955297, 0.4560645, 0.2958612, 0
0.3924714, 0.4319963, 0.2259255, 0
0.7506822, 0.5103524, 0.3438735, 0
0.7290328, 0.3317184, 0.3885376, 0
0.6804364, 0.2964742, 0.2738133, 0
0.4567639, 0.5066641, 0.3122781, 0
0.6515296, 0.3381079, 0.3900822, 0
0.5967011, 0.3717315, 0.2393063, 0
0.5732749, 0.489168, 0.3284822, 0
0.7471875, 0.4553776, 0.2583438, 0
0.8227323, 0.4125809, 0.2037872, 0
0.5369696, 0.4223861, 0.4398608, 0
0.4510122, 0.3846625, 0.2879429, 0
0.5448682, 0.4598991, 0.2790246, 0
0.7112562, 0.3717337, 0.411501, 0
0.409477, 0.3655747, 0.321119, 0
0.8651631, 0.3918194, 0.272079, 0
0.4829191, 0.3696924, 0.3973269, 0
0.6763213, 0.3690726, 0.2734852, 0
0.5834054, 0.3015583, 0.3272323, 0
0.5036929, 0.3579798, 0.4484933, 0
0.7582664, 0.5455558, 0.2500787, 0
0.6387241, 0.4605531, 0.2175822, 0
0.4213333, 0.2877357, 0.3246751, 0
0.6253117, 0.4875358, 0.2490509, 0
0.4208138, 0.528999, 0.3586618, 0
0.5842106, 0.3388885, 0.2475953, 0
0.4743392, 0.4250316, 0.3233887, 0
0.5017959, 0.3364049, 0.2446792, 0
0.6720359, 0.3393262, 0.3617201, 0
0.3872359, 0.4081452, 0.4194771, 0
0.7491171, 0.328398, 0.3427639, 0
0.7696826, 0.4342923, 0.2601568, 0
0.7823473, 0.5504981, 0.2629796, 0
0.4430478, 0.4836978, 0.2329618, 0
0.8409203, 0.3366801, 0.3377516, 0
0.5863548, 0.4872393, 0.3566227, 0
0.3840238, 0.4297952, 0.3147018, 0
0.635288, 0.3990355, 0.3956535, 0
0.5763448, 0.2962212, 0.2518985, 0
0.4776468, 0.4531, 0.3600194, 0
0.4399683, 0.2965184, 0.3730823, 0
0.6901572, 0.316866, 0.390954, 0
0.4404961, 0.3567171, 0.3853216, 0
0.695212, 0.3961086, 0.2003891, 0
0.7979646, 0.3540307, 0.2288833, 0
0.5463445, 0.4216454, 0.3977545, 0
0.4081332, 0.3666977, 0.293078, 0
0.740567, 0.5916369, 0.2863705, 0
0.4703349, 0.4797942, 0.412974, 0
0.7034945, 0.4857681, 0.3228348, 0
0.4454485, 0.4643323, 0.2488445, 0
0.4612652, 0.3168395, 0.3799739, 0
0.4081439, 0.3252128, 0.2511617, 0
0.5476172, 0.427867, 0.4387445, 0
0.3773052, 0.4014006, 0.3114214, 0
0.5116898, 0.3176519, 0.2254343, 0
0.7362747, 0.5248936, 0.3112551, 0
0.741469, 0.5558891, 0.2756919, 0
0.4122776, 0.4390831, 0.3347595, 0
0.7981372, 0.5198642, 0.3556076, 0
0.8229579, 0.5190983, 0.2440344, 0
0.7599953, 0.4976977, 0.3101249, 0
0.3940633, 0.4466656, 0.2204031, 0
0.8863442, 0.3829332, 0.2305629, 0
0.7165298, 0.4628017, 0.2278375, 0
0.6136019, 0.325691, 0.3075423, 0
0.836373, 0.4010706, 0.2166689, 0
0.6313254, 0.3333941, 0.4107096, 0
0.7689031, 0.416126, 0.3041894, 0
0.708429, 0.4233783, 0.3529629, 0
0.6399135, 0.453247, 0.2195253, 0
0.5332366, 0.4125742, 0.2554529, 0
0.8471936, 0.5262398, 0.3931071, 0
0.7225803, 0.4709655, 0.252349, 0
0.3707832, 0.309589, 0.2776583, 0
0.8394017, 0.5739807, 0.2455993, 0
0.4058852, 0.3365604, 0.3790236, 0
0.5264695, 0.3920287, 0.4471247, 0
0.5260025, 0.3451296, 0.2026465, 0
0.8297623, 0.5674692, 0.4078722, 0
0.471051, 0.4818356, 0.2182278, 0
0.8583606, 0.4755522, 0.1789002, 0
0.5525183, 0.4512664, 0.2261123, 0
0.4373877, 0.2897117, 0.2856449, 0
0.3902657, 0.4068269, 0.4133828, 0
0.8738069, 0.3965637, 0.357844, 0
0.5633494, 0.3968223, 0.2600977, 0
0.8264286, 0.5061616, 0.2391628, 0
0.685809, 0.4011593, 0.3113536, 0
0.5901395, 0.4804052, 0.3387474, 0
0.7492065, 0.5176987, 0.2768936, 0
0.3911541, 0.3628685, 0.2272378, 0
0.6476328, 0.340962, 0.2442084, 0
0.6735154, 0.4151616, 0.2376271, 0
0.7807473, 0.3775197, 0.2382649, 0
0.7071522, 0.3522039, 0.3959757, 0
0.7236999, 0.3777747, 0.2673458, 0
0.5296074, 0.5033917, 0.3630097, 0
0.5854754, 0.387958, 0.3332427, 0
0.5271167, 0.4965229, 0.25029, 0
0.8280712, 0.5789708, 0.3002863, 0
0.5988786, 0.3245102, 0.2989256, 0
0.4884164, 0.3859276, 0.4552787, 0
0.8156306, 0.4295646, 0.2322752, 0
0.8869141, 0.4426644, 0.2987734, 0
0.7909563, 0.6121172, 0.2953095, 0
0.8486063, 0.4117613, 0.2092488, 0
0.4436849, 0.4266795, 0.4515373, 0
0.5483248, 0.4163339, 0.2912354, 0
0.6867846, 0.49709, 0.2672788, 0
0.4965802, 0.4678034, 0.3059662, 0
0.3719804, 0.4983586, 0.3711878, 0
0.5061066, 0.3187192, 0.3787044, 0
0.4238083, 0.301457, 0.2685089, 0
0.6756735, 0.4118645, 0.2044684, 0
0.4925252, 0.3316844, 0.4274018, 0
0.5543129, 0.4640871, 0.3376112, 0
0.8136464, 0.4264953, 0.2129697, 0
0.8252567, 0.445766, 0.3773714, 0
0.5896257, 0.4918284, 0.3345478, 0
0.5956318, 0.4252256, 0.2901711, 0
0.8482324, 0.3904843, 0.1961305, 0
0.8214278, 0.3372062, 0.2675681, 0
0.7582309, 0.3714971, 0.2420137, 0
0.6258548, 0.3030329, 0.3998794, 0
0.6572065, 0.3573388, 0.1913576, 0
0.7829066, 0.4517422, 0.4051167, 0
0.6765532, 0.4952796, 0.2370552, 0
0.7705436, 0.4325259, 0.3357597, 0
0.638712, 0.3653039, 0.3661071, 0
0.7726474, 0.3054752, 0.3639338, 0
0.526056, 0.3343824, 0.4016629, 0
0.6296013, 0.3460732, 0.3125458, 0
0.5007085, 0.2972834, 0.3203988, 0
0.4648043, 0.4402854, 0.4509621, 0
0.8459442, 0.4041201, 0.3250031, 0
0.4568231, 0.325544, 0.2852721, 0
0.4526608, 0.4412611, 0.4077097, 0
0.4625308, 0.515291, 0.3782523, 0
0.4616921, 0.4499912, 0.3428784, 0
0.6696669, 0.3338059, 0.3610731, 0
0.7620115, 0.3686441, 0.1998944, 0
0.802571, 0.5251885, 0.3273806, 0
0.4262478, 0.4392699, 0.4089004, 0
0.6958455, 0.4877064, 0.2462033, 0
0.6364828, 0.457735, 0.2785982, 0
0.8216952, 0.3492627, 0.3546825, 0
0.8109498, 0.5589817, 0.3640886, 0
0.4790422, 0.3205296, 0.4241826, 0
0.6626428, 0.4408378, 0.3200296, 0
0.7916437, 0.4839192, 0.2953009, 0
0.5986478, 0.2813737, 0.2642788, 0
0.7254487, 0.3365681, 0.2451637, 0
0.444207, 0.4705527, 0.301633, 0
0.3646581, 0.4876555, 0.2921543, 0
0.5267421, 0.3598953, 0.2747834, 0
0.7538475, 0.3425366, 0.2361794, 0
0.4021883, 0.3799101, 0.4101941, 0
0.7877905, 0.425963, 0.3462349, 0
0.4452846, 0.349979, 0.423016, 0
0.8542696, 0.4002356, 0.2260526, 0
0.3859374, 0.3809172, 0.3559296, 0
0.5017131, 0.3955257, 0.4274548, 0
0.4377266, 0.5502953, 0.3284285, 0
0.4368945, 0.3831845, 0.1846674, 0
0.6486763, 0.38054, 0.3515294, 0
0.8353321, 0.4966978, 0.406926, 0
0.4058793, 0.4744044, 0.322734, 0
0.7137613, 0.3236401, 0.2645726, 0
0.6566731, 0.3150746, 0.2234718, 0
0.7750143, 0.3022743, 0.3387981, 0
0.8423679, 0.5144252, 0.3832517, 0
0.8220698, 0.4086001, 0.3474178, 0
0.5392066, 0.3249413, 0.3053307, 0
0.4189499, 0.4838288, 0.3091506, 0
0.831884, 0.5255509, 0.2292144, 0
0.748462, 0.5119541, 0.2402571, 0
0.8317769, 0.5851495, 0.2168398, 0
0.6390133, 0.3210178, 0.392155, 0
0.4147723, 0.3640524, 0.3028861, 0
0.4554506, 0.3787674, 0.2706185, 0
0.8274202, 0.4832297, 0.3369149, 0
0.4397275, 0.3852732, 0.1964367, 0
0.600792, 0.4343135, 0.3204404, 0
0.6169048, 0.4076884, 0.3565219, 0
0.3703486, 0.3111676, 0.2758849, 0
0.6087627, 0.3614903, 0.2456451, 0
0.5131454, 0.4143192, 0.3670351, 0
0.4323793, 0.4049567, 0.1992547, 0
0.7345374, 0.561127, 0.3686458, 0
0.4219367, 0.3373481, 0.3416227, 0
0.6405905, 0.3219715, 0.3200698, 0
0.3688303, 0.4087107, 0.2455985, 0
0.7976756, 0.4174227, 0.3100257, 0
0.5958907, 0.4374979, 0.3857862, 0
0.8544341, 0.5665492, 0.2327138, 0
0.38387, 0.3255843, 0.3524413, 0
0.750609, 0.3645939, 0.2202194, 0
0.7385094, 0.3108965, 0.3153804, 0
0.4147828, 0.3909961, 0.3450159, 0
0.5843555, 0.4180357, 0.2071273, 0
0.6192222, 0.4537253, 0.3493948, 0
0.4229231, 0.4943029, 0.2873417, 0
0.4852226, 0.5073532, 0.322866, 0
0.7498955, 0.4983381, 0.3656398, 0
0.5303473, 0.4800619, 0.3506767, 0
0.5009212, 0.4337551, 0.2506304, 0
0.8602756, 0.5189232, 0.2228501, 0
0.7849572, 0.3608777, 0.3789786, 0
0.8450645, 0.3441231, 0.2976677, 0
0.810936, 0.4327077, 0.3841256, 0
0.4974128, 0.4119055, 0.2431667, 0
0.4400972, 0.3962122, 0.2745708, 0
0.647126, 0.325006, 0.2652598, 0
0.625338, 0.2868338, 0.2443455, 0
0.5064147, 0.3319633, 0.1904058, 0
0.4179545, 0.2891715, 0.3403845, 0
0.6263144, 0.3352064, 0.3259231, 0
0.4077612, 0.3378634, 0.3216616, 0
0.4868467, 0.370249, 0.2864061, 0
0.7016324, 0.2951412, 0.2527326, 0
0.4481255, 0.2982271, 0.3888595, 0
0.6003205, 0.3609161, 0.3282077, 0
0.5093692, 0.380908, 0.3851227, 0
0.4419192, 0.3980584, 0.2507014, 0
0.4560281, 0.4173797, 0.2405036, 0
0.553082, 0.500788, 0.2580056, 0
0.6033741, 0.3400715, 0.3443967, 0
0.7718915, 0.2907567, 0.3108378, 0
0.8626276, 0.3443889, 0.2898512, 0
0.5160087, 0.3653643, 0.2881688, 0
0.6734267, 0.3951567, 0.3460113, 0
0.5226288, 0.4443737, 0.2273268, 0
0.6801149, 0.413456, 0.2196053, 0
0.5136766, 0.4982471, 0.3909128, 0
0.4294862, 0.4575988, 0.2906558, 0
0.6057692, 0.3610173, 0.1983562, 0
0.6070458, 0.3497484, 0.386546, 0
0.4793734, 0.4035856, 0.2320683, 0
0.6765279, 0.370384, 0.3340796, 0
0.5278713, 0.3816262, 0.2448186, 0
0.5907283, 0.2863696, 0.2516454, 0
0.7278933, 0.3005664, 0.3934588, 0
0.6640911, 0.4067266, 0.3764623, 0
0.438285, 0.4552178, 0.3827243, 0
0.4877427, 0.4666537, 0.377074, 0
0.6023134, 0.3362451, 0.2637189, 0
0.38807, 0.3171366, 0.3492824, 0
0.8438497, 0.4076013, 0.2917526, 0
0.8079395, 0.389113, 0.2302575, 0
0.3968079, 0.3665668, 0.4086198, 0
0.5687041, 0.2959118, 0.2731593, 0
0.7922586, 0.4978918, 0.3318921, 0
0.521147, 0.4601448, 0.2063773, 0
0.8409863, 0.3948459, 0.3575765, 0
0.6462042, 0.3292928, 0.426999, 0
0.5485974, 0.3322186, 0.253737, 0
0.8235419, 0.3832367, 0.3646467, 0
0.7260373, 0.3627875, 0.3355547, 0
0.4843614, 0.4890057, 0.2612152, 0
0.5740551, 0.5138701, 0.3413393, 0
0.4915943, 0.4611459, 0.4092967, 0
0.739636, 0.4701366, 0.2569553, 0
0.7024808, 0.2786592, 0.30609, 0
0.8222607, 0.4415373, 0.1924101, 0
0.5747929, 0.4312705, 0.327088, 0
0.3698593, 0.5020575, 0.3364115, 0
0.4430494, 0.2897572, 0.3536671, 0
0.5408316, 0.3327672, 0.4236662, 0
0.8157959, 0.4181623, 0.3084451, 0
0.4790457, 0.4875666, 0.3141667, 0
0.5681174, 0.3930411, 0.2624684, 0
0.7356839, 0.5768349, 0.279685, 0
0.6334481, 0.4227638, 0.3927328, 0
0.8460705, 0.3808818, 0.2816409, 0
0.6889468, 0.2934699, 0.3308187, 0
0.722369, 0.3543819, 0.382058, 0
0.4576969, 0.4903834, 0.2391708, 0
0.4785941, 0.291839, 0.2730106, 0
0.5386124, 0.4022972, 0.4326479, 0
0.3683896, 0.4287035, 0.372658, 0
0.4063184, 0.3125233, 0.4022281, 0
0.6657394, 0.31199, 0.2822612, 0
0.8540298, 0.5016625, 0.1772999, 0
0.5497221, 0.3761047, 0.3215389, 0
0.5227277, 0.3408399, 0.4303401, 0
0.845647, 0.4996452, 0.4032977, 0
0.7486055, 0.5559623, 0.2232326, 0
0.4645732, 0.4724872, 0.3482233, 0
0.4455877, 0.2973139, 0.2608831, 0
0.651786, 0.3283378, 0.3204253, 0
0.7775664, 0.4112746, 0.2058797, 0
0.7307977, 0.3999186, 0.2051437, 0
0.6969136, 0.4972139, 0.2752158, 0
0.4981666, 0.3419134, 0.3206486, 0
0.3543727, 0.4258873, 0.288006, 0
0.3999242, 0.4511528, 0.2395876, 0
0.553583, 0.3368031, 0.2538066, 0
0.5005928, 0.3202144, 0.3201024, 0
0.5454753, 0.3198051, 0.3067358, 0
0.6022155, 0.4218757, 0.3499506, 0
0.8257334, 0.3268581, 0.2315429, 0
0.4680666, 0.3720284, 0.2895687, 0
0.7878019, 0.5410583, 0.2663847, 0
0.7442842, 0.5044931, 0.2519445, 0
0.4106573, 0.4955035, 0.4020767, 0
0.4942315, 0.4245154, 0.3532746, 0
0.8428366, 0.561399, 0.3451096, 0
0.5038822, 0.4485504, 0.2057865, 0
0.6160464, 0.3308756, 0.2860513, 0
0.4077197, 0.4461354, 0.1988941, 0
0.8148069, 0.4860128, 0.2483162, 0
0.5770614, 0.3289934, 0.2500097, 0
0.4224102, 0.397269, 0.2195791, 0
0.6527205, 0.335949, 0.3420911, 0
0.4755262, 0.3749912, 0.3005274, 0
0.5085872, 0.3323441, 0.4101722, 0
0.5410846, 0.3792881, 0.3857135, 0
0.7721865, 0.5796347, 0.2813987, 0
0.6661835, 0.4398125, 0.3543289, 0
0.8810976, 0.4156315, 0.3425148, 0
0.7630358, 0.4564584, 0.2116858, 0
0.7080464, 0.3013273, 0.3293999, 0
0.421498, 0.3086626, 0.3889323, 0
0.4782588, 0.4308554, 0.214794, 0
0.5014279, 0.3137852, 0.3683935, 0
0.8530282, 0.3313168, 0.3293275, 0
0.5239872, 0.5119959, 0.336263, 0
0.375017, 0.4311317, 0.2632691, 0
0.5169363, 0.4027283, 0.4336618, 0
0.8065495, 0.5120956, 0.3216239, 0
0.6689024, 0.49855, 0.2673424, 0
0.5059669, 0.3956088, 0.4290454, 0
0.6714473, 0.4089217, 0.2242778, 0
0.8435656, 0.5870292, 0.2371091, 0
0.5978301, 0.3458359, 0.2806325, 0
0.8435345, 0.3164486, 0.3096755, 0
0.7652984, 0.3617093, 0.2143665, 0
0.5798613, 0.3908738, 0.3217635, 0
0.5392818, 0.4303274, 0.4358871, 0
0.5033742, 0.4304853, 0.4509749, 0
0.7075537, 0.4757017, 0.2364854, 0
0.5602094, 0.3908099, 0.3091286, 0
0.5852818, 0.2855513, 0.2963854, 0
0.4768073, 0.3236222, 0.287557, 0
0.773421, 0.4123105, 0.3294677, 0
0.4455074, 0.2901922, 0.3152696, 0
0.6612873, 0.3111099, 0.3936248, 0
0.4873935, 0.4799644, 0.3252068, 0
0.491266, 0.4179414, 0.3546033, 0
0.5198383, 0.4078839, 0.3367996, 0
0.4919154, 0.3068923, 0.3628813, 0
0.8306264, 0.3498915, 0.3011364, 0
0.8288147, 0.3792187, 0.2850687, 0
0.3870069, 0.4876616, 0.4088034, 0
0.5544129, 0.3799044, 0.3006402, 0
0.6495296, 0.30009, 0.2588066, 0
0.7608338, 0.3432444, 0.3242732, 0
0.5044696, 0.4879486, 0.2669687, 0
0.6027482, 0.2950113, 0.3412784, 0
0.485296, 0.3371518, 0.238449, 0
0.5007627, 0.4399225, 0.4033672, 0
0.752336, 0.5014168, 0.387455, 0
0.4550455, 0.4366479, 0.2819405, 0
0.8716619, 0.4513185, 0.2863122, 0
0.3804015, 0.3307962, 0.3720147, 0
0.6360679, 0.2967073, 0.3354687, 0
0.8644446, 0.425852, 0.2097221, 0
0.5828654, 0.3663912, 0.390879, 0
0.8599523, 0.3784122, 0.3866815, 0
0.8841877, 0.4031989, 0.215635, 0
0.4160482, 0.2886758, 0.3324633, 0
0.3699548, 0.4296068, 0.3004864, 0
0.6171529, 0.3387889, 0.3518138, 0
0.4510753, 0.4339238, 0.2831141, 0
0.3674966, 0.308529, 0.2878828, 0
0.6650593, 0.4316227, 0.2547679, 0
0.4514644, 0.4256886, 0.4248746, 0
0.7268851, 0.5073387, 0.3009562, 0
0.5187923, 0.3608287, 0.4182023, 0
0.7791576, 0.3470839, 0.256824, 0
0.3703868, 0.3114029, 0.2755573, 0
0.7667195, 0.5026771, 0.3568165, 0
0.3963418, 0.4678592, 0.240375, 0
0.7885441, 0.3325509, 0.3425528, 0
0.5275047, 0.4637811, 0.2091408, 0
0.5326495, 0.436631, 0.3725387, 0
0.8348629, 0.5541394, 0.3347038, 0
0.6716077, 0.4062096, 0.2580763, 0
0.7228791, 0.5062581, 0.3030864, 0
0.8247899, 0.5361066, 0.179235, 0
0.8179365, 0.348742, 0.4043082, 0
0.7816326, 0.3161446, 0.3634554, 0
0.8659389, 0.5003924, 0.3210631, 0
0.6761877, 0.3297632, 0.2245681, 0
0.8326166, 0.3328353, 0.3504771, 0
0.8283792, 0.5759476, 0.2456437, 0
0.432006, 0.342999, 0.398941, 0
0.4370689, 0.3184265, 0.332467, 0
0.8485342, 0.4856907, 0.1965923, 0
0.4255805, 0.2945451, 0.2767738, 0
0.6084739, 0.4205034, 0.2841572, 0
0.3791353, 0.5045668, 0.2908479, 0
0.6834349, 0.3035402, 0.3277226, 0
0.400779, 0.3265105, 0.3527962, 0
0.5492555, 0.3327772, 0.1907638, 0
0.7068251, 0.3569285, 0.211678, 0
0.6162804, 0.3239243, 0.3363109, 0
0.742435, 0.3275746, 0.2734907, 0
0.3701077, 0.490738, 0.3511423, 0
0.8000443, 0.3914651, 0.336044, 0
0.6389703, 0.3897328, 0.2334898, 0
0.8526117, 0.3687406, 0.2850313, 0
0.4641041, 0.4754064, 0.4510919, 0
0.7441873, 0.4568928, 0.2412677, 0
0.5273589, 0.4209481, 0.3675612, 0
0.8033277, 0.4283016, 0.2079929, 0
0.5788805, 0.4426582, 0.2087925, 0
0.5140978, 0.4199113, 0.2961454, 0
0.3503262, 0.3903096, 0.2417429, 0
0.5892816, 0.4843967, 0.3258652, 0
0.8055443, 0.5013172, 0.3536213, 0
0.3930383, 0.3946956, 0.2764323, 0
0.4061203, 0.3532567, 0.3180507, 0
0.6962513, 0.4145249, 0.368576, 0
0.459905, 0.3869219, 0.4308662, 0
0.3855838, 0.5160397, 0.3250901, 0
0.3663311, 0.4043015, 0.3199809, 0
0.678783, 0.3501529, 0.3878571, 0
0.590077, 0.3124768, 0.2349354, 0
0.6385521, 0.4681904, 0.2345542, 0
0.455404, 0.4696373, 0.3923787, 0
0.8468893, 0.5135917, 0.3736017, 0
0.412035, 0.3597932, 0.2846742, 0
0.4391959, 0.3451148, 0.3067467, 0
0.4359551, 0.3379068, 0.4230126, 0
0.5070732, 0.495627, 0.2487077, 0
0.5000843, 0.4059663, 0.3637371, 0
0.3886128, 0.4232457, 0.2297962, 0
0.4971298, 0.4485691, 0.2771676, 0
0.8065114, 0.56961, 0.2992957, 0
0.7361794, 0.3190819, 0.353135, 0
0.8181092, 0.4318879, 0.3130246, 0
0.6257827, 0.4033487, 0.22208, 0
0.8042262, 0.4824439, 0.3921188, 0
0.4560765, 0.2940596, 0.3600683, 0
0.3676556, 0.4968205, 0.2992637, 0
0.6096789, 0.3896005, 0.3816478, 0
0.8432643, 0.443022, 0.304152, 0
0.8682399, 0.4200067, 0.2510758, 0
0.6914387, 0.4921903, 0.280886, 0
0.6277403, 0.3623373, 0.2292206, 0
0.4670831, 0.4985415, 0.2482972, 0
0.4007494, 0.3300408, 0.3857099, 0
0.7631211, 0.464746, 0.3861435, 0
0.651747, 0.4412114, 0.2720794, 0
0.4938236, 0.2988163, 0.2525513, 0
0.7624688, 0.3165461, 0.3390223, 0
0.4227888, 0.4217604, 0.3847207, 0
0.7121705, 0.3075418, 0.3059208, 0
0.5531819, 0.4507621, 0.211036, 0
0.7398912, 0.5425934, 0.2852552, 0
0.4551301, 0.4977959, 0.4261301, 0
0.5126847, 0.3798909, 0.2820403, 0
0.3910259, 0.4999594, 0.4017944, 0
0.8102556, 0.4685804, 0.408117, 0
0.4238512, 0.4522493, 0.3139415, 0
0.737856, 0.5441566, 0.3006721, 0
0.6891824, 0.3247514, 0.4000312, 0
0.5004712, 0.2976389, 0.3310195, 0
0.4623825, 0.2974691, 0.3638853, 0
0.8778978, 0.4536138, 0.2174639, 0
0.511653, 0.3752492, 0.4603989, 0
0.6708364, 0.3244852, 0.2991391, 0
0.7551761, 0.3787881, 0.3969093, 0
0.8134915, 0.5789631, 0.245518, 0
0.3651403, 0.3586315, 0.2454859, 0
0.6529396, 0.3397135, 0.2976738, 0
0.8089285, 0.5704133, 0.296865, 0
0.3803951, 0.4028262, 0.3466283, 0
0.7979073, 0.492777, 0.2078264, 0
0.5242195, 0.5464202, 0.3134328, 0
0.7801878, 0.4027227, 0.3240888, 0
0.6745564, 0.4631355, 0.2569912, 0
0.793238, 0.5752096, 0.2476709, 0
0.6016763, 0.3853135, 0.2080126, 0
0.6996835, 0.3999118, 0.2608657, 0
0.5944533, 0.4715113, 0.2402156, 0
0.677371, 0.457427, 0.2788177, 0
0.4826064, 0.3745761, 0.4036702, 0
0.3503325, 0.4576174, 0.2931359, 0
0.8644143, 0.4861448, 0.2741326, 0
0.6245633, 0.2726478, 0.304795, 0
0.6079692, 0.3045487, 0.3954304, 0
0.8507325, 0.4433192, 0.1804486, 0
0.5312266, 0.3780797, 0.2436819, 0
0.8201705, 0.4420286, 0.1796883, 0
0.8605042, 0.5134897, 0.3733326, 0
0.5444838, 0.4510213, 0.2271404, 0
0.8368846, 0.4150856, 0.3135912, 0
0.5284278, 0.3150444, 0.363379, 0
0.4236405, 0.4155648, 0.4358283, 0
0.7464902, 0.5563104, 0.2395875, 0
0.7208528, 0.4402004, 0.3539674, 0
0.8536453, 0.4936448, 0.272207, 0
0.8089923, 0.4711165, 0.355202, 0
0.5285918, 0.3460031, 0.3061601, 0
0.4012689, 0.2983594, 0.3102717, 0
0.6944873, 0.3789907, 0.1942892, 0
0.6756376, 0.3680353, 0.3477912, 0
0.4924997, 0.3382747, 0.3035732, 0
0.4294014, 0.5293738, 0.3513771, 0
0.5138377, 0.4651305, 0.2544025, 0
0.4854116, 0.3763448, 0.2093112, 0
0.4069395, 0.3046512, 0.2718153, 0
0.5955954, 0.3939958, 0.4262187, 0
0.8616073, 0.4786144, 0.2068323, 0
0.5396119, 0.3553292, 0.4490038, 0
0.8573263, 0.5557789, 0.2957483, 0
0.3550373, 0.4586807, 0.3599445, 0
0.4008894, 0.4272484, 0.4256005, 0
0.6107304, 0.3377306, 0.2098463, 0
0.4819668, 0.3492231, 0.2827705, 0
0.7472947, 0.5402614, 0.2447133, 0
0.4083999, 0.3934849, 0.3389202, 0
0.5893123, 0.3241981, 0.2940515, 0
0.8300543, 0.4680311, 0.2222042, 0
0.6195334, 0.2928545, 0.2284775, 0
0.5663538, 0.3299063, 0.2851876, 0
0.6544161, 0.5006701, 0.3020797, 0
0.5050775, 0.3443085, 0.2865025, 0
0.8307429, 0.428374, 0.3846661, 0
0.5313495, 0.3746018, 0.4058638, 0
0.7285643, 0.4207377, 0.2169296, 0
0.4247517, 0.4074424, 0.3995616, 0
0.7851642, 0.5068458, 0.2622149, 0
0.7702913, 0.4345311, 0.232137, 0
0.6425135, 0.2990926, 0.2145648, 0
0.4613322, 0.3138594, 0.3237222, 0
0.4444801, 0.3664811, 0.2822449, 0
0.605047, 0.4301473, 0.2737995, 0
0.4992093, 0.4553913, 0.39485, 0
0.776126, 0.4747011, 0.2550897, 0
0.4570903, 0.4693338, 0.3813559, 0
0.4189214, 0.3854149, 0.2717718, 0
0.6737785, 0.4471942, 0.3486383, 0
0.7659272, 0.5917989, 0.3028518, 0
0.4631581, 0.3267459, 0.3745228, 0
0.8585826, 0.4129841, 0.1842274, 0
0.8667327, 0.3998397, 0.3417574, 0
0.8825231, 0.3753842, 0.3249775, 0
0.4513142, 0.3429703, 0.4309635, 0
0.7656805, 0.4728641, 0.1756154, 0
0.6700007, 0.32822, 0.3638116, 0
0.8040856, 0.5664035, 0.3960839, 0
0.4240891, 0.3073683, 0.2840975, 0
0.696421, 0.3479592, 0.2803194, 0
0.4499648, 0.4014396, 0.3640744, 0
0.4788494, 0.3625911, 0.2237239, 0
0.7353197, 0.4960565, 0.3713586, 0
0.3728481, 0.3928617, 0.3255519, 0
0.8671489, 0.4610185, 0.2346992, 0
0.6177752, 0.4094863, 0.2127842, 0
0.536746, 0.3271277, 0.404354, 0
0.6867262, 0.3286174, 0.3103006, 0
0.8277744, 0.3400779, 0.3894261, 0
0.3663523, 0.3879914, 0.367844, 0
0.744466, 0.4296228, 0.2744911, 0
0.5681963, 0.3447082, 0.2397536, 0
0.3432379, 0.4031267, 0.2749386, 0
0.3685106, 0.425976, 0.3739204, 0
0.8400863, 0.3875665, 0.4030823, 0
0.7719829, 0.5409054, 0.3885016, 0
0.7719458, 0.5342292, 0.2850715, 0
0.59906, 0.3731624, 0.3024737, 0
0.6462681, 0.3554568, 0.3224918, 0
0.7565039, 0.3262363, 0.3113644, 0
0.6246459, 0.3227759, 0.1994103, 0
0.5570284, 0.3204893, 0.3438841, 0
0.7632988, 0.4830343, 0.1882681, 0
0.384211, 0.2974211, 0.3252881, 0
0.6680405, 0.3309676, 0.3095128, 0
0.5472481, 0.3582805, 0.2930633, 0
0.6869181, 0.2791954, 0.2821201, 0
0.6580944, 0.4601595, 0.2184666, 0
0.381593, 0.390989, 0.4082901, 0
0.6084049, 0.4476706, 0.3804291, 0
0.7489824, 0.4662867, 0.3870792, 0
0.3825503, 0.3309139, 0.2956954, 0
0.443693, 0.4685289, 0.370917, 0
0.5487609, 0.3773676, 0.2187981, 0
0.7935148, 0.4245167, 0.3944728, 0
0.5762272, 0.4656658, 0.2495017, 0
0.426741, 0.4379583, 0.4013259, 0
0.5407312, 0.5371594, 0.3370419, 0
0.5968789, 0.289451, 0.3332037, 0
0.8004631, 0.5060478, 0.2611557, 0
0.5312806, 0.4232133, 0.3919459, 0
0.8700642, 0.4668151, 0.3459711, 0
0.8377708, 0.4941214, 0.2813972, 0
0.5412947, 0.4676419, 0.3211175, 0
0.4485952, 0.292994, 0.366776, 0
0.7334899, 0.4577787, 0.2046724, 0
0.6031257, 0.488103, 0.2731223, 0
0.4810684, 0.3777705, 0.3625516, 0
0.6542229, 0.4298612, 0.3622271, 0
0.6387721, 0.4457744, 0.313125, 0
0.3645142, 0.4934344, 0.3018907, 0
0.6203783, 0.3152889, 0.2474553, 0
0.631291, 0.3870283, 0.2929233, 0
0.4550959, 0.369044, 0.4272845, 0
0.5420585, 0.4139964, 0.2681757, 0
0.6330002, 0.4551026, 0.2857013, 0
0.4777865, 0.3096693, 0.4079105, 0
0.5713761, 0.2756575, 0.2689575, 0
0.3879434, 0.4662712, 0.241775, 0
0.7820669, 0.4228688, 0.1934558, 0
0.5545419, 0.4921003, 0.3803519, 0
0.7586995, 0.4287447, 0.388327, 0
0.7538286, 0.3683589, 0.2869168, 0
0.8449477, 0.4201287, 0.3085482, 0
0.4436598, 0.3510351, 0.3660299, 0
0.8054618, 0.359631, 0.3120235, 0
0.865114, 0.3798409, 0.3056347, 0
0.7263813, 0.429021, 0.3115577, 0
0.6746755, 0.3313447, 0.2412824, 0
0.8198161, 0.5071129, 0.3741, 0
0.5365846, 0.454474, 0.2228733, 0
0.6569354, 0.3850335, 0.281056, 0
0.8049412, 0.6078141, 0.3785056, 0
0.8582821, 0.4403385, 0.2087769, 0
0.5318045, 0.3366557, 0.3985915, 0
0.8172575, 0.3645012, 0.1933274, 0
0.4421751, 0.5416087, 0.3471514, 0
0.4879048, 0.3943841, 0.3287809, 0
0.6625632, 0.3561061, 0.3603913, 0
0.784034, 0.4440009, 0.3005978, 0
0.8258168, 0.5544314, 0.3054314, 0
0.3741838, 0.3306451, 0.2683756, 0
0.5196487, 0.4051373, 0.2946091, 0
0.5787233, 0.4243478, 0.4010113, 0
0.8206879, 0.5581542, 0.3523282, 0
0.6886172, 0.4149628, 0.2850717, 0
0.4974995, 0.3429978, 0.2494001, 0
0.5715773, 0.3864538, 0.2567874, 0
0.7504166, 0.3808539, 0.2119599, 0
0.457679, 0.3911541, 0.4087989, 0
0.8006463, 0.3654948, 0.3843433, 0
0.3892592, 0.4420047, 0.3334521, 0
0.7754231, 0.5673419, 0.2334064, 0
0.5812793, 0.3383875, 0.4294976, 0
0.8526046, 0.3653805, 0.3858123, 0
0.5861152, 0.3251797, 0.2277819, 0
0.6244487, 0.4562364, 0.2753752, 0
0.7523819, 0.5374559, 0.1976439, 0
0.7299033, 0.4372776, 0.2785702, 0
0.7537525, 0.3034627, 0.2969605, 0
0.4576144, 0.4844612, 0.3278012, 0
0.4063526, 0.3424522, 0.298033, 0
0.4868759, 0.3281792, 0.427109, 0
0.858186, 0.3874719, 0.3743755, 0
0.4219379, 0.3359401, 0.2473273, 0
0.6615788, 0.3903365, 0.3590776, 0
0.5702074, 0.3958578, 0.2803574, 0
0.3835069, 0.4835842, 0.2549039, 0
0.6273257, 0.3645936, 0.2597969, 0
0.8832529, 0.4135945, 0.2605957, 0
0.8418086, 0.4055271, 0.3605558, 0
0.7290867, 0.4368602, 0.1976337, 0
0.6126664, 0.2884518, 0.3112168, 0
0.5680001, 0.4032781, 0.3153963, 0
0.7989101, 0.3571951, 0.3784542, 0
0.3697614, 0.3460143, 0.2733559, 0
0.637915, 0.434195, 0.3146026, 0
0.4405418, 0.4633916, 0.3645358, 0
0.8008531, 0.2939217, 0.3252235, 0
0.6756554, 0.3004766, 0.4097644, 0
0.379109, 0.4022632, 0.2797886, 0
0.6926602, 0.4024412, 0.3923415, 0
0.6268693, 0.3850042, 0.2535213, 0
0.8014877, 0.3629102, 0.3769477, 0
0.557726, 0.2763267, 0.2587565, 0
0.5213464, 0.4348724, 0.3187648, 0
0.4560098, 0.4438208, 0.3015292, 0
0.3946179, 0.3572467, 0.2498613, 0
0.699407, 0.3505588, 0.202384, 0
0.56001, 0.4087219, 0.4322227, 0
0.7998325, 0.365281, 0.286208, 0
0.7287959, 0.4593116, 0.2674081, 0
0.4385758, 0.3435106, 0.3012767, 0
0.4466877, 0.5086218, 0.4128645, 0
0.4538498, 0.4969546, 0.2754864, 0
0.442311, 0.4366158, 0.2416389, 0
0.7975522, 0.3228914, 0.3087302, 0
0.4064683, 0.3439721, 0.2501087, 0
0.570505, 0.3147222, 0.3386408, 0
0.4779925, 0.512361, 0.3632903, 0
0.5319471, 0.4372358, 0.3577397, 0
0.5454519, 0.4469139, 0.2454251, 0
0.427512, 0.5092341, 0.2536798, 0
0.7594885, 0.5231829, 0.3114651, 0
0.3636188, 0.401357, 0.3286118, 0
0.8548735, 0.4478033, 0.3288033, 0
0.6778171, 0.4187138, 0.2351747, 0
0.6295768, 0.4058164, 0.4024473, 0
0.3541014, 0.4500468, 0.3780057, 0
0.7866889, 0.5014953, 0.357102, 0
0.8237829, 0.4676869, 0.2648618, 0
0.4683519, 0.3558374, 0.437376, 0
0.4466984, 0.500549, 0.3820923, 0
0.4133824, 0.4294069, 0.4000184, 0
0.5080574, 0.4485557, 0.4085925, 0
0.7077045, 0.3074175, 0.3295434, 0
0.7298276, 0.4404191, 0.2047582, 0
0.6905484, 0.3899837, 0.2272775, 0
0.5965652, 0.4634125, 0.260597, 0
0.6311899, 0.4369899, 0.2735968, 0
0.3657555, 0.4871534, 0.3548954, 0
0.5792511, 0.3798991, 0.3682434, 0
0.7860886, 0.5432366, 0.2900293, 0
0.6129955, 0.2974497, 0.2530945, 0
0.5461762, 0.5379226, 0.3138587, 0
0.6753037, 0.4766602, 0.3225024, 0
0.5330497, 0.3746246, 0.4544418, 0
0.4144436, 0.4220071, 0.2363611, 0
0.668892, 0.3755014, 0.3155107, 0
0.739284, 0.4711346, 0.3840908, 0
0.3585553, 0.4069292, 0.4019799, 0
0.6760578, 0.3171365, 0.2942176, 0
0.5740539, 0.4109799, 0.3941646, 0
0.5451902, 0.300322, 0.2717284, 0
0.6229892, 0.2676976, 0.2837327, 0
0.4961512, 0.4454055, 0.2178147, 0
0.8267742, 0.5647056, 0.2315985, 0
0.708312, 0.3511364, 0.2488811, 0
0.4006765, 0.2912005, 0.3139234, 0
0.4635772, 0.3445612, 0.3155223, 0
0.3708295, 0.4990317, 0.3562522, 0
0.67494, 0.3836333, 0.3583449, 0
0.7494045, 0.5760539, 0.216435, 0
0.8207936, 0.3359712, 0.2228805, 0
0.4644826, 0.3701712, 0.2575724, 0
0.7145121, 0.4186276, 0.2137374, 0
0.7432968, 0.5022804, 0.2507119, 0
0.4069837, 0.3087376, 0.3901699, 0
0.632256, 0.3245111, 0.3345613, 0
0.5807307, 0.4607973, 0.226847, 0
0.6140668, 0.2750823, 0.3455088, 0
0.6870691, 0.4461331, 0.3133844, 0
0.4524264, 0.3395671, 0.4319633, 0
0.4779596, 0.3298558, 0.4237755, 0
0.8623896, 0.4868563, 0.192718, 0
0.4551783, 0.4479835, 0.2282608, 0
0.7753403, 0.4665519, 0.3380342, 0
0.4186233, 0.3421535, 0.2459876, 0
0.8607135, 0.4677538, 0.2535703, 0
0.3828851, 0.478188, 0.2496207, 0
0.4226668, 0.3067034, 0.341811, 0
0.3991345, 0.3011887, 0.3633399, 0
0.5140961, 0.4427933, 0.2907762, 0
0.7839525, 0.3427932, 0.4028502, 0
0.7374336, 0.5848106, 0.3294162, 0
0.5832647, 0.35397, 0.4294899, 0
0.7198585, 0.4310549, 0.3039593, 0
0.7223536, 0.2777427, 0.333961, 0
0.3685588, 0.3293182, 0.2659581, 0
0.8373884, 0.4828726, 0.1936892, 0
0.3442346, 0.4212939, 0.263, 0
0.7531447, 0.4016427, 0.2289164, 0
0.6404616, 0.3175511, 0.4070362, 0
0.5663592, 0.380333, 0.2983656, 0
0.6400092, 0.4048673, 0.4187229, 0
0.5423114, 0.4074316, 0.2780741, 0
0.3871148, 0.4262832, 0.4215157, 0
0.4380847, 0.4188646, 0.3749563, 0
0.7480143, 0.4756237, 0.206446, 0
0.8241001, 0.4453936, 0.2733802, 0
0.8583876, 0.4868686, 0.4010136, 0
0.5132774, 0.4396549, 0.3440447, 0
0.685249, 0.3704724, 0.2032552, 0
0.7750241, 0.5650094, 0.2810932, 0
0.5067735, 0.4024209, 0.2428505, 0
0.4385277, 0.2864961, 0.3010676, 0
0.6805927, 0.3754955, 0.2178581, 0
0.8321785, 0.4072233, 0.3929394, 0
0.6774656, 0.4215048, 0.3174161, 0
0.4078335, 0.3058676, 0.3790183, 0
0.4801169, 0.4690823, 0.2925164, 0
0.4905138, 0.4155926, 0.3580066, 0
0.3921126, 0.3695418, 0.4024876, 0
0.3605959, 0.3953043, 0.3077582, 0
0.7891326, 0.3422243, 0.2077216, 0
0.816864, 0.4551514, 0.2874979, 0
0.7517031, 0.5828478, 0.2817466, 0
0.5201066, 0.3222848, 0.2456833, 0
0.4038216, 0.5045908, 0.2649265, 0
0.7709268, 0.4280462, 0.3912666, 0
0.7501355, 0.5074574, 0.26444, 0
0.6023081, 0.3119495, 0.2945946, 0
0.8453314, 0.5184938, 0.3247588, 0
0.6443652, 0.4257834, 0.28138, 0
0.8091134, 0.5819337, 0.2967261, 0
0.4687343, 0.3517214, 0.3888555, 0
0.6297039, 0.3298176, 0.2023254, 0
0.7559329, 0.400173, 0.230025, 0
0.8052623, 0.5101227, 0.3324454, 0
0.406848, 0.4112754, 0.3115135, 0
0.494173, 0.4112566, 0.2881431, 0
0.8120455, 0.5860532, 0.2999252, 0
0.8529247, 0.5038896, 0.4006911, 0
0.5239251, 0.2998068, 0.2255415, 0
0.4409015, 0.4189424, 0.280927, 0
0.8446742, 0.3875185, 0.2410295, 0
0.6647497, 0.4316829, 0.3357242, 0
0.3671103, 0.4907956, 0.3584723, 0
0.7587929, 0.371427, 0.2294923, 0
0.5709962, 0.3203745, 0.3469552, 0
0.7019401, 0.4770598, 0.2213422, 0
0.8414061, 0.535697, 0.3166533, 0
0.5072535, 0.3082123, 0.3439821, 0
0.7561798, 0.4811179, 0.2551078, 0
0.4214864, 0.3077921, 0.3266834, 0
0.4028237, 0.3248308, 0.2504795, 0
0.8620882, 0.5567944, 0.3099563, 0
0.8445305, 0.5248988, 0.2914141, 0
0.5271997, 0.3120647, 0.2599634, 0
0.7472907, 0.4516689, 0.389163, 0
0.6676649, 0.4131978, 0.3032078, 0
0.7976575, 0.4279023, 0.2201719, 0
0.8373671, 0.3928098, 0.3204389, 0
0.3922336, 0.305452, 0.3067562, 0
0.4403307, 0.3568115, 0.2210919, 0
0.7341888, 0.4803629, 0.2712432, 0
0.5455101, 0.4144454, 0.3004279, 0
0.5020841, 0.3692781, 0.349674, 0
0.7639198, 0.4463942, 0.3182175, 0
0.8117923, 0.4055894, 0.3193642, 0
0.5142977, 0.3348999, 0.4097138, 0
0.7261875, 0.401017, 0.3070903, 0
0.8029897, 0.4312515, 0.1815211, 0
0.8274109, 0.4733671, 0.1735986, 0
0.7633331, 0.4156813, 0.2931374, 0
0.3863424, 0.4052992, 0.3555605, 0
0.8305054, 0.343414, 0.2133994, 0
0.5355354, 0.3519017, 0.2161958, 0
0.3920527, 0.5089365, 0.3521196, 0
0.5074749, 0.3831066, 0.2931997, 0
0.4864569, 0.3118357, 0.3228906, 0
0.3994414, 0.401949, 0.3330204, 0
0.3703749, 0.310745, 0.2764085, 0
0.4720623, 0.3670998, 0.4380878, 0
0.3573865, 0.3465298, 0.2618696, 0
0.4266183, 0.3369902, 0.2549348, 0
0.5629883, 0.3183918, 0.3332883, 0
0.77767, 0.5550532, 0.2802005, 0
0.4305189, 0.469662, 0.3230347, 0
0.8661436, 0.4783824, 0.3458724, 0
0.7626409, 0.4935222, 0.3988553, 0
0.7725476, 0.4883226, 0.2652059, 0
0.6865277, 0.405284, 0.2093163, 0
0.748457, 0.4531258, 0.3445966, 0
0.4006493, 0.3718434, 0.2624415, 0
0.6797193, 0.3302751, 0.2490372, 0
0.7773906, 0.3665412, 0.2571788, 0
0.390251, 0.5044754, 0.3957683, 0
0.4613517, 0.2985094, 0.3343472, 0
0.6246728, 0.3403131, 0.26563, 0
0.4070793, 0.2902495, 0.3309444, 0
0.5537933, 0.4344213, 0.3808673, 0
0.5182002, 0.348708, 0.4091388, 0
0.6289629, 0.3431674, 0.2153131, 0
0.7308393, 0.3975779, 0.3122961, 0
0.8419742, 0.4375064, 0.1712069, 0
0.7292129, 0.4053208, 0.3335426, 0
0.7692841, 0.4668781, 0.1968799, 0
0.4191753, 0.4526036, 0.2448569, 0
0.4288465, 0.3337067, 0.3842406, 0
0.7841693, 0.4076652, 0.2697093, 0
0.7376269, 0.3364655, 0.259973, 0
0.5416405, 0.5236627, 0.2923978, 0
0.6642532, 0.3445148, 0.3220679, 0
0.7462693, 0.3443468, 0.3670495, 0
0.7301446, 0.4907232, 0.2768134, 0
0.7051479, 0.3182337, 0.3428836, 0
0.5954962, 0.3553953, 0.3366562, 0
0.5705355, 0.3635795, 0.35105, 0
0.8274356, 0.4659627, 0.2953127, 0
0.8031969, 0.4278463, 0.3865927, 0
0.502539, 0.3250682, 0.4027784, 0
0.4224457, 0.3320681, 0.3404761, 0
0.5930122, 0.3209102, 0.2193638, 0
0.661023, 0.3403773, 0.3538689, 0
0.5150318, 0.4002763, 0.3557658, 0
0.672146, 0.2990955, 0.3632646, 0
0.8754709, 0.3839562, 0.2503107, 0
0.5651878, 0.3842162, 0.4433675, 0
0.3832198, 0.40489, 0.387052, 0
0.4984272, 0.2961166, 0.3337754, 0
0.5851724, 0.4936766, 0.2958835, 0
0.4525447, 0.3716944, 0.3624642, 0
0.8131884, 0.5025062, 0.2600673, 0
0.3908254, 0.2937471, 0.3095818, 0
0.81046, 0.5504861, 0.3790801, 0
0.7825767, 0.4248791, 0.190211, 0
0.8135917, 0.4957417, 0.2061557, 0
0.8382689, 0.5310213, 0.1858775, 0
0.4824452, 0.4602595, 0.4279267, 0
0.5434145, 0.3846093, 0.3693913, 0
0.617775, 0.3293682, 0.277734, 0
0.7622888, 0.3857329, 0.40304, 0
0.6894686, 0.3882777, 0.2347087, 0
0.8235218, 0.3492145, 0.2162092, 0
0.5694618, 0.3780701, 0.2963538, 0
0.654171, 0.4222462, 0.3912722, 0
0.4622126, 0.3525532, 0.3594951, 0
0.3532373, 0.4178865, 0.3652964, 0
0.5330862, 0.4770819, 0.3712098, 0
0.348531, 0.4111905, 0.2600652, 0
0.7805761, 0.4178322, 0.2043184, 0
0.7737808, 0.3304803, 0.3512542, 0
0.7524364, 0.3429508, 0.301362, 0
0.46477, 0.5457949, 0.353608, 0
0.460741, 0.3781018, 0.2280384, 0
0.7468832, 0.559002, 0.3405353, 0
0.7462338, 0.4739689, 0.239175, 0
0.7304822, 0.4359475, 0.3282222, 0
0.6965129, 0.38469, 0.2666599, 0
0.7979187, 0.3516217, 0.3830397, 0
0.7835253, 0.3824686, 0.4007671, 0
0.6997547, 0.38982, 0.3293522, 0
0.8003972, 0.5376031, 0.2768557, 0
0.6055807, 0.5130515, 0.3074427, 0
0.5965441, 0.480331, 0.3560483, 0
0.3821395, 0.4387226, 0.400711, 0
0.8256821, 0.5235417, 0.2566292, 0
0.3864802, 0.3027423, 0.3139277, 0
0.3933923, 0.5140235, 0.2931384, 0
0.3829271, 0.3873762, 0.4065253, 0
0.8599296, 0.533012, 0.3528212, 0
0.5386003, 0.3911397, 0.3358871, 0
0.8461182, 0.5211048, 0.2419454, 0
0.3693241, 0.4408674, 0.4089898, 0
0.8098832, 0.4642159, 0.2372915, 0
0.4521785, 0.3264554, 0.2121291, 0
0.4190882, 0.3834079, 0.3581268, 0
0.698303, 0.4388199, 0.2237171, 0
0.7802767, 0.4640411, 0.253863, 0
0.4950072, 0.3397156, 0.2832111, 0
0.8421062, 0.5615373, 0.3456371, 0
0.5052021, 0.4087971, 0.3562821, 0
0.6438715, 0.4016003, 0.2350541, 0
0.5480843, 0.4513048, 0.2819107, 0
0.3906081, 0.2937386, 0.3140263, 0
0.4354687, 0.3918639, 0.3086568, 0
0.6788025, 0.4021751, 0.3152248, 0
0.6230994, 0.4634489, 0.3318134, 0
0.6904877, 0.4001433, 0.3213764, 0
0.423033, 0.486791, 0.2920644, 0
0.8004594, 0.5881994, 0.3718637, 0
0.6776933, 0.3032587, 0.3108754, 0
0.7506624, 0.3947765, 0.2699426, 0
0.371306, 0.4972927, 0.2944145, 0
0.7996387, 0.3605904, 0.2865738, 0
0.4018629, 0.2918089, 0.3376057, 0
0.4818435, 0.3130685, 0.4078606, 0
0.5329694, 0.4630201, 0.2393527, 0
0.5149208, 0.3186376, 0.3672689, 0
0.4846488, 0.4428262, 0.3480715, 0
0.5836526, 0.5101919, 0.2788762, 0
0.395226, 0.3904713, 0.3746254, 0
0.621395, 0.4486348, 0.2140893, 0
0.5873471, 0.3547829, 0.2278149, 0
0.4340047, 0.4439869, 0.4306029, 0
0.5568867, 0.3673831, 0.3936087, 0
0.5281963, 0.422947, 0.4018418, 0
0.4172679, 0.4587457, 0.2121591, 0
0.3698899, 0.479404, 0.332305, 0
0.8797503, 0.472765, 0.3603416, 0
0.7757373, 0.3140532, 0.2308836, 0
0.8299658, 0.4097658, 0.3752943, 0
0.488742, 0.458101, 0.2589775, 0
0.3937905, 0.4590505, 0.429082, 0
0.6665056, 0.3756457, 0.247885, 0
0.3706192, 0.3712409, 0.3838752, 0
0.8555337, 0.4164766, 0.3510986, 0
0.4538567, 0.4372125, 0.4217432, 0
0.8248931, 0.4770883, 0.2549317, 0
0.5104591, 0.3300053, 0.2529821, 0
0.6454152, 0.456261, 0.2454282, 0
0.8144553, 0.4447586, 0.387178, 0
0.8415144, 0.4333513, 0.3318471, 0
0.4758055, 0.4153432, 0.4192806, 0
0.4876629, 0.4524222, 0.2294936, 0
0.5240589, 0.3667629, 0.4373629, 0
0.8047939, 0.5023516, 0.4142932, 0
0.7887787, 0.5712729, 0.3859812, 0
0.476926, 0.3554535, 0.3429589, 0
0.7829069, 0.3173875, 0.264004, 0
0.6930442, 0.3417396, 0.2739857, 0
0.3829517, 0.4849612, 0.3094625, 0
0.741393, 0.4028822, 0.3553555, 0
0.7442389, 0.2942412, 0.3478225, 0
0.411172, 0.3730352, 0.2476809, 0
0.805193, 0.3637312, 0.3150415, 0
0.4929448, 0.3748545, 0.2787925, 0
0.7542654, 0.2972848, 0.2592588, 0
0.6951108, 0.3119081, 0.4045529, 0
0.7184273, 0.3988179, 0.2397206, 0
0.7367936, 0.4111637, 0.297896, 0
0.5086865, 0.3505702, 0.1890589, 0
0.4712394, 0.3388698, 0.3052931, 0
0.7047712, 0.3646204, 0.3732803, 0
0.4847865, 0.3735364, 0.27404, 0
0.5387394, 0.4032796, 0.3673753, 0
0.72847, 0.472812, 0.2385421, 0
0.7997418, 0.4469862, 0.206506, 0
0.7054909, 0.4729355, 0.2182538, 0
0.5515783, 0.3273086, 0.2725883, 0
0.5214561, 0.4407404, 0.2470455, 0
0.6138602, 0.4612312, 0.2467355, 0
0.4028731, 0.4931557, 0.3965838, 0
0.3936819, 0.4770319, 0.4002577, 0
0.4707133, 0.5041354, 0.3028913, 0
0.6656225, 0.4532434, 0.2856121, 0
0.4068222, 0.3592118, 0.4112535, 0
0.7509925, 0.5129038, 0.2209723, 0
0.7743375, 0.5204187, 0.3275577, 0
0.6238056, 0.2974941, 0.3928709, 0
0.7978446, 0.607195, 0.3688911, 0
0.6505933, 0.514945, 0.2718094, 0
0.51567, 0.467445, 0.4093178, 0
0.4429581, 0.4619674, 0.4033335, 0
0.593402, 0.5040889, 0.2898222, 0
0.3700326, 0.3942074, 0.2188856, 0
0.5363179, 0.3454664, 0.3740649, 0
0.4103776, 0.2959068, 0.3084985, 0
0.3800304, 0.3350467, 0.2742431, 0
0.7844263, 0.4841496, 0.4105246, 0
0.6327688, 0.3209746, 0.3009078, 0
0.6252254, 0.4038256, 0.2298054, 0
0.7401335, 0.5827869, 0.3237485, 0
0.601289, 0.3736272, 0.2268285, 0
0.8541142, 0.3238389, 0.2901634, 0
0.8519437, 0.5482274, 0.3221532, 0
0.569501, 0.4508359, 0.2952361, 0
0.3667811, 0.4080426, 0.2430326, 0
0.5318059, 0.3647018, 0.4280343, 0
0.6258878, 0.3042464, 0.2567199, 0
0.7431645, 0.3196942, 0.2784971, 0
0.7345341, 0.3212385, 0.3745084, 0
0.8400925, 0.4195202, 0.32807, 0
0.5255789, 0.3884817, 0.3465832, 0
0.4122089, 0.3869092, 0.2206037, 0
0.4737789, 0.3984114, 0.2682425, 0
0.748945, 0.5271025, 0.2429021, 0
0.3630301, 0.4839146, 0.31345, 0
0.6052986, 0.470312, 0.3360011, 0
0.780629, 0.414372, 0.2866535, 0
0.752336, 0.3404005, 0.4040047, 0
0.8452331, 0.382089, 0.371422, 0
0.8439512, 0.4866695, 0.1761183, 0
0.629389, 0.3996784, 0.390585, 0
0.7999758, 0.5550625, 0.2543251, 0
0.4403064, 0.496361, 0.2604279, 0
0.5092102, 0.3130521, 0.2177188, 0
0.8474199, 0.4133412, 0.2356987, 0
0.8090558, 0.5307998, 0.3161882, 0
0.7974038, 0.4540375, 0.3646656, 0
0.8132462, 0.4407315, 0.3706926, 0
0.7156738, 0.3987565, 0.2989898, 0
0.4660514, 0.5103541, 0.3583414, 0
0.3961471, 0.322026, 0.3265579, 0
0.4342006, 0.3007396, 0.3812104, 0
0.3881541, 0.3255774, 0.2535226, 0
0.4589902, 0.3687874, 0.4292275, 0
0.7751521, 0.3009628, 0.3298854, 0
0.869508, 0.3328832, 0.2976325, 0
0.4686712, 0.3325125, 0.2379604, 0
0.7916772, 0.317436, 0.3060849, 0
0.4226533, 0.3100949, 0.3924124, 0
0.8016231, 0.4697237, 0.3591544, 0
0.7754619, 0.4604995, 0.301128, 0
0.7707421, 0.4641166, 0.3937041, 0
0.7693132, 0.4604538, 0.2838376, 0
0.7617425, 0.3375452, 0.2864793, 0
0.5002917, 0.3659122, 0.4434347, 0
0.5730788, 0.3502198, 0.2961652, 0
0.7652993, 0.5358821, 0.2439842, 0
0.8396899, 0.4075608, 0.356551, 0
0.7935909, 0.5441192, 0.2344251, 0
0.617113, 0.3311678, 0.236563, 0
0.5508585, 0.430965, 0.2846407, 0
0.7673839, 0.5253989, 0.1893365, 0
0.446274, 0.4480899, 0.3663816, 0
0.5259042, 0.3197067, 0.2353061, 0
0.8105468, 0.529112, 0.3570896, 0
0.4637856, 0.3656442, 0.4331724, 0
0.8431029, 0.563621, 0.1703587, 0
0.3544629, 0.4195847, 0.3305916, 0
0.8136875, 0.5545491, 0.3849065, 0
0.5274005, 0.4636484, 0.2840885, 0
0.5462645, 0.3560148, 0.2029551, 0
0.5829706, 0.3157882, 0.3822599, 0
0.8327951, 0.4161614, 0.2241035, 0
0.7798731, 0.5789086, 0.3653593, 0
0.5903904, 0.3361015, 0.1889776, 0
0.5214766, 0.4493508, 0.2989037, 0
0.3349549, 0.4032162, 0.2720914, 0
0.7861875, 0.3934746, 0.2829849, 0
0.6588116, 0.3314519, 0.2106539, 0
0.3711604, 0.3145648, 0.2713873, 0
0.6163802, 0.3184245, 0.3781844, 0
0.4306735, 0.3565775, 0.3970243, 0
0.8001019, 0.4809245, 0.3118172, 0
0.4082503, 0.3048762, 0.3763859, 0
0.5980135, 0.4408402, 0.2131439, 0
0.7709731, 0.2914249, 0.2758038, 0
0.5261556, 0.4987544, 0.286705, 0
0.4044027, 0.4457094, 0.3856883, 0
0.6811423, 0.2978325, 0.2331882, 0
0.3816594, 0.4699714, 0.3038975, 0
0.4504459, 0.4667507, 0.4280199, 0
0.7325653, 0.305772, 0.3336771, 0
0.8255075, 0.3560301, 0.242755, 0
0.7710152, 0.4286125, 0.2324922, 0
0.6915072, 0.4290154, 0.3181624, 0
0.6807761, 0.2671106, 0.3219259, 0
0.4483895, 0.4051785, 0.3139233, 0
0.8665707, 0.5207732, 0.3599805, 0
0.3702245, 0.4023649, 0.2290194, 0
0.5817838, 0.2714495, 0.2747724, 0
0.7450154, 0.4701467, 0.2391388, 0
0.524499, 0.3519912, 0.2499436, 0
0.7907164, 0.5206893, 0.4036528, 0
0.8699263, 0.405874, 0.2008631, 0
0.8640696, 0.3460069, 0.3638847, 0
0.8177782, 0.5517585, 0.2203527, 0
0.6879618, 0.3452116, 0.3806806, 0
0.7421539, 0.3685089, 0.4009552, 0
0.4195241, 0.3099977, 0.2666646, 0
0.4617006, 0.5319141, 0.2926536, 0
0.6490114, 0.4977957, 0.3042994, 0
0.3957725, 0.4920362, 0.2559602, 0
0.4748401, 0.493004, 0.4149539, 0
0.3702917, 0.4960106, 0.3501269, 0
0.3895051, 0.474631, 0.4040552, 0
0.3927411, 0.4758733, 0.4227203, 0
0.4406626, 0.44636, 0.4357762, 0
0.5644729, 0.4008407, 0.3844173, 0
0.4102415, 0.5186338, 0.2769612, 0
0.4410612, 0.43691, 0.39606, 0
0.6044717, 0.3596265, 0.2089678, 0
0.7997996, 0.6208974, 0.2957078, 0
0.5523493, 0.36195, 0.3622249, 0
0.8398178, 0.4760813, 0.2826711, 0
0.474633, 0.5354622, 0.3617921, 0
0.6244284, 0.2861197, 0.2561037, 0
0.4118326, 0.3414966, 0.3513468, 0
0.8794128, 0.3350812, 0.3157166, 0
0.7090966, 0.3328283, 0.3676445, 0
0.8213087, 0.5605288, 0.4063963, 0
0.3632799, 0.3665097, 0.3458927, 0
0.6880071, 0.3218386, 0.2968874, 0
0.5083621, 0.3278453, 0.3275545, 0
0.3356504, 0.4175569, 0.2700705, 0
0.7574873, 0.5886831, 0.3714384, 0
0.3869909, 0.4433105, 0.2456474, 0
0.5592544, 0.4252015, 0.3999623, 0
0.7484346, 0.4588177, 0.3802857, 0
0.5856847, 0.2838421, 0.3054022, 0
0.6169413, 0.4183637, 0.3267173, 0
0.4729672, 0.4144888, 0.4363183, 0
0.8327875, 0.4747659, 0.3520314, 0
0.5644634, 0.3927545, 0.4094764, 0
0.6176912, 0.3869493, 0.3956195, 0
0.4288807, 0.3650691, 0.3370688, 0
0.4914837, 0.4189878, 0.3777558, 0
0.5291839, 0.3909983, 0.2086122, 0
0.8201079, 0.4859678, 0.3084506, 0
0.5339119, 0.5273017, 0.3106103, 0
0.6273954, 0.3788849, 0.3605393, 0
0.3852257, 0.3159179, 0.3010092, 0
0.8803937, 0.4199783, 0.3560889, 0
0.7903835, 0.4829726, 0.1876015, 0
0.5252354, 0.3158048, 0.3725626, 0
0.7770139, 0.431024, 0.1691159, 0
0.4016562, 0.4856597, 0.4212424, 0
0.5961701, 0.4119155, 0.2447432, 0
0.8195493, 0.5078052, 0.1884465, 0
0.6488464, 0.389369, 0.2335484, 0
0.660428, 0.4252439, 0.2678564, 0
0.7730113, 0.4935391, 0.1820152, 0
0.8574293, 0.4410236, 0.1794631, 0
0.5949267, 0.2969877, 0.3625035, 0
0.549511, 0.3113854, 0.2520191, 0
0.3792825, 0.3920702, 0.2143996, 0
0.758968, 0.3669246, 0.2180756, 0
0.5297943, 0.5414476, 0.3229817, 0
0.8856076, 0.3564491, 0.2767093, 0
0.7090564, 0.4858162, 0.2569202, 0
0.4361564, 0.2928717, 0.2639203, 0
0.3948895, 0.293908, 0.3344037, 0
0.7333496, 0.3629152, 0.3447365, 0
0.6583679, 0.3467515, 0.2917405, 0
0.5613693, 0.4306128, 0.3239726, 0
0.373574, 0.3593621, 0.3188596, 0
0.8594711, 0.3926433, 0.3889824, 0
0.4869558, 0.4607222, 0.2354636, 0
0.4138643, 0.3241656, 0.2533332, 0
0.8358005, 0.4464255, 0.1649547, 0
0.7749811, 0.422181, 0.2616676, 0
0.4160405, 0.395892, 0.2225694, 0
0.7813225, 0.3255309, 0.2528484, 0
0.4767404, 0.4773099, 0.3822429, 0
0.7463921, 0.3195537, 0.3077655, 0
0.6039972, 0.2844465, 0.2730092, 0
0.6128572, 0.4277409, 0.3618851, 0
0.5748678, 0.3091307, 0.339352, 0
0.7354605, 0.4608636, 0.2774542, 0
0.4175552, 0.2936211, 0.3607813, 0
0.4557369, 0.3006197, 0.3911275, 0
0.7849959, 0.5745645, 0.3104318, 0
0.521881, 0.3881525, 0.3903394, 0
0.5676864, 0.4723733, 0.3082568, 0
0.7929133, 0.4543507, 0.2068264, 0
0.8268505, 0.42748, 0.1682506, 0
0.4929654, 0.3939463, 0.3344523, 0
0.720665, 0.3752924, 0.3613877, 0
0.7139401, 0.3493778, 0.3300861, 0
0.6124063, 0.4163649, 0.2600682, 0
0.6051752, 0.3145536, 0.4145035, 0
0.789066, 0.3215537, 0.3623554, 0
0.4093116, 0.3145711, 0.409978, 0
0.4339307, 0.3798013, 0.4011039, 0
0.4721745, 0.3798132, 0.4039291, 0
0.6483567, 0.3585546, 0.3989671, 0
0.6269541, 0.4047526, 0.2898109, 0
0.3656268, 0.4987225, 0.3193178, 0
0.6170942, 0.4195095, 0.2583386, 0
0.407357, 0.2968155, 0.3070302, 0
0.4068326, 0.3193876, 0.2568022, 0
0.453041, 0.3682743, 0.2305957, 0
0.4428357, 0.2908815, 0.3346422, 0
0.4396799, 0.3466623, 0.2280965, 0
0.7132865, 0.4553382, 0.2124756, 0
0.6738979, 0.4512022, 0.2293346, 0
0.4441146, 0.4178845, 0.3235258, 0
0.4240379, 0.3950362, 0.3141891, 0
0.4865214, 0.4296524, 0.2383272, 0
0.8170084, 0.4170556, 0.2648124, 0
0.391166, 0.4412566, 0.3185794, 0
0.8013963, 0.5322564, 0.2181812, 0
0.8100659, 0.4849573, 0.3647267, 0
0.677283, 0.3453079, 0.220629, 0
0.5153983, 0.3070744, 0.3493204, 0
0.7710186, 0.3789555, 0.2394968, 0
0.4883448, 0.442332, 0.3547624, 0
0.742566, 0.511975, 0.2703664, 0
0.8532112, 0.5015302, 0.2812548, 0
0.8046494, 0.4979128, 0.2325141, 0
0.4869932, 0.3077906, 0.3280085, 0
0.5909176, 0.3915418, 0.3319949, 0
0.7726426, 0.465304, 0.3418607, 0
0.3953304, 0.3670494, 0.3260533, 0
0.831381, 0.3915254, 0.4106148, 0
0.4648123, 0.4098069, 0.1996884, 0
0.83205, 0.5230811, 0.2742346, 0
0.5036883, 0.5221545, 0.3797347, 0
0.5099944, 0.350419, 0.4295396, 0
0.4019802, 0.4461916, 0.2058087, 0
0.4500496, 0.3588091, 0.3376397, 0
0.611383, 0.4715629, 0.3902132, 0
0.4409373, 0.2895576, 0.3310697, 0
0.6404624, 0.3175032, 0.4102111, 0
0.6403016, 0.2934346, 0.3924091, 0
0.4668056, 0.3212888, 0.3578007, 0
0.4935642, 0.4328927, 0.3366708, 0
0.6555339, 0.3739706, 0.1945558, 0
0.7191617, 0.4822331, 0.3059464, 0
0.4578668, 0.2957557, 0.3508115, 0
0.5054253, 0.4358864, 0.2091155, 0
0.5942511, 0.5106854, 0.3536903, 0
0.3748075, 0.3472122, 0.2464473, 0
0.3719263, 0.3451968, 0.3798743, 0
0.6229334, 0.2882643, 0.321456, 0
0.7472192, 0.5999653, 0.3031257, 0
0.7610455, 0.3383208, 0.3560697, 0
0.8169188, 0.4247898, 0.2552493, 0
0.3638176, 0.4887904, 0.2954452, 0
0.4109844, 0.4983913, 0.4115745, 0
0.7180911, 0.2813387, 0.3377652, 0
0.3895901, 0.4869498, 0.4127935, 0
0.5736786, 0.3430373, 0.3698417, 0
0.4366069, 0.4660946, 0.3651439, 0
0.4736274, 0.3680838, 0.2214404, 0
0.6704947, 0.3652972, 0.2356541, 0
0.6316229, 0.3051522, 0.2785943, 0
0.8167127, 0.4389774, 0.2854295, 0
0.4114635, 0.3929299, 0.2409078, 0
0.4083809, 0.2910459, 0.3450184, 0
0.4507973, 0.4259013, 0.4555306, 0
0.666088, 0.3424301, 0.3827936, 0
0.5758994, 0.3181677, 0.3449922, 0
0.4025597, 0.2915291, 0.3350102, 0
0.4807429, 0.2936984, 0.2675151, 0
0.629758, 0.29374, 0.2363784, 0
0.7701523, 0.3113255, 0.2721283, 0
0.4129342, 0.4401327, 0.3291929, 0
0.433977, 0.318846, 0.3357063, 0
0.5520274, 0.33549, 0.3648742, 0
0.633123, 0.375025, 0.391006, 0
0.505318, 0.4242274, 0.3917888, 0
0.8779603, 0.3806453, 0.2329567, 0
0.81471, 0.5840346, 0.3875734, 0
0.8336259, 0.4061204, 0.4091581, 0
0.8507116, 0.3845788, 0.2396922, 0
0.7875147, 0.4511269, 0.1965937, 0
0.6497946, 0.4134607, 0.2611845, 0
0.576414, 0.5299127, 0.2898192, 0
0.7687665, 0.3307118, 0.277958, 0
0.6758161, 0.3702467, 0.202731, 0
0.6257051, 0.2850494, 0.3834769, 0
0.8187577, 0.4056993, 0.1746939, 0
0.738851, 0.5705919, 0.2766617, 0
0.7641095, 0.4532736, 0.3909394, 0
0.8375052, 0.3509447, 0.3199284, 0
0.757143, 0.5317035, 0.3559504, 0
0.5011476, 0.3636546, 0.3729037, 0
0.6158871, 0.3431707, 0.3952126, 0
0.5306345, 0.3668652, 0.4338534, 0
0.4218438, 0.299959, 0.374015, 0
0.8148732, 0.5747411, 0.2115222, 0
0.4757627, 0.376704, 0.4244741, 0
0.5037699, 0.5242913, 0.2933989, 0
0.5280587, 0.4174953, 0.4420928, 0
0.6514192, 0.5109742, 0.2793531, 0
0.5195143, 0.4631049, 0.3365244, 0
0.4067153, 0.4094456, 0.3531563, 0
0.5534512, 0.47093, 0.2647965, 0
0.5828069, 0.4554974, 0.2363978, 0
0.5566621, 0.388952, 0.3062246, 0
0.6376833, 0.3643749, 0.3120464, 0
0.4051434, 0.3521687, 0.3008487, 0
0.4497133, 0.4259486, 0.4561465, 0
0.5181551, 0.5456593, 0.3252138, 0
0.3670143, 0.4692914, 0.2675374, 0
0.8375711, 0.5277917, 0.3497154, 0
0.6782182, 0.4861128, 0.2764416, 0
0.3647275, 0.4539853, 0.2662149, 0
0.4453155, 0.2958364, 0.3762825, 0
0.6895866, 0.5050936, 0.2773455, 0
0.7887748, 0.5906557, 0.2875092, 0
0.4110838, 0.5256843, 0.3702521, 0
0.7487576, 0.3139907, 0.3942468, 0
0.3675181, 0.3170923, 0.27101, 0
0.756977, 0.5882843, 0.3690451, 0
0.448146, 0.4572985, 0.3287362, 0
0.4527279, 0.3794208, 0.2353629, 0
0.6456164, 0.4063853, 0.3899076, 0
0.7840567, 0.4601461, 0.4083377, 0
0.4442209, 0.3493832, 0.2784103, 0
0.3994243, 0.349657, 0.4037966, 0
0.4173388, 0.3324782, 0.2915412, 0
0.8563423, 0.517851, 0.243197, 0
0.4328421, 0.4880854, 0.2329032, 0
0.8161564, 0.5465968, 0.2913656, 0
0.8001554, 0.327894, 0.2971223, 0
0.4417784, 0.2938237, 0.3648939, 0
0.6730496, 0.3546818, 0.3775129, 0
0.3961241, 0.4322936, 0.4243228, 0
0.4548375, 0.3682197, 0.2323034, 0
0.5754329, 0.3118214, 0.3935102, 0
0.8428047, 0.4529898, 0.2709897, 0
0.5710741, 0.4516174, 0.2937635, 0
0.8283122, 0.5845298, 0.2277076, 0
0.3646324, 0.4849139, 0.3654139, 0
0.8535816, 0.4128118, 0.2699321, 0
0.5149609, 0.5106109, 0.2809313, 0
0.8851353, 0.3506512, 0.3119535, 0
0.7925082, 0.5033919, 0.2480474, 0
0.6399829, 0.3866522, 0.4104878, 0
0.4749623, 0.311469, 0.255596, 0
0.3582166, 0.4166707, 0.3393787, 0
0.419653, 0.4117232, 0.2473477, 0
0.3759448, 0.4832363, 0.379732, 0
0.4386276, 0.4694077, 0.2415026, 0
0.6346513, 0.4093346, 0.2690525, 0
0.7313426, 0.4150442, 0.2548536, 0
0.8567201, 0.4852715, 0.1960324, 0
0.728797, 0.4904673, 0.2615186, 0
0.4570183, 0.3552014, 0.4179374, 0
0.3952604, 0.4465652, 0.3516591, 0
0.6670069, 0.2991829, 0.2700212, 0
0.8190698, 0.4722216, 0.18101, 0
0.4087187, 0.3173785, 0.2985412, 0
0.6323649, 0.3516898, 0.2009769, 0
0.4926356, 0.5183704, 0.3012803, 0
0.6712909, 0.3827382, 0.2268496, 0
0.3841725, 0.4294106, 0.2443775, 0
0.7093384, 0.4571777, 0.2201113, 0
0.5514039, 0.3624178, 0.3825098, 0
0.7955245, 0.4242916, 0.2393793, 0
0.5995162, 0.4333433, 0.2940516, 0
0.8537345, 0.354555, 0.285531, 0
0.7630882, 0.4518844, 0.26541, 0
0.8003089, 0.488892, 0.3957541, 0
0.8296405, 0.4493907, 0.2183571, 0
0.741607, 0.5758141, 0.3368277, 0
0.6089854, 0.3980447, 0.4078595, 0
0.7661287, 0.5294766, 0.4035769, 0
0.7738181, 0.5430291, 0.3125389, 0
0.3868244, 0.3555642, 0.3345573, 0
0.8655708, 0.4118711, 0.3633768, 0
0.7485071, 0.5520204, 0.2426965, 0
0.5632503, 0.414163, 0.4274424, 0
0.4541369, 0.5015866, 0.2389528, 0
0.5442095, 0.4505972, 0.2605734, 0
0.7408788, 0.5329773, 0.3533289, 0
0.5483171, 0.4200581, 0.4311422, 0
0.5791864, 0.3913317, 0.4277831, 0
0.8096851, 0.5329692, 0.2678503, 0
0.5647243, 0.4264812, 0.2125948, 0
0.7463655, 0.5897128, 0.3665467, 0
0.3447096, 0.4105927, 0.3211251, 0
0.8030971, 0.3709509, 0.3624446, 0
0.393012, 0.3455235, 0.4021666, 0
0.5427123, 0.3788731, 0.2262265, 0
0.3833743, 0.3833879, 0.3591562, 0
0.3524697, 0.4549054, 0.3484192, 0
0.5678567, 0.3347365, 0.3704005, 0
0.4883307, 0.2895798, 0.2977924, 0
0.6263744, 0.2950723, 0.4027421, 0
0.7649027, 0.4507421, 0.228231, 0
0.438987, 0.5257178, 0.3095472, 0
0.7185587, 0.4630836, 0.3276154, 0
0.5869864, 0.4505651, 0.3783137, 0
0.4004345, 0.2924527, 0.3391472, 0
0.7485254, 0.3670118, 0.3398781, 0
0.4179359, 0.2981347, 0.3004083, 0
0.3626446, 0.3577332, 0.2682757, 0
0.5760703, 0.3148155, 0.2037197, 0
0.5502697, 0.3770314, 0.3244264, 0
0.8562176, 0.5196344, 0.3438907, 0
0.4014245, 0.4788541, 0.3964873, 0
0.4393477, 0.4124006, 0.2278991, 0
0.8428447, 0.5698279, 0.224328, 0
0.6321141, 0.4566151, 0.2540821, 0
0.4257765, 0.4517035, 0.2216184, 0
0.7935722, 0.4623219, 0.2298062, 0
0.7808051, 0.4665341, 0.1768254, 0
0.4796371, 0.3035615, 0.3789477, 0
0.4092955, 0.3094945, 0.3922051, 0
0.4909661, 0.4912462, 0.2989389, 0
0.5880872, 0.4197846, 0.2864824, 0
0.6414766, 0.431617, 0.3133689, 0
0.6033316, 0.3421359, 0.3251073, 0
0.3936599, 0.4992374, 0.3369373, 0
0.3904112, 0.2993947, 0.2949199, 0
0.5012988, 0.4532618, 0.2619739, 0
0.7102263, 0.3551109, 0.2386257, 0
0.6972594, 0.392922, 0.3545931, 0
0.4715602, 0.3027105, 0.3942423, 0
0.4308479, 0.4397953, 0.33635, 0
0.4376246, 0.482126, 0.3067427, 0
0.772396, 0.3112952, 0.2559448, 0
0.526889, 0.3417217, 0.4407464, 0
0.8714651, 0.3602399, 0.3296289, 0
0.6636897, 0.343592, 0.3394215, 0
0.8696512, 0.3518288, 0.2156221, 0
0.7543538, 0.5440912, 0.2304894, 0
0.4546103, 0.4771011, 0.2470392, 0
0.6854386, 0.4906332, 0.2502358, 0
0.8554733, 0.3977455, 0.3931499, 0
0.4108075, 0.3472157, 0.3200083, 0
0.5763648, 0.446685, 0.3269547, 0
0.8311745, 0.3800245, 0.3390251, 0
0.7881998, 0.3634116, 0.2297082, 0
0.8193154, 0.3323845, 0.3650691, 0
0.5453198, 0.4638668, 0.2851601, 0
0.4567691, 0.3731182, 0.2768853, 0
0.4488929, 0.2914569, 0.3474499, 0
0.8681967, 0.5181338, 0.2382152, 0
0.5919449, 0.4241681, 0.3371918, 0
0.4547478, 0.4572886, 0.436325, 0
0.6392879, 0.3684047, 0.3294235, 0
0.3852283, 0.3706043, 0.2892053, 0
0.4420063, 0.4649307, 0.3193845, 0
0.7759237, 0.4569717, 0.3910612, 0
0.5468318, 0.4201425, 0.2475962, 0
0.6825734, 0.4244664, 0.271319, 0
0.4848134, 0.3760749, 0.3534668, 0
0.5207751, 0.4275582, 0.4424677, 0
0.510619, 0.5359311, 0.3452809, 0
0.8150121, 0.5711949, 0.2334979, 0
0.790641, 0.5545675, 0.2369192, 0
0.6131136, 0.2675982, 0.277845, 0
0.5168402, 0.4232349, 0.3978378, 0
0.4030421, 0.3078997, 0.3632107, 0
0.4484568, 0.310305, 0.3835517, 0
0.3681391, 0.3552209, 0.2460613, 0
0.494452, 0.4463744, 0.1918949, 0
0.739761, 0.5264962, 0.2949796, 0
0.3853974, 0.4970203, 0.3283209, 0
0.8867946, 0.3567607, 0.2581187, 0
0.5595558, 0.3236209, 0.3549204, 0
0.4277029, 0.2965334, 0.345086, 0
0.7200022, 0.279369, 0.3302996, 0
0.5379255, 0.3883412, 0.2678553, 0
0.3587183, 0.4631232, 0.3246504, 0
0.875306, 0.4516944, 0.2784544, 0
0.7665897, 0.4696062, 0.2393736, 0
0.7186827, 0.4908719, 0.3328431, 0
0.7217889, 0.3355264, 0.3230898, 0
0.8287215, 0.4774157, 0.3295122, 0
0.4414258, 0.3927988, 0.3611813, 0
0.6714618, 0.2992404, 0.3191357, 0
0.8002743, 0.5014869, 0.2226301, 0
0.7461732, 0.5581852, 0.2408467, 0
0.3732193, 0.4344736, 0.2544346, 0
0.5193231, 0.3287988, 0.3527652, 0
0.5537347, 0.3797364, 0.2640943, 0
0.3876489, 0.3130217, 0.3551309, 0
0.4108356, 0.3127584, 0.4032983, 0
0.7377647, 0.2757368, 0.3249747, 0
0.3781602, 0.3202157, 0.3574115, 0
0.5675089, 0.3230658, 0.3754671, 0
0.7988592, 0.4300473, 0.261144, 0
0.4255175, 0.4214126, 0.4329061, 0
0.4783225, 0.4901648, 0.3801295, 0
0.4765835, 0.4128288, 0.408687, 0
0.4487614, 0.3235877, 0.3306918, 0
0.7188591, 0.3383267, 0.3439943, 0
0.4213361, 0.4795429, 0.4141341, 0
0.4750978, 0.5050309, 0.2713042, 0
0.6784648, 0.2864891, 0.3515006, 0
0.6894333, 0.2973217, 0.3423207, 0
0.8329981, 0.4447247, 0.1651664, 0
0.4973606, 0.3359399, 0.2872226, 0
0.4992224, 0.3363226, 0.3060078, 0
0.4167403, 0.3427027, 0.2922361, 0
0.3516718, 0.4283251, 0.2894315, 0
0.3860855, 0.3378434, 0.2457749, 0
0.7327754, 0.4395871, 0.1855039, 0
0.8756719, 0.4503162, 0.1836154, 0
0.8118008, 0.5657714, 0.2145066, 0
0.485675, 0.4532884, 0.365544, 0
0.7888362, 0.3215885, 0.3667147, 0
0.4418871, 0.3021517, 0.3883112, 0
0.6232933, 0.3490137, 0.194852, 0
0.8230025, 0.5095488, 0.3725015, 0
0.8716479, 0.3978362, 0.2976046, 0
0.3655831, 0.3837136, 0.2994189, 0
0.86318, 0.3637665, 0.237327, 0
0.5212246, 0.3186584, 0.2582551, 0
0.4440057, 0.2922955, 0.3599274, 0
0.4579485, 0.2888785, 0.2820695, 0
0.4320547, 0.3803867, 0.4176694, 0
0.4879142, 0.4004192, 0.4613604, 0
0.4871492, 0.3604927, 0.200036, 0
0.5944055, 0.4946428, 0.2986141, 0
0.7935175, 0.5447335, 0.3199084, 0
0.386809, 0.5028636, 0.2778736, 0
0.5224345, 0.3492711, 0.3298879, 0
0.8646966, 0.4064916, 0.3901819, 0
0.6703773, 0.3485061, 0.269402, 0
0.7349178, 0.3925411, 0.315703, 0
0.5674427, 0.3004004, 0.2976663, 0
0.697877, 0.4918244, 0.2646846, 0
0.8850406, 0.3924138, 0.193554, 0
0.4616616, 0.4977404, 0.2597851, 0
0.7860492, 0.4919133, 0.4052117, 0
0.7213414, 0.2997381, 0.2551083, 0
0.4169922, 0.377197, 0.2236392, 0
0.8611065, 0.4652869, 0.3528844, 0
0.383639, 0.3641613, 0.315942, 0
0.4791603, 0.3182651, 0.2771528, 0
0.5995392, 0.4016926, 0.34334, 0
0.8095391, 0.3251618, 0.3348851, 0
0.8550337, 0.50993, 0.1661288, 0
0.8201556, 0.5950339, 0.2994962, 0
0.732792, 0.304347, 0.244162, 0
0.7259528, 0.35587, 0.3966616, 0
0.4410762, 0.438684, 0.3789637, 0
0.3650288, 0.4868914, 0.3237498, 0
0.6041452, 0.3425527, 0.2209459, 0
0.7018635, 0.3618511, 0.2023865, 0
0.5456629, 0.338483, 0.2474191, 0
0.5141077, 0.3643278, 0.3704945, 0
0.8230172, 0.341685, 0.3812074, 0
0.4540994, 0.3000588, 0.3422557, 0
0.554161, 0.3131724, 0.3000888, 0
0.5681581, 0.3844382, 0.2210187, 0
0.6260749, 0.3391095, 0.3966527, 0
0.5309655, 0.3775767, 0.2031956, 0
0.4999396, 0.45499, 0.2714181, 0
0.7424365, 0.5093565, 0.26765, 0
0.821775, 0.3473062, 0.3012144, 0
0.8275757, 0.5358279, 0.3636071, 0
0.5434716, 0.4692756, 0.2953139, 0
0.5028421, 0.3277788, 0.3310626, 0
0.5880811, 0.4188527, 0.2933218, 0
0.5010692, 0.4796687, 0.2974302, 0
0.5588829, 0.3674358, 0.2816931, 0
0.4111767, 0.4899134, 0.38842, 0
0.4123211, 0.4409719, 0.365371, 0
0.5959615, 0.3104209, 0.2602209, 0
0.5093383, 0.4791622, 0.3661173, 0
0.4392903, 0.3482751, 0.356658, 0
0.3989319, 0.4252832, 0.3253511, 0
0.7420286, 0.5418082, 0.2726621, 0
0.7324368, 0.4300371, 0.1995408, 0
0.4390923, 0.4577752, 0.4304822, 0
0.4241402, 0.3164269, 0.4152556, 0
0.7761418, 0.4919745, 0.2997999, 0
0.5115827, 0.3944601, 0.2896374, 0
0.6636477, 0.3959695, 0.2975056, 0
0.4333902, 0.4044124, 0.2856562, 0
0.8285916, 0.4975619, 0.1703347, 0
0.6328138, 0.3323538, 0.3944427, 0
0.5965372, 0.3806371, 0.3122358, 0
0.636116, 0.4544692, 0.280734, 0
0.599803, 0.3949939, 0.43725, 0
0.8860357, 0.3719186, 0.3500768, 0
0.7505556, 0.3348003, 0.2250499, 0
0.6221357, 0.4480268, 0.3765011, 0
0.3899153, 0.3620647, 0.2279401, 0
0.4509328, 0.3099278, 0.2394667, 0
0.535803, 0.4217755, 0.220109, 0
0.5128256, 0.4663606, 0.3298498, 0
0.5074385, 0.4096082, 0.3921382, 0
0.5837656, 0.3539242, 0.2374412, 0
0.3861908, 0.4707259, 0.2711237, 0
0.6419601, 0.387389, 0.4084445, 0
0.3864275, 0.3613344, 0.3583528, 0
0.6898249, 0.2911837, 0.2534818, 0
0.738159, 0.5515098, 0.2935225, 0
0.5052323, 0.4357638, 0.2097396, 0
0.5647592, 0.4349962, 0.370184, 0
0.7202524, 0.3580023, 0.3134623, 0
0.4723111, 0.5519248, 0.3325657, 0
0.8089472, 0.4596139, 0.167704, 0
0.4641753, 0.3037525, 0.2939908, 0
0.7812932, 0.4479542, 0.3909197, 0
0.6069669, 0.3034118, 0.2749875, 0
0.3463087, 0.3963916, 0.2573058, 0
0.4852302, 0.4884784, 0.2598619, 0
0.5690074, 0.3283558, 0.3063607, 0
0.8574054, 0.3388916, 0.2766385, 0
0.8733751, 0.4455094, 0.3048308, 0
0.6833619, 0.3969516, 0.3650684, 0
0.5866296, 0.3933389, 0.386435, 0
0.773068, 0.429577, 0.1967735, 0
0.4650403, 0.3007685, 0.3687202, 0
0.5745423, 0.3166799, 0.3574995, 0
0.7824956, 0.5359293, 0.2655894, 0
0.8860415, 0.4307484, 0.29909, 0
0.4129675, 0.3351267, 0.3973377, 0
0.3632013, 0.3277118, 0.2824636, 0
0.3730775, 0.4134045, 0.2433028, 0
0.5771528, 0.2753424, 0.2561966, 0
0.8287972, 0.5278285, 0.3215149, 0
0.7498826, 0.3270243, 0.2867385, 0
0.7985389, 0.4772379, 0.3250265, 0
0.5232413, 0.3467571, 0.3884398, 0
0.5160193, 0.391633, 0.3600016, 0
0.4572757, 0.28835, 0.2833681, 0
0.5319951, 0.4100244, 0.2756025, 0
0.7716364, 0.5497972, 0.3775518, 0
0.401801, 0.3950502, 0.2403921, 0
0.5388443, 0.4743381, 0.2911129, 0
0.6160656, 0.501003, 0.3363913, 0
0.5201699, 0.4109922, 0.438507, 0
0.5899147, 0.3813655, 0.2060175, 0
0.4452331, 0.4263309, 0.4546058, 0
0.5200074, 0.4509569, 0.2133465, 0
0.4364633, 0.454261, 0.3502398, 0
0.3726244, 0.4539402, 0.4060313, 0
0.76508, 0.5437546, 0.2500211, 0
0.5719441, 0.4583416, 0.2619304, 0
0.3892672, 0.4033075, 0.4003116, 0
0.7829624, 0.3639705, 0.3610289, 0
0.4167437, 0.4076385, 0.4234025, 0
0.4023607, 0.2926647, 0.3424745, 0
0.4526355, 0.4041658, 0.2031333, 0
0.5862723, 0.3464768, 0.3655494, 0
0.3872393, 0.3658138, 0.2346458, 0
0.7951902, 0.4215538, 0.3194276, 0
0.3762097, 0.3503, 0.3348088, 0
0.6882949, 0.3489428, 0.2018537, 0
0.4479882, 0.4273132, 0.4565544, 0
0.5217781, 0.3270172, 0.215125, 0
0.4684308, 0.3442869, 0.4314556, 0
0.6054064, 0.3446422, 0.2345738, 0
0.510754, 0.5347609, 0.3304985, 0
0.4424613, 0.4571373, 0.431534, 0
0.7404675, 0.4598935, 0.2938551, 0
0.6099371, 0.3241043, 0.2211834, 0
0.5393253, 0.4399822, 0.2214832, 0
0.4660874, 0.3045027, 0.4080445, 0
0.3876002, 0.4054124, 0.331309, 0
0.4057305, 0.5135545, 0.2907204, 0
0.8203005, 0.4707128, 0.1724173, 0
0.8104574, 0.5767289, 0.2086202, 0
0.5655191, 0.3863597, 0.3190338, 0
0.6778024, 0.4629889, 0.3239783, 0
0.386657, 0.4177661, 0.3604478, 0
0.5071527, 0.3439186, 0.2105018, 0
0.7301555, 0.5468238, 0.363993, 0
0.8605313, 0.5145705, 0.2036776, 0
0.747176, 0.399451, 0.3760485, 0
0.5621952, 0.3946441, 0.428654, 0
0.7630012, 0.5807809, 0.2404995, 0
0.4829484, 0.3036514, 0.389931, 0
0.5317989, 0.3131331, 0.2666475, 0
0.7618595, 0.5410267, 0.3592205, 0
0.6684865, 0.3605939, 0.2114693, 0
0.8220839, 0.3687161, 0.203611, 0
0.4681249, 0.3758733, 0.1907039, 0
0.770993, 0.4800236, 0.3636635, 0
0.6975095, 0.4903107, 0.2618456, 0
0.7346081, 0.4883211, 0.2343496, 0
0.5632421, 0.4468238, 0.2338773, 0
0.7175082, 0.3004796, 0.2941189, 0
0.4712105, 0.3546906, 0.4216397, 0
0.719586, 0.4408053, 0.205503, 0
0.3735889, 0.4144837, 0.3449783, 0
0.7488665, 0.5042126, 0.2111696, 0
0.563461, 0.3177308, 0.3682281, 0
0.6715654, 0.3322745, 0.260074, 0
0.5718866, 0.3309089, 0.389787, 0
0.7594475, 0.4794561, 0.3873173, 0
0.4650386, 0.4114949, 0.3353195, 0
0.4564178, 0.3973767, 0.1947251, 0
0.5105377, 0.4485604, 0.3663639, 0
0.7690141, 0.4562281, 0.2455157, 0
0.7842397, 0.4733197, 0.4117661, 0
0.3503581, 0.4428047, 0.2861725, 0
0.8568253, 0.4444441, 0.1740576, 0
0.4114061, 0.366017, 0.2564713, 0
0.6089711, 0.4962236, 0.258367, 0
0.4645498, 0.464452, 0.3109584, 0
0.8091149, 0.4297734, 0.2502982, 0
0.613416, 0.3227128, 0.2988207, 0
0.5213121, 0.4689821, 0.3352562, 0
0.7799826, 0.3404898, 0.2153337, 0
0.5052723, 0.3114695, 0.2499039, 0
0.6930765, 0.3489281, 0.4194973, 0
0.7061363, 0.4388433, 0.2532267, 0
0.454496, 0.3630503, 0.3759077, 0
0.5634291, 0.332683, 0.3117102, 0
0.6319893, 0.4594888, 0.2466708, 0
0.4037176, 0.3391582, 0.4104654, 0
0.5524579, 0.3899867, 0.3707893, 0
0.4985841, 0.3945714, 0.2224126, 0
0.751682, 0.4443454, 0.2301653, 0
0.4657887, 0.3657671, 0.1980195, 0
0.7246478, 0.4075685, 0.2930222, 0
0.6371704, 0.3882056, 0.3153973, 0
0.5893126, 0.3921438, 0.3386485, 0
0.8157255, 0.3479329, 0.3257427, 0
0.4948156, 0.326578, 0.4145653, 0
0.5811636, 0.3722931, 0.2578698, 0
0.6487187, 0.2977043, 0.3250387, 0
0.8361027, 0.4026094, 0.3856261, 0
0.4461603, 0.4732881, 0.4085279, 0
0.689226, 0.452091, 0.3244911, 0
0.4585424, 0.2954877, 0.3594282, 0
0.4469275, 0.4485158, 0.4427805, 0
0.5029261, 0.4782146, 0.2335808, 0
0.748162, 0.3215494, 0.3179642, 0
0.7705031, 0.3177585, 0.3780819, 0
0.8226864, 0.5684529, 0.2500251, 0
0.7818982, 0.4580429, 0.3904327, 0
0.5398575, 0.4505916, 0.2920942, 0
0.5556064, 0.3429396, 0.2029017, 0
0.8546599, 0.515317, 0.1976756, 0
0.8227882, 0.4727551, 0.2047058, 0
0.6316131, 0.4274533, 0.2436249, 0
0.8395454, 0.4677759, 0.2803601, 0
0.374454, 0.3163308, 0.3721494, 0
0.8311415, 0.315191, 0.3395028, 0
0.5451763, 0.4623308, 0.2396087, 0
0.5474346, 0.2932574, 0.2578674, 0
0.6420103, 0.3006226, 0.2149351, 0
0.4972652, 0.4374054, 0.382915, 0
0.5997703, 0.3929725, 0.2513567, 0
0.7375497, 0.4594705, 0.2935578, 0
0.8502102, 0.4344992, 0.2348654, 0
0.6048622, 0.3042678, 0.40721, 0
0.4825518, 0.4719584, 0.2526003, 0
0.693399, 0.4320734, 0.2245709, 0
0.8078768, 0.5323495, 0.2691117, 0
0.6842728, 0.3459215, 0.3122114, 0
0.6245062, 0.4179513, 0.3753244, 0
0.7900323, 0.510763, 0.1789145, 0
0.4919186, 0.3360611, 0.4333572, 0
0.4881174, 0.4997714, 0.2456463, 0
0.4342747, 0.3662332, 0.4107065, 0
0.4073609, 0.5252292, 0.3606948, 0
0.7844375, 0.4139171, 0.3519613, 0
0.6934642, 0.3119136, 0.3491302, 0
0.395914, 0.3707143, 0.334974, 0
0.5071222, 0.3468901, 0.3700089, 0
0.8686275, 0.4875357, 0.1564204, 0
0.6936442, 0.3080392, 0.3330651, 0
0.5278935, 0.3897347, 0.3323005, 0
0.6863147, 0.3341793, 0.3673342, 0
0.5045947, 0.4546946, 0.2979898, 0
0.4622774, 0.329813, 0.4343002, 0
0.4455201, 0.3990854, 0.3261696, 0
0.7342555, 0.5212263, 0.3131676, 0
0.457697, 0.3674673, 0.3033046, 0
0.5401176, 0.4318655, 0.3080707, 0
0.8340111, 0.3348077, 0.3762834, 0
0.7269458, 0.4747743, 0.335088, 0
0.8557967, 0.346276, 0.2225156, 0
0.7519592, 0.5296589, 0.3900692, 0
0.8009121, 0.4830229, 0.3877069, 0
0.5275905, 0.3802039, 0.4057854, 0
0.6821991, 0.3387741, 0.2228024, 0
0.4323062, 0.5275105, 0.2772791, 0
0.4335839, 0.4275995, 0.3531502, 0
0.3869383, 0.4859291, 0.410633, 0
0.8052757, 0.3993534, 0.2436472, 0
0.7629609, 0.3135132, 0.3071047, 0
0.7483461, 0.5526299, 0.3318953, 0
0.384158, 0.3279215, 0.2538824, 0
0.7186615, 0.3885904, 0.2161751, 0
0.8499409, 0.353011, 0.3568141, 0
0.6643946, 0.3346677, 0.3728816, 0
0.7475532, 0.5015411, 0.2135736, 0
0.3936097, 0.3707806, 0.4036594, 0
0.7276025, 0.3613506, 0.2488483, 0
0.6396441, 0.3856446, 0.2679784, 0
0.3724611, 0.3438277, 0.2501077, 0
0.7703958, 0.5466667, 0.2399177, 0
0.6300023, 0.3941493, 0.2779837, 0
0.7727524, 0.483172, 0.3600387, 0
0.6748417, 0.3899361, 0.3773321, 0
0.5109957, 0.4389703, 0.3590428, 0
0.3726631, 0.483878, 0.3008699, 0
0.3604352, 0.4441166, 0.2979969, 0
0.7184089, 0.3772306, 0.2591482, 0
0.7784641, 0.5155275, 0.3470584, 0
0.8545303, 0.5109733, 0.1701921, 0
0.8311802, 0.4093001, 0.3994972, 0
0.4632712, 0.4765942, 0.2474823, 0
0.7873896, 0.5376707, 0.413085, 0
0.4759885, 0.3403024, 0.3957582, 0
0.4752467, 0.3048584, 0.392795, 0
0.8428271, 0.4777901, 0.1787016, 0
0.8618125, 0.5312274, 0.3683015, 0
0.8493129, 0.54142, 0.2410677, 0
0.3812765, 0.5137207, 0.3376815, 0
0.3803746, 0.4380117, 0.2445189, 0
0.6359978, 0.3385039, 0.4145624, 0
0.6641019, 0.3989206, 0.3787086, 0
0.5282235, 0.3266867, 0.3622774, 0
0.612693, 0.50364, 0.2758759, 0
0.3954332, 0.4886176, 0.3741739, 0
0.8385207, 0.5076765, 0.2061945, 0
0.4119891, 0.3036346, 0.3749409, 0
0.7820226, 0.4909015, 0.2633028, 0
0.5372406, 0.5079482, 0.2777615, 0
0.5298142, 0.510033, 0.2846214, 0
0.4375704, 0.4477752, 0.2170353, 0
0.7149958, 0.4734316, 0.2342576, 0
0.8287166, 0.4868733, 0.2248114, 0
0.4281006, 0.4198208, 0.3076004, 0
0.8785027, 0.4481769, 0.3382407, 0
0.717521, 0.3514515, 0.3178784, 0
0.8291219, 0.4200893, 0.1863113, 0
0.4792243, 0.5040782, 0.2424763, 0
0.4848999, 0.3733314, 0.4473874, 0
0.3641548, 0.478403, 0.353857, 0
0.4707589, 0.323164, 0.3214844, 0
0.4286869, 0.4063569, 0.2053998, 0
0.7351238, 0.3572455, 0.2849164, 0
0.4006397, 0.3134985, 0.3176722, 0
0.7978454, 0.3729369, 0.2509027, 0
0.7695118, 0.4995991, 0.2606934, 0
0.7377006, 0.4762174, 0.218683, 0
0.5608157, 0.3184417, 0.3707419, 0
0.8124866, 0.3421837, 0.398082, 0
0.4509011, 0.4589105, 0.3366743, 0
0.5049344, 0.4348303, 0.3748614, 0
0.3808369, 0.4359272, 0.4265005, 0
0.666355, 0.2992956, 0.2932259, 0
0.8796645, 0.4135698, 0.2095456, 0
0.5121664, 0.4586069, 0.2641627, 0
0.6954304, 0.3570541, 0.2159198, 0
0.3877061, 0.2946558, 0.3075326, 0
0.6686277, 0.2981177, 0.2691992, 0
0.5704529, 0.3807597, 0.3129619, 0
0.8460063, 0.4825484, 0.3520478, 0
0.3830055, 0.4229703, 0.2767726, 0
0.4118003, 0.3998985, 0.2166325, 0
0.3848133, 0.5121413, 0.3016957, 0
0.441092, 0.4123096, 0.377415, 0
0.37509, 0.3462567, 0.3279811, 0
0.6391737, 0.385777, 0.2878589, 0
0.7774338, 0.3215498, 0.3789109, 0
0.7526816, 0.5277917, 0.3350121, 0
0.8069265, 0.3411119, 0.2791832, 0
0.7805297, 0.4746936, 0.3437412, 0
0.7338677, 0.3426485, 0.2338891, 0
0.6979004, 0.4395634, 0.3193896, 0
0.3555655, 0.4368795, 0.2736911, 0
0.4836013, 0.4468739, 0.4332674, 0
0.7282876, 0.3614605, 0.313668, 0
0.4223313, 0.3484966, 0.2878079, 0
0.7495806, 0.5500434, 0.3513397, 0
0.3788418, 0.4115942, 0.416366, 0
0.7071056, 0.2984976, 0.3898665, 0
0.8768495, 0.3770259, 0.2533123, 0
0.4523248, 0.390471, 0.30041, 0
0.4574009, 0.4120586, 0.2760562, 0
0.8297574, 0.4613608, 0.2736966, 0
0.7797252, 0.4372233, 0.2678218, 0
0.6089131, 0.3386506, 0.2202809, 0
0.4824589, 0.4863219, 0.3314705, 0
0.3954279, 0.5069277, 0.3061578, 0
0.4324153, 0.5098884, 0.4031713, 0
0.8278502, 0.3809943, 0.1950358, 0
0.4433837, 0.3577122, 0.2138286, 0
0.8380802, 0.5599763, 0.3471818, 0
0.777206, 0.4755442, 0.2286345, 0
0.4758947, 0.455252, 0.2733022, 0
0.8051367, 0.4152188, 0.3822262, 0
0.4255784, 0.3346338, 0.4193915, 0
0.3842543, 0.4021873, 0.2124043, 0
0.4890356, 0.3085224, 0.3872764, 0
0.8197604, 0.3262814, 0.2843301, 0
0.3511292, 0.4194449, 0.3097002, 0
0.4447875, 0.3410738, 0.4272295, 0
0.6520293, 0.4379061, 0.3826381, 0
0.3732205, 0.4400123, 0.2845986, 0
0.5999477, 0.4916281, 0.3169753, 0
0.8840968, 0.3609356, 0.2439993, 0
0.4063467, 0.313925, 0.2620987, 0
0.7733455, 0.3499054, 0.3305006, 0
0.8524761, 0.524359, 0.2902609, 0
0.4611392, 0.5323071, 0.3770129, 0
0.8112739, 0.5032722, 0.2231179, 0
0.620621, 0.3319099, 0.3981541, 0
0.7880931, 0.49931, 0.208801, 0
0.4880184, 0.4411444, 0.4340685, 0
0.6030646, 0.375379, 0.3618231, 0
0.545781, 0.3195738, 0.2215715, 0
0.4543281, 0.3066783, 0.3117581, 0
0.5498449, 0.3360772, 0.4225933, 0
0.7986172, 0.5654908, 0.3170174, 0
0.7513836, 0.5884824, 0.2884396, 0
0.5744787, 0.3274529, 0.3464651, 0
0.701397, 0.3233128, 0.312028, 0
0.6297297, 0.4016483, 0.3598062, 0
0.4493079, 0.2925422, 0.3654229, 0
0.5695217, 0.3121288, 0.3267358, 0
0.4609739, 0.4230672, 0.4403378, 0
0.7887274, 0.5341908, 0.2467428, 0
0.7819365, 0.5501668, 0.2455145, 0
0.6304266, 0.4231896, 0.2998273, 0
0.5938912, 0.4888603, 0.3349069, 0
0.6936202, 0.4509172, 0.2731698, 0
0.5300601, 0.5098894, 0.3494204, 0
0.4929931, 0.2915154, 0.3122038, 0
0.5058665, 0.3041334, 0.2880619, 0
0.7291178, 0.5560815, 0.3679474, 0
0.6524825, 0.3223645, 0.3420045, 0
0.8302696, 0.5240181, 0.3419003, 0
0.5840015, 0.4458084, 0.4088546, 0
0.488955, 0.3456827, 0.3276581, 0
0.6800234, 0.461124, 0.2457951, 0
0.7794636, 0.4155732, 0.2098056, 0
0.717894, 0.3209284, 0.3257151, 0
0.5557757, 0.5086097, 0.2832646, 0
0.5524988, 0.33671, 0.3823777, 0
0.6743487, 0.4389071, 0.3551522, 0
0.8602576, 0.4316797, 0.2019889, 0
0.6433133, 0.3507521, 0.2456394, 0
0.7688542, 0.4662669, 0.3430072, 0
0.4431913, 0.440788, 0.4420164, 0
0.401575, 0.3052182, 0.3272557, 0
0.7330171, 0.4166624, 0.395881, 0
0.4909711, 0.3659789, 0.253745, 0
0.6708497, 0.3137021, 0.3274222, 0
0.5977582, 0.3791115, 0.4195552, 0
0.8595764, 0.53951, 0.3533973, 0
0.6588241, 0.3164232, 0.3913307, 0
0.7511147, 0.280221, 0.3248482, 0
0.4405846, 0.3402355, 0.2762089, 0
0.7387671, 0.4316566, 0.1966014, 0
0.6885618, 0.4427204, 0.3456056, 0
0.7640654, 0.5356692, 0.2272255, 0
0.8260418, 0.5023773, 0.3540581, 0
0.5553008, 0.4444354, 0.3643293, 0
0.8227206, 0.5035117, 0.2864893, 0
0.7403038, 0.2815853, 0.3073412, 0
0.4985961, 0.3120055, 0.2186685, 0
0.4081809, 0.5102472, 0.3658441, 0
0.7518088, 0.3424904, 0.3041661, 0
0.4325641, 0.2950661, 0.2620354, 0
0.7309449, 0.5130619, 0.3472009, 0
0.8426942, 0.3623286, 0.3559716, 0
0.4405548, 0.5124289, 0.2863845, 0
0.6110876, 0.2772062, 0.299026, 0
0.8042222, 0.313165, 0.3580031, 0
0.8565863, 0.3897983, 0.2300611, 0
0.812743, 0.5788865, 0.4160942, 0
0.6687422, 0.350703, 0.200078, 0
0.7375593, 0.4612242, 0.3858375, 0
0.6262384, 0.2706954, 0.3507183, 0
0.7608308, 0.4546137, 0.2752063, 0
0.7604655, 0.510912, 0.3407468, 0
0.4926174, 0.3459022, 0.3460004, 0
0.3500247, 0.3967912, 0.2838852, 0
0.4557737, 0.3092646, 0.4142422, 0
0.4835001, 0.4131054, 0.3410753, 0
0.6047194, 0.3227844, 0.3247663, 0
0.4902391, 0.3695851, 0.3229894, 0
0.4917755, 0.4396772, 0.2804641, 0
0.7694144, 0.5314404, 0.2571125, 0
0.7794975, 0.4856891, 0.2155078, 0
0.6765269, 0.3989823, 0.229409, 0
0.8057669, 0.5307403, 0.2949618, 0
0.5514566, 0.4013012, 0.3211741, 0
0.8888181, 0.3891434, 0.2254417, 0
0.422827, 0.3725236, 0.3646153, 0
0.4727098, 0.4627458, 0.2884176, 0
0.6733254, 0.3180406, 0.2916807, 0
0.6083986, 0.3860692, 0.3476789, 0
0.4673134, 0.4115366, 0.2363372, 0
0.6719282, 0.3383419, 0.4147103, 0
0.8146851, 0.4752868, 0.2612148, 0
0.4009556, 0.3665027, 0.295979, 0
0.4060591, 0.5083771, 0.2945682, 0
0.3807752, 0.3696632, 0.3449749, 0
0.6931186, 0.4423836, 0.269192, 0
0.825711, 0.6115946, 0.2989312, 0
0.4979558, 0.3899363, 0.4073013, 0
0.7318578, 0.4525317, 0.2008035, 0
0.4021889, 0.3620315, 0.3550913, 0
0.7755852, 0.4050234, 0.3028954, 0
0.6231061, 0.4817967, 0.3541077, 0
0.5942522, 0.3991478, 0.2475032, 0
0.4387322, 0.483195, 0.3024211, 0
0.7774616, 0.4979944, 0.3172249, 0
0.468353, 0.3103779, 0.4160853, 0
0.8351235, 0.4517336, 0.404053, 0
0.7483101, 0.3166592, 0.2908856, 0
0.8554595, 0.5259426, 0.1771707, 0
0.4167508, 0.4607446, 0.2172128, 0
0.7606471, 0.5193471, 0.381432, 0
0.6058896, 0.3520813, 0.2401842, 0
0.3509069, 0.3972982, 0.2515669, 0
0.4095582, 0.3227222, 0.2591198, 0
0.528486, 0.416008, 0.3831609, 0
0.4670604, 0.3836909, 0.2344376, 0
0.8495713, 0.4625999, 0.2315256, 0
0.6808499, 0.4790576, 0.294596, 0
0.4712364, 0.3056156, 0.3391029, 0
0.3840515, 0.4780973, 0.2481199, 0
0.8289909, 0.4099097, 0.217094, 0
0.6573785, 0.3982634, 0.329394, 0
0.5768111, 0.2781928, 0.2448783, 0
0.8540882, 0.3283585, 0.3204179, 0
0.680824, 0.4217957, 0.3605645, 0
0.4421943, 0.2894049, 0.3427624, 0
0.5540005, 0.3205057, 0.3562247, 0
0.5171081, 0.3199207, 0.2190411, 0
0.4611226, 0.297636, 0.3218066, 0
0.6303462, 0.3659898, 0.2353651, 0
0.6104, 0.3894139, 0.4186481, 0
0.8506635, 0.4769017, 0.2516082, 0
0.5378986, 0.3288845, 0.2490338, 0
0.6612186, 0.3194193, 0.263845, 0
0.4705963, 0.3797742, 0.3853157, 0
0.6357117, 0.3557144, 0.204812, 0
0.5320888, 0.4022804, 0.4253609, 0
0.4898072, 0.4209822, 0.3459903, 0
0.6373652, 0.43155, 0.2786449, 0
0.6126449, 0.4986038, 0.2613294, 0
0.4211546, 0.2989809, 0.3722146, 0
0.64184, 0.2983618, 0.3786291, 0
0.8069525, 0.3669608, 0.2675197, 0
0.79105, 0.5060484, 0.2335662, 0
0.6936291, 0.3395493, 0.1975051, 0
0.7829455, 0.4245438, 0.3149204, 0
0.646268, 0.4641288, 0.2759306, 0
0.4651529, 0.3867301, 0.4342591, 0
0.8100877, 0.3813309, 0.3274561, 0
0.7866518, 0.5725367, 0.2017396, 0
0.8696473, 0.3667355, 0.2409886, 0
0.3822827, 0.5143689, 0.3406973, 0
0.4366347, 0.4801254, 0.2474745, 0
0.4344337, 0.4568751, 0.2658842, 0
0.8737878, 0.4409249, 0.1774516, 0
0.6172258, 0.5130057, 0.2820736, 0
0.4977793, 0.3588385, 0.4457923, 0
0.6573468, 0.3323625, 0.1919218, 0
0.6720273, 0.4063748, 0.3422014, 0
0.4852061, 0.4044152, 0.2212776, 0
0.3865579, 0.3899152, 0.3695226, 0
0.4679818, 0.4194147, 0.2299475, 0
0.6039051, 0.3176279, 0.3399666, 0
0.4524457, 0.4353128, 0.2395643, 0
0.8072153, 0.3900286, 0.3880654, 0
0.5747786, 0.4278854, 0.2970963, 0
0.3284716, 0.4115296, 0.2764531, 0
0.703595, 0.3789784, 0.3793267, 0
0.701043, 0.4792318, 0.2202296, 0
0.3899903, 0.3868627, 0.305826, 0
0.750413, 0.4000376, 0.1917873, 0
0.5204375, 0.4809924, 0.2418729, 0
0.406904, 0.2989241, 0.3506225, 0
0.4582265, 0.5349191, 0.2901127, 0
0.398789, 0.3354135, 0.3941479, 0
0.7636839, 0.2993084, 0.3414014, 0
0.4301681, 0.3035412, 0.3836714, 0
0.4459254, 0.3248405, 0.2340278, 0
0.4215273, 0.2964346, 0.27852, 0
0.8437736, 0.5108504, 0.3545909, 0
0.4134793, 0.4629197, 0.2746951, 0
0.5658212, 0.4395615, 0.4169105, 0
0.4225852, 0.4786562, 0.2929988, 0
0.3565963, 0.4046395, 0.3169599, 0
0.4625908, 0.2989163, 0.3466708, 0
0.761011, 0.4378484, 0.262149, 0
0.5591909, 0.4163699, 0.249974, 0
0.4727693, 0.3429266, 0.3830221, 0
0.7676644, 0.3981941, 0.2399731, 0
0.5549448, 0.3863834, 0.4382466, 0
0.8039953, 0.3798887, 0.1960209, 0
0.760757, 0.3941083, 0.2918916, 0
0.4417704, 0.3823476, 0.3367415, 0
0.7432265, 0.3658776, 0.3524698, 0
0.8370717, 0.3527935, 0.2619054, 0
0.5587848, 0.4121057, 0.2727568, 0
0.8191177, 0.4134336, 0.2397577, 0
0.7644159, 0.5739361, 0.2225101, 0
0.4158023, 0.4198416, 0.206987, 0
0.7166026, 0.3396427, 0.3254486, 0
0.8293437, 0.3499754, 0.237117, 0
0.4523781, 0.4571726, 0.4097346, 0
0.4862009, 0.3060688, 0.3678344, 0
0.6158278, 0.4405929, 0.3960077, 0
0.7408277, 0.3258061, 0.3125731, 0
0.4620048, 0.4426913, 0.3423206, 0
0.4064608, 0.3404775, 0.3233268, 0
0.56586, 0.4732075, 0.2198698, 0
0.6189547, 0.3710205, 0.3492111, 0
0.3896063, 0.3684853, 0.39851, 0
0.5464675, 0.4856141, 0.2332909, 0
0.5824739, 0.3722994, 0.2013737, 0
0.5212359, 0.3105488, 0.3289589, 0
0.3667819, 0.3850846, 0.3294088, 0
0.5173685, 0.4578531, 0.2426215, 0
0.4991595, 0.321135, 0.3990086, 0
0.6917945, 0.4884054, 0.3254397, 0
0.370515, 0.341948, 0.2531552, 0
0.4747062, 0.402168, 0.2507096, 0
0.7661285, 0.324342, 0.226778, 0
0.6174144, 0.5159556, 0.2854394, 0
0.6633762, 0.3472126, 0.2144925, 0
0.434707, 0.3134898, 0.4193007, 0
0.4086341, 0.4061011, 0.4225178, 0
0.3910592, 0.4617574, 0.2288132, 0
0.772571, 0.4552135, 0.3306957, 0
0.4267475, 0.4965024, 0.3989906, 0
0.3431338, 0.4423304, 0.318574, 0
0.5167816, 0.4268872, 0.2663369, 0
0.753875, 0.4708184, 0.3876736, 0
0.5543535, 0.3554583, 0.4136811, 0
0.8432475, 0.4821212, 0.3327927, 0
0.83217, 0.5298626, 0.2250379, 0
0.784533, 0.4645891, 0.3834688, 0
0.4528416, 0.415104, 0.3655813, 0
0.3231075, 0.4273673, 0.2803965, 0
0.8539193, 0.5152066, 0.3217372, 0
0.3837095, 0.4403422, 0.3827737, 0
0.7463467, 0.4216267, 0.1867762, 0
0.4051632, 0.3430058, 0.3235851, 0
0.4934022, 0.3010284, 0.244033, 0
0.7247345, 0.4784255, 0.3376189, 0
0.5833906, 0.3928027, 0.2314334, 0
0.8780589, 0.3836502, 0.2903971, 0
0.7409746, 0.490247, 0.2065214, 0
0.6343525, 0.383904, 0.246792, 0
0.3792636, 0.4976156, 0.3706067, 0
0.4991318, 0.488812, 0.3532076, 0
0.3599744, 0.3561851, 0.250838, 0
0.7287646, 0.3613933, 0.2689467, 0
0.8024187, 0.5334849, 0.2778129, 0
0.8027408, 0.4250719, 0.1724478, 0
0.478383, 0.4832053, 0.2695221, 0
0.5459322, 0.2994829, 0.2097567, 0
0.4040267, 0.4096206, 0.4255033, 0
0.439208, 0.4420983, 0.3973369, 0
0.387945, 0.5113438, 0.2865438, 0
0.4401657, 0.4489999, 0.4157382, 0
0.6758532, 0.2743928, 0.3292047, 0
0.6553718, 0.3053874, 0.2784435, 0
0.6214381, 0.4766929, 0.2399027, 0
0.690897, 0.3733067, 0.3350475, 0
0.537131, 0.3475549, 0.4070946, 0
0.6654585, 0.4170432, 0.2652259, 0
0.8577551, 0.5053961, 0.2062662, 0
0.8081858, 0.5195612, 0.3663727, 0
0.5302748, 0.3940735, 0.2203288, 0
0.5005274, 0.3948249, 0.3207234, 0
0.7044882, 0.4419592, 0.3091939, 0
0.8513728, 0.4941721, 0.2852096, 0
0.5119975, 0.4605987, 0.2895747, 0
0.7144942, 0.4522437, 0.3685971, 0
0.7176239, 0.5114991, 0.3174876, 0
0.7662533, 0.3598859, 0.1927657, 0
0.4213329, 0.2993341, 0.271209, 0
0.6100209, 0.4148516, 0.3320845, 0
0.7553202, 0.3509187, 0.2372783, 0
0.4398709, 0.485677, 0.2915409, 0
0.5727911, 0.3700829, 0.3860973, 0
0.3796057, 0.3258506, 0.3847458, 0
0.6217219, 0.4124116, 0.3574786, 0
0.8471683, 0.4030473, 0.3914315, 0
0.3957882, 0.2930265, 0.329007, 0
0.4527469, 0.4129705, 0.3341328, 0
0.6615457, 0.4509082, 0.2291857, 0
0.6182916, 0.3522785, 0.3775291, 0
0.7329901, 0.3032829, 0.3551815, 0
0.831465, 0.3350306, 0.2316352, 0
0.3699126, 0.3124128, 0.2746626, 0
0.8417812, 0.3858989, 0.2535215, 0
0.8035969, 0.3864922, 0.3341357, 0
0.4222854, 0.3411179, 0.3535503, 0
0.4769552, 0.4178797, 0.4522767, 0
0.7689857, 0.4526854, 0.3537529, 0
0.4110699, 0.4771591, 0.3658754, 0
0.687432, 0.4091396, 0.3638943, 0
0.6399672, 0.3536075, 0.2278015, 0
0.6933815, 0.5120932, 0.3031931, 0
0.8480116, 0.5418981, 0.2265696, 0
0.6308023, 0.3832808, 0.338603, 0
0.4303467, 0.3552438, 0.3678007, 0
0.43916, 0.3254486, 0.3735181, 0
0.4624362, 0.398245, 0.3916196, 0
0.4741274, 0.4235744, 0.4511053, 0
0.7736105, 0.5370954, 0.2456778, 0
0.8282461, 0.4972462, 0.3742758, 0
0.439175, 0.2866079, 0.305023, 0
0.6545275, 0.3375745, 0.2379642, 0
0.699453, 0.3912245, 0.3061918, 0
0.7022032, 0.2835637, 0.2954963, 0
0.4748761, 0.4291868, 0.2271086, 0
0.8475572, 0.4861186, 0.2000161, 0
0.5418904, 0.4143737, 0.1980484, 0
0.8555619, 0.5191225, 0.1932769, 0
0.5314674, 0.4782887, 0.3998449, 0
0.5785208, 0.3320174, 0.2712785, 0
0.8925521, 0.4144059, 0.3740288, 0
0.8260306, 0.5207285, 0.1850499, 0
0.466832, 0.4628067, 0.3295195, 0
0.5758209, 0.4195623, 0.3284906, 0
0.7107731, 0.5133908, 0.3209998, 0
0.437547, 0.3846335, 0.1922162, 0
0.876742, 0.3682414, 0.3807263, 0
0.568189, 0.3842531, 0.2661534, 0
0.6429049, 0.4503372, 0.238971, 0
0.7074983, 0.400143, 0.2750452, 0
0.4270796, 0.3855764, 0.2392284, 0
0.5705057, 0.3311607, 0.3295272, 0
0.4909801, 0.4357368, 0.3000408, 0
0.799347, 0.5496998, 0.3298711, 0
0.4350546, 0.4207775, 0.42494, 0
0.3951031, 0.3137597, 0.2607712, 0
0.5314359, 0.3203546, 0.3802696, 0
0.7805812, 0.5196978, 0.312889, 0
0.8209115, 0.434733, 0.3882442, 0
0.4236197, 0.3645419, 0.3920437, 0
0.6531644, 0.3534807, 0.3299714, 0
0.4475562, 0.4795659, 0.4097725, 0
0.5857166, 0.3874643, 0.2502917, 0
0.7030281, 0.2825029, 0.3224354, 0
0.5560166, 0.4161477, 0.3373857, 0
0.6724147, 0.450615, 0.3455474, 0
0.7055129, 0.317529, 0.2171307, 0
0.6755741, 0.4300163, 0.3691112, 0
0.7648282, 0.3757043, 0.3111549, 0
0.8154177, 0.4650114, 0.2501357, 0
0.7589046, 0.408865, 0.3848495, 0
0.4241142, 0.4722384, 0.3452502, 0
0.8655124, 0.3640618, 0.3599089, 0
0.4847406, 0.4556457, 0.4404758, 0
0.8109199, 0.4402023, 0.2428697, 0
0.4906531, 0.2891772, 0.309502, 0
0.4842891, 0.3827634, 0.2283894, 0
0.4929137, 0.3818905, 0.2601528, 0
0.3979363, 0.2969536, 0.3367739, 0
0.7585009, 0.3482862, 0.40775, 0
0.4878625, 0.4328336, 0.213117, 0
0.7068466, 0.3792939, 0.404022, 0
0.4305465, 0.4676235, 0.2645648, 0
0.5250952, 0.4798637, 0.3415589, 0
0.7947051, 0.5360081, 0.2561848, 0
0.7549145, 0.3735448, 0.2521302, 0
0.8545061, 0.3940502, 0.2479971, 0
0.4198714, 0.4132206, 0.2586263, 0
0.7662598, 0.5997992, 0.2853609, 0
0.789598, 0.5761223, 0.2117096, 0
0.659283, 0.4852474, 0.2316288, 0
0.5297158, 0.4229206, 0.4400539, 0
0.3853747, 0.4602322, 0.3509578, 0
0.590809, 0.4018004, 0.2923944, 0
0.6891348, 0.4502865, 0.3069176, 0
0.4562864, 0.2894271, 0.2809221, 0
0.4945435, 0.3920673, 0.2433946, 0
0.7490962, 0.5042388, 0.2079255, 0
0.7878612, 0.3883189, 0.2871248, 0
0.4398163, 0.2923786, 0.3584287, 0
0.6726188, 0.3430913, 0.2226336, 0
0.4505672, 0.3966856, 0.3175443, 0
0.589173, 0.5183549, 0.2815712, 0
0.7825142, 0.3170772, 0.3648766, 0
0.3787463, 0.3728189, 0.3578657, 0
0.6625186, 0.5026227, 0.2711988, 0
0.4192796, 0.3894453, 0.2195758, 0
0.6398359, 0.509411, 0.2559885, 0
0.4737385, 0.4770187, 0.3663279, 0
0.544838, 0.4334587, 0.2873723, 0
0.3832176, 0.3515689, 0.3539015, 0
0.4140863, 0.2997977, 0.2751139, 0
0.8575879, 0.4784546, 0.2464715, 0
0.4919644, 0.3769528, 0.366455, 0
0.4994581, 0.3864256, 0.3401971, 0
0.7070184, 0.4095672, 0.3852261, 0
0.5035169, 0.3489719, 0.2765132, 0
0.4868886, 0.4932401, 0.2832346, 0
0.8594536, 0.541434, 0.2795068, 0
0.5800095, 0.3020912, 0.289702, 0
0.7691634, 0.5751138, 0.3763156, 0
0.4986232, 0.3980783, 0.3287092, 0
0.8572019, 0.4037677, 0.3128099, 0
0.520325, 0.4826404, 0.3638802, 0
0.8140172, 0.3010335, 0.2963432, 0
0.4002452, 0.4540679, 0.4276629, 0
0.7843015, 0.4557941, 0.193293, 0
0.8718823, 0.4259392, 0.3150617, 0
0.8229791, 0.3779599, 0.2203283, 0
0.5084074, 0.4702948, 0.3325704, 0
0.824415, 0.4462316, 0.2924971, 0
0.6752442, 0.3366923, 0.3144808, 0
0.5494621, 0.3477481, 0.2463505, 0
0.6036322, 0.4325411, 0.2347648, 0
0.7491777, 0.4993683, 0.1893165, 0
0.4513408, 0.5069144, 0.277722, 0
0.7446671, 0.5075812, 0.257515, 0
0.382057, 0.3723783, 0.3651972, 0
0.3752427, 0.4184762, 0.2782673, 0
0.5910618, 0.3323865, 0.2302464, 0
0.5871826, 0.3063521, 0.2035466, 0
0.6185988, 0.4435562, 0.2266372, 0
0.515134, 0.3215099, 0.230185, 0
0.431989, 0.3040814, 0.3853924, 0
0.492352, 0.4148212, 0.4363072, 0
0.89328, 0.4121349, 0.4010967, 0
0.8392265, 0.4798268, 0.177057, 0
0.8214045, 0.4585684, 0.2604351, 0
0.3776204, 0.4638273, 0.2495818, 0
0.4682997, 0.4775098, 0.2566176, 0
0.8559759, 0.3396809, 0.3199272, 0
0.506127, 0.4095981, 0.1839978, 0
0.4072934, 0.2903123, 0.3329227, 0
0.4209356, 0.3586354, 0.339903, 0
0.461614, 0.4202317, 0.4207478, 0
0.5194621, 0.3414305, 0.4063826, 0
0.5062923, 0.4866529, 0.2928785, 0
0.5226977, 0.3420181, 0.3327033, 0
0.6757033, 0.3915273, 0.3860773, 0
0.6023942, 0.3747426, 0.2137135, 0
0.7497457, 0.5167763, 0.3600556, 0
0.6487794, 0.3350312, 0.2131416, 0
0.8409765, 0.4443049, 0.2972025, 0
0.5133137, 0.4810737, 0.2463215, 0
0.8712033, 0.4921343, 0.3003538, 0
0.639553, 0.2927127, 0.2730637, 0
0.4104024, 0.4426778, 0.3038647, 0
0.548798, 0.3806562, 0.3708135, 0
0.5139185, 0.306919, 0.205457, 0
0.5977667, 0.4029672, 0.3247056, 0
0.3738698, 0.5093734, 0.3254668, 0
0.4273698, 0.4675478, 0.3871536, 0
0.7772822, 0.3842214, 0.2980337, 0
0.7257385, 0.3990927, 0.3663184, 0
0.8256766, 0.4062379, 0.1811639, 0
0.3983314, 0.3380333, 0.3879307, 0
0.5003119, 0.310833, 0.3599146, 0
0.6627475, 0.4541526, 0.3108636, 0
0.6748588, 0.5061937, 0.2665855, 0
0.3696629, 0.4675303, 0.2625198, 0
0.6576014, 0.3609888, 0.2422436, 0
0.6831195, 0.4065214, 0.2036603, 0
0.5012622, 0.4715153, 0.4140162, 0
0.4277646, 0.3137637, 0.3135649, 0
0.7284777, 0.4750243, 0.2808427, 0
0.7163103, 0.4300098, 0.3569853, 0
0.7421218, 0.4409496, 0.2783933, 0
0.4390959, 0.3768679, 0.2023278, 0
0.6664751, 0.3085771, 0.3162546, 0
0.4100765, 0.3712668, 0.307522, 0
0.3727159, 0.4166992, 0.241746, 0
0.8303193, 0.478375, 0.2641622, 0
0.7720294, 0.3525874, 0.3221239, 0
0.5906138, 0.4523811, 0.3714979, 0
0.6270079, 0.3582113, 0.3283555, 0
0.7232231, 0.4718876, 0.2281605, 0
0.6888835, 0.3335581, 0.335422, 0
0.4391449, 0.513079, 0.32783, 0
0.7655029, 0.3018185, 0.2899201, 0
0.7824039, 0.3482653, 0.318985, 0
0.8270676, 0.4722951, 0.3001353, 0
0.8125019, 0.3339197, 0.3335907, 0
0.5540829, 0.462171, 0.2458384, 0
0.4021786, 0.3816026, 0.303976, 0
0.7996179, 0.3753658, 0.4001504, 0
0.8167775, 0.3690668, 0.2072331, 0
0.6713309, 0.3981264, 0.3052315, 0
0.8097144, 0.4056403, 0.2603545, 0
0.8346806, 0.5553433, 0.319587, 0
0.417738, 0.4532023, 0.4266063, 0
0.6185978, 0.4625569, 0.3564438, 0
0.4271132, 0.4872463, 0.4099768, 0
0.4587287, 0.4712139, 0.366347, 0
0.4415663, 0.33922, 0.4137563, 0
0.3936229, 0.4765599, 0.3866571, 0
0.8306397, 0.5602904, 0.2974751, 0
0.7263325, 0.4934811, 0.3488715, 0
0.6237146, 0.5082625, 0.2905784, 0
0.7247475, 0.3479024, 0.2648769, 0
0.3733079, 0.3247244, 0.3044492, 0
0.5413086, 0.4125865, 0.3834714, 0
0.8470405, 0.4125419, 0.3709248, 0
0.7628123, 0.563705, 0.2295273, 0
0.352948, 0.3630169, 0.2742375, 0
0.8206769, 0.5565556, 0.2194585, 0
0.5001256, 0.4090138, 0.3900308, 0
0.8832753, 0.3409804, 0.2364487, 0
0.411712, 0.4625793, 0.4049882, 0
0.5736056, 0.3178976, 0.3516876, 0
0.8493469, 0.5065262, 0.2784571, 0
0.5751831, 0.4361791, 0.2388183, 0
0.8356977, 0.397885, 0.2907033, 0
0.8525618, 0.3849609, 0.3169958, 0
0.7575706, 0.4143575, 0.2140933, 0
0.4812042, 0.4510904, 0.2208011, 0
0.7064199, 0.339228, 0.3876922, 0
0.6666195, 0.3830842, 0.2001466, 0
0.459866, 0.4811591, 0.2425313, 0
0.4557553, 0.3116733, 0.4125103, 0
0.4761543, 0.3917338, 0.2821339, 0
0.4756699, 0.4191353, 0.4178958, 0
0.7687588, 0.3586853, 0.3530641, 0
0.4386316, 0.4013002, 0.2746633, 0
0.3936806, 0.3566138, 0.2975491, 0
0.870653, 0.3288899, 0.2409242, 0
0.4389641, 0.3462566, 0.2578164, 0
0.5425496, 0.3288854, 0.2553845, 0
0.6117296, 0.3126858, 0.2589308, 0
0.7786632, 0.4915296, 0.2852344, 0
0.650921, 0.4827942, 0.3172534, 0
0.832133, 0.5230675, 0.2484542, 0
0.3806516, 0.3487994, 0.3751119, 0
0.4396456, 0.4045983, 0.2049696, 0
0.3799827, 0.398683, 0.2127995, 0
0.4084015, 0.3507347, 0.3965226, 0
0.5571074, 0.4739345, 0.2475097, 0
0.8063984, 0.3948838, 0.2199441, 0
0.8807166, 0.4146525, 0.2694246, 0
0.6332994, 0.2796983, 0.3289112, 0
0.4047642, 0.3838978, 0.220374, 0
0.5575882, 0.4488596, 0.41131, 0
0.7316261, 0.2766908, 0.2933921, 0
0.4624248, 0.41931, 0.4535912, 0
0.7613533, 0.444137, 0.2620424, 0
0.4998722, 0.419545, 0.3505903, 0
0.777268, 0.3498101, 0.3782231, 0
0.7563851, 0.4311613, 0.3297076, 0
0.7909847, 0.4188904, 0.1764232, 0
0.4764336, 0.4072072, 0.4570163, 0
0.5410731, 0.3473773, 0.2570611, 0
0.4973368, 0.3751914, 0.2016903, 0
0.7407132, 0.4275954, 0.33084, 0
0.7772528, 0.3472336, 0.2864971, 0
0.4722055, 0.4361486, 0.4231076, 0
0.7530696, 0.3413449, 0.2776509, 0
0.4948502, 0.4888129, 0.3904383, 0
0.4767067, 0.3329384, 0.3508872, 0
0.6782714, 0.5127785, 0.2817752, 0
0.6161068, 0.4208939, 0.322823, 0
0.7494996, 0.29224, 0.3459434, 0
0.8346016, 0.5083172, 0.214661, 0
0.6309353, 0.5036823, 0.2571051, 0
0.8497146, 0.361729, 0.3550312, 0
0.4194396, 0.2940681, 0.3647033, 0
0.7918052, 0.4380188, 0.22388, 0
0.6628719, 0.3384773, 0.230461, 0
0.8537017, 0.4781083, 0.2426504, 0
0.4869283, 0.3851169, 0.2404705, 0
0.7986433, 0.5817564, 0.2055861, 0
0.4518256, 0.3359679, 0.4011994, 0
0.3603963, 0.4480911, 0.3919998, 0
0.5195025, 0.4474337, 0.3870316, 0
0.7049873, 0.3905433, 0.3471735, 0
0.3973311, 0.3528192, 0.2399283, 0
0.5559012, 0.4454827, 0.2571362, 0
0.7371405, 0.3175758, 0.2659538, 0
0.4623988, 0.3134372, 0.3268305, 0
0.5198346, 0.3552552, 0.2190789, 0
0.5561609, 0.3742309, 0.2481336, 0
0.4323816, 0.4633113, 0.2238181, 0
0.3964829, 0.3147859, 0.2598612, 0
0.4322365, 0.3270277, 0.3746936, 0
0.7507548, 0.4113964, 0.3533743, 0
0.8287697, 0.3995651, 0.2683758, 0
0.4413773, 0.4246204, 0.3059548, 0
0.8194639, 0.4823633, 0.3721094, 0
0.7166975, 0.2741421, 0.3161289, 0
0.4445796, 0.3057798, 0.3731094, 0
0.725526, 0.446618, 0.2073065, 0
0.3966016, 0.3175144, 0.3657297, 0
0.5241199, 0.4352764, 0.26993, 0
0.4991236, 0.4391665, 0.4249898, 0
0.8345829, 0.4212579, 0.1879412, 0
0.8467391, 0.4861825, 0.2484078, 0
0.562591, 0.3253731, 0.2226857, 0
0.8471466, 0.3847805, 0.2567699, 0
0.4407898, 0.3545671, 0.2221488, 0
0.5565382, 0.40028, 0.3496764, 0
0.8199205, 0.4147902, 0.1768428, 0
0.8613113, 0.4308492, 0.2982705, 0
0.6475301, 0.3527513, 0.3534705, 0
0.6154006, 0.2988298, 0.3082138, 0
0.3621509, 0.4712343, 0.3849821, 0
0.8469108, 0.5679604, 0.3552247, 0
0.6543299, 0.3140101, 0.3883824, 0
0.5322721, 0.2920006, 0.2410682, 0
0.5981867, 0.3151136, 0.2453581, 0
0.5322592, 0.4783294, 0.2746444, 0
0.4522037, 0.4253473, 0.4550837, 0
0.4965748, 0.296808, 0.3011992, 0
0.5950791, 0.2955191, 0.2238618, 0
0.7697126, 0.5398704, 0.3021296, 0
0.836, 0.4431159, 0.3657835, 0
0.4726251, 0.4639767, 0.4231504, 0
0.6548661, 0.4839772, 0.2798008, 0
0.7290822, 0.3690439, 0.2850964, 0
0.7590504, 0.4885697, 0.3915159, 0
0.4243809, 0.293447, 0.3464678, 0
0.4631321, 0.3109747, 0.3494427, 0
0.4098058, 0.3136615, 0.406176, 0
0.878297, 0.3547596, 0.2889527, 0
0.7742429, 0.4138121, 0.1751747, 0
0.4095588, 0.2960954, 0.3604895, 0
0.7339253, 0.3909249, 0.3690709, 0
0.4712097, 0.3609938, 0.3948638, 0
0.5446012, 0.3866169, 0.4301011, 0
0.7963246, 0.328427, 0.2209009, 0
0.7040662, 0.4576892, 0.2163485, 0
0.7695107, 0.5932455, 0.3182937, 0
0.545692, 0.3676445, 0.1983579, 0
0.635574, 0.3650533, 0.4223803, 0
0.8025265, 0.3133418, 0.331259, 0
0.4726789, 0.2944765, 0.2689326, 0
0.8384086, 0.3394447, 0.3565028, 0
0.4072361, 0.4501067, 0.3190815, 0
0.3801171, 0.4464632, 0.4178105, 0
0.7468343, 0.3011511, 0.2835507, 0
0.7886333, 0.5844324, 0.3138197, 0
0.7666055, 0.2803857, 0.3426278, 0
0.5757278, 0.4291734, 0.2389427, 0
0.6331487, 0.483808, 0.2615906, 0
0.7189278, 0.3389522, 0.3512689, 0
0.8713281, 0.3914938, 0.3624908, 0
0.6042771, 0.3166309, 0.2373923, 0
0.550795, 0.3850839, 0.2564608, 0
0.8103651, 0.5493658, 0.3325959, 0
0.7205322, 0.4765833, 0.2478138, 0
0.7675802, 0.3811572, 0.223505, 0
0.648923, 0.3970403, 0.4023315, 0
0.4189993, 0.28925, 0.3261143, 0
0.4742374, 0.3237324, 0.3841642, 0
0.4394266, 0.4508177, 0.3818046, 0
0.8148365, 0.5600177, 0.2965582, 0
0.7537329, 0.4118297, 0.3545828, 0
0.7792363, 0.4279737, 0.3887821, 0
0.3799059, 0.4526761, 0.2432241, 0
0.6657107, 0.2813445, 0.2766764, 0
0.8553051, 0.555469, 0.292076, 0
0.6250756, 0.3589854, 0.2291127, 0
0.3632777, 0.4917611, 0.3010401, 0
0.4237896, 0.3143208, 0.2765633, 0
0.5276353, 0.3224176, 0.2536067, 0
0.5043594, 0.4648098, 0.3383812, 0
0.4724544, 0.5139634, 0.2582071, 0
0.7523825, 0.395684, 0.3670391, 0
0.6947889, 0.3166973, 0.2398869, 0
0.7174196, 0.4875229, 0.263362, 0
0.8165492, 0.3358813, 0.3573129, 0
0.3616438, 0.4059649, 0.2755375, 0
0.5819626, 0.4153801, 0.2047367, 0
0.5027218, 0.4223368, 0.1983719, 0
0.4594764, 0.4577392, 0.2131106, 0
0.8356226, 0.4982538, 0.3350476, 0
0.429785, 0.4595835, 0.3438218, 0
0.5511439, 0.4593631, 0.2142916, 0
0.6259252, 0.4893404, 0.2634088, 0
0.7616667, 0.3127491, 0.330222, 0
0.5335035, 0.3310373, 0.2524488, 0
0.6379579, 0.4521438, 0.3865096, 0
0.4882562, 0.3590815, 0.4117004, 0
0.4525926, 0.383783, 0.3508677, 0
0.677323, 0.3337332, 0.2581988, 0
0.4864635, 0.4862468, 0.2751004, 0
0.5237938, 0.4527026, 0.3650167, 0
0.5404645, 0.320318, 0.3759901, 0
0.7091526, 0.4651828, 0.2223509, 0
0.4362763, 0.3324294, 0.2463979, 0
0.7447006, 0.5271764, 0.3015025, 0
0.8524384, 0.3901772, 0.2214504, 0
0.6879756, 0.4107642, 0.3643211, 0
0.4714538, 0.3980526, 0.3739817, 0
0.6209321, 0.3807467, 0.3848993, 0
0.7510357, 0.5602599, 0.2790452, 0
0.4069414, 0.5130373, 0.3544267, 0
0.5294133, 0.3757723, 0.264981, 0
0.4923714, 0.4691897, 0.2245806, 0
0.8146203, 0.410028, 0.3158223, 0
0.4855874, 0.2907568, 0.2836381, 0
0.4946252, 0.3085265, 0.3463941, 0
0.379032, 0.4189507, 0.2950354, 0
0.5661244, 0.3269319, 0.3860151, 0
0.7481818, 0.5384113, 0.2410531, 0
0.5165767, 0.3619472, 0.2033135, 0
0.8371842, 0.5628287, 0.3773876, 0
0.4546883, 0.3106616, 0.2425728, 0
0.5224252, 0.4625478, 0.4125714, 0
0.3559948, 0.3864901, 0.2998886, 0
0.6903242, 0.4436502, 0.3165662, 0
0.4462095, 0.427574, 0.4550835, 0
0.694526, 0.3322186, 0.3613675, 0
0.496928, 0.4267815, 0.3485976, 0
0.7750357, 0.5468515, 0.3918155, 0
0.4104147, 0.4492387, 0.2670303, 0
0.6075875, 0.2943803, 0.3712336, 0
0.8425143, 0.4132105, 0.3909787, 0
0.5720751, 0.4269981, 0.2583567, 0
0.5373, 0.4448822, 0.3449153, 0
0.4414091, 0.2870474, 0.2992118, 0
0.8061463, 0.4510854, 0.4043411, 0
0.8694108, 0.400962, 0.326867, 0
0.8118843, 0.3857073, 0.3097365, 0
0.5686706, 0.5212462, 0.297954, 0
0.7411101, 0.4831928, 0.3125837, 0
0.5067528, 0.3583593, 0.1819824, 0
0.3758673, 0.4897558, 0.2842545, 0
0.4938651, 0.3865316, 0.3388796, 0
0.6257793, 0.4348465, 0.3779755, 0
0.8047845, 0.5692658, 0.3993656, 0
0.7980537, 0.4091106, 0.4068026, 0
0.8098837, 0.5308921, 0.1830167, 0
0.4794817, 0.3861604, 0.4463236, 0
0.792736, 0.5596483, 0.3798423, 0
0.5393587, 0.4021188, 0.1956752, 0
0.6740118, 0.478617, 0.2383759, 0
0.3713664, 0.4999596, 0.3580218, 0
0.4103411, 0.4662349, 0.3316634, 0
0.4286747, 0.4677987, 0.4249435, 0
0.7750255, 0.5763621, 0.3729362, 0
0.5663921, 0.4141031, 0.3365514, 0
0.5663146, 0.4298163, 0.4152561, 0
0.6467758, 0.4708101, 0.2275892, 0
0.6151327, 0.4812935, 0.2868991, 0
0.7155851, 0.3121659, 0.221284, 0
0.7567753, 0.5216839, 0.2442954, 0
0.3644172, 0.3492128, 0.2945503, 0
0.4920466, 0.5394277, 0.3004648, 0
0.5830268, 0.3651863, 0.3848924, 0
0.6700493, 0.4212316, 0.2444947, 0
0.5422218, 0.3785096, 0.2205786, 0
0.6900218, 0.3867559, 0.2646585, 0
0.8607796, 0.4769748, 0.3953818, 0
0.8315985, 0.5317769, 0.3588561, 0
0.4795199, 0.4310116, 0.2705992, 0
0.6056963, 0.4169779, 0.204351, 0
0.5785256, 0.5284193, 0.2950821, 0
0.602713, 0.3243285, 0.288295, 0
0.8474746, 0.550857, 0.259596, 0
0.6485745, 0.4500657, 0.3322811, 0
0.5232328, 0.2956862, 0.2422612, 0
0.6339428, 0.3253213, 0.2480908, 0
0.5016696, 0.5108535, 0.3894839, 0
0.4325717, 0.3895067, 0.2389656, 0
0.7841786, 0.5717004, 0.404104, 0
0.6773645, 0.4330316, 0.3645647, 0
0.5838617, 0.3644694, 0.3885942, 0
0.7017173, 0.3473667, 0.2685843, 0
0.519273, 0.381822, 0.2698787, 0
0.6981817, 0.3631575, 0.3320673, 0
0.7357538, 0.5482914, 0.311684, 0
0.8569136, 0.3584889, 0.294361, 0
0.6879699, 0.3161688, 0.2923439, 0
0.4409138, 0.4173791, 0.4367855, 0
0.7399476, 0.5494683, 0.3711683, 0
0.8378952, 0.3947835, 0.1899268, 0
0.7399275, 0.3048482, 0.2681598, 0
0.8442016, 0.4927243, 0.2092173, 0
0.7533266, 0.5234336, 0.188558, 0
0.6546332, 0.3734719, 0.3109918, 0
0.4654447, 0.4534143, 0.2088387, 0
0.6525997, 0.5095388, 0.2880524, 0
0.4901352, 0.4955827, 0.2440061, 0
0.3954046, 0.5179843, 0.30943, 0
0.8221356, 0.4115047, 0.3850834, 0
0.647834, 0.4627594, 0.3208041, 0
0.4301065, 0.4737792, 0.3983171, 0
0.842302, 0.3942935, 0.3500315, 0
0.3447293, 0.4461266, 0.3125047, 0
0.4453911, 0.3483379, 0.4100696, 0
0.5952698, 0.3734704, 0.3177123, 0
0.6970441, 0.3063055, 0.2334835, 0
0.5488086, 0.2871514, 0.2422058, 0
0.3473309, 0.4520516, 0.3805846, 0
0.5942466, 0.4382851, 0.3440738, 0
0.784284, 0.5192172, 0.3906366, 0
0.8361068, 0.5150063, 0.222138, 0
0.4831437, 0.4733336, 0.3504125, 0
0.6374345, 0.3243907, 0.2664032, 0
0.7593037, 0.4336563, 0.3538353, 0
0.7492192, 0.4565106, 0.3042256, 0
0.4391386, 0.4881824, 0.3841761, 0
0.4982686, 0.3731422, 0.2432394, 0
0.8157915, 0.4825856, 0.3010364, 0
0.6838982, 0.4029275, 0.3699091, 0
0.7019463, 0.4688512, 0.3185654, 0
0.4504128, 0.4387524, 0.3037225, 0
0.4567015, 0.4019012, 0.4346713, 0
0.3776936, 0.445799, 0.2479793, 0
0.7641991, 0.4575125, 0.3358879, 0
0.830874, 0.3459204, 0.3575496, 0
0.6948336, 0.3263267, 0.3602874, 0
0.775928, 0.3899634, 0.2465555, 0
0.4469504, 0.3952322, 0.4185971, 0
0.394676, 0.2990709, 0.2977115, 0
0.501072, 0.3313552, 0.409632, 0
0.6271502, 0.4220199, 0.3716314, 0
0.6701065, 0.376031, 0.3832144, 0
0.4652602, 0.3447388, 0.4204957, 0
0.464837, 0.4828942, 0.3758818, 0
0.6719109, 0.3613628, 0.3385824, 0
0.5051852, 0.3079543, 0.3500028, 0
0.5290929, 0.4836376, 0.3704362, 0
0.5059981, 0.4190798, 0.2424882, 0
0.5770276, 0.4853249, 0.2850887, 0
0.769864, 0.495481, 0.2125421, 0
0.6158649, 0.3900521, 0.2260952, 0
0.5690706, 0.3431736, 0.3856037, 0
0.8631386, 0.5017537, 0.3085054, 0
0.8110505, 0.5475551, 0.2662667, 0
0.7985994, 0.4659301, 0.4073017, 0
0.4496127, 0.4348408, 0.2371031, 0
0.4868776, 0.3438559, 0.438224, 0
0.530795, 0.3919082, 0.1916601, 0
0.8692896, 0.4706296, 0.2982037, 0
0.7539865, 0.3673311, 0.3341506, 0
0.8690988, 0.4641356, 0.2281049, 0
0.7863339, 0.4637496, 0.339919, 0
0.4857449, 0.309589, 0.3943671, 0
0.7125603, 0.3547085, 0.1871003, 0
0.3718276, 0.4353349, 0.4193993, 0
0.5394725, 0.3478851, 0.4297439, 0
0.7409716, 0.47909, 0.289139, 0
0.520794, 0.38148, 0.4597243, 0
0.8124334, 0.347467, 0.312874, 0
0.8400609, 0.5568823, 0.2257733, 0
0.4328508, 0.4134883, 0.4301827, 0
0.5148965, 0.530817, 0.3241089, 0
0.751857, 0.4930928, 0.3474281, 0
0.7882137, 0.554548, 0.3275922, 0
0.6769782, 0.4487445, 0.255918, 0
0.3737639, 0.3559527, 0.2893589, 0
0.8011912, 0.4302149, 0.3131341, 0
0.4881598, 0.3181472, 0.4080565, 0
0.5700811, 0.3401713, 0.3700894, 0
0.4983585, 0.5046756, 0.2688409, 0
0.441681, 0.4188529, 0.4534562, 0
0.5154177, 0.3545975, 0.4327461, 0
0.5928708, 0.2945672, 0.3309705, 0
0.6351345, 0.2714751, 0.2884822, 0
0.5430617, 0.4701133, 0.3573866, 0
0.4646454, 0.4513657, 0.4317909, 0
0.529444, 0.2924811, 0.244761, 0
0.5230632, 0.5104193, 0.3215737, 0
0.4284244, 0.3068118, 0.3882422, 0
0.8327383, 0.5052441, 0.4059828, 0
0.4961949, 0.4206569, 0.4026355, 0
0.4437959, 0.3025193, 0.3692662, 0
0.8573225, 0.3183585, 0.2938866, 0
0.433166, 0.2992577, 0.3588508, 0
0.5944632, 0.4980107, 0.3164212, 0
0.6547646, 0.3490784, 0.3952817, 0
0.7662408, 0.5484962, 0.2505107, 0
0.6477669, 0.3836377, 0.3507014, 0
0.3855503, 0.4698585, 0.3388812, 0
0.8349873, 0.5595717, 0.3111466, 0
0.8006111, 0.5091633, 0.2163795, 0
0.7399547, 0.489307, 0.2077584, 0
0.5827728, 0.324205, 0.3673964, 0
0.776824, 0.4778811, 0.3453107, 0
0.7626357, 0.4994307, 0.3054259, 0
0.5338811, 0.4058541, 0.216037, 0
0.5580646, 0.4523205, 0.4077275, 0
0.7795922, 0.5247265, 0.3065268, 0
0.8376548, 0.4207549, 0.2696922, 0
0.8076549, 0.4808713, 0.2750519, 0
0.3914441, 0.413644, 0.2168399, 0
0.3969986, 0.5187634, 0.3059886, 0
0.6848556, 0.4340803, 0.3672844, 0
0.6008435, 0.5233967, 0.3317497, 0
0.5791359, 0.3634648, 0.2296238, 0
0.8029253, 0.5827604, 0.3636674, 0
0.5166456, 0.3181086, 0.3671201, 0
0.608809, 0.4361044, 0.3619482, 0
0.7722588, 0.5182728, 0.3593441, 0
0.5586199, 0.3618089, 0.2268497, 0
0.629382, 0.3838024, 0.2491322, 0
0.6920794, 0.3620691, 0.2174877, 0
0.4362225, 0.4968629, 0.2717502, 0
0.7236642, 0.3824935, 0.3738259, 0
0.3790466, 0.434016, 0.3043973, 0
0.6562281, 0.377445, 0.3736525, 0
0.3969162, 0.3888067, 0.230244, 0
0.7771892, 0.3822098, 0.2673957, 0
0.5314966, 0.3260489, 0.199587, 0
0.3625357, 0.4795488, 0.2864071, 0
0.4801328, 0.4551158, 0.2532828, 0
0.5893987, 0.4703366, 0.303348, 0
0.8405033, 0.3522302, 0.3562503, 0
0.4552355, 0.4665004, 0.2906835, 0
0.8383837, 0.460766, 0.3185539, 0
0.5488542, 0.507459, 0.3232584, 0
0.7510267, 0.5141721, 0.2285381, 0
0.6588364, 0.2767045, 0.3534781, 0
0.7691448, 0.4409739, 0.2310772, 0
0.5838789, 0.4680241, 0.3066787, 0
0.7093979, 0.3170994, 0.2227208, 0
0.873631, 0.3646902, 0.211688, 0
0.3615794, 0.4225242, 0.3103849, 0
0.4903364, 0.543144, 0.3396994, 0
0.6904156, 0.369938, 0.304593, 0
0.7256004, 0.350538, 0.240178, 0
0.8347171, 0.3453676, 0.3268014, 0
0.5098479, 0.5415713, 0.3023501, 0
0.5348176, 0.4944847, 0.3295221, 0
0.6824948, 0.3457668, 0.2096323, 0
0.394706, 0.4893691, 0.4175402, 0
0.4616612, 0.4576633, 0.24406, 0
0.5448946, 0.4564537, 0.3252471, 0
0.7826133, 0.4319952, 0.2062764, 0
0.7932423, 0.5311385, 0.2144344, 0
0.8734024, 0.4438455, 0.3215836, 0
0.4671179, 0.3944154, 0.4255653, 0
0.6381584, 0.498286, 0.2534915, 0
0.7108923, 0.3569547, 0.3962423, 0
0.7754477, 0.3590732, 0.3739499, 0
0.7548532, 0.5851961, 0.3059076, 0
0.3588468, 0.4719699, 0.2857432, 0
0.4899048, 0.3427826, 0.3097908, 0
0.487889, 0.4646687, 0.3646818, 0
0.7276213, 0.4305601, 0.3953122, 0
0.7412539, 0.3528916, 0.377593, 0
0.4605436, 0.3731238, 0.3376697, 0
0.3533983, 0.4448285, 0.3017204, 0
0.5620732, 0.5412177, 0.3021947, 0
0.3680176, 0.3506488, 0.249863, 0
0.8494267, 0.4414218, 0.1763555, 0
0.6263549, 0.3523795, 0.4092404, 0
0.452332, 0.2930662, 0.3703007, 0
0.697043, 0.3779119, 0.3088843, 0
0.7076342, 0.4858862, 0.339945, 0
0.4334643, 0.4256677, 0.4386897, 0
0.6237878, 0.4170378, 0.2312995, 0
0.5316886, 0.3970693, 0.1919451, 0
0.3774761, 0.4637616, 0.3086911, 0
0.6293439, 0.3687019, 0.1980467, 0
0.7895665, 0.4603296, 0.2174328, 0
0.4726422, 0.4683881, 0.2408699, 0
0.7327618, 0.275517, 0.3203025, 0
0.8124015, 0.3577597, 0.4078719, 0
0.6287668, 0.4322919, 0.3878742, 0
0.3902447, 0.44061, 0.4258878, 0
0.5008475, 0.3320158, 0.2638381, 0
0.5545147, 0.3973211, 0.2500354, 0
0.7945772, 0.5266243, 0.2155112, 0
0.674982, 0.3463731, 0.4336873, 0
0.4350971, 0.4603271, 0.3254783, 0
0.4596097, 0.4199912, 0.2520417, 0
0.6622128, 0.2771985, 0.3556161, 0
0.5745244, 0.353892, 0.3773791, 0
0.3723094, 0.4088848, 0.382748, 0
0.8281918, 0.4302087, 0.3140135, 0
0.4615731, 0.297272, 0.3111292, 0
0.5760226, 0.4048405, 0.3820724, 0
0.53362, 0.4641482, 0.2943344, 0
0.7840494, 0.5128595, 0.2923284, 0
0.4176649, 0.2995943, 0.2928551, 0
0.4078508, 0.4990757, 0.3458217, 0
0.5860691, 0.3031061, 0.4055244, 0
0.7427343, 0.5386269, 0.3521168, 0
0.5809885, 0.4486871, 0.2609577, 0
0.5366002, 0.3521121, 0.1879093, 0
0.7719161, 0.5118184, 0.1994984, 0
0.7221302, 0.4066038, 0.209792, 0
0.6692173, 0.5026694, 0.2575856, 0
0.4109252, 0.2934954, 0.355119, 0
0.7005612, 0.415018, 0.3171424, 0
0.5442565, 0.4359324, 0.2208657, 0
0.4379864, 0.380854, 0.1881356, 0
0.6088173, 0.3529569, 0.2549277, 0
0.7343274, 0.3255249, 0.3822631, 0
0.5281701, 0.3916948, 0.4344364, 0
0.8447474, 0.4531098, 0.2602662, 0
0.6391892, 0.4913672, 0.3274556, 0
0.7821026, 0.54949, 0.3850569, 0
0.668589, 0.4042387, 0.2527831, 0
0.6077571, 0.3459037, 0.33472, 0
0.7884004, 0.3933018, 0.2427247, 0
0.7956583, 0.3233556, 0.2593109, 0
0.5932539, 0.445244, 0.3716382, 0
0.7916875, 0.5618056, 0.2269607, 0
0.6460061, 0.3597225, 0.2650279, 0
0.7645445, 0.5037434, 0.1811934, 0
0.4311147, 0.3823561, 0.3338167, 0
0.5843404, 0.3190937, 0.2216847, 0
0.574725, 0.3980588, 0.2167536, 0
0.408538, 0.4006559, 0.3345363, 0
0.5154841, 0.4114804, 0.3368354, 0
0.4705878, 0.3297963, 0.4139856, 0
0.4517892, 0.3114673, 0.3135182, 0
0.7641839, 0.3760809, 0.2072273, 0
0.6620423, 0.2857795, 0.3452375, 0
0.3939, 0.3654629, 0.4074181, 0
0.5794705, 0.3300157, 0.3992181, 0
0.5818973, 0.5277126, 0.3041638, 0
0.3529709, 0.3599679, 0.2677717, 0
0.744002, 0.5095173, 0.262349, 0
0.5802152, 0.3689928, 0.4438691, 0
0.4077741, 0.2993613, 0.3338075, 0
0.3966967, 0.4889046, 0.2724624, 0
0.4416732, 0.5386587, 0.360641, 0
0.3964821, 0.4994087, 0.3321105, 0
0.7887717, 0.3186873, 0.3494054, 0
0.5082119, 0.4414762, 0.4445468, 0
0.6664398, 0.3682786, 0.409372, 0
0.4826734, 0.3491607, 0.295052, 0
0.474903, 0.5310252, 0.309466, 0
0.8044441, 0.429179, 0.4040093, 0
0.803846, 0.4273923, 0.3845603, 0
0.450637, 0.3594136, 0.2711136, 0
0.6885481, 0.404807, 0.3873304, 0
0.70998, 0.483591, 0.2453949, 0
0.5582693, 0.3810655, 0.3183747, 0
0.532851, 0.504562, 0.3577313, 0
0.8329398, 0.33816, 0.3263994, 0
0.7993473, 0.3233964, 0.2696215, 0
0.7875059, 0.5174229, 0.2255837, 0
0.4276262, 0.4799619, 0.3216647, 0
0.3395952, 0.3884702, 0.2810215, 0
0.4142352, 0.3607034, 0.2307593, 0
0.5464417, 0.4027532, 0.3690657, 0
0.797176, 0.4205422, 0.3755595, 0
0.4698952, 0.3455505, 0.222998, 0
0.5384519, 0.3448406, 0.3984786, 0
0.7755116, 0.5133386, 0.1907859, 0
0.8432052, 0.3348969, 0.3620643, 0
0.7497056, 0.5079188, 0.2228507, 0
0.8317795, 0.5460183, 0.2840932, 0
0.3891803, 0.4109117, 0.2181353, 0
0.4316338, 0.4579377, 0.3124144, 0
0.8097432, 0.4200188, 0.2941328, 0
0.420844, 0.422154, 0.3634432, 0
0.5017852, 0.5212355, 0.3783546, 0
0.7414529, 0.2911255, 0.3285552, 0
0.3846822, 0.393941, 0.2132677, 0
0.6819105, 0.3150886, 0.2408466, 0
0.4239096, 0.2891494, 0.3163518, 0
0.6811582, 0.3726869, 0.2700464, 0
0.7891723, 0.5578594, 0.204439, 0
0.4892354, 0.3540695, 0.4048135, 0
0.5021708, 0.4010272, 0.4620807, 0
0.466555, 0.4201271, 0.3078307, 0
0.7947866, 0.5714699, 0.3156908, 0
0.6378719, 0.4298309, 0.3616448, 0
0.4695004, 0.471879, 0.2515547, 0
0.8642684, 0.5326537, 0.3610224, 0
0.5129796, 0.4154398, 0.2256296, 0
0.6303256, 0.401346, 0.224756, 0
0.8906357, 0.3713377, 0.3667777, 0
0.8059809, 0.552035, 0.3257428, 0
0.7417352, 0.5117823, 0.3136896, 0
0.5914949, 0.3004468, 0.2907717, 0
0.668378, 0.404005, 0.3650643, 0
0.7348927, 0.5186407, 0.370188, 0
0.6875327, 0.4313131, 0.2340243, 0
0.5293177, 0.3871144, 0.3611279, 0
0.5959484, 0.297395, 0.3822914, 0
0.6967971, 0.2975963, 0.329597, 0
0.8153581, 0.4186448, 0.2013132, 0
0.7307643, 0.4006234, 0.3081608, 0
0.3688419, 0.4201869, 0.2838385, 0
0.8526222, 0.520043, 0.3921466, 0
0.7230768, 0.2923908, 0.2444429, 0
0.6226218, 0.4995824, 0.3319407, 0
0.4544454, 0.3498697, 0.2280292, 0
0.8486527, 0.3669485, 0.3300739, 0
0.5570233, 0.3209853, 0.2784847, 0
0.8381714, 0.5786935, 0.3013184, 0
0.8589114, 0.3827661, 0.3645968, 0
0.3987836, 0.3276904, 0.2494074, 0
0.6058629, 0.2758734, 0.3277342, 0
0.8611534, 0.3525228, 0.3638469, 0
0.3631622, 0.4120132, 0.2906953, 0
0.4407414, 0.5033393, 0.3171905, 0
0.6734375, 0.4818358, 0.2687653, 0
0.8103214, 0.34185, 0.3229252, 0
0.5521936, 0.5162888, 0.2896459, 0
0.4912924, 0.2955499, 0.2710972, 0
0.4385248, 0.5142035, 0.2952942, 0
0.7447872, 0.5289536, 0.2662119, 0
0.4879309, 0.3264027, 0.3390103, 0
0.8638953, 0.5261188, 0.3227341, 0
0.6620426, 0.4672558, 0.252091, 0
0.470813, 0.4712121, 0.2912746, 0
0.6676995, 0.3387792, 0.2199124, 0
0.7583967, 0.4631277, 0.2025952, 0
0.7574871, 0.4472634, 0.3109967, 0
0.8821309, 0.4166657, 0.2931263, 0
0.6144434, 0.3233153, 0.3020307, 0
0.5493402, 0.4503795, 0.3402367, 0
0.8018001, 0.3225651, 0.3118291, 0
0.5429911, 0.428488, 0.2928533, 0
0.5915992, 0.396843, 0.3385231, 0
0.6460441, 0.4749496, 0.2723501, 0
0.5677559, 0.4440948, 0.4062309, 0
0.8655693, 0.541628, 0.2886041, 0
0.4087523, 0.4419616, 0.3334881, 0
0.4546169, 0.2942606, 0.3583252, 0
0.8670859, 0.3786695, 0.3768375, 0
0.5707726, 0.3123491, 0.3352416, 0
0.6474425, 0.3167115, 0.3031392, 0
0.7367489, 0.4946802, 0.2557317, 0
0.3525781, 0.3997877, 0.2510943, 0
0.5703338, 0.5214937, 0.3316634, 0
0.4768071, 0.2943985, 0.268225, 0
0.3904744, 0.4457723, 0.3705363, 0
0.5794311, 0.31544, 0.4064755, 0
0.8249844, 0.4920408, 0.3324206, 0
0.5206707, 0.3244166, 0.2364331, 0
0.6825709, 0.3465854, 0.1936037, 0
0.7229234, 0.3671227, 0.3088535, 0
0.4287657, 0.4153098, 0.4392369, 0
0.4286405, 0.2901501, 0.3555068, 0
0.5097124, 0.4194214, 0.2539128, 0
0.7089303, 0.3866579, 0.3861019, 0
0.6534171, 0.2675147, 0.3027482, 0
0.7614605, 0.3305187, 0.3687918, 0
0.8165819, 0.5412876, 0.2935255, 0
0.5482811, 0.3375182, 0.4302588, 0
0.4041814, 0.4358556, 0.2991484, 0
0.3790014, 0.4776744, 0.2555809, 0
0.8335977, 0.405624, 0.2217113, 0
0.5195771, 0.4681918, 0.3478923, 0
0.4730975, 0.366975, 0.3540903, 0
0.8704522, 0.4307404, 0.2382436, 0
0.604416, 0.4889886, 0.2836432, 0
0.516476, 0.3480521, 0.4459353, 0
0.7538767, 0.4144174, 0.3601432, 0
0.4398721, 0.4051864, 0.3161381, 0
0.7494559, 0.3553077, 0.3346336, 0
0.5675557, 0.4709719, 0.3677791, 0
0.547227, 0.4530017, 0.242739, 0
0.7655973, 0.5345181, 0.2504245, 0
0.4389446, 0.4345238, 0.3141101, 0
0.6991924, 0.3822186, 0.2544625, 0
0.700456, 0.2959045, 0.2941362, 0
0.4292281, 0.4712806, 0.4220601, 0
0.7824038, 0.5114232, 0.3346593, 0
0.8050845, 0.5666323, 0.2936458, 0
0.3673957, 0.3998446, 0.3763724, 0
0.5688263, 0.3917292, 0.4288194, 0
0.457754, 0.4397644, 0.3685244, 0
0.7392799, 0.3994765, 0.2862239, 0
0.7594755, 0.5410122, 0.2408499, 0
0.7976413, 0.4208843, 0.4043938, 0
0.364414, 0.4274129, 0.3160126, 0
0.4433457, 0.444402, 0.4380691, 0
0.5371592, 0.4023051, 0.2095709, 0
0.5239848, 0.3403072, 0.4339196, 0
0.6140863, 0.426903, 0.2846833, 0
0.3599193, 0.3472793, 0.2586242, 0
0.851477, 0.4667467, 0.3985568, 0
0.730317, 0.3938476, 0.2185848, 0
0.7818621, 0.3606008, 0.2783429, 0
0.7338892, 0.5009259, 0.3650593, 0
0.7492068, 0.3903764, 0.2541914, 0
0.7484698, 0.36663, 0.3511361, 0
0.5510355, 0.5424495, 0.2958803, 0
0.6798493, 0.2897964, 0.3157869, 0
0.4441181, 0.4243153, 0.4541063, 0
0.7088799, 0.3449005, 0.2639193, 0
0.8054839, 0.3047774, 0.3588642, 0
0.471098, 0.4934466, 0.2769702, 0
0.5782966, 0.3363971, 0.2900513, 0
0.6488178, 0.3704132, 0.2255124, 0
0.6285992, 0.4188507, 0.3718863, 0
0.5959511, 0.3989078, 0.2812576, 0
0.8572134, 0.5187982, 0.3789806, 0
0.3722435, 0.4811368, 0.3492206, 0
0.7216586, 0.3485561, 0.3567605, 0
0.3909439, 0.2934634, 0.3131155, 0
0.7949876, 0.4205357, 0.2917851, 0
0.5903659, 0.3769497, 0.4130116, 0
0.8017536, 0.5244513, 0.2649064, 0
0.8281886, 0.3793156, 0.397644, 0
0.7193342, 0.4452066, 0.2023331, 0
0.356572, 0.3592834, 0.2503603, 0
0.7021075, 0.3414351, 0.2881733, 0
0.3684773, 0.4627123, 0.3941269, 0
0.4993731, 0.3506731, 0.2180722, 0
0.3958733, 0.2931961, 0.3312795, 0
0.4656969, 0.3671054, 0.4341775, 0
0.8361279, 0.4447543, 0.3683261, 0
0.7612259, 0.4743393, 0.3322424, 0
0.6333077, 0.3542734, 0.4051714, 0
0.4592864, 0.296989, 0.3306295, 0
0.4492554, 0.519663, 0.3601287, 0
0.667386, 0.4081279, 0.29304, 0
0.4797253, 0.3818125, 0.359222, 0
0.4337632, 0.2900343, 0.271023, 0
0.5610698, 0.4926745, 0.2435889, 0
0.8036472, 0.5496394, 0.2806862, 0
0.4571128, 0.4592405, 0.2380852, 0
0.7620618, 0.384451, 0.3553561, 0
0.6169599, 0.4278888, 0.2113378, 0
0.8036969, 0.4760444, 0.3992492, 0
0.3672452, 0.4072613, 0.3401374, 0
0.3777161, 0.3407333, 0.2487115, 0
0.6040133, 0.5160143, 0.3529988, 0
0.6066775, 0.4449425, 0.2586116, 0
0.4712445, 0.4617046, 0.4230837, 0
0.3610142, 0.4137124, 0.255084, 0
0.8441854, 0.5496919, 0.3170196, 0
0.7104108, 0.4948302, 0.2812709, 0
0.4999362, 0.3953057, 0.3997418, 0
0.7242135, 0.4570352, 0.3806947, 0
0.4426847, 0.3090166, 0.405782, 0
0.6104265, 0.3739998, 0.3651083, 0
0.4880728, 0.3670094, 0.4494975, 0
0.3972388, 0.3278865, 0.2482489, 0
0.3544004, 0.4179645, 0.2548854, 0
0.8311007, 0.4261498, 0.3662445, 0
0.7481587, 0.4283763, 0.1951747, 0
0.5677883, 0.3286715, 0.4060417, 0
0.6869478, 0.3498464, 0.4206098, 0
0.7373768, 0.3679956, 0.387884, 0
0.6122777, 0.3470629, 0.2268965, 0
0.7156334, 0.5028812, 0.2994815, 0
0.8747388, 0.3639931, 0.2647934, 0
0.4232901, 0.5274872, 0.2994574, 0
0.8198343, 0.5583484, 0.3115274, 0
0.8197643, 0.5061904, 0.3644273, 0
0.4707487, 0.3147493, 0.2681688, 0
0.4249584, 0.4295718, 0.3308129, 0
0.385475, 0.4256231, 0.3536008, 0
0.8032559, 0.4829677, 0.352043, 0
0.687796, 0.3916098, 0.34346, 0
0.4495304, 0.4543017, 0.2660865, 0
0.7922394, 0.5518497, 0.2558632, 0
0.4986141, 0.3304138, 0.3821708, 0
0.5465654, 0.452516, 0.3026142, 0
0.7290469, 0.2755717, 0.2935106, 0
0.5246991, 0.3945984, 0.2259689, 0
0.4347063, 0.5125269, 0.3733523, 0
0.337804, 0.3962969, 0.2653064, 0
0.449644, 0.3624574, 0.2021549, 0
0.4254396, 0.3767673, 0.3140992, 0
0.4122589, 0.4069745, 0.4230241, 0
0.4663938, 0.4245984, 0.3406459, 0
0.8514096, 0.4467321, 0.1712788, 0
0.5936157, 0.4837087, 0.2595772, 0
0.8083853, 0.4448854, 0.3999484, 0
0.426453, 0.3033701, 0.3815727, 0
0.8128155, 0.3959348, 0.3472136, 0
0.6476705, 0.3891026, 0.2094498, 0
0.4878215, 0.4725327, 0.3422019, 0
0.793533, 0.4307762, 0.1700107, 0
0.7780388, 0.5402444, 0.2632261, 0
0.480473, 0.5090351, 0.2563113, 0
0.4721527, 0.337419, 0.2524244, 0
0.4760118, 0.3986909, 0.4531833, 0
0.8304911, 0.4476082, 0.1791527, 0
0.4668598, 0.5067545, 0.2577041, 0
0.7993501, 0.4520146, 0.2837418, 0
0.4800494, 0.3736368, 0.4435038, 0
0.4786726, 0.3061229, 0.3759671, 0
0.62897, 0.4133535, 0.3732175, 0
0.4022074, 0.3129607, 0.4035953, 0
0.4188842, 0.5285633, 0.3565368, 0
0.8271861, 0.461021, 0.276486, 0
0.5448328, 0.3464031, 0.3038165, 0
0.7241436, 0.3725908, 0.2628727, 0
0.6142756, 0.3987939, 0.3240358, 0
0.3852417, 0.4138853, 0.2275692, 0
0.3590852, 0.3883046, 0.3123945, 0
0.700804, 0.3873707, 0.2743392, 0
0.7541631, 0.4214134, 0.3394768, 0
0.563143, 0.4649298, 0.3740348, 0
0.3909219, 0.426246, 0.2273513, 0
0.5798478, 0.4120964, 0.2987279, 0
0.6432308, 0.429006, 0.3192888, 0
0.3880171, 0.2988949, 0.298472, 0
0.6149946, 0.4121664, 0.1983989, 0
0.3751802, 0.4278277, 0.3977261, 0
0.3941447, 0.4071244, 0.4236016, 0
0.803194, 0.3808659, 0.3503138, 0
0.702049, 0.3500173, 0.2099411, 0
0.732765, 0.3860819, 0.3082145, 0
0.8117838, 0.3361537, 0.2953359, 0
0.6209682, 0.4437322, 0.3778287, 0
0.6097583, 0.407915, 0.2355654, 0
0.8244624, 0.3858755, 0.1870985, 0
0.8439904, 0.478322, 0.415339, 0
0.5944149, 0.4050753, 0.2848103, 0
0.6550823, 0.5060821, 0.2576456, 0
0.558529, 0.3693987, 0.3300626, 0
0.407312, 0.4261174, 0.230726, 0
0.6036212, 0.4739696, 0.2790806, 0
0.8454785, 0.5073538, 0.3904016, 0
0.7842151, 0.4650122, 0.3274016, 0
0.847752, 0.4380638, 0.1734216, 0
0.7467055, 0.5543941, 0.236455, 0
0.6275223, 0.2985242, 0.2180567, 0
0.671603, 0.378472, 0.3550844, 0
0.4754846, 0.3952004, 0.4245602, 0
0.8559837, 0.3720688, 0.2177972, 0
0.7281854, 0.4743567, 0.2266749, 0
0.3836169, 0.4229736, 0.2916951, 0
0.5235726, 0.5159318, 0.3322141, 0
0.7436624, 0.3170938, 0.3622282, 0
0.3882647, 0.3269053, 0.252259, 0
0.8150638, 0.5617878, 0.4091938, 0
0.7605468, 0.370816, 0.3864298, 0
0.3969153, 0.2918563, 0.3192034, 0
0.37213, 0.4353342, 0.4200509, 0
0.4755392, 0.4471835, 0.3750602, 0
0.4309818, 0.2976382, 0.3750849, 0
0.5284463, 0.4292175, 0.2137904, 0
0.720102, 0.3424657, 0.2648976, 0
0.492698, 0.5322703, 0.3622857, 0
0.468335, 0.4508809, 0.3404592, 0
0.5847292, 0.3321337, 0.3469425, 0
0.8266246, 0.4991575, 0.3501543, 0
0.8372352, 0.4336672, 0.352319, 0
0.8025966, 0.3128142, 0.2933787, 0
0.4639155, 0.3708667, 0.3931625, 0
0.6818362, 0.5036097, 0.2896804, 0
0.5930198, 0.3478263, 0.3925006, 0
0.5936081, 0.369255, 0.2641329, 0
0.7611151, 0.5691155, 0.3028952, 0
0.7672836, 0.4806899, 0.2211698, 0
0.520681, 0.3147762, 0.2874354, 0
0.498355, 0.3069133, 0.3523133, 0
0.8167077, 0.438664, 0.2903056, 0
0.6803738, 0.3911919, 0.2767972, 0
0.6975295, 0.349246, 0.3391068, 0
0.4345681, 0.3924748, 0.3360107, 0
0.7691852, 0.513754, 0.4098415, 0
0.7107519, 0.3122255, 0.3669983, 0
0.7391938, 0.3271861, 0.279955, 0
0.8504984, 0.4608373, 0.3338633, 0
0.7121301, 0.3026319, 0.3072213, 0
0.7777963, 0.4116066, 0.1842938, 0
0.7820142, 0.3539683, 0.203, 0
0.5484292, 0.3993091, 0.3132082, 0
0.4368199, 0.465118, 0.3554653, 0
0.4992171, 0.5142261, 0.3361208, 0
0.4676081, 0.3264614, 0.2810003, 0
0.5319173, 0.3390504, 0.2157364, 0
0.8759851, 0.4529099, 0.19429, 0
0.4653513, 0.4519022, 0.3135508, 0
0.7668335, 0.4366745, 0.1775761, 0
0.6268628, 0.4951646, 0.3527037, 0
0.4200433, 0.3746595, 0.413702, 0
0.7066132, 0.3551665, 0.1967748, 0
0.7380394, 0.4096805, 0.2013408, 0
0.8606628, 0.5129524, 0.1993517, 0
0.8467644, 0.4988074, 0.3672077, 0
0.7731492, 0.5065819, 0.333318, 0
0.7108748, 0.2728448, 0.3490928, 0
0.7638175, 0.4388941, 0.2585154, 0
0.5909364, 0.3336593, 0.3703897, 0
0.6083961, 0.3280899, 0.4237626, 0
0.8322868, 0.5036696, 0.2371196, 0
0.8329758, 0.5401716, 0.2880505, 0
0.5916377, 0.2995473, 0.3632332, 0
0.3952895, 0.4243397, 0.2167381, 0
0.3823631, 0.388637, 0.2152216, 0
0.6062441, 0.3550796, 0.3468302, 0
0.4650587, 0.4723868, 0.3903274, 0
0.6438124, 0.3804391, 0.4101579, 0
0.5212903, 0.4619074, 0.2446378, 0
0.3765293, 0.3595749, 0.3553959, 0
0.4278787, 0.3474217, 0.2891962, 0
0.6317346, 0.3201243, 0.2379757, 0
0.8422434, 0.3754974, 0.3732226, 0
0.7516907, 0.3530285, 0.1933134, 0
0.7091577, 0.2921148, 0.3080747, 0
0.4737166, 0.4243872, 0.4444173, 0
0.5651262, 0.3558665, 0.3538932, 0
0.371621, 0.4274422, 0.4133412, 0
0.7014793, 0.4004253, 0.367622, 0
0.6949381, 0.4121079, 0.3244068, 0
0.6654085, 0.3135796, 0.2097938, 0
0.8093284, 0.5682663, 0.4055028, 0
0.5028816, 0.3556384, 0.4200746, 0
0.4249982, 0.5049217, 0.3774607, 0
0.4500074, 0.3798575, 0.279318, 0
0.4414371, 0.3796686, 0.4215951, 0
0.5349807, 0.5371469, 0.2923369, 0
0.4206915, 0.44368, 0.4135031, 0
0.6526461, 0.3733914, 0.3254032, 0
0.4600767, 0.3357818, 0.2513448, 0
0.4518751, 0.3067293, 0.241912, 0
0.6785238, 0.3390065, 0.3044966, 0
0.8195136, 0.5340666, 0.2230793, 0
0.8466226, 0.3862468, 0.2191547, 0
0.4448687, 0.4562846, 0.2073217, 0
0.4619682, 0.406861, 0.3960856, 0
0.7537751, 0.2790713, 0.3460348, 0
0.3747459, 0.499996, 0.3190038, 0
0.7980708, 0.4587035, 0.2372855, 0
0.4363751, 0.4119892, 0.3348909, 0
0.7609748, 0.5464467, 0.2220341, 0
0.8069637, 0.430227, 0.2541231, 0
0.4144371, 0.4072427, 0.2137933, 0
0.6528739, 0.3347832, 0.4208841, 0
0.8589932, 0.4935536, 0.2641217, 0
0.5688533, 0.4060004, 0.330621, 0
0.3801016, 0.3801985, 0.2693442, 0
0.8282412, 0.4793411, 0.3076978, 0
0.7725617, 0.615837, 0.301866, 0
0.4005274, 0.3526714, 0.2998458, 0
0.7468358, 0.5282925, 0.25482, 0
0.434816, 0.4789975, 0.4046432, 0
0.4212314, 0.4478633, 0.2262349, 0
0.5253564, 0.3734598, 0.358191, 0
0.5548744, 0.4452561, 0.2549127, 0
0.6576239, 0.3119909, 0.3565657, 0
0.7943709, 0.5493181, 0.3315717, 0
0.5129403, 0.3109571, 0.3235219, 0
0.3759483, 0.5056994, 0.3594265, 0
0.7585343, 0.367235, 0.3132111, 0
0.5805385, 0.4049032, 0.3367489, 0
0.8382661, 0.5359116, 0.1821726, 0
0.8834813, 0.4111832, 0.1856647, 0
0.7766228, 0.3657111, 0.2791038, 0
0.4243953, 0.464297, 0.4301417, 0
0.8110371, 0.5812321, 0.3060348, 0
0.682776, 0.5165861, 0.2853646, 0
0.8189741, 0.5770147, 0.2311725, 0
0.5267777, 0.3409004, 0.4445897, 0
0.8043681, 0.4212623, 0.3988413, 0
0.6604319, 0.2947422, 0.4047609, 0
0.7222373, 0.409073, 0.278051, 0
0.4285482, 0.3144179, 0.3756237, 0
0.5955, 0.5167101, 0.2826352, 0
0.5265536, 0.4863117, 0.2350084, 0
0.6706858, 0.3658838, 0.2874658, 0
0.5291882, 0.3774459, 0.253466, 0
0.4786062, 0.3054318, 0.3671661, 0
0.5534883, 0.3320139, 0.1950688, 0
0.3979158, 0.4089699, 0.2348771, 0
0.843025, 0.4452485, 0.3126993, 0
0.414262, 0.4479064, 0.3130775, 0
0.8170393, 0.4972087, 0.2843853, 0
0.7028888, 0.2873325, 0.3174116, 0
0.7722673, 0.4006442, 0.2864947, 0
0.7811856, 0.4355829, 0.4014745, 0
0.8377846, 0.5531334, 0.3023246, 0
0.4686399, 0.4347655, 0.2108657, 0
0.707508, 0.5126405, 0.3176795, 0
0.4036903, 0.4068508, 0.4319957, 0
0.5438225, 0.3544775, 0.3498041, 0
0.4399019, 0.382044, 0.2244986, 0
0.6154379, 0.4149684, 0.2250283, 0
0.7726445, 0.5252254, 0.2404979, 0
0.5320082, 0.3204448, 0.3798956, 0
0.4392643, 0.5223786, 0.2905819, 0
0.446908, 0.2945203, 0.3723238, 0
0.8664485, 0.3339252, 0.2831811, 0
0.5062386, 0.4269559, 0.3250013, 0
0.5244681, 0.3498492, 0.3100652, 0
0.3757999, 0.4186145, 0.2405961, 0
0.6791646, 0.2911824, 0.3201616, 0
0.7119409, 0.4972053, 0.2867037, 0
0.7994189, 0.5140811, 0.1694043, 0
0.5133558, 0.4080794, 0.3855719, 0
0.363413, 0.39506, 0.3712462, 0
0.4851956, 0.340104, 0.3276152, 0
0.8082953, 0.5611671, 0.2354181, 0
0.7128507, 0.286922, 0.3496794, 0
0.4512307, 0.2928779, 0.3185459, 0
0.5095633, 0.3489667, 0.2179069, 0
0.7774909, 0.5381916, 0.3133641, 0
0.7975649, 0.4477915, 0.3785354, 0
0.6630503, 0.4321034, 0.3136029, 0
0.4561774, 0.5367851, 0.3130536, 0
0.4093927, 0.297519, 0.3334938, 0
0.817252, 0.5079733, 0.4246324, 0
0.4676232, 0.4608498, 0.2772672, 0
0.6171544, 0.4359054, 0.3403757, 0
0.3647122, 0.3691305, 0.3861087, 0
0.7188992, 0.4326321, 0.3689249, 0
0.8496077, 0.3475794, 0.2361383, 0
0.4952906, 0.4428949, 0.310091, 0
0.8587176, 0.4192131, 0.3999782, 0
0.7691387, 0.4518494, 0.281065, 0
0.7368267, 0.48, 0.3254274, 0
0.8078387, 0.508548, 0.3487808, 0
0.4779504, 0.3405094, 0.4009938, 0
0.8825175, 0.3765984, 0.3604856, 0
0.6813456, 0.3861802, 0.2765851, 0
0.8827484, 0.3989153, 0.2143183, 0
0.5218506, 0.4147559, 0.1910221, 0
0.6421816, 0.3849023, 0.4285809, 0
0.4183954, 0.3991151, 0.4079565, 0
0.502818, 0.488762, 0.2233825, 0
0.5257581, 0.524222, 0.2996697, 0
0.8555881, 0.391024, 0.3130886, 0
0.7465804, 0.5372892, 0.2859281, 0
0.8534741, 0.3718524, 0.334086, 0
0.3954543, 0.338092, 0.4067239, 0
0.6317339, 0.4328663, 0.3147769, 0
0.8819101, 0.3724827, 0.2372718, 0
0.4479391, 0.4155799, 0.4393048, 0
0.5761526, 0.5275768, 0.2881697, 0
0.4222504, 0.3299066, 0.374527, 0
0.3961005, 0.3213935, 0.2537019, 0
0.5164186, 0.4840264, 0.2934918, 0
0.5828388, 0.4581395, 0.2239705, 0
0.3905704, 0.331027, 0.3033479, 0
0.3690231, 0.4982308, 0.3429304, 0
0.4955037, 0.3220851, 0.2472863, 0
0.6070619, 0.3535903, 0.383372, 0
0.7475418, 0.5367512, 0.245835, 0
0.3314784, 0.3903107, 0.2663292, 0
0.8031773, 0.3704884, 0.3642769, 0
0.3852054, 0.3252401, 0.3511836, 0
0.767786, 0.4930317, 0.2060638, 0
0.7639362, 0.5286002, 0.3417029, 0
0.6812599, 0.4444048, 0.3122726, 0
0.783531, 0.4979621, 0.2128941, 0
0.5154622, 0.4201652, 0.3578094, 0
0.5788829, 0.5066888, 0.2608355, 0
0.7606473, 0.4986553, 0.3732634, 0
0.4626874, 0.4186358, 0.4537974, 0
0.8566147, 0.5419455, 0.3776487, 0
0.7897823, 0.4958413, 0.3892651, 0
0.4247425, 0.3873066, 0.3239902, 0
0.690058, 0.3731553, 0.3840064, 0
0.4481539, 0.4424263, 0.259413, 0
0.4950699, 0.3888344, 0.4268365, 0
0.6503944, 0.3440816, 0.3477433, 0
0.5613009, 0.4194705, 0.3297607, 0
0.6296482, 0.2697639, 0.2794296, 0
0.5546505, 0.4356598, 0.2121786, 0
0.5716388, 0.3766666, 0.2803065, 0
0.7965421, 0.4355766, 0.1710071, 0
0.4679765, 0.3490348, 0.2653571, 0
0.5502272, 0.5040637, 0.299205, 0
0.7191443, 0.4268669, 0.2827884, 0
0.44879, 0.4897207, 0.3747036, 0
0.6958559, 0.4794451, 0.2372676, 0
0.8231703, 0.3781923, 0.1926409, 0
0.618641, 0.2828056, 0.245158, 0
0.4588523, 0.4211893, 0.4540203, 0
0.7879657, 0.3829682, 0.2133766, 0
0.6572476, 0.4598184, 0.3301889, 0
0.8376132, 0.4622676, 0.1912116, 0
0.3834897, 0.3848089, 0.3893327, 0
0.8708737, 0.3877606, 0.3374176, 0
0.7267857, 0.4705641, 0.3740527, 0
0.5100675, 0.4193427, 0.2693018, 0
0.7820174, 0.5474401, 0.2658236, 0
0.3724255, 0.4089933, 0.3661416, 0
0.3763447, 0.4548725, 0.2487682, 0
0.4311624, 0.4601276, 0.4304479, 0
0.4963397, 0.4928779, 0.3483481, 0
0.5245672, 0.3992425, 0.431543, 0
0.7711296, 0.5123784, 0.370675, 0
0.8061236, 0.4530894, 0.3759852, 0
0.4249531, 0.5245632, 0.3184992, 0
0.4133793, 0.3392974, 0.4134887, 0
0.7174321, 0.4243795, 0.3524961, 0
0.8429149, 0.3663008, 0.3917204, 0
0.8084364, 0.5738828, 0.24858, 0
0.3593594, 0.3539366, 0.2533237, 0
0.5606295, 0.4163972, 0.313478, 0
0.6685258, 0.289284, 0.3445039, 0
0.6643389, 0.3057851, 0.2186913, 0
0.478538, 0.3539028, 0.4327003, 0
0.6608781, 0.4332557, 0.2712271, 0
0.4855992, 0.4649586, 0.379416, 0
0.5064477, 0.4646336, 0.2890004, 0
0.7935903, 0.4327572, 0.2243729, 0
0.8293638, 0.5613185, 0.3094619, 0
0.5963812, 0.3606237, 0.2375226, 0
0.8547555, 0.5390353, 0.2993772, 0
0.3567994, 0.358404, 0.2510371, 0
0.4764519, 0.5341118, 0.3004535, 0
0.6121793, 0.3779625, 0.2172549, 0
0.4234631, 0.3830319, 0.2987523, 0
0.7117548, 0.2692826, 0.3104046, 0
0.5260512, 0.334939, 0.3711913, 0
0.7744488, 0.4573098, 0.3593801, 0
0.4220436, 0.4308777, 0.2317362, 0
0.7623942, 0.4897848, 0.1673025, 0
0.8069072, 0.4493643, 0.2142341, 0
0.6516671, 0.4292894, 0.3632194, 0
0.8416706, 0.3731094, 0.266324, 0
0.795334, 0.4147439, 0.345805, 0
0.5828019, 0.4111485, 0.3282093, 0
0.7013102, 0.4391641, 0.2662631, 0
0.830819, 0.4956634, 0.3192583, 0
0.7397996, 0.2985841, 0.2638572, 0
0.5708833, 0.3240952, 0.3196934, 0
0.837653, 0.5096523, 0.198314, 0
0.5148746, 0.4214065, 0.282398, 0
0.8157045, 0.5601249, 0.2534327, 0
0.4304136, 0.3768168, 0.4103563, 0
0.4513997, 0.3153512, 0.402693, 0
0.5965672, 0.4189115, 0.2301809, 0
0.6843167, 0.5212747, 0.2947897, 0
0.7754177, 0.4178155, 0.2148977, 0
0.6107559, 0.3828194, 0.2499637, 0
0.4832073, 0.478257, 0.2283146, 0
0.4831352, 0.4403532, 0.3609893, 0
0.5350136, 0.3404246, 0.2534651, 0
0.6681864, 0.2744762, 0.3230313, 0
0.6849297, 0.3256959, 0.3963811, 0
0.8359943, 0.488449, 0.2852262, 0
0.4458451, 0.4468186, 0.4233081, 0
0.3454908, 0.4202361, 0.2619067, 0
0.6785551, 0.2809471, 0.376615, 0
0.4146121, 0.4596803, 0.42856, 0
0.8464599, 0.3956957, 0.3668961, 0
0.807381, 0.622622, 0.2965413, 0
0.4199748, 0.4428622, 0.4072749, 0
0.5097802, 0.352244, 0.3309593, 0
0.808096, 0.3414907, 0.229735, 0
0.4949314, 0.3688869, 0.2219046, 0
0.5928079, 0.3940083, 0.2313924, 0
0.3575779, 0.4048303, 0.2585557, 0
0.5725501, 0.3989096, 0.3634703, 0
0.7623921, 0.5941707, 0.3761388, 0
0.3992266, 0.387807, 0.272435, 0
0.8053296, 0.3440714, 0.2916808, 0
0.7147586, 0.3846739, 0.3076888, 0
0.5035051, 0.3117584, 0.3574678, 0
0.7574441, 0.3948823, 0.2313848, 0
0.8355161, 0.4604944, 0.3998817, 0
0.4964076, 0.4855857, 0.3707769, 0
0.8491744, 0.5316496, 0.4070897, 0
0.8589952, 0.4706013, 0.2634177, 0
0.7686393, 0.5706363, 0.3659144, 0
0.5599328, 0.3199256, 0.3365178, 0
0.5287968, 0.5195429, 0.2653518, 0
0.3702686, 0.4326133, 0.2573089, 0
0.5221029, 0.4635454, 0.299055, 0
0.389027, 0.3615581, 0.2284233, 0
0.6687292, 0.4097773, 0.2859815, 0
0.7760507, 0.3006223, 0.321143, 0
0.3673227, 0.4585178, 0.270583, 0
0.4370149, 0.3171423, 0.2873328, 0
0.5120574, 0.4246019, 0.2784586, 0
0.743847, 0.3420793, 0.2838151, 0
0.4638051, 0.3289313, 0.2016994, 0
0.6015588, 0.3983563, 0.3587346, 0
0.8077138, 0.5572184, 0.3188383, 0
0.5472323, 0.355372, 0.1918067, 0
0.514964, 0.4632114, 0.30069, 0
0.5361586, 0.3119157, 0.2700223, 0
0.8201717, 0.3868754, 0.3461252, 0
0.6159883, 0.4663134, 0.3860221, 0
0.7593878, 0.5432582, 0.3413838, 0
0.4646729, 0.3885531, 0.3747683, 0
0.8579144, 0.3734075, 0.3410406, 0
0.7537178, 0.405141, 0.3720396, 0
0.4928755, 0.3378317, 0.4151029, 0
0.5238433, 0.3424504, 0.2063985, 0
0.7957451, 0.3909037, 0.272419, 0
0.374555, 0.4637055, 0.3742073, 0
0.5658603, 0.2914586, 0.2425441, 0
0.4707074, 0.4557551, 0.3342594, 0
0.6250104, 0.3704589, 0.2689787, 0
0.8565605, 0.4000144, 0.3200676, 0
0.7385024, 0.3952043, 0.1989661, 0
0.5004461, 0.3359347, 0.3686607, 0
0.7818679, 0.5332037, 0.3654409, 0
0.4482142, 0.5355806, 0.3358345, 0
0.4047699, 0.4475367, 0.3952102, 0
0.774932, 0.6104131, 0.2880304, 0
0.4665172, 0.2992955, 0.3130515, 0
0.443702, 0.478431, 0.2249654, 0
0.3618032, 0.4675399, 0.2740899, 0
0.8450693, 0.5576532, 0.3095556, 0
0.4810407, 0.314833, 0.2379186, 0
0.5826944, 0.3726331, 0.2270714, 0
0.852053, 0.4709862, 0.3525975, 0
0.6829777, 0.4552225, 0.2843815, 0
0.6036435, 0.3758198, 0.2232842, 0
0.5384015, 0.2812023, 0.2425701, 0
0.7476009, 0.4339985, 0.2501077, 0
0.5221432, 0.4180901, 0.2800985, 0
0.4223644, 0.332352, 0.3701432, 0
0.5507852, 0.476712, 0.2313496, 0
0.7461555, 0.4999772, 0.2227313, 0
0.6084101, 0.3214304, 0.2256798, 0
0.3792768, 0.4439036, 0.4269414, 0
0.4424045, 0.2892115, 0.3481689, 0
0.4841185, 0.352044, 0.4421802, 0
0.4172693, 0.2883921, 0.3272583, 0
0.7881352, 0.3412703, 0.3999632, 0
0.8269491, 0.4690329, 0.1886432, 0
0.3757427, 0.3425331, 0.2839458, 0
0.8329847, 0.5414284, 0.3720072, 0
0.7836017, 0.3384332, 0.3834507, 0
0.729121, 0.3015094, 0.3743124, 0
0.4620671, 0.2973579, 0.3630021, 0
0.5270675, 0.3144789, 0.3610856, 0
0.8609298, 0.3827607, 0.200115, 0
0.5799558, 0.3508292, 0.3538861, 0
0.8486031, 0.421398, 0.3041442, 0
0.8524188, 0.4567819, 0.2307917, 0
0.3737691, 0.4513229, 0.3915134, 0
0.7523509, 0.3443391, 0.3801526, 0
0.4551381, 0.3323409, 0.3034223, 0
0.5816229, 0.3325055, 0.3132145, 0
0.8639936, 0.4508686, 0.268443, 0
0.6086879, 0.5097297, 0.272747, 0
0.7839389, 0.5309611, 0.2714941, 0
0.582538, 0.4982836, 0.3362316, 0
0.6902697, 0.3611352, 0.3441148, 0
0.6578059, 0.416142, 0.2312321, 0
0.7047921, 0.4205142, 0.3496464, 0
0.8460155, 0.5330287, 0.183687, 0
0.3589078, 0.4434688, 0.3605683, 0
0.784961, 0.4375919, 0.2587782, 0
0.8495276, 0.4008641, 0.2359426, 0
0.8168975, 0.4029616, 0.3901866, 0
0.4303453, 0.3489599, 0.3941426, 0
0.4721849, 0.4114538, 0.3341364, 0
0.5895028, 0.3529431, 0.3686674, 0
0.4377203, 0.5109345, 0.4058544, 0
0.5634853, 0.4356115, 0.2358286, 0
0.6043676, 0.3217956, 0.3558441, 0
0.6088509, 0.4472471, 0.3882266, 0
0.4330201, 0.4937609, 0.2658328, 0
0.7777666, 0.3805934, 0.3950774, 0
0.8118693, 0.4939585, 0.2732112, 0
0.5533606, 0.3487906, 0.2707454, 0
0.7585845, 0.5730634, 0.3326215, 0
0.7636666, 0.3856795, 0.4023963, 0
0.4672132, 0.4687069, 0.281436, 0
0.6560245, 0.3963433, 0.2264293, 0
0.6820399, 0.3500166, 0.4297911, 0
0.8052605, 0.3341914, 0.3893827, 0
0.4401709, 0.3989411, 0.4253764, 0
0.5445579, 0.401188, 0.4086776, 0
0.776149, 0.5104263, 0.3900928, 0
0.8783815, 0.4529582, 0.3175297, 0
0.4608896, 0.4934413, 0.3557082, 0
0.5887809, 0.3009591, 0.3886491, 0
0.3891641, 0.4478319, 0.2761905, 0
0.7170046, 0.3614796, 0.4164748, 0
0.7843733, 0.5314656, 0.2092427, 0
0.8592471, 0.5062342, 0.2931271, 0
0.537116, 0.4273414, 0.3021761, 0
0.6845392, 0.3743692, 0.190254, 0
0.5942131, 0.4603156, 0.3098237, 0
0.4527159, 0.5002996, 0.2636302, 0
0.4495007, 0.4409357, 0.4487208, 0
0.8661717, 0.3859267, 0.356296, 0
0.6612028, 0.3194458, 0.2231302, 0
0.4325624, 0.4418221, 0.3420365, 0
0.6816368, 0.3542328, 0.2384992, 0
0.708384, 0.2822384, 0.3493644, 0
0.8432357, 0.5165234, 0.417777, 0
0.4792327, 0.3438213, 0.3749949, 0
0.5560455, 0.2794434, 0.2475597, 0
0.3654044, 0.3397593, 0.2604526, 0
0.3731118, 0.5075954, 0.3393064, 0
0.6248692, 0.3715195, 0.3160679, 0
0.6686008, 0.293257, 0.3683082, 0
0.4607911, 0.2886842, 0.2819868, 0
0.8256401, 0.5145988, 0.1883501, 0
0.6643999, 0.4484599, 0.346462, 0
0.7187006, 0.4573229, 0.2316994, 0
0.3905558, 0.4055548, 0.4214786, 0
0.7762538, 0.2822056, 0.3424778, 0
0.7295595, 0.3712207, 0.2241888, 0
0.424473, 0.2958493, 0.2990054, 0
0.584949, 0.3914515, 0.237506, 0
0.7405962, 0.4907509, 0.212203, 0
0.7571132, 0.5333808, 0.1960513, 0
0.8429723, 0.4801163, 0.4039757, 0
0.4885529, 0.3367932, 0.2630878, 0
0.493519, 0.4601881, 0.2615521, 0
0.558258, 0.3223969, 0.3916563, 0
0.8354338, 0.4599173, 0.1990644, 0
0.5320846, 0.3564742, 0.2503333, 0
0.7326028, 0.4213909, 0.374367, 0
0.57138, 0.4390841, 0.2394166, 0
0.7950236, 0.550705, 0.2119766, 0
0.8018383, 0.387679, 0.3376162, 0
0.4487607, 0.4272017, 0.4563104, 0
0.8696057, 0.3446216, 0.2799032, 0
0.7042053, 0.3129287, 0.3613721, 0
0.7920033, 0.4349978, 0.2751163, 0
0.539754, 0.5202793, 0.2676688, 0
0.8578238, 0.3935424, 0.2171604, 0
0.7852741, 0.4539753, 0.2612075, 0
0.6466792, 0.343721, 0.3096012, 0
0.6327886, 0.2978441, 0.2415566, 0
0.6813338, 0.4446359, 0.2781087, 0
0.4006361, 0.5032991, 0.4071306, 0
0.6785821, 0.269888, 0.310938, 0
0.6120068, 0.4036201, 0.3682162, 0
0.4057707, 0.4108165, 0.2706506, 0
0.8407638, 0.3294796, 0.3085979, 0
0.7974165, 0.3102, 0.2820963, 0
0.3870267, 0.4388603, 0.234613, 0
0.3909451, 0.2971251, 0.3027056, 0
0.3876384, 0.3302236, 0.3426515, 0
0.6033533, 0.4122844, 0.2975815, 0
0.759475, 0.4198369, 0.3514601, 0
0.6340536, 0.4901475, 0.2747528, 0
0.3552511, 0.4286726, 0.3319527, 0
0.8057936, 0.3493199, 0.3754304, 0
0.8508792, 0.3791247, 0.2017155, 0
0.6684816, 0.3728134, 0.3687461, 0
0.4859715, 0.4723719, 0.4000914, 0
0.8144938, 0.4219933, 0.3989798, 0
0.7726123, 0.2985487, 0.3465234, 0
0.8552479, 0.3853003, 0.2477369, 0
0.7553331, 0.5741689, 0.2388423, 0
0.4225438, 0.3386499, 0.2590757, 0
0.4525551, 0.3876877, 0.401012, 0
0.8521891, 0.5299387, 0.2271962, 0
0.8585498, 0.3599665, 0.3814009, 0
0.382006, 0.3632545, 0.3054008, 0
0.4237092, 0.3301735, 0.3420474, 0
0.5286973, 0.3452178, 0.4222587, 0
0.4976434, 0.4738384, 0.3403481, 0
0.8473732, 0.4276396, 0.3270835, 0
0.4251283, 0.3200864, 0.3551919, 0
0.8541045, 0.3300992, 0.2938208, 0
0.7609101, 0.459201, 0.2301843, 0
0.8878991, 0.3682555, 0.2639331, 0
0.4054575, 0.3800876, 0.2216963, 0
0.4743009, 0.47332, 0.2611212, 0
0.5135016, 0.3093966, 0.2981207, 0
0.5850675, 0.3032407, 0.4038098, 0
0.8393199, 0.5082653, 0.2035058, 0
0.7211127, 0.3590823, 0.3821335, 0
0.6917296, 0.4718929, 0.2697954, 0
0.5344145, 0.4689963, 0.3177529, 0
0.4359496, 0.3877331, 0.3655451, 0
0.8215181, 0.3747725, 0.2058567, 0
0.4559874, 0.4561042, 0.3459077, 0
0.436596, 0.4936992, 0.2537867, 0
0.4710355, 0.445763, 0.2383591, 0
0.4819188, 0.4249684, 0.2073196, 0
0.547635, 0.3872396, 0.3995759, 0
0.7369446, 0.4482412, 0.3175729, 0
0.4345942, 0.3446876, 0.4211758, 0
0.7458211, 0.3870211, 0.386688, 0
0.8070128, 0.3916089, 0.3953143, 0
0.6464909, 0.4633664, 0.3072116, 0
0.6640692, 0.3065788, 0.417676, 0
0.4375861, 0.3569182, 0.3337186, 0
0.749911, 0.3755721, 0.3973352, 0
0.409237, 0.4948111, 0.3134826, 0
0.4624414, 0.5255191, 0.3237036, 0
0.6730733, 0.504342, 0.2613975, 0
0.4199572, 0.3425211, 0.415548, 0
0.766414, 0.3970479, 0.2787619, 0
0.7457888, 0.4876786, 0.2308194, 0
0.7907102, 0.4072887, 0.2686668, 0
0.6204187, 0.4039634, 0.2575077, 0
0.373042, 0.3699592, 0.316887, 0
0.5192811, 0.4365803, 0.406, 0
0.3612217, 0.4714256, 0.3757292, 0
0.6680284, 0.4550943, 0.2879033, 0
0.3714612, 0.4367569, 0.316478, 0
0.7394218, 0.5438746, 0.2872938, 0
0.7914463, 0.5849852, 0.2364898, 0
0.3717322, 0.3571991, 0.2414537, 0
0.7383047, 0.2968884, 0.2558782, 0
0.4667731, 0.5108152, 0.2964513, 0
0.8061517, 0.4335772, 0.3840546, 0
0.7921762, 0.4856648, 0.2447507, 0
0.7967691, 0.4509864, 0.2606017, 0
0.7016737, 0.4414966, 0.3362693, 0
0.431352, 0.3829843, 0.3234791, 0
0.4292017, 0.4521449, 0.3790832, 0
0.7306213, 0.4665795, 0.3340576, 0
0.5787701, 0.3562269, 0.3696423, 0
0.7269038, 0.4356887, 0.3667178, 0
0.3837002, 0.3462902, 0.3376495, 0
0.7590181, 0.3041559, 0.2835669, 0
0.7781978, 0.3807899, 0.3540175, 0
0.3810366, 0.4952964, 0.2794218, 0
0.7885942, 0.5480685, 0.258789, 0
0.5643179, 0.4898579, 0.277972, 0
0.8023261, 0.3630457, 0.2188969, 0
0.4121771, 0.49331, 0.3821224, 0
0.855108, 0.3670606, 0.3447991, 0
0.5497832, 0.3264582, 0.3940149, 0
0.716251, 0.2793904, 0.3122208, 0
0.7355048, 0.3482585, 0.37994, 0
0.505594, 0.3751095, 0.2108789, 0
0.8022001, 0.519613, 0.3566991, 0
0.4911442, 0.2955207, 0.2691825, 0
0.4037194, 0.3499602, 0.2501351, 0
0.3646645, 0.4967451, 0.3141972, 0
0.8098195, 0.5274405, 0.1726987, 0
0.8266633, 0.4628379, 0.335734, 0
0.7154069, 0.2770416, 0.3637897, 0
0.4494235, 0.2908028, 0.275248, 0
0.5722858, 0.4041173, 0.2023338, 0
0.5303976, 0.3457277, 0.4336945, 0
0.809821, 0.435607, 0.3651395, 0
0.4178357, 0.3392295, 0.2442785, 0
0.7589033, 0.3594207, 0.2233344, 0
0.5632291, 0.3250713, 0.2890278, 0
0.4912262, 0.3917201, 0.4335137, 0
0.4466747, 0.4180579, 0.4028021, 0
0.5996311, 0.4795922, 0.236564, 0
0.3876165, 0.4070803, 0.3678077, 0
0.652917, 0.3682588, 0.2233573, 0
0.3546731, 0.4228753, 0.3272788, 0
0.5501589, 0.4582868, 0.2131199, 0
0.458681, 0.4350882, 0.3775961, 0
0.6211141, 0.457917, 0.2182165, 0
0.5249478, 0.3574579, 0.2394605, 0
0.577602, 0.4867682, 0.3302263, 0
0.635084, 0.5055363, 0.2600027, 0
0.6518726, 0.3257626, 0.3451091, 0
0.7037152, 0.3481691, 0.2960531, 0
0.8372166, 0.533014, 0.2482122, 0
0.816893, 0.5581748, 0.3540557, 0
0.793303, 0.5641776, 0.2365765, 0
0.6826306, 0.3191354, 0.3966226, 0
0.7473692, 0.5294028, 0.3398742, 0
0.7723712, 0.4209492, 0.3278717, 0
0.8554896, 0.4264159, 0.2806019, 0
0.6426674, 0.4117836, 0.3521504, 0
0.6324083, 0.3040041, 0.3478381, 0
0.4396911, 0.3948235, 0.398829, 0
0.4965574, 0.3299412, 0.3434343, 0
0.7463366, 0.5182909, 0.2593658, 0
0.7055307, 0.4212028, 0.2261251, 0
0.5934495, 0.3448137, 0.199029, 0
0.6251792, 0.478481, 0.2503359, 0
0.472254, 0.3043698, 0.3597308, 0
0.5057414, 0.3040783, 0.2880279, 0
0.4000865, 0.3455332, 0.2358714, 0
0.7510349, 0.5361514, 0.2921835, 0
0.5739931, 0.3250352, 0.3814062, 0
0.4212213, 0.3377837, 0.4167998, 0
0.6267526, 0.3917963, 0.3191397, 0
0.8413442, 0.4861251, 0.1995665, 0
0.4166704, 0.3165175, 0.3050727, 0
0.6869466, 0.3262175, 0.3455954, 0
0.8162546, 0.5264052, 0.3796508, 0
0.6294385, 0.4135424, 0.2178935, 0
0.7971634, 0.5040349, 0.3500836, 0
0.4985458, 0.3700016, 0.3874774, 0
0.8679124, 0.3575713, 0.3485698, 0
0.5996116, 0.3694288, 0.2009187, 0
0.4301135, 0.4696163, 0.2675011, 0
0.4035955, 0.4833733, 0.3169298, 0
0.7959008, 0.4670304, 0.1969514, 0
0.5211025, 0.3139764, 0.312899, 0
0.7436645, 0.4026773, 0.3910938, 0
0.4507252, 0.3481088, 0.3925643, 0
0.6543227, 0.3340678, 0.2102511, 0
0.8408501, 0.4019726, 0.3303216, 0
0.884005, 0.343506, 0.2830168, 0
0.4860352, 0.3241731, 0.2639141, 0
0.7498047, 0.6015368, 0.2957005, 0
0.6500675, 0.4383881, 0.2408671, 0
0.4585679, 0.4958394, 0.2765173, 0
0.7254344, 0.3981766, 0.2497699, 0
0.842355, 0.5360215, 0.3270753, 0
0.4041779, 0.3503814, 0.2574938, 0
0.3894911, 0.4377602, 0.317167, 0
0.8057098, 0.4112448, 0.3922642, 0
0.7099864, 0.4277776, 0.3430575, 0
0.8180705, 0.4503285, 0.396889, 0
0.8055351, 0.5576385, 0.3191265, 0
0.7675768, 0.57857, 0.3672692, 0
0.4059569, 0.3837698, 0.2697645, 0
0.8385837, 0.4377572, 0.1795408, 0
0.5894036, 0.4181608, 0.4096725, 0
0.5482612, 0.3322026, 0.2721688, 0
0.5039504, 0.3579707, 0.2241743, 0
0.3995807, 0.4254589, 0.4252339, 0
0.4528708, 0.3103321, 0.2356528, 0
0.3817138, 0.4244788, 0.2598246, 0
0.576556, 0.3092101, 0.3503035, 0
0.4425199, 0.4820664, 0.2245071, 0
0.7462709, 0.4161929, 0.2976797, 0
0.5345731, 0.4577674, 0.3119316, 0
0.8592474, 0.5188151, 0.2832805, 0
0.3592814, 0.4477268, 0.3014531, 0
0.4304112, 0.4099509, 0.2680326, 0
0.5071645, 0.3641825, 0.1918452, 0
0.4815108, 0.3085526, 0.3989793, 0
0.8021984, 0.3986041, 0.2273004, 0
0.7058968, 0.3125119, 0.3574535, 0
0.8236374, 0.313299, 0.2501858, 0
0.3837753, 0.504379, 0.2824872, 0
0.7927613, 0.5652789, 0.2497052, 0
0.5262061, 0.3139407, 0.3610031, 0
0.3837943, 0.3261782, 0.2932327, 0
0.7757966, 0.4307714, 0.3913221, 0
0.7372028, 0.4979121, 0.26318, 0
0.4668218, 0.4357979, 0.2820343, 0
0.8691127, 0.4131536, 0.3487042, 0
0.8209775, 0.4993325, 0.2246968, 0
0.8488872, 0.4064181, 0.263702, 0
0.455206, 0.4759403, 0.2683271, 0
0.3853019, 0.3742643, 0.3496476, 0
0.7660973, 0.519398, 0.3237124, 0
0.8045194, 0.3449227, 0.3741416, 0
0.6128193, 0.4630136, 0.3779967, 0
0.8637231, 0.519475, 0.2652741, 0
0.8641435, 0.4482779, 0.2134004, 0
0.593647, 0.3137386, 0.3976662, 0
0.5419954, 0.466929, 0.3969253, 0
0.6771098, 0.2996092, 0.3065034, 0
0.5576071, 0.4465873, 0.2573426, 0
0.8623965, 0.4859219, 0.3577214, 0
0.7901223, 0.3675317, 0.2599947, 0
0.4674761, 0.3125137, 0.420148, 0
0.5410657, 0.3399032, 0.2892203, 0
0.472384, 0.2938238, 0.2702011, 0
0.8628547, 0.4738417, 0.3201187, 0
0.70022, 0.3163367, 0.2876235, 0
0.4255562, 0.3312356, 0.296298, 0
0.5384017, 0.3924925, 0.3886102, 0
0.8467493, 0.4229717, 0.2469484, 0
0.5204225, 0.3957157, 0.3829527, 0
0.565814, 0.4302689, 0.2131391, 0
0.6535843, 0.3373427, 0.205648, 0
0.5873574, 0.4347864, 0.3809004, 0
0.4343963, 0.3368356, 0.4226111, 0
0.5708194, 0.4519441, 0.2625504, 0
0.8728848, 0.373882, 0.2174049, 0
0.7475699, 0.502021, 0.2161862, 0
0.6526992, 0.3498612, 0.269443, 0
0.7521547, 0.4197549, 0.1866928, 0
0.758052, 0.3053773, 0.3069476, 0
0.400438, 0.4408885, 0.4251688, 0
0.7184645, 0.3886862, 0.3487495, 0
0.5695543, 0.5168279, 0.3021318, 0
0.7514175, 0.5612531, 0.2241694, 0
0.7427487, 0.3677763, 0.2334421, 0
0.6158881, 0.4076608, 0.3882152, 0
0.4164421, 0.3838576, 0.2499195, 0
0.7874493, 0.3777687, 0.3932156, 0
0.616809, 0.311373, 0.2234661, 0
0.7919919, 0.4327585, 0.3643521, 0
0.809507, 0.5440012, 0.1726682, 0
0.4350514, 0.4048059, 0.4257267, 0
0.759574, 0.4835744, 0.2182895, 0
0.7937373, 0.4203263, 0.3823276, 0
0.4282964, 0.3403983, 0.2652774, 0
0.3801153, 0.3845966, 0.3512433, 0
0.4797075, 0.5025033, 0.3009133, 0
0.6769441, 0.4328033, 0.2947066, 0
0.5642767, 0.2709597, 0.2722442, 0
0.4576789, 0.2997257, 0.3454876, 0
0.8365072, 0.4214219, 0.3094783, 0
0.4335938, 0.2886591, 0.3482568, 0
0.751546, 0.3808151, 0.3033218, 0
0.5022108, 0.4960838, 0.2954823, 0
0.5210747, 0.3506833, 0.3756251, 0
0.499898, 0.4506529, 0.2430079, 0
0.355226, 0.38375, 0.3247669, 0
0.835206, 0.3885693, 0.2715594, 0
0.461176, 0.3586726, 0.250428, 0
0.6020331, 0.3287736, 0.4100443, 0
0.6184193, 0.3851849, 0.2385784, 0
0.6737459, 0.3587159, 0.4229224, 0
0.7981241, 0.3084067, 0.3580174, 0
0.3862894, 0.3452674, 0.2802753, 0
0.3957915, 0.4274631, 0.2169157, 0
0.5509888, 0.3422222, 0.2858837, 0
0.5317495, 0.4614328, 0.2284907, 0
0.6116646, 0.4256837, 0.3228457, 0
0.8710704, 0.5230645, 0.2538407, 0
0.397798, 0.4737277, 0.2372196, 0
0.5992183, 0.4381295, 0.2837113, 0
0.5718225, 0.4198543, 0.2679986, 0
0.7116592, 0.3753347, 0.2559018, 0
0.4856261, 0.382955, 0.2402847, 0
0.8415208, 0.3818108, 0.1985016, 0
0.7341361, 0.3114222, 0.2468448, 0
0.579514, 0.473545, 0.2992435, 0
0.4647405, 0.3501331, 0.197556, 0
0.8470575, 0.408482, 0.2837855, 0
0.4340119, 0.4679798, 0.2729249, 0
0.6528069, 0.4151373, 0.2702289, 0
0.8764936, 0.4096834, 0.3755642, 0
0.7512808, 0.3081263, 0.3305953, 0
0.5441092, 0.3301978, 0.1993634, 0
0.7798487, 0.3061646, 0.2775556, 0
0.7457922, 0.5614061, 0.238875, 0
0.6334693, 0.3636629, 0.2852969, 0
0.6236303, 0.3736645, 0.344386, 0
0.8203331, 0.4101617, 0.3882462, 0
0.4022841, 0.295863, 0.3520555, 0
0.4525606, 0.528103, 0.3725889, 0
0.4545527, 0.4763493, 0.402209, 0
0.6103377, 0.3338374, 0.2347667, 0
0.7746658, 0.5850847, 0.291122, 0
0.6290693, 0.3679815, 0.2766629, 0
0.4580761, 0.3340909, 0.3074984, 0
0.4488013, 0.4478257, 0.3058432, 0
0.7557065, 0.2923185, 0.3569633, 0
0.7336673, 0.3801782, 0.3549987, 0
0.3785895, 0.5045074, 0.3723281, 0
0.40156, 0.3178435, 0.2573615, 0
0.8863438, 0.3748212, 0.3391295, 0
0.6268717, 0.4165636, 0.233386, 0
0.4716747, 0.3209348, 0.2976082, 0
0.5692759, 0.3344583, 0.3312901, 0
0.4288874, 0.3289506, 0.4211608, 0
0.546154, 0.4204229, 0.2561823, 0
0.524647, 0.3165442, 0.2899516, 0
0.7483884, 0.4751479, 0.2059589, 0
0.4715165, 0.3156999, 0.4235441, 0
0.5531679, 0.4778644, 0.3491907, 0
0.58664, 0.3278476, 0.323055, 0
0.7782394, 0.5798858, 0.2077837, 0
0.6346077, 0.3382411, 0.4328682, 0
0.6731817, 0.3504476, 0.3317312, 0
0.3835359, 0.3008352, 0.2896748, 0
0.3707677, 0.3237494, 0.3138592, 0
0.664224, 0.3541805, 0.2864856, 0
0.527437, 0.4485387, 0.4329617, 0
0.6483279, 0.2856185, 0.2899872, 0
0.5595674, 0.4846371, 0.2319046, 0
0.4176649, 0.3732689, 0.2927644, 0
0.7833112, 0.4242724, 0.3190524, 0
0.4897651, 0.5053524, 0.3634046, 0
0.3990424, 0.497056, 0.2976827, 0
0.6850932, 0.3561272, 0.2782037, 0
0.8190649, 0.3802153, 0.362409, 0
0.5044163, 0.3197817, 0.3607211, 0
0.4058247, 0.5219076, 0.3816205, 0
0.4392116, 0.4171392, 0.1966203, 0
0.7549063, 0.3777601, 0.2283798, 0
0.578144, 0.3755004, 0.4443809, 0
0.6602729, 0.4956402, 0.2349047, 0
0.4399306, 0.4191408, 0.427924, 0
0.5452185, 0.3551752, 0.3840679, 0
0.4050919, 0.3847102, 0.4057489, 0
0.5476909, 0.2763381, 0.2503139, 0
0.4734519, 0.3477419, 0.4076679, 0
0.3893863, 0.3579868, 0.3089358, 0
0.6052601, 0.319376, 0.273079, 0
0.6215559, 0.3364207, 0.3817061, 0
0.4301752, 0.452152, 0.2813569, 0
0.4306709, 0.2928638, 0.2952698, 0
0.6580695, 0.3131646, 0.3780152, 0
0.7735619, 0.4019451, 0.2037192, 0
0.7936779, 0.4105435, 0.2437886, 0
0.6146443, 0.4090525, 0.1996249, 0
0.3902509, 0.4522731, 0.2512955, 0
0.5064189, 0.4368563, 0.22428, 0
0.4168281, 0.3298925, 0.3116039, 0
0.530151, 0.3150845, 0.3674299, 0
0.8086529, 0.4061469, 0.3809111, 0
0.6448548, 0.3317429, 0.2700144, 0
0.80352, 0.5361462, 0.1718017, 0
0.7193232, 0.327751, 0.3695984, 0
0.8627027, 0.4114439, 0.3218382, 0
0.7907138, 0.4625189, 0.3067111, 0
0.4090936, 0.4080277, 0.423811, 0
0.698558, 0.3353998, 0.4220589, 0
0.6401673, 0.2763802, 0.2959123, 0
0.5140425, 0.3606727, 0.4274791, 0
0.8695559, 0.3698578, 0.3373551, 0
0.6296459, 0.3823735, 0.313278, 0
--COLORS--
0, 0, 0, 1
