0.5034755, 0.6067178, 0.5597077, 0
0.4336363, 0.5718036, 0.5585588, 0
0.4087413, 0.6005521, 0.5606394, 0
0.4126436, 0.5942371, 0.6195871, 0
0.3971904, 0.6285634, 0.5805835, 0
0.4347199, 0.5844733, 0.6345139, 0
0.5027338, 0.6381952, 0.6539873, 0
0.3778512, 0.5542465, 0.6020799, 0
0.3716041, 0.5506161, 0.5194754, 0
0.3558563, 0.5592723, 0.5596094, 0
0.5333212, 0.5487613, 0.5978044, 0
0.5062324, 0.5893376, 0.5417037, 0
0.4074282, 0.5886325, 0.5207455, 0
0.4984238, 0.5587794, 0.631295, 0
0.3721031, 0.600337, 0.5787832, 0
0.4335402, 0.5424343, 0.6327299, 0
0.4371995, 0.6415377, 0.5602556, 0
0.3223407, 0.5703712, 0.6273575, 0
0.4896013, 0.6082997, 0.5546368, 0
0.4996766, 0.5665269, 0.6106205, 0
0.4418341, 0.599317, 0.6068984, 0
0.5131844, 0.5374219, 0.6132578, 0
0.3831857, 0.6142386, 0.6274952, 0
0.5290447, 0.5893204, 0.6061288, 0
0.4044911, 0.5277795, 0.5467021, 0
0.4010261, 0.5573924, 0.5308627, 0
0.4363764, 0.558969, 0.5551805, 0
0.3372425, 0.5246652, 0.5768192, 0
0.3744187, 0.6375142, 0.5571634, 0
0.4979686, 0.5577837, 0.6106722, 0
0.3134491, 0.6270822, 0.5436887, 0
0.4570698, 0.5922642, 0.5753847, 0
0.4545661, 0.5411821, 0.5611228, 0
0.3720309, 0.5919805, 0.6293699, 0
0.4041777, 0.581045, 0.5551689, 0
0.4116826, 0.53629, 0.5875939, 0
0.3298139, 0.5576569, 0.5743634, 0
0.3290801, 0.6338373, 0.5840331, 0
0.4594682, 0.6533136, 0.5833504, 0
0.4027417, 0.5839043, 0.5292808, 0
0.3533837, 0.5332605, 0.5355332, 0
0.3768199, 0.5914152, 0.530109, 0
0.4267077, 0.6040694, 0.6133308, 0
0.3622471, 0.6157349, 0.6093867, 0
0.3775067, 0.5340179, 0.5476511, 0
0.5121002, 0.6524711, 0.6428192, 0
0.4223002, 0.626151, 0.6325414, 0
0.4842342, 0.6503183, 0.6018606, 0
0.3334149, 0.623565, 0.5255834, 0
0.3586263, 0.5929254, 0.5620981, 0
0.4012551, 0.5574566, 0.5583909, 0
0.4838514, 0.5642202, 0.5760028, 0
0.3522162, 0.6021549, 0.6318583, 0
0.350844, 0.5644478, 0.5419036, 0
0.4729016, 0.5460323, 0.5543197, 0
0.5146446, 0.5887436, 0.5912491, 0
0.3681137, 0.5379376, 0.5578583, 0
0.3758411, 0.613686, 0.5607748, 0
0.3348114, 0.6005258, 0.5467287, 0
0.341909, 0.6269121, 0.5906233, 0
0.4271999, 0.5823122, 0.5607404, 0
0.335495, 0.600735, 0.5892714, 0
0.4650486, 0.5612346, 0.5487248, 0
0.3348824, 0.5233852, 0.5613835, 0
0.342025, 0.5903366, 0.5897303, 0
0.4619082, 0.5449426, 0.5949477, 0
0.4736361, 0.6166542, 0.5763054, 0
0.5271183, 0.5939989, 0.5485823, 0
0.4753232, 0.6531729, 0.5758755, 0
0.3384215, 0.5788091, 0.6296152, 0
0.372864, 0.5362936, 0.5616518, 0
0.4323027, 0.588161, 0.5782237, 0
0.5120797, 0.6147622, 0.5447488, 0
0.4473599, 0.5316406, 0.6199443, 0
0.5086356, 0.5962172, 0.5746571, 0
0.4371695, 0.5895851, 0.6172763, 0
0.3149612, 0.6248229, 0.5491139, 0
0.3443202, 0.5167491, 0.5819225, 0
0.4859473, 0.5775965, 0.6010813, 0
0.530651, 0.5815071, 0.5859177, 0
0.5245572, 0.6560219, 0.6026021, 0
0.4628185, 0.6174668, 0.5723376, 0
0.4352697, 0.619019, 0.6196081, 0
0.4360501, 0.6137159, 0.6295648, 0
0.3455537, 0.5641839, 0.5089188, 0
0.5132959, 0.5917045, 0.6243683, 0
0.4795864, 0.6464976, 0.5784957, 0
0.4460986, 0.5937458, 0.6165729, 0
0.4874343, 0.6141392, 0.6100701, 0
0.340676, 0.6158537, 0.5824256, 0
0.4343327, 0.6022834, 0.5259344, 0
0.4601776, 0.5850903, 0.5827147, 0
0.4724888, 0.577645, 0.5350285, 0
0.4201416, 0.5819409, 0.6411632, 0
0.3993194, 0.5416439, 0.5492354, 0
0.3418528, 0.5367164, 0.5458912, 0
0.3255605, 0.6067286, 0.6059771, 0
0.3624137, 0.554158, 0.5315922, 0
0.4457496, 0.5729569, 0.59269, 0
0.4902824, 0.6310254, 0.5774192, 0
0.3423569, 0.5583338, 0.516169, 0
0.5117636, 0.588023, 0.5679636, 0
0.3511071, 0.620516, 0.5891944, 0
0.4337255, 0.5693915, 0.6077599, 0
0.4817454, 0.6094568, 0.6463899, 0
0.4344297, 0.5440341, 0.6077018, 0
0.4840824, 0.6205816, 0.5819066, 0
0.5212721, 0.6174916, 0.5895714, 0
0.4633631, 0.5608895, 0.5571812, 0
0.4216228, 0.5977406, 0.5785435, 0
0.3210774, 0.6298769, 0.5674562, 0
0.3681512, 0.5583712, 0.5355527, 0
0.4696721, 0.5961546, 0.622407, 0
0.4479832, 0.5400519, 0.5599709, 0
0.5383302, 0.5606685, 0.5867196, 0
0.4775551, 0.5775981, 0.6539906, 0
0.5199295, 0.5709245, 0.553486, 0
0.4682152, 0.6148433, 0.5608259, 0
0.3596254, 0.5421986, 0.6208068, 0
0.5193186, 0.6523222, 0.5807474, 0
0.3777739, 0.6156605, 0.580256, 0
0.3307556, 0.5843549, 0.5899638, 0
0.4487242, 0.5642258, 0.5397373, 0
0.4880808, 0.5580467, 0.5474173, 0
0.4286633, 0.6372389, 0.6146086, 0
0.528849, 0.6189588, 0.5724282, 0
0.3688535, 0.5522682, 0.6086841, 0
0.4981482, 0.5412896, 0.6198841, 0
0.4584753, 0.5737072, 0.5739921, 0
0.4896623, 0.5435842, 0.6032398, 0
0.387574, 0.5655373, 0.5970263, 0
0.5106975, 0.6000175, 0.5592061, 0
0.4492081, 0.6268191, 0.5538842, 0
0.3491431, 0.5781005, 0.6218565, 0
0.4675459, 0.548969, 0.5501028, 0
0.5143132, 0.5853637, 0.6125948, 0
0.3831214, 0.5997207, 0.5645194, 0
0.3928885, 0.5935562, 0.525989, 0
0.4254144, 0.5624104, 0.5874885, 0
0.4516381, 0.6332984, 0.603098, 0
0.3882488, 0.6149406, 0.5642958, 0
0.3616635, 0.5769479, 0.5949986, 0
0.4355152, 0.5773991, 0.6222622, 0
0.4843291, 0.5756214, 0.5371408, 0
0.4750131, 0.5883396, 0.5315672, 0
0.510549, 0.5844408, 0.5734375, 0
0.5147412, 0.6162872, 0.6612786, 0
0.4148619, 0.5998179, 0.6491233, 0
0.3823219, 0.5437862, 0.5612511, 0
0.3219271, 0.5942954, 0.580139, 0
0.4648817, 0.5389425, 0.5561713, 0
0.4832359, 0.6492732, 0.6144964, 0
0.4906925, 0.5853824, 0.6062847, 0
0.3206751, 0.5632457, 0.5528342, 0
0.3456363, 0.5874583, 0.5314115, 0
0.3281172, 0.5356653, 0.5272859, 0
0.5005853, 0.5404229, 0.5761841, 0
0.3248399, 0.5233888, 0.5365784, 0
0.3230426, 0.5771496, 0.6067277, 0
0.3881094, 0.5762324, 0.617249, 0
0.4631511, 0.5570667, 0.6526669, 0
0.4041122, 0.5298008, 0.5423241, 0
0.3660183, 0.6404073, 0.5613829, 0
0.472379, 0.6057271, 0.6478938, 0
0.4687192, 0.6099352, 0.6573769, 0
0.3814932, 0.5724562, 0.527058, 0
0.4068453, 0.6159121, 0.643046, 0
0.3529544, 0.6345745, 0.6045008, 0
0.3709074, 0.549518, 0.6248833, 0
0.4275989, 0.565352, 0.5866759, 0
0.3069758, 0.5892717, 0.5867575, 0
0.5100787, 0.6336685, 0.5941805, 0
0.4866444, 0.5785326, 0.660688, 0
0.3583549, 0.5823876, 0.63598, 0
0.3284, 0.5673667, 0.6099606, 0
0.5281596, 0.5907152, 0.5796518, 0
0.521194, 0.6018011, 0.6120535, 0
0.5001786, 0.5755712, 0.5929738, 0
0.3290129, 0.5554176, 0.6151072, 0
0.3902136, 0.5827587, 0.5204293, 0
0.4229805, 0.6254614, 0.571133, 0
0.4104448, 0.5256482, 0.5897264, 0
0.4889195, 0.5747758, 0.6182644, 0
0.3632718, 0.6304715, 0.5950633, 0
0.4800581, 0.5940639, 0.5764313, 0
0.352962, 0.5873179, 0.5938884, 0
0.410114, 0.5931453, 0.5370738, 0
0.3764091, 0.5224392, 0.5566907, 0
0.3911941, 0.5844445, 0.540884, 0
0.3689309, 0.613398, 0.5992236, 0
0.4682545, 0.5475178, 0.6140293, 0
0.4367822, 0.6113803, 0.5491219, 0
0.4433275, 0.5766717, 0.560813, 0
0.5269935, 0.599956, 0.548465, 0
0.3746089, 0.5181882, 0.5795552, 0
0.5153334, 0.5573776, 0.6395134, 0
0.3820472, 0.5852844, 0.6106152, 0
0.5034119, 0.5526601, 0.6180259, 0
0.4280885, 0.6160033, 0.5314411, 0
0.3225938, 0.6234278, 0.545576, 0
0.4453106, 0.6435845, 0.5975114, 0
0.3702277, 0.6016695, 0.6090872, 0
0.347287, 0.6064033, 0.5980443, 0
0.376335, 0.5612254, 0.5545998, 0
0.3947885, 0.5830739, 0.6282403, 0
0.5314017, 0.5522378, 0.6084759, 0
0.5025733, 0.6108707, 0.588239, 0
0.3491853, 0.5979496, 0.5591305, 0
0.3121886, 0.5838946, 0.6146483, 0
0.3359334, 0.5343947, 0.5598859, 0
0.402889, 0.5800696, 0.5196255, 0
0.4984241, 0.621822, 0.5464598, 0
0.3633437, 0.5725694, 0.5716408, 0
0.4252679, 0.5968186, 0.5861796, 0
0.4250187, 0.6345457, 0.5742949, 0
0.4247599, 0.5553096, 0.5902287, 0
0.5213073, 0.5635021, 0.580358, 0
0.5178108, 0.6194225, 0.5516418, 0
0.3464853, 0.6097924, 0.5835762, 0
0.3969171, 0.5392912, 0.6043, 0
0.3370463, 0.6273798, 0.585949, 0
0.4996802, 0.6244472, 0.5892795, 0
0.4935858, 0.56691, 0.6128529, 0
0.3415069, 0.5717456, 0.6329646, 0
0.4854903, 0.5859635, 0.5767676, 0
0.4544392, 0.6336406, 0.5590295, 0
0.4049211, 0.5337433, 0.5604189, 0
0.3639544, 0.5696945, 0.6053743, 0
0.5108687, 0.5743313, 0.6636941, 0
0.4557829, 0.5771576, 0.5464772, 0
0.4654371, 0.6433234, 0.6246637, 0
0.380858, 0.575183, 0.5910155, 0
0.4704592, 0.5751826, 0.6248687, 0
0.469018, 0.5794266, 0.5492315, 0
0.4557316, 0.5356526, 0.5779831, 0
0.4269342, 0.6265077, 0.598057, 0
0.5173568, 0.6066199, 0.6528075, 0
0.4992813, 0.6185347, 0.6019469, 0
0.4528711, 0.5886386, 0.5548643, 0
0.3288736, 0.5318291, 0.5229436, 0
0.4866917, 0.5303541, 0.6191993, 0
0.3568443, 0.5224742, 0.5887889, 0
0.4488921, 0.6521813, 0.5795358, 0
0.3761075, 0.5552686, 0.5448433, 0
0.4426351, 0.6026042, 0.5777942, 0
0.4917825, 0.5650558, 0.6131465, 0
0.453969, 0.6017597, 0.5697078, 0
0.4963796, 0.6482597, 0.6154538, 0
0.4585055, 0.6191933, 0.6135031, 0
0.4201249, 0.5404661, 0.5658689, 0
0.5090635, 0.6455829, 0.6221656, 0
0.4790283, 0.5880832, 0.6489577, 0
0.3684892, 0.6096585, 0.5683003, 0
0.4614001, 0.5736541, 0.5345535, 0
0.3606048, 0.5868407, 0.5167537, 0
0.3348162, 0.560484, 0.5718814, 0
0.4334302, 0.5833482, 0.5920759, 0
0.3094249, 0.5934759, 0.5991846, 0
0.3818001, 0.5531776, 0.6279553, 0
0.3684411, 0.6266801, 0.6037289, 0
0.3728198, 0.5479891, 0.587671, 0
0.4490798, 0.6447083, 0.5746829, 0
0.4832019, 0.5970068, 0.6147056, 0
0.3182824, 0.555009, 0.5756772, 0
0.4261858, 0.5299325, 0.6062478, 0
0.4629719, 0.5747603, 0.601851, 0
0.3991492, 0.5941464, 0.5500179, 0
0.529789, 0.5927325, 0.6030223, 0
0.4545136, 0.5839832, 0.6088745, 0
0.4892115, 0.6545203, 0.6124646, 0
0.5280812, 0.5455413, 0.6490815, 0
0.4039363, 0.5863676, 0.5947036, 0
0.5046551, 0.5559267, 0.6451692, 0
0.3483792, 0.6228622, 0.5523162, 0
0.3354397, 0.5319915, 0.5834511, 0
0.4662617, 0.5752655, 0.5986158, 0
0.322064, 0.5531893, 0.6142746, 0
0.4307362, 0.6129326, 0.585189, 0
0.3956471, 0.5805587, 0.596744, 0
0.415309, 0.5385908, 0.5770487, 0
0.4523615, 0.5529973, 0.6312217, 0
0.3536191, 0.6403418, 0.5582388, 0
0.4433908, 0.6047668, 0.6372284, 0
0.489648, 0.5949684, 0.6281698, 0
0.4650497, 0.566958, 0.6136766, 0
0.4873901, 0.5954839, 0.6405414, 0
0.5226891, 0.634114, 0.567058, 0
0.3683145, 0.6083247, 0.5807098, 0
0.385092, 0.6332563, 0.57722, 0
0.5037343, 0.5936036, 0.6643385, 0
0.4372597, 0.5749448, 0.6369805, 0
0.33792, 0.6013175, 0.6156722, 0
0.367577, 0.5841839, 0.6248101, 0
0.5238357, 0.5717705, 0.5959944, 0
0.4668523, 0.5987372, 0.6515909, 0
0.3695826, 0.5749654, 0.533348, 0
0.3618351, 0.5940082, 0.5440283, 0
0.3841024, 0.6228718, 0.5528514, 0
0.5156978, 0.5560656, 0.5848464, 0
0.3750968, 0.5161479, 0.5701777, 0
0.4543914, 0.5743719, 0.5304878, 0
0.3437292, 0.6405139, 0.5746163, 0
0.3570486, 0.5807092, 0.5529994, 0
0.4234156, 0.5824983, 0.6266696, 0
0.4721377, 0.5396972, 0.6209646, 0
0.3391858, 0.5753173, 0.5779028, 0
0.4280427, 0.6013061, 0.5873894, 0
0.3221704, 0.592265, 0.5806211, 0
0.3336301, 0.5436765, 0.5114792, 0
0.4408918, 0.6170713, 0.5545703, 0
0.4252329, 0.5982214, 0.639673, 0
0.3791409, 0.600144, 0.5916082, 0
0.4506554, 0.6043509, 0.5467508, 0
0.5295458, 0.5706264, 0.571981, 0
0.3384761, 0.6052904, 0.597138, 0
0.3472127, 0.5961123, 0.5846027, 0
0.3877611, 0.5641359, 0.5410963, 0
0.4215008, 0.5925879, 0.5938879, 0
0.3786269, 0.5242097, 0.5979421, 0
0.4767185, 0.6194955, 0.6271441, 0
0.3648382, 0.5676365, 0.5905029, 0
0.5357184, 0.5803124, 0.5827585, 0
0.3811336, 0.573021, 0.5627542, 0
0.4000925, 0.5311756, 0.5427849, 0
0.3166693, 0.574211, 0.5760943, 0
0.3824329, 0.5513451, 0.5309761, 0
0.3458914, 0.6000281, 0.557481, 0
0.3772627, 0.5744781, 0.5543757, 0
0.3712211, 0.5883117, 0.5961508, 0
0.3422857, 0.5951529, 0.5317508, 0
0.4990168, 0.6267618, 0.5987169, 0
0.4225871, 0.5235546, 0.5984399, 0
0.3385736, 0.5303118, 0.541482, 0
0.3471355, 0.5824011, 0.5138384, 0
0.3736066, 0.5700011, 0.5745583, 0
0.3273113, 0.5535182, 0.5229407, 0
0.3373367, 0.5835609, 0.6106488, 0
0.490118, 0.657716, 0.6081887, 0
0.4235166, 0.6250855, 0.5674159, 0
0.4695829, 0.607294, 0.6393481, 0
0.4012568, 0.6332531, 0.602963, 0
0.4119898, 0.558212, 0.6413522, 0
0.4573237, 0.6352586, 0.620259, 0
0.4663051, 0.6197621, 0.6249939, 0
0.3151168, 0.6069795, 0.5952654, 0
0.4175378, 0.5942794, 0.5234485, 0
0.5250084, 0.557253, 0.6145551, 0
0.3084621, 0.6159472, 0.5801073, 0
0.4038412, 0.5554612, 0.6143597, 0
0.5092293, 0.5364774, 0.6313976, 0
0.5415464, 0.5715733, 0.5681971, 0
0.3797679, 0.5823839, 0.5429205, 0
0.3995301, 0.5949263, 0.646572, 0
0.5364848, 0.5512276, 0.5813369, 0
0.3599014, 0.5679961, 0.5420783, 0
0.335845, 0.6277807, 0.5607464, 0
0.5038359, 0.5812711, 0.6657451, 0
0.4185766, 0.5661969, 0.5684612, 0
0.5240626, 0.5389351, 0.5776895, 0
0.4929636, 0.5632392, 0.6528174, 0
0.4938752, 0.580851, 0.6362589, 0
0.3943667, 0.6108121, 0.5349999, 0
0.3256723, 0.6298272, 0.5711736, 0
0.4153382, 0.5453749, 0.5682142, 0
0.324117, 0.5713688, 0.5743276, 0
0.4964057, 0.6432292, 0.5977446, 0
0.3500176, 0.5583712, 0.5674344, 0
0.3712786, 0.5336922, 0.5608065, 0
0.3909398, 0.6324682, 0.6075754, 0
0.4810994, 0.6267584, 0.5619848, 0
0.5039828, 0.5987346, 0.5458641, 0
0.4119658, 0.63593, 0.5470985, 0
0.4168828, 0.5756516, 0.5643971, 0
0.330077, 0.5586966, 0.5097458, 0
0.4256013, 0.5807909, 0.5797585, 0
0.3937165, 0.5629978, 0.6402364, 0
0.3792447, 0.5718616, 0.6417652, 0
0.4283525, 0.6092069, 0.5698851, 0
0.4606324, 0.5887047, 0.6368974, 0
0.5342914, 0.5848837, 0.6008609, 0
0.3284302, 0.5403737, 0.621091, 0
0.381534, 0.6024432, 0.5227419, 0
0.4695272, 0.5826793, 0.6470813, 0
0.3454562, 0.5989912, 0.5262659, 0
0.4084518, 0.6137111, 0.5719414, 0
0.4097005, 0.5706397, 0.5942372, 0
0.3344158, 0.5793446, 0.5172114, 0
0.4426968, 0.5481382, 0.561964, 0
0.5205094, 0.5393137, 0.6199021, 0
0.4183947, 0.608862, 0.6331316, 0
0.4110272, 0.5594337, 0.616203, 0
0.4858992, 0.6197708, 0.616363, 0
0.3913072, 0.5966045, 0.5248008, 0
0.307365, 0.6292045, 0.5530385, 0
0.4691631, 0.5779317, 0.6054221, 0
0.4162043, 0.6420872, 0.6095183, 0
0.430948, 0.5856027, 0.5275134, 0
0.5124961, 0.5985797, 0.5496444, 0
0.3744549, 0.5203813, 0.5965236, 0
0.4074709, 0.578416, 0.5778164, 0
0.3417642, 0.5559462, 0.5489407, 0
0.4152411, 0.5922908, 0.5275281, 0
0.3451127, 0.5164871, 0.5522003, 0
0.3870401, 0.6350578, 0.5764065, 0
0.4472502, 0.6078497, 0.5852993, 0
0.4743995, 0.5945911, 0.623405, 0
0.3635708, 0.5766482, 0.5936114, 0
0.496439, 0.5434811, 0.6447164, 0
0.4820686, 0.5322742, 0.6221898, 0
0.3287387, 0.5464435, 0.6192684, 0
0.3693249, 0.553555, 0.5393662, 0
0.52154, 0.590692, 0.5626763, 0
0.5363873, 0.5537966, 0.5948672, 0
0.3722719, 0.622493, 0.6197065, 0
0.3601786, 0.5127525, 0.5829974, 0
0.3357938, 0.5562117, 0.5825251, 0
0.3245904, 0.5532619, 0.6202104, 0
0.346407, 0.6102967, 0.5381707, 0
0.3796041, 0.5267473, 0.5856484, 0
0.3575516, 0.5801306, 0.6187044, 0
0.4970151, 0.5611095, 0.5691357, 0
0.3595947, 0.5451192, 0.6038742, 0
0.434637, 0.5841966, 0.5909235, 0
0.377596, 0.5439695, 0.5374663, 0
0.3366791, 0.5544254, 0.5224977, 0
0.4809514, 0.5970852, 0.6657357, 0
0.3713708, 0.5437617, 0.6089224, 0
0.3687979, 0.5989232, 0.5646271, 0
0.3879792, 0.5972253, 0.6201348, 0
0.4673509, 0.5825457, 0.6380366, 0
0.3273889, 0.5662653, 0.5832477, 0
0.4392557, 0.6060299, 0.5392771, 0
0.4401825, 0.6037543, 0.5742145, 0
0.4534259, 0.6073185, 0.5315572, 0
0.3593697, 0.5845405, 0.5255909, 0
0.3921776, 0.5995919, 0.5824508, 0
0.5141404, 0.57127, 0.6198156, 0
0.378346, 0.6315556, 0.5933746, 0
0.441936, 0.6003149, 0.605876, 0
0.4997813, 0.6222236, 0.5801614, 0
0.4050131, 0.5852219, 0.5303718, 0
0.4549991, 0.5925983, 0.5374818, 0
0.519982, 0.6357228, 0.5644112, 0
0.3063446, 0.5986843, 0.5773278, 0
0.4235292, 0.5255691, 0.6145697, 0
0.5135486, 0.5930158, 0.6324345, 0
0.3255455, 0.6225573, 0.5610673, 0
0.4089946, 0.615559, 0.6175918, 0
0.5110412, 0.5381624, 0.6126931, 0
0.3233077, 0.5085123, 0.56802, 0
0.4204421, 0.5841485, 0.5566292, 0
0.4066452, 0.6294087, 0.6256912, 0
0.4960374, 0.6374093, 0.5954704, 0
0.4079677, 0.5419474, 0.6081641, 0
0.3507667, 0.5503988, 0.5573329, 0
0.4598911, 0.5528055, 0.5747837, 0
0.3984012, 0.5521468, 0.6400892, 0
0.4019746, 0.5182257, 0.5797225, 0
0.32378, 0.6031334, 0.6205322, 0
0.3630241, 0.5597569, 0.5578578, 0
0.3439161, 0.5660762, 0.5972556, 0
0.473904, 0.6078345, 0.5511919, 0
0.3388111, 0.5462801, 0.6113024, 0
0.4554662, 0.5808687, 0.5796288, 0
0.3531187, 0.6419911, 0.5659564, 0
0.3816421, 0.6054804, 0.5428979, 0
0.4611002, 0.5893882, 0.6233659, 0
0.5006722, 0.6506612, 0.5777408, 0
0.4276987, 0.5982243, 0.6490879, 0
0.4226567, 0.5708563, 0.5751747, 0
0.3507151, 0.5466514, 0.6036959, 0
0.3152204, 0.6294646, 0.5870216, 0
0.3327293, 0.602203, 0.6264414, 0
0.3494939, 0.6028209, 0.6129119, 0
0.4329086, 0.6460899, 0.583697, 0
0.3646019, 0.5909037, 0.6287707, 0
0.520973, 0.6508052, 0.583617, 0
0.3610396, 0.5787192, 0.5329139, 0
0.4620304, 0.5897744, 0.6506994, 0
0.4488946, 0.6357, 0.5527351, 0
0.3508207, 0.5378699, 0.5884227, 0
0.4417801, 0.6378028, 0.6290858, 0
0.5323513, 0.5433741, 0.608391, 0
0.5383511, 0.5568149, 0.5850024, 0
0.3849521, 0.5465024, 0.550509, 0
0.5119283, 0.5641082, 0.6300243, 0
0.3496013, 0.5317291, 0.5361335, 0
0.3511116, 0.6155607, 0.5708122, 0
0.3674208, 0.6325829, 0.5475524, 0
0.3357379, 0.5943754, 0.6212553, 0
0.3244031, 0.5734643, 0.5467707, 0
0.5082017, 0.5439749, 0.5851184, 0
0.4160067, 0.5420259, 0.5980698, 0
0.4898304, 0.5595547, 0.5458265, 0
0.3502338, 0.5969861, 0.6179063, 0
0.4503925, 0.5644494, 0.6508983, 0
0.5169498, 0.572487, 0.6272373, 0
0.4204584, 0.5325334, 0.6061049, 0
0.4599388, 0.6516733, 0.60598, 0
0.3647786, 0.5619317, 0.5207704, 0
0.3709416, 0.6324487, 0.5483223, 0
0.3535039, 0.5440012, 0.5191402, 0
0.5044587, 0.6203895, 0.5498886, 0
0.5035188, 0.6508106, 0.5990595, 0
0.4661728, 0.5420292, 0.6168684, 0
0.3420731, 0.5609251, 0.6274847, 0
0.434152, 0.5957749, 0.5943968, 0
0.365411, 0.5559295, 0.5322071, 0
0.4410519, 0.6146111, 0.6205967, 0
0.3550478, 0.5684326, 0.5772333, 0
0.5160726, 0.5752423, 0.6226707, 0
0.5078192, 0.6065419, 0.6455026, 0
0.3770925, 0.5614613, 0.5796208, 0
0.4268132, 0.6250235, 0.6297956, 0
0.4359102, 0.5804509, 0.6373944, 0
0.5365449, 0.5539862, 0.5898967, 0
0.5001138, 0.5819157, 0.661659, 0
0.4607106, 0.584748, 0.6361091, 0
0.444813, 0.5308385, 0.5984778, 0
0.4508206, 0.6087521, 0.6549202, 0
0.4017103, 0.5437823, 0.5554809, 0
0.3863986, 0.5152166, 0.5807402, 0
0.4341567, 0.5931845, 0.5309693, 0
0.4172622, 0.5761287, 0.5696824, 0
0.4548189, 0.5733185, 0.6145593, 0
0.4056647, 0.6081263, 0.5484503, 0
0.4711386, 0.6196912, 0.5994721, 0
0.4658436, 0.6204093, 0.6219219, 0
0.4268663, 0.53285, 0.5639521, 0
0.3743644, 0.60846, 0.608825, 0
0.3558421, 0.6087507, 0.5387285, 0
0.5081206, 0.6115205, 0.5560654, 0
0.4429184, 0.590327, 0.6058949, 0
0.4549177, 0.5490164, 0.6025797, 0
0.4355742, 0.5768566, 0.6456838, 0
0.3299298, 0.5646622, 0.5914398, 0
0.533668, 0.5650318, 0.609641, 0
0.3276598, 0.5595734, 0.6175436, 0
0.4531864, 0.6034942, 0.6164752, 0
0.3238412, 0.5802259, 0.5453497, 0
0.394194, 0.6123092, 0.5666832, 0
0.4022412, 0.6184705, 0.544603, 0
0.4697585, 0.6496961, 0.5762222, 0
0.3983756, 0.6127838, 0.6183424, 0
0.4643293, 0.574555, 0.5886952, 0
0.438419, 0.5729653, 0.6067084, 0
0.4295362, 0.5650113, 0.6377622, 0
0.4736768, 0.5890246, 0.5978348, 0
0.4086034, 0.5701594, 0.5580018, 0
0.4737089, 0.5651145, 0.552324, 0
0.440285, 0.5883002, 0.5438877, 0
0.3448846, 0.5506201, 0.591113, 0
0.4633699, 0.6212131, 0.5399748, 0
0.4882268, 0.5874944, 0.6356489, 0
0.5076841, 0.6007789, 0.6584553, 0
0.4954743, 0.5515708, 0.6386943, 0
0.3369355, 0.5783761, 0.5291198, 0
0.4874717, 0.6410975, 0.5938958, 0
0.4097205, 0.5930658, 0.537279, 0
0.3724562, 0.5875823, 0.5801798, 0
0.4050118, 0.5787446, 0.5469799, 0
0.4998752, 0.5865718, 0.64737, 0
0.3480387, 0.549045, 0.6136506, 0
0.4186057, 0.6301566, 0.5576692, 0
0.492604, 0.6376426, 0.566126, 0
0.5059634, 0.5907872, 0.5630786, 0
0.3627374, 0.5468503, 0.5675008, 0
0.3244826, 0.6319237, 0.5947454, 0
0.3354957, 0.5393533, 0.5738358, 0
0.4736119, 0.5403664, 0.6368719, 0
0.3538127, 0.6150536, 0.5799969, 0
0.3960533, 0.5714812, 0.5367038, 0
0.3686473, 0.6305608, 0.5517135, 0
0.4614526, 0.5614441, 0.5582819, 0
0.3989473, 0.5856975, 0.6417351, 0
0.3649757, 0.5937562, 0.5100135, 0
0.5024362, 0.6190338, 0.6432363, 0
0.5180214, 0.5888472, 0.6597378, 0
0.426612, 0.5862043, 0.5741759, 0
0.4733728, 0.580104, 0.6577972, 0
0.3952415, 0.5885661, 0.5432334, 0
0.4201844, 0.6097177, 0.5529718, 0
0.4071052, 0.5812431, 0.5817249, 0
0.5022258, 0.5653312, 0.6175069, 0
0.4046395, 0.578795, 0.5182766, 0
0.4642224, 0.5646356, 0.5707982, 0
0.4576261, 0.6229987, 0.5684755, 0
0.3754285, 0.6076099, 0.5371353, 0
0.4373097, 0.5259936, 0.6023921, 0
0.5335361, 0.5433951, 0.6093164, 0
0.4629879, 0.5834746, 0.6255043, 0
0.4196142, 0.5437605, 0.6266509, 0
0.3994534, 0.5658717, 0.5514932, 0
0.3194093, 0.6266261, 0.5480795, 0
0.4484573, 0.6040302, 0.6389183, 0
0.3312406, 0.5923371, 0.5274528, 0
0.4108627, 0.5971241, 0.606403, 0
0.5091508, 0.5906877, 0.6159136, 0
0.4133235, 0.528241, 0.5764468, 0
0.4354556, 0.5551679, 0.5738792, 0
0.3483637, 0.5558844, 0.5589707, 0
0.5289934, 0.5601085, 0.6093977, 0
0.4164316, 0.59282, 0.5328975, 0
0.5032784, 0.5377952, 0.6153436, 0
0.3783392, 0.6173583, 0.5717468, 0
0.387107, 0.5712852, 0.5562818, 0
0.5040591, 0.6345736, 0.6281823, 0
0.3981052, 0.5407562, 0.6273004, 0
0.3775953, 0.5991626, 0.6070661, 0
0.5235117, 0.5866839, 0.5527944, 0
0.4940276, 0.5365992, 0.6094245, 0
0.4109482, 0.5522645, 0.5594502, 0
0.3812747, 0.5254493, 0.544989, 0
0.4267606, 0.6208156, 0.5325368, 0
0.4632055, 0.5820843, 0.6178847, 0
0.4202991, 0.5946288, 0.6123326, 0
0.3597626, 0.5590705, 0.5338129, 0
0.3194389, 0.6154169, 0.5625836, 0
0.4790089, 0.5460544, 0.5810084, 0
0.5179581, 0.5906458, 0.6646544, 0
0.450942, 0.6068116, 0.5863735, 0
0.5100952, 0.5736963, 0.5522365, 0
0.5344613, 0.6290308, 0.5609182, 0
0.3436853, 0.5957935, 0.5757644, 0
0.4657344, 0.6117162, 0.5852764, 0
0.4280986, 0.5849281, 0.5780139, 0
0.5164802, 0.5756382, 0.6025373, 0
0.5076134, 0.6413742, 0.6033775, 0
0.3422341, 0.5846961, 0.5402611, 0
0.5094411, 0.6378797, 0.6197641, 0
0.5047149, 0.5867095, 0.6364164, 0
0.3603978, 0.6267246, 0.6020639, 0
0.4979437, 0.620356, 0.618559, 0
0.321478, 0.5945259, 0.6033087, 0
0.5020533, 0.6059049, 0.5926673, 0
0.3893545, 0.5597377, 0.5404078, 0
0.3222542, 0.6017589, 0.6260062, 0
0.3312682, 0.5906684, 0.5940672, 0
0.4674968, 0.6089943, 0.5639521, 0
0.5211388, 0.5793062, 0.5738696, 0
0.4611633, 0.6082371, 0.5843966, 0
0.3354855, 0.627187, 0.6058738, 0
0.494192, 0.5952326, 0.6243945, 0
0.4164053, 0.5617411, 0.5648015, 0
0.4043903, 0.5956285, 0.6280026, 0
0.3492991, 0.5484898, 0.5971677, 0
0.3880639, 0.5363872, 0.6036595, 0
0.4868682, 0.5869977, 0.5893742, 0
0.5258136, 0.5735035, 0.6395121, 0
0.3207859, 0.5326265, 0.5926985, 0
0.5046511, 0.568084, 0.5810872, 0
0.3612703, 0.5404155, 0.5456358, 0
0.5063099, 0.6503014, 0.6202385, 0
0.3733818, 0.5525581, 0.5174242, 0
0.341225, 0.5325424, 0.581528, 0
0.4756755, 0.6098145, 0.6139528, 0
0.4831373, 0.6084802, 0.602586, 0
0.406617, 0.5492797, 0.623364, 0
0.4623642, 0.5968478, 0.6271694, 0
0.4572707, 0.5497107, 0.5576349, 0
0.4239062, 0.6257437, 0.5480949, 0
0.5426468, 0.5646469, 0.5689358, 0
0.5045504, 0.6220033, 0.5824051, 0
0.3568515, 0.6228005, 0.5478775, 0
0.3076954, 0.596716, 0.5909051, 0
0.3787528, 0.6065738, 0.5834922, 0
0.3263312, 0.549538, 0.5437802, 0
0.4062208, 0.5284591, 0.6129643, 0
0.3064873, 0.6233599, 0.5912384, 0
0.4852968, 0.5391411, 0.5611367, 0
0.4460616, 0.578676, 0.5554416, 0
0.3566648, 0.6000528, 0.5298889, 0
0.4056705, 0.6308235, 0.6211258, 0
0.5186933, 0.613178, 0.6113393, 0
0.3727432, 0.624274, 0.5730979, 0
0.3727072, 0.5677934, 0.635763, 0
0.3764437, 0.5423987, 0.5480464, 0
0.3443327, 0.6260252, 0.6013895, 0
0.3280072, 0.5728233, 0.5856822, 0
0.3228541, 0.5248237, 0.6081579, 0
0.4210126, 0.5281211, 0.597674, 0
0.3268906, 0.594929, 0.5858985, 0
0.3793623, 0.5246267, 0.5957353, 0
0.4199916, 0.5891667, 0.6084726, 0
0.4372086, 0.6191043, 0.60457, 0
0.3882515, 0.6173435, 0.5915483, 0
0.4286611, 0.5363547, 0.5530368, 0
0.4013259, 0.5592799, 0.5539964, 0
0.4937242, 0.5932972, 0.65394, 0
0.3804504, 0.5571298, 0.6319675, 0
0.5044456, 0.5494069, 0.6319124, 0
0.3828322, 0.6128843, 0.5214892, 0
0.4156253, 0.6254627, 0.598653, 0
0.4327734, 0.5870371, 0.5907189, 0
0.5194777, 0.6122471, 0.6042681, 0
0.4058368, 0.6145102, 0.5959914, 0
0.3880296, 0.6234326, 0.5546529, 0
0.3693063, 0.579673, 0.585672, 0
0.3597329, 0.6080623, 0.5524783, 0
0.3654555, 0.6121368, 0.5589985, 0
0.4985773, 0.5780793, 0.6668741, 0
0.4859035, 0.5744735, 0.654522, 0
0.3536415, 0.5545984, 0.6134248, 0
0.4082211, 0.5918172, 0.565724, 0
0.3217152, 0.5506268, 0.621576, 0
0.3967508, 0.5473461, 0.5296411, 0
0.3329082, 0.6064311, 0.5355745, 0
0.4854849, 0.5754347, 0.6134022, 0
0.3423455, 0.5347048, 0.5516546, 0
0.350224, 0.5361369, 0.6022246, 0
0.4549775, 0.5721915, 0.6527427, 0
0.4991588, 0.6367252, 0.5810604, 0
0.4995153, 0.6167919, 0.5713522, 0
0.4730723, 0.5380296, 0.5693186, 0
0.473728, 0.5851042, 0.5844445, 0
0.4794098, 0.6101614, 0.6407207, 0
0.3548845, 0.537192, 0.5469987, 0
0.4552954, 0.6194348, 0.6460399, 0
0.3890923, 0.6170481, 0.6121104, 0
0.4485284, 0.5859198, 0.6351181, 0
0.497843, 0.5540186, 0.6442682, 0
0.3877009, 0.5694878, 0.5400956, 0
0.4962245, 0.5325785, 0.6154209, 0
0.4008722, 0.5532387, 0.6172561, 0
0.4611713, 0.5973729, 0.5416141, 0
0.3955437, 0.6021703, 0.5275634, 0
0.412542, 0.6491206, 0.5802149, 0
0.530129, 0.6223394, 0.5728564, 0
0.5117801, 0.5796656, 0.5557809, 0
0.3128394, 0.5841275, 0.613499, 0
0.5193602, 0.5892114, 0.6348028, 0
0.3043507, 0.6229521, 0.5930708, 0
0.4033692, 0.5971798, 0.5342981, 0
0.3118922, 0.6200031, 0.5794533, 0
0.5323114, 0.5433969, 0.6083021, 0
0.4909626, 0.5786892, 0.6470973, 0
0.3354828, 0.5158302, 0.5859088, 0
0.4299421, 0.5783834, 0.6491312, 0
0.3502607, 0.5909942, 0.5412598, 0
0.339134, 0.5755813, 0.6268104, 0
0.324233, 0.6096268, 0.5764552, 0
0.4035631, 0.5487306, 0.5401419, 0
0.4948883, 0.5925176, 0.5866186, 0
0.3982869, 0.6412798, 0.6118857, 0
0.4251449, 0.6016982, 0.541348, 0
0.3024563, 0.6138685, 0.6040903, 0
0.4770587, 0.6207625, 0.6152477, 0
0.4273528, 0.599677, 0.6390035, 0
0.5206045, 0.6094594, 0.5739458, 0
0.3109006, 0.5538428, 0.5981172, 0
0.3386555, 0.6183755, 0.5523264, 0
0.4484825, 0.5914371, 0.6202177, 0
0.4604515, 0.64475, 0.6233092, 0
0.4004074, 0.5486734, 0.6141764, 0
0.4502597, 0.5268568, 0.570949, 0
0.4797636, 0.6208543, 0.544814, 0
0.3222503, 0.5694353, 0.5867581, 0
0.3553539, 0.6240557, 0.5294725, 0
0.481036, 0.6170315, 0.586326, 0
0.3073838, 0.5621263, 0.5940009, 0
0.330833, 0.5304025, 0.5219657, 0
0.3695166, 0.5667546, 0.5726957, 0
0.5080481, 0.6211964, 0.5848181, 0
0.4016433, 0.5305544, 0.6219366, 0
0.3950093, 0.595402, 0.635591, 0
0.5052518, 0.5932571, 0.6006023, 0
0.5168662, 0.5660096, 0.5660176, 0
0.3844486, 0.5651931, 0.6251155, 0
0.3643114, 0.5953732, 0.5843993, 0
0.4979183, 0.580031, 0.6296567, 0
0.4258032, 0.5520061, 0.5457742, 0
0.4070669, 0.6347451, 0.5675009, 0
0.3838558, 0.5616993, 0.5410751, 0
0.4427115, 0.6233221, 0.6475895, 0
0.32272, 0.5256433, 0.5790392, 0
0.4043854, 0.5419691, 0.6242679, 0
0.5314356, 0.6043259, 0.547888, 0
0.4801102, 0.6483048, 0.6210471, 0
0.3642434, 0.5683147, 0.5833215, 0
0.4848434, 0.5592853, 0.597683, 0
0.3914165, 0.5420548, 0.5850409, 0
0.4335259, 0.5599559, 0.5482168, 0
0.3866946, 0.5274402, 0.5533694, 0
0.4899693, 0.5845845, 0.571308, 0
0.3584158, 0.5534942, 0.6286642, 0
0.5249165, 0.6206061, 0.5727746, 0
0.3525275, 0.5693626, 0.5217307, 0
0.3533572, 0.5795317, 0.5710045, 0
0.3913513, 0.5734245, 0.6324585, 0
0.4576893, 0.5537147, 0.5545514, 0
0.3390845, 0.5631211, 0.5895204, 0
0.3689448, 0.6298438, 0.6169146, 0
0.4047083, 0.6180208, 0.6282701, 0
0.3498378, 0.5861487, 0.5257356, 0
0.3348751, 0.6113108, 0.5833501, 0
0.4885494, 0.6333058, 0.6060038, 0
0.32265, 0.5767871, 0.5505456, 0
0.3641559, 0.5417429, 0.5807707, 0
0.331781, 0.5610224, 0.6133606, 0
0.4586785, 0.6340168, 0.6359266, 0
0.4807521, 0.6328013, 0.569173, 0
0.5156673, 0.6350015, 0.6347002, 0
0.4649263, 0.6102394, 0.5489205, 0
0.3937446, 0.567166, 0.5459085, 0
0.4006858, 0.5535284, 0.5328514, 0
0.4986282, 0.5735552, 0.6612282, 0
0.5042391, 0.5382227, 0.6359241, 0
0.3875839, 0.6329473, 0.6183552, 0
0.4474099, 0.5870375, 0.6381208, 0
0.4791728, 0.6365764, 0.6324876, 0
0.3774995, 0.5417773, 0.5909386, 0
0.3791057, 0.5243355, 0.6005533, 0
0.4642335, 0.6297787, 0.6190652, 0
0.360616, 0.6166, 0.5239658, 0
0.3923316, 0.5858605, 0.6284617, 0
0.4962123, 0.5981402, 0.6395477, 0
0.4769448, 0.5639307, 0.5802688, 0
0.4326732, 0.6205277, 0.5955938, 0
0.5174781, 0.627261, 0.5756049, 0
0.4175768, 0.5459269, 0.5386564, 0
0.4216349, 0.5615643, 0.5411953, 0
0.4066583, 0.6488272, 0.5883976, 0
0.307582, 0.5570341, 0.6080024, 0
0.3378018, 0.5283383, 0.5879722, 0
0.491201, 0.5664451, 0.5887865, 0
0.3948596, 0.5830393, 0.6103873, 0
0.4018075, 0.578644, 0.618138, 0
0.357928, 0.570348, 0.5916591, 0
0.3946116, 0.6002883, 0.6113781, 0
0.3111638, 0.5422956, 0.5906515, 0
0.4734347, 0.6401537, 0.5836803, 0
0.3697461, 0.6390773, 0.5672978, 0
0.4092885, 0.5505476, 0.6172054, 0
0.4083692, 0.5541168, 0.6123937, 0
0.3212753, 0.5374188, 0.5465424, 0
0.4503495, 0.6288343, 0.5487731, 0
0.4272759, 0.5783831, 0.6302993, 0
0.4974912, 0.5577813, 0.5935496, 0
0.3524639, 0.6023482, 0.5384147, 0
0.3472067, 0.5713358, 0.5563374, 0
0.3364044, 0.5100343, 0.5591276, 0
0.490722, 0.6033645, 0.6538107, 0
0.5210321, 0.579285, 0.6221793, 0
0.3865202, 0.5284805, 0.5886619, 0
0.3530228, 0.5834711, 0.5835333, 0
0.4624196, 0.6525341, 0.5757995, 0
0.4783228, 0.6066301, 0.5949811, 0
0.3525149, 0.5381911, 0.5304961, 0
0.5008606, 0.6024764, 0.5517086, 0
0.5168729, 0.6025214, 0.603878, 0
0.3931972, 0.5598081, 0.5747846, 0
0.3731351, 0.5653999, 0.5348676, 0
0.4815585, 0.5953366, 0.5340923, 0
0.3809171, 0.548416, 0.6262423, 0
0.4124843, 0.6217095, 0.5853967, 0
0.5100753, 0.5879611, 0.5626661, 0
0.3348105, 0.5938704, 0.6045614, 0
0.5363414, 0.6046627, 0.5773452, 0
0.3655742, 0.6262838, 0.5344459, 0
0.4879348, 0.6262804, 0.5579417, 0
0.3480817, 0.5743061, 0.6054789, 0
0.5068976, 0.6311708, 0.6580705, 0
0.3938634, 0.555059, 0.597722, 0
0.3760963, 0.5286031, 0.5949073, 0
0.3764516, 0.514717, 0.5708783, 0
0.5256037, 0.6223174, 0.5949763, 0
0.493918, 0.6211506, 0.6179805, 0
0.4883408, 0.5617682, 0.5662619, 0
0.5049767, 0.5681489, 0.6576449, 0
0.3409854, 0.552934, 0.5974183, 0
0.3103974, 0.5948033, 0.5732673, 0
0.3808657, 0.5627591, 0.5497442, 0
0.3211979, 0.6307964, 0.5766941, 0
0.3171702, 0.553552, 0.5599547, 0
0.4383277, 0.5895522, 0.6293055, 0
0.4278422, 0.5953066, 0.5407836, 0
0.5355982, 0.5698302, 0.5804715, 0
0.3582661, 0.5422459, 0.5853688, 0
0.4661772, 0.5829015, 0.5947286, 0
0.510698, 0.5347441, 0.5837827, 0
0.4761793, 0.5656246, 0.549517, 0
0.5207078, 0.6396373, 0.6130685, 0
0.3230374, 0.5262311, 0.5857263, 0
0.3486198, 0.5252014, 0.5395756, 0
0.3636916, 0.5723664, 0.5219553, 0
0.3215753, 0.5608647, 0.6072299, 0
0.4708233, 0.6080902, 0.557464, 0
0.4869542, 0.6382244, 0.5854473, 0
0.5217924, 0.5645124, 0.6573229, 0
0.4731733, 0.6249655, 0.6274804, 0
0.3126347, 0.5777675, 0.5746084, 0
0.5057973, 0.5652956, 0.6586868, 0
0.457112, 0.6033213, 0.5439824, 0
0.426937, 0.6201788, 0.6133078, 0
0.4284477, 0.5951418, 0.6378984, 0
0.3116619, 0.585339, 0.6275757, 0
0.4383946, 0.6086219, 0.5665951, 0
0.3836683, 0.5957889, 0.5639318, 0
0.4562361, 0.5800716, 0.6251171, 0
0.3814875, 0.5573705, 0.5948486, 0
0.3696629, 0.5992683, 0.5572162, 0
0.3696093, 0.6314309, 0.5643635, 0
0.493995, 0.5681869, 0.6001065, 0
0.375275, 0.599636, 0.5346361, 0
0.3785488, 0.5919281, 0.5702173, 0
0.3624181, 0.6115078, 0.6317388, 0
0.4344473, 0.5280976, 0.6107617, 0
0.4966316, 0.5464565, 0.5587876, 0
0.4704216, 0.553722, 0.5474375, 0
0.4187016, 0.5483688, 0.5337097, 0
0.4179396, 0.6401049, 0.5992927, 0
0.5354632, 0.5966794, 0.5699187, 0
0.5162352, 0.6126224, 0.5645996, 0
0.3357314, 0.5652669, 0.516117, 0
0.428073, 0.5995452, 0.5697931, 0
0.4835177, 0.638412, 0.5930713, 0
0.5184262, 0.6451301, 0.5700269, 0
0.4062787, 0.5583369, 0.5980199, 0
0.3822078, 0.5773743, 0.6305572, 0
0.3918157, 0.564522, 0.627548, 0
0.4028716, 0.5898888, 0.5580252, 0
0.4302094, 0.6002197, 0.6330594, 0
0.3866678, 0.5868738, 0.5310582, 0
0.5116028, 0.6165977, 0.6223508, 0
0.460084, 0.6152603, 0.6128971, 0
0.3352131, 0.555671, 0.5080671, 0
0.5025457, 0.6523406, 0.6064906, 0
0.3284977, 0.5826827, 0.5787256, 0
0.443047, 0.5898013, 0.5987076, 0
0.4984458, 0.6340565, 0.6485778, 0
0.3950995, 0.5186028, 0.5952888, 0
0.5004281, 0.5489158, 0.5736679, 0
0.3078453, 0.5818895, 0.5943722, 0
0.3680573, 0.62933, 0.5879272, 0
0.4946249, 0.5709216, 0.6014881, 0
0.3993126, 0.5630379, 0.5420221, 0
0.3924884, 0.5395093, 0.6179906, 0
0.4264388, 0.6308246, 0.5952212, 0
0.4944243, 0.5507876, 0.5537875, 0
0.5189755, 0.580217, 0.5783732, 0
0.4954214, 0.5952778, 0.6382365, 0
0.5032122, 0.5588301, 0.5830755, 0
0.34833, 0.6002237, 0.5597289, 0
0.4699194, 0.6435577, 0.6090864, 0
0.5152412, 0.5786577, 0.6632465, 0
0.3603148, 0.5729599, 0.6058871, 0
0.3331742, 0.6047869, 0.557181, 0
0.3692681, 0.6146473, 0.6103017, 0
0.4748977, 0.6244123, 0.6438336, 0
0.4377333, 0.6148756, 0.6209467, 0
0.3815525, 0.5486528, 0.5569374, 0
0.5053696, 0.5777077, 0.6602077, 0
0.3207, 0.5720728, 0.5402142, 0
0.5057347, 0.5555975, 0.5623431, 0
0.4150343, 0.5473694, 0.634858, 0
0.3321394, 0.5238621, 0.5308435, 0
0.4958263, 0.6530239, 0.5978338, 0
0.4428556, 0.5414572, 0.6217983, 0
0.3568411, 0.6099421, 0.6146421, 0
0.3754647, 0.5653136, 0.6022338, 0
0.3631606, 0.5849997, 0.6373926, 0
0.3670405, 0.5457053, 0.5730888, 0
0.316167, 0.5238414, 0.5780271, 0
0.3384795, 0.5341839, 0.5438396, 0
0.3897018, 0.5212678, 0.5798118, 0
0.3001534, 0.6041788, 0.6071474, 0
0.3415253, 0.522323, 0.546415, 0
0.359891, 0.6330862, 0.5464675, 0
0.3544254, 0.5706157, 0.6318238, 0
0.413975, 0.585934, 0.5803282, 0
0.3613383, 0.5651295, 0.5888003, 0
0.3604789, 0.5501764, 0.588385, 0
0.3718243, 0.6218148, 0.5954164, 0
0.334761, 0.5769022, 0.5231293, 0
0.4621809, 0.6377037, 0.6259201, 0
0.4122778, 0.5517717, 0.6098638, 0
0.3996645, 0.5997137, 0.5516068, 0
0.3403845, 0.6106525, 0.5247393, 0
0.4014633, 0.5480859, 0.5331241, 0
0.4804553, 0.6079949, 0.6376746, 0
0.3370342, 0.5845913, 0.6235921, 0
0.3121417, 0.5382099, 0.6170776, 0
0.4619785, 0.6481138, 0.6203484, 0
0.3511052, 0.5423407, 0.5468996, 0
0.4385777, 0.6332591, 0.6111385, 0
0.4799327, 0.5471368, 0.598855, 0
0.4792537, 0.6043153, 0.5488449, 0
0.3456137, 0.5594536, 0.5070402, 0
0.3380381, 0.5286627, 0.5866126, 0
0.425222, 0.6396563, 0.5887766, 0
0.3901191, 0.6316504, 0.5680864, 0
0.4897139, 0.5636936, 0.646589, 0
0.3634205, 0.6100652, 0.6172904, 0
0.53066, 0.6212448, 0.5865933, 0
0.3556028, 0.5677054, 0.5941699, 0
0.3314815, 0.524509, 0.5654716, 0
0.4168248, 0.6360012, 0.6051217, 0
0.4690332, 0.5716506, 0.5537506, 0
0.4121335, 0.5603688, 0.597133, 0
0.355395, 0.5957154, 0.5570207, 0
0.4725594, 0.5858504, 0.6615309, 0
0.3090318, 0.5974541, 0.5956115, 0
0.5125051, 0.6367013, 0.5723124, 0
0.4340988, 0.6493053, 0.572395, 0
0.4786038, 0.6145312, 0.5480546, 0
0.3271652, 0.545522, 0.536747, 0
0.4344431, 0.609242, 0.6096235, 0
0.3363457, 0.595316, 0.5682803, 0
0.375617, 0.5823971, 0.6167263, 0
0.4132485, 0.583359, 0.5564758, 0
0.357757, 0.5169975, 0.5450106, 0
0.4795283, 0.5354744, 0.5685576, 0
0.350643, 0.5498124, 0.5714372, 0
0.5107964, 0.6244224, 0.598479, 0
0.3493201, 0.5962132, 0.5554488, 0
0.3258462, 0.5445146, 0.6000745, 0
0.3332109, 0.544104, 0.5724149, 0
0.4707693, 0.5409946, 0.6134837, 0
0.4744103, 0.5579928, 0.5560343, 0
0.5141345, 0.5757395, 0.644725, 0
0.5259169, 0.5874106, 0.608266, 0
0.4420623, 0.5770882, 0.628442, 0
0.3367096, 0.5800464, 0.6234208, 0
0.3782262, 0.5955406, 0.5303535, 0
0.4001756, 0.5816228, 0.6219386, 0
0.3261255, 0.5367194, 0.5843014, 0
0.4538782, 0.5252836, 0.5895107, 0
0.4488658, 0.5424131, 0.6244979, 0
0.3472309, 0.5305192, 0.6167004, 0
0.3724531, 0.6397496, 0.5960273, 0
0.4442196, 0.5407525, 0.5826172, 0
0.4036154, 0.6001081, 0.5520732, 0
0.3068087, 0.5670965, 0.5978738, 0
0.4652295, 0.5650415, 0.657296, 0
0.4745605, 0.587247, 0.5359439, 0
0.4474795, 0.5543948, 0.5897565, 0
0.4037254, 0.6072895, 0.5708671, 0
0.5173262, 0.5371643, 0.5962496, 0
0.4285089, 0.6077344, 0.6169632, 0
0.3078837, 0.5746545, 0.5963264, 0
0.3556692, 0.6227459, 0.5884186, 0
0.3118687, 0.6338968, 0.5856905, 0
0.320276, 0.5633327, 0.546806, 0
0.338173, 0.5895995, 0.5171921, 0
0.4371306, 0.5901697, 0.6387892, 0
0.4272586, 0.528634, 0.6068288, 0
0.4495029, 0.5289113, 0.6093382, 0
0.4446107, 0.6053551, 0.6347854, 0
0.4710929, 0.6125867, 0.6316772, 0
0.328239, 0.5114729, 0.5515091, 0
0.5095494, 0.6496989, 0.6283684, 0
0.4736364, 0.560181, 0.6116884, 0
0.4313899, 0.6246662, 0.6132266, 0
0.467436, 0.5451861, 0.6105316, 0
0.4551225, 0.6241139, 0.622831, 0
0.4331812, 0.632614, 0.6195483, 0
0.4150573, 0.6027975, 0.5816714, 0
0.4839409, 0.5711946, 0.5984356, 0
0.4611849, 0.5639319, 0.5951012, 0
0.3323025, 0.5813369, 0.584484, 0
0.4156534, 0.5348551, 0.5504004, 0
0.3763347, 0.5745035, 0.5512496, 0
0.4771491, 0.6529041, 0.6115254, 0
0.3530436, 0.5605841, 0.5393637, 0
0.4539254, 0.5839347, 0.5734387, 0
0.3708476, 0.5543463, 0.5917406, 0
0.3735029, 0.6177431, 0.5944262, 0
0.4124588, 0.5960702, 0.5629701, 0
0.4681227, 0.5834715, 0.6309724, 0
0.3457475, 0.5245408, 0.5349662, 0
0.4410994, 0.5575138, 0.5876455, 0
0.4415784, 0.5798496, 0.5584928, 0
0.5053083, 0.602769, 0.6159319, 0
0.4037509, 0.6054354, 0.5368831, 0
0.5168636, 0.6593939, 0.6085144, 0
0.3805664, 0.5528384, 0.5324312, 0
0.5192148, 0.581059, 0.6474319, 0
0.4464954, 0.5702425, 0.5683041, 0
0.4773426, 0.5614027, 0.6389817, 0
0.5294805, 0.5747918, 0.6124014, 0
0.3405586, 0.5518656, 0.624009, 0
0.3327869, 0.6152893, 0.5811723, 0
0.4758647, 0.5798227, 0.5914183, 0
0.4842708, 0.567305, 0.5455205, 0
0.401069, 0.5553841, 0.6219526, 0
0.3712552, 0.5227031, 0.5815122, 0
0.352907, 0.5636243, 0.508127, 0
0.33944, 0.5659738, 0.5084159, 0
0.3107398, 0.6218247, 0.6041323, 0
0.384709, 0.5443134, 0.5235127, 0
0.4692459, 0.6023631, 0.6455047, 0
0.4269819, 0.6062648, 0.638898, 0
0.5280266, 0.6017863, 0.5699138, 0
0.3803115, 0.5847952, 0.6104442, 0
0.3858102, 0.5827637, 0.5634199, 0
0.4426462, 0.5475699, 0.6067925, 0
0.4578639, 0.5611659, 0.6246688, 0
0.3713967, 0.6086781, 0.6327193, 0
0.3983989, 0.5663123, 0.6152658, 0
0.3619368, 0.5714675, 0.5611239, 0
0.4606727, 0.6277223, 0.5834309, 0
0.3365633, 0.541957, 0.5562214, 0
0.361933, 0.552508, 0.5627883, 0
0.4917193, 0.5544224, 0.5595033, 0
0.3351184, 0.5717363, 0.5543373, 0
0.4522497, 0.6077106, 0.6312599, 0
0.4764956, 0.5890536, 0.537193, 0
0.4852692, 0.6133181, 0.6111082, 0
0.4681923, 0.5637143, 0.5631029, 0
0.3863829, 0.5540825, 0.6068592, 0
0.4693975, 0.5331617, 0.5900097, 0
0.352614, 0.5668351, 0.6379991, 0
0.3731874, 0.6142498, 0.5932657, 0
0.5174571, 0.617111, 0.642015, 0
0.402997, 0.6014699, 0.6271073, 0
0.3175556, 0.6152672, 0.5556284, 0
0.5353137, 0.6029834, 0.5618348, 0
0.464374, 0.5618566, 0.5916891, 0
0.4845169, 0.5853263, 0.5400515, 0
0.4080196, 0.5872347, 0.6318737, 0
0.3924846, 0.5244009, 0.6128063, 0
0.3625595, 0.5423973, 0.5681821, 0
0.4182758, 0.5955186, 0.6030699, 0
0.476015, 0.630771, 0.6206166, 0
0.3123389, 0.5604416, 0.5715599, 0
0.3431895, 0.5763679, 0.5929953, 0
0.4250273, 0.5380874, 0.5795155, 0
0.4262401, 0.5780948, 0.6503782, 0
0.3925018, 0.6061751, 0.5657976, 0
0.3474115, 0.5831928, 0.5351132, 0
0.4195401, 0.5637028, 0.6210611, 0
0.3774016, 0.5728993, 0.6199365, 0
0.400517, 0.6134668, 0.5538229, 0
0.3624903, 0.5440093, 0.5591331, 0
0.4105683, 0.576125, 0.6436156, 0
0.3938901, 0.6031229, 0.5519903, 0
0.349436, 0.5449262, 0.5109525, 0
0.4645857, 0.5608966, 0.5403479, 0
0.4749027, 0.550885, 0.6227447, 0
0.3180441, 0.5245197, 0.5853588, 0
0.4193382, 0.5833136, 0.5207571, 0
0.5080701, 0.6125026, 0.5756102, 0
0.5132426, 0.5899681, 0.5670699, 0
0.5121771, 0.6581383, 0.6036118, 0
0.4582806, 0.5957498, 0.5454622, 0
0.415863, 0.5702502, 0.6262763, 0
0.3903554, 0.5262713, 0.5981663, 0
0.4550554, 0.6011299, 0.6451718, 0
0.5258389, 0.5866901, 0.6123526, 0
0.3467943, 0.6316439, 0.5653177, 0
0.4287187, 0.6167243, 0.5969399, 0
0.5269748, 0.5778437, 0.5605109, 0
0.3243273, 0.5909143, 0.6047221, 0
0.3729102, 0.5325891, 0.5442919, 0
0.3390906, 0.5670546, 0.5775887, 0
0.308214, 0.5638434, 0.5981795, 0
0.3787269, 0.6180434, 0.5498127, 0
0.4048139, 0.6370405, 0.5595392, 0
0.4640321, 0.5912316, 0.5623628, 0
0.429633, 0.5841082, 0.5319851, 0
0.4080604, 0.6040671, 0.5503589, 0
0.3359421, 0.6286725, 0.5646586, 0
0.4500127, 0.5639149, 0.628371, 0
0.4742672, 0.6520789, 0.5822683, 0
0.4817073, 0.5862842, 0.5751626, 0
0.4118853, 0.5596699, 0.6296154, 0
0.4519081, 0.5701505, 0.5484694, 0
0.371102, 0.6207089, 0.6023241, 0
0.3492944, 0.5745447, 0.5216572, 0
0.4831097, 0.6141386, 0.5586053, 0
0.4556736, 0.5540125, 0.5581427, 0
0.4517371, 0.5595061, 0.5794492, 0
0.3282201, 0.5942984, 0.5213438, 0
0.4549516, 0.5863808, 0.571797, 0
0.3977731, 0.6128718, 0.5771092, 0
0.3436438, 0.5860118, 0.5082914, 0
0.2989724, 0.6277376, 0.5924942, 0
0.4849915, 0.560545, 0.5452187, 0
0.492413, 0.6011267, 0.6167278, 0
0.4297841, 0.5731638, 0.5863878, 0
0.4881715, 0.5828809, 0.5803283, 0
0.4572695, 0.6039184, 0.5595173, 0
0.5044636, 0.641914, 0.6502484, 0
0.330426, 0.5524457, 0.5776119, 0
0.3056675, 0.6200814, 0.5903262, 0
0.5034313, 0.6254493, 0.6496893, 0
0.4075663, 0.6289349, 0.624211, 0
0.3824264, 0.563435, 0.6049132, 0
0.5184236, 0.5700156, 0.5626932, 0
0.3706363, 0.5635952, 0.5659546, 0
0.3307712, 0.5777287, 0.5466103, 0
0.4645585, 0.6148494, 0.6025831, 0
0.4421333, 0.5959001, 0.5654356, 0
0.390824, 0.5476329, 0.5779971, 0
0.5331956, 0.6192181, 0.584308, 0
0.4281434, 0.5536795, 0.588461, 0
0.5282892, 0.5810292, 0.5785042, 0
0.4015898, 0.5474699, 0.6145235, 0
0.5309564, 0.5878603, 0.592747, 0
0.3415031, 0.5980381, 0.576731, 0
0.3735431, 0.6016995, 0.5555965, 0
0.5116603, 0.621348, 0.5621851, 0
0.364301, 0.5834011, 0.6267307, 0
0.4827667, 0.5412861, 0.5775942, 0
0.5138142, 0.5570765, 0.5783343, 0
0.5006862, 0.538349, 0.6061158, 0
0.4890318, 0.6321053, 0.656531, 0
0.3686123, 0.6349266, 0.5634008, 0
0.3895603, 0.5635363, 0.6366581, 0
0.4946853, 0.5633524, 0.6272225, 0
0.3924135, 0.6346974, 0.621631, 0
0.3987893, 0.5493774, 0.599812, 0
0.5158123, 0.5448495, 0.5820761, 0
0.3406486, 0.5372031, 0.5528591, 0
0.4658943, 0.5636581, 0.551734, 0
0.3858025, 0.6383854, 0.6034431, 0
0.4358973, 0.6198882, 0.5501211, 0
0.3755401, 0.518691, 0.5953985, 0
0.447452, 0.5407611, 0.6318714, 0
0.3801279, 0.5348266, 0.5909856, 0
0.3743259, 0.6134797, 0.5404006, 0
0.4214595, 0.6313408, 0.6149921, 0
0.375525, 0.541213, 0.6051921, 0
0.5239826, 0.5619758, 0.6030416, 0
0.4243602, 0.5468708, 0.5781884, 0
0.3565806, 0.6083567, 0.5812341, 0
0.4904837, 0.6229885, 0.5635001, 0
0.5085176, 0.6346326, 0.6509212, 0
0.4273969, 0.5616208, 0.571557, 0
0.3350838, 0.6365119, 0.5742883, 0
0.3688731, 0.630646, 0.6112732, 0
0.4724437, 0.5322344, 0.5826996, 0
0.4143367, 0.5549621, 0.5892394, 0
0.3508326, 0.5965053, 0.5513365, 0
0.4471987, 0.6529647, 0.60825, 0
0.3603744, 0.5411518, 0.5536426, 0
0.5252733, 0.5963624, 0.5847788, 0
0.4576386, 0.6347891, 0.5964458, 0
0.503127, 0.6303059, 0.6418581, 0
0.3527056, 0.6157484, 0.5253355, 0
0.480503, 0.5780172, 0.6595556, 0
0.4607181, 0.5708473, 0.6390385, 0
0.4953294, 0.5495881, 0.6182076, 0
0.360295, 0.5337589, 0.543906, 0
0.5185867, 0.6505445, 0.6302916, 0
0.3553279, 0.5815915, 0.5516949, 0
0.3227903, 0.6298593, 0.5727758, 0
0.3610807, 0.5579993, 0.6070296, 0
0.5198853, 0.6220593, 0.6040375, 0
0.4003283, 0.587306, 0.5939374, 0
0.4794444, 0.6241713, 0.5922424, 0
0.3547049, 0.6101004, 0.6166475, 0
0.5147235, 0.5854896, 0.6001442, 0
0.4359469, 0.5354658, 0.5778901, 0
0.5318558, 0.6315162, 0.5679888, 0
0.4770239, 0.578477, 0.5930514, 0
0.3920228, 0.5415725, 0.5316261, 0
0.4092569, 0.5229415, 0.5867072, 0
0.3202147, 0.5936945, 0.5337321, 0
0.3555882, 0.5127916, 0.5827047, 0
0.3605659, 0.5543281, 0.6085317, 0
0.321267, 0.6023006, 0.5740191, 0
0.451049, 0.5861267, 0.6046689, 0
0.4437393, 0.5613869, 0.5329906, 0
0.4539282, 0.5963518, 0.6606521, 0
0.5176278, 0.5909638, 0.6420052, 0
0.3722667, 0.5797984, 0.5542339, 0
0.463, 0.6096003, 0.5358343, 0
0.3733213, 0.5698674, 0.6208202, 0
0.4228675, 0.6152567, 0.5886787, 0
0.4853638, 0.5513806, 0.6233829, 0
0.3090679, 0.5943436, 0.5745381, 0
0.5253958, 0.6163181, 0.6102946, 0
0.3184818, 0.6128904, 0.601305, 0
0.504731, 0.5856543, 0.597419, 0
0.3306191, 0.6006879, 0.5951949, 0
0.3539056, 0.5124027, 0.5781637, 0
0.3373542, 0.5966744, 0.6244364, 0
0.3813675, 0.6242333, 0.5695555, 0
0.4206701, 0.631486, 0.6071299, 0
0.4267632, 0.5945403, 0.547448, 0
0.5159721, 0.6071211, 0.5844991, 0
0.4942364, 0.5891882, 0.5995106, 0
0.3515505, 0.5835391, 0.5440869, 0
0.4554074, 0.5840374, 0.6535712, 0
0.4133238, 0.5780742, 0.5744965, 0
0.4989502, 0.6058736, 0.6374376, 0
0.3544799, 0.6199195, 0.5771866, 0
0.4646166, 0.5784251, 0.5877689, 0
0.4781114, 0.6325436, 0.5637602, 0
0.3760536, 0.5352313, 0.6113627, 0
0.3199652, 0.5350504, 0.5687933, 0
0.3423812, 0.5311289, 0.5521736, 0
0.3718422, 0.5712497, 0.5596067, 0
0.3903659, 0.627111, 0.575737, 0
0.3990994, 0.5940242, 0.5711356, 0
0.4964097, 0.6456322, 0.6215803, 0
0.4568844, 0.6145226, 0.6028849, 0
0.4915975, 0.636685, 0.5663846, 0
0.4347983, 0.5848445, 0.5848492, 0
0.4766008, 0.557282, 0.5503361, 0
0.4399204, 0.5435643, 0.5821916, 0
0.3457403, 0.5514607, 0.616773, 0
0.3817029, 0.520414, 0.5652548, 0
0.5015037, 0.6384814, 0.6510871, 0
0.5018237, 0.5532677, 0.5967425, 0
0.4583383, 0.5481946, 0.6071818, 0
0.4395708, 0.5431923, 0.5645512, 0
0.515386, 0.6308768, 0.5583013, 0
0.4715905, 0.5910814, 0.546209, 0
0.4492061, 0.6288229, 0.5965176, 0
0.4896415, 0.5415097, 0.6290806, 0
0.5125937, 0.5411605, 0.6336122, 0
0.3981048, 0.6205056, 0.6128634, 0
0.4073053, 0.5339861, 0.6084527, 0
0.4207964, 0.5378416, 0.6048238, 0
0.3527913, 0.5910387, 0.5401847, 0
0.4846135, 0.6415604, 0.6335271, 0
0.4171438, 0.6018676, 0.6083632, 0
0.3293576, 0.5310566, 0.5225021, 0
0.4150116, 0.5727394, 0.5312182, 0
0.5362032, 0.5586032, 0.5713071, 0
0.4333613, 0.5463695, 0.5911234, 0
0.4717864, 0.5552957, 0.5537553, 0
0.4391713, 0.5383988, 0.5567307, 0
0.4267561, 0.5711737, 0.558767, 0
0.4140999, 0.6133425, 0.6001113, 0
0.3247407, 0.5762344, 0.5521009, 0
0.3294034, 0.6087406, 0.5605091, 0
0.3358744, 0.5903983, 0.5853543, 0
0.5038149, 0.5992184, 0.5686429, 0
0.3352227, 0.5369021, 0.591408, 0
0.5232515, 0.637551, 0.5887626, 0
0.4111778, 0.6041031, 0.5955584, 0
0.3741171, 0.6302813, 0.5578825, 0
0.3686846, 0.556039, 0.5919731, 0
0.337691, 0.5933598, 0.5840223, 0
0.4531445, 0.5621629, 0.6204095, 0
0.3269564, 0.5531365, 0.6145108, 0
0.3508673, 0.6258504, 0.5848736, 0
0.5022461, 0.5899791, 0.5816701, 0
0.4043651, 0.5520763, 0.536249, 0
0.4437774, 0.5870426, 0.6134939, 0
0.3736542, 0.5740684, 0.5722015, 0
0.4549896, 0.6175335, 0.6232982, 0
0.5334255, 0.6134705, 0.5618365, 0
0.510257, 0.6064212, 0.5949849, 0
0.3131995, 0.5631052, 0.6266032, 0
0.5326988, 0.5921196, 0.5923867, 0
0.5088802, 0.5865176, 0.6635052, 0
0.4741848, 0.6058027, 0.5846865, 0
0.4782041, 0.586781, 0.5480238, 0
0.3494683, 0.6192309, 0.6203859, 0
0.4647308, 0.6241451, 0.638862, 0
0.4874, 0.6184341, 0.5611749, 0
0.3274241, 0.6057229, 0.5485272, 0
0.3884669, 0.5579785, 0.5926397, 0
0.3735183, 0.5588256, 0.6004397, 0
0.3892325, 0.5560123, 0.6323828, 0
0.3521971, 0.5808284, 0.5342768, 0
0.5203938, 0.5400877, 0.6381295, 0
0.5047005, 0.5600862, 0.6429145, 0
0.3869114, 0.6195063, 0.6336064, 0
0.391219, 0.5201671, 0.5644167, 0
0.4316319, 0.607621, 0.6125373, 0
0.4112648, 0.6098592, 0.5249115, 0
0.3628502, 0.5838122, 0.5951728, 0
0.5129012, 0.6514447, 0.5710977, 0
0.4133748, 0.6083077, 0.5271533, 0
0.4778993, 0.5902842, 0.6513685, 0
0.3618314, 0.5799374, 0.570848, 0
0.3343045, 0.5369443, 0.5147097, 0
0.4700339, 0.5387565, 0.6176569, 0
0.4700127, 0.5923378, 0.6229846, 0
0.4863799, 0.6231238, 0.6212416, 0
0.3604965, 0.5772773, 0.5383102, 0
0.3678118, 0.6230026, 0.5409251, 0
0.4274763, 0.5936756, 0.5604761, 0
0.4118351, 0.5352528, 0.6116049, 0
0.3256526, 0.5962154, 0.5796309, 0
0.4351061, 0.5570483, 0.532055, 0
0.4316689, 0.5276989, 0.6017905, 0
0.3486976, 0.5527532, 0.6250638, 0
0.4549588, 0.5913166, 0.5287235, 0
0.4391181, 0.6476736, 0.592324, 0
0.4348719, 0.6193808, 0.541451, 0
0.4373903, 0.5869367, 0.6459873, 0
0.3596412, 0.5699088, 0.5189789, 0
0.380363, 0.5717469, 0.5611752, 0
0.3930753, 0.5485423, 0.5710354, 0
0.5005304, 0.6158534, 0.5914214, 0
0.3651729, 0.5762809, 0.5828493, 0
0.3789573, 0.5205082, 0.5984412, 0
0.4392688, 0.5525823, 0.6270795, 0
0.4839595, 0.5894604, 0.5699961, 0
0.4897838, 0.5761057, 0.6108114, 0
0.4786517, 0.6471003, 0.5649652, 0
0.3757116, 0.6430243, 0.568029, 0
0.383342, 0.5663019, 0.5680093, 0
0.4548674, 0.6268976, 0.6231397, 0
0.4855307, 0.5460162, 0.604733, 0
0.4683941, 0.5893315, 0.5898218, 0
0.4735142, 0.5830239, 0.6284591, 0
0.3414927, 0.6100827, 0.5938194, 0
0.4024227, 0.6186861, 0.5433198, 0
0.3777492, 0.5219342, 0.5591609, 0
0.5003447, 0.5700655, 0.6388267, 0
0.3490191, 0.5751669, 0.6071162, 0
0.4533688, 0.6162395, 0.6386749, 0
0.478327, 0.5797765, 0.636575, 0
0.3167707, 0.5528625, 0.612457, 0
0.4303405, 0.5827006, 0.5249822, 0
0.5011578, 0.5908133, 0.6480429, 0
0.4374792, 0.608151, 0.6052704, 0
0.3493586, 0.5386528, 0.6218184, 0
0.4682674, 0.6239848, 0.5668736, 0
0.4688988, 0.5719857, 0.5826768, 0
0.5107822, 0.5998718, 0.6698017, 0
0.404712, 0.6230824, 0.5907044, 0
0.3785878, 0.6268713, 0.5620789, 0
0.4972921, 0.5963235, 0.605304, 0
0.3986363, 0.5640362, 0.6307198, 0
0.3402975, 0.6062707, 0.5432764, 0
0.5160013, 0.6044935, 0.5839838, 0
0.4370629, 0.6414644, 0.5741233, 0
0.4599183, 0.5614243, 0.54301, 0
0.4405598, 0.5409235, 0.6140688, 0
0.4319023, 0.5436943, 0.5546377, 0
0.3537393, 0.5171934, 0.5414745, 0
0.412501, 0.5851889, 0.646653, 0
0.4619614, 0.5408427, 0.560932, 0
0.3944819, 0.5742551, 0.6282217, 0
0.5373999, 0.5466148, 0.595396, 0
0.3258145, 0.602947, 0.5879809, 0
0.4100314, 0.6111799, 0.61741, 0
0.4386834, 0.5715145, 0.6059144, 0
0.4387643, 0.5451003, 0.5474569, 0
0.3713506, 0.625429, 0.6055119, 0
0.3416117, 0.5457056, 0.530091, 0
0.4237166, 0.6223443, 0.5496479, 0
0.4784357, 0.6412374, 0.5560456, 0
0.4809857, 0.5992789, 0.5814231, 0
0.4407927, 0.6297288, 0.6302955, 0
0.4643263, 0.5429161, 0.6347059, 0
0.4685872, 0.6036823, 0.5602275, 0
0.4137942, 0.5930251, 0.5593961, 0
0.3307519, 0.6086463, 0.5387662, 0
0.4634261, 0.5742761, 0.5924346, 0
0.4029258, 0.5728012, 0.535621, 0
0.5150318, 0.6080748, 0.551505, 0
0.4455554, 0.5936868, 0.5759215, 0
0.4335012, 0.6154063, 0.5708073, 0
0.4502757, 0.6385043, 0.5839105, 0
0.3687872, 0.6056201, 0.5946715, 0
0.4773282, 0.5946879, 0.5993888, 0
0.4002217, 0.564377, 0.5876233, 0
0.3490711, 0.5471535, 0.6152177, 0
0.3876899, 0.6085203, 0.5742909, 0
0.3662151, 0.5306793, 0.5905752, 0
0.429655, 0.5539528, 0.6163005, 0
0.4017512, 0.6236382, 0.5952101, 0
0.4733089, 0.6113611, 0.5545681, 0
0.4504704, 0.6093724, 0.5358102, 0
0.5266318, 0.5733386, 0.5633045, 0
0.337097, 0.6033928, 0.5915766, 0
0.402328, 0.5605141, 0.6088768, 0
0.3515501, 0.5414989, 0.6195154, 0
0.4957502, 0.6239915, 0.5756088, 0
0.3297743, 0.6101097, 0.5975531, 0
0.4162984, 0.599021, 0.5409736, 0
0.405986, 0.5248309, 0.5958952, 0
0.4717519, 0.5986171, 0.5680829, 0
0.3261392, 0.5174685, 0.557301, 0
0.3756383, 0.5982002, 0.556783, 0
0.3167058, 0.5585879, 0.6195773, 0
0.3259689, 0.5381203, 0.5830409, 0
0.3376678, 0.5243308, 0.5411174, 0
0.4914599, 0.5967058, 0.5615242, 0
0.3246539, 0.5705944, 0.5881816, 0
0.4271111, 0.6403516, 0.5961213, 0
0.500434, 0.6051486, 0.6472372, 0
0.4635029, 0.5858858, 0.6010946, 0
0.3463061, 0.5667309, 0.564577, 0
0.4232064, 0.617615, 0.559268, 0
0.4267758, 0.5483775, 0.5887721, 0
0.4513543, 0.6126417, 0.5592799, 0
0.4020958, 0.5337368, 0.5756302, 0
0.4900451, 0.6154753, 0.6315836, 0
0.4754799, 0.5720442, 0.5883358, 0
0.470499, 0.5748995, 0.5547859, 0
0.3179842, 0.5584434, 0.5901524, 0
0.3690692, 0.5281016, 0.5917265, 0
0.4617913, 0.597421, 0.6483366, 0
0.3545624, 0.517707, 0.5799259, 0
0.4354742, 0.582086, 0.5322701, 0
0.4528736, 0.5979973, 0.5440991, 0
0.3525041, 0.5311165, 0.587786, 0
0.3988388, 0.5658001, 0.6050255, 0
0.4636709, 0.5443372, 0.5644282, 0
0.4056708, 0.5970156, 0.6017426, 0
0.4667191, 0.622301, 0.6376688, 0
0.3973386, 0.6237318, 0.614017, 0
0.369623, 0.5592467, 0.5668887, 0
0.4997807, 0.6434373, 0.5687259, 0
0.382912, 0.6215802, 0.5868583, 0
0.4715414, 0.5346073, 0.593804, 0
0.5165066, 0.6124511, 0.6411825, 0
0.4546398, 0.5592812, 0.5353025, 0
0.4593203, 0.5977084, 0.6225892, 0
0.4515348, 0.628497, 0.6098611, 0
0.4601066, 0.5662615, 0.6083745, 0
0.455327, 0.6325564, 0.5719178, 0
0.4545098, 0.6195776, 0.6417563, 0
0.4052531, 0.518623, 0.5777976, 0
0.4375738, 0.5711528, 0.5404379, 0
0.4060446, 0.6303101, 0.612431, 0
0.4852122, 0.5942901, 0.6254277, 0
0.4678345, 0.6561875, 0.599135, 0
0.4277616, 0.5773984, 0.5916919, 0
0.5207735, 0.5323082, 0.6126053, 0
0.4621394, 0.5977647, 0.5489361, 0
0.3740848, 0.6436234, 0.5697705, 0
0.3459988, 0.5237138, 0.5426627, 0
0.449203, 0.6121894, 0.5351181, 0
0.4757131, 0.5377879, 0.5833648, 0
0.3923416, 0.614146, 0.636561, 0
0.5147604, 0.5497232, 0.5884708, 0
0.4574386, 0.5928903, 0.5552973, 0
0.3268671, 0.5321597, 0.5613217, 0
0.4831201, 0.5914647, 0.6285798, 0
0.3386685, 0.5654832, 0.5870992, 0
0.3945659, 0.5673492, 0.5328282, 0
0.384041, 0.5793079, 0.6153856, 0
0.3772243, 0.5910742, 0.6324109, 0
0.4954849, 0.5972081, 0.5730774, 0
0.4187277, 0.5347478, 0.5657671, 0
0.4710767, 0.6054789, 0.5682831, 0
0.4908317, 0.5732833, 0.5805322, 0
0.4386014, 0.5689648, 0.6416867, 0
0.5330504, 0.5876143, 0.5994518, 0
0.4372627, 0.5581025, 0.5514649, 0
0.3678992, 0.6008247, 0.5753353, 0
0.4285032, 0.6240118, 0.6192719, 0
0.3911383, 0.6326298, 0.5583705, 0
0.4906412, 0.5712959, 0.5997651, 0
0.3582907, 0.5917368, 0.5497236, 0
0.5192347, 0.6539839, 0.5858356, 0
0.3601388, 0.6254048, 0.6108459, 0
0.4431843, 0.5606566, 0.5457779, 0
0.5006976, 0.5842797, 0.6617281, 0
0.4046518, 0.6269491, 0.6236933, 0
0.4745081, 0.6209105, 0.6161262, 0
0.4961068, 0.5859509, 0.5951971, 0
0.4871743, 0.579999, 0.5597067, 0
0.3331177, 0.5490659, 0.5813771, 0
0.542078, 0.5956433, 0.5544177, 0
0.4297338, 0.5396789, 0.6097651, 0
0.3482903, 0.6202553, 0.5768169, 0
0.4663832, 0.6091094, 0.567335, 0
0.5092616, 0.5696911, 0.6054465, 0
0.4934973, 0.5814593, 0.6634583, 0
0.3204863, 0.5790203, 0.5398082, 0
0.4896538, 0.5328716, 0.5869046, 0
0.4738427, 0.5547218, 0.5637293, 0
0.363127, 0.6313327, 0.6103918, 0
0.3202363, 0.5533864, 0.5719487, 0
0.3855898, 0.5774266, 0.5329609, 0
0.5301933, 0.5504564, 0.5688776, 0
0.4007125, 0.5804555, 0.6281295, 0
0.4465809, 0.627161, 0.5884565, 0
0.5170214, 0.5845593, 0.6195697, 0
0.3200654, 0.523769, 0.5878298, 0
0.4367686, 0.6353252, 0.5516743, 0
0.383154, 0.5518596, 0.5348509, 0
0.4490238, 0.6162128, 0.5878889, 0
0.4435821, 0.6008618, 0.6435755, 0
0.3508826, 0.5782956, 0.551594, 0
0.3531043, 0.5812004, 0.5194707, 0
0.4772004, 0.6128343, 0.5631674, 0
0.371694, 0.572148, 0.5134643, 0
0.4083893, 0.5465095, 0.5318031, 0
0.3616899, 0.5619017, 0.5368794, 0
0.357934, 0.5630253, 0.5739895, 0
0.4633999, 0.6203237, 0.6383172, 0
0.3184403, 0.5648247, 0.545691, 0
0.356052, 0.5243545, 0.5475339, 0
0.3381541, 0.5660192, 0.5604684, 0
0.3836516, 0.5572219, 0.5868562, 0
0.4879247, 0.5468462, 0.6236171, 0
0.3221441, 0.5984412, 0.5140107, 0
0.4623219, 0.6445386, 0.567121, 0
0.5321635, 0.5683848, 0.5982379, 0
0.3615491, 0.5910487, 0.5232671, 0
0.4891992, 0.6125463, 0.6478912, 0
0.4070645, 0.5902873, 0.5330161, 0
0.5085119, 0.5390431, 0.6364864, 0
0.4428472, 0.5864942, 0.5828938, 0
0.4493468, 0.5762186, 0.5603352, 0
0.4047654, 0.535818, 0.6006092, 0
0.3560125, 0.5877382, 0.5485507, 0
0.3620487, 0.5477538, 0.6318319, 0
0.3886114, 0.5561866, 0.5447428, 0
0.3469887, 0.5468609, 0.5860647, 0
0.496079, 0.602108, 0.5971291, 0
0.3589556, 0.5998649, 0.5761241, 0
0.4987296, 0.592402, 0.6685533, 0
0.5134979, 0.5592244, 0.5530307, 0
0.4082343, 0.5891182, 0.5739857, 0
0.5224602, 0.5804454, 0.6469919, 0
0.4322328, 0.5930737, 0.645216, 0
0.4166567, 0.5406712, 0.583202, 0
0.4876745, 0.5642993, 0.6257823, 0
0.4257391, 0.6473788, 0.6125359, 0
0.4148066, 0.5887216, 0.5414063, 0
0.5108596, 0.6081126, 0.5549291, 0
0.4744937, 0.6056095, 0.536948, 0
0.3717996, 0.614666, 0.6007292, 0
0.4207307, 0.5917177, 0.5669971, 0
0.3436979, 0.5625389, 0.6184805, 0
0.4237739, 0.5549631, 0.5756162, 0
0.3368977, 0.5715585, 0.6286708, 0
0.3660513, 0.5897481, 0.5166392, 0
0.5215339, 0.6077634, 0.5815632, 0
0.529786, 0.5918922, 0.5955936, 0
0.4974981, 0.5933332, 0.5678252, 0
0.3519619, 0.5973246, 0.5608248, 0
0.4595994, 0.6553586, 0.6067056, 0
0.3646872, 0.6415784, 0.5921578, 0
0.5250761, 0.5392934, 0.6017759, 0
0.5161193, 0.6543832, 0.6310241, 0
0.3457417, 0.6064265, 0.6266648, 0
0.454546, 0.579715, 0.5814672, 0
0.3490757, 0.5602079, 0.602052, 0
0.4651456, 0.5885397, 0.6127315, 0
0.5191875, 0.5867556, 0.546131, 0
0.3451011, 0.6344373, 0.5864323, 0
0.5041261, 0.6268207, 0.6043323, 0
0.5001478, 0.5873414, 0.6120706, 0
0.4477408, 0.5817875, 0.6300302, 0
0.4088809, 0.5730195, 0.5429499, 0
0.3998702, 0.5632709, 0.5956761, 0
0.386818, 0.5523744, 0.6279313, 0
0.3351039, 0.5832645, 0.5085541, 0
0.4700662, 0.5981715, 0.5941463, 0
0.4925674, 0.6352133, 0.584204, 0
0.4354084, 0.5220029, 0.5986834, 0
0.335702, 0.5273555, 0.6001914, 0
0.4154017, 0.5926461, 0.6498246, 0
0.4259931, 0.5690664, 0.6406776, 0
0.4919531, 0.5450096, 0.5922554, 0
0.4847294, 0.6053107, 0.5386611, 0
0.50034, 0.5490254, 0.6467488, 0
0.4293174, 0.6012314, 0.5421203, 0
0.5135853, 0.5918874, 0.5819406, 0
0.3617775, 0.5907205, 0.5418876, 0
0.465236, 0.6081288, 0.5529153, 0
0.5260376, 0.6131014, 0.5796202, 0
0.4582484, 0.5450683, 0.6190053, 0
0.5110111, 0.5573106, 0.6004071, 0
0.5173236, 0.6241263, 0.5833852, 0
0.3193834, 0.5377024, 0.5967813, 0
0.4351545, 0.5755118, 0.5539677, 0
0.364522, 0.5701232, 0.5988148, 0
0.4190796, 0.5637406, 0.6139459, 0
0.3616576, 0.5397452, 0.5780247, 0
0.5062162, 0.6407637, 0.5891837, 0
0.4462295, 0.6022464, 0.6502939, 0
0.4827625, 0.6457092, 0.5692658, 0
0.4908552, 0.58055, 0.6013533, 0
0.5235392, 0.5568045, 0.5606284, 0
0.4248345, 0.6093781, 0.6304041, 0
0.3461918, 0.5593112, 0.6278225, 0
0.4621195, 0.5638923, 0.6158472, 0
0.4051759, 0.6147659, 0.5347288, 0
0.5097489, 0.6447886, 0.5680196, 0
0.4970283, 0.6200432, 0.6295688, 0
0.4724431, 0.5966541, 0.5868403, 0
0.4373298, 0.5324714, 0.6077157, 0
0.3269133, 0.5551962, 0.5664803, 0
0.4933618, 0.6226509, 0.5716313, 0
0.3646461, 0.5555162, 0.5374055, 0
0.4885099, 0.6363108, 0.6269989, 0
0.3359887, 0.5552838, 0.5887495, 0
0.4702519, 0.5641735, 0.6179513, 0
0.5317719, 0.5527151, 0.6149706, 0
0.440682, 0.5642311, 0.5298976, 0
0.3726075, 0.5391045, 0.5993699, 0
0.3245162, 0.5355424, 0.5380918, 0
0.3627104, 0.5903919, 0.5863768, 0
0.4688874, 0.5565549, 0.5765826, 0
0.365786, 0.6167006, 0.6218701, 0
0.4694073, 0.5624262, 0.586921, 0
0.3479109, 0.5771991, 0.6266758, 0
0.4077463, 0.5506949, 0.6189373, 0
0.467584, 0.5968401, 0.58608, 0
0.4453783, 0.5961271, 0.6397591, 0
0.3502941, 0.5870827, 0.5800495, 0
0.4407512, 0.612771, 0.5314457, 0
0.3291996, 0.6376587, 0.5612947, 0
0.3760523, 0.5889016, 0.6084194, 0
0.3233887, 0.5851393, 0.5851265, 0
0.4487244, 0.554139, 0.5670971, 0
0.4105812, 0.5735286, 0.5318131, 0
0.4563213, 0.5499978, 0.5943304, 0
0.3348481, 0.6028924, 0.6080156, 0
0.3714842, 0.6260657, 0.6014164, 0
0.468386, 0.6035497, 0.5647231, 0
0.5113787, 0.5938779, 0.5702997, 0
0.3896584, 0.5960295, 0.613382, 0
0.4046409, 0.5619105, 0.6060891, 0
0.5111873, 0.5655959, 0.5768004, 0
0.4124004, 0.5648111, 0.6293704, 0
0.3696049, 0.6229442, 0.5927696, 0
0.4153414, 0.6189203, 0.637236, 0
0.3329965, 0.5828093, 0.5992178, 0
0.5016425, 0.5671346, 0.5965392, 0
0.3778371, 0.5543122, 0.6171181, 0
0.3900117, 0.6208431, 0.6037289, 0
0.4585305, 0.6231008, 0.5448442, 0
0.4296085, 0.6126127, 0.5934218, 0
0.3351464, 0.6322832, 0.5449985, 0
0.3445074, 0.5635816, 0.6213025, 0
0.4564214, 0.563756, 0.6102599, 0
0.3443362, 0.6109549, 0.5236365, 0
0.3895392, 0.6195629, 0.557377, 0
0.4377409, 0.5768368, 0.6499112, 0
0.432271, 0.5808675, 0.5922657, 0
0.4045762, 0.5395721, 0.5377446, 0
0.3974698, 0.5581836, 0.5665308, 0
0.4451883, 0.5298339, 0.5746441, 0
0.5084528, 0.6046566, 0.5894522, 0
0.3740471, 0.5316435, 0.6096322, 0
0.4619536, 0.5753067, 0.5322771, 0
0.3859038, 0.5700994, 0.5687227, 0
0.4007146, 0.6083788, 0.6397298, 0
0.3943459, 0.6364628, 0.6085157, 0
0.4115192, 0.6362861, 0.563544, 0
0.3278151, 0.5396034, 0.5243686, 0
0.3490928, 0.5720427, 0.5920934, 0
0.4429539, 0.5514787, 0.6201752, 0
0.496672, 0.6542083, 0.6288118, 0
0.4566934, 0.5589429, 0.5685784, 0
0.3243365, 0.6101546, 0.6128552, 0
0.4345554, 0.5689936, 0.6155609, 0
0.487175, 0.556145, 0.6410948, 0
0.3710209, 0.5624185, 0.571763, 0
0.4757495, 0.5836383, 0.6280023, 0
0.3814328, 0.5346688, 0.577931, 0
0.4743276, 0.6437111, 0.6157374, 0
0.3791223, 0.5747694, 0.6392685, 0
0.4633002, 0.6416065, 0.5921319, 0
0.3387034, 0.5830163, 0.6214283, 0
0.4576442, 0.5915365, 0.5539478, 0
0.4560719, 0.6074539, 0.5662364, 0
0.3741904, 0.5646775, 0.5570146, 0
0.3901876, 0.6243343, 0.5879416, 0
0.3246957, 0.5629681, 0.6120607, 0
0.4015414, 0.6184919, 0.5531037, 0
0.3350559, 0.565037, 0.5387383, 0
0.4080338, 0.5795132, 0.6118995, 0
0.4102274, 0.5806075, 0.6288954, 0
0.315412, 0.5611946, 0.5973601, 0
0.417282, 0.5500723, 0.589718, 0
0.3196273, 0.5958442, 0.5878659, 0
0.4668283, 0.5941817, 0.6611872, 0
0.4155906, 0.6372296, 0.621559, 0
0.3096648, 0.5920972, 0.5895745, 0
0.5195996, 0.6005418, 0.5983387, 0
0.5134271, 0.5368639, 0.5867586, 0
0.473239, 0.6396728, 0.6239554, 0
0.4822516, 0.5931767, 0.6212416, 0
0.3336361, 0.5319253, 0.5577691, 0
0.4296974, 0.595491, 0.6264434, 0
0.4393957, 0.6342326, 0.6001278, 0
0.403406, 0.5314947, 0.5438862, 0
0.346287, 0.5795903, 0.5600952, 0
0.4790888, 0.5535069, 0.5677618, 0
0.5259192, 0.5506235, 0.6418509, 0
0.360842, 0.5454786, 0.5749325, 0
0.5049369, 0.5637398, 0.6174913, 0
0.4280577, 0.5443481, 0.560791, 0
0.371917, 0.5900728, 0.6377927, 0
0.4473647, 0.5556223, 0.5936475, 0
0.3641845, 0.5558032, 0.6122371, 0
0.3659198, 0.5815584, 0.5850692, 0
0.5060956, 0.6035801, 0.6522083, 0
0.4244512, 0.5885673, 0.5512269, 0
0.417293, 0.6042309, 0.5257343, 0
0.5165348, 0.6100103, 0.555712, 0
0.3542888, 0.570948, 0.6375101, 0
0.4521435, 0.5933233, 0.5339624, 0
0.3331536, 0.542126, 0.5684901, 0
0.5244029, 0.6230187, 0.5693896, 0
0.3921456, 0.5547368, 0.5722883, 0
0.3279841, 0.5607746, 0.586704, 0
0.5091693, 0.6452214, 0.5858706, 0
0.3940394, 0.5965146, 0.6115081, 0
0.3313236, 0.546059, 0.5662366, 0
0.4296011, 0.565125, 0.6354654, 0
0.334038, 0.5365058, 0.5656836, 0
0.4770573, 0.5772587, 0.6521935, 0
0.3485741, 0.6029118, 0.6118227, 0
0.4395469, 0.5798271, 0.5279025, 0
0.4528914, 0.6041093, 0.5506322, 0
0.3203096, 0.5175233, 0.5819343, 0
0.4061446, 0.5500973, 0.5950198, 0
0.5145475, 0.5706012, 0.6166328, 0
0.520238, 0.5533805, 0.5695929, 0
0.4382316, 0.6067228, 0.634113, 0
0.4383716, 0.5381635, 0.5467877, 0
0.3610867, 0.5516514, 0.5720775, 0
0.3609423, 0.6121733, 0.5947798, 0
0.3836023, 0.6250712, 0.5469483, 0
0.5217959, 0.5809912, 0.5757421, 0
0.4907508, 0.5523164, 0.5713019, 0
0.3252318, 0.6110923, 0.5935746, 0
0.4465815, 0.5355865, 0.5758178, 0
0.4546127, 0.5637234, 0.6382479, 0
0.3891273, 0.5887364, 0.6168709, 0
0.3798269, 0.6037945, 0.6208286, 0
0.4138876, 0.6025947, 0.5738873, 0
0.4304095, 0.643681, 0.5872031, 0
0.5407605, 0.5937761, 0.5548691, 0
0.5040506, 0.6014202, 0.5991327, 0
0.3443302, 0.6229438, 0.5672335, 0
0.3433801, 0.6123928, 0.5389534, 0
0.460486, 0.5972946, 0.6392951, 0
0.4489169, 0.5569214, 0.605428, 0
0.3508686, 0.5431437, 0.614332, 0
0.3383739, 0.5798615, 0.5955911, 0
0.3998731, 0.5846478, 0.5383096, 0
0.3065839, 0.5873877, 0.6026889, 0
0.4312047, 0.6086321, 0.5590248, 0
0.3756964, 0.5669742, 0.6305255, 0
0.4132815, 0.613892, 0.537892, 0
0.5383158, 0.5880657, 0.5755593, 0
0.3373497, 0.601227, 0.5829498, 0
0.3428495, 0.5331732, 0.5960734, 0
0.3468415, 0.613333, 0.5169398, 0
0.5090389, 0.6163825, 0.5952523, 0
0.4092783, 0.5770347, 0.6135522, 0
0.3825303, 0.5657231, 0.5471575, 0
0.3651679, 0.5182918, 0.5581499, 0
0.4229676, 0.5639104, 0.627937, 0
0.4906344, 0.5666543, 0.5842673, 0
0.35872, 0.5214733, 0.5699576, 0
0.4852721, 0.5722737, 0.5950332, 0
0.5187421, 0.5482941, 0.6069344, 0
0.4458008, 0.53974, 0.619837, 0
0.3507419, 0.6143546, 0.6034716, 0
0.5219117, 0.6061229, 0.5793796, 0
0.4827092, 0.6377167, 0.5675604, 0
0.373411, 0.5698243, 0.5783135, 0
0.4122257, 0.5924978, 0.5634535, 0
0.4171047, 0.5570461, 0.5603385, 0
0.3677869, 0.5604193, 0.587111, 0
0.3560838, 0.5173239, 0.5872728, 0
0.3183385, 0.550066, 0.624904, 0
0.4262941, 0.5971735, 0.5787244, 0
0.4943215, 0.5746598, 0.660248, 0
0.3527787, 0.5574231, 0.5117378, 0
0.4448302, 0.600185, 0.5570136, 0
0.4752811, 0.6000372, 0.6355636, 0
0.4209419, 0.5605697, 0.5390419, 0
0.4425177, 0.5380934, 0.6344982, 0
0.3902183, 0.5862727, 0.564546, 0
0.5118349, 0.639508, 0.6375569, 0
0.5259539, 0.574437, 0.6203864, 0
0.3453505, 0.5437214, 0.5235364, 0
0.4141409, 0.5489576, 0.6237993, 0
0.3318424, 0.5236538, 0.5425755, 0
0.4488758, 0.6262943, 0.6433987, 0
0.5082845, 0.5406489, 0.6401314, 0
0.51347, 0.5408164, 0.5985264, 0
0.3731237, 0.5978243, 0.5920556, 0
0.4008299, 0.5263303, 0.5657369, 0
0.3531677, 0.555424, 0.5585823, 0
0.4188177, 0.5417539, 0.5423349, 0
0.3957229, 0.5896913, 0.560645, 0
0.4292473, 0.6235653, 0.6296669, 0
0.3425346, 0.5623559, 0.5741125, 0
0.4309547, 0.636752, 0.6077658, 0
0.4670407, 0.6393688, 0.5890098, 0
0.3766192, 0.5938926, 0.5341087, 0
0.4535364, 0.6059138, 0.6176454, 0
0.371675, 0.5199536, 0.545819, 0
0.5178958, 0.628111, 0.5918971, 0
0.3297021, 0.589668, 0.614801, 0
0.4800207, 0.531576, 0.5754734, 0
0.4477742, 0.5562227, 0.611522, 0
0.357619, 0.5874758, 0.5293554, 0
0.4373039, 0.6091462, 0.6041027, 0
0.3825745, 0.5998365, 0.594955, 0
0.3887756, 0.6027035, 0.6192298, 0
0.3713782, 0.552698, 0.5149203, 0
0.3535579, 0.5788316, 0.5828927, 0
0.3888136, 0.6077724, 0.6308573, 0
0.4814311, 0.5924098, 0.5966331, 0
0.4584359, 0.5703674, 0.6146299, 0
0.3423011, 0.5287559, 0.560261, 0
0.3887453, 0.6198564, 0.5638514, 0
0.3601275, 0.5387194, 0.5626342, 0
0.3236568, 0.5547114, 0.6094944, 0
0.3888453, 0.6053171, 0.5682221, 0
0.4963365, 0.6186297, 0.5768538, 0
0.4428539, 0.5922173, 0.5371836, 0
0.3580692, 0.5556089, 0.5806852, 0
0.3664916, 0.5710441, 0.5836245, 0
0.4276713, 0.5846774, 0.5256772, 0
0.508409, 0.5832765, 0.6591486, 0
0.5254485, 0.598469, 0.5579169, 0
0.4391696, 0.6016653, 0.5411943, 0
0.4171334, 0.627912, 0.5893829, 0
0.3565382, 0.574619, 0.5169142, 0
0.3681558, 0.5877643, 0.5949896, 0
0.5007926, 0.6318349, 0.618858, 0
0.4144869, 0.624994, 0.5372173, 0
0.3305608, 0.5575998, 0.5245298, 0
0.4697099, 0.6277247, 0.559052, 0
0.3992812, 0.5756874, 0.5516692, 0
0.4889659, 0.6169214, 0.5781481, 0
0.3152961, 0.5997851, 0.5827219, 0
0.4647591, 0.5391135, 0.5850563, 0
0.3649339, 0.6130806, 0.5264164, 0
0.353479, 0.5807166, 0.5379751, 0
0.3918714, 0.6131945, 0.5815274, 0
0.5127341, 0.5522016, 0.6017772, 0
0.3348428, 0.6189018, 0.5404361, 0
0.4949372, 0.598564, 0.5431822, 0
0.4544988, 0.649386, 0.5815883, 0
0.4073461, 0.549489, 0.5946842, 0
0.4614083, 0.6379957, 0.5975963, 0
0.528589, 0.6017306, 0.5750698, 0
0.481823, 0.6046545, 0.5671038, 0
0.4697192, 0.5862166, 0.5766617, 0
0.5217308, 0.6597264, 0.5960683, 0
0.4107541, 0.5488079, 0.5844365, 0
0.4710999, 0.573912, 0.6500842, 0
0.5000015, 0.630769, 0.5699568, 0
0.5221472, 0.5656502, 0.6131466, 0
0.4154815, 0.6210307, 0.5724778, 0
0.5228572, 0.5904601, 0.574514, 0
0.3639578, 0.5844977, 0.5317008, 0
0.4370577, 0.6355743, 0.5910409, 0
0.4205135, 0.5698448, 0.5251029, 0
0.3512337, 0.6083266, 0.5468973, 0
0.3351688, 0.5962796, 0.5741062, 0
0.3368395, 0.611957, 0.604372, 0
0.3567721, 0.6141276, 0.6136705, 0
0.524282, 0.6159869, 0.5645782, 0
0.3960598, 0.5448031, 0.5738698, 0
0.4214121, 0.6140935, 0.5513063, 0
0.3678648, 0.5425516, 0.6095044, 0
0.3802424, 0.5622342, 0.5897063, 0
0.446665, 0.6306611, 0.5973819, 0
0.3944221, 0.5559925, 0.5399835, 0
0.3365925, 0.5899026, 0.6254257, 0
0.365258, 0.5750146, 0.5782403, 0
0.331241, 0.5814422, 0.5093214, 0
0.4160672, 0.5373276, 0.5436302, 0
0.3473092, 0.5622521, 0.5368332, 0
0.469761, 0.6067166, 0.6346018, 0
0.4405241, 0.6089787, 0.651877, 0
0.485275, 0.6101143, 0.611823, 0
0.378822, 0.5207425, 0.5882826, 0
0.4144717, 0.6401437, 0.5752039, 0
0.3875616, 0.5680386, 0.6203434, 0
0.519686, 0.6224247, 0.5667019, 0
0.3603239, 0.5910786, 0.5999196, 0
0.4294573, 0.5581819, 0.5493009, 0
0.4817643, 0.6137483, 0.551586, 0
0.5276715, 0.557607, 0.6190735, 0
0.4410483, 0.5780005, 0.5403986, 0
0.3051546, 0.5999355, 0.5817055, 0
0.5015863, 0.6482638, 0.589555, 0
0.3456705, 0.5840641, 0.5809931, 0
0.4289368, 0.604118, 0.539522, 0
0.4463567, 0.5885614, 0.5937041, 0
0.3873689, 0.5952939, 0.6269141, 0
0.4268349, 0.5421422, 0.5363861, 0
0.3521968, 0.5259789, 0.5711496, 0
0.4447155, 0.5866929, 0.6310833, 0
0.5247191, 0.619203, 0.5659563, 0
0.5174291, 0.5433187, 0.6207978, 0
0.4485039, 0.5870448, 0.6318587, 0
0.440374, 0.5832313, 0.6002416, 0
0.3544076, 0.5868322, 0.5330279, 0
0.471654, 0.6306732, 0.6522492, 0
0.4616217, 0.6337964, 0.6309326, 0
0.3648497, 0.5175001, 0.5591875, 0
0.3206741, 0.5952358, 0.5423908, 0
0.5191764, 0.5500271, 0.5903851, 0
0.3793519, 0.5627965, 0.6370638, 0
0.3188766, 0.6118035, 0.6010528, 0
0.5061948, 0.5939705, 0.6248815, 0
0.3825935, 0.5537467, 0.5563788, 0
0.4145411, 0.5239795, 0.6109149, 0
0.5014723, 0.59264, 0.6024897, 0
0.4094143, 0.6004591, 0.5650911, 0
0.3826728, 0.5979544, 0.6020379, 0
0.4895401, 0.5895661, 0.6558037, 0
0.418546, 0.6030846, 0.5538724, 0
0.5306817, 0.5605363, 0.6250441, 0
0.4640852, 0.6361837, 0.6345395, 0
0.4208755, 0.6060262, 0.529748, 0
0.4588603, 0.6446185, 0.6305632, 0
0.3437672, 0.5815535, 0.5314136, 0
0.3683789, 0.619984, 0.5675857, 0
0.4666919, 0.6070015, 0.5650392, 0
0.411006, 0.6269242, 0.5383905, 0
0.3204483, 0.5991198, 0.5651535, 0
0.5012048, 0.6068175, 0.5753595, 0
0.4431241, 0.6316015, 0.6353739, 0
0.4462807, 0.5994447, 0.5631235, 0
0.5169724, 0.5472105, 0.619512, 0
0.4123995, 0.6006913, 0.5267884, 0
0.3452152, 0.6131018, 0.5894052, 0
0.4860631, 0.6120965, 0.6401967, 0
0.3796448, 0.5187031, 0.5896248, 0
0.4618086, 0.6063825, 0.58247, 0
0.4871808, 0.5456123, 0.6357049, 0
0.4728827, 0.6368124, 0.5592132, 0
0.4125406, 0.6057206, 0.5260264, 0
0.4306192, 0.6153547, 0.6285886, 0
0.4188765, 0.5699677, 0.5335299, 0
0.4482998, 0.5965184, 0.5582331, 0
0.3503138, 0.5545071, 0.5443246, 0
0.4179396, 0.5396647, 0.5506407, 0
0.4215223, 0.5886838, 0.5610715, 0
0.3054063, 0.626892, 0.5682381, 0
0.4842496, 0.5790375, 0.6499783, 0
0.4636799, 0.5516607, 0.6491721, 0
0.5144917, 0.5878562, 0.5408443, 0
0.5070583, 0.5994499, 0.582875, 0
0.4246123, 0.5386678, 0.6114688, 0
0.3501522, 0.6322766, 0.5744174, 0
0.497712, 0.5359697, 0.5969114, 0
0.463932, 0.5969929, 0.5546012, 0
0.3583566, 0.6021733, 0.5159504, 0
0.3827007, 0.5464956, 0.6135544, 0
0.4359673, 0.5740758, 0.6438438, 0
0.3276493, 0.540845, 0.6093982, 0
0.4904463, 0.6450072, 0.5911028, 0
0.5137418, 0.5357107, 0.587675, 0
0.3398153, 0.6014897, 0.597978, 0
0.3103329, 0.6325076, 0.5617203, 0
0.4852921, 0.6273023, 0.5697031, 0
0.3882678, 0.6169662, 0.6077802, 0
0.4729265, 0.6391239, 0.5940203, 0
0.3321498, 0.5273588, 0.5571062, 0
0.4139253, 0.5317214, 0.6106848, 0
0.5071673, 0.5545352, 0.6281224, 0
0.4438663, 0.5958167, 0.5635245, 0
0.3651177, 0.5598825, 0.5291135, 0
0.4926269, 0.6241106, 0.6131133, 0
0.3625638, 0.5505324, 0.520887, 0
0.4618936, 0.6072578, 0.628057, 0
0.4691953, 0.6217825, 0.5796237, 0
0.3357938, 0.6146719, 0.5261041, 0
0.410036, 0.5376692, 0.5698128, 0
0.4721536, 0.5675961, 0.562674, 0
0.4163955, 0.6032439, 0.5410424, 0
0.436985, 0.5615624, 0.6100371, 0
0.3928536, 0.5640115, 0.5586274, 0
0.4298122, 0.5866259, 0.6262211, 0
0.4568626, 0.593899, 0.5432528, 0
0.3061612, 0.615192, 0.6023952, 0
0.408881, 0.5895488, 0.5622979, 0
0.4316569, 0.5929438, 0.5851553, 0
0.4026985, 0.6109451, 0.5362248, 0
0.3718097, 0.6388435, 0.5940933, 0
0.3338728, 0.5357585, 0.5327841, 0
0.4348643, 0.5871954, 0.6162544, 0
0.5039243, 0.5923637, 0.6217859, 0
0.5056412, 0.5865608, 0.5396965, 0
0.536592, 0.5899804, 0.5455282, 0
0.330601, 0.5567788, 0.6161964, 0
0.3594611, 0.5576723, 0.5561557, 0
0.5050402, 0.5673046, 0.5751458, 0
0.3945062, 0.5657961, 0.5183021, 0
0.4839621, 0.5940828, 0.5468974, 0
0.4343968, 0.5815113, 0.6385322, 0
0.3524332, 0.5899679, 0.5581011, 0
0.3928447, 0.5552317, 0.5977272, 0
0.516201, 0.6044076, 0.6470508, 0
0.5215318, 0.6168458, 0.6189904, 0
0.3422244, 0.5142632, 0.5593973, 0
0.5291229, 0.6418545, 0.5668764, 0
0.4861638, 0.5891641, 0.6226246, 0
0.3387406, 0.5248243, 0.5727839, 0
0.4184042, 0.541644, 0.5703511, 0
0.4451918, 0.5331512, 0.5975669, 0
0.4226249, 0.5490461, 0.6091135, 0
0.4896224, 0.578041, 0.595714, 0
0.5279413, 0.5652633, 0.5619293, 0
0.4890932, 0.5669059, 0.6336746, 0
0.4903027, 0.5966939, 0.6359804, 0
0.4296702, 0.5532166, 0.5523805, 0
0.3281828, 0.5641147, 0.6037073, 0
0.3935843, 0.6058999, 0.6310562, 0
0.5008872, 0.5429776, 0.6369637, 0
0.4018017, 0.5546451, 0.5713446, 0
0.3551094, 0.5683366, 0.519598, 0
0.4553469, 0.6341825, 0.5968578, 0
0.4342514, 0.6009635, 0.6019166, 0
0.520009, 0.5467137, 0.5812154, 0
0.355628, 0.5905222, 0.6240951, 0
0.3516666, 0.5299737, 0.5338781, 0
0.3837146, 0.5488371, 0.6251015, 0
0.4553014, 0.573082, 0.6454737, 0
0.3833841, 0.6013986, 0.5571322, 0
0.350344, 0.5701858, 0.6078184, 0
0.4152544, 0.5545851, 0.5495719, 0
0.3111989, 0.6081144, 0.5887127, 0
0.3875257, 0.5581116, 0.5272378, 0
0.5018721, 0.5941076, 0.6591311, 0
0.3450319, 0.5455393, 0.5647566, 0
0.4968009, 0.5613176, 0.5796508, 0
0.4567015, 0.5517329, 0.6289474, 0
0.3353068, 0.5336853, 0.534045, 0
0.4383737, 0.5528333, 0.5587004, 0
0.4904996, 0.5835911, 0.6093068, 0
0.3732147, 0.6081704, 0.6151599, 0
0.368374, 0.5991486, 0.5273986, 0
0.3747424, 0.5652028, 0.6166149, 0
0.4039516, 0.5418544, 0.6030177, 0
0.3857342, 0.6197225, 0.5689191, 0
0.3292103, 0.6266084, 0.5556135, 0
0.3343522, 0.6036661, 0.6073952, 0
0.3578756, 0.5402239, 0.5723247, 0
0.3649272, 0.622424, 0.5823929, 0
0.5025457, 0.5789814, 0.6052239, 0
0.3784387, 0.6300825, 0.5400202, 0
0.4700834, 0.5492146, 0.6368552, 0
0.4859563, 0.5534854, 0.568472, 0
0.3952438, 0.6302, 0.5735655, 0
0.3915885, 0.6143573, 0.5374357, 0
0.4413297, 0.5359384, 0.557192, 0
0.3248606, 0.5667793, 0.5898964, 0
0.4535502, 0.5253393, 0.5950906, 0
0.4756935, 0.5811324, 0.6261678, 0
0.3803187, 0.6156091, 0.6314124, 0
0.4737057, 0.5400974, 0.5608793, 0
0.3591631, 0.6417862, 0.5828381, 0
0.4945921, 0.5829941, 0.5850751, 0
0.4971748, 0.6235464, 0.619355, 0
0.4289364, 0.6045195, 0.6144705, 0
0.4529625, 0.602634, 0.6131514, 0
0.4694289, 0.5703705, 0.6240788, 0
0.4715765, 0.581066, 0.6593423, 0
0.380971, 0.5615354, 0.6239265, 0
0.3183055, 0.5763564, 0.6041937, 0
0.5013624, 0.6480684, 0.6113189, 0
0.4170831, 0.5705402, 0.6006505, 0
0.3756434, 0.5568267, 0.5813914, 0
0.4582108, 0.5847162, 0.6039752, 0
0.406134, 0.622496, 0.6012291, 0
0.3177798, 0.5721263, 0.6147431, 0
0.3699559, 0.5300802, 0.5679293, 0
0.4758706, 0.5437368, 0.5892945, 0
0.4174544, 0.5995772, 0.6245991, 0
0.4360106, 0.5612523, 0.5893999, 0
0.3536648, 0.6112577, 0.6157379, 0
0.5394411, 0.6019782, 0.5580359, 0
0.3881125, 0.5898444, 0.5635983, 0
0.4271403, 0.545855, 0.6134695, 0
0.5118579, 0.5739111, 0.5760583, 0
0.4952218, 0.537563, 0.583946, 0
0.4530078, 0.5846742, 0.6438118, 0
0.3505671, 0.5719205, 0.5481482, 0
0.4744073, 0.5928625, 0.6440141, 0
0.4331326, 0.5970604, 0.5738469, 0
0.3611516, 0.6110915, 0.5365504, 0
0.3753786, 0.5805416, 0.5177321, 0
0.4106025, 0.6041465, 0.5788815, 0
0.3988577, 0.6155909, 0.5433288, 0
0.4487509, 0.5706087, 0.5922062, 0
0.4018276, 0.5544129, 0.6146523, 0
0.3353551, 0.5446419, 0.6093438, 0
0.4152363, 0.5496623, 0.5738974, 0
0.4714681, 0.5532097, 0.5907412, 0
0.5243695, 0.6314188, 0.5601855, 0
0.3774361, 0.539438, 0.6215377, 0
0.32083, 0.5888926, 0.5931923, 0
0.4796565, 0.6301368, 0.6246678, 0
0.4897652, 0.6125243, 0.6024784, 0
0.482906, 0.6549315, 0.5945978, 0
0.3787366, 0.6066809, 0.590179, 0
0.4298531, 0.6140918, 0.6139752, 0
0.5101513, 0.5776858, 0.5978055, 0
0.3338999, 0.5357832, 0.606203, 0
0.4656782, 0.5915669, 0.5669081, 0
0.4574932, 0.525403, 0.6080173, 0
0.4786325, 0.5859287, 0.5520753, 0
0.320331, 0.5690206, 0.6172155, 0
0.4249347, 0.5740374, 0.6374305, 0
0.3153029, 0.6308661, 0.5544059, 0
0.3158038, 0.5304345, 0.5884035, 0
0.4423271, 0.5512215, 0.5349041, 0
0.4888744, 0.653689, 0.5906046, 0
0.4548164, 0.6069432, 0.6513816, 0
0.4578992, 0.6414878, 0.6315239, 0
0.5202969, 0.6217412, 0.6113842, 0
0.3836989, 0.599591, 0.5530114, 0
0.5112363, 0.624306, 0.5801344, 0
0.4143569, 0.6243708, 0.6355138, 0
0.3279223, 0.55874, 0.6179127, 0
0.3995109, 0.5950484, 0.6352322, 0
0.5358301, 0.5844039, 0.5652052, 0
0.5234097, 0.6338147, 0.5763071, 0
0.4601832, 0.5898195, 0.6617807, 0
0.5160949, 0.5499418, 0.6420568, 0
0.3460941, 0.6110811, 0.55736, 0
0.4618112, 0.6198615, 0.5671254, 0
0.5173172, 0.6311455, 0.5879548, 0
0.3286682, 0.5827411, 0.5010936, 0
0.5158463, 0.5478244, 0.5649673, 0
0.4428352, 0.6196548, 0.6311458, 0
0.4655089, 0.5778553, 0.629427, 0
0.4868448, 0.559614, 0.5707095, 0
0.3843328, 0.5717681, 0.6014525, 0
0.4789399, 0.6139424, 0.629958, 0
0.5252373, 0.5775388, 0.600774, 0
0.3463993, 0.6113591, 0.583708, 0
0.4991812, 0.5358858, 0.6266543, 0
0.3244545, 0.6189222, 0.578867, 0
0.4109316, 0.5577272, 0.5304742, 0
0.439579, 0.5957571, 0.5900173, 0
0.4816201, 0.653294, 0.5824896, 0
0.4477817, 0.626911, 0.6253442, 0
0.4394544, 0.5418864, 0.637894, 0
0.3478713, 0.5426549, 0.5597456, 0
0.3924791, 0.5458038, 0.6225522, 0
0.3366574, 0.570273, 0.5131064, 0
0.4912693, 0.6439136, 0.6086706, 0
0.4115108, 0.5564101, 0.6407549, 0
0.4416367, 0.6139379, 0.5905647, 0
0.5254357, 0.5621433, 0.6053772, 0
0.4964807, 0.6264762, 0.6608796, 0
0.4110091, 0.5729671, 0.5300466, 0
0.40754, 0.636654, 0.5539842, 0
0.502991, 0.6177198, 0.606119, 0
0.3946042, 0.5903038, 0.5265318, 0
0.3498057, 0.5310469, 0.615324, 0
0.4687796, 0.5853273, 0.5712765, 0
0.3519616, 0.6117277, 0.6204851, 0
0.4412646, 0.6341883, 0.6040232, 0
0.4092844, 0.5924172, 0.5617018, 0
0.5098188, 0.6296136, 0.5522155, 0
0.5307869, 0.5820693, 0.5522331, 0
0.5064349, 0.6084636, 0.603456, 0
0.4242151, 0.5390466, 0.6197503, 0
0.4897768, 0.6084126, 0.6186202, 0
0.4840909, 0.6441649, 0.6391546, 0
0.4578356, 0.6003862, 0.6239458, 0
0.378201, 0.589905, 0.6204393, 0
0.376286, 0.5729159, 0.6374905, 0
0.4326923, 0.6100633, 0.5292006, 0
0.4088287, 0.6315871, 0.6001483, 0
0.5097421, 0.5503305, 0.6036942, 0
0.3785258, 0.5832636, 0.6345567, 0
0.376597, 0.5995998, 0.5262577, 0
0.3164625, 0.6193273, 0.5889794, 0
0.4032736, 0.5726309, 0.5702946, 0
0.3522381, 0.5634418, 0.6060092, 0
0.3653282, 0.5336039, 0.5733506, 0
0.3152456, 0.5497341, 0.5771286, 0
0.3961743, 0.5617149, 0.6105945, 0
0.4338771, 0.6507442, 0.5812914, 0
0.4053901, 0.5892355, 0.5395003, 0
0.3887416, 0.6029011, 0.570908, 0
0.3258895, 0.6184435, 0.5222735, 0
0.3600422, 0.5838702, 0.5509695, 0
0.3407682, 0.5477498, 0.5755722, 0
0.4573286, 0.5456948, 0.6400603, 0
0.3406461, 0.5756783, 0.5571173, 0
0.4810518, 0.5872958, 0.6072371, 0
0.5068372, 0.5570561, 0.6281088, 0
0.4438454, 0.6097768, 0.6465236, 0
0.4761924, 0.6068348, 0.5961852, 0
0.5278823, 0.5599374, 0.6187336, 0
0.4946525, 0.6180633, 0.5732707, 0
0.4673825, 0.5498435, 0.593168, 0
0.5087632, 0.5646462, 0.5663501, 0
0.3561983, 0.5733448, 0.5554574, 0
0.3936695, 0.6250013, 0.5405658, 0
0.3443932, 0.6280203, 0.5397358, 0
0.3938284, 0.5583075, 0.618503, 0
0.3385132, 0.6160852, 0.6185403, 0
0.4535968, 0.6295905, 0.5907126, 0
0.4704881, 0.6077609, 0.5527261, 0
0.5256045, 0.6172177, 0.5951759, 0
0.4716328, 0.6070485, 0.5997368, 0
0.356249, 0.5500112, 0.6046732, 0
0.3401768, 0.5680957, 0.5407132, 0
0.3565382, 0.5808073, 0.5435704, 0
0.4856268, 0.5446919, 0.6129901, 0
0.4033489, 0.6340038, 0.5622871, 0
0.3969917, 0.5809711, 0.5643034, 0
0.4886589, 0.6373892, 0.5663549, 0
0.4814496, 0.6443048, 0.5845074, 0
0.4280501, 0.6378458, 0.5716594, 0
0.392056, 0.635658, 0.5538267, 0
0.4004217, 0.5644296, 0.5441059, 0
0.3831443, 0.5808688, 0.6314523, 0
0.4290457, 0.6121234, 0.5747935, 0
0.3811881, 0.5421132, 0.5379512, 0
0.4345108, 0.6514103, 0.6027892, 0
0.3928386, 0.5216811, 0.6072031, 0
0.5098956, 0.5721366, 0.6169598, 0
0.4627597, 0.563638, 0.5965339, 0
0.5147414, 0.5638949, 0.6272473, 0
0.4731388, 0.5610491, 0.640312, 0
0.4506713, 0.5281348, 0.5701874, 0
0.4093153, 0.608362, 0.5269911, 0
0.4497075, 0.5972115, 0.65751, 0
0.4965318, 0.62696, 0.5933027, 0
0.4096196, 0.6154919, 0.6312517, 0
0.5031082, 0.6258685, 0.5843593, 0
0.4337822, 0.6328745, 0.6024231, 0
0.3793114, 0.5366461, 0.6209865, 0
0.3362086, 0.5600188, 0.5341098, 0
0.3298288, 0.5425388, 0.5193318, 0
0.3790231, 0.6417838, 0.5561419, 0
0.369565, 0.559828, 0.5434679, 0
0.3250981, 0.6170512, 0.6154595, 0
0.4203504, 0.6252152, 0.576167, 0
0.3788569, 0.6313303, 0.5700731, 0
0.4736812, 0.5717459, 0.6100856, 0
0.479645, 0.6198549, 0.6084798, 0
0.3463273, 0.5432373, 0.5143106, 0
0.5221592, 0.6371499, 0.5669557, 0
0.5100452, 0.650015, 0.6260396, 0
0.3539554, 0.5558139, 0.5209446, 0
0.3909203, 0.5811827, 0.5167719, 0
0.4905311, 0.5957739, 0.5999545, 0
0.3245657, 0.6062034, 0.5964916, 0
0.3348632, 0.6028282, 0.536935, 0
0.3497402, 0.609073, 0.5325545, 0
0.3376278, 0.5494165, 0.5468559, 0
0.4041235, 0.5618673, 0.6431912, 0
0.4266666, 0.5767318, 0.5541534, 0
0.3531182, 0.619556, 0.5447737, 0
0.3461693, 0.6308444, 0.6000999, 0
0.3945128, 0.5493339, 0.5477598, 0
0.3347542, 0.6124894, 0.5846201, 0
0.3847091, 0.6184429, 0.6128885, 0
0.334291, 0.5486649, 0.5798052, 0
0.3970602, 0.5560173, 0.6183028, 0
0.3476768, 0.5665367, 0.6204834, 0
0.3655503, 0.5449303, 0.6006209, 0
0.363756, 0.6230102, 0.5911229, 0
0.4017296, 0.5550684, 0.6374882, 0
0.4235966, 0.5904877, 0.6325498, 0
0.3894257, 0.6289598, 0.6251099, 0
0.3843128, 0.5551788, 0.6216798, 0
0.3167109, 0.5185123, 0.5925616, 0
0.3395345, 0.5553889, 0.588109, 0
0.3219566, 0.5919191, 0.5156498, 0
0.3337657, 0.5497769, 0.5713859, 0
0.3168132, 0.6312401, 0.5391068, 0
0.4077533, 0.6273361, 0.6071186, 0
0.3283721, 0.6075339, 0.5381246, 0
0.4426622, 0.6036242, 0.5664497, 0
0.3787683, 0.6298339, 0.5693296, 0
0.4548142, 0.545332, 0.6283414, 0
0.4295812, 0.5843307, 0.5856134, 0
0.3677304, 0.5479526, 0.53198, 0
0.5334662, 0.5346876, 0.6103969, 0
0.396205, 0.6132256, 0.5239473, 0
0.4295008, 0.6418818, 0.5975109, 0
0.4789324, 0.6326111, 0.5771718, 0
0.4203095, 0.5843439, 0.5341682, 0
0.3979793, 0.5981716, 0.6179852, 0
0.3360816, 0.5979431, 0.5755694, 0
0.4238896, 0.6179234, 0.5405545, 0
0.3492534, 0.5570391, 0.6122837, 0
0.4008272, 0.5637928, 0.5773869, 0
0.5169168, 0.6181288, 0.6316587, 0
0.4862979, 0.5998957, 0.6133792, 0
0.3170959, 0.5396343, 0.5876903, 0
0.330341, 0.5499074, 0.5987978, 0
0.5007333, 0.6259132, 0.5514488, 0
0.4106148, 0.5869365, 0.5536281, 0
0.4710569, 0.6163749, 0.5863427, 0
0.5250718, 0.5572467, 0.5724901, 0
0.4203803, 0.6295033, 0.6091657, 0
0.3675784, 0.5522485, 0.6105404, 0
0.3517804, 0.6257383, 0.6058741, 0
0.3444849, 0.6034253, 0.514801, 0
0.4151781, 0.639963, 0.6090367, 0
0.4295979, 0.5914794, 0.539664, 0
0.3306099, 0.5885998, 0.6113762, 0
0.3394921, 0.5329959, 0.5891702, 0
0.4597672, 0.5290415, 0.5777456, 0
0.340652, 0.5840299, 0.6152564, 0
0.518519, 0.5571956, 0.6588436, 0
0.4394633, 0.6070774, 0.6074544, 0
0.5257841, 0.612115, 0.556341, 0
0.3347134, 0.5825511, 0.615885, 0
0.5090061, 0.6457934, 0.5963458, 0
0.4617026, 0.5552791, 0.5402069, 0
0.3858536, 0.6165696, 0.5993849, 0
0.3590991, 0.5702913, 0.6342995, 0
0.4247907, 0.538843, 0.6308537, 0
0.4310699, 0.6202407, 0.5799087, 0
0.4871553, 0.6303352, 0.5940298, 0
0.3279264, 0.5448346, 0.6098427, 0
0.3588847, 0.6176229, 0.5984494, 0
0.525856, 0.5950682, 0.6024083, 0
0.413881, 0.6132704, 0.5659268, 0
0.5170188, 0.5571965, 0.6455185, 0
0.4896035, 0.6012909, 0.5875882, 0
0.4404386, 0.5948783, 0.646219, 0
0.4229775, 0.6120824, 0.6445009, 0
0.3431547, 0.5888054, 0.5571263, 0
0.4303237, 0.5424539, 0.6285509, 0
0.4374843, 0.5874669, 0.5719243, 0
0.3535088, 0.5818022, 0.5063218, 0
0.453388, 0.5734246, 0.6042708, 0
0.494339, 0.5696521, 0.5785292, 0
0.4471538, 0.6126773, 0.6372508, 0
0.4203064, 0.5784393, 0.5591345, 0
0.3638599, 0.5672588, 0.5130196, 0
0.4278533, 0.6406607, 0.5759979, 0
0.4956494, 0.5848594, 0.64645, 0
0.3757811, 0.5425633, 0.5287681, 0
0.478067, 0.6343914, 0.5529589, 0
0.3682739, 0.5538796, 0.5176334, 0
0.3323154, 0.5368465, 0.6115472, 0
0.4623943, 0.6365239, 0.5870656, 0
0.4254862, 0.5349741, 0.5926329, 0
0.477755, 0.5905408, 0.6115508, 0
0.3315273, 0.584839, 0.6246048, 0
0.3287182, 0.581575, 0.5833536, 0
0.4396219, 0.5405213, 0.5855331, 0
0.4926357, 0.6101232, 0.5830219, 0
0.459884, 0.552033, 0.6388299, 0
0.4230796, 0.5601816, 0.5893353, 0
0.5267374, 0.6307003, 0.5944552, 0
0.3381382, 0.5288439, 0.5207095, 0
0.2986158, 0.5870526, 0.6227174, 0
0.3978206, 0.5710407, 0.6374277, 0
0.4891488, 0.530377, 0.5917661, 0
0.5363266, 0.5796089, 0.588229, 0
0.4205025, 0.6110742, 0.608775, 0
0.4403282, 0.5639904, 0.6129512, 0
0.3983404, 0.5897558, 0.5666255, 0
0.4455318, 0.5911209, 0.5990996, 0
0.4896628, 0.5628741, 0.5524814, 0
0.5128989, 0.6207632, 0.5895801, 0
0.3068355, 0.5610035, 0.6194941, 0
0.378933, 0.561372, 0.5445246, 0
0.45596, 0.6150135, 0.5657967, 0
0.5158026, 0.5419194, 0.6144302, 0
0.4812981, 0.5923333, 0.6364759, 0
0.4502584, 0.63148, 0.6103604, 0
0.5003814, 0.6128823, 0.5427729, 0
0.4758562, 0.5729157, 0.5493975, 0
0.5276417, 0.5409743, 0.6386672, 0
0.3680043, 0.598977, 0.6301944, 0
0.3526438, 0.5312917, 0.546553, 0
0.3572127, 0.572484, 0.5114673, 0
0.3545463, 0.5348852, 0.6003157, 0
0.4117983, 0.5460605, 0.5576323, 0
0.4928811, 0.6147465, 0.6318511, 0
0.3803338, 0.5294679, 0.5847245, 0
0.3753092, 0.5243477, 0.5387235, 0
0.3457397, 0.5508482, 0.5611401, 0
0.42218, 0.6314235, 0.6267447, 0
0.389411, 0.6196645, 0.6254181, 0
0.4905924, 0.6358085, 0.5584673, 0
0.3266453, 0.5143438, 0.5719727, 0
0.4941196, 0.5868929, 0.6014485, 0
0.3099007, 0.5492157, 0.6146823, 0
0.3862443, 0.6018345, 0.5504336, 0
0.3522512, 0.5446035, 0.5826011, 0
0.4326335, 0.600439, 0.5661886, 0
0.4171824, 0.630843, 0.5813927, 0
0.3565848, 0.6421486, 0.5737812, 0
0.5218408, 0.537652, 0.6241043, 0
0.5025244, 0.5607484, 0.5621028, 0
0.3290961, 0.5561953, 0.6022785, 0
0.4684627, 0.5771406, 0.6069477, 0
0.4724537, 0.5440466, 0.5660999, 0
0.3571439, 0.5212165, 0.6013086, 0
0.4839697, 0.5532393, 0.5588204, 0
0.5184883, 0.5606643, 0.5918352, 0
0.3733693, 0.5195901, 0.5819338, 0
0.3991338, 0.6079684, 0.5679395, 0
0.485442, 0.598651, 0.5350041, 0
0.3659084, 0.607501, 0.6074951, 0
0.5071977, 0.5607457, 0.6416749, 0
0.4720612, 0.6396993, 0.6006958, 0
0.4361811, 0.5897501, 0.5505996, 0
0.4478757, 0.5436689, 0.5909286, 0
0.4624141, 0.5567893, 0.6198628, 0
0.4827235, 0.6216815, 0.5940986, 0
0.414775, 0.5948436, 0.5420672, 0
0.3302867, 0.5219341, 0.6011051, 0
0.3433894, 0.5486177, 0.6057612, 0
0.4335604, 0.545925, 0.602373, 0
0.4769561, 0.6285402, 0.6512515, 0
0.3902133, 0.5546878, 0.5185325, 0
0.4795233, 0.6038924, 0.6653661, 0
0.4758755, 0.6056867, 0.6324841, 0
0.4660612, 0.6026802, 0.6174957, 0
0.3390929, 0.6136891, 0.6157467, 0
0.5340953, 0.5444942, 0.6061826, 0
0.3903874, 0.5505894, 0.5273523, 0
0.3248385, 0.5517077, 0.6208187, 0
0.4610102, 0.5479725, 0.6056525, 0
0.5379841, 0.6077152, 0.5684406, 0
0.4441597, 0.5677147, 0.6048397, 0
0.3848697, 0.6325583, 0.5502598, 0
0.372252, 0.5348107, 0.6166407, 0
0.4030673, 0.5879104, 0.6207355, 0
0.5097161, 0.5859898, 0.5912883, 0
0.4611363, 0.5659729, 0.6334164, 0
0.3968134, 0.6269467, 0.5612394, 0
0.3820824, 0.567317, 0.563353, 0
0.4818968, 0.6032152, 0.549728, 0
0.4692164, 0.5473235, 0.5967364, 0
0.3470747, 0.5643476, 0.5356921, 0
0.3580622, 0.5635691, 0.5705267, 0
0.5044107, 0.6143584, 0.6057391, 0
0.3243721, 0.5283416, 0.5484713, 0
0.4334842, 0.5968372, 0.5351588, 0
0.4298299, 0.5504808, 0.5633039, 0
0.390083, 0.6331462, 0.5949649, 0
0.4903761, 0.6494382, 0.5936122, 0
0.3745261, 0.5728741, 0.637241, 0
0.3790502, 0.5981476, 0.5815144, 0
0.4763453, 0.6368521, 0.5982111, 0
0.3721319, 0.5794855, 0.5927018, 0
0.389243, 0.6432371, 0.5790164, 0
0.3509604, 0.5670214, 0.6002724, 0
0.4304889, 0.6011828, 0.5259271, 0
0.4795868, 0.6041872, 0.6187377, 0
0.3686028, 0.5754593, 0.5083614, 0
0.466842, 0.5851867, 0.5353575, 0
0.3632563, 0.5175332, 0.5891514, 0
0.4400344, 0.5818782, 0.630444, 0
0.3202999, 0.6259394, 0.5777177, 0
0.3216668, 0.5752063, 0.6066541, 0
0.4057411, 0.5724054, 0.5543833, 0
0.4553842, 0.6020917, 0.5809875, 0
0.4917472, 0.6026529, 0.5599575, 0
0.4597501, 0.5767877, 0.6222361, 0
0.3645834, 0.601987, 0.5300068, 0
0.4080265, 0.6263171, 0.5932929, 0
0.5366353, 0.5506585, 0.6072556, 0
0.457906, 0.5595545, 0.5414433, 0
0.4987482, 0.6227852, 0.6121048, 0
0.4852015, 0.592942, 0.5565721, 0
0.4453726, 0.621461, 0.6181491, 0
0.509268, 0.5823374, 0.551826, 0
0.465695, 0.5774088, 0.5560589, 0
0.3825977, 0.5670472, 0.5382753, 0
0.4928913, 0.5459553, 0.5983786, 0
0.4863832, 0.5668786, 0.6417809, 0
0.3530123, 0.5804583, 0.5166044, 0
0.3508467, 0.5604458, 0.6242449, 0
0.4845575, 0.6194238, 0.6014924, 0
0.3264314, 0.6302404, 0.5454813, 0
0.3908638, 0.569424, 0.6285197, 0
0.4569235, 0.5947725, 0.623746, 0
0.4362885, 0.5847701, 0.5788099, 0
0.3717415, 0.6392833, 0.558103, 0
0.3231423, 0.5113282, 0.5522071, 0
0.4315874, 0.5452964, 0.5793821, 0
0.3883416, 0.5539227, 0.5423052, 0
0.4420539, 0.5805947, 0.603002, 0
0.4304877, 0.622591, 0.6429906, 0
0.5070418, 0.5566561, 0.5601262, 0
0.4555305, 0.6017923, 0.5841748, 0
0.5038095, 0.5827373, 0.6253005, 0
0.400864, 0.5706607, 0.5951827, 0
0.3308217, 0.5456051, 0.5248854, 0
0.4717653, 0.6348233, 0.6070629, 0
0.469535, 0.638662, 0.5608013, 0
0.4033754, 0.548322, 0.6244649, 0
0.3306044, 0.5886989, 0.6291544, 0
0.3353452, 0.5752969, 0.5502494, 0
0.5050551, 0.6525469, 0.6064259, 0
0.3376985, 0.5175308, 0.5733795, 0
0.3525678, 0.6212683, 0.6088411, 0
0.3286971, 0.6275304, 0.5622082, 0
0.5048978, 0.6049247, 0.6533166, 0
0.4802307, 0.6394653, 0.6485645, 0
0.4581782, 0.5709913, 0.5530281, 0
0.3323229, 0.5283648, 0.5598934, 0
0.4349057, 0.5502786, 0.5748687, 0
0.3477289, 0.5848341, 0.5900216, 0
0.3449895, 0.5667396, 0.5216326, 0
0.3976213, 0.5950555, 0.5619871, 0
0.457168, 0.5375952, 0.6260378, 0
0.5054533, 0.5574226, 0.5920367, 0
0.3602926, 0.5855989, 0.6222379, 0
0.4981643, 0.566741, 0.601752, 0
0.4595138, 0.5289034, 0.6102164, 0
0.3487744, 0.6018173, 0.5317455, 0
0.509487, 0.6146393, 0.6103245, 0
0.3596029, 0.6062873, 0.5839609, 0
0.5235872, 0.5493555, 0.643936, 0
0.5004289, 0.5741709, 0.6562918, 0
0.3486386, 0.5690618, 0.5417656, 0
0.3170789, 0.5973549, 0.619673, 0
0.431968, 0.6127782, 0.5874389, 0
0.4143994, 0.5561461, 0.5343322, 0
0.3300752, 0.5948472, 0.5269101, 0
0.4121213, 0.5775452, 0.5604514, 0
0.3904773, 0.6100478, 0.5454417, 0
0.4451785, 0.6146097, 0.6453329, 0
0.3886936, 0.548211, 0.5413648, 0
0.3709138, 0.5633782, 0.5193871, 0
0.491787, 0.5810387, 0.6188981, 0
0.4920307, 0.5484856, 0.5652874, 0
0.3513041, 0.55979, 0.6288896, 0
0.4229814, 0.6111664, 0.5469899, 0
0.3605501, 0.6172432, 0.535363, 0
0.3564176, 0.6080663, 0.5440547, 0
0.5256317, 0.6421112, 0.5872563, 0
0.4304516, 0.5958636, 0.5889164, 0
0.3136616, 0.5849343, 0.5614231, 0
0.4842284, 0.6486803, 0.6232197, 0
0.3756964, 0.5273286, 0.5857804, 0
0.3326329, 0.5816768, 0.5115246, 0
0.3551943, 0.5719853, 0.5105339, 0
0.4948678, 0.5396095, 0.6049901, 0
0.4313406, 0.6511332, 0.5787527, 0
0.5071222, 0.5766543, 0.5938606, 0
0.4940056, 0.5926893, 0.6027638, 0
0.3291796, 0.5559319, 0.5207332, 0
0.4604442, 0.6268557, 0.5432023, 0
0.4276957, 0.5876024, 0.5935355, 0
0.433244, 0.536433, 0.5839841, 0
0.3552772, 0.5700985, 0.5192277, 0
0.3430706, 0.5312198, 0.6097812, 0
0.3900331, 0.5710644, 0.5849541, 0
0.5225616, 0.5671844, 0.6454141, 0
0.5012024, 0.5901583, 0.6055588, 0
0.3591346, 0.6266308, 0.5329856, 0
0.4342445, 0.5979686, 0.6250266, 0
0.4884002, 0.5610467, 0.6316108, 0
0.4806213, 0.5990307, 0.5904698, 0
0.5203214, 0.571659, 0.5503925, 0
0.4156654, 0.5395713, 0.5471147, 0
0.3844891, 0.6454032, 0.5763773, 0
0.3261071, 0.5543143, 0.5445042, 0
0.3290261, 0.6059148, 0.5601584, 0
0.3858246, 0.5848522, 0.6071137, 0
0.5111288, 0.6177216, 0.5700912, 0
0.4791891, 0.5313836, 0.600679, 0
0.3794238, 0.5742923, 0.5874655, 0
0.3780994, 0.6146334, 0.6146077, 0
0.3283294, 0.6006608, 0.564596, 0
0.32537, 0.5985381, 0.5305668, 0
0.5107417, 0.6581258, 0.6125644, 0
0.5282409, 0.6344888, 0.5651877, 0
0.5382005, 0.5885971, 0.5530461, 0
0.3157393, 0.5502886, 0.6202907, 0
0.4682717, 0.5913869, 0.5369881, 0
0.4100972, 0.5319626, 0.5779075, 0
0.5273695, 0.6473622, 0.5899205, 0
0.3663504, 0.5410623, 0.5974117, 0
0.3840096, 0.5867718, 0.5148275, 0
0.4944809, 0.5801874, 0.5693204, 0
0.4825033, 0.6094121, 0.5425242, 0
0.5300383, 0.6201769, 0.586722, 0
0.4783977, 0.610768, 0.6337991, 0
0.4073766, 0.5658744, 0.6180925, 0
0.3849408, 0.5968775, 0.5256422, 0
0.3358944, 0.6208193, 0.6170321, 0
0.5096394, 0.5780915, 0.5742705, 0
0.4139518, 0.5455456, 0.6322388, 0
0.4515792, 0.5815445, 0.5469383, 0
0.3342156, 0.5894059, 0.5071778, 0
0.3331598, 0.6028684, 0.6085951, 0
0.4704244, 0.6208662, 0.6240544, 0
0.4697419, 0.6040193, 0.5648019, 0
0.3834725, 0.5919431, 0.6097126, 0
0.4808971, 0.6257627, 0.5891603, 0
0.5109074, 0.5578622, 0.5767498, 0
0.3588078, 0.5754726, 0.555638, 0
0.3871661, 0.5491285, 0.52915, 0
0.5264269, 0.640506, 0.5670651, 0
0.4092053, 0.5620452, 0.6271374, 0
0.5178269, 0.5432101, 0.6181806, 0
0.4000044, 0.6355926, 0.558499, 0
0.3911193, 0.6335549, 0.5721079, 0
0.3719108, 0.5440058, 0.5873141, 0
0.3614964, 0.5903763, 0.5892024, 0
0.325785, 0.5787723, 0.5088419, 0
0.3744527, 0.6330322, 0.5410436, 0
0.4252183, 0.6018931, 0.6467928, 0
0.3155572, 0.5903952, 0.56854, 0
0.4271435, 0.6401017, 0.5704511, 0
0.4509804, 0.5764006, 0.5710921, 0
0.3889266, 0.539022, 0.6282536, 0
0.3101572, 0.6079978, 0.5847505, 0
0.51302, 0.6003814, 0.5951025, 0
0.5126263, 0.5674027, 0.657066, 0
0.5155164, 0.5701176, 0.602076, 0
0.4691292, 0.5833241, 0.5746067, 0
0.4818944, 0.5954213, 0.6170607, 0
0.5250002, 0.5940371, 0.5655924, 0
0.3668558, 0.6090624, 0.6014051, 0
0.3200462, 0.5261008, 0.587171, 0
0.4921913, 0.5514588, 0.6217638, 0
0.3741553, 0.5884772, 0.5369456, 0
0.4933398, 0.5715669, 0.5691343, 0
0.519792, 0.6470867, 0.5817438, 0
0.3582177, 0.5500972, 0.605123, 0
0.4033872, 0.6372218, 0.5632801, 0
0.4792723, 0.6528398, 0.5946866, 0
0.4624937, 0.5616948, 0.5988639, 0
0.3040499, 0.6179544, 0.5756621, 0
0.3533815, 0.5808197, 0.5307773, 0
0.4346922, 0.6129253, 0.5414317, 0
0.3678373, 0.5716988, 0.6313464, 0
0.4521833, 0.6297913, 0.5523325, 0
0.4270459, 0.5850769, 0.5332713, 0
0.3101986, 0.6170372, 0.5930011, 0
0.5192066, 0.5668963, 0.5562325, 0
0.3384178, 0.6122394, 0.5654649, 0
0.4872971, 0.6312511, 0.6387007, 0
0.3147984, 0.5980557, 0.5877596, 0
0.3237894, 0.5455208, 0.5994784, 0
0.439345, 0.5387719, 0.5828048, 0
0.3548847, 0.517487, 0.5591043, 0
0.3330559, 0.5128223, 0.5824577, 0
0.4701052, 0.5951135, 0.6400734, 0
0.3571401, 0.5849261, 0.5361695, 0
0.4093924, 0.5710428, 0.5936733, 0
0.3762879, 0.5615103, 0.6227296, 0
0.4632414, 0.6225803, 0.5661026, 0
0.4046402, 0.5341651, 0.624712, 0
0.5327838, 0.5927556, 0.5936508, 0
0.3296413, 0.5346391, 0.5887547, 0
0.4567811, 0.6495926, 0.6030951, 0
0.3786933, 0.5579954, 0.6035157, 0
0.3381145, 0.5527145, 0.5614181, 0
0.4451304, 0.53206, 0.6189148, 0
0.3954958, 0.5361647, 0.5402165, 0
0.3429615, 0.5778299, 0.6274861, 0
0.338515, 0.61021, 0.5762382, 0
0.5079848, 0.5441039, 0.5899209, 0
0.4764946, 0.5523309, 0.5721659, 0
0.4596832, 0.6236553, 0.5619139, 0
0.3715498, 0.6416036, 0.558191, 0
0.3575766, 0.5542874, 0.6140828, 0
0.3157329, 0.6008877, 0.6245202, 0
0.3294023, 0.6210149, 0.6009569, 0
0.412839, 0.5448681, 0.5370221, 0
0.3983448, 0.5950004, 0.5232683, 0
0.4792547, 0.6373329, 0.5862094, 0
0.4329677, 0.5781249, 0.644903, 0
0.4385928, 0.6069386, 0.6266015, 0
0.4838405, 0.6096413, 0.6446472, 0
0.3841632, 0.6003401, 0.5809027, 0
0.4082996, 0.5617606, 0.527864, 0
0.404866, 0.5992258, 0.6404047, 0
0.3330715, 0.5916872, 0.6033913, 0
0.3726664, 0.5526935, 0.5500633, 0
0.4168422, 0.6386344, 0.6159459, 0
0.4723472, 0.5932361, 0.5524895, 0
0.4722314, 0.5805306, 0.6636503, 0
0.344674, 0.6179835, 0.6015238, 0
0.4149931, 0.6134784, 0.533802, 0
0.4970096, 0.5704406, 0.5846682, 0
0.4439988, 0.6047604, 0.5498237, 0
0.5080444, 0.6001665, 0.6117631, 0
0.3286409, 0.5944127, 0.557903, 0
0.5189155, 0.6477677, 0.5676734, 0
0.3364694, 0.6008935, 0.5281567, 0
0.3722904, 0.5871885, 0.5423284, 0
0.4744883, 0.6372871, 0.5864345, 0
0.4065635, 0.559969, 0.5255673, 0
0.3345519, 0.5994613, 0.6054661, 0
0.4954338, 0.5692721, 0.5428361, 0
0.3741705, 0.5680882, 0.5734648, 0
0.4157934, 0.5613647, 0.6029629, 0
0.5305246, 0.6422359, 0.5691626, 0
0.5321491, 0.5827909, 0.5569115, 0
0.377843, 0.5639539, 0.58448, 0
0.4207563, 0.6197627, 0.6047804, 0
0.3367442, 0.6330117, 0.5844587, 0
0.4673767, 0.6285109, 0.6079718, 0
0.3713231, 0.6304898, 0.559179, 0
0.4666974, 0.655521, 0.6097957, 0
0.4095769, 0.5646476, 0.551166, 0
0.5357905, 0.5652607, 0.5692626, 0
0.4440252, 0.5473365, 0.5629941, 0
0.4874541, 0.5818952, 0.5893674, 0
0.3757443, 0.5489988, 0.6282366, 0
0.3118506, 0.6162617, 0.5796474, 0
0.3943427, 0.6309898, 0.5608632, 0
0.4090311, 0.5354412, 0.6170675, 0
0.3067577, 0.5430744, 0.6152414, 0
0.4314183, 0.5492786, 0.588513, 0
0.5080057, 0.5709861, 0.5789268, 0
0.3157398, 0.5561325, 0.6281011, 0
0.5165808, 0.5931665, 0.6598928, 0
0.4370796, 0.5384659, 0.569464, 0
0.4856069, 0.5584137, 0.5846498, 0
0.4655738, 0.58594, 0.5453024, 0
0.3750498, 0.5866647, 0.5378271, 0
0.4807728, 0.6019233, 0.61027, 0
0.3809693, 0.5938845, 0.6155726, 0
0.4939224, 0.5442465, 0.5649296, 0
0.4154433, 0.5949149, 0.607567, 0
0.5195072, 0.5685101, 0.6063492, 0
0.4305497, 0.5922994, 0.6327344, 0
0.4507415, 0.6116729, 0.5364611, 0
0.4813008, 0.6231756, 0.5582001, 0
0.4026448, 0.568013, 0.5835246, 0
0.5282557, 0.622014, 0.5874494, 0
0.3268912, 0.5431662, 0.5699792, 0
0.4736363, 0.6278831, 0.5505977, 0
0.4498325, 0.5957937, 0.5332782, 0
0.4341379, 0.5760964, 0.6094368, 0
0.4331478, 0.5867683, 0.5886763, 0
0.3531911, 0.5774384, 0.6295074, 0
0.4631709, 0.6298772, 0.565786, 0
0.4227875, 0.5254854, 0.6025328, 0
0.3821624, 0.5761035, 0.5216399, 0
0.5093986, 0.5582353, 0.650875, 0
0.3640186, 0.6237211, 0.5491468, 0
0.5101287, 0.5425733, 0.5712005, 0
0.3160214, 0.5678425, 0.617596, 0
0.4620722, 0.6446478, 0.5775397, 0
0.3520256, 0.570612, 0.6066673, 0
0.5060155, 0.587039, 0.5895814, 0
0.3636034, 0.5711052, 0.5374492, 0
0.3459949, 0.5789552, 0.6297529, 0
0.3912705, 0.5812529, 0.6150526, 0
0.3977763, 0.5925486, 0.639988, 0
0.3668671, 0.5700648, 0.5775389, 0
0.4093885, 0.5737179, 0.533922, 0
0.45218, 0.5862429, 0.620472, 0
0.4193538, 0.63527, 0.5988186, 0
0.3591065, 0.545909, 0.5799983, 0
0.4670871, 0.5465829, 0.6197099, 0
0.4806395, 0.6229867, 0.571885, 0
0.4774297, 0.6136036, 0.5559638, 0
0.5115645, 0.5569607, 0.6267338, 0
0.42399, 0.6258395, 0.5587028, 0
0.4210666, 0.5578316, 0.5472106, 0
0.4757607, 0.5579337, 0.5847693, 0
0.4480929, 0.6082392, 0.6156974, 0
0.3261684, 0.5552235, 0.5971262, 0
0.3598234, 0.59563, 0.6214927, 0
0.3600247, 0.6123822, 0.5569578, 0
0.4802927, 0.5970952, 0.6109871, 0
0.3902213, 0.5857231, 0.5443204, 0
0.496231, 0.616756, 0.6304526, 0
0.444713, 0.641974, 0.6142597, 0
0.3776951, 0.5439797, 0.5560969, 0
0.4218808, 0.59404, 0.5835729, 0
0.3196992, 0.5929112, 0.5263243, 0
0.4646519, 0.6229094, 0.6090087, 0
0.3416732, 0.6036594, 0.6042136, 0
0.4978257, 0.6086023, 0.5990621, 0
0.5330251, 0.6260253, 0.5684304, 0
0.3478658, 0.5712016, 0.5797322, 0
0.5295485, 0.6362073, 0.5723039, 0
0.5218214, 0.6024705, 0.5759387, 0
0.4496525, 0.5438238, 0.596116, 0
0.4765359, 0.5998317, 0.5609179, 0
0.4091854, 0.576492, 0.5230759, 0
0.5293666, 0.6133216, 0.5846781, 0
0.4756854, 0.5839832, 0.5416918, 0
0.3828499, 0.5309396, 0.5336547, 0
0.3331255, 0.5711125, 0.5848728, 0
0.3845567, 0.605821, 0.5250271, 0
0.3605781, 0.550577, 0.5821502, 0
0.3297853, 0.5929869, 0.5412095, 0
0.4860533, 0.5797735, 0.5592626, 0
0.3864661, 0.6068133, 0.5955173, 0
0.5116075, 0.5564594, 0.5916101, 0
0.3381288, 0.5790934, 0.5451542, 0
0.479838, 0.6455513, 0.5973313, 0
0.3507693, 0.5512795, 0.5711684, 0
0.415922, 0.5458252, 0.5760908, 0
0.3924407, 0.5494367, 0.6105745, 0
0.4364138, 0.5884495, 0.6437027, 0
0.3684549, 0.6075104, 0.5483512, 0
0.334595, 0.6055106, 0.5596291, 0
0.337016, 0.6036917, 0.6172274, 0
0.4990832, 0.5950894, 0.638537, 0
0.420545, 0.5626091, 0.5356114, 0
0.5015346, 0.6376136, 0.6395522, 0
0.3818356, 0.5721989, 0.5188252, 0
0.3234933, 0.5888425, 0.5725977, 0
0.3609737, 0.5404373, 0.6278417, 0
0.5252657, 0.6038842, 0.6260603, 0
0.337286, 0.5570161, 0.578555, 0
0.4461055, 0.5659223, 0.6101528, 0
0.3697405, 0.5851357, 0.5505261, 0
0.4886412, 0.6468421, 0.6159255, 0
0.4565692, 0.5569562, 0.6364835, 0
0.3060841, 0.5962216, 0.6173165, 0
0.4746007, 0.6172462, 0.5819617, 0
0.3900757, 0.6168872, 0.5378835, 0
0.3233354, 0.5766783, 0.5769939, 0
0.507273, 0.5705774, 0.6325505, 0
0.4951176, 0.5326528, 0.625406, 0
0.4639859, 0.5261138, 0.5828598, 0
0.4255793, 0.5715801, 0.5482185, 0
0.3685201, 0.6257709, 0.5856196, 0
0.438786, 0.5657718, 0.5590186, 0
0.3342631, 0.5417743, 0.5647436, 0
0.494931, 0.632337, 0.6289351, 0
0.3363155, 0.572151, 0.6184125, 0
0.4622339, 0.6445525, 0.56034, 0
0.4042217, 0.6382886, 0.6082554, 0
0.4509833, 0.6288947, 0.6161035, 0
0.4651964, 0.6194293, 0.597012, 0
0.3154927, 0.5602017, 0.6227151, 0
0.3339591, 0.6180109, 0.6123382, 0
0.3321133, 0.5746587, 0.564836, 0
0.3854129, 0.6320542, 0.577569, 0
0.482767, 0.63563, 0.6043693, 0
0.3671268, 0.6282354, 0.609942, 0
0.364505, 0.5255916, 0.5361074, 0
0.455908, 0.6105494, 0.6054503, 0
0.4585823, 0.5410219, 0.5971785, 0
0.3702919, 0.571991, 0.6096098, 0
0.3729678, 0.5788902, 0.6277254, 0
0.4842443, 0.6138403, 0.5762884, 0
0.366389, 0.5983388, 0.6105078, 0
0.463556, 0.578431, 0.6055039, 0
0.3953368, 0.5189497, 0.5849096, 0
0.4491789, 0.6402282, 0.6189175, 0
0.4610178, 0.6194507, 0.5799053, 0
0.3304004, 0.5404305, 0.5212687, 0
0.3340516, 0.5414488, 0.5334734, 0
0.3441426, 0.5825963, 0.5688558, 0
0.3411626, 0.5507603, 0.6061952, 0
0.4259401, 0.6175818, 0.5483248, 0
0.4842975, 0.6415308, 0.6039868, 0
0.5077919, 0.5867691, 0.6616405, 0
0.5373847, 0.588617, 0.5656248, 0
0.4700384, 0.6272871, 0.6327728, 0
0.4754811, 0.5539877, 0.6036277, 0
0.3666027, 0.6185402, 0.5944426, 0
0.349006, 0.6226299, 0.537278, 0
0.332215, 0.5985675, 0.5127854, 0
0.4819693, 0.6380314, 0.6482177, 0
0.4203103, 0.6267435, 0.6283765, 0
0.3823818, 0.5303636, 0.5805333, 0
0.528057, 0.5779357, 0.6265814, 0
0.325765, 0.6189509, 0.5739839, 0
0.4403755, 0.5366277, 0.5814345, 0
0.5221136, 0.6341714, 0.6040793, 0
0.4518604, 0.6095927, 0.560878, 0
0.4801754, 0.5331951, 0.6054225, 0
0.4447212, 0.6236211, 0.5844994, 0
0.3473546, 0.5472246, 0.5191278, 0
0.4912792, 0.6104149, 0.6000557, 0
0.5066563, 0.5372138, 0.5775079, 0
0.4482405, 0.5552473, 0.568566, 0
0.4668993, 0.6123867, 0.5713525, 0
0.376847, 0.6279101, 0.5695915, 0
0.4800901, 0.6185161, 0.6118805, 0
0.3659902, 0.5651684, 0.5368677, 0
0.3687849, 0.5574591, 0.5225228, 0
0.4985078, 0.5965633, 0.6102456, 0
0.4132784, 0.6004025, 0.5626048, 0
0.4357283, 0.5742156, 0.6133299, 0
0.5169682, 0.5368305, 0.622411, 0
0.4648677, 0.6027846, 0.5639176, 0
0.3335073, 0.5677342, 0.5946288, 0
0.4973362, 0.6520606, 0.5923882, 0
0.5289406, 0.5664188, 0.5992168, 0
0.3196866, 0.5681032, 0.5549821, 0
0.5199344, 0.6103967, 0.6410402, 0
0.4788982, 0.6521339, 0.6185457, 0
0.3740462, 0.6042799, 0.6243858, 0
0.4551433, 0.6006694, 0.5763924, 0
0.3242413, 0.5733853, 0.5232494, 0
0.4353962, 0.6223966, 0.62866, 0
0.3777772, 0.5814621, 0.5850347, 0
0.4015461, 0.6060428, 0.6355854, 0
0.4986548, 0.5567929, 0.5781856, 0
0.3396966, 0.563072, 0.5226489, 0
0.4468201, 0.6012827, 0.6362764, 0
0.394836, 0.6002706, 0.620909, 0
0.3548628, 0.5793653, 0.5425733, 0
0.3721036, 0.5884433, 0.5450599, 0
0.3590596, 0.6303622, 0.6043445, 0
0.5168439, 0.6036548, 0.594899, 0
0.3473189, 0.5946823, 0.5327027, 0
0.3867003, 0.6046204, 0.5936668, 0
0.3991623, 0.6170374, 0.562952, 0
0.3395432, 0.6287327, 0.586857, 0
0.3176242, 0.5851654, 0.5988519, 0
0.511053, 0.6242524, 0.5695934, 0
0.5078563, 0.5485228, 0.5637664, 0
0.4512644, 0.6055987, 0.6420823, 0
0.4248897, 0.5384994, 0.5479195, 0
0.4319606, 0.5494348, 0.5585608, 0
0.347522, 0.6344333, 0.5920811, 0
0.4462943, 0.6034313, 0.5689767, 0
0.335977, 0.5666515, 0.5987692, 0
0.3566222, 0.5714467, 0.5135741, 0
0.3628963, 0.600094, 0.5661077, 0
0.5183005, 0.559148, 0.585218, 0
0.4236806, 0.5952176, 0.5281499, 0
0.5248035, 0.6046876, 0.5514097, 0
0.4141566, 0.6358147, 0.5528781, 0
0.5155705, 0.6160895, 0.600916, 0
0.4068854, 0.5453261, 0.5305629, 0
0.4767804, 0.6482131, 0.6164394, 0
0.4653662, 0.5339007, 0.6129095, 0
0.4052857, 0.5638376, 0.5323953, 0
0.4355738, 0.5855753, 0.5824227, 0
0.5120423, 0.568942, 0.6420432, 0
0.4243847, 0.5521226, 0.6245012, 0
0.5081263, 0.5616841, 0.6087644, 0
0.4625791, 0.5793074, 0.6185226, 0
0.3927908, 0.5582727, 0.6257764, 0
0.4596337, 0.5599306, 0.653135, 0
0.4025539, 0.5464652, 0.5328171, 0
0.5364113, 0.5728897, 0.5910056, 0
0.4412482, 0.6137963, 0.553314, 0
0.4809474, 0.5716965, 0.6391156, 0
0.4736563, 0.5643207, 0.6546489, 0
0.4249842, 0.5403824, 0.5827461, 0
0.3876913, 0.597154, 0.611017, 0
0.463017, 0.5373456, 0.5641901, 0
0.4874025, 0.6065016, 0.5443242, 0
0.3303828, 0.5772182, 0.5054109, 0
0.418768, 0.6216618, 0.6132071, 0
0.3349921, 0.555902, 0.602901, 0
0.368824, 0.5646042, 0.5984316, 0
0.477667, 0.554995, 0.6104499, 0
0.3855697, 0.6177921, 0.5920372, 0
0.5068353, 0.5712841, 0.6097664, 0
0.5105997, 0.6411536, 0.5931657, 0
0.4012145, 0.5707024, 0.5300116, 0
0.470682, 0.5758947, 0.5799772, 0
0.4017159, 0.5657904, 0.5769413, 0
0.3496968, 0.5339007, 0.5768328, 0
0.4417939, 0.5461388, 0.6136987, 0
0.5124046, 0.6490241, 0.6136724, 0
0.4580317, 0.5495338, 0.6400035, 0
0.3946742, 0.6122786, 0.6141894, 0
0.4084407, 0.53739, 0.5725746, 0
0.5304792, 0.5893562, 0.5514074, 0
0.4971224, 0.5726675, 0.5419245, 0
0.4765384, 0.5706804, 0.5728914, 0
0.4973505, 0.6165302, 0.586313, 0
0.3427107, 0.6055428, 0.5612417, 0
0.3575195, 0.6003662, 0.5834595, 0
0.4421824, 0.577679, 0.5923695, 0
0.3347359, 0.5860192, 0.5161519, 0
0.4591216, 0.6160177, 0.5573419, 0
0.3327216, 0.5897923, 0.6247083, 0
0.5076901, 0.6568354, 0.5976971, 0
0.4359475, 0.6225303, 0.6149423, 0
0.3250166, 0.6137924, 0.5253241, 0
0.3411371, 0.5332825, 0.617723, 0
0.3271811, 0.6156207, 0.5874191, 0
0.3225141, 0.6290985, 0.5860895, 0
0.3369575, 0.6109605, 0.5240142, 0
0.5245128, 0.5940114, 0.6149606, 0
0.4983556, 0.5505135, 0.6338101, 0
0.317109, 0.5392368, 0.5625609, 0
0.4111168, 0.5631308, 0.560598, 0
0.3339434, 0.6035326, 0.6089057, 0
0.4015429, 0.5386448, 0.6028346, 0
0.433337, 0.6308321, 0.6073546, 0
0.3667905, 0.6160235, 0.5544274, 0
0.4564608, 0.6436055, 0.6229833, 0
0.4031346, 0.5704488, 0.6258627, 0
0.4959255, 0.5687116, 0.6619455, 0
0.3304158, 0.5754353, 0.5865873, 0
0.3991405, 0.6434533, 0.5881172, 0
0.4038166, 0.5819117, 0.5379388, 0
0.4683524, 0.604661, 0.5807449, 0
0.5127932, 0.5669088, 0.5675301, 0
0.5228574, 0.5948973, 0.5539107, 0
0.5100468, 0.606338, 0.6541131, 0
0.3561689, 0.5572934, 0.5498592, 0
0.4577167, 0.6040527, 0.5933447, 0
0.4883843, 0.5867347, 0.6678575, 0
0.4776258, 0.6231639, 0.5644276, 0
0.5111888, 0.6087344, 0.6113997, 0
0.4764125, 0.6528206, 0.6114881, 0
0.3344553, 0.6030049, 0.5731994, 0
0.4574957, 0.609204, 0.5941767, 0
0.4836858, 0.6080428, 0.5812415, 0
0.4939531, 0.6343257, 0.6401552, 0
0.4822073, 0.5962659, 0.5924046, 0
0.3668832, 0.6031682, 0.6193549, 0
0.3938247, 0.5477898, 0.6135692, 0
0.3476525, 0.5580105, 0.5291335, 0
0.4971921, 0.6011481, 0.6346196, 0
0.5170979, 0.6490541, 0.5801026, 0
0.5228955, 0.583405, 0.5480488, 0
0.4924545, 0.6445265, 0.572376, 0
0.5026165, 0.6520151, 0.6211424, 0
0.4204487, 0.5890276, 0.5582902, 0
0.3262719, 0.6266643, 0.5587335, 0
0.5161897, 0.6200138, 0.5991937, 0
0.51824, 0.5679511, 0.6225892, 0
0.3290086, 0.5783976, 0.5180933, 0
0.4890299, 0.5804268, 0.6196774, 0
0.5258945, 0.6237305, 0.5844141, 0
0.3745019, 0.6106381, 0.5400198, 0
0.4225024, 0.6487924, 0.5909563, 0
0.3302732, 0.5643095, 0.553741, 0
0.3621466, 0.5878704, 0.5359863, 0
0.3902521, 0.538133, 0.5322248, 0
0.4227998, 0.59505, 0.5300116, 0
0.3525878, 0.5767212, 0.5341431, 0
0.3332152, 0.5386856, 0.5594404, 0
0.3894112, 0.6209917, 0.5518035, 0
0.4037091, 0.5684987, 0.5174307, 0
0.5120834, 0.5717726, 0.6178809, 0
0.3884547, 0.5514798, 0.5599063, 0
0.36077, 0.5674633, 0.5765964, 0
0.3558328, 0.6307891, 0.5918642, 0
0.3091422, 0.5243636, 0.6072986, 0
0.4215065, 0.5551844, 0.5469267, 0
0.3866447, 0.6076361, 0.6142858, 0
0.4499158, 0.6164428, 0.5724226, 0
0.3434733, 0.5762705, 0.5054048, 0
0.340599, 0.5892547, 0.6166727, 0
0.5111516, 0.5596608, 0.5591982, 0
0.5068816, 0.6395363, 0.62561, 0
0.4500406, 0.6204946, 0.5830813, 0
0.3875771, 0.6113989, 0.5749792, 0
0.3878969, 0.578087, 0.5238039, 0
0.407019, 0.5654488, 0.609451, 0
0.3854049, 0.6083953, 0.5857973, 0
0.3785996, 0.6279314, 0.5653843, 0
0.4106594, 0.5979343, 0.6077218, 0
0.3300234, 0.6168936, 0.5245554, 0
0.3892229, 0.6083927, 0.5861479, 0
0.4360363, 0.5424675, 0.635766, 0
0.4515854, 0.5463772, 0.6158516, 0
0.3758954, 0.6049947, 0.5510728, 0
0.3344671, 0.5578582, 0.5085573, 0
0.359287, 0.6363744, 0.5994421, 0
0.4033583, 0.5984285, 0.583434, 0
0.3535238, 0.5746383, 0.5900488, 0
0.4984711, 0.6310651, 0.5546836, 0
0.3561383, 0.5125561, 0.5749809, 0
0.4691902, 0.6464198, 0.5872554, 0
0.4178395, 0.5905457, 0.5767002, 0
0.3830245, 0.5375609, 0.5262088, 0
0.3224704, 0.5280825, 0.6105191, 0
0.4112358, 0.629659, 0.5778901, 0
0.4150379, 0.6236894, 0.5625976, 0
0.4949138, 0.6080943, 0.6123727, 0
0.4556744, 0.6108903, 0.5605865, 0
0.4037344, 0.5604278, 0.575513, 0
0.3425918, 0.5638164, 0.5692049, 0
0.3381607, 0.5900471, 0.6056948, 0
0.3291641, 0.5374075, 0.5645233, 0
0.4112215, 0.5587928, 0.6382635, 0
0.5075057, 0.5443424, 0.5953895, 0
0.4701868, 0.5428787, 0.5512608, 0
0.5126486, 0.6092856, 0.5962365, 0
0.3331222, 0.5350442, 0.6156828, 0
0.4443988, 0.6092897, 0.6533614, 0
0.4688306, 0.6354105, 0.5949927, 0
0.5105411, 0.579506, 0.6543812, 0
0.4456235, 0.551317, 0.5785816, 0
0.3078405, 0.5544626, 0.6068015, 0
0.3621149, 0.6028695, 0.564609, 0
0.4124056, 0.5913984, 0.59157, 0
0.530306, 0.6178557, 0.586748, 0
0.3230826, 0.5668535, 0.598641, 0
0.4637567, 0.6186974, 0.6099059, 0
0.3725949, 0.5425318, 0.630662, 0
0.4117636, 0.6184319, 0.5388556, 0
0.4938107, 0.5875032, 0.6680457, 0
0.517711, 0.6541891, 0.6359444, 0
0.4447885, 0.5755187, 0.6493261, 0
0.335235, 0.6007053, 0.5787921, 0
0.3739887, 0.5410074, 0.5219835, 0
0.4145807, 0.5647569, 0.6381586, 0
0.5049704, 0.544443, 0.6302702, 0
0.4226473, 0.5345538, 0.5473562, 0
0.4967351, 0.5785072, 0.6515409, 0
0.3520198, 0.6206442, 0.5637414, 0
0.438745, 0.5275939, 0.6098428, 0
0.4681343, 0.5526395, 0.6425188, 0
0.4392346, 0.554751, 0.6130329, 0
0.3332753, 0.6001526, 0.6143864, 0
0.469545, 0.6475133, 0.6155845, 0
0.5149166, 0.6169062, 0.5519338, 0
0.4837646, 0.5709235, 0.6219301, 0
0.4741319, 0.6500157, 0.6319798, 0
0.4400008, 0.5795791, 0.6395012, 0
0.4308053, 0.6295944, 0.633002, 0
0.4597521, 0.6000964, 0.6369247, 0
0.3153468, 0.5559012, 0.5743825, 0
0.4558712, 0.5285004, 0.5853647, 0
0.3848106, 0.5650123, 0.5379448, 0
0.3685972, 0.6242263, 0.6213937, 0
0.3878816, 0.5917376, 0.5460717, 0
0.3352379, 0.5611911, 0.5481098, 0
0.3669811, 0.6422248, 0.5669756, 0
0.4999057, 0.5390068, 0.5912011, 0
0.3396588, 0.5682693, 0.5940546, 0
0.4829934, 0.5843458, 0.5882627, 0
0.3197449, 0.5416617, 0.5862379, 0
0.4905826, 0.6370064, 0.6074904, 0
0.4382025, 0.6255916, 0.5515187, 0
0.3237733, 0.5800952, 0.56485, 0
0.491286, 0.5417005, 0.586501, 0
0.5179674, 0.600623, 0.6272256, 0
0.3491037, 0.5143175, 0.5909293, 0
0.5234866, 0.5893229, 0.6074479, 0
0.3358451, 0.5793581, 0.6089204, 0
0.3456586, 0.5902745, 0.5631369, 0
0.4322744, 0.6171047, 0.6316426, 0
0.5193601, 0.5933799, 0.6401168, 0
0.3953634, 0.6140488, 0.5610051, 0
0.4770632, 0.5793548, 0.6064384, 0
0.3379743, 0.5235872, 0.5826076, 0
0.4431678, 0.6439896, 0.6038705, 0
0.3428614, 0.6075994, 0.5657003, 0
0.4057535, 0.6052043, 0.5455744, 0
0.5274287, 0.5427706, 0.6145079, 0
0.3971736, 0.5841801, 0.5865363, 0
0.4596151, 0.6311108, 0.5700102, 0
0.4515884, 0.5920466, 0.5543157, 0
0.4899732, 0.5826222, 0.5550653, 0
0.3878904, 0.6214926, 0.6156404, 0
0.378318, 0.5557434, 0.5672313, 0
0.416217, 0.6215672, 0.5663672, 0
0.4477103, 0.643742, 0.5593111, 0
0.5204076, 0.5429031, 0.6382414, 0
0.325162, 0.6052012, 0.6183466, 0
0.4547388, 0.5756182, 0.637041, 0
0.3705564, 0.5782356, 0.5921577, 0
0.4017709, 0.5341049, 0.6204097, 0
0.4326099, 0.5874249, 0.5298484, 0
0.4380674, 0.6198353, 0.5743363, 0
0.455559, 0.6334868, 0.5522495, 0
0.4373504, 0.5730602, 0.639798, 0
0.4051244, 0.5416316, 0.619288, 0
0.4449788, 0.594883, 0.6084462, 0
0.5082979, 0.6391178, 0.6198268, 0
0.3792212, 0.6340937, 0.612138, 0
0.5207089, 0.6132011, 0.6375314, 0
0.5108295, 0.6030186, 0.5823392, 0
0.4923223, 0.6214811, 0.602942, 0
0.5013846, 0.6355051, 0.5847394, 0
0.3860132, 0.6359137, 0.5774029, 0
0.3351246, 0.5337745, 0.5948769, 0
0.3842042, 0.6386939, 0.5540881, 0
0.3424227, 0.6179182, 0.6077482, 0
0.4737067, 0.5938388, 0.5967073, 0
0.3598542, 0.5538126, 0.5477255, 0
0.4282492, 0.6383514, 0.5865259, 0
0.3486291, 0.6183079, 0.6180778, 0
0.378406, 0.6030399, 0.5726235, 0
0.4063577, 0.6120659, 0.5790315, 0
0.4051487, 0.5865993, 0.5937814, 0
0.3640252, 0.5529805, 0.5604537, 0
0.3249645, 0.5792461, 0.6120507, 0
0.3845045, 0.5635939, 0.6341518, 0
0.5144081, 0.6130717, 0.6407245, 0
0.52346, 0.562701, 0.6168373, 0
0.4242024, 0.5597183, 0.6412112, 0
0.4166236, 0.5322578, 0.5849781, 0
0.3340603, 0.5232812, 0.5856798, 0
0.4974346, 0.6052843, 0.6155736, 0
0.4895605, 0.6181211, 0.6401267, 0
0.4171521, 0.5949208, 0.5829207, 0
0.4679211, 0.5828834, 0.6372309, 0
0.3386685, 0.6133752, 0.6052915, 0
0.3043031, 0.5921824, 0.6174911, 0
0.3312751, 0.565338, 0.6021133, 0
0.3863677, 0.6200674, 0.5802588, 0
0.3944519, 0.5836974, 0.5427781, 0
0.5303553, 0.6235345, 0.5625446, 0
0.4479588, 0.5893247, 0.6580427, 0
0.4858541, 0.5720404, 0.6610501, 0
0.3726359, 0.580681, 0.5919654, 0
0.3175859, 0.5470129, 0.5974902, 0
0.5066081, 0.5609913, 0.5548907, 0
0.49474, 0.6452995, 0.6074017, 0
0.5142685, 0.6443686, 0.595594, 0
0.520397, 0.5783529, 0.6579484, 0
0.3509933, 0.5465603, 0.513015, 0
0.4353024, 0.6339502, 0.5744421, 0
0.4540119, 0.5910047, 0.6239514, 0
0.3484113, 0.5547328, 0.6204584, 0
0.4737165, 0.5647177, 0.577749, 0
0.3790325, 0.5833463, 0.6183808, 0
0.4314694, 0.5782012, 0.6094905, 0
0.3384135, 0.628246, 0.600778, 0
0.4501658, 0.6081188, 0.5869333, 0
0.3460009, 0.5358729, 0.6130092, 0
0.5123383, 0.6206791, 0.6116304, 0
0.4570176, 0.601092, 0.5443164, 0
0.3329487, 0.5420253, 0.5444798, 0
0.469239, 0.6288294, 0.6528271, 0
0.4927832, 0.6299276, 0.5613781, 0
0.3872714, 0.5547527, 0.5737651, 0
0.412273, 0.5950547, 0.6173682, 0
0.4946478, 0.5808697, 0.5565554, 0
0.3564956, 0.5538439, 0.5707503, 0
0.3321718, 0.6314799, 0.5969141, 0
0.4255929, 0.5659087, 0.5742877, 0
0.5220096, 0.6286585, 0.6286816, 0
0.3078226, 0.5605704, 0.6192619, 0
0.3560013, 0.6336943, 0.5736879, 0
0.5174963, 0.5947754, 0.6350326, 0
0.5065916, 0.6006987, 0.6123965, 0
0.5400592, 0.550121, 0.5733056, 0
0.4441532, 0.6019186, 0.6500232, 0
0.4529687, 0.6028107, 0.5355713, 0
0.4925723, 0.5777481, 0.5505117, 0
0.4918405, 0.5577892, 0.6118682, 0
0.5190384, 0.6013598, 0.5426409, 0
0.4117744, 0.63689, 0.620863, 0
0.3239408, 0.6331985, 0.5558431, 0
0.3960896, 0.5655701, 0.6212119, 0
0.4871464, 0.5278226, 0.596531, 0
0.3824849, 0.6234598, 0.626456, 0
0.5140707, 0.6112054, 0.5630296, 0
0.3178962, 0.5990508, 0.5849249, 0
0.534288, 0.561524, 0.6083757, 0
0.3123504, 0.6357345, 0.5544629, 0
0.4053462, 0.5575705, 0.5214415, 0
0.3631696, 0.5276112, 0.591093, 0
0.3470776, 0.5146805, 0.5442628, 0
0.4095283, 0.6085304, 0.5829526, 0
0.5277072, 0.6339397, 0.6016586, 0
0.4734673, 0.6374227, 0.6100482, 0
0.4312171, 0.5728866, 0.6252451, 0
0.3320607, 0.5684031, 0.5452453, 0
0.4439206, 0.5592594, 0.5551139, 0
0.400657, 0.5862194, 0.5960568, 0
0.3780846, 0.5377997, 0.5632474, 0
0.5327643, 0.5436774, 0.5902475, 0
0.4340998, 0.5608929, 0.644482, 0
0.4392613, 0.5396869, 0.5735745, 0
0.5022388, 0.5858341, 0.6253054, 0
0.487818, 0.5939312, 0.6637131, 0
0.526236, 0.5697299, 0.5857288, 0
0.4367764, 0.5816528, 0.5996388, 0
0.3896487, 0.5950028, 0.5349841, 0
0.5254253, 0.6496415, 0.5937689, 0
0.3605267, 0.5920478, 0.6250665, 0
0.4539394, 0.5389832, 0.5641352, 0
0.5047212, 0.5506117, 0.6191542, 0
0.5072627, 0.5998439, 0.5706267, 0
0.3397146, 0.5969102, 0.6106365, 0
0.4896156, 0.5388576, 0.5982637, 0
0.5134584, 0.6273137, 0.5669381, 0
0.4488859, 0.6084751, 0.6120169, 0
0.3434965, 0.5941193, 0.5826606, 0
0.3325376, 0.5641693, 0.5191809, 0
0.4379968, 0.6025992, 0.6539159, 0
0.3122607, 0.5967019, 0.5816239, 0
0.3808901, 0.5646466, 0.6235657, 0
0.4005133, 0.5863534, 0.5182828, 0
0.3093949, 0.5949821, 0.5711507, 0
0.3277327, 0.5241404, 0.552769, 0
0.4807805, 0.6384145, 0.5705802, 0
0.4520636, 0.5933911, 0.6566356, 0
0.3173247, 0.5178295, 0.5912525, 0
0.5236292, 0.5917622, 0.607971, 0
0.3242398, 0.6101458, 0.569461, 0
0.3248678, 0.6059488, 0.525021, 0
0.5166615, 0.6472016, 0.6393778, 0
0.3825501, 0.5909149, 0.5184045, 0
0.3469026, 0.5790913, 0.586575, 0
0.4313319, 0.589653, 0.6554206, 0
0.5050159, 0.6353027, 0.5934072, 0
0.3485182, 0.5973553, 0.6228263, 0
0.4040104, 0.5889432, 0.5854157, 0
0.449101, 0.5669652, 0.5684608, 0
0.4570805, 0.5808496, 0.6331745, 0
0.3583619, 0.6015059, 0.5956166, 0
0.4769894, 0.5947333, 0.650691, 0
0.399941, 0.5278014, 0.5891651, 0
0.3327385, 0.606441, 0.6045109, 0
0.4784401, 0.5408955, 0.5939235, 0
0.3269515, 0.5505906, 0.5227442, 0
0.4807288, 0.5356254, 0.5926606, 0
0.3122452, 0.5828559, 0.5788913, 0
0.5272857, 0.570296, 0.5790147, 0
0.4161009, 0.5311107, 0.5688949, 0
0.4904243, 0.603992, 0.5697876, 0
0.353462, 0.6085866, 0.5294206, 0
0.3459033, 0.5270978, 0.5510797, 0
0.4104802, 0.5231802, 0.5614671, 0
0.3917762, 0.6003922, 0.6011706, 0
0.4423818, 0.6299636, 0.6261004, 0
0.3909765, 0.5799072, 0.6184511, 0
0.4700329, 0.6027601, 0.5574512, 0
0.4594491, 0.605046, 0.5350378, 0
0.3434007, 0.5674098, 0.5974522, 0
0.4702914, 0.5603955, 0.6441849, 0
0.3379826, 0.5150411, 0.555703, 0
0.4657149, 0.5812222, 0.5563189, 0
0.493077, 0.5497558, 0.6482747, 0
0.4932949, 0.5537129, 0.6406443, 0
0.4009107, 0.5658611, 0.570109, 0
0.5294127, 0.550151, 0.5752122, 0
0.5009665, 0.6118169, 0.6021435, 0
0.3982884, 0.5913423, 0.5974, 0
0.3865518, 0.5878578, 0.5289217, 0
0.3945447, 0.5823583, 0.6269023, 0
0.448954, 0.5855094, 0.573525, 0
0.3059733, 0.6133915, 0.5786885, 0
0.4740507, 0.6446261, 0.6404419, 0
0.4491674, 0.584025, 0.5777097, 0
0.4574153, 0.583712, 0.6431584, 0
0.4365847, 0.6130949, 0.6222265, 0
0.5036526, 0.6517961, 0.6407397, 0
0.4604084, 0.6281059, 0.5537443, 0
0.4274289, 0.6453733, 0.6136696, 0
0.3293388, 0.6098546, 0.5256441, 0
0.3433691, 0.5622081, 0.5883068, 0
0.3351991, 0.5811078, 0.5363238, 0
0.4385059, 0.5892413, 0.6356664, 0
0.3605508, 0.586447, 0.5092255, 0
0.4284307, 0.5612657, 0.531302, 0
0.354038, 0.557753, 0.5123119, 0
0.3746708, 0.6027426, 0.5707757, 0
0.4405859, 0.6161211, 0.6092724, 0
0.5106788, 0.6222872, 0.6260075, 0
0.3302803, 0.5328459, 0.5171337, 0
0.4281161, 0.615685, 0.6166173, 0
0.3573509, 0.52899, 0.5291182, 0
0.3144067, 0.587831, 0.6193075, 0
0.4270103, 0.6421161, 0.6090472, 0
0.5215989, 0.5884953, 0.6011636, 0
0.3417572, 0.618614, 0.5486535, 0
0.4493182, 0.5655489, 0.6244047, 0
0.3876431, 0.5390033, 0.6001639, 0
0.4946728, 0.6017923, 0.5906841, 0
0.3477254, 0.6340538, 0.5833927, 0
0.3110086, 0.569892, 0.5807034, 0
0.3680401, 0.6305922, 0.5982096, 0
0.4668652, 0.634452, 0.5748532, 0
0.4149764, 0.5598696, 0.6412731, 0
0.4859177, 0.6019976, 0.564181, 0
0.4356151, 0.6054592, 0.5274982, 0
0.4796628, 0.5509072, 0.5544576, 0
0.3840119, 0.5830549, 0.5215301, 0
0.3627214, 0.6299155, 0.534577, 0
0.3968661, 0.5273715, 0.5963733, 0
0.4819253, 0.5929323, 0.5420682, 0
0.4562783, 0.6027572, 0.6534929, 0
0.463537, 0.5960998, 0.6334498, 0
0.4642969, 0.567071, 0.6004728, 0
0.3495799, 0.544534, 0.5969043, 0
0.5118572, 0.5831311, 0.5838991, 0
0.3980584, 0.5683869, 0.6414934, 0
0.3584718, 0.5867809, 0.6132974, 0
0.444614, 0.6339638, 0.5504071, 0
0.4521628, 0.5970232, 0.5564023, 0
0.4747287, 0.5490679, 0.5611892, 0
0.3564787, 0.5935453, 0.6194863, 0
0.3991148, 0.5448877, 0.6047946, 0
0.3648959, 0.6210291, 0.5874254, 0
0.4342653, 0.5900036, 0.6448521, 0
0.4751302, 0.5414252, 0.5615879, 0
0.4321, 0.5696719, 0.5381184, 0
0.3304907, 0.6121337, 0.5644282, 0
0.327531, 0.567483, 0.6085043, 0
0.5152503, 0.5599715, 0.6250044, 0
0.4347757, 0.6330375, 0.5891813, 0
0.5025901, 0.5887385, 0.6336303, 0
0.3406062, 0.586983, 0.5279883, 0
0.3974266, 0.5295621, 0.5910594, 0
0.3387605, 0.5468934, 0.5763398, 0
0.5300452, 0.5730817, 0.5738239, 0
0.3676254, 0.6056016, 0.6234414, 0
0.3677181, 0.6025808, 0.573673, 0
0.3932242, 0.5962148, 0.5354359, 0
0.3835197, 0.6099783, 0.5426279, 0
0.3225122, 0.5921031, 0.5083784, 0
0.4463601, 0.5875663, 0.6542604, 0
0.4456666, 0.5300273, 0.5919422, 0
0.4496356, 0.6259124, 0.6114594, 0
0.4923558, 0.6190417, 0.634916, 0
0.4156856, 0.6029302, 0.6039352, 0
0.4983571, 0.5576081, 0.6255512, 0
0.5229802, 0.6313913, 0.6207992, 0
0.4771884, 0.5508592, 0.6205462, 0
0.4774036, 0.5910751, 0.606931, 0
0.3916243, 0.5935757, 0.6392484, 0
0.5089408, 0.5990781, 0.5730959, 0
0.4697019, 0.5930015, 0.5657769, 0
0.432524, 0.5306621, 0.5784046, 0
0.3323212, 0.5883486, 0.5113567, 0
0.4627797, 0.5556996, 0.639196, 0
0.4613139, 0.5848354, 0.6283001, 0
0.4080012, 0.6051751, 0.5490322, 0
0.4676054, 0.561845, 0.5947297, 0
0.4009158, 0.5580736, 0.5710255, 0
0.4734457, 0.5420679, 0.5623748, 0
0.4829733, 0.6301489, 0.6363647, 0
0.365213, 0.6301745, 0.5580479, 0
0.3714039, 0.5497584, 0.5362691, 0
0.4382798, 0.5582535, 0.5893275, 0
0.5153914, 0.6182688, 0.6501995, 0
0.3538253, 0.5494512, 0.5570707, 0
0.3940828, 0.6277055, 0.628035, 0
0.4956633, 0.5717442, 0.6353948, 0
0.4969159, 0.6481696, 0.6417137, 0
0.4923814, 0.5756927, 0.5466537, 0
0.4011047, 0.6181239, 0.5370842, 0
0.4175173, 0.641005, 0.5798051, 0
0.44322, 0.5915793, 0.5756879, 0
0.4359298, 0.6235702, 0.5713376, 0
0.3340345, 0.5258107, 0.5904672, 0
0.4940007, 0.572246, 0.600435, 0
0.3335338, 0.5180456, 0.5892628, 0
0.4186026, 0.6312157, 0.5703256, 0
0.3624119, 0.558593, 0.6125523, 0
0.5348131, 0.567692, 0.5772889, 0
0.4193605, 0.6285554, 0.5570503, 0
0.3657922, 0.6264476, 0.5433922, 0
0.3433671, 0.5308324, 0.5403052, 0
0.4327879, 0.627399, 0.6340963, 0
0.4225129, 0.5576965, 0.5914423, 0
0.4116857, 0.6270872, 0.5671064, 0
0.4262282, 0.601304, 0.6296529, 0
0.4946164, 0.6322658, 0.5875524, 0
0.4166449, 0.5394334, 0.6000859, 0
0.5315742, 0.5426214, 0.6266311, 0
0.3899403, 0.5483695, 0.6285164, 0
0.358452, 0.6166626, 0.6013095, 0
0.4904685, 0.5972036, 0.6592104, 0
0.3061891, 0.6124502, 0.6055287, 0
0.3101053, 0.5997539, 0.5994729, 0
0.4082878, 0.6359292, 0.5956964, 0
0.4619367, 0.6345218, 0.5831816, 0
0.3206139, 0.5658265, 0.5477939, 0
0.4675849, 0.5563833, 0.5506796, 0
0.3960009, 0.5414631, 0.5309881, 0
0.4683782, 0.6160672, 0.6265686, 0
0.4329026, 0.5905192, 0.5515206, 0
0.3686057, 0.5666524, 0.5741122, 0
0.3306485, 0.588986, 0.6282336, 0
0.3701204, 0.5708245, 0.5896561, 0
0.360456, 0.5609527, 0.5118499, 0
0.3357452, 0.5990769, 0.5811408, 0
0.3172651, 0.5233907, 0.5907342, 0
0.3831109, 0.6125047, 0.6218839, 0
0.4670652, 0.5567534, 0.5537275, 0
0.4782654, 0.6153472, 0.5850837, 0
0.4895405, 0.5627176, 0.6525982, 0
0.340682, 0.5745825, 0.568244, 0
0.5188779, 0.5762931, 0.6077565, 0
0.5057902, 0.6578932, 0.6206203, 0
0.3944332, 0.5679783, 0.60689, 0
0.4864225, 0.5856031, 0.5465521, 0
0.4683926, 0.5669783, 0.6240519, 0
0.434615, 0.600184, 0.5379564, 0
0.3318695, 0.5604268, 0.6267852, 0
0.5043386, 0.5631952, 0.6279292, 0
0.4790687, 0.6186602, 0.5607471, 0
0.4574632, 0.5873439, 0.590036, 0
0.3892554, 0.5288054, 0.5717271, 0
0.3093749, 0.6087205, 0.5672623, 0
0.3996326, 0.6153081, 0.5434914, 0
0.3150814, 0.5997747, 0.5412406, 0
0.4209711, 0.6250361, 0.5819415, 0
0.4831019, 0.5648398, 0.5619685, 0
0.4874714, 0.5800497, 0.6115965, 0
0.3930602, 0.6142104, 0.6077262, 0
0.4856397, 0.5778439, 0.62179, 0
0.4826351, 0.5838738, 0.626737, 0
0.3050402, 0.5885137, 0.5983155, 0
0.3082313, 0.613964, 0.6115106, 0
0.4595744, 0.6244581, 0.6080498, 0
0.4960352, 0.6527232, 0.5751585, 0
0.4061303, 0.5953658, 0.6163921, 0
0.3993981, 0.5930926, 0.6148037, 0
0.4197918, 0.6265352, 0.5412552, 0
0.443902, 0.6299302, 0.5418915, 0
0.3877102, 0.5687805, 0.5850483, 0
0.4874932, 0.5871421, 0.6453129, 0
0.493263, 0.5872473, 0.5498535, 0
0.4062383, 0.6134549, 0.5645474, 0
0.3778427, 0.5707466, 0.6169624, 0
0.3865891, 0.5293178, 0.5640295, 0
0.4031724, 0.5823228, 0.612885, 0
0.3902307, 0.5575783, 0.5814219, 0
0.4656215, 0.5898783, 0.5387964, 0
0.5045751, 0.6568015, 0.6283816, 0
0.353671, 0.529037, 0.5709121, 0
0.4448142, 0.6393282, 0.5857399, 0
0.4499224, 0.5840223, 0.6500608, 0
0.483642, 0.6580933, 0.6039505, 0
0.4732716, 0.5863448, 0.6213694, 0
0.4798917, 0.6258781, 0.5530108, 0
0.4600986, 0.5344121, 0.5635269, 0
0.47203, 0.6533332, 0.5960001, 0
0.4231385, 0.5822556, 0.6091592, 0
0.4783491, 0.6336494, 0.634315, 0
0.4446091, 0.5447631, 0.6301543, 0
0.3909928, 0.5968093, 0.6384126, 0
0.4612113, 0.5520746, 0.5736532, 0
0.413978, 0.5682158, 0.6176184, 0
0.3292796, 0.5895962, 0.5260138, 0
0.3110242, 0.5276274, 0.5969462, 0
0.3787204, 0.6303457, 0.5529072, 0
0.4988344, 0.6108838, 0.5403087, 0
0.4784152, 0.5834622, 0.6395881, 0
0.3203641, 0.5810695, 0.5701615, 0
0.4125187, 0.587315, 0.5255702, 0
0.4998879, 0.5682961, 0.6104411, 0
0.4664512, 0.6356001, 0.5542186, 0
0.3956442, 0.5165667, 0.575344, 0
0.3472252, 0.5488651, 0.5430155, 0
0.4265538, 0.5406848, 0.5683344, 0
0.3214433, 0.5408983, 0.5673307, 0
0.3592196, 0.5779182, 0.5536516, 0
0.4798083, 0.5815362, 0.5552402, 0
0.4925396, 0.6394742, 0.6464819, 0
0.3318492, 0.5807874, 0.5435477, 0
0.450845, 0.5955932, 0.5693333, 0
0.4004194, 0.5602141, 0.5493893, 0
0.4325658, 0.5384123, 0.567834, 0
0.4824597, 0.573327, 0.5868006, 0
0.385315, 0.5666826, 0.5877199, 0
0.3344012, 0.6067645, 0.5154143, 0
0.3631185, 0.5817735, 0.5301503, 0
0.374172, 0.5824164, 0.5639792, 0
0.3454514, 0.5253711, 0.5816107, 0
0.352865, 0.5284258, 0.5972055, 0
0.5004033, 0.6170727, 0.565497, 0
0.4459597, 0.6232805, 0.5976852, 0
0.5164915, 0.5365874, 0.6014695, 0
0.4148375, 0.5444122, 0.531239, 0
0.4227967, 0.5745298, 0.6209246, 0
0.327338, 0.5964382, 0.6236537, 0
0.4807954, 0.5786858, 0.6579552, 0
0.4087984, 0.5671033, 0.6176517, 0
0.4841844, 0.5925753, 0.6186244, 0
0.3504469, 0.6176102, 0.6123637, 0
0.4100246, 0.6154994, 0.5521805, 0
0.432653, 0.5668792, 0.6432719, 0
0.3723683, 0.56553, 0.5336916, 0
0.3532782, 0.5230789, 0.5941235, 0
0.4029969, 0.6022034, 0.5763686, 0
0.4456726, 0.6465971, 0.6175448, 0
0.4532694, 0.5320744, 0.559572, 0
0.4460948, 0.5780905, 0.5883176, 0
0.3264098, 0.5077303, 0.574092, 0
0.5064684, 0.5561398, 0.5816284, 0
0.4064124, 0.6110796, 0.606748, 0
0.4282556, 0.6430648, 0.565424, 0
0.4780101, 0.6070417, 0.6106051, 0
0.3439988, 0.5535468, 0.5447646, 0
0.3523103, 0.5952333, 0.6176597, 0
0.4776986, 0.5428753, 0.6092438, 0
0.4954553, 0.5731339, 0.5424435, 0
0.4673643, 0.6036896, 0.6151898, 0
0.353374, 0.6112859, 0.5738222, 0
0.4532453, 0.6460451, 0.6015261, 0
0.4425173, 0.6053606, 0.5991148, 0
0.4895588, 0.5901853, 0.6026981, 0
0.3353683, 0.5789453, 0.5312878, 0
0.4833047, 0.5765948, 0.6013618, 0
0.503468, 0.6202637, 0.5887449, 0
0.4084729, 0.5642244, 0.6035542, 0
0.4838392, 0.5705358, 0.5770772, 0
0.4775155, 0.6006975, 0.6484171, 0
0.4515222, 0.5723975, 0.5545011, 0
0.3455006, 0.6075783, 0.5708194, 0
0.4448639, 0.6380532, 0.6152157, 0
0.353855, 0.6011409, 0.5730772, 0
0.4245967, 0.5385036, 0.5569866, 0
0.3656205, 0.6108097, 0.5177295, 0
0.3164785, 0.5727375, 0.6092836, 0
0.4627996, 0.6289762, 0.6451238, 0
0.4487738, 0.5597838, 0.5770661, 0
0.353349, 0.5842423, 0.6055226, 0
0.4927477, 0.5543178, 0.6391761, 0
0.3730593, 0.6242715, 0.5646156, 0
0.3648502, 0.5963609, 0.5945194, 0
0.506477, 0.5830191, 0.6615787, 0
0.400971, 0.6027266, 0.5255141, 0
0.3250537, 0.5844725, 0.5844567, 0
0.4951916, 0.6062577, 0.5840094, 0
0.3661272, 0.6232747, 0.5591888, 0
0.3609981, 0.5633044, 0.56542, 0
0.4879932, 0.6397825, 0.6086577, 0
0.3502499, 0.5995406, 0.5312853, 0
0.4275715, 0.5385054, 0.6147607, 0
0.4255453, 0.5446908, 0.6265199, 0
0.3795965, 0.5737523, 0.5962466, 0
0.5228605, 0.5634618, 0.6033103, 0
0.3311666, 0.529292, 0.5221862, 0
0.3754962, 0.5610397, 0.5375874, 0
0.4344188, 0.6150802, 0.5525832, 0
0.4350026, 0.5430043, 0.6073483, 0
0.3720115, 0.5214607, 0.6069971, 0
0.4591398, 0.6116661, 0.631896, 0
0.4939538, 0.5808049, 0.656405, 0
0.3881461, 0.5634057, 0.5698251, 0
0.4120098, 0.6189344, 0.6094165, 0
0.3831273, 0.61475, 0.6271797, 0
0.428103, 0.5966219, 0.5811853, 0
0.3940574, 0.6178324, 0.5622731, 0
0.4824981, 0.5662937, 0.6585179, 0
0.355391, 0.5463237, 0.5560908, 0
0.3115202, 0.6013754, 0.6161481, 0
0.4146412, 0.5954862, 0.6004012, 0
0.3563448, 0.6339158, 0.5616411, 0
0.3734081, 0.5321062, 0.5471807, 0
0.4276374, 0.5741667, 0.5595189, 0
0.4429466, 0.5756969, 0.5267912, 0
0.3726259, 0.5457013, 0.5942156, 0
0.4765932, 0.5322352, 0.5721008, 0
0.3876768, 0.5240465, 0.5949177, 0
0.3531494, 0.5434098, 0.5623711, 0
0.4020947, 0.5440885, 0.6243492, 0
0.3776106, 0.6159191, 0.569543, 0
0.3325883, 0.5866405, 0.540642, 0
0.4364375, 0.5681626, 0.5997274, 0
0.3697849, 0.6048622, 0.6074221, 0
0.3273826, 0.5103525, 0.5788735, 0
0.3908981, 0.5338093, 0.5548939, 0
0.3875739, 0.5471225, 0.6032688, 0
0.4853643, 0.6464254, 0.5717058, 0
0.3316646, 0.5755978, 0.5533081, 0
0.5088776, 0.6156583, 0.6687539, 0
0.523394, 0.564387, 0.6274862, 0
0.4759971, 0.5453041, 0.6169701, 0
0.4814687, 0.5912119, 0.6600258, 0
0.4557879, 0.6475972, 0.6114047, 0
0.3636867, 0.5365381, 0.5620304, 0
0.5155655, 0.5779427, 0.6222259, 0
0.3404714, 0.5094063, 0.5620241, 0
0.3225393, 0.589963, 0.6019949, 0
0.3434159, 0.5308326, 0.5691622, 0
0.4600909, 0.5896044, 0.6017792, 0
0.3244798, 0.6115105, 0.6001346, 0
0.3876928, 0.5750743, 0.5376647, 0
0.4092662, 0.6373459, 0.6169226, 0
0.4242864, 0.57761, 0.604669, 0
0.3620795, 0.5593112, 0.6345106, 0
0.4685439, 0.5590237, 0.6204189, 0
0.4165392, 0.5837508, 0.59378, 0
0.3514059, 0.6028054, 0.5775908, 0
0.3801123, 0.5376824, 0.5326856, 0
0.4612412, 0.5677924, 0.5715051, 0
0.5130789, 0.5843566, 0.5713415, 0
0.3685592, 0.539418, 0.5976399, 0
0.5377782, 0.6115928, 0.5623436, 0
0.3805872, 0.5618325, 0.5744413, 0
0.3704263, 0.5466231, 0.6158227, 0
0.4537074, 0.5675809, 0.6100353, 0
0.5103356, 0.610603, 0.5694811, 0
0.4489084, 0.6339787, 0.5943981, 0
0.4450531, 0.5471665, 0.5890153, 0
0.462975, 0.6442292, 0.5976456, 0
0.3270623, 0.5732659, 0.6233361, 0
0.4359857, 0.6243531, 0.5639135, 0
0.4864033, 0.5495985, 0.5925443, 0
0.3551003, 0.5792392, 0.5210329, 0
0.3390301, 0.5592291, 0.5675788, 0
0.4985692, 0.5661181, 0.5522723, 0
0.4905723, 0.6004216, 0.5485198, 0
0.3818481, 0.5541092, 0.5933136, 0
0.3587365, 0.5945842, 0.5682091, 0
0.385348, 0.5212154, 0.5577272, 0
0.3594557, 0.6121352, 0.6064012, 0
0.3689059, 0.6092174, 0.5592547, 0
0.3591834, 0.5306551, 0.6100232, 0
0.3687306, 0.6043609, 0.6284966, 0
0.4319977, 0.5486022, 0.6046305, 0
0.46725, 0.6059373, 0.5790972, 0
0.3949896, 0.6028668, 0.5844935, 0
0.4644367, 0.5632481, 0.5815517, 0
0.4059266, 0.6214249, 0.5702816, 0
0.5006918, 0.5501706, 0.6332726, 0
0.4775367, 0.5898867, 0.6288757, 0
0.405347, 0.5588377, 0.6162708, 0
0.3906089, 0.5507608, 0.5904872, 0
0.3590982, 0.5916873, 0.5362127, 0
0.38974, 0.5829412, 0.5737145, 0
0.3602143, 0.5771568, 0.5130633, 0
0.5025863, 0.5604019, 0.6518328, 0
0.4249277, 0.6252232, 0.5804472, 0
0.4211352, 0.6163293, 0.6447827, 0
0.4068447, 0.565031, 0.5752093, 0
0.4986476, 0.558779, 0.6288519, 0
0.3482753, 0.5374985, 0.5840418, 0
0.4193248, 0.5668061, 0.5354561, 0
0.3427607, 0.5704259, 0.5408481, 0
0.3591912, 0.5990193, 0.6314413, 0
0.5046735, 0.5938083, 0.546837, 0
0.4646993, 0.6384973, 0.5785591, 0
0.3400639, 0.6351894, 0.5451989, 0
0.4223094, 0.5535699, 0.5732383, 0
0.4362426, 0.5322952, 0.5884183, 0
0.4493279, 0.6431018, 0.6157923, 0
0.4864288, 0.5488913, 0.5669318, 0
0.3748646, 0.6339681, 0.6096243, 0
0.3807848, 0.6345958, 0.5545006, 0
0.4968262, 0.6474226, 0.637365, 0
0.5039731, 0.6518105, 0.5857735, 0
0.5064306, 0.6107333, 0.6251721, 0
0.3113477, 0.5968041, 0.5732679, 0
0.340021, 0.5701546, 0.5535136, 0
0.4673042, 0.5395312, 0.6087739, 0
0.4499653, 0.6461747, 0.6253977, 0
0.4075169, 0.5944546, 0.5754324, 0
0.5204535, 0.5567906, 0.5755026, 0
0.4004062, 0.5468076, 0.5374058, 0
0.5425056, 0.5566893, 0.5630109, 0
0.4109925, 0.5611479, 0.5811982, 0
0.3496335, 0.5579209, 0.5229879, 0
0.3590903, 0.611134, 0.5764327, 0
0.3699743, 0.5305753, 0.6171933, 0
0.3082394, 0.622338, 0.5594452, 0
0.3354714, 0.5933327, 0.5193939, 0
0.4697736, 0.5259181, 0.5897998, 0
0.529847, 0.5587656, 0.6028197, 0
0.3712013, 0.5866795, 0.5240824, 0
0.5298306, 0.6086286, 0.5815402, 0
0.4238724, 0.6089826, 0.5813869, 0
0.339235, 0.5505319, 0.5321312, 0
0.3815828, 0.6139508, 0.6319429, 0
0.3622327, 0.5466111, 0.5667358, 0
0.3766764, 0.5923957, 0.6291439, 0
0.363615, 0.5848945, 0.6310812, 0
0.3501855, 0.5630112, 0.5487365, 0
0.3280785, 0.6118855, 0.5823367, 0
0.4544462, 0.6055998, 0.5513162, 0
0.3756112, 0.5584276, 0.5695742, 0
0.4692623, 0.5975879, 0.6078506, 0
0.3523715, 0.6419418, 0.5719237, 0
0.4792716, 0.5507997, 0.569773, 0
0.3079606, 0.571806, 0.6130443, 0
0.463409, 0.5899981, 0.6453726, 0
0.5051107, 0.550855, 0.610901, 0
0.3244043, 0.6215951, 0.53878, 0
0.3334081, 0.6307393, 0.599255, 0
0.4184945, 0.5555355, 0.6212282, 0
0.3583244, 0.6064432, 0.5743182, 0
0.3197924, 0.530823, 0.5631256, 0
0.5189837, 0.5378633, 0.6279188, 0
0.413721, 0.6104131, 0.5617716, 0
0.4205952, 0.5552979, 0.6135353, 0
0.4439282, 0.5318735, 0.5973275, 0
0.4461095, 0.6457785, 0.5708438, 0
0.5111066, 0.5557, 0.64243, 0
0.3964597, 0.6108125, 0.6333354, 0
0.411464, 0.5936522, 0.6439077, 0
0.3811195, 0.6247799, 0.5723583, 0
0.4867303, 0.5760003, 0.6530447, 0
0.3671589, 0.6152191, 0.617864, 0
0.3724999, 0.6008386, 0.5801087, 0
0.5221639, 0.5924023, 0.5986203, 0
0.392854, 0.5249417, 0.5782433, 0
0.3492167, 0.5185266, 0.5669879, 0
0.4353653, 0.6131834, 0.6197345, 0
0.3822612, 0.6117762, 0.5692199, 0
0.3626908, 0.63973, 0.5691932, 0
0.3882958, 0.601203, 0.5577889, 0
0.3285486, 0.5349438, 0.5330741, 0
0.4639181, 0.569636, 0.5884812, 0
0.4735016, 0.6015832, 0.5719044, 0
0.4998685, 0.5940094, 0.6192378, 0
0.4297043, 0.6216663, 0.6013213, 0
0.4750023, 0.6522745, 0.6198857, 0
0.4056876, 0.599615, 0.6337309, 0
0.3916207, 0.523149, 0.5548201, 0
0.3160847, 0.6355534, 0.5598816, 0
0.3660595, 0.5399532, 0.5424838, 0
0.4681821, 0.6413851, 0.6164179, 0
0.4027992, 0.5598375, 0.5937836, 0
0.4596275, 0.5876584, 0.6506957, 0
0.4474576, 0.5616819, 0.5459353, 0
0.4434104, 0.5487224, 0.6013525, 0
0.4082663, 0.5326172, 0.5884072, 0
0.5106653, 0.6451572, 0.6188135, 0
0.5233883, 0.5583866, 0.6246439, 0
0.3975621, 0.5428154, 0.528058, 0
0.4679305, 0.5738535, 0.5520157, 0
0.4389806, 0.5649379, 0.5867813, 0
0.4042309, 0.5662093, 0.5234378, 0
0.4991292, 0.5436884, 0.5740292, 0
0.3323111, 0.5934221, 0.5447847, 0
0.5155318, 0.6041074, 0.6160244, 0
0.382999, 0.5976799, 0.6386289, 0
0.3736161, 0.5570139, 0.6039683, 0
0.485951, 0.5978316, 0.5462111, 0
0.3119279, 0.6004457, 0.6175864, 0
0.3766042, 0.5906939, 0.5308888, 0
0.3728732, 0.5927439, 0.6391768, 0
0.4142738, 0.539398, 0.5405723, 0
0.4693717, 0.5997412, 0.572054, 0
0.3744462, 0.6173201, 0.5701259, 0
0.4707229, 0.5547255, 0.560485, 0
0.5028454, 0.6464455, 0.644705, 0
0.3425989, 0.6080035, 0.5707132, 0
0.4943012, 0.6493633, 0.6300063, 0
0.5009581, 0.5601535, 0.6371704, 0
0.4548689, 0.6054446, 0.5346569, 0
0.3461754, 0.5987503, 0.5778935, 0
0.3710393, 0.5640456, 0.5478094, 0
0.3147897, 0.5542191, 0.6046599, 0
0.5023095, 0.5692977, 0.6210254, 0
0.3636262, 0.6061963, 0.5523246, 0
0.3580543, 0.5579866, 0.5847821, 0
0.4823512, 0.5643097, 0.5752009, 0
0.4641564, 0.6454281, 0.6270508, 0
0.4889644, 0.5365481, 0.5926299, 0
0.3190831, 0.533889, 0.6083607, 0
0.3599756, 0.5807898, 0.5094169, 0
0.4827085, 0.6180637, 0.6166875, 0
0.4556085, 0.5249726, 0.5840212, 0
0.4341658, 0.5459578, 0.5796747, 0
0.3682981, 0.5291199, 0.5496904, 0
0.5035926, 0.6235753, 0.6003296, 0
0.3861206, 0.5580783, 0.6086487, 0
0.4569776, 0.5602965, 0.5948526, 0
0.4449535, 0.5517719, 0.6337035, 0
0.5267447, 0.5523952, 0.5696335, 0
0.4419428, 0.5539544, 0.6386218, 0
0.4705139, 0.63969, 0.5531874, 0
0.343116, 0.6249319, 0.5929397, 0
0.4036256, 0.565966, 0.6284276, 0
0.3991742, 0.5308492, 0.5605164, 0
0.4037178, 0.5962942, 0.6016521, 0
0.4217893, 0.580262, 0.5657627, 0
0.4693785, 0.5659207, 0.5619522, 0
0.4924024, 0.5400987, 0.6157554, 0
0.4221939, 0.5775939, 0.6156961, 0
0.487179, 0.5973666, 0.5531218, 0
0.4838116, 0.5778218, 0.6058884, 0
0.4491883, 0.6413719, 0.5573383, 0
0.5290713, 0.6393493, 0.584919, 0
0.4050968, 0.5445131, 0.5560888, 0
0.420185, 0.639028, 0.6099231, 0
0.4900401, 0.557108, 0.5764939, 0
0.4829132, 0.6195785, 0.6435923, 0
0.3806292, 0.5208082, 0.560514, 0
0.4767689, 0.6109849, 0.5380101, 0
0.4332573, 0.5801043, 0.5378002, 0
0.3553672, 0.6217074, 0.5385664, 0
0.5242076, 0.6506867, 0.5722142, 0
0.3934297, 0.6309777, 0.6132759, 0
0.3304656, 0.5926393, 0.5223935, 0
0.5007924, 0.6224188, 0.6365308, 0
0.3473885, 0.623504, 0.6174735, 0
0.4774638, 0.6578472, 0.6027368, 0
0.4551362, 0.6033608, 0.567901, 0
0.3969648, 0.6304566, 0.5451627, 0
0.4295607, 0.6509877, 0.5976647, 0
0.5279043, 0.5586162, 0.6266915, 0
0.3305246, 0.5439815, 0.5123312, 0
0.4024919, 0.5369777, 0.5395043, 0
0.4028976, 0.5404202, 0.6193466, 0
0.4347582, 0.6453652, 0.6112758, 0
0.4730586, 0.5547076, 0.6270113, 0
0.5082439, 0.6485452, 0.6403089, 0
0.5028058, 0.5823874, 0.5523267, 0
0.4912661, 0.5974736, 0.6246612, 0
0.5233783, 0.592981, 0.5858359, 0
0.4897191, 0.582895, 0.6150935, 0
0.3977073, 0.603163, 0.5797955, 0
0.3247395, 0.5625716, 0.5231525, 0
0.4382652, 0.6045598, 0.6555641, 0
0.4510701, 0.6117222, 0.5729185, 0
0.3106484, 0.6267231, 0.5661917, 0
0.479665, 0.6222525, 0.6118153, 0
0.3869124, 0.5946345, 0.5314714, 0
0.3341711, 0.6019794, 0.5804306, 0
0.4681174, 0.6469046, 0.6031166, 0
0.4991668, 0.6442828, 0.6208538, 0
0.4331041, 0.5750145, 0.6191803, 0
0.4084131, 0.543376, 0.5824903, 0
0.5452976, 0.5875016, 0.5489221, 0
0.3526102, 0.5559356, 0.5670921, 0
0.4821875, 0.5737486, 0.6309285, 0
0.5047968, 0.5440303, 0.6169377, 0
0.3252743, 0.6226675, 0.6021063, 0
0.5091556, 0.5622985, 0.5696057, 0
0.4724051, 0.5324034, 0.6127602, 0
0.4899204, 0.5631284, 0.5947527, 0
0.4179755, 0.5724578, 0.6259817, 0
0.3523829, 0.5403774, 0.6163278, 0
0.3993758, 0.5984907, 0.5587112, 0
0.5162174, 0.5886845, 0.5610614, 0
0.3222314, 0.5421006, 0.6176045, 0
0.447346, 0.5357527, 0.6215866, 0
0.5093995, 0.6291668, 0.6423358, 0
0.3385041, 0.549257, 0.5212859, 0
0.3150062, 0.5719413, 0.608493, 0
0.4548527, 0.6358073, 0.5961602, 0
0.3842794, 0.5335867, 0.5641811, 0
0.3925622, 0.5764192, 0.5511798, 0
0.4085503, 0.585475, 0.6102157, 0
0.365905, 0.5538363, 0.5422504, 0
0.3596314, 0.6186677, 0.5321833, 0
0.5359665, 0.5839986, 0.5828693, 0
0.4498883, 0.5649309, 0.6020702, 0
0.3509791, 0.5536689, 0.5294748, 0
0.4012178, 0.6040921, 0.5466989, 0
0.4818267, 0.5293585, 0.5923306, 0
0.3069663, 0.6085995, 0.5833573, 0
0.5411632, 0.5979249, 0.5464345, 0
0.5229324, 0.5604888, 0.6077463, 0
0.4735756, 0.6234574, 0.6000385, 0
0.4680712, 0.6132519, 0.5590322, 0
0.3910004, 0.5938531, 0.520742, 0
0.4212557, 0.6029137, 0.5457951, 0
0.3811554, 0.5354405, 0.6042362, 0
0.3687561, 0.6133685, 0.6160718, 0
0.3327194, 0.5889527, 0.6207683, 0
0.5245057, 0.5997303, 0.604135, 0
0.5052485, 0.5646644, 0.5877447, 0
0.3858812, 0.5350512, 0.6169609, 0
0.5091273, 0.659893, 0.5980515, 0
0.5022155, 0.6315135, 0.5514805, 0
0.4612541, 0.5920402, 0.5773346, 0
0.4044142, 0.5615132, 0.5972671, 0
0.4472342, 0.5880291, 0.5390323, 0
0.4271521, 0.5483116, 0.5339568, 0
0.4820608, 0.5818261, 0.5922967, 0
0.3342726, 0.546549, 0.6179761, 0
0.5274524, 0.5904952, 0.6129977, 0
0.3513596, 0.6240423, 0.5368702, 0
0.4313502, 0.642584, 0.6247854, 0
0.4484001, 0.6442774, 0.5991103, 0
0.427041, 0.5307112, 0.5859872, 0
0.5246485, 0.5904323, 0.5623367, 0
0.3793322, 0.5398915, 0.5743585, 0
0.3836965, 0.6380725, 0.5496162, 0
0.3120596, 0.5519701, 0.5774606, 0
0.3302515, 0.5774634, 0.5532997, 0
0.4876316, 0.6229597, 0.5478988, 0
0.4423983, 0.5858462, 0.6496522, 0
0.3489058, 0.6156657, 0.5354688, 0
0.3930557, 0.6022224, 0.6201346, 0
0.5086942, 0.6484114, 0.6466522, 0
0.4536251, 0.5692804, 0.6117142, 0
0.4105896, 0.5602, 0.5367951, 0
0.4987251, 0.5663027, 0.6117945, 0
0.5336199, 0.5858146, 0.5535466, 0
0.468396, 0.5807414, 0.5869539, 0
0.4646861, 0.5687032, 0.6106539, 0
0.4384289, 0.6208485, 0.5912914, 0
0.3343759, 0.5553305, 0.5161015, 0
0.4835424, 0.5867, 0.6480195, 0
0.3628733, 0.5697224, 0.5296503, 0
0.4484745, 0.560318, 0.5777452, 0
0.4106082, 0.5853659, 0.5592703, 0
0.3727911, 0.5683239, 0.6122465, 0
0.5043355, 0.628168, 0.5526709, 0
0.3835069, 0.5750477, 0.5841317, 0
0.4781546, 0.6389341, 0.642001, 0
0.45903, 0.6497025, 0.6145906, 0
0.4476508, 0.6041746, 0.5602309, 0
0.3616894, 0.5458051, 0.518427, 0
0.3377262, 0.5391841, 0.6202301, 0
0.3200672, 0.5927973, 0.5502176, 0
0.3649584, 0.6230542, 0.5544444, 0
0.4310644, 0.5778062, 0.6349238, 0
0.3359013, 0.6072042, 0.5234978, 0
0.3828487, 0.6149343, 0.5312011, 0
0.3434592, 0.6105351, 0.5985636, 0
0.4475698, 0.5795783, 0.6202618, 0
0.3086345, 0.5974316, 0.5684574, 0
0.4967282, 0.6091201, 0.5774159, 0
0.4408681, 0.6269885, 0.6169025, 0
0.330069, 0.5868873, 0.5114202, 0
0.4888599, 0.5992875, 0.6216068, 0
0.3470954, 0.6125482, 0.6172681, 0
0.3776345, 0.5362715, 0.597654, 0
0.3270747, 0.5624256, 0.5222188, 0
0.456895, 0.5875868, 0.6284097, 0
0.4979841, 0.6370686, 0.5980744, 0
0.5107959, 0.6345804, 0.5708826, 0
0.4552891, 0.5624278, 0.5953413, 0
0.4401651, 0.5988874, 0.529201, 0
0.4015183, 0.6170197, 0.5348024, 0
0.4941025, 0.6072922, 0.6362413, 0
0.4827837, 0.6104979, 0.5521348, 0
0.4214281, 0.6377827, 0.6078303, 0
0.5098003, 0.6176499, 0.5998474, 0
0.3913774, 0.5428184, 0.6028342, 0
0.5106764, 0.608171, 0.6394148, 0
0.5004344, 0.5744903, 0.5859898, 0
0.402917, 0.5895781, 0.5497261, 0
0.5301325, 0.6362495, 0.5786524, 0
0.5213165, 0.535417, 0.6026306, 0
0.3449857, 0.5756816, 0.5794733, 0
0.4421001, 0.61248, 0.545399, 0
0.416741, 0.6425346, 0.5904049, 0
0.452175, 0.6302113, 0.620333, 0
0.387128, 0.6352239, 0.6137941, 0
0.4619283, 0.6353056, 0.5854351, 0
0.3076274, 0.5889571, 0.6182982, 0
0.3152171, 0.5261174, 0.5970447, 0
0.4978111, 0.5981217, 0.5800738, 0
0.3733234, 0.5711812, 0.5527111, 0
0.4806695, 0.5723187, 0.5790682, 0
0.402621, 0.6130112, 0.5350047, 0
0.4891974, 0.5955415, 0.6036142, 0
0.4859585, 0.6140264, 0.6572189, 0
0.3565004, 0.5492789, 0.5439069, 0
0.3221427, 0.5966902, 0.6094756, 0
0.520031, 0.5834932, 0.5633141, 0
0.4322746, 0.5628893, 0.5847754, 0
0.4216483, 0.5955762, 0.5352616, 0
0.3118952, 0.5678342, 0.6222416, 0
0.3880844, 0.6346307, 0.5504635, 0
0.4244221, 0.5389244, 0.5695358, 0
0.3313017, 0.5928745, 0.5147461, 0
0.3568899, 0.5664603, 0.5337436, 0
0.385655, 0.5237443, 0.6111429, 0
0.4982309, 0.6159142, 0.5719715, 0
0.4750156, 0.6414506, 0.5811461, 0
0.4289779, 0.5630965, 0.6213837, 0
0.4544073, 0.545833, 0.5752677, 0
0.3878058, 0.5446996, 0.5440573, 0
0.3452301, 0.514516, 0.5780498, 0
0.345855, 0.5391575, 0.5912582, 0
0.357611, 0.6371095, 0.5708593, 0
0.4226111, 0.5438105, 0.544916, 0
0.5047932, 0.5867471, 0.5388281, 0
0.4903685, 0.6232173, 0.5768129, 0
0.5086165, 0.5717863, 0.5547633, 0
0.5372862, 0.5710491, 0.5600043, 0
0.3881326, 0.6151294, 0.6350042, 0
0.3732323, 0.5998574, 0.6305376, 0
0.3492389, 0.5786527, 0.5335053, 0
0.3547753, 0.5349017, 0.6097402, 0
0.3061908, 0.6277431, 0.5730505, 0
0.4265002, 0.6083978, 0.6028755, 0
0.3939203, 0.5744976, 0.6115637, 0
0.4310898, 0.572478, 0.6247383, 0
0.3401469, 0.556666, 0.5735196, 0
0.3708836, 0.5692563, 0.5152759, 0
0.3829738, 0.6274686, 0.5604328, 0
0.4394391, 0.5961067, 0.6135081, 0
0.5381662, 0.5460303, 0.5894231, 0
0.4258769, 0.6257848, 0.5726482, 0
0.3972885, 0.5929518, 0.6021448, 0
0.4363991, 0.5332925, 0.5798262, 0
0.333564, 0.512655, 0.5608273, 0
0.4663881, 0.5669443, 0.6266075, 0
0.5118307, 0.580875, 0.6708798, 0
0.3619267, 0.5878435, 0.5491632, 0
0.3287358, 0.5903533, 0.5755695, 0
0.3721777, 0.6445617, 0.5832294, 0
0.3627265, 0.6076145, 0.5813377, 0
0.5252727, 0.5357742, 0.5971443, 0
0.3165957, 0.5719958, 0.6208124, 0
0.4647551, 0.5713959, 0.6431479, 0
0.3825803, 0.5733911, 0.618624, 0
0.5269119, 0.6376374, 0.5974215, 0
0.4438282, 0.6246713, 0.5851513, 0
0.3908208, 0.584102, 0.5431539, 0
0.43761, 0.6194686, 0.5635486, 0
0.3704759, 0.5867089, 0.5557472, 0
0.4149137, 0.5879099, 0.5693719, 0
0.4317473, 0.5986492, 0.6374413, 0
0.4652632, 0.6322529, 0.5673033, 0
0.3963929, 0.5765441, 0.5551151, 0
0.3348602, 0.6212664, 0.5640678, 0
0.3231239, 0.5563016, 0.533621, 0
0.49396, 0.5844892, 0.5866212, 0
0.4479946, 0.6366648, 0.6230381, 0
0.4923762, 0.6520357, 0.6014791, 0
0.3221774, 0.6295808, 0.5339603, 0
0.3617331, 0.5892401, 0.5898758, 0
0.4365694, 0.59843, 0.5694289, 0
0.4287559, 0.566104, 0.5481104, 0
0.526516, 0.5720536, 0.6361351, 0
0.4668366, 0.581502, 0.552034, 0
0.3266101, 0.5751484, 0.5477537, 0
0.4897838, 0.5521264, 0.634957, 0
0.4379332, 0.6161377, 0.606712, 0
0.4595795, 0.6317185, 0.6479716, 0
0.4044369, 0.5643286, 0.6455798, 0
0.3948565, 0.5511627, 0.639707, 0
0.4875746, 0.6085762, 0.6663029, 0
0.5118091, 0.541069, 0.6392164, 0
0.3305883, 0.567386, 0.6243085, 0
0.4848313, 0.6189795, 0.5880095, 0
0.3752993, 0.6164224, 0.548224, 0
0.3848647, 0.5276146, 0.6118553, 0
0.443687, 0.5326489, 0.5912942, 0
0.4147233, 0.6389067, 0.5748171, 0
0.3805538, 0.5447065, 0.5453144, 0
0.3869353, 0.5807844, 0.6075656, 0
0.4241413, 0.6123853, 0.5444082, 0
0.5106608, 0.5538038, 0.6093732, 0
0.3256642, 0.5279699, 0.6054484, 0
0.3944363, 0.5890368, 0.5560287, 0
0.4026233, 0.5428094, 0.6062453, 0
0.430486, 0.6490644, 0.5966971, 0
0.5288352, 0.5719296, 0.5773828, 0
0.5231323, 0.5399519, 0.6055161, 0
0.5078816, 0.5670076, 0.5940482, 0
0.3112357, 0.5845826, 0.5854381, 0
0.33499, 0.5329583, 0.5958726, 0
0.3926637, 0.5898321, 0.574196, 0
0.3263322, 0.6292211, 0.543784, 0
0.4830885, 0.5583682, 0.5813106, 0
0.4158599, 0.587887, 0.6386402, 0
0.331654, 0.5734429, 0.5030487, 0
0.3124936, 0.6216882, 0.5973179, 0
0.3484359, 0.5853126, 0.6026111, 0
0.4410673, 0.6016809, 0.6418061, 0
0.532154, 0.6076598, 0.5849996, 0
0.5268763, 0.6109794, 0.5554733, 0
0.435071, 0.5755021, 0.5395748, 0
0.4709907, 0.5926123, 0.6302839, 0
0.3544107, 0.553259, 0.509573, 0
0.4401016, 0.538072, 0.548198, 0
0.4546515, 0.6384572, 0.5663368, 0
0.4613991, 0.5402098, 0.6135953, 0
0.4896918, 0.610891, 0.5691059, 0
0.4542231, 0.5701591, 0.5494433, 0
0.4921398, 0.6061608, 0.6207856, 0
0.4770789, 0.6161701, 0.655289, 0
0.4116697, 0.5638781, 0.5524065, 0
0.3696339, 0.528302, 0.5598634, 0
0.440155, 0.6076614, 0.5473379, 0
0.4511131, 0.5573602, 0.5397202, 0
0.3681362, 0.5616984, 0.5342161, 0
0.3914186, 0.553264, 0.5617709, 0
0.5069009, 0.6032035, 0.5870095, 0
0.5256047, 0.5729356, 0.6323694, 0
0.37601, 0.5651948, 0.6328169, 0
0.3586858, 0.5559536, 0.5903157, 0
0.3891163, 0.5976012, 0.5369933, 0
0.4945039, 0.6319165, 0.6392031, 0
0.5301546, 0.6118925, 0.5963953, 0
0.4418567, 0.6314599, 0.5737784, 0
0.3327219, 0.6310512, 0.5660986, 0
0.4510614, 0.6322476, 0.6160473, 0
0.4462883, 0.5742523, 0.6400358, 0
0.4917418, 0.549476, 0.6360288, 0
0.4036732, 0.6142638, 0.554956, 0
0.3807472, 0.5785169, 0.6303548, 0
0.3334954, 0.5795393, 0.5335165, 0
0.325516, 0.5849668, 0.5089263, 0
0.3901945, 0.5245866, 0.5704331, 0
0.459365, 0.580599, 0.6122426, 0
0.3561707, 0.5870829, 0.5254744, 0
0.3191273, 0.5426059, 0.6196859, 0
0.4374133, 0.611365, 0.5982574, 0
0.5098846, 0.5797023, 0.5939677, 0
0.3345951, 0.5938219, 0.5236635, 0
0.3980592, 0.5197289, 0.5782819, 0
0.5154365, 0.6160056, 0.547214, 0
0.3935916, 0.5904136, 0.5638297, 0
0.4475122, 0.6227397, 0.5918261, 0
0.4693923, 0.5914093, 0.609122, 0
0.4856216, 0.5727144, 0.6372895, 0
0.3157945, 0.5437108, 0.618032, 0
0.4327099, 0.5690338, 0.6359726, 0
0.4959116, 0.5520124, 0.6189088, 0
0.3622433, 0.5737323, 0.5334258, 0
0.4151565, 0.6071737, 0.5403411, 0
0.4874719, 0.5350675, 0.5719861, 0
0.4470728, 0.5603958, 0.5791141, 0
0.4941157, 0.5464688, 0.5954354, 0
0.4660644, 0.5653718, 0.5613315, 0
0.3710611, 0.5775707, 0.5916641, 0
0.3377966, 0.6178718, 0.5550167, 0
0.51555, 0.5757819, 0.5876579, 0
0.4046195, 0.6064593, 0.5643365, 0
0.3661314, 0.52139, 0.5748501, 0
0.3817183, 0.5680972, 0.5820212, 0
0.4168551, 0.6286266, 0.6130698, 0
0.5356975, 0.5427451, 0.5857213, 0
0.3728215, 0.602398, 0.5662887, 0
0.4323388, 0.5614794, 0.6213526, 0
0.383412, 0.5642817, 0.5754204, 0
0.5201091, 0.630316, 0.5922866, 0
0.4454943, 0.5638553, 0.6230072, 0
0.4275792, 0.5296798, 0.5553777, 0
0.3477273, 0.6096019, 0.5444425, 0
0.5030589, 0.6184734, 0.6130965, 0
0.3767476, 0.5648364, 0.5626864, 0
0.4634576, 0.6430387, 0.6227646, 0
0.3185848, 0.6040365, 0.523673, 0
0.4464497, 0.5252113, 0.5714597, 0
0.3907071, 0.5207683, 0.5948913, 0
0.3612927, 0.5281711, 0.5741006, 0
0.3596547, 0.6171118, 0.5650672, 0
0.3258712, 0.600912, 0.6008847, 0
0.3869573, 0.5691515, 0.5861529, 0
0.4610781, 0.5469393, 0.6426625, 0
0.3110241, 0.5689687, 0.5925159, 0
0.50935, 0.5395989, 0.632544, 0
0.5133721, 0.6183771, 0.6344497, 0
0.4900844, 0.5630914, 0.5600381, 0
0.3608748, 0.5334094, 0.6144543, 0
0.527899, 0.5475083, 0.6091256, 0
0.3583676, 0.5386426, 0.541485, 0
0.3830234, 0.5897701, 0.6313068, 0
0.4542862, 0.5570859, 0.6395947, 0
0.4038005, 0.5992787, 0.5497035, 0
0.4917959, 0.5962344, 0.5482141, 0
0.4651152, 0.6004003, 0.5850013, 0
0.3870218, 0.5201532, 0.5999225, 0
0.4096186, 0.562238, 0.6253999, 0
0.5118064, 0.6241318, 0.6194246, 0
0.5042116, 0.5597847, 0.6386134, 0
0.4904033, 0.5974391, 0.6416416, 0
0.3557325, 0.5791452, 0.5567226, 0
0.4499514, 0.6502213, 0.5965959, 0
0.4253682, 0.5624486, 0.5981798, 0
0.4440987, 0.6516145, 0.6104362, 0
0.4070155, 0.5612274, 0.6380622, 0
0.4148067, 0.5661545, 0.5649267, 0
0.4380238, 0.5519428, 0.6421375, 0
0.405705, 0.5856274, 0.5868472, 0
0.434396, 0.6039037, 0.6282575, 0
0.475956, 0.5955251, 0.5909908, 0
0.3913718, 0.6063481, 0.5704131, 0
0.5089904, 0.6237208, 0.5630898, 0
0.4365916, 0.5829099, 0.5518107, 0
0.5279499, 0.5532569, 0.5602989, 0
0.3562764, 0.5721588, 0.5170045, 0
0.483853, 0.5797778, 0.646172, 0
0.3559985, 0.5453577, 0.6087674, 0
0.43638, 0.6021866, 0.6540956, 0
0.4590274, 0.5851774, 0.6362785, 0
0.4031929, 0.5628391, 0.5836847, 0
0.4899439, 0.6100716, 0.5455989, 0
0.3638595, 0.5552048, 0.566705, 0
0.4951388, 0.5874668, 0.5667202, 0
0.5231808, 0.6074609, 0.5756375, 0
0.3366317, 0.5110718, 0.5575594, 0
0.3975034, 0.5530171, 0.5930291, 0
0.51065, 0.562008, 0.6303512, 0
0.3467461, 0.5582705, 0.5305462, 0
0.3709834, 0.5751132, 0.5998266, 0
0.5053826, 0.6430119, 0.6349894, 0
0.4246871, 0.6263341, 0.5550281, 0
0.5063587, 0.6000955, 0.5416943, 0
0.3229054, 0.5935618, 0.5791506, 0
0.4332272, 0.6270317, 0.6279896, 0
0.5041719, 0.5958589, 0.6458436, 0
0.3276701, 0.552658, 0.5801942, 0
0.4030958, 0.6140233, 0.5635806, 0
0.4288913, 0.5962279, 0.6117785, 0
0.5214967, 0.5639431, 0.6197648, 0
0.3742624, 0.5881338, 0.6215386, 0
0.3064695, 0.6001379, 0.6116375, 0
0.307835, 0.5791203, 0.6037719, 0
0.5226632, 0.5444551, 0.6192355, 0
0.4046437, 0.5541752, 0.5756332, 0
0.4787136, 0.5329729, 0.6241968, 0
0.3779625, 0.586883, 0.519645, 0
0.3496564, 0.5611989, 0.5479739, 0
0.4662487, 0.5455098, 0.6055, 0
0.4317876, 0.5479064, 0.5638933, 0
0.4126376, 0.5500174, 0.5423387, 0
0.4934077, 0.5942751, 0.6216288, 0
0.3607306, 0.5956135, 0.6271597, 0
0.3562998, 0.5453337, 0.5950142, 0
0.3710191, 0.5610405, 0.5763397, 0
0.4953652, 0.5844041, 0.566108, 0
0.4473828, 0.6411389, 0.6219612, 0
0.518533, 0.5480511, 0.6386562, 0
0.397007, 0.5706782, 0.643681, 0
0.405501, 0.5636237, 0.5769178, 0
0.485778, 0.6260914, 0.5723205, 0
0.4082764, 0.571246, 0.6495361, 0
0.4819225, 0.5934454, 0.5469355, 0
0.4772166, 0.5320879, 0.5931495, 0
0.3676952, 0.6248243, 0.5472667, 0
0.3877553, 0.5174401, 0.5934228, 0
0.3469986, 0.5700759, 0.5481623, 0
0.3275436, 0.5590913, 0.573451, 0
0.4425644, 0.5297444, 0.6077655, 0
0.3577808, 0.6316598, 0.5376283, 0
0.4357354, 0.564272, 0.5309137, 0
0.379058, 0.5259003, 0.5974924, 0
0.4769566, 0.6066988, 0.6175964, 0
0.3731521, 0.5522972, 0.588758, 0
0.4654449, 0.5351422, 0.5765759, 0
0.3493413, 0.6131468, 0.5615013, 0
0.3653088, 0.6022684, 0.5175782, 0
0.3488226, 0.5759437, 0.6285304, 0
0.4700839, 0.6045538, 0.6251776, 0
0.4052321, 0.5779821, 0.5318719, 0
0.4096713, 0.602338, 0.5964423, 0
0.4378667, 0.6477519, 0.5957373, 0
0.3487499, 0.5953124, 0.5487428, 0
0.3494504, 0.5909467, 0.6209322, 0
0.4527377, 0.5484546, 0.6389124, 0
0.3732905, 0.5878276, 0.5441863, 0
0.3955964, 0.5892346, 0.6075404, 0
0.4093454, 0.5925552, 0.6305916, 0
0.5118129, 0.5928119, 0.609719, 0
0.362744, 0.5849288, 0.5311108, 0
0.4256385, 0.5846573, 0.6359761, 0
0.4603224, 0.626531, 0.6511787, 0
0.4953129, 0.6204845, 0.5711311, 0
0.3346858, 0.5346949, 0.5199758, 0
0.3263503, 0.5381328, 0.6029024, 0
0.3741267, 0.5767953, 0.5314359, 0
0.4390957, 0.5408642, 0.5754341, 0
0.4971155, 0.5562978, 0.554666, 0
0.4679052, 0.5698565, 0.6361294, 0
0.3856637, 0.6230847, 0.5900434, 0
0.5099201, 0.5505259, 0.6236675, 0
0.5164761, 0.5664002, 0.549912, 0
0.3941466, 0.5664083, 0.5978271, 0
0.4829533, 0.6270562, 0.6274453, 0
0.34328, 0.5817786, 0.5946969, 0
0.5207832, 0.5744275, 0.5951214, 0
0.386696, 0.529935, 0.5776369, 0
0.3644616, 0.51366, 0.5568223, 0
0.4682642, 0.6382995, 0.6046615, 0
0.457475, 0.5586942, 0.5964434, 0
0.3425114, 0.6351253, 0.5765458, 0
0.5031394, 0.6211315, 0.634967, 0
0.335354, 0.6219327, 0.5282049, 0
0.4990164, 0.5901821, 0.6061072, 0
0.3545536, 0.5820529, 0.5449485, 0
0.3336175, 0.5395215, 0.5464112, 0
0.3844907, 0.5284295, 0.5754602, 0
0.3293495, 0.6125449, 0.5807145, 0
0.3577256, 0.6023514, 0.5304397, 0
0.4104278, 0.5250334, 0.6081854, 0
0.3756666, 0.5659435, 0.5334437, 0
0.4899055, 0.6072715, 0.6210994, 0
0.3682982, 0.5994328, 0.5365858, 0
0.459573, 0.5646707, 0.5454196, 0
0.4021343, 0.6376067, 0.566079, 0
0.5139506, 0.6471788, 0.6080691, 0
0.4293792, 0.6063265, 0.6526058, 0
0.4323531, 0.5513932, 0.6389731, 0
0.4993341, 0.5493088, 0.6011956, 0
0.4933022, 0.6319632, 0.5892503, 0
0.4762781, 0.5695969, 0.5453673, 0
0.5161608, 0.5397012, 0.6093504, 0
0.4803814, 0.6078689, 0.6286992, 0
0.5023844, 0.579652, 0.5899096, 0
0.3496085, 0.5377975, 0.5849707, 0
0.4131408, 0.5581709, 0.5457149, 0
0.4861909, 0.5600615, 0.5683723, 0
0.427078, 0.6268528, 0.6071969, 0
0.4704664, 0.632082, 0.6382871, 0
0.3608353, 0.6317963, 0.5873603, 0
0.359147, 0.5553448, 0.5894925, 0
0.5060056, 0.61589, 0.603478, 0
0.3450216, 0.5870868, 0.5985755, 0
0.4549958, 0.625217, 0.5965847, 0
0.4103967, 0.610074, 0.5669414, 0
0.4258544, 0.6098042, 0.5414921, 0
0.3512765, 0.6078418, 0.5766685, 0
0.4485875, 0.5437794, 0.5936455, 0
0.3353713, 0.5991631, 0.5331005, 0
0.447825, 0.5596819, 0.5588867, 0
0.3298697, 0.6014232, 0.6250321, 0
0.4406979, 0.5435376, 0.6062062, 0
0.4489199, 0.5759237, 0.5448989, 0
0.498801, 0.5475968, 0.5831925, 0
0.399194, 0.5487714, 0.6310411, 0
0.3430591, 0.51928, 0.5724016, 0
0.352657, 0.6184492, 0.5481908, 0
0.5301991, 0.6059923, 0.5527814, 0
0.3869279, 0.5408435, 0.5571971, 0
0.4758366, 0.5757635, 0.5987918, 0
0.4211909, 0.6284314, 0.6090292, 0
0.4926658, 0.6313243, 0.5872619, 0
0.4540635, 0.628606, 0.6217101, 0
0.326036, 0.5757495, 0.5385551, 0
0.3373098, 0.593559, 0.6271716, 0
0.4766668, 0.6161377, 0.647836, 0
0.5083154, 0.5654861, 0.5757987, 0
0.3448258, 0.625145, 0.5735452, 0
0.5174661, 0.5767778, 0.5585392, 0
0.3768685, 0.5943122, 0.51541, 0
0.3773221, 0.5592828, 0.5907127, 0
0.4984793, 0.6180412, 0.6624806, 0
0.3117926, 0.543375, 0.6117828, 0
0.4415956, 0.5984743, 0.6183413, 0
0.3716665, 0.5934195, 0.5800148, 0
0.5072862, 0.5516435, 0.5996408, 0
0.4854375, 0.5916919, 0.643215, 0
0.4766962, 0.6379363, 0.6166788, 0
0.5073066, 0.5823171, 0.6689746, 0
0.4271277, 0.5756208, 0.5941353, 0
0.4770854, 0.5573103, 0.5584695, 0
0.4582047, 0.6063338, 0.5577325, 0
0.3412763, 0.6202442, 0.5935001, 0
0.3759598, 0.6315411, 0.6138201, 0
0.3383764, 0.5720202, 0.5600902, 0
0.4227311, 0.6190024, 0.5715533, 0
0.3074932, 0.6099005, 0.6100314, 0
0.333535, 0.5863691, 0.5229334, 0
0.3910286, 0.6351833, 0.5946323, 0
0.3288697, 0.5463438, 0.5692446, 0
0.4554328, 0.5905805, 0.5619307, 0
0.4784209, 0.6375139, 0.5759245, 0
0.4024978, 0.603765, 0.5692312, 0
0.3497525, 0.6174786, 0.5340137, 0
0.4674646, 0.5995953, 0.5731627, 0
0.3513148, 0.5445657, 0.5679208, 0
0.4060535, 0.5314105, 0.5816789, 0
0.3840146, 0.5974994, 0.5378279, 0
0.3532722, 0.5777507, 0.6023213, 0
0.4744528, 0.5614338, 0.6217126, 0
0.4088696, 0.5907853, 0.6234639, 0
0.5190367, 0.5703383, 0.5956424, 0
0.3466633, 0.58092, 0.5461756, 0
0.407533, 0.5637454, 0.5366896, 0
0.369831, 0.6260768, 0.5310554, 0
0.5153326, 0.6484903, 0.6373971, 0
0.5251003, 0.6442705, 0.593107, 0
0.453184, 0.6149348, 0.6011243, 0
0.4201064, 0.5301877, 0.6018695, 0
0.4985693, 0.6369948, 0.612753, 0
0.3837573, 0.5915037, 0.6184756, 0
0.3568122, 0.5349182, 0.5620531, 0
0.3618882, 0.5853264, 0.6296337, 0
0.3851982, 0.5703695, 0.6000268, 0
0.5166035, 0.5685945, 0.6096984, 0
0.3233366, 0.5434971, 0.6155921, 0
0.4689566, 0.6269374, 0.591216, 0
0.4426515, 0.528996, 0.5858147, 0
0.5117217, 0.5370541, 0.6027496, 0
0.3426264, 0.6150799, 0.622965, 0
0.429557, 0.5520916, 0.58715, 0
0.3651034, 0.5576213, 0.5774291, 0
0.4767481, 0.6488959, 0.6130252, 0
0.5097484, 0.6402242, 0.647564, 0
0.4623338, 0.5963012, 0.6039875, 0
0.4789151, 0.5781745, 0.5701617, 0
0.5157682, 0.6439434, 0.579909, 0
0.3142553, 0.5270568, 0.5965517, 0
0.3762661, 0.5777467, 0.6160617, 0
0.3087357, 0.579104, 0.6177941, 0
0.3675399, 0.5133761, 0.5688996, 0
0.5054274, 0.5735511, 0.6594351, 0
0.4255509, 0.6252254, 0.5433927, 0
0.4861749, 0.6500974, 0.6351525, 0
0.3459096, 0.6005759, 0.5283504, 0
0.3773231, 0.579292, 0.6120626, 0
0.4362976, 0.5879518, 0.5773098, 0
0.3435476, 0.5812283, 0.5366338, 0
0.3393025, 0.5922409, 0.5424792, 0
0.3826802, 0.541688, 0.6252431, 0
0.5275887, 0.5881107, 0.6240117, 0
0.3202679, 0.5776837, 0.5301842, 0
0.4953869, 0.6268507, 0.6609593, 0
0.3731664, 0.6359391, 0.5508397, 0
0.479464, 0.56295, 0.5804347, 0
0.3332146, 0.5426364, 0.604706, 0
0.3294522, 0.5743983, 0.5458489, 0
0.4851465, 0.5811907, 0.5798864, 0
0.3942968, 0.5488964, 0.5908175, 0
0.4003101, 0.559373, 0.5434424, 0
0.3487383, 0.5443468, 0.5277001, 0
0.3738513, 0.629669, 0.5876598, 0
0.3890724, 0.5880181, 0.5627236, 0
0.4268889, 0.5946252, 0.5456682, 0
0.4121077, 0.5279514, 0.5909683, 0
0.4452586, 0.6306104, 0.5906236, 0
0.5032172, 0.5368765, 0.5814856, 0
0.4413432, 0.6205962, 0.5634658, 0
0.4891281, 0.61855, 0.6133014, 0
0.3898059, 0.5404063, 0.5960853, 0
0.4195485, 0.6094998, 0.6000834, 0
0.4729266, 0.6125206, 0.5482048, 0
0.4945807, 0.5694683, 0.6342844, 0
0.3141657, 0.6374035, 0.5702085, 0
0.4089698, 0.5703466, 0.5401825, 0
0.3191628, 0.5248664, 0.5600362, 0
0.382585, 0.5879785, 0.5488714, 0
0.4654258, 0.590125, 0.6180407, 0
0.4047002, 0.6289437, 0.5660658, 0
0.3591583, 0.6162747, 0.5474, 0
0.4015341, 0.5821164, 0.5729316, 0
0.3790076, 0.6195284, 0.5502976, 0
0.5117375, 0.5803065, 0.6670573, 0
0.4161065, 0.6289284, 0.601884, 0
0.4844952, 0.6511142, 0.586112, 0
0.4650786, 0.5516645, 0.6330229, 0
0.4961815, 0.5891259, 0.6011996, 0
0.3676569, 0.5502648, 0.5141782, 0
0.515535, 0.6325143, 0.5991784, 0
0.4477701, 0.5902972, 0.6580114, 0
0.4496984, 0.6392835, 0.5634063, 0
0.4923839, 0.6252406, 0.5757682, 0
0.4225098, 0.5794399, 0.5629877, 0
0.5307657, 0.5626693, 0.5958794, 0
0.4749247, 0.5327013, 0.6227843, 0
0.4183061, 0.6185265, 0.5569153, 0
0.472282, 0.6082293, 0.5654383, 0
0.4577032, 0.566123, 0.6316953, 0
0.3496375, 0.5585528, 0.6194497, 0
0.3519259, 0.5892031, 0.5280422, 0
0.4312987, 0.5560174, 0.5752707, 0
0.4239541, 0.5504076, 0.6252878, 0
0.520773, 0.6052937, 0.6108983, 0
0.4083815, 0.5458314, 0.5419683, 0
0.3371358, 0.6309648, 0.5919934, 0
0.3223637, 0.6021551, 0.616178, 0
0.3615912, 0.5317696, 0.6156138, 0
0.3565267, 0.5469137, 0.5175477, 0
0.4380568, 0.5406367, 0.562257, 0
0.4837989, 0.6415262, 0.5924217, 0
0.3484588, 0.5922418, 0.5997739, 0
0.5333209, 0.5501159, 0.5921649, 0
0.3864606, 0.5675657, 0.6403148, 0
0.4078719, 0.6120115, 0.5695018, 0
0.3461178, 0.5425216, 0.5325041, 0
0.3316467, 0.5805546, 0.5957488, 0
0.5237916, 0.6297285, 0.6018173, 0
0.3767524, 0.6039033, 0.6203589, 0
0.4052871, 0.5325673, 0.5872411, 0
0.3496801, 0.5299119, 0.5268058, 0
0.3641893, 0.5982326, 0.6001192, 0
0.4031196, 0.5807984, 0.5399694, 0
0.3186744, 0.5817756, 0.5994477, 0
0.491307, 0.5872703, 0.5999334, 0
0.3758912, 0.540433, 0.5239316, 0
0.4614709, 0.6057114, 0.605169, 0
0.4122469, 0.5584651, 0.642343, 0
0.3467804, 0.5692969, 0.6080355, 0
0.4518886, 0.599144, 0.5425889, 0
0.4952452, 0.6524523, 0.6076514, 0
0.393887, 0.5899105, 0.5786797, 0
0.377614, 0.5585066, 0.5262544, 0
0.3737554, 0.5303702, 0.5351744, 0
0.5011374, 0.6381183, 0.648538, 0
0.4032447, 0.5838763, 0.6360316, 0
0.4762026, 0.5864885, 0.5795293, 0
0.3180347, 0.5971255, 0.5924579, 0
0.3581393, 0.5994716, 0.5166162, 0
0.5073093, 0.5581675, 0.6187896, 0
0.4390114, 0.5814164, 0.5473133, 0
0.3770579, 0.5367122, 0.5656235, 0
0.4726188, 0.6233078, 0.5866714, 0
0.4054294, 0.5658745, 0.6367207, 0
0.5030715, 0.5491277, 0.6113673, 0
0.4467426, 0.567304, 0.5670193, 0
0.4701397, 0.5589422, 0.5573558, 0
0.4907661, 0.5578639, 0.6440172, 0
0.3842505, 0.6145331, 0.5592039, 0
0.4274659, 0.6025037, 0.6256379, 0
0.4216449, 0.6232839, 0.5703354, 0
0.5164284, 0.611837, 0.560315, 0
0.4144911, 0.5951604, 0.5613739, 0
0.4439707, 0.6186184, 0.5457368, 0
0.4581197, 0.5386511, 0.5732445, 0
0.5297447, 0.5799738, 0.5550534, 0
0.3218681, 0.6173009, 0.5649194, 0
0.3503265, 0.5339543, 0.5378361, 0
0.3739579, 0.5937155, 0.5659423, 0
0.5196877, 0.541122, 0.5854806, 0
0.3830679, 0.5712649, 0.6036648, 0
0.4297239, 0.6291482, 0.6317569, 0
0.5093274, 0.5953721, 0.6254934, 0
0.4691924, 0.5544873, 0.6248739, 0
0.3486131, 0.5667689, 0.5226659, 0
0.3221481, 0.5160024, 0.5883002, 0
0.4991711, 0.6298943, 0.6557559, 0
0.3588406, 0.5679906, 0.6317916, 0
0.4761625, 0.586351, 0.6178348, 0
0.4518363, 0.5587483, 0.631466, 0
0.3045813, 0.5816206, 0.6012639, 0
0.3228172, 0.6063921, 0.5781659, 0
0.5033931, 0.6028752, 0.6383243, 0
0.3754386, 0.5682779, 0.590598, 0
0.3218147, 0.533142, 0.5716112, 0
0.4950354, 0.6111363, 0.5831633, 0
0.3976359, 0.6321129, 0.579334, 0
0.3175412, 0.6166587, 0.5270826, 0
0.3546646, 0.6162248, 0.542612, 0
0.3720845, 0.6437544, 0.5672999, 0
0.3298242, 0.5350053, 0.6019945, 0
0.4123318, 0.6291848, 0.5616091, 0
0.3256813, 0.5767269, 0.5360674, 0
0.3685207, 0.5877696, 0.5602876, 0
0.4836448, 0.6214911, 0.5971634, 0
0.4364552, 0.5461987, 0.5861671, 0
0.406395, 0.5367229, 0.6059405, 0
0.4559227, 0.5345578, 0.5846714, 0
0.4557196, 0.5965418, 0.5867528, 0
0.3771808, 0.5578358, 0.6076071, 0
0.4826629, 0.5840542, 0.5394722, 0
0.3521046, 0.5715843, 0.5988452, 0
0.3078935, 0.6102209, 0.5751211, 0
0.4254604, 0.5994468, 0.631238, 0
0.5084352, 0.5540364, 0.5885829, 0
0.4771137, 0.5516458, 0.6116505, 0
0.353164, 0.6064686, 0.5885926, 0
0.5064214, 0.6138616, 0.5692891, 0
0.5099695, 0.619177, 0.6103183, 0
0.5192614, 0.5662503, 0.6040573, 0
0.4667947, 0.5628015, 0.6318085, 0
0.4900937, 0.6041169, 0.6439835, 0
0.4975809, 0.6454496, 0.6220456, 0
0.4110115, 0.6314672, 0.5425488, 0
0.5015603, 0.6367547, 0.6138952, 0
0.515334, 0.633639, 0.5759748, 0
0.4896235, 0.5668905, 0.6370825, 0
0.5104011, 0.6326967, 0.5655685, 0
0.3558552, 0.6107038, 0.5197272, 0
0.5016482, 0.60554, 0.5864363, 0
0.4384033, 0.5695654, 0.5930228, 0
0.3955187, 0.615723, 0.6138335, 0
0.5013408, 0.6276827, 0.5786514, 0
0.3597503, 0.6362013, 0.5877269, 0
0.4213659, 0.5680697, 0.6101407, 0
0.4898422, 0.5808843, 0.6123983, 0
0.4759881, 0.5475121, 0.6139513, 0
0.3990538, 0.6436388, 0.5718312, 0
0.3314827, 0.6007982, 0.5507726, 0
0.3896221, 0.5751872, 0.5507339, 0
0.4361384, 0.532938, 0.584389, 0
0.5244634, 0.5618569, 0.5745533, 0
0.3962577, 0.5641749, 0.5292403, 0
0.4441143, 0.5656974, 0.6435566, 0
0.4477836, 0.6183013, 0.5980405, 0
0.31836, 0.5760286, 0.6115268, 0
0.4695958, 0.5917052, 0.5531843, 0
0.4842952, 0.6424405, 0.6077298, 0
0.4574965, 0.6240672, 0.5399728, 0
0.4732766, 0.6048627, 0.6474397, 0
0.4429421, 0.5658371, 0.5993586, 0
0.3873817, 0.5686991, 0.5643778, 0
0.3304858, 0.543948, 0.6039287, 0
0.4239212, 0.5225971, 0.5688381, 0
0.4045141, 0.5554497, 0.6309259, 0
0.3387516, 0.6204504, 0.578116, 0
0.3370394, 0.566384, 0.5147963, 0
0.3454615, 0.5963458, 0.5681359, 0
0.3130336, 0.57019, 0.5999953, 0
0.4637159, 0.5978818, 0.5673627, 0
0.5133075, 0.60026, 0.6116849, 0
0.3814834, 0.5691929, 0.6039271, 0
0.3959625, 0.5290851, 0.5620767, 0
0.4653799, 0.540433, 0.5682253, 0
0.4904312, 0.5749777, 0.5525304, 0
0.4849262, 0.6422864, 0.5618373, 0
0.3260064, 0.5766973, 0.6221848, 0
0.325554, 0.6162763, 0.5305693, 0
0.5195326, 0.5718755, 0.6263607, 0
0.324839, 0.5724816, 0.5762027, 0
0.4527138, 0.5723769, 0.6167541, 0
0.5281779, 0.5475736, 0.6392909, 0
0.4068811, 0.5746628, 0.5386018, 0
0.4580928, 0.5934702, 0.5416394, 0
0.5142936, 0.5828566, 0.5851956, 0
0.3228604, 0.5941734, 0.5239075, 0
0.3334042, 0.5165811, 0.5919026, 0
0.4418027, 0.6285856, 0.589647, 0
0.4104747, 0.5207469, 0.5706097, 0
0.5064045, 0.5811793, 0.6309161, 0
0.3860215, 0.6265905, 0.6171091, 0
0.3803231, 0.6116109, 0.5738495, 0
0.3163301, 0.5991776, 0.5786141, 0
0.4130603, 0.5614738, 0.5716169, 0
0.4831738, 0.6296328, 0.5905037, 0
0.5388496, 0.5619156, 0.560239, 0
0.5177144, 0.6224597, 0.6255631, 0
0.3252, 0.5913267, 0.5993032, 0
0.3767985, 0.6039132, 0.6025534, 0
0.3208349, 0.5628397, 0.5472537, 0
0.3511918, 0.5895199, 0.6076714, 0
0.3728668, 0.5561308, 0.634231, 0
0.4306592, 0.5729929, 0.5870366, 0
0.4478948, 0.5296128, 0.6047687, 0
0.3476912, 0.6220052, 0.6040554, 0
0.3234642, 0.521979, 0.5539297, 0
0.49067, 0.6401781, 0.6388827, 0
0.3508678, 0.636908, 0.5655128, 0
0.3997733, 0.6267056, 0.6057931, 0
0.5129879, 0.6176188, 0.6045526, 0
0.4904457, 0.5567333, 0.6340582, 0
0.4107117, 0.6416122, 0.5996906, 0
0.3979655, 0.5942722, 0.6249839, 0
0.3684641, 0.5646024, 0.5612379, 0
0.3409372, 0.5245748, 0.5423821, 0
0.3550185, 0.6333468, 0.591948, 0
0.5246113, 0.5765158, 0.5908957, 0
0.4964643, 0.6223609, 0.6168231, 0
0.3958064, 0.5816955, 0.6297981, 0
0.4420494, 0.5797275, 0.5609521, 0
0.5016359, 0.6275783, 0.6150478, 0
0.3328155, 0.5928165, 0.5289226, 0
0.3926298, 0.5862734, 0.5233234, 0
0.3784762, 0.6098509, 0.5746055, 0
0.4046171, 0.5269349, 0.6116642, 0
0.4466423, 0.6192937, 0.5573431, 0
0.5188543, 0.5948024, 0.6076019, 0
0.4816026, 0.5394367, 0.6062508, 0
0.4024074, 0.520682, 0.5928945, 0
0.5081874, 0.5936012, 0.5689, 0
0.3905393, 0.5986025, 0.6013295, 0
0.3866094, 0.5735682, 0.6314046, 0
0.485633, 0.6503363, 0.5814687, 0
0.3251227, 0.6145239, 0.5678259, 0
0.5257929, 0.6152959, 0.6215933, 0
0.4436884, 0.5816228, 0.5320221, 0
0.4776889, 0.6298097, 0.596417, 0
0.333659, 0.560905, 0.6045418, 0
0.4650472, 0.6435013, 0.6020789, 0
0.3312352, 0.5630678, 0.6301885, 0
0.4336611, 0.6287593, 0.5454395, 0
0.4568828, 0.5608534, 0.622813, 0
0.3786066, 0.6081092, 0.5529633, 0
0.3245104, 0.5316682, 0.5575545, 0
0.5216011, 0.6027687, 0.6231991, 0
0.370748, 0.6344128, 0.5566719, 0
0.4921299, 0.5734378, 0.5997561, 0
0.4215932, 0.5492625, 0.5630059, 0
0.494789, 0.5906527, 0.6401748, 0
0.4271431, 0.6327745, 0.5795857, 0
0.5188892, 0.6252099, 0.5989896, 0
0.4996473, 0.6131435, 0.6326951, 0
0.3099502, 0.537502, 0.6138459, 0
0.5170808, 0.5606984, 0.5993028, 0
0.3634663, 0.5914655, 0.5974663, 0
0.3719707, 0.6201382, 0.5498353, 0
0.5034081, 0.6382005, 0.5772458, 0
0.4618504, 0.6069132, 0.5878474, 0
0.3748466, 0.5828042, 0.6386672, 0
0.5289772, 0.5653561, 0.5779612, 0
0.4979993, 0.5989792, 0.6316653, 0
0.4274181, 0.5840675, 0.5363304, 0
0.3377726, 0.5501316, 0.5351731, 0
0.5170785, 0.5589989, 0.6081107, 0
0.4154157, 0.5969995, 0.5433553, 0
0.478146, 0.6528602, 0.5772365, 0
0.3945171, 0.5706661, 0.578969, 0
0.4734283, 0.5580497, 0.637042, 0
0.4500468, 0.5947179, 0.6205241, 0
0.3605043, 0.5196353, 0.547587, 0
0.4885707, 0.6488555, 0.5891129, 0
0.5280527, 0.5801239, 0.554258, 0
0.4203964, 0.5553268, 0.6262124, 0
0.3798114, 0.5611078, 0.60699, 0
0.4035936, 0.606711, 0.6378062, 0
0.3033909, 0.5844925, 0.6199224, 0
0.3762396, 0.5812089, 0.5993338, 0
0.501849, 0.6191176, 0.5633264, 0
0.4251144, 0.6307556, 0.5736089, 0
0.5198658, 0.5509696, 0.5625681, 0
0.4002809, 0.5993761, 0.6030324, 0
0.4764095, 0.5589124, 0.556827, 0
0.5231633, 0.6587586, 0.5879147, 0
0.479639, 0.5578582, 0.640607, 0
0.4408991, 0.605259, 0.5725341, 0
0.4975299, 0.620052, 0.5527126, 0
0.4902914, 0.6227744, 0.6141598, 0
0.5316441, 0.5889995, 0.5858331, 0
0.385288, 0.5776716, 0.5364183, 0
0.3645643, 0.5154141, 0.5846155, 0
0.4164089, 0.5985033, 0.562314, 0
0.4183339, 0.6205753, 0.5645426, 0
0.4491459, 0.6037959, 0.5446311, 0
0.4638524, 0.6511679, 0.606453, 0
0.3158175, 0.5555154, 0.6086124, 0
0.4011645, 0.5474228, 0.5786582, 0
0.4554809, 0.5327739, 0.5787462, 0
0.5252756, 0.5536, 0.5681944, 0
0.4524495, 0.5892678, 0.5451701, 0
0.4823134, 0.5568765, 0.5597299, 0
0.3693391, 0.5977414, 0.5907404, 0
0.4280556, 0.6270129, 0.6397638, 0
0.3501914, 0.5655624, 0.5360767, 0
0.3714055, 0.6182589, 0.5805609, 0
0.4300739, 0.5737967, 0.604193, 0
0.4884391, 0.5740961, 0.576043, 0
0.3453252, 0.5571968, 0.5772702, 0
0.4203314, 0.5861731, 0.5856906, 0
0.3570206, 0.6195866, 0.6178569, 0
0.4571497, 0.6240444, 0.6222017, 0
0.3494204, 0.5433367, 0.6227645, 0
0.3660761, 0.5881456, 0.5307254, 0
0.4917333, 0.5449864, 0.6402915, 0
0.3560551, 0.5803566, 0.6240759, 0
0.4613137, 0.6257877, 0.5821155, 0
0.406801, 0.5664752, 0.6324717, 0
0.3672509, 0.5823652, 0.5081531, 0
0.4193246, 0.5334404, 0.6068406, 0
0.3732608, 0.6370038, 0.5578462, 0
0.5201124, 0.6347051, 0.5823736, 0
0.4496608, 0.5383773, 0.5588733, 0
0.4311686, 0.5958565, 0.529505, 0
0.3725298, 0.5524485, 0.5702824, 0
0.3916867, 0.5181143, 0.5727502, 0
0.482662, 0.6012372, 0.5893149, 0
0.5202078, 0.594074, 0.5825086, 0
0.4768882, 0.5362558, 0.5692207, 0
0.4732592, 0.578084, 0.5539755, 0
0.3578865, 0.5462584, 0.5383024, 0
0.4823554, 0.5982639, 0.5926184, 0
0.3819802, 0.5366979, 0.5273291, 0
0.5236409, 0.5914656, 0.542863, 0
0.4325078, 0.6088023, 0.6170522, 0
0.4028472, 0.5484135, 0.5851994, 0
0.4574442, 0.5773125, 0.6381833, 0
0.4896662, 0.6405872, 0.571792, 0
0.3575904, 0.6301443, 0.6053452, 0
0.4848065, 0.5739363, 0.609067, 0
0.392897, 0.6238501, 0.552133, 0
0.4063118, 0.5988979, 0.5883543, 0
0.4780147, 0.6545554, 0.6053743, 0
0.3377854, 0.5908482, 0.6288656, 0
0.3917525, 0.5571173, 0.6244228, 0
0.3882907, 0.5898784, 0.5788949, 0
0.3393314, 0.5265987, 0.5564533, 0
0.310789, 0.523035, 0.6050386, 0
0.4656339, 0.6011308, 0.5776148, 0
0.3269688, 0.6240876, 0.5791268, 0
0.389826, 0.5858046, 0.6079438, 0
0.4140425, 0.5953493, 0.5374207, 0
0.5145366, 0.6086307, 0.5728536, 0
0.4309334, 0.5712447, 0.6475016, 0
0.3422199, 0.5340002, 0.600614, 0
0.4739377, 0.535948, 0.6181061, 0
0.5099962, 0.5803519, 0.5969203, 0
0.5274679, 0.6398942, 0.5895848, 0
0.5188257, 0.5721969, 0.6654714, 0
0.459024, 0.5640956, 0.568176, 0
0.4857775, 0.5820327, 0.6351641, 0
0.4337942, 0.6196616, 0.6324286, 0
0.4628983, 0.5875188, 0.5754954, 0
0.5325302, 0.5998823, 0.5456259, 0
0.4928214, 0.5724961, 0.5388568, 0
0.4436327, 0.5661964, 0.5746232, 0
0.4455473, 0.5800521, 0.5544066, 0
0.3665918, 0.5987488, 0.5614707, 0
0.5216817, 0.6484752, 0.5683745, 0
0.5030998, 0.6108003, 0.5908234, 0
0.4166422, 0.6335204, 0.5613017, 0
0.511014, 0.614924, 0.6209701, 0
0.416704, 0.5906074, 0.649668, 0
0.3483345, 0.5964633, 0.6154411, 0
0.396249, 0.5925646, 0.5627272, 0
0.5208023, 0.6234509, 0.6383234, 0
0.3739031, 0.5581632, 0.5539691, 0
0.4905798, 0.5628016, 0.577012, 0
0.4901969, 0.6336514, 0.5638798, 0
0.4267441, 0.5554454, 0.5462416, 0
0.5172819, 0.6482452, 0.5967057, 0
0.4881117, 0.6299705, 0.5896999, 0
0.3874308, 0.5689163, 0.6047799, 0
0.3350197, 0.6135342, 0.600026, 0
0.4752781, 0.5873227, 0.5540049, 0
0.3551863, 0.5238034, 0.532752, 0
0.4565019, 0.5955258, 0.6042584, 0
0.4304809, 0.5444962, 0.5618266, 0
0.4508269, 0.5885551, 0.5409478, 0
0.3672245, 0.6225914, 0.5655006, 0
0.3310735, 0.5624397, 0.5627903, 0
0.5087704, 0.5524201, 0.6041124, 0
0.3611771, 0.5361995, 0.5615052, 0
0.4977564, 0.5681135, 0.6496494, 0
0.325301, 0.5875801, 0.5355158, 0
0.4799156, 0.6275575, 0.6032517, 0
0.4946453, 0.6042752, 0.620743, 0
0.3802204, 0.5263527, 0.5843289, 0
0.3507714, 0.579832, 0.5948128, 0
0.3261469, 0.5819163, 0.5861546, 0
0.3704239, 0.581957, 0.5599353, 0
0.4977424, 0.6218148, 0.5797925, 0
0.4336725, 0.5957087, 0.6425349, 0
0.528393, 0.5998484, 0.5888342, 0
0.4481688, 0.5536135, 0.5985643, 0
0.4405762, 0.5804744, 0.6246085, 0
0.3156988, 0.5543188, 0.5858167, 0
0.3798057, 0.5424562, 0.6182271, 0
0.352533, 0.5750607, 0.5560223, 0
0.3367531, 0.5291398, 0.5928662, 0
0.4322887, 0.6269076, 0.5915331, 0
0.4295338, 0.6132365, 0.5643896, 0
0.4015509, 0.5929523, 0.6442649, 0
0.4739721, 0.6093178, 0.5426241, 0
0.3827767, 0.6005471, 0.6003448, 0
0.4114686, 0.5621359, 0.5805753, 0
0.4440927, 0.6217848, 0.6372492, 0
0.4526229, 0.5373858, 0.576265, 0
0.3730452, 0.6311736, 0.5586195, 0
0.4258354, 0.6075301, 0.6390561, 0
0.4375176, 0.5305129, 0.5761877, 0
0.5086045, 0.6423045, 0.6512403, 0
0.3420814, 0.609913, 0.5995165, 0
0.4397283, 0.5396474, 0.6099776, 0
0.454855, 0.6117311, 0.5627046, 0
0.5001238, 0.6080922, 0.5898278, 0
0.3151641, 0.6227101, 0.5846935, 0
0.5279367, 0.5800766, 0.5918366, 0
0.4207167, 0.5660568, 0.6386473, 0
0.3889949, 0.5837754, 0.5683821, 0
0.4146401, 0.554737, 0.569554, 0
0.338533, 0.5933835, 0.5505302, 0
0.4645067, 0.6016228, 0.6565085, 0
0.4860863, 0.5669149, 0.5863949, 0
0.372022, 0.5796129, 0.5891603, 0
0.3227177, 0.5710115, 0.564975, 0
0.4214376, 0.6215509, 0.5640239, 0
0.3568746, 0.5868007, 0.5401873, 0
0.3373297, 0.5351014, 0.535916, 0
0.4853424, 0.5948057, 0.5961643, 0
0.3607345, 0.6211062, 0.5270964, 0
0.4663641, 0.6236, 0.6328492, 0
0.5166758, 0.5809528, 0.6497503, 0
0.477545, 0.5407491, 0.5989157, 0
0.4027552, 0.5988004, 0.625842, 0
0.4002376, 0.6203553, 0.5974185, 0
0.4558848, 0.635147, 0.5931639, 0
0.3488536, 0.5923005, 0.5781228, 0
0.511948, 0.5788241, 0.6578829, 0
0.4943157, 0.5475454, 0.5574729, 0
0.3859302, 0.5711907, 0.5157233, 0
0.3899623, 0.5643608, 0.6218272, 0
0.5182686, 0.5703329, 0.568509, 0
0.4562119, 0.6041127, 0.6251904, 0
0.446992, 0.6309269, 0.6373202, 0
0.5136279, 0.6423801, 0.5678589, 0
0.4394828, 0.6213058, 0.5713503, 0
0.3914046, 0.5901425, 0.6184805, 0
0.5031137, 0.6179477, 0.6427501, 0
0.5149336, 0.6520569, 0.5905921, 0
0.3444062, 0.612942, 0.615625, 0
0.3214613, 0.6114892, 0.5838699, 0
0.4373127, 0.6219675, 0.5802101, 0
0.3259807, 0.5738809, 0.5066, 0
0.3991127, 0.5355691, 0.5763641, 0
0.4772384, 0.610894, 0.5814242, 0
0.3663251, 0.551881, 0.5562757, 0
0.3695973, 0.5868005, 0.5241064, 0
0.3527822, 0.6122504, 0.5876566, 0
0.5399665, 0.6160957, 0.5534805, 0
0.4603861, 0.5917053, 0.624325, 0
0.34513, 0.5219028, 0.5634942, 0
0.4865442, 0.6041093, 0.5796547, 0
0.4360943, 0.5952776, 0.6168639, 0
0.4977996, 0.6370742, 0.643235, 0
0.4815797, 0.6144156, 0.6405761, 0
0.471763, 0.5817398, 0.6400826, 0
0.4984078, 0.6458474, 0.637614, 0
0.4510585, 0.626657, 0.6149164, 0
0.3754747, 0.5247627, 0.5605863, 0
0.4319202, 0.5721099, 0.6460007, 0
0.3915911, 0.6257132, 0.5570453, 0
0.4947636, 0.5470125, 0.5880114, 0
0.381843, 0.5397244, 0.6075695, 0
0.5308565, 0.5394783, 0.6214209, 0
0.513786, 0.5510947, 0.5957536, 0
0.5318206, 0.5512714, 0.6308155, 0
0.3537041, 0.5816984, 0.6235987, 0
0.4455921, 0.6015625, 0.6134881, 0
0.3254019, 0.5468555, 0.5573506, 0
0.5096815, 0.6356606, 0.6183235, 0
0.5212926, 0.5763046, 0.6347485, 0
0.3378721, 0.5801932, 0.5462851, 0
0.4771702, 0.652294, 0.5842179, 0
0.5110977, 0.6040019, 0.6666153, 0
0.4411135, 0.5957987, 0.5485647, 0
0.3541049, 0.6225452, 0.6088072, 0
0.3095066, 0.5744836, 0.5808569, 0
0.5369477, 0.5591977, 0.5993566, 0
0.3713529, 0.5180449, 0.5854581, 0
0.4599829, 0.6130849, 0.5423428, 0
0.3605646, 0.5601866, 0.6048941, 0
0.3917258, 0.5968255, 0.6315492, 0
0.4201624, 0.6214161, 0.5642746, 0
0.4975729, 0.6213914, 0.6196848, 0
0.3602638, 0.6336573, 0.582188, 0
0.5006365, 0.5540746, 0.6136912, 0
0.361182, 0.6012456, 0.5658625, 0
0.3275198, 0.6041146, 0.6084147, 0
0.3786697, 0.6154715, 0.5448345, 0
0.3353779, 0.5405198, 0.5410125, 0
0.3681798, 0.5800732, 0.5269405, 0
0.3359536, 0.6358926, 0.5577909, 0
0.348562, 0.6382056, 0.5879055, 0
0.5300478, 0.5777049, 0.547899, 0
0.4214135, 0.5635933, 0.6421074, 0
0.403569, 0.6140522, 0.6374148, 0
0.3531493, 0.5483438, 0.5468943, 0
0.4497259, 0.6088271, 0.5758975, 0
0.5234198, 0.6607783, 0.5972986, 0
0.3389869, 0.5816875, 0.5407942, 0
0.5068865, 0.6309469, 0.6160924, 0
0.450806, 0.6026757, 0.5502911, 0
0.3214538, 0.5895927, 0.5987015, 0
0.4140626, 0.6138681, 0.5693999, 0
0.4089679, 0.5605534, 0.5474402, 0
0.3039152, 0.5677538, 0.6230515, 0
0.3977379, 0.5647494, 0.6279129, 0
0.3989623, 0.5913223, 0.5789607, 0
0.4830648, 0.534148, 0.5869979, 0
0.3846432, 0.5977821, 0.5286283, 0
0.3648725, 0.5453953, 0.5337896, 0
0.3328936, 0.6093051, 0.5947737, 0
0.427541, 0.600098, 0.623502, 0
0.3202683, 0.6110675, 0.5949728, 0
0.3406743, 0.5928294, 0.6107542, 0
0.3644277, 0.6081553, 0.6333635, 0
0.4067648, 0.5948135, 0.5525927, 0
0.3308398, 0.5976753, 0.5415848, 0
0.3780534, 0.5752572, 0.5542299, 0
0.3790077, 0.6020902, 0.5454459, 0
0.4747799, 0.6485223, 0.5881579, 0
0.4024815, 0.5708364, 0.6066568, 0
0.5395285, 0.5758352, 0.5541429, 0
0.3608323, 0.6026917, 0.5919893, 0
0.3998435, 0.5774077, 0.5839609, 0
0.4483079, 0.5389267, 0.6084169, 0
0.4888338, 0.6064208, 0.5916397, 0
0.5364764, 0.5718792, 0.577252, 0
0.4696738, 0.6369034, 0.5825707, 0
0.44181, 0.5784629, 0.5306261, 0
0.3140319, 0.5190732, 0.5916493, 0
0.3168652, 0.55911, 0.5783156, 0
0.4350114, 0.6400788, 0.6280462, 0
0.4346468, 0.5579695, 0.5712767, 0
0.4478122, 0.5942746, 0.5563467, 0
0.4301147, 0.6105469, 0.6424698, 0
0.4976367, 0.5683581, 0.553585, 0
0.3281126, 0.6272425, 0.5320178, 0
0.455267, 0.587043, 0.611174, 0
0.3895271, 0.5324162, 0.5905222, 0
0.4062428, 0.6009439, 0.6021296, 0
0.4549493, 0.5582144, 0.5446739, 0
0.5060281, 0.6496536, 0.6053677, 0
0.4312857, 0.5784717, 0.6078869, 0
0.5249836, 0.543879, 0.6257229, 0
0.3424469, 0.5225035, 0.5895058, 0
0.4689128, 0.5965874, 0.6075381, 0
0.4220099, 0.562868, 0.5678178, 0
0.4800488, 0.5615587, 0.6508805, 0
0.4215113, 0.5826612, 0.578728, 0
0.4966726, 0.579565, 0.5434161, 0
0.5168328, 0.6308435, 0.6075411, 0
0.3385932, 0.5636154, 0.571948, 0
0.3687291, 0.586279, 0.5667515, 0
0.3945466, 0.6329671, 0.5719778, 0
0.5187761, 0.5557051, 0.6193301, 0
0.5164371, 0.5894639, 0.6129526, 0
0.4775175, 0.6329672, 0.6022083, 0
0.356768, 0.5623474, 0.6286673, 0
0.4229564, 0.5977519, 0.6319868, 0
0.4994993, 0.6178924, 0.5581954, 0
0.3772398, 0.5985662, 0.6170864, 0
0.3518847, 0.5775226, 0.5684787, 0
0.5125216, 0.5566791, 0.6572425, 0
0.4987773, 0.5866804, 0.6305787, 0
0.360877, 0.6392652, 0.5926909, 0
0.4308916, 0.6454895, 0.6031037, 0
0.5033609, 0.5420946, 0.6201223, 0
0.4454704, 0.587005, 0.5994461, 0
0.3369654, 0.594416, 0.5684962, 0
0.5243772, 0.6153753, 0.6252159, 0
0.3351285, 0.571659, 0.5151252, 0
0.4164435, 0.5295436, 0.602366, 0
0.4903894, 0.6307159, 0.5830471, 0
0.3610034, 0.5240574, 0.5635636, 0
0.3421549, 0.6073222, 0.5637778, 0
0.4857123, 0.5599383, 0.5592843, 0
0.4148199, 0.5804865, 0.5864116, 0
0.3409063, 0.5429857, 0.5722407, 0
0.3457925, 0.5700305, 0.5607165, 0
0.4379485, 0.5622051, 0.5958378, 0
0.4507088, 0.5773363, 0.6455834, 0
0.4893281, 0.5762196, 0.548112, 0
0.4969079, 0.5768436, 0.6461551, 0
0.4487499, 0.5299658, 0.5632613, 0
0.5198483, 0.6234208, 0.6317803, 0
0.41893, 0.5814872, 0.6256938, 0
0.3666771, 0.5399992, 0.5356423, 0
0.3959421, 0.5472593, 0.5572945, 0
0.4495696, 0.5282011, 0.5736461, 0
0.3533252, 0.5611387, 0.6360918, 0
0.4237011, 0.5757796, 0.5981148, 0
0.3024355, 0.5833257, 0.6193689, 0
0.5168993, 0.5798578, 0.6063624, 0
0.4819134, 0.6038331, 0.6228076, 0
0.3923518, 0.6130639, 0.5964548, 0
0.3797634, 0.6112419, 0.5938881, 0
0.4224608, 0.5852814, 0.6182296, 0
0.3334075, 0.5518592, 0.5437803, 0
0.5136572, 0.5499323, 0.6379009, 0
0.3260658, 0.5442487, 0.6205146, 0
0.3417034, 0.5150622, 0.5687225, 0
0.3498324, 0.6092911, 0.5525641, 0
0.4910914, 0.6301175, 0.6507548, 0
0.4159313, 0.6105573, 0.6414194, 0
0.4717242, 0.5711651, 0.5359825, 0
0.5129722, 0.5785486, 0.5460424, 0
0.4198665, 0.5543103, 0.5358875, 0
0.4485156, 0.6494426, 0.590057, 0
0.3901806, 0.6090989, 0.5776496, 0
0.4144273, 0.5497716, 0.5974103, 0
0.3928314, 0.574844, 0.5148733, 0
0.4142719, 0.5976896, 0.5618647, 0
0.5401754, 0.5776607, 0.5723418, 0
0.4774801, 0.6120749, 0.5615312, 0
0.3749183, 0.5937624, 0.5780799, 0
0.4690175, 0.6441082, 0.5682757, 0
0.3579408, 0.5465996, 0.5322722, 0
0.3957456, 0.5867321, 0.6073813, 0
0.5294005, 0.5340886, 0.6183913, 0
0.4840479, 0.6537858, 0.6132168, 0
0.511147, 0.5500202, 0.6507052, 0
0.4527102, 0.605749, 0.6009335, 0
0.4288512, 0.5999082, 0.5320404, 0
0.3711048, 0.6335346, 0.5767063, 0
0.4618643, 0.5873617, 0.5655584, 0
0.3125875, 0.5693608, 0.5646983, 0
0.4314308, 0.6347942, 0.5546649, 0
0.3696028, 0.6401007, 0.5645969, 0
0.4851981, 0.6150054, 0.6059106, 0
0.4389783, 0.567382, 0.5460195, 0
0.3407251, 0.5728055, 0.5462901, 0
0.5167595, 0.5561581, 0.5705273, 0
0.3993469, 0.5581858, 0.5857216, 0
0.3980393, 0.5862756, 0.6217452, 0
0.4469704, 0.5407112, 0.6379828, 0
0.4397942, 0.5981917, 0.5677115, 0
0.4517603, 0.597201, 0.5339121, 0
0.4744151, 0.585455, 0.5736633, 0
0.4379119, 0.6482803, 0.610768, 0
0.3643408, 0.5841141, 0.6378276, 0
0.4352114, 0.5794149, 0.6315138, 0
0.4592692, 0.5607675, 0.5485345, 0
0.3155317, 0.6318682, 0.5713779, 0
0.4822375, 0.6457471, 0.6056985, 0
0.4566033, 0.5594288, 0.6536542, 0
0.391989, 0.6074628, 0.5662689, 0
0.3182202, 0.5767409, 0.5663937, 0
0.4992754, 0.5559417, 0.6163035, 0
0.4024208, 0.5977632, 0.536185, 0
0.4900105, 0.603732, 0.5705261, 0
0.5034482, 0.6041321, 0.5696043, 0
0.3541014, 0.5319068, 0.5520526, 0
0.3117279, 0.5283144, 0.5985362, 0
0.4856249, 0.6382255, 0.6344127, 0
0.3368716, 0.538254, 0.5784913, 0
0.4091548, 0.5399413, 0.6133267, 0
0.3483757, 0.6189955, 0.5392346, 0
0.3996532, 0.5497918, 0.5512487, 0
0.3763881, 0.568772, 0.6157804, 0
0.4797153, 0.5504082, 0.6455113, 0
0.4870721, 0.5349627, 0.5926353, 0
0.4279652, 0.6036719, 0.6504797, 0
0.5113029, 0.625662, 0.6609263, 0
0.4331972, 0.626179, 0.6041563, 0
0.4771243, 0.5373216, 0.5995446, 0
0.3371793, 0.6138928, 0.5767446, 0
0.3330182, 0.5350435, 0.5217401, 0
0.494791, 0.6366962, 0.5722445, 0
0.3211261, 0.5700313, 0.5393902, 0
0.3539079, 0.5719631, 0.6376842, 0
0.438968, 0.5929011, 0.6527406, 0
0.3916445, 0.6090397, 0.5980147, 0
0.4641498, 0.56253, 0.6096828, 0
0.5014763, 0.655251, 0.6228948, 0
0.335285, 0.6213199, 0.5367036, 0
0.4287292, 0.5355763, 0.5543753, 0
0.3387992, 0.571429, 0.5262108, 0
0.4690081, 0.6003316, 0.6612737, 0
0.4772445, 0.5456488, 0.581518, 0
0.4388966, 0.5519339, 0.5979873, 0
0.4058783, 0.5639436, 0.5962705, 0
0.3586956, 0.5442846, 0.6088555, 0
0.4618639, 0.6182213, 0.539946, 0
0.4123243, 0.5852941, 0.598682, 0
0.4790334, 0.5828294, 0.533852, 0
0.4366633, 0.5695706, 0.6290448, 0
0.5228425, 0.5352708, 0.5976297, 0
0.4143921, 0.5986345, 0.629145, 0
0.3115052, 0.6094434, 0.5973889, 0
0.4717405, 0.5882556, 0.6064597, 0
0.333639, 0.6142907, 0.5574288, 0
0.5133479, 0.5366325, 0.5789951, 0
0.4965011, 0.6381493, 0.6110962, 0
0.5135012, 0.6381835, 0.6584879, 0
0.46009, 0.6295404, 0.6185876, 0
0.3696501, 0.5285221, 0.5822849, 0
0.4267288, 0.5326949, 0.5585871, 0
0.3128603, 0.5880278, 0.5722452, 0
0.3696618, 0.5890275, 0.5530343, 0
0.3355593, 0.5272049, 0.5829099, 0
0.4332002, 0.6427627, 0.6150106, 0
0.3975758, 0.5914589, 0.5468054, 0
0.3553398, 0.6360668, 0.5585899, 0
0.3991827, 0.6246803, 0.548355, 0
0.3393756, 0.5485908, 0.5324795, 0
0.5376233, 0.5822338, 0.5541553, 0
0.3584202, 0.5574843, 0.558372, 0
0.3581427, 0.5969753, 0.614955, 0
0.5370098, 0.5960463, 0.5704433, 0
0.4603528, 0.5400398, 0.6203761, 0
0.4458933, 0.5790029, 0.6406524, 0
0.401845, 0.5642193, 0.5896865, 0
0.3644574, 0.5514247, 0.5939575, 0
0.4045974, 0.5798376, 0.6430306, 0
0.5021607, 0.5902625, 0.6554521, 0
0.4562573, 0.6371398, 0.550772, 0
0.4778213, 0.5675211, 0.5621232, 0
0.3242616, 0.5344195, 0.5303645, 0
0.3581392, 0.6260979, 0.5475935, 0
0.4537529, 0.5890087, 0.6274654, 0
0.4127556, 0.6367772, 0.5929993, 0
0.4670398, 0.6108717, 0.5505192, 0
0.4707551, 0.5825469, 0.6205569, 0
0.3534908, 0.5407406, 0.608165, 0
0.3303885, 0.5558344, 0.5424865, 0
0.3292038, 0.5939556, 0.5561158, 0
0.426413, 0.6302687, 0.6293923, 0
0.5109711, 0.5473624, 0.6044623, 0
0.3357325, 0.5594281, 0.5186949, 0
0.3900323, 0.5914469, 0.538764, 0
0.4567431, 0.614535, 0.5415429, 0
0.4255242, 0.6053849, 0.5289042, 0
0.4938061, 0.5749764, 0.6630959, 0
0.4494275, 0.5939501, 0.5436113, 0
0.4147629, 0.5565076, 0.608932, 0
0.4470372, 0.5345759, 0.5620878, 0
0.3904242, 0.5743774, 0.5643393, 0
0.3217266, 0.5673189, 0.534537, 0
0.4334148, 0.5467418, 0.6288565, 0
0.3856618, 0.5907948, 0.5739861, 0
0.4102954, 0.5855408, 0.6054246, 0
0.4706973, 0.5479186, 0.5654604, 0
0.3284883, 0.5784133, 0.5008655, 0
0.5104879, 0.6135354, 0.5490531, 0
0.5138423, 0.5784006, 0.6256853, 0
0.4230753, 0.546124, 0.5760319, 0
0.5210603, 0.6072559, 0.6268499, 0
0.4016181, 0.5856327, 0.541792, 0
0.4753849, 0.6395597, 0.6219634, 0
0.4852554, 0.5579746, 0.6490362, 0
0.342314, 0.5515972, 0.559104, 0
0.4612204, 0.6393626, 0.6310275, 0
0.439828, 0.5944376, 0.560555, 0
0.3466402, 0.61103, 0.5578669, 0
0.3589743, 0.5294867, 0.6089684, 0
0.4533879, 0.6418015, 0.5766812, 0
0.4974415, 0.5811201, 0.5601222, 0
0.3247892, 0.5424456, 0.5533473, 0
0.4710578, 0.5863746, 0.5860308, 0
0.4494894, 0.5650577, 0.5557995, 0
0.3856133, 0.5352698, 0.6235777, 0
0.4282123, 0.539114, 0.597491, 0
0.4580263, 0.5922726, 0.5415345, 0
0.328336, 0.5157574, 0.5326756, 0
0.4309146, 0.5778065, 0.5513952, 0
0.4316013, 0.6308849, 0.56117, 0
0.5063778, 0.5926657, 0.5384347, 0
0.468109, 0.6039612, 0.5842535, 0
0.4450951, 0.641007, 0.605615, 0
0.3716479, 0.5507518, 0.537913, 0
0.3619747, 0.5754202, 0.6131115, 0
0.4239383, 0.5893012, 0.6143302, 0
0.4076912, 0.5428247, 0.6119556, 0
0.4189038, 0.5856906, 0.5338175, 0
0.4789425, 0.5398029, 0.5666537, 0
0.4215901, 0.6187334, 0.6085095, 0
0.3435272, 0.599409, 0.5130621, 0
0.3921858, 0.5858858, 0.5436283, 0
0.5238279, 0.5383093, 0.621322, 0
0.4570948, 0.6016227, 0.5511096, 0
0.4653618, 0.576916, 0.65895, 0
0.3964153, 0.6380782, 0.5707936, 0
0.3552085, 0.5916664, 0.5451859, 0
0.516373, 0.6305654, 0.558512, 0
0.3422117, 0.5654412, 0.6175501, 0
0.4830538, 0.6083571, 0.5741338, 0
0.3740969, 0.5843453, 0.576263, 0
0.5069472, 0.596968, 0.5922974, 0
0.4710847, 0.5840547, 0.5418746, 0
0.3071765, 0.5749843, 0.6051657, 0
0.4402895, 0.6073706, 0.5392097, 0
0.4515556, 0.6465879, 0.5679919, 0
0.4978864, 0.6118527, 0.6289351, 0
0.4684747, 0.5915735, 0.5453387, 0
0.3243934, 0.5171621, 0.5461209, 0
0.4403202, 0.6264784, 0.6306515, 0
0.4547193, 0.6265326, 0.6202944, 0
0.4502491, 0.5938285, 0.6522982, 0
0.3818518, 0.5369093, 0.5369874, 0
0.5177649, 0.5769957, 0.6358488, 0
0.3999825, 0.5889003, 0.54863, 0
0.3782401, 0.6187279, 0.5947571, 0
0.4140799, 0.5760581, 0.5407805, 0
0.4250333, 0.5846565, 0.6288605, 0
0.3766313, 0.5968017, 0.6017697, 0
0.4342234, 0.6084527, 0.5340407, 0
0.4734538, 0.6076639, 0.5722966, 0
0.3324447, 0.5295784, 0.5439773, 0
0.5257361, 0.6242931, 0.5507261, 0
0.330052, 0.5485831, 0.6044863, 0
0.3435844, 0.6049731, 0.567165, 0
0.5224881, 0.6144924, 0.6046594, 0
0.3285749, 0.5622166, 0.5621575, 0
0.5142463, 0.6333843, 0.5806255, 0
0.4047397, 0.5796884, 0.6029623, 0
0.4091133, 0.530292, 0.5664434, 0
0.3295027, 0.5641422, 0.6073862, 0
0.4884725, 0.6297802, 0.5678055, 0
0.4112252, 0.5949103, 0.6361075, 0
0.387608, 0.5425073, 0.5261086, 0
0.4153776, 0.5885167, 0.5671573, 0
0.343786, 0.5810544, 0.5987278, 0
0.3716923, 0.640262, 0.5603957, 0
0.3867625, 0.5807148, 0.6133589, 0
0.4026296, 0.5627115, 0.5248681, 0
0.4681257, 0.6304223, 0.6443773, 0
0.3646069, 0.550198, 0.5508164, 0
0.5234444, 0.558197, 0.5954154, 0
0.4412903, 0.5717454, 0.5449042, 0
0.3456452, 0.5509945, 0.6252697, 0
0.4009174, 0.5860568, 0.5719423, 0
0.4360563, 0.5695589, 0.6296005, 0
0.4010541, 0.6166742, 0.6145945, 0
0.4519981, 0.5597819, 0.5389464, 0
0.4345968, 0.5795324, 0.6151846, 0
0.3900873, 0.5199687, 0.5848609, 0
0.4463881, 0.6226658, 0.5378254, 0
0.4938832, 0.6140442, 0.6302142, 0
0.4287972, 0.564978, 0.6386679, 0
0.3576311, 0.6286878, 0.5844747, 0
0.346741, 0.6071019, 0.5314525, 0
0.340553, 0.5936046, 0.6247616, 0
0.4072927, 0.6082043, 0.5831363, 0
0.5003999, 0.631659, 0.5848222, 0
0.4968273, 0.6315543, 0.5800503, 0
0.4346897, 0.5563893, 0.6184645, 0
0.4948836, 0.528837, 0.6098396, 0
0.4954693, 0.5929466, 0.6407124, 0
0.3405595, 0.5462798, 0.528276, 0
0.4512907, 0.5910029, 0.5762608, 0
0.5236498, 0.6046913, 0.5563577, 0
0.512826, 0.5927057, 0.5901653, 0
0.4870847, 0.6222543, 0.5660289, 0
0.3660306, 0.5591211, 0.5855148, 0
0.4984224, 0.563099, 0.5900509, 0
0.4015195, 0.5448937, 0.562993, 0
0.4477976, 0.5656664, 0.6506361, 0
0.3967639, 0.534979, 0.5434639, 0
0.3132521, 0.5684004, 0.6288158, 0
0.4202662, 0.5763951, 0.5737437, 0
0.4427567, 0.5446725, 0.599133, 0
0.4024223, 0.5952183, 0.5171576, 0
0.4868091, 0.5733083, 0.5988897, 0
0.462204, 0.6174392, 0.5942135, 0
0.3310402, 0.5543506, 0.561466, 0
0.5104078, 0.642723, 0.6338199, 0
0.5129848, 0.5881922, 0.5425405, 0
0.4472645, 0.6446816, 0.5706421, 0
0.5003902, 0.6193573, 0.5734285, 0
0.4288126, 0.5829738, 0.5696808, 0
0.3556084, 0.5904186, 0.5847303, 0
0.5176954, 0.6012862, 0.6528571, 0
0.5078681, 0.5641207, 0.5725528, 0
0.4033107, 0.5728224, 0.6038096, 0
0.3162872, 0.5502625, 0.5690579, 0
0.370765, 0.5617403, 0.5982777, 0
0.3890484, 0.5491495, 0.5722324, 0
0.5023583, 0.6088997, 0.5530857, 0
0.4703411, 0.6518393, 0.6170878, 0
0.3825048, 0.5392843, 0.5395931, 0
0.3328177, 0.5986198, 0.5628012, 0
0.3195519, 0.5462507, 0.5948881, 0
0.4922285, 0.5985372, 0.5497435, 0
0.5062259, 0.6120169, 0.5817947, 0
0.5078722, 0.6455147, 0.630399, 0
0.4841545, 0.6205209, 0.6162751, 0
0.4909551, 0.6040789, 0.57759, 0
0.5160203, 0.5955327, 0.6171783, 0
0.3809861, 0.5950195, 0.6080281, 0
0.4011557, 0.5381921, 0.6100817, 0
0.4238881, 0.5580887, 0.5745625, 0
0.3481328, 0.6034667, 0.5931789, 0
0.4061015, 0.600071, 0.5580844, 0
0.3940856, 0.5327293, 0.5737321, 0
0.4787036, 0.5432621, 0.6283334, 0
0.4295039, 0.5722097, 0.5553046, 0
0.4859347, 0.6097719, 0.6078328, 0
0.493087, 0.5481346, 0.6333153, 0
0.3025826, 0.6215458, 0.5999609, 0
0.5297506, 0.6039354, 0.5563478, 0
0.5161522, 0.6397158, 0.6319949, 0
0.4116486, 0.586166, 0.6175977, 0
0.4638311, 0.5845213, 0.6618266, 0
0.4984739, 0.578336, 0.6162674, 0
0.3561778, 0.5940926, 0.5572798, 0
0.3902552, 0.5644616, 0.5756435, 0
0.4245196, 0.6160648, 0.5932543, 0
0.5006593, 0.5855378, 0.6325265, 0
0.4312212, 0.5288597, 0.6135892, 0
0.3776704, 0.5945351, 0.5560988, 0
0.3865226, 0.6114396, 0.5328388, 0
0.4898911, 0.5392569, 0.572417, 0
0.4991897, 0.6297919, 0.6053475, 0
0.3388675, 0.5485675, 0.517935, 0
0.5095516, 0.5913934, 0.6716129, 0
0.5190901, 0.5652959, 0.5790662, 0
0.4954662, 0.6342273, 0.5909039, 0
0.3804571, 0.5920647, 0.6313205, 0
0.3290754, 0.5927401, 0.5420262, 0
0.3721575, 0.5837025, 0.6328259, 0
0.3716242, 0.6321082, 0.5937067, 0
0.398808, 0.6249798, 0.6075744, 0
0.3876089, 0.5582956, 0.5436387, 0
0.4038535, 0.5983428, 0.5279455, 0
0.3376365, 0.5663924, 0.5300978, 0
0.3184813, 0.614332, 0.5773723, 0
0.5069789, 0.6387314, 0.570738, 0
0.3769081, 0.5845048, 0.5666053, 0
0.525884, 0.6397861, 0.5592527, 0
0.3399971, 0.527674, 0.5722801, 0
0.3551767, 0.5805499, 0.5161057, 0
0.507979, 0.5715253, 0.6651519, 0
0.3797821, 0.5545932, 0.5884643, 0
0.4119933, 0.5376152, 0.5849451, 0
0.5029931, 0.5697685, 0.5712263, 0
0.5261673, 0.5769467, 0.6261894, 0
0.4716206, 0.5456825, 0.5900148, 0
0.4303066, 0.61044, 0.5390974, 0
0.4721995, 0.5400125, 0.5940995, 0
0.3565885, 0.6094311, 0.5545869, 0
0.5032578, 0.6201298, 0.5700381, 0
0.3372981, 0.5816689, 0.5169104, 0
0.3643834, 0.6120375, 0.5432118, 0
0.394988, 0.5177339, 0.5929654, 0
0.4383493, 0.6249052, 0.5980493, 0
0.5216081, 0.6202327, 0.5815691, 0
0.4049345, 0.5424688, 0.5830022, 0
0.4611776, 0.5937101, 0.6190708, 0
0.4891858, 0.6311626, 0.5619884, 0
0.3895431, 0.550386, 0.556577, 0
0.3596733, 0.5533642, 0.5637127, 0
0.4849622, 0.5514734, 0.5866667, 0
0.4855203, 0.6390651, 0.638693, 0
0.353969, 0.5871539, 0.5495534, 0
0.489419, 0.5961357, 0.5994282, 0
0.4692705, 0.6294079, 0.5909356, 0
0.3210992, 0.5860747, 0.6091686, 0
0.338788, 0.5548202, 0.6291518, 0
0.335842, 0.6190299, 0.5883272, 0
0.3392301, 0.5387258, 0.5141355, 0
0.4255796, 0.6193802, 0.5496645, 0
0.3968936, 0.5216278, 0.5521795, 0
0.5065454, 0.6495066, 0.6045673, 0
0.3590275, 0.5699967, 0.596085, 0
0.4129665, 0.5231759, 0.5715483, 0
0.3255933, 0.5952505, 0.5873492, 0
0.3538028, 0.6083837, 0.55584, 0
0.3405033, 0.517427, 0.5754204, 0
0.4187916, 0.6089975, 0.5362385, 0
0.4578174, 0.6296196, 0.6238638, 0
0.3716317, 0.5434843, 0.5403485, 0
0.3237149, 0.6031346, 0.5403302, 0
0.4251007, 0.5638226, 0.5397917, 0
0.4077682, 0.5334004, 0.5676129, 0
0.5107337, 0.6451824, 0.617049, 0
0.4044568, 0.5754722, 0.6458234, 0
0.3473982, 0.55237, 0.6130115, 0
0.3613705, 0.6163671, 0.5602773, 0
0.4515096, 0.5342066, 0.6267675, 0
0.4557747, 0.5899165, 0.5916988, 0
0.4303596, 0.5799748, 0.6451104, 0
0.4182555, 0.6275728, 0.6148308, 0
0.4641123, 0.6186076, 0.6174247, 0
0.3520997, 0.5880181, 0.5148196, 0
0.3756209, 0.6022357, 0.5619065, 0
0.3506882, 0.539245, 0.5251721, 0
0.3973243, 0.6108822, 0.5453662, 0
0.5221071, 0.5985088, 0.5907728, 0
0.4723919, 0.5759596, 0.651596, 0
0.5107123, 0.6345592, 0.5879073, 0
0.4170779, 0.5925088, 0.5583429, 0
0.352639, 0.6391299, 0.5709338, 0
0.459926, 0.6342502, 0.5795043, 0
0.4767237, 0.6050179, 0.5456653, 0
0.4446413, 0.6000203, 0.6468309, 0
0.371472, 0.5234886, 0.5469416, 0
0.3178734, 0.6065899, 0.5924317, 0
0.4030119, 0.6367775, 0.5745623, 0
0.4227692, 0.5954355, 0.5960515, 0
0.4442766, 0.5953494, 0.6438904, 0
0.319432, 0.5575217, 0.5900236, 0
0.4481973, 0.6314268, 0.5755228, 0
0.4200255, 0.5827239, 0.5427617, 0
0.4832613, 0.6176773, 0.6298193, 0
0.4460076, 0.5546862, 0.5942724, 0
0.4164944, 0.6061239, 0.616581, 0
0.458989, 0.5456882, 0.5626621, 0
0.3537303, 0.6272234, 0.5440872, 0
0.3567314, 0.6009831, 0.517916, 0
0.3465356, 0.5632365, 0.5392962, 0
0.4114058, 0.648535, 0.587786, 0
0.5203811, 0.6287675, 0.6055191, 0
0.4948287, 0.572678, 0.6114855, 0
0.4896455, 0.5362803, 0.5840547, 0
0.3725548, 0.5730874, 0.5265913, 0
0.5350557, 0.5818598, 0.5699006, 0
0.4589315, 0.5575393, 0.6156139, 0
0.3587705, 0.6249545, 0.607146, 0
0.338248, 0.5683072, 0.6167113, 0
0.5071563, 0.5589536, 0.6499296, 0
0.4274773, 0.5488096, 0.5607678, 0
0.404236, 0.6070668, 0.6164053, 0
0.4338307, 0.5661446, 0.6239883, 0
0.3329284, 0.6179134, 0.548749, 0
0.3357635, 0.5830095, 0.6333681, 0
0.3730041, 0.6208304, 0.6212279, 0
0.4521023, 0.5700858, 0.5926435, 0
0.4873399, 0.5975724, 0.5664573, 0
0.5028445, 0.6156283, 0.5640089, 0
0.5012496, 0.5753076, 0.6302242, 0
0.5302168, 0.614424, 0.581917, 0
0.4901054, 0.588843, 0.6689717, 0
0.4393086, 0.5963609, 0.623585, 0
0.3515484, 0.5936992, 0.5464501, 0
0.4064856, 0.6115814, 0.5456846, 0
0.4046559, 0.6102318, 0.551418, 0
0.4540668, 0.6197571, 0.5804089, 0
0.5188602, 0.5361317, 0.5890337, 0
0.4924064, 0.6086082, 0.6272415, 0
0.3971688, 0.5456241, 0.6293588, 0
0.3383832, 0.5691388, 0.5401848, 0
0.4514081, 0.6323549, 0.6095976, 0
0.4364776, 0.561346, 0.6328618, 0
0.5115656, 0.5936934, 0.6603515, 0
0.3826, 0.6159042, 0.6139817, 0
0.3532673, 0.5719529, 0.5598947, 0
0.3246832, 0.5526975, 0.5983414, 0
0.3581971, 0.6259611, 0.6084372, 0
0.3562501, 0.5820343, 0.5276461, 0
0.5291355, 0.5747585, 0.6243453, 0
0.4770031, 0.5793732, 0.5973689, 0
0.3557378, 0.5576428, 0.5269675, 0
0.4974977, 0.6311585, 0.5779088, 0
0.3288747, 0.532728, 0.5219054, 0
0.4589418, 0.5746083, 0.5496033, 0
0.3826844, 0.5635277, 0.5180508, 0
0.3796325, 0.5626124, 0.5390416, 0
0.5273212, 0.5352939, 0.5921531, 0
0.5094211, 0.6559989, 0.596818, 0
0.4850188, 0.5691131, 0.5510983, 0
0.405203, 0.5440615, 0.6231149, 0
0.3874892, 0.608088, 0.5813264, 0
0.454221, 0.5938815, 0.5471027, 0
0.5134239, 0.6180513, 0.552975, 0
0.482704, 0.5701569, 0.6468154, 0
0.4127585, 0.5500399, 0.5315498, 0
0.3733291, 0.5323331, 0.5933143, 0
0.4302342, 0.5741459, 0.6421197, 0
0.5003353, 0.5736796, 0.5571025, 0
0.5155162, 0.6026593, 0.5769815, 0
0.4092801, 0.6065349, 0.5838586, 0
0.3738241, 0.5228447, 0.5635341, 0
0.4993495, 0.6227312, 0.5549609, 0
0.3577942, 0.5636712, 0.5265933, 0
0.4571256, 0.6346864, 0.61077, 0
0.4055562, 0.5723889, 0.5830353, 0
0.5132911, 0.5692303, 0.5673901, 0
0.5143055, 0.6452112, 0.5953707, 0
0.3830073, 0.6415839, 0.5998013, 0
0.3834383, 0.5261216, 0.5408317, 0
0.3804288, 0.5751403, 0.6015051, 0
0.4046426, 0.5915222, 0.5251238, 0
0.5240126, 0.5973228, 0.6045254, 0
0.3360208, 0.586491, 0.6143506, 0
0.3643485, 0.561936, 0.5552492, 0
0.3645988, 0.5968643, 0.6094616, 0
0.4430811, 0.6152605, 0.6150824, 0
0.3993217, 0.5622641, 0.524951, 0
0.505347, 0.6393357, 0.6560722, 0
0.4016558, 0.5696402, 0.5708332, 0
0.4381067, 0.5323228, 0.5856072, 0
0.4397894, 0.6498975, 0.6112064, 0
0.5076067, 0.6364229, 0.6347594, 0
0.4234763, 0.5289462, 0.5869939, 0
0.46511, 0.614287, 0.6593419, 0
0.3646883, 0.5321311, 0.5858021, 0
0.4835048, 0.5416487, 0.6189941, 0
0.3515399, 0.5118505, 0.5851646, 0
0.4895587, 0.5897021, 0.6050055, 0
0.4080815, 0.551739, 0.6161628, 0
0.3808536, 0.5430429, 0.6179888, 0
0.5038943, 0.5820546, 0.5732845, 0
0.385943, 0.5639946, 0.6281855, 0
0.4549571, 0.5903534, 0.593958, 0
0.4990753, 0.5780323, 0.570958, 0
0.5205022, 0.6335087, 0.5879426, 0
0.404359, 0.602675, 0.5279802, 0
0.5090845, 0.6458628, 0.6030133, 0
0.4623367, 0.5462653, 0.6361379, 0
0.508137, 0.6343803, 0.5637676, 0
0.5030758, 0.5885083, 0.605134, 0
0.4704869, 0.5886409, 0.656575, 0
0.4851305, 0.5739246, 0.6062957, 0
0.4727168, 0.6001509, 0.5754746, 0
0.4249848, 0.6229222, 0.6111945, 0
0.4017537, 0.5514324, 0.5254503, 0
0.4980626, 0.6270329, 0.610296, 0
0.37833, 0.5523261, 0.6110404, 0
0.4066416, 0.6358348, 0.5547562, 0
0.4428147, 0.5288813, 0.5646728, 0
0.480318, 0.6070231, 0.5528444, 0
0.4096308, 0.6152562, 0.6107628, 0
0.4055519, 0.5347552, 0.6193969, 0
0.4463531, 0.5933695, 0.5718488, 0
0.3902231, 0.5275038, 0.6096589, 0
0.4276384, 0.5559939, 0.546601, 0
0.3565443, 0.5469058, 0.5331717, 0
0.3603931, 0.546864, 0.5873919, 0
0.5212849, 0.5913984, 0.5506391, 0
0.4569155, 0.5906681, 0.6164172, 0
0.4365915, 0.5398767, 0.5484022, 0
0.3989831, 0.5954061, 0.6452768, 0
0.4647008, 0.5778254, 0.6119046, 0
0.4306818, 0.5922186, 0.5611151, 0
0.5135421, 0.5435813, 0.5995383, 0
0.4628153, 0.6216537, 0.6346101, 0
0.5340939, 0.5617747, 0.566342, 0
0.3648791, 0.5234546, 0.5719008, 0
0.3780973, 0.6016275, 0.6185436, 0
0.4140702, 0.6356714, 0.6114963, 0
0.3206685, 0.5242205, 0.5693725, 0
0.3368744, 0.5158263, 0.5582789, 0
0.3193004, 0.5252848, 0.5980911, 0
0.324308, 0.6117622, 0.5474322, 0
0.3947903, 0.6207751, 0.5301133, 0
0.3485868, 0.5328977, 0.5473215, 0
0.4761848, 0.6182652, 0.649341, 0
0.4235413, 0.5767705, 0.576982, 0
0.4441425, 0.6029107, 0.6391452, 0
0.3925997, 0.6205628, 0.5721595, 0
0.3812114, 0.5293015, 0.6170682, 0
0.5141888, 0.6599094, 0.5907379, 0
0.3564792, 0.6126339, 0.5728484, 0
0.3033548, 0.5793563, 0.6052186, 0
0.4466433, 0.5299482, 0.5965924, 0
0.5129101, 0.6172668, 0.5545149, 0
0.4459262, 0.649919, 0.5848744, 0
0.5176831, 0.6410034, 0.6180075, 0
0.5047206, 0.5478877, 0.6087532, 0
0.451461, 0.5663686, 0.6139356, 0
0.4421235, 0.5707605, 0.5905732, 0
0.5215024, 0.591132, 0.6077527, 0
0.4073264, 0.5871837, 0.5759324, 0
0.3862434, 0.5287761, 0.5445076, 0
0.4754167, 0.558057, 0.64759, 0
0.4864221, 0.5858677, 0.6265513, 0
0.5133581, 0.5656753, 0.5631483, 0
0.4181742, 0.603964, 0.6199706, 0
0.3923946, 0.5965258, 0.5230621, 0
0.4414729, 0.5590692, 0.5369356, 0
0.5027224, 0.5509557, 0.5796924, 0
0.5051656, 0.5666723, 0.6515988, 0
0.3114719, 0.5518326, 0.5823218, 0
0.4228984, 0.570592, 0.5959669, 0
0.3589063, 0.6429214, 0.5794064, 0
0.3664326, 0.5913608, 0.6000282, 0
0.4689541, 0.6002733, 0.5441571, 0
0.3325108, 0.5349699, 0.6017748, 0
0.4648303, 0.6445708, 0.5682123, 0
0.4315788, 0.562794, 0.6199, 0
0.4151135, 0.577475, 0.6202379, 0
0.4360973, 0.5604764, 0.6140434, 0
0.386227, 0.5648391, 0.5645228, 0
0.3277361, 0.5451993, 0.5416108, 0
0.3316804, 0.5827146, 0.5492746, 0
0.5188248, 0.5605226, 0.6518757, 0
0.4661327, 0.6099653, 0.6126651, 0
0.4117915, 0.6113819, 0.6010368, 0
0.526023, 0.5941154, 0.622675, 0
0.3685665, 0.5881106, 0.5914778, 0
0.3413967, 0.5385993, 0.6082776, 0
0.5014778, 0.6009098, 0.5920581, 0
0.4544552, 0.6398336, 0.6356116, 0
0.5050426, 0.5788108, 0.5447856, 0
0.5136105, 0.6298611, 0.5606503, 0
0.4669454, 0.5396987, 0.5947126, 0
0.5056627, 0.5908638, 0.6286763, 0
0.4784477, 0.603273, 0.6358972, 0
0.5028577, 0.5630631, 0.6265766, 0
0.5199113, 0.5799063, 0.6518638, 0
0.4994854, 0.5966259, 0.6451348, 0
0.3454503, 0.6091114, 0.5949701, 0
0.4417942, 0.5450147, 0.6377649, 0
0.4421546, 0.5856583, 0.5286748, 0
0.3277287, 0.5543351, 0.6029698, 0
0.3886983, 0.5790053, 0.5742642, 0
0.371534, 0.5405087, 0.5457751, 0
0.4691464, 0.6327574, 0.6399882, 0
0.3849401, 0.5499144, 0.5367585, 0
0.5200359, 0.6414835, 0.630319, 0
0.3291939, 0.5466597, 0.5339858, 0
0.5081472, 0.5946272, 0.6253355, 0
0.5224341, 0.5856656, 0.5671191, 0
0.394196, 0.5962296, 0.5293663, 0
0.3441939, 0.5774037, 0.515784, 0
0.4238612, 0.5427369, 0.6139583, 0
0.3996937, 0.5419459, 0.6301365, 0
0.3528188, 0.5964757, 0.5193968, 0
0.510309, 0.5779059, 0.5474387, 0
0.4894938, 0.5698352, 0.5553595, 0
0.3500171, 0.5485864, 0.6228391, 0
0.3718298, 0.5661829, 0.566272, 0
0.4445489, 0.5933369, 0.5579301, 0
0.5017544, 0.5813196, 0.5503474, 0
0.4912108, 0.6377403, 0.6374598, 0
0.3434655, 0.6130878, 0.5560185, 0
0.3258112, 0.5311421, 0.5482818, 0
0.5095063, 0.6112853, 0.6613759, 0
0.4814576, 0.5729564, 0.6027333, 0
0.3461578, 0.553008, 0.5578712, 0
0.4437982, 0.5931212, 0.5650354, 0
0.446478, 0.5415363, 0.55084, 0
0.459552, 0.5624535, 0.653284, 0
0.4960586, 0.5565307, 0.594102, 0
0.3816659, 0.5823833, 0.5651709, 0
0.3442847, 0.5881555, 0.5223519, 0
0.3797654, 0.6134208, 0.5419374, 0
0.5105105, 0.587103, 0.5489044, 0
0.4641562, 0.5494446, 0.578033, 0
0.4156328, 0.639255, 0.6086745, 0
0.325702, 0.5604068, 0.5141639, 0
0.4756723, 0.6424693, 0.6128042, 0
0.3945659, 0.6173355, 0.6331567, 0
0.3754854, 0.6089919, 0.6251897, 0
0.4342035, 0.5807846, 0.5904753, 0
0.4893818, 0.6218812, 0.5587453, 0
0.4865053, 0.6303485, 0.6207117, 0
0.3854978, 0.565068, 0.5326681, 0
0.4307925, 0.5961134, 0.5682214, 0
0.3306436, 0.5651999, 0.6061326, 0
0.3512291, 0.5447294, 0.5220841, 0
0.4435001, 0.6171379, 0.581384, 0
0.3408149, 0.6332604, 0.5679837, 0
0.5121877, 0.5516155, 0.6041785, 0
0.3462743, 0.5614417, 0.534162, 0
0.3067006, 0.5841972, 0.6132376, 0
0.5212488, 0.5720797, 0.6063843, 0
0.5331994, 0.6123845, 0.589235, 0
0.4443583, 0.5881309, 0.5990616, 0
0.4336955, 0.5781306, 0.5405182, 0
0.4655419, 0.560758, 0.5806586, 0
0.3175932, 0.5467312, 0.6116745, 0
0.3220037, 0.5780038, 0.6055247, 0
0.4802285, 0.552255, 0.5625706, 0
0.5154849, 0.5828832, 0.5489534, 0
0.3141631, 0.6262301, 0.555344, 0
0.5419553, 0.589363, 0.5544186, 0
0.4580408, 0.5796888, 0.5924864, 0
0.4002414, 0.5234976, 0.5807721, 0
0.3649677, 0.571104, 0.5884036, 0
0.3826629, 0.6188961, 0.5494509, 0
0.3706335, 0.6181256, 0.6150831, 0
0.3773761, 0.5631012, 0.5832748, 0
0.3817631, 0.5396909, 0.566267, 0
0.4370757, 0.6491198, 0.5883371, 0
0.3911629, 0.5995356, 0.5462008, 0
0.4939284, 0.573567, 0.6127163, 0
0.4813355, 0.5878486, 0.5509592, 0
0.5404499, 0.5477978, 0.5905017, 0
0.5135217, 0.5489121, 0.6052898, 0
0.3288398, 0.6176637, 0.5799124, 0
0.3099534, 0.5465803, 0.622148, 0
0.4107412, 0.6267707, 0.5814738, 0
0.4909497, 0.5540884, 0.6166854, 0
0.5135558, 0.5750901, 0.5777627, 0
0.5316203, 0.5439159, 0.5786801, 0
0.3640578, 0.6201148, 0.5931575, 0
0.3862702, 0.6226183, 0.6190609, 0
0.4942043, 0.6065773, 0.5752442, 0
0.3768389, 0.5903276, 0.5548667, 0
0.3822708, 0.5787485, 0.5473101, 0
0.3461284, 0.6363898, 0.5544167, 0
0.3846427, 0.5299967, 0.5344755, 0
0.4628803, 0.6184279, 0.545252, 0
0.4671031, 0.5393549, 0.5998788, 0
0.4103615, 0.6076138, 0.6228415, 0
0.414936, 0.5514993, 0.6385934, 0
0.3506778, 0.6202345, 0.5467992, 0
0.429781, 0.5973182, 0.6258585, 0
0.4199952, 0.6507459, 0.5856302, 0
0.4474939, 0.5662437, 0.5336503, 0
0.3660629, 0.5346856, 0.54759, 0
0.4755945, 0.6473744, 0.5718217, 0
0.4018408, 0.6071405, 0.5868775, 0
0.429482, 0.6000386, 0.6144222, 0
0.4535352, 0.6123965, 0.6191995, 0
0.5201959, 0.5443547, 0.5942414, 0
0.4256352, 0.639714, 0.585273, 0
0.4877616, 0.5681383, 0.5396301, 0
0.5017403, 0.6360011, 0.6566969, 0
0.3852075, 0.5643051, 0.5399025, 0
0.327476, 0.5337489, 0.5922301, 0
0.3955886, 0.629101, 0.5466473, 0
0.4798136, 0.6208535, 0.6174402, 0
0.4318291, 0.5459546, 0.5969353, 0
0.4226745, 0.6344332, 0.6175041, 0
0.4172007, 0.5351827, 0.5831244, 0
0.3027197, 0.5960819, 0.6180541, 0
0.4712199, 0.6480553, 0.6002851, 0
0.3764192, 0.5761017, 0.5769656, 0
0.4543193, 0.6292928, 0.5936986, 0
0.456525, 0.5390763, 0.5769985, 0
0.5001941, 0.549534, 0.6164182, 0
0.4047283, 0.6046317, 0.6365588, 0
0.3937165, 0.5689224, 0.6295398, 0
0.4394104, 0.6435859, 0.5917311, 0
0.370968, 0.6244405, 0.533761, 0
0.5224445, 0.6410975, 0.6214147, 0
0.4424737, 0.5825651, 0.5773661, 0
0.4409604, 0.5618651, 0.6318425, 0
0.3737112, 0.6341827, 0.6055406, 0
0.4221887, 0.6119671, 0.6333985, 0
0.358652, 0.5350834, 0.5561841, 0
0.3871489, 0.5456825, 0.5564896, 0
0.4043005, 0.5677628, 0.5654369, 0
0.5130085, 0.5807893, 0.5904099, 0
0.5140902, 0.5904434, 0.5593057, 0
0.3349227, 0.5933611, 0.5490004, 0
0.3259214, 0.5215226, 0.5470996, 0
0.4107816, 0.6071383, 0.5283178, 0
0.388658, 0.5961807, 0.5791009, 0
0.5297384, 0.6077288, 0.6021156, 0
0.3769188, 0.5452806, 0.6166307, 0
0.3819817, 0.5557678, 0.6324835, 0
0.3869064, 0.5711148, 0.5252809, 0
0.3723421, 0.6080789, 0.6185699, 0
0.3780582, 0.6395254, 0.5952236, 0
0.4874083, 0.6307561, 0.6039359, 0
0.455765, 0.5951449, 0.6071953, 0
0.502552, 0.601862, 0.6177819, 0
0.5142001, 0.6280608, 0.6489109, 0
0.4855465, 0.6370263, 0.6056988, 0
0.4449482, 0.544889, 0.6333175, 0
0.4127884, 0.6465163, 0.5771251, 0
0.4205919, 0.553586, 0.6372322, 0
0.5066203, 0.5765558, 0.6438036, 0
0.5076256, 0.6197943, 0.593823, 0
0.424474, 0.5972643, 0.6363901, 0
0.4873731, 0.5989482, 0.6428993, 0
0.3923982, 0.588456, 0.6333216, 0
0.4537997, 0.5662991, 0.5442178, 0
0.4065368, 0.6271473, 0.5738409, 0
0.4391204, 0.5906513, 0.586788, 0
0.5315782, 0.6086898, 0.5740226, 0
0.3794785, 0.5992017, 0.6424948, 0
0.3277869, 0.5162159, 0.5731723, 0
0.432914, 0.5955302, 0.5691416, 0
0.339466, 0.5254292, 0.5587299, 0
0.3673073, 0.5945629, 0.5776101, 0
0.4096608, 0.6250408, 0.6364172, 0
0.4777653, 0.603945, 0.5876564, 0
0.3907361, 0.6344702, 0.5602112, 0
0.3057222, 0.6104426, 0.5909453, 0
0.511794, 0.5481383, 0.6114506, 0
0.445048, 0.6369154, 0.5799817, 0
0.4174321, 0.5770651, 0.5582562, 0
0.4498011, 0.5341555, 0.6101345, 0
0.3461674, 0.5416568, 0.575625, 0
0.5185326, 0.5789986, 0.5487233, 0
0.5002291, 0.657855, 0.6213627, 0
0.4236737, 0.625458, 0.5885037, 0
0.3877667, 0.6339232, 0.5594937, 0
0.4560546, 0.5490785, 0.5464422, 0
0.447357, 0.6346887, 0.6047716, 0
0.3497538, 0.6005961, 0.5411901, 0
0.3154402, 0.5479276, 0.5800009, 0
0.4031152, 0.5344384, 0.624217, 0
0.521501, 0.5489064, 0.5827139, 0
0.3307334, 0.5712938, 0.591933, 0
0.3693522, 0.5632076, 0.5822598, 0
0.3951392, 0.5440179, 0.6128184, 0
0.3441618, 0.5878166, 0.5361815, 0
0.3695298, 0.5390695, 0.5767142, 0
0.3228614, 0.567736, 0.610778, 0
0.5089115, 0.6072086, 0.6168004, 0
0.5246177, 0.6507615, 0.5732509, 0
0.4741014, 0.6536877, 0.5863771, 0
0.4330399, 0.5466138, 0.6096804, 0
0.4102861, 0.5932044, 0.5557262, 0
0.4915044, 0.620902, 0.558911, 0
0.341738, 0.5752398, 0.5056538, 0
0.4747824, 0.598847, 0.6493366, 0
0.5429205, 0.5874552, 0.5567949, 0
0.437044, 0.5594879, 0.5327872, 0
0.3735455, 0.5748256, 0.5327325, 0
0.334761, 0.5315906, 0.5853536, 0
0.4679408, 0.6326096, 0.6491248, 0
0.4261974, 0.628525, 0.559614, 0
0.4103385, 0.6106246, 0.5710261, 0
0.5126362, 0.5934089, 0.6602085, 0
0.5046657, 0.6443954, 0.646373, 0
0.323841, 0.6190011, 0.545413, 0
0.4903392, 0.5433794, 0.5803821, 0
0.5288984, 0.5853853, 0.6160265, 0
0.3566135, 0.5218818, 0.5487906, 0
0.3573644, 0.5665551, 0.5466627, 0
0.4024444, 0.5991362, 0.5759066, 0
0.4626237, 0.5515026, 0.5593448, 0
0.3887967, 0.5500931, 0.5932391, 0
0.4642354, 0.6214094, 0.5737684, 0
0.3839475, 0.568618, 0.526868, 0
0.3718284, 0.5676876, 0.6227428, 0
0.4639132, 0.5769756, 0.5527802, 0
0.4895599, 0.5879961, 0.5931551, 0
0.4445257, 0.5715545, 0.529685, 0
0.4913962, 0.5566794, 0.6193939, 0
0.3750395, 0.5204391, 0.5473288, 0
0.405226, 0.5876073, 0.6300925, 0
0.3221099, 0.6204442, 0.6036136, 0
0.5313371, 0.5600772, 0.6251876, 0
0.3095202, 0.6137479, 0.5707737, 0
0.4928218, 0.5703865, 0.6155272, 0
0.4633242, 0.5484366, 0.6035495, 0
0.4664591, 0.5970656, 0.5381219, 0
0.4804527, 0.6023166, 0.6386501, 0
0.5282688, 0.6060406, 0.606829, 0
0.3917497, 0.560338, 0.539781, 0
0.4502544, 0.5393245, 0.6188921, 0
0.4403805, 0.5880402, 0.5662271, 0
0.4943531, 0.5692399, 0.5778695, 0
0.3115078, 0.6282041, 0.5746957, 0
0.3099783, 0.546818, 0.6154383, 0
0.5202869, 0.6078155, 0.5749935, 0
0.4211935, 0.5547054, 0.5470359, 0
0.3144016, 0.5544652, 0.5752128, 0
0.5009149, 0.5736225, 0.6507867, 0
0.4405911, 0.6132522, 0.6399152, 0
0.4039652, 0.5844087, 0.5801774, 0
0.3880669, 0.6024024, 0.6265026, 0
0.3674026, 0.5392212, 0.6056798, 0
0.4876289, 0.6480529, 0.5958809, 0
0.3526124, 0.6066301, 0.5226591, 0
0.4163446, 0.5193186, 0.5868289, 0
0.350203, 0.5885465, 0.6118703, 0
0.4891176, 0.5354957, 0.6281549, 0
0.3769081, 0.5353611, 0.5804041, 0
0.4435478, 0.6137685, 0.628371, 0
0.399765, 0.5372918, 0.602769, 0
0.5118601, 0.6428633, 0.6208489, 0
0.3448675, 0.6267669, 0.53759, 0
0.3961989, 0.5712902, 0.6320632, 0
0.4663192, 0.5589855, 0.5871127, 0
0.4840351, 0.6406296, 0.5805607, 0
0.3609141, 0.6067374, 0.542657, 0
0.4264257, 0.5543424, 0.6024519, 0
0.3835744, 0.5825139, 0.5489798, 0
0.4550043, 0.6415127, 0.6149331, 0
0.3569092, 0.5920503, 0.5852045, 0
0.5209812, 0.6321472, 0.5769435, 0
0.4199692, 0.6265002, 0.5861275, 0
0.4221548, 0.5560248, 0.5939852, 0
0.3721265, 0.6099144, 0.5456138, 0
0.4416195, 0.5466362, 0.6141494, 0
0.4654254, 0.5455825, 0.5734058, 0
0.3766637, 0.5576079, 0.5756356, 0
0.4616169, 0.550169, 0.5731748, 0
0.4928869, 0.6180399, 0.5981089, 0
0.5205619, 0.5609601, 0.6603106, 0
0.374229, 0.5844638, 0.5700115, 0
0.4026198, 0.6037657, 0.5276608, 0
0.3582071, 0.5507297, 0.5746008, 0
0.3617223, 0.6108944, 0.5414873, 0
0.3412987, 0.6306601, 0.5568994, 0
0.4026828, 0.5651435, 0.5881194, 0
0.501225, 0.6166059, 0.6625843, 0
0.4641119, 0.5346699, 0.6208541, 0
0.3551667, 0.5962666, 0.6164032, 0
0.4122751, 0.5897842, 0.6436701, 0
0.3014932, 0.6097869, 0.6152084, 0
0.3848554, 0.6324252, 0.6147915, 0
0.4217262, 0.5698884, 0.5356569, 0
0.4735599, 0.5555634, 0.5509158, 0
0.4596682, 0.5790111, 0.5890193, 0
0.338871, 0.5819617, 0.5228553, 0
0.3907138, 0.5665214, 0.6353575, 0
0.3757597, 0.5639428, 0.5771565, 0
0.4919141, 0.5572675, 0.6256377, 0
0.4059938, 0.5464906, 0.5616728, 0
0.3696505, 0.5675849, 0.5525284, 0
0.309702, 0.5942054, 0.6168994, 0
0.3898368, 0.5302794, 0.5731732, 0
0.3916686, 0.6171741, 0.5822946, 0
0.4247016, 0.6084737, 0.5615204, 0
0.3414692, 0.589259, 0.6001489, 0
0.3830788, 0.5870783, 0.5169833, 0
0.5216757, 0.6378654, 0.6281364, 0
0.3443939, 0.5758513, 0.5183437, 0
0.3913616, 0.5872174, 0.5161021, 0
0.4366423, 0.6120996, 0.5960999, 0
0.3771103, 0.5917764, 0.582912, 0
0.4614815, 0.5315966, 0.6183909, 0
0.4331535, 0.5724493, 0.5528638, 0
0.3369354, 0.557555, 0.6210108, 0
0.5156003, 0.6031922, 0.6291342, 0
0.523669, 0.5464367, 0.641021, 0
0.3498814, 0.6264743, 0.5505807, 0
0.328892, 0.567725, 0.6082907, 0
0.4636529, 0.5516398, 0.567493, 0
0.3858754, 0.5407339, 0.5274938, 0
0.3092342, 0.6140773, 0.5949423, 0
0.476019, 0.5962214, 0.5941556, 0
0.460815, 0.6212047, 0.6034709, 0
0.3631651, 0.584401, 0.6032049, 0
0.4586802, 0.5472745, 0.5892326, 0
0.4998592, 0.5358223, 0.6033185, 0
0.3428516, 0.6000506, 0.5243981, 0
0.3553996, 0.5985036, 0.5900957, 0
0.4299042, 0.5817484, 0.6009107, 0
0.358033, 0.546244, 0.5817664, 0
0.5239894, 0.5723685, 0.654691, 0
0.3810393, 0.569545, 0.5249599, 0
0.4021783, 0.583149, 0.573689, 0
0.4666536, 0.6416606, 0.6370704, 0
0.3722443, 0.5750351, 0.5289051, 0
0.3883305, 0.5523092, 0.5351335, 0
0.5111993, 0.6393893, 0.6246943, 0
0.4937375, 0.616657, 0.6482232, 0
0.3292834, 0.6127876, 0.5442621, 0
0.4582041, 0.6077974, 0.6034775, 0
0.5150493, 0.6246753, 0.5504428, 0
0.4888346, 0.5488052, 0.6373687, 0
0.4887085, 0.6340619, 0.5897435, 0
0.3997595, 0.54968, 0.5279948, 0
0.3265753, 0.5098875, 0.5619382, 0
0.4780625, 0.5726179, 0.6051283, 0
0.4466769, 0.6276845, 0.643594, 0
0.3096915, 0.5719145, 0.5916182, 0
0.4133989, 0.6400098, 0.561371, 0
0.5274734, 0.6453115, 0.5694869, 0
0.4282001, 0.6116694, 0.5754669, 0
0.4976081, 0.5880009, 0.6031653, 0
0.3400256, 0.6173918, 0.5644137, 0
0.4830321, 0.5764149, 0.6214135, 0
0.3668143, 0.5686845, 0.5242981, 0
0.4513819, 0.6300664, 0.6020533, 0
0.5269555, 0.6128926, 0.5875884, 0
0.4121351, 0.5587347, 0.5319145, 0
0.3208065, 0.5717777, 0.551948, 0
0.4596967, 0.6122674, 0.6214059, 0
0.3889323, 0.6363968, 0.5529936, 0
0.4458847, 0.5647385, 0.6520042, 0
0.4358768, 0.6008283, 0.6424972, 0
0.4780297, 0.6312474, 0.6359692, 0
0.4465503, 0.6114669, 0.65202, 0
0.5108708, 0.5573094, 0.5950844, 0
0.4219221, 0.5940859, 0.5763783, 0
0.4630197, 0.5618523, 0.6430186, 0
0.3350169, 0.587607, 0.55531, 0
0.4228349, 0.5884779, 0.6162627, 0
0.3465084, 0.5956383, 0.575755, 0
0.5244367, 0.6219198, 0.5637209, 0
0.4687238, 0.6173307, 0.6195921, 0
0.4648754, 0.6362342, 0.6067571, 0
0.4059606, 0.6024352, 0.5751783, 0
0.3338726, 0.5513436, 0.5409485, 0
0.5220089, 0.5654914, 0.5555762, 0
0.3366574, 0.5647876, 0.6262359, 0
0.3897051, 0.6193852, 0.5764698, 0
0.4411961, 0.6419251, 0.602414, 0
0.3499359, 0.591405, 0.5145109, 0
0.4229988, 0.5770895, 0.6207888, 0
0.4176303, 0.5687887, 0.5576298, 0
0.4017081, 0.5373533, 0.601423, 0
0.354821, 0.566799, 0.5830712, 0
0.3548494, 0.6273994, 0.589572, 0
0.3710374, 0.5666924, 0.5627187, 0
0.3720076, 0.631788, 0.6167863, 0
0.3715113, 0.5467455, 0.5659115, 0
0.3835204, 0.5661446, 0.5516142, 0
0.3360249, 0.6007112, 0.5593035, 0
0.4158767, 0.6218143, 0.6249504, 0
0.5059785, 0.5881729, 0.5599803, 0
0.510569, 0.6195145, 0.6018919, 0
0.3242007, 0.5756959, 0.6219485, 0
0.5189261, 0.5833281, 0.6600975, 0
0.4358661, 0.6457112, 0.5906975, 0
0.4383965, 0.6458413, 0.5858522, 0
0.4310275, 0.5823702, 0.5770158, 0
0.4413655, 0.5895515, 0.5772769, 0
0.420595, 0.6161602, 0.5926535, 0
0.3803836, 0.5886739, 0.608098, 0
0.3753879, 0.612493, 0.6202403, 0
0.4604564, 0.5340858, 0.5876125, 0
0.4191479, 0.5620722, 0.5804843, 0
0.4220108, 0.6175029, 0.5836787, 0
0.4439948, 0.6209167, 0.5662831, 0
0.4430324, 0.552927, 0.6248612, 0
0.3270023, 0.6353274, 0.5800155, 0
0.3022004, 0.5943731, 0.6147386, 0
0.4170929, 0.5734825, 0.5945583, 0
0.3390996, 0.5291863, 0.5584498, 0
0.4051166, 0.5643816, 0.6086012, 0
0.417019, 0.6051301, 0.6124544, 0
0.4478197, 0.5387939, 0.5711138, 0
0.3674485, 0.5366082, 0.5541478, 0
0.4092219, 0.5278986, 0.5610473, 0
0.5342263, 0.6082569, 0.5753999, 0
0.3385152, 0.5835254, 0.5052501, 0
0.5202559, 0.5861732, 0.6452514, 0
0.4778895, 0.6171631, 0.6276642, 0
0.3505376, 0.5630468, 0.5369164, 0
0.361482, 0.5466686, 0.5501532, 0
0.4891018, 0.5470468, 0.610862, 0
0.390869, 0.575209, 0.6384112, 0
0.528029, 0.5619174, 0.6078761, 0
0.4633557, 0.6373516, 0.5506822, 0
0.4468974, 0.5770469, 0.628503, 0
0.4975402, 0.5917752, 0.5667045, 0
0.4596412, 0.5391561, 0.5806631, 0
0.4617986, 0.6360199, 0.59245, 0
0.4310019, 0.6254947, 0.5960869, 0
0.3337349, 0.5743505, 0.5560209, 0
0.4916402, 0.639514, 0.5618747, 0
0.3262514, 0.5918759, 0.602051, 0
0.4639148, 0.6039371, 0.6010814, 0
0.3426106, 0.549352, 0.5338184, 0
0.3273363, 0.539251, 0.5907332, 0
0.3830722, 0.6104015, 0.5779105, 0
0.5116437, 0.609345, 0.5505036, 0
0.3620959, 0.6040663, 0.6228081, 0
0.4588928, 0.5806667, 0.5939074, 0
0.4049347, 0.5867544, 0.6474116, 0
0.4933162, 0.5867959, 0.6295121, 0
0.4687798, 0.5303501, 0.6124203, 0
0.3652599, 0.5958725, 0.5459936, 0
0.5104569, 0.6308281, 0.5850328, 0
0.3947206, 0.6162341, 0.6141926, 0
0.3960784, 0.6197051, 0.5519103, 0
0.3943301, 0.6122203, 0.5900844, 0
0.3823713, 0.5350531, 0.5503626, 0
0.479556, 0.543412, 0.5990717, 0
0.3582178, 0.5383074, 0.5510715, 0
0.4238943, 0.561788, 0.5487854, 0
0.4962718, 0.5661039, 0.6125963, 0
0.3956496, 0.6034, 0.5862712, 0
0.3069061, 0.5569338, 0.6115719, 0
0.4850875, 0.5536213, 0.5814549, 0
0.5337747, 0.5976856, 0.5598079, 0
0.4041336, 0.547532, 0.5761831, 0
0.4639128, 0.5657254, 0.5665769, 0
0.4974513, 0.6444442, 0.6052366, 0
0.5187628, 0.6009616, 0.6303723, 0
0.4560701, 0.5326015, 0.5974721, 0
0.3773217, 0.5423173, 0.5584133, 0
0.5167791, 0.6095258, 0.5572541, 0
0.360342, 0.5999288, 0.5997541, 0
0.4467031, 0.6133254, 0.6405735, 0
0.4036018, 0.5501586, 0.6205197, 0
0.5220849, 0.6255599, 0.6210515, 0
0.411065, 0.5398779, 0.5784127, 0
0.4594549, 0.588838, 0.6349426, 0
0.3791792, 0.6069669, 0.6138759, 0
0.3277647, 0.5569119, 0.6248349, 0
0.348944, 0.6264104, 0.6113068, 0
0.3620305, 0.6265638, 0.6010829, 0
0.4790154, 0.5860252, 0.6390274, 0
0.3858305, 0.6278176, 0.5457699, 0
0.4742347, 0.6339068, 0.6504333, 0
0.4341405, 0.5366576, 0.5684658, 0
0.5031109, 0.6194987, 0.654171, 0
0.343486, 0.5306197, 0.530346, 0
0.4597205, 0.6257585, 0.5897804, 0
0.4587661, 0.5776498, 0.6475336, 0
0.3913327, 0.5620099, 0.5693232, 0
0.4279553, 0.6361771, 0.5524822, 0
0.4375911, 0.6457079, 0.5978295, 0
0.3958648, 0.6152315, 0.575904, 0
0.5239139, 0.5949686, 0.6059369, 0
0.5016299, 0.596439, 0.5851482, 0
0.3321815, 0.5570568, 0.5730789, 0
0.5027349, 0.5733815, 0.6155339, 0
0.5424526, 0.5496803, 0.5708757, 0
0.4187106, 0.5942451, 0.6056112, 0
0.512143, 0.6426814, 0.6117835, 0
0.4106225, 0.6169256, 0.5760999, 0
0.3883459, 0.5851691, 0.592869, 0
0.3598163, 0.5353386, 0.6238292, 0
0.5328186, 0.5691906, 0.6125298, 0
0.4876943, 0.6077293, 0.6645429, 0
0.3507741, 0.6267442, 0.5379404, 0
0.5107033, 0.6124884, 0.6517718, 0
0.4854648, 0.5638846, 0.5417325, 0
0.4600613, 0.6025887, 0.5734906, 0
0.4203609, 0.6243437, 0.5907704, 0
0.4279673, 0.5726601, 0.6380526, 0
0.4836028, 0.5406548, 0.5764887, 0
0.3882065, 0.6254957, 0.6230451, 0
0.3937302, 0.5363545, 0.5559354, 0
0.3651394, 0.5359641, 0.6104243, 0
0.3692555, 0.5847411, 0.6304953, 0
0.3315294, 0.6018117, 0.5139351, 0
0.4574536, 0.5922398, 0.6156834, 0
0.3910634, 0.5560782, 0.6215088, 0
0.3769884, 0.5594894, 0.623156, 0
0.3479652, 0.5624136, 0.5445188, 0
0.3568347, 0.5622681, 0.5306561, 0
0.3813536, 0.5949454, 0.5713051, 0
0.530135, 0.5667191, 0.5540245, 0
0.4728091, 0.620948, 0.6297205, 0
0.3927818, 0.6128486, 0.5654184, 0
0.3171648, 0.6087463, 0.5819671, 0
0.4150195, 0.5537602, 0.615283, 0
0.503242, 0.613672, 0.6605202, 0
0.480242, 0.653794, 0.5830526, 0
0.3719172, 0.5328985, 0.5533912, 0
0.3524327, 0.5700405, 0.5340949, 0
0.3344176, 0.551587, 0.6184462, 0
0.4971105, 0.551475, 0.6471598, 0
0.3895377, 0.6368532, 0.5916514, 0
0.3915412, 0.6211292, 0.5956004, 0
0.519567, 0.5542288, 0.5878816, 0
0.3223441, 0.6340776, 0.5729038, 0
0.3650948, 0.5635847, 0.5834939, 0
0.5203553, 0.6001487, 0.5889959, 0
0.3820851, 0.563491, 0.5671049, 0
0.5239843, 0.5851482, 0.607065, 0
0.4007174, 0.5984344, 0.632687, 0
0.3278765, 0.5757808, 0.5188872, 0
0.4847052, 0.6471751, 0.6138101, 0
0.4147281, 0.5913553, 0.6450148, 0
0.4419265, 0.6331173, 0.6089467, 0
0.4454342, 0.5924395, 0.5340223, 0
0.3811515, 0.5869012, 0.6006694, 0
0.4040764, 0.5851763, 0.6147622, 0
0.4826882, 0.569452, 0.5817919, 0
0.5061778, 0.6392227, 0.6341181, 0
0.4760886, 0.6382197, 0.6278691, 0
0.3030877, 0.605571, 0.5900201, 0
0.3363092, 0.5309389, 0.5556388, 0
0.3151877, 0.5840616, 0.5577003, 0
0.4821731, 0.5584872, 0.6508027, 0
0.4749971, 0.652945, 0.6208565, 0
0.5018659, 0.6526588, 0.6383322, 0
0.4880322, 0.5747008, 0.6158174, 0
0.3438941, 0.5500324, 0.569608, 0
0.3835213, 0.5788324, 0.5681584, 0
0.34727, 0.5971016, 0.590369, 0
0.3177294, 0.5288188, 0.5810277, 0
0.5004788, 0.5820042, 0.5672136, 0
0.4580387, 0.5610223, 0.5360236, 0
0.3352352, 0.5847772, 0.6250675, 0
0.3827146, 0.6398631, 0.5711164, 0
0.4423759, 0.5985587, 0.5678642, 0
0.3796906, 0.600739, 0.5354702, 0
0.3414868, 0.5760667, 0.5258186, 0
0.4881936, 0.5617529, 0.6152051, 0
0.5255987, 0.6549866, 0.5810366, 0
0.47399, 0.5258895, 0.5925515, 0
0.4514806, 0.5359598, 0.5990304, 0
0.4717998, 0.5868639, 0.5987003, 0
0.3644064, 0.5881854, 0.5094165, 0
0.3334784, 0.527449, 0.577095, 0
0.4274207, 0.5969222, 0.5594121, 0
0.4170507, 0.5734028, 0.589414, 0
0.4760393, 0.632884, 0.6495647, 0
0.5194123, 0.6096452, 0.5728516, 0
0.4703135, 0.562411, 0.5545595, 0
0.4006793, 0.5408486, 0.5982444, 0
0.4765627, 0.5643319, 0.5953934, 0
0.4673957, 0.5689265, 0.6301768, 0
0.3404098, 0.6330853, 0.5706649, 0
0.4650765, 0.5362918, 0.5906702, 0
0.4726007, 0.5491568, 0.6210108, 0
0.497108, 0.5808331, 0.6317955, 0
0.5112953, 0.5348927, 0.5902559, 0
0.4267622, 0.6029904, 0.6395582, 0
0.3795286, 0.5721405, 0.6407379, 0
0.4685718, 0.5578365, 0.6012287, 0
0.4598151, 0.545962, 0.607338, 0
0.3781073, 0.5996075, 0.6058275, 0
0.5062713, 0.5961676, 0.6026503, 0
0.351323, 0.5699971, 0.6134961, 0
0.3272285, 0.5823996, 0.5704567, 0
0.5258547, 0.5563161, 0.5707911, 0
0.3356171, 0.6169782, 0.5358794, 0
0.5126936, 0.6355107, 0.6438128, 0
0.4906749, 0.5539121, 0.6160578, 0
0.3502278, 0.5381184, 0.5921534, 0
0.5228322, 0.5617091, 0.552186, 0
0.488701, 0.6206797, 0.5717952, 0
0.3402375, 0.5497614, 0.5398444, 0
0.5094365, 0.6324504, 0.5730197, 0
0.3477358, 0.6117821, 0.5172391, 0
0.3277341, 0.5154154, 0.5524017, 0
0.3678333, 0.6126562, 0.5831512, 0
0.484538, 0.6416149, 0.5934051, 0
0.4461818, 0.5392296, 0.5553426, 0
0.3976477, 0.529777, 0.6094738, 0
0.3926055, 0.5320429, 0.607114, 0
0.5105625, 0.5363818, 0.5964216, 0
0.3841359, 0.6088438, 0.5321796, 0
0.4790363, 0.5369019, 0.608287, 0
0.3412941, 0.5478059, 0.6165194, 0
0.3946591, 0.5662304, 0.5936381, 0
0.3591676, 0.530978, 0.6019498, 0
0.3235004, 0.547033, 0.6058813, 0
0.366511, 0.5578862, 0.5397747, 0
0.5087389, 0.5335221, 0.5883706, 0
0.4600039, 0.6015677, 0.5488752, 0
0.5081183, 0.605605, 0.6724351, 0
0.5279425, 0.5863358, 0.5530533, 0
0.4270024, 0.6348677, 0.6108724, 0
0.4721225, 0.5671492, 0.5623258, 0
0.4226451, 0.5312346, 0.6201758, 0
0.3973128, 0.5681171, 0.6158239, 0
0.319586, 0.5943314, 0.5499598, 0
0.348101, 0.5963394, 0.584399, 0
0.5121846, 0.6595531, 0.5917996, 0
0.4661105, 0.5985853, 0.5953422, 0
0.4283449, 0.6399066, 0.5765315, 0
0.4285023, 0.6492451, 0.5766557, 0
0.5114668, 0.6148247, 0.6527163, 0
0.3763, 0.5448497, 0.5324639, 0
0.3444012, 0.6112235, 0.5749136, 0
0.3592131, 0.5526617, 0.6322123, 0
0.3453639, 0.5625315, 0.6228544, 0
0.4551173, 0.6323411, 0.6417348, 0
0.5026777, 0.569604, 0.6135186, 0
0.367702, 0.5769408, 0.554007, 0
0.382291, 0.5194193, 0.5798889, 0
0.5285851, 0.6015645, 0.5767247, 0
0.3563707, 0.5540435, 0.5098051, 0
0.3359255, 0.5479725, 0.6230671, 0
0.4046338, 0.6010833, 0.6087334, 0
0.5301182, 0.5770134, 0.6031402, 0
0.3613014, 0.6176196, 0.5273905, 0
0.4227166, 0.5944936, 0.5763178, 0
0.4336218, 0.5464144, 0.6393662, 0
0.4571507, 0.6102335, 0.6521685, 0
0.4052365, 0.52124, 0.5890764, 0
0.5219414, 0.5620379, 0.5689241, 0
0.4628831, 0.5657799, 0.6322719, 0
0.4432409, 0.5532762, 0.5632148, 0
0.4590928, 0.5851351, 0.546578, 0
0.3232886, 0.5846846, 0.5668733, 0
0.3767324, 0.627152, 0.5682329, 0
0.4425483, 0.5602357, 0.5346386, 0
0.4177774, 0.6394034, 0.6008829, 0
0.4228877, 0.6468062, 0.5923879, 0
0.4216989, 0.5634093, 0.6332515, 0
0.3548186, 0.5643876, 0.5770892, 0
0.5207925, 0.6324583, 0.5528342, 0
0.472828, 0.6467363, 0.5924689, 0
0.3246764, 0.6195197, 0.5216469, 0
0.5227963, 0.6333998, 0.6104609, 0
0.5191144, 0.611394, 0.5598642, 0
0.5430639, 0.5717666, 0.5628506, 0
0.3872359, 0.5551258, 0.5702286, 0
0.4910568, 0.5521597, 0.6197896, 0
0.3197582, 0.6202914, 0.5805195, 0
0.3503867, 0.5310367, 0.5827045, 0
0.472067, 0.6163298, 0.5776634, 0
0.3449242, 0.520428, 0.5932428, 0
0.4566165, 0.5552328, 0.6438563, 0
0.3738322, 0.5317231, 0.6106275, 0
0.4977492, 0.5944309, 0.604144, 0
0.4802118, 0.567813, 0.648582, 0
0.4785553, 0.5903168, 0.6485369, 0
0.4271618, 0.5911294, 0.5334899, 0
0.4068947, 0.5848057, 0.6497727, 0
0.428279, 0.5771369, 0.5333475, 0
0.4108669, 0.5499783, 0.5814039, 0
0.3117829, 0.5695916, 0.6043072, 0
0.3348792, 0.5371181, 0.5355234, 0
0.4315251, 0.6399834, 0.5941827, 0
0.5204407, 0.5678853, 0.5666407, 0
0.3619299, 0.5628793, 0.573586, 0
0.3360555, 0.5880006, 0.5689333, 0
0.5026035, 0.5652592, 0.6268693, 0
0.315596, 0.6260765, 0.5413195, 0
0.3168786, 0.6185822, 0.5888341, 0
0.3504525, 0.5936196, 0.6192663, 0
0.4225934, 0.5928998, 0.6096341, 0
0.3802751, 0.5661671, 0.5525684, 0
0.5262666, 0.5697802, 0.6113057, 0
0.3486348, 0.5975946, 0.5903134, 0
0.4044558, 0.5767586, 0.5164343, 0
0.3600329, 0.5216312, 0.5561283, 0
0.3160717, 0.6272281, 0.5317862, 0
0.5148896, 0.6343633, 0.6408221, 0
0.3879156, 0.5605084, 0.5358654, 0
0.3447058, 0.5381582, 0.5657907, 0
0.4019389, 0.5592281, 0.5750064, 0
0.4797045, 0.5734457, 0.6236026, 0
0.4116614, 0.5840527, 0.5576848, 0
0.3809182, 0.6196621, 0.5788314, 0
0.4713835, 0.6348353, 0.6350694, 0
0.4633474, 0.6385359, 0.6188045, 0
0.4096222, 0.6193625, 0.5952713, 0
0.4850423, 0.6142904, 0.6011928, 0
0.4606951, 0.5260102, 0.5980585, 0
0.5066381, 0.5912802, 0.664808, 0
0.328556, 0.5567807, 0.5570093, 0
0.4367137, 0.5708601, 0.5836093, 0
0.4390495, 0.6285745, 0.6299395, 0
0.4018418, 0.5659517, 0.6161116, 0
0.4193478, 0.5804834, 0.5326214, 0
0.3525851, 0.5351405, 0.6004747, 0
0.4128108, 0.5850293, 0.5359727, 0
0.4648884, 0.5798348, 0.6256465, 0
0.5166456, 0.5835933, 0.6103035, 0
0.4808058, 0.6256781, 0.5834764, 0
0.4037362, 0.6172583, 0.5958223, 0
0.449701, 0.5457542, 0.5695739, 0
0.4117039, 0.6005355, 0.5462714, 0
0.368235, 0.6225579, 0.6229563, 0
0.4220033, 0.5431224, 0.5859592, 0
0.5126026, 0.5392494, 0.6278684, 0
0.3238812, 0.5563807, 0.5669904, 0
0.4747932, 0.6313639, 0.5951107, 0
0.5088225, 0.6368037, 0.6248156, 0
0.3834248, 0.5514158, 0.5683126, 0
0.5420787, 0.5634273, 0.5653727, 0
0.41621, 0.5598502, 0.5399406, 0
0.4083426, 0.5988364, 0.5197959, 0
0.3580644, 0.5845761, 0.5076312, 0
0.3915207, 0.5751385, 0.6455355, 0
0.4628534, 0.5330027, 0.6112356, 0
0.3661034, 0.5903094, 0.5657645, 0
0.5259897, 0.5607988, 0.6240717, 0
0.3923382, 0.6106728, 0.5955415, 0
0.3172495, 0.5863358, 0.5497807, 0
0.3595918, 0.5715871, 0.5969834, 0
0.408069, 0.5386637, 0.5727895, 0
0.5001633, 0.5741684, 0.6082408, 0
0.4531001, 0.5747724, 0.6192693, 0
0.3936281, 0.5818049, 0.5591169, 0
0.3617452, 0.6010237, 0.5475868, 0
0.4971617, 0.5691571, 0.5448173, 0
0.4618937, 0.6325963, 0.6199176, 0
0.5269483, 0.5620689, 0.6353533, 0
0.4920592, 0.5823975, 0.6059964, 0
0.4345329, 0.6406507, 0.5583839, 0
0.4161482, 0.5425291, 0.5884129, 0
0.4294488, 0.5770282, 0.6416218, 0
0.339762, 0.5741717, 0.54, 0
0.3787881, 0.5487293, 0.5992889, 0
0.4998086, 0.5499772, 0.6477856, 0
0.4059662, 0.5575172, 0.5591491, 0
0.3436188, 0.5823273, 0.6284444, 0
0.3287045, 0.5676239, 0.509758, 0
0.4134612, 0.5539367, 0.5528019, 0
0.4708416, 0.5957, 0.5503356, 0
0.4452173, 0.596034, 0.5577703, 0
0.3356377, 0.5298165, 0.5221084, 0
0.3601437, 0.609551, 0.5790986, 0
0.5158373, 0.5706346, 0.6400048, 0
0.3329234, 0.5216182, 0.6070619, 0
0.4917459, 0.5561717, 0.5682241, 0
0.4848773, 0.5524085, 0.6262568, 0
0.5157446, 0.6012686, 0.6657198, 0
0.5123897, 0.5902879, 0.6141769, 0
0.496203, 0.6218454, 0.611316, 0
0.3710863, 0.5892382, 0.510101, 0
0.4071833, 0.5184078, 0.5747478, 0
0.3466382, 0.5405096, 0.6125984, 0
0.4396603, 0.625185, 0.5632293, 0
0.4339165, 0.6171169, 0.6084064, 0
0.371993, 0.5870576, 0.5547147, 0
0.4809197, 0.540821, 0.6016243, 0
0.3700065, 0.5543665, 0.5950858, 0
0.4193356, 0.6244285, 0.6023202, 0
0.4137382, 0.6122091, 0.591022, 0
0.4690197, 0.5927539, 0.6275885, 0
0.5267414, 0.6355043, 0.5610471, 0
0.5051326, 0.536872, 0.6261381, 0
0.4560235, 0.5307331, 0.588798, 0
0.4202389, 0.6268486, 0.5723838, 0
0.4854986, 0.5662192, 0.5754004, 0
0.3652465, 0.527025, 0.5777998, 0
0.3833444, 0.5607064, 0.6369374, 0
0.5065159, 0.5935379, 0.6091735, 0
0.4842785, 0.5524623, 0.6132777, 0
0.3809345, 0.6194319, 0.605238, 0
0.4963317, 0.6336494, 0.6502283, 0
0.473374, 0.5583603, 0.5794924, 0
0.3486021, 0.6120512, 0.5998543, 0
0.3938146, 0.5461013, 0.5415137, 0
0.4187218, 0.5508127, 0.5605284, 0
0.3993589, 0.6031854, 0.5298706, 0
0.4992297, 0.5541211, 0.5781054, 0
0.359383, 0.5331569, 0.528116, 0
0.437041, 0.63273, 0.5796859, 0
0.4117673, 0.6185731, 0.6298627, 0
0.3699248, 0.5681806, 0.5851191, 0
0.3232827, 0.5336225, 0.5731352, 0
0.3299356, 0.5325819, 0.5243986, 0
0.319666, 0.5432124, 0.5865946, 0
0.3086549, 0.5660853, 0.5898515, 0
0.4091992, 0.6107212, 0.5358514, 0
0.3218722, 0.6278762, 0.5748602, 0
0.4822089, 0.5849929, 0.5705352, 0
0.3319372, 0.5742107, 0.608519, 0
0.4721329, 0.6203933, 0.5795991, 0
0.4384526, 0.5547325, 0.562378, 0
0.4486261, 0.5461858, 0.6111493, 0
0.495206, 0.6197008, 0.6012177, 0
0.480873, 0.5630365, 0.5431798, 0
0.3227941, 0.5286876, 0.5706705, 0
0.5299807, 0.5801328, 0.556928, 0
0.4692138, 0.5700713, 0.6000641, 0
0.4414735, 0.6115226, 0.5599222, 0
0.3767564, 0.6228681, 0.5995536, 0
0.4882151, 0.5953325, 0.5986285, 0
0.3714857, 0.5657139, 0.5591808, 0
0.4253218, 0.5744907, 0.6409843, 0
0.50291, 0.5655036, 0.588214, 0
0.5257373, 0.5690292, 0.6307345, 0
0.4381503, 0.5269948, 0.6099421, 0
0.3488549, 0.5399086, 0.5807777, 0
0.4779757, 0.574233, 0.5990386, 0
0.5107382, 0.6099828, 0.6606506, 0
0.5310209, 0.5968382, 0.5666493, 0
0.3399224, 0.5338591, 0.6166991, 0
0.4220471, 0.5722567, 0.5505559, 0
0.5314532, 0.5667011, 0.5660053, 0
0.3831736, 0.6439166, 0.5625989, 0
0.347916, 0.5763784, 0.5863922, 0
0.465654, 0.6083647, 0.6299536, 0
0.3627256, 0.5745705, 0.6204596, 0
0.4369294, 0.6012908, 0.5524586, 0
0.3751908, 0.5422618, 0.5715547, 0
0.4353991, 0.6023598, 0.6340853, 0
0.4096701, 0.6329632, 0.5960519, 0
0.4050529, 0.6032466, 0.6351556, 0
0.3878133, 0.539045, 0.5376508, 0
0.4611939, 0.6130633, 0.5604183, 0
0.506878, 0.5977431, 0.5793003, 0
0.3728152, 0.5360224, 0.551907, 0
0.3239619, 0.6376212, 0.5654674, 0
0.3884559, 0.5505627, 0.5276197, 0
0.3589442, 0.5606695, 0.5325845, 0
0.3208364, 0.5949058, 0.5851613, 0
0.4019028, 0.5721729, 0.5456837, 0
0.4260806, 0.6071668, 0.6121183, 0
0.3682318, 0.5850183, 0.6128219, 0
0.3787199, 0.5801809, 0.5317814, 0
0.4793426, 0.5819088, 0.6486475, 0
0.3071023, 0.6026487, 0.6186264, 0
0.3134353, 0.6040681, 0.5855995, 0
0.3255311, 0.5275932, 0.5484257, 0
0.4581619, 0.5566741, 0.5831822, 0
0.475505, 0.571146, 0.5618733, 0
0.4533777, 0.6231576, 0.6057475, 0
0.3806851, 0.5238727, 0.6023112, 0
0.4333237, 0.6224525, 0.5596059, 0
0.3717864, 0.5686619, 0.5541167, 0
0.3378222, 0.5828064, 0.532717, 0
0.3613417, 0.6170639, 0.5965838, 0
0.4341858, 0.6087214, 0.556106, 0
0.4842747, 0.5569152, 0.5669796, 0
0.4432649, 0.6482515, 0.6023724, 0
0.311637, 0.577194, 0.625587, 0
0.3717111, 0.6233544, 0.6143804, 0
0.3540459, 0.5953161, 0.5385218, 0
0.3972968, 0.6203226, 0.5873019, 0
0.5043297, 0.541064, 0.5851336, 0
0.3477671, 0.5878018, 0.6070142, 0
0.4741318, 0.5475276, 0.6275842, 0
0.4162033, 0.6403937, 0.6021979, 0
0.5292143, 0.570033, 0.6003196, 0
0.4432036, 0.5743423, 0.6116216, 0
0.3593809, 0.6130555, 0.5656946, 0
0.4929393, 0.5602345, 0.6165244, 0
0.5056656, 0.6118558, 0.5667939, 0
0.3743837, 0.5197193, 0.5780472, 0
0.4737281, 0.6217486, 0.6012953, 0
0.4887467, 0.5859707, 0.5775527, 0
0.4748975, 0.6121498, 0.5612155, 0
0.510779, 0.5664131, 0.5777656, 0
0.3995012, 0.5734836, 0.5625468, 0
0.4077617, 0.5853791, 0.5815628, 0
0.4421272, 0.5906717, 0.5871557, 0
0.4509284, 0.5536876, 0.6393496, 0
0.351788, 0.5586959, 0.6066611, 0
0.4320275, 0.5567771, 0.5737299, 0
0.5356563, 0.5875986, 0.5737329, 0
0.4276832, 0.6188421, 0.5326336, 0
0.3762481, 0.6050368, 0.5319659, 0
0.5123981, 0.5512191, 0.6327762, 0
0.3929989, 0.6192623, 0.6312184, 0
0.4019348, 0.591444, 0.6305835, 0
0.5270865, 0.6116371, 0.6016457, 0
0.4859845, 0.5599774, 0.5626774, 0
0.4483496, 0.6262812, 0.5800518, 0
0.4907326, 0.6385165, 0.6372606, 0
0.366542, 0.5768531, 0.5696344, 0
0.4581354, 0.5343834, 0.5708051, 0
0.3660119, 0.6156468, 0.575426, 0
0.5065374, 0.6451545, 0.6060234, 0
0.5180257, 0.5665947, 0.6332504, 0
0.3478942, 0.5643076, 0.5501333, 0
0.4084191, 0.6105103, 0.5564283, 0
0.3429122, 0.5249414, 0.5513883, 0
0.4733111, 0.5554057, 0.6497248, 0
0.3164077, 0.5908205, 0.5892013, 0
0.4845739, 0.5271385, 0.6021686, 0
0.4564615, 0.6088536, 0.6004273, 0
0.5169727, 0.5852733, 0.5641896, 0
0.3139916, 0.5601537, 0.5627871, 0
0.3371221, 0.609292, 0.5126294, 0
0.43366, 0.60306, 0.5407, 0
0.4355238, 0.6427553, 0.6166805, 0
0.5196981, 0.5682492, 0.6315749, 0
0.467007, 0.6234213, 0.5479025, 0
0.4444248, 0.5438855, 0.5572281, 0
0.399626, 0.6081249, 0.5267653, 0
0.4964908, 0.5857037, 0.6476018, 0
0.4811712, 0.6025566, 0.643783, 0
0.4874601, 0.5981264, 0.6205253, 0
0.3503978, 0.5826066, 0.546518, 0
0.4971628, 0.5993897, 0.5688633, 0
0.3245312, 0.6273179, 0.5656977, 0
0.5195245, 0.5749646, 0.5968414, 0
0.4379326, 0.5924429, 0.6009135, 0
0.3264748, 0.5840647, 0.508903, 0
0.4452598, 0.646431, 0.6247386, 0
0.4063638, 0.6471673, 0.6008318, 0
0.4764537, 0.6192951, 0.65084, 0
0.4247856, 0.5756396, 0.6223637, 0
0.4454094, 0.6138559, 0.6430848, 0
0.4526918, 0.5766729, 0.5590525, 0
0.3553774, 0.5449678, 0.5337802, 0
0.3645399, 0.6268405, 0.5539194, 0
0.3346534, 0.5629511, 0.5260044, 0
0.4105155, 0.6171579, 0.6379542, 0
0.4112843, 0.5484871, 0.527404, 0
0.4678627, 0.6074204, 0.5388722, 0
0.3473357, 0.6151322, 0.6073305, 0
0.4652353, 0.5617915, 0.6441319, 0
0.5300581, 0.6216394, 0.5878564, 0
0.3994302, 0.630663, 0.5880156, 0
0.4196315, 0.52363, 0.6035888, 0
0.424037, 0.5972764, 0.610788, 0
0.5131778, 0.5788646, 0.6535274, 0
0.460712, 0.6074926, 0.5874379, 0
0.3406511, 0.5646528, 0.5296907, 0
0.4438411, 0.5667577, 0.5386448, 0
0.4090366, 0.5295281, 0.5775256, 0
0.3601707, 0.5410426, 0.5330086, 0
0.372233, 0.5883821, 0.5614818, 0
0.4450872, 0.5717592, 0.5817605, 0
0.4661387, 0.6472894, 0.5841867, 0
0.3878158, 0.5158424, 0.5864569, 0
0.3036188, 0.5729119, 0.6175209, 0
0.4365246, 0.5813093, 0.5692962, 0
0.318712, 0.5651485, 0.547907, 0
0.4892243, 0.6027187, 0.5992907, 0
0.3744668, 0.5366426, 0.5987226, 0
0.4649949, 0.5617964, 0.5984557, 0
0.5113427, 0.6327723, 0.5731582, 0
0.4170927, 0.5364406, 0.5740245, 0
0.3874715, 0.5609418, 0.5161975, 0
0.4991098, 0.5329629, 0.5977141, 0
0.431298, 0.5996819, 0.6284932, 0
0.4466799, 0.5955083, 0.58921, 0
0.4255005, 0.5577537, 0.5611252, 0
0.3576025, 0.6245943, 0.5703282, 0
0.321335, 0.5938859, 0.5585495, 0
0.4374078, 0.5627111, 0.5894399, 0
0.5164166, 0.5790126, 0.5702056, 0
0.4525364, 0.5622381, 0.6509348, 0
0.3988697, 0.6032847, 0.5206622, 0
0.4879393, 0.5601066, 0.6223089, 0
0.3540858, 0.5531279, 0.5191735, 0
0.3501036, 0.6072717, 0.6282402, 0
0.4480905, 0.6045478, 0.581676, 0
0.5038825, 0.5801224, 0.6237617, 0
0.3435252, 0.5509653, 0.6250404, 0
0.349774, 0.6355886, 0.5966436, 0
0.4563338, 0.5902349, 0.6016938, 0
0.4790035, 0.6536191, 0.594529, 0
0.4674032, 0.6357162, 0.5603267, 0
0.4677715, 0.5832191, 0.5622622, 0
0.364528, 0.6282603, 0.5926557, 0
0.4773359, 0.6311765, 0.5774462, 0
0.4472366, 0.5870669, 0.5317325, 0
0.4590811, 0.5619825, 0.5813374, 0
0.470063, 0.6064516, 0.5750158, 0
0.3210987, 0.5341118, 0.5873648, 0
0.4340439, 0.5647159, 0.6111116, 0
0.4477047, 0.5976823, 0.5628364, 0
0.4240978, 0.6396295, 0.5755446, 0
0.3537764, 0.5838394, 0.546738, 0
0.4178904, 0.6096252, 0.5690594, 0
0.3492052, 0.5520326, 0.6327417, 0
0.4452909, 0.5269902, 0.5846635, 0
0.411145, 0.5716656, 0.6053423, 0
0.3511384, 0.5729752, 0.6359718, 0
0.5020145, 0.5886245, 0.5600954, 0
0.5145822, 0.6077905, 0.6054506, 0
0.3882749, 0.6201621, 0.5938073, 0
0.3819693, 0.5605966, 0.6225108, 0
0.3430328, 0.6204528, 0.5655708, 0
0.3546388, 0.5413352, 0.5605422, 0
0.4429616, 0.5482724, 0.6180375, 0
0.5261746, 0.5777104, 0.5808762, 0
0.3752401, 0.6232915, 0.585277, 0
0.3991914, 0.6007442, 0.5204745, 0
0.3391917, 0.6378269, 0.5847378, 0
0.482315, 0.6147558, 0.6385133, 0
0.4671852, 0.6118752, 0.5823985, 0
0.4935869, 0.5732159, 0.6272901, 0
0.3800231, 0.5530788, 0.5340333, 0
0.3142195, 0.6153499, 0.5823039, 0
0.3645346, 0.6174155, 0.5715196, 0
0.4506293, 0.6143573, 0.6374969, 0
0.448044, 0.5986516, 0.6532448, 0
0.4145395, 0.5607528, 0.5451238, 0
0.3673775, 0.6233022, 0.5496332, 0
0.4009082, 0.631346, 0.6061092, 0
0.4423593, 0.6162679, 0.5405472, 0
0.4147214, 0.589929, 0.621667, 0
0.5287473, 0.6453748, 0.5887735, 0
0.4078714, 0.5692956, 0.5238644, 0
0.3868602, 0.5547386, 0.6354784, 0
0.4813098, 0.623873, 0.613316, 0
0.4071041, 0.5202264, 0.579255, 0
0.3552341, 0.5779828, 0.6062255, 0
0.5014343, 0.6259264, 0.589899, 0
0.3102789, 0.5900342, 0.5914712, 0
0.422426, 0.5710189, 0.5389906, 0
0.3117854, 0.5751081, 0.6090906, 0
0.4104195, 0.5944845, 0.5768153, 0
0.3337967, 0.5818534, 0.6326667, 0
0.3683088, 0.5617425, 0.5615272, 0
0.4775134, 0.5920113, 0.6286314, 0
0.4506936, 0.540024, 0.5613577, 0
0.5159881, 0.5691937, 0.6418596, 0
0.513649, 0.532671, 0.5939676, 0
0.3703783, 0.5472741, 0.5912632, 0
0.5261521, 0.6017821, 0.5600946, 0
0.4247576, 0.594056, 0.5749943, 0
0.465602, 0.5928928, 0.6404917, 0
0.4279598, 0.6196691, 0.5530172, 0
0.4896394, 0.5950422, 0.5616699, 0
0.4874045, 0.611478, 0.6336476, 0
0.4252691, 0.5765171, 0.6292691, 0
0.3780802, 0.5301749, 0.6102483, 0
0.4418615, 0.6016194, 0.5866045, 0
0.4032497, 0.5535088, 0.6052406, 0
0.428895, 0.6465435, 0.5907112, 0
0.4105853, 0.6207169, 0.6004551, 0
0.4423403, 0.5827481, 0.5570895, 0
0.4947205, 0.6282117, 0.6360542, 0
0.4012808, 0.5213789, 0.5679393, 0
0.4154481, 0.6036892, 0.5256932, 0
0.5145612, 0.6117647, 0.5800682, 0
0.3721707, 0.5559514, 0.6282251, 0
0.315689, 0.6123676, 0.5695232, 0
0.468118, 0.5918817, 0.6443155, 0
0.4450963, 0.6073974, 0.6000433, 0
0.3747073, 0.607964, 0.5923094, 0
0.4923313, 0.6470181, 0.6360468, 0
0.4263217, 0.5744145, 0.5309517, 0
0.3122302, 0.6176004, 0.5623631, 0
0.4198931, 0.5510525, 0.5989487, 0
0.4591503, 0.5655575, 0.6102858, 0
0.4292529, 0.5676818, 0.5771423, 0
0.3291918, 0.632219, 0.5913219, 0
0.4178945, 0.559705, 0.6268936, 0
0.4387943, 0.534727, 0.5863618, 0
0.4190043, 0.645106, 0.5716054, 0
0.4039934, 0.5309648, 0.5612718, 0
0.413981, 0.574129, 0.6123947, 0
0.4539255, 0.6308056, 0.5604889, 0
0.4595459, 0.6388699, 0.6026142, 0
0.3611947, 0.5807158, 0.5306852, 0
0.423207, 0.5944738, 0.6137953, 0
0.4727951, 0.5600536, 0.6409742, 0
0.5007674, 0.5504304, 0.6421113, 0
0.4476178, 0.552195, 0.5690753, 0
0.3894211, 0.6003389, 0.5626484, 0
0.4811484, 0.624768, 0.6383683, 0
0.3662324, 0.5721504, 0.5516627, 0
0.3865705, 0.5783382, 0.5734519, 0
0.4282231, 0.6079921, 0.5560077, 0
0.4617455, 0.5831951, 0.5989764, 0
0.528191, 0.5674112, 0.6351415, 0
0.3878329, 0.558773, 0.6371331, 0
0.4315029, 0.6147748, 0.6305909, 0
0.4438828, 0.6031982, 0.6006457, 0
0.472284, 0.5957459, 0.5687602, 0
0.4346652, 0.5607858, 0.55681, 0
0.4263841, 0.5452818, 0.6119528, 0
0.5262265, 0.5723352, 0.5598429, 0
0.3312545, 0.5514191, 0.5496735, 0
0.3838634, 0.5492233, 0.5338002, 0
0.3947757, 0.6046247, 0.612931, 0
0.3852761, 0.5672881, 0.5657629, 0
0.5090865, 0.5515788, 0.5746684, 0
0.4114134, 0.608758, 0.640124, 0
0.3987632, 0.642894, 0.5705113, 0
0.5287194, 0.5859949, 0.5879656, 0
0.4611603, 0.5749876, 0.6090466, 0
0.3220729, 0.5613997, 0.6121672, 0
0.3272899, 0.6173058, 0.5815467, 0
0.4317242, 0.5924444, 0.5655638, 0
0.4904437, 0.6112181, 0.5963949, 0
0.4385002, 0.6299651, 0.6419463, 0
0.4219176, 0.5498242, 0.5688032, 0
0.3474175, 0.5553409, 0.5519396, 0
0.3500535, 0.6020858, 0.5657583, 0
0.3444418, 0.6155012, 0.6162478, 0
0.4629306, 0.5824369, 0.6317816, 0
0.4691411, 0.5439675, 0.5603867, 0
0.3361082, 0.5349552, 0.5390829, 0
0.4404232, 0.5275463, 0.5651035, 0
0.3669191, 0.594985, 0.5414609, 0
0.5024191, 0.5456336, 0.5747748, 0
0.4004077, 0.5252532, 0.5539448, 0
0.4776995, 0.5900246, 0.5940634, 0
0.3796331, 0.6294382, 0.6200761, 0
0.4900481, 0.6167507, 0.5876335, 0
0.4478405, 0.5767666, 0.56367, 0
0.4762952, 0.589633, 0.5876755, 0
0.499705, 0.6315118, 0.5782163, 0
0.3996849, 0.5658566, 0.6319622, 0
0.4568253, 0.5949804, 0.5332426, 0
0.4994521, 0.599408, 0.6312978, 0
0.3749049, 0.6387675, 0.6001111, 0
0.3118438, 0.5439329, 0.6092886, 0
0.5205984, 0.6277093, 0.636811, 0
0.4395314, 0.544924, 0.6091527, 0
0.4825178, 0.5680902, 0.6227038, 0
0.4169373, 0.6140887, 0.5406553, 0
0.3389396, 0.5713729, 0.5256125, 0
0.3387174, 0.5653479, 0.5805205, 0
0.4999304, 0.6197913, 0.6001328, 0
0.4086385, 0.5893307, 0.604252, 0
0.4644993, 0.5933625, 0.6006588, 0
0.4061855, 0.6057412, 0.6187016, 0
0.5161203, 0.5843523, 0.6468607, 0
0.330272, 0.5567878, 0.5247684, 0
0.4039019, 0.5699578, 0.612054, 0
0.4621449, 0.6103839, 0.6271773, 0
0.5295814, 0.6172665, 0.5961629, 0
0.4083497, 0.6305503, 0.5665148, 0
0.39489, 0.5781404, 0.5478565, 0
0.525582, 0.6184177, 0.5720705, 0
0.4765544, 0.5871102, 0.6072448, 0
0.3328921, 0.5748429, 0.5123653, 0
0.3865164, 0.5544026, 0.6091748, 0
0.3346341, 0.6146792, 0.575233, 0
0.5101178, 0.6361459, 0.5984493, 0
0.4096648, 0.5506617, 0.5778004, 0
0.4953036, 0.6243962, 0.5737801, 0
0.3502304, 0.5499103, 0.5952431, 0
0.4044591, 0.5802085, 0.5274815, 0
0.4700386, 0.6457257, 0.5781857, 0
0.5149848, 0.6352307, 0.5682969, 0
0.4193462, 0.5651878, 0.5942286, 0
0.3667583, 0.6194506, 0.5569866, 0
0.3256192, 0.5318925, 0.5688834, 0
0.4513021, 0.6261162, 0.5910306, 0
0.4464592, 0.6153402, 0.6230908, 0
0.4784469, 0.6429206, 0.6372855, 0
0.4902826, 0.5595104, 0.5730627, 0
0.4086457, 0.6285918, 0.6061707, 0
0.4661737, 0.53297, 0.6241754, 0
0.4676823, 0.6129306, 0.5670403, 0
0.4836826, 0.5879064, 0.6183459, 0
0.4533536, 0.5948927, 0.5789418, 0
0.4097841, 0.5780854, 0.6000575, 0
0.3629185, 0.5432606, 0.537491, 0
0.3232947, 0.5197758, 0.5819474, 0
0.4975683, 0.6285256, 0.6160778, 0
0.3525887, 0.5633482, 0.599851, 0
0.465677, 0.591018, 0.6024422, 0
0.5007946, 0.6579877, 0.6056163, 0
0.3849743, 0.6054299, 0.6123561, 0
0.3328362, 0.5889752, 0.5039784, 0
0.4657708, 0.6304798, 0.5757037, 0
0.3420798, 0.546089, 0.5381521, 0
0.4992576, 0.5545015, 0.6134745, 0
0.5304378, 0.542174, 0.5840387, 0
0.329395, 0.5144888, 0.5609821, 0
0.3579691, 0.6225923, 0.5830793, 0
0.3589285, 0.5405483, 0.6047074, 0
0.3310211, 0.533243, 0.5719073, 0
0.5179641, 0.5482898, 0.6101425, 0
0.3357018, 0.6006219, 0.560342, 0
0.5328487, 0.5423015, 0.6246176, 0
0.3493863, 0.5331913, 0.5408572, 0
0.3265368, 0.5528037, 0.5926546, 0
0.3687372, 0.5905434, 0.5145985, 0
0.4796767, 0.5842238, 0.6148295, 0
0.453992, 0.5399231, 0.5909789, 0
0.5272629, 0.5683604, 0.5889019, 0
0.4026949, 0.5955299, 0.6398196, 0
0.4422398, 0.5780658, 0.5746878, 0
0.4900354, 0.5960712, 0.5680518, 0
0.3692543, 0.6262475, 0.5795739, 0
0.4367219, 0.5873806, 0.588566, 0
0.3989274, 0.6293157, 0.5404688, 0
0.4839362, 0.6149773, 0.6364415, 0
0.4170116, 0.6357681, 0.5725989, 0
0.3340167, 0.5630599, 0.574478, 0
0.5248021, 0.6581489, 0.5947552, 0
0.469151, 0.635002, 0.5717267, 0
0.4791416, 0.6184555, 0.5877137, 0
0.4496012, 0.6133932, 0.6467258, 0
0.5207109, 0.6437943, 0.5718329, 0
0.4967071, 0.5522782, 0.6007413, 0
0.5267433, 0.6024817, 0.5477117, 0
0.3474022, 0.5640498, 0.5127305, 0
0.3299077, 0.6125634, 0.5963369, 0
0.4796313, 0.6098648, 0.6551555, 0
0.4044662, 0.5838933, 0.6042011, 0
0.4979883, 0.5748066, 0.6383763, 0
0.3941632, 0.5791308, 0.533244, 0
0.4798151, 0.6133685, 0.5546544, 0
0.3922734, 0.5638626, 0.6230255, 0
0.4085833, 0.6311799, 0.5852553, 0
0.4190613, 0.5369779, 0.6080542, 0
0.3289177, 0.5510354, 0.5667704, 0
0.4285379, 0.5693904, 0.628347, 0
0.4233957, 0.5478435, 0.5852535, 0
0.4559761, 0.5658413, 0.5791143, 0
0.3946257, 0.5667236, 0.5710381, 0
0.464254, 0.5910788, 0.5655741, 0
0.4390387, 0.5877683, 0.6207308, 0
0.4743904, 0.5726886, 0.6435225, 0
0.3715726, 0.5853476, 0.5185116, 0
0.364285, 0.5913086, 0.5395964, 0
0.5106422, 0.5549567, 0.6206851, 0
0.5031, 0.5601928, 0.5503551, 0
0.3992603, 0.5439619, 0.5347611, 0
0.3157602, 0.5482725, 0.5838907, 0
0.3560308, 0.5349767, 0.5556365, 0
0.4256695, 0.5940412, 0.622547, 0
0.4134383, 0.6455613, 0.610642, 0
0.4145796, 0.5711007, 0.6196095, 0
0.4933474, 0.644821, 0.6045792, 0
0.5236967, 0.5573773, 0.5909429, 0
0.5314667, 0.5745511, 0.5629727, 0
0.3587101, 0.51776, 0.5713737, 0
0.5072643, 0.6296229, 0.6122435, 0
0.4798853, 0.6120711, 0.653818, 0
0.442288, 0.5968743, 0.6490563, 0
0.3774046, 0.6059417, 0.5844221, 0
0.4918215, 0.6458768, 0.6443158, 0
0.400167, 0.6245038, 0.5484043, 0
0.5061112, 0.610848, 0.5635859, 0
0.3882177, 0.5953535, 0.6019233, 0
0.4488687, 0.5264589, 0.5751064, 0
0.3074719, 0.6066564, 0.5878491, 0
0.3539868, 0.5869785, 0.5921951, 0
0.4701633, 0.6319035, 0.6468517, 0
0.4729938, 0.5562636, 0.54204, 0
0.521698, 0.6160948, 0.6054299, 0
0.5175583, 0.5578663, 0.5842451, 0
0.5122086, 0.5583696, 0.6081682, 0
0.3312205, 0.5493714, 0.6132579, 0
0.4141316, 0.6173815, 0.5692106, 0
0.4413041, 0.5412131, 0.6252451, 0
0.4916214, 0.6073595, 0.574044, 0
0.340487, 0.5691452, 0.5574659, 0
0.4080887, 0.5902415, 0.6484601, 0
0.3221593, 0.5901988, 0.5122961, 0
0.4423426, 0.5864741, 0.5790512, 0
0.4847551, 0.647078, 0.5966357, 0
0.3618059, 0.544372, 0.6302804, 0
0.4848868, 0.6042268, 0.5362537, 0
0.3917627, 0.5384766, 0.5986442, 0
0.4670684, 0.5396599, 0.5972089, 0
0.3441973, 0.5634274, 0.5142123, 0
0.5141631, 0.5768524, 0.5825254, 0
0.4541435, 0.6056725, 0.5586116, 0
0.418435, 0.615769, 0.6080345, 0
0.3090869, 0.6266528, 0.5500261, 0
0.3701378, 0.5545397, 0.6276494, 0
0.4370086, 0.6192449, 0.5735527, 0
0.5116097, 0.5842987, 0.5578031, 0
0.5162893, 0.5653914, 0.5588163, 0
0.5312334, 0.6058998, 0.5785469, 0
0.4182631, 0.6130579, 0.5806341, 0
0.3133515, 0.5374969, 0.5939626, 0
0.5249454, 0.5981596, 0.5806549, 0
0.4914949, 0.5871388, 0.6549924, 0
0.3425815, 0.5761243, 0.6072229, 0
0.5335844, 0.5633299, 0.60612, 0
0.4926783, 0.590504, 0.5526703, 0
0.3683158, 0.5325471, 0.5813831, 0
0.393655, 0.5552948, 0.6132821, 0
0.4994939, 0.5398901, 0.5916851, 0
0.5226641, 0.5769811, 0.6550252, 0
0.4152806, 0.5744377, 0.5523916, 0
0.5314453, 0.5818659, 0.5728578, 0
0.5325745, 0.5769773, 0.5889702, 0
0.4017816, 0.6135657, 0.5463644, 0
0.3157275, 0.5700678, 0.6305281, 0
0.4442435, 0.6036737, 0.6305313, 0
0.4054662, 0.5539033, 0.567161, 0
0.3330117, 0.6040243, 0.5174682, 0
0.3618858, 0.5327442, 0.5988024, 0
0.4398198, 0.5747118, 0.6449944, 0
0.5231791, 0.5784853, 0.6552918, 0
0.4232473, 0.5465562, 0.5958559, 0
0.4001723, 0.6039403, 0.5796623, 0
0.3483382, 0.5345802, 0.5219444, 0
0.391331, 0.6127165, 0.617907, 0
0.5182853, 0.5447932, 0.5943778, 0
0.3508639, 0.5766091, 0.5103417, 0
0.4443768, 0.5680348, 0.5726957, 0
0.5239514, 0.5573164, 0.5931716, 0
0.4129879, 0.5367523, 0.587668, 0
0.3984354, 0.6189734, 0.5508627, 0
0.3478234, 0.5910009, 0.5149645, 0
0.320556, 0.5314745, 0.6147344, 0
0.4480104, 0.6366131, 0.636517, 0
0.4473337, 0.6338494, 0.5869704, 0
0.3496587, 0.5703962, 0.6270184, 0
0.4231003, 0.5654989, 0.6479852, 0
0.3677813, 0.6014644, 0.6049271, 0
0.3560407, 0.636113, 0.5798778, 0
0.4883886, 0.6092789, 0.5522159, 0
0.5078902, 0.6478701, 0.5794135, 0
0.3925635, 0.5364648, 0.6107588, 0
0.4613876, 0.5702798, 0.5638678, 0
0.5349754, 0.6097963, 0.5508093, 0
0.4675769, 0.6054565, 0.6002034, 0
0.4710818, 0.590516, 0.6238837, 0
0.4036987, 0.5749512, 0.5193175, 0
0.4388461, 0.6279221, 0.5551125, 0
0.4504593, 0.5929044, 0.6334824, 0
0.499638, 0.6587235, 0.6124848, 0
0.3356969, 0.589049, 0.5686764, 0
0.5226109, 0.6354579, 0.562938, 0
0.4303299, 0.5481945, 0.6326375, 0
0.5333301, 0.5663458, 0.5885042, 0
0.4424921, 0.5506946, 0.6067352, 0
0.335681, 0.5700214, 0.5566906, 0
0.3785095, 0.6227665, 0.5961814, 0
0.4588198, 0.6471484, 0.6092817, 0
0.4346049, 0.6097139, 0.5760761, 0
0.4016913, 0.6194341, 0.5899063, 0
0.4656551, 0.6315041, 0.6090783, 0
0.3418291, 0.5948051, 0.5157768, 0
0.4244605, 0.5758852, 0.6090257, 0
0.4011898, 0.6226493, 0.538149, 0
0.5077874, 0.6109478, 0.6196468, 0
0.4742395, 0.604435, 0.5905777, 0
0.4627457, 0.5338163, 0.6180279, 0
0.3357085, 0.5589695, 0.6294349, 0
0.4009804, 0.5601642, 0.6336534, 0
0.3424499, 0.604526, 0.6271456, 0
0.3258658, 0.5532066, 0.5126714, 0
0.3945456, 0.6212725, 0.5442203, 0
0.3323608, 0.5515238, 0.5676895, 0
0.4599349, 0.603954, 0.5330175, 0
0.3484112, 0.6035247, 0.5533959, 0
0.4650182, 0.5990446, 0.5903139, 0
0.5120141, 0.6398271, 0.655686, 0
0.4565779, 0.6141673, 0.6574337, 0
0.4345402, 0.5213678, 0.586619, 0
0.4728118, 0.5894654, 0.5553375, 0
0.3575685, 0.5902075, 0.5400333, 0
0.4193989, 0.5195476, 0.586749, 0
0.3673741, 0.5727209, 0.6174335, 0
0.3514256, 0.5496896, 0.5879264, 0
0.3791369, 0.5611076, 0.5999404, 0
0.4575416, 0.6295927, 0.584048, 0
0.356502, 0.6265205, 0.5814703, 0
0.4360201, 0.6219567, 0.6054893, 0
0.4687475, 0.6223332, 0.5809415, 0
0.3622507, 0.5419359, 0.6116707, 0
0.3641988, 0.5843439, 0.5297915, 0
0.4606946, 0.6368023, 0.5614592, 0
0.3422071, 0.6180764, 0.5608605, 0
0.3497032, 0.558248, 0.5914627, 0
0.5222908, 0.5585307, 0.5942726, 0
0.3787276, 0.5613793, 0.5148457, 0
0.4258821, 0.5789436, 0.6015381, 0
0.3931833, 0.5361238, 0.5836757, 0
0.5274254, 0.5488691, 0.5967983, 0
0.3877549, 0.5991821, 0.5238101, 0
0.4462281, 0.5661313, 0.5741392, 0
0.3514143, 0.625042, 0.6067889, 0
0.3435393, 0.5510149, 0.5180556, 0
0.3563637, 0.5334908, 0.540406, 0
0.375197, 0.641306, 0.5849299, 0
0.4704794, 0.5418828, 0.6134727, 0
0.3313357, 0.5378106, 0.5374334, 0
0.4166983, 0.5366212, 0.5533822, 0
0.4457794, 0.5425708, 0.5559547, 0
0.4878348, 0.5532093, 0.6446338, 0
0.3456246, 0.5658057, 0.5282038, 0
0.4792769, 0.6532297, 0.5906361, 0
0.4358264, 0.5702215, 0.5490215, 0
0.2997674, 0.5938773, 0.6110472, 0
0.4240305, 0.5861284, 0.5490037, 0
0.4475217, 0.6097462, 0.5912586, 0
0.4041037, 0.6303958, 0.5631671, 0
0.4593409, 0.5457809, 0.6094571, 0
0.4652621, 0.6210815, 0.6533129, 0
0.3632474, 0.5988285, 0.5855498, 0
0.3630095, 0.5536684, 0.5583265, 0
0.4469192, 0.6323258, 0.6130905, 0
0.3544592, 0.622387, 0.562878, 0
0.4668843, 0.6214303, 0.6422325, 0
0.36327, 0.5327538, 0.6074967, 0
0.3488371, 0.5868713, 0.5560821, 0
0.4102934, 0.5857139, 0.6288326, 0
0.4784418, 0.6452126, 0.5977068, 0
0.3895089, 0.535669, 0.542863, 0
0.4722613, 0.5699512, 0.6040285, 0
0.307668, 0.5791713, 0.589844, 0
0.4428002, 0.5685327, 0.5303501, 0
0.3378675, 0.6068124, 0.6129441, 0
0.517646, 0.5778962, 0.6338418, 0
0.5039284, 0.6052869, 0.587713, 0
0.3920434, 0.6098076, 0.6026506, 0
0.5183692, 0.5813081, 0.5445364, 0
0.5166311, 0.5976137, 0.5922826, 0
0.526666, 0.6379511, 0.5984746, 0
0.3170841, 0.6211218, 0.5810441, 0
0.4797603, 0.6377316, 0.5869321, 0
0.4316423, 0.6441995, 0.6088973, 0
0.4244433, 0.5997819, 0.5386383, 0
0.3887328, 0.6068388, 0.610375, 0
0.4183535, 0.59181, 0.5467036, 0
0.3251778, 0.6254633, 0.5915122, 0
0.3212236, 0.5760093, 0.5293142, 0
0.5044108, 0.6385775, 0.6213781, 0
0.3726204, 0.5388466, 0.6042467, 0
0.3867646, 0.5804502, 0.6042776, 0
0.3456837, 0.5855772, 0.5662991, 0
0.4711312, 0.5345773, 0.616617, 0
0.3038533, 0.6180561, 0.5939125, 0
0.5088616, 0.6376545, 0.6505834, 0
0.3861138, 0.5491, 0.5952832, 0
0.4565947, 0.5957023, 0.529558, 0
0.3506894, 0.5923636, 0.5079891, 0
0.4618282, 0.6171678, 0.6061883, 0
0.5196654, 0.5645294, 0.5856372, 0
0.4282946, 0.5935474, 0.6031083, 0
0.4855443, 0.6032295, 0.6435066, 0
0.376941, 0.6376775, 0.5566028, 0
0.4202923, 0.5273972, 0.5547668, 0
0.4845187, 0.6179805, 0.6473032, 0
0.4415316, 0.5758993, 0.5325422, 0
0.4712895, 0.6391333, 0.5905129, 0
0.3351779, 0.5888565, 0.607087, 0
0.3786058, 0.5353283, 0.5495522, 0
0.5355783, 0.5599962, 0.5791681, 0
0.5081969, 0.6257988, 0.6586844, 0
0.352342, 0.5313271, 0.6163812, 0
0.5275935, 0.5980792, 0.6219387, 0
0.5290629, 0.6077344, 0.5692664, 0
0.3849942, 0.6268498, 0.5343432, 0
0.355537, 0.541724, 0.6029207, 0
0.4875981, 0.6114529, 0.5458982, 0
0.4972464, 0.6437012, 0.575167, 0
0.496821, 0.552189, 0.6450503, 0
0.343539, 0.5874134, 0.5837842, 0
0.4827802, 0.6472318, 0.6220168, 0
0.4778072, 0.5643391, 0.6460372, 0
0.4789074, 0.6267142, 0.5944512, 0
0.3636955, 0.5519802, 0.5900778, 0
0.3781306, 0.5657025, 0.5150139, 0
0.4275998, 0.5843728, 0.5636533, 0
0.4763475, 0.5977523, 0.6634429, 0
0.4861702, 0.6308092, 0.6313061, 0
0.4109085, 0.6422994, 0.5776946, 0
0.3422295, 0.6323962, 0.57966, 0
0.3992327, 0.5823186, 0.5318679, 0
0.4109895, 0.5878811, 0.5705771, 0
0.5120115, 0.578659, 0.6281179, 0
0.3194014, 0.6255998, 0.5430681, 0
0.3795067, 0.6015579, 0.5337828, 0
0.3721398, 0.6039451, 0.5290641, 0
0.4290898, 0.5497742, 0.6170861, 0
0.4602996, 0.5599411, 0.6252996, 0
0.3753461, 0.5582453, 0.5502371, 0
0.3985193, 0.5556827, 0.5898455, 0
0.3514065, 0.6314737, 0.5450197, 0
0.4147361, 0.5592006, 0.5579511, 0
0.3589475, 0.6058437, 0.6118771, 0
0.4708027, 0.5410876, 0.6220516, 0
0.446269, 0.5576885, 0.560364, 0
0.4642087, 0.6351891, 0.5905654, 0
0.5391964, 0.5386567, 0.6025742, 0
0.4850155, 0.5575366, 0.5993501, 0
0.4654941, 0.5447135, 0.5671999, 0
0.3664693, 0.5748181, 0.5183216, 0
0.4332673, 0.5937729, 0.6056706, 0
0.3408652, 0.6050834, 0.5816239, 0
0.4094882, 0.6085422, 0.5934771, 0
0.3157654, 0.5691305, 0.6030504, 0
0.5055774, 0.5620614, 0.5951146, 0
0.3672027, 0.5630486, 0.5235315, 0
0.3373581, 0.516952, 0.5648847, 0
0.5101966, 0.61781, 0.5453238, 0
0.431841, 0.6428049, 0.6022655, 0
0.4478395, 0.537599, 0.5861548, 0
0.4406643, 0.5393929, 0.5765158, 0
0.4949166, 0.6476953, 0.5890853, 0
0.5242077, 0.6026695, 0.5970417, 0
0.4010148, 0.5677565, 0.5417314, 0
0.4095854, 0.6120972, 0.6320339, 0
0.4709225, 0.637955, 0.6383695, 0
0.4676252, 0.6298579, 0.5966403, 0
0.4242315, 0.6465251, 0.5673307, 0
0.3891529, 0.5974083, 0.5672159, 0
0.3660605, 0.5958213, 0.5293359, 0
0.3301879, 0.586606, 0.6154549, 0
0.3636441, 0.5681707, 0.5840029, 0
0.3293353, 0.5884203, 0.6195433, 0
0.3406688, 0.5996946, 0.5396298, 0
0.3259701, 0.5308483, 0.588176, 0
0.4185755, 0.5641156, 0.6174999, 0
0.4970966, 0.6360373, 0.6029916, 0
0.4074573, 0.5589628, 0.5347609, 0
0.5032093, 0.648022, 0.6326774, 0
0.3119389, 0.5767996, 0.576069, 0
0.3736706, 0.5955727, 0.6143413, 0
0.4188287, 0.5580081, 0.597535, 0
0.4694906, 0.5777999, 0.6225435, 0
0.4619434, 0.5928505, 0.6016428, 0
0.4236668, 0.5566266, 0.6301012, 0
0.4814005, 0.6094677, 0.6310995, 0
0.4161187, 0.6452627, 0.6046602, 0
0.4054569, 0.6147314, 0.5323015, 0
0.5119402, 0.6103454, 0.6183086, 0
0.393333, 0.5504432, 0.5266535, 0
0.398858, 0.6004331, 0.5398427, 0
0.5159543, 0.6240077, 0.5513905, 0
0.4945199, 0.5902947, 0.6583232, 0
0.3084705, 0.5454915, 0.6095744, 0
0.4702598, 0.5275259, 0.5813501, 0
0.4049217, 0.6036387, 0.5345769, 0
0.3814894, 0.6020507, 0.5230401, 0
0.413747, 0.6285365, 0.61747, 0
0.4746352, 0.6335815, 0.614985, 0
0.463668, 0.5796672, 0.6167194, 0
0.4688587, 0.6045182, 0.6435349, 0
0.5088248, 0.6220942, 0.584536, 0
0.4580578, 0.5567054, 0.5604786, 0
0.4443739, 0.5800048, 0.5424829, 0
0.3831759, 0.5477546, 0.5694181, 0
0.5350145, 0.5936538, 0.5766403, 0
0.3108261, 0.6194481, 0.5874603, 0
0.4732484, 0.5700211, 0.5420111, 0
0.4144011, 0.6383778, 0.6073993, 0
0.4412936, 0.5897051, 0.628194, 0
0.448225, 0.619684, 0.5790343, 0
0.349437, 0.516591, 0.5401361, 0
0.3626679, 0.5688383, 0.5632954, 0
0.4005296, 0.5982132, 0.6333251, 0
0.3370902, 0.5252849, 0.5314789, 0
0.3716095, 0.5878483, 0.5872638, 0
0.4579706, 0.5845183, 0.6362494, 0
0.3557484, 0.582032, 0.5114022, 0
0.4501486, 0.5623104, 0.6275272, 0
0.3879991, 0.6231991, 0.5441505, 0
0.4605604, 0.5719789, 0.5547356, 0
0.4789555, 0.6424155, 0.5939381, 0
0.4363163, 0.5463278, 0.5879307, 0
0.3479416, 0.5382538, 0.5911102, 0
0.4543988, 0.6223909, 0.6186785, 0
0.3571872, 0.5747618, 0.5153551, 0
0.3825808, 0.5981385, 0.6026259, 0
0.3867594, 0.5766541, 0.6314392, 0
0.3883473, 0.5541314, 0.5916703, 0
0.3653776, 0.5953162, 0.5424722, 0
0.4249375, 0.5831394, 0.5808263, 0
0.5005891, 0.6545368, 0.6277012, 0
0.4598263, 0.6311621, 0.6262564, 0
0.4933774, 0.5484818, 0.622066, 0
0.4726399, 0.6384552, 0.61295, 0
0.4818085, 0.6337871, 0.6006133, 0
0.4643498, 0.5831228, 0.5374963, 0
0.5344647, 0.5638593, 0.5707105, 0
0.4854642, 0.606202, 0.6644426, 0
0.399698, 0.5575707, 0.597598, 0
0.4932396, 0.6256481, 0.5517687, 0
0.3794488, 0.5725131, 0.5833536, 0
0.4386256, 0.6190754, 0.6018456, 0
0.4126424, 0.5324476, 0.544033, 0
0.4991405, 0.6013678, 0.5641925, 0
0.4514493, 0.6462859, 0.5658349, 0
0.3930162, 0.6122099, 0.6244596, 0
0.4609514, 0.6035928, 0.6119098, 0
0.4358779, 0.5443466, 0.6064716, 0
0.3945245, 0.5996917, 0.5995437, 0
0.4405968, 0.5535432, 0.5486487, 0
0.4930271, 0.6501104, 0.5771084, 0
0.3708276, 0.6105542, 0.5529114, 0
0.4422041, 0.5358627, 0.565106, 0
0.4114428, 0.6100414, 0.5709888, 0
0.3710121, 0.63275, 0.5583987, 0
0.3952113, 0.5488066, 0.599318, 0
0.3317792, 0.523682, 0.5406837, 0
0.3647247, 0.6239371, 0.5526767, 0
0.3372518, 0.6076589, 0.6125693, 0
0.4516179, 0.5639338, 0.6511918, 0
0.3290471, 0.5310098, 0.6021541, 0
0.3591534, 0.5788451, 0.6139103, 0
0.4491445, 0.5601654, 0.6518906, 0
0.3089634, 0.5847326, 0.6078507, 0
0.3478402, 0.576852, 0.5330526, 0
0.4320964, 0.5473521, 0.6120834, 0
0.4518002, 0.602461, 0.6287711, 0
0.4165817, 0.5190962, 0.5839601, 0
0.3402481, 0.5509752, 0.5383289, 0
0.3995948, 0.6013684, 0.6003891, 0
0.4419169, 0.5791184, 0.5459974, 0
0.4554445, 0.622452, 0.5439442, 0
0.3787875, 0.6025016, 0.5266595, 0
0.3792668, 0.5931426, 0.6375921, 0
0.4913284, 0.6142151, 0.6075816, 0
0.4575009, 0.6171251, 0.5610436, 0
0.37251, 0.5331401, 0.5454429, 0
0.4289406, 0.5643449, 0.6186623, 0
0.3461042, 0.575507, 0.5494521, 0
0.4141198, 0.5928981, 0.5544415, 0
0.4725414, 0.6128594, 0.5459606, 0
0.42377, 0.5906298, 0.5627574, 0
0.3644258, 0.5206842, 0.5426672, 0
0.5321898, 0.5549223, 0.6105397, 0
0.4396954, 0.5896833, 0.6260741, 0
0.4447529, 0.5782157, 0.5660987, 0
0.4296977, 0.5397335, 0.5400119, 0
0.4092075, 0.6210042, 0.625738, 0
0.5299219, 0.6238908, 0.565782, 0
0.3571249, 0.6006466, 0.5930921, 0
0.3883547, 0.6218244, 0.5417302, 0
0.361806, 0.5531554, 0.5369696, 0
0.3991301, 0.5614483, 0.6287966, 0
0.4738498, 0.5574279, 0.609535, 0
0.3767993, 0.6310325, 0.5948825, 0
0.3992089, 0.6253331, 0.5854028, 0
0.4271281, 0.5554557, 0.6002474, 0
0.3264841, 0.5512471, 0.5479423, 0
0.4865839, 0.6165732, 0.5712672, 0
0.4422201, 0.5436654, 0.6316226, 0
0.5152901, 0.5846414, 0.6109091, 0
0.328879, 0.5949655, 0.5367705, 0
0.3670282, 0.5261588, 0.5521654, 0
0.3802191, 0.5970071, 0.5514982, 0
0.5187386, 0.5521616, 0.630181, 0
0.3869529, 0.621321, 0.5856843, 0
0.3852779, 0.5862361, 0.6315647, 0
0.3946093, 0.6243063, 0.5839797, 0
0.4085713, 0.5924007, 0.5729503, 0
0.5192218, 0.5709872, 0.616453, 0
0.5367522, 0.5567364, 0.6043056, 0
0.5122197, 0.5748584, 0.5695583, 0
0.4154284, 0.5296205, 0.5532278, 0
0.4492192, 0.600255, 0.6394026, 0
0.3562714, 0.6362973, 0.5974036, 0
0.5088995, 0.6084848, 0.5593257, 0
0.3501088, 0.5888463, 0.5680137, 0
0.3244533, 0.5671954, 0.595547, 0
0.3255426, 0.5905762, 0.5410166, 0
0.3167931, 0.5828373, 0.5430248, 0
0.5310205, 0.5767866, 0.5628775, 0
0.5184621, 0.6328111, 0.6296996, 0
0.5342615, 0.5725894, 0.5637203, 0
0.4252965, 0.5625732, 0.5548791, 0
0.4041417, 0.59706, 0.5644817, 0
0.5332849, 0.5994309, 0.5894691, 0
0.4243105, 0.6014728, 0.5599659, 0
0.4207116, 0.5460119, 0.5644981, 0
0.5176749, 0.610757, 0.6457201, 0
0.3803388, 0.5828838, 0.6352525, 0
0.3212336, 0.5769385, 0.5971664, 0
0.3954572, 0.5577775, 0.6164135, 0
0.3196009, 0.6137262, 0.553113, 0
0.3381589, 0.5396085, 0.5933185, 0
0.3964373, 0.6197608, 0.6148506, 0
0.3246436, 0.5197572, 0.5947288, 0
0.3370949, 0.5890115, 0.6115792, 0
0.4869153, 0.6038484, 0.6665188, 0
0.4336387, 0.5781118, 0.6191226, 0
0.4874524, 0.5801463, 0.5880139, 0
0.4372519, 0.6332424, 0.6315196, 0
0.5107114, 0.5887403, 0.6631106, 0
0.4973324, 0.5850087, 0.6513408, 0
0.4757188, 0.5579786, 0.6126062, 0
0.4732662, 0.6015331, 0.6263945, 0
0.3680523, 0.5390115, 0.5780255, 0
0.3904293, 0.6277615, 0.5487642, 0
0.4670341, 0.593782, 0.552545, 0
0.3313933, 0.5964673, 0.6224436, 0
0.4421418, 0.6130857, 0.6104552, 0
0.4736135, 0.5388813, 0.5995085, 0
0.3522595, 0.6159479, 0.5721493, 0
0.3754803, 0.5470386, 0.6221076, 0
0.5350809, 0.5835126, 0.5551696, 0
0.4289619, 0.5632628, 0.6393431, 0
0.3893464, 0.5785909, 0.600401, 0
0.3883207, 0.6182927, 0.5686228, 0
0.4621307, 0.5338651, 0.5644957, 0
0.4411937, 0.57943, 0.65513, 0
0.3054878, 0.6233874, 0.5731938, 0
0.5086242, 0.5517304, 0.5965139, 0
0.3477075, 0.6068536, 0.6204286, 0
0.5013869, 0.5454084, 0.566367, 0
0.3536775, 0.6417569, 0.5727997, 0
0.343473, 0.5726863, 0.572225, 0
0.4053042, 0.5267738, 0.593528, 0
0.5148483, 0.5622454, 0.5899448, 0
0.3638504, 0.6189224, 0.6196822, 0
0.4634567, 0.5757228, 0.5513604, 0
0.3136378, 0.6073987, 0.6081117, 0
0.4625564, 0.5471823, 0.5470919, 0
0.5054234, 0.6313905, 0.5568714, 0
0.4997779, 0.596245, 0.5518011, 0
0.3959317, 0.6202279, 0.5470567, 0
0.4513348, 0.5943678, 0.6116619, 0
0.3363852, 0.5804781, 0.517935, 0
0.3361226, 0.5240805, 0.5921168, 0
0.3827354, 0.5577193, 0.5329558, 0
0.4935821, 0.5745507, 0.6115161, 0
0.4096491, 0.5560161, 0.6196707, 0
0.4501121, 0.5876945, 0.5480335, 0
0.4432614, 0.6245142, 0.5727427, 0
0.4231333, 0.5323613, 0.6254299, 0
0.5039735, 0.5583881, 0.6004801, 0
0.3801383, 0.6139754, 0.5934094, 0
0.3311601, 0.5537751, 0.5399117, 0
0.4868739, 0.6151925, 0.5776148, 0
0.4129595, 0.5827621, 0.6409108, 0
0.4429029, 0.62144, 0.6071157, 0
0.4730939, 0.6404933, 0.6344718, 0
0.4894502, 0.5937911, 0.6463953, 0
0.5291269, 0.5620355, 0.6087641, 0
0.5089517, 0.6122605, 0.5465427, 0
0.3796366, 0.6301565, 0.5621597, 0
0.3638417, 0.5919666, 0.6015851, 0
0.4102227, 0.597268, 0.6419893, 0
0.4612751, 0.5664514, 0.587722, 0
0.468437, 0.5259579, 0.5889136, 0
0.4454243, 0.5872478, 0.546711, 0
0.3596563, 0.5928686, 0.6285957, 0
0.5023081, 0.5855376, 0.6372067, 0
0.4746972, 0.637544, 0.5955998, 0
0.3466885, 0.5622026, 0.5508581, 0
0.4812107, 0.6455743, 0.609427, 0
0.492881, 0.5958602, 0.5400909, 0
0.412308, 0.6311483, 0.541477, 0
0.528077, 0.6420541, 0.5745898, 0
0.3664701, 0.5138483, 0.5799983, 0
0.4957239, 0.5322725, 0.5952026, 0
0.4172812, 0.6075054, 0.5693463, 0
0.520372, 0.5778164, 0.5555323, 0
0.5211672, 0.6221003, 0.6311493, 0
0.3086094, 0.5779188, 0.5889389, 0
0.4200364, 0.5752867, 0.5729724, 0
0.3787987, 0.5844081, 0.6219534, 0
0.4936576, 0.5891938, 0.640687, 0
0.4991758, 0.6377426, 0.6220607, 0
0.4567465, 0.6296253, 0.5513295, 0
0.467626, 0.6036099, 0.6031743, 0
0.47401, 0.6060299, 0.6439741, 0
0.3365298, 0.5586435, 0.6169657, 0
0.455162, 0.6235231, 0.6268381, 0
0.4025763, 0.5493981, 0.5574502, 0
0.4612965, 0.611634, 0.6522362, 0
0.3729976, 0.5591818, 0.5516946, 0
0.4537592, 0.5407887, 0.5584075, 0
0.4327531, 0.553495, 0.5994515, 0
0.4073208, 0.6237928, 0.5318541, 0
0.3965071, 0.6203554, 0.5747755, 0
0.395257, 0.55612, 0.5587611, 0
0.5283378, 0.6496155, 0.5827382, 0
0.3492032, 0.5965567, 0.5809026, 0
0.3537733, 0.5925135, 0.5182104, 0
0.4350199, 0.5953492, 0.5526133, 0
0.4359554, 0.6201856, 0.5945455, 0
0.4450317, 0.5471557, 0.6178436, 0
0.4928989, 0.6052692, 0.5384248, 0
0.537608, 0.6006965, 0.5470247, 0
0.4645859, 0.5789867, 0.6436868, 0
0.4132174, 0.5951876, 0.5837769, 0
0.4307332, 0.6247583, 0.6410569, 0
0.3487872, 0.5264137, 0.6079077, 0
0.4045485, 0.5537665, 0.5477294, 0
0.4520273, 0.6149607, 0.6292446, 0
0.5224639, 0.640327, 0.5858127, 0
0.3292578, 0.5923165, 0.6154639, 0
0.3415799, 0.5746366, 0.5918714, 0
0.4673161, 0.6269197, 0.5779083, 0
0.4498371, 0.6088957, 0.6055248, 0
0.3544995, 0.6296788, 0.5450496, 0
0.4337847, 0.5975048, 0.5657402, 0
0.5114684, 0.6328866, 0.5862308, 0
0.3643335, 0.5318604, 0.5557721, 0
0.477708, 0.5461755, 0.5935341, 0
0.3893666, 0.5518155, 0.619843, 0
0.3470884, 0.52266, 0.5856235, 0
0.4389088, 0.5559943, 0.5578044, 0
0.4607411, 0.5524355, 0.5747891, 0
0.4302791, 0.5976707, 0.6064985, 0
0.5056329, 0.5946724, 0.6133354, 0
0.4587187, 0.6010371, 0.6369429, 0
0.4197054, 0.5966617, 0.5813393, 0
0.3922968, 0.5890772, 0.5153531, 0
0.4941145, 0.5580896, 0.5948628, 0
0.4961574, 0.5659155, 0.6387231, 0
0.4688013, 0.5451493, 0.6221098, 0
0.3927169, 0.5268825, 0.5925127, 0
0.5170125, 0.650239, 0.6104996, 0
0.405638, 0.5616096, 0.5679944, 0
0.5149372, 0.6379598, 0.6193112, 0
0.5079194, 0.6558952, 0.6020659, 0
0.4608873, 0.6250799, 0.627853, 0
0.3359039, 0.5724199, 0.629267, 0
0.3889202, 0.5538762, 0.5358383, 0
0.4021984, 0.5775427, 0.588325, 0
0.3327163, 0.575161, 0.5747933, 0
0.4208938, 0.614903, 0.6000389, 0
0.4598229, 0.5589284, 0.5776259, 0
0.4008553, 0.5282154, 0.5635014, 0
0.5005473, 0.5948683, 0.5397193, 0
0.3813418, 0.5751201, 0.5111854, 0
0.5029273, 0.6129529, 0.590241, 0
0.319431, 0.5105417, 0.5723097, 0
0.4713965, 0.547803, 0.5938531, 0
0.3608934, 0.5237706, 0.5930873, 0
0.5116297, 0.6606153, 0.6067857, 0
0.4211555, 0.5869826, 0.530754, 0
0.3632195, 0.6155472, 0.5988012, 0
0.3746336, 0.5360001, 0.5920454, 0
0.3640085, 0.5767246, 0.5933339, 0
0.4420002, 0.6187688, 0.607144, 0
0.3539535, 0.5580195, 0.5704586, 0
0.5314555, 0.5675432, 0.5932571, 0
0.4194328, 0.6065058, 0.6052504, 0
0.5208873, 0.5691225, 0.5827201, 0
0.3854676, 0.5216261, 0.5605984, 0
0.3983045, 0.5707683, 0.6461478, 0
0.3189611, 0.522415, 0.5974353, 0
0.4288658, 0.595014, 0.5411026, 0
0.4787747, 0.5900398, 0.6268974, 0
0.5227123, 0.6065917, 0.6355183, 0
0.380892, 0.5966285, 0.5897156, 0
0.3604064, 0.5901904, 0.5712073, 0
0.4798085, 0.5510039, 0.5615007, 0
0.507736, 0.5664356, 0.5895976, 0
0.4345227, 0.6080441, 0.5970718, 0
0.4796025, 0.5616809, 0.5854296, 0
0.4113245, 0.6299109, 0.5462312, 0
0.387245, 0.5447316, 0.6346604, 0
0.4651793, 0.6072519, 0.6243215, 0
0.313647, 0.5976905, 0.5708015, 0
0.3893589, 0.6096812, 0.5837086, 0
0.4357645, 0.6205163, 0.550084, 0
0.4142595, 0.5931237, 0.5738199, 0
0.3909638, 0.6090508, 0.5324693, 0
0.3501514, 0.5445534, 0.5281426, 0
0.4600538, 0.5323532, 0.6104625, 0
0.363982, 0.6269746, 0.582833, 0
0.446169, 0.6081352, 0.6110314, 0
0.4467739, 0.6131055, 0.6160375, 0
0.3802932, 0.543487, 0.5876772, 0
0.4271208, 0.5321548, 0.5508393, 0
0.3796713, 0.5821209, 0.5496498, 0
0.4208495, 0.534201, 0.6117942, 0
0.4976213, 0.5492004, 0.6049831, 0
0.4065218, 0.5966519, 0.5754922, 0
0.4245115, 0.5927057, 0.6296782, 0
0.3529407, 0.6363444, 0.5481753, 0
0.3625441, 0.6146913, 0.5852395, 0
0.4600569, 0.5675209, 0.654969, 0
0.3669226, 0.6245362, 0.6157806, 0
0.4360667, 0.5802418, 0.6439618, 0
0.3370977, 0.5791907, 0.5883021, 0
0.4138388, 0.5963235, 0.5623381, 0
0.3911648, 0.5594105, 0.5675835, 0
0.5007039, 0.627091, 0.6121102, 0
0.4375956, 0.612909, 0.61608, 0
0.4197084, 0.598609, 0.6460153, 0
0.373077, 0.6108527, 0.6085406, 0
0.3485893, 0.596024, 0.6124297, 0
0.5101892, 0.5999045, 0.6574958, 0
0.4531097, 0.5905246, 0.607087, 0
0.4299634, 0.5575946, 0.6202656, 0
0.3439581, 0.6002277, 0.5242389, 0
0.3901951, 0.5765288, 0.6208058, 0
0.3479995, 0.5819572, 0.6212944, 0
0.3800558, 0.6025745, 0.6104459, 0
0.4082035, 0.6212459, 0.6294218, 0
0.5066696, 0.609006, 0.5627323, 0
0.476856, 0.5506753, 0.6185561, 0
0.4644387, 0.5903425, 0.620273, 0
0.446906, 0.6273535, 0.5421423, 0
0.3913367, 0.6008606, 0.5974858, 0
0.483306, 0.5753744, 0.5812574, 0
0.3720292, 0.6105676, 0.5301599, 0
0.4959406, 0.5927597, 0.6238734, 0
0.4157797, 0.600348, 0.5314752, 0
0.477264, 0.5903152, 0.6234581, 0
0.4474303, 0.6215796, 0.5522244, 0
0.4199876, 0.6067623, 0.5825115, 0
0.4691358, 0.5664006, 0.5851951, 0
0.5245349, 0.5658433, 0.6437238, 0
0.3975092, 0.6175131, 0.5727026, 0
0.3640771, 0.5768145, 0.6159475, 0
0.4796502, 0.658309, 0.6023377, 0
0.5155176, 0.6039795, 0.6361459, 0
0.4935828, 0.625268, 0.659537, 0
0.4290044, 0.6260996, 0.6121297, 0
0.3847485, 0.6369878, 0.6138854, 0
0.4978639, 0.5633991, 0.5520245, 0
0.42717, 0.590206, 0.5885418, 0
0.4935113, 0.571263, 0.5503635, 0
0.353253, 0.5912976, 0.6364495, 0
0.5114429, 0.6227706, 0.6294916, 0
0.5036564, 0.5765357, 0.548653, 0
0.4896477, 0.5964947, 0.5410119, 0
0.4092548, 0.5706661, 0.5483303, 0
0.5285172, 0.5578805, 0.5794345, 0
0.4122202, 0.5366147, 0.5572093, 0
0.5328001, 0.592689, 0.5700676, 0
0.470178, 0.5657676, 0.5605159, 0
0.3179305, 0.5435256, 0.6031619, 0
0.4091924, 0.5764855, 0.5626538, 0
0.5045794, 0.6454059, 0.6356497, 0
0.3719869, 0.5484046, 0.5544366, 0
0.3396857, 0.5630051, 0.5929019, 0
0.3180988, 0.6252407, 0.5490973, 0
0.4926049, 0.6114056, 0.6541859, 0
0.4801641, 0.5945021, 0.6612421, 0
0.5102556, 0.5452199, 0.5640225, 0
0.3279116, 0.5611272, 0.5733212, 0
0.4117294, 0.6311351, 0.5782963, 0
0.3242122, 0.6055918, 0.5312067, 0
0.3714347, 0.5271639, 0.5934901, 0
0.4961558, 0.6545402, 0.6145118, 0
0.5321157, 0.6124726, 0.5576608, 0
0.3691894, 0.5852472, 0.5634176, 0
0.3731862, 0.5551087, 0.6123317, 0
0.5376522, 0.6018247, 0.5478752, 0
0.3674904, 0.5317754, 0.5844107, 0
0.4785247, 0.5930288, 0.6248235, 0
0.4239668, 0.5796576, 0.5317012, 0
0.4087472, 0.6383671, 0.6110739, 0
0.492794, 0.568503, 0.5615482, 0
0.5322968, 0.6299246, 0.5783951, 0
0.4751403, 0.6043035, 0.6258083, 0
0.4382957, 0.5577574, 0.5543416, 0
0.4343135, 0.6164417, 0.594044, 0
0.4202663, 0.5938479, 0.6111342, 0
0.4367675, 0.6246951, 0.6399416, 0
0.4064023, 0.6164544, 0.5277531, 0
0.3385541, 0.6258819, 0.5742356, 0
0.3548838, 0.6088464, 0.5280659, 0
0.3630952, 0.5211987, 0.6002393, 0
0.4854324, 0.5967852, 0.5903774, 0
0.5045526, 0.5639663, 0.6000275, 0
0.4587117, 0.6066043, 0.6573512, 0
0.4785574, 0.602877, 0.633828, 0
0.4265078, 0.5841607, 0.5804846, 0
0.3761198, 0.5245367, 0.6122128, 0
0.3947654, 0.555115, 0.625454, 0
0.4647302, 0.5377799, 0.6282586, 0
0.3769065, 0.6413283, 0.5944276, 0
0.3476306, 0.534281, 0.5461726, 0
0.4141304, 0.6356909, 0.6185283, 0
0.4988145, 0.56599, 0.5431671, 0
0.5145008, 0.6155569, 0.6691384, 0
0.3662308, 0.5544266, 0.5312893, 0
0.3292093, 0.5405126, 0.5299966, 0
0.4532599, 0.5932388, 0.53386, 0
0.510754, 0.5560436, 0.6008215, 0
0.3968253, 0.5940754, 0.6209131, 0
0.3425291, 0.6352156, 0.5899083, 0
0.332378, 0.5976745, 0.6063881, 0
0.5043203, 0.62386, 0.5496647, 0
0.3334131, 0.5340637, 0.6056896, 0
0.4311584, 0.6512381, 0.5782152, 0
0.4102127, 0.6184215, 0.5847859, 0
0.3484829, 0.602714, 0.5378868, 0
0.4145777, 0.5773774, 0.5333087, 0
0.4511084, 0.629095, 0.5725529, 0
0.5147371, 0.6192927, 0.6629077, 0
0.3309519, 0.5551689, 0.5427198, 0
0.384321, 0.6330001, 0.5723325, 0
0.5267501, 0.5799866, 0.5846061, 0
0.3730951, 0.5484801, 0.6332499, 0
0.5013017, 0.5828632, 0.6571385, 0
0.4259557, 0.6209829, 0.6397419, 0
0.5194998, 0.5755323, 0.588329, 0
0.430804, 0.5928634, 0.5357409, 0
0.3734783, 0.5542205, 0.5637659, 0
0.5051961, 0.5955617, 0.5788378, 0
0.3721581, 0.6131746, 0.6050463, 0
0.4035057, 0.6115538, 0.5325063, 0
0.4296783, 0.5834459, 0.5778197, 0
0.4060854, 0.5493684, 0.5691957, 0
0.3870398, 0.5239117, 0.5492237, 0
0.5139973, 0.5494383, 0.5973778, 0
0.3517469, 0.6115747, 0.5670891, 0
0.5193982, 0.5860431, 0.546997, 0
0.4436041, 0.5325451, 0.5980309, 0
0.5104198, 0.6224034, 0.6340288, 0
0.4533282, 0.5758327, 0.6221619, 0
0.4496375, 0.5767056, 0.6071721, 0
0.5100068, 0.6091215, 0.5637611, 0
0.437977, 0.5417783, 0.5908168, 0
0.5089896, 0.6307831, 0.6448287, 0
0.3640222, 0.6340398, 0.5936506, 0
0.447025, 0.5609693, 0.5908956, 0
0.440487, 0.5975361, 0.5956806, 0
0.4401049, 0.6113616, 0.6024585, 0
0.4331262, 0.6316022, 0.5601814, 0
0.5036301, 0.5952942, 0.5628135, 0
0.5069419, 0.6145065, 0.6568375, 0
0.4137666, 0.5379304, 0.6030142, 0
0.4171731, 0.5473975, 0.6186036, 0
0.5173942, 0.6113083, 0.6311953, 0
0.3505349, 0.6139578, 0.614638, 0
0.5102051, 0.6361272, 0.5762369, 0
0.4852192, 0.5625983, 0.5604641, 0
0.5002111, 0.6261451, 0.6265106, 0
0.3067883, 0.6048297, 0.6187103, 0
0.4366078, 0.6229299, 0.6144093, 0
0.3562427, 0.5657012, 0.6327903, 0
0.4585219, 0.5859662, 0.5564481, 0
0.487207, 0.5530854, 0.6028716, 0
0.3761029, 0.5814448, 0.5403297, 0
0.4544106, 0.5647655, 0.6238393, 0
0.5115504, 0.5648763, 0.5557448, 0
0.4543453, 0.597869, 0.5673605, 0
0.4756307, 0.629274, 0.6258649, 0
0.4763992, 0.605245, 0.5929457, 0
0.5163422, 0.5917712, 0.5834465, 0
0.4735436, 0.6322718, 0.620128, 0
0.5165589, 0.6019993, 0.5506253, 0
0.3524519, 0.6040925, 0.5442222, 0
0.3814613, 0.5965362, 0.6145822, 0
0.3372235, 0.6301197, 0.5575984, 0
0.4193604, 0.6411092, 0.5898729, 0
0.3900933, 0.5357205, 0.53255, 0
0.3636829, 0.5838046, 0.6325629, 0
0.5148901, 0.6082285, 0.6729383, 0
0.4041587, 0.536432, 0.5486743, 0
0.514904, 0.6540051, 0.6260021, 0
0.4223796, 0.571139, 0.5534087, 0
0.4405411, 0.6136427, 0.6521451, 0
0.4458395, 0.612206, 0.6423732, 0
0.4988422, 0.5948322, 0.6000993, 0
0.4303221, 0.6039492, 0.5704105, 0
0.3920962, 0.5972729, 0.5425912, 0
0.4770169, 0.6492766, 0.6225898, 0
0.4582117, 0.6094282, 0.6546842, 0
0.4779012, 0.6173973, 0.5468729, 0
0.4287631, 0.6028865, 0.5813637, 0
0.3848877, 0.5805535, 0.6330394, 0
0.3726349, 0.5238182, 0.5619427, 0
0.4184392, 0.5750404, 0.5210478, 0
0.3087467, 0.6189315, 0.5928713, 0
0.5065119, 0.5988357, 0.6547687, 0
0.353598, 0.5125396, 0.5773818, 0
0.5238713, 0.5474236, 0.5658655, 0
0.3344454, 0.5303333, 0.5481368, 0
0.316091, 0.6043839, 0.5817924, 0
0.4951559, 0.6157811, 0.6154745, 0
0.3402376, 0.6109845, 0.6187894, 0
0.3379954, 0.5578191, 0.5871044, 0
0.3779797, 0.5861585, 0.5180385, 0
0.3469104, 0.574446, 0.5640321, 0
0.4728126, 0.6472195, 0.5706133, 0
0.406524, 0.5541903, 0.5329295, 0
0.5217758, 0.6090061, 0.6152173, 0
0.4883044, 0.5516738, 0.5487314, 0
0.4220287, 0.5580973, 0.6092293, 0
0.3962623, 0.5476702, 0.6021301, 0
0.4281109, 0.5667754, 0.6129008, 0
0.5113523, 0.5653699, 0.5629145, 0
0.4773715, 0.609998, 0.5896446, 0
0.3481578, 0.61756, 0.5947147, 0
0.3245102, 0.5245343, 0.5809308, 0
0.4251119, 0.6455131, 0.5887216, 0
0.4390045, 0.5482771, 0.6439567, 0
0.5306448, 0.5659478, 0.5813299, 0
0.4451792, 0.5767847, 0.5828139, 0
0.3456582, 0.5762284, 0.5382283, 0
0.3971198, 0.5946878, 0.6050049, 0
0.4963841, 0.5822198, 0.5726668, 0
0.4689171, 0.5505429, 0.5784056, 0
0.4803728, 0.577803, 0.5574189, 0
0.4968448, 0.5813873, 0.6225649, 0
0.431845, 0.5671773, 0.6202452, 0
0.3788098, 0.5755581, 0.5216766, 0
0.3658167, 0.5578703, 0.5849965, 0
0.3277894, 0.5918602, 0.6248206, 0
0.4272348, 0.569548, 0.643912, 0
0.3339297, 0.5314189, 0.6082024, 0
0.5059687, 0.620403, 0.5919704, 0
0.3402486, 0.560334, 0.5380753, 0
0.3686785, 0.5852228, 0.5152898, 0
0.447941, 0.6020518, 0.5304221, 0
0.3921815, 0.6237164, 0.5422286, 0
0.4990969, 0.5528437, 0.5645111, 0
0.3435078, 0.5995482, 0.6228939, 0
0.4139495, 0.5906236, 0.5946195, 0
0.3383808, 0.5556105, 0.6179211, 0
0.4464967, 0.5532035, 0.5420998, 0
0.3452631, 0.608952, 0.5317585, 0
0.3746433, 0.6300813, 0.5510392, 0
0.3851031, 0.5475406, 0.5527804, 0
0.3995897, 0.5880524, 0.6126856, 0
0.3400462, 0.6032563, 0.5130013, 0
0.4308486, 0.5679766, 0.5772095, 0
0.4818572, 0.6523257, 0.6108732, 0
0.4637569, 0.5735574, 0.6262333, 0
0.4241836, 0.5702758, 0.5898467, 0
0.5225424, 0.6070804, 0.5892467, 0
0.3966279, 0.6031432, 0.5716915, 0
0.4207299, 0.5868357, 0.6232815, 0
0.5088752, 0.5990263, 0.6097343, 0
0.4806233, 0.5823705, 0.5763568, 0
0.5267476, 0.5342287, 0.6010669, 0
0.4615079, 0.5638452, 0.5580121, 0
0.3730395, 0.548665, 0.5927818, 0
0.5195386, 0.6065497, 0.6115389, 0
0.5068052, 0.6358488, 0.5967922, 0
0.3395144, 0.6314803, 0.5987939, 0
0.3966696, 0.5331432, 0.6096325, 0
0.5141037, 0.6158711, 0.6632904, 0
0.3934477, 0.599976, 0.6162691, 0
0.5029683, 0.6331241, 0.5982365, 0
0.3905904, 0.5805807, 0.5883847, 0
0.342693, 0.6090322, 0.5498339, 0
0.4230032, 0.544939, 0.5786448, 0
0.487768, 0.579488, 0.6605046, 0
0.3359832, 0.5550271, 0.577213, 0
0.3829239, 0.5832474, 0.5137748, 0
0.4021848, 0.5948048, 0.6102524, 0
0.5248582, 0.6037303, 0.628035, 0
0.3087866, 0.6197334, 0.60191, 0
0.4100724, 0.5607587, 0.5864064, 0
0.3389038, 0.5723525, 0.60978, 0
0.5222299, 0.5697148, 0.5773838, 0
0.4532793, 0.6114188, 0.6377627, 0
0.4184555, 0.5938908, 0.6503061, 0
0.3473885, 0.5361922, 0.5218033, 0
0.3953983, 0.6174293, 0.546771, 0
0.3454142, 0.5732205, 0.5789068, 0
0.4688155, 0.6356372, 0.5494683, 0
0.3927261, 0.5925605, 0.5891534, 0
0.5078875, 0.6107689, 0.6198454, 0
0.5080072, 0.5399054, 0.6285103, 0
0.407484, 0.5918414, 0.6455194, 0
0.4508159, 0.6213991, 0.6333444, 0
0.4750848, 0.5875774, 0.5912504, 0
0.3076614, 0.5961522, 0.6020197, 0
0.3578199, 0.5991143, 0.6101499, 0
0.4461299, 0.571264, 0.6153937, 0
0.4264373, 0.5627414, 0.6228332, 0
0.314642, 0.5541616, 0.6265677, 0
0.4190187, 0.5456266, 0.6098123, 0
0.3065568, 0.606091, 0.5908859, 0
0.4385568, 0.6062465, 0.6014121, 0
0.3831649, 0.6293831, 0.5663755, 0
0.3911889, 0.5955523, 0.555333, 0
0.4708353, 0.5479752, 0.552354, 0
0.5313206, 0.607205, 0.5677631, 0
0.3578893, 0.5695787, 0.5911357, 0
0.5073178, 0.549695, 0.592383, 0
0.4024732, 0.570072, 0.594355, 0
0.474796, 0.5953261, 0.6507818, 0
0.49807, 0.5655644, 0.6420513, 0
0.3637051, 0.5271173, 0.5743222, 0
0.4468971, 0.5744421, 0.6426491, 0
0.4695357, 0.5286978, 0.6103624, 0
0.4594057, 0.5642921, 0.6021534, 0
0.3864757, 0.621829, 0.5802954, 0
0.5359071, 0.62161, 0.5549229, 0
0.4933239, 0.5684043, 0.6283288, 0
0.4035291, 0.5495251, 0.5357934, 0
0.4812151, 0.593309, 0.5923354, 0
0.4592178, 0.5879192, 0.547243, 0
0.4564188, 0.6118315, 0.5497254, 0
0.4723468, 0.5971425, 0.6249769, 0
0.4802194, 0.5869402, 0.5765142, 0
0.4919223, 0.5385749, 0.6047024, 0
0.4427478, 0.6292794, 0.5832677, 0
0.3755156, 0.571163, 0.6117054, 0
0.3273357, 0.5722715, 0.5096734, 0
0.4206817, 0.5536336, 0.5594185, 0
0.3325312, 0.6102961, 0.5521658, 0
0.3403996, 0.622614, 0.6095182, 0
0.4648132, 0.5702415, 0.6371484, 0
0.4865443, 0.6348189, 0.6201932, 0
0.5022351, 0.6085268, 0.5858472, 0
0.4164961, 0.6102819, 0.6078659, 0
0.3151806, 0.5703127, 0.6097187, 0
0.3343, 0.527054, 0.5198334, 0
0.496516, 0.5774441, 0.629521, 0
0.4568592, 0.6357079, 0.599878, 0
0.3471165, 0.5795774, 0.5971368, 0
0.3656682, 0.5274823, 0.5975428, 0
0.5138698, 0.6230194, 0.6046346, 0
0.3689518, 0.631251, 0.557299, 0
0.3449823, 0.6291263, 0.5687476, 0
0.4935746, 0.5333933, 0.6040409, 0
0.3425408, 0.6192487, 0.5566537, 0
0.4179999, 0.5644328, 0.5781156, 0
0.3236672, 0.602494, 0.624915, 0
0.4955856, 0.550211, 0.6500986, 0
0.4073083, 0.5963113, 0.6053367, 0
0.3142632, 0.5870996, 0.5516291, 0
0.355123, 0.521314, 0.5615072, 0
0.5239021, 0.5630505, 0.575929, 0
0.3631128, 0.6304224, 0.6095753, 0
0.520844, 0.617645, 0.601943, 0
0.499114, 0.5569414, 0.6167314, 0
0.4229476, 0.5352845, 0.6251875, 0
0.5226883, 0.5799265, 0.6538317, 0
0.4509014, 0.5468664, 0.5502482, 0
0.4910404, 0.6094016, 0.5453804, 0
0.3915394, 0.5677698, 0.6367014, 0
0.3320266, 0.554481, 0.6022741, 0
0.5166355, 0.6289599, 0.6319205, 0
0.4411917, 0.5926031, 0.5276344, 0
0.482377, 0.6284482, 0.6426803, 0
0.4986351, 0.6351072, 0.5744892, 0
0.3479207, 0.5791707, 0.5570094, 0
0.4403833, 0.6167923, 0.6491404, 0
0.4569217, 0.5399991, 0.5602078, 0
0.4571064, 0.5555218, 0.6461462, 0
0.4364404, 0.6132992, 0.6056737, 0
0.5078389, 0.5888669, 0.5695379, 0
0.4795417, 0.6128846, 0.5720037, 0
0.4840267, 0.6355912, 0.5552318, 0
0.4086584, 0.5697644, 0.5455714, 0
0.4656515, 0.6247369, 0.5658983, 0
0.5148476, 0.5713747, 0.6166645, 0
0.3677974, 0.6258755, 0.548687, 0
0.4432608, 0.6171202, 0.6446427, 0
0.3730786, 0.528038, 0.5816002, 0
0.3245603, 0.5491246, 0.6166114, 0
0.4866292, 0.5929853, 0.5421683, 0
0.4756585, 0.5544947, 0.553175, 0
0.3229855, 0.5995958, 0.5300689, 0
0.4699348, 0.6301375, 0.6007094, 0
0.4092822, 0.5317582, 0.571362, 0
0.4988603, 0.5484443, 0.606311, 0
0.3427194, 0.5657243, 0.5113165, 0
0.3267606, 0.5621501, 0.5282688, 0
0.4231699, 0.6091522, 0.6027548, 0
0.3853938, 0.5828364, 0.6335878, 0
0.4540556, 0.612609, 0.612314, 0
0.4480646, 0.5742148, 0.5681759, 0
0.477726, 0.6090512, 0.6525047, 0
0.3419793, 0.5820257, 0.6259233, 0
0.3287652, 0.5455143, 0.5910724, 0
0.5148978, 0.5849126, 0.5595314, 0
0.3713078, 0.6023566, 0.571235, 0
0.3289696, 0.6119271, 0.5359516, 0
0.4878604, 0.5855942, 0.5397712, 0
0.4476914, 0.5748858, 0.655578, 0
0.3337395, 0.6250243, 0.5752162, 0
0.3403601, 0.5722063, 0.625306, 0
0.3601488, 0.5458609, 0.5461153, 0
0.4045829, 0.536768, 0.5656206, 0
0.3697405, 0.5652458, 0.6209868, 0
0.5294079, 0.6088714, 0.5555193, 0
0.5129299, 0.6081498, 0.5573232, 0
0.5040777, 0.6557907, 0.604275, 0
0.326343, 0.5546235, 0.6110541, 0
0.3570669, 0.6171647, 0.5954322, 0
0.3084346, 0.6065641, 0.589908, 0
0.3312491, 0.5754875, 0.5510287, 0
0.425454, 0.5455384, 0.5601187, 0
0.3989455, 0.6281844, 0.6231474, 0
0.3656301, 0.6009446, 0.5366253, 0
0.3401012, 0.6117656, 0.5856664, 0
0.3445965, 0.5824996, 0.5734043, 0
0.3441144, 0.6332222, 0.5916626, 0
0.408684, 0.5359624, 0.5966946, 0
0.3383392, 0.6192502, 0.5373972, 0
0.4645254, 0.6164333, 0.6080899, 0
0.5177194, 0.5635653, 0.5976304, 0
0.3872136, 0.6136327, 0.5740216, 0
0.3786082, 0.5786654, 0.6272544, 0
0.5248705, 0.648176, 0.5777565, 0
0.3637692, 0.6269071, 0.5369698, 0
0.3718549, 0.5715351, 0.6227905, 0
0.3865859, 0.5560386, 0.5270911, 0
0.4866219, 0.6052399, 0.6331962, 0
0.3778707, 0.543376, 0.6244155, 0
0.4259849, 0.6367889, 0.5791836, 0
0.4712914, 0.6542104, 0.5840183, 0
0.3536575, 0.628751, 0.5658751, 0
0.3717987, 0.622019, 0.5980752, 0
0.4475345, 0.5871083, 0.5350518, 0
0.4485203, 0.6027622, 0.5597449, 0
0.3595408, 0.6362202, 0.5514181, 0
0.4868518, 0.6419497, 0.6321215, 0
0.3351219, 0.6202671, 0.5896522, 0
0.4677113, 0.5891612, 0.6357259, 0
0.427142, 0.6335007, 0.5927458, 0
0.4030896, 0.5600975, 0.6133096, 0
0.3875004, 0.581231, 0.5203426, 0
0.3739164, 0.5874736, 0.5111957, 0
0.5127228, 0.5617412, 0.5843403, 0
0.4214581, 0.5749474, 0.5379688, 0
0.4302391, 0.6437586, 0.5727226, 0
0.3396527, 0.5814231, 0.518817, 0
0.4394141, 0.5601262, 0.5465231, 0
0.4167041, 0.6141577, 0.5559884, 0
0.3756543, 0.6090601, 0.6078333, 0
0.4673539, 0.5661747, 0.5577102, 0
0.3864215, 0.5289815, 0.6179373, 0
0.3789593, 0.5911728, 0.6154525, 0
0.4742539, 0.6313064, 0.6103172, 0
0.340288, 0.5634691, 0.5794199, 0
0.4794279, 0.5708116, 0.5941781, 0
0.4448579, 0.5594935, 0.5704826, 0
0.3425005, 0.5178047, 0.585499, 0
0.4533576, 0.5464574, 0.6419364, 0
0.5055284, 0.5983308, 0.6328991, 0
0.3523882, 0.6176844, 0.5959243, 0
0.5289325, 0.5636647, 0.6263181, 0
0.3112503, 0.5703188, 0.5712587, 0
0.5325127, 0.6225421, 0.5778068, 0
0.4973004, 0.5961808, 0.5765304, 0
0.382685, 0.5457323, 0.5667822, 0
0.4860168, 0.5984506, 0.6616675, 0
0.4570766, 0.6086873, 0.5801049, 0
0.3778025, 0.6358272, 0.597437, 0
0.4278364, 0.576759, 0.6490525, 0
0.5420325, 0.5594208, 0.5624364, 0
0.4268363, 0.5893115, 0.6074871, 0
0.4044816, 0.5249714, 0.568655, 0
0.3316422, 0.5260334, 0.5596434, 0
0.3355776, 0.6391525, 0.5814673, 0
0.4864775, 0.6244854, 0.6499681, 0
0.3338013, 0.5387112, 0.5620657, 0
0.3044832, 0.6084377, 0.5800472, 0
0.4075457, 0.57365, 0.6169598, 0
0.4698887, 0.5502419, 0.6375973, 0
0.5255582, 0.6497995, 0.598913, 0
0.3365856, 0.6207946, 0.5691556, 0
0.3946876, 0.6302683, 0.5683476, 0
0.3808619, 0.5944004, 0.5647839, 0
0.49073, 0.5484333, 0.5539917, 0
0.3339581, 0.5452058, 0.6004135, 0
0.5198011, 0.5589274, 0.5554737, 0
0.4971102, 0.6357572, 0.6133932, 0
0.5255644, 0.5704612, 0.6397414, 0
0.4809574, 0.5418001, 0.616595, 0
0.3990258, 0.6242836, 0.5969335, 0
0.316015, 0.5223573, 0.6008772, 0
0.4021844, 0.5613687, 0.6411716, 0
0.3351855, 0.5905484, 0.5411482, 0
0.4849558, 0.5739537, 0.6005031, 0
0.4363463, 0.5547838, 0.5736734, 0
0.316918, 0.5210915, 0.6028924, 0
0.4509467, 0.5524101, 0.5447186, 0
0.3280866, 0.6020696, 0.5161207, 0
0.4434105, 0.6490673, 0.5680023, 0
0.3663206, 0.5587129, 0.5313622, 0
0.5330935, 0.5759211, 0.6106198, 0
0.4611853, 0.6274375, 0.5636889, 0
0.3834086, 0.5880051, 0.5263602, 0
0.4130332, 0.5670645, 0.648782, 0
0.3590571, 0.6171241, 0.5872738, 0
0.4542947, 0.6473759, 0.5657026, 0
0.4821085, 0.5305849, 0.5813931, 0
0.3218823, 0.6275825, 0.5906535, 0
0.5091811, 0.6189994, 0.5533155, 0
0.3326055, 0.5842329, 0.6162799, 0
0.3516576, 0.5883121, 0.589957, 0
0.3595932, 0.5560573, 0.5973544, 0
0.3664826, 0.5549536, 0.5955476, 0
0.4451484, 0.6092389, 0.6548291, 0
0.3571782, 0.5345848, 0.5289248, 0
0.4737142, 0.5558693, 0.5544154, 0
0.3914134, 0.613443, 0.5560294, 0
0.3130062, 0.6084076, 0.5889693, 0
0.357178, 0.5931953, 0.5717893, 0
0.4485852, 0.6249282, 0.5552368, 0
0.3814557, 0.5927756, 0.6133263, 0
0.3602934, 0.5831647, 0.5494454, 0
0.4377483, 0.6122263, 0.6408044, 0
0.4852627, 0.6389538, 0.6029432, 0
0.3991934, 0.5878661, 0.6321846, 0
0.4826151, 0.5666336, 0.6527572, 0
0.4239764, 0.5933689, 0.5838782, 0
0.5029523, 0.6403194, 0.643698, 0
0.4362801, 0.6087862, 0.6278042, 0
0.3482536, 0.557994, 0.552637, 0
0.3484513, 0.5460584, 0.5565534, 0
0.3765993, 0.5515438, 0.5724949, 0
0.3925685, 0.5370168, 0.5881876, 0
0.4054129, 0.5762805, 0.5242611, 0
0.3390998, 0.5631297, 0.6134729, 0
0.4754627, 0.5982813, 0.5638996, 0
0.4487755, 0.5398939, 0.6338403, 0
0.4155665, 0.5682111, 0.5512044, 0
0.4912213, 0.6149051, 0.6161474, 0
0.4015562, 0.5943083, 0.5180017, 0
0.5027782, 0.6249399, 0.6074378, 0
0.4049321, 0.6168747, 0.548183, 0
0.3966508, 0.6015592, 0.5821859, 0
0.5225366, 0.5904263, 0.6101295, 0
0.3523273, 0.5262485, 0.559602, 0
0.4403586, 0.6000533, 0.5628389, 0
0.487156, 0.5368255, 0.6166571, 0
0.490723, 0.622752, 0.5589114, 0
0.3601874, 0.6226573, 0.5682037, 0
0.3751759, 0.5979519, 0.5838046, 0
0.5294436, 0.6187147, 0.5487422, 0
0.3567314, 0.553358, 0.6110705, 0
0.3766478, 0.6319885, 0.6027246, 0
0.5233099, 0.6259622, 0.5952042, 0
0.3896129, 0.6305009, 0.5984905, 0
0.3813475, 0.5360961, 0.539656, 0
0.3422729, 0.5800065, 0.5732917, 0
0.3928736, 0.5668587, 0.5150577, 0
0.4207641, 0.571789, 0.5922671, 0
0.4394695, 0.5932261, 0.6465968, 0
0.5236218, 0.5647278, 0.596057, 0
0.4807235, 0.6243795, 0.5488342, 0
0.5265653, 0.6294703, 0.5718232, 0
0.3446328, 0.5493797, 0.5077309, 0
0.5009516, 0.6574666, 0.5856397, 0
0.4351274, 0.5523368, 0.601141, 0
0.486373, 0.6138744, 0.5633507, 0
0.4266456, 0.6000597, 0.5718829, 0
0.5194448, 0.5935474, 0.5970865, 0
0.423428, 0.6324231, 0.6270887, 0
0.4269052, 0.6116659, 0.623845, 0
0.4061154, 0.597213, 0.5545266, 0
0.3482229, 0.5950822, 0.6098443, 0
0.3844567, 0.5899835, 0.6399344, 0
0.4638306, 0.5886142, 0.5722549, 0
0.5048686, 0.6048522, 0.6051016, 0
0.4149052, 0.6173119, 0.6162356, 0
0.3189062, 0.5642701, 0.5640451, 0
0.4840573, 0.5342321, 0.5943927, 0
0.3500071, 0.5623076, 0.5903605, 0
0.3425218, 0.5928919, 0.5843489, 0
0.388377, 0.5810136, 0.6040672, 0
0.4900605, 0.5364916, 0.6137601, 0
0.3311965, 0.5789418, 0.5146656, 0
0.4120288, 0.5644961, 0.59903, 0
0.3092318, 0.5475223, 0.6054647, 0
0.3960793, 0.5792292, 0.557931, 0
0.4542676, 0.6225486, 0.6393482, 0
0.4575845, 0.5443918, 0.6388212, 0
0.3581239, 0.6108411, 0.6277843, 0
0.4699957, 0.6108524, 0.6374784, 0
0.4592136, 0.600589, 0.5358153, 0
0.4409015, 0.6032345, 0.6104978, 0
0.4385446, 0.6119267, 0.6167785, 0
0.3988259, 0.6441396, 0.5647237, 0
0.355358, 0.5820013, 0.5605977, 0
0.3943763, 0.5804116, 0.58258, 0
0.3639505, 0.6091223, 0.5648289, 0
0.4914252, 0.5567299, 0.6201022, 0
0.3933079, 0.5664105, 0.6330853, 0
0.3271225, 0.6285593, 0.5864198, 0
0.5044223, 0.5564564, 0.6265065, 0
0.5231293, 0.5919392, 0.6409734, 0
0.4251176, 0.5391322, 0.5478062, 0
0.4630967, 0.5853666, 0.6475657, 0
0.4682763, 0.637188, 0.6195596, 0
0.3261793, 0.5310593, 0.599067, 0
0.4727481, 0.5777882, 0.6003573, 0
0.3730071, 0.5799509, 0.5120577, 0
0.5355252, 0.5707361, 0.5603634, 0
0.5275456, 0.5571617, 0.5664023, 0
0.4883149, 0.5904284, 0.6269588, 0
0.5088365, 0.5839741, 0.6161371, 0
0.4612843, 0.5878209, 0.5394138, 0
0.4732077, 0.5548665, 0.5450632, 0
0.4883117, 0.5761065, 0.5820274, 0
0.3980579, 0.5245737, 0.5499992, 0
0.3819243, 0.5536928, 0.5660128, 0
0.3627611, 0.6076292, 0.5167441, 0
0.4685756, 0.59913, 0.5636798, 0
0.4578113, 0.6091818, 0.5764707, 0
0.3194301, 0.6096481, 0.6084403, 0
0.3534299, 0.517038, 0.5969713, 0
0.3649407, 0.6027527, 0.517213, 0
0.4730414, 0.5634397, 0.5723639, 0
0.4727128, 0.5565817, 0.6458704, 0
0.4652701, 0.5655755, 0.5464148, 0
0.3200445, 0.619418, 0.5272741, 0
0.5130937, 0.5655273, 0.5544759, 0
0.3606793, 0.6081637, 0.5412516, 0
0.3274544, 0.5282053, 0.5335484, 0
0.434343, 0.5669056, 0.5297108, 0
0.4936727, 0.6092588, 0.567995, 0
0.4479566, 0.6450164, 0.5629809, 0
0.4722532, 0.537625, 0.6134837, 0
0.3337337, 0.5831159, 0.510151, 0
0.4350211, 0.5594485, 0.5693583, 0
0.3760247, 0.5586334, 0.5509573, 0
0.4640453, 0.5739828, 0.616101, 0
0.4005504, 0.5398881, 0.5346807, 0
0.3804341, 0.6265664, 0.602585, 0
0.4228286, 0.5823531, 0.5677876, 0
0.341795, 0.5504401, 0.5751749, 0
0.3667589, 0.5728812, 0.5408543, 0
0.4577684, 0.5571583, 0.6222172, 0
0.4498425, 0.5384526, 0.5826219, 0
0.514474, 0.5381591, 0.582257, 0
0.4976593, 0.6336888, 0.6256649, 0
0.4780204, 0.5815031, 0.5431208, 0
0.3992777, 0.5464931, 0.5497185, 0
0.4467349, 0.6510804, 0.6085677, 0
0.3791946, 0.6183781, 0.5716988, 0
0.5354352, 0.5870238, 0.5485262, 0
0.329424, 0.5123652, 0.5488839, 0
0.3684547, 0.566739, 0.5400587, 0
0.5109895, 0.5901178, 0.652952, 0
0.527841, 0.5829576, 0.5624914, 0
0.4320562, 0.5475808, 0.5439921, 0
0.5303487, 0.6370727, 0.5883123, 0
0.3515851, 0.5934324, 0.5468707, 0
0.4991809, 0.6400349, 0.6285298, 0
0.4293411, 0.5430167, 0.5780841, 0
0.4685775, 0.5685448, 0.6544536, 0
0.3389961, 0.5484487, 0.6177223, 0
0.3767473, 0.6128759, 0.5840776, 0
0.4318514, 0.6159968, 0.5782463, 0
0.4725065, 0.6181315, 0.619227, 0
0.5453103, 0.5567058, 0.5658177, 0
0.4771864, 0.567315, 0.5609487, 0
0.5151234, 0.6186677, 0.6362287, 0
0.3937175, 0.5648242, 0.6113978, 0
0.4058233, 0.5964721, 0.6020097, 0
0.4000464, 0.5397825, 0.5752612, 0
0.490508, 0.5452763, 0.5857382, 0
0.4941208, 0.5589709, 0.5599568, 0
0.347627, 0.5676114, 0.5893549, 0
0.332064, 0.5619677, 0.5899532, 0
0.4763911, 0.5799738, 0.5852848, 0
0.432165, 0.5580506, 0.5481533, 0
0.3931683, 0.6321629, 0.5739174, 0
0.3780757, 0.5353538, 0.5622509, 0
0.3847588, 0.5784103, 0.5993425, 0
0.5298628, 0.5926198, 0.5979233, 0
0.3580908, 0.612613, 0.5529233, 0
0.4941051, 0.5555667, 0.5944999, 0
0.4858432, 0.6450132, 0.5734309, 0
0.3630475, 0.5789442, 0.6411471, 0
0.4623768, 0.5925605, 0.5291148, 0
0.4838262, 0.5593133, 0.6011741, 0
0.3234637, 0.5226996, 0.6053019, 0
0.4826863, 0.5877094, 0.6520179, 0
0.4742058, 0.6019773, 0.5581825, 0
0.4163424, 0.5510629, 0.6147794, 0
0.4196955, 0.6263312, 0.6146207, 0
0.3809695, 0.5638077, 0.5659249, 0
0.3454435, 0.6070865, 0.5839068, 0
0.3887374, 0.5895551, 0.5715717, 0
0.4399619, 0.5629135, 0.594241, 0
0.4364908, 0.6362343, 0.5645783, 0
0.3703241, 0.593235, 0.5283597, 0
0.3026464, 0.5877417, 0.5984116, 0
0.3621137, 0.5915443, 0.5153667, 0
0.3321015, 0.5426358, 0.5945255, 0
0.474132, 0.6334848, 0.6330894, 0
0.3105393, 0.6176903, 0.5710469, 0
0.4802535, 0.6089129, 0.5953087, 0
0.3283872, 0.5694178, 0.5392494, 0
0.3525181, 0.5209229, 0.535643, 0
0.465898, 0.6245219, 0.5781472, 0
0.4412305, 0.5507027, 0.6092466, 0
0.3972117, 0.5870577, 0.5742399, 0
0.5054957, 0.6195096, 0.5792828, 0
0.3868114, 0.6104732, 0.5867115, 0
0.4546023, 0.6160209, 0.5710925, 0
0.4652177, 0.5878679, 0.5659009, 0
0.4147163, 0.6110854, 0.6180203, 0
0.4113673, 0.5945362, 0.6190518, 0
0.4197682, 0.5545838, 0.6019627, 0
0.4502982, 0.6373062, 0.6397537, 0
0.4400199, 0.5601029, 0.5420571, 0
0.3693359, 0.5904921, 0.6124639, 0
0.4009897, 0.6182704, 0.6335353, 0
0.3644209, 0.5837614, 0.6119375, 0
0.427088, 0.6293539, 0.6003872, 0
0.4535539, 0.6345563, 0.5552656, 0
0.3306277, 0.6178042, 0.5283308, 0
0.4330058, 0.6291341, 0.6146094, 0
0.4310971, 0.6058983, 0.5953048, 0
0.4858811, 0.6412508, 0.5589345, 0
0.4072424, 0.6347702, 0.5555281, 0
0.3467452, 0.512807, 0.5742722, 0
0.4070434, 0.63569, 0.5648905, 0
0.350119, 0.5614482, 0.5578219, 0
0.3912134, 0.5204397, 0.5704191, 0
0.3909737, 0.5640514, 0.6443081, 0
0.5052966, 0.634136, 0.6046482, 0
0.4925437, 0.5570971, 0.6067503, 0
0.4284424, 0.612615, 0.5637879, 0
0.4696493, 0.557649, 0.6288169, 0
0.458251, 0.6077836, 0.5531604, 0
0.3479913, 0.5437732, 0.5250251, 0
0.3835898, 0.5603349, 0.5808011, 0
0.4585597, 0.5622972, 0.6234466, 0
0.4750867, 0.6114955, 0.6241508, 0
0.3418203, 0.6092265, 0.6154258, 0
0.4682485, 0.5459319, 0.5572124, 0
0.5062329, 0.5467522, 0.5998024, 0
0.4132021, 0.6297781, 0.5728357, 0
0.514142, 0.6180159, 0.6322405, 0
0.3159693, 0.567899, 0.6262017, 0
0.4520987, 0.5642832, 0.5392629, 0
0.3329087, 0.6104236, 0.613107, 0
0.5011563, 0.6415918, 0.5640934, 0
0.4091928, 0.5704237, 0.5223228, 0
0.358947, 0.6073078, 0.5672484, 0
0.5182091, 0.5904641, 0.5697513, 0
0.4263376, 0.5462365, 0.5694305, 0
0.4700627, 0.5535475, 0.5590397, 0
0.4106763, 0.6117777, 0.5333001, 0
0.4979173, 0.5694894, 0.5794287, 0
0.3848266, 0.5923187, 0.5332647, 0
0.353262, 0.5806886, 0.566811, 0
0.434209, 0.5904804, 0.6144444, 0
0.416388, 0.571773, 0.5666718, 0
0.4567547, 0.5855789, 0.5912675, 0
0.5365539, 0.5639294, 0.5576422, 0
0.3316763, 0.5900982, 0.5987669, 0
0.4938684, 0.5959293, 0.539028, 0
0.5028687, 0.6284968, 0.584995, 0
0.4478038, 0.5860091, 0.5368795, 0
0.3669224, 0.5305621, 0.5482476, 0
0.3705705, 0.593717, 0.5291634, 0
0.3637877, 0.5563841, 0.5819749, 0
0.4514506, 0.6098678, 0.6490648, 0
0.444365, 0.6382023, 0.5743444, 0
0.4035414, 0.5582066, 0.6207741, 0
0.4919832, 0.6484694, 0.5883538, 0
0.4123984, 0.6237124, 0.6172583, 0
0.5309508, 0.6206115, 0.5953639, 0
0.4815885, 0.5695258, 0.5910972, 0
0.3629221, 0.5793602, 0.5430596, 0
0.4645808, 0.6536748, 0.6089814, 0
0.4257865, 0.5387868, 0.6296382, 0
0.4926319, 0.6165217, 0.5684762, 0
0.3985219, 0.6220098, 0.6180236, 0
0.4903187, 0.5717199, 0.6341077, 0
0.3152048, 0.5389906, 0.5875712, 0
0.477728, 0.5508056, 0.5621364, 0
0.3406112, 0.5558125, 0.5975358, 0
0.3261269, 0.5720427, 0.5465422, 0
0.3835734, 0.5632623, 0.5422446, 0
0.5293362, 0.5758957, 0.6215523, 0
0.4042105, 0.6146147, 0.6386991, 0
0.478994, 0.6289604, 0.6240718, 0
0.5181791, 0.5811033, 0.6464661, 0
0.5366817, 0.5892259, 0.5852768, 0
0.4139765, 0.5790833, 0.5224652, 0
0.4316755, 0.5592068, 0.6135556, 0
0.3369272, 0.5927575, 0.628991, 0
0.5059592, 0.6187054, 0.5580264, 0
0.440033, 0.62592, 0.6467187, 0
0.3506392, 0.6031331, 0.6022759, 0
0.49814, 0.6573766, 0.6229091, 0
0.3757154, 0.5601078, 0.6224548, 0
0.5015761, 0.5736066, 0.6258542, 0
0.3165174, 0.5764754, 0.5674077, 0
0.3806475, 0.5714286, 0.6426327, 0
0.3672142, 0.5306262, 0.535319, 0
0.3402667, 0.6325238, 0.5431713, 0
0.5286299, 0.6174124, 0.5848659, 0
0.4697665, 0.5903519, 0.6460726, 0
0.4911903, 0.5999726, 0.5510938, 0
0.3295282, 0.5787838, 0.5542303, 0
0.3285035, 0.538196, 0.620069, 0
0.514559, 0.5786262, 0.5913563, 0
0.4675526, 0.622776, 0.5435851, 0
0.4060209, 0.5483314, 0.587358, 0
0.4950748, 0.6116953, 0.5456913, 0
0.5166243, 0.6340182, 0.6512025, 0
0.4686244, 0.5784193, 0.6341344, 0
0.3258311, 0.5755376, 0.5807448, 0
0.4577031, 0.5772302, 0.6311189, 0
0.519187, 0.6341864, 0.5696846, 0
0.5005936, 0.630233, 0.5538001, 0
0.3834464, 0.5425729, 0.5304011, 0
0.4327072, 0.577836, 0.6205834, 0
0.4036576, 0.5661064, 0.5486007, 0
0.3251077, 0.5492094, 0.6144799, 0
0.468266, 0.6330477, 0.5859754, 0
0.4317652, 0.5405656, 0.6275657, 0
0.3506628, 0.5868095, 0.5976315, 0
0.3744488, 0.5581816, 0.5339907, 0
0.4884194, 0.5567053, 0.6529819, 0
0.389908, 0.6031703, 0.6170404, 0
0.5143749, 0.5838069, 0.6198002, 0
0.3293499, 0.5751058, 0.5898079, 0
0.3751429, 0.5608812, 0.6215739, 0
0.3314517, 0.6071907, 0.6077433, 0
0.4402987, 0.6025485, 0.5756916, 0
0.4706573, 0.5719519, 0.5730971, 0
0.4651154, 0.6344212, 0.622463, 0
0.3511294, 0.5451091, 0.5955511, 0
0.3277077, 0.5446075, 0.5442341, 0
0.5383554, 0.5814149, 0.5813416, 0
0.5198398, 0.6119756, 0.6256888, 0
0.5287288, 0.5959985, 0.584227, 0
0.3404523, 0.6115115, 0.5700206, 0
0.3951496, 0.5239204, 0.5551477, 0
0.3222649, 0.5134378, 0.5888757, 0
0.5177182, 0.6274213, 0.5523227, 0
0.3056702, 0.5751058, 0.5978954, 0
0.3606279, 0.5331488, 0.5714124, 0
0.3331118, 0.610574, 0.5271579, 0
0.5023839, 0.5585154, 0.6593584, 0
0.3606907, 0.6256223, 0.551285, 0
0.3102627, 0.6015269, 0.5663474, 0
0.4896345, 0.5570303, 0.6430191, 0
0.3191984, 0.6119635, 0.5921368, 0
0.4512952, 0.5758122, 0.6110614, 0
0.4755581, 0.5986691, 0.6506325, 0
0.3418604, 0.5807498, 0.5378858, 0
0.4870383, 0.6174295, 0.5951743, 0
0.3488257, 0.5788816, 0.5634987, 0
0.3663528, 0.5455183, 0.5903128, 0
0.4194431, 0.5706472, 0.5973049, 0
0.4260389, 0.5624585, 0.5263833, 0
0.4317055, 0.5762691, 0.5510452, 0
0.4234259, 0.5934727, 0.5227365, 0
0.3850949, 0.53839, 0.5842583, 0
0.3465315, 0.5438207, 0.5671582, 0
0.4401091, 0.6228022, 0.6107247, 0
0.3866549, 0.5741361, 0.5549734, 0
0.4298476, 0.5959362, 0.5420835, 0
0.4904653, 0.6236427, 0.5717205, 0
0.3582713, 0.5470741, 0.6081864, 0
0.5268934, 0.630064, 0.5936378, 0
0.3599201, 0.6203781, 0.553297, 0
0.3732674, 0.5986912, 0.5933825, 0
0.4514932, 0.5855455, 0.5963894, 0
0.4811447, 0.6333375, 0.6150616, 0
0.3932283, 0.5218264, 0.5780257, 0
0.3727923, 0.5837436, 0.582882, 0
0.4901336, 0.5623586, 0.6535434, 0
0.4252822, 0.59016, 0.5599026, 0
0.3429654, 0.5708435, 0.5592931, 0
0.4629721, 0.5759429, 0.6445943, 0
0.3083831, 0.5842291, 0.584515, 0
0.4350696, 0.5235883, 0.5904993, 0
0.4508126, 0.6139117, 0.5744017, 0
0.3679538, 0.6175467, 0.6060821, 0
0.4972692, 0.6580766, 0.6173913, 0
0.4069124, 0.5923454, 0.6123922, 0
0.5255145, 0.5920795, 0.6324311, 0
0.3652939, 0.6269463, 0.5343645, 0
0.3291513, 0.5868898, 0.6064164, 0
0.3160399, 0.5444037, 0.6007953, 0
0.3765856, 0.5617066, 0.5862964, 0
0.4819994, 0.5498574, 0.5966887, 0
0.4184575, 0.5878526, 0.6148072, 0
0.4079227, 0.5748606, 0.5536392, 0
0.5288038, 0.5866379, 0.5770235, 0
0.5311794, 0.5387897, 0.5826744, 0
0.4845071, 0.6238375, 0.6199485, 0
0.3536457, 0.522835, 0.5469865, 0
0.4832434, 0.6228421, 0.603712, 0
0.5130465, 0.5617976, 0.6063682, 0
0.4096545, 0.5724245, 0.617677, 0
0.3998244, 0.5296862, 0.5798178, 0
0.3197113, 0.6180765, 0.5242296, 0
0.4911031, 0.647786, 0.6158785, 0
0.3595647, 0.6266576, 0.6189255, 0
0.336384, 0.5299186, 0.5771659, 0
0.4832526, 0.5841842, 0.5461094, 0
0.5044581, 0.5440632, 0.6339903, 0
0.5141977, 0.6573218, 0.5982164, 0
0.4148339, 0.5826104, 0.5412923, 0
0.4997795, 0.6297628, 0.5795943, 0
0.511412, 0.5838613, 0.5827194, 0
0.5039892, 0.5868434, 0.601787, 0
0.4444042, 0.5984243, 0.5931367, 0
0.4424471, 0.5712302, 0.5664263, 0
0.3440387, 0.6210097, 0.568185, 0
0.4217732, 0.5281299, 0.5895557, 0
0.4413327, 0.6266563, 0.5435162, 0
0.4995231, 0.6054525, 0.5656652, 0
0.3356403, 0.5829136, 0.5368042, 0
0.3903206, 0.6055259, 0.6131679, 0
0.4194761, 0.5237985, 0.5721887, 0
0.5053318, 0.627045, 0.6115248, 0
0.4142362, 0.5409703, 0.5546016, 0
0.4203587, 0.5520062, 0.6414139, 0
0.4881821, 0.5588433, 0.5645438, 0
0.4845452, 0.6153942, 0.6170711, 0
0.4682856, 0.5922747, 0.5626173, 0
0.350215, 0.5999544, 0.5499443, 0
0.5178143, 0.6317568, 0.5849745, 0
0.5278445, 0.5659797, 0.5660163, 0
0.5262584, 0.540134, 0.6089722, 0
0.4158384, 0.5768522, 0.6030582, 0
0.4522029, 0.6371351, 0.5785365, 0
0.447763, 0.5910978, 0.6192186, 0
0.40192, 0.6428818, 0.5896488, 0
0.4720777, 0.6041592, 0.5826761, 0
0.4603454, 0.5321758, 0.6163712, 0
0.454271, 0.5684847, 0.6427429, 0
0.5198538, 0.5495009, 0.6045251, 0
0.3312659, 0.5550084, 0.5080937, 0
0.3615476, 0.5405924, 0.5687833, 0
0.3262537, 0.5298666, 0.5730378, 0
0.4249473, 0.6243215, 0.6384156, 0
0.3754038, 0.5961579, 0.6271282, 0
0.3794506, 0.5332025, 0.6027619, 0
0.4812816, 0.5976551, 0.6210213, 0
0.4384645, 0.5594826, 0.5976638, 0
0.5114038, 0.6425566, 0.5667053, 0
0.3093573, 0.5671479, 0.6282646, 0
0.40186, 0.543062, 0.5841618, 0
0.5029633, 0.6513945, 0.5881374, 0
0.487148, 0.5926168, 0.5888798, 0
0.494985, 0.6105405, 0.5600269, 0
0.3711598, 0.5878061, 0.6093725, 0
0.3170471, 0.5301517, 0.572418, 0
0.3109052, 0.6129562, 0.5779631, 0
0.3321103, 0.5261703, 0.5684827, 0
0.3873231, 0.5616661, 0.5501946, 0
0.446222, 0.578791, 0.6303976, 0
0.4721611, 0.5717702, 0.6501372, 0
0.3903456, 0.5433931, 0.6003972, 0
0.337154, 0.6129727, 0.5903562, 0
0.4272648, 0.5732682, 0.6289466, 0
0.5004479, 0.633016, 0.6344892, 0
0.5240492, 0.582911, 0.6245382, 0
0.345607, 0.5140647, 0.5760899, 0
0.5163243, 0.6556585, 0.5810357, 0
0.4158811, 0.5325795, 0.6011811, 0
0.475669, 0.5951713, 0.5922135, 0
0.5251805, 0.6353599, 0.5862392, 0
0.3409177, 0.5837716, 0.5899009, 0
0.3354533, 0.5784913, 0.5832519, 0
0.5273767, 0.6358911, 0.5888045, 0
0.4744008, 0.5898165, 0.5727565, 0
0.4672538, 0.5507438, 0.6229072, 0
0.529294, 0.580015, 0.5479605, 0
0.3609253, 0.5199416, 0.546563, 0
0.4866061, 0.6437609, 0.6216318, 0
0.3736269, 0.6167043, 0.5259181, 0
0.4587421, 0.619115, 0.5937623, 0
0.4395497, 0.5706987, 0.5647885, 0
0.412095, 0.5958005, 0.5269808, 0
0.4431436, 0.6128883, 0.6047472, 0
0.4032953, 0.5227989, 0.6045913, 0
0.4201661, 0.6184615, 0.573819, 0
0.4503138, 0.5473374, 0.5709594, 0
0.4906546, 0.6089517, 0.6620141, 0
0.3603173, 0.6209299, 0.5359221, 0
0.5156644, 0.5805454, 0.601368, 0
0.4944816, 0.6432063, 0.6224187, 0
0.3555022, 0.5418011, 0.5572636, 0
0.4384135, 0.6113608, 0.5553594, 0
0.487682, 0.6449702, 0.5957471, 0
0.3434342, 0.6225329, 0.6032685, 0
0.5103852, 0.643245, 0.5987245, 0
0.4723078, 0.5831928, 0.5878817, 0
0.3723575, 0.6377944, 0.5747229, 0
0.4680243, 0.6068404, 0.6402904, 0
0.4269434, 0.5229324, 0.5902966, 0
0.305112, 0.5978237, 0.5855876, 0
0.4876761, 0.5727025, 0.5575224, 0
0.3610909, 0.59135, 0.6196005, 0
0.435539, 0.5693182, 0.6234829, 0
0.4419541, 0.6408243, 0.591783, 0
0.3641541, 0.582239, 0.5703395, 0
0.5221239, 0.5987638, 0.6282693, 0
0.4821122, 0.5581149, 0.6540129, 0
0.3965841, 0.5768729, 0.5998541, 0
0.5134116, 0.5853485, 0.615889, 0
0.4120995, 0.5673584, 0.5733127, 0
0.3751659, 0.5714678, 0.6406541, 0
0.3340115, 0.5415772, 0.5204911, 0
0.3551349, 0.5551963, 0.585911, 0
0.5011073, 0.5955035, 0.6290217, 0
0.3343724, 0.5157738, 0.5764582, 0
0.4854029, 0.5937892, 0.5499368, 0
0.3246289, 0.5677181, 0.5499507, 0
0.4849617, 0.5879567, 0.6382626, 0
0.3923789, 0.5956323, 0.6462592, 0
0.3247899, 0.5760153, 0.5185367, 0
0.4536752, 0.5569605, 0.5803872, 0
0.5303693, 0.5569749, 0.5908307, 0
0.5041823, 0.5748307, 0.648641, 0
0.4579906, 0.6100983, 0.593511, 0
0.5041239, 0.609802, 0.5675834, 0
0.3443835, 0.5709754, 0.5567195, 0
0.4211936, 0.631246, 0.5923472, 0
0.460073, 0.5557807, 0.6372603, 0
0.4690349, 0.6494484, 0.6180556, 0
0.4139498, 0.5899085, 0.5842127, 0
0.3029687, 0.5925835, 0.6125937, 0
0.3963323, 0.6178057, 0.6240405, 0
0.4547239, 0.564007, 0.6329683, 0
0.4300398, 0.6253643, 0.6110471, 0
0.4918346, 0.5385355, 0.5969043, 0
0.4085068, 0.5980488, 0.6093584, 0
0.3794997, 0.5938396, 0.5901073, 0
0.3583307, 0.6306956, 0.5437778, 0
0.4230859, 0.5297382, 0.5996101, 0
0.3124078, 0.6196114, 0.5758062, 0
0.4086747, 0.5547417, 0.625977, 0
0.4651255, 0.5809474, 0.6314821, 0
0.3361015, 0.5734949, 0.6287655, 0
0.4350702, 0.6486711, 0.5847111, 0
0.5339929, 0.5468102, 0.5789963, 0
0.3905648, 0.610784, 0.5985389, 0
0.4048503, 0.5908398, 0.6025331, 0
0.419366, 0.5940212, 0.5310062, 0
0.4471944, 0.578094, 0.6221561, 0
0.3452265, 0.5961095, 0.5783658, 0
0.5089474, 0.5887534, 0.5897687, 0
0.4004018, 0.5686427, 0.5337536, 0
0.4295679, 0.578624, 0.5632395, 0
0.481336, 0.6415378, 0.5583289, 0
0.5057617, 0.5506813, 0.6315899, 0
0.3173549, 0.5680777, 0.5637375, 0
0.3852157, 0.5180962, 0.5833764, 0
0.3262551, 0.5897629, 0.6241211, 0
0.5055634, 0.5925493, 0.6360195, 0
0.3591812, 0.6252437, 0.5357175, 0
0.5096879, 0.552498, 0.6279483, 0
0.3563841, 0.5874662, 0.6365615, 0
0.3542464, 0.5908352, 0.6223558, 0
0.4354282, 0.5878813, 0.5392309, 0
0.389067, 0.5988245, 0.6078543, 0
0.4557709, 0.5842789, 0.541333, 0
0.3773956, 0.6260498, 0.5791246, 0
0.3579056, 0.5420136, 0.5238437, 0
0.3771597, 0.5944146, 0.5551427, 0
0.4655423, 0.5827245, 0.6548122, 0
0.407598, 0.5367179, 0.5923495, 0
0.4060811, 0.5722508, 0.5565138, 0
0.3301522, 0.6255061, 0.604883, 0
0.4295107, 0.5334499, 0.5918186, 0
0.3671627, 0.5698704, 0.6323944, 0
0.3781474, 0.5632408, 0.5484393, 0
0.4104697, 0.5757524, 0.6197562, 0
0.3303653, 0.5191575, 0.5992661, 0
0.4419573, 0.5708672, 0.5859286, 0
0.4041428, 0.6080773, 0.5320294, 0
0.4002718, 0.5436618, 0.5975544, 0
0.3263005, 0.6181871, 0.6030073, 0
0.3653973, 0.6260287, 0.5972631, 0
0.5053027, 0.5955497, 0.6597821, 0
0.3566152, 0.6047337, 0.5529443, 0
0.4669419, 0.6546914, 0.5990849, 0
0.3399949, 0.5603276, 0.531512, 0
0.4205153, 0.5745711, 0.6248423, 0
0.3917394, 0.5887994, 0.6265835, 0
0.3729927, 0.6310655, 0.5843045, 0
0.4269373, 0.6267985, 0.5677594, 0
0.3750257, 0.5521318, 0.5314839, 0
0.3416374, 0.5101166, 0.5545269, 0
0.3998824, 0.5299757, 0.6191773, 0
0.4636804, 0.5933359, 0.6057926, 0
0.3583021, 0.5989793, 0.6235459, 0
0.3494379, 0.5446011, 0.5612437, 0
0.5030346, 0.6023388, 0.586436, 0
0.4383436, 0.5852907, 0.6015425, 0
0.4159507, 0.6110063, 0.6329682, 0
0.4071376, 0.5885717, 0.6061369, 0
0.4858978, 0.5438806, 0.6165454, 0
0.4182299, 0.6096476, 0.5493202, 0
0.4406464, 0.5253685, 0.5974521, 0
0.4077336, 0.5888439, 0.5180966, 0
0.4374319, 0.5956368, 0.5795435, 0
0.5273474, 0.6154016, 0.5759674, 0
0.3911534, 0.583562, 0.6173129, 0
0.5069442, 0.5783789, 0.6540603, 0
0.524691, 0.539301, 0.5870978, 0
0.3971426, 0.6219869, 0.595246, 0
0.4806148, 0.5845681, 0.6233463, 0
0.4946553, 0.6334268, 0.5667862, 0
0.4879658, 0.5859473, 0.597218, 0
0.3499386, 0.6095536, 0.5310034, 0
0.4887635, 0.5660525, 0.6548225, 0
0.4926417, 0.5448614, 0.6035511, 0
0.4428771, 0.5440299, 0.5650693, 0
0.3990763, 0.637244, 0.5871317, 0
0.3569064, 0.5712233, 0.6149975, 0
0.3806062, 0.5279409, 0.5817581, 0
0.5409279, 0.5956508, 0.5563598, 0
0.4572532, 0.6084761, 0.5335355, 0
0.4885249, 0.6308272, 0.60043, 0
0.3147801, 0.6088436, 0.5341991, 0
0.367634, 0.5210282, 0.6042039, 0
0.4103503, 0.5980235, 0.5753515, 0
0.4836449, 0.5891841, 0.6370589, 0
0.3547001, 0.5390296, 0.557121, 0
0.3204966, 0.6007805, 0.5373126, 0
0.3312541, 0.5320444, 0.5277901, 0
0.3540161, 0.5151238, 0.5820504, 0
0.3389678, 0.6061249, 0.5662585, 0
0.4129799, 0.5862557, 0.5967131, 0
0.4782735, 0.5926086, 0.59837, 0
0.3117287, 0.6260679, 0.577108, 0
0.3194479, 0.6306406, 0.5917112, 0
0.4712233, 0.5644003, 0.5946536, 0
0.3273941, 0.5969355, 0.5583866, 0
0.3834565, 0.5556404, 0.5846146, 0
0.4785486, 0.5838099, 0.5512887, 0
0.3922217, 0.5771984, 0.5410951, 0
0.4861394, 0.6169571, 0.6067075, 0
0.4392692, 0.5602689, 0.5910766, 0
0.3899162, 0.6032415, 0.6021867, 0
0.3246852, 0.5769222, 0.6278504, 0
0.3615702, 0.6073512, 0.5853637, 0
0.4530401, 0.5664732, 0.5467294, 0
0.52426, 0.6433935, 0.5935012, 0
0.3423287, 0.5536953, 0.6198548, 0
0.3758314, 0.6401166, 0.5716058, 0
0.455884, 0.5922479, 0.6195978, 0
0.4626347, 0.5533307, 0.6430931, 0
0.4066857, 0.6258224, 0.5370787, 0
0.3716364, 0.5868329, 0.6035606, 0
0.5034703, 0.6023749, 0.5592534, 0
0.485716, 0.6125478, 0.5859862, 0
0.3497452, 0.5785987, 0.5869179, 0
0.3794397, 0.6124387, 0.5790632, 0
0.4816311, 0.6148008, 0.6302915, 0
0.4128107, 0.6041473, 0.5897447, 0
0.438904, 0.5277711, 0.5836196, 0
0.409532, 0.5933371, 0.5788189, 0
0.5292238, 0.5414488, 0.6054689, 0
0.368592, 0.5667088, 0.521192, 0
0.456436, 0.6122786, 0.6039578, 0
0.3967542, 0.5625542, 0.5237647, 0
0.4134231, 0.6077753, 0.5834436, 0
0.3500042, 0.6012896, 0.5653526, 0
0.5129122, 0.5680109, 0.6188353, 0
0.35833, 0.5691689, 0.589322, 0
0.5065237, 0.5876305, 0.6443131, 0
0.3955812, 0.5532167, 0.5603135, 0
0.5301924, 0.5492945, 0.6155666, 0
0.3129248, 0.5801779, 0.5614852, 0
0.4773395, 0.5557862, 0.602918, 0
0.353064, 0.6255378, 0.5296502, 0
0.4606558, 0.5945446, 0.6489752, 0
0.3728734, 0.5382054, 0.5296542, 0
0.3537681, 0.6288393, 0.5504659, 0
0.42071, 0.6244057, 0.5693581, 0
0.4068722, 0.5926707, 0.5968066, 0
0.3478526, 0.5762389, 0.6356035, 0
0.3535013, 0.5717022, 0.5158672, 0
0.4587188, 0.5505618, 0.6405582, 0
0.523307, 0.6107599, 0.6305587, 0
0.4047496, 0.5195369, 0.5850278, 0
0.5221936, 0.5405805, 0.6012741, 0
0.3336924, 0.6318399, 0.5880772, 0
0.3618886, 0.6248482, 0.600602, 0
0.4544375, 0.5384291, 0.5862766, 0
0.4224347, 0.5745621, 0.6073091, 0
0.3776927, 0.6054114, 0.5444054, 0
0.4503662, 0.5634584, 0.5457492, 0
0.3448117, 0.6168557, 0.5587441, 0
0.3030194, 0.5792534, 0.6225233, 0
0.3333245, 0.5661587, 0.5333164, 0
0.4141173, 0.5595019, 0.585049, 0
0.5202708, 0.6327035, 0.5976403, 0
0.5026037, 0.5927656, 0.5556899, 0
0.3423155, 0.5571698, 0.5923632, 0
0.4128311, 0.5813633, 0.5225744, 0
0.3007803, 0.6073644, 0.6048724, 0
0.5133901, 0.5758224, 0.670076, 0
0.359356, 0.5327044, 0.5265558, 0
0.356681, 0.6146471, 0.5667049, 0
0.4890418, 0.6235023, 0.6458898, 0
0.3454076, 0.545176, 0.5456151, 0
0.3206132, 0.5558845, 0.5594855, 0
0.508797, 0.6568226, 0.6025925, 0
0.3425891, 0.5481607, 0.5350035, 0
0.4457242, 0.6518258, 0.5891061, 0
0.3741166, 0.6018528, 0.5350674, 0
0.5065711, 0.5907046, 0.5798374, 0
0.3294584, 0.5674492, 0.6078798, 0
0.3684562, 0.5722145, 0.619134, 0
0.5097323, 0.6090644, 0.6702892, 0
0.4531476, 0.5949666, 0.6291459, 0
0.4635117, 0.5384324, 0.571763, 0
0.4036222, 0.5350587, 0.5420602, 0
0.3798789, 0.578935, 0.6340052, 0
0.3603766, 0.6290297, 0.6078039, 0
0.453427, 0.5463798, 0.6088194, 0
0.4343152, 0.5912131, 0.6558422, 0
0.4269666, 0.5678912, 0.5962662, 0
0.4633365, 0.6241343, 0.5504826, 0
0.4434428, 0.606654, 0.5427961, 0
0.5179561, 0.630117, 0.6212235, 0
0.3251081, 0.5186639, 0.5810283, 0
0.4993115, 0.5865378, 0.6107628, 0
0.5228538, 0.5585502, 0.5682824, 0
0.5029678, 0.5641785, 0.5649704, 0
0.3511761, 0.6374422, 0.5673236, 0
0.3684863, 0.6335075, 0.5886245, 0
0.4998636, 0.6462097, 0.6210502, 0
0.3328371, 0.5173169, 0.5749136, 0
0.5139036, 0.5949593, 0.6741366, 0
0.5115789, 0.5887803, 0.5598025, 0
0.3093302, 0.6130153, 0.6089655, 0
0.3502157, 0.573309, 0.6215082, 0
0.4825106, 0.6216685, 0.5993378, 0
0.5139218, 0.5897489, 0.6173442, 0
0.4165681, 0.5860587, 0.6127058, 0
0.372237, 0.5704623, 0.5555062, 0
0.4173732, 0.5306756, 0.5667157, 0
0.407203, 0.5504423, 0.5315531, 0
0.3276443, 0.6250196, 0.5820083, 0
0.3141537, 0.6204908, 0.5639303, 0
0.4937105, 0.6131414, 0.6621325, 0
0.3957796, 0.5372849, 0.5514699, 0
0.3508458, 0.5562919, 0.5292014, 0
0.3648261, 0.6021103, 0.5731362, 0
0.473175, 0.5478093, 0.6184044, 0
0.3737836, 0.5551223, 0.5253196, 0
0.3115568, 0.5986151, 0.5516604, 0
0.5098371, 0.6214145, 0.5637234, 0
0.4727803, 0.612759, 0.5799702, 0
0.512441, 0.5420218, 0.6416751, 0
0.4961344, 0.5937492, 0.5566542, 0
0.4350253, 0.5714177, 0.545747, 0
0.3658344, 0.6080077, 0.5608298, 0
0.5145468, 0.5705323, 0.5579164, 0
0.4022599, 0.6349642, 0.5654406, 0
0.5067008, 0.6417968, 0.5841196, 0
0.3401418, 0.5229126, 0.5852602, 0
0.3248546, 0.5609095, 0.5191363, 0
0.4566948, 0.6278, 0.6448753, 0
0.5042041, 0.6150375, 0.5431298, 0
0.3395792, 0.5536017, 0.5904516, 0
0.4426441, 0.6312655, 0.6032274, 0
0.3228171, 0.6312414, 0.5552396, 0
0.4113374, 0.5777484, 0.6262757, 0
0.4543689, 0.6268817, 0.6323853, 0
0.467477, 0.5800801, 0.602387, 0
0.4351117, 0.5392813, 0.5620593, 0
0.486109, 0.5401478, 0.5804749, 0
0.4961807, 0.6036466, 0.6362771, 0
0.3326954, 0.6260964, 0.5650225, 0
0.4543828, 0.580344, 0.5960047, 0
0.4354122, 0.6163496, 0.5645365, 0
0.5018449, 0.5415587, 0.5849065, 0
0.4646989, 0.6146289, 0.611904, 0
0.4493083, 0.6019036, 0.6518163, 0
0.3811393, 0.5870903, 0.6156719, 0
0.3463541, 0.5386665, 0.5547051, 0
0.3632119, 0.5644841, 0.6004144, 0
0.5280616, 0.5671712, 0.6091855, 0
0.4486048, 0.5727012, 0.6213286, 0
0.524968, 0.6455875, 0.5674717, 0
0.3392853, 0.6037881, 0.5306253, 0
0.4876749, 0.5541965, 0.6233504, 0
0.3616441, 0.6292677, 0.5909815, 0
0.3896019, 0.5592731, 0.5736858, 0
0.4495128, 0.6065944, 0.6430756, 0
0.4128531, 0.6224825, 0.556115, 0
0.4993434, 0.5690157, 0.6445903, 0
0.5152412, 0.6091639, 0.5828446, 0
0.5056003, 0.6137388, 0.5831181, 0
0.3910915, 0.5610445, 0.5668986, 0
0.3681233, 0.5353463, 0.5778758, 0
0.4754125, 0.5736772, 0.559202, 0
0.3708439, 0.6124338, 0.58527, 0
0.3250147, 0.5257719, 0.5900413, 0
0.5060786, 0.6253061, 0.6606769, 0
0.4284387, 0.558794, 0.5928208, 0
0.4520723, 0.5497701, 0.5490937, 0
0.3146743, 0.6202217, 0.5879825, 0
0.4726526, 0.5712425, 0.5454656, 0
0.4825718, 0.5576866, 0.5454465, 0
0.4548103, 0.5677449, 0.6544634, 0
0.4202988, 0.5254252, 0.6027013, 0
0.3513879, 0.5483791, 0.5310187, 0
0.4791648, 0.5603416, 0.572691, 0
0.319236, 0.6062648, 0.5553849, 0
0.362273, 0.5600441, 0.6060904, 0
0.5014802, 0.6291584, 0.5984191, 0
0.3520737, 0.6232194, 0.5987371, 0
0.3613568, 0.6245491, 0.5875435, 0
0.4088333, 0.5897186, 0.6349185, 0
0.3173218, 0.5732092, 0.6264932, 0
0.3788759, 0.5920296, 0.6016649, 0
0.3875683, 0.6128457, 0.6071713, 0
0.5208245, 0.6030139, 0.5512962, 0
0.4328408, 0.5309041, 0.5598442, 0
0.5093526, 0.6210809, 0.5489303, 0
0.4542523, 0.6029139, 0.5504326, 0
0.3702448, 0.5474817, 0.5214171, 0
0.400636, 0.5841784, 0.5265705, 0
0.4689732, 0.5673372, 0.6447001, 0
0.3349822, 0.5567769, 0.5397611, 0
0.4256658, 0.5913767, 0.5773946, 0
0.3683489, 0.6421794, 0.5629654, 0
0.3525309, 0.5880637, 0.6034139, 0
0.3529833, 0.5294774, 0.6000141, 0
0.3678256, 0.5273367, 0.5476106, 0
0.4117129, 0.5251293, 0.5553007, 0
0.4480661, 0.5457973, 0.6100019, 0
0.3432587, 0.5707574, 0.631464, 0
0.3483588, 0.5824544, 0.5907873, 0
0.4692562, 0.6305528, 0.5899332, 0
0.4626241, 0.5524068, 0.6376956, 0
0.3805931, 0.5994092, 0.6359496, 0
0.4237917, 0.5813898, 0.6344131, 0
0.5233735, 0.5786955, 0.5492715, 0
0.5161361, 0.6114857, 0.5990626, 0
0.4326268, 0.6084322, 0.5549599, 0
0.4179457, 0.5247294, 0.5892296, 0
0.4513792, 0.5444252, 0.5826922, 0
0.3954373, 0.614985, 0.5707593, 0
0.3713888, 0.606959, 0.6345351, 0
0.4267024, 0.6055033, 0.6007138, 0
0.5023045, 0.6343362, 0.6461791, 0
0.3557326, 0.5738449, 0.5481941, 0
0.3235791, 0.5881944, 0.6144497, 0
0.4437901, 0.614403, 0.6035275, 0
0.3158393, 0.5447671, 0.6185786, 0
0.3283433, 0.6186444, 0.5427805, 0
0.3591041, 0.616932, 0.5528499, 0
0.3486301, 0.6097181, 0.5705578, 0
0.4930894, 0.6110221, 0.6681995, 0
0.4960587, 0.6417642, 0.5935991, 0
0.3589172, 0.5766278, 0.5707244, 0
0.4820923, 0.6248726, 0.5696876, 0
0.3888316, 0.6227512, 0.5375124, 0
0.3338886, 0.6075263, 0.5941415, 0
0.4749885, 0.6150855, 0.5897537, 0
0.4413258, 0.5976655, 0.6251146, 0
0.5079194, 0.6043114, 0.6619493, 0
0.4644825, 0.5600527, 0.538286, 0
0.4325772, 0.5472084, 0.5362296, 0
0.3694525, 0.53938, 0.5810128, 0
0.4828562, 0.6107121, 0.6407662, 0
0.3598531, 0.63494, 0.5991895, 0
0.4866472, 0.6058131, 0.5855966, 0
0.3906794, 0.5446634, 0.6096503, 0
0.475817, 0.6149697, 0.6029528, 0
0.5131662, 0.5958228, 0.5910255, 0
0.3308885, 0.6228636, 0.5958088, 0
0.4837378, 0.5966384, 0.580653, 0
0.4074498, 0.5377465, 0.5447816, 0
0.501035, 0.5478013, 0.620052, 0
0.5215452, 0.5342, 0.6065187, 0
0.3253857, 0.5294699, 0.5915679, 0
0.3334068, 0.5423806, 0.6088554, 0
0.4135949, 0.63548, 0.5701125, 0
0.5044691, 0.5637684, 0.5803232, 0
0.4439827, 0.6393575, 0.6244449, 0
0.3092568, 0.5525043, 0.6087943, 0
0.3937685, 0.5544487, 0.5395762, 0
0.4196499, 0.6343601, 0.5845428, 0
0.4544225, 0.6007079, 0.5637102, 0
0.4778754, 0.6530453, 0.5838908, 0
0.3522534, 0.5177935, 0.5396006, 0
0.3326611, 0.5141309, 0.5707771, 0
0.4819872, 0.6476473, 0.594696, 0
0.4884166, 0.5756183, 0.6611237, 0
0.4951937, 0.5684587, 0.5435314, 0
0.4982929, 0.6309459, 0.5981105, 0
0.3976664, 0.5343025, 0.5985226, 0
0.4208847, 0.6413996, 0.6007046, 0
0.5157729, 0.5567154, 0.6120106, 0
0.4584775, 0.5314591, 0.6130944, 0
0.3464665, 0.5708799, 0.5167736, 0
0.4945217, 0.5543219, 0.6337261, 0
0.470256, 0.6453182, 0.6032968, 0
0.4471847, 0.6269994, 0.5994948, 0
0.3311747, 0.5228803, 0.5691588, 0
0.4286248, 0.5904365, 0.6442565, 0
0.3871976, 0.5316989, 0.6042026, 0
0.4563288, 0.5847202, 0.6453593, 0
0.532861, 0.6057677, 0.5646981, 0
0.4288158, 0.5513908, 0.5485976, 0
0.4968922, 0.6353181, 0.5521282, 0
0.3581218, 0.5417292, 0.5794756, 0
0.3691517, 0.6307443, 0.5661587, 0
0.4956214, 0.5545206, 0.6289402, 0
0.4982043, 0.5787128, 0.5713708, 0
0.4045328, 0.5444046, 0.6113242, 0
0.4528328, 0.5271763, 0.5836797, 0
0.5064648, 0.6304602, 0.6026728, 0
0.3332385, 0.5752979, 0.5226732, 0
0.4847898, 0.576299, 0.5542851, 0
0.3661838, 0.6131337, 0.5815825, 0
0.4481113, 0.5454519, 0.5786225, 0
0.3774569, 0.6109, 0.5501928, 0
0.4341403, 0.597634, 0.6504966, 0
0.3519341, 0.6209368, 0.5422222, 0
0.4176431, 0.5552117, 0.5833223, 0
0.5302708, 0.5680127, 0.5633019, 0
0.3604686, 0.6076865, 0.5620837, 0
0.4403312, 0.5886123, 0.5516869, 0
0.4956996, 0.5629268, 0.5845824, 0
0.4560234, 0.6286911, 0.593999, 0
0.3975375, 0.5927854, 0.6022282, 0
0.4019661, 0.5286908, 0.5647561, 0
0.3336205, 0.6279912, 0.6051031, 0
0.3919559, 0.5167985, 0.5894519, 0
0.4650623, 0.6044216, 0.5640668, 0
0.4255089, 0.5827027, 0.6529542, 0
0.4250436, 0.5589884, 0.5951414, 0
0.4332802, 0.6231368, 0.625712, 0
0.3857019, 0.5872633, 0.6417959, 0
0.3554237, 0.6333843, 0.5674365, 0
0.4486058, 0.6292028, 0.5509484, 0
0.4896205, 0.5289121, 0.5929227, 0
0.3762106, 0.6342697, 0.6086731, 0
0.3740292, 0.5948779, 0.5629418, 0
0.4668861, 0.5757138, 0.5760584, 0
0.3787611, 0.5507163, 0.6276306, 0
0.4675512, 0.5681954, 0.5844397, 0
0.5229391, 0.629406, 0.5779871, 0
0.4842665, 0.5829105, 0.6500635, 0
0.3423178, 0.6009375, 0.5959145, 0
0.3375978, 0.5611342, 0.5951678, 0
0.4899497, 0.5434313, 0.5982921, 0
0.327366, 0.5214728, 0.5676113, 0
0.4478586, 0.5672879, 0.5665963, 0
0.4584351, 0.6085508, 0.564151, 0
0.4402614, 0.5607452, 0.6506281, 0
0.4477392, 0.5721483, 0.57753, 0
0.341626, 0.5210518, 0.6024622, 0
0.4548344, 0.5498781, 0.6035735, 0
0.3282415, 0.5778887, 0.5744431, 0
0.396616, 0.5528648, 0.5674915, 0
0.3536373, 0.5682418, 0.5273199, 0
0.4434334, 0.5257401, 0.6077318, 0
0.3611513, 0.6281247, 0.5909978, 0
0.4422003, 0.5259112, 0.5815847, 0
0.4047591, 0.5290455, 0.5570118, 0
0.3479095, 0.5997379, 0.5099635, 0
0.5012412, 0.6057618, 0.6309994, 0
0.3583727, 0.629421, 0.6075699, 0
0.5197737, 0.5380994, 0.6027233, 0
0.3736718, 0.6120982, 0.5874907, 0
0.428868, 0.6366743, 0.595081, 0
0.3396642, 0.5999702, 0.5490295, 0
0.3648181, 0.6011492, 0.568456, 0
0.4363929, 0.5727707, 0.5941617, 0
0.3990797, 0.5746586, 0.5741383, 0
0.4639221, 0.5980901, 0.5895826, 0
0.4227419, 0.6420514, 0.5661684, 0
0.4608983, 0.58944, 0.6217536, 0
0.5178106, 0.6444284, 0.5758862, 0
0.4787872, 0.5777736, 0.6052204, 0
0.3388064, 0.5946194, 0.6276695, 0
0.4903237, 0.6155481, 0.5934401, 0
0.3107429, 0.6343638, 0.5701978, 0
0.4485555, 0.5555637, 0.5501108, 0
0.3770899, 0.6229993, 0.5534312, 0
0.3716276, 0.5914653, 0.6101837, 0
0.4803824, 0.6285383, 0.5737706, 0
0.5182551, 0.5548651, 0.5955682, 0
0.3812521, 0.5227744, 0.5640103, 0
0.4473885, 0.5576763, 0.6127874, 0
0.4412931, 0.5690497, 0.5965683, 0
0.4168309, 0.5729824, 0.6094688, 0
0.4491976, 0.5491277, 0.5786704, 0
0.4232329, 0.6050177, 0.6440321, 0
0.3281656, 0.5797493, 0.6299722, 0
0.4035218, 0.5908589, 0.5594836, 0
0.3334871, 0.6273013, 0.5799963, 0
0.3882287, 0.6156287, 0.611637, 0
0.458678, 0.6273841, 0.6252588, 0
0.3534636, 0.5331536, 0.5762098, 0
0.4594195, 0.639649, 0.6271254, 0
0.4343758, 0.5504525, 0.6235068, 0
0.4884359, 0.6219959, 0.6495475, 0
0.4976236, 0.5603535, 0.6105191, 0
0.5136529, 0.5786165, 0.5563335, 0
0.3150487, 0.582972, 0.6095499, 0
0.3455214, 0.5675039, 0.5995316, 0
0.3374566, 0.6027766, 0.6226233, 0
0.393885, 0.5526769, 0.5585098, 0
0.4033285, 0.5955021, 0.6315022, 0
0.42176, 0.5932872, 0.5910358, 0
0.4376311, 0.5952842, 0.5764307, 0
0.3866517, 0.6052489, 0.6291178, 0
0.5127009, 0.5387326, 0.6056506, 0
0.4940519, 0.6304001, 0.598523, 0
0.3622347, 0.5582169, 0.5414453, 0
0.3291699, 0.561858, 0.616269, 0
0.4640657, 0.5834869, 0.5404434, 0
0.4328114, 0.5805747, 0.5436358, 0
0.4374943, 0.609294, 0.5915413, 0
0.3210933, 0.5483457, 0.6131639, 0
0.3736486, 0.5554899, 0.5693777, 0
0.5019355, 0.6018147, 0.595817, 0
0.3691347, 0.5947242, 0.6303865, 0
0.3837613, 0.6139566, 0.5914377, 0
0.4138839, 0.56072, 0.5355994, 0
0.5047347, 0.5611201, 0.5866459, 0
0.5203633, 0.5358895, 0.6194606, 0
0.3781826, 0.522775, 0.5545947, 0
0.4821337, 0.624412, 0.5891917, 0
0.3191393, 0.5749151, 0.5462008, 0
0.3170968, 0.6171672, 0.5274306, 0
0.5043278, 0.6235533, 0.5564996, 0
0.4702728, 0.5887104, 0.6240799, 0
0.4891351, 0.5837786, 0.6498173, 0
0.3792231, 0.5395937, 0.5252873, 0
0.4803352, 0.5273396, 0.5933131, 0
0.3397907, 0.5479915, 0.5228214, 0
0.3411732, 0.5509361, 0.5562737, 0
0.4841658, 0.6035839, 0.6511302, 0
0.3398035, 0.6281424, 0.5897982, 0
0.424118, 0.6349331, 0.5901037, 0
0.4056993, 0.6204191, 0.5515346, 0
0.3195014, 0.6054288, 0.5616285, 0
0.365521, 0.5704158, 0.5096152, 0
0.4359829, 0.5799976, 0.6311014, 0
0.3848187, 0.5207129, 0.5957487, 0
0.4210717, 0.5385376, 0.5598544, 0
0.4126245, 0.569723, 0.6100208, 0
0.4917162, 0.5789695, 0.6316962, 0
0.332638, 0.5224938, 0.5784824, 0
0.4368499, 0.6255867, 0.5420111, 0
0.483484, 0.6082395, 0.6405172, 0
0.4638944, 0.6157707, 0.5878869, 0
0.4045489, 0.6096057, 0.6420971, 0
0.5042887, 0.5605901, 0.6043597, 0
0.3886246, 0.6102292, 0.573041, 0
0.336869, 0.5248642, 0.5506393, 0
0.4929371, 0.5508788, 0.6358745, 0
0.5124345, 0.5689949, 0.5522219, 0
0.4383368, 0.6391006, 0.569115, 0
0.3689269, 0.6124347, 0.5981839, 0
0.443747, 0.5661358, 0.556437, 0
0.461058, 0.6148375, 0.6170659, 0
0.4556386, 0.6231191, 0.5973693, 0
0.398645, 0.5686994, 0.5688022, 0
0.4401831, 0.56397, 0.5482727, 0
0.4440821, 0.5913588, 0.5862542, 0
0.5230261, 0.6373359, 0.597002, 0
0.4332136, 0.6348804, 0.5590477, 0
0.5152384, 0.5780459, 0.5480502, 0
0.5084858, 0.5422337, 0.633961, 0
0.3963204, 0.5700496, 0.6182711, 0
0.3119703, 0.5905611, 0.5547935, 0
0.4185548, 0.6268001, 0.6255674, 0
0.3666962, 0.5998589, 0.5281837, 0
0.3240874, 0.5860819, 0.5537918, 0
0.5277063, 0.5557392, 0.6100144, 0
0.4719119, 0.6265797, 0.5874083, 0
0.4371274, 0.5439109, 0.6185443, 0
0.349081, 0.5211918, 0.5541106, 0
0.33207, 0.5973299, 0.5368122, 0
0.3542404, 0.5508808, 0.5316389, 0
0.4264021, 0.5373314, 0.5879093, 0
0.4672289, 0.6115698, 0.6344692, 0
0.3392614, 0.5460382, 0.5638297, 0
0.5126581, 0.6319126, 0.6323917, 0
0.356848, 0.5534649, 0.6098735, 0
0.4540888, 0.5601648, 0.6021281, 0
0.3694589, 0.5716721, 0.6117882, 0
0.3755456, 0.6122766, 0.6146101, 0
0.4333467, 0.6138887, 0.6293093, 0
0.3936682, 0.6452019, 0.5705884, 0
0.4198181, 0.5839121, 0.6325724, 0
0.4135904, 0.647072, 0.5959958, 0
0.4934058, 0.5367432, 0.5872018, 0
0.3956472, 0.6378865, 0.5526937, 0
0.4077649, 0.6083336, 0.5636099, 0
0.4688071, 0.6329508, 0.6016864, 0
0.3159226, 0.6243952, 0.5896739, 0
0.3751414, 0.5276396, 0.590202, 0
0.4399873, 0.6043075, 0.5884804, 0
0.4608325, 0.642884, 0.623493, 0
0.4491156, 0.640165, 0.5938037, 0
0.4794335, 0.5478856, 0.5828236, 0
0.4100553, 0.5345984, 0.541525, 0
0.3532767, 0.6018339, 0.5222569, 0
0.3233635, 0.6106339, 0.5646854, 0
0.5001965, 0.5308549, 0.5932845, 0
0.3581879, 0.6107765, 0.5757114, 0
0.4894913, 0.6157967, 0.5713787, 0
0.4839051, 0.5585415, 0.5976736, 0
0.345563, 0.5583699, 0.5567732, 0
0.4967597, 0.5341905, 0.5920191, 0
0.4261317, 0.5663098, 0.5477912, 0
0.4678521, 0.6009821, 0.6370167, 0
0.417288, 0.6371996, 0.5481228, 0
0.4857287, 0.5496964, 0.561913, 0
0.3935246, 0.5246817, 0.5468463, 0
0.4714963, 0.576319, 0.5846219, 0
0.3194135, 0.5755141, 0.5455978, 0
0.4734668, 0.5769025, 0.5691379, 0
0.4597053, 0.6349668, 0.6453606, 0
0.5208206, 0.5448104, 0.6358653, 0
0.4773758, 0.5815087, 0.6506676, 0
0.4150071, 0.5745651, 0.5957531, 0
0.3959288, 0.6048461, 0.5653621, 0
0.3928986, 0.6164268, 0.6116872, 0
0.5142028, 0.6161735, 0.5643174, 0
0.4289868, 0.5770602, 0.6021747, 0
0.4922896, 0.6176456, 0.6146311, 0
0.4153998, 0.6308668, 0.5575402, 0
0.4163645, 0.5988669, 0.6330639, 0
0.4430833, 0.5816188, 0.6043018, 0
0.4037115, 0.5951368, 0.5606673, 0
0.415969, 0.5312561, 0.5662571, 0
0.3902469, 0.5974998, 0.6096859, 0
0.4496302, 0.5752265, 0.5619273, 0
0.3499552, 0.5202143, 0.5398284, 0
0.4719948, 0.5508096, 0.6017292, 0
0.333563, 0.5606423, 0.6135485, 0
0.5355195, 0.5996614, 0.5539502, 0
0.5069999, 0.6569939, 0.6184193, 0
0.4711616, 0.5757034, 0.5636827, 0
0.3127483, 0.6248903, 0.5580915, 0
0.3832793, 0.5517522, 0.5224437, 0
0.3019769, 0.5854103, 0.6070643, 0
0.49299, 0.6350278, 0.645722, 0
0.3391205, 0.5252904, 0.536937, 0
0.4273098, 0.613977, 0.5691453, 0
0.4029117, 0.5414193, 0.5420741, 0
0.4019397, 0.5888767, 0.5382335, 0
0.4637596, 0.626449, 0.6408969, 0
0.5409502, 0.5862488, 0.5671922, 0
0.5354794, 0.5929301, 0.5463298, 0
0.4522008, 0.5893003, 0.6456662, 0
0.4692349, 0.6487313, 0.604695, 0
0.3215298, 0.6024012, 0.5511279, 0
0.3869374, 0.5638342, 0.5157418, 0
0.4625214, 0.6502843, 0.6157077, 0
0.5103026, 0.5807343, 0.6481866, 0
0.3526231, 0.5892491, 0.5404311, 0
0.3227661, 0.549557, 0.6166046, 0
0.4889903, 0.6465845, 0.5866973, 0
0.4895417, 0.5743194, 0.5503148, 0
0.4319867, 0.5553016, 0.5549324, 0
0.4255162, 0.5566876, 0.6147679, 0
0.5137607, 0.5651917, 0.6122429, 0
0.2993013, 0.5991482, 0.6131256, 0
0.4076657, 0.5332616, 0.5572599, 0
0.3182927, 0.5878998, 0.5991583, 0
0.509043, 0.6095597, 0.6092292, 0
0.4531135, 0.6174556, 0.6500353, 0
0.375111, 0.5714834, 0.5919991, 0
0.5046043, 0.5710421, 0.5673016, 0
0.5184979, 0.5426794, 0.6427255, 0
0.4760149, 0.6093142, 0.639214, 0
0.3278038, 0.5995575, 0.546596, 0
0.5054871, 0.5749047, 0.5707771, 0
0.3076637, 0.5347983, 0.617472, 0
0.3223189, 0.5577422, 0.5374783, 0
0.47015, 0.5810242, 0.6398001, 0
0.3568969, 0.5291193, 0.6034449, 0
0.3076163, 0.5910434, 0.5737249, 0
0.3693608, 0.5683295, 0.6136485, 0
0.3825732, 0.5963541, 0.6144778, 0
0.440093, 0.6366816, 0.5811346, 0
0.4774793, 0.6146727, 0.5662741, 0
0.4844878, 0.5581179, 0.6195713, 0
0.5247467, 0.5537464, 0.6405579, 0
0.3488185, 0.6190085, 0.611518, 0
0.3510492, 0.5793095, 0.6033423, 0
0.3902116, 0.5704323, 0.5413031, 0
0.3518651, 0.552709, 0.5488847, 0
0.5004141, 0.6213461, 0.5516663, 0
0.511578, 0.6613693, 0.6113276, 0
0.3879061, 0.5664393, 0.5222498, 0
0.4786335, 0.5905174, 0.6517706, 0
0.4614044, 0.5964547, 0.6365442, 0
0.5157608, 0.5637183, 0.6415325, 0
0.4468985, 0.5228609, 0.5835941, 0
0.5123812, 0.5516313, 0.6017581, 0
0.3721699, 0.5914956, 0.6102296, 0
0.4863578, 0.6219808, 0.6198534, 0
0.5113058, 0.577417, 0.6498669, 0
0.4364386, 0.5742955, 0.5293636, 0
0.3981546, 0.5388694, 0.5441629, 0
0.3479063, 0.626377, 0.5766918, 0
0.4995318, 0.5896494, 0.5819879, 0
0.500733, 0.6367694, 0.6080541, 0
0.304713, 0.5894588, 0.6083161, 0
0.5168091, 0.561101, 0.6134284, 0
0.4321426, 0.5575141, 0.5798777, 0
0.5081463, 0.5374205, 0.5832233, 0
0.4845945, 0.5927076, 0.6555672, 0
0.5088555, 0.575516, 0.6242754, 0
0.4844465, 0.5909668, 0.5931525, 0
0.321809, 0.6269169, 0.5614874, 0
0.4732816, 0.5762104, 0.6541557, 0
0.3260702, 0.6205564, 0.5874693, 0
0.3367431, 0.5784759, 0.5103634, 0
0.3388988, 0.6180852, 0.5921549, 0
0.3174673, 0.581062, 0.5965979, 0
0.4174442, 0.5752445, 0.5374341, 0
0.5113294, 0.6472092, 0.5702264, 0
0.4578443, 0.6163879, 0.5895044, 0
0.4959146, 0.5884908, 0.6117296, 0
0.4749617, 0.6010764, 0.5878339, 0
0.3302481, 0.6151794, 0.5680126, 0
0.5172469, 0.5757025, 0.5909238, 0
0.3928301, 0.5884002, 0.5272816, 0
0.4433931, 0.5645594, 0.6410953, 0
0.4835715, 0.6337684, 0.6318892, 0
0.318102, 0.5828397, 0.5823566, 0
0.5321102, 0.6059529, 0.5630813, 0
0.4764892, 0.6076287, 0.6441266, 0
0.3835405, 0.6064744, 0.5417696, 0
0.5150565, 0.5858249, 0.6401736, 0
0.3249429, 0.5667057, 0.5113637, 0
0.4870762, 0.5580198, 0.5915637, 0
0.4988309, 0.5973023, 0.6239742, 0
0.4699476, 0.5533217, 0.6283303, 0
0.4921067, 0.6235002, 0.6008121, 0
0.4968927, 0.5763704, 0.6238977, 0
0.4271261, 0.5985208, 0.5615116, 0
0.4206168, 0.6374012, 0.595767, 0
0.4038497, 0.6330412, 0.6172252, 0
0.4464974, 0.5543113, 0.5363856, 0
0.4770041, 0.6449906, 0.6370419, 0
0.4956213, 0.613021, 0.596689, 0
0.3118065, 0.5572279, 0.5756733, 0
0.351784, 0.6070512, 0.5549936, 0
0.3410471, 0.5826915, 0.6096912, 0
0.4971384, 0.5691043, 0.6169056, 0
0.5039155, 0.576813, 0.5732552, 0
0.3613844, 0.5321013, 0.5470554, 0
0.3969781, 0.5826221, 0.5450756, 0
0.4827118, 0.6396247, 0.6212882, 0
0.3394308, 0.5757574, 0.5994578, 0
0.5041051, 0.5610231, 0.6410801, 0
0.4201712, 0.5307539, 0.5903859, 0
0.517134, 0.619643, 0.6083868, 0
0.5224102, 0.6025578, 0.5988492, 0
0.4540899, 0.6022418, 0.6028346, 0
0.5217993, 0.6061991, 0.5734023, 0
0.3423971, 0.5643072, 0.5354021, 0
0.3278037, 0.5492973, 0.5526831, 0
0.4565738, 0.5716885, 0.6373051, 0
0.3163719, 0.6202872, 0.5425262, 0
0.4167576, 0.5726495, 0.6510171, 0
0.4765348, 0.5699018, 0.5410814, 0
0.3518954, 0.6086069, 0.604152, 0
0.2981896, 0.6034995, 0.6125761, 0
0.3103766, 0.6159077, 0.6008952, 0
0.4491311, 0.6484479, 0.5880474, 0
0.3136027, 0.5747455, 0.584591, 0
0.3233716, 0.5666781, 0.5473306, 0
0.4572537, 0.6140438, 0.5620829, 0
0.3946747, 0.6321986, 0.610826, 0
0.3306451, 0.5335431, 0.5820487, 0
0.513286, 0.5965745, 0.6034754, 0
0.3982762, 0.6409329, 0.5749911, 0
0.3660271, 0.5750425, 0.6158513, 0
0.3662921, 0.5899107, 0.5944244, 0
0.4373855, 0.5668383, 0.6085411, 0
0.3660594, 0.5312539, 0.5914031, 0
0.5023873, 0.6136717, 0.6404868, 0
0.4243679, 0.6223035, 0.5553938, 0
0.3646954, 0.5438127, 0.5757341, 0
0.5079585, 0.5591714, 0.5707633, 0
0.3941425, 0.5426919, 0.6335291, 0
0.3675267, 0.6387498, 0.5824273, 0
0.3318786, 0.5401719, 0.5539622, 0
0.5257254, 0.596476, 0.5879102, 0
0.4547369, 0.6430029, 0.5823306, 0
0.5384007, 0.5561143, 0.5719622, 0
0.3447471, 0.6028339, 0.5479482, 0
0.441952, 0.5995686, 0.595462, 0
0.3061332, 0.5726748, 0.6279203, 0
0.4941856, 0.5491569, 0.6490954, 0
0.3059104, 0.6317069, 0.5739925, 0
0.4810271, 0.6332778, 0.6404875, 0
0.3216599, 0.6140932, 0.5431237, 0
0.4916928, 0.5868798, 0.5537646, 0
0.4168423, 0.5518757, 0.6194324, 0
0.3341555, 0.5786488, 0.5276334, 0
0.4202422, 0.6023489, 0.6295339, 0
0.3959743, 0.564108, 0.6099807, 0
0.3359983, 0.5595142, 0.5397097, 0
0.439092, 0.5793077, 0.6236219, 0
0.4400142, 0.6134626, 0.6533336, 0
0.4155038, 0.5910616, 0.552842, 0
0.3819363, 0.608437, 0.6076823, 0
0.3245963, 0.5723687, 0.60691, 0
0.3163689, 0.6063489, 0.5662742, 0
0.3568481, 0.6251885, 0.5504402, 0
0.4572028, 0.6280115, 0.5701026, 0
0.4339952, 0.558002, 0.5392194, 0
0.3653184, 0.5485478, 0.5717675, 0
0.4688456, 0.639949, 0.5555594, 0
0.331905, 0.6257119, 0.5445503, 0
0.3047591, 0.5779291, 0.6238294, 0
0.3192824, 0.5483398, 0.6240185, 0
0.3364736, 0.5973465, 0.5926921, 0
0.5189234, 0.5516719, 0.5722138, 0
0.353469, 0.563808, 0.6123083, 0
0.3783598, 0.6363895, 0.5825612, 0
0.5040546, 0.5775498, 0.5850317, 0
0.3491011, 0.6155295, 0.6184188, 0
0.3389322, 0.5713366, 0.5724005, 0
0.4243861, 0.6504389, 0.5900642, 0
0.489609, 0.5421749, 0.5615225, 0
0.4962541, 0.5566489, 0.554572, 0
0.4872536, 0.6147179, 0.6147696, 0
0.3209923, 0.5910854, 0.5896297, 0
0.4726089, 0.6382042, 0.5719386, 0
0.50846, 0.6219319, 0.6061116, 0
0.492791, 0.6536549, 0.6046504, 0
0.4327026, 0.5726014, 0.6474032, 0
0.3482492, 0.596584, 0.5619841, 0
0.3160035, 0.6251969, 0.5564973, 0
0.3825043, 0.5192464, 0.5514317, 0
0.369029, 0.5135757, 0.5760441, 0
0.4801863, 0.568962, 0.5971705, 0
0.5202273, 0.5841318, 0.6650546, 0
0.4738509, 0.6067043, 0.629347, 0
0.4311244, 0.5852551, 0.62423, 0
0.37901, 0.5529158, 0.6056088, 0
0.4579483, 0.6408178, 0.595892, 0
0.4060261, 0.5831293, 0.6420634, 0
0.4753531, 0.6504514, 0.6308684, 0
0.3619087, 0.5996577, 0.6154459, 0
0.4045528, 0.5827588, 0.5612978, 0
0.4689893, 0.5618837, 0.5440543, 0
0.4430282, 0.5561702, 0.5442343, 0
0.3541266, 0.6007574, 0.5895039, 0
0.4016711, 0.6270718, 0.5672337, 0
0.3651883, 0.5412172, 0.5678227, 0
0.4422342, 0.5664095, 0.5709437, 0
0.3403893, 0.6323484, 0.5679818, 0
0.3657809, 0.5196522, 0.556953, 0
0.4556119, 0.6306748, 0.5484696, 0
0.4905645, 0.6470584, 0.5781983, 0
0.3213856, 0.5837315, 0.5565746, 0
0.3390746, 0.6265158, 0.5964628, 0
0.5099584, 0.6121466, 0.5700077, 0
0.436125, 0.6156571, 0.6354075, 0
0.5275538, 0.5815704, 0.5949118, 0
0.4917797, 0.5382572, 0.574551, 0
0.5133036, 0.6171454, 0.6674209, 0
0.5328268, 0.5875906, 0.5957596, 0
0.4303412, 0.6292353, 0.5705436, 0
0.3566673, 0.5441291, 0.5447176, 0
0.3199281, 0.6192972, 0.6112204, 0
0.3994935, 0.5999821, 0.5795354, 0
0.4122206, 0.5638083, 0.5437742, 0
0.440475, 0.5898564, 0.6557414, 0
0.3505029, 0.5648769, 0.5659694, 0
0.4807061, 0.5749746, 0.6642509, 0
0.4306058, 0.5784349, 0.5557975, 0
0.4697403, 0.6359182, 0.5932489, 0
0.5139729, 0.6000046, 0.6608977, 0
0.468191, 0.5691018, 0.635531, 0
0.3574446, 0.6320747, 0.552792, 0
0.4821944, 0.6111982, 0.571474, 0
0.3334166, 0.5945672, 0.5867926, 0
0.3942605, 0.5309619, 0.6214322, 0
0.4071312, 0.5363938, 0.5806745, 0
0.5147546, 0.6362073, 0.6386516, 0
0.433692, 0.6202946, 0.6106697, 0
0.4932424, 0.5983046, 0.6510553, 0
0.4835769, 0.5702301, 0.574538, 0
0.5414507, 0.5711738, 0.5625353, 0
0.4375367, 0.5993063, 0.5939888, 0
0.405299, 0.615396, 0.5659546, 0
0.5343109, 0.5903526, 0.5542547, 0
0.3685486, 0.6371203, 0.5502865, 0
0.3938091, 0.5618442, 0.5571225, 0
0.4169647, 0.6477645, 0.5721715, 0
0.320811, 0.5567921, 0.5777057, 0
0.3878286, 0.5639702, 0.5647017, 0
0.5073817, 0.5484151, 0.5981438, 0
0.5128831, 0.6072596, 0.6298372, 0
0.3911932, 0.5648398, 0.570608, 0
0.3206253, 0.6096314, 0.595381, 0
0.4450932, 0.6141269, 0.5683807, 0
0.4317434, 0.5673928, 0.5667946, 0
0.5168137, 0.5365249, 0.592522, 0
0.3240197, 0.5438494, 0.5756112, 0
0.334834, 0.525439, 0.5835866, 0
0.515157, 0.5645376, 0.6635875, 0
0.4715823, 0.6322329, 0.6303315, 0
0.4374029, 0.5411692, 0.6248039, 0
0.4912031, 0.6313214, 0.6535261, 0
0.3250608, 0.5727305, 0.5790172, 0
0.4220208, 0.5586507, 0.6479551, 0
0.4179592, 0.5356991, 0.5518754, 0
0.5286639, 0.5703267, 0.5779444, 0
0.3586285, 0.5838482, 0.6204561, 0
0.3989103, 0.6240724, 0.6253406, 0
0.4364998, 0.6196191, 0.648985, 0
0.5199796, 0.6415489, 0.5634257, 0
0.4557039, 0.6321653, 0.646233, 0
0.4776604, 0.5626937, 0.5996959, 0
0.38605, 0.6112294, 0.5357934, 0
0.4169607, 0.5336139, 0.6048807, 0
0.3273177, 0.62307, 0.5912949, 0
0.4687012, 0.5580902, 0.5429155, 0
0.3946446, 0.6173816, 0.6292847, 0
0.5021435, 0.5952791, 0.5703698, 0
0.4118638, 0.6338918, 0.5500209, 0
0.3352483, 0.5515485, 0.5664957, 0
0.4165635, 0.5664948, 0.6085683, 0
0.3555106, 0.6290245, 0.5581369, 0
0.4358801, 0.5886789, 0.6278879, 0
0.3882815, 0.5258945, 0.5528284, 0
0.482314, 0.6387472, 0.5865673, 0
0.4847319, 0.5883188, 0.577961, 0
0.3886615, 0.5872422, 0.5535144, 0
0.3890544, 0.5830426, 0.598124, 0
0.4657395, 0.5886948, 0.5870836, 0
0.3676895, 0.5994897, 0.6236858, 0
0.465918, 0.5764309, 0.5777261, 0
0.4603906, 0.5914334, 0.5562502, 0
0.4322245, 0.6145685, 0.618849, 0
0.3998403, 0.5256465, 0.614545, 0
0.4705334, 0.5971832, 0.5912301, 0
0.3666376, 0.6421795, 0.5614764, 0
0.5265526, 0.5811176, 0.5802336, 0
0.5080146, 0.6091355, 0.5514584, 0
0.4886913, 0.5298752, 0.5865211, 0
0.347792, 0.531982, 0.5569492, 0
0.432823, 0.5705991, 0.6254458, 0
0.4295718, 0.573095, 0.5924772, 0
0.3354833, 0.5772662, 0.5244235, 0
0.4936792, 0.6120767, 0.6337608, 0
0.386608, 0.5994691, 0.6281521, 0
0.4197618, 0.5691707, 0.6067407, 0
0.3323974, 0.5680923, 0.6077988, 0
0.3843754, 0.5490669, 0.5555843, 0
0.443388, 0.5799447, 0.5477329, 0
0.387519, 0.6376892, 0.5501204, 0
0.372268, 0.5933183, 0.5595256, 0
0.3488166, 0.6411327, 0.5760213, 0
0.4514435, 0.6361068, 0.5890568, 0
0.3731849, 0.5670044, 0.6074023, 0
0.4811885, 0.6210161, 0.6397634, 0
0.4331925, 0.5650659, 0.6249231, 0
0.4442883, 0.5907522, 0.63408, 0
0.4975393, 0.6193134, 0.6042603, 0
0.4153647, 0.6258558, 0.5952652, 0
0.343009, 0.5854125, 0.5746648, 0
0.3887926, 0.6157404, 0.5419555, 0
0.3338849, 0.6268391, 0.6092963, 0
0.501258, 0.6043566, 0.6527506, 0
0.4432783, 0.5643924, 0.5623447, 0
0.515533, 0.6577189, 0.5887862, 0
0.4944138, 0.5978954, 0.6129322, 0
0.4369934, 0.5538946, 0.5514804, 0
0.4212323, 0.5645627, 0.5407876, 0
0.49349, 0.5415737, 0.6172867, 0
0.3674641, 0.5593103, 0.5545248, 0
0.3224083, 0.6048483, 0.560564, 0
0.5079182, 0.6018341, 0.6597716, 0
0.3818251, 0.5357879, 0.6051324, 0
0.3696226, 0.5533057, 0.6019632, 0
0.5294292, 0.6211084, 0.5579033, 0
0.4624868, 0.5443175, 0.5517449, 0
0.3847596, 0.5608667, 0.6268057, 0
0.4711615, 0.6027004, 0.6064048, 0
0.4140528, 0.556107, 0.6278076, 0
0.3915723, 0.5818183, 0.6212468, 0
0.4156261, 0.6192791, 0.5437488, 0
0.366027, 0.5399581, 0.5624442, 0
0.4710478, 0.6298769, 0.602129, 0
0.4969265, 0.5611053, 0.5905823, 0
0.4448241, 0.618505, 0.6299269, 0
0.3646683, 0.5764526, 0.6260811, 0
0.3586046, 0.6008956, 0.5818959, 0
0.3403011, 0.5402849, 0.5227287, 0
0.4567862, 0.6167881, 0.5873541, 0
0.3987788, 0.5767791, 0.5234362, 0
0.4768136, 0.5624139, 0.5408419, 0
0.3388143, 0.5377394, 0.6176777, 0
0.3483325, 0.5760887, 0.6230986, 0
0.3658085, 0.5932746, 0.6174304, 0
0.4391452, 0.6105504, 0.6036195, 0
0.3961786, 0.5393859, 0.6156141, 0
0.409115, 0.5350274, 0.6112702, 0
0.3864238, 0.5847589, 0.5741417, 0
0.5015996, 0.5980557, 0.5397866, 0
0.4874646, 0.575343, 0.5970696, 0
0.5360749, 0.546305, 0.602415, 0
0.4573187, 0.5382124, 0.5717277, 0
0.4772318, 0.5925865, 0.6158135, 0
0.3422084, 0.6333946, 0.564979, 0
0.384532, 0.59769, 0.5375654, 0
0.4357032, 0.6161897, 0.6100256, 0
0.3944918, 0.5348901, 0.6045564, 0
0.3865595, 0.553221, 0.5442045, 0
0.4707831, 0.5817844, 0.6229642, 0
0.3233554, 0.6019691, 0.5939444, 0
0.4138231, 0.6085285, 0.5568863, 0
0.3374334, 0.5664272, 0.5833222, 0
0.3215911, 0.5968613, 0.5307166, 0
0.4044318, 0.6241619, 0.5427828, 0
0.3551128, 0.5882918, 0.6085705, 0
0.33786, 0.5905756, 0.505565, 0
0.4635037, 0.5969383, 0.642049, 0
0.3060761, 0.5879611, 0.592344, 0
0.3385981, 0.5379638, 0.5312529, 0
0.4540799, 0.6400404, 0.6268066, 0
0.4364993, 0.6429952, 0.6181352, 0
0.4028118, 0.6283584, 0.5917429, 0
0.4451491, 0.6175196, 0.5583963, 0
0.4278345, 0.5876313, 0.6158456, 0
0.3687699, 0.5983165, 0.6394194, 0
0.3257054, 0.5809234, 0.5416573, 0
0.497962, 0.6227465, 0.545013, 0
0.3972161, 0.6186987, 0.5269884, 0
0.3788406, 0.529942, 0.5857511, 0
0.3711104, 0.587741, 0.5162224, 0
0.3385118, 0.6116442, 0.5152435, 0
0.404431, 0.5443358, 0.5986929, 0
0.4458968, 0.5580956, 0.6423975, 0
0.3515039, 0.5639946, 0.5622823, 0
0.5107116, 0.5875779, 0.5498928, 0
0.4071769, 0.5879567, 0.5485721, 0
0.3228062, 0.6060787, 0.5911223, 0
0.3545733, 0.5891848, 0.5344167, 0
0.4949457, 0.6170545, 0.6540527, 0
0.3894843, 0.5621806, 0.6326384, 0
0.4674598, 0.5585172, 0.5863503, 0
0.4873326, 0.5962843, 0.6668239, 0
0.4965658, 0.6195636, 0.5567661, 0
0.3980476, 0.6445964, 0.584615, 0
0.4441027, 0.6439376, 0.5609642, 0
0.3687078, 0.5327304, 0.5314438, 0
0.4504735, 0.5519485, 0.5669516, 0
0.3292356, 0.5795504, 0.546102, 0
0.4935572, 0.5470119, 0.562395, 0
0.4348443, 0.6259701, 0.611036, 0
0.3648855, 0.6017724, 0.5644796, 0
0.3875907, 0.5515302, 0.5623396, 0
0.5020418, 0.5429401, 0.6073909, 0
0.4008621, 0.5840973, 0.6232755, 0
0.4285245, 0.5701562, 0.55928, 0
0.4223877, 0.5943854, 0.5752721, 0
0.5004479, 0.6170934, 0.5655439, 0
0.4261901, 0.6397226, 0.6165699, 0
0.4174642, 0.5757351, 0.6450031, 0
0.3981495, 0.5715658, 0.5562261, 0
0.4522075, 0.5498466, 0.6431875, 0
0.3474885, 0.5616522, 0.618004, 0
0.3341259, 0.5910528, 0.5427245, 0
0.3270898, 0.6350742, 0.5622726, 0
0.3587407, 0.5730826, 0.6036004, 0
0.4944517, 0.5807697, 0.6270304, 0
0.3686359, 0.5896549, 0.6200867, 0
0.4399861, 0.5920702, 0.5362288, 0
0.4576395, 0.6168842, 0.5701885, 0
0.3927657, 0.5393595, 0.5827714, 0
0.3622891, 0.5813739, 0.597912, 0
0.4991553, 0.5900781, 0.6511381, 0
0.4694139, 0.5740852, 0.5862412, 0
0.3293922, 0.5379402, 0.597675, 0
0.3357098, 0.5420642, 0.5893951, 0
0.4936268, 0.6296065, 0.580636, 0
0.4582381, 0.5902529, 0.6060507, 0
0.4000008, 0.6196447, 0.5594811, 0
0.4981669, 0.6066799, 0.6250957, 0
0.4648235, 0.5573869, 0.6498444, 0
0.4346493, 0.571439, 0.5925053, 0
0.5235233, 0.57719, 0.604371, 0
0.4880403, 0.5928553, 0.5791953, 0
0.5020882, 0.596426, 0.6273636, 0
0.5299136, 0.6224397, 0.5969341, 0
0.3199023, 0.5233792, 0.5946111, 0
0.5025889, 0.6258529, 0.6067287, 0
0.3887977, 0.6411943, 0.5919402, 0
0.3066331, 0.5557972, 0.6061156, 0
0.4440911, 0.5758371, 0.5920908, 0
0.4795647, 0.5394244, 0.6257111, 0
0.3622438, 0.5746688, 0.58273, 0
0.5196282, 0.6295856, 0.6233226, 0
0.4079498, 0.5702254, 0.6375241, 0
0.5353267, 0.59263, 0.5590079, 0
0.3240742, 0.6043233, 0.5504314, 0
0.5156633, 0.5489014, 0.6273835, 0
0.3148012, 0.5953092, 0.5831226, 0
0.5093318, 0.5478234, 0.6264668, 0
0.4026642, 0.5559829, 0.6319773, 0
0.5268522, 0.6308855, 0.607083, 0
0.5165765, 0.5723742, 0.6040977, 0
0.4828607, 0.5911543, 0.618751, 0
0.4662908, 0.5915025, 0.529605, 0
0.513164, 0.5994133, 0.6410938, 0
0.4128211, 0.6276686, 0.5559041, 0
0.4175646, 0.6068779, 0.5377467, 0
0.4736607, 0.554508, 0.6240795, 0
0.5075829, 0.5465671, 0.632539, 0
0.3281067, 0.5242209, 0.5329653, 0
0.3153769, 0.6161932, 0.5992603, 0
0.3085834, 0.6158953, 0.6116017, 0
0.4004572, 0.5408501, 0.5666123, 0
0.366797, 0.6062493, 0.5876225, 0
0.4231493, 0.5928574, 0.5260643, 0
0.3765283, 0.6156594, 0.5464188, 0
0.3876315, 0.6290121, 0.6230088, 0
0.3720056, 0.5764883, 0.5539247, 0
0.3203378, 0.5579499, 0.5624573, 0
0.4419492, 0.5492965, 0.5644899, 0
0.4690382, 0.6250918, 0.6558432, 0
0.3878793, 0.5944736, 0.6178886, 0
0.3712816, 0.5453538, 0.5408887, 0
0.4983805, 0.5887099, 0.6061669, 0
0.3855969, 0.5862305, 0.541871, 0
0.4384586, 0.5271869, 0.6010839, 0
0.4348047, 0.6368493, 0.5930958, 0
0.437777, 0.6425462, 0.5560288, 0
0.3504219, 0.5965619, 0.574313, 0
0.4822178, 0.5541868, 0.5940267, 0
0.4635167, 0.554725, 0.5491472, 0
0.3609354, 0.5343845, 0.5934145, 0
0.4818714, 0.6098903, 0.5592369, 0
0.4715611, 0.5564626, 0.6237476, 0
0.3628865, 0.632395, 0.5783811, 0
0.3352271, 0.5959637, 0.5931045, 0
0.3517139, 0.6126041, 0.5719924, 0
0.3615377, 0.5907311, 0.6262363, 0
0.4217098, 0.5504367, 0.5634821, 0
0.4168545, 0.6290342, 0.5966418, 0
0.3554913, 0.5942903, 0.5854225, 0
0.3819021, 0.5815943, 0.5353959, 0
0.3787276, 0.5231197, 0.5943906, 0
0.3160272, 0.5962099, 0.601046, 0
0.3522931, 0.5743994, 0.5194111, 0
0.4159231, 0.5643926, 0.5235633, 0
0.3557821, 0.5235717, 0.5434971, 0
0.4024312, 0.5625858, 0.5445819, 0
0.5363998, 0.6194404, 0.5573873, 0
0.3775115, 0.5346965, 0.5975143, 0
0.3798136, 0.6252996, 0.6005436, 0
0.413406, 0.6380103, 0.6083881, 0
0.5201378, 0.6292151, 0.5706384, 0
0.3693342, 0.6362836, 0.6005562, 0
0.4881557, 0.6147605, 0.5682932, 0
0.5166908, 0.6168886, 0.5655083, 0
0.4802758, 0.5751221, 0.5446026, 0
0.5140216, 0.5727264, 0.6443868, 0
0.4573312, 0.6341258, 0.5786919, 0
0.4616894, 0.5449607, 0.5531047, 0
0.3462722, 0.6048838, 0.5779724, 0
0.381032, 0.54196, 0.5860856, 0
0.3884423, 0.6407899, 0.5710633, 0
0.5337759, 0.5866372, 0.59435, 0
0.3677887, 0.6412296, 0.5765474, 0
0.3607672, 0.5616099, 0.6098886, 0
0.3764036, 0.5508534, 0.5888364, 0
0.3723678, 0.5415058, 0.5992, 0
0.484905, 0.5838728, 0.6095751, 0
0.3448778, 0.5848975, 0.5589272, 0
0.5211728, 0.5528628, 0.63895, 0
0.3914439, 0.6190701, 0.5989273, 0
0.4397606, 0.6122842, 0.6330327, 0
0.3164787, 0.5547547, 0.6107262, 0
0.3678526, 0.5635272, 0.5837107, 0
0.5270475, 0.6208508, 0.5809804, 0
0.3739192, 0.628072, 0.5937584, 0
0.5016639, 0.5985964, 0.567164, 0
0.3505632, 0.6079097, 0.5257933, 0
0.3589534, 0.5905268, 0.5612403, 0
0.3286312, 0.5742439, 0.5590008, 0
0.5188028, 0.5635673, 0.5844122, 0
0.3260992, 0.5783702, 0.5234785, 0
0.3755308, 0.598819, 0.5970125, 0
0.4573887, 0.6229567, 0.5764652, 0
0.3983191, 0.6079214, 0.5830289, 0
0.3265023, 0.6230171, 0.5466878, 0
0.4870563, 0.6025277, 0.5977521, 0
0.3317652, 0.6044972, 0.5283467, 0
0.3491209, 0.6175393, 0.6186257, 0
0.3809403, 0.602001, 0.5505098, 0
0.5001827, 0.6051793, 0.6132372, 0
0.3681078, 0.5690182, 0.516072, 0
0.3903968, 0.5692071, 0.5896223, 0
0.358059, 0.5618311, 0.5545397, 0
0.4098358, 0.594175, 0.5603167, 0
0.4651305, 0.5537334, 0.6427789, 0
0.4867696, 0.5363328, 0.5868838, 0
0.3031181, 0.6162193, 0.5962555, 0
0.453788, 0.5346093, 0.6000398, 0
0.3579959, 0.5732412, 0.5952817, 0
0.5208184, 0.5843026, 0.6533215, 0
0.5066444, 0.5665335, 0.6243678, 0
0.3761988, 0.518419, 0.5959473, 0
0.424374, 0.5762948, 0.5838018, 0
0.477959, 0.6154372, 0.6095349, 0
0.5015351, 0.6033186, 0.5694624, 0
0.3264216, 0.584483, 0.5784504, 0
0.4492673, 0.6412914, 0.6349855, 0
0.3056239, 0.5557301, 0.6110459, 0
0.4347563, 0.5463948, 0.563718, 0
0.458732, 0.5821793, 0.6527734, 0
0.3027035, 0.5660992, 0.6132086, 0
0.4111266, 0.5423704, 0.5721837, 0
0.4305804, 0.6107565, 0.6199297, 0
0.4707295, 0.610173, 0.5867413, 0
0.3323114, 0.5282934, 0.6003097, 0
0.3687551, 0.617106, 0.6132095, 0
0.436615, 0.5398019, 0.5439553, 0
0.3103917, 0.6119363, 0.6035789, 0
0.379189, 0.586236, 0.5813074, 0
0.4260561, 0.5870652, 0.521272, 0
0.4297975, 0.6443263, 0.5977718, 0
0.4180045, 0.5262519, 0.6003243, 0
0.3883578, 0.6198152, 0.6113599, 0
0.4496123, 0.6321776, 0.5544729, 0
0.3220425, 0.6298653, 0.5610362, 0
0.4493529, 0.5321493, 0.6232873, 0
0.4908907, 0.5972211, 0.6573491, 0
0.3744467, 0.5742512, 0.5926155, 0
0.5107411, 0.5416747, 0.6366374, 0
0.3388109, 0.5375006, 0.6180313, 0
0.3849877, 0.5157738, 0.5825095, 0
0.3316722, 0.5417258, 0.5770656, 0
0.4732066, 0.6452877, 0.6199713, 0
0.4309442, 0.5948184, 0.5586532, 0
0.4242854, 0.6271901, 0.6365237, 0
0.5093634, 0.5705968, 0.6064059, 0
0.4845447, 0.5912009, 0.5497204, 0
0.3210475, 0.6287082, 0.5473328, 0
0.4723053, 0.6115527, 0.6261377, 0
0.3994698, 0.5286279, 0.6047987, 0
0.3638395, 0.5645666, 0.548471, 0
0.3693068, 0.5587688, 0.5789438, 0
0.5050532, 0.6285214, 0.5658189, 0
0.4465289, 0.5999421, 0.6433932, 0
0.3703488, 0.5608159, 0.5970166, 0
0.3963408, 0.5988226, 0.5846488, 0
0.4536062, 0.642918, 0.5753478, 0
0.4477927, 0.5326275, 0.571537, 0
0.4939831, 0.6331476, 0.5804471, 0
0.4374158, 0.5433248, 0.6245374, 0
0.3938019, 0.5279097, 0.5491043, 0
0.5023781, 0.570972, 0.5453587, 0
0.4164622, 0.6312817, 0.6302026, 0
0.3338107, 0.5810367, 0.6205133, 0
0.4086148, 0.5712553, 0.5893596, 0
0.3781261, 0.5934892, 0.5943288, 0
0.3780333, 0.5371343, 0.5379063, 0
0.4721569, 0.6018951, 0.6158491, 0
0.3277205, 0.5622303, 0.538395, 0
0.5014178, 0.5639881, 0.5655949, 0
0.3673315, 0.5678483, 0.5713102, 0
0.41205, 0.5451357, 0.6192749, 0
0.381365, 0.5315185, 0.5593956, 0
0.3660981, 0.5933733, 0.6405295, 0
0.3808532, 0.6026035, 0.5296077, 0
0.4945914, 0.5670387, 0.6174797, 0
0.3499227, 0.5938467, 0.6325796, 0
0.4228722, 0.5756504, 0.643755, 0
0.3260817, 0.5574219, 0.5603322, 0
0.4813206, 0.6449476, 0.567045, 0
0.4714768, 0.6045625, 0.5825606, 0
0.5335968, 0.5512268, 0.6237157, 0
0.5095885, 0.6126343, 0.6550843, 0
0.4915669, 0.5931427, 0.6680641, 0
0.3262921, 0.5868607, 0.6225776, 0
0.3268068, 0.550338, 0.5205979, 0
0.4476567, 0.532347, 0.623741, 0
0.3942448, 0.5784205, 0.6028034, 0
0.4233204, 0.5509123, 0.6107017, 0
0.5296618, 0.5731522, 0.5630357, 0
0.4281315, 0.588073, 0.5281938, 0
0.3258913, 0.5776136, 0.5665936, 0
0.4538836, 0.5580774, 0.6184975, 0
0.500223, 0.6038882, 0.6343939, 0
0.4627914, 0.6350242, 0.5962979, 0
0.3270605, 0.6336514, 0.5745926, 0
0.3215438, 0.5947893, 0.5248153, 0
0.3634695, 0.6208308, 0.5532942, 0
0.447881, 0.5394407, 0.6082853, 0
0.4634444, 0.6055349, 0.5834507, 0
0.442194, 0.6189837, 0.6107813, 0
0.3547673, 0.6026191, 0.5883813, 0
0.4674498, 0.5546528, 0.6227427, 0
0.3853532, 0.6241115, 0.5612367, 0
0.4208697, 0.5436553, 0.6334006, 0
0.4848114, 0.6268491, 0.6204733, 0
0.4182849, 0.6238038, 0.6357149, 0
0.341012, 0.5745109, 0.5228462, 0
0.4623648, 0.606942, 0.5813252, 0
0.5186499, 0.5824379, 0.5538633, 0
0.4672351, 0.5942427, 0.5386928, 0
0.4760121, 0.6101195, 0.6216063, 0
0.3687998, 0.6397626, 0.6000822, 0
0.512543, 0.5944476, 0.5841875, 0
0.4344995, 0.5353338, 0.6232058, 0
0.4550861, 0.5355599, 0.600128, 0
0.3280377, 0.5736354, 0.5398977, 0
0.4410073, 0.5862921, 0.6344753, 0
0.3554581, 0.5597153, 0.5647902, 0
0.4963447, 0.6405744, 0.6525456, 0
0.4376262, 0.5705992, 0.6517944, 0
0.3399571, 0.5818203, 0.6093897, 0
0.3544417, 0.6106852, 0.5448285, 0
0.3665103, 0.6032174, 0.5658946, 0
0.4873438, 0.5626265, 0.5875138, 0
0.4491847, 0.5442386, 0.6035942, 0
0.3712305, 0.5313348, 0.5287112, 0
0.442341, 0.5961967, 0.6561971, 0
0.3937297, 0.5685992, 0.6064904, 0
0.4326038, 0.6176434, 0.6213604, 0
0.349937, 0.6061363, 0.6068487, 0
0.3210877, 0.5413854, 0.5741401, 0
0.4603321, 0.6094736, 0.5716758, 0
0.4849625, 0.651085, 0.5854802, 0
0.3876817, 0.5859939, 0.6315544, 0
0.5184156, 0.5923609, 0.5593029, 0
0.4465382, 0.5706935, 0.5647422, 0
0.3893571, 0.6281369, 0.6280189, 0
0.4470305, 0.584816, 0.6184944, 0
0.4369929, 0.5784901, 0.532329, 0
0.5297433, 0.600521, 0.5687071, 0
0.3749989, 0.556269, 0.5496162, 0
0.384121, 0.5374842, 0.5364333, 0
0.4713661, 0.6222203, 0.6577034, 0
0.3277449, 0.5821155, 0.6072288, 0
0.4111857, 0.5568882, 0.6031563, 0
0.4263781, 0.6010544, 0.6501933, 0
0.4613385, 0.6169273, 0.605663, 0
0.3332981, 0.5463355, 0.5181093, 0
0.5061066, 0.5445188, 0.6328576, 0
0.5311908, 0.5413634, 0.5888788, 0
0.523194, 0.5491263, 0.6524039, 0
0.4885371, 0.6173745, 0.5485706, 0
0.3677599, 0.5913538, 0.637871, 0
0.3913562, 0.5226884, 0.6064994, 0
0.3336469, 0.5829072, 0.5286891, 0
0.4484044, 0.6246647, 0.5836214, 0
0.3957909, 0.5492758, 0.5430928, 0
0.5084592, 0.6573723, 0.6164944, 0
0.3351991, 0.5314035, 0.5437863, 0
0.3993921, 0.5241891, 0.5981658, 0
0.3718368, 0.559357, 0.639658, 0
0.4175902, 0.5650616, 0.5906423, 0
0.5184557, 0.6247324, 0.5782044, 0
0.4015204, 0.5206005, 0.5891088, 0
0.4440101, 0.5487592, 0.6072143, 0
0.4704448, 0.5468392, 0.6020763, 0
0.3352027, 0.5271116, 0.6043644, 0
0.3319387, 0.6157653, 0.5774321, 0
0.4427257, 0.6338577, 0.6171876, 0
0.4856487, 0.5650688, 0.5680175, 0
0.3175882, 0.5913361, 0.6097841, 0
0.3188464, 0.5487885, 0.5505162, 0
0.4933636, 0.5429276, 0.5980819, 0
0.5179824, 0.5726919, 0.653887, 0
0.4982411, 0.5918572, 0.6376302, 0
0.3767923, 0.5499222, 0.5857816, 0
0.3375673, 0.5340109, 0.5158355, 0
0.4342155, 0.6259884, 0.5732278, 0
0.5099738, 0.578667, 0.6065165, 0
0.4982576, 0.578106, 0.5946321, 0
0.4620597, 0.6377676, 0.6001192, 0
0.3233054, 0.5852127, 0.5115904, 0
0.4090788, 0.5353707, 0.5669108, 0
0.4555784, 0.5400697, 0.6205145, 0
0.4274053, 0.6212326, 0.6225076, 0
0.5073739, 0.5808161, 0.6033814, 0
0.4120759, 0.6208732, 0.6339597, 0
0.3974747, 0.5443328, 0.6288584, 0
0.518713, 0.542035, 0.5858678, 0
0.3840105, 0.603617, 0.5639148, 0
0.3649102, 0.5672832, 0.5732859, 0
0.3566757, 0.5405792, 0.5790018, 0
0.4997349, 0.6184324, 0.6361268, 0
0.3873377, 0.5641168, 0.6436684, 0
0.4216659, 0.6245784, 0.6408728, 0
0.456832, 0.5776454, 0.6329063, 0
0.428929, 0.563064, 0.5987234, 0
0.3128408, 0.5944201, 0.5845811, 0
0.4880827, 0.6239601, 0.6407171, 0
0.488453, 0.563275, 0.6413695, 0
0.3418883, 0.5593408, 0.5843644, 0
0.4571371, 0.5434458, 0.5498624, 0
0.4176328, 0.6373607, 0.6108063, 0
0.3375549, 0.5647473, 0.5770208, 0
0.4734486, 0.5932032, 0.5445091, 0
0.3741602, 0.5948406, 0.5490544, 0
0.3879198, 0.5725862, 0.5285422, 0
0.3873071, 0.5313478, 0.5707663, 0
0.3734166, 0.5307733, 0.608803, 0
0.4185609, 0.6402226, 0.6072798, 0
0.4322182, 0.5974931, 0.5515007, 0
0.3255267, 0.6018102, 0.5891378, 0
0.3325969, 0.5864295, 0.5679521, 0
0.3680215, 0.5863232, 0.5504202, 0
0.3972889, 0.5692003, 0.6291762, 0
0.3665601, 0.5512633, 0.5521047, 0
0.4431239, 0.6222328, 0.5414382, 0
0.5004415, 0.5553386, 0.6298346, 0
0.5251695, 0.6126029, 0.5905357, 0
0.3582232, 0.5751404, 0.6390009, 0
0.3857358, 0.547209, 0.6263139, 0
0.3803176, 0.6345244, 0.5496997, 0
0.4836633, 0.5784997, 0.5429804, 0
0.4700313, 0.6332394, 0.5606562, 0
0.376528, 0.5199472, 0.6019146, 0
0.3994592, 0.5360969, 0.5449703, 0
0.4922573, 0.5370725, 0.5963471, 0
0.3284257, 0.5936693, 0.6065351, 0
0.4425853, 0.5820138, 0.5562639, 0
0.3653332, 0.5902157, 0.5525995, 0
0.5042328, 0.561473, 0.6287921, 0
0.49371, 0.602595, 0.6259022, 0
0.3313343, 0.6002707, 0.6041115, 0
0.365381, 0.5991729, 0.6096981, 0
0.4806677, 0.634576, 0.6236364, 0
0.4627911, 0.6095239, 0.5770385, 0
0.5202806, 0.598106, 0.6477162, 0
0.4756967, 0.5849349, 0.5949917, 0
0.4859532, 0.5987096, 0.6605558, 0
0.4487793, 0.5395129, 0.5638039, 0
0.4079789, 0.6303406, 0.5524086, 0
0.3694305, 0.6062151, 0.6311461, 0
0.494094, 0.5848788, 0.5779052, 0
0.3831358, 0.5544174, 0.5777448, 0
0.390862, 0.5493944, 0.5504178, 0
0.322817, 0.6122352, 0.5705366, 0
0.5250933, 0.5873314, 0.5982556, 0
0.4758017, 0.6511649, 0.601144, 0
0.3819181, 0.5876489, 0.6087493, 0
0.3733763, 0.5708953, 0.6066061, 0
0.5219532, 0.5530955, 0.647458, 0
0.3341961, 0.5596452, 0.5848003, 0
0.3217775, 0.6068698, 0.5769297, 0
0.4257103, 0.5512545, 0.5381591, 0
0.416703, 0.5765733, 0.6017714, 0
0.3545425, 0.591235, 0.5107973, 0
0.475946, 0.572614, 0.6553099, 0
0.479966, 0.6055459, 0.5940144, 0
0.4981595, 0.614134, 0.5862973, 0
0.337806, 0.6264998, 0.5745689, 0
0.3269131, 0.5152707, 0.5935144, 0
0.5151247, 0.6305835, 0.6292917, 0
0.4956067, 0.5535133, 0.5535042, 0
0.4532624, 0.6233947, 0.550891, 0
0.3392304, 0.6012669, 0.5817085, 0
0.4629539, 0.6488096, 0.5993097, 0
0.3882954, 0.5856745, 0.5448375, 0
0.4253931, 0.6206485, 0.6452519, 0
0.3854405, 0.566236, 0.5613821, 0
0.501327, 0.5670881, 0.5628309, 0
0.4858686, 0.5901936, 0.6133102, 0
0.3859935, 0.5752349, 0.558088, 0
0.4441715, 0.595633, 0.6195252, 0
0.4144053, 0.6239493, 0.6370357, 0
0.4726044, 0.6289309, 0.5808345, 0
0.32188, 0.6224207, 0.5345641, 0
0.4942533, 0.6401837, 0.6390868, 0
0.4471652, 0.5464872, 0.5772452, 0
0.3413925, 0.6212786, 0.5716682, 0
0.4496857, 0.6380821, 0.6212818, 0
0.4085266, 0.6057981, 0.6457611, 0
0.3188058, 0.5185527, 0.593476, 0
0.5133815, 0.5852994, 0.5990962, 0
0.5191783, 0.5722451, 0.642491, 0
0.3068551, 0.5658028, 0.6016129, 0
0.3731617, 0.5568752, 0.5835952, 0
0.4933318, 0.5940245, 0.5496351, 0
0.4949866, 0.5855872, 0.5692738, 0
0.4142028, 0.6274334, 0.6074675, 0
0.453343, 0.5249532, 0.5973005, 0
0.480359, 0.5516654, 0.5854166, 0
0.4229626, 0.5650811, 0.5355384, 0
0.4429052, 0.5459764, 0.584256, 0
0.3846917, 0.6243413, 0.5546775, 0
0.4399269, 0.5466471, 0.6227552, 0
0.4432034, 0.6214985, 0.6009379, 0
0.4218073, 0.6235154, 0.6238785, 0
0.4328589, 0.5762009, 0.6017944, 0
0.4836484, 0.5953893, 0.6333309, 0
0.494799, 0.658797, 0.6021656, 0
0.4922045, 0.5652273, 0.6028781, 0
0.3779407, 0.5552273, 0.6270284, 0
0.4099533, 0.5310766, 0.6184477, 0
0.4211625, 0.531765, 0.5490335, 0
0.3706298, 0.5641068, 0.5328984, 0
0.3547438, 0.6300068, 0.602288, 0
0.4451409, 0.5861454, 0.6162704, 0
0.4864585, 0.629522, 0.574236, 0
0.309255, 0.5608432, 0.6083754, 0
0.311787, 0.5827282, 0.6236774, 0
0.3685412, 0.5779563, 0.5278535, 0
0.3889455, 0.6141986, 0.5772717, 0
0.4139242, 0.6099897, 0.6002319, 0
0.5259635, 0.5606354, 0.5841879, 0
0.3919732, 0.5899683, 0.5235651, 0
0.4811169, 0.6520562, 0.6154, 0
0.4855648, 0.5451702, 0.5640954, 0
0.3785442, 0.5256683, 0.5856625, 0
0.3864855, 0.5169745, 0.5618861, 0
0.3931236, 0.6320903, 0.5779334, 0
0.3466687, 0.5339254, 0.571587, 0
0.482218, 0.6485223, 0.5804993, 0
0.3868547, 0.5985813, 0.6001753, 0
0.3556172, 0.5394422, 0.6252135, 0
0.3587177, 0.5777298, 0.5059961, 0
0.5295809, 0.5924955, 0.6027159, 0
0.5250171, 0.5890434, 0.6241627, 0
0.4242795, 0.567267, 0.5531286, 0
0.3427735, 0.628387, 0.5416985, 0
0.4414002, 0.6410146, 0.6169331, 0
0.4263151, 0.6087625, 0.6136383, 0
0.4669368, 0.5519855, 0.6382992, 0
0.5289495, 0.55027, 0.5961225, 0
0.5178851, 0.6367976, 0.618131, 0
0.4227813, 0.5671811, 0.6211239, 0
0.3861583, 0.5856057, 0.6294328, 0
0.3256883, 0.5817717, 0.5661625, 0
0.427526, 0.5441406, 0.6364816, 0
0.3151658, 0.5814776, 0.5727547, 0
0.3171417, 0.5918053, 0.6273417, 0
0.3578756, 0.6251888, 0.5961171, 0
0.4468748, 0.5406635, 0.6269956, 0
0.4812584, 0.5374557, 0.6016361, 0
0.5280431, 0.5347369, 0.6112309, 0
0.3221576, 0.6178126, 0.5601832, 0
0.5102823, 0.5772172, 0.6658819, 0
0.4791384, 0.6239107, 0.5736225, 0
0.3996913, 0.6013879, 0.576151, 0
0.3607477, 0.5663493, 0.5321643, 0
0.5185638, 0.5890617, 0.5527447, 0
0.404119, 0.6239448, 0.6339628, 0
0.350877, 0.625853, 0.598507, 0
0.3651788, 0.5803736, 0.6296638, 0
0.4580779, 0.5989712, 0.5695361, 0
0.4407327, 0.600138, 0.5966367, 0
0.502775, 0.5367939, 0.5786915, 0
0.526152, 0.5765134, 0.5779162, 0
0.486433, 0.6038243, 0.5725209, 0
0.4837955, 0.5839899, 0.5355355, 0
0.3178249, 0.6112692, 0.5403417, 0
0.3530627, 0.5398377, 0.5989642, 0
0.3390584, 0.5980982, 0.5682588, 0
0.3839566, 0.58504, 0.5380923, 0
0.3226342, 0.58211, 0.5297297, 0
0.4574724, 0.6147304, 0.644273, 0
0.3874168, 0.5420665, 0.5800866, 0
0.3234465, 0.6061921, 0.569851, 0
0.5132034, 0.6448251, 0.5643501, 0
0.510901, 0.5833486, 0.6372883, 0
0.3904857, 0.5222237, 0.5683159, 0
0.5056055, 0.5689498, 0.5593389, 0
0.391564, 0.5756561, 0.613768, 0
0.4831835, 0.6399093, 0.609106, 0
0.4713635, 0.6134245, 0.5364109, 0
0.4268315, 0.5837502, 0.6182278, 0
0.4309525, 0.6151402, 0.5884163, 0
0.3322656, 0.5159121, 0.5470252, 0
0.4291981, 0.5943467, 0.5604295, 0
0.4089065, 0.5879167, 0.5546812, 0
0.4610682, 0.5403206, 0.6061217, 0
0.388902, 0.5781862, 0.6269273, 0
0.3274468, 0.5465155, 0.5491957, 0
0.5237878, 0.6005818, 0.5707594, 0
0.5297903, 0.5462008, 0.603528, 0
0.4158891, 0.5478482, 0.5477722, 0
0.5142359, 0.5670434, 0.5967831, 0
0.4855722, 0.5794063, 0.5420036, 0
0.3253734, 0.5353661, 0.5325469, 0
0.4479357, 0.5407866, 0.5578533, 0
0.3853531, 0.5737461, 0.5676209, 0
0.4407116, 0.5364361, 0.5572523, 0
0.4831246, 0.5654297, 0.6556448, 0
0.420384, 0.6215141, 0.5378056, 0
0.3531194, 0.5215124, 0.5341119, 0
0.4327505, 0.6494215, 0.6072302, 0
0.4569931, 0.6087475, 0.57671, 0
0.4165016, 0.586132, 0.5332452, 0
0.3460986, 0.5372518, 0.608049, 0
0.3705015, 0.5258158, 0.5613563, 0
0.5179705, 0.6135803, 0.5488446, 0
0.5231299, 0.558701, 0.6283175, 0
0.3163455, 0.5845916, 0.6041016, 0
0.5025849, 0.5982558, 0.6650386, 0
0.3580952, 0.6037573, 0.5584363, 0
0.4264395, 0.6477453, 0.5740024, 0
0.3452773, 0.6101675, 0.5297371, 0
0.5087467, 0.5728327, 0.5512846, 0
0.3831834, 0.5297786, 0.6160384, 0
0.3179747, 0.6101537, 0.5425676, 0
0.3641372, 0.6002477, 0.5421245, 0
0.3875331, 0.6044073, 0.6180212, 0
0.3450942, 0.5352831, 0.576107, 0
0.4245449, 0.5331672, 0.5700933, 0
0.4961435, 0.6247625, 0.5711836, 0
0.323862, 0.5674989, 0.5172179, 0
0.3869954, 0.568365, 0.5996594, 0
0.4518058, 0.5737448, 0.5287008, 0
0.3715891, 0.6134236, 0.5752685, 0
0.450912, 0.6474551, 0.5718965, 0
0.357307, 0.5825871, 0.5956848, 0
0.4274444, 0.6406434, 0.6037322, 0
0.4718622, 0.5430951, 0.5718811, 0
0.4176827, 0.5889397, 0.6018911, 0
0.4280196, 0.5229512, 0.568935, 0
0.386483, 0.5851818, 0.5503175, 0
0.3050123, 0.6322157, 0.5677317, 0
0.3107574, 0.5888731, 0.5791053, 0
0.356887, 0.6199614, 0.5859506, 0
0.4754432, 0.535816, 0.6065617, 0
0.3817692, 0.5242051, 0.5447828, 0
0.5084624, 0.5531384, 0.6456949, 0
0.5353632, 0.587702, 0.5680664, 0
0.4066362, 0.5266847, 0.5516487, 0
0.4379358, 0.5832688, 0.5433199, 0
0.4534519, 0.6244913, 0.5826386, 0
0.4034061, 0.5611802, 0.6089994, 0
0.5035135, 0.5313852, 0.6002745, 0
0.3929127, 0.5287118, 0.5938314, 0
0.4839988, 0.5515482, 0.551546, 0
0.3611242, 0.5481536, 0.5780116, 0
0.362082, 0.5667901, 0.5597922, 0
0.4792445, 0.5473464, 0.6053382, 0
0.472811, 0.5696044, 0.6521952, 0
0.3647853, 0.5800483, 0.5724221, 0
0.4807244, 0.5625026, 0.5740736, 0
0.4550928, 0.6310321, 0.6028831, 0
0.5254728, 0.5588261, 0.6375685, 0
0.5010515, 0.5825444, 0.5555359, 0
0.3742957, 0.6263704, 0.5535085, 0
0.4610592, 0.5972699, 0.6234027, 0
0.5281425, 0.5877392, 0.5491363, 0
0.3432968, 0.5808303, 0.6227112, 0
0.4488892, 0.5429499, 0.5812111, 0
0.446382, 0.6120867, 0.6065957, 0
0.3169432, 0.5595416, 0.5664232, 0
0.3584901, 0.5927848, 0.5398844, 0
0.4533621, 0.5359281, 0.5969557, 0
0.3351802, 0.5916633, 0.5236057, 0
0.3157107, 0.5531593, 0.5661477, 0
0.3181075, 0.6213016, 0.5457137, 0
0.374169, 0.5635508, 0.5552663, 0
0.3988519, 0.5868631, 0.6241397, 0
0.4612021, 0.6031221, 0.530305, 0
0.3823147, 0.5355538, 0.5984528, 0
0.4762757, 0.6143427, 0.5808366, 0
0.5195884, 0.5816943, 0.5989839, 0
0.4214027, 0.6052839, 0.5618823, 0
0.3958573, 0.6156556, 0.5506706, 0
0.3633827, 0.6368397, 0.5850537, 0
0.3837512, 0.5683312, 0.5812161, 0
0.4907848, 0.5931177, 0.5606952, 0
0.396846, 0.5658723, 0.5446032, 0
0.3380224, 0.568621, 0.5383067, 0
0.394776, 0.6072485, 0.6334424, 0
0.4832394, 0.6351819, 0.5970637, 0
0.4143775, 0.6166965, 0.5884658, 0
0.3394536, 0.5670386, 0.6313853, 0
0.5133253, 0.5867262, 0.6180335, 0
0.3446914, 0.541039, 0.5584654, 0
0.5031897, 0.5529816, 0.5960013, 0
0.5029305, 0.6471987, 0.6052997, 0
0.3618078, 0.5921748, 0.5216879, 0
0.4239153, 0.6109912, 0.5564036, 0
0.3298377, 0.5645094, 0.6222712, 0
0.3630503, 0.5652187, 0.5960761, 0
0.415909, 0.6312966, 0.6264656, 0
0.3701841, 0.6304667, 0.5559113, 0
0.5084668, 0.6022781, 0.6278628, 0
0.5175603, 0.5726193, 0.5976225, 0
0.4770752, 0.6020776, 0.6461475, 0
0.4889124, 0.5517737, 0.6318663, 0
0.4231412, 0.5737328, 0.6329006, 0
0.3267237, 0.6095502, 0.5193222, 0
0.456999, 0.5448473, 0.5873162, 0
0.4787571, 0.5763053, 0.6016034, 0
0.4688965, 0.6140053, 0.5467554, 0
0.4514947, 0.5435415, 0.6121195, 0
0.4214945, 0.6216016, 0.5714488, 0
0.4085679, 0.5746627, 0.5530632, 0
0.396203, 0.5658849, 0.6421254, 0
0.3919451, 0.5499047, 0.5374386, 0
0.4754477, 0.551637, 0.6479192, 0
0.3725686, 0.5614969, 0.5368206, 0
0.4273956, 0.56488, 0.5495725, 0
0.4651549, 0.6523143, 0.6220173, 0
0.4843241, 0.6113424, 0.5616522, 0
0.4834757, 0.6272463, 0.6356882, 0
0.3114765, 0.6022813, 0.5925051, 0
0.349415, 0.595032, 0.614909, 0
0.3232572, 0.602591, 0.5745172, 0
0.3557195, 0.5217444, 0.5823883, 0
0.4547873, 0.5420467, 0.6270535, 0
0.4134162, 0.602361, 0.5459875, 0
0.4918406, 0.5918592, 0.6450516, 0
0.3344496, 0.5879063, 0.5162534, 0
0.4985605, 0.5779738, 0.5647808, 0
0.4492326, 0.6087919, 0.5859291, 0
0.4923353, 0.6304964, 0.6358375, 0
0.4843505, 0.6277985, 0.6491665, 0
0.3788579, 0.625796, 0.5665655, 0
0.4329242, 0.596763, 0.6140985, 0
0.5209042, 0.6117597, 0.5720124, 0
0.3112399, 0.6262427, 0.5837145, 0
0.3297187, 0.5467436, 0.5689735, 0
0.4584233, 0.5412202, 0.5922921, 0
0.4492604, 0.5795342, 0.5567653, 0
0.4758732, 0.6232554, 0.5828462, 0
0.4066764, 0.6022005, 0.5344152, 0
0.4851811, 0.6169645, 0.6617971, 0
0.5098201, 0.6063486, 0.5806916, 0
0.4417011, 0.6064479, 0.5314131, 0
0.3173145, 0.5507714, 0.6140843, 0
0.5047452, 0.5906278, 0.5913036, 0
0.5022939, 0.5401739, 0.6132617, 0
0.3723936, 0.5209922, 0.5890497, 0
0.4946609, 0.5421495, 0.600742, 0
0.3613908, 0.598368, 0.6139792, 0
0.4945098, 0.603443, 0.652674, 0
0.5084304, 0.6186734, 0.591502, 0
0.4623277, 0.5585164, 0.5607036, 0
0.4187713, 0.6063307, 0.570027, 0
0.5044862, 0.5557132, 0.5811756, 0
0.3447311, 0.5502046, 0.566038, 0
0.4622764, 0.5420843, 0.6285785, 0
0.4223028, 0.6098119, 0.604495, 0
0.4534488, 0.6399247, 0.6349273, 0
0.3483885, 0.6060265, 0.6189364, 0
0.4754643, 0.5650227, 0.577274, 0
0.3726769, 0.5901309, 0.5398831, 0
0.3649902, 0.5801894, 0.63916, 0
0.515542, 0.5684811, 0.5505487, 0
0.5252227, 0.6039205, 0.5677662, 0
0.5331025, 0.6373793, 0.5601293, 0
0.451194, 0.6175451, 0.6390741, 0
0.5450694, 0.5753108, 0.5531631, 0
0.3744915, 0.5842186, 0.5717291, 0
0.4133922, 0.5456932, 0.5813825, 0
0.4846222, 0.6041238, 0.5475154, 0
0.5270697, 0.6020432, 0.6141573, 0
0.3218576, 0.5975912, 0.5318028, 0
0.3975528, 0.5861008, 0.5577354, 0
0.4264899, 0.6468297, 0.5668343, 0
0.5265377, 0.582349, 0.546784, 0
0.4944259, 0.604786, 0.6180971, 0
0.3426995, 0.6116196, 0.5651996, 0
0.4955302, 0.574636, 0.6488093, 0
0.5145466, 0.584844, 0.6363635, 0
0.4092888, 0.6331707, 0.5950904, 0
0.5224412, 0.6378109, 0.6127012, 0
0.4980081, 0.5797336, 0.6364094, 0
0.4027544, 0.5880616, 0.6378167, 0
0.3220859, 0.5513422, 0.5499375, 0
0.3389926, 0.5184884, 0.5812624, 0
0.5163398, 0.6021835, 0.6042929, 0
0.4531608, 0.5693204, 0.5827093, 0
0.3858115, 0.6092343, 0.6185938, 0
0.5160585, 0.642293, 0.5686333, 0
0.348533, 0.544191, 0.5925984, 0
0.3970674, 0.5455615, 0.5928388, 0
0.5126488, 0.6173764, 0.5507856, 0
0.489701, 0.5533436, 0.6242397, 0
0.3077322, 0.6354252, 0.570255, 0
0.5010977, 0.6089547, 0.6337948, 0
0.5267433, 0.588495, 0.5596705, 0
0.3317627, 0.5488842, 0.5216368, 0
0.3282075, 0.5601181, 0.607712, 0
0.47162, 0.5785288, 0.5795522, 0
0.3319398, 0.5402359, 0.5340062, 0
0.405572, 0.5701517, 0.521718, 0
0.4436536, 0.5996644, 0.5726831, 0
0.3354312, 0.6197469, 0.5275055, 0
0.3357147, 0.5306321, 0.5657118, 0
0.3404786, 0.5451102, 0.5909891, 0
0.4372945, 0.6462524, 0.5743803, 0
0.3500716, 0.6243014, 0.5734541, 0
0.3867566, 0.5420026, 0.6303834, 0
0.3949471, 0.5584111, 0.6405839, 0
0.446966, 0.6321592, 0.6019403, 0
0.3502426, 0.5348468, 0.5420793, 0
0.5058746, 0.6615092, 0.6103258, 0
0.3681441, 0.6226696, 0.5566733, 0
0.451864, 0.5425336, 0.5834055, 0
0.3901472, 0.5805672, 0.5605998, 0
0.3433135, 0.610615, 0.5391782, 0
0.3757102, 0.6105741, 0.5579084, 0
0.3618766, 0.5917287, 0.5914309, 0
0.3324471, 0.5425113, 0.5257722, 0
0.3330276, 0.5974831, 0.5941854, 0
0.4747872, 0.5708239, 0.6404361, 0
0.3223757, 0.5684204, 0.556536, 0
0.4983898, 0.5907106, 0.6605414, 0
0.4828821, 0.5570841, 0.6382391, 0
0.4284856, 0.5695691, 0.5920883, 0
0.3965603, 0.6307703, 0.5949565, 0
0.3541118, 0.5370923, 0.5705897, 0
0.4139309, 0.6240358, 0.6025348, 0
0.3507195, 0.5886841, 0.6214461, 0
0.4798823, 0.5742962, 0.6548034, 0
0.4756654, 0.5388491, 0.5678313, 0
0.4776045, 0.5807014, 0.6329011, 0
0.379975, 0.5513212, 0.5326089, 0
0.3704095, 0.5550121, 0.5170341, 0
0.5039636, 0.6103814, 0.6073154, 0
0.3126335, 0.5664845, 0.5969107, 0
0.5351063, 0.6056057, 0.5826219, 0
0.4474175, 0.5768331, 0.5807562, 0
0.3631662, 0.5321949, 0.5758519, 0
0.4603637, 0.5783421, 0.5691212, 0
0.4336143, 0.5670074, 0.6101571, 0
0.4043333, 0.5972701, 0.5561422, 0
0.4030507, 0.6015731, 0.5854717, 0
0.3796122, 0.5959104, 0.548502, 0
0.5319936, 0.5689002, 0.6086383, 0
0.3302874, 0.5375885, 0.5685883, 0
0.4288492, 0.6156469, 0.6406215, 0
0.4210266, 0.6335155, 0.5472583, 0
0.4494956, 0.6012911, 0.5569943, 0
0.502901, 0.5673581, 0.5844031, 0
0.4664184, 0.5865946, 0.5804673, 0
0.3323271, 0.6381939, 0.5728699, 0
0.3749657, 0.5635248, 0.5226794, 0
0.4000896, 0.6406724, 0.584981, 0
0.407662, 0.5582074, 0.6033652, 0
0.4540436, 0.6280949, 0.5954193, 0
0.3393284, 0.5561717, 0.5514551, 0
0.4600025, 0.5290028, 0.5848116, 0
0.4711209, 0.6297915, 0.6080102, 0
0.3760312, 0.5782967, 0.546251, 0
0.5062452, 0.6153054, 0.5728829, 0
0.3407613, 0.5512497, 0.6042846, 0
0.5010902, 0.6311867, 0.623137, 0
0.3762859, 0.6128613, 0.5815264, 0
0.4913867, 0.611243, 0.5995325, 0
0.4012065, 0.5340043, 0.5652585, 0
0.3938765, 0.5586221, 0.5322075, 0
0.3711025, 0.5126634, 0.5710356, 0
0.477095, 0.6576471, 0.6047614, 0
0.5159245, 0.5614044, 0.5916635, 0
0.4038565, 0.5938861, 0.5610078, 0
0.3321329, 0.6226056, 0.591755, 0
0.5216697, 0.6206174, 0.5960159, 0
0.4010208, 0.5940733, 0.5279909, 0
0.5386278, 0.5636236, 0.5599078, 0
0.3703312, 0.5274534, 0.5852842, 0
0.4511099, 0.5420596, 0.6313262, 0
0.3371429, 0.5485268, 0.5912625, 0
0.3263755, 0.6130813, 0.6169121, 0
0.4138227, 0.5884276, 0.543072, 0
0.4660385, 0.5456319, 0.5463206, 0
0.5076553, 0.5895607, 0.5812085, 0
0.4814394, 0.6367728, 0.588028, 0
0.3151104, 0.624695, 0.5350857, 0
0.5018806, 0.6140032, 0.6330775, 0
0.3497129, 0.5678886, 0.5620635, 0
0.4141947, 0.5908523, 0.5600659, 0
0.3467288, 0.5966691, 0.5564971, 0
0.4380108, 0.5679064, 0.5641225, 0
0.4043294, 0.5850539, 0.5612557, 0
0.3186467, 0.5838873, 0.624864, 0
0.518179, 0.5648316, 0.5674033, 0
0.4590872, 0.639371, 0.61742, 0
0.3374299, 0.5528545, 0.5559306, 0
0.4542979, 0.5362964, 0.6020088, 0
0.4677868, 0.6044196, 0.5339078, 0
0.5213008, 0.5963281, 0.5679843, 0
0.4078317, 0.5604162, 0.5814151, 0
0.3284192, 0.593859, 0.5849841, 0
0.4522753, 0.5810524, 0.5616623, 0
0.3925057, 0.6099544, 0.6295077, 0
0.4334711, 0.5514625, 0.5566802, 0
0.3433842, 0.5988117, 0.5425763, 0
0.3417233, 0.5746202, 0.5633634, 0
0.3816333, 0.5959675, 0.5475814, 0
0.3580582, 0.5498006, 0.528046, 0
0.40455, 0.5294047, 0.6056772, 0
0.3786418, 0.5837808, 0.5716122, 0
0.4954158, 0.5830691, 0.5742154, 0
0.5098431, 0.5558891, 0.6156569, 0
0.4937115, 0.5771992, 0.6455691, 0
0.3217953, 0.5839836, 0.5962805, 0
0.3547363, 0.6373407, 0.5600364, 0
0.3759241, 0.5384483, 0.6201027, 0
0.5146701, 0.6025591, 0.6515258, 0
0.5250709, 0.5560071, 0.5974022, 0
0.4441926, 0.6132389, 0.6353045, 0
0.3799928, 0.5551228, 0.5518789, 0
0.3876839, 0.6164407, 0.5259029, 0
0.3549386, 0.6029791, 0.5979885, 0
0.4394419, 0.5828955, 0.5639707, 0
0.3452892, 0.6028221, 0.517913, 0
0.3871411, 0.5912999, 0.5988245, 0
0.4103204, 0.5531176, 0.5358598, 0
0.407058, 0.5851137, 0.610972, 0
0.5122067, 0.549224, 0.5692426, 0
0.4938462, 0.5745211, 0.5929759, 0
0.4571716, 0.6013519, 0.6601465, 0
0.3558369, 0.584361, 0.5855712, 0
0.3206092, 0.5396772, 0.5712928, 0
0.4196799, 0.6297232, 0.6007675, 0
0.336464, 0.5165567, 0.54827, 0
0.3250227, 0.582391, 0.5887972, 0
0.3395978, 0.5345625, 0.5486874, 0
0.4564132, 0.6038434, 0.5603499, 0
0.4321432, 0.5999044, 0.5860659, 0
0.4613434, 0.6199633, 0.5896153, 0
0.5227563, 0.6138508, 0.5730841, 0
0.4451457, 0.5963556, 0.5697564, 0
0.5315154, 0.5858349, 0.6072008, 0
0.3421635, 0.5336568, 0.5873906, 0
0.4253568, 0.5380074, 0.6094568, 0
0.4663848, 0.6172317, 0.6376942, 0
0.5332676, 0.6275463, 0.5636448, 0
0.4791814, 0.567703, 0.5745783, 0
0.4146019, 0.5802862, 0.576734, 0
0.4583049, 0.5610315, 0.5823268, 0
0.3793233, 0.56832, 0.5654433, 0
0.4892222, 0.5526417, 0.6346726, 0
0.4932482, 0.5528883, 0.6042842, 0
0.3330547, 0.5230176, 0.589664, 0
0.3928447, 0.6005786, 0.5854027, 0
0.4017307, 0.5974571, 0.5666133, 0
0.3698818, 0.5700315, 0.5924941, 0
0.3056729, 0.5766382, 0.5928804, 0
0.3274476, 0.6036232, 0.5683536, 0
0.4147305, 0.5492064, 0.6250424, 0
0.4195591, 0.5675656, 0.6399875, 0
0.4475343, 0.5975404, 0.6186888, 0
0.4734215, 0.5573879, 0.5864797, 0
0.5380421, 0.5708643, 0.5565796, 0
0.332786, 0.5279832, 0.5936758, 0
0.3488913, 0.5884891, 0.5930442, 0
0.349911, 0.5546791, 0.5929711, 0
0.40541, 0.5997408, 0.5353206, 0
0.3532555, 0.6092036, 0.6045744, 0
0.3349089, 0.6083409, 0.5231192, 0
0.3820497, 0.6044015, 0.6234608, 0
0.4515375, 0.5847503, 0.6414607, 0
0.3234042, 0.5621189, 0.5850471, 0
0.4470247, 0.5735174, 0.56392, 0
0.4307648, 0.5547595, 0.6172149, 0
0.3582836, 0.5273567, 0.5685291, 0
0.4184057, 0.58348, 0.5635507, 0
0.4970801, 0.6508251, 0.6267554, 0
0.479367, 0.6463277, 0.618533, 0
0.4248724, 0.6277866, 0.5524817, 0
0.3880111, 0.5865553, 0.5542259, 0
0.4495142, 0.6158132, 0.5844127, 0
0.3570901, 0.5552489, 0.5695355, 0
0.4274818, 0.5466291, 0.6150156, 0
0.4159972, 0.60934, 0.5310327, 0
0.3434482, 0.5848491, 0.5419079, 0
0.366359, 0.600527, 0.5387892, 0
0.4135129, 0.5935583, 0.5834334, 0
0.343049, 0.5711929, 0.5677271, 0
0.3423687, 0.5389528, 0.5712166, 0
0.45479, 0.5650837, 0.5332706, 0
0.4974184, 0.5365727, 0.603948, 0
0.461783, 0.5539181, 0.5429506, 0
0.3697505, 0.5686878, 0.5445642, 0
0.3731057, 0.5435384, 0.5915245, 0
0.3656814, 0.5961881, 0.5571897, 0
0.5012327, 0.5520819, 0.6156178, 0
0.4027493, 0.5343738, 0.582708, 0
0.3572274, 0.5365336, 0.5247714, 0
0.4542435, 0.5517044, 0.5386943, 0
0.3060162, 0.6052479, 0.6150984, 0
0.3818802, 0.5660419, 0.6356848, 0
0.4043464, 0.5821665, 0.5264524, 0
0.3645945, 0.5463624, 0.6076277, 0
0.5286794, 0.5797485, 0.5786526, 0
0.3626146, 0.5663, 0.6367831, 0
0.4532025, 0.5820423, 0.5736295, 0
0.5024967, 0.53955, 0.5688373, 0
0.370449, 0.6314463, 0.5719292, 0
0.439619, 0.532873, 0.6158314, 0
0.4616451, 0.5937294, 0.5603974, 0
0.4005657, 0.5767185, 0.5596026, 0
0.4069288, 0.6178038, 0.5449603, 0
0.4424915, 0.63344, 0.6336276, 0
0.5011127, 0.5648368, 0.576461, 0
0.446224, 0.5408491, 0.6315717, 0
0.3034698, 0.5825181, 0.6098773, 0
0.3913984, 0.6056879, 0.6226567, 0
0.340025, 0.5801327, 0.5416454, 0
0.5047208, 0.5951228, 0.6324313, 0
0.4316717, 0.6343585, 0.6021058, 0
0.3233273, 0.6363595, 0.5726331, 0
0.3738204, 0.5999505, 0.5346134, 0
0.4366351, 0.5535799, 0.6280348, 0
0.4220296, 0.5839823, 0.591944, 0
0.3409463, 0.5462336, 0.5926337, 0
0.3662892, 0.5415768, 0.5887944, 0
0.5097434, 0.535982, 0.5795703, 0
0.3802865, 0.6108068, 0.6250581, 0
0.3642063, 0.6124856, 0.5263495, 0
0.3870035, 0.6399205, 0.5751365, 0
0.385829, 0.6001111, 0.5350372, 0
0.5251476, 0.562695, 0.5997227, 0
0.5049862, 0.5715896, 0.5835454, 0
0.4659179, 0.528017, 0.5967997, 0
0.4484658, 0.5902954, 0.6446034, 0
0.4198246, 0.5678103, 0.5935448, 0
0.4412487, 0.6144791, 0.6479825, 0
0.3964559, 0.5353971, 0.5526125, 0
0.3761047, 0.5371156, 0.6060185, 0
0.3201613, 0.5961379, 0.6270702, 0
0.4246432, 0.6390188, 0.5628954, 0
0.3947092, 0.6166776, 0.5779208, 0
0.3659573, 0.6102406, 0.6117979, 0
0.5210101, 0.5951197, 0.5517707, 0
0.5045269, 0.6100267, 0.6474263, 0
0.4254063, 0.5894538, 0.5273363, 0
0.4755115, 0.6192112, 0.6121173, 0
0.3567653, 0.535036, 0.6026864, 0
0.3271667, 0.5792518, 0.5422799, 0
0.4400471, 0.6276544, 0.5566401, 0
0.4717326, 0.5403128, 0.5793333, 0
0.3575596, 0.5279129, 0.6161203, 0
0.3637733, 0.5478812, 0.5223244, 0
0.4002348, 0.6072673, 0.5455224, 0
0.3921641, 0.6187413, 0.5812315, 0
0.5364404, 0.5464491, 0.6031911, 0
0.4703823, 0.5631275, 0.5979692, 0
0.512629, 0.6121179, 0.6541514, 0
0.3975244, 0.5977069, 0.5959437, 0
0.4768355, 0.6134609, 0.56409, 0
0.5020208, 0.6133861, 0.5547893, 0
0.3923344, 0.5706643, 0.5900937, 0
0.423903, 0.5886265, 0.5721858, 0
0.4493232, 0.6079261, 0.5810966, 0
0.4808371, 0.6006086, 0.6006045, 0
0.3741713, 0.5706553, 0.5222871, 0
0.4813957, 0.6532409, 0.6156883, 0
0.4146889, 0.5665238, 0.5934765, 0
0.4678341, 0.5737374, 0.6451178, 0
0.3869497, 0.5463609, 0.5601074, 0
0.4771407, 0.6238885, 0.5779107, 0
0.4596636, 0.538266, 0.6239603, 0
0.3651472, 0.6102344, 0.5341598, 0
0.515484, 0.6130797, 0.5539123, 0
0.4737378, 0.5458688, 0.5827327, 0
0.3691784, 0.5670555, 0.567502, 0
0.3038523, 0.5930696, 0.6055458, 0
0.5020403, 0.6001489, 0.571689, 0
0.459266, 0.6116428, 0.5628467, 0
0.4156373, 0.6412362, 0.6007594, 0
0.3469347, 0.587518, 0.5698633, 0
0.3100686, 0.544066, 0.5955906, 0
0.3312662, 0.6113455, 0.5403007, 0
0.4806479, 0.5853688, 0.5686303, 0
0.4719538, 0.5491623, 0.637203, 0
0.4274431, 0.6064268, 0.6456772, 0
0.3813093, 0.5769289, 0.5422963, 0
0.3142797, 0.6170979, 0.5733302, 0
0.5332763, 0.5620213, 0.5982079, 0
0.4141164, 0.6219394, 0.5554639, 0
0.3905816, 0.5993179, 0.5736335, 0
0.4664479, 0.5372769, 0.5847889, 0
0.4848114, 0.6374674, 0.5959118, 0
0.3852827, 0.5675518, 0.6287054, 0
0.4697894, 0.6461866, 0.6143836, 0
0.3987612, 0.5523797, 0.6029245, 0
0.4222716, 0.5416946, 0.5545689, 0
0.4000857, 0.5956623, 0.5425436, 0
0.3536673, 0.607278, 0.5471248, 0
0.4939531, 0.609866, 0.6400117, 0
0.4461601, 0.5448654, 0.5461605, 0
0.3990988, 0.5273442, 0.5715057, 0
0.493938, 0.5553147, 0.6041675, 0
0.4665005, 0.6481535, 0.6065704, 0
0.5180864, 0.6218205, 0.6535116, 0
0.5247589, 0.5788503, 0.5475466, 0
0.485393, 0.5751619, 0.632103, 0
0.4634262, 0.5999627, 0.6081105, 0
0.3186317, 0.6032437, 0.5433381, 0
0.5116023, 0.56133, 0.6247178, 0
0.4600812, 0.6059735, 0.5621879, 0
0.3627302, 0.5386558, 0.5552824, 0
0.4225674, 0.5847157, 0.6492473, 0
0.3575525, 0.5624126, 0.6363901, 0
0.4173045, 0.5968494, 0.6165225, 0
0.4140357, 0.5921212, 0.5973082, 0
0.45671, 0.6147345, 0.6549603, 0
0.4185182, 0.6150482, 0.6439344, 0
0.5000639, 0.6412717, 0.6006312, 0
0.4238518, 0.5409257, 0.5819404, 0
0.354891, 0.5806053, 0.5804501, 0
0.5285519, 0.5578032, 0.5582586, 0
0.3118651, 0.6247212, 0.5465293, 0
0.4170693, 0.6371228, 0.5585176, 0
0.4848121, 0.6565546, 0.6125709, 0
0.360822, 0.588912, 0.5159388, 0
0.3754655, 0.6075061, 0.5773439, 0
0.5077696, 0.5972036, 0.56078, 0
0.3167803, 0.5558304, 0.5555493, 0
0.3245804, 0.5647413, 0.5145112, 0
0.519875, 0.5504425, 0.5931839, 0
0.4847028, 0.6087877, 0.6302479, 0
0.3789114, 0.5556046, 0.5535275, 0
0.3428747, 0.6232004, 0.5778446, 0
0.3827249, 0.5934774, 0.6134765, 0
0.4380405, 0.5591613, 0.6502011, 0
0.3234516, 0.581869, 0.5138993, 0
0.5187953, 0.5701572, 0.5463964, 0
0.3432666, 0.5328762, 0.571833, 0
0.4289919, 0.5834972, 0.5575073, 0
0.3781145, 0.5711033, 0.6290835, 0
0.4557544, 0.5648239, 0.6096364, 0
0.5184532, 0.5424286, 0.5911756, 0
0.4390429, 0.6296118, 0.6167435, 0
0.4862627, 0.5411239, 0.574117, 0
0.4440314, 0.6449518, 0.6136214, 0
0.3650404, 0.5780808, 0.6055911, 0
0.4104601, 0.5653956, 0.6045906, 0
0.4709386, 0.5795752, 0.6188353, 0
0.4217005, 0.6430691, 0.5786696, 0
0.4137099, 0.5809677, 0.6450186, 0
0.3503498, 0.5706491, 0.5709451, 0
0.456784, 0.5937369, 0.6365619, 0
0.4061525, 0.5459902, 0.6002108, 0
0.3106275, 0.5751568, 0.5834001, 0
0.3707212, 0.5910524, 0.5479178, 0
0.3864208, 0.5647243, 0.5601395, 0
0.3931237, 0.5352283, 0.5522488, 0
0.3347114, 0.57645, 0.5171865, 0
0.3224459, 0.6213033, 0.55113, 0
0.3912563, 0.5153995, 0.5855176, 0
0.4777713, 0.5425796, 0.5884188, 0
0.3559128, 0.581681, 0.6251507, 0
0.4595234, 0.5523431, 0.589431, 0
0.3908854, 0.6244121, 0.5487528, 0
0.4063851, 0.5721341, 0.624536, 0
0.4198867, 0.6179239, 0.5391249, 0
0.4661841, 0.6113634, 0.6427463, 0
0.3429568, 0.6164999, 0.540949, 0
0.4989182, 0.6373781, 0.6326041, 0
0.4017043, 0.5824334, 0.5400017, 0
0.4450506, 0.5501788, 0.6026478, 0
0.3825886, 0.5656377, 0.5433024, 0
0.3561709, 0.6007284, 0.6210517, 0
0.4294337, 0.6262584, 0.5840377, 0
0.5085219, 0.5752156, 0.5847389, 0
0.5233622, 0.5961421, 0.5608761, 0
0.4882914, 0.6158692, 0.5517682, 0
0.3969428, 0.5783718, 0.6385445, 0
0.4854982, 0.5857374, 0.5810887, 0
0.4384347, 0.5591756, 0.5324979, 0
0.4987023, 0.5678727, 0.601898, 0
0.4712454, 0.6308789, 0.6293926, 0
0.3522035, 0.5220947, 0.5593892, 0
0.3329503, 0.6013637, 0.6144539, 0
0.3839488, 0.5464594, 0.5654069, 0
0.327305, 0.573278, 0.5476741, 0
0.4955737, 0.6127239, 0.6307208, 0
0.4127792, 0.5986481, 0.5694642, 0
0.4068352, 0.6461095, 0.5947983, 0
0.4305913, 0.6143214, 0.6441755, 0
0.3572338, 0.5365329, 0.570622, 0
0.5030556, 0.5379251, 0.6278872, 0
0.530007, 0.5532841, 0.6312909, 0
0.4382229, 0.574354, 0.6024588, 0
0.5086265, 0.6582935, 0.6075295, 0
0.5158973, 0.63805, 0.6183903, 0
0.4742481, 0.5547281, 0.5980023, 0
0.4514904, 0.5957617, 0.6454792, 0
0.4060355, 0.5730559, 0.5827643, 0
0.3336692, 0.5886263, 0.6061717, 0
0.3349998, 0.6097886, 0.6010568, 0
0.3234086, 0.5805897, 0.5908915, 0
0.3927299, 0.5348352, 0.5810679, 0
0.5070912, 0.6553015, 0.6126274, 0
0.381996, 0.564244, 0.5611106, 0
0.5021935, 0.5620986, 0.6460384, 0
0.4245391, 0.6439044, 0.6036136, 0
0.3725394, 0.6024882, 0.5741133, 0
0.3686763, 0.5752566, 0.6403018, 0
0.3186456, 0.5464594, 0.596394, 0
0.3198894, 0.6333304, 0.5748733, 0
0.4802964, 0.5723811, 0.5605164, 0
0.3114496, 0.6150555, 0.5959788, 0
0.3953688, 0.5800776, 0.5297838, 0
0.3384815, 0.589819, 0.623232, 0
0.51337, 0.5883225, 0.5766006, 0
0.5216994, 0.6194413, 0.6136254, 0
0.3103211, 0.5806703, 0.5955982, 0
0.4557085, 0.6370354, 0.634183, 0
0.4864031, 0.6067809, 0.5940625, 0
0.510965, 0.6197495, 0.5617248, 0
0.4113397, 0.5654238, 0.5595858, 0
0.4408073, 0.621421, 0.5989311, 0
0.4499107, 0.5668864, 0.6504581, 0
0.4436935, 0.585801, 0.5421619, 0
0.3470517, 0.5784666, 0.5453324, 0
0.4297004, 0.6273181, 0.5942997, 0
0.3479149, 0.5844032, 0.5171103, 0
0.4263268, 0.5738881, 0.61047, 0
0.3481829, 0.5688037, 0.547958, 0
0.5256894, 0.5523797, 0.5883793, 0
0.3985444, 0.5860388, 0.5852354, 0
0.4359142, 0.5553412, 0.6077157, 0
0.462879, 0.5508115, 0.5572867, 0
0.501654, 0.6135061, 0.6315724, 0
0.4207075, 0.5290317, 0.5903245, 0
0.4846365, 0.5662991, 0.5985489, 0
0.4331699, 0.5415841, 0.6127682, 0
0.3314914, 0.5906532, 0.5539983, 0
0.4184718, 0.5685728, 0.550992, 0
0.3540034, 0.6116366, 0.5902603, 0
0.3757939, 0.576314, 0.6187211, 0
0.4352492, 0.6328427, 0.6174468, 0
0.3713251, 0.5769933, 0.5444105, 0
0.3718515, 0.5597931, 0.5132567, 0
0.5103255, 0.6045372, 0.5718184, 0
0.3469985, 0.5605162, 0.5917928, 0
0.3552062, 0.5729876, 0.5986089, 0
0.448255, 0.5547942, 0.649006, 0
0.3569593, 0.6077257, 0.6150115, 0
0.3849636, 0.6023142, 0.6197128, 0
0.5281913, 0.6421598, 0.5645571, 0
0.5084358, 0.5851018, 0.5685794, 0
0.3355812, 0.5280144, 0.6144071, 0
0.3369735, 0.5609578, 0.5264561, 0
0.4487827, 0.6408303, 0.6294202, 0
0.3318101, 0.6017682, 0.5367613, 0
0.3589193, 0.5569136, 0.5665206, 0
0.3492461, 0.5911353, 0.5371465, 0
0.3473807, 0.5416417, 0.6061169, 0
0.3096747, 0.6146685, 0.5718583, 0
0.3977399, 0.5234493, 0.565168, 0
0.4054038, 0.6321142, 0.6230959, 0
0.4153623, 0.5244014, 0.6103148, 0
0.4238994, 0.5549766, 0.6343315, 0
0.4612977, 0.5528347, 0.6113524, 0
0.476957, 0.6007212, 0.6181899, 0
0.5156062, 0.5747484, 0.6571263, 0
0.4289967, 0.6026037, 0.5549518, 0
0.4875911, 0.5730105, 0.5473053, 0
0.4637025, 0.5986198, 0.535715, 0
0.3825873, 0.6080309, 0.6040165, 0
0.4862753, 0.572021, 0.5399731, 0
0.3148026, 0.6218354, 0.5610359, 0
0.3933463, 0.6144492, 0.5804756, 0
0.4662367, 0.5915313, 0.6199183, 0
0.4198271, 0.5808961, 0.6080859, 0
0.5047817, 0.5776616, 0.61353, 0
0.4033521, 0.5969912, 0.5261333, 0
0.3299434, 0.6001593, 0.5393932, 0
0.3276915, 0.6062363, 0.5186562, 0
0.5351463, 0.5848004, 0.585128, 0
0.4260213, 0.540616, 0.6237311, 0
0.5040053, 0.5298061, 0.60765, 0
0.4544888, 0.5361397, 0.6185133, 0
0.4285727, 0.6084641, 0.5950462, 0
0.464833, 0.5945656, 0.6519839, 0
0.4005201, 0.5347883, 0.5760355, 0
0.4914157, 0.626654, 0.641829, 0
0.3936087, 0.5494738, 0.6283703, 0
0.4642518, 0.5521078, 0.6386145, 0
0.4068708, 0.5825965, 0.5828773, 0
0.3111703, 0.6195063, 0.6064219, 0
0.5052655, 0.5490663, 0.607524, 0
0.3926306, 0.6047698, 0.5973675, 0
0.3733995, 0.5487999, 0.6325303, 0
0.4126712, 0.6185556, 0.5834388, 0
0.3632006, 0.537846, 0.5565269, 0
0.3836716, 0.5784713, 0.5813989, 0
0.4891346, 0.566861, 0.5410504, 0
0.4848842, 0.5552506, 0.5684427, 0
0.3424921, 0.5478268, 0.549108, 0
0.342857, 0.6078591, 0.5912868, 0
0.4620818, 0.5899609, 0.5494492, 0
0.5181108, 0.6381421, 0.615658, 0
0.4248633, 0.612839, 0.5965719, 0
0.4054136, 0.5653881, 0.5366136, 0
0.4825866, 0.534428, 0.6203917, 0
0.416472, 0.6096004, 0.5493844, 0
0.3334379, 0.6376897, 0.5618207, 0
0.4841203, 0.5818459, 0.6063367, 0
0.5070381, 0.5645531, 0.6134514, 0
0.3325076, 0.6103833, 0.6112746, 0
0.4536071, 0.5559238, 0.5921953, 0
0.4342406, 0.5307433, 0.5726557, 0
0.521691, 0.6484414, 0.6039484, 0
0.5263949, 0.5602779, 0.570272, 0
0.4003417, 0.5753353, 0.5777656, 0
0.32344, 0.5836799, 0.5392017, 0
0.3353552, 0.6030459, 0.5355935, 0
0.4872413, 0.543427, 0.6094044, 0
0.3666005, 0.5859656, 0.5641314, 0
0.3328579, 0.5964723, 0.6132793, 0
0.3401854, 0.6244931, 0.5822094, 0
0.4107192, 0.6447216, 0.5999464, 0
0.3480127, 0.5611793, 0.6316578, 0
0.5129128, 0.6071334, 0.5592077, 0
0.4538151, 0.6386283, 0.5785732, 0
0.431124, 0.6196193, 0.5320144, 0
0.5241427, 0.5505525, 0.6059666, 0
0.4926935, 0.5623612, 0.589326, 0
0.5057589, 0.5455036, 0.5754302, 0
0.3323582, 0.5637806, 0.5525687, 0
0.4346746, 0.6227472, 0.6123474, 0
0.4944565, 0.5923238, 0.6003125, 0
0.3712216, 0.6262903, 0.5714619, 0
0.478713, 0.6487157, 0.6277792, 0
0.4256628, 0.6417313, 0.6033578, 0
0.4448482, 0.607013, 0.5305744, 0
0.475324, 0.6119606, 0.646125, 0
0.4521431, 0.6139922, 0.5828943, 0
0.5035399, 0.6272708, 0.5740076, 0
0.358546, 0.5519602, 0.6180993, 0
0.4128133, 0.6297796, 0.5427003, 0
0.453204, 0.5909688, 0.6066359, 0
0.5182309, 0.6472351, 0.5828888, 0
0.4070821, 0.5971817, 0.6446382, 0
0.506468, 0.6189477, 0.5455112, 0
0.4329063, 0.5496622, 0.6298496, 0
0.4126368, 0.5702673, 0.5395594, 0
0.3466611, 0.525795, 0.5386035, 0
0.3685608, 0.6043038, 0.5283517, 0
0.4724077, 0.5993432, 0.5492666, 0
0.4761434, 0.5480977, 0.5893593, 0
0.454404, 0.6115225, 0.5382954, 0
0.3561047, 0.618116, 0.5959728, 0
0.4696282, 0.6069101, 0.6091239, 0
0.3898019, 0.6040153, 0.5997996, 0
0.5048007, 0.5638198, 0.6417109, 0
0.3472451, 0.6052017, 0.5515347, 0
0.4953246, 0.5520384, 0.5542441, 0
0.4229899, 0.569657, 0.5987078, 0
0.5073485, 0.5777633, 0.5608659, 0
0.5206787, 0.6071841, 0.5633954, 0
0.4941437, 0.6254852, 0.5519716, 0
0.3285587, 0.5495232, 0.5795416, 0
0.4747904, 0.5711648, 0.5979468, 0
0.3831829, 0.5743473, 0.526458, 0
0.4715741, 0.5759395, 0.6038119, 0
0.5179387, 0.6162581, 0.5830648, 0
0.3712697, 0.5875561, 0.6043034, 0
0.4470673, 0.5700405, 0.5355962, 0
0.45272, 0.6496436, 0.5777102, 0
0.3155643, 0.5823601, 0.5797342, 0
0.511098, 0.5700089, 0.5730888, 0
0.3194101, 0.5989424, 0.5993179, 0
0.340293, 0.6046326, 0.5294109, 0
0.4658181, 0.6551064, 0.5865626, 0
0.3909711, 0.5946009, 0.5250579, 0
0.3294857, 0.5482882, 0.6217877, 0
0.3756021, 0.5520666, 0.5770613, 0
0.4301613, 0.5965725, 0.628374, 0
0.4659318, 0.6285936, 0.6132593, 0
0.3935125, 0.5631112, 0.5589415, 0
0.4267209, 0.5281391, 0.5833868, 0
0.4780213, 0.6374238, 0.6216434, 0
0.4380694, 0.5766822, 0.5745828, 0
0.3224986, 0.5637894, 0.5957491, 0
0.3295285, 0.5365074, 0.5428171, 0
0.3732295, 0.6064979, 0.5359656, 0
0.5053314, 0.5824039, 0.5863085, 0
0.5020257, 0.5380524, 0.5795214, 0
0.372795, 0.5575544, 0.5665575, 0
0.4977459, 0.5526946, 0.5523898, 0
0.5235119, 0.5527955, 0.5811385, 0
0.5040218, 0.5814567, 0.5875388, 0
0.3479712, 0.575643, 0.604654, 0
0.418283, 0.6170157, 0.5337176, 0
0.4953869, 0.6196467, 0.64376, 0
0.3257269, 0.5774065, 0.6326805, 0
0.5087404, 0.5841684, 0.6498541, 0
0.3731428, 0.5684142, 0.5532877, 0
0.4322849, 0.608469, 0.5884424, 0
0.3084679, 0.6134545, 0.5939667, 0
0.3899384, 0.5800829, 0.6303213, 0
0.4161252, 0.5282291, 0.5891651, 0
0.5293289, 0.6184855, 0.584193, 0
0.3795895, 0.5176171, 0.5956169, 0
0.4721551, 0.5525874, 0.5589995, 0
0.3521746, 0.5841711, 0.5398693, 0
0.4224481, 0.5894635, 0.6259665, 0
0.3246313, 0.5594297, 0.5863537, 0
0.3126405, 0.5723485, 0.5715735, 0
0.3772042, 0.5422914, 0.5340815, 0
0.5244068, 0.5415273, 0.6183405, 0
0.3733075, 0.5894707, 0.5851477, 0
0.4610898, 0.5903192, 0.5497094, 0
0.3545911, 0.5753424, 0.6071097, 0
0.4035479, 0.5579181, 0.5353446, 0
0.3268861, 0.5301074, 0.5290849, 0
0.5386427, 0.5511142, 0.580718, 0
0.4917054, 0.595434, 0.6404509, 0
0.4040809, 0.5469276, 0.5762748, 0
0.4912619, 0.625172, 0.6331383, 0
0.3839358, 0.6020074, 0.579792, 0
0.421582, 0.6394106, 0.592944, 0
0.3688886, 0.5794063, 0.5675834, 0
0.4852889, 0.550041, 0.5548275, 0
0.4437266, 0.5726437, 0.5481859, 0
0.3409558, 0.6083432, 0.5582405, 0
0.3586555, 0.5763189, 0.6284046, 0
0.5103599, 0.6170925, 0.5977724, 0
0.3814273, 0.5897536, 0.6374083, 0
0.4585287, 0.5932297, 0.6260191, 0
0.3808365, 0.5673491, 0.57498, 0
0.4999204, 0.6286393, 0.6287793, 0
0.3369675, 0.5163828, 0.5656103, 0
0.5147824, 0.6131089, 0.5784185, 0
0.3783821, 0.6140672, 0.5321288, 0
0.4753038, 0.5616006, 0.6345494, 0
0.3196213, 0.5629196, 0.6005812, 0
0.4608834, 0.5437233, 0.6313597, 0
0.4497162, 0.5798593, 0.6381853, 0
0.3584345, 0.5759844, 0.5866506, 0
0.3955905, 0.5959349, 0.5945494, 0
0.4130301, 0.6410489, 0.5556356, 0
0.3492991, 0.522388, 0.5790982, 0
0.3523637, 0.5904895, 0.5325163, 0
0.3984994, 0.5844372, 0.6272691, 0
0.5188417, 0.6615694, 0.6233299, 0
0.5103326, 0.607264, 0.5835884, 0
0.4732512, 0.5483164, 0.5534676, 0
0.4567167, 0.6024659, 0.5713851, 0
0.4906816, 0.5627202, 0.5613868, 0
0.3209996, 0.6141852, 0.5785679, 0
0.4859551, 0.62748, 0.5814463, 0
0.3273489, 0.6242197, 0.5544336, 0
0.4913553, 0.5639544, 0.5779691, 0
0.392011, 0.6422686, 0.6036856, 0
0.4614155, 0.5867372, 0.6520952, 0
0.446546, 0.6188782, 0.6451268, 0
0.5046273, 0.6202085, 0.5894244, 0
0.5070935, 0.5491313, 0.5803906, 0
0.4136796, 0.6178529, 0.6191253, 0
0.5074801, 0.5934842, 0.6329086, 0
0.3395122, 0.5923926, 0.5548914, 0
0.3223432, 0.5532396, 0.5432404, 0
0.3662434, 0.5760246, 0.5626189, 0
0.3311443, 0.5345427, 0.5539698, 0
0.4932756, 0.6151038, 0.6369612, 0
0.3636259, 0.5258774, 0.6113762, 0
0.4775518, 0.6101054, 0.6602365, 0
0.5172786, 0.5820559, 0.6298527, 0
0.5260351, 0.5788278, 0.5554643, 0
0.4830076, 0.5668026, 0.5803526, 0
0.3589121, 0.5797042, 0.5702724, 0
0.3835178, 0.5505916, 0.5687384, 0
0.3950637, 0.5379883, 0.6250038, 0
0.4969025, 0.641026, 0.5698523, 0
0.397588, 0.5793223, 0.5593708, 0
0.3736246, 0.5988115, 0.5216835, 0
0.4617928, 0.6295454, 0.5733156, 0
0.3591729, 0.5676365, 0.5214733, 0
0.3768576, 0.5512235, 0.5254956, 0
0.3423455, 0.6252763, 0.5316382, 0
0.4217789, 0.6133338, 0.6305556, 0
0.4245821, 0.639573, 0.5821822, 0
0.337456, 0.5698298, 0.5963663, 0
0.3953965, 0.5689147, 0.5266491, 0
0.4374574, 0.5558066, 0.6036938, 0
0.4405411, 0.6202391, 0.5358446, 0
0.5109721, 0.5933598, 0.5574493, 0
0.4091505, 0.5728233, 0.5259864, 0
0.5264313, 0.5781822, 0.5924824, 0
0.4295319, 0.6017441, 0.5852341, 0
0.3545019, 0.6047991, 0.5408842, 0
0.3562492, 0.5525417, 0.5348725, 0
0.4805789, 0.5969263, 0.6452582, 0
0.3736799, 0.5834905, 0.518139, 0
0.4529563, 0.5800448, 0.5568116, 0
0.4915884, 0.6081549, 0.6233802, 0
0.4859646, 0.5473008, 0.6449159, 0
0.4690374, 0.5645794, 0.6282246, 0
0.3644133, 0.5677451, 0.6124873, 0
0.3504069, 0.6030461, 0.5158512, 0
0.3634906, 0.5624062, 0.5654319, 0
0.3852863, 0.5513784, 0.6272542, 0
0.4978562, 0.6099837, 0.5828342, 0
0.3671676, 0.6196656, 0.6189239, 0
0.3846423, 0.5609718, 0.5427014, 0
0.4007073, 0.5487299, 0.6215544, 0
0.4109904, 0.6157753, 0.577848, 0
0.4685265, 0.5656568, 0.6102142, 0
0.5176355, 0.54233, 0.5954676, 0
0.4382957, 0.5417933, 0.628107, 0
0.4933769, 0.5394799, 0.63357, 0
0.4171989, 0.5298386, 0.583529, 0
0.3715169, 0.5551748, 0.5639781, 0
0.4786956, 0.5439825, 0.5564461, 0
0.3589379, 0.5181917, 0.5817945, 0
0.4979662, 0.6168813, 0.5996611, 0
0.3473101, 0.6073812, 0.6055538, 0
0.3829522, 0.535773, 0.5812607, 0
0.44939, 0.5683666, 0.5933573, 0
0.3251982, 0.6119265, 0.565546, 0
0.404849, 0.5303103, 0.5911661, 0
0.3868607, 0.6110792, 0.522266, 0
0.5414571, 0.5414251, 0.592245, 0
0.4731565, 0.5675931, 0.552105, 0
0.3569045, 0.553299, 0.5128343, 0
0.3572888, 0.6274797, 0.5712368, 0
0.3993812, 0.6438505, 0.5951042, 0
0.385085, 0.5728747, 0.6437397, 0
0.4304445, 0.6171794, 0.6106891, 0
0.4349565, 0.6186062, 0.6210998, 0
0.4290105, 0.6076904, 0.621926, 0
0.347461, 0.5184482, 0.5682288, 0
0.5070297, 0.5953082, 0.5392097, 0
0.4216488, 0.5805385, 0.5598062, 0
0.5036146, 0.600217, 0.5809128, 0
0.3374861, 0.6123962, 0.5666882, 0
0.4193806, 0.6092569, 0.5938264, 0
0.53237, 0.553745, 0.6228662, 0
0.5087576, 0.5719652, 0.543153, 0
0.3151059, 0.5596929, 0.6051626, 0
0.4641733, 0.5461985, 0.5816833, 0
0.4578729, 0.5535208, 0.6296956, 0
0.371328, 0.5524177, 0.5518156, 0
0.3815644, 0.545229, 0.5638481, 0
0.3499056, 0.6315802, 0.5840002, 0
0.3992862, 0.5831144, 0.5560615, 0
0.4922584, 0.6366345, 0.6154023, 0
0.4705966, 0.6314239, 0.6024041, 0
0.407653, 0.5872462, 0.6233348, 0
0.4800164, 0.5638614, 0.5638354, 0
0.4253668, 0.6076792, 0.6262206, 0
0.3577142, 0.6049604, 0.51976, 0
0.3162869, 0.6006427, 0.5794216, 0
0.3288883, 0.5649084, 0.562273, 0
0.4442497, 0.5936806, 0.5788632, 0
0.4485627, 0.5983129, 0.5409327, 0
0.3983384, 0.5799287, 0.5840043, 0
0.4290042, 0.5658696, 0.5804167, 0
0.5195578, 0.6218465, 0.5718612, 0
0.3637699, 0.6012527, 0.5435928, 0
0.3038124, 0.6158493, 0.5969311, 0
0.4087369, 0.5534466, 0.6247299, 0
0.4745687, 0.554928, 0.5761918, 0
0.3393881, 0.5330704, 0.5513397, 0
0.3198903, 0.5333693, 0.5618367, 0
0.4277523, 0.6466691, 0.5866742, 0
0.4517832, 0.6305969, 0.6328551, 0
0.4935141, 0.6048072, 0.5755295, 0
0.3366791, 0.6096948, 0.5851875, 0
0.3303426, 0.5448111, 0.5199339, 0
0.4309059, 0.5937976, 0.6522341, 0
0.3842019, 0.6226768, 0.5302133, 0
0.507365, 0.5477526, 0.6391392, 0
0.4488331, 0.5975443, 0.6130165, 0
0.3208988, 0.5774706, 0.5804933, 0
0.4001341, 0.6437277, 0.6063843, 0
0.4004895, 0.5339913, 0.6005512, 0
0.5125594, 0.6112474, 0.5545376, 0
0.4846224, 0.6027882, 0.6301238, 0
0.3676631, 0.6277342, 0.593585, 0
0.5410901, 0.5904565, 0.5668586, 0
0.3931835, 0.6240911, 0.569787, 0
0.4005305, 0.5669436, 0.5221134, 0
0.5028532, 0.5410255, 0.6042123, 0
0.4554238, 0.5850843, 0.6499227, 0
0.4415093, 0.5577843, 0.610867, 0
0.4420955, 0.5670784, 0.5342205, 0
0.4777101, 0.5726166, 0.5469911, 0
0.4982138, 0.6105505, 0.6514629, 0
0.3815624, 0.6327851, 0.5719473, 0
0.4988541, 0.5958909, 0.5722315, 0
0.3846908, 0.6163423, 0.6336963, 0
0.5265055, 0.60281, 0.5977625, 0
0.39513, 0.6013957, 0.5386915, 0
0.3493323, 0.5823047, 0.6324149, 0
0.5003324, 0.5783318, 0.5861949, 0
0.4184682, 0.6409118, 0.6154698, 0
0.4529631, 0.5559478, 0.5654199, 0
0.3185379, 0.5495385, 0.5597937, 0
0.4916723, 0.5873107, 0.5640498, 0
0.3312921, 0.6215959, 0.5243719, 0
0.4570123, 0.5549501, 0.546955, 0
0.3747043, 0.5277427, 0.596734, 0
0.4782079, 0.5464091, 0.5714708, 0
0.302424, 0.5668952, 0.6261451, 0
0.3257442, 0.5601403, 0.5219727, 0
0.3837999, 0.5717092, 0.576489, 0
0.4447521, 0.5237616, 0.5833583, 0
0.3743666, 0.581536, 0.6176112, 0
0.4589829, 0.5434963, 0.5724299, 0
0.400267, 0.5414639, 0.6143836, 0
0.5180131, 0.6135377, 0.5465507, 0
0.3498444, 0.5651475, 0.6184949, 0
0.4949401, 0.6572785, 0.5998203, 0
0.4776204, 0.5840601, 0.5822988, 0
0.3339732, 0.5851451, 0.553117, 0
0.4923465, 0.5769781, 0.6411378, 0
0.3909546, 0.5803211, 0.5196467, 0
0.4117504, 0.5779179, 0.5318748, 0
0.5241758, 0.6044512, 0.6155807, 0
0.3704309, 0.634904, 0.5673304, 0
0.487322, 0.5433764, 0.5636752, 0
0.3808809, 0.5683079, 0.5972317, 0
0.377093, 0.577974, 0.5294392, 0
0.371248, 0.537177, 0.5282201, 0
0.4724218, 0.5977153, 0.6003626, 0
0.4592465, 0.6236774, 0.5713068, 0
0.3419812, 0.5743899, 0.6178608, 0
0.4256403, 0.604132, 0.5313069, 0
0.3487617, 0.5298982, 0.5693754, 0
0.3965344, 0.5917474, 0.6447144, 0
0.4683229, 0.5973617, 0.5533612, 0
0.3663967, 0.6257275, 0.5344957, 0
0.4801577, 0.5812511, 0.6234974, 0
0.4588158, 0.5384655, 0.572974, 0
0.4295879, 0.574246, 0.5300927, 0
0.5144045, 0.5681241, 0.5563446, 0
0.4699108, 0.5446714, 0.6360654, 0
0.4403472, 0.5677339, 0.5868812, 0
0.3625354, 0.5680649, 0.6329377, 0
0.4165519, 0.6183489, 0.5452971, 0
0.4432926, 0.58037, 0.5885011, 0
0.4822956, 0.6385605, 0.6443124, 0
0.3141353, 0.57754, 0.5943422, 0
0.4467882, 0.5442947, 0.5781338, 0
0.350236, 0.6300488, 0.5961631, 0
0.3726133, 0.584355, 0.5910667, 0
0.4403948, 0.6095733, 0.5758852, 0
0.4125131, 0.5905429, 0.5625474, 0
0.3646902, 0.6181879, 0.5228412, 0
0.3297329, 0.5286146, 0.5234231, 0
0.3573964, 0.6085795, 0.5984091, 0
0.397456, 0.5351983, 0.5380703, 0
0.5058351, 0.6597263, 0.6196584, 0
0.4795256, 0.5770904, 0.6025673, 0
0.392301, 0.5834623, 0.6142884, 0
0.449349, 0.6242901, 0.5515018, 0
0.4965451, 0.5742118, 0.6212463, 0
0.4812444, 0.5814366, 0.5937533, 0
0.3075675, 0.5697489, 0.6188911, 0
0.3268398, 0.5439517, 0.609781, 0
0.3149496, 0.5733358, 0.5929083, 0
0.399866, 0.5624819, 0.6247811, 0
0.3711757, 0.5378267, 0.5772024, 0
0.4779244, 0.5675594, 0.6157389, 0
0.3384104, 0.5458959, 0.5298076, 0
0.3312241, 0.5728592, 0.6315598, 0
0.4476921, 0.6437997, 0.5757763, 0
0.4708959, 0.5388355, 0.6352775, 0
0.4833621, 0.6256026, 0.6422325, 0
0.3499631, 0.5464232, 0.599807, 0
0.4709296, 0.6223974, 0.6566718, 0
0.3892194, 0.576726, 0.5690688, 0
0.3083031, 0.5814552, 0.6213074, 0
0.4736564, 0.5540584, 0.6220768, 0
0.3308324, 0.5757471, 0.6140171, 0
0.311872, 0.5744559, 0.6088132, 0
0.4762819, 0.6254162, 0.6190804, 0
0.3935405, 0.6117733, 0.5465236, 0
0.3365935, 0.5762683, 0.6273058, 0
0.4721313, 0.5987188, 0.6387557, 0
0.5254274, 0.5652274, 0.6037783, 0
0.5065608, 0.555259, 0.5524321, 0
0.5298269, 0.5430955, 0.5818738, 0
0.3827574, 0.639659, 0.6051841, 0
0.5094551, 0.5508243, 0.5724102, 0
0.4520171, 0.5592781, 0.6277757, 0
0.4162149, 0.5377339, 0.5787627, 0
0.3211612, 0.5589625, 0.6233177, 0
0.3863983, 0.5349481, 0.61648, 0
0.3779504, 0.5825202, 0.6371892, 0
0.3258736, 0.5859186, 0.5798446, 0
0.4248176, 0.6262662, 0.5577528, 0
0.4847178, 0.5859255, 0.6108884, 0
0.438443, 0.5282548, 0.5897736, 0
0.4417712, 0.5497963, 0.6127337, 0
0.4318578, 0.5332536, 0.6030068, 0
0.3494195, 0.5546193, 0.6187797, 0
0.4395427, 0.5773551, 0.5351348, 0
0.3585065, 0.5779137, 0.5527018, 0
0.44244, 0.5699179, 0.5482851, 0
0.457347, 0.5819013, 0.5416097, 0
0.4704328, 0.5786749, 0.587934, 0
0.3929943, 0.5441538, 0.5436062, 0
0.528874, 0.5353363, 0.6122016, 0
0.3497176, 0.5362165, 0.5294676, 0
0.4033795, 0.5910518, 0.525161, 0
0.3778799, 0.6088899, 0.6068365, 0
0.5341474, 0.5645338, 0.5773153, 0
0.4137634, 0.5562091, 0.5402331, 0
0.410338, 0.5334103, 0.6055106, 0
0.3625303, 0.5894455, 0.5382499, 0
0.4730726, 0.5833589, 0.6222085, 0
0.3818397, 0.5564143, 0.587318, 0
0.3875878, 0.6096079, 0.5959097, 0
0.4068051, 0.5999236, 0.6010284, 0
0.4275753, 0.5796932, 0.6085379, 0
0.3504775, 0.6003413, 0.5950134, 0
0.4185753, 0.5557876, 0.6371626, 0
0.4247057, 0.6377413, 0.5784652, 0
0.5005602, 0.6468961, 0.6004429, 0
0.330167, 0.5309413, 0.6050972, 0
0.4242918, 0.5950707, 0.6010844, 0
0.3869038, 0.5678086, 0.5549514, 0
0.3397637, 0.5583563, 0.6104331, 0
0.5358724, 0.557382, 0.5991064, 0
0.4273509, 0.5310867, 0.6142237, 0
0.5063487, 0.5973679, 0.5834374, 0
0.4873363, 0.5680686, 0.5451649, 0
0.357296, 0.5711493, 0.5609105, 0
0.3899233, 0.5805471, 0.5804638, 0
0.3386035, 0.5461012, 0.5803312, 0
0.331356, 0.5499348, 0.5563678, 0
0.4388562, 0.6271312, 0.6000826, 0
0.468718, 0.5770635, 0.6034179, 0
0.4140288, 0.6164955, 0.5785834, 0
0.4943208, 0.6191653, 0.5492737, 0
0.3425968, 0.56106, 0.6216169, 0
0.4689347, 0.6246697, 0.5765203, 0
0.3411294, 0.599965, 0.5465765, 0
0.5127705, 0.6391526, 0.5918425, 0
0.444124, 0.5560591, 0.5831796, 0
0.3864403, 0.6301589, 0.5942895, 0
0.3382556, 0.5914398, 0.5754148, 0
0.5322524, 0.5714828, 0.5597674, 0
0.3472834, 0.5880047, 0.6294206, 0
0.3680131, 0.6223314, 0.5330558, 0
0.3338313, 0.6210442, 0.6023718, 0
0.337716, 0.5524467, 0.587828, 0
0.4199653, 0.5538921, 0.578409, 0
0.4649788, 0.538034, 0.6191172, 0
0.4215638, 0.5415147, 0.6151351, 0
0.4299463, 0.5388978, 0.6150747, 0
0.3986543, 0.5408022, 0.593635, 0
0.325106, 0.5851127, 0.6217751, 0
0.3221956, 0.538696, 0.587611, 0
0.4986036, 0.6069396, 0.5718285, 0
0.5312704, 0.5918784, 0.6067823, 0
0.3351373, 0.58927, 0.6007431, 0
0.5124668, 0.6341767, 0.6483638, 0
0.5102812, 0.6440023, 0.5643214, 0
0.4486138, 0.6068501, 0.5791081, 0
0.4362259, 0.6363925, 0.6210056, 0
0.510604, 0.5518821, 0.5834657, 0
0.455629, 0.5715706, 0.578546, 0
0.3007229, 0.5717333, 0.623807, 0
0.4963786, 0.6212384, 0.6160114, 0
0.5133783, 0.5573493, 0.6056456, 0
0.3856784, 0.5867422, 0.6273628, 0
0.3887928, 0.6415245, 0.604187, 0
0.4110462, 0.6307155, 0.5566503, 0
0.3803379, 0.5997689, 0.6307099, 0
0.4420819, 0.5442309, 0.5838532, 0
0.3883127, 0.5840919, 0.5874242, 0
0.4505579, 0.6120669, 0.5985561, 0
0.3789834, 0.6091433, 0.6314893, 0
0.3738801, 0.5310245, 0.5380769, 0
0.4291915, 0.6392488, 0.5599697, 0
0.3721626, 0.6191175, 0.527844, 0
0.3333923, 0.5628747, 0.5696236, 0
0.4042465, 0.5800432, 0.6043208, 0
0.4867237, 0.5685195, 0.6241227, 0
0.4487464, 0.6255478, 0.631083, 0
0.3745366, 0.6243958, 0.6183605, 0
0.5105106, 0.6349341, 0.6373891, 0
0.3986706, 0.5272936, 0.6147643, 0
0.4865033, 0.5775506, 0.6186755, 0
0.4870516, 0.6239, 0.6463836, 0
0.3600584, 0.5382141, 0.5808017, 0
0.5292973, 0.5617514, 0.597334, 0
0.4374337, 0.6204826, 0.5415256, 0
0.4483129, 0.5452838, 0.5943611, 0
0.3346788, 0.5752038, 0.6068643, 0
0.4297797, 0.6103899, 0.5318323, 0
0.3481218, 0.5558146, 0.5216556, 0
0.3392766, 0.5596226, 0.5201321, 0
0.3335616, 0.5962815, 0.629938, 0
0.38673, 0.5196522, 0.5814405, 0
0.4574989, 0.5282913, 0.5981969, 0
0.3052803, 0.6107861, 0.6063429, 0
0.3273217, 0.5377204, 0.6155453, 0
0.4601361, 0.6006268, 0.6392928, 0
0.4211188, 0.6244146, 0.6390685, 0
0.3902506, 0.5354846, 0.594912, 0
0.4473503, 0.5822648, 0.6517578, 0
0.3852761, 0.5736937, 0.5699055, 0
0.4390779, 0.6153972, 0.5875727, 0
0.5124131, 0.5761614, 0.6242195, 0
0.3839749, 0.6310925, 0.543956, 0
0.3878166, 0.5956565, 0.6318532, 0
0.4342535, 0.6160934, 0.6084602, 0
0.4327846, 0.5315909, 0.6171361, 0
0.4378197, 0.5636088, 0.6115591, 0
0.4993205, 0.6026672, 0.5400485, 0
0.5049257, 0.5849662, 0.6559695, 0
0.3737442, 0.5316345, 0.6015354, 0
0.4980474, 0.623889, 0.6165832, 0
0.4936188, 0.6303219, 0.552798, 0
0.4137813, 0.6015505, 0.574945, 0
0.4046034, 0.6240685, 0.5989211, 0
0.4190544, 0.5678043, 0.5797676, 0
0.3445174, 0.6165195, 0.6167285, 0
0.4406968, 0.5523844, 0.6236911, 0
0.3930654, 0.6226453, 0.5584108, 0
0.4649075, 0.5501156, 0.5767085, 0
0.4157562, 0.5802568, 0.6477421, 0
0.3641035, 0.6192541, 0.5341442, 0
0.4410137, 0.6303502, 0.6269391, 0
0.5088667, 0.6086662, 0.5510219, 0
0.3657973, 0.600241, 0.6023592, 0
0.5370339, 0.6003599, 0.5698521, 0
0.4190078, 0.5933785, 0.5274885, 0
0.3501766, 0.5928021, 0.518509, 0
0.40249, 0.5693996, 0.567552, 0
0.4189683, 0.5408514, 0.5956007, 0
0.4638048, 0.5683763, 0.6149515, 0
0.5306995, 0.5810969, 0.5487523, 0
0.5096766, 0.6197762, 0.6348462, 0
0.4187959, 0.6465173, 0.5994821, 0
0.433739, 0.6243719, 0.5686125, 0
0.5114807, 0.5816298, 0.6586754, 0
0.4121263, 0.5777081, 0.6227627, 0
0.4576039, 0.6364423, 0.6044077, 0
0.3158744, 0.5439554, 0.6154146, 0
0.3642045, 0.5902185, 0.5949567, 0
0.4340487, 0.6043473, 0.6248937, 0
0.3891146, 0.5707014, 0.6378722, 0
0.3165798, 0.5322874, 0.6116669, 0
0.5155219, 0.5555208, 0.6219656, 0
0.5071414, 0.5782453, 0.6500569, 0
0.516856, 0.6261621, 0.5777075, 0
0.4367794, 0.6424068, 0.619325, 0
0.3654188, 0.5836433, 0.614937, 0
0.4792759, 0.5611314, 0.6324419, 0
0.4028788, 0.6426634, 0.5651147, 0
0.4011298, 0.6149732, 0.6414787, 0
0.5249194, 0.611942, 0.5994365, 0
0.4070474, 0.566922, 0.6151373, 0
0.4019174, 0.5796986, 0.5374024, 0
0.5068423, 0.5681766, 0.6193144, 0
0.5329314, 0.5500472, 0.6209819, 0
0.3527804, 0.553125, 0.6022128, 0
0.5205723, 0.5866351, 0.6511721, 0
0.4288003, 0.6104926, 0.5644249, 0
0.4546189, 0.6323838, 0.628236, 0
0.4951895, 0.5734824, 0.6400555, 0
0.4632308, 0.640406, 0.6197764, 0
0.3595306, 0.6269242, 0.5520627, 0
0.5166612, 0.5937335, 0.5613146, 0
0.5343824, 0.5738927, 0.5943908, 0
0.5110545, 0.5738497, 0.5546963, 0
0.4706018, 0.5932622, 0.586454, 0
0.4149003, 0.6041924, 0.5473589, 0
0.3331009, 0.5465701, 0.5531207, 0
0.4366647, 0.6165317, 0.6167316, 0
0.4035624, 0.6382038, 0.6151127, 0
0.4749745, 0.6107181, 0.5646068, 0
0.3251628, 0.5982348, 0.6180471, 0
0.495779, 0.5480081, 0.5753368, 0
0.4040526, 0.5470823, 0.5374221, 0
0.4348199, 0.5907885, 0.5268574, 0
0.3696812, 0.5761489, 0.599838, 0
0.4816671, 0.6325054, 0.5864317, 0
0.3753, 0.5490238, 0.5600383, 0
0.3525074, 0.6189328, 0.6014116, 0
0.4941618, 0.6172, 0.6478685, 0
0.398618, 0.5582542, 0.6215918, 0
0.4805724, 0.6154039, 0.6148688, 0
0.3205409, 0.5210295, 0.5609447, 0
0.3463493, 0.6359709, 0.5860765, 0
0.4178504, 0.5847966, 0.618988, 0
0.514434, 0.5929359, 0.6211451, 0
0.4475521, 0.567141, 0.5752704, 0
0.4437972, 0.5792465, 0.572691, 0
0.3622315, 0.6231487, 0.5469779, 0
0.4541792, 0.6244125, 0.5642071, 0
0.5253848, 0.5524498, 0.6496038, 0
0.3097093, 0.6254321, 0.5541213, 0
0.3446122, 0.5549967, 0.5674662, 0
0.3625352, 0.5932816, 0.5099708, 0
0.3663336, 0.5926192, 0.594548, 0
0.5332821, 0.5462231, 0.6130638, 0
0.4865413, 0.5797637, 0.6053555, 0
0.4974748, 0.6114805, 0.5769875, 0
0.4744204, 0.570233, 0.6336344, 0
0.4536108, 0.5993544, 0.5535164, 0
0.4492855, 0.5889571, 0.6519645, 0
0.4134542, 0.622321, 0.56034, 0
0.3796173, 0.5969449, 0.5392789, 0
0.3097183, 0.5640451, 0.628262, 0
0.4404356, 0.6103621, 0.5675267, 0
0.4039045, 0.5913084, 0.6211786, 0
0.4289751, 0.5677443, 0.5568763, 0
0.3429797, 0.5367498, 0.5764264, 0
0.3538574, 0.5188369, 0.5631559, 0
0.5320582, 0.5790733, 0.5844355, 0
0.3483563, 0.5381035, 0.5931537, 0
0.3415881, 0.6044511, 0.5413299, 0
0.3601205, 0.5321633, 0.5857878, 0
0.3180367, 0.5298955, 0.5873192, 0
0.4932698, 0.5891679, 0.591869, 0
0.3425138, 0.5226471, 0.5997949, 0
0.5133296, 0.6354043, 0.6019829, 0
0.3585874, 0.522431, 0.5860649, 0
0.4190701, 0.5634317, 0.6255628, 0
0.3811243, 0.5755959, 0.6064456, 0
0.3054597, 0.6012927, 0.6186288, 0
0.5226005, 0.5943148, 0.5978884, 0
0.4472405, 0.6219724, 0.6184095, 0
0.3446699, 0.5653331, 0.5746862, 0
0.5144525, 0.5970011, 0.6575128, 0
0.4881358, 0.5687841, 0.6041116, 0
0.3169736, 0.5824851, 0.5716324, 0
0.3816083, 0.5654927, 0.5829821, 0
0.3754264, 0.5551643, 0.5858407, 0
0.3583595, 0.5500601, 0.5404623, 0
0.5311411, 0.60022, 0.5955665, 0
0.4113873, 0.6109357, 0.5864347, 0
0.370618, 0.5214784, 0.5670369, 0
0.4091435, 0.556599, 0.5872903, 0
0.4680797, 0.6185982, 0.6566804, 0
0.3385067, 0.5540894, 0.5756325, 0
0.3368422, 0.5748477, 0.5698485, 0
0.4425536, 0.5240455, 0.5984255, 0
0.3771913, 0.5951533, 0.5386133, 0
0.3289749, 0.6053494, 0.6239305, 0
0.4504841, 0.6313688, 0.6284168, 0
0.5275987, 0.6208534, 0.5853403, 0
0.3625558, 0.6290064, 0.5462546, 0
0.3980815, 0.5636826, 0.6083136, 0
0.4964592, 0.6335545, 0.5740044, 0
0.4897099, 0.5487825, 0.5790564, 0
0.4415916, 0.5588687, 0.6402983, 0
0.3348228, 0.5972282, 0.5372971, 0
0.4241586, 0.5874365, 0.569766, 0
0.4315651, 0.5503365, 0.6043759, 0
0.3189735, 0.5888274, 0.5547891, 0
0.4162114, 0.6409264, 0.6038942, 0
0.381259, 0.6195277, 0.6249469, 0
0.5161713, 0.5835994, 0.5642775, 0
0.4389325, 0.5873942, 0.6235478, 0
0.4821231, 0.5688174, 0.5744243, 0
0.5129676, 0.5918763, 0.6295266, 0
0.4414927, 0.5308122, 0.5893475, 0
0.3462141, 0.5445944, 0.6119319, 0
0.4434142, 0.5305629, 0.608576, 0
0.4128504, 0.56634, 0.567055, 0
0.3777794, 0.5996427, 0.6152624, 0
0.4440308, 0.6355227, 0.5981824, 0
0.406429, 0.5263533, 0.6132428, 0
0.4719591, 0.6480994, 0.591112, 0
0.4562399, 0.608692, 0.6387429, 0
0.4634461, 0.5927325, 0.5750408, 0
0.4779883, 0.5392758, 0.6304621, 0
0.3717801, 0.6325864, 0.5694736, 0
0.4673235, 0.5814613, 0.5572383, 0
0.4338711, 0.5443687, 0.5822935, 0
0.3664761, 0.5595222, 0.5396574, 0
0.3398708, 0.5419453, 0.5996537, 0
0.4222745, 0.6282925, 0.5804651, 0
0.4488646, 0.5786669, 0.6409265, 0
0.4576707, 0.5414595, 0.5518548, 0
0.4165671, 0.6120621, 0.5392931, 0
0.4534089, 0.5608335, 0.6288192, 0
0.464209, 0.5648744, 0.5814789, 0
0.5237105, 0.557928, 0.647476, 0
0.4713151, 0.6347333, 0.6185699, 0
0.3684259, 0.6422281, 0.5817925, 0
0.460127, 0.6043323, 0.5892028, 0
0.5334637, 0.5864262, 0.5652407, 0
0.3499113, 0.5750208, 0.5871428, 0
0.4309153, 0.6140441, 0.5761831, 0
0.5300353, 0.582189, 0.5980958, 0
0.4152957, 0.5572124, 0.5249473, 0
0.4959207, 0.6543534, 0.6012275, 0
0.331912, 0.5496577, 0.5352532, 0
0.4598927, 0.6280027, 0.6398865, 0
0.3941929, 0.5343111, 0.5785329, 0
0.5158939, 0.6366262, 0.6044644, 0
0.4244348, 0.6117711, 0.5388495, 0
0.5015395, 0.632916, 0.5796329, 0
0.4513141, 0.5468162, 0.6265792, 0
0.3821147, 0.5191354, 0.564615, 0
0.4312707, 0.6148967, 0.6178222, 0
0.3341025, 0.5983694, 0.5235965, 0
0.5317116, 0.5991106, 0.5666154, 0
0.4121507, 0.5590782, 0.5787586, 0
0.4275693, 0.5713221, 0.6085145, 0
0.4430355, 0.539404, 0.6114903, 0
0.3754094, 0.62985, 0.5888998, 0
0.3345662, 0.5472156, 0.5597798, 0
0.5128381, 0.6257204, 0.5708382, 0
0.4133045, 0.5450383, 0.5960813, 0
0.4692908, 0.606665, 0.6102142, 0
0.3752967, 0.6418125, 0.5988887, 0
0.4636475, 0.6265512, 0.6521221, 0
0.4918936, 0.5538775, 0.5642207, 0
0.4411255, 0.6338501, 0.6161628, 0
0.3164243, 0.6147181, 0.5482504, 0
0.3846503, 0.6009576, 0.5297807, 0
0.4255927, 0.579207, 0.5469917, 0
0.5178977, 0.5995425, 0.5918973, 0
0.3669586, 0.5742572, 0.5164887, 0
0.4725592, 0.6165183, 0.5431635, 0
0.4552301, 0.5901062, 0.5674756, 0
0.5053275, 0.6441907, 0.5788726, 0
0.4139752, 0.6208898, 0.5542786, 0
0.506962, 0.5396134, 0.5829155, 0
0.4120998, 0.6157549, 0.6160592, 0
0.4116609, 0.6122211, 0.6335138, 0
0.4217036, 0.6237448, 0.6066176, 0
0.3600695, 0.6389895, 0.5671541, 0
0.4697993, 0.5574417, 0.6405931, 0
0.4440944, 0.5403937, 0.6259171, 0
0.4091661, 0.5892028, 0.5293149, 0
0.3891056, 0.5532445, 0.5390163, 0
0.3159322, 0.5577728, 0.6184046, 0
0.3312075, 0.6056811, 0.6089548, 0
0.4756966, 0.5731998, 0.6517717, 0
0.3386953, 0.5472698, 0.6037582, 0
0.3566852, 0.6217071, 0.5646706, 0
0.4381458, 0.5861653, 0.6209195, 0
0.4212331, 0.5459666, 0.6129552, 0
0.377863, 0.5587564, 0.5914286, 0
0.3923842, 0.6135138, 0.5965223, 0
0.5115718, 0.5487834, 0.6143615, 0
0.5376816, 0.6083188, 0.5621443, 0
0.4742936, 0.544751, 0.6073492, 0
0.4464407, 0.5622551, 0.5944687, 0
0.4620827, 0.5501931, 0.6085271, 0
0.3693869, 0.5624763, 0.6087164, 0
0.3437148, 0.5769232, 0.5061861, 0
0.3968481, 0.5958738, 0.5333784, 0
0.4043894, 0.58016, 0.5478038, 0
0.3844331, 0.6135174, 0.5683392, 0
0.3681746, 0.5555688, 0.5557604, 0
0.439504, 0.5626804, 0.579269, 0
0.4648749, 0.5826926, 0.6466423, 0
0.3912349, 0.6125119, 0.5392856, 0
0.4959396, 0.6396229, 0.6529689, 0
0.3240554, 0.6161034, 0.6011192, 0
0.5085723, 0.5739267, 0.595366, 0
0.4600426, 0.5604402, 0.6045067, 0
0.4500833, 0.5319428, 0.5829024, 0
0.3592026, 0.5742994, 0.6295316, 0
0.3797291, 0.57269, 0.5266601, 0
0.5312621, 0.5694327, 0.6230384, 0
0.4655985, 0.6090952, 0.6043548, 0
0.4961993, 0.6550049, 0.6190388, 0
0.3456218, 0.563491, 0.6082779, 0
0.4343062, 0.5875286, 0.6497058, 0
0.4714386, 0.6040412, 0.579064, 0
0.3607885, 0.5879198, 0.5375526, 0
0.4569384, 0.6319382, 0.5589377, 0
0.4088831, 0.5433952, 0.6184215, 0
0.3530591, 0.5172087, 0.5771134, 0
0.415106, 0.5299044, 0.5947563, 0
0.4961986, 0.5389249, 0.6041638, 0
0.4305758, 0.5469254, 0.5953377, 0
0.4654777, 0.5584931, 0.6193466, 0
0.477357, 0.528993, 0.5919008, 0
0.4011487, 0.5687298, 0.6107862, 0
0.5333285, 0.5643495, 0.5893724, 0
0.4066055, 0.542265, 0.5350311, 0
0.4289005, 0.6039821, 0.5446401, 0
0.3359052, 0.5468009, 0.5417624, 0
0.4138145, 0.5220369, 0.5805899, 0
0.324406, 0.5520566, 0.5519057, 0
0.4245322, 0.5211701, 0.5759551, 0
0.4639043, 0.5394345, 0.5650651, 0
0.3899852, 0.5416698, 0.6258021, 0
0.3718167, 0.5763314, 0.5974036, 0
0.4178658, 0.5226695, 0.6080054, 0
0.3474398, 0.5720922, 0.5141419, 0
0.3867983, 0.5700029, 0.5325573, 0
0.4799784, 0.5339065, 0.620158, 0
0.3871442, 0.5778126, 0.6313921, 0
0.4570842, 0.6245713, 0.5847927, 0
0.4521567, 0.5719094, 0.6004078, 0
0.5172812, 0.6140629, 0.6518038, 0
0.3066122, 0.6279379, 0.5898977, 0
0.3427175, 0.6199794, 0.5898378, 0
0.5193731, 0.5732317, 0.666167, 0
0.4613117, 0.5385196, 0.5795056, 0
0.4228597, 0.5729524, 0.5546073, 0
0.43831, 0.5428868, 0.6004063, 0
0.4910204, 0.5578182, 0.5701507, 0
0.3741258, 0.6109766, 0.5689305, 0
0.451772, 0.591141, 0.5430732, 0
0.319838, 0.5985168, 0.6097611, 0
0.4082695, 0.5443792, 0.5398428, 0
0.3988252, 0.5807273, 0.577554, 0
0.3691515, 0.5954692, 0.5413222, 0
0.4493441, 0.6199877, 0.5350637, 0
0.476913, 0.6236587, 0.5461885, 0
0.3890649, 0.6182021, 0.6220222, 0
0.3707848, 0.5646978, 0.5425643, 0
0.4157314, 0.5972068, 0.6164361, 0
0.33503, 0.5805915, 0.6147035, 0
0.5235556, 0.6235427, 0.5822806, 0
0.3625611, 0.6328108, 0.5788141, 0
0.3855375, 0.6102062, 0.5443907, 0
0.5207819, 0.6440316, 0.594416, 0
0.410399, 0.5902073, 0.592183, 0
0.388558, 0.5496269, 0.6109158, 0
0.3480623, 0.63358, 0.5534525, 0
0.4165286, 0.5920013, 0.6487184, 0
0.4718214, 0.5548068, 0.5642726, 0
0.431793, 0.5714713, 0.61134, 0
0.5174168, 0.570289, 0.5822823, 0
0.4489648, 0.55182, 0.6296148, 0
0.4755454, 0.6403091, 0.6380379, 0
0.4113147, 0.5941232, 0.6128602, 0
0.5049644, 0.576004, 0.5813171, 0
0.3397284, 0.559872, 0.5215198, 0
0.3890588, 0.5173508, 0.5822655, 0
0.3521967, 0.5426909, 0.5212694, 0
0.3294299, 0.5600503, 0.534936, 0
0.3727261, 0.626933, 0.6188751, 0
0.4757781, 0.5835417, 0.5879529, 0
0.3893041, 0.5631194, 0.6251719, 0
0.3224491, 0.5780873, 0.5161927, 0
0.3732813, 0.6357015, 0.5521662, 0
0.3265897, 0.58161, 0.5952912, 0
0.3676291, 0.5443304, 0.5337883, 0
0.5201595, 0.6187807, 0.6333201, 0
0.4212116, 0.5478259, 0.5596161, 0
0.5004312, 0.6048732, 0.6445527, 0
0.4151922, 0.5504004, 0.5425231, 0
0.4282805, 0.6210803, 0.5733431, 0
0.3720112, 0.5518197, 0.6252783, 0
0.3811066, 0.5914013, 0.5349577, 0
0.4679874, 0.6007786, 0.6507323, 0
0.4469925, 0.5522214, 0.5974174, 0
0.5099853, 0.5596438, 0.6281095, 0
0.4578542, 0.5881171, 0.6161624, 0
0.409541, 0.623749, 0.5811684, 0
0.4837778, 0.6315176, 0.5576165, 0
0.3576024, 0.5522232, 0.5947533, 0
0.3991526, 0.6477305, 0.5772666, 0
0.4942617, 0.6415587, 0.6455955, 0
0.3514867, 0.617331, 0.5255107, 0
0.3471503, 0.5594289, 0.5528301, 0
0.5167996, 0.6261198, 0.6435426, 0
0.3262493, 0.5384251, 0.6082035, 0
0.465702, 0.5849, 0.6173142, 0
0.4051566, 0.5479472, 0.539055, 0
0.3724175, 0.6191956, 0.6033304, 0
0.3614172, 0.5197579, 0.5469276, 0
0.3638188, 0.5173386, 0.5837253, 0
0.4095858, 0.56314, 0.6144508, 0
0.5023625, 0.5671988, 0.6200972, 0
0.392271, 0.5747809, 0.5822786, 0
0.4125284, 0.5970583, 0.5274436, 0
0.5121008, 0.5558584, 0.6024582, 0
0.3406493, 0.6358981, 0.586765, 0
0.4400726, 0.6018206, 0.5639809, 0
0.4052594, 0.6457062, 0.5680625, 0
0.3186012, 0.6066519, 0.5424005, 0
0.5260355, 0.6207761, 0.5821898, 0
0.522537, 0.5890586, 0.6170321, 0
0.3951794, 0.5904934, 0.6132703, 0
0.4786705, 0.6124923, 0.6113865, 0
0.5072909, 0.6385271, 0.6379039, 0
0.3027417, 0.578494, 0.6052316, 0
0.3368976, 0.6358169, 0.5932851, 0
0.4023636, 0.6302814, 0.6228815, 0
0.3324293, 0.5474905, 0.5609362, 0
0.3553867, 0.5973058, 0.5985235, 0
0.4906289, 0.5638599, 0.6307879, 0
0.5028841, 0.6535945, 0.6004992, 0
0.4086994, 0.5888146, 0.5371302, 0
0.3897214, 0.6401081, 0.5641491, 0
0.442155, 0.5971753, 0.5549251, 0
0.3434027, 0.5810254, 0.5949588, 0
0.4427777, 0.5933423, 0.5375043, 0
0.3884498, 0.5515965, 0.5346793, 0
0.3251182, 0.5722151, 0.5251386, 0
0.4225121, 0.5806094, 0.6522638, 0
0.3577754, 0.5430314, 0.6227409, 0
0.3990335, 0.5631454, 0.5968687, 0
0.3854933, 0.6067587, 0.5317885, 0
0.3656706, 0.6126738, 0.596536, 0
0.3388837, 0.6331425, 0.5792592, 0
0.4383959, 0.5970977, 0.5370618, 0
0.3603724, 0.6165645, 0.5461552, 0
0.36856, 0.5443044, 0.6147062, 0
0.3705352, 0.6347631, 0.6073563, 0
0.3595857, 0.5738375, 0.5362191, 0
0.3645132, 0.5513172, 0.6288745, 0
0.4011086, 0.5957696, 0.6422644, 0
0.394132, 0.5573999, 0.5558469, 0
0.4026166, 0.5471025, 0.6302276, 0
0.4461267, 0.5976092, 0.6436086, 0
0.4219069, 0.5508473, 0.6240779, 0
0.3352511, 0.6101516, 0.6008192, 0
0.4688056, 0.5937822, 0.550239, 0
0.4672869, 0.5492559, 0.584342, 0
0.5164124, 0.5438475, 0.6255305, 0
0.383518, 0.569871, 0.5524493, 0
0.4262467, 0.5264951, 0.576667, 0
0.51388, 0.6110438, 0.6246095, 0
0.4166107, 0.5267197, 0.5896828, 0
0.3702241, 0.5950779, 0.5951648, 0
0.4789068, 0.5328553, 0.5883749, 0
0.4296331, 0.5286736, 0.5673469, 0
0.3341753, 0.5528813, 0.6005028, 0
0.3757448, 0.574509, 0.5395697, 0
0.522543, 0.5374079, 0.5818959, 0
0.4689331, 0.6459318, 0.634283, 0
0.430874, 0.5362394, 0.5580203, 0
0.4499461, 0.6194119, 0.6442116, 0
0.4145426, 0.5513817, 0.6164497, 0
0.4078463, 0.6034983, 0.6232299, 0
0.4806125, 0.5816772, 0.6444215, 0
0.3305033, 0.5816376, 0.6277409, 0
0.4957832, 0.6138139, 0.647773, 0
0.5065405, 0.6492941, 0.5729115, 0
0.3798658, 0.5280874, 0.5985916, 0
0.5260926, 0.5997424, 0.6281444, 0
0.5215357, 0.6050963, 0.6021907, 0
0.3122584, 0.624693, 0.58259, 0
0.3759391, 0.6038204, 0.637737, 0
0.3642367, 0.5362753, 0.5280418, 0
0.328318, 0.5958725, 0.564426, 0
0.328059, 0.6195778, 0.5489807, 0
0.3095995, 0.589205, 0.6232002, 0
0.3747047, 0.5438864, 0.5379094, 0
0.3278408, 0.6180318, 0.5591528, 0
0.4385342, 0.555964, 0.6437411, 0
0.3843727, 0.5478177, 0.55177, 0
0.3925957, 0.5478072, 0.593623, 0
0.439775, 0.6075172, 0.5339171, 0
0.4619951, 0.5527291, 0.6069852, 0
0.3759735, 0.5616657, 0.5394202, 0
0.4964673, 0.5565305, 0.5943032, 0
0.485215, 0.6008517, 0.6136155, 0
0.4818979, 0.6082636, 0.5966336, 0
0.4647788, 0.6039534, 0.5463172, 0
0.4585718, 0.6162813, 0.5759069, 0
0.3393572, 0.5595934, 0.6186575, 0
0.3595303, 0.5336815, 0.5682401, 0
0.3752528, 0.5260918, 0.5876102, 0
0.3603808, 0.5501511, 0.6144283, 0
0.3220302, 0.575283, 0.5513473, 0
0.3705257, 0.6047974, 0.6220861, 0
0.4893093, 0.5293048, 0.5988553, 0
0.34604, 0.6275455, 0.6056906, 0
0.5115781, 0.5819194, 0.5523328, 0
0.3369576, 0.6139278, 0.6185165, 0
0.5288767, 0.6022602, 0.5910924, 0
0.410304, 0.6244972, 0.6174697, 0
0.5026687, 0.6399024, 0.6134667, 0
0.4155387, 0.620979, 0.62773, 0
0.4641308, 0.6467397, 0.5826488, 0
0.4006542, 0.6104213, 0.5761179, 0
0.4472902, 0.5476752, 0.5427594, 0
0.3074364, 0.6066838, 0.5748742, 0
0.527076, 0.5513181, 0.608887, 0
0.4664517, 0.562617, 0.57917, 0
0.4502554, 0.5719207, 0.5588298, 0
0.4112158, 0.6409532, 0.5804231, 0
0.4899059, 0.6367407, 0.5550117, 0
0.3722273, 0.5498683, 0.5420533, 0
0.4824596, 0.6445189, 0.6364773, 0
0.4328141, 0.6171641, 0.6078094, 0
0.3943786, 0.6337669, 0.6036684, 0
0.3238097, 0.5483374, 0.5547967, 0
0.3457264, 0.5775653, 0.6096771, 0
0.3649347, 0.5492308, 0.5698977, 0
0.469905, 0.5462757, 0.620137, 0
0.5254731, 0.5424854, 0.6338789, 0
0.458444, 0.5879886, 0.5422992, 0
0.4732088, 0.649412, 0.6046573, 0
0.4733988, 0.5749351, 0.5947606, 0
0.3626019, 0.5764056, 0.569519, 0
0.4792503, 0.6180817, 0.6415992, 0
0.4922235, 0.6323878, 0.6073264, 0
0.3483912, 0.5439487, 0.5179461, 0
0.476954, 0.5951324, 0.549293, 0
0.4584852, 0.6230149, 0.6275316, 0
0.3480647, 0.6038202, 0.628438, 0
0.3304761, 0.5938701, 0.6114836, 0
0.3355429, 0.5973164, 0.5149593, 0
0.4103622, 0.6326914, 0.630592, 0
0.4771874, 0.6502467, 0.578158, 0
0.374814, 0.5670332, 0.5890884, 0
0.3601461, 0.5884422, 0.5134237, 0
0.3495186, 0.5132343, 0.5779572, 0
0.3882374, 0.605751, 0.5779704, 0
0.347867, 0.5734718, 0.541591, 0
0.3254793, 0.6101338, 0.5805203, 0
0.519188, 0.6237468, 0.6261069, 0
0.5179952, 0.6525701, 0.618461, 0
0.3381838, 0.5478025, 0.6232944, 0
0.4304118, 0.5294326, 0.5701452, 0
0.5118091, 0.5550804, 0.5669236, 0
0.383156, 0.6033127, 0.6044312, 0
0.3645559, 0.6235229, 0.5312634, 0
0.4452301, 0.6359714, 0.6289558, 0
0.3695555, 0.6142963, 0.5720416, 0
0.4201629, 0.6483026, 0.6075771, 0
0.4794523, 0.633478, 0.626519, 0
0.5233355, 0.5578312, 0.6319922, 0
0.3765149, 0.5569576, 0.545215, 0
0.3828339, 0.6174065, 0.6247354, 0
0.5208231, 0.616242, 0.5893531, 0
0.3540611, 0.5867713, 0.5084225, 0
0.5098566, 0.5571914, 0.6203727, 0
0.4046288, 0.5288473, 0.5760692, 0
0.4512515, 0.5553216, 0.6139328, 0
0.4358684, 0.5660248, 0.5865808, 0
0.3196673, 0.5708147, 0.5861678, 0
0.4054209, 0.5718836, 0.640893, 0
0.4264818, 0.6193857, 0.5659333, 0
0.3186437, 0.5377361, 0.5642228, 0
0.4175748, 0.5677462, 0.6352226, 0
0.4563011, 0.5874547, 0.6247687, 0
0.4439084, 0.6313467, 0.6338192, 0
0.5062975, 0.6092145, 0.58911, 0
0.4809505, 0.6319288, 0.5794763, 0
0.3453393, 0.538475, 0.6006429, 0
0.3816807, 0.5967057, 0.5195273, 0
0.3848608, 0.5996482, 0.5490063, 0
0.4647086, 0.5917267, 0.6555163, 0
0.3329212, 0.61722, 0.5612945, 0
0.500212, 0.6048307, 0.5616826, 0
0.4807861, 0.5657504, 0.6500467, 0
0.3603796, 0.5518457, 0.5299813, 0
0.3567484, 0.5674333, 0.5652283, 0
0.5305723, 0.5712584, 0.5801844, 0
0.4698544, 0.5562871, 0.6043792, 0
0.4887219, 0.5555886, 0.6082479, 0
0.407474, 0.531863, 0.6048862, 0
0.3328946, 0.5589695, 0.5532532, 0
0.3376342, 0.5738582, 0.6185896, 0
0.4238545, 0.6075158, 0.6010322, 0
0.3991089, 0.5194016, 0.5612751, 0
0.3181954, 0.5838882, 0.5888447, 0
0.3304223, 0.5697079, 0.5928317, 0
0.4968083, 0.5547543, 0.6459771, 0
0.413619, 0.5998209, 0.6235951, 0
0.3459055, 0.5217451, 0.5878974, 0
0.532194, 0.6018181, 0.5778427, 0
0.4976349, 0.6366477, 0.6161378, 0
0.4454735, 0.5292017, 0.616871, 0
0.4880727, 0.6168932, 0.6232815, 0
0.3887204, 0.5272625, 0.5393313, 0
0.3889392, 0.5433073, 0.5708102, 0
0.3936591, 0.5727212, 0.5972216, 0
0.4423418, 0.5593371, 0.5794618, 0
0.4910527, 0.5990954, 0.5735739, 0
0.5167996, 0.5842349, 0.5610474, 0
0.425545, 0.5396984, 0.599274, 0
0.4519239, 0.5930804, 0.617815, 0
0.5258012, 0.6133232, 0.5928703, 0
0.3673249, 0.6075277, 0.5918845, 0
0.4992383, 0.6266723, 0.5550009, 0
0.4840962, 0.5962517, 0.6375055, 0
0.3684558, 0.605732, 0.544527, 0
0.3825538, 0.5319083, 0.5551728, 0
0.4479021, 0.6313456, 0.5578023, 0
0.340048, 0.528488, 0.61272, 0
0.3584304, 0.5384406, 0.5244704, 0
0.3509079, 0.5799679, 0.5142695, 0
0.4733475, 0.5849508, 0.6078951, 0
0.5239984, 0.5460455, 0.5960002, 0
0.4042784, 0.5620534, 0.5770584, 0
0.3450477, 0.5535057, 0.5205781, 0
0.3425954, 0.5890525, 0.6329883, 0
0.3889257, 0.6012525, 0.5698541, 0
0.3480333, 0.5150236, 0.565143, 0
0.3640981, 0.5426747, 0.6194787, 0
0.388693, 0.6292934, 0.5629631, 0
0.4652225, 0.585179, 0.5866594, 0
0.4714028, 0.5478578, 0.5597655, 0
0.3947427, 0.5511217, 0.5394121, 0
0.4137459, 0.5686914, 0.5815291, 0
0.3544393, 0.5594609, 0.6038838, 0
0.3819638, 0.6146994, 0.5394668, 0
0.3659261, 0.5765619, 0.5443802, 0
0.3262912, 0.5964959, 0.5468436, 0
0.5005568, 0.5670488, 0.6325015, 0
0.5381781, 0.6211452, 0.55922, 0
0.3356946, 0.5941331, 0.5455741, 0
0.4799456, 0.5719656, 0.5775156, 0
0.4014122, 0.5950663, 0.5534763, 0
0.3437566, 0.5304992, 0.575215, 0
0.3599154, 0.5356572, 0.5830486, 0
0.3554022, 0.5971651, 0.5579796, 0
0.5341347, 0.640739, 0.5636736, 0
0.4064973, 0.5961975, 0.586621, 0
0.5034738, 0.6229821, 0.6645991, 0
0.5165835, 0.6407375, 0.6004872, 0
0.5217975, 0.5380315, 0.5974355, 0
0.3246267, 0.5332457, 0.5449789, 0
0.3371185, 0.5356088, 0.5819212, 0
0.3485904, 0.5545633, 0.6314745, 0
0.3571426, 0.5202162, 0.5620483, 0
0.4499668, 0.590174, 0.6360262, 0
0.3675027, 0.6275934, 0.5560235, 0
0.3426044, 0.5709975, 0.5550999, 0
0.4332734, 0.6221047, 0.6151505, 0
0.4930644, 0.6595683, 0.6106144, 0
0.4072117, 0.6105637, 0.619831, 0
0.4512591, 0.5417269, 0.551182, 0
0.3671663, 0.5382662, 0.5810787, 0
0.4350959, 0.5235369, 0.6043047, 0
0.4048071, 0.5362844, 0.5654092, 0
0.4711829, 0.6031998, 0.6585513, 0
0.4703139, 0.6440377, 0.6185831, 0
0.4985288, 0.6219003, 0.6466463, 0
0.3895555, 0.6402918, 0.5603098, 0
0.4090839, 0.5224155, 0.5989442, 0
0.3233442, 0.5837362, 0.6251215, 0
0.4292088, 0.5863606, 0.6209052, 0
0.3573745, 0.5279622, 0.5966532, 0
0.5138413, 0.5861894, 0.6030486, 0
0.4606042, 0.5741022, 0.5478284, 0
0.5188428, 0.5592099, 0.5577648, 0
0.4210881, 0.5344522, 0.5497861, 0
0.513938, 0.6271475, 0.6409438, 0
0.3598285, 0.5553402, 0.5258812, 0
0.3202252, 0.5664596, 0.5588857, 0
0.4713525, 0.5844991, 0.6393213, 0
0.3337896, 0.5318525, 0.5995545, 0
0.3963367, 0.5574571, 0.5544502, 0
0.4273404, 0.6219931, 0.6320214, 0
0.4954049, 0.6247011, 0.573655, 0
0.3347904, 0.6092477, 0.6046975, 0
0.437084, 0.5334693, 0.6079155, 0
0.5032874, 0.5554767, 0.6225539, 0
0.3772301, 0.5247725, 0.5600226, 0
0.4153209, 0.6366414, 0.5682036, 0
0.3159776, 0.5373699, 0.5723544, 0
0.4458107, 0.6082457, 0.533092, 0
0.3505832, 0.5571914, 0.5137761, 0
0.3442239, 0.5253991, 0.5291896, 0
0.346878, 0.5857809, 0.5118718, 0
0.3764948, 0.6071326, 0.5546844, 0
0.3226127, 0.6346843, 0.5483609, 0
0.343313, 0.6027773, 0.6185598, 0
0.4515928, 0.6064584, 0.6262396, 0
0.5215625, 0.625374, 0.6342468, 0
0.4915253, 0.5799286, 0.5625274, 0
0.3952267, 0.5927246, 0.5743731, 0
0.3243586, 0.6360835, 0.5762398, 0
0.4097154, 0.5767158, 0.5674305, 0
0.4149266, 0.6445024, 0.592074, 0
0.5285754, 0.5672392, 0.6215699, 0
0.3452098, 0.5385296, 0.532941, 0
0.3337534, 0.523546, 0.5296685, 0
0.4473162, 0.5820742, 0.6345642, 0
0.3025919, 0.5672239, 0.6130993, 0
0.4918961, 0.5913931, 0.6084854, 0
0.4323266, 0.5671579, 0.6228622, 0
0.5005468, 0.5810645, 0.6271333, 0
0.4459535, 0.5797589, 0.5894799, 0
0.3136686, 0.5927009, 0.587878, 0
0.3879198, 0.6177225, 0.5871588, 0
0.4209354, 0.5309377, 0.6012359, 0
0.3241236, 0.5215461, 0.6000805, 0
0.3635551, 0.5806949, 0.6322511, 0
0.5102276, 0.5902054, 0.6127084, 0
0.521013, 0.5419157, 0.6135108, 0
0.5197538, 0.6031579, 0.5968719, 0
0.3612544, 0.6281957, 0.5635237, 0
0.5176125, 0.6138389, 0.5989193, 0
0.3991624, 0.5483336, 0.5386785, 0
0.4883598, 0.5691491, 0.5587894, 0
0.4359216, 0.6486568, 0.578407, 0
0.4081057, 0.610598, 0.5593186, 0
0.3594896, 0.5348914, 0.5851311, 0
0.5260858, 0.5792658, 0.5733184, 0
0.4568072, 0.5393113, 0.6158427, 0
0.5165672, 0.6410745, 0.5737546, 0
0.3242783, 0.5421537, 0.5688372, 0
0.3765526, 0.6412498, 0.5585398, 0
0.5156343, 0.6391506, 0.5916131, 0
0.3850858, 0.5289748, 0.5462138, 0
0.4671394, 0.5904901, 0.5717651, 0
0.443238, 0.5903487, 0.6157837, 0
0.4444948, 0.6279709, 0.5578576, 0
0.5096756, 0.5616308, 0.5736491, 0
0.5293266, 0.5798323, 0.6256694, 0
0.3733694, 0.5589069, 0.6108224, 0
0.4295963, 0.5710273, 0.5868204, 0
0.3448049, 0.5664523, 0.5625169, 0
0.368548, 0.6202241, 0.5273196, 0
0.4117738, 0.5197118, 0.5973712, 0
0.4564526, 0.6089637, 0.5400581, 0
0.50907, 0.6512747, 0.622007, 0
0.4533513, 0.5689523, 0.614813, 0
0.3352755, 0.6133646, 0.5262755, 0
0.4889097, 0.6086155, 0.5938448, 0
0.3377163, 0.5408086, 0.523207, 0
0.3938388, 0.5603949, 0.5883464, 0
0.3544465, 0.5371726, 0.6033505, 0
0.3572541, 0.5786903, 0.5667954, 0
0.4130647, 0.6429355, 0.593339, 0
0.4201571, 0.5413984, 0.551604, 0
0.4059569, 0.5527058, 0.615491, 0
0.3232343, 0.6283524, 0.5878439, 0
0.4206473, 0.5551921, 0.6123416, 0
0.4270901, 0.620258, 0.646441, 0
0.4123701, 0.5620819, 0.5753242, 0
0.4179598, 0.5920089, 0.5269763, 0
0.4238423, 0.5792534, 0.5206425, 0
0.4217573, 0.561725, 0.6400927, 0
0.513042, 0.6295608, 0.5758497, 0
0.3812655, 0.6143216, 0.5274031, 0
0.3084564, 0.5822065, 0.6135038, 0
0.5076385, 0.5754766, 0.6349666, 0
0.4613215, 0.5674472, 0.545537, 0
0.497349, 0.5852711, 0.6530181, 0
0.4086997, 0.5479634, 0.5383224, 0
0.4055867, 0.5874422, 0.5475623, 0
0.3990977, 0.6290206, 0.5872754, 0
0.3826948, 0.5705206, 0.529847, 0
0.3713269, 0.5548427, 0.6297354, 0
0.5228176, 0.5814292, 0.6400512, 0
0.4178221, 0.5955982, 0.6160043, 0
0.4611911, 0.5646923, 0.6391712, 0
0.487528, 0.5438156, 0.624641, 0
0.4741307, 0.5797322, 0.6086076, 0
0.4746996, 0.5983491, 0.6116798, 0
0.4641629, 0.5460471, 0.5519245, 0
0.3447737, 0.5666409, 0.5457029, 0
0.5068506, 0.6031957, 0.5676548, 0
0.3425791, 0.5174131, 0.5669534, 0
0.4482919, 0.5605868, 0.582515, 0
0.4677728, 0.6162241, 0.6584752, 0
0.3713533, 0.6261165, 0.619762, 0
0.3409151, 0.554918, 0.5652573, 0
0.3342974, 0.5640472, 0.565715, 0
0.3769933, 0.5842304, 0.5920249, 0
0.3567187, 0.5762683, 0.6279366, 0
0.4596333, 0.5823499, 0.5668748, 0
0.4964406, 0.6053351, 0.5578727, 0
0.3667683, 0.556986, 0.5801735, 0
0.4836647, 0.559994, 0.6114847, 0
0.4045538, 0.6204814, 0.6144385, 0
0.4918235, 0.5765125, 0.5919211, 0
0.4980372, 0.5840277, 0.6076704, 0
0.4625517, 0.5804546, 0.631551, 0
0.5227711, 0.6109002, 0.5600358, 0
0.3550816, 0.5774336, 0.6049091, 0
0.472289, 0.6014192, 0.5629582, 0
0.3884315, 0.5858446, 0.5388973, 0
0.4138744, 0.5958751, 0.5408388, 0
0.3240137, 0.6010419, 0.52468, 0
0.4277887, 0.5448749, 0.6269374, 0
0.5018159, 0.5815554, 0.6158431, 0
0.489423, 0.6273771, 0.584039, 0
0.459539, 0.6550242, 0.5985168, 0
0.3304915, 0.5882128, 0.5909858, 0
0.383505, 0.5595857, 0.5895464, 0
0.4934906, 0.5694887, 0.6099234, 0
0.3235032, 0.6137341, 0.5172971, 0
0.4093179, 0.5827055, 0.5514467, 0
0.48372, 0.6064342, 0.603468, 0
0.468694, 0.5864166, 0.6390926, 0
0.3710237, 0.5683615, 0.5853239, 0
0.3728793, 0.6024579, 0.6006511, 0
0.4799981, 0.59456, 0.5334515, 0
0.3311241, 0.5708058, 0.5606628, 0
0.5029846, 0.6016757, 0.6488568, 0
0.4938489, 0.5992896, 0.5856221, 0
0.5107656, 0.5468607, 0.6210392, 0
0.4271498, 0.5963192, 0.5423861, 0
0.3597644, 0.5691721, 0.5502725, 0
0.4893386, 0.6224335, 0.6324288, 0
0.5124361, 0.5869973, 0.5793871, 0
0.3298286, 0.576464, 0.6061171, 0
0.3865229, 0.5679062, 0.529422, 0
0.3739123, 0.6183985, 0.6296549, 0
0.322537, 0.539912, 0.5962731, 0
0.4287228, 0.5677343, 0.6395136, 0
0.3327245, 0.5233369, 0.5429706, 0
0.447339, 0.5588458, 0.5362294, 0
0.3473954, 0.528916, 0.6096825, 0
0.4022352, 0.5189559, 0.5846973, 0
0.3783905, 0.5282827, 0.5926272, 0
0.3748762, 0.5900372, 0.6433604, 0
0.3608408, 0.5845858, 0.5787604, 0
0.3799497, 0.5449862, 0.5624709, 0
0.4799873, 0.646021, 0.5791352, 0
0.4162422, 0.5643482, 0.5813815, 0
0.4772141, 0.6326646, 0.5947987, 0
0.464836, 0.5928325, 0.5360923, 0
0.3359796, 0.5763576, 0.5502385, 0
0.3226714, 0.6072451, 0.5709654, 0
0.4800424, 0.6053312, 0.5693255, 0
0.4836902, 0.5688379, 0.6464281, 0
0.3745739, 0.6179369, 0.6079813, 0
0.497571, 0.648299, 0.5657536, 0
0.5031025, 0.539994, 0.569358, 0
0.4561467, 0.5275189, 0.5856786, 0
0.3729644, 0.6168757, 0.5565868, 0
0.470223, 0.564616, 0.5987103, 0
0.4087299, 0.5937892, 0.5785144, 0
0.4597319, 0.5954412, 0.5767002, 0
0.5231256, 0.6083247, 0.5920712, 0
0.4173964, 0.6015321, 0.6194283, 0
0.4195623, 0.5607777, 0.6278645, 0
0.471092, 0.6223111, 0.6546962, 0
0.4731201, 0.6176398, 0.6302957, 0
0.4687962, 0.6398178, 0.6111826, 0
0.3474137, 0.5770314, 0.5434837, 0
0.4695939, 0.6053871, 0.5500361, 0
0.5191429, 0.6134738, 0.6309233, 0
0.3453, 0.537739, 0.6029733, 0
0.3813578, 0.6142829, 0.602018, 0
0.4370379, 0.5606567, 0.6132746, 0
0.3530241, 0.5560063, 0.5599738, 0
0.4905351, 0.5838658, 0.5757164, 0
0.3985096, 0.5435818, 0.585002, 0
0.4007879, 0.5690619, 0.6082901, 0
0.4784276, 0.6215296, 0.5841737, 0
0.3426646, 0.6009949, 0.6160381, 0
0.5066679, 0.6307744, 0.6048354, 0
0.4368038, 0.5830554, 0.593271, 0
0.3994387, 0.6439052, 0.5960169, 0
0.470895, 0.5407133, 0.6068348, 0
0.3719541, 0.5537785, 0.5545735, 0
0.4301866, 0.5301027, 0.5558395, 0
0.4004916, 0.6338223, 0.591206, 0
0.4599165, 0.5498151, 0.6336247, 0
0.3978332, 0.5880454, 0.6448362, 0
0.4681865, 0.5448712, 0.6229211, 0
0.4608751, 0.5961046, 0.5541909, 0
0.3313921, 0.6088344, 0.5271984, 0
0.4067468, 0.5699484, 0.532373, 0
0.4065541, 0.5753882, 0.6106067, 0
0.3247051, 0.5790573, 0.5791282, 0
0.5267684, 0.5740204, 0.5490884, 0
0.3291654, 0.5832298, 0.5803459, 0
0.5031134, 0.6059864, 0.6308912, 0
0.4075743, 0.6059334, 0.5968339, 0
0.5072469, 0.6028849, 0.6537787, 0
0.3878475, 0.6292713, 0.606951, 0
0.3202353, 0.5384531, 0.5971758, 0
0.5085734, 0.601486, 0.5619159, 0
0.3387952, 0.6155181, 0.5350248, 0
0.3887181, 0.5437971, 0.5566411, 0
0.3842207, 0.602664, 0.6348857, 0
0.3686319, 0.586202, 0.6145517, 0
0.4482416, 0.5922285, 0.5376585, 0
0.3677668, 0.6218652, 0.5600764, 0
0.3996444, 0.5826616, 0.5555701, 0
0.3336173, 0.5704488, 0.6031253, 0
0.5027636, 0.5808871, 0.6060498, 0
0.3699782, 0.5946726, 0.5637917, 0
0.3492157, 0.5505883, 0.6092265, 0
0.4442104, 0.5976406, 0.6528056, 0
0.4970013, 0.609781, 0.6346972, 0
0.4005705, 0.645846, 0.5768854, 0
0.4557504, 0.5331643, 0.627687, 0
0.4436469, 0.5465275, 0.6249335, 0
0.3959373, 0.608731, 0.6317345, 0
0.4112697, 0.5627246, 0.5700294, 0
0.4331121, 0.5738609, 0.5854975, 0
0.4798365, 0.6284454, 0.6566555, 0
0.4919833, 0.6074627, 0.5928295, 0
0.4651711, 0.56581, 0.6091956, 0
0.3646714, 0.558239, 0.5929333, 0
0.3756023, 0.5354688, 0.5901101, 0
0.4715143, 0.5476133, 0.6389661, 0
0.4277539, 0.5376275, 0.6085994, 0
0.5140637, 0.6173465, 0.6370726, 0
0.3783729, 0.5432842, 0.622883, 0
0.3481444, 0.5706562, 0.6224802, 0
0.5307879, 0.5697342, 0.5751419, 0
0.5302807, 0.5891552, 0.5945886, 0
0.4019213, 0.5759858, 0.6146291, 0
0.3629653, 0.5939545, 0.5848356, 0
0.5083291, 0.6405987, 0.5833026, 0
0.4796492, 0.630502, 0.5459008, 0
0.4647802, 0.6452619, 0.570702, 0
0.448011, 0.5915711, 0.6316273, 0
0.5262754, 0.5629175, 0.5788718, 0
0.4795122, 0.5957982, 0.5863888, 0
0.455991, 0.5628707, 0.6232419, 0
0.4477618, 0.5426702, 0.624361, 0
0.3985113, 0.5733199, 0.5329134, 0
0.4617223, 0.6143697, 0.6487265, 0
0.4005085, 0.5815758, 0.5486987, 0
0.4030929, 0.5718839, 0.6113344, 0
0.3346033, 0.5655085, 0.5081526, 0
0.329251, 0.5376195, 0.5130405, 0
0.3920481, 0.5809796, 0.5888699, 0
0.4961733, 0.6305389, 0.6350645, 0
0.5252931, 0.5725245, 0.6009225, 0
0.466613, 0.5772566, 0.588528, 0
0.4068612, 0.5326647, 0.6065186, 0
0.3095777, 0.5693759, 0.6067989, 0
0.5299156, 0.5868465, 0.5541213, 0
0.4341573, 0.5826992, 0.5790836, 0
0.4276819, 0.6116207, 0.5459254, 0
0.3225021, 0.5564592, 0.5275769, 0
0.3420145, 0.5118169, 0.5882578, 0
0.4246364, 0.6164581, 0.5713669, 0
0.3759527, 0.6057262, 0.5227085, 0
0.5024486, 0.5971577, 0.5877814, 0
0.4537449, 0.590487, 0.5342649, 0
0.4130492, 0.6421899, 0.5731595, 0
0.5221633, 0.5614668, 0.5674927, 0
0.433621, 0.531714, 0.5674479, 0
0.3643574, 0.6102715, 0.5999295, 0
0.3784465, 0.5901221, 0.5378904, 0
0.5020135, 0.5904317, 0.5557069, 0
0.5027974, 0.5456949, 0.5859144, 0
0.4756265, 0.6305833, 0.6149722, 0
0.4050999, 0.6105315, 0.6333488, 0
0.3978409, 0.6045912, 0.6406499, 0
0.4629588, 0.6057417, 0.5537257, 0
0.5214059, 0.5550067, 0.5716193, 0
0.3848152, 0.5220659, 0.5532955, 0
0.4507347, 0.5921019, 0.6078487, 0
0.3242331, 0.5072667, 0.5681807, 0
0.5074459, 0.5910156, 0.6023424, 0
0.5040571, 0.5578241, 0.6392809, 0
0.3673225, 0.5771515, 0.6164951, 0
0.4858667, 0.627239, 0.5547029, 0
0.4151281, 0.6031814, 0.6013504, 0
0.3829958, 0.5356749, 0.6244008, 0
0.435784, 0.5828711, 0.6277366, 0
0.4506021, 0.5425541, 0.5634273, 0
0.3127656, 0.6251504, 0.5866283, 0
0.5153247, 0.6150994, 0.5968861, 0
0.4069572, 0.6036432, 0.5324126, 0
0.3655463, 0.5875435, 0.5092779, 0
0.4204268, 0.6147957, 0.5543302, 0
0.5231905, 0.6019441, 0.5608243, 0
0.3802799, 0.5690279, 0.5717027, 0
0.4994289, 0.5652236, 0.6328587, 0
0.4902924, 0.6483312, 0.5669442, 0
0.4646945, 0.6251138, 0.6246122, 0
0.4049214, 0.5477943, 0.5599607, 0
0.4581874, 0.5861104, 0.5388452, 0
0.48637, 0.5803468, 0.5527382, 0
0.3433414, 0.5329947, 0.5635975, 0
0.4209395, 0.573523, 0.536253, 0
0.4839198, 0.5987334, 0.6187654, 0
0.5336174, 0.5813549, 0.5910564, 0
0.413493, 0.5967563, 0.6218491, 0
0.5297645, 0.6193873, 0.5477749, 0
0.4427136, 0.624077, 0.6114139, 0
0.4080905, 0.6275361, 0.5548165, 0
0.4523019, 0.5883843, 0.540261, 0
0.4652816, 0.5975674, 0.5769582, 0
0.3886315, 0.5994987, 0.6298431, 0
0.347714, 0.5912896, 0.6190847, 0
0.4886394, 0.5484912, 0.6221161, 0
0.5115335, 0.5970618, 0.6088919, 0
0.40848, 0.5503383, 0.6204228, 0
0.4294998, 0.5933984, 0.6125108, 0
0.352493, 0.5631233, 0.5773799, 0
0.3748616, 0.5630319, 0.6046331, 0
0.4726721, 0.6422229, 0.5959468, 0
0.4726874, 0.6301353, 0.5709824, 0
0.4735868, 0.5924521, 0.6626385, 0
0.3344501, 0.5349132, 0.5955678, 0
0.3973407, 0.5777034, 0.5823935, 0
0.3661478, 0.6342033, 0.5440367, 0
0.5407167, 0.5759481, 0.5695692, 0
0.3365038, 0.5369347, 0.5168604, 0
0.3704498, 0.559178, 0.624163, 0
0.5124484, 0.5906349, 0.6296777, 0
0.347716, 0.5279898, 0.6094669, 0
0.4134039, 0.5403168, 0.5947394, 0
0.5021001, 0.6584217, 0.625209, 0
0.500348, 0.6129822, 0.5850914, 0
0.4518258, 0.5603992, 0.6366966, 0
0.4749775, 0.5841473, 0.5513107, 0
0.3951472, 0.547725, 0.6116636, 0
0.3315818, 0.5595642, 0.5607068, 0
0.3571697, 0.5700061, 0.6191777, 0
0.3950556, 0.6014752, 0.5180663, 0
0.3155175, 0.611405, 0.5697449, 0
0.3264826, 0.5246849, 0.5891495, 0
0.3202111, 0.5268808, 0.568138, 0
0.4624247, 0.5609571, 0.6115679, 0
0.5186396, 0.6550522, 0.6049451, 0
0.4281431, 0.635741, 0.6093717, 0
0.3574212, 0.5594115, 0.5626099, 0
0.3352545, 0.628993, 0.5871741, 0
0.4124075, 0.5517851, 0.5478183, 0
0.3863146, 0.5500076, 0.5712861, 0
0.3117296, 0.6103982, 0.5513949, 0
0.3419763, 0.5332853, 0.6146291, 0
0.4260736, 0.6449612, 0.5888953, 0
0.3683673, 0.5327718, 0.5838955, 0
0.3159378, 0.5271863, 0.5905025, 0
0.4541358, 0.6139615, 0.559448, 0
0.4252459, 0.5635304, 0.6194941, 0
0.5006562, 0.5984689, 0.5939349, 0
0.3804987, 0.5450518, 0.5607685, 0
0.3434469, 0.5535095, 0.6259319, 0
0.3414494, 0.6068363, 0.5804449, 0
0.5250393, 0.6256277, 0.5696146, 0
0.4798892, 0.5522511, 0.6269805, 0
0.4147685, 0.5471501, 0.6092089, 0
0.3308715, 0.5196571, 0.5815748, 0
0.3466992, 0.5573447, 0.5803982, 0
0.4673359, 0.5722217, 0.6158321, 0
0.3596897, 0.5780711, 0.5857003, 0
0.3908269, 0.5715011, 0.540472, 0
0.4493736, 0.6005518, 0.6186974, 0
0.3948618, 0.5572886, 0.5849794, 0
0.4134333, 0.5783834, 0.6362394, 0
0.4407282, 0.5980868, 0.5352316, 0
0.4205637, 0.6082616, 0.5915053, 0
0.5205725, 0.5658927, 0.6006956, 0
0.4508018, 0.6222357, 0.5702088, 0
0.3197926, 0.5918273, 0.5363603, 0
0.531742, 0.5953448, 0.5652502, 0
0.3349653, 0.606849, 0.5986252, 0
0.4712082, 0.5741569, 0.5599374, 0
0.4371027, 0.5885501, 0.617918, 0
0.382294, 0.622477, 0.6021447, 0
0.5172473, 0.6487482, 0.6395931, 0
0.3366809, 0.5573086, 0.519586, 0
0.311646, 0.6051564, 0.5735273, 0
0.3280768, 0.5237021, 0.5272152, 0
0.3264802, 0.5812128, 0.5051158, 0
0.3492979, 0.6145981, 0.5790093, 0
0.4151354, 0.5904658, 0.5741286, 0
0.5153194, 0.5713922, 0.6188164, 0
0.3554513, 0.6262369, 0.5643668, 0
0.3620395, 0.6318602, 0.5437006, 0
0.3147766, 0.5377385, 0.5863774, 0
0.3879755, 0.5483146, 0.5962827, 0
0.3250785, 0.5871778, 0.5988267, 0
0.3555417, 0.5750784, 0.570594, 0
0.3947482, 0.5909622, 0.6088046, 0
0.3317324, 0.5406505, 0.5734013, 0
0.5233606, 0.6090091, 0.6092759, 0
0.4851825, 0.5433438, 0.6392396, 0
0.4042549, 0.5649437, 0.5704424, 0
0.3741869, 0.5529143, 0.5199043, 0
0.3618174, 0.6068462, 0.6161445, 0
0.5066981, 0.6009383, 0.5419571, 0
0.513519, 0.6300875, 0.5819289, 0
0.4034965, 0.5388616, 0.6099038, 0
0.3450847, 0.6277255, 0.5824752, 0
0.3659672, 0.5177464, 0.5842541, 0
0.5212085, 0.6393306, 0.5765145, 0
0.5131441, 0.5442415, 0.575204, 0
0.3617956, 0.6404729, 0.5905355, 0
0.4409445, 0.5733245, 0.6216697, 0
0.4107445, 0.5853217, 0.5781112, 0
0.5135077, 0.5591114, 0.5857263, 0
0.3987551, 0.5519718, 0.5549569, 0
0.4623544, 0.5946327, 0.543003, 0
0.3886849, 0.5308223, 0.6175646, 0
0.5121356, 0.6486326, 0.626556, 0
0.5181333, 0.5406911, 0.5943007, 0
0.3575546, 0.6139119, 0.5964651, 0
0.3745767, 0.5583508, 0.5982693, 0
0.3216181, 0.5806932, 0.5428531, 0
0.4509564, 0.5948297, 0.5598674, 0
0.3559988, 0.5687948, 0.5491004, 0
0.3847162, 0.5934976, 0.6219171, 0
0.4470479, 0.5544929, 0.6249968, 0
0.4639884, 0.5899389, 0.5919216, 0
0.3584905, 0.6189369, 0.5505916, 0
0.4135949, 0.6229331, 0.5660977, 0
0.3257324, 0.5805332, 0.5685467, 0
0.4787544, 0.5264095, 0.5956262, 0
0.4835309, 0.5592195, 0.5900081, 0
0.503021, 0.5669471, 0.6046887, 0
0.4279308, 0.5586796, 0.5728526, 0
0.4164267, 0.5957192, 0.5662541, 0
0.4494245, 0.6317956, 0.6343013, 0
0.4857791, 0.5904577, 0.5366333, 0
0.4579801, 0.5375829, 0.5947633, 0
0.4575807, 0.6230072, 0.5949398, 0
0.5289938, 0.6226953, 0.560514, 0
0.4672679, 0.5714129, 0.5753523, 0
0.3580192, 0.5980347, 0.5397713, 0
0.4750867, 0.6434205, 0.6370156, 0
0.4264826, 0.6074166, 0.5609639, 0
0.32168, 0.5191169, 0.5868036, 0
0.4168108, 0.6112705, 0.5978211, 0
0.4768161, 0.5979096, 0.6612468, 0
0.3093601, 0.5700796, 0.5791296, 0
0.3669527, 0.5888542, 0.5666569, 0
0.4464036, 0.577275, 0.6310989, 0
0.4668268, 0.6021976, 0.6079892, 0
0.4808784, 0.6373155, 0.59804, 0
0.3585069, 0.5279352, 0.6142966, 0
0.3760035, 0.5302967, 0.5930071, 0
0.4218422, 0.6153402, 0.610712, 0
0.5120097, 0.5501397, 0.6165608, 0
0.4212527, 0.5276359, 0.5653903, 0
0.5139372, 0.5922713, 0.5479323, 0
0.3783892, 0.6242067, 0.5694622, 0
0.4139493, 0.5354249, 0.5729482, 0
0.3516663, 0.5250965, 0.6114874, 0
0.4165525, 0.6449448, 0.5724604, 0
0.4963033, 0.5474744, 0.5945964, 0
0.4861687, 0.5939552, 0.6246105, 0
0.310539, 0.5688218, 0.5777574, 0
0.380532, 0.6203674, 0.6027061, 0
0.3603512, 0.5137926, 0.5785542, 0
0.5019161, 0.6522382, 0.6282623, 0
0.4095033, 0.6290725, 0.5368842, 0
0.5066693, 0.5695638, 0.6230487, 0
0.4801818, 0.6119772, 0.6621387, 0
0.3550881, 0.5605071, 0.5426928, 0
0.3786762, 0.6065844, 0.5708227, 0
0.3296826, 0.5958116, 0.6238182, 0
0.3443614, 0.6036001, 0.5431025, 0
0.3334769, 0.5710836, 0.5323573, 0
0.3635309, 0.5751356, 0.5911385, 0
0.488188, 0.5816703, 0.571216, 0
0.3834329, 0.5432748, 0.6055765, 0
0.3657629, 0.5924456, 0.6033294, 0
0.3454483, 0.5339566, 0.5954956, 0
0.4011189, 0.5584024, 0.5309873, 0
0.405405, 0.6380036, 0.5973684, 0
0.4122136, 0.597758, 0.616057, 0
0.4392302, 0.6240658, 0.6126427, 0
0.3374884, 0.5989561, 0.5986947, 0
0.4671822, 0.5870568, 0.6275169, 0
0.3113038, 0.5753031, 0.6253226, 0
0.5037223, 0.5373471, 0.6078364, 0
0.4385943, 0.5851614, 0.5313672, 0
0.3784221, 0.5302027, 0.5330151, 0
0.3546837, 0.5950755, 0.6332771, 0
0.4222536, 0.5316316, 0.5883036, 0
0.5014055, 0.61581, 0.6667778, 0
0.5141959, 0.6230394, 0.618926, 0
0.4920272, 0.6023443, 0.6061192, 0
0.311493, 0.5791249, 0.6025847, 0
0.5122231, 0.5834457, 0.6699099, 0
0.4669107, 0.5804707, 0.5938664, 0
0.474581, 0.6398219, 0.5540948, 0
0.4566879, 0.6387669, 0.6106634, 0
0.3262179, 0.6314523, 0.5739506, 0
0.3028646, 0.584341, 0.606249, 0
0.508047, 0.6363676, 0.5984091, 0
0.3431796, 0.6265852, 0.6126732, 0
0.3615937, 0.6263197, 0.5749782, 0
0.3324243, 0.6352865, 0.5881872, 0
0.3816806, 0.5291556, 0.6081245, 0
0.4995036, 0.6107425, 0.6008722, 0
0.3800681, 0.6182064, 0.5675104, 0
0.4340701, 0.6098168, 0.5908633, 0
0.4952172, 0.5981331, 0.6695116, 0
0.4787169, 0.5514531, 0.6384507, 0
0.3448943, 0.604893, 0.5637042, 0
0.355346, 0.6143456, 0.6025786, 0
0.4488429, 0.6325619, 0.5519124, 0
0.4572485, 0.5816444, 0.6177543, 0
0.4902701, 0.595791, 0.541581, 0
0.3395719, 0.5428401, 0.5364226, 0
0.4635785, 0.6135442, 0.5513946, 0
0.3603344, 0.5928038, 0.6181294, 0
0.4718644, 0.6129267, 0.5791563, 0
0.4329417, 0.5894771, 0.5757871, 0
0.411255, 0.6137974, 0.6215147, 0
0.4747108, 0.5331752, 0.6235116, 0
0.463085, 0.5410122, 0.60943, 0
0.4946135, 0.6425926, 0.6270496, 0
0.3735284, 0.5621778, 0.5637084, 0
0.3423643, 0.5495721, 0.5947142, 0
0.3592757, 0.5557022, 0.6241356, 0
0.4606962, 0.5923147, 0.5958492, 0
0.5139431, 0.637748, 0.6174573, 0
0.4135405, 0.643173, 0.5644845, 0
0.4893379, 0.5651069, 0.6188907, 0
0.3370646, 0.5859534, 0.5575221, 0
0.4080756, 0.5685634, 0.6115302, 0
0.4940612, 0.6086335, 0.6491485, 0
0.4248117, 0.6083468, 0.5394717, 0
0.4425969, 0.6380886, 0.6141107, 0
0.3245965, 0.5789536, 0.6237504, 0
0.4669612, 0.5906056, 0.5325784, 0
0.384439, 0.5632425, 0.6064539, 0
0.3805189, 0.6283094, 0.5378241, 0
0.4357974, 0.5779591, 0.6188754, 0
0.5267492, 0.5509213, 0.5907713, 0
0.5115783, 0.6053928, 0.6277196, 0
0.3810788, 0.6371061, 0.5973459, 0
0.3915504, 0.6166118, 0.63721, 0
0.4300055, 0.6231516, 0.5980798, 0
0.319654, 0.593796, 0.6093855, 0
0.4659834, 0.5840721, 0.5503682, 0
0.4993753, 0.6006191, 0.5489655, 0
0.4282158, 0.592835, 0.5795861, 0
0.414078, 0.6164454, 0.5859981, 0
0.503894, 0.6266687, 0.5508166, 0
0.3201905, 0.6039035, 0.5181606, 0
0.4023044, 0.5717813, 0.6134629, 0
0.5120059, 0.5863854, 0.6192713, 0
0.3680702, 0.6164726, 0.6097543, 0
0.4091147, 0.5552327, 0.5937034, 0
0.44586, 0.64192, 0.6017061, 0
0.4654505, 0.5580455, 0.6151409, 0
0.4525038, 0.5675145, 0.5630888, 0
0.4272813, 0.5798677, 0.6169273, 0
0.4757065, 0.5859868, 0.5459681, 0
0.3536252, 0.5529292, 0.5557246, 0
0.309834, 0.5745225, 0.6094265, 0
0.4443879, 0.6123983, 0.5461606, 0
0.3567853, 0.5617297, 0.6024293, 0
0.4369054, 0.5370286, 0.5797381, 0
0.3462578, 0.5590838, 0.5595521, 0
0.4590121, 0.5244748, 0.5952957, 0
0.4314975, 0.5478801, 0.546416, 0
0.3399254, 0.6334962, 0.5565504, 0
0.3500637, 0.5273427, 0.5956951, 0
0.4347323, 0.6275516, 0.6008775, 0
0.3908513, 0.6094956, 0.57858, 0
0.3530574, 0.5200536, 0.5475762, 0
0.3671417, 0.6185074, 0.5517012, 0
0.4887374, 0.5509466, 0.6206467, 0
0.3838473, 0.5601374, 0.5270182, 0
0.3898049, 0.5269538, 0.5936855, 0
0.4929576, 0.5592669, 0.5558301, 0
0.3385408, 0.573063, 0.5096278, 0
0.5205771, 0.6165406, 0.6426639, 0
0.361116, 0.5554729, 0.6149248, 0
0.4599529, 0.6307515, 0.5669478, 0
0.4012872, 0.598095, 0.5284113, 0
0.3302948, 0.526221, 0.5873071, 0
0.3542181, 0.5844262, 0.5873749, 0
0.4433123, 0.6380711, 0.62269, 0
0.3568059, 0.5183711, 0.5873455, 0
0.336152, 0.5766406, 0.5773352, 0
0.5386794, 0.5408035, 0.5983552, 0
0.4531486, 0.5525842, 0.6107168, 0
0.3531826, 0.6085921, 0.5532882, 0
0.336148, 0.6227946, 0.5425996, 0
0.42498, 0.5891229, 0.6083466, 0
0.3702362, 0.5407108, 0.5642489, 0
0.5079855, 0.6415357, 0.5600657, 0
0.3424977, 0.6007027, 0.6223266, 0
0.504649, 0.5591723, 0.6305429, 0
0.4255595, 0.5413337, 0.592295, 0
0.3751768, 0.5837905, 0.6215431, 0
0.3866646, 0.5597172, 0.5621444, 0
0.3175748, 0.599942, 0.5253029, 0
0.4869889, 0.5764159, 0.5937674, 0
0.4152869, 0.6324536, 0.6019718, 0
0.4968341, 0.5680512, 0.6095639, 0
0.3354609, 0.6178048, 0.5947136, 0
0.3133534, 0.5866793, 0.6232402, 0
0.5053065, 0.6127117, 0.6387132, 0
0.3862303, 0.5856587, 0.5549951, 0
0.4712361, 0.5312594, 0.5893081, 0
0.4534653, 0.5590782, 0.5340589, 0
0.5119172, 0.6479856, 0.5798682, 0
0.4527962, 0.6434777, 0.6036257, 0
0.4706912, 0.5363349, 0.6087263, 0
0.429966, 0.590127, 0.5327663, 0
0.449215, 0.5682998, 0.5393559, 0
0.4112839, 0.6164147, 0.6039394, 0
0.5307084, 0.6433075, 0.5679612, 0
0.3534441, 0.5943901, 0.6165941, 0
0.5120962, 0.5652841, 0.5966771, 0
0.5167738, 0.5560545, 0.6369119, 0
0.4678278, 0.6190113, 0.6328958, 0
0.3181522, 0.6097077, 0.5650527, 0
0.3563644, 0.5992548, 0.5195045, 0
0.5028103, 0.6232314, 0.5625069, 0
0.351193, 0.5839562, 0.5739639, 0
0.4271859, 0.5676498, 0.5373129, 0
0.4776697, 0.5941497, 0.6277729, 0
0.3655779, 0.5584481, 0.5753812, 0
0.498706, 0.6297571, 0.6376253, 0
0.4127246, 0.5452805, 0.5998613, 0
0.416005, 0.5860449, 0.6166218, 0
0.5026335, 0.585485, 0.5962245, 0
0.3610451, 0.6245844, 0.5430558, 0
0.5014197, 0.547761, 0.6019256, 0
0.447075, 0.556353, 0.5989095, 0
0.3630634, 0.5311962, 0.6165245, 0
0.5168426, 0.5866441, 0.6306242, 0
0.3237245, 0.6228325, 0.526256, 0
0.4715727, 0.567597, 0.5632802, 0
0.4051271, 0.533016, 0.5902819, 0
0.4576035, 0.6220151, 0.5690602, 0
0.4095715, 0.5921784, 0.5664148, 0
0.5212084, 0.6209419, 0.5733545, 0
0.3790286, 0.6116391, 0.5949353, 0
0.3478587, 0.6163139, 0.5625774, 0
0.3896597, 0.5901909, 0.5790973, 0
0.3904444, 0.5695301, 0.5579888, 0
0.3333686, 0.5460933, 0.6207396, 0
0.3975161, 0.6315229, 0.543443, 0
0.3103476, 0.6089501, 0.5849824, 0
0.4984026, 0.5909925, 0.6339929, 0
0.3737223, 0.5882999, 0.5744602, 0
0.4191384, 0.575774, 0.650576, 0
0.36492, 0.635576, 0.6089565, 0
0.4516672, 0.5885781, 0.5744589, 0
0.5208429, 0.5846286, 0.576448, 0
0.3875523, 0.5194954, 0.5876286, 0
0.5130426, 0.5960769, 0.66517, 0
0.4914123, 0.63243, 0.5869308, 0
0.47093, 0.6206149, 0.6333648, 0
0.4140382, 0.5491934, 0.5530199, 0
0.4102499, 0.5731283, 0.620766, 0
0.3944946, 0.6402425, 0.5914066, 0
0.3471019, 0.6026238, 0.5697009, 0
0.326205, 0.5603396, 0.5071899, 0
0.3333589, 0.60494, 0.5217656, 0
0.4236774, 0.6048329, 0.5461629, 0
0.4349261, 0.5762668, 0.5439002, 0
0.4315681, 0.6118163, 0.5447359, 0
0.391331, 0.5887686, 0.5258882, 0
0.4796878, 0.5441285, 0.5868923, 0
0.454053, 0.5825409, 0.6598127, 0
0.517844, 0.5892894, 0.6622073, 0
0.4836819, 0.5858495, 0.5862088, 0
0.4195726, 0.6021489, 0.6277734, 0
0.4209028, 0.6022764, 0.5474552, 0
0.4559846, 0.5608153, 0.5543571, 0
0.4625781, 0.6224455, 0.6392489, 0
0.3807885, 0.5847082, 0.5863361, 0
0.4743012, 0.5316178, 0.602999, 0
0.3483918, 0.5662872, 0.6025441, 0
0.4750818, 0.5756073, 0.5543205, 0
0.4824866, 0.5314592, 0.6147918, 0
0.4805272, 0.5547497, 0.5901781, 0
0.5083516, 0.5531251, 0.6280307, 0
0.3670256, 0.5519589, 0.5583194, 0
0.4436965, 0.6359828, 0.6276938, 0
0.3334081, 0.5427723, 0.6160819, 0
0.5151885, 0.5537001, 0.570592, 0
0.3728903, 0.5875657, 0.5225557, 0
0.320385, 0.549326, 0.6178895, 0
0.4088112, 0.5657603, 0.5711603, 0
0.4197832, 0.5957695, 0.574527, 0
0.4348487, 0.6170608, 0.6352019, 0
0.3319298, 0.5433625, 0.5205076, 0
0.3645933, 0.5599326, 0.5814647, 0
0.3603944, 0.6301262, 0.5875608, 0
0.4043899, 0.5675295, 0.555926, 0
0.4207354, 0.5377234, 0.576334, 0
0.3735229, 0.5177715, 0.5791232, 0
0.4993113, 0.5376027, 0.610055, 0
0.4534924, 0.5705665, 0.6433831, 0
0.3854775, 0.5933357, 0.6339913, 0
0.4446988, 0.6086673, 0.5339884, 0
0.4627244, 0.6121005, 0.6168472, 0
0.3947479, 0.5658078, 0.5710938, 0
0.4593166, 0.5565479, 0.6149905, 0
0.3514168, 0.6338574, 0.5479257, 0
0.3093493, 0.6062557, 0.6093581, 0
0.4391729, 0.6210533, 0.6379974, 0
0.410413, 0.6030549, 0.6413952, 0
0.4640489, 0.538229, 0.5535514, 0
0.4696021, 0.5608876, 0.5926502, 0
0.3391925, 0.5256836, 0.5348855, 0
0.4139079, 0.5489469, 0.6241898, 0
0.4664063, 0.62396, 0.644778, 0
0.4008272, 0.5584998, 0.5707977, 0
0.3570055, 0.6140437, 0.5841893, 0
0.4318259, 0.6377479, 0.6038365, 0
0.3750088, 0.544355, 0.6275651, 0
0.3180639, 0.5494903, 0.592353, 0
0.3981214, 0.5542699, 0.5794919, 0
0.3680685, 0.6052663, 0.5176688, 0
0.4475368, 0.6123151, 0.5617275, 0
0.5014549, 0.5801549, 0.6483231, 0
0.3950016, 0.6180683, 0.581749, 0
0.4851237, 0.6484527, 0.6391328, 0
0.5099273, 0.6069374, 0.6090062, 0
0.5341588, 0.574133, 0.6040374, 0
0.5225639, 0.5852385, 0.6334307, 0
0.5199724, 0.6224949, 0.5891828, 0
0.4134627, 0.5910864, 0.5888364, 0
0.3203794, 0.6152013, 0.603021, 0
0.3144773, 0.6071048, 0.601334, 0
0.3953792, 0.5621126, 0.5627841, 0
0.3448292, 0.5662428, 0.6053426, 0
0.4389634, 0.5569846, 0.6158691, 0
0.4912254, 0.554709, 0.604831, 0
0.5098575, 0.6397806, 0.5796472, 0
0.4743713, 0.6027532, 0.632281, 0
0.3149306, 0.5381181, 0.5740737, 0
0.431195, 0.5571789, 0.5477982, 0
0.442307, 0.5277392, 0.5950401, 0
0.384812, 0.5403557, 0.547893, 0
0.3716788, 0.5494763, 0.535942, 0
0.4421881, 0.5930704, 0.6384851, 0
0.4566077, 0.583097, 0.571387, 0
0.3741663, 0.6051546, 0.5262881, 0
0.4516177, 0.6139929, 0.5785704, 0
0.3311421, 0.6315116, 0.5818387, 0
0.3801469, 0.6004742, 0.5733747, 0
0.3453947, 0.571983, 0.5460561, 0
0.502456, 0.6033403, 0.6560946, 0
0.4810026, 0.573709, 0.6104994, 0
0.4312818, 0.5540575, 0.6459569, 0
0.4622487, 0.5396222, 0.5917993, 0
0.4526335, 0.5897877, 0.5556501, 0
0.4749586, 0.5435398, 0.6123035, 0
0.3737014, 0.5353211, 0.5823386, 0
0.4575018, 0.6304764, 0.5932854, 0
0.4551235, 0.5857134, 0.5366777, 0
0.5051072, 0.6249204, 0.5467052, 0
0.4156438, 0.5563681, 0.6170299, 0
0.3540268, 0.5372353, 0.5763355, 0
0.5223562, 0.5986126, 0.5816343, 0
0.5253042, 0.5598692, 0.627712, 0
0.499144, 0.5707979, 0.5496675, 0
0.3160076, 0.5693149, 0.5591924, 0
0.3970053, 0.5908486, 0.591343, 0
0.3157781, 0.6172247, 0.588522, 0
0.5157842, 0.5461994, 0.6364835, 0
0.3560179, 0.5863923, 0.5967448, 0
0.494184, 0.6299291, 0.5729699, 0
0.4177413, 0.6168649, 0.6044126, 0
0.4312665, 0.6017271, 0.6038392, 0
0.4715105, 0.6332499, 0.6037298, 0
0.4036285, 0.5306104, 0.5812145, 0
0.4529141, 0.6031798, 0.5721672, 0
0.3775035, 0.5791229, 0.6382498, 0
0.4592983, 0.5952639, 0.5808594, 0
0.4846046, 0.6254602, 0.6326014, 0
0.36895, 0.5818117, 0.6318193, 0
0.384921, 0.5204147, 0.5502028, 0
0.3361935, 0.6253057, 0.5694949, 0
0.3399202, 0.6022244, 0.606043, 0
0.5283103, 0.5357854, 0.6210085, 0
0.518485, 0.6258624, 0.6065921, 0
0.4055317, 0.5878723, 0.6410753, 0
0.4029249, 0.6186208, 0.5391849, 0
0.427838, 0.5645587, 0.5260128, 0
0.4889342, 0.5886501, 0.6363766, 0
0.4436591, 0.6362463, 0.5889415, 0
0.431012, 0.5733747, 0.5405152, 0
0.4130102, 0.6133533, 0.6176248, 0
0.335652, 0.5354503, 0.5736839, 0
0.4264532, 0.5732521, 0.5879436, 0
0.5003762, 0.6038094, 0.655334, 0
0.4070972, 0.5646182, 0.5811422, 0
0.4227618, 0.63276, 0.5835452, 0
0.5010297, 0.556314, 0.5637805, 0
0.3543252, 0.5654095, 0.6341017, 0
0.4054904, 0.6222491, 0.5738113, 0
0.3584352, 0.6011195, 0.5270259, 0
0.4385499, 0.6285115, 0.5636942, 0
0.3804457, 0.5330197, 0.5458118, 0
0.4327362, 0.5569353, 0.5449889, 0
0.5273612, 0.6595312, 0.5872651, 0
0.3635515, 0.6340652, 0.5938015, 0
0.4946426, 0.6295203, 0.5506989, 0
0.4136532, 0.6195454, 0.54328, 0
0.4413662, 0.5889124, 0.5299134, 0
0.4191978, 0.6301907, 0.5875406, 0
0.5250677, 0.5738881, 0.6186906, 0
0.4953731, 0.6221285, 0.563041, 0
0.3934875, 0.5609453, 0.5879564, 0
0.3769209, 0.5537811, 0.5715665, 0
0.3838287, 0.5922664, 0.51762, 0
0.4118155, 0.569765, 0.5971586, 0
0.4339245, 0.5744348, 0.6475862, 0
0.4594458, 0.6388819, 0.604308, 0
0.4960661, 0.5665061, 0.5610543, 0
0.4102487, 0.5804345, 0.6376141, 0
0.4363949, 0.5563715, 0.6456048, 0
0.4401955, 0.553924, 0.6457784, 0
0.5172963, 0.5530296, 0.6370239, 0
0.3309011, 0.5885695, 0.5991938, 0
0.3814274, 0.5466578, 0.6086047, 0
0.4356253, 0.5542462, 0.5625966, 0
0.332111, 0.5540544, 0.5485189, 0
0.3348817, 0.6031399, 0.545005, 0
0.3350539, 0.6124328, 0.5216433, 0
0.3771476, 0.5343437, 0.5628792, 0
0.4162376, 0.5303125, 0.5676821, 0
0.3774408, 0.6273876, 0.6186448, 0
0.4751937, 0.6475244, 0.5792705, 0
0.4772284, 0.6071963, 0.6295886, 0
0.3748763, 0.6189298, 0.543449, 0
0.4664779, 0.6515502, 0.607358, 0
0.3491226, 0.5846523, 0.6336324, 0
0.4173371, 0.5934081, 0.5972296, 0
0.4685871, 0.6065962, 0.6476122, 0
0.4428992, 0.5892995, 0.6001784, 0
0.4717078, 0.5816247, 0.6118321, 0
0.3879573, 0.6405726, 0.5739987, 0
0.5225719, 0.5866294, 0.5510969, 0
0.3814526, 0.5920975, 0.533406, 0
0.4279289, 0.5920159, 0.6011011, 0
0.4480048, 0.5592486, 0.5635235, 0
0.3481445, 0.5148659, 0.5904674, 0
0.3718163, 0.5914845, 0.6090713, 0
0.4898862, 0.593967, 0.5946984, 0
0.3971863, 0.5854962, 0.6308725, 0
0.3538047, 0.6285324, 0.5954211, 0
0.356001, 0.5512084, 0.6086271, 0
0.4166231, 0.5402839, 0.6312642, 0
0.3860334, 0.6413096, 0.5855034, 0
0.4022132, 0.5899162, 0.6382943, 0
0.4841133, 0.5872092, 0.5541127, 0
0.4773594, 0.6143677, 0.6628572, 0
0.3734362, 0.5381758, 0.5417845, 0
0.4104216, 0.5346404, 0.5461066, 0
0.5321863, 0.6257517, 0.554445, 0
0.4914664, 0.6586556, 0.6177344, 0
0.3619755, 0.5862364, 0.6222818, 0
0.4711835, 0.64071, 0.6276026, 0
0.3247069, 0.5963449, 0.6118341, 0
0.5058363, 0.6405724, 0.6011443, 0
0.4796567, 0.5555458, 0.6064172, 0
0.4241499, 0.6419656, 0.5814006, 0
0.4044947, 0.555083, 0.5232826, 0
0.4000884, 0.5939304, 0.614128, 0
0.4703638, 0.6466073, 0.600261, 0
0.458164, 0.5611442, 0.5342935, 0
0.3839487, 0.5420527, 0.5975553, 0
0.3471012, 0.5636806, 0.5118196, 0
0.4808109, 0.6474057, 0.5720395, 0
0.4207164, 0.5654971, 0.5508147, 0
0.3506757, 0.6137077, 0.5520548, 0
0.4642429, 0.6305609, 0.6399114, 0
0.4850926, 0.6295829, 0.5544602, 0
0.4650265, 0.5955155, 0.5783413, 0
0.3004355, 0.6079053, 0.6019725, 0
0.3739653, 0.6063824, 0.5841376, 0
0.3093767, 0.5788047, 0.5765676, 0
0.4398809, 0.5833737, 0.5507095, 0
0.477425, 0.5384477, 0.5650153, 0
0.5399806, 0.5489397, 0.5752947, 0
0.4056593, 0.6350933, 0.6235289, 0
0.514638, 0.6135162, 0.5841891, 0
0.4775976, 0.6105189, 0.6164221, 0
0.3226069, 0.5909774, 0.6246262, 0
0.3581615, 0.6291112, 0.5366595, 0
0.3679465, 0.6164406, 0.5776902, 0
0.41812, 0.5861255, 0.5599737, 0
0.5327126, 0.5956813, 0.5788949, 0
0.361513, 0.5806518, 0.6104631, 0
0.4907494, 0.6275095, 0.6019721, 0
0.344866, 0.5799313, 0.5218368, 0
0.4716659, 0.5554801, 0.6526796, 0
0.454504, 0.6328229, 0.5501619, 0
0.5314975, 0.626026, 0.5706622, 0
0.3290318, 0.6193564, 0.5492207, 0
0.5335394, 0.6039968, 0.5842201, 0
0.3688989, 0.5218757, 0.548393, 0
0.4780894, 0.5624515, 0.6271211, 0
0.3053236, 0.610989, 0.5815492, 0
0.5088705, 0.636368, 0.6118163, 0
0.3397486, 0.6004837, 0.5780709, 0
0.4306807, 0.6295809, 0.58195, 0
0.4729417, 0.6460486, 0.6305528, 0
0.34917, 0.5535504, 0.5993878, 0
0.3051747, 0.616787, 0.6032588, 0
0.4137619, 0.5551762, 0.5467235, 0
0.3219841, 0.5255519, 0.6016524, 0
0.4933651, 0.5706207, 0.6564579, 0
0.4447808, 0.597777, 0.5368006, 0
0.4926518, 0.5865358, 0.655513, 0
0.3903186, 0.5490735, 0.6129774, 0
0.5075763, 0.6005464, 0.6544183, 0
0.2976843, 0.6117334, 0.607531, 0
0.4288096, 0.5961344, 0.601459, 0
0.511813, 0.5841733, 0.6384154, 0
0.3381378, 0.562114, 0.5247078, 0
0.4110721, 0.6400137, 0.5654798, 0
0.4677458, 0.5544893, 0.5942746, 0
0.3980259, 0.5455713, 0.6111066, 0
0.4190011, 0.6421971, 0.575184, 0
0.5333467, 0.5884884, 0.5638884, 0
0.4795067, 0.5489134, 0.5788013, 0
0.4371373, 0.6430404, 0.6177048, 0
0.3670526, 0.5471359, 0.5758787, 0
0.3876191, 0.5674815, 0.631222, 0
0.379345, 0.5675677, 0.5442758, 0
0.4628237, 0.5524063, 0.6096205, 0
0.3102624, 0.5934293, 0.6044048, 0
0.4631174, 0.6306615, 0.6399629, 0
0.3214294, 0.5977805, 0.5974293, 0
0.5009307, 0.6290408, 0.5654835, 0
0.3438468, 0.5541415, 0.5655137, 0
0.3887531, 0.5978853, 0.5661287, 0
0.4238191, 0.5864675, 0.5486729, 0
0.329993, 0.6325947, 0.572365, 0
0.4340867, 0.5942227, 0.5291025, 0
0.4781519, 0.6132943, 0.553291, 0
0.4860374, 0.5505794, 0.6127182, 0
0.4251607, 0.5997742, 0.5947722, 0
0.4336595, 0.5371185, 0.6174476, 0
0.4823563, 0.6360987, 0.5643405, 0
0.4401837, 0.5645186, 0.635273, 0
0.3685945, 0.5573835, 0.567983, 0
0.4028474, 0.5545089, 0.6131798, 0
0.3523416, 0.6131182, 0.5232847, 0
0.3490076, 0.5807405, 0.5881462, 0
0.3437793, 0.6015925, 0.6115076, 0
0.3692943, 0.5673202, 0.6355483, 0
0.4244593, 0.5625957, 0.613558, 0
0.3781317, 0.571619, 0.6207384, 0
0.4107556, 0.5746939, 0.6451821, 0
0.4051325, 0.5730688, 0.5443678, 0
0.4686224, 0.6299754, 0.6359187, 0
0.321898, 0.6220976, 0.5452598, 0
0.3056926, 0.588376, 0.6229069, 0
0.3411225, 0.5316415, 0.5800796, 0
0.4009226, 0.5777868, 0.5250703, 0
0.4995209, 0.5981834, 0.6099889, 0
0.3589388, 0.5536848, 0.5631773, 0
0.4463437, 0.6052524, 0.6130316, 0
0.3774081, 0.5847039, 0.6071486, 0
0.5279939, 0.5939239, 0.6012412, 0
0.3152954, 0.5785204, 0.561699, 0
0.5388869, 0.5843694, 0.5522708, 0
0.4667089, 0.5771604, 0.6319761, 0
0.3465319, 0.6205352, 0.6014217, 0
0.3348032, 0.6001077, 0.6141651, 0
0.3486028, 0.5795203, 0.5553994, 0
0.418589, 0.5301861, 0.557176, 0
0.3601243, 0.5363074, 0.5605958, 0
0.5216071, 0.5451453, 0.5933394, 0
0.5310228, 0.6119025, 0.5957469, 0
0.4988703, 0.64951, 0.6264655, 0
0.410452, 0.6050374, 0.619554, 0
0.3540434, 0.6031593, 0.5947474, 0
0.490864, 0.5972759, 0.6142887, 0
0.3514107, 0.5612325, 0.5107853, 0
0.4842849, 0.5459877, 0.6441022, 0
0.5106293, 0.5570508, 0.5553296, 0
0.3660925, 0.5524031, 0.6126686, 0
0.4834742, 0.6400381, 0.6446974, 0
0.4310663, 0.5315943, 0.5600391, 0
0.4760874, 0.5570635, 0.6206819, 0
0.5179893, 0.6423181, 0.57739, 0
0.4187005, 0.6280578, 0.6258646, 0
0.4084869, 0.5798169, 0.5643362, 0
0.4567704, 0.6119424, 0.6107082, 0
0.3191605, 0.5994056, 0.5446375, 0
0.5287462, 0.5784576, 0.5496428, 0
0.3934699, 0.5872774, 0.5482776, 0
0.3318354, 0.6028942, 0.5911524, 0
0.327516, 0.5212742, 0.548446, 0
0.4808889, 0.6244798, 0.6218619, 0
0.4326205, 0.636048, 0.5772462, 0
0.3561051, 0.6118595, 0.5496454, 0
0.3577511, 0.5470034, 0.595753, 0
0.4813911, 0.6377598, 0.6315277, 0
0.4195218, 0.5243805, 0.6056846, 0
0.4144994, 0.6109472, 0.5774459, 0
0.3984545, 0.5792648, 0.5800624, 0
0.4722008, 0.5620888, 0.5483593, 0
0.4764362, 0.553562, 0.6181068, 0
0.5128314, 0.5779328, 0.6041186, 0
0.4036348, 0.5931738, 0.5263477, 0
0.3518391, 0.5121958, 0.5733016, 0
0.4237975, 0.5706726, 0.6268737, 0
0.3121907, 0.5486602, 0.6210098, 0
0.506338, 0.5888804, 0.5469721, 0
0.4778741, 0.6256994, 0.6268916, 0
0.4704908, 0.5925674, 0.5309134, 0
0.3674073, 0.5952432, 0.5973984, 0
0.4666215, 0.5720639, 0.6359746, 0
0.5265374, 0.641047, 0.570735, 0
0.5035625, 0.6103845, 0.6575353, 0
0.4803553, 0.5548242, 0.5700855, 0
0.3425667, 0.5520244, 0.6284724, 0
0.4701085, 0.5512761, 0.6219795, 0
0.5299234, 0.6435913, 0.5744618, 0
0.353892, 0.5335909, 0.5944664, 0
0.3836882, 0.5975879, 0.6039608, 0
0.4446504, 0.5370253, 0.6212969, 0
0.5098957, 0.6524988, 0.6244677, 0
0.4710655, 0.5515786, 0.6180329, 0
0.4341592, 0.5471643, 0.5405979, 0
0.4859065, 0.5915619, 0.5870439, 0
0.4306027, 0.5922921, 0.632408, 0
0.3315273, 0.5487128, 0.5580796, 0
0.437315, 0.531176, 0.5951459, 0
0.3724991, 0.5977321, 0.6022176, 0
0.3252368, 0.5476189, 0.5203232, 0
0.4992341, 0.5310696, 0.6145372, 0
0.3318369, 0.6101741, 0.5395637, 0
0.4604617, 0.6546088, 0.6029081, 0
0.3483636, 0.6162248, 0.5330809, 0
0.480146, 0.5892698, 0.5856375, 0
0.5243678, 0.5749719, 0.6185986, 0
0.4531239, 0.5428569, 0.5931134, 0
0.5097529, 0.5533366, 0.5542948, 0
0.4752159, 0.5474803, 0.5884037, 0
0.3848645, 0.5811304, 0.5285623, 0
0.429505, 0.6092773, 0.5999043, 0
0.3720464, 0.6001639, 0.5448241, 0
0.4177181, 0.5417027, 0.5616621, 0
0.3789915, 0.5933091, 0.5345564, 0
0.5275302, 0.599472, 0.5825402, 0
0.4155335, 0.6073915, 0.6373092, 0
0.3334717, 0.5448228, 0.6266965, 0
0.4082661, 0.5353093, 0.6239206, 0
0.3332425, 0.5749241, 0.5605739, 0
0.4967886, 0.5568622, 0.6471133, 0
0.507013, 0.6373577, 0.5565926, 0
0.4832679, 0.589503, 0.5749807, 0
0.5045562, 0.6298611, 0.6188338, 0
0.3470129, 0.5788647, 0.5724896, 0
0.5239888, 0.6228639, 0.5916804, 0
0.4715813, 0.583072, 0.6609648, 0
0.4423223, 0.5523049, 0.5822448, 0
0.3586436, 0.6329499, 0.5968934, 0
0.3865495, 0.5337761, 0.5733652, 0
0.408607, 0.5351781, 0.58374, 0
0.512938, 0.5430315, 0.6104184, 0
0.4970176, 0.6134874, 0.6565588, 0
0.3086573, 0.5698351, 0.605722, 0
0.4200673, 0.6471241, 0.6017879, 0
0.5125563, 0.5965289, 0.6110321, 0
0.3963689, 0.6246909, 0.6108214, 0
0.3611012, 0.5616959, 0.6310757, 0
0.3689831, 0.527383, 0.5581419, 0
0.327307, 0.5190781, 0.5320499, 0
0.3313892, 0.6065586, 0.5934346, 0
0.4770229, 0.582987, 0.6181864, 0
0.4929684, 0.6391372, 0.6479369, 0
0.4242767, 0.5998529, 0.6231753, 0
0.4031809, 0.5224727, 0.5958186, 0
0.4087823, 0.6218611, 0.6290258, 0
0.4384526, 0.596277, 0.5356328, 0
0.4478017, 0.6272895, 0.6259305, 0
0.4461804, 0.5720065, 0.6226652, 0
0.4055687, 0.5541484, 0.6022411, 0
0.427955, 0.6491412, 0.5961052, 0
0.5098949, 0.5711836, 0.6458438, 0
0.3229946, 0.5434237, 0.571937, 0
0.5284496, 0.5864123, 0.5931696, 0
0.4878398, 0.5716885, 0.6451833, 0
0.4140992, 0.6263621, 0.6036002, 0
0.3570823, 0.582257, 0.5708942, 0
0.5225393, 0.633176, 0.5677195, 0
0.3184857, 0.6173284, 0.6131557, 0
0.4984287, 0.5523891, 0.6301206, 0
0.3243787, 0.5351304, 0.5857833, 0
0.4419478, 0.5872727, 0.5347837, 0
0.4131745, 0.5888665, 0.5960903, 0
0.4824843, 0.5886315, 0.6214451, 0
0.309683, 0.5915651, 0.6251356, 0
0.5400985, 0.5368398, 0.6006606, 0
0.4329867, 0.5826343, 0.5336502, 0
0.4893917, 0.5591371, 0.5499532, 0
0.4243877, 0.5480254, 0.5736163, 0
0.4747007, 0.5595592, 0.625616, 0
0.4675664, 0.6140141, 0.5662474, 0
0.4705348, 0.5929283, 0.5601059, 0
0.4345751, 0.631636, 0.5728312, 0
0.4578301, 0.5730698, 0.5322232, 0
0.5335693, 0.5734724, 0.5977321, 0
0.5086772, 0.6592409, 0.6266163, 0
0.4822461, 0.5394751, 0.5832827, 0
0.3472049, 0.5853072, 0.6140495, 0
0.3842261, 0.5173379, 0.5655642, 0
0.3377405, 0.5614897, 0.5770549, 0
0.3281243, 0.6023434, 0.5497111, 0
0.5301158, 0.6384763, 0.5868235, 0
0.4930829, 0.6310797, 0.5941476, 0
0.4564193, 0.6412104, 0.5628911, 0
0.3477274, 0.6202778, 0.594322, 0
0.521309, 0.5757526, 0.595103, 0
0.5230958, 0.5802052, 0.5634428, 0
0.3435175, 0.5200868, 0.5602969, 0
0.5306098, 0.5727565, 0.6048746, 0
0.4308518, 0.5737132, 0.6335132, 0
0.387099, 0.581696, 0.5454344, 0
0.4685272, 0.6089703, 0.597727, 0
0.4919989, 0.5537503, 0.5809362, 0
0.4724752, 0.595305, 0.5324537, 0
0.3770978, 0.595277, 0.5840877, 0
0.3495555, 0.5208159, 0.5417271, 0
0.3348854, 0.6229975, 0.5524108, 0
0.3443965, 0.5985148, 0.5467949, 0
0.4126503, 0.5810069, 0.6200116, 0
0.4274295, 0.644968, 0.6029857, 0
0.4545726, 0.5421851, 0.6096576, 0
0.530987, 0.5521054, 0.626407, 0
0.5045685, 0.6004094, 0.5686942, 0
0.4791461, 0.6479869, 0.5684819, 0
0.4070133, 0.6404369, 0.5578874, 0
0.3174413, 0.5467783, 0.574675, 0
0.5230229, 0.5654793, 0.5590625, 0
0.482103, 0.5440335, 0.6272324, 0
0.5206385, 0.5989608, 0.5952753, 0
0.4732427, 0.6227401, 0.5515192, 0
0.3233623, 0.5523127, 0.6208674, 0
0.3666182, 0.5907322, 0.6163744, 0
0.3337384, 0.6141994, 0.5448838, 0
0.4496603, 0.571077, 0.6391861, 0
0.3249342, 0.536125, 0.5583163, 0
0.4947844, 0.6142694, 0.5439338, 0
0.4231104, 0.5376679, 0.6263252, 0
0.3398751, 0.5417358, 0.6061589, 0
0.4451131, 0.5510234, 0.6028324, 0
0.3520354, 0.6391702, 0.5637599, 0
0.4898702, 0.59303, 0.6643227, 0
0.4074185, 0.6163585, 0.5959123, 0
0.322561, 0.5556856, 0.5906362, 0
0.489466, 0.6085295, 0.6148837, 0
0.3258899, 0.6268789, 0.5850949, 0
0.399603, 0.527766, 0.5882386, 0
0.3341809, 0.5426129, 0.6209391, 0
0.4182368, 0.6097878, 0.5560913, 0
0.3599231, 0.5857643, 0.6068791, 0
0.3892988, 0.5902054, 0.5606259, 0
0.4366492, 0.5887138, 0.6356454, 0
0.4931234, 0.6293472, 0.6000992, 0
0.3605563, 0.6325401, 0.5693405, 0
0.3036614, 0.6124898, 0.5935118, 0
0.3257382, 0.5169537, 0.5924751, 0
0.3313737, 0.5749054, 0.516125, 0
0.477226, 0.639152, 0.6245854, 0
0.326473, 0.5507137, 0.5520207, 0
0.4062726, 0.5452645, 0.6119285, 0
0.3966385, 0.5949851, 0.622287, 0
0.501958, 0.6068682, 0.6157745, 0
0.4354258, 0.576098, 0.6174506, 0
0.3614676, 0.6099631, 0.6128133, 0
0.4678794, 0.611825, 0.5383608, 0
0.4350488, 0.6006846, 0.5248624, 0
0.4167241, 0.6349279, 0.6078745, 0
0.3095525, 0.6079947, 0.6020967, 0
0.3842088, 0.5293092, 0.5392686, 0
0.3841464, 0.6043583, 0.5519787, 0
0.5253256, 0.5727018, 0.5679853, 0
0.4434695, 0.5649267, 0.5357422, 0
0.5205199, 0.535179, 0.5884066, 0
0.5248274, 0.6313738, 0.5632962, 0
0.5040767, 0.5593538, 0.6562839, 0
0.4735915, 0.5715908, 0.6529981, 0
0.517695, 0.5625321, 0.6202307, 0
0.3367049, 0.5470034, 0.5261897, 0
0.3845603, 0.5851951, 0.5315224, 0
0.3541617, 0.5849038, 0.5424157, 0
0.3241445, 0.5640318, 0.5634876, 0
0.5122198, 0.5988711, 0.6491982, 0
0.4989336, 0.6142229, 0.5670252, 0
0.3886034, 0.5370995, 0.609438, 0
0.5174081, 0.5693055, 0.6622446, 0
0.5249511, 0.5323381, 0.6080221, 0
0.4215336, 0.6161491, 0.5675905, 0
0.3408855, 0.6263964, 0.5616164, 0
0.3626828, 0.5300446, 0.5967094, 0
0.4197921, 0.5504107, 0.5775417, 0
0.3893496, 0.5501241, 0.5796418, 0
0.4418987, 0.5704607, 0.6206817, 0
0.4693828, 0.5849264, 0.5554867, 0
0.3190167, 0.5864168, 0.5740781, 0
0.4244225, 0.6325807, 0.6156237, 0
0.3330308, 0.6271642, 0.5599868, 0
0.3926894, 0.5424263, 0.6183798, 0
0.4707855, 0.5865803, 0.6143273, 0
0.4280343, 0.6314627, 0.6119978, 0
0.4071324, 0.5246608, 0.5555931, 0
0.5331172, 0.5479254, 0.6130806, 0
0.5242139, 0.6238213, 0.5771818, 0
0.3475873, 0.5829584, 0.5629885, 0
0.4210445, 0.6227482, 0.572172, 0
0.3230765, 0.5678917, 0.6000735, 0
0.3558471, 0.5674828, 0.5377127, 0
0.4844835, 0.5802867, 0.5759448, 0
0.3534564, 0.5655413, 0.5055894, 0
0.3701901, 0.5601696, 0.5661312, 0
0.4641854, 0.533566, 0.617971, 0
0.4646644, 0.5922235, 0.5712725, 0
0.4806353, 0.5659011, 0.5911629, 0
0.5170364, 0.5401582, 0.5726785, 0
0.4764828, 0.5573033, 0.6107291, 0
0.4946379, 0.6447432, 0.5944903, 0
0.3799842, 0.6118605, 0.5312872, 0
0.3577976, 0.5769453, 0.5907001, 0
0.4828228, 0.6270427, 0.5573583, 0
0.3293312, 0.5715719, 0.5728663, 0
0.3877421, 0.5584449, 0.539166, 0
0.3666832, 0.5569904, 0.5794515, 0
0.348448, 0.5526772, 0.508295, 0
0.4328402, 0.5951352, 0.6157522, 0
0.4281448, 0.5953559, 0.5476341, 0
0.318585, 0.6190912, 0.5568259, 0
0.3831117, 0.5593559, 0.604809, 0
0.3782464, 0.6040447, 0.5402557, 0
0.4931672, 0.6101715, 0.5756618, 0
0.472318, 0.6366693, 0.5780699, 0
0.3800207, 0.5629681, 0.5994369, 0
0.4682574, 0.5829004, 0.5475618, 0
0.4069408, 0.5750105, 0.6118285, 0
0.4307919, 0.5817659, 0.5726348, 0
0.3499906, 0.5782539, 0.5703374, 0
0.3627003, 0.5741739, 0.5334665, 0
0.4029306, 0.6259297, 0.5407135, 0
0.3326432, 0.5528835, 0.5101817, 0
0.4040904, 0.5935801, 0.5376896, 0
0.4335295, 0.5907909, 0.6286819, 0
0.3511041, 0.5592582, 0.5519019, 0
0.5288717, 0.615382, 0.5486956, 0
0.3536408, 0.5730318, 0.5203264, 0
0.5052101, 0.559886, 0.5758006, 0
0.5196838, 0.6344249, 0.6275833, 0
0.4417928, 0.6444234, 0.5852177, 0
0.4912581, 0.619019, 0.6151284, 0
0.3664694, 0.577946, 0.611594, 0
0.4915492, 0.550818, 0.5649114, 0
0.3809774, 0.619332, 0.5727281, 0
0.4103185, 0.5620924, 0.548496, 0
0.3309738, 0.630931, 0.5972999, 0
0.3281369, 0.5441933, 0.6010436, 0
0.4418265, 0.613422, 0.5876564, 0
0.5008519, 0.5642343, 0.5580703, 0
0.3193696, 0.5730033, 0.5506881, 0
0.3201213, 0.6005489, 0.5938626, 0
0.3389227, 0.5806776, 0.5449165, 0
0.4834912, 0.6028785, 0.6422436, 0
0.5188835, 0.6334727, 0.6414465, 0
0.4646318, 0.5751276, 0.5632733, 0
0.4375009, 0.5947072, 0.5507193, 0
0.4494976, 0.5258449, 0.5816644, 0
0.4439011, 0.5294652, 0.5872622, 0
0.4831022, 0.5758986, 0.550308, 0
0.4542727, 0.5960073, 0.5933624, 0
0.376315, 0.552134, 0.6243969, 0
0.3654622, 0.607659, 0.534175, 0
0.4535306, 0.628464, 0.6454806, 0
0.4396809, 0.6360565, 0.6252679, 0
0.5032756, 0.6292935, 0.5986671, 0
0.525305, 0.6179285, 0.6015067, 0
0.4166319, 0.5851143, 0.5954201, 0
0.3903191, 0.6271062, 0.562901, 0
0.4971341, 0.6397921, 0.6423787, 0
0.3023027, 0.5690511, 0.6263455, 0
0.3510243, 0.6368283, 0.5985158, 0
0.3407036, 0.6051083, 0.6169475, 0
0.4963446, 0.5668912, 0.5754648, 0
0.3425113, 0.593692, 0.5826694, 0
0.348665, 0.5998024, 0.6292298, 0
0.4866074, 0.5670376, 0.6459826, 0
0.3966103, 0.5931432, 0.5336339, 0
0.3885779, 0.5369495, 0.5823961, 0
0.3780908, 0.5501692, 0.6114685, 0
0.4734236, 0.6311459, 0.5981631, 0
0.3539692, 0.6154822, 0.6114271, 0
0.3241903, 0.5951982, 0.5852646, 0
0.3511299, 0.5719, 0.6050087, 0
0.3848229, 0.5468178, 0.5542009, 0
0.4547122, 0.5989645, 0.6123822, 0
0.4843058, 0.6084417, 0.5498843, 0
0.3604854, 0.5649409, 0.6181099, 0
0.3525928, 0.5662654, 0.5361336, 0
0.4705595, 0.6213615, 0.6519947, 0
0.433728, 0.5640593, 0.5260057, 0
0.5192364, 0.5378948, 0.5977079, 0
0.4848745, 0.5543107, 0.6151969, 0
0.3529226, 0.5201307, 0.5974501, 0
0.4855884, 0.6201841, 0.6006675, 0
0.518199, 0.6566744, 0.5950677, 0
0.4164085, 0.5975595, 0.5370213, 0
0.4395349, 0.5596526, 0.6253239, 0
0.3420343, 0.5468137, 0.5518187, 0
0.4593961, 0.5999775, 0.660493, 0
0.4935989, 0.6158158, 0.6571801, 0
0.374833, 0.5732353, 0.6223792, 0
0.4184405, 0.5805333, 0.5407564, 0
0.4204967, 0.5816783, 0.5911611, 0
0.4410325, 0.5630494, 0.6088884, 0
0.5060584, 0.617982, 0.6000635, 0
0.3699894, 0.5587981, 0.5356061, 0
0.3617462, 0.6170599, 0.6194651, 0
0.4410423, 0.627128, 0.5620891, 0
0.4572571, 0.6257638, 0.5685401, 0
0.5135541, 0.5500342, 0.6284384, 0
0.4530863, 0.5793791, 0.6548433, 0
0.4194258, 0.5744778, 0.6107543, 0
0.4543043, 0.5514159, 0.6238026, 0
0.3750381, 0.5744656, 0.5189893, 0
0.4094659, 0.5693509, 0.5931199, 0
0.4563198, 0.557066, 0.5910233, 0
0.3576018, 0.5865911, 0.5103151, 0
0.4533245, 0.6366796, 0.6239865, 0
0.3897947, 0.5507629, 0.5886518, 0
0.3842219, 0.6439682, 0.5787466, 0
0.4220649, 0.6028286, 0.5281104, 0
0.3905179, 0.5514735, 0.5827357, 0
0.3339165, 0.5845594, 0.5906201, 0
0.4716453, 0.5836607, 0.5608374, 0
0.383694, 0.5477414, 0.5292816, 0
0.3349638, 0.5741048, 0.538002, 0
0.4594787, 0.5624886, 0.5848883, 0
0.4872946, 0.5918603, 0.6065809, 0
0.3824118, 0.6158703, 0.5713867, 0
0.4713034, 0.6369922, 0.5530008, 0
0.4521188, 0.5777727, 0.6401645, 0
0.5055035, 0.5570905, 0.5590421, 0
0.4100178, 0.5730727, 0.5864465, 0
0.4678488, 0.5529597, 0.6082959, 0
0.5351118, 0.5665658, 0.5982499, 0
0.4665687, 0.5929319, 0.5887727, 0
0.4964711, 0.5481254, 0.576776, 0
0.3124422, 0.5911558, 0.6239008, 0
0.5120549, 0.634182, 0.6473721, 0
0.3681798, 0.542276, 0.524047, 0
0.3640311, 0.5184429, 0.5782217, 0
0.4432099, 0.5490524, 0.5484253, 0
0.4278956, 0.5736644, 0.6215684, 0
0.4091818, 0.602401, 0.6215309, 0
0.5298253, 0.5544376, 0.5704699, 0
0.3919685, 0.6098345, 0.6006662, 0
0.5059044, 0.5723479, 0.5716943, 0
0.3456779, 0.5611041, 0.6316007, 0
0.3820125, 0.6001447, 0.6170772, 0
0.3126245, 0.5670582, 0.5953885, 0
0.3528368, 0.6174723, 0.5376945, 0
0.4011967, 0.5551618, 0.6276456, 0
0.3968474, 0.5815328, 0.6357089, 0
0.4221806, 0.5967609, 0.5670019, 0
0.3813225, 0.6129862, 0.6197811, 0
0.3014169, 0.590441, 0.6175019, 0
0.4554409, 0.5495334, 0.6216601, 0
0.4027051, 0.5599418, 0.5599275, 0
0.3546444, 0.5324767, 0.5301421, 0
0.3945135, 0.585303, 0.5625399, 0
0.4959293, 0.5952467, 0.6000745, 0
0.493369, 0.5879018, 0.6321176, 0
0.3426648, 0.5586216, 0.625231, 0
0.3477122, 0.5873089, 0.5368533, 0
0.5177752, 0.6034272, 0.5923917, 0
0.3581395, 0.5686206, 0.5494605, 0
0.5133025, 0.6049415, 0.6508475, 0
0.383243, 0.5536135, 0.5224574, 0
0.5154163, 0.6148695, 0.5851303, 0
0.3883651, 0.6233129, 0.5675498, 0
0.4373487, 0.5291854, 0.5914982, 0
0.3757166, 0.5959879, 0.5803791, 0
0.4393684, 0.5380397, 0.5929295, 0
0.379243, 0.5469543, 0.5871006, 0
0.4141558, 0.5384697, 0.6186486, 0
0.402334, 0.5844896, 0.5847605, 0
0.4739406, 0.6229353, 0.5600364, 0
0.3790178, 0.6045023, 0.5589759, 0
0.3690427, 0.5441829, 0.6004789, 0
0.4071299, 0.6273723, 0.6167437, 0
0.4855323, 0.5363339, 0.6181106, 0
0.3794076, 0.6319004, 0.6021438, 0
0.3756499, 0.5830405, 0.5118885, 0
0.4842768, 0.629693, 0.6459472, 0
0.5030548, 0.5327877, 0.6058316, 0
0.4508377, 0.6160377, 0.5397391, 0
0.3202912, 0.5443041, 0.546064, 0
0.3474021, 0.5536796, 0.5712925, 0
0.3822732, 0.632877, 0.555839, 0
0.5243412, 0.5755631, 0.6147683, 0
0.4065932, 0.6108537, 0.5271083, 0
0.3510424, 0.6021523, 0.5542945, 0
0.3342234, 0.6203988, 0.5805809, 0
0.3321441, 0.5450984, 0.5685819, 0
0.3871717, 0.5650569, 0.5271651, 0
0.4542793, 0.5867825, 0.5795593, 0
0.4469894, 0.5424533, 0.6139423, 0
0.3118458, 0.5239052, 0.5959665, 0
0.4935322, 0.5414452, 0.6304834, 0
0.4562717, 0.5463132, 0.6126764, 0
0.4115646, 0.5415858, 0.5491967, 0
0.3537919, 0.5925827, 0.6101425, 0
0.4612244, 0.5343848, 0.5843891, 0
0.336547, 0.6018441, 0.5482029, 0
0.3628762, 0.5798234, 0.5924411, 0
0.4517057, 0.622861, 0.612916, 0
0.3136585, 0.5524345, 0.5733452, 0
0.3092353, 0.5823617, 0.5895275, 0
0.4049375, 0.585292, 0.5892889, 0
0.3613857, 0.5639707, 0.542721, 0
0.4943968, 0.5752525, 0.6583251, 0
0.4409708, 0.6063804, 0.5541608, 0
0.3502283, 0.6071482, 0.5831532, 0
0.355354, 0.5885149, 0.5406582, 0
0.331991, 0.5549765, 0.5132469, 0
0.3293985, 0.6128963, 0.5333889, 0
0.4750647, 0.5814587, 0.5845929, 0
0.3372455, 0.5327323, 0.5795431, 0
0.3937735, 0.5445457, 0.5834211, 0
0.5171864, 0.642899, 0.5814474, 0
0.3188338, 0.5720114, 0.5644431, 0
0.4108336, 0.5223672, 0.5854474, 0
0.4783781, 0.5532186, 0.5480717, 0
0.5153485, 0.5558827, 0.5626673, 0
0.4685287, 0.6212497, 0.5472621, 0
0.3722656, 0.6082419, 0.5937917, 0
0.4490676, 0.5662636, 0.5637183, 0
0.3680841, 0.5719471, 0.6098221, 0
0.4927579, 0.6058156, 0.5634593, 0
0.32553, 0.5189917, 0.5796558, 0
0.5127748, 0.5998985, 0.5536548, 0
0.4994795, 0.6431597, 0.5664783, 0
0.4861401, 0.5623108, 0.6362331, 0
0.4507587, 0.5520537, 0.5881741, 0
0.5064014, 0.6069874, 0.594663, 0
0.4909906, 0.5786103, 0.6383032, 0
0.4120674, 0.5779237, 0.6129075, 0
0.3773722, 0.6248783, 0.619419, 0
0.5029879, 0.5986375, 0.63003, 0
0.3597756, 0.525286, 0.5905759, 0
0.430753, 0.5387931, 0.6136774, 0
0.3909532, 0.6159165, 0.582488, 0
0.5302429, 0.5806243, 0.5621343, 0
0.4305194, 0.5339716, 0.5506731, 0
0.3594666, 0.5440683, 0.5158175, 0
0.4646706, 0.5413575, 0.5680234, 0
0.4403006, 0.571412, 0.6375179, 0
0.4886239, 0.5479473, 0.5926135, 0
0.4191548, 0.5810702, 0.59877, 0
0.3514098, 0.5703029, 0.6121076, 0
0.3780547, 0.6140292, 0.6086723, 0
0.4432535, 0.5940223, 0.6452273, 0
0.3380383, 0.5333431, 0.5611745, 0
0.4864151, 0.5830843, 0.5925273, 0
0.3416267, 0.5259634, 0.5820505, 0
0.5411646, 0.6067663, 0.5512269, 0
0.4998695, 0.5868676, 0.6626896, 0
0.5162047, 0.6472417, 0.6457196, 0
0.4778933, 0.5581375, 0.6055234, 0
0.5240663, 0.5845063, 0.5574066, 0
0.3337731, 0.5869609, 0.5382203, 0
0.3292094, 0.5967398, 0.5610291, 0
0.3888295, 0.5708622, 0.5136412, 0
0.4117294, 0.6072056, 0.5361229, 0
0.3254713, 0.6279782, 0.5490422, 0
0.5007491, 0.6212787, 0.6432822, 0
0.4507371, 0.5944356, 0.5704483, 0
0.3300913, 0.5475675, 0.5804627, 0
0.4429195, 0.6379983, 0.5524024, 0
0.4522553, 0.6247181, 0.5875214, 0
0.4876091, 0.6013311, 0.6153839, 0
0.3510318, 0.6257817, 0.6050255, 0
0.5126166, 0.568292, 0.5643039, 0
0.3418173, 0.6048743, 0.5674354, 0
0.4825276, 0.6174046, 0.5848485, 0
0.3526264, 0.5849617, 0.5832422, 0
0.4652258, 0.621126, 0.6056403, 0
0.4844742, 0.5682765, 0.589126, 0
0.399636, 0.5199937, 0.598909, 0
0.348471, 0.5429798, 0.5389364, 0
0.3373799, 0.5633373, 0.5564868, 0
0.4524334, 0.5966413, 0.593491, 0
0.3885767, 0.5893953, 0.5728272, 0
0.3134085, 0.6055772, 0.5908508, 0
0.5343496, 0.5393723, 0.608537, 0
0.3200874, 0.6200606, 0.5818468, 0
0.4382415, 0.5985928, 0.5285634, 0
0.4400485, 0.5625547, 0.5432479, 0
0.4585615, 0.5983257, 0.6103342, 0
0.3659584, 0.6258583, 0.5743018, 0
0.4917038, 0.5780471, 0.5850756, 0
0.4454754, 0.537487, 0.623458, 0
0.4486372, 0.5904638, 0.5555096, 0
0.3887532, 0.5423614, 0.6098404, 0
0.4345629, 0.5689487, 0.6208121, 0
0.3569067, 0.6180491, 0.6052308, 0
0.3295067, 0.5585346, 0.6160727, 0
0.5297469, 0.648265, 0.5755497, 0
0.3922729, 0.5974656, 0.6011437, 0
0.3488199, 0.6170323, 0.5931858, 0
0.4026217, 0.5990384, 0.5524306, 0
0.3681373, 0.5373173, 0.5437621, 0
0.4898863, 0.6320226, 0.5848554, 0
0.3242205, 0.5786569, 0.5349147, 0
0.3346482, 0.5889297, 0.5510786, 0
0.4424893, 0.6191444, 0.6437563, 0
0.3284589, 0.5297293, 0.5372166, 0
0.4917111, 0.5927541, 0.6239219, 0
0.5132442, 0.6045214, 0.5687093, 0
0.349788, 0.5428831, 0.5376566, 0
0.4416996, 0.6108102, 0.6264498, 0
0.3161602, 0.5651931, 0.5576012, 0
0.4434064, 0.5878483, 0.5572109, 0
0.374842, 0.5989454, 0.5537074, 0
0.4516345, 0.6147212, 0.5467865, 0
0.3586527, 0.5260905, 0.586036, 0
0.5163705, 0.5631856, 0.6044641, 0
0.3474804, 0.5768985, 0.5533472, 0
0.3609414, 0.6208011, 0.6141599, 0
0.5032053, 0.5616212, 0.5754238, 0
0.4776448, 0.6464769, 0.5875127, 0
0.3878741, 0.5808909, 0.5702922, 0
0.4718305, 0.5784415, 0.581988, 0
0.5027065, 0.5700812, 0.5948284, 0
0.5163509, 0.623252, 0.5810467, 0
0.4743042, 0.624431, 0.5818933, 0
0.3852796, 0.4204721, 0.5182175, 1
0.1996023, 0.4235213, 0.4127945, 1
0.6032847, 0.5150411, 0.7471552, 1
0.2970995, 0.502266, 0.7917336, 1
0.3612438, 0.5288476, 0.8012615, 1
0.587823, 0.4081053, 0.2315081, 1
0.285723, 0.4693316, 0.7269547, 1
0.4875386, 0.4259116, 0.4844969, 1
0.474487, 0.359616, 0.1271781, 1
0.8122535, 0.4062448, 0.2738385, 1
0.4198312, 0.4785177, 0.6277654, 1
0.8395771, 0.5000868, 0.6753561, 1
0.441419, 0.4680604, 0.436875, 1
0.7540616, 0.5446384, 0.6443004, 1
0.672691, 0.4949453, 0.5935146, 1
0.442158, 0.4125434, 0.1444507, 1
0.6187082, 0.4797701, 0.4803562, 1
0.4535578, 0.4274033, 0.4080218, 1
0.3923836, 0.4051961, 0.4784198, 1
0.6833382, 0.4282327, 0.1486996, 1
0.804263, 0.4791303, 0.5473062, 1
0.8941072, 0.4754427, 0.5552936, 1
0.5859113, 0.4834602, 0.4583779, 1
0.1101958, 0.4029559, 0.5360242, 1
0.4994073, 0.4003615, 0.1967373, 1
0.7141762, 0.4496157, 0.3632847, 1
0.8453094, 0.5100231, 0.4787535, 1
0.6542032, 0.5047436, 0.5459892, 1
0.6104921, 0.4824587, 0.5725129, 1
0.7234669, 0.5252307, 0.7406589, 1
0.5561442, 0.5017347, 0.7242529, 1
0.5474129, 0.4783547, 0.5837216, 1
0.6995027, 0.452055, 0.4018903, 1
0.1399397, 0.3893613, 0.5275374, 1
0.2791743, 0.4181263, 0.5886529, 1
0.4731101, 0.4098861, 0.4610853, 1
0.3566766, 0.4300062, 0.276869, 1
0.6314456, 0.5262808, 0.6947805, 1
0.5642244, 0.5175843, 0.7400697, 1
0.2604751, 0.3645234, 0.319469, 1
0.6336816, 0.5149862, 0.7861603, 1
0.1966494, 0.4242474, 0.5469545, 1
0.5744427, 0.4521688, 0.3952174, 1
0.4381489, 0.4449823, 0.4738024, 1
0.2128375, 0.3953535, 0.4674806, 1
0.5235097, 0.5207974, 0.8574752, 1
0.4601744, 0.5415883, 0.8777459, 1
0.7087131, 0.4359339, 0.4551829, 1
0.7293897, 0.5512561, 0.7849405, 1
0.4742931, 0.4274254, 0.4832039, 1
0.3802123, 0.4761799, 0.5900331, 1
0.7746356, 0.4901474, 0.6999508, 1
0.6803508, 0.4047893, 0.1926404, 1
0.7351705, 0.4618774, 0.4443443, 1
0.2937065, 0.3715256, 0.1835358, 1
0.4160336, 0.516009, 0.7703204, 1
0.8468956, 0.4628511, 0.5042942, 1
0.8040907, 0.4491371, 0.48187, 1
0.2908408, 0.4241593, 0.3960132, 1
0.4445522, 0.3755301, 0.1745497, 1
0.1182696, 0.3806015, 0.4907154, 1
0.3043434, 0.3704799, 0.2486564, 1
0.2157683, 0.4663665, 0.7806278, 1
0.68983, 0.5260646, 0.7263685, 1
0.7688133, 0.5015333, 0.5825971, 1
0.5176967, 0.4271874, 0.4735321, 1
0.692314, 0.4108722, 0.3018166, 1
0.6912398, 0.3929939, 0.1573855, 1
0.7053987, 0.4610934, 0.6087133, 1
0.3672043, 0.3816748, 0.1813363, 1
0.3402614, 0.4932311, 0.808062, 1
0.5340025, 0.4254044, 0.1591168, 1
0.7372895, 0.4883243, 0.5670917, 1
0.4078224, 0.5412588, 0.8772201, 1
0.2828468, 0.3905774, 0.2419554, 1
0.6576791, 0.5068947, 0.6364498, 1
0.2783556, 0.3907294, 0.4572389, 1
0.2817112, 0.5266886, 0.8053562, 1
0.8298284, 0.4516992, 0.4309589, 1
0.484661, 0.4999061, 0.624201, 1
0.7227745, 0.4522336, 0.4898954, 1
0.7538798, 0.4853217, 0.4195002, 1
0.3583352, 0.4350111, 0.6115705, 1
0.643608, 0.4508615, 0.4180424, 1
0.3920376, 0.4490969, 0.6077761, 1
0.3177924, 0.4614744, 0.6732173, 1
0.6588925, 0.5181824, 0.7873953, 1
0.7596394, 0.4325868, 0.2243004, 1
0.3875932, 0.3932091, 0.2059506, 1
0.5938209, 0.4960651, 0.7735728, 1
0.5542244, 0.4120148, 0.1787235, 1
0.5227041, 0.5081486, 0.8465466, 1
0.5501864, 0.4699298, 0.4617592, 1
0.8644043, 0.4748309, 0.5972583, 1
0.7077924, 0.4190492, 0.1610884, 1
0.2765944, 0.4215696, 0.4151876, 1
0.4739912, 0.4019344, 0.3757223, 1
0.3927501, 0.4283228, 0.4311832, 1
0.2026283, 0.3623105, 0.2493616, 1
0.5214928, 0.4918787, 0.8040946, 1
0.2468307, 0.4597086, 0.563864, 1
0.437765, 0.4410844, 0.3967925, 1
0.6078057, 0.5240032, 0.7974955, 1
0.4605639, 0.4509888, 0.3521129, 1
0.3699127, 0.4680167, 0.6454805, 1
0.5328937, 0.400452, 0.2138804, 1
0.5015467, 0.5275928, 0.7808861, 1
0.1834987, 0.3735296, 0.3417804, 1
0.3438995, 0.4448613, 0.6211916, 1
0.6745363, 0.5089499, 0.7739255, 1
0.6616633, 0.4951506, 0.6843626, 1
0.3175599, 0.3853042, 0.3674473, 1
0.3942429, 0.5150141, 0.6953408, 1
0.7010733, 0.5132762, 0.6151756, 1
0.5450456, 0.5024542, 0.6409025, 1
0.3845984, 0.5035033, 0.6369461, 1
0.3178295, 0.4759287, 0.665324, 1
0.4974475, 0.5152302, 0.6416932, 1
0.583207, 0.4249585, 0.4567353, 1
0.1943124, 0.4003293, 0.3586885, 1
0.8238075, 0.4883294, 0.6114575, 1
0.1714751, 0.377617, 0.2905075, 1
0.5039166, 0.4843833, 0.6429263, 1
0.5952911, 0.5277656, 0.7496853, 1
0.8621567, 0.5222535, 0.5143754, 1
0.8089235, 0.4913343, 0.3849421, 1
0.6785543, 0.4473357, 0.3191818, 1
0.2628938, 0.4690181, 0.5362458, 1
0.2217065, 0.3586966, 0.2622351, 1
0.3884859, 0.4909995, 0.848603, 1
0.3783996, 0.3751931, 0.1904085, 1
0.5677296, 0.4879679, 0.6020183, 1
0.4008509, 0.4733098, 0.5706243, 1
0.5428277, 0.4694524, 0.3880149, 1
0.378959, 0.4573911, 0.5175796, 1
0.4586335, 0.4433853, 0.5646931, 1
0.5557252, 0.4328158, 0.4693838, 1
0.6308666, 0.5170559, 0.6599338, 1
0.1423526, 0.4177755, 0.42522, 1
0.5227216, 0.4713731, 0.4478503, 1
0.1688261, 0.4155384, 0.5990736, 1
0.6060261, 0.4179488, 0.3595598, 1
0.6290831, 0.3914855, 0.1443602, 1
0.4207772, 0.4340385, 0.4325664, 1
0.1117825, 0.4483704, 0.4792779, 1
0.2412816, 0.5181458, 0.7891486, 1
0.4194239, 0.3729202, 0.2301873, 1
0.6338208, 0.4243003, 0.1813436, 1
0.6978943, 0.4732244, 0.625263, 1
0.2017837, 0.363647, 0.2952594, 1
0.7700158, 0.4609913, 0.3394072, 1
0.5829771, 0.537546, 0.7887549, 1
0.7738014, 0.505121, 0.6340938, 1
0.3081192, 0.3851742, 0.1591218, 1
0.3540456, 0.4243468, 0.5874791, 1
0.5021099, 0.421129, 0.1542759, 1
0.720508, 0.4782684, 0.5132442, 1
0.4731072, 0.4335436, 0.3848477, 1
0.7849931, 0.4198106, 0.2882934, 1
0.4193318, 0.4299349, 0.2682392, 1
0.3987952, 0.5071886, 0.6727794, 1
0.8694469, 0.4788134, 0.4199229, 1
0.4692563, 0.5074536, 0.6567374, 1
0.4012538, 0.4760258, 0.7457887, 1
0.4302588, 0.5339178, 0.8118172, 1
0.2902974, 0.4642583, 0.5639717, 1
0.4271866, 0.4325432, 0.2540421, 1
0.1687993, 0.432602, 0.4718985, 1
0.6938652, 0.3945566, 0.2025787, 1
0.7229372, 0.5238517, 0.578429, 1
0.7111877, 0.5147793, 0.7456412, 1
0.6711181, 0.500333, 0.6216691, 1
0.2517597, 0.4619954, 0.6460233, 1
0.7266607, 0.4517334, 0.2349974, 1
0.160794, 0.3764681, 0.3656857, 1
0.4907574, 0.4136537, 0.3768677, 1
0.6698325, 0.4198588, 0.2339709, 1
0.8419957, 0.506063, 0.4549723, 1
0.2253522, 0.385674, 0.3799088, 1
0.7772797, 0.4386534, 0.2292788, 1
0.432317, 0.5311428, 0.8234917, 1
0.4708538, 0.465128, 0.4570517, 1
0.4434251, 0.4699531, 0.6892672, 1
0.150941, 0.4087709, 0.5173729, 1
0.5678413, 0.4174065, 0.1093481, 1
0.7738742, 0.5174112, 0.7594598, 1
0.2899641, 0.4890526, 0.7007673, 1
0.6071358, 0.4010166, 0.28958, 1
0.6123744, 0.4984496, 0.7827175, 1
0.3586794, 0.4367756, 0.4853381, 1
0.3452706, 0.372626, 0.2931769, 1
0.7136645, 0.4677373, 0.4560966, 1
0.7193205, 0.5077016, 0.8333582, 1
0.1925031, 0.422058, 0.3667029, 1
0.4643058, 0.41997, 0.2069919, 1
0.2490097, 0.4463333, 0.5494125, 1
0.51363, 0.4757685, 0.6754003, 1
0.4947952, 0.4893735, 0.6549625, 1
0.1667861, 0.4118309, 0.4985957, 1
0.39144, 0.4428863, 0.6612604, 1
0.3860589, 0.4681421, 0.6933588, 1
0.6651943, 0.4122859, 0.3571664, 1
0.6329789, 0.370267, 0.1710257, 1
0.8535125, 0.4993456, 0.5531794, 1
0.1428302, 0.4164344, 0.380682, 1
0.6647999, 0.423187, 0.2243743, 1
0.3315151, 0.3899966, 0.3392333, 1
0.5108532, 0.4579958, 0.5264239, 1
0.7765822, 0.4806337, 0.3615319, 1
0.1945512, 0.4549985, 0.651562, 1
0.8518443, 0.4663896, 0.3132568, 1
0.1776739, 0.3740872, 0.3036334, 1
0.1458758, 0.3712993, 0.3485898, 1
0.2730702, 0.4111564, 0.2541833, 1
0.3460292, 0.4266375, 0.4874497, 1
0.7125061, 0.5403644, 0.7373936, 1
0.7738937, 0.4913088, 0.3594395, 1
0.46056, 0.4036892, 0.4277036, 1
0.8750912, 0.4819562, 0.5218303, 1
0.5863945, 0.5475889, 0.8778459, 1
0.5397581, 0.5497726, 0.8351264, 1
0.4404407, 0.4671583, 0.7394256, 1
0.6158797, 0.5072424, 0.7424833, 1
0.650544, 0.5392278, 0.7880359, 1
0.4825588, 0.4194877, 0.279139, 1
0.4258913, 0.5144638, 0.7202551, 1
0.7448086, 0.410577, 0.2840938, 1
0.5134395, 0.5145569, 0.6159599, 1
0.2242131, 0.3743136, 0.258957, 1
0.7011831, 0.5303953, 0.7400191, 1
0.228248, 0.5018467, 0.7012128, 1
0.4123117, 0.3974293, 0.2345846, 1
0.7945139, 0.4588428, 0.2856338, 1
0.8948947, 0.4868776, 0.5535847, 1
0.2092157, 0.4960477, 0.7244046, 1
0.9010775, 0.4602557, 0.4854289, 1
0.5324555, 0.4871142, 0.7623862, 1
0.7875217, 0.458467, 0.289649, 1
0.6305458, 0.5337045, 0.8571348, 1
0.3943621, 0.5118896, 0.8623401, 1
0.7681042, 0.5047586, 0.4809145, 1
0.5236353, 0.45764, 0.4770275, 1
0.786209, 0.4824566, 0.6327534, 1
0.3556406, 0.4947197, 0.7926421, 1
0.7292636, 0.5120493, 0.7391292, 1
0.8847823, 0.4551616, 0.4124647, 1
0.1595944, 0.3971947, 0.4499337, 1
0.165429, 0.4795926, 0.6190427, 1
0.6364844, 0.4960943, 0.7532111, 1
0.3212242, 0.3635824, 0.2708419, 1
0.3610825, 0.5201042, 0.8521866, 1
0.409687, 0.3504502, 0.1294437, 1
0.3235829, 0.4473076, 0.6323591, 1
0.8454652, 0.4784724, 0.5680843, 1
0.5795131, 0.3944122, 0.1711101, 1
0.4264463, 0.4842737, 0.7308932, 1
0.8234621, 0.5241988, 0.5684282, 1
0.6334355, 0.4017511, 0.1633895, 1
0.4200795, 0.3480632, 0.1314994, 1
0.1669091, 0.3896411, 0.514985, 1
0.5204118, 0.4266445, 0.4848553, 1
0.5150359, 0.3636744, 0.1924293, 1
0.7524794, 0.474995, 0.3684459, 1
0.5091037, 0.4116367, 0.3037089, 1
0.3012162, 0.3868503, 0.3816994, 1
0.1972388, 0.4237081, 0.3786574, 1
0.5025464, 0.4260814, 0.3022609, 1
0.8192897, 0.4644812, 0.4362783, 1
0.7656886, 0.5047528, 0.5529561, 1
0.7891772, 0.4651694, 0.4380414, 1
0.8539251, 0.5165209, 0.5130141, 1
0.5194002, 0.3984831, 0.1965293, 1
0.7561595, 0.5256975, 0.6655264, 1
0.1418442, 0.4488708, 0.509369, 1
0.3060787, 0.4159554, 0.3287207, 1
0.5071778, 0.4830686, 0.5352546, 1
0.5024052, 0.4472258, 0.3583676, 1
0.845597, 0.5099745, 0.5271956, 1
0.6824344, 0.4599512, 0.5687585, 1
0.6169011, 0.3950385, 0.1360715, 1
0.8071625, 0.4600265, 0.4518001, 1
0.489447, 0.4175803, 0.1732068, 1
0.2418726, 0.4534479, 0.7330378, 1
0.3051057, 0.4469564, 0.5517847, 1
0.6471917, 0.5291392, 0.6712651, 1
0.4393903, 0.4318021, 0.2558434, 1
0.2518252, 0.3594069, 0.2466423, 1
0.6245568, 0.4996662, 0.8150638, 1
0.7215204, 0.521081, 0.7212653, 1
0.393233, 0.4243653, 0.2865331, 1
0.5346391, 0.4845953, 0.8105965, 1
0.1696188, 0.4359253, 0.7166179, 1
0.3469564, 0.3785141, 0.2171686, 1
0.381502, 0.5448496, 0.8374723, 1
0.4544899, 0.5406628, 0.8712745, 1
0.3492379, 0.4870532, 0.5947773, 1
0.8747307, 0.4987789, 0.3604091, 1
0.2624935, 0.4867375, 0.6328475, 1
0.6553894, 0.4738577, 0.5733703, 1
0.5668046, 0.47361, 0.6555286, 1
0.5086399, 0.4950218, 0.7225536, 1
0.5152125, 0.5243935, 0.8738359, 1
0.5879987, 0.5592918, 0.8502749, 1
0.7749682, 0.5452751, 0.651091, 1
0.6291896, 0.5096509, 0.8167158, 1
0.8687676, 0.5151585, 0.509293, 1
0.6552948, 0.5575129, 0.8258042, 1
0.6846691, 0.5080043, 0.6185808, 1
0.5450334, 0.5440866, 0.7782169, 1
0.2974297, 0.478184, 0.5767766, 1
0.7319284, 0.3942382, 0.2289879, 1
0.5514241, 0.4854409, 0.5998693, 1
0.6216817, 0.5286442, 0.7431858, 1
0.4094754, 0.4371203, 0.3427424, 1
0.3265139, 0.4370525, 0.6157218, 1
0.4378541, 0.3985737, 0.3570108, 1
0.4514682, 0.5288656, 0.7907229, 1
0.8775203, 0.4541065, 0.4589375, 1
0.15466, 0.4625399, 0.643574, 1
0.6180962, 0.5445564, 0.7324805, 1
0.617261, 0.5044737, 0.7068464, 1
0.1317579, 0.4408395, 0.5029656, 1
0.5893368, 0.4523103, 0.4326618, 1
0.555317, 0.405071, 0.3305095, 1
0.6229958, 0.5096357, 0.5279237, 1
0.317656, 0.434727, 0.3277381, 1
0.3892489, 0.3540239, 0.1835374, 1
0.3236507, 0.4110554, 0.4816911, 1
0.6169158, 0.4074112, 0.3798392, 1
0.6969273, 0.3928676, 0.1629879, 1
0.5979409, 0.4387428, 0.2959411, 1
0.8715212, 0.4461509, 0.421611, 1
0.6224962, 0.3861005, 0.2325172, 1
0.7489211, 0.5430129, 0.6670099, 1
0.4712659, 0.4699231, 0.5227115, 1
0.4360398, 0.4980749, 0.8139939, 1
0.5636861, 0.3997897, 0.1528556, 1
0.308788, 0.3543139, 0.2605076, 1
0.3696869, 0.4434428, 0.6627991, 1
0.5514147, 0.5034465, 0.8200269, 1
0.5853172, 0.47236, 0.6167247, 1
0.8662392, 0.4917106, 0.3521464, 1
0.4849797, 0.4906903, 0.8252653, 1
0.6679997, 0.4018464, 0.3039657, 1
0.621141, 0.4006242, 0.231998, 1
0.4733252, 0.3838312, 0.1866265, 1
0.5511373, 0.4391408, 0.5030147, 1
0.2600686, 0.4073884, 0.2535959, 1
0.2733732, 0.4509029, 0.6522917, 1
0.4964132, 0.4924067, 0.7131558, 1
0.6053117, 0.418496, 0.1607134, 1
0.5042591, 0.5329742, 0.7595053, 1
0.198471, 0.4236954, 0.5014816, 1
0.346126, 0.4146657, 0.29176, 1
0.3648153, 0.5096718, 0.795042, 1
0.4835056, 0.41882, 0.2342703, 1
0.7441799, 0.4467919, 0.4044237, 1
0.3149591, 0.4096534, 0.4090723, 1
0.3734994, 0.4319023, 0.4424714, 1
0.4939832, 0.4177373, 0.4289951, 1
0.6156837, 0.4302502, 0.3489928, 1
0.2473896, 0.4323511, 0.6485245, 1
0.5164654, 0.3998389, 0.2793075, 1
0.3517374, 0.4382784, 0.6710768, 1
0.2989912, 0.4967372, 0.6799536, 1
0.5349281, 0.5543717, 0.8535017, 1
0.6578512, 0.5319045, 0.7487918, 1
0.2819255, 0.407844, 0.4845281, 1
0.5712467, 0.5140631, 0.578208, 1
0.4687377, 0.4808289, 0.5818604, 1
0.7008381, 0.3948204, 0.2629359, 1
0.8768309, 0.4891938, 0.4698866, 1
0.366264, 0.4517788, 0.6180706, 1
0.6831335, 0.4785212, 0.4517739, 1
0.5380757, 0.4069404, 0.2665539, 1
0.3072567, 0.5204933, 0.7684907, 1
0.3421052, 0.4172846, 0.3844226, 1
0.7288275, 0.4053787, 0.1851768, 1
0.727252, 0.5386775, 0.6466662, 1
0.4246872, 0.4453073, 0.3922251, 1
0.5697437, 0.4648228, 0.6873347, 1
0.380309, 0.3763431, 0.2725829, 1
0.6621069, 0.3795961, 0.1958585, 1
0.138511, 0.4513241, 0.6163245, 1
0.7882031, 0.4496977, 0.3609471, 1
0.7654751, 0.525932, 0.6230832, 1
0.6886102, 0.5162268, 0.6304957, 1
0.6077061, 0.472671, 0.3655686, 1
0.5347942, 0.4699847, 0.4136595, 1
0.3312815, 0.4264301, 0.5498986, 1
0.4300411, 0.4196083, 0.4096741, 1
0.4088216, 0.4266734, 0.3213506, 1
0.8584003, 0.4397407, 0.4077618, 1
0.5449228, 0.3854741, 0.1126414, 1
0.3398466, 0.3730356, 0.1449361, 1
0.6687522, 0.4392372, 0.3186466, 1
0.3790018, 0.386481, 0.2966701, 1
0.3271729, 0.4180653, 0.4101928, 1
0.6993853, 0.4424072, 0.296034, 1
0.4397162, 0.4583223, 0.4264657, 1
0.5443034, 0.5236087, 0.773685, 1
0.4381564, 0.4312977, 0.3094806, 1
0.2296619, 0.4062562, 0.310788, 1
0.5625536, 0.4134353, 0.3841861, 1
0.3389331, 0.4030551, 0.3986031, 1
0.5279911, 0.4465477, 0.4970255, 1
0.4435236, 0.39927, 0.2221125, 1
0.6061681, 0.5461383, 0.762831, 1
0.4968404, 0.4737515, 0.6221877, 1
0.2501799, 0.3979086, 0.2993189, 1
0.2335065, 0.3791637, 0.4236037, 1
0.2287199, 0.458809, 0.7448301, 1
0.6363205, 0.4013081, 0.2248413, 1
0.6064111, 0.3921196, 0.3022112, 1
0.4225158, 0.4116412, 0.220623, 1
0.1610245, 0.4030046, 0.4337888, 1
0.6036185, 0.5216033, 0.8819054, 1
0.3050701, 0.4517718, 0.6084453, 1
0.3224413, 0.3574306, 0.2555629, 1
0.7552204, 0.4342986, 0.2025307, 1
0.4549076, 0.395893, 0.3568254, 1
0.4413103, 0.511974, 0.6715993, 1
0.4598891, 0.4871422, 0.6566706, 1
0.447889, 0.4483624, 0.3672214, 1
0.4116351, 0.5257169, 0.87879, 1
0.3982731, 0.4739303, 0.5440026, 1
0.3179529, 0.4948862, 0.611878, 1
0.5372906, 0.4467917, 0.594064, 1
0.423488, 0.3638663, 0.1466996, 1
0.6260189, 0.4483539, 0.2946001, 1
0.1786292, 0.4779388, 0.6139501, 1
0.2590348, 0.4047141, 0.2601359, 1
0.721846, 0.4601803, 0.4795992, 1
0.8155459, 0.4988675, 0.738812, 1
0.4383475, 0.4259523, 0.3772406, 1
0.3926283, 0.4553804, 0.4388122, 1
0.6955227, 0.4325701, 0.2180015, 1
0.2873406, 0.3782868, 0.2635995, 1
0.7664481, 0.4820411, 0.3586518, 1
0.7193089, 0.5487471, 0.7026426, 1
0.5708116, 0.5009944, 0.5102834, 1
0.7094322, 0.4676998, 0.3846692, 1
0.3942141, 0.4365033, 0.3866723, 1
0.746427, 0.4991757, 0.5634844, 1
0.6644056, 0.5001941, 0.5282325, 1
0.5978954, 0.4975934, 0.586472, 1
0.5281326, 0.3831621, 0.2496639, 1
0.6724237, 0.4255663, 0.4158546, 1
0.6089385, 0.4433971, 0.2225467, 1
0.5026802, 0.5182003, 0.692622, 1
0.3149555, 0.5161252, 0.7367926, 1
0.2191113, 0.4508027, 0.7201033, 1
0.403457, 0.404937, 0.4120688, 1
0.7390381, 0.4466166, 0.4421085, 1
0.7996506, 0.4921458, 0.4996078, 1
0.7290331, 0.4480556, 0.2361007, 1
0.1227358, 0.4416681, 0.477353, 1
0.3783674, 0.5059388, 0.8037959, 1
0.7125958, 0.4459989, 0.1676754, 1
0.2487492, 0.3457507, 0.2060903, 1
0.1963067, 0.4178019, 0.4126815, 1
0.76039, 0.4284019, 0.3343159, 1
0.1794624, 0.4378063, 0.5291879, 1
0.8045822, 0.4852025, 0.6396666, 1
0.2415418, 0.4174652, 0.6244724, 1
0.7992035, 0.5112266, 0.4598276, 1
0.753716, 0.4811912, 0.4240305, 1
0.4755046, 0.4960355, 0.7116882, 1
0.7311398, 0.5135303, 0.7321185, 1
0.5373119, 0.3909761, 0.3081613, 1
0.6913918, 0.4614382, 0.5915942, 1
0.6803045, 0.4450176, 0.3119688, 1
0.3494242, 0.4302923, 0.4839023, 1
0.5373452, 0.4467352, 0.4487278, 1
0.3901393, 0.5166956, 0.7619906, 1
0.2524611, 0.357358, 0.2612017, 1
0.49787, 0.4513707, 0.4868582, 1
0.6037102, 0.4729136, 0.4139692, 1
0.335402, 0.3645014, 0.1943187, 1
0.8800636, 0.4904007, 0.6213717, 1
0.8524175, 0.4611874, 0.5070071, 1
0.1799502, 0.4196961, 0.5474085, 1
0.6476863, 0.5426592, 0.8353413, 1
0.6093664, 0.4153101, 0.3786053, 1
0.6182632, 0.4716466, 0.3790047, 1
0.437659, 0.3527558, 0.1682793, 1
0.6448528, 0.548637, 0.8564348, 1
0.7835626, 0.418535, 0.2483981, 1
0.6655624, 0.4256657, 0.2511249, 1
0.4514947, 0.4349558, 0.3259025, 1
0.3184677, 0.3802415, 0.2336921, 1
0.5923022, 0.5265183, 0.835535, 1
0.3396695, 0.3823962, 0.3612081, 1
0.3526544, 0.4815824, 0.8053003, 1
0.4647202, 0.4005458, 0.1319032, 1
0.3409428, 0.3510531, 0.1619179, 1
0.8697197, 0.4708656, 0.4151759, 1
0.5793474, 0.5421755, 0.8842232, 1
0.3160568, 0.4556064, 0.5888727, 1
0.4685918, 0.5561968, 0.8786094, 1
0.387152, 0.5180991, 0.8117195, 1
0.26689, 0.4944074, 0.7765852, 1
0.2482397, 0.4512899, 0.4846166, 1
0.5589142, 0.5267413, 0.8701203, 1
0.8887745, 0.4747756, 0.5318392, 1
0.3569988, 0.4329521, 0.4869165, 1
0.3992166, 0.4264393, 0.2210641, 1
0.3712805, 0.4978094, 0.6293553, 1
0.5543024, 0.5034627, 0.7272471, 1
0.4758725, 0.4347442, 0.2204629, 1
0.693277, 0.4196528, 0.3526264, 1
0.6209956, 0.448758, 0.2961707, 1
0.2733422, 0.4715664, 0.5507318, 1
0.2471331, 0.3745016, 0.3852164, 1
0.2272293, 0.4040388, 0.373015, 1
0.3795394, 0.5256206, 0.7679408, 1
0.1814669, 0.4651194, 0.6441739, 1
0.8557127, 0.4726642, 0.3608676, 1
0.3696915, 0.4175754, 0.5148191, 1
0.1302832, 0.4032593, 0.6025975, 1
0.3331551, 0.4482859, 0.7028497, 1
0.8606737, 0.4953148, 0.4185817, 1
0.7259113, 0.46178, 0.339642, 1
0.6433498, 0.468583, 0.6340263, 1
0.8246703, 0.4664796, 0.3164743, 1
0.4136254, 0.391409, 0.156689, 1
0.8490735, 0.5026537, 0.4393194, 1
0.5398065, 0.4612651, 0.3556167, 1
0.8541828, 0.5015087, 0.5999132, 1
0.5487489, 0.4435048, 0.2987647, 1
0.8950707, 0.4634089, 0.5095888, 1
0.4351496, 0.5446778, 0.8053597, 1
0.2726938, 0.4693829, 0.8031928, 1
0.439786, 0.4117558, 0.2391767, 1
0.8938293, 0.5275539, 0.50336, 1
0.6860098, 0.4485933, 0.4337358, 1
0.6010661, 0.5041478, 0.5685974, 1
0.2064463, 0.3956119, 0.4127409, 1
0.3473352, 0.4055489, 0.3861631, 1
0.870455, 0.5222341, 0.4764763, 1
0.4445533, 0.4462838, 0.5887681, 1
0.5086823, 0.5100646, 0.7536002, 1
0.4649051, 0.5208442, 0.7835746, 1
0.2550969, 0.4077825, 0.443716, 1
0.8236478, 0.4792556, 0.3964467, 1
0.4398665, 0.4247963, 0.2974139, 1
0.4423687, 0.4529712, 0.485067, 1
0.4175352, 0.4630563, 0.4601671, 1
0.1271789, 0.4206139, 0.5128292, 1
0.8520465, 0.460934, 0.5338218, 1
0.1345847, 0.4197164, 0.4728055, 1
0.737119, 0.4355539, 0.4547547, 1
0.6933504, 0.4016503, 0.1776803, 1
0.3008779, 0.4270836, 0.5663164, 1
0.7981201, 0.4721734, 0.4434943, 1
0.4778828, 0.388016, 0.1290702, 1
0.8243856, 0.4550543, 0.4519465, 1
0.4073669, 0.4008196, 0.117519, 1
0.534707, 0.4585195, 0.4688466, 1
0.4000829, 0.3872113, 0.249794, 1
0.5349649, 0.4889546, 0.6504154, 1
0.7115438, 0.4766706, 0.5599523, 1
0.1384723, 0.4616123, 0.5751053, 1
0.7880881, 0.5460688, 0.6546152, 1
0.7818967, 0.4801041, 0.4822058, 1
0.2455476, 0.4354042, 0.5150155, 1
0.4560172, 0.4287732, 0.3579626, 1
0.4506492, 0.4835426, 0.525928, 1
0.2146436, 0.368277, 0.3371193, 1
0.2522614, 0.3643613, 0.2044482, 1
0.3195201, 0.3782024, 0.2744466, 1
0.6164161, 0.440971, 0.3708615, 1
0.4352915, 0.4347062, 0.2406617, 1
0.1168187, 0.426689, 0.5779745, 1
0.5669985, 0.4247547, 0.3517127, 1
0.3014205, 0.3931811, 0.4428343, 1
0.4901242, 0.4044327, 0.240135, 1
0.8328514, 0.4356882, 0.3129655, 1
0.4560479, 0.4033436, 0.2610486, 1
0.5948298, 0.4541644, 0.5155249, 1
0.4459567, 0.4475678, 0.6197109, 1
0.1775888, 0.3939259, 0.2870927, 1
0.4822509, 0.4766344, 0.5615702, 1
0.3025191, 0.4717492, 0.6513962, 1
0.4042624, 0.4004219, 0.442817, 1
0.5678174, 0.3821971, 0.2429903, 1
0.6913576, 0.4307322, 0.1748746, 1
0.4299505, 0.4918151, 0.6216258, 1
0.3663952, 0.4686044, 0.5363721, 1
0.2990616, 0.4406424, 0.4065292, 1
0.6367084, 0.4331306, 0.2896404, 1
0.4932645, 0.427612, 0.1793118, 1
0.4911985, 0.3640126, 0.1330269, 1
0.4248896, 0.4067275, 0.4759973, 1
0.7191752, 0.4335913, 0.4313481, 1
0.3033666, 0.4307908, 0.5471839, 1
0.5988621, 0.4352953, 0.3896983, 1
0.425857, 0.511622, 0.6868279, 1
0.3368743, 0.4892634, 0.6812464, 1
0.282468, 0.4449774, 0.4130216, 1
0.6107498, 0.5436206, 0.7919558, 1
0.7105676, 0.5253506, 0.6251868, 1
0.5096581, 0.3657255, 0.124025, 1
0.8640063, 0.4635503, 0.4227874, 1
0.722428, 0.4566376, 0.3885271, 1
0.3877299, 0.3818475, 0.1299496, 1
0.3294822, 0.5057033, 0.8109614, 1
0.7859383, 0.4348031, 0.2516264, 1
0.831237, 0.5215932, 0.5192229, 1
0.6565318, 0.4966944, 0.617601, 1
0.3066062, 0.5140895, 0.8084453, 1
0.3274322, 0.3996688, 0.2457531, 1
0.2939609, 0.4195453, 0.4277652, 1
0.7635236, 0.49363, 0.433915, 1
0.4630975, 0.3728521, 0.1525015, 1
0.2652681, 0.3904561, 0.2414761, 1
0.8089275, 0.5117412, 0.7507586, 1
0.5891632, 0.5081466, 0.5571083, 1
0.3474691, 0.5092151, 0.8427238, 1
0.3958425, 0.3475524, 0.1707881, 1
0.5927404, 0.4344115, 0.4860487, 1
0.597877, 0.4472983, 0.2560152, 1
0.5302375, 0.4017196, 0.1566919, 1
0.855895, 0.4908089, 0.36349, 1
0.5217864, 0.4727272, 0.5846295, 1
0.7751603, 0.4855046, 0.4755707, 1
0.6494862, 0.4620125, 0.4079229, 1
0.8217872, 0.5662269, 0.7182987, 1
0.4720495, 0.4180484, 0.3438675, 1
0.3569279, 0.4282271, 0.4288101, 1
0.546913, 0.434004, 0.4354663, 1
0.6141738, 0.4413957, 0.5345805, 1
0.1772299, 0.4134005, 0.5753223, 1
0.3315881, 0.4433587, 0.3900974, 1
0.3474111, 0.4685657, 0.5460289, 1
0.6218958, 0.4787185, 0.6266124, 1
0.7299336, 0.5448967, 0.7728823, 1
0.6744331, 0.5219814, 0.7836081, 1
0.664317, 0.4911123, 0.7583835, 1
0.2617708, 0.4361624, 0.4004349, 1
0.6980092, 0.4535292, 0.5200772, 1
0.3723727, 0.4827061, 0.8266702, 1
0.36492, 0.3778439, 0.3106794, 1
0.6787314, 0.4474747, 0.5458999, 1
0.3703239, 0.3883989, 0.2495185, 1
0.5819455, 0.5164685, 0.6524392, 1
0.3045991, 0.4358591, 0.5316716, 1
0.611336, 0.4346629, 0.2911603, 1
0.539736, 0.3837636, 0.237315, 1
0.1288951, 0.420294, 0.5596286, 1
0.603621, 0.5177263, 0.6576365, 1
0.8274531, 0.513806, 0.5126954, 1
0.8467953, 0.4670203, 0.3032442, 1
0.2993746, 0.4358542, 0.4473017, 1
0.2528422, 0.4418127, 0.7479911, 1
0.7404469, 0.5109899, 0.5360757, 1
0.3453071, 0.3618319, 0.1755578, 1
0.858146, 0.5056638, 0.541814, 1
0.2117947, 0.4950726, 0.6862408, 1
0.6696237, 0.4243768, 0.2382344, 1
0.2099644, 0.375047, 0.2832274, 1
0.5632961, 0.5405082, 0.7177823, 1
0.1126698, 0.4382158, 0.5308017, 1
0.4639818, 0.4408711, 0.5506828, 1
0.7130741, 0.4404291, 0.4815874, 1
0.6617733, 0.5294016, 0.7241375, 1
0.3092891, 0.4239125, 0.5139719, 1
0.4773852, 0.4107655, 0.1465648, 1
0.697664, 0.4556448, 0.355037, 1
0.5469378, 0.4011372, 0.1770386, 1
0.3815166, 0.3626793, 0.1855111, 1
0.260144, 0.4289155, 0.5017449, 1
0.1123477, 0.39003, 0.4653226, 1
0.3232459, 0.5350775, 0.8315085, 1
0.6373933, 0.5269786, 0.789479, 1
0.1145069, 0.4508318, 0.5828849, 1
0.7701729, 0.4422603, 0.3407659, 1
0.1357562, 0.4398982, 0.4951462, 1
0.2126988, 0.4060468, 0.2315514, 1
0.7447747, 0.4736466, 0.3660121, 1
0.318091, 0.4779967, 0.5247855, 1
0.1633793, 0.4484083, 0.542096, 1
0.349588, 0.5084023, 0.6923167, 1
0.7369863, 0.4816896, 0.5889608, 1
0.7309788, 0.4637177, 0.568289, 1
0.685373, 0.4411982, 0.1867141, 1
0.4676561, 0.4016488, 0.2860619, 1
0.1170976, 0.4084255, 0.4660585, 1
0.6140229, 0.3994373, 0.1238848, 1
0.7562247, 0.5341341, 0.7098272, 1
0.5688599, 0.5365881, 0.874823, 1
0.8274074, 0.41827, 0.2823472, 1
0.7792432, 0.4456438, 0.3661003, 1
0.3683972, 0.3836552, 0.2574726, 1
0.830863, 0.5216535, 0.6353804, 1
0.4194688, 0.4362884, 0.3315674, 1
0.3684619, 0.3707184, 0.2053104, 1
0.732731, 0.4459433, 0.2401631, 1
0.4460107, 0.4241506, 0.4438767, 1
0.6932018, 0.4064951, 0.2474591, 1
0.5680119, 0.4226906, 0.1189641, 1
0.6599853, 0.5239762, 0.6552197, 1
0.6604717, 0.4387321, 0.2957832, 1
0.3213173, 0.4331407, 0.4998973, 1
0.6824796, 0.5391489, 0.7755486, 1
0.773124, 0.5418174, 0.7161213, 1
0.3161671, 0.4280137, 0.4588488, 1
0.5634281, 0.4954432, 0.4898529, 1
0.4911915, 0.5043158, 0.7467357, 1
0.3697509, 0.4474016, 0.5170898, 1
0.4303253, 0.447368, 0.6675832, 1
0.6764552, 0.4502854, 0.4675588, 1
0.3251949, 0.4685035, 0.7955627, 1
0.7158642, 0.5105386, 0.6752572, 1
0.5000391, 0.4705006, 0.3981554, 1
0.2839806, 0.4565782, 0.4415452, 1
0.7277499, 0.5232132, 0.649753, 1
0.5948238, 0.3917725, 0.1543175, 1
0.1353914, 0.3961373, 0.5290184, 1
0.5727331, 0.4600048, 0.4898638, 1
0.6550076, 0.4342471, 0.3558883, 1
0.1745084, 0.4065524, 0.3379447, 1
0.3876255, 0.4624113, 0.5725244, 1
0.5463573, 0.5241663, 0.8078483, 1
0.3172079, 0.4066845, 0.3108297, 1
0.6184066, 0.4714311, 0.4515758, 1
0.5422366, 0.4912526, 0.7970777, 1
0.6963528, 0.5435749, 0.7259247, 1
0.4582276, 0.4123685, 0.1531634, 1
0.1301835, 0.4298495, 0.4843779, 1
0.4854912, 0.5003891, 0.8236297, 1
0.4798387, 0.4755572, 0.7311003, 1
0.6784586, 0.5418324, 0.6782996, 1
0.728113, 0.4963931, 0.5491697, 1
0.8253142, 0.488893, 0.5590079, 1
0.3593336, 0.4071001, 0.4537421, 1
0.2295257, 0.376276, 0.2341715, 1
0.7091585, 0.4893126, 0.4960051, 1
0.7332512, 0.4464033, 0.1995719, 1
0.6489356, 0.4597237, 0.3944695, 1
0.3319984, 0.3705763, 0.2412192, 1
0.3548295, 0.4433191, 0.3900467, 1
0.3995064, 0.4085827, 0.3275357, 1
0.2924512, 0.4500278, 0.4153618, 1
0.3836342, 0.4370095, 0.5097305, 1
0.6885361, 0.4414091, 0.1835396, 1
0.6320332, 0.5006851, 0.4786194, 1
0.4805578, 0.5446214, 0.8399718, 1
0.4049287, 0.3750307, 0.133749, 1
0.6042395, 0.4762934, 0.566283, 1
0.5081304, 0.513944, 0.6714284, 1
0.7494543, 0.4793153, 0.6149676, 1
0.5174111, 0.478734, 0.6869479, 1
0.7031497, 0.4751548, 0.585947, 1
0.2215295, 0.4326639, 0.6526607, 1
0.3554437, 0.421384, 0.4152451, 1
0.6950269, 0.436841, 0.3767674, 1
0.7136368, 0.4450745, 0.2174032, 1
0.2208586, 0.4935177, 0.6643708, 1
0.3964672, 0.4972607, 0.5996101, 1
0.5553506, 0.4013815, 0.324227, 1
0.7040706, 0.4381619, 0.43992, 1
0.7355783, 0.5269084, 0.8079791, 1
0.8788951, 0.5095029, 0.4736852, 1
0.361779, 0.3693455, 0.2821813, 1
0.3662943, 0.4967281, 0.8205459, 1
0.2758753, 0.3932584, 0.3597667, 1
0.4257194, 0.4214995, 0.422769, 1
0.3457484, 0.4507248, 0.6120273, 1
0.7371228, 0.528477, 0.5917742, 1
0.2598898, 0.4787174, 0.5617255, 1
0.3632937, 0.4940895, 0.6065699, 1
0.6025981, 0.4295522, 0.4255436, 1
0.2645837, 0.3810464, 0.3069417, 1
0.5627307, 0.4735027, 0.4503414, 1
0.3470818, 0.4846253, 0.8276192, 1
0.2163288, 0.4992477, 0.7089877, 1
0.629514, 0.3807395, 0.1828942, 1
0.2039612, 0.4214045, 0.5346458, 1
0.1377629, 0.4193885, 0.5337276, 1
0.4949667, 0.5301795, 0.8253198, 1
0.4772137, 0.4890625, 0.652694, 1
0.8272435, 0.5216246, 0.6893906, 1
0.7596385, 0.4861773, 0.580624, 1
0.2451731, 0.4854831, 0.6376706, 1
0.4348981, 0.4372733, 0.522526, 1
0.7824413, 0.4753113, 0.3807897, 1
0.5964226, 0.4097695, 0.1755494, 1
0.7355998, 0.5222611, 0.6661721, 1
0.4556285, 0.4927415, 0.5723791, 1
0.6834528, 0.5091686, 0.8343322, 1
0.1145266, 0.4143894, 0.5178121, 1
0.3209285, 0.4008061, 0.4446177, 1
0.848087, 0.4391271, 0.3170726, 1
0.3832746, 0.4528656, 0.6392481, 1
0.181087, 0.3815366, 0.4568368, 1
0.2118906, 0.412394, 0.5330959, 1
0.2520161, 0.4429116, 0.4804305, 1
0.3444596, 0.4187358, 0.3459567, 1
0.6933981, 0.4137282, 0.2281021, 1
0.3549682, 0.3675094, 0.3000966, 1
0.5611812, 0.4509746, 0.6008609, 1
0.6769935, 0.4439666, 0.2392051, 1
0.6026825, 0.5032514, 0.5521665, 1
0.1645036, 0.4453188, 0.4903717, 1
0.8704249, 0.5486141, 0.6236791, 1
0.7755992, 0.5439858, 0.656408, 1
0.8089721, 0.4698056, 0.5774939, 1
0.2390133, 0.4616539, 0.6422095, 1
0.1784057, 0.3959857, 0.4817592, 1
0.1379528, 0.4236818, 0.381588, 1
0.3059582, 0.4216883, 0.5129613, 1
0.2046788, 0.4199944, 0.3093002, 1
0.5126373, 0.4561159, 0.6612829, 1
0.8310184, 0.4525234, 0.4516459, 1
0.2964272, 0.5071295, 0.6846957, 1
0.8327917, 0.4487953, 0.4344214, 1
0.8915297, 0.4803062, 0.453678, 1
0.6966188, 0.4424889, 0.2888087, 1
0.6532395, 0.4792435, 0.4357531, 1
0.8864452, 0.4835356, 0.441637, 1
0.5595651, 0.5352141, 0.7304554, 1
0.1753228, 0.44283, 0.6493205, 1
0.4001764, 0.4867062, 0.6354168, 1
0.3566714, 0.4415068, 0.3290738, 1
0.6999717, 0.4493032, 0.2337959, 1
0.7725303, 0.475695, 0.5553671, 1
0.2169786, 0.4184466, 0.3643368, 1
0.328464, 0.4889936, 0.7946936, 1
0.3559421, 0.4199052, 0.2884794, 1
0.2043765, 0.4238539, 0.6200423, 1
0.57146, 0.5460258, 0.7703921, 1
0.1750057, 0.4649089, 0.6158524, 1
0.368429, 0.458977, 0.4725784, 1
0.5717831, 0.4936326, 0.6836673, 1
0.7252192, 0.5416443, 0.6942875, 1
0.7708728, 0.5130971, 0.7606193, 1
0.4739846, 0.4212403, 0.2458293, 1
0.6387578, 0.3722197, 0.1494036, 1
0.6410288, 0.4390813, 0.2356023, 1
0.6522118, 0.5358212, 0.8202657, 1
0.7859445, 0.4579957, 0.4762585, 1
0.4472978, 0.4278805, 0.350175, 1
0.2668652, 0.4558539, 0.6075732, 1
0.2486425, 0.4665481, 0.54304, 1
0.3257298, 0.4031263, 0.1573947, 1
0.7664329, 0.5409575, 0.6114082, 1
0.309322, 0.439849, 0.5521038, 1
0.4179372, 0.4231826, 0.4307705, 1
0.7731856, 0.541888, 0.6251634, 1
0.7022777, 0.4051815, 0.2640029, 1
0.8841015, 0.4778693, 0.4610814, 1
0.7666361, 0.4432529, 0.2124393, 1
0.6004565, 0.4296367, 0.2298571, 1
0.6593651, 0.4889266, 0.6371331, 1
0.5435989, 0.526127, 0.7872762, 1
0.7871146, 0.4595647, 0.4242176, 1
0.4418072, 0.4421231, 0.498392, 1
0.1339416, 0.4394783, 0.6555557, 1
0.4009313, 0.4400809, 0.3724526, 1
0.6399792, 0.4395238, 0.1759962, 1
0.6575497, 0.4140441, 0.2976567, 1
0.1949306, 0.447584, 0.48986, 1
0.7401886, 0.5481214, 0.7141016, 1
0.4919695, 0.518722, 0.8338148, 1
0.1976484, 0.4040286, 0.2774868, 1
0.8374776, 0.4871637, 0.4155249, 1
0.883135, 0.4649823, 0.41198, 1
0.4312829, 0.5114843, 0.8440322, 1
0.7515647, 0.4686324, 0.604427, 1
0.7134963, 0.4412505, 0.3855308, 1
0.6306048, 0.3902564, 0.2111028, 1
0.5082494, 0.5235764, 0.885797, 1
0.7233935, 0.4757381, 0.3846463, 1
0.5377297, 0.4065944, 0.333912, 1
0.4554282, 0.4988651, 0.753906, 1
0.4444866, 0.4398679, 0.6330112, 1
0.4941794, 0.4724518, 0.4575617, 1
0.3819139, 0.3943793, 0.1672468, 1
0.4717566, 0.4768085, 0.6361522, 1
0.4840244, 0.4214252, 0.5009176, 1
0.7880239, 0.4747275, 0.5987195, 1
0.3381851, 0.4281079, 0.3654908, 1
0.4004148, 0.4545899, 0.5346339, 1
0.1727315, 0.3689481, 0.2946602, 1
0.1718638, 0.3932649, 0.516349, 1
0.5863862, 0.3928362, 0.1928785, 1
0.1854731, 0.365564, 0.3283262, 1
0.4258509, 0.4756865, 0.5822323, 1
0.763262, 0.4092429, 0.3125794, 1
0.6233205, 0.5298963, 0.7204999, 1
0.7258884, 0.504393, 0.6632028, 1
0.3420104, 0.431964, 0.2939793, 1
0.8035484, 0.4931213, 0.5765995, 1
0.6752962, 0.5632642, 0.8101407, 1
0.3131262, 0.4733239, 0.7339538, 1
0.2679016, 0.3455311, 0.2147105, 1
0.644495, 0.3944968, 0.2271293, 1
0.6367518, 0.4913827, 0.5196577, 1
0.6735706, 0.4022995, 0.3055648, 1
0.1874438, 0.4587841, 0.6583185, 1
0.3619926, 0.481217, 0.5711465, 1
0.3669164, 0.4044266, 0.3169767, 1
0.7487029, 0.4630129, 0.3047603, 1
0.5683963, 0.4262698, 0.2808949, 1
0.656266, 0.4297363, 0.202244, 1
0.1856866, 0.4445488, 0.5772951, 1
0.2457528, 0.445224, 0.4521146, 1
0.4067546, 0.4615027, 0.5471339, 1
0.5883298, 0.5254309, 0.775483, 1
0.8403888, 0.4840979, 0.5570969, 1
0.2896928, 0.3674318, 0.3082042, 1
0.4354728, 0.3991107, 0.1825918, 1
0.7961382, 0.5401569, 0.7056446, 1
0.5476263, 0.3996008, 0.240562, 1
0.4082735, 0.4012976, 0.4512399, 1
0.4952509, 0.4854323, 0.5951166, 1
0.4571979, 0.3934982, 0.320478, 1
0.4108112, 0.4377499, 0.5583772, 1
0.6914253, 0.4816922, 0.6736324, 1
0.6435533, 0.4830274, 0.5945863, 1
0.5490183, 0.4613869, 0.5524733, 1
0.852771, 0.4923772, 0.5460173, 1
0.7012542, 0.4724312, 0.6007556, 1
0.6929854, 0.3966814, 0.185236, 1
0.2700971, 0.4326255, 0.4429684, 1
0.1209038, 0.4001364, 0.552615, 1
0.6316653, 0.4896608, 0.4793002, 1
0.2859167, 0.4274337, 0.4527698, 1
0.7545105, 0.4865283, 0.6521401, 1
0.7033697, 0.4778592, 0.663709, 1
0.1131044, 0.447115, 0.5036221, 1
0.4032557, 0.3859356, 0.1310368, 1
0.6834776, 0.4302348, 0.221618, 1
0.4671204, 0.4697005, 0.5835189, 1
0.132648, 0.4200614, 0.3606754, 1
0.3513429, 0.4958301, 0.6435179, 1
0.769848, 0.4526682, 0.5249214, 1
0.4567583, 0.4205372, 0.1793785, 1
0.5573184, 0.4132763, 0.4190985, 1
0.3953921, 0.3997262, 0.3103047, 1
0.4752328, 0.4510114, 0.3975853, 1
0.7155414, 0.4096107, 0.2049622, 1
0.6315656, 0.4990378, 0.8059832, 1
0.7479822, 0.5011468, 0.4463139, 1
0.5810429, 0.4375157, 0.1975261, 1
0.7138067, 0.4417976, 0.4077757, 1
0.5200463, 0.3755893, 0.1721226, 1
0.2643802, 0.4642751, 0.7704396, 1
0.8031785, 0.5138136, 0.4957007, 1
0.4424233, 0.4250911, 0.3502246, 1
0.3971907, 0.4955252, 0.8341503, 1
0.1333172, 0.4463233, 0.6114746, 1
0.7406532, 0.488168, 0.4597358, 1
0.1230716, 0.4077837, 0.6054304, 1
0.6585974, 0.4867783, 0.7113599, 1
0.646957, 0.3863293, 0.1802147, 1
0.3948554, 0.5035639, 0.7167807, 1
0.3954176, 0.4717327, 0.5801219, 1
0.6683496, 0.5369437, 0.6877631, 1
0.7231292, 0.4982756, 0.5291454, 1
0.2385932, 0.4644589, 0.5256304, 1
0.5532104, 0.4732908, 0.5420576, 1
0.6750834, 0.4430954, 0.4773844, 1
0.5027909, 0.4653137, 0.5258144, 1
0.5982573, 0.4480193, 0.4649401, 1
0.383303, 0.4968933, 0.7537799, 1
0.7875878, 0.4803036, 0.5672521, 1
0.3564502, 0.5092485, 0.7416499, 1
0.3977175, 0.4417768, 0.5934007, 1
0.6810224, 0.4884459, 0.7019479, 1
0.2276799, 0.3736241, 0.3716084, 1
0.3185715, 0.4454602, 0.5891414, 1
0.5747164, 0.4116018, 0.3320017, 1
0.7190154, 0.4783266, 0.4870144, 1
0.7624276, 0.4945731, 0.3994665, 1
0.256199, 0.4557069, 0.6510919, 1
0.1273534, 0.4450096, 0.4870403, 1
0.2293247, 0.3843981, 0.2967939, 1
0.6541771, 0.461097, 0.4339449, 1
0.5355738, 0.4589364, 0.5639365, 1
0.5001017, 0.4955914, 0.7129108, 1
0.3152364, 0.4715601, 0.6186692, 1
0.5023793, 0.4986302, 0.5704779, 1
0.8577904, 0.4980587, 0.5700251, 1
0.2799765, 0.4860069, 0.7972764, 1
0.3730075, 0.4719461, 0.5368156, 1
0.3473129, 0.4600301, 0.6742963, 1
0.1555355, 0.4300098, 0.4875321, 1
0.4612348, 0.4865737, 0.6497743, 1
0.5290608, 0.5379228, 0.862344, 1
0.6856505, 0.5258788, 0.6726659, 1
0.5082409, 0.4234517, 0.3815102, 1
0.4737286, 0.3870292, 0.2448641, 1
0.4809836, 0.4142441, 0.351972, 1
0.4261781, 0.496998, 0.7020327, 1
0.6635608, 0.5284139, 0.627445, 1
0.4966417, 0.4162535, 0.4533625, 1
0.7685717, 0.4424689, 0.3357613, 1
0.7781717, 0.4385047, 0.3180189, 1
0.4697793, 0.4632969, 0.3991064, 1
0.4115686, 0.470729, 0.6022309, 1
0.3743309, 0.3894275, 0.2677165, 1
0.7019328, 0.5241187, 0.655584, 1
0.1791504, 0.4097615, 0.3621686, 1
0.3767849, 0.4530765, 0.531087, 1
0.804415, 0.4431918, 0.392343, 1
0.1828665, 0.4571077, 0.5252871, 1
0.187168, 0.4311445, 0.6137624, 1
0.3137179, 0.4548982, 0.5517307, 1
0.3196008, 0.4268653, 0.43611, 1
0.5939367, 0.4309218, 0.2901733, 1
0.5964682, 0.3927495, 0.2126555, 1
0.7179435, 0.4871173, 0.421882, 1
0.1448338, 0.3960336, 0.4399306, 1
0.351347, 0.4593574, 0.6617069, 1
0.4678268, 0.4577236, 0.4790819, 1
0.2675534, 0.4229627, 0.3579779, 1
0.2316121, 0.4867125, 0.755955, 1
0.3507861, 0.3755965, 0.2025927, 1
0.2879783, 0.5228949, 0.8316626, 1
0.2825342, 0.4155923, 0.5413957, 1
0.8752537, 0.4791175, 0.4277303, 1
0.7603642, 0.4589326, 0.2386697, 1
0.4514922, 0.4506758, 0.4122426, 1
0.565738, 0.4429752, 0.267294, 1
0.1315434, 0.4468074, 0.5191119, 1
0.6393083, 0.4709245, 0.5386062, 1
0.6524919, 0.4463233, 0.5487887, 1
0.5827174, 0.4264132, 0.3054135, 1
0.4028146, 0.4933361, 0.8271227, 1
0.8537911, 0.4565528, 0.3102996, 1
0.4697195, 0.4504008, 0.5551341, 1
0.5200807, 0.5320129, 0.8694691, 1
0.7437249, 0.4424392, 0.3893207, 1
0.733682, 0.4236078, 0.2997303, 1
0.4299076, 0.4972709, 0.8023452, 1
0.7095557, 0.4353314, 0.3403991, 1
0.4232137, 0.3995292, 0.40207, 1
0.580022, 0.5361222, 0.8671041, 1
0.4843954, 0.412602, 0.2075784, 1
0.4328359, 0.4272736, 0.3101813, 1
0.3191722, 0.4467112, 0.6597531, 1
0.5884857, 0.4502028, 0.5049608, 1
0.7249917, 0.4865114, 0.5839168, 1
0.8099842, 0.4831932, 0.664939, 1
0.1924001, 0.4479932, 0.4581185, 1
0.6144051, 0.4389313, 0.4079242, 1
0.5617692, 0.5206095, 0.6782188, 1
0.7180294, 0.4473205, 0.3467868, 1
0.439806, 0.4448732, 0.6270009, 1
0.7888702, 0.4509179, 0.4182965, 1
0.4831103, 0.4254853, 0.2997027, 1
0.3208884, 0.3762114, 0.1764156, 1
0.6812581, 0.4263705, 0.3698742, 1
0.350002, 0.4457626, 0.4745153, 1
0.4519188, 0.5174714, 0.7869827, 1
0.6065453, 0.4731044, 0.7009552, 1
0.8062777, 0.4635015, 0.4990442, 1
0.7488093, 0.5186747, 0.553299, 1
0.5474873, 0.4069209, 0.1214945, 1
0.237915, 0.4249312, 0.5852665, 1
0.4517711, 0.4691653, 0.7044629, 1
0.5304629, 0.5224253, 0.8024483, 1
0.1879464, 0.4292119, 0.3417167, 1
0.45846, 0.4331153, 0.5297158, 1
0.2340841, 0.4102215, 0.394437, 1
0.5914022, 0.4827343, 0.4386657, 1
0.8664367, 0.4573002, 0.4168774, 1
0.3426571, 0.4343602, 0.6028061, 1
0.5017394, 0.4559303, 0.4156741, 1
0.2606381, 0.4466041, 0.4715677, 1
0.3208172, 0.5251814, 0.7742076, 1
0.7529768, 0.3977318, 0.2324772, 1
0.7005479, 0.5069019, 0.6652243, 1
0.3001454, 0.4249579, 0.3889721, 1
0.4059627, 0.5207464, 0.8414432, 1
0.2394834, 0.4472595, 0.5982769, 1
0.3348461, 0.4185995, 0.5432101, 1
0.7342274, 0.5132518, 0.5938396, 1
0.3064273, 0.4354157, 0.4736577, 1
0.186383, 0.4310536, 0.5219314, 1
0.5264683, 0.518513, 0.7307933, 1
0.3900012, 0.4642184, 0.7339922, 1
0.5204378, 0.363161, 0.1767607, 1
0.3339983, 0.4117138, 0.370508, 1
0.7729415, 0.4903492, 0.4357106, 1
0.3436966, 0.4045025, 0.2375574, 1
0.5120944, 0.3791398, 0.2747927, 1
0.5416351, 0.4384481, 0.5677696, 1
0.7554863, 0.4583961, 0.3915481, 1
0.7315341, 0.5310915, 0.6917066, 1
0.7317892, 0.4557955, 0.3734025, 1
0.4273492, 0.3756618, 0.2991315, 1
0.5310034, 0.437625, 0.5223314, 1
0.694056, 0.4589532, 0.322597, 1
0.3297089, 0.4531582, 0.7431532, 1
0.1855675, 0.4290971, 0.5703458, 1
0.248078, 0.4698163, 0.6922851, 1
0.78993, 0.5266964, 0.724556, 1
0.6201821, 0.4326114, 0.3465246, 1
0.2673338, 0.4210987, 0.4792968, 1
0.3460226, 0.3618028, 0.2733552, 1
0.6981419, 0.5412801, 0.8177505, 1
0.8142394, 0.4418745, 0.2719437, 1
0.7556055, 0.4409959, 0.2825324, 1
0.5124555, 0.4951957, 0.7094731, 1
0.7856956, 0.4591975, 0.4753966, 1
0.5015479, 0.4254507, 0.4691307, 1
0.1722488, 0.4369335, 0.5558215, 1
0.133557, 0.4265237, 0.6297261, 1
0.310653, 0.4247145, 0.4077232, 1
0.1328401, 0.4163626, 0.5749073, 1
0.5651425, 0.404362, 0.2433698, 1
0.6694263, 0.5586888, 0.8003398, 1
0.4658551, 0.4440798, 0.484551, 1
0.4941941, 0.4659671, 0.7364363, 1
0.4996872, 0.3587115, 0.1716135, 1
0.4150581, 0.3916638, 0.2398437, 1
0.7064523, 0.52276, 0.7339178, 1
0.7321373, 0.4374108, 0.3954532, 1
0.6019406, 0.498949, 0.6785955, 1
0.686017, 0.4368483, 0.220443, 1
0.6230906, 0.5073481, 0.8300999, 1
0.7270251, 0.5029127, 0.6833945, 1
0.4977161, 0.350059, 0.1127407, 1
0.5996, 0.3992334, 0.2673074, 1
0.7455289, 0.5472142, 0.7969054, 1
0.7585159, 0.4445828, 0.3967746, 1
0.5307209, 0.5323544, 0.7795322, 1
0.3101567, 0.492217, 0.7478228, 1
0.5330941, 0.4022126, 0.2623811, 1
0.4879875, 0.5025094, 0.8289919, 1
0.1962804, 0.4875056, 0.6887441, 1
0.1814978, 0.4611217, 0.6295466, 1
0.5178802, 0.4738675, 0.6325624, 1
0.7377769, 0.5218716, 0.8077712, 1
0.2853254, 0.3622285, 0.3078795, 1
0.4656608, 0.3992441, 0.2166032, 1
0.7948084, 0.4755641, 0.5358974, 1
0.6345729, 0.4401326, 0.3233501, 1
0.2560876, 0.3818136, 0.4372313, 1
0.387563, 0.4386301, 0.489207, 1
0.5400214, 0.4214829, 0.3079579, 1
0.7971435, 0.488704, 0.4940558, 1
0.3482314, 0.4633529, 0.8000122, 1
0.7690127, 0.562242, 0.7649243, 1
0.2059501, 0.503941, 0.7441742, 1
0.4027545, 0.5527157, 0.8694198, 1
0.6559684, 0.5563895, 0.8241151, 1
0.3514286, 0.4467409, 0.4954207, 1
0.5340545, 0.5055571, 0.5657844, 1
0.45386, 0.4094965, 0.1328394, 1
0.4490437, 0.4989481, 0.7845827, 1
0.3739054, 0.441054, 0.3873931, 1
0.823279, 0.4878314, 0.4686504, 1
0.1949444, 0.475217, 0.7448443, 1
0.3198176, 0.4735159, 0.7265469, 1
0.4394484, 0.3639735, 0.2399651, 1
0.608631, 0.4885316, 0.5440767, 1
0.5322462, 0.5388435, 0.82609, 1
0.680446, 0.500455, 0.4567846, 1
0.6564956, 0.4609006, 0.572588, 1
0.7664686, 0.4296753, 0.4131925, 1
0.4696167, 0.4756957, 0.723231, 1
0.4673261, 0.5141032, 0.8863051, 1
0.6068448, 0.4266211, 0.4497808, 1
0.6666599, 0.5254832, 0.8140522, 1
0.5727005, 0.5026779, 0.7395219, 1
0.2351181, 0.4951535, 0.7170594, 1
0.5325093, 0.4993883, 0.607733, 1
0.2945434, 0.3926076, 0.3004669, 1
0.6700397, 0.4887279, 0.4746638, 1
0.5188658, 0.4083563, 0.2465223, 1
0.4447054, 0.3901164, 0.1809621, 1
0.6947067, 0.4982402, 0.7421041, 1
0.2883073, 0.4574567, 0.622759, 1
0.5758543, 0.5607444, 0.8436844, 1
0.2518918, 0.4525482, 0.7338998, 1
0.4207124, 0.4675338, 0.4595208, 1
0.5170165, 0.5108632, 0.7752985, 1
0.7930043, 0.5034149, 0.5528259, 1
0.5258487, 0.5236731, 0.8667901, 1
0.7302594, 0.4293619, 0.2004401, 1
0.6796238, 0.4747026, 0.5596589, 1
0.6326685, 0.3958734, 0.2140804, 1
0.6706545, 0.4845977, 0.5846919, 1
0.264255, 0.4723916, 0.7825097, 1
0.5599431, 0.4205663, 0.2717783, 1
0.428393, 0.4802541, 0.8188975, 1
0.6792872, 0.5311923, 0.8153979, 1
0.7618263, 0.4294045, 0.3258935, 1
0.4722877, 0.4259167, 0.2540662, 1
0.1758278, 0.4587474, 0.6388324, 1
0.5290582, 0.509922, 0.5849363, 1
0.2901652, 0.3489781, 0.192663, 1
0.2303768, 0.45794, 0.4688716, 1
0.507612, 0.4650332, 0.652035, 1
0.6137308, 0.552214, 0.8016739, 1
0.2228578, 0.4683552, 0.5519962, 1
0.8061571, 0.5185557, 0.657921, 1
0.538171, 0.4739447, 0.5699295, 1
0.2514366, 0.4350117, 0.4196438, 1
0.4361075, 0.4490382, 0.6854451, 1
0.3740103, 0.5051064, 0.7542298, 1
0.1840632, 0.4326941, 0.5918747, 1
0.4968371, 0.4477809, 0.5601212, 1
0.2654459, 0.394472, 0.2207006, 1
0.5125069, 0.5235374, 0.8256083, 1
0.4697609, 0.4681967, 0.6142704, 1
0.7459994, 0.488991, 0.5316003, 1
0.5140831, 0.495765, 0.6097385, 1
0.4671126, 0.4569054, 0.4306853, 1
0.2130368, 0.4500464, 0.6884128, 1
0.4441641, 0.3823787, 0.2893839, 1
0.3088952, 0.4329373, 0.6670043, 1
0.6042721, 0.4643627, 0.6211862, 1
0.8121926, 0.4744542, 0.3382394, 1
0.2410503, 0.3866007, 0.4386465, 1
0.4394437, 0.4844309, 0.7764849, 1
0.5575964, 0.5320652, 0.8340205, 1
0.6311148, 0.4120393, 0.2498044, 1
0.3767928, 0.4997615, 0.8633076, 1
0.4533901, 0.38307, 0.1206633, 1
0.8857507, 0.5242624, 0.5295115, 1
0.4165386, 0.4534117, 0.6199975, 1
0.205571, 0.35744, 0.2907308, 1
0.6969805, 0.4748438, 0.3660556, 1
0.4821111, 0.4349136, 0.2363523, 1
0.5514585, 0.5289595, 0.6619711, 1
0.3344482, 0.4640191, 0.6027958, 1
0.6195152, 0.4802316, 0.7465004, 1
0.4371458, 0.4479402, 0.518913, 1
0.5893764, 0.382941, 0.2620544, 1
0.8172474, 0.4219836, 0.2809568, 1
0.7527028, 0.4381512, 0.3983671, 1
0.7541731, 0.4529943, 0.4708432, 1
0.3922758, 0.44782, 0.3823621, 1
0.5447844, 0.4254228, 0.2371452, 1
0.686568, 0.384225, 0.2215878, 1
0.6652586, 0.5040232, 0.7421414, 1
0.3617155, 0.4033825, 0.201218, 1
0.7229266, 0.514878, 0.6952103, 1
0.8007835, 0.488611, 0.4950725, 1
0.4014851, 0.476713, 0.6879485, 1
0.3122138, 0.4897637, 0.82658, 1
0.4541579, 0.4111146, 0.2118046, 1
0.292482, 0.4864196, 0.7110339, 1
0.2521226, 0.4223132, 0.4424649, 1
0.5711764, 0.4903872, 0.6587922, 1
0.4884359, 0.5184907, 0.6968489, 1
0.1822561, 0.4041185, 0.3303517, 1
0.4877411, 0.3731159, 0.1878138, 1
0.3413119, 0.3556613, 0.2212795, 1
0.5879802, 0.434776, 0.2020698, 1
0.1809296, 0.374451, 0.2817633, 1
0.134534, 0.4153857, 0.3957449, 1
0.2980896, 0.4901694, 0.7969049, 1
0.230232, 0.4250377, 0.6254815, 1
0.3974777, 0.4774854, 0.5266964, 1
0.6441846, 0.4871738, 0.5982545, 1
0.4684736, 0.507451, 0.5949381, 1
0.4200106, 0.4678146, 0.6331309, 1
0.251938, 0.4926694, 0.7212635, 1
0.4637812, 0.4116411, 0.4609048, 1
0.4181776, 0.4469041, 0.563714, 1
0.3579316, 0.4946548, 0.7097358, 1
0.7978849, 0.4352827, 0.2895376, 1
0.4129833, 0.4516578, 0.5927151, 1
0.2030633, 0.4463439, 0.425824, 1
0.6041464, 0.3856885, 0.2268084, 1
0.7806579, 0.4470012, 0.3484799, 1
0.7356937, 0.5322471, 0.6603731, 1
0.3135452, 0.422803, 0.5980731, 1
0.5247318, 0.412233, 0.1403194, 1
0.8851249, 0.4762612, 0.3808302, 1
0.6888217, 0.4585148, 0.5856583, 1
0.4610353, 0.4459004, 0.4597931, 1
0.3874882, 0.4518434, 0.4690795, 1
0.4810679, 0.4841687, 0.5700423, 1
0.6125376, 0.4534728, 0.3572786, 1
0.8426863, 0.5178928, 0.6240601, 1
0.5803052, 0.4034605, 0.3395217, 1
0.1832327, 0.4087033, 0.3891253, 1
0.4810959, 0.4067885, 0.2934293, 1
0.286271, 0.4881481, 0.6224498, 1
0.5169246, 0.4671102, 0.5050386, 1
0.8176622, 0.4739873, 0.4718173, 1
0.495904, 0.4676394, 0.5182161, 1
0.5689823, 0.4051505, 0.1605266, 1
0.5840302, 0.481491, 0.5089766, 1
0.2391849, 0.3906274, 0.3117154, 1
0.3681822, 0.4524849, 0.5313799, 1
0.5430268, 0.4528657, 0.5743337, 1
0.1313064, 0.4074323, 0.3935986, 1
0.6847768, 0.4532546, 0.3620148, 1
0.524658, 0.4728883, 0.5411659, 1
0.5227031, 0.4701312, 0.67339, 1
0.5665174, 0.3852628, 0.256146, 1
0.4170058, 0.4708389, 0.4778972, 1
0.7282683, 0.4485745, 0.4585032, 1
0.7336596, 0.4569523, 0.3501287, 1
0.7866881, 0.4551895, 0.4826394, 1
0.4380612, 0.3956591, 0.2105459, 1
0.6763794, 0.3877536, 0.1954307, 1
0.8528251, 0.5313817, 0.5675333, 1
0.8707329, 0.5401325, 0.5660769, 1
0.3512237, 0.4678832, 0.4790151, 1
0.2653508, 0.4046656, 0.4699942, 1
0.7202018, 0.5653449, 0.8073521, 1
0.688947, 0.4695219, 0.4562877, 1
0.7803963, 0.4573947, 0.385207, 1
0.4100554, 0.4357515, 0.582507, 1
0.8073937, 0.4773025, 0.5386234, 1
0.568684, 0.4312855, 0.2742189, 1
0.8302867, 0.527473, 0.6928099, 1
0.5893698, 0.4718223, 0.5081329, 1
0.2971607, 0.4179903, 0.3866548, 1
0.6251994, 0.4222984, 0.3822907, 1
0.5553383, 0.4173669, 0.2506727, 1
0.7128202, 0.4424701, 0.224808, 1
0.4391442, 0.4554375, 0.4597287, 1
0.6583688, 0.4296105, 0.3156939, 1
0.3769848, 0.3952653, 0.3333656, 1
0.7972436, 0.5169569, 0.6809403, 1
0.3163023, 0.4243079, 0.2510759, 1
0.6285019, 0.5081353, 0.6822981, 1
0.8380215, 0.411985, 0.2836207, 1
0.3476934, 0.390912, 0.3376545, 1
0.4740781, 0.4822925, 0.6669853, 1
0.8811036, 0.5301502, 0.5558023, 1
0.7534526, 0.445355, 0.4478949, 1
0.447524, 0.4509335, 0.6522654, 1
0.5006248, 0.4182062, 0.4243229, 1
0.4738151, 0.5150099, 0.806616, 1
0.8870488, 0.5040154, 0.5474805, 1
0.6507742, 0.4977409, 0.7838233, 1
0.3530429, 0.4245635, 0.3384444, 1
0.6094576, 0.4367822, 0.3982771, 1
0.7442651, 0.4546452, 0.546107, 1
0.657268, 0.4400215, 0.2851952, 1
0.8059657, 0.5001648, 0.5545877, 1
0.2393519, 0.394662, 0.2271386, 1
0.7894673, 0.5110211, 0.4595908, 1
0.4606642, 0.4988648, 0.5697902, 1
0.5973056, 0.443402, 0.447383, 1
0.5780357, 0.4293224, 0.4130532, 1
0.2376903, 0.4318255, 0.4783898, 1
0.1900613, 0.4808638, 0.7208133, 1
0.2658162, 0.3742719, 0.2346765, 1
0.6284011, 0.4886296, 0.5733184, 1
0.8995474, 0.4801314, 0.4849823, 1
0.2021193, 0.4413752, 0.4613694, 1
0.3158363, 0.4798726, 0.7350891, 1
0.7870451, 0.4753565, 0.6262391, 1
0.5907741, 0.4542445, 0.2720382, 1
0.8891587, 0.5151284, 0.5380764, 1
0.6223387, 0.4477203, 0.4022948, 1
0.5627224, 0.5049933, 0.5893987, 1
0.8487003, 0.4805792, 0.525061, 1
0.8267413, 0.5607754, 0.7039217, 1
0.8586465, 0.4882262, 0.5130682, 1
0.3051958, 0.4192895, 0.2997802, 1
0.4762151, 0.4895178, 0.5460794, 1
0.6205726, 0.4325069, 0.1603321, 1
0.7815267, 0.5056096, 0.6112072, 1
0.4721883, 0.4792899, 0.6595597, 1
0.1390917, 0.4728988, 0.657658, 1
0.7041532, 0.503628, 0.691258, 1
0.5429503, 0.4555127, 0.4323198, 1
0.7852809, 0.5073829, 0.4867911, 1
0.4406459, 0.4823053, 0.8180695, 1
0.8209012, 0.4960277, 0.5192452, 1
0.5571757, 0.4321412, 0.4223326, 1
0.1759921, 0.3759435, 0.3462203, 1
0.842106, 0.4407365, 0.339843, 1
0.3224774, 0.4888726, 0.6396293, 1
0.1465679, 0.429295, 0.5650811, 1
0.4115058, 0.3976459, 0.3488671, 1
0.4520762, 0.4485558, 0.6788464, 1
0.359362, 0.4549773, 0.3987581, 1
0.6853988, 0.4059375, 0.3134416, 1
0.337943, 0.3835869, 0.3438998, 1
0.3475447, 0.370142, 0.1468921, 1
0.6358374, 0.4430085, 0.267258, 1
0.6902259, 0.5223334, 0.7106293, 1
0.7846636, 0.4564705, 0.2747815, 1
0.2338289, 0.3782611, 0.2204131, 1
0.6791273, 0.4414711, 0.5165774, 1
0.2153853, 0.3912863, 0.2956894, 1
0.7926514, 0.5106673, 0.4617273, 1
0.7428396, 0.5429152, 0.7526239, 1
0.7415971, 0.496071, 0.4704088, 1
0.5690499, 0.4660105, 0.4647444, 1
0.5180867, 0.5424451, 0.7579628, 1
0.4836242, 0.5382652, 0.8222479, 1
0.3391183, 0.4200886, 0.357097, 1
0.1782899, 0.3905293, 0.2760618, 1
0.5519316, 0.4551318, 0.5766801, 1
0.4161072, 0.5102257, 0.8578045, 1
0.6245192, 0.5552469, 0.7844741, 1
0.505393, 0.3950674, 0.2335702, 1
0.4509442, 0.4643895, 0.529206, 1
0.2418397, 0.3760135, 0.2666279, 1
0.6288143, 0.4165367, 0.1779697, 1
0.2721616, 0.4047558, 0.45386, 1
0.6400992, 0.51749, 0.6420883, 1
0.4608098, 0.3882023, 0.1496544, 1
0.1984301, 0.4249856, 0.5937005, 1
0.4296498, 0.3650657, 0.1825478, 1
0.5697658, 0.4104718, 0.1930117, 1
0.8521118, 0.515043, 0.6252756, 1
0.4488421, 0.465738, 0.5463828, 1
0.2491075, 0.4779598, 0.596269, 1
0.4413921, 0.441765, 0.389516, 1
0.6625741, 0.4559462, 0.5488785, 1
0.2144762, 0.421398, 0.5057387, 1
0.4455006, 0.4276191, 0.5059737, 1
0.634533, 0.440383, 0.3202884, 1
0.3409644, 0.3747948, 0.2595974, 1
0.3874603, 0.4311351, 0.3008702, 1
0.5271364, 0.4673896, 0.4991975, 1
0.3991195, 0.4051185, 0.3401242, 1
0.3200303, 0.4126329, 0.3241945, 1
0.8702718, 0.490037, 0.3456666, 1
0.389892, 0.5283129, 0.7643504, 1
0.2326163, 0.4421285, 0.6708922, 1
0.5113727, 0.3827939, 0.2627183, 1
0.2357652, 0.4060483, 0.4135763, 1
0.2588311, 0.368354, 0.2726801, 1
0.1320722, 0.4415495, 0.5293114, 1
0.3343287, 0.4009131, 0.1792253, 1
0.2395832, 0.3982598, 0.4365083, 1
0.2357796, 0.4567539, 0.5394911, 1
0.5397586, 0.4484397, 0.437271, 1
0.3785793, 0.4002488, 0.2701486, 1
0.6534311, 0.4844523, 0.5582628, 1
0.7981233, 0.5175932, 0.5914428, 1
0.5974966, 0.4057242, 0.2977386, 1
0.2871335, 0.4958868, 0.8035551, 1
0.8208207, 0.463706, 0.5545339, 1
0.3674152, 0.3756109, 0.1380888, 1
0.4691763, 0.3574971, 0.1944157, 1
0.2946049, 0.4235907, 0.3552012, 1
0.5191756, 0.3985527, 0.3642402, 1
0.2885707, 0.4506241, 0.6080105, 1
0.3999077, 0.5127219, 0.8519489, 1
0.5539901, 0.5386789, 0.7357684, 1
0.6509321, 0.5139419, 0.5532013, 1
0.6100226, 0.4997715, 0.6863918, 1
0.8941045, 0.4873757, 0.4718117, 1
0.5762705, 0.5308646, 0.8553163, 1
0.420714, 0.457361, 0.407795, 1
0.3878779, 0.3996355, 0.3765596, 1
0.3555628, 0.4669211, 0.453564, 1
0.5283636, 0.5015019, 0.681664, 1
0.6255891, 0.5216183, 0.8601, 1
0.3271352, 0.5016234, 0.7213357, 1
0.260265, 0.4908456, 0.758195, 1
0.444557, 0.4828477, 0.6586643, 1
0.2283514, 0.5020772, 0.7128983, 1
0.1584578, 0.4313008, 0.563996, 1
0.4993042, 0.4720666, 0.6767421, 1
0.1970277, 0.4882834, 0.6564399, 1
0.6482521, 0.5338112, 0.6458592, 1
0.3998134, 0.445567, 0.3343441, 1
0.2196111, 0.3756159, 0.3948161, 1
0.3523284, 0.466539, 0.5547292, 1
0.544268, 0.4000267, 0.1313991, 1
0.5116397, 0.4949367, 0.7179026, 1
0.6572684, 0.5075961, 0.5104173, 1
0.382705, 0.4802333, 0.5344799, 1
0.1775995, 0.3929858, 0.4986997, 1
0.6456701, 0.4940403, 0.4606814, 1
0.208428, 0.3968499, 0.5174577, 1
0.5092154, 0.5487849, 0.8728423, 1
0.5933778, 0.5071667, 0.8394158, 1
0.5391797, 0.4525078, 0.5045937, 1
0.5439159, 0.4827922, 0.7898391, 1
0.4663922, 0.4611291, 0.7062782, 1
0.8316951, 0.4356353, 0.3094747, 1
0.2328044, 0.4352809, 0.666429, 1
0.1891916, 0.4222165, 0.4170569, 1
0.482725, 0.4979432, 0.8252968, 1
0.4224979, 0.408794, 0.4176226, 1
0.5264259, 0.4900418, 0.4789056, 1
0.2034598, 0.4002878, 0.4725749, 1
0.3680301, 0.4455245, 0.6454177, 1
0.2475314, 0.3785708, 0.3816637, 1
0.7297329, 0.4171635, 0.2108447, 1
0.4750009, 0.5074158, 0.7135906, 1
0.3025912, 0.4497665, 0.5219852, 1
0.8293157, 0.4975529, 0.4346483, 1
0.225924, 0.3582585, 0.2935786, 1
0.8870616, 0.5401749, 0.5510657, 1
0.3153214, 0.4162543, 0.5235682, 1
0.4637707, 0.5000775, 0.8055052, 1
0.2323497, 0.4386012, 0.5769323, 1
0.7395269, 0.5556055, 0.7828391, 1
0.5948807, 0.5150183, 0.790861, 1
0.3517312, 0.4367923, 0.4066772, 1
0.6209588, 0.4618199, 0.338445, 1
0.1365448, 0.4522094, 0.6189615, 1
0.3885233, 0.4062288, 0.4311103, 1
0.4944041, 0.4347422, 0.5215731, 1
0.6008911, 0.4121229, 0.3939146, 1
0.3606478, 0.4736075, 0.856033, 1
0.5642363, 0.5226361, 0.6953748, 1
0.8445351, 0.4933132, 0.5902687, 1
0.460793, 0.4611741, 0.7116303, 1
0.3076783, 0.444115, 0.5863648, 1
0.4964464, 0.4273641, 0.4115057, 1
0.2479685, 0.3795342, 0.3565686, 1
0.6451641, 0.3988165, 0.3229151, 1
0.6845587, 0.5135466, 0.807455, 1
0.8437742, 0.4331603, 0.3276275, 1
0.3036886, 0.4996488, 0.794834, 1
0.5487148, 0.4178284, 0.3218291, 1
0.5739515, 0.4699291, 0.7232679, 1
0.7427764, 0.5022312, 0.6371984, 1
0.7949435, 0.4643969, 0.4013086, 1
0.3643176, 0.4671624, 0.6056736, 1
0.1591874, 0.4823466, 0.6850095, 1
0.5739226, 0.375141, 0.1940745, 1
0.6109666, 0.4958794, 0.6548383, 1
0.7841181, 0.4468794, 0.3809526, 1
0.4205196, 0.5179363, 0.7116812, 1
0.4605619, 0.3874587, 0.2200207, 1
0.2860501, 0.4238205, 0.6375262, 1
0.5872462, 0.4284962, 0.2034217, 1
0.6201832, 0.5012776, 0.7950525, 1
0.671826, 0.4591303, 0.5868495, 1
0.5853641, 0.4237904, 0.3179631, 1
0.8068681, 0.5093058, 0.7025813, 1
0.8019502, 0.5002258, 0.6677449, 1
0.4853705, 0.4450318, 0.4570642, 1
0.8156253, 0.5042108, 0.4908074, 1
0.3333667, 0.3713005, 0.2370413, 1
0.8011248, 0.4609617, 0.3153826, 1
0.5525509, 0.3981698, 0.2923817, 1
0.8349999, 0.4355213, 0.3016035, 1
0.7049303, 0.4100423, 0.2177939, 1
0.7603964, 0.4854683, 0.5003034, 1
0.3065038, 0.4450206, 0.6100963, 1
0.3291969, 0.4293201, 0.450641, 1
0.540576, 0.4521251, 0.5093483, 1
0.5175671, 0.4582821, 0.4644408, 1
0.1797836, 0.4032733, 0.3805554, 1
0.4105335, 0.5161133, 0.7074233, 1
0.4187214, 0.5381956, 0.7912118, 1
0.6575386, 0.5688955, 0.8188566, 1
0.6711074, 0.3788525, 0.2016789, 1
0.4056796, 0.4401048, 0.5506991, 1
0.2032231, 0.4835829, 0.6260657, 1
0.8724971, 0.4644856, 0.3859407, 1
0.7148219, 0.5183218, 0.5953133, 1
0.717115, 0.4318713, 0.2357212, 1
0.7803589, 0.490052, 0.6117707, 1
0.4682144, 0.4063341, 0.1690414, 1
0.8100576, 0.4432701, 0.3664261, 1
0.8068645, 0.4982788, 0.5272078, 1
0.7724881, 0.5020619, 0.6633559, 1
0.2464684, 0.4105636, 0.3132823, 1
0.7307558, 0.4982376, 0.4875129, 1
0.3371957, 0.3706707, 0.3291875, 1
0.4615133, 0.4676305, 0.582911, 1
0.5655237, 0.5141038, 0.7860985, 1
0.396248, 0.3941898, 0.3494979, 1
0.5941877, 0.4581625, 0.5750523, 1
0.5557098, 0.5176374, 0.8314095, 1
0.8324612, 0.5005424, 0.4829066, 1
0.2759557, 0.4304216, 0.3145222, 1
0.2527798, 0.519371, 0.7823127, 1
0.6178947, 0.3964342, 0.2170127, 1
0.2890998, 0.46031, 0.5341736, 1
0.3327561, 0.5339932, 0.8418993, 1
0.7235219, 0.5537432, 0.773524, 1
0.3641165, 0.402215, 0.4829007, 1
0.7067014, 0.4780611, 0.455119, 1
0.5728333, 0.5334567, 0.8104647, 1
0.7219049, 0.4200848, 0.2113871, 1
0.2671073, 0.4978004, 0.8058419, 1
0.3023363, 0.3727399, 0.3382723, 1
0.3453846, 0.459348, 0.5357844, 1
0.6976557, 0.4099987, 0.1925987, 1
0.5563542, 0.3968463, 0.1418744, 1
0.551668, 0.4526777, 0.5590372, 1
0.3888906, 0.5240259, 0.771632, 1
0.4164111, 0.381788, 0.3406668, 1
0.2215658, 0.4205035, 0.3319554, 1
0.7990049, 0.47097, 0.434389, 1
0.4417808, 0.4778893, 0.7854245, 1
0.6470326, 0.4971753, 0.5315182, 1
0.8336616, 0.4957947, 0.5214211, 1
0.762263, 0.4952884, 0.5296048, 1
0.20276, 0.3857834, 0.3998715, 1
0.1921728, 0.436894, 0.5191298, 1
0.4848222, 0.466957, 0.5817494, 1
0.4541664, 0.4378634, 0.252643, 1
0.1292693, 0.4764882, 0.6253964, 1
0.6684539, 0.4993861, 0.7592744, 1
0.7459112, 0.5091196, 0.6274548, 1
0.6165044, 0.489344, 0.7661834, 1
0.3041709, 0.436038, 0.6382976, 1
0.5759872, 0.4670796, 0.4694753, 1
0.6615087, 0.4402656, 0.3164272, 1
0.2534332, 0.4287871, 0.5613621, 1
0.3684265, 0.4987871, 0.7566598, 1
0.8424388, 0.5027334, 0.664311, 1
0.7622171, 0.5029215, 0.7039606, 1
0.6529297, 0.4349559, 0.4540609, 1
0.4430375, 0.4239745, 0.2401282, 1
0.2246244, 0.4433955, 0.680465, 1
0.6319965, 0.4647992, 0.5556594, 1
0.5888873, 0.5366415, 0.7856501, 1
0.6694527, 0.4632967, 0.5512962, 1
0.3260943, 0.4813527, 0.6064191, 1
0.7891043, 0.5069962, 0.4788097, 1
0.8007843, 0.5145135, 0.5290647, 1
0.2716282, 0.4183276, 0.6047573, 1
0.3893498, 0.4497785, 0.5401164, 1
0.5271435, 0.4565204, 0.4857057, 1
0.4250034, 0.5323977, 0.7837213, 1
0.5180047, 0.4035817, 0.3205152, 1
0.5628954, 0.5020772, 0.7848435, 1
0.8460729, 0.4778851, 0.502286, 1
0.6731533, 0.4415524, 0.2819061, 1
0.4399967, 0.4453701, 0.3601221, 1
0.675992, 0.5425731, 0.6926711, 1
0.7568481, 0.4838417, 0.6039629, 1
0.7401752, 0.5090422, 0.6795355, 1
0.3478655, 0.4653493, 0.6035118, 1
0.5064235, 0.3774746, 0.1312135, 1
0.6929179, 0.5365661, 0.7469693, 1
0.6418296, 0.5608804, 0.7942519, 1
0.7203707, 0.46845, 0.6278402, 1
0.8163207, 0.4890945, 0.4975752, 1
0.6869058, 0.4928457, 0.4939449, 1
0.1687766, 0.4156258, 0.6118105, 1
0.4560022, 0.4720965, 0.7456591, 1
0.5270853, 0.5152206, 0.7234257, 1
0.4888021, 0.5030882, 0.730702, 1
0.522472, 0.5176224, 0.7312639, 1
0.8907896, 0.4846027, 0.4987275, 1
0.6937665, 0.4604929, 0.3551574, 1
0.6831977, 0.4790877, 0.6961303, 1
0.4738936, 0.4147431, 0.2550032, 1
0.4804814, 0.3876237, 0.2083988, 1
0.5395602, 0.5109095, 0.6953604, 1
0.7525147, 0.4585841, 0.4076729, 1
0.83302, 0.5185229, 0.5353655, 1
0.1994157, 0.4725679, 0.5949864, 1
0.5799188, 0.4671707, 0.6350826, 1
0.4489763, 0.4438341, 0.3216445, 1
0.3474423, 0.4316242, 0.3292211, 1
0.1929411, 0.4134545, 0.3392603, 1
0.7310549, 0.4860032, 0.4091567, 1
0.6143716, 0.4705174, 0.6861362, 1
0.6770728, 0.406894, 0.2659339, 1
0.386998, 0.436848, 0.5282516, 1
0.4847926, 0.4688212, 0.5786564, 1
0.4574632, 0.4560429, 0.6441752, 1
0.2048108, 0.3895846, 0.2387705, 1
0.1324689, 0.4284416, 0.4433146, 1
0.329162, 0.4737459, 0.5548093, 1
0.4056987, 0.4184631, 0.1863797, 1
0.156941, 0.4627169, 0.6501617, 1
0.7668459, 0.4821413, 0.5391045, 1
0.6340933, 0.5442253, 0.7919656, 1
0.6173595, 0.4744442, 0.402719, 1
0.5579345, 0.3855434, 0.199079, 1
0.7833934, 0.4263899, 0.3564432, 1
0.2235364, 0.4364319, 0.6396765, 1
0.3779901, 0.4990557, 0.7415451, 1
0.5989597, 0.4480569, 0.2980262, 1
0.2126681, 0.4823451, 0.682156, 1
0.7165608, 0.5367115, 0.6940137, 1
0.2868458, 0.452457, 0.4879856, 1
0.3298698, 0.479866, 0.6291186, 1
0.6322835, 0.4802353, 0.5869923, 1
0.5161933, 0.486521, 0.5722107, 1
0.3207872, 0.4205109, 0.2941466, 1
0.4203, 0.5410182, 0.840156, 1
0.6946846, 0.4893634, 0.5521877, 1
0.4389538, 0.4660071, 0.5055279, 1
0.7490439, 0.4921224, 0.5627673, 1
0.653682, 0.4554984, 0.521708, 1
0.6690958, 0.5166736, 0.7790993, 1
0.23203, 0.369962, 0.2349786, 1
0.8640965, 0.4493077, 0.3493652, 1
0.7992647, 0.4430433, 0.4311751, 1
0.8154675, 0.4486213, 0.2585335, 1
0.6813905, 0.5126768, 0.7599515, 1
0.4671654, 0.4116817, 0.3168963, 1
0.7857401, 0.4189698, 0.3332757, 1
0.8393315, 0.5319231, 0.5614353, 1
0.1632277, 0.4622255, 0.6402904, 1
0.7348976, 0.5671102, 0.7919603, 1
0.8267087, 0.4418666, 0.4045375, 1
0.510966, 0.3780949, 0.2172853, 1
0.5299348, 0.383022, 0.2575164, 1
0.8129889, 0.5377569, 0.5733083, 1
0.3421661, 0.3902838, 0.1414307, 1
0.3968464, 0.426544, 0.4788554, 1
0.6564617, 0.5471795, 0.8431628, 1
0.4108913, 0.4592935, 0.5961237, 1
0.5316274, 0.4269078, 0.4947652, 1
0.4072978, 0.4057894, 0.3131933, 1
0.8041439, 0.4455969, 0.3292549, 1
0.7930102, 0.4533153, 0.2754441, 1
0.4492786, 0.3928274, 0.229743, 1
0.4500314, 0.3492489, 0.1635847, 1
0.6213076, 0.4291043, 0.4843546, 1
0.4924425, 0.5067791, 0.6671045, 1
0.7874752, 0.5275201, 0.5975367, 1
0.4706546, 0.4783893, 0.5557851, 1
0.8860169, 0.4911122, 0.5811095, 1
0.7970427, 0.49475, 0.5547057, 1
0.2671688, 0.4663821, 0.5008454, 1
0.3190831, 0.38198, 0.29269, 1
0.7984244, 0.4739482, 0.3051683, 1
0.291956, 0.4582646, 0.7972487, 1
0.4892196, 0.4622508, 0.4733735, 1
0.645859, 0.4581137, 0.2945175, 1
0.1016865, 0.4426585, 0.4897063, 1
0.847981, 0.4911193, 0.5970553, 1
0.4938008, 0.4011066, 0.4012322, 1
0.267122, 0.401311, 0.4313706, 1
0.7381997, 0.5000534, 0.6931514, 1
0.2352745, 0.429878, 0.4563643, 1
0.1755224, 0.4380004, 0.445337, 1
0.4474773, 0.3722912, 0.2658174, 1
0.4741608, 0.4911515, 0.5255379, 1
0.4766524, 0.4491786, 0.352109, 1
0.643239, 0.4736982, 0.5565153, 1
0.2313432, 0.4285601, 0.6213582, 1
0.2660274, 0.3887579, 0.2122227, 1
0.4939582, 0.5129884, 0.7745206, 1
0.4510326, 0.5328781, 0.7702476, 1
0.717908, 0.4778585, 0.5659925, 1
0.3401048, 0.4537754, 0.4323948, 1
0.5365932, 0.4702374, 0.4775283, 1
0.2117266, 0.3827303, 0.3395096, 1
0.4540659, 0.3934987, 0.1931949, 1
0.5345827, 0.4712662, 0.7014613, 1
0.6315335, 0.5439467, 0.8187586, 1
0.3207134, 0.3891467, 0.4144106, 1
0.2287259, 0.4319099, 0.4100267, 1
0.8266519, 0.4844199, 0.6467317, 1
0.4183965, 0.5387771, 0.8492288, 1
0.8137207, 0.5056281, 0.5902418, 1
0.3595776, 0.4969635, 0.7573041, 1
0.6258151, 0.4206691, 0.1812032, 1
0.430965, 0.4303025, 0.5292184, 1
0.47719, 0.3860956, 0.2282868, 1
0.6121356, 0.5474045, 0.737319, 1
0.2069497, 0.485854, 0.6700174, 1
0.8450665, 0.5133258, 0.5511297, 1
0.7281708, 0.5065976, 0.6931071, 1
0.4113047, 0.4859778, 0.7838207, 1
0.1318861, 0.3748186, 0.4109839, 1
0.2193192, 0.4117666, 0.4686005, 1
0.3065698, 0.45371, 0.5320277, 1
0.7099432, 0.4651284, 0.5719258, 1
0.4681378, 0.4436515, 0.2936284, 1
0.715467, 0.5471085, 0.7250137, 1
0.5433458, 0.5420699, 0.8552165, 1
0.8275239, 0.5085923, 0.6714053, 1
0.3772456, 0.4229088, 0.2934617, 1
0.2834637, 0.4772413, 0.7219808, 1
0.5201427, 0.5157008, 0.8625256, 1
0.15117, 0.4436537, 0.5970881, 1
0.757924, 0.5012928, 0.4695932, 1
0.2714831, 0.398979, 0.2111631, 1
0.6773456, 0.4854609, 0.6468503, 1
0.1691589, 0.4847911, 0.7037135, 1
0.4561332, 0.4680912, 0.4332381, 1
0.5292471, 0.512237, 0.7060832, 1
0.2648632, 0.4064856, 0.3847527, 1
0.4821804, 0.4498425, 0.4122195, 1
0.3089406, 0.3762147, 0.2789082, 1
0.3060443, 0.4028542, 0.4478787, 1
0.3874338, 0.3979052, 0.1959974, 1
0.6852143, 0.3795295, 0.2035811, 1
0.373582, 0.4652399, 0.7995313, 1
0.1892342, 0.4320194, 0.6346934, 1
0.6012025, 0.4885596, 0.5286268, 1
0.5095429, 0.4512959, 0.4420823, 1
0.4323851, 0.4829436, 0.5499296, 1
0.5621128, 0.4973466, 0.5688131, 1
0.8120669, 0.506624, 0.5794577, 1
0.5308443, 0.3672866, 0.1828644, 1
0.6719224, 0.4400693, 0.5159018, 1
0.2514763, 0.4447514, 0.6947017, 1
0.6975166, 0.4759859, 0.4756994, 1
0.5248895, 0.5543307, 0.8126805, 1
0.825157, 0.503291, 0.4386036, 1
0.6572509, 0.3864039, 0.1959762, 1
0.1987818, 0.436395, 0.4313139, 1
0.5220641, 0.4570406, 0.465856, 1
0.7369016, 0.4380077, 0.3226068, 1
0.6288792, 0.5520555, 0.8649464, 1
0.1107369, 0.4067132, 0.5489846, 1
0.5077715, 0.5083013, 0.680637, 1
0.405403, 0.3543736, 0.1718771, 1
0.3877605, 0.4016104, 0.3239228, 1
0.5967386, 0.4962134, 0.6990667, 1
0.3330661, 0.3864551, 0.1972019, 1
0.5305094, 0.5078217, 0.7334597, 1
0.5716286, 0.463258, 0.3162938, 1
0.3679771, 0.4094159, 0.4688766, 1
0.6490048, 0.4428849, 0.3346966, 1
0.8348144, 0.5207912, 0.6045666, 1
0.8768982, 0.4815527, 0.383922, 1
0.8354647, 0.4629022, 0.312023, 1
0.6481834, 0.3930883, 0.2609027, 1
0.7967529, 0.4507242, 0.418251, 1
0.7124056, 0.4201689, 0.2223772, 1
0.4682598, 0.4698555, 0.5627784, 1
0.436002, 0.4622307, 0.5426497, 1
0.7792196, 0.5074773, 0.6778818, 1
0.7523756, 0.5419548, 0.6846749, 1
0.236125, 0.4606349, 0.6128711, 1
0.6629487, 0.5072052, 0.6080961, 1
0.4779151, 0.5441085, 0.8504915, 1
0.6742878, 0.5301329, 0.733005, 1
0.7712861, 0.445807, 0.2414913, 1
0.8244473, 0.5232353, 0.6062693, 1
0.1286146, 0.3865223, 0.4834872, 1
0.7483771, 0.475595, 0.506519, 1
0.7130376, 0.5227996, 0.6659511, 1
0.6999559, 0.4475715, 0.4972085, 1
0.340931, 0.4096916, 0.4050354, 1
0.6872535, 0.4500338, 0.4270168, 1
0.2953816, 0.4515619, 0.4303748, 1
0.663857, 0.5541632, 0.7820529, 1
0.3385568, 0.4100363, 0.3137484, 1
0.5192303, 0.3840558, 0.1984319, 1
0.839336, 0.4743721, 0.5465082, 1
0.6015962, 0.5210566, 0.6673967, 1
0.3670791, 0.4151009, 0.359396, 1
0.2356977, 0.3946202, 0.3421323, 1
0.2252755, 0.4062442, 0.2787327, 1
0.2618413, 0.4430588, 0.5023772, 1
0.4475679, 0.5149326, 0.8188977, 1
0.7295836, 0.4279584, 0.3809732, 1
0.3624513, 0.5097982, 0.7895936, 1
0.6908399, 0.4202919, 0.1647178, 1
0.4370421, 0.4923181, 0.6122823, 1
0.641574, 0.4180166, 0.3567619, 1
0.6007843, 0.5026491, 0.6086137, 1
0.5274143, 0.501798, 0.6112392, 1
0.366148, 0.4690014, 0.6434007, 1
0.5336711, 0.5278576, 0.7723009, 1
0.3351508, 0.4630955, 0.772509, 1
0.506134, 0.4964268, 0.7542808, 1
0.4674084, 0.4275977, 0.3487258, 1
0.498601, 0.5536768, 0.8778464, 1
0.3594386, 0.4289759, 0.3256491, 1
0.3974614, 0.4181922, 0.1856344, 1
0.4925365, 0.4536251, 0.5017268, 1
0.8574527, 0.5122359, 0.6763099, 1
0.6657876, 0.4170249, 0.2358864, 1
0.2218357, 0.3620862, 0.2618178, 1
0.5824354, 0.5013143, 0.7294415, 1
0.3427304, 0.3906423, 0.4143769, 1
0.6359063, 0.5085014, 0.6066412, 1
0.7772468, 0.5314106, 0.7508622, 1
0.4673462, 0.4186256, 0.1842062, 1
0.8010858, 0.4873598, 0.3797109, 1
0.5980853, 0.4300457, 0.1559238, 1
0.6230076, 0.507691, 0.5148675, 1
0.5070366, 0.5441608, 0.8591984, 1
0.4807342, 0.5267106, 0.7940763, 1
0.6068942, 0.5271388, 0.6469658, 1
0.3401229, 0.3656297, 0.2263513, 1
0.5832931, 0.4113473, 0.2896548, 1
0.756027, 0.5019426, 0.717224, 1
0.1542094, 0.4094354, 0.5964496, 1
0.5759756, 0.4693403, 0.398825, 1
0.6887918, 0.517333, 0.6054089, 1
0.3351903, 0.4288059, 0.3127006, 1
0.3727486, 0.3481806, 0.1885507, 1
0.7618115, 0.447439, 0.2309625, 1
0.6320989, 0.4812915, 0.6463366, 1
0.5379144, 0.4888884, 0.6537244, 1
0.8348252, 0.5146301, 0.4794787, 1
0.7682722, 0.4319851, 0.2297379, 1
0.322982, 0.4272254, 0.4459178, 1
0.2010848, 0.5060357, 0.7531692, 1
0.515828, 0.4965238, 0.6753337, 1
0.7479157, 0.5260013, 0.7975522, 1
0.7445458, 0.4841942, 0.573398, 1
0.8569752, 0.4729491, 0.4023187, 1
0.4164598, 0.4875169, 0.7565534, 1
0.6733122, 0.4914477, 0.4409262, 1
0.3855704, 0.4206748, 0.2896762, 1
0.2566893, 0.4002419, 0.2633689, 1
0.4088241, 0.4971251, 0.8585212, 1
0.5322676, 0.4424731, 0.4405375, 1
0.5502239, 0.5046055, 0.6518205, 1
0.4832046, 0.420756, 0.3636129, 1
0.7458882, 0.502966, 0.5739452, 1
0.7355241, 0.411254, 0.2997352, 1
0.5043907, 0.3993858, 0.2890131, 1
0.8818824, 0.5040812, 0.6020443, 1
0.6906781, 0.5003094, 0.6190139, 1
0.1630438, 0.459069, 0.6021185, 1
0.3661636, 0.4443261, 0.3431002, 1
0.2285337, 0.4631525, 0.6888618, 1
0.463759, 0.4540842, 0.3719367, 1
0.5362843, 0.4126871, 0.3209154, 1
0.3919336, 0.508293, 0.8534276, 1
0.4937533, 0.4383985, 0.3230308, 1
0.6460839, 0.4120245, 0.3247701, 1
0.7649091, 0.4971621, 0.5965101, 1
0.4788166, 0.4626883, 0.4210294, 1
0.2333693, 0.4033353, 0.4480357, 1
0.4206128, 0.4389803, 0.2798405, 1
0.4620402, 0.4210118, 0.3140977, 1
0.3828512, 0.5000557, 0.820187, 1
0.1757028, 0.4527545, 0.6404269, 1
0.3753202, 0.4392644, 0.3334155, 1
0.5007702, 0.4769878, 0.6378229, 1
0.5549025, 0.4724767, 0.4920337, 1
0.3986426, 0.4349048, 0.4741662, 1
0.6401702, 0.5134729, 0.5877535, 1
0.6152616, 0.4004909, 0.3162619, 1
0.2217928, 0.4754513, 0.7162372, 1
0.6601192, 0.4029868, 0.2650449, 1
0.6390819, 0.4606733, 0.292246, 1
0.3107514, 0.370781, 0.1930437, 1
0.4524086, 0.5156697, 0.6673508, 1
0.6020473, 0.4868451, 0.6247746, 1
0.4086623, 0.4075762, 0.1959729, 1
0.5277181, 0.5351209, 0.7312154, 1
0.8065326, 0.4764023, 0.4694166, 1
0.1505957, 0.4353437, 0.4398044, 1
0.7832111, 0.4671153, 0.3707799, 1
0.4656103, 0.4260867, 0.3501993, 1
0.3629401, 0.3890069, 0.2857468, 1
0.4171948, 0.5262009, 0.7271393, 1
0.6762077, 0.4536504, 0.4230044, 1
0.3949199, 0.4863601, 0.6276948, 1
0.7178605, 0.5060061, 0.4615576, 1
0.36051, 0.3831134, 0.1392257, 1
0.7393751, 0.5328996, 0.6698571, 1
0.2842736, 0.4735275, 0.7932425, 1
0.5000525, 0.4097213, 0.1430747, 1
0.5784295, 0.3727514, 0.1353635, 1
0.3843362, 0.4779313, 0.6009504, 1
0.4820133, 0.370955, 0.2466874, 1
0.3446454, 0.4110747, 0.2294254, 1
0.229446, 0.3586711, 0.2641288, 1
0.8208584, 0.4727327, 0.540233, 1
0.6675624, 0.5426847, 0.8053158, 1
0.7868114, 0.4657065, 0.388321, 1
0.3856905, 0.4669056, 0.4460078, 1
0.4525594, 0.4197333, 0.1656581, 1
0.2228146, 0.4106996, 0.5931354, 1
0.8391533, 0.4920412, 0.6040801, 1
0.724972, 0.4247789, 0.2059401, 1
0.435177, 0.4195674, 0.2460518, 1
0.7868508, 0.5307769, 0.6669741, 1
0.5405156, 0.5598341, 0.8829933, 1
0.2600459, 0.4151633, 0.2786466, 1
0.2808963, 0.3781404, 0.27857, 1
0.7699289, 0.5014478, 0.705294, 1
0.2378071, 0.412177, 0.4491613, 1
0.3184971, 0.3939292, 0.4550064, 1
0.8484349, 0.4590543, 0.3681568, 1
0.5568404, 0.4116327, 0.176264, 1
0.4210855, 0.4266489, 0.2135512, 1
0.2984463, 0.492077, 0.6676921, 1
0.5284212, 0.4259781, 0.2233987, 1
0.3754462, 0.3900487, 0.3449635, 1
0.8049927, 0.5259944, 0.6513301, 1
0.2083662, 0.3974965, 0.3567064, 1
0.3474323, 0.4644486, 0.5122452, 1
0.2853672, 0.495777, 0.8282113, 1
0.2822397, 0.492269, 0.8071707, 1
0.631437, 0.5297276, 0.871083, 1
0.4045369, 0.4016916, 0.2433294, 1
0.2026526, 0.4209541, 0.6107273, 1
0.2300314, 0.3860976, 0.2787003, 1
0.4793258, 0.3689079, 0.2554883, 1
0.1206712, 0.3863123, 0.4000601, 1
0.6698922, 0.4378496, 0.3662089, 1
0.3660983, 0.46104, 0.58711, 1
0.4748208, 0.4939818, 0.8771397, 1
0.4024329, 0.3695892, 0.2223131, 1
0.438655, 0.4479032, 0.5972483, 1
0.4765008, 0.4879313, 0.747469, 1
0.1985734, 0.4104588, 0.5977617, 1
0.5873134, 0.4819408, 0.4143375, 1
0.2059377, 0.4483064, 0.5884423, 1
0.5004414, 0.4570543, 0.4878466, 1
0.3365528, 0.4691301, 0.6198785, 1
0.6769725, 0.5297366, 0.6296218, 1
0.5261081, 0.4058873, 0.3085724, 1
0.2949625, 0.3745421, 0.2043842, 1
0.6829321, 0.4265088, 0.3331645, 1
0.6810274, 0.5477145, 0.7525128, 1
0.7884516, 0.4573953, 0.3153557, 1
0.2863076, 0.4232811, 0.4321455, 1
0.51897, 0.3961692, 0.2837264, 1
0.7502404, 0.4374411, 0.3485656, 1
0.4603675, 0.3641966, 0.1399844, 1
0.2269191, 0.4605002, 0.5423567, 1
0.6455532, 0.5196185, 0.6481075, 1
0.6348494, 0.444233, 0.2729546, 1
0.5878366, 0.5090564, 0.6519608, 1
0.6960728, 0.4538073, 0.5785264, 1
0.5480108, 0.4939525, 0.8330551, 1
0.5378447, 0.4871775, 0.7365493, 1
0.2918323, 0.3924807, 0.3482499, 1
0.4447983, 0.3949803, 0.254066, 1
0.6117013, 0.4290839, 0.4385526, 1
0.5500809, 0.5220889, 0.8839655, 1
0.1305037, 0.3783348, 0.4560376, 1
0.2323869, 0.3624247, 0.299807, 1
0.6805278, 0.4578079, 0.4246809, 1
0.5620755, 0.4221389, 0.439383, 1
0.4463047, 0.5408243, 0.8019813, 1
0.6398777, 0.5184458, 0.640355, 1
0.2350935, 0.5172027, 0.7686902, 1
0.33249, 0.4408594, 0.4343522, 1
0.3565408, 0.4042875, 0.1297007, 1
0.5978023, 0.4215624, 0.279514, 1
0.6408406, 0.4217408, 0.1429549, 1
0.3857605, 0.3750227, 0.1377604, 1
0.3368672, 0.4914956, 0.759191, 1
0.6326982, 0.5024687, 0.6823656, 1
0.3386381, 0.4469436, 0.6663516, 1
0.3291827, 0.5198349, 0.7451265, 1
0.6288225, 0.5070715, 0.5514227, 1
0.6773909, 0.5458859, 0.7558855, 1
0.7455779, 0.4363121, 0.2924818, 1
0.2926397, 0.4546723, 0.5457368, 1
0.4855534, 0.4116549, 0.2371025, 1
0.1349173, 0.4825119, 0.6440578, 1
0.3101362, 0.3912747, 0.2023043, 1
0.5678732, 0.3600012, 0.1205374, 1
0.2962401, 0.4859202, 0.6613378, 1
0.385547, 0.3624161, 0.2046546, 1
0.2984438, 0.4303553, 0.3454466, 1
0.6987972, 0.4594066, 0.4305895, 1
0.5689392, 0.4792486, 0.6498033, 1
0.2439552, 0.405796, 0.2715459, 1
0.4305357, 0.3882886, 0.301819, 1
0.5497941, 0.4629341, 0.50729, 1
0.6550132, 0.4743471, 0.389047, 1
0.5745623, 0.4994907, 0.5299528, 1
0.4974951, 0.5596221, 0.8856557, 1
0.2495879, 0.424319, 0.3377205, 1
0.2034176, 0.4141428, 0.5161626, 1
0.4689628, 0.5028209, 0.8651682, 1
0.2915518, 0.4076186, 0.4608329, 1
0.696838, 0.4272601, 0.2565289, 1
0.3700674, 0.4612761, 0.5672354, 1
0.5590625, 0.4106455, 0.4073929, 1
0.2268722, 0.4851573, 0.6123815, 1
0.7241659, 0.5277405, 0.6553208, 1
0.25868, 0.3691422, 0.2513359, 1
0.5542143, 0.5172663, 0.767397, 1
0.132906, 0.3890058, 0.3934961, 1
0.4311847, 0.4294687, 0.308223, 1
0.5983212, 0.4210426, 0.4614482, 1
0.6873127, 0.5331124, 0.724978, 1
0.2299785, 0.3896637, 0.2642284, 1
0.8914208, 0.4632611, 0.4075782, 1
0.2778045, 0.4261299, 0.2977925, 1
0.3574232, 0.3753075, 0.2487653, 1
0.5214539, 0.4513825, 0.6178711, 1
0.2880575, 0.4371255, 0.5352575, 1
0.3474904, 0.4920699, 0.8661762, 1
0.7341217, 0.4213723, 0.2464052, 1
0.7652184, 0.4664309, 0.4046977, 1
0.6702178, 0.4839974, 0.5736029, 1
0.8589778, 0.5020448, 0.4191996, 1
0.4999744, 0.4710076, 0.5641497, 1
0.2748472, 0.4467179, 0.5656081, 1
0.2804724, 0.3843091, 0.4107856, 1
0.3967098, 0.5053308, 0.8215388, 1
0.7202408, 0.4655783, 0.353993, 1
0.1287867, 0.4455255, 0.6143557, 1
0.7902119, 0.5152139, 0.7663643, 1
0.241222, 0.475011, 0.5482929, 1
0.5670592, 0.41517, 0.1808465, 1
0.738725, 0.5074336, 0.8155869, 1
0.7659441, 0.5338305, 0.7285824, 1
0.1966439, 0.433164, 0.5768015, 1
0.4918232, 0.5231164, 0.8621638, 1
0.3943745, 0.37296, 0.1968408, 1
0.683961, 0.4928093, 0.4908685, 1
0.7604729, 0.4829025, 0.4181652, 1
0.5821567, 0.4414121, 0.5685872, 1
0.4422815, 0.4515179, 0.5485552, 1
0.1641152, 0.3503577, 0.3172563, 1
0.3641896, 0.4935571, 0.7761236, 1
0.3681941, 0.3942096, 0.1904251, 1
0.4088265, 0.4808323, 0.8260698, 1
0.7857955, 0.5168415, 0.6490359, 1
0.8311638, 0.4739122, 0.3936591, 1
0.8381111, 0.4423182, 0.3114965, 1
0.8725483, 0.4800378, 0.5247548, 1
0.780549, 0.4878331, 0.5474357, 1
0.8075254, 0.5561087, 0.6903237, 1
0.4159525, 0.4042527, 0.365496, 1
0.6686075, 0.3817765, 0.1985687, 1
0.1870582, 0.4380722, 0.6261863, 1
0.7584877, 0.5254599, 0.5590466, 1
0.7103197, 0.5545689, 0.7899207, 1
0.1799668, 0.4321986, 0.459581, 1
0.8410699, 0.525827, 0.5229803, 1
0.4613684, 0.4332685, 0.3818049, 1
0.3451335, 0.4077415, 0.3127496, 1
0.4933192, 0.4361663, 0.4302252, 1
0.1162036, 0.4078708, 0.4526312, 1
0.874865, 0.4933427, 0.4204208, 1
0.4792363, 0.4586487, 0.6834743, 1
0.6494342, 0.451034, 0.2713519, 1
0.1143442, 0.3919155, 0.5220693, 1
0.2770138, 0.4193254, 0.2589955, 1
0.7960271, 0.510588, 0.4512691, 1
0.3434171, 0.4982185, 0.6676134, 1
0.5454418, 0.497633, 0.8646824, 1
0.3475186, 0.4738986, 0.6519455, 1
0.3291918, 0.4897451, 0.7292214, 1
0.610814, 0.477111, 0.5127072, 1
0.6523468, 0.455245, 0.4553638, 1
0.3427246, 0.4841106, 0.6210045, 1
0.7462851, 0.4290046, 0.2485678, 1
0.3546043, 0.5248992, 0.7965677, 1
0.2363766, 0.5184879, 0.7892321, 1
0.3905486, 0.4497316, 0.6232397, 1
0.6887794, 0.4287552, 0.2168424, 1
0.2478631, 0.3912485, 0.3045578, 1
0.2663856, 0.365335, 0.1977243, 1
0.6427236, 0.3810124, 0.2089407, 1
0.4748201, 0.5300024, 0.80373, 1
0.7489408, 0.4218269, 0.3167488, 1
0.568884, 0.3983093, 0.3540317, 1
0.7435464, 0.4321248, 0.3612812, 1
0.4800973, 0.509357, 0.7946647, 1
0.3461131, 0.4847121, 0.8046767, 1
0.3686902, 0.4235487, 0.4586878, 1
0.340006, 0.524821, 0.82108, 1
0.4009334, 0.4625304, 0.6126699, 1
0.5082549, 0.4382699, 0.4086784, 1
0.2531267, 0.4094938, 0.5406357, 1
0.2289417, 0.3820685, 0.4420514, 1
0.6217319, 0.4086465, 0.3315076, 1
0.8365285, 0.4750742, 0.5225118, 1
0.2856822, 0.4369377, 0.3946593, 1
0.4498173, 0.468747, 0.5184013, 1
0.85772, 0.5375084, 0.5996417, 1
0.5247442, 0.4001714, 0.2454824, 1
0.241513, 0.4332349, 0.4350314, 1
0.724913, 0.4481119, 0.3171555, 1
0.7709773, 0.4716089, 0.4060807, 1
0.1200338, 0.4347294, 0.4879034, 1
0.1310213, 0.3939708, 0.5007722, 1
0.716653, 0.3943576, 0.1732543, 1
0.3117896, 0.512085, 0.7242326, 1
0.4680939, 0.445743, 0.5156928, 1
0.3409264, 0.4693941, 0.5275899, 1
0.5471109, 0.4514028, 0.5813374, 1
0.5380253, 0.4223216, 0.4111743, 1
0.1511376, 0.4721137, 0.6913919, 1
0.4987946, 0.4065328, 0.370191, 1
0.6283135, 0.4666013, 0.5217689, 1
0.5610841, 0.4758455, 0.4059966, 1
0.5559475, 0.3856685, 0.1294841, 1
0.6588278, 0.4584884, 0.2804431, 1
0.634212, 0.4356213, 0.5079871, 1
0.5435607, 0.4262319, 0.4333741, 1
0.2896218, 0.5122773, 0.7282454, 1
0.4816124, 0.4509869, 0.3809931, 1
0.5564796, 0.4188176, 0.1509989, 1
0.3039675, 0.3775327, 0.2422285, 1
0.3133117, 0.472541, 0.6229016, 1
0.8051602, 0.4989658, 0.4407359, 1
0.5935715, 0.5091479, 0.858671, 1
0.3823165, 0.4074693, 0.3469834, 1
0.8684339, 0.4479525, 0.3567854, 1
0.2907127, 0.4064423, 0.3667654, 1
0.7148216, 0.4739932, 0.3540368, 1
0.4278725, 0.3993353, 0.3780514, 1
0.3429734, 0.4169331, 0.4547819, 1
0.5804967, 0.463098, 0.6356349, 1
0.2963612, 0.423095, 0.5175625, 1
0.673175, 0.4739259, 0.4462208, 1
0.757391, 0.5233573, 0.6847731, 1
0.6972408, 0.5257173, 0.5896631, 1
0.7172561, 0.4159766, 0.3177409, 1
0.2397359, 0.3977442, 0.2495642, 1
0.4134761, 0.4449527, 0.4270783, 1
0.4706866, 0.3886486, 0.1864067, 1
0.7231334, 0.4946562, 0.4794608, 1
0.4511836, 0.4804193, 0.7311714, 1
0.4557696, 0.4462214, 0.6012666, 1
0.1504192, 0.4601135, 0.5802987, 1
0.1968638, 0.4974718, 0.7202168, 1
0.2741677, 0.4381019, 0.5173128, 1
0.6977612, 0.4671232, 0.4627781, 1
0.4442247, 0.4310842, 0.4225161, 1
0.3730162, 0.3666852, 0.22118, 1
0.1625528, 0.4236173, 0.5832488, 1
0.2158922, 0.4081343, 0.5707908, 1
0.18186, 0.4742609, 0.5809749, 1
0.2023078, 0.4760979, 0.6580715, 1
0.8151453, 0.4590513, 0.3150477, 1
0.7498042, 0.4192855, 0.1966871, 1
0.6510085, 0.5364751, 0.8456561, 1
0.6919513, 0.4355801, 0.1719763, 1
0.3431059, 0.4118828, 0.4970318, 1
0.666535, 0.3965828, 0.261182, 1
0.4849918, 0.4683506, 0.6933447, 1
0.5980389, 0.4297635, 0.2150596, 1
0.450362, 0.4091255, 0.2950751, 1
0.6384139, 0.5438672, 0.7802934, 1
0.4685965, 0.4892151, 0.5242356, 1
0.7819592, 0.5000243, 0.6695557, 1
0.2698229, 0.4521496, 0.7025208, 1
0.666396, 0.5231037, 0.831504, 1
0.220099, 0.4001787, 0.3990802, 1
0.5546892, 0.427199, 0.3520752, 1
0.3650164, 0.4950169, 0.7654448, 1
0.2707297, 0.4204525, 0.3294024, 1
0.5743217, 0.3935676, 0.306895, 1
0.4185292, 0.4848676, 0.6694699, 1
0.7444186, 0.4312106, 0.2037486, 1
0.6681916, 0.4334305, 0.3414766, 1
0.6446279, 0.4553155, 0.3499549, 1
0.3170479, 0.3892889, 0.2205508, 1
0.6096495, 0.5085878, 0.5409686, 1
0.3181243, 0.4221317, 0.6102421, 1
0.7346403, 0.512238, 0.7554224, 1
0.1666124, 0.4049377, 0.4646065, 1
0.383379, 0.4929132, 0.6654801, 1
0.7835808, 0.5100723, 0.7219658, 1
0.1149695, 0.4391375, 0.5886747, 1
0.3406815, 0.5094069, 0.8217902, 1
0.431742, 0.4015609, 0.2222423, 1
0.3260905, 0.4190745, 0.2648919, 1
0.3909876, 0.3847893, 0.3620488, 1
0.4976899, 0.3839415, 0.1545833, 1
0.8681206, 0.5229863, 0.4933808, 1
0.3496512, 0.4709121, 0.5259472, 1
0.2741798, 0.4630969, 0.782984, 1
0.4121326, 0.4564576, 0.5526286, 1
0.7074491, 0.4709804, 0.4413595, 1
0.4538468, 0.5181132, 0.7958773, 1
0.5104346, 0.5285478, 0.8525828, 1
0.8537593, 0.4479116, 0.3382699, 1
0.4381524, 0.4174298, 0.5160359, 1
0.6239059, 0.4881618, 0.6901855, 1
0.6324645, 0.4275789, 0.1576874, 1
0.5034852, 0.5455655, 0.8714553, 1
0.2056129, 0.4668531, 0.706614, 1
0.543951, 0.4276043, 0.3004552, 1
0.5361004, 0.4924769, 0.7952201, 1
0.8320985, 0.4449142, 0.3217382, 1
0.6819515, 0.4431984, 0.4551006, 1
0.7897766, 0.4928198, 0.4858225, 1
0.8754272, 0.4723918, 0.512753, 1
0.7840711, 0.5106205, 0.556016, 1
0.7296934, 0.4420998, 0.4090665, 1
0.5480175, 0.5513996, 0.8168129, 1
0.5394285, 0.4103181, 0.4305142, 1
0.6451411, 0.5052493, 0.6074411, 1
0.631426, 0.4389861, 0.3099921, 1
0.7815713, 0.5263697, 0.6871825, 1
0.4307846, 0.5121781, 0.7524804, 1
0.2369519, 0.4703209, 0.5396242, 1
0.2248547, 0.3908225, 0.2423287, 1
0.763773, 0.4838242, 0.5129115, 1
0.1838861, 0.4432755, 0.6012188, 1
0.6491485, 0.4233989, 0.2770686, 1
0.2538888, 0.4113971, 0.2813702, 1
0.3479698, 0.4460376, 0.4149395, 1
0.3586099, 0.4864038, 0.5891384, 1
0.2057757, 0.432094, 0.3469681, 1
0.3985472, 0.4962106, 0.595336, 1
0.458177, 0.4072756, 0.1787751, 1
0.3214718, 0.3858029, 0.2301126, 1
0.6049855, 0.4944181, 0.829221, 1
0.429061, 0.3738475, 0.1203028, 1
0.2510395, 0.3862845, 0.3238162, 1
0.5704775, 0.432569, 0.3060215, 1
0.3644361, 0.4184718, 0.4966671, 1
0.5282248, 0.4528662, 0.5151277, 1
0.4562892, 0.5231815, 0.7292814, 1
0.4749499, 0.5040125, 0.7943653, 1
0.2996785, 0.4252351, 0.4838954, 1
0.6592236, 0.4783498, 0.3902755, 1
0.5851419, 0.53491, 0.7777236, 1
0.7572795, 0.560873, 0.7346249, 1
0.2478509, 0.4183682, 0.2984322, 1
0.5771242, 0.5181882, 0.8790185, 1
0.3031835, 0.3925916, 0.4459079, 1
0.5634061, 0.5185336, 0.804078, 1
0.7287392, 0.5545542, 0.7605852, 1
0.4612499, 0.4401953, 0.4374997, 1
0.8183299, 0.4983349, 0.6612459, 1
0.1516982, 0.4573805, 0.6002135, 1
0.7483084, 0.4540852, 0.5056068, 1
0.3497238, 0.416889, 0.5044067, 1
0.4574084, 0.4676957, 0.4610906, 1
0.2104913, 0.4078264, 0.2979817, 1
0.6114504, 0.4480176, 0.2877296, 1
0.6632202, 0.3955231, 0.2323282, 1
0.232677, 0.4345337, 0.5484539, 1
0.3676843, 0.4002207, 0.1466736, 1
0.706665, 0.458983, 0.2778953, 1
0.4790002, 0.4934637, 0.774159, 1
0.3263559, 0.4599175, 0.6351947, 1
0.4976889, 0.4866903, 0.5823922, 1
0.3367415, 0.3667127, 0.2204607, 1
0.8712625, 0.5252365, 0.5230123, 1
0.4599828, 0.4826422, 0.8021107, 1
0.7436981, 0.508562, 0.4645394, 1
0.6499261, 0.4826778, 0.5867928, 1
0.1547116, 0.4837919, 0.6512857, 1
0.3348075, 0.5174065, 0.8466573, 1
0.417044, 0.4213868, 0.2720751, 1
0.2661346, 0.4038148, 0.2712846, 1
0.5843912, 0.5242211, 0.8100592, 1
0.6879671, 0.5611933, 0.7990791, 1
0.6104727, 0.501402, 0.8561336, 1
0.207236, 0.4404432, 0.6568155, 1
0.7038403, 0.5155393, 0.5821287, 1
0.4833853, 0.4060169, 0.3552921, 1
0.3472372, 0.4488359, 0.4044328, 1
0.5023572, 0.3502424, 0.119956, 1
0.1663515, 0.4497836, 0.4601001, 1
0.5145074, 0.4141062, 0.131308, 1
0.5084573, 0.434424, 0.3274263, 1
0.4253101, 0.5103474, 0.6467258, 1
0.1759257, 0.418023, 0.3826255, 1
0.3654372, 0.3880133, 0.3919998, 1
0.5492518, 0.434341, 0.2144311, 1
0.2702444, 0.4775313, 0.7189461, 1
0.244112, 0.4294412, 0.3864197, 1
0.2864901, 0.4267771, 0.5785407, 1
0.7190754, 0.4389961, 0.4041921, 1
0.3553486, 0.4916888, 0.7552159, 1
0.1906296, 0.4842467, 0.6689464, 1
0.4567789, 0.4718493, 0.6146283, 1
0.6868817, 0.4023204, 0.2233819, 1
0.3159986, 0.3808433, 0.3674475, 1
0.6478037, 0.426656, 0.4178931, 1
0.7438033, 0.5076091, 0.589716, 1
0.346335, 0.4129323, 0.5104444, 1
0.5730911, 0.4704548, 0.3879224, 1
0.7247143, 0.4906943, 0.5198488, 1
0.6300742, 0.5318488, 0.7281334, 1
0.6443452, 0.4450727, 0.3448862, 1
0.2024892, 0.4943163, 0.7226918, 1
0.6434249, 0.4473886, 0.5701674, 1
0.2132653, 0.3838922, 0.3355504, 1
0.5120934, 0.4899929, 0.55345, 1
0.5505508, 0.4133626, 0.1745858, 1
0.5493703, 0.5312046, 0.8440834, 1
0.2749677, 0.3745226, 0.1860582, 1
0.6707317, 0.452264, 0.3341341, 1
0.4739412, 0.3937107, 0.2854005, 1
0.5467721, 0.5294784, 0.7611015, 1
0.6879193, 0.428592, 0.4122483, 1
0.5311773, 0.4680769, 0.4972043, 1
0.4278632, 0.4594226, 0.429119, 1
0.7716203, 0.5105734, 0.6209968, 1
0.374019, 0.4538766, 0.719018, 1
0.16813, 0.4830534, 0.6283207, 1
0.5725745, 0.4317354, 0.5000668, 1
0.2580417, 0.4471018, 0.5664628, 1
0.6641148, 0.4706989, 0.4847932, 1
0.2823607, 0.3575357, 0.2740217, 1
0.6702545, 0.531647, 0.8232355, 1
0.7850831, 0.445807, 0.2819941, 1
0.600657, 0.4747932, 0.704956, 1
0.7054185, 0.4396595, 0.4413754, 1
0.3493258, 0.4612679, 0.58619, 1
0.3283978, 0.4847935, 0.6175101, 1
0.6139148, 0.3731396, 0.1329564, 1
0.6575459, 0.5239066, 0.8247319, 1
0.383548, 0.5203728, 0.8091869, 1
0.5088252, 0.4162104, 0.1125425, 1
0.6661248, 0.3750723, 0.1811601, 1
0.8089566, 0.4465833, 0.4045209, 1
0.1264254, 0.425218, 0.5313627, 1
0.7775336, 0.5126401, 0.7354553, 1
0.1849874, 0.4058895, 0.557838, 1
0.7190497, 0.5213236, 0.8057436, 1
0.6534542, 0.4326954, 0.242205, 1
0.6320285, 0.477477, 0.5311724, 1
0.4461376, 0.4528199, 0.4641649, 1
0.2793119, 0.4102749, 0.4480252, 1
0.8096442, 0.4287173, 0.2613537, 1
0.3956867, 0.4774676, 0.7725291, 1
0.6633461, 0.4757935, 0.4870729, 1
0.6059785, 0.4137135, 0.2652785, 1
0.8345121, 0.4987638, 0.4961786, 1
0.2660045, 0.4771591, 0.6031221, 1
0.5491772, 0.4947679, 0.7081385, 1
0.7970701, 0.4385923, 0.2322574, 1
0.2731567, 0.4882844, 0.8036618, 1
0.3868472, 0.5083723, 0.8430064, 1
0.5151128, 0.4141381, 0.3178778, 1
0.6904043, 0.4636929, 0.3928359, 1
0.3286721, 0.3996078, 0.3312999, 1
0.130751, 0.4567419, 0.5660003, 1
0.4821728, 0.4232981, 0.440263, 1
0.6048703, 0.5084029, 0.7937095, 1
0.4810367, 0.3666855, 0.2180097, 1
0.2730206, 0.3836362, 0.2357963, 1
0.680739, 0.445701, 0.283905, 1
0.5967493, 0.4445427, 0.4253853, 1
0.2968805, 0.4785511, 0.7978781, 1
0.5999225, 0.540316, 0.7693697, 1
0.337918, 0.4080468, 0.5224401, 1
0.6063706, 0.5134922, 0.6729411, 1
0.4427762, 0.4823208, 0.5993786, 1
0.2999445, 0.3463755, 0.1680692, 1
0.8034815, 0.5080335, 0.7175169, 1
0.5842629, 0.5103489, 0.8107715, 1
0.7908489, 0.4821767, 0.6527122, 1
0.4198649, 0.4011185, 0.2355913, 1
0.5754874, 0.4344875, 0.2973992, 1
0.6811403, 0.4733573, 0.5795146, 1
0.6633872, 0.4621717, 0.5384051, 1
0.3392188, 0.5116706, 0.7332663, 1
0.3173542, 0.5121497, 0.807664, 1
0.4319744, 0.3470859, 0.1476895, 1
0.2696434, 0.401122, 0.3534901, 1
0.8347281, 0.5291952, 0.5888577, 1
0.5351169, 0.4155289, 0.1977458, 1
0.608008, 0.5036883, 0.8529433, 1
0.1107792, 0.3758852, 0.4694922, 1
0.3932147, 0.489987, 0.5704427, 1
0.8697166, 0.4559746, 0.4939412, 1
0.5322239, 0.3806867, 0.1735029, 1
0.5100604, 0.3686368, 0.2267254, 1
0.6028939, 0.3797072, 0.1546663, 1
0.8624799, 0.5081843, 0.5499951, 1
0.2078488, 0.3982899, 0.3741721, 1
0.7137936, 0.4524292, 0.4340734, 1
0.8236879, 0.4999306, 0.5649468, 1
0.3399111, 0.4821683, 0.7079585, 1
0.7322139, 0.4649302, 0.3586512, 1
0.3026404, 0.3529713, 0.1663865, 1
0.5867773, 0.4849899, 0.5236195, 1
0.7544611, 0.5090307, 0.5814725, 1
0.2484201, 0.3712967, 0.2777568, 1
0.6482528, 0.4764535, 0.3826501, 1
0.6505175, 0.3963895, 0.2960593, 1
0.427755, 0.4211733, 0.471986, 1
0.181863, 0.4095353, 0.3693425, 1
0.7067345, 0.4546207, 0.4598629, 1
0.7720917, 0.4783415, 0.3193866, 1
0.6471156, 0.4244727, 0.2645446, 1
0.8481013, 0.5332756, 0.5443716, 1
0.2546135, 0.413666, 0.5395442, 1
0.3257622, 0.4018714, 0.5032272, 1
0.2277538, 0.4098238, 0.5877294, 1
0.338185, 0.4015856, 0.2819111, 1
0.3431171, 0.341848, 0.1508963, 1
0.4473763, 0.4088246, 0.4232766, 1
0.1478104, 0.4129735, 0.5271918, 1
0.1289869, 0.4354565, 0.6140798, 1
0.8319966, 0.4584294, 0.2930011, 1
0.7678551, 0.4078243, 0.210577, 1
0.5462506, 0.4847884, 0.5174043, 1
0.412612, 0.4466711, 0.6675426, 1
0.2400815, 0.4578051, 0.787186, 1
0.5191474, 0.4517137, 0.5036066, 1
0.6740773, 0.5075564, 0.5888383, 1
0.4525293, 0.3949807, 0.3907755, 1
0.4809141, 0.4721208, 0.4914505, 1
0.7973937, 0.5396841, 0.6655382, 1
0.5240439, 0.378817, 0.1383936, 1
0.2911076, 0.4298911, 0.5733609, 1
0.5435035, 0.4055834, 0.2735552, 1
0.6518999, 0.4833465, 0.7527832, 1
0.8466249, 0.4874631, 0.668507, 1
0.6279873, 0.3868141, 0.1399111, 1
0.3394963, 0.4621193, 0.5530609, 1
0.2465301, 0.500844, 0.7765874, 1
0.7206205, 0.4353788, 0.4462701, 1
0.4705101, 0.384749, 0.3358776, 1
0.4512073, 0.5403904, 0.8448894, 1
0.7062284, 0.4761287, 0.6256846, 1
0.4271868, 0.4144224, 0.3013375, 1
0.4634112, 0.3937459, 0.1445638, 1
0.5373259, 0.4273241, 0.1779446, 1
0.6094669, 0.5418773, 0.785842, 1
0.1898276, 0.450354, 0.5148562, 1
0.3299891, 0.3676702, 0.159312, 1
0.7936841, 0.5600805, 0.7096377, 1
0.4612899, 0.4713221, 0.6887592, 1
0.3712611, 0.4952023, 0.7725292, 1
0.6438093, 0.4738238, 0.7083573, 1
0.5190734, 0.4442638, 0.3143074, 1
0.3813242, 0.3867623, 0.2181632, 1
0.6973199, 0.4610481, 0.442192, 1
0.6727096, 0.5091415, 0.5264493, 1
0.3075972, 0.430845, 0.5425388, 1
0.4799542, 0.4547302, 0.4449034, 1
0.3597944, 0.4384623, 0.5551288, 1
0.4500436, 0.4976341, 0.7831367, 1
0.7768243, 0.539189, 0.5975876, 1
0.8066664, 0.4640545, 0.4348756, 1
0.4897166, 0.4083874, 0.3004978, 1
0.4730265, 0.404974, 0.4383759, 1
0.5553604, 0.3945993, 0.1148806, 1
0.5787924, 0.423512, 0.2896975, 1
0.7626964, 0.4024671, 0.2203074, 1
0.7909299, 0.4689966, 0.3354457, 1
0.1941934, 0.4588586, 0.6592709, 1
0.6740994, 0.553082, 0.8276727, 1
0.2624537, 0.4369675, 0.7045435, 1
0.7816557, 0.5112988, 0.7668861, 1
0.1139605, 0.3884443, 0.4780707, 1
0.4967836, 0.4755573, 0.6080535, 1
0.3651395, 0.4845851, 0.8390071, 1
0.4683416, 0.393483, 0.2299967, 1
0.6107695, 0.4846348, 0.6215982, 1
0.2750083, 0.4533828, 0.6951418, 1
0.3896154, 0.4584758, 0.6212922, 1
0.8254017, 0.4985785, 0.4456997, 1
0.4869601, 0.451654, 0.6407083, 1
0.2393745, 0.4585942, 0.6463261, 1
0.7253522, 0.461393, 0.4707564, 1
0.797308, 0.5081497, 0.5164272, 1
0.638954, 0.4680392, 0.5040494, 1
0.8505761, 0.4668888, 0.5338598, 1
0.2033205, 0.4425668, 0.6232842, 1
0.3430825, 0.432423, 0.2848734, 1
0.2937385, 0.36573, 0.2516358, 1
0.1339874, 0.4508224, 0.5529108, 1
0.450846, 0.4297479, 0.3357144, 1
0.5369751, 0.4160901, 0.1958498, 1
0.7522551, 0.4151187, 0.2534328, 1
0.3613313, 0.4433646, 0.6483174, 1
0.1555144, 0.4575467, 0.6957736, 1
0.7755917, 0.4623766, 0.2965022, 1
0.2427403, 0.4468632, 0.5457431, 1
0.4600841, 0.5087131, 0.7457608, 1
0.5924733, 0.4913877, 0.7608472, 1
0.7797003, 0.4426801, 0.3327056, 1
0.7858395, 0.4702635, 0.4668725, 1
0.2635092, 0.460889, 0.8000191, 1
0.5316058, 0.4893892, 0.6627656, 1
0.6305485, 0.4560181, 0.3511704, 1
0.3188738, 0.4001837, 0.3795391, 1
0.695476, 0.4628526, 0.3329305, 1
0.5725304, 0.5022346, 0.6788967, 1
0.3829233, 0.4139149, 0.4279584, 1
0.19811, 0.4033783, 0.4703913, 1
0.3000778, 0.5018385, 0.7425788, 1
0.1276584, 0.3913907, 0.4098879, 1
0.5568696, 0.4752082, 0.6024357, 1
0.5753813, 0.5151929, 0.7702112, 1
0.3684357, 0.380246, 0.2650485, 1
0.4984324, 0.3551787, 0.1613728, 1
0.2833427, 0.5052059, 0.7591617, 1
0.6272433, 0.4215403, 0.4279929, 1
0.6484036, 0.4512992, 0.2736472, 1
0.1742492, 0.3649291, 0.3851674, 1
0.7111607, 0.4191814, 0.1803579, 1
0.75888, 0.4028776, 0.2496744, 1
0.5917055, 0.55046, 0.758302, 1
0.6678961, 0.5285472, 0.6531939, 1
0.1497462, 0.4016437, 0.4192174, 1
0.4184281, 0.4186765, 0.3550189, 1
0.6784145, 0.5217987, 0.7652488, 1
0.4733744, 0.4528921, 0.6643625, 1
0.3257508, 0.4440022, 0.3646113, 1
0.5085663, 0.4249576, 0.2190558, 1
0.3346499, 0.4071391, 0.2615536, 1
0.5782723, 0.4686527, 0.6789251, 1
0.6022235, 0.4298765, 0.4870011, 1
0.242962, 0.3690504, 0.2386396, 1
0.3326553, 0.4266784, 0.5716546, 1
0.2978043, 0.3817646, 0.2729875, 1
0.4231517, 0.3902163, 0.2620797, 1
0.5948333, 0.4940342, 0.658937, 1
0.2704274, 0.4296532, 0.6424392, 1
0.6845067, 0.4673406, 0.5401134, 1
0.592906, 0.3838077, 0.1775942, 1
0.1402478, 0.4625978, 0.661149, 1
0.7683913, 0.5239081, 0.6467188, 1
0.829652, 0.4680387, 0.4713728, 1
0.5750502, 0.44176, 0.5340661, 1
0.3875063, 0.4380425, 0.6368296, 1
0.5133528, 0.4037751, 0.3227992, 1
0.3856151, 0.4497528, 0.7031931, 1
0.5259964, 0.4115788, 0.256938, 1
0.3239909, 0.4737058, 0.6299194, 1
0.2585613, 0.5122434, 0.7326331, 1
0.2056206, 0.4057165, 0.543303, 1
0.8085148, 0.5413013, 0.6319305, 1
0.7223926, 0.5158436, 0.7798517, 1
0.6767533, 0.4861327, 0.6820274, 1
0.1797399, 0.3802019, 0.4387245, 1
0.5494488, 0.4210571, 0.1692928, 1
0.8733358, 0.5203795, 0.4907043, 1
0.3480908, 0.4719439, 0.5115899, 1
0.5053023, 0.3850289, 0.105393, 1
0.3321341, 0.3879345, 0.3996727, 1
0.7712153, 0.5121475, 0.6825565, 1
0.8639241, 0.4937788, 0.3524965, 1
0.4528097, 0.4511003, 0.6733027, 1
0.2247992, 0.3540011, 0.2690989, 1
0.3304804, 0.4806655, 0.5851142, 1
0.7437433, 0.4865692, 0.4441128, 1
0.5580274, 0.3828633, 0.2535574, 1
0.6244394, 0.4494339, 0.5183592, 1
0.3553079, 0.46546, 0.7829239, 1
0.7369649, 0.4734366, 0.3810379, 1
0.5053358, 0.437207, 0.3154187, 1
0.7809148, 0.5020084, 0.6960185, 1
0.3793493, 0.3717188, 0.149821, 1
0.544426, 0.5040114, 0.6253403, 1
0.8890688, 0.5001148, 0.4332405, 1
0.2443585, 0.411086, 0.5197203, 1
0.6462153, 0.4726349, 0.4647633, 1
0.4588954, 0.5382738, 0.761315, 1
0.1766675, 0.3815444, 0.3489839, 1
0.4827716, 0.3759961, 0.2225993, 1
0.2492477, 0.3824342, 0.4038949, 1
0.1456163, 0.3917934, 0.3882763, 1
0.7714497, 0.5357082, 0.7062395, 1
0.5008601, 0.4581457, 0.6516964, 1
0.4239548, 0.4290244, 0.507066, 1
0.2636361, 0.4773883, 0.5521543, 1
0.3231905, 0.5080225, 0.7820187, 1
0.7447862, 0.5282504, 0.7107179, 1
0.6996424, 0.4064493, 0.1732414, 1
0.5062941, 0.3942512, 0.3005883, 1
0.5573625, 0.4584664, 0.3539585, 1
0.7351874, 0.4979855, 0.4102158, 1
0.6752887, 0.5154349, 0.7698284, 1
0.7168234, 0.51415, 0.5099961, 1
0.5311206, 0.4649011, 0.7006959, 1
0.4862906, 0.4030226, 0.3162133, 1
0.7960961, 0.5688859, 0.7437967, 1
0.3658207, 0.520327, 0.7952051, 1
0.7550288, 0.4393559, 0.4016043, 1
0.6017559, 0.4758933, 0.4374686, 1
0.3837029, 0.4597837, 0.5361332, 1
0.2858905, 0.4200508, 0.3271922, 1
0.2185185, 0.4430911, 0.5889581, 1
0.7905174, 0.4157751, 0.3344673, 1
0.2909531, 0.4811014, 0.6121032, 1
0.2096233, 0.3939727, 0.4359093, 1
0.5801924, 0.5280092, 0.8776213, 1
0.6353509, 0.527261, 0.8062077, 1
0.7458718, 0.5337465, 0.7598705, 1
0.5023886, 0.4667268, 0.4468496, 1
0.6872858, 0.5226485, 0.6222995, 1
0.2143975, 0.4202616, 0.2867862, 1
0.8800991, 0.4674915, 0.4779646, 1
0.2707977, 0.4470541, 0.6227489, 1
0.480052, 0.4844046, 0.830206, 1
0.5660648, 0.4969625, 0.7406819, 1
0.3820474, 0.3968108, 0.3147371, 1
0.7562387, 0.5116259, 0.6688467, 1
0.6768214, 0.5112497, 0.5261306, 1
0.1162313, 0.4412561, 0.514415, 1
0.3321808, 0.3472468, 0.2010315, 1
0.5771006, 0.413714, 0.4221896, 1
0.4954367, 0.4708872, 0.6381614, 1
0.3919064, 0.4406015, 0.4914757, 1
0.7760565, 0.4979196, 0.4499682, 1
0.3851411, 0.4192361, 0.5640028, 1
0.5533853, 0.4062626, 0.2891674, 1
0.5430053, 0.4043955, 0.3684599, 1
0.6786753, 0.5189363, 0.8391637, 1
0.7677419, 0.5383944, 0.7800439, 1
0.7718094, 0.4897728, 0.6946552, 1
0.3722296, 0.5040464, 0.7606305, 1
0.5279872, 0.4134786, 0.1925207, 1
0.2462898, 0.4094674, 0.2786638, 1
0.1446312, 0.4155934, 0.5084188, 1
0.2717821, 0.3624774, 0.3133371, 1
0.2173381, 0.3762931, 0.4290199, 1
0.8505405, 0.4222805, 0.3031482, 1
0.8446887, 0.5177184, 0.5548918, 1
0.8525755, 0.5454303, 0.6038143, 1
0.6906412, 0.4851227, 0.6503636, 1
0.3293758, 0.4932668, 0.655538, 1
0.4956888, 0.4388767, 0.3623852, 1
0.6120055, 0.5383024, 0.8746307, 1
0.3459603, 0.4295904, 0.3702476, 1
0.7494662, 0.4496968, 0.2480072, 1
0.5613075, 0.4781016, 0.5076494, 1
0.5734146, 0.4337984, 0.3006939, 1
0.6093454, 0.4737897, 0.6721476, 1
0.4046416, 0.3645344, 0.2167235, 1
0.3866132, 0.4245303, 0.5368464, 1
0.2007532, 0.4555842, 0.5332934, 1
0.269152, 0.4068718, 0.3101774, 1
0.1139396, 0.4346963, 0.5126573, 1
0.290345, 0.413622, 0.4501994, 1
0.6357017, 0.4523557, 0.4547484, 1
0.8875915, 0.5319154, 0.5594006, 1
0.4701114, 0.4243345, 0.4314128, 1
0.573198, 0.4430848, 0.3066022, 1
0.4425096, 0.3959956, 0.1617998, 1
0.418773, 0.4285547, 0.4472535, 1
0.3954166, 0.4842674, 0.605576, 1
0.6819509, 0.5165024, 0.8092298, 1
0.4252902, 0.4328418, 0.3313259, 1
0.5873739, 0.4266965, 0.2915261, 1
0.2753385, 0.4314497, 0.4202818, 1
0.5073745, 0.5374205, 0.7484851, 1
0.1158774, 0.4349109, 0.443311, 1
0.4802142, 0.4502273, 0.492025, 1
0.4851186, 0.4050569, 0.2695172, 1
0.3754484, 0.4891135, 0.7394688, 1
0.5952755, 0.5212265, 0.7134888, 1
0.2748138, 0.4398221, 0.4304876, 1
0.8410481, 0.4506687, 0.4575661, 1
0.4156, 0.399372, 0.2758563, 1
0.6924741, 0.532218, 0.783785, 1
0.4147965, 0.4142029, 0.2095463, 1
0.4402223, 0.5013993, 0.7600695, 1
0.2561693, 0.4367453, 0.4153214, 1
0.1589144, 0.3929375, 0.5223569, 1
0.3549358, 0.505661, 0.706849, 1
0.8375722, 0.4429341, 0.3047093, 1
0.5556438, 0.4013304, 0.1893311, 1
0.8256325, 0.5402061, 0.6915983, 1
0.7561668, 0.4802367, 0.6419808, 1
0.8106958, 0.5177939, 0.6999418, 1
0.7085634, 0.4755662, 0.4773488, 1
0.6255704, 0.4884724, 0.454212, 1
0.2634521, 0.4775254, 0.7683647, 1
0.4194349, 0.4283238, 0.3469945, 1
0.4562335, 0.3704395, 0.2275175, 1
0.3092544, 0.4825702, 0.6230223, 1
0.3563588, 0.4456416, 0.6408027, 1
0.7548972, 0.4159098, 0.1951207, 1
0.5828668, 0.4300598, 0.3321568, 1
0.5220425, 0.3616152, 0.132846, 1
0.523486, 0.4706011, 0.4107281, 1
0.784499, 0.4421838, 0.2234093, 1
0.637716, 0.4529199, 0.3014223, 1
0.7280328, 0.4762579, 0.4403906, 1
0.8646486, 0.4794286, 0.4343659, 1
0.3905498, 0.4126753, 0.2392199, 1
0.5306151, 0.422019, 0.4070622, 1
0.3241346, 0.360443, 0.2219098, 1
0.6571639, 0.4575132, 0.3515615, 1
0.6601919, 0.3699211, 0.1654173, 1
0.6371019, 0.4007834, 0.2765424, 1
0.4051341, 0.4673209, 0.4285176, 1
0.8316762, 0.5002292, 0.5947344, 1
0.4212202, 0.4942457, 0.5801067, 1
0.4815291, 0.4090664, 0.1450044, 1
0.5818429, 0.4678131, 0.5176468, 1
0.2712854, 0.420254, 0.291236, 1
0.5855615, 0.4788947, 0.6374518, 1
0.7842497, 0.4468116, 0.4865802, 1
0.4573405, 0.4060778, 0.1830642, 1
0.6098062, 0.4915286, 0.6256524, 1
0.7670009, 0.4710451, 0.317892, 1
0.5712906, 0.4365607, 0.3753166, 1
0.8068857, 0.5100126, 0.5831975, 1
0.2991703, 0.496005, 0.7356872, 1
0.2228449, 0.4901476, 0.7841506, 1
0.6290556, 0.5544606, 0.8426826, 1
0.2866922, 0.4028628, 0.3810598, 1
0.4447345, 0.4899262, 0.7681991, 1
0.4737867, 0.4041375, 0.3366985, 1
0.280423, 0.3863812, 0.4294272, 1
0.7983305, 0.4853052, 0.3502037, 1
0.5483072, 0.5474419, 0.7960121, 1
0.6388474, 0.4301774, 0.1892802, 1
0.8681243, 0.483931, 0.3607454, 1
0.5335626, 0.4335698, 0.3409425, 1
0.7297001, 0.5333212, 0.6778568, 1
0.7399322, 0.5137203, 0.7700682, 1
0.8455005, 0.4322432, 0.3435484, 1
0.7285264, 0.5538852, 0.7586838, 1
0.8276073, 0.5114897, 0.5115467, 1
0.7975649, 0.5447491, 0.6431367, 1
0.5211737, 0.4053155, 0.2169725, 1
0.5204546, 0.4695303, 0.6791565, 1
0.4470981, 0.3880197, 0.2317681, 1
0.4077764, 0.3523357, 0.2069513, 1
0.4146066, 0.4613074, 0.5281639, 1
0.7608131, 0.4399494, 0.4351166, 1
0.7905192, 0.4974388, 0.7503142, 1
0.7772269, 0.4290747, 0.2575056, 1
0.5989774, 0.4998637, 0.7304486, 1
0.5049492, 0.4983273, 0.5506024, 1
0.8715973, 0.4601532, 0.4104963, 1
0.3517524, 0.451933, 0.7253777, 1
0.5493954, 0.3757021, 0.1287593, 1
0.8261445, 0.4853176, 0.6470909, 1
0.1549945, 0.4445796, 0.6348398, 1
0.3453786, 0.3427858, 0.1792417, 1
0.5947127, 0.5242468, 0.8383104, 1
0.1938934, 0.3617078, 0.2573645, 1
0.7332916, 0.4459014, 0.3127636, 1
0.8570971, 0.5018739, 0.6399506, 1
0.2717928, 0.3890359, 0.3458788, 1
0.5962926, 0.4254207, 0.3395973, 1
0.8189235, 0.4308675, 0.3533728, 1
0.7459846, 0.4814605, 0.5345754, 1
0.8479776, 0.5184335, 0.5266074, 1
0.6534776, 0.4516882, 0.4683417, 1
0.2046921, 0.4326948, 0.5571548, 1
0.3680378, 0.4591289, 0.4853773, 1
0.4366376, 0.4225978, 0.398023, 1
0.7081115, 0.3982403, 0.1840685, 1
0.4315213, 0.360108, 0.2251804, 1
0.3533024, 0.4144929, 0.3928645, 1
0.653623, 0.4614128, 0.4621202, 1
0.869325, 0.4816386, 0.5771909, 1
0.478474, 0.3750907, 0.265016, 1
0.3364174, 0.3882836, 0.1414778, 1
0.7530895, 0.4754598, 0.4184611, 1
0.4651257, 0.5340029, 0.8293817, 1
0.7932114, 0.4671798, 0.3691334, 1
0.7156572, 0.4382855, 0.2354372, 1
0.6370818, 0.5010419, 0.7553705, 1
0.7222018, 0.4843604, 0.4518565, 1
0.3309814, 0.43297, 0.4379247, 1
0.7420912, 0.517427, 0.7454732, 1
0.5393935, 0.3799973, 0.2488375, 1
0.2088648, 0.4387619, 0.5123778, 1
0.5015599, 0.5122808, 0.8390661, 1
0.1802233, 0.4511257, 0.5742723, 1
0.2718104, 0.4919262, 0.6894846, 1
0.7511281, 0.4173542, 0.3156763, 1
0.5297375, 0.4707876, 0.6356899, 1
0.8331773, 0.4374235, 0.3972031, 1
0.319907, 0.4545136, 0.5717149, 1
0.7531454, 0.5169199, 0.607982, 1
0.6643177, 0.5147637, 0.7608702, 1
0.2891182, 0.4065925, 0.3907383, 1
0.7317538, 0.5239025, 0.7568784, 1
0.7421231, 0.5144226, 0.6789677, 1
0.8718719, 0.4876933, 0.4017282, 1
0.4216949, 0.4240025, 0.3656085, 1
0.5787552, 0.4458947, 0.5302869, 1
0.2946134, 0.4716019, 0.5310547, 1
0.8338977, 0.4310576, 0.2755896, 1
0.5096436, 0.387381, 0.3095717, 1
0.2582916, 0.455001, 0.7041987, 1
0.8584549, 0.5141726, 0.6596036, 1
0.4462912, 0.4039106, 0.1115661, 1
0.6261143, 0.4311472, 0.3399612, 1
0.2407753, 0.3873021, 0.2143555, 1
0.2698781, 0.4333393, 0.3348977, 1
0.5932375, 0.5450004, 0.725906, 1
0.1561165, 0.4355905, 0.6634699, 1
0.5126022, 0.515443, 0.6905251, 1
0.3454821, 0.3708534, 0.1922951, 1
0.6548953, 0.5135863, 0.7313665, 1
0.2633773, 0.4149719, 0.4797873, 1
0.5238233, 0.4988426, 0.7897176, 1
0.2058835, 0.3909559, 0.3815598, 1
0.8291795, 0.434246, 0.363394, 1
0.617969, 0.5118104, 0.8108861, 1
0.347919, 0.4250683, 0.3886995, 1
0.3991954, 0.3786167, 0.1417346, 1
0.670065, 0.411008, 0.3086152, 1
0.8732488, 0.4572415, 0.4844154, 1
0.3501785, 0.4760336, 0.614399, 1
0.5729424, 0.4500521, 0.403207, 1
0.6383974, 0.49709, 0.7267413, 1
0.6506929, 0.5498583, 0.7464769, 1
0.6162726, 0.5038399, 0.6954247, 1
0.2622987, 0.4337282, 0.6513489, 1
0.4011952, 0.5454246, 0.8244359, 1
0.2197715, 0.3761778, 0.3627883, 1
0.536204, 0.4907792, 0.6913375, 1
0.2468365, 0.4820203, 0.6129208, 1
0.652526, 0.5058469, 0.7260861, 1
0.3987154, 0.5263876, 0.7391657, 1
0.6687624, 0.4962159, 0.4933323, 1
0.3419257, 0.5293973, 0.7868841, 1
0.3377553, 0.3584153, 0.2507493, 1
0.7536796, 0.5560855, 0.7603315, 1
0.6954796, 0.3806764, 0.1730614, 1
0.2603308, 0.3775957, 0.2262483, 1
0.744562, 0.5076957, 0.7348955, 1
0.7119867, 0.4764509, 0.6468095, 1
0.8623809, 0.4714089, 0.484358, 1
0.1521973, 0.4753873, 0.6044691, 1
0.7910084, 0.4836903, 0.3281406, 1
0.8567058, 0.4686455, 0.3699097, 1
0.6072438, 0.4812271, 0.4012409, 1
0.7266538, 0.4523411, 0.2852555, 1
0.3697865, 0.4015591, 0.3295096, 1
0.7079931, 0.5123023, 0.704018, 1
0.1221005, 0.3815132, 0.4897877, 1
0.3876724, 0.3390338, 0.1516882, 1
0.484697, 0.3714604, 0.2625026, 1
0.3075222, 0.464027, 0.8301153, 1
0.6914672, 0.4182349, 0.2992947, 1
0.205809, 0.4417385, 0.7349542, 1
0.5367415, 0.4133286, 0.2854368, 1
0.7819731, 0.5623511, 0.7673608, 1
0.6980556, 0.4422199, 0.4199897, 1
0.830115, 0.5519854, 0.6661918, 1
0.2310866, 0.4050971, 0.2604523, 1
0.805319, 0.5115955, 0.5283562, 1
0.6157061, 0.4249791, 0.2370758, 1
0.4014696, 0.4456979, 0.633891, 1
0.2145116, 0.4257127, 0.4295656, 1
0.7699398, 0.4096621, 0.2076875, 1
0.6004186, 0.413187, 0.4200986, 1
0.5896046, 0.4005962, 0.1352195, 1
0.4105773, 0.3981159, 0.4299797, 1
0.5787537, 0.5253792, 0.8778614, 1
0.7871615, 0.4835278, 0.623495, 1
0.5662799, 0.5174203, 0.8260213, 1
0.8789677, 0.4969969, 0.5778172, 1
0.6026792, 0.5160061, 0.6547711, 1
0.2285017, 0.4789534, 0.693357, 1
0.7100685, 0.4855651, 0.448781, 1
0.8200217, 0.484044, 0.562085, 1
0.1503438, 0.4590616, 0.6027997, 1
0.2838182, 0.4211709, 0.3193008, 1
0.4778393, 0.5296413, 0.8091739, 1
0.8567738, 0.4974964, 0.3783473, 1
0.2276385, 0.4198761, 0.4878804, 1
0.8111763, 0.513312, 0.5329118, 1
0.4043597, 0.3506631, 0.1511969, 1
0.2416761, 0.4099627, 0.4666629, 1
0.7509266, 0.4578706, 0.4348353, 1
0.2406248, 0.4193921, 0.5807572, 1
0.765298, 0.4833436, 0.5272954, 1
0.5492929, 0.4642889, 0.5669864, 1
0.6482022, 0.3963155, 0.1452131, 1
0.4832416, 0.4392371, 0.351831, 1
0.2492047, 0.4064198, 0.3468868, 1
0.7646311, 0.5316005, 0.6004286, 1
0.5579244, 0.5125164, 0.7464917, 1
0.3905687, 0.3992195, 0.3272791, 1
0.6419036, 0.3953698, 0.2466816, 1
0.4026552, 0.4623494, 0.4001851, 1
0.5316097, 0.5181468, 0.6873502, 1
0.708149, 0.4358039, 0.4559144, 1
0.3168883, 0.419053, 0.3559585, 1
0.5847647, 0.5428805, 0.8708559, 1
0.4821322, 0.4697969, 0.5720722, 1
0.3338793, 0.4568473, 0.5962012, 1
0.654857, 0.5124258, 0.8089788, 1
0.2786831, 0.4524583, 0.4445424, 1
0.4148114, 0.4879899, 0.7757922, 1
0.4610419, 0.3678094, 0.2086901, 1
0.8480176, 0.5391999, 0.5849263, 1
0.491584, 0.4611568, 0.5548326, 1
0.1105672, 0.4315334, 0.4912162, 1
0.6838958, 0.5320437, 0.8366052, 1
0.2808272, 0.4567509, 0.4918458, 1
0.8951969, 0.4659073, 0.4711991, 1
0.580691, 0.4086022, 0.3289371, 1
0.7401274, 0.4766689, 0.5050083, 1
0.2686216, 0.4290076, 0.6496813, 1
0.2819631, 0.4543559, 0.641438, 1
0.5152271, 0.4214732, 0.3101087, 1
0.8428769, 0.4587573, 0.3167176, 1
0.6559591, 0.4160993, 0.3054226, 1
0.4638151, 0.4346024, 0.5797302, 1
0.8230432, 0.48727, 0.3582905, 1
0.5904784, 0.4881119, 0.7928061, 1
0.1621257, 0.4121561, 0.5377139, 1
0.4667194, 0.5528831, 0.8299096, 1
0.3791782, 0.5170687, 0.8256691, 1
0.16943, 0.405114, 0.4870314, 1
0.4378095, 0.3948234, 0.3513526, 1
0.1728367, 0.4258941, 0.6757032, 1
0.5491964, 0.3758424, 0.1730803, 1
0.5094445, 0.4716888, 0.7428739, 1
0.4278073, 0.4951727, 0.5626889, 1
0.5171123, 0.506402, 0.8266319, 1
0.4434864, 0.4065485, 0.2215176, 1
0.1456032, 0.4327846, 0.6647193, 1
0.2657619, 0.431792, 0.4734924, 1
0.3887877, 0.4554855, 0.6649224, 1
0.6960265, 0.4360278, 0.4225226, 1
0.6714156, 0.5380009, 0.782684, 1
0.2748303, 0.3552335, 0.207577, 1
0.7993149, 0.4495102, 0.2637987, 1
0.4031878, 0.4955567, 0.7471404, 1
0.5841755, 0.4975818, 0.6894921, 1
0.2803041, 0.4898227, 0.6685005, 1
0.2801001, 0.4037485, 0.4843751, 1
0.739036, 0.528665, 0.6150401, 1
0.6717315, 0.4476223, 0.5170715, 1
0.5596908, 0.4889284, 0.6524858, 1
0.4019739, 0.4512657, 0.4618598, 1
0.3706468, 0.4052223, 0.2591938, 1
0.3156983, 0.5214618, 0.7756063, 1
0.7152624, 0.4617749, 0.4755105, 1
0.4707308, 0.465948, 0.7318287, 1
0.666178, 0.3738714, 0.1419846, 1
0.5178125, 0.4442472, 0.3539208, 1
0.5207393, 0.3670164, 0.1165481, 1
0.5605972, 0.4282149, 0.2102432, 1
0.4403232, 0.5029352, 0.6803479, 1
0.6358952, 0.4770983, 0.6318707, 1
0.2968954, 0.4006644, 0.1632752, 1
0.2246374, 0.3979898, 0.4745752, 1
0.3814447, 0.4047419, 0.1371693, 1
0.6835757, 0.4367869, 0.4008119, 1
0.8929216, 0.4731466, 0.5042329, 1
0.7255837, 0.4672757, 0.6302657, 1
0.1654883, 0.405396, 0.3737692, 1
0.7029178, 0.5566218, 0.7624785, 1
0.3436813, 0.3450445, 0.189374, 1
0.243762, 0.4499583, 0.7605213, 1
0.2905532, 0.4274678, 0.398715, 1
0.2264914, 0.4892257, 0.6632569, 1
0.3503434, 0.3726791, 0.3132214, 1
0.3097369, 0.4192517, 0.3200502, 1
0.5660475, 0.4722924, 0.4990609, 1
0.858057, 0.5349112, 0.6545227, 1
0.6153967, 0.4988898, 0.8015087, 1
0.5782272, 0.4884437, 0.6863803, 1
0.5653231, 0.4890405, 0.4748994, 1
0.6757384, 0.5172026, 0.6415355, 1
0.6444963, 0.4851893, 0.6341307, 1
0.4238916, 0.464682, 0.6874839, 1
0.2688345, 0.3647813, 0.2454581, 1
0.3178278, 0.3649513, 0.1932775, 1
0.5591294, 0.4759472, 0.5186094, 1
0.2501586, 0.4949501, 0.7128952, 1
0.4357564, 0.4869331, 0.624436, 1
0.3311002, 0.4434334, 0.498253, 1
0.6439352, 0.5348243, 0.8670446, 1
0.2136426, 0.4522286, 0.5042685, 1
0.4205682, 0.3751836, 0.1339941, 1
0.2330763, 0.4362081, 0.4288585, 1
0.8041352, 0.4949653, 0.4117284, 1
0.4052539, 0.3967254, 0.3640136, 1
0.6937898, 0.5129577, 0.8218183, 1
0.5683941, 0.4328994, 0.2994131, 1
0.3244534, 0.4432202, 0.6245849, 1
0.5223052, 0.4499988, 0.3025703, 1
0.5829105, 0.4261721, 0.4657992, 1
0.2694319, 0.442495, 0.3921838, 1
0.5844164, 0.4807251, 0.601162, 1
0.71086, 0.4482651, 0.4983153, 1
0.2773659, 0.3538536, 0.2753528, 1
0.7271727, 0.508809, 0.579666, 1
0.1442074, 0.4261361, 0.4982756, 1
0.1859269, 0.3781763, 0.3130161, 1
0.1668235, 0.425437, 0.5278271, 1
0.3508756, 0.4603595, 0.5625645, 1
0.2073477, 0.4265867, 0.3518419, 1
0.4688337, 0.4965592, 0.5418178, 1
0.203522, 0.459526, 0.5585892, 1
0.3968164, 0.4394822, 0.4984415, 1
0.8126256, 0.4925552, 0.6082342, 1
0.2396725, 0.4532354, 0.628223, 1
0.309494, 0.4819403, 0.6393232, 1
0.7027565, 0.5680691, 0.7938887, 1
0.4407094, 0.4375216, 0.3119467, 1
0.7293343, 0.3888454, 0.1908894, 1
0.1588933, 0.4633686, 0.6977404, 1
0.6057971, 0.4909065, 0.4780359, 1
0.6407228, 0.5238735, 0.682116, 1
0.8241385, 0.441335, 0.3643989, 1
0.8312904, 0.4777056, 0.464204, 1
0.1312299, 0.4009692, 0.5024642, 1
0.4502756, 0.53802, 0.7780783, 1
0.1935916, 0.4164214, 0.5562605, 1
0.7041537, 0.476117, 0.5257095, 1
0.4621593, 0.4281269, 0.4571344, 1
0.5174661, 0.4517517, 0.2953083, 1
0.6510937, 0.4071785, 0.2886419, 1
0.4033893, 0.4680707, 0.4697448, 1
0.6623267, 0.4508288, 0.2247979, 1
0.2274429, 0.4523645, 0.6070905, 1
0.7562068, 0.4427029, 0.2868219, 1
0.1258448, 0.406976, 0.6063215, 1
0.4300315, 0.4490388, 0.4606603, 1
0.3604847, 0.5021366, 0.6893585, 1
0.7705572, 0.450459, 0.5068536, 1
0.8179861, 0.4829271, 0.6358845, 1
0.1804545, 0.3826853, 0.2728761, 1
0.7459103, 0.5361024, 0.6693204, 1
0.3398784, 0.4642802, 0.6925165, 1
0.6131253, 0.5272168, 0.6839609, 1
0.6678743, 0.4996614, 0.7672783, 1
0.8323029, 0.4991558, 0.5640936, 1
0.6319044, 0.5471902, 0.8186802, 1
0.1795094, 0.4083616, 0.5657448, 1
0.2427382, 0.3580559, 0.2996383, 1
0.3784463, 0.4851573, 0.5591624, 1
0.2755024, 0.4593063, 0.4901363, 1
0.5898051, 0.5416841, 0.7686026, 1
0.7038096, 0.5295405, 0.7623922, 1
0.438715, 0.487052, 0.6725287, 1
0.3115956, 0.353294, 0.2070698, 1
0.5718505, 0.457486, 0.298645, 1
0.2278299, 0.3548629, 0.2674143, 1
0.3307773, 0.4258686, 0.5257628, 1
0.3114398, 0.4932514, 0.8371802, 1
0.1757431, 0.4123233, 0.5491558, 1
0.4950023, 0.4279417, 0.2792849, 1
0.7110388, 0.4209257, 0.2482211, 1
0.715097, 0.4611837, 0.3133857, 1
0.507676, 0.5430652, 0.7723886, 1
0.3148582, 0.3481519, 0.1593913, 1
0.6109986, 0.4295361, 0.389037, 1
0.3191745, 0.3940912, 0.3950866, 1
0.7833879, 0.4139619, 0.2518435, 1
0.4131285, 0.4854116, 0.6255404, 1
0.7170837, 0.528954, 0.5759578, 1
0.6945848, 0.469492, 0.5046186, 1
0.7482737, 0.5072985, 0.4713296, 1
0.8083594, 0.4837109, 0.4652137, 1
0.6900513, 0.4680655, 0.5159408, 1
0.2859124, 0.4663679, 0.8042234, 1
0.85248, 0.4827954, 0.3743501, 1
0.7201746, 0.4601311, 0.47587, 1
0.7413998, 0.4372144, 0.3663672, 1
0.8716512, 0.5318865, 0.5917043, 1
0.6566861, 0.50608, 0.5624245, 1
0.5730361, 0.4598453, 0.3871103, 1
0.8205295, 0.4389243, 0.2696908, 1
0.6208181, 0.4283657, 0.1366057, 1
0.3902669, 0.4112232, 0.4732009, 1
0.2068142, 0.4088005, 0.4353096, 1
0.4562995, 0.4134117, 0.4274805, 1
0.3426527, 0.4674683, 0.7521497, 1
0.4898604, 0.3468118, 0.1296417, 1
0.5793643, 0.439412, 0.2965038, 1
0.5107476, 0.4655758, 0.537154, 1
0.6840919, 0.575816, 0.833638, 1
0.3932585, 0.4439827, 0.6450457, 1
0.2863019, 0.4853663, 0.6946378, 1
0.1666834, 0.4151845, 0.5980771, 1
0.4338799, 0.4653834, 0.531213, 1
0.880607, 0.5307757, 0.5957247, 1
0.6741483, 0.4186167, 0.3187342, 1
0.1602538, 0.417038, 0.4884799, 1
0.7903368, 0.5549309, 0.7164528, 1
0.4209101, 0.453156, 0.3964717, 1
0.6184258, 0.4616949, 0.3386316, 1
0.7900513, 0.5042202, 0.6172249, 1
0.7370332, 0.5176739, 0.5936217, 1
0.3280067, 0.4725829, 0.7433323, 1
0.4344195, 0.4122539, 0.3400968, 1
0.778184, 0.4571962, 0.4453862, 1
0.8225411, 0.541626, 0.6232634, 1
0.5916125, 0.4743954, 0.5572504, 1
0.547318, 0.5209137, 0.8250382, 1
0.4528063, 0.4587785, 0.6426483, 1
0.1476114, 0.4133636, 0.3721603, 1
0.4288542, 0.4580717, 0.6116807, 1
0.3345003, 0.4583383, 0.7091308, 1
0.6395782, 0.5080249, 0.8620934, 1
0.628475, 0.440571, 0.3258105, 1
0.5602261, 0.4279881, 0.28962, 1
0.4901447, 0.5264542, 0.8560821, 1
0.329018, 0.4405919, 0.5132298, 1
0.4962927, 0.440798, 0.6088489, 1
0.39415, 0.4451356, 0.3150915, 1
0.6819363, 0.5179891, 0.5422856, 1
0.5438727, 0.5228548, 0.8231302, 1
0.8814118, 0.5232532, 0.4885074, 1
0.7393074, 0.5053235, 0.6682796, 1
0.7779121, 0.5033436, 0.5006421, 1
0.7232399, 0.4767313, 0.6213263, 1
0.4337872, 0.4880608, 0.8743046, 1
0.6325791, 0.4942192, 0.4844159, 1
0.5916851, 0.4413059, 0.2546939, 1
0.2533056, 0.3586493, 0.2809967, 1
0.1150017, 0.4201941, 0.4165416, 1
0.7461045, 0.4007097, 0.1896932, 1
0.2734761, 0.4197363, 0.3643929, 1
0.450919, 0.4758018, 0.757715, 1
0.4623044, 0.5417902, 0.7887026, 1
0.1691402, 0.4031436, 0.4072547, 1
0.6727863, 0.4962414, 0.4901855, 1
0.5282611, 0.3665219, 0.1238478, 1
0.7043468, 0.4959746, 0.6920777, 1
0.5439015, 0.3562334, 0.1168101, 1
0.6472474, 0.5056108, 0.5054938, 1
0.549554, 0.4154215, 0.229767, 1
0.7253838, 0.5161422, 0.7173805, 1
0.4911644, 0.376488, 0.2375063, 1
0.8120527, 0.5354942, 0.5788488, 1
0.7229006, 0.4257642, 0.3605829, 1
0.2379352, 0.4069391, 0.4778484, 1
0.6114631, 0.4080519, 0.1653691, 1
0.4751806, 0.419996, 0.518833, 1
0.3134183, 0.3752433, 0.3744431, 1
0.4589285, 0.4632626, 0.5718353, 1
0.2365713, 0.4034656, 0.2557546, 1
0.3552779, 0.3962281, 0.161309, 1
0.3376684, 0.3452578, 0.1589033, 1
0.3246355, 0.4397377, 0.6944355, 1
0.365615, 0.5050115, 0.7519603, 1
0.6391459, 0.4260702, 0.1970691, 1
0.2787869, 0.4735357, 0.6753219, 1
0.7337279, 0.389801, 0.1800009, 1
0.5873216, 0.4291167, 0.2696778, 1
0.4791415, 0.4929292, 0.6792538, 1
0.3788598, 0.4918207, 0.754406, 1
0.2370538, 0.3873069, 0.4646759, 1
0.7582996, 0.5154571, 0.5799009, 1
0.8717386, 0.5032033, 0.4525983, 1
0.8341872, 0.4639729, 0.4909098, 1
0.5695401, 0.5124612, 0.8055508, 1
0.3053188, 0.4402256, 0.6455301, 1
0.7826028, 0.4754857, 0.312333, 1
0.2364058, 0.3689877, 0.2582555, 1
0.5807435, 0.4928758, 0.7124696, 1
0.6647635, 0.4354066, 0.3944473, 1
0.5820702, 0.3970613, 0.3400995, 1
0.4237039, 0.4547675, 0.708373, 1
0.6442313, 0.5319833, 0.7590929, 1
0.7601755, 0.4056518, 0.2298624, 1
0.678564, 0.4955607, 0.6871947, 1
0.4410408, 0.4228066, 0.2946181, 1
0.671039, 0.4256708, 0.1617407, 1
0.4067424, 0.4842136, 0.7212681, 1
0.1199082, 0.4534917, 0.6211116, 1
0.4490359, 0.5305145, 0.8674284, 1
0.7868217, 0.4922126, 0.5481642, 1
0.2450737, 0.5043818, 0.7683398, 1
0.883087, 0.4631733, 0.5089518, 1
0.2157129, 0.4600748, 0.5166161, 1
0.6295447, 0.4376089, 0.3140089, 1
0.8182704, 0.5148074, 0.516618, 1
0.5326847, 0.4480767, 0.369155, 1
0.3754731, 0.4899468, 0.7084596, 1
0.4236947, 0.4966731, 0.6487502, 1
0.8151448, 0.5068188, 0.6980451, 1
0.730218, 0.4563961, 0.2847655, 1
0.2759107, 0.4626707, 0.6959707, 1
0.7141342, 0.5440335, 0.807599, 1
0.308733, 0.4035295, 0.477068, 1
0.6369986, 0.5091851, 0.6994541, 1
0.2974246, 0.4666938, 0.6579971, 1
0.671068, 0.4393348, 0.1667075, 1
0.3084794, 0.4149191, 0.5373637, 1
0.5193878, 0.4700713, 0.7530833, 1
0.6636978, 0.5323928, 0.6486601, 1
0.3382222, 0.4359192, 0.3327739, 1
0.3210472, 0.410787, 0.2749074, 1
0.4170466, 0.4340566, 0.4768099, 1
0.659076, 0.4276348, 0.3021351, 1
0.8274573, 0.5073944, 0.6337423, 1
0.2864857, 0.4646859, 0.5511571, 1
0.5850793, 0.434682, 0.4480982, 1
0.4193498, 0.4474847, 0.6053363, 1
0.5409369, 0.4242941, 0.3839133, 1
0.6376835, 0.5228609, 0.6743455, 1
0.4846915, 0.436401, 0.390265, 1
0.286773, 0.4125805, 0.4061101, 1
0.4106662, 0.5129362, 0.7967175, 1
0.4528416, 0.3985959, 0.344539, 1
0.7522357, 0.4277098, 0.2924352, 1
0.2545855, 0.4389008, 0.4884639, 1
0.7092901, 0.454103, 0.321066, 1
0.322341, 0.3746406, 0.2718674, 1
0.6052476, 0.4913939, 0.620626, 1
0.7659433, 0.5446526, 0.6979664, 1
0.5186757, 0.3942865, 0.284931, 1
0.7152068, 0.4906895, 0.6855564, 1
0.3637666, 0.4347492, 0.5670848, 1
0.2996652, 0.498284, 0.7359715, 1
0.3915268, 0.4236777, 0.3237745, 1
0.7637373, 0.4064704, 0.2314098, 1
0.7047893, 0.4341438, 0.3685299, 1
0.2056016, 0.3629645, 0.3044135, 1
0.5650923, 0.4220978, 0.4476641, 1
0.3709331, 0.5145596, 0.785016, 1
0.3662805, 0.4392835, 0.4213061, 1
0.5771942, 0.4267012, 0.1456082, 1
0.3387851, 0.4002507, 0.1343539, 1
0.468466, 0.519997, 0.7953197, 1
0.4206869, 0.4410681, 0.5406827, 1
0.348051, 0.4898575, 0.6316118, 1
0.1965713, 0.4061506, 0.441335, 1
0.7248914, 0.4644141, 0.490885, 1
0.4451458, 0.4879027, 0.5554284, 1
0.6677336, 0.4215945, 0.2427031, 1
0.5157688, 0.4636488, 0.7067437, 1
0.478632, 0.5084026, 0.6990907, 1
0.1970327, 0.4006186, 0.292062, 1
0.3246343, 0.4005529, 0.1832274, 1
0.7683033, 0.4859167, 0.3612415, 1
0.8332054, 0.4367889, 0.3682413, 1
0.3990447, 0.4676406, 0.6431267, 1
0.4611801, 0.3992403, 0.4030189, 1
0.3271325, 0.5099183, 0.8133637, 1
0.3104415, 0.3862894, 0.3549799, 1
0.7272096, 0.3982482, 0.1874267, 1
0.2605675, 0.5029969, 0.7881144, 1
0.862931, 0.4973016, 0.5408937, 1
0.4783807, 0.4805686, 0.8077649, 1
0.3705034, 0.3738232, 0.2051947, 1
0.846064, 0.5406089, 0.6838034, 1
0.4035015, 0.4526498, 0.6101711, 1
0.7710908, 0.5318841, 0.7136717, 1
0.4035863, 0.3701708, 0.1778322, 1
0.7300513, 0.507257, 0.7068442, 1
0.5026883, 0.3665642, 0.2312081, 1
0.3482768, 0.4089694, 0.4043502, 1
0.7215123, 0.4435811, 0.274692, 1
0.6511156, 0.5249602, 0.7226766, 1
0.487891, 0.463075, 0.7102984, 1
0.3683377, 0.5021368, 0.7160554, 1
0.5923948, 0.4889287, 0.7680565, 1
0.6411251, 0.402668, 0.2889853, 1
0.1648041, 0.4409298, 0.568697, 1
0.786446, 0.4467397, 0.3360069, 1
0.3496218, 0.4488353, 0.3684384, 1
0.2282687, 0.3671625, 0.3413931, 1
0.7916619, 0.4987774, 0.6035373, 1
0.431179, 0.4778157, 0.5164115, 1
0.3886288, 0.3658914, 0.1267387, 1
0.1732227, 0.4385692, 0.6778945, 1
0.5947543, 0.4842805, 0.4932307, 1
0.2060018, 0.4379336, 0.4544277, 1
0.6359981, 0.4337317, 0.2273876, 1
0.6837576, 0.4973009, 0.5071638, 1
0.3315324, 0.4766192, 0.7611229, 1
0.5248671, 0.4817195, 0.4485421, 1
0.4166774, 0.5227759, 0.7640011, 1
0.5085346, 0.3787947, 0.2099829, 1
0.5619537, 0.3924782, 0.2856694, 1
0.4567689, 0.4551649, 0.4294591, 1
0.6940082, 0.4972629, 0.8017582, 1
0.3533233, 0.4244736, 0.5125517, 1
0.6629195, 0.5045093, 0.8002869, 1
0.4105631, 0.4665211, 0.6166492, 1
0.5497178, 0.4570577, 0.5164549, 1
0.2630668, 0.3853682, 0.2501921, 1
0.5510019, 0.4178919, 0.2907808, 1
0.7093453, 0.4724227, 0.3854134, 1
0.4722782, 0.3891921, 0.332405, 1
0.7900552, 0.4982101, 0.5663666, 1
0.260378, 0.4181544, 0.4933707, 1
0.3722384, 0.3840926, 0.1830027, 1
0.3322697, 0.4052244, 0.4647492, 1
0.3324161, 0.4967275, 0.799374, 1
0.570682, 0.5520292, 0.8580927, 1
0.3379738, 0.4119426, 0.2534072, 1
0.1680219, 0.4068567, 0.5031156, 1
0.5216456, 0.4118516, 0.3868229, 1
0.3946077, 0.4177707, 0.3632416, 1
0.4349515, 0.3506818, 0.1427249, 1
0.763379, 0.4737716, 0.4261318, 1
0.1317966, 0.4660822, 0.5586617, 1
0.3077874, 0.3530684, 0.2593773, 1
0.6227841, 0.5099808, 0.5271784, 1
0.6325493, 0.5354959, 0.8221922, 1
0.6175327, 0.3860249, 0.2270077, 1
0.5118673, 0.5674387, 0.8807795, 1
0.5374135, 0.4868189, 0.6459271, 1
0.2512196, 0.4357848, 0.5059184, 1
0.7453284, 0.4179461, 0.308071, 1
0.5496195, 0.3997772, 0.1691089, 1
0.7808636, 0.4321969, 0.2979994, 1
0.8194348, 0.4812036, 0.5019709, 1
0.4648504, 0.4376395, 0.5940574, 1
0.3165637, 0.3805501, 0.3363941, 1
0.5433682, 0.4269267, 0.386654, 1
0.7597102, 0.489289, 0.6860252, 1
0.6322989, 0.5003254, 0.5240228, 1
0.6161062, 0.417995, 0.3514705, 1
0.2061156, 0.4825936, 0.6488041, 1
0.3014644, 0.4642506, 0.4952297, 1
0.6601939, 0.4519053, 0.3838586, 1
0.5151596, 0.4352052, 0.4323172, 1
0.7872269, 0.4642805, 0.5586947, 1
0.7547395, 0.5165876, 0.7861354, 1
0.3684644, 0.4422322, 0.412326, 1
0.5850703, 0.4574495, 0.588245, 1
0.5278035, 0.3787806, 0.1199554, 1
0.8190236, 0.4390014, 0.2948264, 1
0.1372611, 0.4318563, 0.4177251, 1
0.2780874, 0.4668406, 0.5549265, 1
0.3253029, 0.417277, 0.5334441, 1
0.5783065, 0.502079, 0.7861485, 1
0.4149395, 0.4037659, 0.4174832, 1
0.2730851, 0.3862076, 0.4294097, 1
0.4519548, 0.3977185, 0.1108765, 1
0.6905687, 0.4760785, 0.5210766, 1
0.2271506, 0.3802457, 0.2234453, 1
0.5847089, 0.4269543, 0.128244, 1
0.6752063, 0.4853618, 0.424112, 1
0.4351543, 0.4197182, 0.3229557, 1
0.8529106, 0.5396389, 0.6073223, 1
0.2740428, 0.4574159, 0.6042807, 1
0.2227128, 0.3928138, 0.286885, 1
0.6069239, 0.4346173, 0.2425314, 1
0.6008623, 0.4536286, 0.2744728, 1
0.3814229, 0.5148448, 0.7538172, 1
0.3857274, 0.4768218, 0.6925032, 1
0.3963981, 0.4723316, 0.4786029, 1
0.589397, 0.5247296, 0.8594403, 1
0.5205105, 0.4956506, 0.5953234, 1
0.3200843, 0.4981815, 0.7776718, 1
0.5716509, 0.4224591, 0.2425627, 1
0.684414, 0.5123418, 0.7659317, 1
0.5475777, 0.3807849, 0.2556168, 1
0.7240708, 0.4884571, 0.6006983, 1
0.4958453, 0.523134, 0.7432066, 1
0.270678, 0.4855455, 0.6551415, 1
0.708606, 0.4796496, 0.4851368, 1
0.4623724, 0.4590729, 0.4490399, 1
0.2833249, 0.3971877, 0.354736, 1
0.4419223, 0.5514247, 0.8618866, 1
0.7234461, 0.4985871, 0.7581967, 1
0.5819705, 0.4162382, 0.2903845, 1
0.6597664, 0.4966513, 0.6255091, 1
0.4607763, 0.3999607, 0.3888318, 1
0.7687166, 0.5373524, 0.6694176, 1
0.5294167, 0.4011869, 0.1361168, 1
0.8160949, 0.5016971, 0.584798, 1
0.653164, 0.537306, 0.8550983, 1
0.74698, 0.4429571, 0.3210447, 1
0.2258168, 0.3997496, 0.4135571, 1
0.7147575, 0.417375, 0.3772843, 1
0.3428888, 0.3915793, 0.2037249, 1
0.2808585, 0.4109149, 0.3114323, 1
0.1204435, 0.4059611, 0.6042753, 1
0.4572431, 0.4894639, 0.7621731, 1
0.5478453, 0.4212047, 0.1257923, 1
0.7191417, 0.4477318, 0.4055139, 1
0.5503108, 0.4935789, 0.8441908, 1
0.2684605, 0.4248682, 0.5462136, 1
0.2026057, 0.4943301, 0.7119308, 1
0.3234978, 0.4662136, 0.7638726, 1
0.3844359, 0.4650246, 0.4262432, 1
0.8505297, 0.4664707, 0.302839, 1
0.6213551, 0.4766412, 0.6721802, 1
0.4492955, 0.4574448, 0.4252237, 1
0.5901124, 0.495941, 0.6586956, 1
0.1310406, 0.3659755, 0.370645, 1
0.8271744, 0.5028167, 0.459866, 1
0.3636064, 0.479681, 0.5089104, 1
0.408651, 0.5288489, 0.8643733, 1
0.4183792, 0.5194662, 0.8589082, 1
0.6691329, 0.4558303, 0.426259, 1
0.1693435, 0.4013321, 0.2885079, 1
0.7704002, 0.5179161, 0.5111232, 1
0.5432066, 0.458252, 0.5893846, 1
0.1985164, 0.4302058, 0.378957, 1
0.7508143, 0.5010973, 0.718386, 1
0.411908, 0.491, 0.727758, 1
0.5230668, 0.4240589, 0.3691207, 1
0.678554, 0.5095698, 0.6473697, 1
0.7310702, 0.4624811, 0.581961, 1
0.2911094, 0.4349453, 0.5651015, 1
0.4306489, 0.3900731, 0.3071, 1
0.6267098, 0.3833924, 0.2435633, 1
0.4669874, 0.4541274, 0.3760611, 1
0.4182953, 0.4346641, 0.4082413, 1
0.759533, 0.4462733, 0.3593014, 1
0.4332353, 0.4493892, 0.5918574, 1
0.4881245, 0.453646, 0.3095587, 1
0.458151, 0.4293821, 0.5399112, 1
0.7273492, 0.4094175, 0.3260817, 1
0.5559825, 0.4127338, 0.1415554, 1
0.4350876, 0.4382674, 0.5394898, 1
0.7863421, 0.5422232, 0.6439959, 1
0.5968561, 0.4907544, 0.744639, 1
0.3145345, 0.4148532, 0.5552593, 1
0.6012621, 0.5596122, 0.866905, 1
0.4641487, 0.4705839, 0.4491506, 1
0.2335961, 0.4686649, 0.7878062, 1
0.1863427, 0.4504027, 0.6540281, 1
0.521853, 0.4081233, 0.3353668, 1
0.1260633, 0.4097001, 0.3957211, 1
0.4526579, 0.3906313, 0.3283411, 1
0.8060037, 0.4927761, 0.5389124, 1
0.482939, 0.4128852, 0.4369934, 1
0.3532391, 0.392135, 0.376951, 1
0.2617521, 0.4702449, 0.6006796, 1
0.1555496, 0.4299603, 0.6365186, 1
0.4575859, 0.4742585, 0.5765111, 1
0.2565514, 0.4627326, 0.7430554, 1
0.6315434, 0.4116654, 0.2762443, 1
0.500923, 0.4225734, 0.2819439, 1
0.6735588, 0.4515564, 0.3298363, 1
0.5683152, 0.4430411, 0.3579914, 1
0.5286855, 0.4233171, 0.4781799, 1
0.6475824, 0.5019789, 0.8114733, 1
0.4247902, 0.5039292, 0.6425235, 1
0.4479183, 0.4896201, 0.5371695, 1
0.3288511, 0.4186365, 0.5705217, 1
0.8373109, 0.449328, 0.3701347, 1
0.2275506, 0.4744735, 0.6439717, 1
0.1933741, 0.474172, 0.7306625, 1
0.8125446, 0.5311951, 0.6808486, 1
0.7635257, 0.4638708, 0.5920576, 1
0.1154554, 0.4149283, 0.5480337, 1
0.7404414, 0.392902, 0.1932805, 1
0.5219872, 0.461821, 0.6051927, 1
0.3062403, 0.4843474, 0.6877732, 1
0.6123363, 0.5181736, 0.7637095, 1
0.1957558, 0.4357039, 0.5419463, 1
0.6229774, 0.4977839, 0.7887401, 1
0.4986936, 0.3774242, 0.1767031, 1
0.8605829, 0.4937326, 0.342101, 1
0.8461523, 0.4945339, 0.5500546, 1
0.3955198, 0.3854904, 0.3832035, 1
0.3554297, 0.4587149, 0.5702059, 1
0.7045447, 0.4437831, 0.2882094, 1
0.563859, 0.4281332, 0.4885502, 1
0.7619197, 0.4488938, 0.2859707, 1
0.3072921, 0.4345193, 0.6278924, 1
0.1054669, 0.4426925, 0.5614749, 1
0.7489416, 0.4954442, 0.4617394, 1
0.4225833, 0.4327131, 0.3778813, 1
0.5572761, 0.4277087, 0.1710207, 1
0.2615946, 0.3848217, 0.2449687, 1
0.3282249, 0.4781104, 0.526406, 1
0.6170733, 0.4125201, 0.3935124, 1
0.250393, 0.3934484, 0.4633864, 1
0.7990119, 0.5198014, 0.5595327, 1
0.1609829, 0.4253777, 0.3592264, 1
0.1805058, 0.3971283, 0.5084367, 1
0.3431589, 0.4913098, 0.6067675, 1
0.3991323, 0.4911016, 0.8654212, 1
0.4023015, 0.4425235, 0.6544206, 1
0.6137069, 0.4375567, 0.2663816, 1
0.3149528, 0.4250807, 0.3768731, 1
0.85677, 0.4944127, 0.6714959, 1
0.7704663, 0.4158843, 0.2398443, 1
0.2794147, 0.4764511, 0.8142146, 1
0.2580848, 0.4988261, 0.6994781, 1
0.6465403, 0.4678262, 0.4559105, 1
0.5634733, 0.4293305, 0.2553889, 1
0.2582536, 0.4486321, 0.6167833, 1
0.3199183, 0.4051758, 0.3436139, 1
0.4087463, 0.3803473, 0.3313627, 1
0.7905336, 0.5156502, 0.4940404, 1
0.6612391, 0.4872281, 0.4896642, 1
0.6427163, 0.5064437, 0.5063449, 1
0.372494, 0.4964595, 0.7192245, 1
0.7525647, 0.4041615, 0.2773861, 1
0.6640166, 0.5182039, 0.8229625, 1
0.4743968, 0.384326, 0.1854291, 1
0.1933977, 0.3973629, 0.5051159, 1
0.5300512, 0.483778, 0.4955497, 1
0.2117534, 0.4755969, 0.5976195, 1
0.6625992, 0.4395028, 0.3140633, 1
0.8649573, 0.4957138, 0.3657183, 1
0.5992251, 0.4392128, 0.2387563, 1
0.3493426, 0.4425531, 0.6840738, 1
0.5189245, 0.5109836, 0.7890784, 1
0.4784141, 0.5317437, 0.7882081, 1
0.8094817, 0.4618193, 0.2970481, 1
0.5226288, 0.4842546, 0.6139852, 1
0.3939475, 0.4894791, 0.8184838, 1
0.378689, 0.4537438, 0.6655945, 1
0.1422608, 0.3871025, 0.3807349, 1
0.2370262, 0.448787, 0.7427056, 1
0.1764877, 0.4312748, 0.4919189, 1
0.7810156, 0.5356238, 0.6139804, 1
0.7763272, 0.4444912, 0.3285358, 1
0.3006957, 0.4887536, 0.6234995, 1
0.6207906, 0.4628914, 0.3886331, 1
0.5666981, 0.4782544, 0.5855653, 1
0.5468496, 0.5581499, 0.8623113, 1
0.4567598, 0.3994316, 0.2461979, 1
0.422645, 0.4899218, 0.5875022, 1
0.4061884, 0.3802603, 0.1998049, 1
0.7836, 0.4256141, 0.2638898, 1
0.847558, 0.4858957, 0.4645627, 1
0.6587442, 0.4572823, 0.5902396, 1
0.3802717, 0.3904713, 0.4061056, 1
0.7067949, 0.4442558, 0.1729219, 1
0.868744, 0.4760602, 0.5262791, 1
0.4542046, 0.4811064, 0.5355965, 1
0.7537696, 0.4219457, 0.2118399, 1
0.5075235, 0.5088858, 0.5870895, 1
0.6901388, 0.4002347, 0.1575352, 1
0.1165938, 0.4036201, 0.5529807, 1
0.4762736, 0.4171949, 0.1476992, 1
0.4398744, 0.5322829, 0.7810723, 1
0.4323862, 0.4257476, 0.4791692, 1
0.3692638, 0.3691675, 0.1956625, 1
0.2506708, 0.4222519, 0.4603978, 1
0.1819872, 0.3959296, 0.2840548, 1
0.4586395, 0.4384058, 0.2610008, 1
0.5661436, 0.3886669, 0.1632855, 1
0.3832082, 0.3961522, 0.1329887, 1
0.227866, 0.4556633, 0.5250135, 1
0.4880382, 0.4106621, 0.3830821, 1
0.2494926, 0.3936701, 0.4159465, 1
0.3044558, 0.505102, 0.7475135, 1
0.7074208, 0.4973299, 0.7475438, 1
0.4368666, 0.3461221, 0.1470752, 1
0.448239, 0.4311958, 0.4437318, 1
0.7936019, 0.5420939, 0.6390538, 1
0.3462195, 0.4603034, 0.7442946, 1
0.3897699, 0.5384024, 0.8698298, 1
0.3767633, 0.3875203, 0.3941562, 1
0.5091385, 0.5092375, 0.5819779, 1
0.588781, 0.4561853, 0.6037652, 1
0.1615024, 0.3878734, 0.5093506, 1
0.4243555, 0.4877356, 0.5171235, 1
0.2918086, 0.4574559, 0.6026362, 1
0.4585337, 0.5155839, 0.7994472, 1
0.2141425, 0.4537621, 0.4632863, 1
0.2744737, 0.4469952, 0.5688378, 1
0.2162644, 0.4443896, 0.5933227, 1
0.3720624, 0.4389661, 0.6575185, 1
0.4578207, 0.4537738, 0.3946224, 1
0.1919769, 0.4084522, 0.2618716, 1
0.2419143, 0.4509553, 0.701973, 1
0.5381486, 0.4787148, 0.6117293, 1
0.524132, 0.4692813, 0.4861586, 1
0.8141819, 0.4717525, 0.3259497, 1
0.3627062, 0.4558552, 0.6257307, 1
0.4651034, 0.4278536, 0.5522605, 1
0.7581677, 0.4726105, 0.5532988, 1
0.7789282, 0.503058, 0.5935925, 1
0.7282038, 0.4518081, 0.2849809, 1
0.1808439, 0.3619672, 0.3576539, 1
0.2546292, 0.3596468, 0.1978404, 1
0.3903887, 0.4601584, 0.7248256, 1
0.6544986, 0.4374106, 0.2950693, 1
0.2104053, 0.4368833, 0.4613503, 1
0.3254086, 0.4018913, 0.312899, 1
0.1503971, 0.4367568, 0.4924335, 1
0.3230079, 0.4903169, 0.8024582, 1
0.2217796, 0.3884603, 0.2278162, 1
0.5048962, 0.4323914, 0.5065897, 1
0.6357985, 0.4976407, 0.4608191, 1
0.6184905, 0.4622938, 0.3335254, 1
0.416243, 0.5024908, 0.6242121, 1
0.7748841, 0.4857803, 0.5412758, 1
0.1511445, 0.4376791, 0.5428474, 1
0.6479934, 0.4689616, 0.4188104, 1
0.3987085, 0.3609498, 0.1970307, 1
0.2288334, 0.4748302, 0.788758, 1
0.1378588, 0.4795827, 0.6628005, 1
0.1758266, 0.3573145, 0.2869746, 1
0.6404421, 0.5340318, 0.6447183, 1
0.2621834, 0.5019142, 0.720724, 1
0.5888113, 0.3875684, 0.1522378, 1
0.3638949, 0.4416375, 0.4985815, 1
0.4296853, 0.416307, 0.2645486, 1
0.5617697, 0.4091668, 0.4150904, 1
0.6154469, 0.4166634, 0.3502822, 1
0.5696277, 0.479456, 0.7102391, 1
0.5540556, 0.4108379, 0.3428866, 1
0.6111836, 0.488472, 0.7686936, 1
0.7763593, 0.4947424, 0.4330561, 1
0.5851521, 0.4239456, 0.3070469, 1
0.8391013, 0.5185486, 0.6910051, 1
0.6625032, 0.4247898, 0.2397229, 1
0.6041348, 0.4899918, 0.7766999, 1
0.1168484, 0.3926793, 0.4433357, 1
0.7978318, 0.4402872, 0.3402658, 1
0.2111237, 0.4880186, 0.7280604, 1
0.8259234, 0.4935144, 0.4765049, 1
0.6473066, 0.3903774, 0.1564905, 1
0.2701967, 0.4543369, 0.7914619, 1
0.2442329, 0.4015655, 0.3543873, 1
0.4177387, 0.3952303, 0.26188, 1
0.6018577, 0.4292839, 0.3905666, 1
0.3269783, 0.4140339, 0.3832132, 1
0.850885, 0.4879062, 0.5269663, 1
0.3901034, 0.4054083, 0.3894904, 1
0.4352109, 0.4512882, 0.4622772, 1
0.5247328, 0.43522, 0.5134122, 1
0.6128129, 0.4517095, 0.6024233, 1
0.2471696, 0.3406587, 0.2241915, 1
0.3130804, 0.4369812, 0.5005207, 1
0.36273, 0.3884414, 0.2063073, 1
0.8371168, 0.5560515, 0.691769, 1
0.3211765, 0.4540158, 0.4743539, 1
0.8996412, 0.508159, 0.5150309, 1
0.245552, 0.4277115, 0.3667959, 1
0.1817303, 0.4733602, 0.6396893, 1
0.6798613, 0.4986802, 0.6021432, 1
0.5982233, 0.5029569, 0.8530083, 1
0.6684587, 0.4525649, 0.3354718, 1
0.690078, 0.4822074, 0.6614764, 1
0.4136804, 0.3527686, 0.2034507, 1
0.540004, 0.4955559, 0.5262743, 1
0.7361323, 0.3958455, 0.1828474, 1
0.4023088, 0.474017, 0.6295006, 1
0.8132882, 0.5034797, 0.6756563, 1
0.4591611, 0.5256605, 0.8411372, 1
0.5774278, 0.4130491, 0.1375236, 1
0.3802526, 0.5264547, 0.8424882, 1
0.5732192, 0.4629472, 0.4783204, 1
0.8182117, 0.4813457, 0.4231273, 1
0.2659935, 0.4703401, 0.5738608, 1
0.4366523, 0.4201812, 0.358214, 1
0.2050489, 0.4038264, 0.4169582, 1
0.7343903, 0.4948609, 0.4856069, 1
0.1517991, 0.4046972, 0.3570743, 1
0.6912941, 0.491461, 0.4509696, 1
0.5152175, 0.4239397, 0.4121113, 1
0.7161945, 0.4170396, 0.2410878, 1
0.8071555, 0.4751733, 0.3942553, 1
0.6585968, 0.5015838, 0.5666814, 1
0.5838282, 0.3657083, 0.1784562, 1
0.6407399, 0.4869039, 0.6464701, 1
0.3530807, 0.4522862, 0.5884708, 1
0.8402538, 0.5199243, 0.6491566, 1
0.4554556, 0.4289884, 0.2846467, 1
0.2252874, 0.4763985, 0.6272827, 1
0.2870985, 0.3926352, 0.2302285, 1
0.5888341, 0.5117595, 0.633407, 1
0.1679584, 0.4208804, 0.3808729, 1
0.4882534, 0.4394134, 0.2942062, 1
0.1947631, 0.4393531, 0.5972018, 1
0.2671765, 0.4626908, 0.7293077, 1
0.2965736, 0.4089546, 0.3307222, 1
0.5564604, 0.5303453, 0.8856302, 1
0.5763677, 0.4771576, 0.4823956, 1
0.5683484, 0.4702307, 0.5537878, 1
0.3239375, 0.402854, 0.2910022, 1
0.4431144, 0.4340937, 0.2369552, 1
0.4292583, 0.4571157, 0.6648055, 1
0.8772212, 0.4532432, 0.3738687, 1
0.4249912, 0.3631816, 0.1538634, 1
0.4729008, 0.3469177, 0.1391349, 1
0.6937813, 0.4985945, 0.6663212, 1
0.5360837, 0.4649869, 0.5596915, 1
0.6530926, 0.4291153, 0.4662504, 1
0.3117858, 0.3654799, 0.2686417, 1
0.859609, 0.5007002, 0.4918421, 1
0.3616679, 0.4930736, 0.6833273, 1
0.4896244, 0.4825758, 0.4863347, 1
0.3534915, 0.3960626, 0.2995686, 1
0.764812, 0.4863498, 0.6764449, 1
0.2673585, 0.3507228, 0.2076705, 1
0.3124071, 0.3614615, 0.2812901, 1
0.3895322, 0.5172092, 0.72156, 1
0.4063689, 0.4055893, 0.1405893, 1
0.7403613, 0.4570692, 0.5393366, 1
0.6232722, 0.4432016, 0.284839, 1
0.591947, 0.5145839, 0.7261707, 1
0.4889769, 0.4637818, 0.5693257, 1
0.5067084, 0.4331124, 0.2344194, 1
0.7953423, 0.4759522, 0.5599015, 1
0.5669193, 0.434136, 0.2850007, 1
0.4375235, 0.4410616, 0.4081503, 1
0.1297571, 0.3944591, 0.3717939, 1
0.2520048, 0.5142996, 0.7740575, 1
0.5313495, 0.4472773, 0.2668914, 1
0.5481021, 0.5278879, 0.6941965, 1
0.1791937, 0.4331408, 0.5013607, 1
0.5097328, 0.4844152, 0.672023, 1
0.6257356, 0.5436374, 0.8638092, 1
0.1621719, 0.4146526, 0.5450237, 1
0.67054, 0.4542774, 0.3367177, 1
0.4939862, 0.4253482, 0.5265689, 1
0.712864, 0.4109032, 0.2343379, 1
0.2392511, 0.4428495, 0.3892592, 1
0.5165454, 0.523945, 0.7251633, 1
0.1773322, 0.4161468, 0.4080941, 1
0.4439822, 0.4969341, 0.6754856, 1
0.5330404, 0.5101321, 0.8965516, 1
0.4361534, 0.4188936, 0.2728071, 1
0.2990016, 0.3917929, 0.2282929, 1
0.3636954, 0.4354366, 0.3781075, 1
0.3629535, 0.3924293, 0.2275617, 1
0.3476172, 0.4312068, 0.3532578, 1
0.2725964, 0.4979442, 0.8119436, 1
0.2748231, 0.4138616, 0.3869643, 1
0.506469, 0.4748957, 0.7804869, 1
0.3640314, 0.5078526, 0.8044125, 1
0.3239601, 0.4964554, 0.6945832, 1
0.5857069, 0.506035, 0.646717, 1
0.784873, 0.4920407, 0.594058, 1
0.4374773, 0.452656, 0.4431634, 1
0.5376685, 0.5505862, 0.7858509, 1
0.714914, 0.4791459, 0.5404365, 1
0.2754894, 0.3724446, 0.3206399, 1
0.6049185, 0.5073569, 0.5674275, 1
0.5684413, 0.4779863, 0.5940778, 1
0.3152643, 0.4756636, 0.6104797, 1
0.6913114, 0.5021012, 0.5094196, 1
0.8221592, 0.4976181, 0.4715354, 1
0.6143114, 0.5146609, 0.8550593, 1
0.5049834, 0.4136862, 0.4177532, 1
0.5553425, 0.5197398, 0.6255218, 1
0.417123, 0.4503504, 0.5583176, 1
0.5261721, 0.5148127, 0.8792683, 1
0.2339142, 0.4440789, 0.6251554, 1
0.1769086, 0.3703406, 0.3068431, 1
0.4643952, 0.4921285, 0.6719616, 1
0.4983158, 0.4646575, 0.507066, 1
0.5019842, 0.4061958, 0.3628836, 1
0.2996345, 0.5161143, 0.731299, 1
0.7420532, 0.5420703, 0.8070863, 1
0.2843933, 0.4278471, 0.3772834, 1
0.1549134, 0.4344818, 0.5699613, 1
0.6761827, 0.3978232, 0.1530796, 1
0.5666445, 0.4514851, 0.5936688, 1
0.2764113, 0.4796227, 0.7783394, 1
0.593205, 0.4133685, 0.1337818, 1
0.3636406, 0.4305798, 0.601866, 1
0.3855495, 0.4418548, 0.6802155, 1
0.4480726, 0.4908127, 0.8179346, 1
0.8436912, 0.5157213, 0.5006699, 1
0.7168338, 0.5263335, 0.7615014, 1
0.6504274, 0.5269915, 0.692537, 1
0.7198163, 0.565329, 0.7808937, 1
0.227028, 0.4206322, 0.383986, 1
0.1587664, 0.4118907, 0.4996701, 1
0.4735655, 0.4910149, 0.5248453, 1
0.2022536, 0.4457789, 0.4370878, 1
0.5388576, 0.393748, 0.3293223, 1
0.3184417, 0.4911099, 0.8058361, 1
0.4942218, 0.476951, 0.6266478, 1
0.6980094, 0.524398, 0.57793, 1
0.3523351, 0.4337857, 0.2853446, 1
0.2701504, 0.3912331, 0.4792379, 1
0.7416525, 0.4462617, 0.2354534, 1
0.5497417, 0.5031109, 0.809177, 1
0.3424206, 0.5366457, 0.858954, 1
0.6783975, 0.4393964, 0.1675926, 1
0.845334, 0.4643498, 0.5215393, 1
0.2523283, 0.4516985, 0.6204812, 1
0.5064081, 0.4532052, 0.6624534, 1
0.3791881, 0.3612352, 0.2414284, 1
0.2894216, 0.4242147, 0.6235155, 1
0.4268022, 0.493397, 0.7615067, 1
0.4018299, 0.4283798, 0.3354736, 1
0.1976802, 0.4662886, 0.7492822, 1
0.2017997, 0.4768789, 0.6511287, 1
0.3107361, 0.3736883, 0.2123793, 1
0.3949814, 0.4003727, 0.2130224, 1
0.3467018, 0.4273156, 0.5263653, 1
0.3898946, 0.4877841, 0.6375691, 1
0.2850516, 0.3700576, 0.2862502, 1
0.4177135, 0.5404693, 0.824707, 1
0.8419955, 0.4242774, 0.2869545, 1
0.596994, 0.4696291, 0.3456308, 1
0.7992421, 0.4319704, 0.286096, 1
0.5122674, 0.4672971, 0.5251521, 1
0.7682259, 0.4439278, 0.4173762, 1
0.8620148, 0.4958653, 0.6437358, 1
0.2971891, 0.4862658, 0.6764609, 1
0.7247979, 0.4377583, 0.1679321, 1
0.8504069, 0.4270543, 0.3437565, 1
0.5919477, 0.4180793, 0.247977, 1
0.3432639, 0.5003778, 0.8525982, 1
0.3595222, 0.4479856, 0.3786913, 1
0.6558058, 0.4330318, 0.3413431, 1
0.164655, 0.4984775, 0.7151796, 1
0.2871975, 0.4559698, 0.7887369, 1
0.1851436, 0.4304599, 0.4814624, 1
0.5831116, 0.4956798, 0.5456761, 1
0.296759, 0.524487, 0.8281381, 1
0.4806036, 0.4929613, 0.5992156, 1
0.5554988, 0.3706517, 0.1220039, 1
0.6194144, 0.4563963, 0.3661458, 1
0.7161185, 0.5274558, 0.6838109, 1
0.5851192, 0.4181319, 0.4521443, 1
0.5598, 0.4437169, 0.3797213, 1
0.1566015, 0.4229547, 0.5190758, 1
0.6617833, 0.5464886, 0.7951489, 1
0.236999, 0.4641767, 0.6142322, 1
0.5677229, 0.5084324, 0.7791903, 1
0.427725, 0.4563402, 0.4809995, 1
0.2922385, 0.4039499, 0.5012657, 1
0.7574664, 0.5247951, 0.5922297, 1
0.7043015, 0.5328258, 0.72434, 1
0.4318589, 0.3861898, 0.2039771, 1
0.2646873, 0.4451621, 0.5518385, 1
0.4786903, 0.5051158, 0.8300791, 1
0.2388001, 0.4840055, 0.7252516, 1
0.6133583, 0.4382417, 0.3880738, 1
0.4164385, 0.4565035, 0.7088387, 1
0.4927459, 0.5210335, 0.8760286, 1
0.4918071, 0.3893442, 0.1058178, 1
0.2681523, 0.4175374, 0.3313658, 1
0.6812223, 0.3947581, 0.2398089, 1
0.6995534, 0.401329, 0.1581393, 1
0.3121616, 0.4505743, 0.490097, 1
0.4026765, 0.4180302, 0.2341725, 1
0.2632594, 0.401968, 0.2309773, 1
0.2321938, 0.423499, 0.520227, 1
0.6740184, 0.4833603, 0.6664791, 1
0.3843278, 0.4783599, 0.7213525, 1
0.2722326, 0.4504273, 0.7540352, 1
0.8203457, 0.4794988, 0.4623806, 1
0.8646423, 0.4984796, 0.3826031, 1
0.7458107, 0.5500252, 0.7660603, 1
0.8413391, 0.5408973, 0.6848074, 1
0.4772521, 0.4225597, 0.203788, 1
0.5553249, 0.4574654, 0.570038, 1
0.6573042, 0.5461216, 0.773912, 1
0.3983458, 0.4915892, 0.7823275, 1
0.6049414, 0.4370554, 0.2614857, 1
0.4851505, 0.5146518, 0.8352377, 1
0.4949175, 0.4964925, 0.6623681, 1
0.7310793, 0.551317, 0.7819414, 1
0.4045351, 0.5349197, 0.8109692, 1
0.2617664, 0.4704396, 0.5989723, 1
0.1338639, 0.4230656, 0.3617695, 1
0.4506932, 0.4078813, 0.1702938, 1
0.225105, 0.4374587, 0.4879972, 1
0.5682191, 0.4656381, 0.3795803, 1
0.6248378, 0.5058203, 0.5908868, 1
0.5198206, 0.4933509, 0.6581601, 1
0.7711056, 0.5403272, 0.617661, 1
0.439648, 0.4720193, 0.473105, 1
0.5802531, 0.4414977, 0.2878846, 1
0.4288005, 0.4888898, 0.8851306, 1
0.6198486, 0.4140998, 0.2562255, 1
0.6146196, 0.4603293, 0.5504283, 1
0.4768441, 0.4386624, 0.5885827, 1
0.5061957, 0.3702742, 0.1693422, 1
0.3974683, 0.3997881, 0.3305186, 1
0.1628923, 0.3767992, 0.3784567, 1
0.5562097, 0.5037644, 0.5814789, 1
0.7389883, 0.494872, 0.4194431, 1
0.1499201, 0.4096573, 0.5730625, 1
0.6402818, 0.5649527, 0.8380361, 1
0.2973154, 0.4481252, 0.6740564, 1
0.4173167, 0.424292, 0.4575608, 1
0.8154762, 0.5247948, 0.5528236, 1
0.4708636, 0.5051498, 0.8122435, 1
0.2777065, 0.4175914, 0.4052502, 1
0.1560661, 0.4320697, 0.6556835, 1
0.3692372, 0.4419881, 0.5296431, 1
0.5158687, 0.4702245, 0.555694, 1
0.5993915, 0.4652995, 0.4704213, 1
0.576456, 0.5041016, 0.6118945, 1
0.7664483, 0.4539905, 0.2757437, 1
0.8614274, 0.5002073, 0.3593903, 1
0.2566751, 0.4473499, 0.7031523, 1
0.5325024, 0.4845267, 0.6784784, 1
0.6012338, 0.4645885, 0.528702, 1
0.3883533, 0.4240052, 0.2782404, 1
0.4560106, 0.5172481, 0.8600514, 1
0.4928793, 0.4768043, 0.6137007, 1
0.47506, 0.4479238, 0.4633374, 1
0.3555768, 0.3933832, 0.2195279, 1
0.7336357, 0.5353292, 0.7517297, 1
0.2132221, 0.4047495, 0.3760098, 1
0.630605, 0.4349672, 0.2132073, 1
0.3360786, 0.3533852, 0.2404082, 1
0.2233091, 0.4354669, 0.6017652, 1
0.4217827, 0.4458636, 0.6790671, 1
0.5311127, 0.5276712, 0.7325516, 1
0.5786865, 0.4500537, 0.5224755, 1
0.7644195, 0.4908496, 0.4731292, 1
0.6606961, 0.5012966, 0.8157786, 1
0.5902964, 0.377762, 0.1213329, 1
0.1518354, 0.4029598, 0.3520906, 1
0.1280214, 0.3860088, 0.3949082, 1
0.692166, 0.5344177, 0.6967602, 1
0.6243764, 0.4174524, 0.1927947, 1
0.6762961, 0.5174732, 0.6300718, 1
0.5738714, 0.4626526, 0.6526875, 1
0.6875141, 0.4352401, 0.451367, 1
0.8527067, 0.5047678, 0.4829321, 1
0.310646, 0.3745273, 0.3408579, 1
0.4624891, 0.4823109, 0.7123438, 1
0.8125369, 0.473675, 0.478752, 1
0.8259716, 0.4891968, 0.3266683, 1
0.7065545, 0.4086395, 0.2933451, 1
0.8454298, 0.4663819, 0.4314005, 1
0.6310716, 0.4707221, 0.6703222, 1
0.5277255, 0.5137696, 0.8389971, 1
0.4883164, 0.4970018, 0.8928998, 1
0.7273037, 0.3921985, 0.1952338, 1
0.881966, 0.4741681, 0.4121253, 1
0.5051339, 0.4732699, 0.6712739, 1
0.4395959, 0.4105515, 0.4060681, 1
0.5898283, 0.5650764, 0.8354192, 1
0.4868755, 0.4963878, 0.7941179, 1
0.7421754, 0.4892264, 0.6979527, 1
0.7349277, 0.4237056, 0.3052381, 1
0.7118372, 0.5211932, 0.7465712, 1
0.6147943, 0.5362629, 0.6733727, 1
0.4192618, 0.4950847, 0.7805559, 1
0.4821656, 0.4438886, 0.4161094, 1
0.7421264, 0.4993439, 0.4489665, 1
0.7785025, 0.4870521, 0.5049353, 1
0.3246559, 0.3679515, 0.2152985, 1
0.1532029, 0.4601912, 0.6133298, 1
0.7131309, 0.5500532, 0.8056675, 1
0.5590447, 0.4494851, 0.484721, 1
0.5343765, 0.4584727, 0.4754896, 1
0.3869183, 0.3806475, 0.2003113, 1
0.7299205, 0.4991662, 0.448134, 1
0.1244361, 0.4131446, 0.3949999, 1
0.4553626, 0.4168476, 0.4540201, 1
0.6937656, 0.497417, 0.7913678, 1
0.4093976, 0.4625218, 0.763492, 1
0.5538424, 0.4696833, 0.5566183, 1
0.4593625, 0.3814613, 0.1104753, 1
0.2412698, 0.3902576, 0.2201012, 1
0.5330297, 0.4139138, 0.2961713, 1
0.6063467, 0.4415178, 0.2550978, 1
0.2171819, 0.4389372, 0.5053435, 1
0.4845823, 0.4780261, 0.5516348, 1
0.4012926, 0.4043262, 0.2532646, 1
0.7023835, 0.4855349, 0.6816709, 1
0.4511259, 0.5299621, 0.7691758, 1
0.5591844, 0.4225691, 0.3179929, 1
0.8949317, 0.4698007, 0.5188869, 1
0.7217835, 0.4704367, 0.3700526, 1
0.7972184, 0.4800062, 0.6391698, 1
0.828938, 0.5028993, 0.6515425, 1
0.1455355, 0.4216157, 0.4689502, 1
0.642436, 0.414703, 0.3017116, 1
0.2549554, 0.4607055, 0.760465, 1
0.1901957, 0.4591739, 0.5858715, 1
0.3988638, 0.4861299, 0.7018439, 1
0.617296, 0.4399254, 0.4897789, 1
0.5120487, 0.4427864, 0.5900304, 1
0.3083203, 0.3704071, 0.2288893, 1
0.3768024, 0.5137047, 0.8716735, 1
0.2156882, 0.4525895, 0.4463542, 1
0.6703346, 0.5053656, 0.5942725, 1
0.7388075, 0.4263903, 0.2563474, 1
0.354302, 0.4920214, 0.6453743, 1
0.4380004, 0.4870748, 0.741261, 1
0.446888, 0.4064961, 0.3099551, 1
0.6056234, 0.45844, 0.3321376, 1
0.248956, 0.3966219, 0.3937887, 1
0.6760477, 0.5012096, 0.817131, 1
0.533239, 0.4403903, 0.514905, 1
0.8713552, 0.5012025, 0.512438, 1
0.4942573, 0.4450294, 0.4779048, 1
0.3903091, 0.4822365, 0.7157619, 1
0.3130282, 0.456078, 0.4589328, 1
0.213974, 0.4613616, 0.5421104, 1
0.6451108, 0.494223, 0.6863583, 1
0.3297125, 0.4071553, 0.3498419, 1
0.6115785, 0.4888542, 0.7608649, 1
0.2849228, 0.497523, 0.6742634, 1
0.4642153, 0.5324896, 0.746822, 1
0.1117784, 0.4246326, 0.4264953, 1
0.766566, 0.4732145, 0.3606987, 1
0.479341, 0.5047948, 0.8662547, 1
0.6410788, 0.4283228, 0.4060215, 1
0.6230371, 0.5594621, 0.8428727, 1
0.3090933, 0.3893222, 0.303688, 1
0.3082614, 0.4149531, 0.3834814, 1
0.6468263, 0.4494739, 0.2783614, 1
0.4836946, 0.398538, 0.379369, 1
0.5573719, 0.4235693, 0.3705308, 1
0.4427648, 0.5089384, 0.7456714, 1
0.5751994, 0.3844491, 0.183724, 1
0.2246432, 0.4223906, 0.3664325, 1
0.1925579, 0.4003919, 0.4939893, 1
0.2845432, 0.3965923, 0.2362875, 1
0.3822114, 0.4484908, 0.6707405, 1
0.8575343, 0.4976224, 0.3807899, 1
0.797811, 0.4637796, 0.2915165, 1
0.3116523, 0.3815321, 0.296355, 1
0.3067872, 0.4460958, 0.6479167, 1
0.3615047, 0.445661, 0.4054772, 1
0.5583683, 0.4322966, 0.4631836, 1
0.1860901, 0.4331056, 0.5866653, 1
0.4862915, 0.4858663, 0.6303087, 1
0.7224586, 0.4246804, 0.3315095, 1
0.2220921, 0.4758237, 0.6600254, 1
0.8016208, 0.4504801, 0.4745012, 1
0.4360565, 0.5047247, 0.773961, 1
0.7506188, 0.4562252, 0.3155371, 1
0.3857796, 0.542302, 0.82147, 1
0.5724766, 0.543149, 0.7605177, 1
0.2757692, 0.4499185, 0.7629315, 1
0.5582165, 0.4986174, 0.7098756, 1
0.1572518, 0.3857717, 0.3751167, 1
0.5375559, 0.4671894, 0.7044647, 1
0.5872871, 0.5257529, 0.7922956, 1
0.3624958, 0.5122345, 0.7396992, 1
0.4105703, 0.4374847, 0.4686272, 1
0.4166223, 0.3949889, 0.3449436, 1
0.7283681, 0.4110346, 0.2354184, 1
0.6732541, 0.4101922, 0.3035292, 1
0.7645491, 0.4672974, 0.543811, 1
0.6439726, 0.4948082, 0.6336818, 1
0.1423716, 0.4186804, 0.4393169, 1
0.4200762, 0.4333962, 0.4204012, 1
0.4407988, 0.4138941, 0.1995276, 1
0.7664558, 0.448489, 0.4000603, 1
0.7116382, 0.426601, 0.3216691, 1
0.6426889, 0.3815517, 0.1563842, 1
0.432716, 0.4702814, 0.4301622, 1
0.815442, 0.4779985, 0.5734013, 1
0.6338975, 0.4787892, 0.4552172, 1
0.4424117, 0.3847772, 0.1157158, 1
0.5776019, 0.3758089, 0.1658538, 1
0.2092331, 0.431808, 0.4488313, 1
0.364382, 0.4381214, 0.2951332, 1
0.5975887, 0.4829638, 0.5141495, 1
0.5309568, 0.4114233, 0.3929029, 1
0.2645867, 0.4825552, 0.7929444, 1
0.6223713, 0.4552189, 0.3368854, 1
0.3122692, 0.5120146, 0.7848807, 1
0.402349, 0.3918394, 0.3613353, 1
0.4512503, 0.4386898, 0.4749787, 1
0.8357515, 0.5149028, 0.4442621, 1
0.2619216, 0.5095746, 0.7839831, 1
0.1624674, 0.4387741, 0.5683085, 1
0.6942269, 0.4340736, 0.3196944, 1
0.3626643, 0.4845351, 0.8432221, 1
0.7163592, 0.5706795, 0.8180749, 1
0.5267256, 0.4744404, 0.4689936, 1
0.1281022, 0.475351, 0.6205246, 1
0.3587773, 0.4084002, 0.4055967, 1
0.6568283, 0.4904056, 0.6477351, 1
0.5210308, 0.5028808, 0.7274444, 1
0.2115085, 0.4485379, 0.5058212, 1
0.3906779, 0.4394276, 0.3546944, 1
0.8376203, 0.5162809, 0.5418531, 1
0.4143961, 0.421131, 0.4518236, 1
0.5559273, 0.5233923, 0.8610483, 1
0.4516574, 0.3748027, 0.2711973, 1
0.292474, 0.4312608, 0.3916351, 1
0.4568186, 0.4125668, 0.4587049, 1
0.2835638, 0.3926831, 0.2256624, 1
0.5803308, 0.4737057, 0.6024463, 1
0.5558609, 0.4684143, 0.7151065, 1
0.6275833, 0.385115, 0.2047779, 1
0.5263297, 0.4216034, 0.2005448, 1
0.6555455, 0.4460038, 0.330825, 1
0.5708964, 0.5034527, 0.8361829, 1
0.2675611, 0.4292352, 0.4400055, 1
0.6732097, 0.4217391, 0.2224001, 1
0.1328399, 0.3966615, 0.497249, 1
0.7574481, 0.4636372, 0.4956812, 1
0.6739143, 0.3948594, 0.2420968, 1
0.4193494, 0.3704401, 0.2407461, 1
0.3875779, 0.4862326, 0.7789284, 1
0.6604165, 0.4989153, 0.7459651, 1
0.767939, 0.4791625, 0.6257066, 1
0.2584426, 0.3799165, 0.2770871, 1
0.3513366, 0.4242299, 0.3284147, 1
0.3495217, 0.4594319, 0.6977109, 1
0.8459898, 0.527887, 0.567025, 1
0.4409649, 0.4064329, 0.1474076, 1
0.7461416, 0.4611727, 0.4202933, 1
0.7522528, 0.4475959, 0.4086557, 1
0.4921733, 0.412523, 0.3920755, 1
0.621578, 0.4627394, 0.512345, 1
0.4608678, 0.4832858, 0.6145739, 1
0.312943, 0.4488507, 0.4875511, 1
0.589821, 0.4376147, 0.4573095, 1
0.1391269, 0.4261687, 0.384518, 1
0.2340455, 0.4517691, 0.4533313, 1
0.425075, 0.4463155, 0.5735095, 1
0.1708702, 0.4002896, 0.3210565, 1
0.2673192, 0.4350419, 0.6276149, 1
0.8690099, 0.4903868, 0.3701589, 1
0.4893315, 0.5209555, 0.7521265, 1
0.7805471, 0.4116537, 0.2274883, 1
0.3653924, 0.375948, 0.2033623, 1
0.79095, 0.4730027, 0.5589947, 1
0.479708, 0.3971432, 0.1148256, 1
0.7539895, 0.4676825, 0.3508445, 1
0.6407505, 0.5174614, 0.7999865, 1
0.5316426, 0.397694, 0.2954135, 1
0.1733777, 0.4538527, 0.5314262, 1
0.2360754, 0.3724332, 0.3442905, 1
0.5639442, 0.3836507, 0.2482707, 1
0.4723118, 0.457826, 0.5762432, 1
0.6256558, 0.4578106, 0.4964056, 1
0.3154953, 0.4886312, 0.8514371, 1
0.4186174, 0.4229762, 0.3639172, 1
0.3442897, 0.4379038, 0.6278324, 1
0.6798876, 0.4597212, 0.5229321, 1
0.4086073, 0.4099367, 0.3247384, 1
0.6107806, 0.5331634, 0.7188115, 1
0.6343822, 0.5169256, 0.5880949, 1
0.7267568, 0.5024632, 0.5369048, 1
0.6070768, 0.4289649, 0.1283595, 1
0.5174498, 0.5431749, 0.8529981, 1
0.4423754, 0.4533582, 0.4561107, 1
0.3128474, 0.3767498, 0.3301331, 1
0.4770828, 0.5311637, 0.8275349, 1
0.8937688, 0.5158573, 0.5316517, 1
0.4239942, 0.4458871, 0.499228, 1
0.603102, 0.4331065, 0.2135695, 1
0.407187, 0.4612624, 0.5457959, 1
0.7214091, 0.4433377, 0.3837321, 1
0.6692039, 0.5157099, 0.7470263, 1
0.3348409, 0.3978692, 0.1540394, 1
0.5782135, 0.4554046, 0.3554862, 1
0.509124, 0.4331506, 0.3892821, 1
0.5159165, 0.4184144, 0.1404713, 1
0.4805367, 0.3752547, 0.2754866, 1
0.6602784, 0.4373849, 0.5066864, 1
0.2658331, 0.4941831, 0.6772556, 1
0.5985248, 0.4355167, 0.5268872, 1
0.5456758, 0.4799451, 0.4889888, 1
0.7990503, 0.4368944, 0.2590068, 1
0.3016233, 0.3895616, 0.2899088, 1
0.802839, 0.53655, 0.5822642, 1
0.7121375, 0.4614431, 0.4962723, 1
0.7659203, 0.5371893, 0.6498045, 1
0.5105032, 0.5486614, 0.8052773, 1
0.3905765, 0.4959852, 0.7345556, 1
0.6763649, 0.5247365, 0.8259691, 1
0.3865929, 0.3664612, 0.2803161, 1
0.3714576, 0.4440901, 0.3817188, 1
0.7336135, 0.4234363, 0.2882693, 1
0.5067402, 0.4619834, 0.7018301, 1
0.7818127, 0.4794379, 0.5978681, 1
0.3372514, 0.5172385, 0.7378588, 1
0.2349133, 0.4344358, 0.4750745, 1
0.5106936, 0.4400294, 0.4956239, 1
0.2360391, 0.461788, 0.7315491, 1
0.6610726, 0.4386663, 0.3559363, 1
0.6718708, 0.5331463, 0.7868018, 1
0.6276893, 0.4842853, 0.5570549, 1
0.2505133, 0.436806, 0.5069217, 1
0.5824838, 0.5214987, 0.870507, 1
0.4741217, 0.4196342, 0.3112072, 1
0.3173747, 0.468994, 0.6998724, 1
0.3564918, 0.4104102, 0.306429, 1
0.3118477, 0.4161696, 0.4947693, 1
0.230796, 0.3700208, 0.244281, 1
0.5126793, 0.4433986, 0.5090103, 1
0.4395673, 0.4528871, 0.417899, 1
0.6495039, 0.4069766, 0.2492155, 1
0.3885268, 0.4160855, 0.3229822, 1
0.762733, 0.4934417, 0.4927428, 1
0.7121151, 0.5253567, 0.7444524, 1
0.4422779, 0.438047, 0.5407903, 1
0.2303181, 0.4083782, 0.2428477, 1
0.6438956, 0.498327, 0.4634442, 1
0.7654786, 0.5325491, 0.5872836, 1
0.3616498, 0.402641, 0.2225423, 1
0.4991505, 0.383141, 0.2732367, 1
0.5223414, 0.4349983, 0.5320229, 1
0.2220417, 0.428581, 0.6006145, 1
0.6441463, 0.5082273, 0.7884884, 1
0.861924, 0.527483, 0.6174062, 1
0.3251173, 0.4512367, 0.5853454, 1
0.5520709, 0.5094444, 0.619787, 1
0.4222248, 0.3809038, 0.1946407, 1
0.5318763, 0.4402711, 0.2528889, 1
0.7996596, 0.5080637, 0.6432152, 1
0.4174381, 0.5133379, 0.6828007, 1
0.1638059, 0.4497565, 0.6176523, 1
0.8360058, 0.5261704, 0.5980406, 1
0.5934576, 0.4113738, 0.2444225, 1
0.3537523, 0.4055378, 0.1976274, 1
0.4171869, 0.4079419, 0.1569475, 1
0.3469227, 0.4101684, 0.2903027, 1
0.5657991, 0.5588754, 0.8648655, 1
0.3707334, 0.4643074, 0.6999361, 1
0.4336143, 0.4768281, 0.8222534, 1
0.2570271, 0.4628896, 0.6605451, 1
0.2677082, 0.4165319, 0.4838098, 1
0.3911911, 0.4269314, 0.4059213, 1
0.6665934, 0.4433261, 0.3299709, 1
0.5238793, 0.4031326, 0.1645442, 1
0.3323753, 0.4120176, 0.4093748, 1
0.2864423, 0.4790247, 0.6048024, 1
0.6193864, 0.431955, 0.1793126, 1
0.7346746, 0.4472989, 0.2066804, 1
0.3040635, 0.4824685, 0.6392152, 1
0.2602173, 0.395986, 0.2976911, 1
0.3699844, 0.4871444, 0.8636468, 1
0.5880488, 0.3837228, 0.1692123, 1
0.471698, 0.4853626, 0.7427707, 1
0.5300347, 0.4672801, 0.6125038, 1
0.4819625, 0.3792815, 0.2984442, 1
0.5591338, 0.4727219, 0.4010608, 1
0.6180274, 0.5362396, 0.7895529, 1
0.3242038, 0.4104066, 0.4783274, 1
0.8446547, 0.4552333, 0.3531784, 1
0.7964854, 0.4615369, 0.2887779, 1
0.2729037, 0.4298337, 0.3944193, 1
0.2206972, 0.390084, 0.2364976, 1
0.5016217, 0.3659277, 0.2299828, 1
0.2809723, 0.3933634, 0.2878655, 1
0.347865, 0.4895028, 0.8231494, 1
0.4149257, 0.5099446, 0.8573, 1
0.4066203, 0.4691683, 0.5764716, 1
0.2903145, 0.4083332, 0.1842036, 1
0.8336707, 0.4784098, 0.5341941, 1
0.4047425, 0.4172077, 0.2565448, 1
0.666216, 0.4605995, 0.4804343, 1
0.8230755, 0.5235257, 0.7054496, 1
0.6596407, 0.5160897, 0.8354366, 1
0.356188, 0.4732962, 0.5658543, 1
0.259297, 0.47807, 0.7002012, 1
0.3557686, 0.4525373, 0.6616894, 1
0.601658, 0.4529452, 0.3228062, 1
0.6465536, 0.5140641, 0.5407376, 1
0.3890043, 0.4218382, 0.2794824, 1
0.3799384, 0.4211478, 0.5194941, 1
0.4824854, 0.4639521, 0.6385258, 1
0.194235, 0.3833633, 0.4408095, 1
0.562719, 0.4647947, 0.6147756, 1
0.6653832, 0.5261551, 0.7082692, 1
0.3255881, 0.3373778, 0.163933, 1
0.7548105, 0.5016204, 0.6991369, 1
0.2172381, 0.428595, 0.3977978, 1
0.3827596, 0.46158, 0.562401, 1
0.2897981, 0.4905085, 0.779756, 1
0.4191305, 0.4056306, 0.1335261, 1
0.3421865, 0.3735931, 0.3315546, 1
0.1650625, 0.4435008, 0.672613, 1
0.4862028, 0.440388, 0.5539224, 1
0.5229358, 0.4960386, 0.6075069, 1
0.8163288, 0.5475433, 0.6388521, 1
0.5295565, 0.4398405, 0.2902939, 1
0.2665736, 0.4420704, 0.7065361, 1
0.3715114, 0.4133047, 0.2216254, 1
0.7458217, 0.5005338, 0.7695227, 1
0.7117606, 0.4596128, 0.4595965, 1
0.4072954, 0.4223035, 0.3989164, 1
0.5772036, 0.4410495, 0.2327774, 1
0.2580603, 0.3697984, 0.3370119, 1
0.6190185, 0.4163113, 0.3166681, 1
0.4045151, 0.3787397, 0.1614752, 1
0.5532503, 0.4421977, 0.4634108, 1
0.5675958, 0.3790811, 0.1433454, 1
0.3942661, 0.4371404, 0.6411313, 1
0.4123177, 0.397273, 0.2206206, 1
0.6821482, 0.4496634, 0.417603, 1
0.3112269, 0.427437, 0.3852618, 1
0.2607504, 0.394176, 0.1999704, 1
0.3150553, 0.3699881, 0.1973289, 1
0.6278802, 0.4488613, 0.2834461, 1
0.6439306, 0.5131954, 0.6508586, 1
0.4256023, 0.4953131, 0.6731907, 1
0.7093421, 0.4592014, 0.3924847, 1
0.4389842, 0.382652, 0.247262, 1
0.5085201, 0.3604327, 0.168061, 1
0.6955813, 0.4656273, 0.3404735, 1
0.3681777, 0.3729332, 0.2882123, 1
0.3695702, 0.3610404, 0.1347828, 1
0.5370076, 0.4632162, 0.4245425, 1
0.3583624, 0.3811358, 0.1893274, 1
0.3602447, 0.411667, 0.4370636, 1
0.3091481, 0.4467787, 0.7265095, 1
0.2131282, 0.4451056, 0.5844766, 1
0.4095003, 0.473461, 0.7666391, 1
0.583735, 0.4263947, 0.3814836, 1
0.1834871, 0.4160241, 0.2904737, 1
0.28728, 0.386855, 0.432147, 1
0.7211095, 0.4706608, 0.6462498, 1
0.4619349, 0.429905, 0.414467, 1
0.3687633, 0.4384796, 0.4450976, 1
0.7087886, 0.4473541, 0.2952576, 1
0.5962073, 0.45101, 0.5615692, 1
0.3114566, 0.4433331, 0.5763485, 1
0.6706232, 0.4248261, 0.2456021, 1
0.6420172, 0.4595485, 0.5580641, 1
0.4681461, 0.4542661, 0.561842, 1
0.3877957, 0.4910012, 0.6725897, 1
0.609762, 0.3697874, 0.1347312, 1
0.1444842, 0.4547642, 0.6583042, 1
0.1052441, 0.4300725, 0.4513039, 1
0.863611, 0.4885533, 0.4622258, 1
0.2224863, 0.4018357, 0.4686999, 1
0.5063949, 0.4983481, 0.7618126, 1
0.6558442, 0.4218138, 0.1990911, 1
0.4219235, 0.4363382, 0.4943917, 1
0.5647185, 0.4210888, 0.356837, 1
0.7997066, 0.4545396, 0.2813725, 1
0.7389868, 0.4377901, 0.3529638, 1
0.4766153, 0.3732909, 0.2485163, 1
0.2596844, 0.4378286, 0.4323473, 1
0.8312592, 0.4310418, 0.3219115, 1
0.7802508, 0.4552917, 0.519497, 1
0.2502694, 0.5035849, 0.7623876, 1
0.5859179, 0.5426822, 0.8603011, 1
0.4745129, 0.44256, 0.5010058, 1
0.1644113, 0.4684082, 0.7148296, 1
0.6906695, 0.4731407, 0.6740921, 1
0.6563793, 0.5108162, 0.7298586, 1
0.4706518, 0.4776848, 0.7881667, 1
0.222911, 0.4587857, 0.7699164, 1
0.6628942, 0.4993198, 0.7637561, 1
0.7993453, 0.4575651, 0.5100359, 1
0.8055519, 0.4823264, 0.3805501, 1
0.7571427, 0.4329822, 0.3290836, 1
0.7517222, 0.5004324, 0.7464718, 1
0.3012705, 0.3955996, 0.2546629, 1
0.5564532, 0.5332248, 0.7066473, 1
0.5180568, 0.5030897, 0.5828831, 1
0.4224975, 0.4154221, 0.5005016, 1
0.7626652, 0.4834976, 0.3803713, 1
0.4771028, 0.370662, 0.1910612, 1
0.5897298, 0.503338, 0.594496, 1
0.378681, 0.4173113, 0.3434635, 1
0.7715766, 0.5265848, 0.7634017, 1
0.8124401, 0.5233501, 0.6861364, 1
0.2002497, 0.4340311, 0.4728147, 1
0.6188071, 0.430786, 0.1345087, 1
0.2021068, 0.3619102, 0.2886518, 1
0.5253644, 0.4402772, 0.4969654, 1
0.6293836, 0.4345959, 0.2061521, 1
0.8196468, 0.4684231, 0.4443202, 1
0.3778185, 0.3869815, 0.3262373, 1
0.3620065, 0.4728075, 0.6705761, 1
0.5465788, 0.4712761, 0.499874, 1
0.588395, 0.4051505, 0.3047459, 1
0.4098709, 0.3736109, 0.3114985, 1
0.4084228, 0.4353206, 0.4399685, 1
0.5617369, 0.4109606, 0.19207, 1
0.6792578, 0.3850173, 0.1981656, 1
0.7191858, 0.4457241, 0.2946608, 1
0.4412389, 0.4179205, 0.195187, 1
0.5593581, 0.5074034, 0.5950654, 1
0.4982856, 0.4161408, 0.4828324, 1
0.5761718, 0.4819956, 0.5952911, 1
0.6171917, 0.5218636, 0.6151259, 1
0.3051347, 0.4862065, 0.7491475, 1
0.321079, 0.469776, 0.6835524, 1
0.339867, 0.4549371, 0.4324303, 1
0.7489555, 0.4226999, 0.2301133, 1
0.7996552, 0.456159, 0.3040962, 1
0.3871716, 0.397471, 0.4140868, 1
0.7547639, 0.4815466, 0.457036, 1
0.7443731, 0.5127726, 0.5421473, 1
0.4857167, 0.5093024, 0.8685869, 1
0.2977288, 0.4041094, 0.3437313, 1
0.2280373, 0.4353588, 0.6664441, 1
0.6813295, 0.3842556, 0.1765861, 1
0.3916015, 0.4226485, 0.5595164, 1
0.5627614, 0.4700685, 0.638478, 1
0.3820615, 0.5282797, 0.8261294, 1
0.7170752, 0.4972745, 0.6784745, 1
0.7961878, 0.5315112, 0.7216419, 1
0.3395758, 0.4594544, 0.482814, 1
0.2562071, 0.4158028, 0.238928, 1
0.6840088, 0.3846767, 0.1851808, 1
0.2870715, 0.4733861, 0.7407945, 1
0.2534606, 0.4550363, 0.5563858, 1
0.6562077, 0.541657, 0.7130257, 1
0.373426, 0.3495041, 0.1540169, 1
0.534588, 0.4284357, 0.30158, 1
0.148266, 0.446887, 0.5710087, 1
0.5229344, 0.4668889, 0.417091, 1
0.5135526, 0.4435911, 0.3763041, 1
0.391173, 0.4070079, 0.4351259, 1
0.5415493, 0.4915214, 0.633927, 1
0.3218744, 0.4323263, 0.3348403, 1
0.2455781, 0.4179701, 0.529764, 1
0.2056919, 0.3532585, 0.2981386, 1
0.4851309, 0.467394, 0.4154589, 1
0.8358012, 0.4398229, 0.4143276, 1
0.6396341, 0.5024984, 0.6694946, 1
0.4144137, 0.475055, 0.46589, 1
0.8812919, 0.5304586, 0.6046602, 1
0.3426549, 0.4251072, 0.4851412, 1
0.6060024, 0.4853816, 0.7422848, 1
0.8006566, 0.5036765, 0.6066478, 1
0.6465918, 0.496095, 0.4478275, 1
0.8073847, 0.4294384, 0.3572275, 1
0.5246829, 0.5258071, 0.7039285, 1
0.2266002, 0.3822973, 0.2464407, 1
0.6134793, 0.5095663, 0.5892381, 1
0.373335, 0.4239169, 0.3555969, 1
0.7048788, 0.4967215, 0.6567562, 1
0.6056247, 0.5128961, 0.6894144, 1
0.6664854, 0.4422708, 0.3569428, 1
0.5660155, 0.3645509, 0.1391498, 1
0.5817978, 0.4664821, 0.5733044, 1
0.5326642, 0.5039067, 0.892822, 1
0.1148041, 0.4154316, 0.4623312, 1
0.3983324, 0.354726, 0.2089082, 1
0.6979333, 0.4969151, 0.5433316, 1
0.418663, 0.5199142, 0.7093839, 1
0.6696763, 0.5009971, 0.5741348, 1
0.464739, 0.4209292, 0.2158454, 1
0.7722452, 0.5526192, 0.7012777, 1
0.3960982, 0.4075923, 0.3980227, 1
0.4038247, 0.3897727, 0.3459361, 1
0.7933471, 0.5038238, 0.4747369, 1
0.6569887, 0.4440224, 0.5069363, 1
0.2627701, 0.4209563, 0.4858019, 1
0.6777928, 0.5219133, 0.7228864, 1
0.5996286, 0.5069253, 0.8094036, 1
0.5503147, 0.3911421, 0.1424771, 1
0.5403619, 0.4567445, 0.5370011, 1
0.2124012, 0.4766349, 0.6058366, 1
0.4833939, 0.4481429, 0.4250731, 1
0.4548734, 0.4608573, 0.4056113, 1
0.6049142, 0.5011218, 0.8271381, 1
0.6981697, 0.3967424, 0.2855519, 1
0.6126866, 0.4825236, 0.4697829, 1
0.6033596, 0.4203306, 0.257161, 1
0.750405, 0.4627348, 0.3347285, 1
0.4000783, 0.4884636, 0.5660771, 1
0.4112228, 0.4714751, 0.4791307, 1
0.702207, 0.4330314, 0.4439181, 1
0.5737408, 0.4728326, 0.597276, 1
0.5137948, 0.4977804, 0.5581282, 1
0.4390365, 0.3956621, 0.364976, 1
0.6263129, 0.5019702, 0.8192212, 1
0.3700932, 0.455741, 0.5736132, 1
0.7745276, 0.4991756, 0.7239384, 1
0.2487916, 0.3816078, 0.4237223, 1
0.1495206, 0.3969832, 0.4194229, 1
0.5029944, 0.5218076, 0.7995581, 1
0.5239238, 0.483214, 0.5198717, 1
0.5436736, 0.3766646, 0.1190971, 1
0.3413199, 0.3732923, 0.2618851, 1
0.6376283, 0.4160072, 0.3523172, 1
0.333205, 0.4814363, 0.6495572, 1
0.4081275, 0.4238947, 0.3904003, 1
0.8214265, 0.5040247, 0.4826663, 1
0.5553051, 0.4113391, 0.3223912, 1
0.4304156, 0.4673894, 0.6519992, 1
0.8525165, 0.5291297, 0.5250985, 1
0.8133718, 0.4915406, 0.7042505, 1
0.8288729, 0.4553416, 0.4018064, 1
0.7760533, 0.5064445, 0.4375845, 1
0.2688007, 0.4148259, 0.5009731, 1
0.6220406, 0.5478578, 0.8402503, 1
0.6101555, 0.4069238, 0.2206113, 1
0.4989576, 0.4455768, 0.5664313, 1
0.4309339, 0.4275655, 0.2618674, 1
0.5818207, 0.4649285, 0.658907, 1
0.843047, 0.5335112, 0.5396939, 1
0.4096753, 0.3858154, 0.1825428, 1
0.1427671, 0.4133542, 0.4634666, 1
0.1822854, 0.4128035, 0.2721558, 1
0.3673779, 0.4573205, 0.4629531, 1
0.4995602, 0.4041994, 0.1608516, 1
0.6407369, 0.4385359, 0.2676583, 1
0.7408593, 0.5020339, 0.7637789, 1
0.7642118, 0.4980894, 0.4230099, 1
0.4394955, 0.5234347, 0.8324744, 1
0.4139607, 0.395728, 0.3900656, 1
0.3401875, 0.439302, 0.592439, 1
0.5007177, 0.4238975, 0.2994902, 1
0.6258283, 0.4605672, 0.531364, 1
0.6173042, 0.3789443, 0.1909574, 1
0.6693736, 0.4335341, 0.1997625, 1
0.8208201, 0.4979261, 0.519204, 1
0.5462483, 0.4252813, 0.1419311, 1
0.1552477, 0.3585393, 0.362398, 1
0.6635758, 0.435854, 0.4208649, 1
0.4915194, 0.37727, 0.2466651, 1
0.8114516, 0.4920965, 0.5297492, 1
0.7552499, 0.5275475, 0.7147986, 1
0.5178587, 0.5305583, 0.7600974, 1
0.4978303, 0.4291003, 0.304632, 1
0.3672924, 0.4085163, 0.4769143, 1
0.693873, 0.4867824, 0.7227806, 1
0.7251414, 0.4594185, 0.2773558, 1
0.420393, 0.4160667, 0.2603553, 1
0.2948056, 0.5173528, 0.7504665, 1
0.5860776, 0.4961128, 0.6252275, 1
0.2652785, 0.4438561, 0.7469518, 1
0.7208467, 0.4547459, 0.3134888, 1
0.2831718, 0.5014924, 0.6713507, 1
0.7801802, 0.4981247, 0.5649132, 1
0.607201, 0.404278, 0.2255247, 1
0.5518078, 0.4520226, 0.5472656, 1
0.6425122, 0.4726814, 0.4857388, 1
0.8629671, 0.4728319, 0.575044, 1
0.3108116, 0.4543499, 0.5268922, 1
0.7949114, 0.4904631, 0.5212362, 1
0.2483843, 0.4513737, 0.6359562, 1
0.7416204, 0.5351452, 0.7482907, 1
0.5090971, 0.4382557, 0.4079156, 1
0.5566604, 0.4021544, 0.191285, 1
0.7536291, 0.4943205, 0.475471, 1
0.390098, 0.4348918, 0.6200802, 1
0.5163224, 0.4064718, 0.2725638, 1
0.3675778, 0.4073276, 0.1486055, 1
0.4268351, 0.4428709, 0.5810248, 1
0.7579055, 0.4937768, 0.6708597, 1
0.4681692, 0.4189647, 0.4171764, 1
0.5805326, 0.4739739, 0.5088829, 1
0.3137761, 0.3701697, 0.1695842, 1
0.4491501, 0.4527453, 0.6449221, 1
0.5943106, 0.4927924, 0.544962, 1
0.5996562, 0.5295838, 0.730052, 1
0.5007299, 0.4752331, 0.5088784, 1
0.5167016, 0.4886431, 0.5362757, 1
0.7812075, 0.5064976, 0.7525255, 1
0.407078, 0.3567585, 0.1461709, 1
0.5541065, 0.4537108, 0.5364727, 1
0.1927006, 0.4270756, 0.5192114, 1
0.6431962, 0.516195, 0.7395747, 1
0.6720062, 0.5074287, 0.5783456, 1
0.4328775, 0.4925154, 0.694093, 1
0.2709032, 0.3580472, 0.2580254, 1
0.7553205, 0.5048124, 0.748163, 1
0.4316425, 0.4719124, 0.5080436, 1
0.2809822, 0.4281597, 0.5933763, 1
0.5317101, 0.4147588, 0.459037, 1
0.1411399, 0.3948339, 0.428517, 1
0.4130443, 0.5198942, 0.8087113, 1
0.4495121, 0.4289866, 0.4672085, 1
0.1748435, 0.4345517, 0.4400591, 1
0.6324802, 0.3876729, 0.1331673, 1
0.8244132, 0.4463887, 0.2980449, 1
0.2761694, 0.4806429, 0.6558918, 1
0.8086188, 0.5039656, 0.6581487, 1
0.4302893, 0.4885261, 0.5762183, 1
0.4990208, 0.3911158, 0.1259879, 1
0.6757242, 0.4853399, 0.572309, 1
0.3974362, 0.5421925, 0.8703051, 1
0.6736745, 0.53706, 0.8365748, 1
0.4091805, 0.4325392, 0.3087754, 1
0.3113118, 0.3969121, 0.1972832, 1
0.8132052, 0.4814254, 0.4883668, 1
0.4827261, 0.4864609, 0.4825132, 1
0.8283455, 0.5172341, 0.6193004, 1
0.869443, 0.4768728, 0.4215763, 1
0.5785888, 0.3853428, 0.2690763, 1
0.6532456, 0.3901062, 0.1706842, 1
0.3526995, 0.4038817, 0.3135611, 1
0.6261242, 0.3960244, 0.2142419, 1
0.452923, 0.4758174, 0.6643608, 1
0.3245906, 0.3777981, 0.1737429, 1
0.7941153, 0.446487, 0.2704079, 1
0.4670528, 0.4276047, 0.2475215, 1
0.5877023, 0.4715852, 0.5868325, 1
0.7063126, 0.5088746, 0.608991, 1
0.4545897, 0.5070398, 0.8839597, 1
0.1938075, 0.3977285, 0.5224757, 1
0.8167599, 0.5387406, 0.6616786, 1
0.5229363, 0.5302197, 0.7859164, 1
0.483315, 0.4662397, 0.4094944, 1
0.3537875, 0.512526, 0.8159676, 1
0.3753856, 0.3569255, 0.2407725, 1
0.8577111, 0.4950728, 0.4800186, 1
0.7552521, 0.4992698, 0.5835539, 1
0.4270772, 0.4461364, 0.48958, 1
0.754232, 0.4475602, 0.2460168, 1
0.69289, 0.4488773, 0.2807242, 1
0.678343, 0.455159, 0.4114743, 1
0.7503644, 0.4973406, 0.6000612, 1
0.1503469, 0.3967275, 0.5009254, 1
0.4091884, 0.5544999, 0.8705532, 1
0.5861813, 0.4741138, 0.580077, 1
0.6851839, 0.4238616, 0.1577938, 1
0.3154126, 0.3553466, 0.1881689, 1
0.2849877, 0.4637126, 0.8291754, 1
0.3991953, 0.4914136, 0.7646068, 1
0.4334395, 0.4578316, 0.5962, 1
0.8265572, 0.4832303, 0.6310354, 1
0.758495, 0.5116726, 0.7929796, 1
0.3880792, 0.5111376, 0.688365, 1
0.5363403, 0.432596, 0.2692268, 1
0.6527996, 0.4674874, 0.4430796, 1
0.4806026, 0.3893435, 0.3178585, 1
0.683953, 0.502781, 0.8136675, 1
0.7006972, 0.473632, 0.3603722, 1
0.4524522, 0.5052168, 0.7800575, 1
0.4774143, 0.5084284, 0.7226728, 1
0.8088906, 0.4511111, 0.4181854, 1
0.8233796, 0.5273427, 0.6223375, 1
0.5417327, 0.511907, 0.5859677, 1
0.5291386, 0.4775416, 0.4561177, 1
0.5844033, 0.5291771, 0.6750189, 1
0.5183185, 0.4066747, 0.2597944, 1
0.7258964, 0.5022978, 0.614188, 1
0.3478539, 0.4636441, 0.6754386, 1
0.5185118, 0.4039502, 0.2362793, 1
0.3841737, 0.4578794, 0.5003428, 1
0.5087497, 0.4411584, 0.5937297, 1
0.357123, 0.441636, 0.5291585, 1
0.2718125, 0.4887674, 0.7134978, 1
0.3890096, 0.4196003, 0.2662497, 1
0.3738119, 0.4526568, 0.4242871, 1
0.6001899, 0.4557091, 0.5269746, 1
0.6398882, 0.4501471, 0.5618357, 1
0.6532401, 0.4339297, 0.1858916, 1
0.341683, 0.4115891, 0.4727922, 1
0.335382, 0.3593118, 0.1995515, 1
0.6026543, 0.4237932, 0.4686864, 1
0.3070034, 0.3939024, 0.2393054, 1
0.8416063, 0.4518327, 0.4834028, 1
0.6630943, 0.5269819, 0.6580341, 1
0.3983097, 0.4352002, 0.571155, 1
0.7320689, 0.5068787, 0.7089203, 1
0.3625512, 0.4179311, 0.3130975, 1
0.6244166, 0.5095885, 0.5323916, 1
0.5863909, 0.4485792, 0.4003967, 1
0.1749673, 0.4058317, 0.5148765, 1
0.3422138, 0.4027247, 0.1681776, 1
0.8345218, 0.5265792, 0.5722618, 1
0.3239661, 0.4247156, 0.2609383, 1
0.8685399, 0.4491525, 0.4656117, 1
0.4238307, 0.5208562, 0.7772421, 1
0.7190672, 0.4152386, 0.3506993, 1
0.3349132, 0.4950832, 0.6896753, 1
0.7755839, 0.5328687, 0.6177006, 1
0.5419784, 0.4140909, 0.4175082, 1
0.7627311, 0.4469292, 0.3869896, 1
0.2645226, 0.3593055, 0.3210006, 1
0.2974676, 0.3684387, 0.2690478, 1
0.6790834, 0.5665039, 0.8000566, 1
0.2191979, 0.4277179, 0.6478521, 1
0.4132338, 0.3954964, 0.2407235, 1
0.3667462, 0.5344964, 0.7927002, 1
0.386071, 0.4865214, 0.7078665, 1
0.6877127, 0.428939, 0.3371316, 1
0.4797783, 0.4536779, 0.482593, 1
0.6771721, 0.4687674, 0.4752352, 1
0.2415282, 0.3887272, 0.4524966, 1
0.2388237, 0.468764, 0.8032271, 1
0.4047723, 0.505021, 0.7331369, 1
0.6262003, 0.4506213, 0.2294396, 1
0.405122, 0.4145629, 0.3754263, 1
0.6439995, 0.4793456, 0.3982574, 1
0.220203, 0.4642607, 0.6970964, 1
0.5198646, 0.496928, 0.6802798, 1
0.8789345, 0.5285335, 0.5097, 1
0.5482205, 0.3982992, 0.311415, 1
0.1436943, 0.4757321, 0.6768767, 1
0.3492388, 0.4570182, 0.7666854, 1
0.1435537, 0.4159193, 0.3781843, 1
0.4810962, 0.4118731, 0.1142646, 1
0.3923304, 0.4265624, 0.3225324, 1
0.4636633, 0.3605036, 0.1182166, 1
0.6021799, 0.4896739, 0.6166855, 1
0.5192938, 0.3857071, 0.1124602, 1
0.3804717, 0.3744286, 0.325569, 1
0.5096122, 0.3598734, 0.1234588, 1
0.5252471, 0.363019, 0.1334515, 1
0.4083277, 0.3575074, 0.1688391, 1
0.3862992, 0.3639415, 0.1842823, 1
0.5019982, 0.4896434, 0.5284373, 1
0.4088299, 0.376236, 0.1805456, 1
0.4816058, 0.4992996, 0.852112, 1
0.3079373, 0.4571222, 0.5645816, 1
0.2981223, 0.3563764, 0.1952689, 1
0.5492588, 0.4636481, 0.6708426, 1
0.6492114, 0.4320362, 0.3399735, 1
0.6412826, 0.4708019, 0.567651, 1
0.4303205, 0.4967264, 0.8378384, 1
0.8878883, 0.4583804, 0.4146488, 1
0.1577069, 0.3800145, 0.410543, 1
0.7749524, 0.4299111, 0.4137938, 1
0.3938533, 0.4014546, 0.208064, 1
0.5631366, 0.445378, 0.3910119, 1
0.3050201, 0.493831, 0.7174434, 1
0.7559572, 0.5263277, 0.5703979, 1
0.6843554, 0.5411149, 0.6573031, 1
0.4116783, 0.3449461, 0.1510762, 1
0.6272591, 0.5013765, 0.5820048, 1
0.8226265, 0.5107711, 0.44664, 1
0.845013, 0.5039845, 0.5093507, 1
0.3651683, 0.3949985, 0.2964458, 1
0.3495297, 0.4215866, 0.5932959, 1
0.5654606, 0.4560436, 0.6470262, 1
0.6886773, 0.4869208, 0.4885775, 1
0.4463013, 0.4985222, 0.6202528, 1
0.6212076, 0.4415282, 0.2854824, 1
0.1624244, 0.404696, 0.4226626, 1
0.5785487, 0.4089077, 0.2940013, 1
0.829382, 0.5189742, 0.6237665, 1
0.327693, 0.4750236, 0.6043034, 1
0.5230173, 0.5606709, 0.8484842, 1
0.4535146, 0.4450216, 0.5436513, 1
0.3347764, 0.4611403, 0.7688543, 1
0.6248023, 0.4229563, 0.361639, 1
0.5625442, 0.4217398, 0.1448343, 1
0.6777374, 0.4826964, 0.3691648, 1
0.7647351, 0.4088583, 0.2028885, 1
0.5684036, 0.4905551, 0.5160504, 1
0.6693166, 0.4320438, 0.4730445, 1
0.7293452, 0.429593, 0.4236579, 1
0.3894836, 0.4544888, 0.3903252, 1
0.3787823, 0.4140602, 0.4522035, 1
0.6851125, 0.4887016, 0.5617716, 1
0.5741483, 0.5174851, 0.6982781, 1
0.2793846, 0.4284899, 0.560626, 1
0.3829024, 0.4581751, 0.4972482, 1
0.8792183, 0.4840973, 0.5849639, 1
0.6549377, 0.4855302, 0.6241081, 1
0.855126, 0.5236887, 0.59304, 1
0.5292365, 0.437058, 0.5122808, 1
0.5331873, 0.4104414, 0.104476, 1
0.4484866, 0.4432848, 0.6094871, 1
0.2726796, 0.5174836, 0.7896964, 1
0.1270241, 0.396712, 0.5677378, 1
0.3472763, 0.379513, 0.2576353, 1
0.4521435, 0.42195, 0.4681374, 1
0.7864748, 0.4973763, 0.6836353, 1
0.649864, 0.4764154, 0.6261712, 1
0.5754894, 0.4936198, 0.6782629, 1
0.8460135, 0.5155913, 0.55993, 1
0.4639418, 0.449462, 0.4524048, 1
0.3701282, 0.5284385, 0.8670232, 1
0.8136447, 0.4451869, 0.3223449, 1
0.5333979, 0.4594454, 0.6249709, 1
0.3831688, 0.4578872, 0.6325159, 1
0.6452132, 0.3909633, 0.1536359, 1
0.481471, 0.4460742, 0.313778, 1
0.5278042, 0.5123265, 0.8745498, 1
0.6120238, 0.514679, 0.8232229, 1
0.3327902, 0.3768403, 0.2415892, 1
0.7529266, 0.4553697, 0.5440536, 1
0.8741961, 0.5085692, 0.3992531, 1
0.1748502, 0.3977527, 0.3239514, 1
0.6206219, 0.4689481, 0.6203171, 1
0.527793, 0.4337702, 0.2176799, 1
0.7252144, 0.5094289, 0.827118, 1
0.8610684, 0.5299835, 0.5966411, 1
0.4687904, 0.4308491, 0.5420928, 1
0.5590792, 0.5457243, 0.7449238, 1
0.4894985, 0.357724, 0.1710373, 1
0.3238094, 0.4395964, 0.6294935, 1
0.7950482, 0.503373, 0.6918436, 1
0.399521, 0.3972305, 0.4337467, 1
0.5374652, 0.4995421, 0.8753162, 1
0.6853891, 0.4866349, 0.5357625, 1
0.5330949, 0.4338534, 0.3781722, 1
0.3674, 0.4589832, 0.7000273, 1
0.2775429, 0.443965, 0.6331052, 1
0.3100884, 0.4043601, 0.2025825, 1
0.802239, 0.4869387, 0.5889488, 1
0.1840685, 0.4140614, 0.5822538, 1
0.6973773, 0.4473585, 0.2432854, 1
0.6224939, 0.5312549, 0.6452605, 1
0.3607264, 0.4474719, 0.4704023, 1
0.7277439, 0.4242642, 0.234631, 1
0.4352659, 0.475163, 0.5833591, 1
0.1493273, 0.3981724, 0.4038045, 1
0.7406316, 0.4111087, 0.3210749, 1
0.6177247, 0.370509, 0.1387833, 1
0.3997127, 0.3995081, 0.2116578, 1
0.2632741, 0.4185899, 0.3941131, 1
0.2000023, 0.4446206, 0.5313557, 1
0.6388807, 0.5010588, 0.6402774, 1
0.4211516, 0.5206875, 0.8135387, 1
0.7793044, 0.4366504, 0.4466668, 1
0.6619419, 0.5034848, 0.703918, 1
0.4563349, 0.5046605, 0.7606966, 1
0.4798087, 0.4140966, 0.4512545, 1
0.6272051, 0.4563552, 0.5613963, 1
0.3888498, 0.3800596, 0.204499, 1
0.7734785, 0.4765552, 0.6463854, 1
0.5256877, 0.4738725, 0.4875376, 1
0.2223112, 0.442263, 0.4679462, 1
0.5115011, 0.4538754, 0.4112865, 1
0.4497961, 0.4985127, 0.8009416, 1
0.1243631, 0.3978496, 0.4776959, 1
0.4797569, 0.4677636, 0.6113827, 1
0.2840376, 0.4188639, 0.3697923, 1
0.5054024, 0.529478, 0.8653387, 1
0.8210899, 0.4866427, 0.5933672, 1
0.2993395, 0.4357947, 0.4900327, 1
0.8638544, 0.4688669, 0.5384897, 1
0.2193541, 0.4319452, 0.5346919, 1
0.7094997, 0.3984802, 0.2525833, 1
0.6141996, 0.4064057, 0.3644575, 1
0.4842693, 0.360785, 0.1210038, 1
0.8809152, 0.4582452, 0.4805844, 1
0.8227894, 0.5000582, 0.4632362, 1
0.8182828, 0.4532771, 0.3469087, 1
0.6254247, 0.4707037, 0.5133086, 1
0.4985436, 0.5021876, 0.7608007, 1
0.7964025, 0.4996213, 0.5838501, 1
0.4870148, 0.5076467, 0.6338297, 1
0.1694139, 0.4196539, 0.6322835, 1
0.7959744, 0.4715474, 0.5909129, 1
0.1860589, 0.3954136, 0.3579407, 1
0.3757921, 0.4589123, 0.7125788, 1
0.7201288, 0.535443, 0.6147546, 1
0.2065444, 0.4113103, 0.3778195, 1
0.3005476, 0.4719142, 0.643136, 1
0.308024, 0.4347111, 0.4093215, 1
0.2517564, 0.4657535, 0.6037987, 1
0.3044645, 0.4049131, 0.2734468, 1
0.4814951, 0.4439499, 0.6351727, 1
0.3956585, 0.3921398, 0.2386427, 1
0.6775944, 0.4367612, 0.4152461, 1
0.7077619, 0.4510067, 0.4355835, 1
0.2918639, 0.4001312, 0.2948874, 1
0.4950338, 0.4836202, 0.4635151, 1
0.1782497, 0.404901, 0.4821756, 1
0.2276034, 0.3770059, 0.426471, 1
0.4627165, 0.3916344, 0.3594771, 1
0.2590275, 0.4808413, 0.6847842, 1
0.3939332, 0.495419, 0.7748109, 1
0.4312102, 0.4691418, 0.4627421, 1
0.6826706, 0.4543599, 0.461926, 1
0.4639805, 0.3778177, 0.1483547, 1
0.6155677, 0.4061016, 0.2452807, 1
0.4237801, 0.4476287, 0.6251717, 1
0.4826913, 0.5416618, 0.8704779, 1
0.4813561, 0.5104686, 0.7430304, 1
0.5558991, 0.4951298, 0.7153571, 1
0.3863666, 0.4611737, 0.4296092, 1
0.708864, 0.5130201, 0.6199018, 1
0.3367622, 0.4383756, 0.5556827, 1
0.6241633, 0.5354231, 0.8288932, 1
0.8178343, 0.422884, 0.3106004, 1
0.4689296, 0.523037, 0.7578923, 1
0.2026332, 0.4431983, 0.7389949, 1
0.8119348, 0.4348319, 0.3831674, 1
0.5629493, 0.4763269, 0.6676232, 1
0.2988327, 0.3585188, 0.2039614, 1
0.648412, 0.5445937, 0.7839143, 1
0.3493743, 0.4030614, 0.1367262, 1
0.3592198, 0.5149655, 0.692911, 1
0.5303553, 0.4932655, 0.8027239, 1
0.6825537, 0.4059257, 0.1970762, 1
0.3705498, 0.4531079, 0.7377525, 1
0.5833142, 0.4104444, 0.3009683, 1
0.3615655, 0.3869607, 0.2071828, 1
0.8412206, 0.5069368, 0.3988085, 1
0.7510893, 0.4633694, 0.338712, 1
0.2115611, 0.4303623, 0.489315, 1
0.8710648, 0.4886298, 0.4352818, 1
0.8933979, 0.4900098, 0.4976831, 1
0.2218041, 0.4321249, 0.4950767, 1
0.3726003, 0.4104082, 0.4603435, 1
0.443758, 0.5015243, 0.8583143, 1
0.8442811, 0.427563, 0.3301504, 1
0.4415492, 0.3766077, 0.2958162, 1
0.107612, 0.4027227, 0.4881238, 1
0.6654877, 0.4141655, 0.1515179, 1
0.2783321, 0.4392316, 0.6745062, 1
0.4669946, 0.534912, 0.8264261, 1
0.2382492, 0.3889404, 0.3227682, 1
0.5142586, 0.4589365, 0.4830472, 1
0.4811486, 0.4791417, 0.6223938, 1
0.7561155, 0.462747, 0.5477424, 1
0.2573617, 0.4964865, 0.6813158, 1
0.5856013, 0.4460533, 0.4307632, 1
0.2475809, 0.4396944, 0.5270283, 1
0.325671, 0.3948302, 0.2772239, 1
0.526346, 0.4179503, 0.2809579, 1
0.1202432, 0.3795376, 0.4895663, 1
0.4275327, 0.4252673, 0.4043169, 1
0.6053432, 0.4330764, 0.2444006, 1
0.7360683, 0.4491304, 0.3654723, 1
0.2455504, 0.4548884, 0.4595295, 1
0.3121305, 0.4271186, 0.3881266, 1
0.6528339, 0.4793097, 0.5219225, 1
0.5640036, 0.5125514, 0.8298368, 1
0.3161503, 0.4309984, 0.6310089, 1
0.5212721, 0.5312061, 0.7991865, 1
0.7916552, 0.4410039, 0.4461883, 1
0.2691342, 0.3488078, 0.2066073, 1
0.7262669, 0.4402221, 0.3084376, 1
0.3032819, 0.4032192, 0.1898026, 1
0.7259211, 0.5163509, 0.6540034, 1
0.6160136, 0.4217369, 0.3934441, 1
0.5416414, 0.4884822, 0.5801032, 1
0.7429107, 0.453585, 0.5369886, 1
0.1208556, 0.4235821, 0.4257331, 1
0.609817, 0.4230001, 0.2982806, 1
0.4031648, 0.4683571, 0.4937303, 1
0.6423028, 0.4292822, 0.4321482, 1
0.4136871, 0.5535361, 0.8606884, 1
0.6509066, 0.4231394, 0.324149, 1
0.8500607, 0.4252476, 0.3523033, 1
0.7583367, 0.5010556, 0.5730183, 1
0.28166, 0.4384659, 0.7034363, 1
0.1334405, 0.4125881, 0.4682456, 1
0.6621563, 0.4090554, 0.3357891, 1
0.7735242, 0.3902031, 0.2109474, 1
0.487995, 0.4458968, 0.5771231, 1
0.7241669, 0.4773473, 0.5100769, 1
0.7509829, 0.452884, 0.4386152, 1
0.5678533, 0.3919367, 0.2023048, 1
0.5273842, 0.4091792, 0.2218632, 1
0.4343776, 0.438842, 0.4567869, 1
0.1657357, 0.4477147, 0.5894405, 1
0.350695, 0.5342307, 0.8002289, 1
0.1579211, 0.3763033, 0.4234851, 1
0.8008378, 0.4581043, 0.4866393, 1
0.4551268, 0.4330526, 0.3748558, 1
0.7563927, 0.477457, 0.6118609, 1
0.5979314, 0.4291004, 0.2112096, 1
0.4914292, 0.4394213, 0.3711712, 1
0.2742564, 0.3898673, 0.2055962, 1
0.5424253, 0.5073165, 0.6304316, 1
0.3704097, 0.447749, 0.355113, 1
0.8029371, 0.517179, 0.5504643, 1
0.6903438, 0.5135174, 0.6444958, 1
0.2689462, 0.4686852, 0.81079, 1
0.3734101, 0.3954182, 0.2837397, 1
0.8574882, 0.4907249, 0.682704, 1
0.3192388, 0.390297, 0.327658, 1
0.2724389, 0.4073745, 0.3244784, 1
0.5338719, 0.5476635, 0.8098049, 1
0.2210486, 0.4256309, 0.6752686, 1
0.6495934, 0.4143595, 0.2599318, 1
0.5037287, 0.5024724, 0.8485413, 1
0.5668826, 0.4629019, 0.4094982, 1
0.1679825, 0.4158808, 0.4377881, 1
0.8592872, 0.5051832, 0.6499442, 1
0.3117214, 0.4151101, 0.3220469, 1
0.3252419, 0.4893186, 0.7785783, 1
0.5136347, 0.5397999, 0.8733767, 1
0.6952138, 0.4510185, 0.2221948, 1
0.2675852, 0.5067637, 0.7251563, 1
0.6377336, 0.4695548, 0.6208081, 1
0.5426188, 0.5593214, 0.8575377, 1
0.5670343, 0.5242875, 0.7330494, 1
0.3827711, 0.5501621, 0.8636972, 1
0.106583, 0.3868875, 0.4832668, 1
0.3466549, 0.4206934, 0.2734105, 1
0.6926084, 0.5547197, 0.8380039, 1
0.6581196, 0.4573143, 0.5845678, 1
0.5262103, 0.4706909, 0.4078032, 1
0.3723334, 0.500197, 0.8269627, 1
0.2778541, 0.4890895, 0.698599, 1
0.1539805, 0.3578763, 0.3272643, 1
0.4052979, 0.4772286, 0.5587046, 1
0.4832893, 0.476621, 0.7479162, 1
0.3570379, 0.4635155, 0.6638215, 1
0.2590074, 0.4544527, 0.6294863, 1
0.7315894, 0.4741459, 0.362491, 1
0.4424101, 0.5335253, 0.7977465, 1
0.7339873, 0.5210254, 0.6373352, 1
0.2302092, 0.3968841, 0.2238651, 1
0.4082417, 0.4164824, 0.1854605, 1
0.7875474, 0.4747919, 0.5764916, 1
0.2486748, 0.373624, 0.3576306, 1
0.4757868, 0.4527586, 0.3576202, 1
0.5569962, 0.4601098, 0.6557066, 1
0.2580748, 0.4145741, 0.3125148, 1
0.4597505, 0.4335463, 0.3314616, 1
0.4536513, 0.4763834, 0.5473459, 1
0.6781832, 0.4551613, 0.4399666, 1
0.2032634, 0.4736226, 0.6661384, 1
0.683012, 0.5644, 0.8414202, 1
0.3196982, 0.3562523, 0.1565109, 1
0.6486671, 0.5545515, 0.7814744, 1
0.7112942, 0.5415941, 0.7843322, 1
0.6694089, 0.4908243, 0.591091, 1
0.774845, 0.4548927, 0.4706173, 1
0.3393918, 0.4689864, 0.6647927, 1
0.2896239, 0.4037158, 0.3159176, 1
0.5339136, 0.4909417, 0.8035535, 1
0.3652826, 0.356892, 0.243834, 1
0.4274421, 0.4181026, 0.2739407, 1
0.5991959, 0.4080053, 0.1977303, 1
0.350694, 0.4263384, 0.4482993, 1
0.789409, 0.5559173, 0.6990738, 1
0.7718281, 0.4449734, 0.3075523, 1
0.6885372, 0.4886259, 0.4515753, 1
0.3709859, 0.4981169, 0.7385097, 1
0.2450009, 0.3731636, 0.2279608, 1
0.8550406, 0.5238624, 0.5514286, 1
0.6299825, 0.5036482, 0.5651532, 1
0.5881684, 0.4322527, 0.2974265, 1
0.3113633, 0.492353, 0.8265507, 1
0.8414834, 0.4851866, 0.4308547, 1
0.7660212, 0.4667408, 0.5230111, 1
0.3939569, 0.4869803, 0.7999797, 1
0.6318919, 0.4970899, 0.6767005, 1
0.4319361, 0.3782344, 0.2058396, 1
0.4662617, 0.3907968, 0.2220293, 1
0.238718, 0.4170668, 0.5737782, 1
0.2448658, 0.4741547, 0.5537625, 1
0.2706106, 0.4092882, 0.2897148, 1
0.3889369, 0.5171509, 0.8768249, 1
0.8479119, 0.5024025, 0.6109207, 1
0.3647084, 0.3825153, 0.270851, 1
0.1510272, 0.372214, 0.3746968, 1
0.3144481, 0.4883795, 0.8261915, 1
0.5493323, 0.4052508, 0.3798681, 1
0.3989584, 0.5381781, 0.8055059, 1
0.660899, 0.5198458, 0.6455091, 1
0.2397204, 0.371775, 0.2117503, 1
0.2583986, 0.4141945, 0.2345867, 1
0.6272939, 0.433395, 0.3871195, 1
0.1199502, 0.4331076, 0.3984889, 1
0.7930254, 0.4267541, 0.2766151, 1
0.4707486, 0.3623362, 0.1837319, 1
0.4481554, 0.5083519, 0.670391, 1
0.2904344, 0.4187943, 0.3503905, 1
0.7025513, 0.4270816, 0.4315386, 1
0.5839863, 0.4424442, 0.3905512, 1
0.6890904, 0.4534372, 0.548664, 1
0.8376511, 0.4292539, 0.3163378, 1
0.4335523, 0.5017306, 0.8424885, 1
0.5084686, 0.4375827, 0.5721326, 1
0.3614606, 0.4112805, 0.2298493, 1
0.1522056, 0.4243665, 0.5625426, 1
0.175869, 0.4219693, 0.5416571, 1
0.3207455, 0.3948847, 0.4214589, 1
0.3767402, 0.444122, 0.5027794, 1
0.3133012, 0.5167696, 0.7531489, 1
0.4890439, 0.4544815, 0.4567557, 1
0.6931832, 0.4750884, 0.5703472, 1
0.6759189, 0.4321994, 0.2030359, 1
0.3694144, 0.3765889, 0.294243, 1
0.6229318, 0.4671875, 0.5001298, 1
0.8895935, 0.480829, 0.4768787, 1
0.7765389, 0.4612371, 0.2649694, 1
0.3452036, 0.4667415, 0.6494759, 1
0.2068625, 0.4293576, 0.6517393, 1
0.1395798, 0.4643448, 0.5809144, 1
0.6724191, 0.4983682, 0.5492201, 1
0.5501114, 0.5002511, 0.84895, 1
0.4397976, 0.4731468, 0.7087014, 1
0.1491725, 0.4229025, 0.6047588, 1
0.6245059, 0.4337881, 0.5033971, 1
0.317041, 0.4910962, 0.7495476, 1
0.6472818, 0.4712984, 0.4137656, 1
0.424477, 0.3923061, 0.2298926, 1
0.5461781, 0.4441645, 0.2554333, 1
0.2687664, 0.3901283, 0.2589605, 1
0.7381911, 0.5218946, 0.6096928, 1
0.6946601, 0.5045047, 0.7878217, 1
0.8461176, 0.5082362, 0.6780246, 1
0.3664629, 0.3745284, 0.314665, 1
0.201716, 0.439083, 0.5663043, 1
0.1329712, 0.3830641, 0.4552941, 1
0.1741653, 0.446879, 0.6841259, 1
0.3320127, 0.5204468, 0.8458863, 1
0.7407376, 0.4612292, 0.5349894, 1
0.7138649, 0.5095453, 0.6010314, 1
0.6465135, 0.4431231, 0.1944514, 1
0.4186982, 0.4921904, 0.759346, 1
0.3622796, 0.385895, 0.2031701, 1
0.8623068, 0.544112, 0.6314501, 1
0.7461916, 0.5357946, 0.7205582, 1
0.6127909, 0.4341955, 0.274873, 1
0.4824061, 0.4976454, 0.8477287, 1
0.5446988, 0.3630405, 0.1588408, 1
0.3773987, 0.46613, 0.7489553, 1
0.249259, 0.4018728, 0.3008775, 1
0.7478005, 0.5040398, 0.5699811, 1
0.6907107, 0.4515988, 0.509279, 1
0.5368232, 0.4032502, 0.3203686, 1
0.2236951, 0.4772636, 0.7193211, 1
0.2753507, 0.4751723, 0.6354278, 1
0.3303645, 0.4443041, 0.4153747, 1
0.4913267, 0.4639819, 0.6584821, 1
0.4319693, 0.5051102, 0.7284857, 1
0.3148226, 0.4082868, 0.3603836, 1
0.5848207, 0.4769534, 0.7417651, 1
0.6164669, 0.5274085, 0.838609, 1
0.1149103, 0.3911219, 0.4952618, 1
0.2725908, 0.3873581, 0.3324755, 1
0.2851539, 0.4039148, 0.3540973, 1
0.2944372, 0.373401, 0.2636649, 1
0.4642633, 0.5222801, 0.7201131, 1
0.4525083, 0.4699598, 0.6487379, 1
0.4251675, 0.4676895, 0.559072, 1
0.2604005, 0.4065881, 0.4883108, 1
0.3564305, 0.4744996, 0.7902692, 1
0.2714916, 0.4506159, 0.4305818, 1
0.180518, 0.4014885, 0.4910413, 1
0.4641016, 0.4401519, 0.5084037, 1
0.4403594, 0.5245999, 0.813758, 1
0.7652377, 0.4818372, 0.4845746, 1
0.5739368, 0.5137501, 0.5745782, 1
0.5066977, 0.4219356, 0.4915359, 1
0.62465, 0.4648178, 0.3448266, 1
0.6310543, 0.511892, 0.56091, 1
0.5520909, 0.4954495, 0.584121, 1
0.3713365, 0.3474426, 0.1585573, 1
0.4198818, 0.4071993, 0.2948354, 1
0.2001008, 0.3839752, 0.2703123, 1
0.3152471, 0.4702027, 0.6815342, 1
0.5981852, 0.4883738, 0.7519686, 1
0.2950633, 0.5085049, 0.7109496, 1
0.4361459, 0.5311164, 0.7816873, 1
0.5615585, 0.4132244, 0.1404714, 1
0.3333924, 0.531437, 0.8062474, 1
0.6732044, 0.4236614, 0.2261792, 1
0.3755479, 0.4616283, 0.5518892, 1
0.4350123, 0.5296028, 0.7511713, 1
0.6099834, 0.5085945, 0.6015207, 1
0.3063783, 0.4546303, 0.7796828, 1
0.43771, 0.3533733, 0.123302, 1
0.8501403, 0.48054, 0.5066665, 1
0.74764, 0.4647674, 0.5427212, 1
0.2237167, 0.4707766, 0.6037388, 1
0.1561671, 0.4665982, 0.6456019, 1
0.152854, 0.3901222, 0.4917348, 1
0.3607155, 0.4818004, 0.8010799, 1
0.7508531, 0.4566614, 0.2848372, 1
0.486982, 0.4497339, 0.6351042, 1
0.6483195, 0.4983586, 0.6930318, 1
0.4153026, 0.4214334, 0.3570137, 1
0.5802528, 0.4380181, 0.4224524, 1
0.5868709, 0.5136007, 0.7429864, 1
0.6831406, 0.3972538, 0.2607783, 1
0.487634, 0.384541, 0.268722, 1
0.6413088, 0.3824987, 0.2263919, 1
0.3745056, 0.4734772, 0.8012154, 1
0.4471977, 0.4600885, 0.5668139, 1
0.7127552, 0.5156878, 0.5618005, 1
0.6563265, 0.4586224, 0.4888552, 1
0.3630925, 0.5089695, 0.7288688, 1
0.6883582, 0.5133084, 0.5726165, 1
0.6378649, 0.4733342, 0.3807011, 1
0.630843, 0.388748, 0.2475108, 1
0.7253101, 0.5218643, 0.5835503, 1
0.3009464, 0.3999326, 0.3078412, 1
0.2517954, 0.4682994, 0.5113634, 1
0.3030773, 0.3887006, 0.2256781, 1
0.4134904, 0.3954771, 0.3527521, 1
0.6664346, 0.4242459, 0.373065, 1
0.863951, 0.5361535, 0.554594, 1
0.2969519, 0.4632829, 0.669179, 1
0.579946, 0.4950388, 0.8406786, 1
0.2686246, 0.4762158, 0.7658039, 1
0.5057375, 0.4911378, 0.5112939, 1
0.7271057, 0.536947, 0.7574827, 1
0.7535079, 0.4854219, 0.654854, 1
0.3767396, 0.4787576, 0.5059895, 1
0.5376834, 0.4269871, 0.3660251, 1
0.5623913, 0.5290446, 0.6636281, 1
0.3190119, 0.4245777, 0.5893582, 1
0.3501388, 0.4733023, 0.510058, 1
0.597674, 0.4749262, 0.6005316, 1
0.7739706, 0.4200069, 0.3561085, 1
0.5188553, 0.4925371, 0.83189, 1
0.2071252, 0.4358181, 0.4694268, 1
0.3562065, 0.5127281, 0.8672044, 1
0.3733159, 0.50347, 0.7359644, 1
0.3460446, 0.4572179, 0.4706243, 1
0.395887, 0.4672685, 0.4519257, 1
0.1763626, 0.3843043, 0.3437432, 1
0.2911283, 0.4283143, 0.5740325, 1
0.4442563, 0.3740311, 0.1954904, 1
0.3840116, 0.3792357, 0.3016666, 1
0.7617598, 0.4627861, 0.2973892, 1
0.1716315, 0.4696462, 0.6515, 1
0.7558697, 0.4287364, 0.376264, 1
0.698301, 0.4854466, 0.6231855, 1
0.7996615, 0.5048009, 0.5472416, 1
0.8321933, 0.5096221, 0.5303196, 1
0.3192219, 0.4844405, 0.808244, 1
0.7228137, 0.5542139, 0.8024685, 1
0.2739425, 0.4313789, 0.5488973, 1
0.8071955, 0.5036849, 0.6763241, 1
0.54711, 0.5157002, 0.7671687, 1
0.2171493, 0.4777421, 0.6897486, 1
0.2986045, 0.3947897, 0.4356712, 1
0.3692648, 0.3724711, 0.1698847, 1
0.7668669, 0.53122, 0.7392443, 1
0.6579688, 0.4303687, 0.1749127, 1
0.7018439, 0.3863022, 0.2183555, 1
0.5527236, 0.4862075, 0.668332, 1
0.6882168, 0.5400503, 0.8158442, 1
0.6904575, 0.4942998, 0.7524981, 1
0.3068546, 0.4808731, 0.6298528, 1
0.5501369, 0.4553575, 0.4097173, 1
0.1593885, 0.3993965, 0.4823499, 1
0.5928031, 0.4497586, 0.3422768, 1
0.5278723, 0.483952, 0.7533972, 1
0.2053193, 0.4730533, 0.6034562, 1
0.6122093, 0.4938622, 0.5554058, 1
0.7127219, 0.4956549, 0.4963897, 1
0.6701185, 0.5018942, 0.7277136, 1
0.4741645, 0.3675775, 0.175375, 1
0.6802002, 0.437594, 0.2116732, 1
0.4897811, 0.4524365, 0.3659409, 1
0.5155059, 0.4914725, 0.7769292, 1
0.8789663, 0.4371818, 0.3908935, 1
0.4777441, 0.4476936, 0.5787244, 1
0.595821, 0.5033315, 0.7949609, 1
0.3434936, 0.4110559, 0.5226322, 1
0.5015098, 0.5056188, 0.8207352, 1
0.7092408, 0.4111573, 0.3450249, 1
0.6443042, 0.4809133, 0.3784271, 1
0.7414938, 0.4281433, 0.287064, 1
0.8405213, 0.5402473, 0.6052281, 1
0.3235649, 0.5229326, 0.7995725, 1
0.3285807, 0.4026368, 0.4542488, 1
0.5453149, 0.4804904, 0.5562975, 1
0.4801184, 0.4629396, 0.7296122, 1
0.6988115, 0.4737622, 0.4123862, 1
0.6091587, 0.4512976, 0.2812459, 1
0.3805566, 0.4417367, 0.3931673, 1
0.2976735, 0.449404, 0.5089118, 1
0.3911612, 0.3693945, 0.1589899, 1
0.7545537, 0.4204834, 0.2156003, 1
0.6976349, 0.4722477, 0.3465017, 1
0.4574809, 0.4818617, 0.5843504, 1
0.3447156, 0.4590885, 0.5383486, 1
0.5297306, 0.4526761, 0.446958, 1
0.4443347, 0.3586712, 0.2111731, 1
0.6509601, 0.436656, 0.151697, 1
0.59618, 0.4310826, 0.4886221, 1
0.2690489, 0.4347332, 0.3265455, 1
0.7650079, 0.5421271, 0.6299372, 1
0.4905996, 0.4623608, 0.6143594, 1
0.5587038, 0.5285602, 0.6927713, 1
0.3251592, 0.380955, 0.2208031, 1
0.4319934, 0.4855077, 0.5633585, 1
0.2577198, 0.4394921, 0.6656884, 1
0.8593663, 0.5275713, 0.5265866, 1
0.2378089, 0.387726, 0.3029298, 1
0.6769294, 0.4346311, 0.3413528, 1
0.3345151, 0.4047267, 0.149123, 1
0.6246407, 0.3915432, 0.2376611, 1
0.797156, 0.5136545, 0.7305602, 1
0.8193795, 0.5170253, 0.5825297, 1
0.6719171, 0.4664254, 0.4388419, 1
0.7939414, 0.4520894, 0.4544325, 1
0.2871322, 0.5196743, 0.7948245, 1
0.8435996, 0.5493556, 0.6576926, 1
0.4708732, 0.3931017, 0.2028966, 1
0.4630492, 0.4619044, 0.5892178, 1
0.4822673, 0.3742507, 0.1805796, 1
0.415382, 0.4544089, 0.4839348, 1
0.5362293, 0.457794, 0.3811648, 1
0.1918893, 0.4393933, 0.7454907, 1
0.3225394, 0.4771839, 0.6438507, 1
0.5850583, 0.4245429, 0.3381782, 1
0.4616114, 0.511466, 0.865952, 1
0.314234, 0.5311207, 0.8112315, 1
0.4622129, 0.4057162, 0.1028419, 1
0.4896495, 0.3875635, 0.3014071, 1
0.3189049, 0.4565399, 0.5490556, 1
0.5242184, 0.4437929, 0.4610691, 1
0.2389086, 0.4669202, 0.560229, 1
0.7839698, 0.4903324, 0.7142296, 1
0.1667486, 0.3893894, 0.3942569, 1
0.3813728, 0.4288879, 0.556124, 1
0.5392518, 0.404036, 0.1287924, 1
0.5294649, 0.3989307, 0.1477876, 1
0.5458513, 0.4116078, 0.3368849, 1
0.7722663, 0.4638055, 0.3359583, 1
0.4979485, 0.4422344, 0.364402, 1
0.4888296, 0.4846703, 0.5847789, 1
0.5196697, 0.3875228, 0.3147411, 1
0.1614372, 0.4122098, 0.4056867, 1
0.66559, 0.54451, 0.815638, 1
0.6532164, 0.3991278, 0.2774861, 1
0.4252119, 0.5086898, 0.8547187, 1
0.4069247, 0.475635, 0.7436407, 1
0.8133932, 0.4514747, 0.4921959, 1
0.1748442, 0.422486, 0.5020447, 1
0.4046388, 0.4626721, 0.6687022, 1
0.6615682, 0.4962036, 0.6065275, 1
0.6179026, 0.4437215, 0.2506791, 1
0.6954365, 0.4641847, 0.4247464, 1
0.7298048, 0.5070077, 0.5882318, 1
0.5575295, 0.5511045, 0.7718342, 1
0.4333281, 0.490029, 0.5371352, 1
0.8778408, 0.4792957, 0.5132067, 1
0.2968487, 0.3524714, 0.1919893, 1
0.3524732, 0.3873049, 0.2398913, 1
0.6833417, 0.5473863, 0.8168526, 1
0.2676986, 0.3735591, 0.3703057, 1
0.1328017, 0.4744678, 0.6476111, 1
0.1508586, 0.3866786, 0.4058088, 1
0.3217339, 0.4419709, 0.3884883, 1
0.1824536, 0.3616047, 0.2746049, 1
0.711786, 0.4108149, 0.1717142, 1
0.6613949, 0.5035915, 0.6582587, 1
0.827992, 0.5022213, 0.5972584, 1
0.6044155, 0.4189434, 0.1901675, 1
0.4949931, 0.4133007, 0.1882058, 1
0.7842072, 0.4685519, 0.4286739, 1
0.2436124, 0.3518282, 0.2764464, 1
0.3969588, 0.3529599, 0.1914492, 1
0.3692984, 0.3683643, 0.1518222, 1
0.1723044, 0.3940774, 0.4746233, 1
0.6504772, 0.4412872, 0.3311593, 1
0.6790897, 0.3910355, 0.1680464, 1
0.3682453, 0.4721575, 0.5183698, 1
0.1891451, 0.4423043, 0.6672451, 1
0.8247816, 0.4348354, 0.3914965, 1
0.7575134, 0.4727031, 0.4039966, 1
0.320234, 0.3518365, 0.2339391, 1
0.6588317, 0.5162305, 0.6575497, 1
0.6082448, 0.468484, 0.5944727, 1
0.6125941, 0.4653249, 0.5509685, 1
0.1709755, 0.4677506, 0.6031083, 1
0.7445502, 0.5084819, 0.7282053, 1
0.7699758, 0.4035206, 0.2593857, 1
0.5795068, 0.4139631, 0.2306552, 1
0.6008987, 0.4462554, 0.3833295, 1
0.3579822, 0.5173162, 0.8062111, 1
0.4092121, 0.405875, 0.1846485, 1
0.2770349, 0.4821108, 0.5811527, 1
0.2552291, 0.4480717, 0.6783851, 1
0.3226515, 0.4894498, 0.7078521, 1
0.3559171, 0.4407937, 0.4064354, 1
0.7908307, 0.5330315, 0.7583886, 1
0.4726429, 0.4800837, 0.7658495, 1
0.4186763, 0.5003368, 0.694586, 1
0.5037399, 0.4771166, 0.5736822, 1
0.6880756, 0.4794029, 0.6373031, 1
0.5561003, 0.4582615, 0.4360708, 1
0.6225389, 0.405984, 0.2991362, 1
0.2355843, 0.372815, 0.2740766, 1
0.6748016, 0.4191492, 0.3274201, 1
0.504878, 0.4285049, 0.3106429, 1
0.2496742, 0.477985, 0.6372762, 1
0.6549407, 0.5594929, 0.7997802, 1
0.350682, 0.4530092, 0.3852637, 1
0.1555396, 0.4218928, 0.3781981, 1
0.4765826, 0.4882767, 0.5157835, 1
0.4116916, 0.4250408, 0.4157287, 1
0.6113697, 0.3938299, 0.218082, 1
0.6666718, 0.5126017, 0.8427274, 1
0.8980811, 0.4792723, 0.5415136, 1
0.6938097, 0.5389532, 0.6661688, 1
0.4743344, 0.5594226, 0.8730704, 1
0.4052578, 0.4094989, 0.16031, 1
0.2330372, 0.3812782, 0.4218753, 1
0.3911567, 0.4608817, 0.7510096, 1
0.1623587, 0.4184985, 0.4322281, 1
0.4118434, 0.4413877, 0.3351782, 1
0.554543, 0.4699146, 0.5500737, 1
0.6608837, 0.5479417, 0.7882398, 1
0.7134659, 0.4326265, 0.1922621, 1
0.4655756, 0.3950056, 0.1417882, 1
0.7696638, 0.5528581, 0.7389981, 1
0.3288219, 0.4747794, 0.6017401, 1
0.7464349, 0.4502139, 0.5050153, 1
0.6315517, 0.4081202, 0.3524169, 1
0.4335284, 0.395188, 0.3430147, 1
0.59908, 0.4132019, 0.3160016, 1
0.6122482, 0.4431088, 0.4201565, 1
0.688663, 0.4381282, 0.2752986, 1
0.2377127, 0.3610588, 0.3254184, 1
0.2479074, 0.4302088, 0.4521584, 1
0.6009144, 0.54173, 0.8081533, 1
0.5531266, 0.3995067, 0.336569, 1
0.3397894, 0.4395773, 0.3559066, 1
0.7624664, 0.4632396, 0.4963929, 1
0.4674975, 0.4462714, 0.5999287, 1
0.4129649, 0.4109439, 0.1791128, 1
0.3857343, 0.4212552, 0.4748131, 1
0.7276791, 0.4777159, 0.5393046, 1
0.363915, 0.348043, 0.1994764, 1
0.4184728, 0.5332522, 0.8682398, 1
0.4686881, 0.4617931, 0.3779676, 1
0.5914676, 0.5035632, 0.7882227, 1
0.7864584, 0.4381609, 0.2902541, 1
0.8432718, 0.4912707, 0.5456391, 1
0.4696699, 0.4253019, 0.2761841, 1
0.5674705, 0.4545502, 0.6210204, 1
0.2878702, 0.4519055, 0.4519992, 1
0.4825493, 0.3731039, 0.1918638, 1
0.6910368, 0.4182477, 0.1957261, 1
0.3540329, 0.4280329, 0.2717957, 1
0.554646, 0.4725438, 0.6081463, 1
0.4617526, 0.4893076, 0.839892, 1
0.3688708, 0.5009248, 0.6251633, 1
0.5186416, 0.4814811, 0.4674851, 1
0.1840535, 0.4073722, 0.334275, 1
0.3456735, 0.5093923, 0.7454581, 1
0.7600964, 0.415636, 0.2349366, 1
0.8690227, 0.4457024, 0.4421701, 1
0.7921575, 0.4809844, 0.5673155, 1
0.5454379, 0.3969576, 0.1779685, 1
0.8339548, 0.47706, 0.5236247, 1
0.8233714, 0.4189676, 0.2811341, 1
0.3401808, 0.4712056, 0.4843894, 1
0.3297487, 0.4217963, 0.4394728, 1
0.8013759, 0.4469739, 0.4622082, 1
0.2201059, 0.4999464, 0.7565472, 1
0.4070337, 0.46217, 0.7284704, 1
0.5355003, 0.4321334, 0.3916549, 1
0.8564946, 0.4810405, 0.4140357, 1
0.2529202, 0.4172081, 0.5417305, 1
0.2225341, 0.3991336, 0.2700019, 1
0.1939176, 0.4371683, 0.7052116, 1
0.871963, 0.5227256, 0.4835386, 1
0.5117821, 0.5134853, 0.8181223, 1
0.6793169, 0.5186456, 0.8486005, 1
0.8124174, 0.4563602, 0.287571, 1
0.3368285, 0.4375133, 0.4466764, 1
0.6743853, 0.4992512, 0.5524113, 1
0.4481432, 0.5261515, 0.8793063, 1
0.1526521, 0.4058619, 0.5953335, 1
0.2562613, 0.4282847, 0.5760186, 1
0.4693085, 0.4685645, 0.4599082, 1
0.1908749, 0.3907675, 0.4114146, 1
0.6720655, 0.44675, 0.5235696, 1
0.5385709, 0.4644891, 0.3676255, 1
0.7446291, 0.5086076, 0.4647461, 1
0.5853195, 0.5376272, 0.8286124, 1
0.638477, 0.4922461, 0.4522145, 1
0.518064, 0.5130481, 0.7182388, 1
0.5917123, 0.4527426, 0.3373485, 1
0.4302583, 0.4631464, 0.6344498, 1
0.2118605, 0.4742406, 0.7681179, 1
0.5021731, 0.4517667, 0.5353673, 1
0.1580451, 0.4086426, 0.6232112, 1
0.4906317, 0.4834404, 0.8150176, 1
0.2379011, 0.4336773, 0.6774994, 1
0.505179, 0.494186, 0.8230802, 1
0.3333499, 0.38583, 0.2621913, 1
0.7340978, 0.4859847, 0.4024746, 1
0.3697484, 0.4043431, 0.2122591, 1
0.5124491, 0.410188, 0.1437386, 1
0.3892061, 0.462149, 0.4041079, 1
0.3110504, 0.3662458, 0.226046, 1
0.8214684, 0.4901862, 0.6369867, 1
0.3572538, 0.4011772, 0.2112558, 1
0.7300378, 0.5204049, 0.5252056, 1
0.5617773, 0.4628685, 0.3390094, 1
0.5830197, 0.4588451, 0.4867717, 1
0.6133416, 0.492183, 0.5016055, 1
0.6111997, 0.5008477, 0.8157577, 1
0.2578114, 0.3719298, 0.2964918, 1
0.7343722, 0.4737095, 0.6330065, 1
0.5164176, 0.509392, 0.7191697, 1
0.5899133, 0.5447453, 0.7853176, 1
0.819454, 0.4920284, 0.6670771, 1
0.649801, 0.4126659, 0.1712564, 1
0.2808736, 0.3919648, 0.471074, 1
0.2649232, 0.4378074, 0.4446299, 1
0.4134714, 0.5046106, 0.8164098, 1
0.1487757, 0.425415, 0.3991616, 1
0.6729583, 0.4326586, 0.2692035, 1
0.3796862, 0.4104346, 0.4021106, 1
0.3387615, 0.4490942, 0.5232542, 1
0.7275912, 0.5062677, 0.5100852, 1
0.7228202, 0.4956146, 0.6692529, 1
0.2361242, 0.4567048, 0.5926042, 1
0.7064434, 0.4369627, 0.3042759, 1
0.1873222, 0.476623, 0.6655398, 1
0.5967221, 0.4071242, 0.1929732, 1
0.3360183, 0.4575522, 0.6875727, 1
0.845031, 0.5082388, 0.4275316, 1
0.5465738, 0.437082, 0.2316645, 1
0.600544, 0.480166, 0.7257554, 1
0.3918319, 0.4152066, 0.2313622, 1
0.5360866, 0.4803953, 0.7121226, 1
0.2429065, 0.505081, 0.7258166, 1
0.2733025, 0.4076358, 0.5404656, 1
0.4681329, 0.4968937, 0.8159654, 1
0.6002815, 0.4983549, 0.611784, 1
0.8123169, 0.5362958, 0.6426177, 1
0.780038, 0.4783532, 0.5231997, 1
0.3968, 0.4466291, 0.3829789, 1
0.5085716, 0.5010581, 0.7143993, 1
0.4101132, 0.4276654, 0.4815831, 1
0.319401, 0.4431523, 0.6522256, 1
0.1528002, 0.4227814, 0.5604155, 1
0.3426407, 0.4421974, 0.5231164, 1
0.32342, 0.4257551, 0.3982249, 1
0.6678924, 0.4272405, 0.2315203, 1
0.5653006, 0.4254577, 0.3321297, 1
0.8163717, 0.4980947, 0.6279886, 1
0.5513765, 0.4769409, 0.6737133, 1
0.2002943, 0.4960222, 0.7488195, 1
0.8533573, 0.4581092, 0.2614211, 1
0.4981823, 0.4193567, 0.4897172, 1
0.3476889, 0.4995804, 0.8184187, 1
0.4743467, 0.5020624, 0.6740832, 1
0.7133234, 0.5456761, 0.8079383, 1
0.1280937, 0.4221287, 0.4946076, 1
0.3808955, 0.3478125, 0.1447177, 1
0.830202, 0.4579757, 0.4231592, 1
0.18636, 0.4096066, 0.2829989, 1
0.8950911, 0.4893223, 0.5604171, 1
0.845433, 0.5324989, 0.6679217, 1
0.5861937, 0.5010475, 0.8321058, 1
0.5931299, 0.4639085, 0.3642434, 1
0.4840118, 0.4880768, 0.5455431, 1
0.6600114, 0.4398707, 0.1746445, 1
0.4242734, 0.4466119, 0.4875897, 1
0.7777683, 0.4831713, 0.6001428, 1
0.7915314, 0.5017479, 0.555627, 1
0.5315926, 0.4323377, 0.3558488, 1
0.1197954, 0.4297475, 0.5963048, 1
0.8481447, 0.4435286, 0.3626118, 1
0.8453189, 0.5406106, 0.6550879, 1
0.3113413, 0.4898931, 0.825293, 1
0.2403484, 0.4042324, 0.4037516, 1
0.3849126, 0.471179, 0.7794723, 1
0.7556021, 0.4568479, 0.5075166, 1
0.6770835, 0.4211112, 0.2830767, 1
0.4341904, 0.4635034, 0.464165, 1
0.6242857, 0.4096227, 0.2861721, 1
0.6818573, 0.5485299, 0.7617344, 1
0.5388165, 0.5272207, 0.7471144, 1
0.1722211, 0.3996283, 0.5206745, 1
0.3359487, 0.3875895, 0.1534726, 1
0.5781406, 0.4361046, 0.4144189, 1
0.6583004, 0.4478331, 0.4413519, 1
0.1338433, 0.4071451, 0.4255476, 1
0.2404052, 0.4227288, 0.5220946, 1
0.2887918, 0.3558608, 0.2086469, 1
0.7048919, 0.521072, 0.7871684, 1
0.3442103, 0.3734376, 0.1556239, 1
0.2426133, 0.513079, 0.7501852, 1
0.5529959, 0.4704197, 0.6321028, 1
0.7106434, 0.566326, 0.770401, 1
0.674417, 0.47196, 0.5179192, 1
0.7311037, 0.4445575, 0.2389179, 1
0.4241401, 0.3906233, 0.3307236, 1
0.7312843, 0.5585169, 0.7241372, 1
0.5342638, 0.3994755, 0.356579, 1
0.5065399, 0.4276303, 0.2992128, 1
0.3128693, 0.4110484, 0.4810314, 1
0.784322, 0.4616791, 0.5101925, 1
0.2761194, 0.354451, 0.2226039, 1
0.5895325, 0.4290537, 0.2381325, 1
0.2554876, 0.3514493, 0.2518904, 1
0.3735143, 0.4913318, 0.5729356, 1
0.3678829, 0.4289413, 0.4962979, 1
0.5059785, 0.4506487, 0.6122112, 1
0.546374, 0.4541875, 0.5059609, 1
0.4359111, 0.4205224, 0.334743, 1
0.5190946, 0.4791875, 0.5221135, 1
0.183138, 0.4392015, 0.6910412, 1
0.3034374, 0.3861786, 0.3595475, 1
0.2843987, 0.3785934, 0.2330014, 1
0.8052613, 0.4417693, 0.2351577, 1
0.4113389, 0.4544156, 0.3703447, 1
0.3960422, 0.418645, 0.5134456, 1
0.7388712, 0.5204914, 0.6930395, 1
0.4567403, 0.3531106, 0.1478041, 1
0.2849131, 0.4392731, 0.5019056, 1
0.800852, 0.4656484, 0.322098, 1
0.328366, 0.391283, 0.2862691, 1
0.4366632, 0.4373526, 0.2609901, 1
0.4314321, 0.4637228, 0.5463797, 1
0.2794451, 0.4360135, 0.7039536, 1
0.7315816, 0.4486383, 0.3263098, 1
0.5292039, 0.5546716, 0.8585028, 1
0.4555053, 0.4657803, 0.6528081, 1
0.5071099, 0.4297813, 0.4875875, 1
0.4933722, 0.4618185, 0.3834724, 1
0.6920945, 0.4900063, 0.6650411, 1
0.6559695, 0.5096377, 0.6954691, 1
0.740617, 0.4414894, 0.3827277, 1
0.3891392, 0.4261518, 0.3504709, 1
0.8825673, 0.4557543, 0.4870728, 1
0.8440508, 0.4907106, 0.549367, 1
0.1107707, 0.4223985, 0.4845434, 1
0.7087765, 0.5132635, 0.5378287, 1
0.3465585, 0.4880866, 0.7695025, 1
0.3599878, 0.3902006, 0.3025834, 1
0.7340091, 0.5134127, 0.7984671, 1
0.7308254, 0.5021206, 0.648195, 1
0.3763889, 0.3802258, 0.1614701, 1
0.6334344, 0.5155923, 0.6408728, 1
0.4426234, 0.5009488, 0.7341628, 1
0.8570055, 0.4844813, 0.5536579, 1
0.1105284, 0.4200528, 0.4163426, 1
0.2474331, 0.4407492, 0.6423002, 1
0.8076537, 0.4755169, 0.3993885, 1
0.2739916, 0.4282427, 0.3402789, 1
0.3530092, 0.3988414, 0.1517574, 1
0.5210117, 0.5391985, 0.8127438, 1
0.7179939, 0.5306684, 0.6970358, 1
0.2593927, 0.4095562, 0.5465757, 1
0.7016116, 0.4509692, 0.3178948, 1
0.3584738, 0.3925654, 0.2896892, 1
0.5872089, 0.4323569, 0.4355045, 1
0.6707023, 0.4145935, 0.3101554, 1
0.3762186, 0.44701, 0.4706751, 1
0.4715354, 0.4189285, 0.2571377, 1
0.6279852, 0.4430255, 0.4922032, 1
0.2821409, 0.3440288, 0.2014982, 1
0.3092833, 0.4534845, 0.4160269, 1
0.1849773, 0.4352582, 0.4109395, 1
0.1943977, 0.4421298, 0.4661451, 1
0.5337341, 0.4383108, 0.4150086, 1
0.7061148, 0.458046, 0.5719559, 1
0.2209273, 0.3905578, 0.41977, 1
0.540956, 0.4506381, 0.5675954, 1
0.483924, 0.3705588, 0.1706144, 1
0.5089096, 0.4147031, 0.3677686, 1
0.5667013, 0.4664669, 0.4261833, 1
0.4092905, 0.3689072, 0.1256882, 1
0.5991338, 0.5143425, 0.8381789, 1
0.5512742, 0.4317998, 0.3866958, 1
0.3134542, 0.3600047, 0.2988378, 1
0.5134801, 0.4134337, 0.2545916, 1
0.4799443, 0.3651201, 0.1392681, 1
0.2708269, 0.417041, 0.3805619, 1
0.5177013, 0.4987892, 0.6929579, 1
0.1909407, 0.4042814, 0.3423586, 1
0.5296733, 0.4211016, 0.4055598, 1
0.236204, 0.362128, 0.243765, 1
0.7729533, 0.4075113, 0.2438236, 1
0.792892, 0.4497108, 0.3890161, 1
0.3680744, 0.4774743, 0.5749336, 1
0.7556333, 0.5295775, 0.7412368, 1
0.3218237, 0.5024607, 0.7151478, 1
0.155367, 0.4565882, 0.5722356, 1
0.1786182, 0.4420722, 0.4197547, 1
0.851925, 0.5162048, 0.4997978, 1
0.8047026, 0.4716747, 0.3768991, 1
0.2854739, 0.386965, 0.1673135, 1
0.8669305, 0.5436228, 0.6185789, 1
0.3464952, 0.4191859, 0.576655, 1
0.5152367, 0.4087346, 0.4278012, 1
0.3649131, 0.4435847, 0.6765785, 1
0.1743308, 0.4611796, 0.6408098, 1
0.6829051, 0.5388811, 0.7426603, 1
0.6813437, 0.5156556, 0.5594607, 1
0.3487776, 0.4665951, 0.6261329, 1
0.5655167, 0.5096127, 0.7424577, 1
0.4900976, 0.4370637, 0.5350856, 1
0.3793661, 0.3964167, 0.3153843, 1
0.7941114, 0.4707398, 0.3385357, 1
0.4842841, 0.4418227, 0.4477719, 1
0.2053514, 0.4174978, 0.339265, 1
0.8848891, 0.4861136, 0.4698224, 1
0.5459698, 0.4763112, 0.6645933, 1
0.6583686, 0.5039359, 0.792962, 1
0.21359, 0.4254243, 0.347787, 1
0.6250782, 0.5015962, 0.6855569, 1
0.2358028, 0.4060931, 0.2583537, 1
0.4797133, 0.5188679, 0.805503, 1
0.8201361, 0.5233303, 0.7320235, 1
0.7256906, 0.4212689, 0.3765762, 1
0.5289151, 0.4659518, 0.6713381, 1
0.5566788, 0.4801234, 0.6197349, 1
0.6644282, 0.3860928, 0.1896289, 1
0.2883938, 0.4471189, 0.7038306, 1
0.8281925, 0.5161225, 0.4949419, 1
0.466067, 0.5331545, 0.8247839, 1
0.4899246, 0.4773802, 0.6638535, 1
0.7568964, 0.4779781, 0.3786152, 1
0.2930603, 0.5079369, 0.7935607, 1
0.4791166, 0.4239168, 0.4235576, 1
0.7771962, 0.5211462, 0.6076195, 1
0.3199407, 0.4770757, 0.7803725, 1
0.2027136, 0.4545252, 0.6879652, 1
0.4427815, 0.4639591, 0.3981228, 1
0.7915341, 0.487314, 0.5042356, 1
0.4017891, 0.4920542, 0.8287273, 1
0.6454126, 0.4710502, 0.561576, 1
0.3367396, 0.4061542, 0.3649058, 1
0.4411423, 0.4242274, 0.5166521, 1
0.6638242, 0.4415285, 0.247817, 1
0.4341668, 0.5499946, 0.8530561, 1
0.2943224, 0.4090616, 0.3904397, 1
0.1839436, 0.4382301, 0.4921466, 1
0.873091, 0.5077766, 0.6055482, 1
0.3802778, 0.4799455, 0.8710054, 1
0.3475581, 0.476206, 0.6475405, 1
0.6393942, 0.486186, 0.5207902, 1
0.5516394, 0.4243034, 0.3495596, 1
0.1938329, 0.4482956, 0.4987566, 1
0.7481393, 0.4086934, 0.2229291, 1
0.5921597, 0.4588903, 0.3491541, 1
0.6322941, 0.5006134, 0.5142713, 1
0.4281086, 0.4558734, 0.5250078, 1
0.4751893, 0.4477178, 0.6335773, 1
0.7643789, 0.4877389, 0.470361, 1
0.2195476, 0.4558832, 0.6055387, 1
0.3226658, 0.4670944, 0.7915098, 1
0.343348, 0.4545343, 0.5530794, 1
0.3064241, 0.4716966, 0.7722874, 1
0.6806553, 0.4544072, 0.36839, 1
0.3471696, 0.4493193, 0.6383781, 1
0.6944253, 0.552264, 0.7474765, 1
0.3781865, 0.4243154, 0.3045163, 1
0.7922778, 0.5254747, 0.6958863, 1
0.5544034, 0.4079175, 0.1740514, 1
0.8814886, 0.5172102, 0.5711732, 1
0.512399, 0.4955454, 0.8711268, 1
0.1964579, 0.4597726, 0.5815175, 1
0.3371521, 0.3786815, 0.1541135, 1
0.6852631, 0.449111, 0.5000656, 1
0.3630519, 0.4364969, 0.6577763, 1
0.1846803, 0.4646876, 0.5266635, 1
0.2042724, 0.4321449, 0.4097256, 1
0.15655, 0.3826775, 0.3075565, 1
0.3076023, 0.4483136, 0.6031817, 1
0.3239132, 0.4508214, 0.540915, 1
0.5324396, 0.3845423, 0.2606697, 1
0.744908, 0.5555242, 0.7910895, 1
0.2991343, 0.4515268, 0.7413882, 1
0.394881, 0.4185166, 0.2030963, 1
0.4722022, 0.4215084, 0.3336457, 1
0.6294376, 0.5115078, 0.8582632, 1
0.7554991, 0.4812471, 0.6783594, 1
0.8007136, 0.4787148, 0.5059084, 1
0.5895071, 0.4279433, 0.2219192, 1
0.674822, 0.4619101, 0.3483195, 1
0.6688708, 0.5321829, 0.78478, 1
0.5165159, 0.4880572, 0.8426939, 1
0.5225885, 0.4532561, 0.5620055, 1
0.5054417, 0.4063452, 0.4295246, 1
0.3762043, 0.3665151, 0.2779717, 1
0.7580739, 0.4610277, 0.5649284, 1
0.4532411, 0.5511822, 0.849315, 1
0.2598397, 0.4865086, 0.7087548, 1
0.8129649, 0.4503551, 0.2646022, 1
0.2783059, 0.4901251, 0.6724685, 1
0.6225092, 0.434227, 0.2251798, 1
0.1672999, 0.4358511, 0.6664571, 1
0.5428957, 0.419463, 0.3607518, 1
0.3989956, 0.4318533, 0.5112115, 1
0.5613081, 0.4190997, 0.1111161, 1
0.6042702, 0.5225289, 0.6015258, 1
0.7005443, 0.5527785, 0.7654234, 1
0.3932636, 0.3576503, 0.1533795, 1
0.2841188, 0.4641021, 0.5305396, 1
0.4444156, 0.5093642, 0.8254392, 1
0.2246408, 0.4792202, 0.6543427, 1
0.3438073, 0.4351181, 0.6025712, 1
0.5746404, 0.5067833, 0.6433442, 1
0.8309007, 0.5425696, 0.6877292, 1
0.5247362, 0.5213398, 0.8375997, 1
0.4299109, 0.4105987, 0.459669, 1
0.741658, 0.5012907, 0.5377155, 1
0.619098, 0.4489421, 0.4854564, 1
0.673472, 0.4374387, 0.2980794, 1
0.3550675, 0.4125428, 0.3438414, 1
0.3415635, 0.4970499, 0.7832525, 1
0.441084, 0.4273015, 0.3105674, 1
0.7339661, 0.4612513, 0.4826367, 1
0.6020257, 0.4174899, 0.3135273, 1
0.4973183, 0.4254736, 0.4038875, 1
0.3901916, 0.5205353, 0.7805126, 1
0.6065981, 0.4001572, 0.1604029, 1
0.1233944, 0.4510657, 0.6140755, 1
0.6955774, 0.4613449, 0.3450235, 1
0.561076, 0.3953612, 0.2559671, 1
0.7304934, 0.4544488, 0.3690737, 1
0.878033, 0.4879307, 0.628545, 1
0.4652505, 0.4059565, 0.3103061, 1
0.1792804, 0.4931879, 0.7063125, 1
0.2964979, 0.4058175, 0.4109434, 1
0.7697407, 0.4496855, 0.3808534, 1
0.5543225, 0.4753627, 0.7452466, 1
0.2435898, 0.3612564, 0.3285155, 1
0.2545764, 0.4018818, 0.4613148, 1
0.6127128, 0.4935295, 0.7259024, 1
0.3713121, 0.4733504, 0.7766829, 1
0.6279717, 0.5184551, 0.6610102, 1
0.3492332, 0.4188599, 0.4065533, 1
0.3266962, 0.4668593, 0.8328966, 1
0.5829122, 0.4606189, 0.6527552, 1
0.4116245, 0.4758061, 0.6569251, 1
0.6466455, 0.5173134, 0.7048188, 1
0.4452664, 0.4604886, 0.5969071, 1
0.8172864, 0.4441693, 0.2984064, 1
0.3318219, 0.4036606, 0.1849207, 1
0.4980949, 0.4804581, 0.456288, 1
0.4902365, 0.4299856, 0.3475839, 1
0.4741967, 0.3733822, 0.1261441, 1
0.6589903, 0.4229294, 0.4023374, 1
0.7731404, 0.4896254, 0.443337, 1
0.5596043, 0.5054563, 0.6683639, 1
0.3875342, 0.4675944, 0.5410849, 1
0.2177425, 0.4365006, 0.5311927, 1
0.4680815, 0.4202214, 0.3796254, 1
0.8606602, 0.4992798, 0.3826364, 1
0.1426687, 0.466084, 0.6491489, 1
0.6587967, 0.5477965, 0.7367174, 1
0.3964067, 0.4803212, 0.8133497, 1
0.8050386, 0.4549292, 0.3224342, 1
0.6115379, 0.5143259, 0.6240436, 1
0.7367824, 0.5008025, 0.6698464, 1
0.6209918, 0.486608, 0.7805723, 1
0.2743972, 0.4241535, 0.4759155, 1
0.333821, 0.4698074, 0.5383831, 1
0.7209082, 0.5656341, 0.7848511, 1
0.7352217, 0.5490456, 0.6969732, 1
0.734602, 0.4893684, 0.4968244, 1
0.3239124, 0.4555154, 0.7189664, 1
0.6903393, 0.4271793, 0.4008724, 1
0.3845307, 0.5187888, 0.8282458, 1
0.2169848, 0.3539919, 0.2951615, 1
0.6523082, 0.544831, 0.7955731, 1
0.5453708, 0.4306706, 0.2609946, 1
0.5053294, 0.3789187, 0.1532644, 1
0.4245789, 0.4533222, 0.4235783, 1
0.6020332, 0.416944, 0.1158574, 1
0.6089557, 0.4949765, 0.6613413, 1
0.4636827, 0.3665017, 0.1698638, 1
0.4312332, 0.5221244, 0.7374199, 1
0.2271435, 0.4683819, 0.6180567, 1
0.7639796, 0.521627, 0.6424642, 1
0.3637436, 0.4058195, 0.1458343, 1
0.8206249, 0.4167452, 0.3054214, 1
0.7897435, 0.5502309, 0.6541728, 1
0.5144252, 0.4153622, 0.1174587, 1
0.2751646, 0.4340863, 0.6441057, 1
0.5455301, 0.4960143, 0.7659472, 1
0.1277717, 0.4090679, 0.6063248, 1
0.7771366, 0.4873698, 0.3926802, 1
0.6428276, 0.4513424, 0.4861199, 1
0.2983662, 0.4229185, 0.2869163, 1
0.7201478, 0.4045443, 0.2977329, 1
0.6895784, 0.4805006, 0.5512609, 1
0.5782784, 0.4450927, 0.3500179, 1
0.7008604, 0.4464773, 0.4405206, 1
0.6494967, 0.4407773, 0.5188296, 1
0.2775541, 0.4433085, 0.5344351, 1
0.7621968, 0.4282569, 0.254679, 1
0.486652, 0.4879323, 0.4901135, 1
0.5922332, 0.4616835, 0.442399, 1
0.8140596, 0.5047321, 0.4628437, 1
0.8251655, 0.5223458, 0.6058584, 1
0.5000203, 0.4230011, 0.4693733, 1
0.7965776, 0.4796351, 0.4595215, 1
0.509547, 0.5518982, 0.8113071, 1
0.7286555, 0.4651751, 0.3668021, 1
0.780261, 0.4142209, 0.287843, 1
0.7571846, 0.5326785, 0.6091084, 1
0.8766959, 0.4681931, 0.5152208, 1
0.7847602, 0.4852117, 0.5014966, 1
0.4559811, 0.4790764, 0.8000089, 1
0.7197504, 0.411995, 0.1996999, 1
0.6683264, 0.4674696, 0.5235175, 1
0.3271743, 0.4107549, 0.4536059, 1
0.601794, 0.500178, 0.6486579, 1
0.1848473, 0.3743908, 0.3694151, 1
0.6668433, 0.4070536, 0.2207697, 1
0.4850682, 0.4250841, 0.2676624, 1
0.5943813, 0.4598794, 0.5559384, 1
0.2361591, 0.4845782, 0.6154898, 1
0.3909512, 0.458692, 0.4124334, 1
0.7584007, 0.4347132, 0.3240397, 1
0.5590764, 0.490163, 0.5346988, 1
0.128841, 0.4078277, 0.533496, 1
0.4872064, 0.4918137, 0.6906551, 1
0.3048257, 0.409899, 0.3888641, 1
0.8679311, 0.5202723, 0.602079, 1
0.8448277, 0.4615037, 0.2959328, 1
0.7577485, 0.4749419, 0.3554451, 1
0.6650705, 0.4707643, 0.403162, 1
0.6596652, 0.480535, 0.5897553, 1
0.1123603, 0.442342, 0.5017064, 1
0.52227, 0.538509, 0.8771751, 1
0.7266124, 0.5165596, 0.5080606, 1
0.4757924, 0.5386028, 0.8151771, 1
0.4995835, 0.4321082, 0.2322986, 1
0.5231759, 0.5293331, 0.7844848, 1
0.6355861, 0.4742067, 0.4757133, 1
0.360439, 0.4852677, 0.8245421, 1
0.2057733, 0.3911877, 0.4581214, 1
0.7516848, 0.5515699, 0.7430223, 1
0.6879093, 0.5060925, 0.7496571, 1
0.338897, 0.3880762, 0.2086749, 1
0.6123475, 0.4058243, 0.2730278, 1
0.7678459, 0.4579389, 0.5269073, 1
0.6634527, 0.4372554, 0.3515396, 1
0.4434436, 0.5396024, 0.8294254, 1
0.1595486, 0.3859045, 0.5065344, 1
0.5834251, 0.5407627, 0.7960906, 1
0.4064542, 0.3817279, 0.231803, 1
0.8560399, 0.5043681, 0.5344985, 1
0.5797797, 0.5231472, 0.7425309, 1
0.6795412, 0.4276646, 0.2012218, 1
0.1861416, 0.4079135, 0.3796811, 1
0.2430122, 0.4375283, 0.4219237, 1
0.1467726, 0.4402261, 0.5658253, 1
0.7662958, 0.5366539, 0.7131593, 1
0.3215816, 0.432221, 0.3693647, 1
0.5405892, 0.3690433, 0.136962, 1
0.6645575, 0.4223108, 0.1470676, 1
0.319526, 0.4150435, 0.2758548, 1
0.390782, 0.4658225, 0.4312024, 1
0.8845769, 0.4734272, 0.4816337, 1
0.7432938, 0.3937937, 0.2265183, 1
0.8220408, 0.5070881, 0.623184, 1
0.4742415, 0.4869365, 0.5599533, 1
0.1103934, 0.3902988, 0.5340735, 1
0.4523202, 0.4111737, 0.1201603, 1
0.7793753, 0.5208628, 0.6095644, 1
0.618891, 0.4021796, 0.3095389, 1
0.6518007, 0.4847114, 0.5836657, 1
0.495881, 0.4402539, 0.6128386, 1
0.5093446, 0.4442544, 0.4070114, 1
0.4330085, 0.5341309, 0.770848, 1
0.5552998, 0.4964921, 0.5935866, 1
0.8056251, 0.5279562, 0.6441878, 1
0.3329448, 0.4256192, 0.6231429, 1
0.7402473, 0.4033286, 0.1993591, 1
0.6936336, 0.466499, 0.5152493, 1
0.2374062, 0.4135019, 0.5919446, 1
0.5108554, 0.5029037, 0.5824786, 1
0.5413862, 0.5273331, 0.727807, 1
0.8268469, 0.4961344, 0.5168232, 1
0.4392732, 0.5335288, 0.7672711, 1
0.4716008, 0.3932937, 0.3703814, 1
0.174955, 0.4006574, 0.4736816, 1
0.5780273, 0.432066, 0.4018103, 1
0.5936702, 0.4983706, 0.5842537, 1
0.5371327, 0.4576676, 0.3635992, 1
0.4777041, 0.3683018, 0.2157609, 1
0.4606077, 0.4441482, 0.474746, 1
0.6026034, 0.4976541, 0.626085, 1
0.5128269, 0.4331683, 0.5616422, 1
0.5081835, 0.4462838, 0.5269696, 1
0.7095885, 0.4925239, 0.4026648, 1
0.5900644, 0.4245448, 0.3213942, 1
0.2559606, 0.3825946, 0.3553761, 1
0.7753213, 0.473447, 0.3219548, 1
0.4366004, 0.4636073, 0.3989725, 1
0.3047165, 0.5298517, 0.8178155, 1
0.6014179, 0.4185882, 0.3900113, 1
0.5096117, 0.5235971, 0.6639559, 1
0.684353, 0.4793215, 0.5017875, 1
0.5351903, 0.3909507, 0.3385615, 1
0.5430267, 0.5161254, 0.7470192, 1
0.4656482, 0.4833873, 0.7180108, 1
0.6605248, 0.4205876, 0.3391618, 1
0.6573967, 0.4626732, 0.5275053, 1
0.2631495, 0.3857051, 0.3136213, 1
0.5688513, 0.4905189, 0.7964854, 1
0.2480726, 0.4557035, 0.5631611, 1
0.1952786, 0.4328155, 0.6575096, 1
0.4746529, 0.4133201, 0.3316788, 1
0.7771198, 0.4322327, 0.3903971, 1
0.3299081, 0.3665293, 0.3030797, 1
0.3251634, 0.4978198, 0.7476934, 1
0.2185353, 0.4552427, 0.7325422, 1
0.4371595, 0.4887912, 0.7571404, 1
0.2910523, 0.3857236, 0.2705101, 1
0.5626213, 0.4206741, 0.364212, 1
0.7894145, 0.4263708, 0.250152, 1
0.3886192, 0.4552309, 0.4877928, 1
0.3430696, 0.4549139, 0.7271976, 1
0.5169842, 0.3933, 0.1212015, 1
0.3687432, 0.403568, 0.3634292, 1
0.4797223, 0.4657134, 0.5802353, 1
0.6947863, 0.5476083, 0.7766807, 1
0.4904893, 0.4415222, 0.2835853, 1
0.1930338, 0.4363008, 0.4947735, 1
0.3573123, 0.3921469, 0.2088417, 1
0.4551978, 0.3882774, 0.1162941, 1
0.6986473, 0.486376, 0.6121113, 1
0.5902952, 0.5098085, 0.6908997, 1
0.5087176, 0.5112706, 0.7296281, 1
0.3085572, 0.4383391, 0.3696008, 1
0.337273, 0.3831209, 0.1787342, 1
0.4471043, 0.503584, 0.7916375, 1
0.329699, 0.4143371, 0.3179732, 1
0.301987, 0.4117778, 0.4523519, 1
0.6120375, 0.4916045, 0.5769456, 1
0.6750019, 0.4352152, 0.4422882, 1
0.8274461, 0.4797596, 0.5298493, 1
0.4925356, 0.496781, 0.5366088, 1
0.6780698, 0.373793, 0.173682, 1
0.8088991, 0.500813, 0.4337055, 1
0.2811923, 0.4416754, 0.5554279, 1
0.4998796, 0.4862087, 0.5708452, 1
0.4348567, 0.4556061, 0.4431689, 1
0.3918412, 0.4209364, 0.4521465, 1
0.7287083, 0.5212191, 0.8019527, 1
0.4519658, 0.5169087, 0.8694081, 1
0.3922634, 0.3661537, 0.2476801, 1
0.2031356, 0.3994285, 0.4297437, 1
0.4969917, 0.4321657, 0.5659266, 1
0.4683948, 0.4527125, 0.6261867, 1
0.500244, 0.4631682, 0.6956959, 1
0.6697235, 0.4082509, 0.1828244, 1
0.4231827, 0.4285258, 0.2759917, 1
0.3502456, 0.4594157, 0.7387829, 1
0.4574769, 0.5317122, 0.7391276, 1
0.6652424, 0.4593346, 0.6210238, 1
0.5073158, 0.4600298, 0.5132885, 1
0.3165053, 0.3842163, 0.2871203, 1
0.5639594, 0.5408397, 0.7467359, 1
0.5668786, 0.510056, 0.6724737, 1
0.2817144, 0.4038682, 0.229032, 1
0.1777695, 0.3938036, 0.4276653, 1
0.5751422, 0.5310661, 0.8227712, 1
0.6685534, 0.4422248, 0.202242, 1
0.5022098, 0.5551829, 0.8803437, 1
0.3056637, 0.4671231, 0.7237952, 1
0.3469634, 0.3839497, 0.3911541, 1
0.2539834, 0.3876187, 0.4241075, 1
0.8673235, 0.507988, 0.441104, 1
0.4955277, 0.3720049, 0.2280312, 1
0.2049254, 0.462284, 0.7382967, 1
0.647695, 0.4753221, 0.4546006, 1
0.3908132, 0.3865994, 0.1558762, 1
0.3206465, 0.4324868, 0.3163098, 1
0.6175792, 0.4511496, 0.23109, 1
0.4927085, 0.4614072, 0.5568163, 1
0.633275, 0.4889694, 0.619215, 1
0.4650239, 0.3455898, 0.1473168, 1
0.2469991, 0.4349756, 0.5158756, 1
0.7948177, 0.4139317, 0.2995146, 1
0.4523208, 0.552577, 0.8810283, 1
0.142666, 0.4016633, 0.3491911, 1
0.6187114, 0.5060792, 0.739317, 1
0.1973865, 0.4057129, 0.3318549, 1
0.5553132, 0.4551719, 0.5018742, 1
0.3030888, 0.4825905, 0.5911487, 1
0.2904774, 0.4318242, 0.6754643, 1
0.5103918, 0.4511978, 0.2993917, 1
0.588334, 0.5521171, 0.7858521, 1
0.5224301, 0.4768771, 0.7526379, 1
0.5698972, 0.4213237, 0.1576614, 1
0.4930168, 0.4634666, 0.5974869, 1
0.1478329, 0.3888843, 0.4231162, 1
0.4718717, 0.5188091, 0.6888521, 1
0.7690701, 0.4914688, 0.5767527, 1
0.2730641, 0.4472475, 0.5386214, 1
0.5479563, 0.4015912, 0.1207838, 1
0.1531541, 0.4022879, 0.5666741, 1
0.5349338, 0.4377723, 0.304449, 1
0.676448, 0.4996368, 0.5086986, 1
0.1937583, 0.4646617, 0.6122152, 1
0.6745682, 0.5402521, 0.8142582, 1
0.1337534, 0.4311895, 0.5141155, 1
0.5622532, 0.4402048, 0.3656851, 1
0.3037977, 0.481658, 0.570515, 1
0.1368867, 0.4338941, 0.6268682, 1
0.5177516, 0.5342607, 0.8105666, 1
0.7658818, 0.5344185, 0.5848604, 1
0.7760048, 0.4590231, 0.3961969, 1
0.6106369, 0.5381632, 0.8064041, 1
0.5221345, 0.4417851, 0.5884785, 1
0.7983773, 0.5639688, 0.7490278, 1
0.4557483, 0.4985819, 0.8066039, 1
0.4105667, 0.4910133, 0.8874559, 1
0.155859, 0.4037885, 0.342078, 1
0.4557374, 0.4769175, 0.6422491, 1
0.6779137, 0.5041797, 0.6712974, 1
0.3389872, 0.4336467, 0.3324191, 1
0.6445402, 0.3791133, 0.1943668, 1
0.6305236, 0.4631684, 0.586435, 1
0.1832043, 0.4412584, 0.6445603, 1
0.828527, 0.4448542, 0.2981213, 1
0.1858125, 0.4307736, 0.3987136, 1
0.5159684, 0.4589699, 0.359921, 1
0.2241459, 0.4675498, 0.7118791, 1
0.2315854, 0.4271484, 0.5981573, 1
0.1881352, 0.3490795, 0.2988655, 1
0.5868, 0.4447345, 0.5865723, 1
0.7460903, 0.4679219, 0.4283861, 1
0.4425195, 0.5506511, 0.8378341, 1
0.586681, 0.4119237, 0.1863703, 1
0.648747, 0.447762, 0.2912992, 1
0.3568359, 0.4856223, 0.6406836, 1
0.402278, 0.495961, 0.7510367, 1
0.3841319, 0.4599322, 0.707101, 1
0.7715183, 0.5223492, 0.624741, 1
0.4541839, 0.3899816, 0.2055743, 1
0.8413811, 0.4741241, 0.310351, 1
0.2317249, 0.3857822, 0.3640625, 1
0.4860177, 0.4274308, 0.5203546, 1
0.8265047, 0.4388813, 0.4331734, 1
0.6357929, 0.4260721, 0.2478478, 1
0.1808261, 0.4319808, 0.4943395, 1
0.4640636, 0.408713, 0.4066639, 1
0.8382483, 0.5510203, 0.6277256, 1
0.3580928, 0.3651385, 0.2188106, 1
0.5313789, 0.4490766, 0.3765693, 1
0.6324929, 0.4379418, 0.3223279, 1
0.4330863, 0.3731663, 0.2396696, 1
0.4807074, 0.4870978, 0.811412, 1
0.7264994, 0.484115, 0.601684, 1
0.6111736, 0.4050238, 0.2637323, 1
0.4328563, 0.3908922, 0.2894989, 1
0.8426033, 0.4748764, 0.5082791, 1
0.2424177, 0.4376876, 0.5933386, 1
0.341327, 0.5150275, 0.8281583, 1
0.1112125, 0.4413106, 0.5707844, 1
0.7954065, 0.4773998, 0.6198391, 1
0.5871305, 0.4860656, 0.568701, 1
0.1258677, 0.4321852, 0.5468622, 1
0.5272315, 0.4226255, 0.1699963, 1
0.4159813, 0.3877555, 0.2412006, 1
0.2261703, 0.3973922, 0.4117713, 1
0.6648425, 0.5303015, 0.8296056, 1
0.3778166, 0.3906192, 0.4212526, 1
0.4236253, 0.5437338, 0.8407039, 1
0.6972483, 0.4036414, 0.2536396, 1
0.8518094, 0.4431234, 0.3099949, 1
0.3465162, 0.4397205, 0.5942304, 1
0.6368302, 0.4968096, 0.5210747, 1
0.7183456, 0.4671062, 0.3842483, 1
0.7343094, 0.4728182, 0.3554564, 1
0.2977051, 0.4704793, 0.6671391, 1
0.7676722, 0.5346568, 0.6274434, 1
0.3729148, 0.4205225, 0.2855516, 1
0.476316, 0.5064372, 0.6524703, 1
0.3555259, 0.4527511, 0.6616136, 1
0.6537161, 0.5052816, 0.564137, 1
0.689981, 0.4814729, 0.7229686, 1
0.6857483, 0.3814394, 0.2047793, 1
0.4634161, 0.4377865, 0.2905576, 1
0.1474072, 0.4095713, 0.5081355, 1
0.6190281, 0.4340923, 0.2008591, 1
0.1525293, 0.3909287, 0.5375621, 1
0.3051651, 0.4804669, 0.6406953, 1
0.6740326, 0.5156134, 0.7607265, 1
0.380415, 0.3947735, 0.2785163, 1
0.4088804, 0.3927706, 0.1528087, 1
0.8304821, 0.4743806, 0.4222957, 1
0.8800243, 0.5023764, 0.3958311, 1
0.7494515, 0.5654529, 0.7711887, 1
0.8376648, 0.4796906, 0.3825951, 1
0.4913346, 0.3921821, 0.1311323, 1
0.7246376, 0.501929, 0.80212, 1
0.5933607, 0.461759, 0.5866685, 1
0.2762496, 0.4181772, 0.4893649, 1
0.82914, 0.4965645, 0.5084962, 1
0.5142453, 0.5446544, 0.8528011, 1
0.5609477, 0.4347425, 0.3669369, 1
0.6005898, 0.4585237, 0.4936566, 1
0.6481185, 0.391573, 0.2713008, 1
0.7710723, 0.5455725, 0.7163433, 1
0.797056, 0.5139729, 0.7240056, 1
0.4931046, 0.4203931, 0.3416373, 1
0.6827548, 0.4038822, 0.2918239, 1
0.2731217, 0.4058654, 0.3656934, 1
0.4967537, 0.4556492, 0.5431089, 1
0.8396606, 0.4585903, 0.3134503, 1
0.1887418, 0.4130664, 0.5233452, 1
0.5256403, 0.4349735, 0.5115836, 1
0.703064, 0.4389715, 0.4615345, 1
0.6314407, 0.5011762, 0.5069082, 1
0.8136165, 0.4333874, 0.4109097, 1
0.1963959, 0.4196626, 0.4573381, 1
0.6244315, 0.5648099, 0.8384268, 1
0.7179503, 0.4925074, 0.4973824, 1
0.5152667, 0.497702, 0.8742421, 1
0.6344307, 0.413928, 0.2921214, 1
0.493798, 0.4946744, 0.5585539, 1
0.6160516, 0.4239381, 0.4045986, 1
0.486537, 0.4004185, 0.1454201, 1
0.7784744, 0.4616154, 0.2657561, 1
0.8099149, 0.5082008, 0.4960279, 1
0.1096795, 0.4227757, 0.4777745, 1
0.3107055, 0.4324397, 0.5202246, 1
0.47221, 0.4014265, 0.2611835, 1
0.4200718, 0.413595, 0.5141304, 1
0.4479543, 0.4668806, 0.6031983, 1
0.1865318, 0.4430644, 0.6772274, 1
0.8127748, 0.4727049, 0.5057033, 1
0.7410455, 0.4712064, 0.3602633, 1
0.1686705, 0.4163482, 0.312522, 1
0.3284749, 0.4871924, 0.7029982, 1
0.6012937, 0.3801396, 0.2025335, 1
0.5396404, 0.5158633, 0.7718313, 1
0.7799247, 0.5078643, 0.7783783, 1
0.8057572, 0.5084667, 0.5049152, 1
0.3910936, 0.4582939, 0.4599131, 1
0.7968047, 0.4408375, 0.3915828, 1
0.5524896, 0.4206136, 0.1091465, 1
0.2866104, 0.3760533, 0.3086044, 1
0.6069882, 0.4924052, 0.6588162, 1
0.5315088, 0.4118238, 0.1333787, 1
0.1699782, 0.4795034, 0.6863737, 1
0.5900922, 0.4077792, 0.2526979, 1
0.391182, 0.4231021, 0.3366275, 1
0.2571073, 0.4307018, 0.3134364, 1
0.6455032, 0.4984605, 0.480022, 1
0.6546373, 0.5255987, 0.725503, 1
0.4995936, 0.4656075, 0.6936487, 1
0.5042598, 0.4521317, 0.3034221, 1
0.3919372, 0.490632, 0.5498138, 1
0.1345035, 0.4198484, 0.3967264, 1
0.5397872, 0.5105852, 0.6990049, 1
0.4587888, 0.4614027, 0.5343326, 1
0.722725, 0.5377463, 0.7374143, 1
0.5060917, 0.4397802, 0.3177323, 1
0.4413976, 0.4712943, 0.7040607, 1
0.6958734, 0.4130802, 0.256549, 1
0.8732846, 0.4797701, 0.5933768, 1
0.1370988, 0.4487163, 0.610061, 1
0.2450521, 0.4435297, 0.6143891, 1
0.1277762, 0.3666748, 0.3833727, 1
0.7262276, 0.4412894, 0.4444623, 1
0.4687813, 0.4823672, 0.5001339, 1
0.8014979, 0.4288711, 0.3162856, 1
0.587231, 0.5161397, 0.687777, 1
0.5643179, 0.4914055, 0.5038797, 1
0.3544426, 0.3926298, 0.3905399, 1
0.7117682, 0.4955088, 0.7379391, 1
0.5188419, 0.5383067, 0.7333346, 1
0.431797, 0.5119165, 0.6850992, 1
0.2188216, 0.4864174, 0.7360768, 1
0.5530754, 0.5392715, 0.8356855, 1
0.1849354, 0.3957358, 0.510623, 1
0.1519604, 0.4065818, 0.6191146, 1
0.2333155, 0.4054198, 0.4283102, 1
0.7886249, 0.508393, 0.5167611, 1
0.7844206, 0.500259, 0.7556294, 1
0.4904649, 0.5007421, 0.8930712, 1
0.2324184, 0.427119, 0.3733921, 1
0.7190447, 0.5004172, 0.6625757, 1
0.6696364, 0.5266121, 0.7309054, 1
0.2893338, 0.4645523, 0.5491567, 1
0.3159217, 0.527424, 0.8428994, 1
0.7151143, 0.505116, 0.4762832, 1
0.8799399, 0.4419903, 0.4004888, 1
0.6475085, 0.3914618, 0.2034102, 1
0.4846362, 0.3464721, 0.1143833, 1
0.2405303, 0.4860922, 0.7424478, 1
0.3812205, 0.4426749, 0.3794835, 1
0.3522191, 0.4582804, 0.4561834, 1
0.7135546, 0.4207148, 0.2574444, 1
0.2400199, 0.5096878, 0.763972, 1
0.5564901, 0.398061, 0.1999692, 1
0.1760781, 0.4534453, 0.697044, 1
0.3631654, 0.4224349, 0.3364807, 1
0.63306, 0.4716496, 0.3760957, 1
0.2886433, 0.4804314, 0.5608411, 1
0.1523393, 0.4790574, 0.6657209, 1
0.5394002, 0.4751232, 0.4579559, 1
0.8296466, 0.4763479, 0.4341507, 1
0.7254357, 0.4421664, 0.3805968, 1
0.4410482, 0.5070295, 0.6846154, 1
0.6767055, 0.4676625, 0.6300966, 1
0.7280939, 0.4772965, 0.6479399, 1
0.453647, 0.4726874, 0.7337098, 1
0.3352791, 0.4831216, 0.5619045, 1
0.1973945, 0.4078096, 0.5704235, 1
0.452142, 0.4417298, 0.5539476, 1
0.4066815, 0.3990457, 0.2954126, 1
0.3013549, 0.4244015, 0.5664513, 1
0.3567171, 0.4109442, 0.4072255, 1
0.8038547, 0.530755, 0.7235324, 1
0.65193, 0.4044706, 0.2048658, 1
0.403557, 0.5032398, 0.7526339, 1
0.3791355, 0.5254188, 0.7362007, 1
0.4539175, 0.4295979, 0.3528384, 1
0.3596531, 0.4222307, 0.5599046, 1
0.3399774, 0.4790367, 0.751812, 1
0.4490044, 0.4584653, 0.4976756, 1
0.5286705, 0.544638, 0.872054, 1
0.839883, 0.4667285, 0.5684056, 1
0.539409, 0.398245, 0.1218696, 1
0.7272668, 0.5511912, 0.7705545, 1
0.7136505, 0.4514254, 0.308762, 1
0.3949525, 0.4065606, 0.4644498, 1
0.4574015, 0.4848958, 0.5637828, 1
0.6449909, 0.5680712, 0.8345056, 1
0.6282519, 0.4055032, 0.3227675, 1
0.2856274, 0.4144221, 0.3185467, 1
0.5493227, 0.4980089, 0.6124904, 1
0.5588192, 0.4026301, 0.1957631, 1
0.7417665, 0.4811239, 0.4058754, 1
0.4288171, 0.4535021, 0.6560867, 1
0.4923838, 0.5509049, 0.8177052, 1
0.2928694, 0.4063453, 0.2929121, 1
0.3639124, 0.3850811, 0.3004153, 1
0.3968497, 0.4528701, 0.5650071, 1
0.2019053, 0.3774287, 0.4381745, 1
0.503078, 0.395039, 0.2854248, 1
0.5226687, 0.4831542, 0.4951903, 1
0.689007, 0.433387, 0.2192803, 1
0.514025, 0.479443, 0.6627546, 1
0.4939382, 0.5005451, 0.5520045, 1
0.2681104, 0.4816979, 0.6359804, 1
0.4286453, 0.3587993, 0.1669149, 1
0.6212378, 0.4917492, 0.5292659, 1
0.463675, 0.4198461, 0.3865694, 1
0.493744, 0.4462807, 0.4199199, 1
0.8524892, 0.4542488, 0.4736657, 1
0.4776831, 0.3992062, 0.2709918, 1
0.6029803, 0.5368986, 0.7106714, 1
0.836204, 0.4667149, 0.29423, 1
0.8067582, 0.5131602, 0.7366848, 1
0.2114022, 0.444326, 0.6414784, 1
0.4418119, 0.4437229, 0.3266217, 1
0.2297986, 0.3943529, 0.4969846, 1
0.5026805, 0.4347576, 0.383028, 1
0.6696251, 0.4928276, 0.5715056, 1
0.69754, 0.5605347, 0.8221971, 1
0.5797719, 0.4870331, 0.7743665, 1
0.4007924, 0.5307724, 0.7601262, 1
0.1939027, 0.4081873, 0.4936849, 1
0.326415, 0.4655604, 0.6794317, 1
0.3594569, 0.3800513, 0.3601274, 1
0.7219456, 0.5285204, 0.8147017, 1
0.6224632, 0.4840766, 0.6302338, 1
0.4954501, 0.4590196, 0.6024302, 1
0.6168853, 0.3962977, 0.1439261, 1
0.5355399, 0.459666, 0.5052251, 1
0.5797025, 0.4718238, 0.3963522, 1
0.8543912, 0.4999414, 0.6086093, 1
0.6542686, 0.4248731, 0.3529198, 1
0.476969, 0.4479589, 0.5028706, 1
0.5681073, 0.3949611, 0.2308673, 1
0.4752266, 0.4005276, 0.3078715, 1
0.4762578, 0.4190728, 0.4944704, 1
0.3305939, 0.5335474, 0.8154665, 1
0.6034229, 0.4796037, 0.5654203, 1
0.4681287, 0.4471125, 0.5093118, 1
0.4505287, 0.476803, 0.6152601, 1
0.1659555, 0.4301871, 0.700958, 1
0.2146838, 0.3993379, 0.2457444, 1
0.6671395, 0.4786284, 0.4545054, 1
0.2881047, 0.4421789, 0.3698307, 1
0.298684, 0.5107266, 0.7595381, 1
0.4766494, 0.4525909, 0.4203429, 1
0.844929, 0.452965, 0.4260792, 1
0.3463799, 0.4685608, 0.5707799, 1
0.6340315, 0.3848883, 0.2209927, 1
0.1803951, 0.38307, 0.3438329, 1
0.1507567, 0.4433039, 0.4595867, 1
0.5083317, 0.4188328, 0.1419585, 1
0.4332021, 0.3568162, 0.1934956, 1
0.1435068, 0.4506322, 0.6725219, 1
0.3573091, 0.482428, 0.6170907, 1
0.3006965, 0.467336, 0.6408926, 1
0.4983342, 0.4319262, 0.3611522, 1
0.2731117, 0.5210894, 0.7940177, 1
0.5344929, 0.5152197, 0.6582504, 1
0.4840653, 0.5181129, 0.8537252, 1
0.4343822, 0.4298119, 0.5513393, 1
0.5611003, 0.4754918, 0.4825221, 1
0.7315816, 0.4870802, 0.5486758, 1
0.5125414, 0.5169634, 0.7930298, 1
0.2170725, 0.4439119, 0.4088335, 1
0.6769028, 0.4726568, 0.4982096, 1
0.3540269, 0.4660643, 0.7061851, 1
0.829729, 0.4176534, 0.3042529, 1
0.4072855, 0.5213021, 0.8714722, 1
0.4170802, 0.419986, 0.3222678, 1
0.3597989, 0.3907182, 0.2579346, 1
0.8728921, 0.4924937, 0.558621, 1
0.5189118, 0.4096615, 0.1835192, 1
0.1372531, 0.4300162, 0.4323896, 1
0.4575404, 0.5414218, 0.7915298, 1
0.2894806, 0.4601084, 0.4997005, 1
0.5234532, 0.4196926, 0.2170653, 1
0.8235336, 0.5221006, 0.5028543, 1
0.5644614, 0.4549414, 0.2838035, 1
0.5209934, 0.4774801, 0.6828536, 1
0.6322727, 0.4858537, 0.5455784, 1
0.2171521, 0.4786645, 0.6923303, 1
0.8092417, 0.4300781, 0.2522087, 1
0.3667043, 0.38134, 0.3164194, 1
0.4051315, 0.444181, 0.4676012, 1
0.261099, 0.4631959, 0.5995846, 1
0.5881429, 0.4759772, 0.4797646, 1
0.5201833, 0.4182794, 0.1155021, 1
0.7761307, 0.5609936, 0.7104056, 1
0.2501651, 0.4324144, 0.6525407, 1
0.6039793, 0.4688473, 0.4777158, 1
0.8302355, 0.5124974, 0.6812275, 1
0.4433663, 0.4050874, 0.3671041, 1
0.6865411, 0.5011808, 0.7212728, 1
0.4274192, 0.4040515, 0.3867699, 1
0.446609, 0.4889953, 0.636762, 1
0.5874377, 0.4990408, 0.786536, 1
0.4436527, 0.4833135, 0.5429318, 1
0.51444, 0.5451586, 0.7646561, 1
0.2491023, 0.3896106, 0.3274463, 1
0.5599865, 0.5505301, 0.870717, 1
0.8132109, 0.4392768, 0.404624, 1
0.5609598, 0.4415765, 0.420337, 1
0.1342113, 0.416755, 0.5792826, 1
0.2806939, 0.4450402, 0.5285851, 1
0.7064723, 0.4702286, 0.4442331, 1
0.276568, 0.4300579, 0.5970592, 1
0.5185502, 0.352957, 0.1465836, 1
0.298678, 0.3595639, 0.2612042, 1
0.4320521, 0.3627674, 0.206642, 1
0.4244126, 0.4076918, 0.4724267, 1
0.2951716, 0.4878214, 0.687455, 1
0.2077658, 0.4353383, 0.4511511, 1
0.6335753, 0.5195431, 0.8667877, 1
0.4306274, 0.3480451, 0.1640516, 1
0.4195685, 0.3892751, 0.1202208, 1
0.1768943, 0.3515345, 0.3027512, 1
0.310129, 0.4220608, 0.4604073, 1
0.2415791, 0.3865963, 0.4691103, 1
0.3330034, 0.349802, 0.181217, 1
0.1454965, 0.4241062, 0.5480402, 1
0.2395782, 0.4337682, 0.646978, 1
0.5116109, 0.4934257, 0.6476226, 1
0.1715695, 0.4222218, 0.5956016, 1
0.414156, 0.4528941, 0.5267022, 1
0.5912402, 0.508128, 0.8738073, 1
0.2400254, 0.4827736, 0.7158686, 1
0.6585348, 0.5281029, 0.7412518, 1
0.8457421, 0.4812523, 0.4580306, 1
0.4562873, 0.4288004, 0.4981669, 1
0.8160676, 0.4576923, 0.400262, 1
0.3683338, 0.3512427, 0.1742716, 1
0.2605192, 0.4766413, 0.7879699, 1
0.3006578, 0.4902435, 0.6012515, 1
0.3769476, 0.4236614, 0.5529824, 1
0.2913403, 0.4436332, 0.6444831, 1
0.3671825, 0.4591866, 0.490118, 1
0.4868669, 0.4429852, 0.326677, 1
0.7622027, 0.4843092, 0.3812345, 1
0.5500172, 0.4976525, 0.6617758, 1
0.3415386, 0.3700486, 0.1779168, 1
0.5408002, 0.449351, 0.5702041, 1
0.6028482, 0.471127, 0.6007981, 1
0.3129229, 0.429146, 0.3186141, 1
0.7420706, 0.5017126, 0.6391862, 1
0.2724461, 0.4379286, 0.5070696, 1
0.6289077, 0.4281854, 0.14414, 1
0.4774813, 0.450569, 0.4200427, 1
0.2226122, 0.4092743, 0.2864695, 1
0.1463436, 0.4358104, 0.5634135, 1
0.3229037, 0.4930989, 0.635695, 1
0.7928956, 0.5144665, 0.7263553, 1
0.8854501, 0.4990463, 0.4438095, 1
0.4722878, 0.5068216, 0.6821027, 1
0.3413823, 0.4231228, 0.424946, 1
0.2478695, 0.4110249, 0.2251177, 1
0.645209, 0.5068665, 0.7674174, 1
0.6915486, 0.3870232, 0.1559422, 1
0.3276988, 0.493261, 0.6393318, 1
0.1911296, 0.4590669, 0.6042811, 1
0.6597108, 0.5116814, 0.8106334, 1
0.6903731, 0.5191063, 0.8191656, 1
0.1492741, 0.4032073, 0.5197683, 1
0.6856899, 0.5496112, 0.8147801, 1
0.4672692, 0.464244, 0.7368616, 1
0.6226463, 0.4990959, 0.7191181, 1
0.3791316, 0.4967767, 0.7805172, 1
0.3556545, 0.4398319, 0.5236799, 1
0.2379156, 0.4540088, 0.6289248, 1
0.4815441, 0.442899, 0.5425926, 1
0.5965007, 0.4986008, 0.6406251, 1
0.6806453, 0.4999047, 0.5462093, 1
0.2589621, 0.4198127, 0.4071973, 1
0.3220775, 0.4073419, 0.4750151, 1
0.3588683, 0.4625674, 0.5201133, 1
0.1058819, 0.4468215, 0.5171667, 1
0.4695746, 0.4439404, 0.429748, 1
0.2629398, 0.5162612, 0.8098205, 1
0.6352794, 0.5232502, 0.6123983, 1
0.3066458, 0.4821902, 0.5763205, 1
0.4249344, 0.5205999, 0.7104641, 1
0.5176858, 0.4725891, 0.5576335, 1
0.5145047, 0.4249196, 0.3892613, 1
0.4637419, 0.3713008, 0.1746888, 1
0.4533662, 0.5188304, 0.7156215, 1
0.4842882, 0.3500118, 0.1281988, 1
0.6046006, 0.4271722, 0.117643, 1
0.6796021, 0.5227624, 0.6961625, 1
0.3761808, 0.4285005, 0.3201823, 1
0.191285, 0.4768634, 0.6299903, 1
0.5423557, 0.5121112, 0.6008158, 1
0.7280412, 0.4754935, 0.3842626, 1
0.5706197, 0.4833443, 0.5984975, 1
0.3778504, 0.434074, 0.4309964, 1
0.5417876, 0.4426254, 0.2999179, 1
0.1872267, 0.4257187, 0.3328328, 1
0.8144169, 0.4301177, 0.39054, 1
0.5363507, 0.3937572, 0.2576782, 1
0.612893, 0.5064263, 0.6781189, 1
0.6637144, 0.5152868, 0.6987973, 1
0.6232639, 0.4296097, 0.1484391, 1
0.759028, 0.4511278, 0.3854507, 1
0.3171783, 0.3696875, 0.1579425, 1
0.1835272, 0.4469312, 0.7383922, 1
0.678472, 0.4857819, 0.5155843, 1
0.4177898, 0.4945261, 0.6517184, 1
0.1339744, 0.4524746, 0.6237575, 1
0.7459756, 0.4904838, 0.6720042, 1
0.2625401, 0.465488, 0.7975486, 1
0.3868298, 0.3600635, 0.1772345, 1
0.7793126, 0.4308188, 0.4075315, 1
0.5826885, 0.4424673, 0.2418515, 1
0.5713039, 0.4567856, 0.5603642, 1
0.4722978, 0.376218, 0.1792756, 1
0.5402027, 0.4015281, 0.2961331, 1
0.209806, 0.4292038, 0.5598127, 1
0.618228, 0.4670337, 0.3976133, 1
0.5584052, 0.4019276, 0.1618626, 1
0.446766, 0.4312327, 0.2622057, 1
0.3580401, 0.3989874, 0.2548399, 1
0.6780253, 0.3811736, 0.1456282, 1
0.2745806, 0.4554591, 0.7497178, 1
0.3593108, 0.3973448, 0.1751957, 1
0.3930827, 0.5049896, 0.7005671, 1
0.4441382, 0.3897244, 0.3816274, 1
0.8184706, 0.5002317, 0.4038146, 1
0.6735848, 0.4893356, 0.4828935, 1
0.5493845, 0.5000957, 0.7135948, 1
0.6379697, 0.4956122, 0.8231047, 1
0.2524495, 0.4246537, 0.3877853, 1
0.6795681, 0.4190624, 0.3520401, 1
0.1984542, 0.430009, 0.4452208, 1
0.5308251, 0.4664862, 0.430324, 1
0.6951047, 0.4310325, 0.314995, 1
0.1948077, 0.4213648, 0.610552, 1
0.4845768, 0.4156502, 0.2434265, 1
0.564848, 0.5437484, 0.7483307, 1
0.8229944, 0.4574638, 0.384867, 1
0.4583223, 0.4865494, 0.7593638, 1
0.4369512, 0.4409555, 0.4488004, 1
0.360149, 0.4510892, 0.6449847, 1
0.3259246, 0.486896, 0.644287, 1
0.3751236, 0.5119399, 0.6882116, 1
0.8758684, 0.455117, 0.4660199, 1
0.4778138, 0.4657861, 0.6911972, 1
0.5633897, 0.3763985, 0.1728088, 1
0.8381364, 0.493345, 0.5738556, 1
0.265489, 0.4143301, 0.2802993, 1
0.1967236, 0.488074, 0.7155246, 1
0.5991269, 0.5274058, 0.71403, 1
0.7468912, 0.484696, 0.5197994, 1
0.8846242, 0.4854606, 0.5824416, 1
0.5236629, 0.406736, 0.1789328, 1
0.5754305, 0.5096451, 0.7807388, 1
0.501232, 0.3866809, 0.191792, 1
0.1272704, 0.4000849, 0.5480249, 1
0.8273087, 0.494029, 0.3937601, 1
0.1819495, 0.3657561, 0.3942974, 1
0.8218521, 0.4978055, 0.7262203, 1
0.5308098, 0.4883493, 0.7603528, 1
0.7516131, 0.43242, 0.247924, 1
0.298557, 0.4567131, 0.4501643, 1
0.8751346, 0.5084796, 0.6024836, 1
0.1572492, 0.4155122, 0.5321549, 1
0.8260887, 0.5398026, 0.5776255, 1
0.7602634, 0.469092, 0.4866317, 1
0.2709028, 0.4646639, 0.7825468, 1
0.2603637, 0.4343519, 0.5543931, 1
0.532931, 0.5017931, 0.6663561, 1
0.3432948, 0.3491931, 0.1516674, 1
0.2857035, 0.4230866, 0.6124049, 1
0.8290493, 0.4928418, 0.6296468, 1
0.7712197, 0.5052388, 0.5576455, 1
0.3285507, 0.4315276, 0.3800549, 1
0.7472048, 0.4170809, 0.3546364, 1
0.7047889, 0.4506252, 0.403723, 1
0.5128654, 0.4722635, 0.4760395, 1
0.7233625, 0.5006367, 0.7735406, 1
0.3218557, 0.4740357, 0.8140895, 1
0.3253136, 0.3709507, 0.2557051, 1
0.2423183, 0.3817609, 0.4318267, 1
0.2376542, 0.4630143, 0.6942434, 1
0.5786598, 0.5071594, 0.7838891, 1
0.3215263, 0.3832482, 0.2706884, 1
0.7958282, 0.4853642, 0.4151733, 1
0.5991089, 0.5466982, 0.8330858, 1
0.2673974, 0.4582413, 0.7293903, 1
0.8335826, 0.5128428, 0.6431264, 1
0.6345856, 0.4564146, 0.4225895, 1
0.265394, 0.4657028, 0.6975541, 1
0.5972263, 0.3870378, 0.2679348, 1
0.8412376, 0.5021203, 0.4676202, 1
0.7047566, 0.4642112, 0.3593818, 1
0.381955, 0.4745611, 0.5888027, 1
0.5761158, 0.4337714, 0.2513557, 1
0.464917, 0.4944602, 0.7693605, 1
0.7505699, 0.5290431, 0.5612782, 1
0.5676411, 0.5549948, 0.8533232, 1
0.7565461, 0.4644009, 0.5440814, 1
0.7448904, 0.4684753, 0.4019633, 1
0.4789806, 0.4959489, 0.5656285, 1
0.6039613, 0.3855876, 0.1984031, 1
0.6685091, 0.5377783, 0.6895611, 1
0.5304337, 0.5493448, 0.7765115, 1
0.3447159, 0.446211, 0.4317825, 1
0.2163905, 0.4089211, 0.4153972, 1
0.6753697, 0.5236781, 0.5867907, 1
0.316292, 0.4833266, 0.7261978, 1
0.466068, 0.4302039, 0.4336001, 1
0.658814, 0.4707606, 0.3976817, 1
0.2567871, 0.4512561, 0.6612672, 1
0.324065, 0.4235136, 0.2781112, 1
0.6682767, 0.4728038, 0.4821864, 1
0.8458538, 0.5327054, 0.6764184, 1
0.4544309, 0.3996622, 0.3546036, 1
0.5666981, 0.496968, 0.8576856, 1
0.6932603, 0.4208036, 0.3811269, 1
0.2093214, 0.4875632, 0.6856108, 1
0.585772, 0.4667242, 0.5031754, 1
0.6450088, 0.4780948, 0.5865347, 1
0.5588056, 0.384944, 0.2097415, 1
0.5317397, 0.4913067, 0.607725, 1
0.187372, 0.41755, 0.3678053, 1
0.7040681, 0.4700323, 0.6471177, 1
0.3285655, 0.5078634, 0.7132983, 1
0.2136255, 0.3817082, 0.2462022, 1
0.5798374, 0.5309343, 0.6891203, 1
0.3283273, 0.4109724, 0.4601593, 1
0.4616773, 0.4521152, 0.5812197, 1
0.2398679, 0.3892985, 0.2639773, 1
0.3247156, 0.4736592, 0.795468, 1
0.7724742, 0.4675319, 0.3623556, 1
0.3254966, 0.4341517, 0.3722886, 1
0.2819749, 0.4006001, 0.2119548, 1
0.417087, 0.5094258, 0.6314239, 1
0.2269133, 0.4249665, 0.4059201, 1
0.7032992, 0.4366013, 0.3181387, 1
0.3683413, 0.4845684, 0.5307364, 1
0.5318655, 0.4095082, 0.3300328, 1
0.4115509, 0.4853284, 0.8470244, 1
0.6952028, 0.4550388, 0.3813401, 1
0.4432129, 0.4109671, 0.3350165, 1
0.3753752, 0.3592364, 0.1382213, 1
0.7883607, 0.5163535, 0.5941337, 1
0.7984938, 0.4819658, 0.6444001, 1
0.1321163, 0.450427, 0.6105193, 1
0.6844699, 0.4626926, 0.379775, 1
0.1599842, 0.4142738, 0.5690694, 1
0.2764062, 0.4330286, 0.4244469, 1
0.7372242, 0.4977332, 0.6484614, 1
0.7873038, 0.5606618, 0.7580077, 1
0.8716609, 0.5392004, 0.6123125, 1
0.7378426, 0.5169719, 0.6806444, 1
0.3586755, 0.5269642, 0.7746879, 1
0.4359299, 0.4236633, 0.4073898, 1
0.8473955, 0.5098989, 0.4521, 1
0.3997423, 0.4639722, 0.4534109, 1
0.4262398, 0.4323427, 0.4006898, 1
0.5435274, 0.4399983, 0.2560826, 1
0.5720865, 0.4356806, 0.2179681, 1
0.2236775, 0.463899, 0.5525698, 1
0.1414106, 0.4008748, 0.4221794, 1
0.5977612, 0.3859295, 0.2313017, 1
0.3657592, 0.4944599, 0.7221439, 1
0.337503, 0.3843573, 0.1832327, 1
0.5768506, 0.511972, 0.8864809, 1
0.6241684, 0.4369111, 0.5019963, 1
0.2416271, 0.411598, 0.3077872, 1
0.407471, 0.4393021, 0.5707225, 1
0.5262675, 0.406512, 0.1286038, 1
0.7754348, 0.4671042, 0.2996367, 1
0.679013, 0.4737952, 0.376327, 1
0.48712, 0.4242437, 0.5030235, 1
0.5794269, 0.4687568, 0.6413339, 1
0.1909411, 0.4619323, 0.6993468, 1
0.3937296, 0.5201744, 0.7027355, 1
0.2756025, 0.4926578, 0.6327075, 1
0.8448355, 0.4981525, 0.412913, 1
0.5754179, 0.5567589, 0.7953878, 1
0.297392, 0.4501349, 0.4647542, 1
0.3233126, 0.3914036, 0.2659775, 1
0.6916238, 0.4387413, 0.4416954, 1
0.3698029, 0.4993061, 0.8003607, 1
0.5591859, 0.3800665, 0.2390847, 1
0.143882, 0.4329382, 0.4312556, 1
0.3814251, 0.4321879, 0.366634, 1
0.3211368, 0.4355687, 0.5185785, 1
0.3394094, 0.4676409, 0.8244172, 1
0.693765, 0.4341257, 0.1699098, 1
0.3176774, 0.4320768, 0.3467428, 1
0.5713494, 0.385679, 0.2581427, 1
0.3675569, 0.4427665, 0.3288572, 1
0.5622035, 0.450031, 0.362908, 1
0.6208128, 0.5199807, 0.7526407, 1
0.6172776, 0.4060125, 0.2098292, 1
0.3721163, 0.5158246, 0.8199759, 1
0.6582856, 0.5072157, 0.5260639, 1
0.8140258, 0.5211496, 0.5544723, 1
0.2529581, 0.4652632, 0.5754341, 1
0.4506741, 0.4225698, 0.1725408, 1
0.6549717, 0.5369492, 0.712377, 1
0.4067531, 0.4646654, 0.5786182, 1
0.5040246, 0.4121285, 0.1921944, 1
0.4631301, 0.4237175, 0.5147034, 1
0.8544194, 0.4984031, 0.4570363, 1
0.3505447, 0.4558026, 0.7650708, 1
0.5607435, 0.4936334, 0.4770633, 1
0.1201924, 0.4026481, 0.5871271, 1
0.5416729, 0.3964476, 0.3391219, 1
0.8080266, 0.4885242, 0.651642, 1
0.3529424, 0.4285349, 0.2584055, 1
0.2040108, 0.3755049, 0.3769777, 1
0.8061933, 0.5392833, 0.6285683, 1
0.3531586, 0.3459893, 0.1868608, 1
0.8275468, 0.5012499, 0.5657443, 1
0.4489775, 0.4158094, 0.3310016, 1
0.4876012, 0.4819323, 0.4794336, 1
0.3466744, 0.4622703, 0.6776955, 1
0.290051, 0.4077249, 0.4186805, 1
0.348996, 0.5306479, 0.8419949, 1
0.5459787, 0.4940354, 0.7354751, 1
0.4095527, 0.4841103, 0.5287181, 1
0.7393698, 0.448642, 0.5248461, 1
0.6503059, 0.4376507, 0.237974, 1
0.2992566, 0.4116344, 0.4059348, 1
0.3273413, 0.4759827, 0.787887, 1
0.5725213, 0.5052298, 0.8255883, 1
0.5511105, 0.4214075, 0.2985483, 1
0.312055, 0.4624365, 0.6936144, 1
0.8766824, 0.5057925, 0.4135039, 1
0.262809, 0.3603657, 0.2682604, 1
0.1608725, 0.4581161, 0.5061858, 1
0.1775947, 0.4857886, 0.702301, 1
0.8675163, 0.4907451, 0.4856686, 1
0.459414, 0.4308877, 0.5481668, 1
0.2561441, 0.4392279, 0.5722784, 1
0.6775299, 0.4643879, 0.3545367, 1
0.8867397, 0.4473416, 0.4420948, 1
0.690375, 0.5113196, 0.5263849, 1
0.2255895, 0.4042168, 0.4597445, 1
0.5242129, 0.4102793, 0.3341315, 1
0.8074374, 0.5543233, 0.7138466, 1
0.8358096, 0.5164874, 0.5518121, 1
0.4087319, 0.4731618, 0.5742974, 1
0.1729629, 0.4479919, 0.6287259, 1
0.715588, 0.5667245, 0.7940875, 1
0.2439437, 0.4585539, 0.6500725, 1
0.4548423, 0.421079, 0.1956173, 1
0.6679617, 0.4277152, 0.2191603, 1
0.2800125, 0.4103209, 0.2948323, 1
0.5395565, 0.3936762, 0.197237, 1
0.3815414, 0.4204931, 0.4136055, 1
0.6999741, 0.4491562, 0.2288427, 1
0.5936205, 0.4549424, 0.6361638, 1
0.4669158, 0.3871727, 0.1806285, 1
0.7648809, 0.5127156, 0.5914513, 1
0.2758959, 0.4157822, 0.4446238, 1
0.365503, 0.4696193, 0.4920429, 1
0.5354868, 0.4449475, 0.2635349, 1
0.2576212, 0.439993, 0.4685664, 1
0.485702, 0.5347402, 0.8255095, 1
0.2131169, 0.3940834, 0.3997561, 1
0.8543447, 0.4733599, 0.3316629, 1
0.6625422, 0.5549509, 0.7401617, 1
0.2915812, 0.5043022, 0.7455527, 1
0.6124438, 0.3903489, 0.2261305, 1
0.5814481, 0.4643188, 0.6687354, 1
0.7910035, 0.5191558, 0.7459545, 1
0.3744346, 0.405414, 0.2505163, 1
0.4943693, 0.5124277, 0.8717397, 1
0.6576445, 0.5675874, 0.8331392, 1
0.5026964, 0.4855911, 0.5537888, 1
0.8547943, 0.4963011, 0.4309882, 1
0.6994173, 0.5340775, 0.6316462, 1
0.1235101, 0.4251542, 0.4833387, 1
0.7094622, 0.4495334, 0.2311558, 1
0.5510586, 0.4823625, 0.7847712, 1
0.7233692, 0.4379193, 0.2203904, 1
0.7052371, 0.4503403, 0.2037629, 1
0.2713217, 0.4125915, 0.4129735, 1
0.7350084, 0.4641133, 0.3559518, 1
0.588589, 0.3957969, 0.1881287, 1
0.2053266, 0.3841335, 0.3503701, 1
0.3287719, 0.4921317, 0.7019796, 1
0.7705252, 0.4549328, 0.3881613, 1
0.6870958, 0.5272489, 0.7893884, 1
0.5845687, 0.4248598, 0.1613119, 1
0.8944643, 0.4716308, 0.5560251, 1
0.75266, 0.4658063, 0.2946065, 1
0.3069007, 0.4123981, 0.4963249, 1
0.3164449, 0.4575906, 0.5659934, 1
0.4549111, 0.4533716, 0.4322001, 1
0.795448, 0.4971544, 0.3849614, 1
0.1179975, 0.4052444, 0.5482402, 1
0.328613, 0.4423349, 0.4180343, 1
0.6435295, 0.3891641, 0.228236, 1
0.8276921, 0.4982207, 0.6551885, 1
0.2509226, 0.3937516, 0.3255043, 1
0.3419264, 0.4412557, 0.6839993, 1
0.4691762, 0.4753945, 0.8012124, 1
0.6933287, 0.5520372, 0.761992, 1
0.4397407, 0.5139608, 0.7644255, 1
0.8983709, 0.4654492, 0.5258089, 1
0.6033229, 0.3850188, 0.204556, 1
0.2667829, 0.4836842, 0.6459742, 1
0.7725167, 0.4817137, 0.5505503, 1
0.7164888, 0.4834621, 0.4355732, 1
0.3052742, 0.3756111, 0.3770295, 1
0.6582283, 0.4489175, 0.5111884, 1
0.6021994, 0.3771955, 0.122167, 1
0.5081646, 0.4786103, 0.719731, 1
0.4726316, 0.4221522, 0.2152946, 1
0.6189995, 0.4327938, 0.3879575, 1
0.4900464, 0.4689319, 0.6765582, 1
0.3917697, 0.3473732, 0.1397071, 1
0.1806704, 0.4970922, 0.7150516, 1
0.5854405, 0.4815012, 0.6393933, 1
0.8164753, 0.5114428, 0.7289852, 1
0.316113, 0.4187916, 0.2713855, 1
0.4288968, 0.3673594, 0.2614779, 1
0.8262581, 0.5168585, 0.6970334, 1
0.3905994, 0.434156, 0.393702, 1
0.7824236, 0.4559531, 0.4959075, 1
0.1736308, 0.4254827, 0.6555048, 1
0.6818887, 0.4457272, 0.2092906, 1
0.5040668, 0.5167883, 0.6955922, 1
0.5998696, 0.4260048, 0.423141, 1
0.5636166, 0.4561625, 0.5048032, 1
0.8038949, 0.4625176, 0.5103849, 1
0.7144109, 0.4944958, 0.6237405, 1
0.5515702, 0.5143299, 0.7479943, 1
0.4842166, 0.4269711, 0.2836526, 1
0.8045543, 0.4605887, 0.4223809, 1
0.5075918, 0.4226085, 0.5002493, 1
0.8130128, 0.5152176, 0.5622841, 1
0.8170245, 0.4738023, 0.3231402, 1
0.357568, 0.4426529, 0.393422, 1
0.6362557, 0.4873572, 0.7114087, 1
0.2455323, 0.4228396, 0.4288552, 1
0.7729157, 0.4328045, 0.2866186, 1
0.3117465, 0.4587495, 0.7576497, 1
0.30954, 0.3526111, 0.1638499, 1
0.6913309, 0.5257795, 0.6209491, 1
0.4508446, 0.4692764, 0.6380197, 1
0.8794047, 0.4840715, 0.4557213, 1
0.2136749, 0.422291, 0.3233724, 1
0.1264113, 0.3992549, 0.5035449, 1
0.468757, 0.4576089, 0.4612795, 1
0.7932996, 0.4901531, 0.3496864, 1
0.2418839, 0.3909061, 0.3739756, 1
0.2311329, 0.4139784, 0.2974597, 1
0.4303499, 0.4485292, 0.5026782, 1
0.760558, 0.4621239, 0.5458675, 1
0.4220511, 0.4788287, 0.5959067, 1
0.1395779, 0.471502, 0.6142043, 1
0.1164346, 0.4397458, 0.4729132, 1
0.1552994, 0.3866594, 0.4984033, 1
0.7391891, 0.5256072, 0.5786862, 1
0.7279521, 0.4712285, 0.6465809, 1
0.6764778, 0.4972969, 0.7918937, 1
0.4031692, 0.4186632, 0.5200869, 1
0.2977872, 0.502436, 0.7651886, 1
0.5727765, 0.4225465, 0.4364183, 1
0.7635763, 0.5536553, 0.7404129, 1
0.8414698, 0.481867, 0.6365222, 1
0.2372169, 0.4695374, 0.7473459, 1
0.4526838, 0.5179171, 0.7568246, 1
0.7924283, 0.5223615, 0.6513833, 1
0.182363, 0.49754, 0.7091689, 1
0.5868247, 0.3995489, 0.1245516, 1
0.5809178, 0.4493273, 0.3342794, 1
0.6545464, 0.4309996, 0.2698419, 1
0.58118, 0.3990485, 0.1519106, 1
0.8904395, 0.4565767, 0.3965569, 1
0.6727311, 0.4610341, 0.6159668, 1
0.4922184, 0.4437559, 0.5894684, 1
0.5211005, 0.5296842, 0.7106439, 1
0.8416063, 0.5218251, 0.6541812, 1
0.6597329, 0.3962279, 0.1504983, 1
0.1375889, 0.4152757, 0.3920544, 1
0.6499918, 0.4133428, 0.3498207, 1
0.5616315, 0.4492799, 0.2963893, 1
0.885496, 0.4890376, 0.5590146, 1
0.2103807, 0.4690234, 0.6709241, 1
0.6784546, 0.4891174, 0.6725609, 1
0.2629306, 0.4197918, 0.3907182, 1
0.5223641, 0.4202141, 0.4159569, 1
0.6826037, 0.4119749, 0.2300403, 1
0.660377, 0.4183998, 0.2512446, 1
0.2834791, 0.4000683, 0.5105632, 1
0.1392119, 0.4244587, 0.3490314, 1
0.7044908, 0.5563888, 0.7664281, 1
0.3593661, 0.4111512, 0.4617088, 1
0.6421863, 0.4127502, 0.2193429, 1
0.2319481, 0.4976881, 0.7740071, 1
0.770801, 0.4430828, 0.2243555, 1
0.6904693, 0.4298108, 0.1783415, 1
0.747169, 0.4659585, 0.5785388, 1
0.5514161, 0.5386613, 0.7948797, 1
0.7775847, 0.4438283, 0.3755817, 1
0.5070843, 0.4191633, 0.3539783, 1
0.2194502, 0.4624792, 0.6496426, 1
0.1509283, 0.4333303, 0.5674618, 1
0.4042126, 0.4134713, 0.5097352, 1
0.3028206, 0.4006959, 0.2551059, 1
0.7310252, 0.5241547, 0.7825741, 1
0.4448947, 0.493842, 0.8161191, 1
0.4239215, 0.3793043, 0.267351, 1
0.195852, 0.4020981, 0.2464484, 1
0.3862217, 0.4409412, 0.5259969, 1
0.1535559, 0.4882323, 0.6641143, 1
0.8841226, 0.4986884, 0.4313649, 1
0.4335661, 0.4390656, 0.5654846, 1
0.4687054, 0.5306976, 0.7153981, 1
0.1654777, 0.4253233, 0.5160357, 1
0.2702389, 0.4590662, 0.6409805, 1
0.3502158, 0.4563798, 0.4350623, 1
0.4438265, 0.4222755, 0.2928132, 1
0.1987209, 0.4042334, 0.3369045, 1
0.8058126, 0.4437792, 0.4617999, 1
0.7060561, 0.5015638, 0.7632869, 1
0.824872, 0.4497142, 0.3083391, 1
0.2607078, 0.4397886, 0.6399986, 1
0.7738456, 0.4837064, 0.4940312, 1
0.717537, 0.5105407, 0.492171, 1
0.4608925, 0.4974407, 0.6601083, 1
0.7449917, 0.528946, 0.6356732, 1
0.3643163, 0.4258757, 0.419543, 1
0.6589229, 0.4932455, 0.8007381, 1
0.781289, 0.5056478, 0.658581, 1
0.1678134, 0.3942232, 0.4644964, 1
0.5740365, 0.5273106, 0.8188913, 1
0.4484704, 0.4351501, 0.5377392, 1
0.5992064, 0.5164616, 0.6486921, 1
0.1421016, 0.4175774, 0.5990374, 1
0.4050427, 0.4696271, 0.6433664, 1
0.4316091, 0.425626, 0.3633113, 1
0.3515762, 0.4047697, 0.3945114, 1
0.2334061, 0.4408249, 0.379937, 1
0.5982061, 0.4629627, 0.5804246, 1
0.5486437, 0.4661607, 0.5572094, 1
0.6769159, 0.4201191, 0.3655041, 1
0.2856418, 0.4076118, 0.3024331, 1
0.4974695, 0.3874314, 0.2783906, 1
0.3305362, 0.4185859, 0.4949873, 1
0.4597444, 0.5192863, 0.6745979, 1
0.456941, 0.5130047, 0.7689629, 1
0.4079897, 0.4693556, 0.4946871, 1
0.7463604, 0.4768755, 0.4493439, 1
0.7059751, 0.434959, 0.310686, 1
0.30341, 0.4060988, 0.2724335, 1
0.3483712, 0.3901809, 0.1947288, 1
0.2959918, 0.4101523, 0.2733448, 1
0.3428768, 0.411984, 0.3019074, 1
0.3620574, 0.4909896, 0.8431432, 1
0.2109914, 0.3842017, 0.2882243, 1
0.6060709, 0.3783792, 0.1365199, 1
0.4411647, 0.4217248, 0.4220931, 1
0.4728371, 0.4579319, 0.5089061, 1
0.4274527, 0.4453376, 0.4360651, 1
0.3653486, 0.4826679, 0.7508187, 1
0.2634429, 0.4135803, 0.2250575, 1
0.4932616, 0.483408, 0.5929447, 1
0.2506446, 0.4231191, 0.3115922, 1
0.2660998, 0.4688843, 0.7785507, 1
0.4530745, 0.5155004, 0.7220194, 1
0.6871918, 0.5106835, 0.5821434, 1
0.7648597, 0.4697638, 0.3135856, 1
0.783182, 0.5245579, 0.6851217, 1
0.8156137, 0.4301874, 0.3037661, 1
0.4567699, 0.4685502, 0.6824934, 1
0.2459096, 0.4972543, 0.7575642, 1
0.3870452, 0.4029925, 0.4597932, 1
0.2859114, 0.4562641, 0.4605225, 1
0.3590077, 0.4360821, 0.4442589, 1
0.4477367, 0.3698831, 0.1902267, 1
0.4701354, 0.4008844, 0.2462951, 1
0.4790597, 0.4561908, 0.502997, 1
0.7398027, 0.5144604, 0.7217712, 1
0.3991631, 0.4213241, 0.3333436, 1
0.1839501, 0.4559457, 0.7159727, 1
0.6932496, 0.5062367, 0.6965027, 1
0.3978177, 0.4768105, 0.5616007, 1
0.7673156, 0.4990952, 0.7643861, 1
0.6976144, 0.5199898, 0.7682723, 1
0.2612159, 0.3512103, 0.2691852, 1
0.6587328, 0.4261002, 0.3500777, 1
0.3968948, 0.3613934, 0.2364034, 1
0.842904, 0.4854271, 0.5671521, 1
0.80314, 0.4996198, 0.587813, 1
0.6652793, 0.3958767, 0.2022386, 1
0.3239909, 0.408899, 0.454582, 1
0.4864969, 0.4829938, 0.579466, 1
0.5749686, 0.4496056, 0.5525492, 1
0.667045, 0.4974466, 0.6385164, 1
0.4132989, 0.5023459, 0.7762475, 1
0.5355188, 0.5202345, 0.8002955, 1
0.2989882, 0.4560452, 0.5374673, 1
0.7029855, 0.4514327, 0.2108734, 1
0.3447064, 0.5190961, 0.7693956, 1
0.1293417, 0.430775, 0.4932031, 1
0.7564822, 0.4223213, 0.230987, 1
0.5873833, 0.474665, 0.5731443, 1
0.2273773, 0.5090252, 0.7668934, 1
0.4411636, 0.3742165, 0.2796967, 1
0.5660542, 0.4134395, 0.2704283, 1
0.8419947, 0.4793869, 0.6030074, 1
0.6705779, 0.4861611, 0.566829, 1
0.7002946, 0.5266395, 0.7129311, 1
0.5730313, 0.4164759, 0.3126705, 1
0.3882956, 0.4265379, 0.5836179, 1
0.84396, 0.4707354, 0.4482554, 1
0.5255735, 0.4772859, 0.4925497, 1
0.1740808, 0.363789, 0.3876275, 1
0.5783501, 0.457122, 0.6062795, 1
0.447765, 0.5152094, 0.6662866, 1
0.6207238, 0.4359676, 0.2570401, 1
0.7116926, 0.4762442, 0.6110466, 1
0.162907, 0.4159907, 0.3948529, 1
0.3594452, 0.4421795, 0.3433641, 1
0.3379526, 0.3655771, 0.1554472, 1
0.4555291, 0.4492136, 0.509442, 1
0.4916945, 0.4187361, 0.1738684, 1
0.2710951, 0.4735347, 0.8147511, 1
0.4606761, 0.4693458, 0.7129722, 1
0.4534883, 0.3791641, 0.1659581, 1
0.7702314, 0.5071447, 0.7854755, 1
0.7612414, 0.4374595, 0.2391172, 1
0.6373082, 0.4738324, 0.6588674, 1
0.7719181, 0.5126554, 0.7379987, 1
0.6184685, 0.4706512, 0.619683, 1
0.762785, 0.4383018, 0.4156973, 1
0.3039998, 0.4554982, 0.6226782, 1
0.2178909, 0.4313509, 0.6268595, 1
0.8101093, 0.5175475, 0.5464224, 1
0.2616024, 0.4669303, 0.7493266, 1
0.4347757, 0.4076924, 0.3214385, 1
0.5442922, 0.3593585, 0.159945, 1
0.6015432, 0.4966683, 0.8186757, 1
0.5996395, 0.4767747, 0.7444205, 1
0.4527411, 0.4933411, 0.6132745, 1
0.5068651, 0.3519838, 0.1112685, 1
0.4666057, 0.4886418, 0.6299403, 1
0.5856274, 0.4084456, 0.2225617, 1
0.859201, 0.4835126, 0.376003, 1
0.2517076, 0.3829604, 0.2047718, 1
0.6081211, 0.5199664, 0.7198061, 1
0.363925, 0.4804268, 0.8302955, 1
0.3456183, 0.4430768, 0.5299814, 1
0.7049059, 0.4491817, 0.2580771, 1
0.3693588, 0.3711075, 0.2777327, 1
0.5292644, 0.4933709, 0.7432719, 1
0.1979693, 0.45913, 0.495729, 1
0.5244033, 0.3733232, 0.2212391, 1
0.1709392, 0.4436409, 0.6769826, 1
0.6532021, 0.503721, 0.7379391, 1
0.7161281, 0.4687919, 0.5179369, 1
0.379236, 0.5191719, 0.7406929, 1
0.4407724, 0.4337698, 0.2373764, 1
0.651751, 0.3880695, 0.2032127, 1
0.6120313, 0.4297687, 0.3935128, 1
0.291149, 0.4498206, 0.6868291, 1
0.2679047, 0.488642, 0.673956, 1
0.6116515, 0.5449838, 0.718418, 1
0.7873964, 0.4395794, 0.4518175, 1
0.2154135, 0.4183806, 0.4936171, 1
0.3301435, 0.5110459, 0.780377, 1
0.3498414, 0.4139319, 0.3837807, 1
0.6181064, 0.5267252, 0.657292, 1
0.6839632, 0.5156657, 0.6268972, 1
0.6038754, 0.4507613, 0.6012186, 1
0.5956821, 0.4908183, 0.712832, 1
0.5450128, 0.4465304, 0.4278268, 1
0.4429599, 0.4866064, 0.8433816, 1
0.4333954, 0.4576313, 0.4471606, 1
0.6995451, 0.4729153, 0.3947611, 1
0.3065749, 0.5029374, 0.6753514, 1
0.4028369, 0.4409746, 0.3567285, 1
0.8480809, 0.4847139, 0.4142933, 1
0.3458789, 0.4705501, 0.5723329, 1
0.6775471, 0.5008219, 0.7114372, 1
0.8159428, 0.4453496, 0.460922, 1
0.7261397, 0.4254606, 0.3569539, 1
0.5983196, 0.5703568, 0.858667, 1
0.694694, 0.3844932, 0.1705828, 1
0.5844104, 0.4783135, 0.3984154, 1
0.8033665, 0.5111043, 0.4707089, 1
0.7237639, 0.5068126, 0.702138, 1
0.2207892, 0.4385459, 0.4175823, 1
0.2255944, 0.3961398, 0.3075667, 1
0.4744085, 0.4035367, 0.1904163, 1
0.5174041, 0.3677835, 0.1447038, 1
0.3758495, 0.4250546, 0.4656201, 1
0.6722221, 0.5092527, 0.7803156, 1
0.777029, 0.5253472, 0.7089791, 1
0.6721542, 0.4531524, 0.5829781, 1
0.3171741, 0.5067129, 0.837647, 1
0.7938058, 0.4505012, 0.2684811, 1
0.2666724, 0.4442085, 0.4024132, 1
0.3239113, 0.4596305, 0.4730103, 1
0.6280662, 0.5098677, 0.542097, 1
0.2537605, 0.3697369, 0.2360539, 1
0.6589022, 0.3908468, 0.2285694, 1
0.6997593, 0.4123696, 0.1890168, 1
0.7208299, 0.4766774, 0.5904559, 1
0.4738902, 0.4106393, 0.3151742, 1
0.2215315, 0.454177, 0.6487079, 1
0.3489801, 0.4650186, 0.6651106, 1
0.3675326, 0.4974493, 0.7698401, 1
0.5475498, 0.4558578, 0.4912265, 1
0.8490251, 0.4672888, 0.510607, 1
0.75141, 0.4020626, 0.2335653, 1
0.4587578, 0.3746106, 0.2404602, 1
0.5390354, 0.4383356, 0.2771615, 1
0.2984521, 0.4326598, 0.5569912, 1
0.2219448, 0.4703506, 0.7173396, 1
0.3643979, 0.4185975, 0.2952867, 1
0.4296209, 0.3715442, 0.1917387, 1
0.4266083, 0.3909747, 0.3514234, 1
0.362926, 0.4713265, 0.4725191, 1
0.4437102, 0.4902294, 0.6019285, 1
0.357971, 0.4168389, 0.2940123, 1
0.6192589, 0.4445365, 0.4504159, 1
0.7115241, 0.5679387, 0.7972495, 1
0.2891984, 0.3819228, 0.2980736, 1
0.7432837, 0.4246117, 0.284818, 1
0.1657725, 0.3633749, 0.3503424, 1
0.764675, 0.5133843, 0.6592057, 1
0.4895415, 0.412683, 0.2169828, 1
0.1745102, 0.4850012, 0.7095045, 1
0.5279567, 0.4473618, 0.4793167, 1
0.7287979, 0.4671698, 0.259369, 1
0.6438287, 0.487008, 0.4252841, 1
0.3416227, 0.5118919, 0.7849289, 1
0.7736161, 0.5330101, 0.6298569, 1
0.8291147, 0.4907572, 0.4837263, 1
0.1711822, 0.4594969, 0.6252803, 1
0.8134373, 0.499902, 0.5046216, 1
0.7377719, 0.4115304, 0.1901973, 1
0.3253544, 0.4592892, 0.6494108, 1
0.5807292, 0.5563065, 0.7948423, 1
0.2247735, 0.3751756, 0.2403935, 1
0.6895219, 0.4815328, 0.4015255, 1
0.5248543, 0.4925145, 0.7584323, 1
0.1664272, 0.4135094, 0.6397758, 1
0.7305846, 0.5369572, 0.6912159, 1
0.3249849, 0.4624243, 0.5988749, 1
0.807703, 0.494733, 0.4490219, 1
0.3074913, 0.4410527, 0.4878533, 1
0.7768072, 0.482307, 0.4341261, 1
0.1805061, 0.3921269, 0.4522161, 1
0.4978743, 0.5111006, 0.7502732, 1
0.3968118, 0.4194116, 0.3519626, 1
0.6736163, 0.4726135, 0.6512899, 1
0.3323953, 0.4683425, 0.7750293, 1
0.7418693, 0.4722398, 0.6062346, 1
0.3173619, 0.4200884, 0.3219259, 1
0.8078299, 0.5156122, 0.7343578, 1
0.4052735, 0.4429648, 0.3347328, 1
0.4192631, 0.4658106, 0.6542119, 1
0.5398508, 0.4664426, 0.3555491, 1
0.7435068, 0.4297536, 0.1891581, 1
0.4420262, 0.4245789, 0.4103344, 1
0.1510387, 0.4282387, 0.5045375, 1
0.1406949, 0.3957298, 0.4719145, 1
0.3346117, 0.4285125, 0.4363905, 1
0.5997782, 0.4636756, 0.4751762, 1
0.4149051, 0.4310146, 0.24351, 1
0.5910389, 0.4596601, 0.651863, 1
0.8126662, 0.5033771, 0.6173971, 1
0.603523, 0.4364543, 0.3204014, 1
0.5506796, 0.4668171, 0.52539, 1
0.4787754, 0.4695483, 0.4837335, 1
0.6736561, 0.4118596, 0.2738971, 1
0.4303361, 0.4820938, 0.8549392, 1
0.4810387, 0.4680142, 0.6867516, 1
0.4900179, 0.3737539, 0.1371283, 1
0.5212087, 0.412636, 0.2631129, 1
0.8490508, 0.5353584, 0.5991518, 1
0.850049, 0.4822666, 0.6347901, 1
0.4516878, 0.3997846, 0.3083423, 1
0.1559271, 0.465575, 0.6220864, 1
0.6038384, 0.4366793, 0.2683772, 1
0.847313, 0.4893319, 0.3945692, 1
0.8699524, 0.5308787, 0.6413116, 1
0.3581154, 0.4571915, 0.4492474, 1
0.3410116, 0.443078, 0.3629155, 1
0.336863, 0.459738, 0.6598268, 1
0.6101535, 0.4745685, 0.468843, 1
0.1551628, 0.445678, 0.619365, 1
0.6840966, 0.4270051, 0.2700281, 1
0.6917868, 0.4151678, 0.2089799, 1
0.1344812, 0.4310433, 0.3866873, 1
0.440584, 0.500864, 0.7815446, 1
0.2069426, 0.4104571, 0.4981327, 1
0.3045615, 0.4729939, 0.5233098, 1
0.8279942, 0.4193931, 0.3017545, 1
0.428824, 0.3652459, 0.1713694, 1
0.8040601, 0.5140838, 0.4809724, 1
0.2765551, 0.4548046, 0.4310508, 1
0.6724471, 0.5645781, 0.821151, 1
0.8398702, 0.4931948, 0.5388508, 1
0.7598564, 0.4755805, 0.5330756, 1
0.4066724, 0.5039153, 0.6131487, 1
0.170396, 0.4329324, 0.4649114, 1
0.5023664, 0.4844702, 0.5423518, 1
0.4903655, 0.3477463, 0.1256769, 1
0.5107736, 0.5248151, 0.86344, 1
0.5879484, 0.49063, 0.6000257, 1
0.195244, 0.4120322, 0.4923293, 1
0.5234237, 0.464794, 0.5935574, 1
0.6934572, 0.437473, 0.2447338, 1
0.2699693, 0.4239412, 0.6456329, 1
0.8475369, 0.4804424, 0.5412719, 1
0.6407987, 0.4351278, 0.4284959, 1
0.2439623, 0.421028, 0.6301436, 1
0.6673201, 0.4805709, 0.4384191, 1
0.7471437, 0.4127479, 0.2468376, 1
0.611734, 0.427578, 0.463023, 1
0.5069249, 0.5063682, 0.8685592, 1
0.5179127, 0.4941154, 0.6926957, 1
0.4848321, 0.3766933, 0.2090348, 1
0.7053396, 0.524527, 0.5703741, 1
0.3860784, 0.4942206, 0.6859911, 1
0.8461986, 0.4695821, 0.4657384, 1
0.5760322, 0.4059525, 0.1948512, 1
0.3763706, 0.4369727, 0.406115, 1
0.7221637, 0.4184629, 0.281025, 1
0.5453111, 0.4818053, 0.7135097, 1
0.2835382, 0.4100638, 0.536095, 1
0.5720923, 0.4757733, 0.5639341, 1
0.4607668, 0.4549485, 0.5654052, 1
0.5394406, 0.5068061, 0.8579647, 1
0.606362, 0.4965537, 0.7471946, 1
0.6605537, 0.4514013, 0.3920718, 1
0.4789916, 0.5013437, 0.8509976, 1
0.6763337, 0.5181288, 0.7968265, 1
0.3917756, 0.5286601, 0.8041938, 1
0.3542943, 0.4644112, 0.5319253, 1
0.7840843, 0.5513363, 0.6687365, 1
0.2718833, 0.4455101, 0.5260867, 1
0.7132171, 0.563811, 0.7666355, 1
0.1290502, 0.4785097, 0.6435723, 1
0.4117892, 0.4992025, 0.8775182, 1
0.5055344, 0.4178521, 0.2385697, 1
0.2600476, 0.4921464, 0.7564732, 1
0.4801941, 0.4942518, 0.6849865, 1
0.3677818, 0.4790329, 0.6118728, 1
0.3065148, 0.4125889, 0.5307778, 1
0.7611852, 0.5560629, 0.7784786, 1
0.6139992, 0.4734728, 0.5817006, 1
0.5513855, 0.5061788, 0.7329123, 1
0.372609, 0.473777, 0.7569484, 1
0.6824435, 0.5399594, 0.8257191, 1
0.1830753, 0.3586709, 0.3135576, 1
0.5695171, 0.525042, 0.8466541, 1
0.5698001, 0.5235678, 0.8007633, 1
0.2399394, 0.3820529, 0.2139414, 1
0.5305194, 0.4819565, 0.4641422, 1
0.2860202, 0.3658126, 0.2755105, 1
0.3384117, 0.3491863, 0.1849139, 1
0.483979, 0.4798589, 0.4737676, 1
0.5123087, 0.5250635, 0.7084334, 1
0.4440201, 0.4186205, 0.1985811, 1
0.3856046, 0.480157, 0.7627359, 1
0.2168241, 0.3889924, 0.2850651, 1
0.3827751, 0.4318268, 0.3791434, 1
0.6292021, 0.5472202, 0.7504157, 1
0.3763802, 0.4625369, 0.7252733, 1
0.7251825, 0.4758661, 0.3896192, 1
0.7973897, 0.5202518, 0.4935828, 1
0.6357293, 0.4102688, 0.2920564, 1
0.632292, 0.4144017, 0.2078859, 1
0.5954288, 0.5118501, 0.7854402, 1
0.5875698, 0.4307359, 0.1461299, 1
0.8763963, 0.4865029, 0.3675592, 1
0.613411, 0.5205609, 0.6013572, 1
0.4558794, 0.4388023, 0.2684204, 1
0.5861021, 0.4496268, 0.5852962, 1
0.2819335, 0.4475244, 0.6857659, 1
0.2493313, 0.4247277, 0.4078818, 1
0.6772021, 0.4488119, 0.2349937, 1
0.6850547, 0.3898293, 0.1946754, 1
0.8789817, 0.4641145, 0.3653596, 1
0.1902988, 0.3737014, 0.3379339, 1
0.3247744, 0.4323511, 0.3002698, 1
0.5736203, 0.521678, 0.6282312, 1
0.4574857, 0.4331363, 0.4827393, 1
0.5479722, 0.4400575, 0.37347, 1
0.3910398, 0.4955693, 0.7978662, 1
0.8454667, 0.4781163, 0.4944832, 1
0.6390957, 0.5173357, 0.672, 1
0.6159463, 0.5081461, 0.7694898, 1
0.1635063, 0.4155902, 0.3823297, 1
0.6809649, 0.4147198, 0.1858307, 1
0.7633603, 0.4721622, 0.2937908, 1
0.2291687, 0.381893, 0.4273672, 1
0.5020652, 0.472678, 0.5476529, 1
0.8743802, 0.449348, 0.3836013, 1
0.1992096, 0.4332919, 0.451837, 1
0.3034847, 0.4340217, 0.4002092, 1
0.7382302, 0.4228939, 0.2528356, 1
0.4016487, 0.4311827, 0.3769645, 1
0.7613197, 0.461102, 0.2435568, 1
0.6649644, 0.5066208, 0.7868087, 1
0.2868448, 0.4463391, 0.5309618, 1
0.4401891, 0.491091, 0.5543486, 1
0.6118755, 0.5211748, 0.7030175, 1
0.4128334, 0.4916446, 0.8771586, 1
0.7339749, 0.4482868, 0.3223071, 1
0.2094249, 0.4520606, 0.4535963, 1
0.2592177, 0.3740355, 0.3735611, 1
0.8388337, 0.5456396, 0.6713716, 1
0.6711224, 0.3873918, 0.227976, 1
0.5051442, 0.3971319, 0.2660551, 1
0.4497573, 0.4813473, 0.8153878, 1
0.710481, 0.500222, 0.7466146, 1
0.1342585, 0.3858982, 0.4459634, 1
0.3925672, 0.4116109, 0.4947062, 1
0.4131086, 0.4573517, 0.4330154, 1
0.7863851, 0.544707, 0.6345722, 1
0.1562757, 0.4156052, 0.384222, 1
0.1679012, 0.4111921, 0.5523237, 1
0.5259218, 0.4394081, 0.3123409, 1
0.2568258, 0.4209495, 0.4236837, 1
0.5605857, 0.4144279, 0.435104, 1
0.3575795, 0.5042312, 0.7960947, 1
0.6836644, 0.4368646, 0.450892, 1
0.3187292, 0.5072485, 0.7653444, 1
0.3774478, 0.4281838, 0.6011122, 1
0.8325153, 0.4965128, 0.4355493, 1
0.183767, 0.412178, 0.4983244, 1
0.536371, 0.5368643, 0.7245954, 1
0.5689296, 0.3956584, 0.1862179, 1
0.4727805, 0.4844028, 0.5899423, 1
0.603745, 0.4079065, 0.1190673, 1
0.1662694, 0.4617683, 0.5584547, 1
0.1120192, 0.428288, 0.4085624, 1
0.2561113, 0.4620215, 0.5082379, 1
0.4063, 0.4451518, 0.5801106, 1
0.5009634, 0.4416768, 0.2849404, 1
0.3360879, 0.4060719, 0.2949441, 1
0.5312549, 0.3567935, 0.1225734, 1
0.8982282, 0.4761489, 0.4519425, 1
0.5918649, 0.4110637, 0.3223346, 1
0.7860471, 0.4986641, 0.7502482, 1
0.5614951, 0.53663, 0.7584212, 1
0.5924922, 0.4412385, 0.3372284, 1
0.4821349, 0.4788715, 0.7228721, 1
0.1956526, 0.4310015, 0.4667481, 1
0.4994893, 0.4993167, 0.8514846, 1
0.268581, 0.4602823, 0.561681, 1
0.522198, 0.4054847, 0.2908813, 1
0.6987412, 0.4150136, 0.3552911, 1
0.5857538, 0.4980332, 0.6743453, 1
0.2557508, 0.4245863, 0.3804533, 1
0.3853447, 0.431614, 0.3033863, 1
0.7036405, 0.5301671, 0.7775825, 1
0.2756501, 0.3871392, 0.337154, 1
0.6019156, 0.5098561, 0.8465216, 1
0.8574517, 0.4584119, 0.33875, 1
0.8847157, 0.491993, 0.5930204, 1
0.1989041, 0.4589602, 0.6653333, 1
0.3975772, 0.4631888, 0.6175292, 1
0.4310059, 0.4517452, 0.5087203, 1
0.8200467, 0.4617676, 0.3360241, 1
0.8363284, 0.4373222, 0.3752508, 1
0.7786821, 0.4434895, 0.2210714, 1
0.3259223, 0.4531821, 0.4086489, 1
0.3041534, 0.4155448, 0.5270303, 1
0.4770015, 0.4045313, 0.325101, 1
0.7093225, 0.4729645, 0.4555831, 1
0.2937564, 0.5188861, 0.809364, 1
0.5640852, 0.5017285, 0.6772817, 1
0.8291425, 0.4573674, 0.3164532, 1
0.2919073, 0.4864824, 0.7288636, 1
0.4017937, 0.3983081, 0.3506595, 1
0.4351116, 0.4833763, 0.8490425, 1
0.7529415, 0.492292, 0.6741763, 1
0.2209502, 0.4560689, 0.7580497, 1
0.8139132, 0.4975813, 0.6439034, 1
0.7083529, 0.5099236, 0.5368942, 1
0.2062929, 0.4776265, 0.5888687, 1
0.2307039, 0.3605598, 0.2686234, 1
0.7503089, 0.543469, 0.7745921, 1
0.2944849, 0.473646, 0.5591386, 1
0.1066663, 0.4598671, 0.5524007, 1
0.6744625, 0.4284673, 0.3812416, 1
0.2648245, 0.4017985, 0.2254032, 1
0.6425616, 0.4351585, 0.4000247, 1
0.5908987, 0.4825541, 0.678652, 1
0.5142914, 0.5244263, 0.7273489, 1
0.3860716, 0.4588973, 0.5493938, 1
0.4367396, 0.3824603, 0.1168504, 1
0.342772, 0.4284173, 0.3087652, 1
0.6134806, 0.4329512, 0.3240518, 1
0.4239576, 0.5173495, 0.7230124, 1
0.286157, 0.3937253, 0.207454, 1
0.7791829, 0.4261636, 0.2829869, 1
0.7060001, 0.5269247, 0.8046384, 1
0.6786717, 0.4823897, 0.5262447, 1
0.1592281, 0.4043325, 0.4529269, 1
0.3528306, 0.4951301, 0.7762696, 1
0.3525252, 0.4002012, 0.4031658, 1
0.4990604, 0.4966406, 0.5975507, 1
0.604004, 0.4018404, 0.1275011, 1
0.3465044, 0.5299258, 0.8323374, 1
0.7831145, 0.5390559, 0.6811196, 1
0.3567917, 0.4744046, 0.631721, 1
0.7014441, 0.4627717, 0.3879754, 1
0.7554231, 0.4855563, 0.5013548, 1
0.3040356, 0.5162761, 0.812258, 1
0.6959361, 0.4331266, 0.473227, 1
0.5289408, 0.4940317, 0.7733439, 1
0.6997041, 0.4421657, 0.4461854, 1
0.2494836, 0.4559641, 0.5994169, 1
0.3507657, 0.4806454, 0.7979814, 1
0.1230967, 0.4142895, 0.5257288, 1
0.1712623, 0.4865538, 0.6424964, 1
0.2954884, 0.4801978, 0.711829, 1
0.2505918, 0.459088, 0.6028252, 1
0.5630671, 0.5358954, 0.8603838, 1
0.7719367, 0.5421241, 0.6626762, 1
0.5008436, 0.4239488, 0.27146, 1
0.7869396, 0.5247886, 0.6077265, 1
0.4329505, 0.4761677, 0.6632423, 1
0.4909734, 0.365454, 0.1509231, 1
0.8009594, 0.4464964, 0.2510646, 1
0.2051516, 0.4860431, 0.6402263, 1
0.3792461, 0.4089865, 0.2764103, 1
0.6730754, 0.4898888, 0.4444076, 1
0.680101, 0.5393342, 0.7300652, 1
0.7741383, 0.4531797, 0.4614709, 1
0.4939196, 0.4786938, 0.4645621, 1
0.3879312, 0.4451496, 0.5734076, 1
0.3534243, 0.4918935, 0.7022816, 1
0.7371823, 0.4763136, 0.4083613, 1
0.4592085, 0.4842949, 0.8393978, 1
0.6802695, 0.4804043, 0.4988125, 1
0.1387493, 0.4127203, 0.4043804, 1
0.2758015, 0.3877208, 0.3218769, 1
0.6839328, 0.4911705, 0.4693402, 1
0.5561531, 0.3768861, 0.171957, 1
0.5751735, 0.3760642, 0.1956913, 1
0.5673462, 0.5473401, 0.7813154, 1
0.1168511, 0.4442602, 0.5449977, 1
0.6738943, 0.4153769, 0.2382821, 1
0.676985, 0.4613025, 0.6269592, 1
0.8652969, 0.4919781, 0.4112513, 1
0.5981419, 0.4622062, 0.5259464, 1
0.1108668, 0.3770193, 0.4446924, 1
0.5576085, 0.4612783, 0.5957208, 1
0.7876443, 0.4707842, 0.3037708, 1
0.399153, 0.4959221, 0.8499315, 1
0.3989403, 0.420666, 0.3361457, 1
0.546603, 0.4887328, 0.7971097, 1
0.4443558, 0.5106121, 0.6292353, 1
0.468991, 0.3549869, 0.1213743, 1
0.6458102, 0.4883877, 0.6458439, 1
0.3208423, 0.3500728, 0.2426624, 1
0.5591834, 0.3627876, 0.1204741, 1
0.7143149, 0.4833038, 0.486984, 1
0.3325219, 0.4500059, 0.6562487, 1
0.6017907, 0.4994597, 0.592464, 1
0.1423398, 0.4690545, 0.6521209, 1
0.3489865, 0.427736, 0.5988472, 1
0.6195518, 0.5499499, 0.8196312, 1
0.6308125, 0.501887, 0.5961584, 1
0.2397408, 0.4217968, 0.6322964, 1
0.4135975, 0.4100502, 0.3014992, 1
0.3459558, 0.4616919, 0.7410238, 1
0.5746917, 0.4090343, 0.2542866, 1
0.3692632, 0.4405558, 0.4009651, 1
0.6599355, 0.538639, 0.8307678, 1
0.8162838, 0.5106396, 0.7419404, 1
0.5615134, 0.5491548, 0.8306308, 1
0.6511827, 0.5322307, 0.6270158, 1
0.3503647, 0.4317488, 0.6027054, 1
0.4566122, 0.5069744, 0.6484627, 1
0.8987449, 0.4839945, 0.4547014, 1
0.259647, 0.4118542, 0.5176347, 1
0.4104194, 0.4118084, 0.4459378, 1
0.5260922, 0.5541169, 0.8063857, 1
0.2671938, 0.4591064, 0.6512293, 1
0.4206515, 0.4567968, 0.6271703, 1
0.3685831, 0.4218693, 0.3086697, 1
0.5593566, 0.4227024, 0.4631741, 1
0.1590685, 0.4090852, 0.3710189, 1
0.6382939, 0.5247744, 0.726809, 1
0.6022667, 0.5340531, 0.7524391, 1
0.3266652, 0.4320091, 0.427057, 1
0.5794753, 0.5342956, 0.8452926, 1
0.4822568, 0.4118368, 0.1624567, 1
0.29125, 0.4022893, 0.5108333, 1
0.1923072, 0.4071791, 0.3434545, 1
0.7991049, 0.4763735, 0.6397237, 1
0.4972248, 0.4547191, 0.624021, 1
0.769052, 0.5317784, 0.6617391, 1
0.4726053, 0.3996161, 0.2528423, 1
0.3439923, 0.4261309, 0.4182939, 1
0.6045316, 0.4294061, 0.4721583, 1
0.6261408, 0.4175536, 0.1728059, 1
0.2924228, 0.4185897, 0.3233306, 1
0.3882947, 0.4248309, 0.5589456, 1
0.632193, 0.45095, 0.2403233, 1
0.7578992, 0.5527486, 0.7555469, 1
0.1507287, 0.4307143, 0.6203458, 1
0.1393609, 0.4201759, 0.349122, 1
0.7268493, 0.5095747, 0.6682327, 1
0.4183743, 0.5249436, 0.8316851, 1
0.4817953, 0.4525637, 0.5796318, 1
0.5423247, 0.4895616, 0.5638759, 1
0.2886657, 0.4932891, 0.8182043, 1
0.2390661, 0.3690848, 0.3263669, 1
0.2082953, 0.4220841, 0.4922698, 1
0.8879465, 0.47681, 0.569065, 1
0.6391577, 0.5370268, 0.7196645, 1
0.6400453, 0.4987663, 0.4984528, 1
0.4489895, 0.4921326, 0.8789217, 1
0.8251789, 0.4542231, 0.3656427, 1
0.6618506, 0.5419167, 0.8168283, 1
0.2300932, 0.4689161, 0.7371894, 1
0.4368976, 0.5096958, 0.8047152, 1
0.6153854, 0.449588, 0.3394165, 1
0.6395689, 0.4973714, 0.6974783, 1
0.5252532, 0.4998483, 0.7098579, 1
0.7475552, 0.541073, 0.6901159, 1
0.5419912, 0.5031029, 0.6800473, 1
0.8715881, 0.4420852, 0.35482, 1
0.5338204, 0.5468888, 0.8385093, 1
0.650292, 0.4062153, 0.2040072, 1
0.3602282, 0.5146253, 0.7801002, 1
0.7452909, 0.4491477, 0.4498122, 1
0.4082006, 0.3999368, 0.3995864, 1
0.3958214, 0.4867014, 0.8053184, 1
0.7822571, 0.5030884, 0.712386, 1
0.4795986, 0.5340624, 0.7984366, 1
0.4187224, 0.5024428, 0.8639282, 1
0.2934154, 0.4577525, 0.4445941, 1
0.5244233, 0.396731, 0.3385426, 1
0.5624213, 0.4739394, 0.4693703, 1
0.445002, 0.4325514, 0.3920832, 1
0.5884392, 0.4880812, 0.7779979, 1
0.5189332, 0.4022682, 0.2186868, 1
0.5157993, 0.4800735, 0.4765424, 1
0.2901684, 0.428855, 0.2887785, 1
0.5650662, 0.4623393, 0.6676924, 1
0.5709502, 0.5364403, 0.7336764, 1
0.5751733, 0.5566792, 0.8041782, 1
0.6167021, 0.4539705, 0.4645367, 1
0.162806, 0.3930582, 0.3906217, 1
0.5813599, 0.5266999, 0.8538754, 1
0.5489615, 0.4895836, 0.5713611, 1
0.4199848, 0.4765878, 0.6831038, 1
0.6628437, 0.4831311, 0.5820518, 1
0.854243, 0.5336587, 0.6372555, 1
0.421716, 0.3611242, 0.1405158, 1
0.4005035, 0.4441882, 0.5343408, 1
0.4643288, 0.3860391, 0.1327309, 1
0.3695765, 0.3750678, 0.221931, 1
0.2998228, 0.4242149, 0.5301607, 1
0.4424897, 0.4666768, 0.568822, 1
0.2449012, 0.4402781, 0.5809929, 1
0.4719422, 0.4428771, 0.457249, 1
0.168447, 0.4253698, 0.6220943, 1
0.5808189, 0.5279496, 0.7511483, 1
0.5331724, 0.3753474, 0.15329, 1
0.7282875, 0.4154087, 0.335895, 1
0.1719842, 0.4651903, 0.6587176, 1
0.481134, 0.4709266, 0.5138199, 1
0.6061264, 0.4848236, 0.4584144, 1
0.1448161, 0.4619963, 0.6245335, 1
0.1405465, 0.457931, 0.5760608, 1
0.5002264, 0.4135202, 0.2491433, 1
0.5380852, 0.4017709, 0.1194237, 1
0.5430824, 0.5088136, 0.5827287, 1
0.6794685, 0.4690337, 0.4302564, 1
0.4651101, 0.408314, 0.4239755, 1
0.1921967, 0.3800684, 0.4427052, 1
0.2790692, 0.4130397, 0.3036288, 1
0.706525, 0.4096192, 0.3290547, 1
0.7106889, 0.5215976, 0.5629756, 1
0.6570598, 0.4458011, 0.2355379, 1
0.1604393, 0.3909763, 0.3266538, 1
0.6303678, 0.5085677, 0.5781257, 1
0.813172, 0.474593, 0.2987284, 1
0.3664202, 0.4712471, 0.5406547, 1
0.6889127, 0.4283471, 0.3735376, 1
0.3483922, 0.4561467, 0.5867788, 1
0.6567069, 0.4959085, 0.4816895, 1
0.5253291, 0.4734778, 0.5726833, 1
0.3466717, 0.4679776, 0.76705, 1
0.7966402, 0.5029314, 0.5579022, 1
0.1621963, 0.3615495, 0.3777699, 1
0.3879192, 0.5043861, 0.6709845, 1
0.1093102, 0.4121698, 0.4316488, 1
0.7088996, 0.4673149, 0.6116925, 1
0.4620287, 0.4689041, 0.6661839, 1
0.7077874, 0.4741326, 0.3650517, 1
0.6436594, 0.5127612, 0.8269231, 1
0.5054732, 0.3632204, 0.1521372, 1
0.5119315, 0.4469148, 0.483174, 1
0.4135457, 0.4850465, 0.6502443, 1
0.4338292, 0.3836978, 0.1491986, 1
0.5849628, 0.4069028, 0.255819, 1
0.7445459, 0.499923, 0.4164833, 1
0.8744182, 0.5103501, 0.3998607, 1
0.4586133, 0.4704466, 0.6162925, 1
0.2752451, 0.4869992, 0.6073696, 1
0.5386579, 0.5026584, 0.6111275, 1
0.1783044, 0.4467726, 0.66742, 1
0.628484, 0.5096843, 0.8732867, 1
0.7691428, 0.5337697, 0.6857105, 1
0.3944592, 0.4867473, 0.5917418, 1
0.4389575, 0.395314, 0.2034841, 1
0.8250254, 0.4638725, 0.2950526, 1
0.3072253, 0.4580187, 0.4460303, 1
0.8046384, 0.4843447, 0.3861386, 1
0.6180375, 0.4835429, 0.7714967, 1
0.5841305, 0.452022, 0.6155416, 1
0.2229183, 0.4578753, 0.6141766, 1
0.6529354, 0.4155628, 0.2735683, 1
0.3985182, 0.4882853, 0.5764733, 1
0.2066554, 0.4683602, 0.6072012, 1
0.3270941, 0.4495968, 0.3942569, 1
0.5220886, 0.4237047, 0.3297732, 1
0.4843244, 0.4015627, 0.2037593, 1
0.5450956, 0.5409844, 0.728821, 1
0.2993713, 0.483881, 0.6827294, 1
0.1741843, 0.4758356, 0.6183703, 1
0.1823509, 0.4267851, 0.4218274, 1
0.5316995, 0.4139559, 0.2368316, 1
0.747671, 0.518732, 0.5876395, 1
0.6404423, 0.4664346, 0.4652635, 1
0.5738528, 0.4330243, 0.389612, 1
0.5450804, 0.4916943, 0.8217202, 1
0.1501743, 0.4387259, 0.4643325, 1
0.6546735, 0.4347268, 0.5018237, 1
0.6809901, 0.3904851, 0.194356, 1
0.4679139, 0.4910589, 0.8634867, 1
0.5644363, 0.514486, 0.8005697, 1
0.5363881, 0.4895124, 0.6446626, 1
0.8468167, 0.4598978, 0.3283823, 1
0.4664964, 0.4452986, 0.3754058, 1
0.2880886, 0.4519043, 0.5289498, 1
0.7085817, 0.5058234, 0.8066666, 1
0.3006244, 0.4492658, 0.6234809, 1
0.3866043, 0.4011636, 0.2476861, 1
0.7627085, 0.4898624, 0.5231845, 1
0.6844285, 0.3831959, 0.1589849, 1
0.5080588, 0.5003753, 0.8194146, 1
0.8294052, 0.4723554, 0.5172033, 1
0.1587301, 0.4015812, 0.5837449, 1
0.324655, 0.4435716, 0.5593058, 1
0.813823, 0.4880817, 0.3745172, 1
0.3539955, 0.3988023, 0.2016428, 1
0.8760318, 0.4442858, 0.4007052, 1
0.4931719, 0.5640389, 0.8871791, 1
0.3497897, 0.3580585, 0.1445777, 1
0.2955298, 0.4554113, 0.5862808, 1
0.2021667, 0.3584945, 0.3326952, 1
0.582135, 0.4000473, 0.2307552, 1
0.5935774, 0.5001584, 0.7630264, 1
0.8523462, 0.4663938, 0.4233909, 1
0.6567411, 0.5010737, 0.7029459, 1
0.5654548, 0.42354, 0.3721591, 1
0.1117254, 0.4154888, 0.4761226, 1
0.3687851, 0.425316, 0.4209876, 1
0.8575835, 0.5025292, 0.5093874, 1
0.6857257, 0.4839117, 0.6335506, 1
0.1716249, 0.44222, 0.7296717, 1
0.406077, 0.4915383, 0.639209, 1
0.3242204, 0.3628415, 0.2257207, 1
0.744292, 0.5110857, 0.5440975, 1
0.611454, 0.524165, 0.6338229, 1
0.2947113, 0.4468175, 0.6459499, 1
0.7130548, 0.4378468, 0.4363197, 1
0.7737922, 0.5619839, 0.7224519, 1
0.4201624, 0.3849827, 0.2989198, 1
0.5527602, 0.4632215, 0.3881263, 1
0.1127529, 0.4081803, 0.5917851, 1
0.3842148, 0.4163388, 0.2119756, 1
0.3325427, 0.4254084, 0.6010441, 1
0.6861753, 0.4817573, 0.4133429, 1
0.2628091, 0.4958404, 0.7135876, 1
0.4612657, 0.5023269, 0.691269, 1
0.4353147, 0.4017819, 0.1400738, 1
0.6734802, 0.4920204, 0.5141065, 1
0.2498558, 0.424368, 0.5304906, 1
0.1167868, 0.4529778, 0.5526229, 1
0.6083304, 0.5098165, 0.6947563, 1
0.8967198, 0.461289, 0.4794418, 1
0.4171551, 0.4784799, 0.5527285, 1
0.4513299, 0.4464061, 0.5753822, 1
0.1590098, 0.455148, 0.6618775, 1
0.1628039, 0.402434, 0.3767823, 1
0.2878504, 0.3509246, 0.231705, 1
0.505428, 0.4372975, 0.4490616, 1
0.8748564, 0.45039, 0.4218749, 1
0.5251449, 0.4987431, 0.8051761, 1
0.4689175, 0.4599068, 0.5295231, 1
0.5197098, 0.3736266, 0.1459382, 1
0.6508679, 0.4179832, 0.2010825, 1
0.2306353, 0.4556052, 0.6235294, 1
0.4451591, 0.4144244, 0.1874135, 1
0.2065511, 0.4406497, 0.5002326, 1
0.5919955, 0.477604, 0.7099082, 1
0.7472769, 0.4371554, 0.2869767, 1
0.8682321, 0.4973197, 0.6133902, 1
0.6397726, 0.4526978, 0.3592454, 1
0.3620806, 0.4504646, 0.6222295, 1
0.3202223, 0.4073876, 0.1829263, 1
0.2830726, 0.4602405, 0.7537038, 1
0.2030179, 0.4839174, 0.7619954, 1
0.2301795, 0.3961125, 0.4705858, 1
0.7024729, 0.5298958, 0.655897, 1
0.4439881, 0.5116634, 0.7732814, 1
0.5284601, 0.5276641, 0.8679239, 1
0.5675891, 0.4105698, 0.408566, 1
0.329867, 0.3950758, 0.3941884, 1
0.3576432, 0.3480758, 0.1948457, 1
0.8262902, 0.5212091, 0.5221807, 1
0.7439813, 0.4122096, 0.2949683, 1
0.6747411, 0.4844448, 0.7195969, 1
0.3790676, 0.4731096, 0.8211024, 1
0.7636954, 0.5437656, 0.6733515, 1
0.7258553, 0.4735563, 0.3540135, 1
0.7181885, 0.4628127, 0.3134393, 1
0.6374187, 0.5170946, 0.635584, 1
0.4327194, 0.4638331, 0.5360413, 1
0.7735568, 0.5027998, 0.5860237, 1
0.6157144, 0.525075, 0.8636194, 1
0.4854523, 0.527173, 0.7438506, 1
0.6983845, 0.5260947, 0.6464669, 1
0.6890713, 0.4737895, 0.5009634, 1
0.5444486, 0.4445681, 0.4756413, 1
0.6084912, 0.3971587, 0.2607458, 1
0.3298657, 0.4806051, 0.8009197, 1
0.1134115, 0.4546613, 0.5726936, 1
0.55024, 0.5361645, 0.8438701, 1
0.8077511, 0.4349494, 0.314415, 1
0.770722, 0.445544, 0.4401945, 1
0.4182033, 0.4038357, 0.3454495, 1
0.6266449, 0.4266246, 0.2426469, 1
0.1965115, 0.3772067, 0.364561, 1
0.3968812, 0.5114566, 0.7708381, 1
0.6089244, 0.3707099, 0.1594564, 1
0.8722666, 0.4991003, 0.6114573, 1
0.7426125, 0.458832, 0.3062941, 1
0.6377352, 0.5190676, 0.6108027, 1
0.1244056, 0.4495237, 0.4945487, 1
0.4222904, 0.536242, 0.8437548, 1
0.8826883, 0.4812732, 0.5802742, 1
0.4067358, 0.4569874, 0.6159282, 1
0.3221599, 0.4837314, 0.5979451, 1
0.3317417, 0.4486571, 0.6963187, 1
0.2250852, 0.4511342, 0.4877128, 1
0.1969894, 0.4324364, 0.4804207, 1
0.1882341, 0.4467225, 0.7189611, 1
0.5986412, 0.475166, 0.6086552, 1
0.5852657, 0.4607216, 0.6084218, 1
0.5219778, 0.4199426, 0.3795018, 1
0.4298358, 0.4279062, 0.3570552, 1
0.290661, 0.4547272, 0.4801427, 1
0.4021673, 0.4696877, 0.5141119, 1
0.4454502, 0.416149, 0.1661317, 1
0.3923091, 0.4589851, 0.543436, 1
0.4317235, 0.4178422, 0.3095347, 1
0.6416587, 0.4327256, 0.4317811, 1
0.8336931, 0.47294, 0.4037174, 1
0.4464209, 0.4914569, 0.6627621, 1
0.2743754, 0.4929733, 0.7994462, 1
0.6404255, 0.5483887, 0.7450898, 1
0.7964563, 0.5129238, 0.5818741, 1
0.5670378, 0.4764441, 0.6038863, 1
0.1110996, 0.4138356, 0.5257092, 1
0.3146224, 0.4731993, 0.6786222, 1
0.551621, 0.5191616, 0.8708587, 1
0.4686912, 0.4024685, 0.3734534, 1
0.8668801, 0.5087315, 0.5028902, 1
0.4109977, 0.4255424, 0.2073267, 1
0.5792294, 0.4665448, 0.4055938, 1
0.5670453, 0.3905745, 0.3058965, 1
0.5603623, 0.4123956, 0.4021668, 1
0.5447795, 0.5313615, 0.6814452, 1
0.3220558, 0.4747198, 0.5636542, 1
0.4121355, 0.4684371, 0.4892508, 1
0.4559499, 0.4690852, 0.6412128, 1
0.4774244, 0.5265118, 0.7207788, 1
0.3714369, 0.3743148, 0.1979926, 1
0.4304717, 0.514842, 0.8707839, 1
0.5107008, 0.4466103, 0.4985069, 1
0.5380084, 0.5171335, 0.7066061, 1
0.3712525, 0.479511, 0.5315454, 1
0.449055, 0.4752756, 0.4952651, 1
0.8164986, 0.5177969, 0.6575399, 1
0.3228672, 0.4633779, 0.6706467, 1
0.8782588, 0.5165817, 0.4523339, 1
0.4243606, 0.4508215, 0.6976854, 1
0.7925007, 0.4799071, 0.3722861, 1
0.1979663, 0.4106777, 0.4648193, 1
0.3284541, 0.4846753, 0.8182548, 1
0.1548518, 0.3937192, 0.4802234, 1
0.7324978, 0.5074097, 0.4989109, 1
0.284155, 0.4230078, 0.5554656, 1
0.2868422, 0.3795413, 0.3709112, 1
0.8045303, 0.4370526, 0.3733236, 1
0.5410457, 0.5533221, 0.8560691, 1
0.2364992, 0.4273348, 0.3733254, 1
0.8332266, 0.5001709, 0.5202934, 1
0.4450602, 0.450006, 0.5922909, 1
0.4035186, 0.4272619, 0.4081223, 1
0.7237659, 0.52033, 0.7739984, 1
0.7526067, 0.4534073, 0.2688226, 1
0.5783834, 0.4634903, 0.6569735, 1
0.7227079, 0.4501804, 0.3421598, 1
0.1843604, 0.4444946, 0.5448121, 1
0.8750796, 0.4749315, 0.5007595, 1
0.3810013, 0.4054079, 0.3370463, 1
0.4464874, 0.3798853, 0.2305151, 1
0.721997, 0.43993, 0.1745267, 1
0.4455977, 0.3824601, 0.3331892, 1
0.6239255, 0.5623862, 0.8610635, 1
0.4463683, 0.4635675, 0.4813558, 1
0.6866733, 0.4170738, 0.3630658, 1
0.7572706, 0.5406698, 0.756537, 1
0.4068287, 0.3784378, 0.243893, 1
0.2488327, 0.3982749, 0.4589178, 1
0.488666, 0.4314882, 0.196104, 1
0.837148, 0.5133964, 0.5970241, 1
0.1667161, 0.4081413, 0.410096, 1
0.1586256, 0.4534632, 0.543222, 1
0.8235387, 0.5054838, 0.7176987, 1
0.7915169, 0.4694071, 0.5006166, 1
0.4289543, 0.4940238, 0.678913, 1
0.6815807, 0.4571632, 0.4601183, 1
0.2114946, 0.4433516, 0.7089645, 1
0.6886613, 0.416382, 0.3580469, 1
0.7346832, 0.5580891, 0.7529323, 1
0.1064271, 0.3920803, 0.4650423, 1
0.6059406, 0.4605636, 0.2830079, 1
0.6429521, 0.4974798, 0.6204574, 1
0.3504006, 0.5270319, 0.8375503, 1
0.6907988, 0.433446, 0.3103204, 1
0.5092087, 0.4224443, 0.2406485, 1
0.2995034, 0.4741514, 0.6072677, 1
0.3304579, 0.4472019, 0.487556, 1
0.7862324, 0.4734592, 0.6272072, 1
0.5242261, 0.5659538, 0.8678107, 1
0.2289296, 0.5006963, 0.7025192, 1
0.3232298, 0.4078563, 0.3614239, 1
0.8657615, 0.4884903, 0.5153432, 1
0.796971, 0.499935, 0.5195426, 1
0.8388599, 0.4645487, 0.5030431, 1
0.5640774, 0.5195941, 0.6853271, 1
0.7138901, 0.5424694, 0.7336743, 1
0.2632205, 0.3857817, 0.2601139, 1
0.5372086, 0.415263, 0.2957428, 1
0.4941231, 0.444091, 0.4352989, 1
0.2360639, 0.3598295, 0.2441963, 1
0.1836597, 0.4500994, 0.5687222, 1
0.3583394, 0.4398378, 0.3921014, 1
0.5352642, 0.4165069, 0.2242029, 1
0.4268823, 0.5274497, 0.847217, 1
0.5818906, 0.5571344, 0.8763981, 1
0.7270684, 0.4297073, 0.211776, 1
0.1858802, 0.3999169, 0.3183133, 1
0.3661106, 0.4322935, 0.4259295, 1
0.6000997, 0.4266936, 0.4489645, 1
0.4185212, 0.4678193, 0.4333714, 1
0.5687131, 0.4621332, 0.4461552, 1
0.7977504, 0.4791236, 0.3637266, 1
0.155745, 0.4576885, 0.5810566, 1
0.3290506, 0.4345328, 0.4768259, 1
0.6487803, 0.3954776, 0.2263114, 1
0.4913458, 0.4412272, 0.4471199, 1
0.4849516, 0.43324, 0.4216415, 1
0.6200624, 0.5054798, 0.5936876, 1
0.4689933, 0.4483513, 0.4249883, 1
0.5361937, 0.4038941, 0.3201249, 1
0.6285487, 0.4520119, 0.3392552, 1
0.4871627, 0.445244, 0.2744329, 1
0.2982388, 0.4394707, 0.5560755, 1
0.3020441, 0.3974653, 0.1784069, 1
0.8248826, 0.4789782, 0.5416209, 1
0.3128872, 0.4624561, 0.4948671, 1
0.344476, 0.3839444, 0.2600644, 1
0.2082189, 0.4272946, 0.4109451, 1
0.5778982, 0.4657732, 0.3689086, 1
0.1149607, 0.3754185, 0.4413102, 1
0.4031614, 0.4818687, 0.7435126, 1
0.4728177, 0.4590794, 0.5126515, 1
0.4778613, 0.4583063, 0.4894409, 1
0.6969519, 0.4575941, 0.3401445, 1
0.2787211, 0.389043, 0.4093835, 1
0.4822426, 0.4574242, 0.4133033, 1
0.331522, 0.4389514, 0.4496687, 1
0.3290933, 0.4120744, 0.4679441, 1
0.6778654, 0.4294384, 0.3727307, 1
0.6032189, 0.4033272, 0.1798642, 1
0.2358876, 0.3792828, 0.2326809, 1
0.5933991, 0.4800096, 0.6646858, 1
0.5052065, 0.4148011, 0.2390138, 1
0.5670569, 0.5499924, 0.8507354, 1
0.845319, 0.5222145, 0.4912421, 1
0.2736252, 0.422338, 0.4090531, 1
0.6594518, 0.460249, 0.5871668, 1
0.8450079, 0.5094345, 0.6944, 1
0.5076694, 0.4421327, 0.2779052, 1
0.524856, 0.493384, 0.8660213, 1
0.5911026, 0.4044979, 0.3635648, 1
0.6755282, 0.5263126, 0.8425601, 1
0.426027, 0.348059, 0.1503326, 1
0.7386851, 0.4992332, 0.5027521, 1
0.3493277, 0.4757062, 0.5340268, 1
0.4542515, 0.5359114, 0.7743147, 1
0.3631523, 0.4550882, 0.5962466, 1
0.6260095, 0.477124, 0.3888956, 1
0.8233767, 0.4406495, 0.414881, 1
0.2933264, 0.4102231, 0.2086326, 1
0.445892, 0.4767581, 0.7169612, 1
0.6488267, 0.4345482, 0.1551231, 1
0.325138, 0.5102918, 0.7624212, 1
0.523154, 0.5293732, 0.8482025, 1
0.5301594, 0.4254871, 0.4792654, 1
0.7299706, 0.5369986, 0.6620427, 1
0.337128, 0.387852, 0.4007811, 1
0.242949, 0.4679667, 0.7748961, 1
0.3301971, 0.3939788, 0.4602914, 1
0.4884191, 0.5043396, 0.724712, 1
0.575843, 0.5165339, 0.7588512, 1
0.3613456, 0.4822456, 0.7941721, 1
0.6178667, 0.481604, 0.3896426, 1
0.297388, 0.4419841, 0.6250495, 1
0.3483834, 0.4104568, 0.2431934, 1
0.6649276, 0.5210993, 0.8528463, 1
0.3753942, 0.3777, 0.2136487, 1
0.1575634, 0.4620493, 0.7038202, 1
0.2024441, 0.3864832, 0.2571145, 1
0.7911285, 0.4289251, 0.2894861, 1
0.3756823, 0.4224864, 0.4834469, 1
0.3988622, 0.4150709, 0.5163794, 1
0.7330599, 0.5095674, 0.4681308, 1
0.3679363, 0.4632837, 0.4866377, 1
0.4646868, 0.5464143, 0.8630547, 1
0.4025505, 0.4858105, 0.7341803, 1
0.6288909, 0.4318125, 0.3533128, 1
0.5622746, 0.5717856, 0.8789415, 1
0.5516368, 0.4612024, 0.6594083, 1
0.3496472, 0.4646142, 0.4884531, 1
0.4287224, 0.4578685, 0.5527215, 1
0.659203, 0.4197513, 0.3617876, 1
0.3278105, 0.3949126, 0.4368703, 1
0.3707685, 0.430549, 0.506713, 1
0.873224, 0.4486551, 0.3751033, 1
0.7561279, 0.5052918, 0.6245424, 1
0.3069411, 0.3932836, 0.4105758, 1
0.1936708, 0.4050455, 0.2583153, 1
0.5299386, 0.4835083, 0.7344846, 1
0.374469, 0.4220125, 0.4760932, 1
0.3125854, 0.4724783, 0.5795411, 1
0.6863883, 0.5069703, 0.7382033, 1
0.3986075, 0.4763713, 0.8134872, 1
0.7995659, 0.5512525, 0.7313945, 1
0.6002733, 0.4282554, 0.1233432, 1
0.2375702, 0.4672732, 0.7024271, 1
0.3285465, 0.4658736, 0.7813444, 1
0.7896761, 0.5097132, 0.6573994, 1
0.545078, 0.4524913, 0.3628003, 1
0.568918, 0.395878, 0.1129886, 1
0.697437, 0.4687232, 0.4965276, 1
0.3134714, 0.4761691, 0.6490545, 1
0.8207259, 0.4343768, 0.3721462, 1
0.7911392, 0.4540642, 0.2725156, 1
0.5158699, 0.4083393, 0.4157084, 1
0.1209716, 0.4277036, 0.4177573, 1
0.760933, 0.4353431, 0.3114269, 1
0.3134335, 0.4173276, 0.5407693, 1
0.460518, 0.4358041, 0.5717095, 1
0.5089835, 0.4289042, 0.2421187, 1
0.3940442, 0.4392729, 0.5466887, 1
0.5278638, 0.3872016, 0.3017976, 1
0.4061624, 0.4151564, 0.4666594, 1
0.5342543, 0.443756, 0.5105074, 1
0.3872302, 0.4125806, 0.3619141, 1
0.6847911, 0.4506456, 0.5408169, 1
0.4062743, 0.4699093, 0.6796974, 1
0.5506912, 0.3604034, 0.1153189, 1
0.6725493, 0.5177352, 0.6276739, 1
0.4431146, 0.3709086, 0.2162434, 1
0.6646985, 0.4622028, 0.3566938, 1
0.503017, 0.4561834, 0.4419671, 1
0.5121978, 0.4588788, 0.3990591, 1
0.180015, 0.4500372, 0.6735606, 1
0.7776384, 0.5437052, 0.7697853, 1
0.298325, 0.4381706, 0.6155699, 1
0.6851481, 0.4790563, 0.4402277, 1
0.7573867, 0.5495883, 0.6754215, 1
0.3894919, 0.5304168, 0.7975886, 1
0.3305245, 0.401798, 0.2782207, 1
0.263959, 0.4408728, 0.641963, 1
0.2605208, 0.4394314, 0.622945, 1
0.4713416, 0.5057411, 0.7257071, 1
0.6035897, 0.5298637, 0.8006383, 1
0.4473571, 0.4699618, 0.6252986, 1
0.5861007, 0.3992634, 0.2865945, 1
0.7174512, 0.4578854, 0.3001125, 1
0.4494449, 0.3982051, 0.2383318, 1
0.7627789, 0.4863802, 0.4796993, 1
0.7749154, 0.4083668, 0.2240961, 1
0.8416953, 0.5378782, 0.5743145, 1
0.3711497, 0.3817959, 0.3133566, 1
0.5132592, 0.4934437, 0.7956365, 1
0.1183238, 0.4300198, 0.4987611, 1
0.4756036, 0.3903682, 0.1625163, 1
0.5903395, 0.4600224, 0.6080526, 1
0.4021561, 0.5149427, 0.8151592, 1
0.2276739, 0.4482627, 0.5397021, 1
0.2151093, 0.4734205, 0.7662005, 1
0.4617117, 0.4769404, 0.7472796, 1
0.6686805, 0.4910164, 0.6828271, 1
0.5366511, 0.3972567, 0.2288992, 1
0.7875863, 0.4287668, 0.2867044, 1
0.4798653, 0.4513754, 0.465382, 1
0.3960018, 0.4964157, 0.6813698, 1
0.5141684, 0.5270982, 0.7566076, 1
0.6131601, 0.3990012, 0.3046136, 1
0.273139, 0.4718765, 0.7924445, 1
0.4322397, 0.4402111, 0.5672373, 1
0.5815953, 0.4751445, 0.7000653, 1
0.6991894, 0.5235152, 0.7915332, 1
0.5837362, 0.4723064, 0.7304988, 1
0.5750764, 0.4702338, 0.702612, 1
0.15914, 0.4607896, 0.5960025, 1
0.3502346, 0.5063403, 0.8208648, 1
0.3102727, 0.449541, 0.6490949, 1
0.7085384, 0.4690872, 0.4799688, 1
0.3254079, 0.4233393, 0.4262381, 1
0.8934698, 0.4877772, 0.444194, 1
0.5245894, 0.5555323, 0.8806172, 1
0.6372416, 0.5256655, 0.7803124, 1
0.8266041, 0.5159218, 0.6094063, 1
0.4296731, 0.4558045, 0.6794146, 1
0.4969737, 0.4113827, 0.4074659, 1
0.8069499, 0.4336686, 0.2783244, 1
0.3307444, 0.4569593, 0.5312872, 1
0.6266141, 0.457155, 0.52687, 1
0.4594526, 0.4590186, 0.7093412, 1
0.5060324, 0.4462527, 0.2753702, 1
0.4623836, 0.4849108, 0.6072024, 1
0.5776454, 0.4321135, 0.5177745, 1
0.7732366, 0.544232, 0.7576242, 1
0.1386419, 0.4047998, 0.5994238, 1
0.7498218, 0.4957691, 0.6115392, 1
0.8302028, 0.4112478, 0.288934, 1
0.7893095, 0.4322882, 0.2514716, 1
0.211579, 0.4540653, 0.7612085, 1
0.5407887, 0.41024, 0.2516071, 1
0.1676782, 0.3851708, 0.4822283, 1
0.3741302, 0.4785615, 0.6127234, 1
0.6177819, 0.4941304, 0.7617062, 1
0.8278992, 0.5328025, 0.553144, 1
0.2988854, 0.4286828, 0.5811785, 1
0.5782229, 0.4635543, 0.516927, 1
0.3372454, 0.4801529, 0.5974748, 1
0.2650859, 0.4117299, 0.3279698, 1
0.3573923, 0.3640175, 0.1586806, 1
0.3314905, 0.4621802, 0.4411338, 1
0.4561255, 0.5464239, 0.8329472, 1
0.7002527, 0.4444565, 0.2430954, 1
0.3705319, 0.3799147, 0.2401485, 1
0.361593, 0.5093137, 0.7490402, 1
0.5659958, 0.5092087, 0.5602662, 1
0.3074148, 0.4049428, 0.2093196, 1
0.4902521, 0.4844475, 0.6858262, 1
0.5677248, 0.5243807, 0.7684176, 1
0.2842917, 0.5102432, 0.7722769, 1
0.7144981, 0.4666846, 0.5091364, 1
0.3284478, 0.4658876, 0.6608006, 1
0.2491385, 0.4443941, 0.4060049, 1
0.9000269, 0.4601686, 0.4880596, 1
0.5467248, 0.4988166, 0.8856116, 1
0.4069934, 0.4200197, 0.2923767, 1
0.1906514, 0.3866847, 0.3171204, 1
0.3844005, 0.3769938, 0.2817995, 1
0.5743973, 0.4325066, 0.3963859, 1
0.6992027, 0.4956267, 0.593964, 1
0.2214351, 0.4540947, 0.7594289, 1
0.435122, 0.4699302, 0.5895699, 1
0.6385086, 0.4682057, 0.3597684, 1
0.6223302, 0.4265117, 0.3055701, 1
0.6946893, 0.5190734, 0.741147, 1
0.489199, 0.4669972, 0.4462836, 1
0.425918, 0.4286485, 0.4020592, 1
0.281403, 0.4083658, 0.5267298, 1
0.1508886, 0.3838558, 0.4743985, 1
0.2839623, 0.4725222, 0.6165172, 1
0.4198467, 0.4107762, 0.299738, 1
0.5308706, 0.3858591, 0.3013397, 1
0.470279, 0.5181596, 0.7501453, 1
0.3390449, 0.4720676, 0.8105745, 1
0.7350943, 0.501152, 0.5538404, 1
0.6642674, 0.4817501, 0.5502443, 1
0.1747198, 0.4281641, 0.5353335, 1
0.5469906, 0.3905798, 0.202437, 1
0.6986752, 0.3935102, 0.1816222, 1
0.5249647, 0.4868504, 0.535192, 1
0.6765339, 0.454058, 0.3747154, 1
0.4635565, 0.4564927, 0.51256, 1
0.1849186, 0.4609831, 0.6249347, 1
0.5970823, 0.4013141, 0.133233, 1
0.5669895, 0.5196499, 0.641314, 1
0.7186136, 0.4562083, 0.3363485, 1
0.3205435, 0.4257397, 0.2744464, 1
0.3889585, 0.5103224, 0.8306762, 1
0.8373561, 0.4747804, 0.3089799, 1
0.466453, 0.4508293, 0.3680378, 1
0.5329269, 0.5177432, 0.6842896, 1
0.4969878, 0.4224308, 0.2589188, 1
0.4902955, 0.3845442, 0.3159111, 1
0.7931471, 0.4866608, 0.4016452, 1
0.7930971, 0.4661915, 0.540858, 1
0.1288069, 0.4430732, 0.5822697, 1
0.5764452, 0.5024108, 0.7718785, 1
0.6944769, 0.4181432, 0.3707166, 1
0.6152674, 0.3877211, 0.2414967, 1
0.6533121, 0.4730587, 0.6893414, 1
0.3036447, 0.414778, 0.3091047, 1
0.4891343, 0.5460966, 0.8471221, 1
0.3765229, 0.4852427, 0.596658, 1
0.6917003, 0.4639307, 0.6199307, 1
0.4884564, 0.4206953, 0.4429698, 1
0.2915322, 0.3965931, 0.2891212, 1
0.7008229, 0.5207787, 0.7132445, 1
0.5139002, 0.5176899, 0.852264, 1
0.7334547, 0.4843338, 0.5751426, 1
0.6520356, 0.4780885, 0.3873776, 1
0.8668483, 0.4579415, 0.4969295, 1
0.4691153, 0.4905914, 0.6851024, 1
0.3792299, 0.3605482, 0.2333247, 1
0.1947089, 0.4740602, 0.5691216, 1
0.610631, 0.4613422, 0.461868, 1
0.3237334, 0.5042155, 0.7336422, 1
0.4799739, 0.4153092, 0.1574618, 1
0.3999528, 0.4886283, 0.6204977, 1
0.699353, 0.5110274, 0.7192842, 1
0.2556814, 0.4806473, 0.7337345, 1
0.5083584, 0.3897311, 0.2455894, 1
0.6279456, 0.4386581, 0.264931, 1
0.3097891, 0.3583789, 0.189351, 1
0.6252858, 0.5463771, 0.8454096, 1
0.6725439, 0.4880043, 0.5348318, 1
0.6671827, 0.4617262, 0.5348696, 1
0.4983267, 0.494058, 0.5797265, 1
0.4012591, 0.4363529, 0.3830368, 1
0.4639552, 0.3984407, 0.2630058, 1
0.6700285, 0.4730199, 0.3667375, 1
0.21766, 0.4181262, 0.3963571, 1
0.5802658, 0.442057, 0.3756893, 1
0.414307, 0.3774991, 0.1544831, 1
0.124871, 0.4424775, 0.4418655, 1
0.4175731, 0.3718382, 0.1645621, 1
0.4236299, 0.3764614, 0.1483371, 1
0.2470825, 0.4298038, 0.5506752, 1
0.4595488, 0.4966255, 0.5488855, 1
0.3226202, 0.4424122, 0.6668484, 1
0.2294128, 0.4173433, 0.5812768, 1
0.7058698, 0.4551356, 0.2821111, 1
0.3238581, 0.4495342, 0.5554869, 1
0.410324, 0.4203515, 0.2841348, 1
0.8077451, 0.5066435, 0.4259988, 1
0.8763718, 0.5181262, 0.6186653, 1
0.2446379, 0.4362587, 0.4982825, 1
0.597881, 0.3794284, 0.1674726, 1
0.2766981, 0.4980651, 0.6863299, 1
0.3998368, 0.4442771, 0.5626352, 1
0.7654817, 0.5391042, 0.7539649, 1
0.1245987, 0.3903835, 0.5484308, 1
0.1911788, 0.4642255, 0.6020108, 1
0.5125418, 0.5242603, 0.8109908, 1
0.3913289, 0.5038854, 0.8557007, 1
0.5867958, 0.473837, 0.5250465, 1
0.7872199, 0.4054901, 0.2358837, 1
0.498462, 0.4224769, 0.3374709, 1
0.330965, 0.3907898, 0.3624899, 1
0.5323725, 0.4301066, 0.3852465, 1
0.4763072, 0.5158215, 0.8437706, 1
0.8063703, 0.5265687, 0.6075873, 1
0.1632613, 0.4216741, 0.619619, 1
0.5954347, 0.3930156, 0.2254125, 1
0.4255128, 0.4931685, 0.8521401, 1
0.5750591, 0.438555, 0.4456168, 1
0.2208257, 0.3792519, 0.3163318, 1
0.5871688, 0.4227585, 0.2484709, 1
0.8883452, 0.5092497, 0.5154469, 1
0.3736331, 0.4817538, 0.7556327, 1
0.5077371, 0.3636199, 0.1754642, 1
0.8544831, 0.5178853, 0.4476251, 1
0.4607461, 0.4000008, 0.1446452, 1
0.7545707, 0.462074, 0.5018738, 1
0.5868285, 0.4034213, 0.1183383, 1
0.4511641, 0.4364084, 0.2904507, 1
0.5988045, 0.5106118, 0.7169748, 1
0.3411678, 0.3804936, 0.1628165, 1
0.1701483, 0.4340681, 0.3788476, 1
0.3289071, 0.3719452, 0.2759534, 1
0.6503205, 0.4830937, 0.5828182, 1
0.4182015, 0.3944589, 0.355701, 1
0.4911512, 0.5283337, 0.8550699, 1
0.528396, 0.4096938, 0.1921278, 1
0.4292574, 0.3818854, 0.1380336, 1
0.4078256, 0.436817, 0.4514183, 1
0.7009754, 0.4169932, 0.2202336, 1
0.3553316, 0.4490248, 0.5380246, 1
0.357268, 0.5065113, 0.8472685, 1
0.7985137, 0.496907, 0.3905937, 1
0.4240349, 0.4931476, 0.7331657, 1
0.6400106, 0.4874878, 0.7048597, 1
0.5800611, 0.4862743, 0.5327489, 1
0.6037172, 0.3916892, 0.2360692, 1
0.8646203, 0.5354437, 0.5485549, 1
0.4841373, 0.3448763, 0.1297998, 1
0.8652692, 0.4630678, 0.329574, 1
0.2032694, 0.4199862, 0.4506638, 1
0.6610218, 0.4716318, 0.4744756, 1
0.27749, 0.4498066, 0.5625457, 1
0.6335074, 0.4739783, 0.4178472, 1
0.3251851, 0.3573767, 0.2135813, 1
0.3609249, 0.505254, 0.7315083, 1
0.4072234, 0.3851928, 0.2364892, 1
0.4422654, 0.5333852, 0.7578875, 1
0.572188, 0.4147852, 0.1785158, 1
0.6103484, 0.3945097, 0.2341384, 1
0.5805058, 0.4613671, 0.5468156, 1
0.5716876, 0.4002982, 0.3271456, 1
0.3186329, 0.3997078, 0.2334342, 1
0.1716415, 0.4875275, 0.6708198, 1
0.3732168, 0.4162682, 0.2226287, 1
0.3595581, 0.5158359, 0.8009496, 1
0.3204592, 0.5167132, 0.735831, 1
0.3363603, 0.4295793, 0.2700924, 1
0.8534518, 0.4583582, 0.313733, 1
0.325186, 0.5192966, 0.8159466, 1
0.6260872, 0.4677286, 0.3478026, 1
0.4678807, 0.4723223, 0.5138503, 1
0.4593423, 0.4749292, 0.6508198, 1
0.4609266, 0.4463728, 0.3337993, 1
0.3422889, 0.511063, 0.6807265, 1
0.7443842, 0.4989114, 0.4175846, 1
0.1896156, 0.4707434, 0.565851, 1
0.5337985, 0.5155213, 0.8607451, 1
0.6807182, 0.4921786, 0.5216421, 1
0.7023665, 0.4218416, 0.3004851, 1
0.7354056, 0.4413215, 0.19407, 1
0.670188, 0.5139275, 0.7960981, 1
0.2671553, 0.4312976, 0.371969, 1
0.7391619, 0.4957225, 0.5222538, 1
0.2596644, 0.4699585, 0.7949255, 1
0.3001431, 0.4625597, 0.6829045, 1
0.8447034, 0.4952723, 0.4820482, 1
0.6887912, 0.4117727, 0.3067075, 1
0.4465126, 0.4408692, 0.2940189, 1
0.7100805, 0.4747499, 0.3690885, 1
0.5083008, 0.401291, 0.192651, 1
0.185258, 0.4858454, 0.6426815, 1
0.7674188, 0.5545385, 0.7236986, 1
0.2104796, 0.4130871, 0.3620917, 1
0.5788628, 0.5189022, 0.8302754, 1
0.5505475, 0.4541385, 0.6502347, 1
0.7897744, 0.462852, 0.5538712, 1
0.48696, 0.4031085, 0.4039222, 1
0.5702665, 0.5130916, 0.7714693, 1
0.3186106, 0.3797198, 0.3266853, 1
0.795064, 0.410216, 0.2935171, 1
0.7634929, 0.5208821, 0.7117701, 1
0.7037351, 0.5252115, 0.5666596, 1
0.3890889, 0.5252525, 0.7702605, 1
0.8279713, 0.5325611, 0.7175136, 1
0.5519991, 0.408447, 0.3665044, 1
0.7306017, 0.5089558, 0.5307934, 1
0.5047363, 0.4041655, 0.2005553, 1
0.5608543, 0.3869997, 0.155163, 1
0.3664965, 0.4994822, 0.6533384, 1
0.7124709, 0.4164708, 0.2296256, 1
0.1500353, 0.442888, 0.4785356, 1
0.4682457, 0.4841777, 0.713248, 1
0.6961207, 0.563978, 0.8015806, 1
0.561267, 0.5130748, 0.828168, 1
0.1893233, 0.4767128, 0.7361497, 1
0.222163, 0.4466432, 0.5373496, 1
0.2193932, 0.4245783, 0.5928034, 1
0.3320784, 0.4880806, 0.6074284, 1
0.7058122, 0.5665923, 0.7838056, 1
0.2210383, 0.4771507, 0.5765395, 1
0.3577678, 0.4761823, 0.80663, 1
0.2404385, 0.4325216, 0.6019408, 1
0.5551173, 0.5218385, 0.8521032, 1
0.4573807, 0.5427787, 0.7868907, 1
0.329733, 0.3828753, 0.1672872, 1
0.7090379, 0.4607691, 0.3978497, 1
0.8698073, 0.5277906, 0.5726234, 1
0.5073988, 0.4068714, 0.2107876, 1
0.6531706, 0.5084915, 0.8452623, 1
0.1340062, 0.4584284, 0.6360127, 1
0.5525116, 0.4971022, 0.6882882, 1
0.3192087, 0.4352395, 0.4406918, 1
0.8070084, 0.5556967, 0.7397262, 1
0.3493058, 0.4351371, 0.2908796, 1
0.2311535, 0.5056263, 0.7912046, 1
0.7109393, 0.4568228, 0.4121804, 1
0.4938728, 0.528669, 0.7668117, 1
0.7944977, 0.5636819, 0.7339279, 1
0.7259309, 0.4469984, 0.3395266, 1
0.3168306, 0.4120062, 0.2400563, 1
0.554574, 0.5054371, 0.5624281, 1
0.751211, 0.3990043, 0.2363, 1
0.7395853, 0.4409595, 0.3975377, 1
0.4118379, 0.5052819, 0.7843313, 1
0.2441992, 0.4744135, 0.6907846, 1
0.3361355, 0.5094643, 0.7575149, 1
0.1555391, 0.4526107, 0.6756442, 1
0.625716, 0.421134, 0.2797814, 1
0.7345132, 0.4324948, 0.3552803, 1
0.3697284, 0.4114831, 0.5033645, 1
0.7049479, 0.4752345, 0.5142027, 1
0.7931392, 0.4712144, 0.3035799, 1
0.8578828, 0.5128595, 0.5666006, 1
0.2623675, 0.4183563, 0.5562263, 1
0.1468161, 0.4131384, 0.4373773, 1
0.4895404, 0.5282136, 0.7247581, 1
0.697262, 0.5484412, 0.7910206, 1
0.3746474, 0.3406903, 0.1528642, 1
0.6285545, 0.5194633, 0.8347031, 1
0.7819343, 0.5317846, 0.6940611, 1
0.7721286, 0.4095863, 0.307538, 1
0.7785144, 0.4498354, 0.2665098, 1
0.4611832, 0.4770749, 0.736752, 1
0.4706669, 0.4834307, 0.7491046, 1
0.4100398, 0.4885747, 0.7468143, 1
0.6534783, 0.5134473, 0.8282436, 1
0.373808, 0.437372, 0.3616977, 1
0.2934324, 0.3716207, 0.2061318, 1
0.3195164, 0.3559325, 0.2215597, 1
0.8133975, 0.4312125, 0.3870074, 1
0.2017723, 0.4023469, 0.385856, 1
0.5451077, 0.4647292, 0.5306091, 1
0.6154939, 0.5102121, 0.7263414, 1
0.1538688, 0.4481691, 0.5714788, 1
0.2523969, 0.4063634, 0.3160129, 1
0.6211089, 0.4338659, 0.1875139, 1
0.3439097, 0.4162132, 0.4618227, 1
0.6898838, 0.3857167, 0.172555, 1
0.5068147, 0.4421455, 0.4830111, 1
0.5483704, 0.434719, 0.458897, 1
0.3040437, 0.4505148, 0.5004736, 1
0.4251339, 0.3696272, 0.2753933, 1
0.7939076, 0.5093952, 0.6665537, 1
0.5844536, 0.3867736, 0.2922882, 1
0.8510169, 0.4894199, 0.4149635, 1
0.3401351, 0.3945637, 0.4592923, 1
0.6881971, 0.4639419, 0.3644948, 1
0.5755293, 0.5097387, 0.8498904, 1
0.417962, 0.4721719, 0.5219238, 1
0.849457, 0.4416895, 0.3281146, 1
0.5536856, 0.3943942, 0.3120309, 1
0.3873511, 0.4783089, 0.5357751, 1
0.3981773, 0.3817204, 0.2721971, 1
0.3645562, 0.3890929, 0.1724382, 1
0.8709282, 0.495828, 0.5217834, 1
0.821275, 0.4535185, 0.4296016, 1
0.8359523, 0.530606, 0.6779149, 1
0.6904368, 0.405569, 0.1611459, 1
0.1851887, 0.4628453, 0.7291784, 1
0.6398435, 0.447424, 0.2024094, 1
0.8215438, 0.4343819, 0.3987513, 1
0.6503764, 0.4239794, 0.4336931, 1
0.4989253, 0.4675957, 0.5893818, 1
0.7485635, 0.5492782, 0.7698971, 1
0.8258916, 0.4577782, 0.2415167, 1
0.2045225, 0.4192651, 0.3211263, 1
0.3966334, 0.3708984, 0.1852313, 1
0.6987284, 0.5127577, 0.7722545, 1
0.5313291, 0.3688781, 0.1784786, 1
0.8178559, 0.4577407, 0.4007536, 1
0.4493122, 0.4857121, 0.5859104, 1
0.7217904, 0.4673018, 0.3052624, 1
0.6873394, 0.5387505, 0.7108414, 1
0.5921518, 0.4954407, 0.4964715, 1
0.693161, 0.5264536, 0.7936506, 1
0.3512065, 0.4845849, 0.5687607, 1
0.8984886, 0.4718562, 0.5270028, 1
0.4711957, 0.4952915, 0.8757851, 1
0.508526, 0.4374426, 0.3081964, 1
0.1802895, 0.5016168, 0.7237874, 1
0.6509101, 0.3959957, 0.2998912, 1
0.4336704, 0.4940763, 0.5611473, 1
0.5449703, 0.4267548, 0.1937482, 1
0.5285844, 0.4331321, 0.2595665, 1
0.2721487, 0.4643279, 0.6900967, 1
0.6603339, 0.4542829, 0.4623171, 1
0.3808783, 0.3592986, 0.1376566, 1
0.2516885, 0.3909385, 0.2363424, 1
0.7206261, 0.4561773, 0.5565156, 1
0.5974363, 0.4064859, 0.1122579, 1
0.2736291, 0.4330125, 0.6903421, 1
0.2041602, 0.4146971, 0.3644597, 1
0.3589787, 0.3971488, 0.4579083, 1
0.4700748, 0.3727819, 0.1237474, 1
0.1714829, 0.4904961, 0.7193868, 1
0.1388541, 0.4001107, 0.5515371, 1
0.5058126, 0.4905008, 0.5691385, 1
0.1559608, 0.4527827, 0.6732738, 1
0.552366, 0.5053399, 0.5510418, 1
0.4881143, 0.4934858, 0.5938583, 1
0.1967496, 0.4377288, 0.6973386, 1
0.3458797, 0.4016708, 0.4198237, 1
0.8300825, 0.4792994, 0.5893209, 1
0.8097278, 0.5568687, 0.7032393, 1
0.8128135, 0.5130966, 0.715784, 1
0.2569337, 0.4795425, 0.5682009, 1
0.3906069, 0.4583479, 0.6732834, 1
0.3974549, 0.5181205, 0.7702351, 1
0.1874148, 0.4322719, 0.5066433, 1
0.4324651, 0.4930613, 0.7799389, 1
0.8304589, 0.4994244, 0.6262627, 1
0.5692314, 0.5030074, 0.6912461, 1
0.2863809, 0.4881391, 0.7839429, 1
0.1201058, 0.4026873, 0.5009032, 1
0.3836986, 0.4967566, 0.6529698, 1
0.4658558, 0.5093887, 0.7076869, 1
0.7721979, 0.4603721, 0.2597134, 1
0.3535202, 0.4737457, 0.8443195, 1
0.745524, 0.468348, 0.3894916, 1
0.2790205, 0.4501763, 0.7129747, 1
0.4763767, 0.4347676, 0.2819502, 1
0.3207007, 0.4521198, 0.3917257, 1
0.6212437, 0.4803997, 0.4179873, 1
0.7693904, 0.5382236, 0.7872212, 1
0.4240584, 0.3544516, 0.1643769, 1
0.5837003, 0.4487748, 0.2508869, 1
0.1773817, 0.4405415, 0.5329445, 1
0.5555413, 0.4269611, 0.3306192, 1
0.7445677, 0.4155135, 0.1992161, 1
0.8134321, 0.4813065, 0.3084563, 1
0.3678353, 0.3576567, 0.1464323, 1
0.8044437, 0.4156741, 0.2767524, 1
0.7188497, 0.4936607, 0.5909978, 1
0.6980917, 0.4587299, 0.3102621, 1
0.1799667, 0.4315197, 0.5775471, 1
0.6439273, 0.4963544, 0.556241, 1
0.1713898, 0.4476226, 0.6022727, 1
0.5953335, 0.4410865, 0.4393981, 1
0.5526257, 0.4478152, 0.546909, 1
0.2782003, 0.4556202, 0.7082965, 1
0.5894457, 0.5009306, 0.8699419, 1
0.4258949, 0.4899541, 0.8527508, 1
0.8891202, 0.468633, 0.4504567, 1
0.8929626, 0.4995366, 0.5736125, 1
0.6832489, 0.5350274, 0.737449, 1
0.1392945, 0.3934023, 0.5580932, 1
0.8160922, 0.4873417, 0.5346328, 1
0.5598078, 0.4757854, 0.5853047, 1
0.5191755, 0.4971318, 0.7726428, 1
0.4660385, 0.443883, 0.3738118, 1
0.3380525, 0.4770103, 0.6488913, 1
0.7723368, 0.477826, 0.3429531, 1
0.7850102, 0.4155148, 0.2750281, 1
0.7562982, 0.4315979, 0.2242051, 1
0.4962344, 0.4471793, 0.6231483, 1
0.7206181, 0.4969398, 0.7545425, 1
0.5525184, 0.4763187, 0.6480811, 1
0.6953353, 0.4495626, 0.3694652, 1
0.6444968, 0.4970474, 0.6179162, 1
0.2850558, 0.3953523, 0.2385886, 1
0.3885621, 0.4107237, 0.2823613, 1
0.1836277, 0.4307472, 0.5212929, 1
0.7055489, 0.4829327, 0.3912074, 1
0.5644453, 0.4992142, 0.5585021, 1
0.6123837, 0.468406, 0.4477108, 1
0.354744, 0.4280202, 0.3926736, 1
0.6233776, 0.3993395, 0.1961071, 1
0.8270172, 0.4675324, 0.4627515, 1
0.2717038, 0.3908793, 0.4685832, 1
0.2917084, 0.4989328, 0.7469736, 1
0.8072339, 0.5261013, 0.6870405, 1
0.620851, 0.4392279, 0.5336878, 1
0.3982431, 0.4863248, 0.7652916, 1
0.4070951, 0.4618911, 0.7364558, 1
0.758965, 0.4415887, 0.4249623, 1
0.3870123, 0.3784568, 0.2037611, 1
0.7643045, 0.4437285, 0.2113331, 1
0.5201373, 0.413416, 0.3048306, 1
0.5798869, 0.5675933, 0.8770765, 1
0.7122154, 0.4583117, 0.3654663, 1
0.5071803, 0.4722444, 0.416187, 1
0.4090219, 0.4476775, 0.4701782, 1
0.7495822, 0.4639361, 0.4981608, 1
0.8272043, 0.4780381, 0.597591, 1
0.4079759, 0.5016407, 0.6661333, 1
0.3253434, 0.4019703, 0.2820224, 1
0.5788296, 0.3903069, 0.170736, 1
0.1147095, 0.3885424, 0.5210253, 1
0.281295, 0.4257099, 0.3812081, 1
0.4571356, 0.4355757, 0.44848, 1
0.387633, 0.3938436, 0.1988176, 1
0.4247109, 0.4723735, 0.4876042, 1
0.5157814, 0.5230381, 0.7319065, 1
0.4622621, 0.4770668, 0.5022419, 1
0.1225394, 0.4653836, 0.6242672, 1
0.5368651, 0.455497, 0.3582067, 1
0.6994241, 0.5020497, 0.549592, 1
0.5645216, 0.4626742, 0.6674263, 1
0.7293299, 0.5256375, 0.7308494, 1
0.4767858, 0.3636037, 0.1208651, 1
0.5934396, 0.4437102, 0.5672898, 1
0.5122096, 0.4463249, 0.2751297, 1
0.3251204, 0.4347044, 0.3690544, 1
0.3254423, 0.4125381, 0.4188284, 1
0.2717953, 0.4372712, 0.4490231, 1
0.5954942, 0.4485757, 0.3511823, 1
0.5579833, 0.5111541, 0.8029356, 1
0.6411779, 0.5168688, 0.576061, 1
0.2639838, 0.4305668, 0.570311, 1
0.1944612, 0.4444167, 0.6935497, 1
0.8816956, 0.4805977, 0.547827, 1
0.2933082, 0.4621484, 0.4849425, 1
0.2948928, 0.4831142, 0.8156098, 1
0.7651678, 0.4775076, 0.5555595, 1
0.8181349, 0.507668, 0.5658876, 1
0.6630126, 0.4830922, 0.4207543, 1
0.7346989, 0.463981, 0.345203, 1
0.6398799, 0.4366291, 0.1440432, 1
0.3642295, 0.4005292, 0.1372122, 1
0.4900299, 0.3857963, 0.1371935, 1
0.8124069, 0.4421297, 0.3029861, 1
0.3963973, 0.367103, 0.2271697, 1
0.6628165, 0.4693126, 0.5224729, 1
0.4346495, 0.4420739, 0.6017343, 1
0.6290355, 0.4486817, 0.2130229, 1
0.170886, 0.3783864, 0.4080243, 1
0.7425538, 0.5168919, 0.7505222, 1
0.7040119, 0.5106391, 0.7776744, 1
0.6531682, 0.4853421, 0.5087566, 1
0.7338364, 0.4913508, 0.4369298, 1
0.6916997, 0.4530609, 0.2239252, 1
0.8402398, 0.4577392, 0.3606701, 1
0.6860679, 0.4814702, 0.4353891, 1
0.2103548, 0.4676539, 0.7724997, 1
0.6049338, 0.4809856, 0.5826051, 1
0.637309, 0.5283528, 0.6270268, 1
0.7990735, 0.4841865, 0.4282567, 1
0.4184825, 0.4432193, 0.4792756, 1
0.5561043, 0.4736322, 0.4150777, 1
0.7228695, 0.4576877, 0.3735445, 1
0.4470586, 0.4611927, 0.4647578, 1
0.7255809, 0.3957931, 0.2427609, 1
0.3089156, 0.5110457, 0.734046, 1
0.8489806, 0.4975348, 0.5788099, 1
0.5108192, 0.445947, 0.3526637, 1
0.6224228, 0.4308223, 0.1929573, 1
0.3649321, 0.3893447, 0.232599, 1
0.7550766, 0.4623962, 0.5309224, 1
0.6114817, 0.3785579, 0.2248204, 1
0.4099293, 0.4000761, 0.3207808, 1
0.3702763, 0.4660338, 0.5981027, 1
0.7840505, 0.4569285, 0.3793327, 1
0.4538562, 0.4802638, 0.7875874, 1
0.8204191, 0.4501649, 0.2276665, 1
0.7556, 0.465142, 0.6017248, 1
0.6927122, 0.5074733, 0.7080339, 1
0.4309992, 0.464004, 0.4382517, 1
0.5301808, 0.4770986, 0.4741588, 1
0.659332, 0.4906048, 0.7248378, 1
0.3688, 0.4514832, 0.4756857, 1
0.6121367, 0.420177, 0.3513659, 1
0.1079888, 0.4363374, 0.4201889, 1
0.447919, 0.4015998, 0.2393646, 1
0.2737404, 0.4691088, 0.7898301, 1
0.2630149, 0.4383563, 0.7123212, 1
0.2185563, 0.4126549, 0.2802506, 1
0.3598162, 0.4862541, 0.6568465, 1
0.2682375, 0.4668599, 0.6770251, 1
0.4703766, 0.5113569, 0.7348343, 1
0.8768896, 0.4950328, 0.5499378, 1
0.3947054, 0.4197387, 0.3818727, 1
0.5764915, 0.437243, 0.4614675, 1
0.5376723, 0.4469603, 0.4830621, 1
0.244672, 0.362898, 0.2270619, 1
0.3337015, 0.5018763, 0.6899328, 1
0.3066673, 0.4655128, 0.5978826, 1
0.3715724, 0.4178818, 0.3045281, 1
0.1748197, 0.4829445, 0.6954946, 1
0.4910228, 0.4910124, 0.552486, 1
0.7232146, 0.4922021, 0.5308176, 1
0.8517734, 0.5554124, 0.6678089, 1
0.7945249, 0.5039374, 0.5886564, 1
0.1489136, 0.4458711, 0.5875888, 1
0.3745767, 0.5134113, 0.8425226, 1
0.8500784, 0.4285058, 0.3064707, 1
0.5481109, 0.4648971, 0.4778092, 1
0.8050241, 0.5391653, 0.6244993, 1
0.7692608, 0.5055774, 0.5859181, 1
0.6438392, 0.4437784, 0.2946934, 1
0.2909879, 0.422087, 0.262288, 1
0.2177586, 0.4225095, 0.6060746, 1
0.4662082, 0.5054014, 0.6563773, 1
0.3996231, 0.4947467, 0.7551072, 1
0.6537451, 0.5114645, 0.8562893, 1
0.273477, 0.4126491, 0.4108008, 1
0.6081144, 0.4485821, 0.5757734, 1
0.6031523, 0.4799508, 0.6775237, 1
0.6744276, 0.4400109, 0.4749713, 1
0.8824294, 0.4725705, 0.4384359, 1
0.3733273, 0.4136032, 0.2083424, 1
0.6018982, 0.4075497, 0.1532247, 1
0.4162519, 0.4352555, 0.5200258, 1
0.1794669, 0.4278288, 0.5158087, 1
0.7505472, 0.5516046, 0.6948867, 1
0.2795081, 0.5030906, 0.7947369, 1
0.4299743, 0.3723326, 0.2259352, 1
0.6414801, 0.510748, 0.5650748, 1
0.2561869, 0.4228308, 0.3763747, 1
0.2523162, 0.4768848, 0.6077852, 1
0.8839253, 0.4687832, 0.4691296, 1
0.4738443, 0.4649214, 0.5014963, 1
0.6330353, 0.4709345, 0.443128, 1
0.7392569, 0.4005798, 0.242091, 1
0.8740692, 0.4578052, 0.407425, 1
0.600551, 0.4765202, 0.5877445, 1
0.8608868, 0.5298157, 0.5572466, 1
0.2333831, 0.3909482, 0.2261017, 1
0.4736196, 0.4744511, 0.5148857, 1
0.7952267, 0.4970457, 0.5103688, 1
0.3271124, 0.4387258, 0.4217584, 1
0.5324438, 0.4917753, 0.7896825, 1
0.4901885, 0.3935263, 0.3223811, 1
0.5659103, 0.4830394, 0.685394, 1
0.2321985, 0.3948287, 0.4498879, 1
0.3885331, 0.4881042, 0.6704223, 1
0.3865146, 0.4675773, 0.675181, 1
0.4487111, 0.4625921, 0.6046655, 1
0.3451241, 0.4718703, 0.734189, 1
0.1555329, 0.4024283, 0.3970543, 1
0.8659401, 0.4758291, 0.4246097, 1
0.6635238, 0.4803697, 0.4979806, 1
0.5347127, 0.4112006, 0.3916382, 1
0.8449359, 0.4211235, 0.2973263, 1
0.7860382, 0.5222613, 0.7647899, 1
0.6665365, 0.5187705, 0.78943, 1
0.6177247, 0.4794865, 0.3877783, 1
0.3164044, 0.3788614, 0.319519, 1
0.7971576, 0.4523335, 0.2669501, 1
0.2226835, 0.5011615, 0.7012532, 1
0.3696072, 0.4514343, 0.7271791, 1
0.6979879, 0.4756176, 0.6374698, 1
0.3091521, 0.4018391, 0.2149097, 1
0.3426311, 0.4155009, 0.4670764, 1
0.6359575, 0.549911, 0.8485775, 1
0.6433649, 0.5060571, 0.5442366, 1
0.7488224, 0.4911759, 0.6520668, 1
0.5351483, 0.4511209, 0.5913455, 1
0.1737724, 0.4040816, 0.5144441, 1
0.3450508, 0.4192174, 0.2925725, 1
0.456406, 0.3835544, 0.11611, 1
0.3008554, 0.3851713, 0.2361667, 1
0.3227589, 0.335776, 0.1670674, 1
0.4053793, 0.52812, 0.8043302, 1
0.5730781, 0.3993693, 0.3155067, 1
0.5259913, 0.4381093, 0.5644526, 1
0.4580814, 0.4334245, 0.5931665, 1
0.7590549, 0.5536094, 0.681096, 1
0.7853627, 0.4673772, 0.5875807, 1
0.2193895, 0.4320723, 0.3723741, 1
0.7681852, 0.5304937, 0.7439159, 1
0.4469194, 0.4985702, 0.7141367, 1
0.201409, 0.4286509, 0.6169164, 1
0.6396703, 0.424226, 0.2026661, 1
0.6566393, 0.519103, 0.5729563, 1
0.667091, 0.470515, 0.6266989, 1
0.1553972, 0.4472969, 0.6128448, 1
0.8371544, 0.4638469, 0.5041957, 1
0.2225485, 0.3567363, 0.2821868, 1
0.4687218, 0.398772, 0.1772871, 1
0.5524678, 0.3514578, 0.1145486, 1
0.7273449, 0.4488643, 0.3426286, 1
0.5009364, 0.5077378, 0.6671714, 1
0.3245399, 0.4424391, 0.5898104, 1
0.2757445, 0.3398741, 0.1998935, 1
0.6437003, 0.4873665, 0.5132409, 1
0.4117492, 0.4241322, 0.5626005, 1
0.4754356, 0.4243542, 0.2683028, 1
0.3145421, 0.4285712, 0.587168, 1
0.5057231, 0.4316568, 0.3247517, 1
0.1476383, 0.4211471, 0.6640812, 1
0.5769166, 0.3875433, 0.1326238, 1
0.48805, 0.4097032, 0.2397409, 1
0.5716797, 0.4104773, 0.1579975, 1
0.4370182, 0.3722224, 0.2124108, 1
0.5255499, 0.5106125, 0.7412328, 1
0.6119742, 0.4552487, 0.2767876, 1
0.4574262, 0.4869152, 0.51033, 1
0.3254719, 0.5079836, 0.7664018, 1
0.6502303, 0.4806655, 0.5716805, 1
0.7092318, 0.4292204, 0.4159284, 1
0.7077934, 0.5051045, 0.8013393, 1
0.2294902, 0.4274683, 0.4149011, 1
0.2551292, 0.4822465, 0.6776083, 1
0.3162765, 0.4906903, 0.7408529, 1
0.392782, 0.3928815, 0.4064934, 1
0.4925164, 0.4433086, 0.4202078, 1
0.4604638, 0.4418886, 0.5231032, 1
0.6218163, 0.5519729, 0.7574179, 1
0.1314882, 0.4519897, 0.4910559, 1
0.5932503, 0.4855778, 0.7573946, 1
0.3644487, 0.4359874, 0.4953482, 1
0.4386337, 0.4861484, 0.5974659, 1
0.7224688, 0.5172313, 0.6560566, 1
0.54816, 0.5549886, 0.843111, 1
0.5543841, 0.4429374, 0.3367991, 1
0.6376558, 0.4177816, 0.2573955, 1
0.3995167, 0.5255031, 0.8383892, 1
0.7379931, 0.4763784, 0.3798177, 1
0.6289353, 0.5269065, 0.8419793, 1
0.4933748, 0.4382127, 0.3236487, 1
0.6885501, 0.4465205, 0.2937927, 1
0.7479799, 0.4519635, 0.5341978, 1
0.5154283, 0.3821521, 0.2231167, 1
0.3401279, 0.4206646, 0.5191939, 1
0.4429823, 0.524541, 0.7176696, 1
0.4528977, 0.4482521, 0.5113017, 1
0.697569, 0.5103962, 0.8048895, 1
0.5985848, 0.5432141, 0.8228323, 1
0.4605774, 0.4019887, 0.2773047, 1
0.542217, 0.444594, 0.442339, 1
0.1532024, 0.4529739, 0.6431527, 1
0.2003086, 0.4281372, 0.3806083, 1
0.2204304, 0.4103915, 0.4051352, 1
0.8450661, 0.4832652, 0.3991632, 1
0.3144297, 0.4861971, 0.6340983, 1
0.7365816, 0.4342247, 0.1782677, 1
0.761467, 0.4609359, 0.5704652, 1
0.7972775, 0.5066457, 0.5007368, 1
0.2315441, 0.4673193, 0.7039645, 1
0.7738874, 0.4684649, 0.3832932, 1
0.4847185, 0.4580386, 0.4272441, 1
0.1657837, 0.4455469, 0.6700366, 1
0.5925375, 0.4314935, 0.3959841, 1
0.8091511, 0.4784433, 0.5993407, 1
0.2809319, 0.4293812, 0.5877253, 1
0.4895402, 0.4755628, 0.6680548, 1
0.7729183, 0.4802824, 0.3202828, 1
0.7659369, 0.504569, 0.7633621, 1
0.4040933, 0.4975143, 0.7228037, 1
0.1273063, 0.468998, 0.6133781, 1
0.2982851, 0.4751081, 0.6169373, 1
0.7187606, 0.4152208, 0.2878993, 1
0.3090819, 0.4036931, 0.4961522, 1
0.2403504, 0.4073361, 0.324139, 1
0.4065772, 0.5008011, 0.7480502, 1
0.4240877, 0.3858397, 0.3394218, 1
0.4419315, 0.4802253, 0.6910383, 1
0.756424, 0.488275, 0.7056237, 1
0.6826065, 0.3869933, 0.2100516, 1
0.2232258, 0.4220223, 0.4410248, 1
0.6104427, 0.3666423, 0.1475725, 1
0.7330355, 0.4577168, 0.5628299, 1
0.4118149, 0.517271, 0.859515, 1
0.8007324, 0.4913963, 0.3456587, 1
0.6734341, 0.4592974, 0.3442655, 1
0.5922034, 0.5243134, 0.7047245, 1
0.4057446, 0.4525117, 0.5155385, 1
0.5110826, 0.44361, 0.5700245, 1
0.4040746, 0.3913911, 0.1348985, 1
0.3589331, 0.4393789, 0.5123796, 1
0.4526047, 0.4319826, 0.2411371, 1
0.8032221, 0.5223624, 0.5087779, 1
0.8965724, 0.5109983, 0.5198257, 1
0.2430158, 0.5044032, 0.7984399, 1
0.8256761, 0.4328974, 0.2923754, 1
0.7535973, 0.5011069, 0.6636532, 1
0.6035925, 0.5176462, 0.6241326, 1
0.5887767, 0.4558393, 0.6438006, 1
0.4451624, 0.4673617, 0.5538719, 1
0.1919471, 0.391822, 0.2901301, 1
0.8189991, 0.5097296, 0.7382252, 1
0.6806275, 0.4498333, 0.5057765, 1
0.4609601, 0.4025981, 0.1776767, 1
0.697736, 0.53772, 0.7912382, 1
0.3717313, 0.470646, 0.829405, 1
0.6818895, 0.4867912, 0.585374, 1
0.4368785, 0.4505811, 0.6017718, 1
--COLORS--
0.7560153, 0.4696209, 0.09996016, 1
1, 1, 1, 1
