0.3916339, 0.1859144, 0.3757515, 0
0.3542427, 0.1723673, 0.3831208, 0
0.7439736, 0.5971982, 0.7530743, 0
0.7148461, 0.5083829, 0.6190636, 0
0.7812088, 0.5486437, 0.7247558, 0
0.5616904, 0.3480226, 0.5196594, 0
0.4796638, 0.3152832, 0.4541054, 0
0.7065873, 0.5217822, 0.6940457, 0
0.5835249, 0.3855803, 0.5315899, 0
0.7410328, 0.5774249, 0.726137, 0
0.6594506, 0.4256471, 0.5189509, 0
0.5715618, 0.3366586, 0.4568149, 0
0.7397739, 0.5211264, 0.6517715, 0
0.4209351, 0.2067522, 0.3489645, 0
0.7265262, 0.5496714, 0.6896313, 0
0.30244, 0.1689904, 0.3101738, 0
0.3573931, 0.1890473, 0.3849838, 0
0.3466116, 0.1656008, 0.336097, 0
0.6961882, 0.4716524, 0.546949, 0
0.6328483, 0.4725775, 0.5532839, 0
0.6336266, 0.4471339, 0.5369473, 0
0.6071337, 0.4303518, 0.5038021, 0
0.3716155, 0.1545083, 0.342926, 0
0.5764656, 0.3374786, 0.5199386, 0
0.7695976, 0.5741394, 0.7515638, 0
0.440671, 0.2481538, 0.425174, 0
0.5269039, 0.357914, 0.4972565, 0
0.7365071, 0.5303683, 0.614428, 0
0.5316916, 0.3674773, 0.4926058, 0
0.8012502, 0.586879, 0.7364303, 0
0.6589555, 0.4736232, 0.5712424, 0
0.6744006, 0.4132233, 0.5312409, 0
0.456046, 0.2802296, 0.4484799, 0
0.5070359, 0.2632963, 0.4287199, 0
0.6392562, 0.4282994, 0.5459843, 0
0.7442978, 0.4938194, 0.6135204, 0
0.7762408, 0.5448142, 0.6816967, 0
0.7374833, 0.5758479, 0.7481506, 0
0.695543, 0.4209927, 0.5536107, 0
0.4810228, 0.3187529, 0.4263338, 0
0.3377546, 0.1689367, 0.2753368, 0
0.6405306, 0.4857157, 0.5472067, 0
0.4455421, 0.2200515, 0.4197035, 0
0.7062961, 0.4717832, 0.5715896, 0
0.7713298, 0.5370813, 0.6854149, 0
0.3787145, 0.2150973, 0.383929, 0
0.3794622, 0.2311836, 0.3628142, 0
0.6875495, 0.5052175, 0.5675156, 0
0.6133526, 0.4174848, 0.5396738, 0
0.3720157, 0.1700826, 0.3432853, 0
0.6915072, 0.4532022, 0.5743283, 0
0.7404143, 0.5278713, 0.674885, 0
0.3412573, 0.1938748, 0.3629979, 0
0.630723, 0.4169497, 0.5218511, 0
0.3481205, 0.1075126, 0.313923, 0
0.7351814, 0.5253855, 0.692448, 0
0.6778105, 0.5136264, 0.6295896, 0
0.5166237, 0.2711328, 0.4509045, 0
0.5087289, 0.28373, 0.4201367, 0
0.3424228, 0.1929102, 0.3075091, 0
0.709559, 0.5672055, 0.6364195, 0
0.7349525, 0.6253707, 0.7198871, 0
0.4493678, 0.2819906, 0.429395, 0
0.3598458, 0.2401462, 0.3462995, 0
0.7419645, 0.5044186, 0.615345, 0
0.3058947, 0.1237044, 0.3208571, 0
0.3895309, 0.2760471, 0.3698446, 0
0.5840037, 0.4005583, 0.5134699, 0
0.6709571, 0.4526442, 0.5935276, 0
0.5825384, 0.3938004, 0.5492464, 0
0.5016346, 0.2699729, 0.4223398, 0
0.7606558, 0.6005561, 0.7682221, 0
0.4468289, 0.2744085, 0.451422, 0
0.4572633, 0.335714, 0.4414294, 0
0.6913074, 0.4644139, 0.6074522, 0
0.5697411, 0.3751472, 0.4646471, 0
0.774317, 0.5454311, 0.7024046, 0
0.566271, 0.2979087, 0.4753633, 0
0.7595274, 0.5548724, 0.6927907, 0
0.6009878, 0.3994544, 0.5393029, 0
0.6767335, 0.4042757, 0.5699821, 0
0.5559161, 0.3083244, 0.4684794, 0
0.592288, 0.3807797, 0.5390297, 0
0.5875816, 0.3174484, 0.4837803, 0
0.7732535, 0.5781451, 0.7579675, 0
0.5776992, 0.376212, 0.4753098, 0
0.4387377, 0.2148378, 0.3841591, 0
0.3918796, 0.2282395, 0.4101197, 0
0.4140719, 0.1789283, 0.3618768, 0
0.6064346, 0.407178, 0.5598468, 0
0.4630908, 0.3371253, 0.4171752, 0
0.7288139, 0.4651316, 0.5818888, 0
0.6786178, 0.4338703, 0.5938587, 0
0.720158, 0.5817322, 0.7139381, 0
0.586866, 0.3562628, 0.4729106, 0
0.5481296, 0.3184351, 0.4441988, 0
0.3458231, 0.1379074, 0.3105374, 0
0.360507, 0.1743168, 0.3457448, 0
0.4884212, 0.3291258, 0.433318, 0
0.6633193, 0.4651137, 0.6175422, 0
0.3306268, 0.1604751, 0.2746957, 0
0.6076207, 0.455842, 0.5273729, 0
0.7134765, 0.5054722, 0.6033774, 0
0.3238928, 0.1946393, 0.341693, 0
0.6740844, 0.4393113, 0.5524203, 0
0.7335101, 0.587834, 0.7141219, 0
0.69921, 0.5120947, 0.6743718, 0
0.6002088, 0.3618891, 0.5365884, 0
0.5694074, 0.3453881, 0.4543273, 0
0.3624175, 0.2249665, 0.3257571, 0
0.7027519, 0.5618676, 0.6648014, 0
0.7142936, 0.527792, 0.7092376, 0
0.5621363, 0.2998888, 0.4519619, 0
0.3918051, 0.1892064, 0.3612604, 0
0.7253516, 0.594443, 0.6760831, 0
0.7484286, 0.5578104, 0.6617375, 0
0.7043507, 0.5361406, 0.6739113, 0
0.7323855, 0.5937891, 0.7036203, 0
0.6661003, 0.5176586, 0.6198602, 0
0.4371612, 0.2683559, 0.3881831, 0
0.3115574, 0.2071508, 0.3264001, 0
0.7367179, 0.5171925, 0.6985631, 0
0.7267387, 0.464763, 0.6077833, 0
0.5585083, 0.3322652, 0.502066, 0
0.6249288, 0.41097, 0.5434881, 0
0.5398237, 0.3465442, 0.4515445, 0
0.7248203, 0.4779809, 0.6086314, 0
0.6145278, 0.3874336, 0.49683, 0
0.4025327, 0.2630187, 0.4031779, 0
0.5645303, 0.3310531, 0.5202308, 0
0.7109255, 0.5577341, 0.7173826, 0
0.4834471, 0.3036675, 0.4090657, 0
0.4320181, 0.2056811, 0.3985798, 0
0.530863, 0.3410962, 0.4368528, 0
0.4116836, 0.2118987, 0.3874612, 0
0.7148101, 0.4930995, 0.611101, 0
0.7149547, 0.5172072, 0.7047212, 0
0.6622266, 0.4354352, 0.5585389, 0
0.7104642, 0.5334446, 0.6852945, 0
0.3282245, 0.1136032, 0.344562, 0
0.5449798, 0.3773477, 0.4862245, 0
0.3687964, 0.2421298, 0.3698979, 0
0.3361419, 0.1689691, 0.3130394, 0
0.6794119, 0.4878552, 0.626184, 0
0.7081904, 0.5085789, 0.5744773, 0
0.4176181, 0.2678262, 0.4311571, 0
0.4926696, 0.3303764, 0.4117836, 0
0.6829574, 0.42814, 0.5423005, 0
0.656689, 0.4864492, 0.6133579, 0
0.7348198, 0.5687655, 0.7163044, 0
0.4155197, 0.2497341, 0.405431, 0
0.7015859, 0.5615909, 0.6588925, 0
0.6349502, 0.3726762, 0.4881566, 0
0.4822242, 0.3406578, 0.4263533, 0
0.6600398, 0.4850657, 0.5562651, 0
0.3443302, 0.1613915, 0.2829122, 0
0.7517666, 0.5191016, 0.6185117, 0
0.4444842, 0.2098516, 0.4081007, 0
0.3461917, 0.1655747, 0.31457, 0
0.699693, 0.4634535, 0.6289886, 0
0.5831798, 0.3523049, 0.4819567, 0
0.6672503, 0.4627614, 0.5590171, 0
0.7071432, 0.4921231, 0.6347457, 0
0.5412684, 0.328341, 0.5099284, 0
0.4831614, 0.2921245, 0.4283859, 0
0.4005475, 0.2299361, 0.380091, 0
0.6436125, 0.4789097, 0.5808049, 0
0.7400395, 0.597799, 0.7747046, 0
0.5271738, 0.3449606, 0.4485011, 0
0.8050116, 0.5980294, 0.7262869, 0
0.6911697, 0.4798603, 0.6533868, 0
0.4464417, 0.2805111, 0.4437341, 0
0.6765792, 0.4003759, 0.5255402, 0
0.6426341, 0.42742, 0.5213827, 0
0.4430268, 0.2057043, 0.3945003, 0
0.6790665, 0.4155664, 0.5617233, 0
0.6512244, 0.4008692, 0.5217101, 0
0.6545214, 0.3816521, 0.5318263, 0
0.3618659, 0.1745778, 0.3240784, 0
0.3474681, 0.225154, 0.3546669, 0
0.603262, 0.3964724, 0.5455745, 0
0.4950258, 0.2995882, 0.4185057, 0
0.7000393, 0.5505163, 0.7039132, 0
0.7780418, 0.5593926, 0.6752053, 0
0.3639765, 0.1556188, 0.3388142, 0
0.6837513, 0.51803, 0.6091847, 0
0.7753219, 0.6061487, 0.7289398, 0
0.7649615, 0.5522651, 0.6888273, 0
0.6707011, 0.4608165, 0.6272066, 0
0.7237872, 0.5469145, 0.6581479, 0
0.7745584, 0.607158, 0.7339954, 0
0.7256379, 0.4775531, 0.5718192, 0
0.7586725, 0.6296816, 0.713992, 0
0.4486285, 0.2662072, 0.4321245, 0
0.4879898, 0.2937165, 0.4647529, 0
0.5757514, 0.3346382, 0.4892546, 0
0.370189, 0.2782677, 0.3907354, 0
0.6118962, 0.4236168, 0.5226681, 0
0.3382746, 0.1119516, 0.3402845, 0
0.3609966, 0.150712, 0.3557245, 0
0.6885996, 0.435205, 0.5327439, 0
0.6062163, 0.4328869, 0.5303425, 0
0.727098, 0.5206296, 0.6685811, 0
0.8008505, 0.594929, 0.7507404, 0
0.5606426, 0.3687751, 0.5092117, 0
0.40997, 0.2759605, 0.3677353, 0
0.7346638, 0.5600489, 0.7425004, 0
0.3701402, 0.2224218, 0.3411181, 0
0.7379775, 0.5682013, 0.6633521, 0
0.7276177, 0.6040214, 0.7178317, 0
0.6009473, 0.3989243, 0.5205359, 0
0.4193819, 0.2474484, 0.3641077, 0
0.4261807, 0.2354399, 0.3923363, 0
0.7526647, 0.5060107, 0.6525804, 0
0.5213336, 0.3099996, 0.476533, 0
0.7805445, 0.5543852, 0.7389366, 0
0.6033354, 0.4267771, 0.5467354, 0
0.4623282, 0.3106893, 0.4043654, 0
0.3449278, 0.1467846, 0.3455936, 0
0.6551219, 0.4318879, 0.5217385, 0
0.7733989, 0.549742, 0.7357151, 0
0.7273107, 0.4822399, 0.6333845, 0
0.3849385, 0.2471933, 0.3900017, 0
0.7278761, 0.4561207, 0.5922826, 0
0.5689512, 0.3699852, 0.467645, 0
0.4436709, 0.2955832, 0.3853579, 0
0.4399754, 0.2861653, 0.4030111, 0
0.6464405, 0.466887, 0.5585493, 0
0.3090799, 0.1445996, 0.3111826, 0
0.5418149, 0.3581582, 0.5180085, 0
0.4604854, 0.3325356, 0.4357723, 0
0.4894255, 0.2854006, 0.4525964, 0
0.4785102, 0.3335631, 0.4443951, 0
0.6931155, 0.5338852, 0.6713839, 0
0.5659042, 0.3480335, 0.4703503, 0
0.7645634, 0.5162893, 0.6546757, 0
0.5569203, 0.3510114, 0.4579466, 0
0.7223149, 0.499034, 0.6292021, 0
0.3413013, 0.1723789, 0.3075262, 0
0.5469497, 0.3000554, 0.4409885, 0
0.4638042, 0.3225245, 0.4024068, 0
0.3946593, 0.2504446, 0.3524741, 0
0.3668757, 0.2350278, 0.3336944, 0
0.6861929, 0.4628139, 0.5851886, 0
0.7039754, 0.542915, 0.7057339, 0
0.3392311, 0.1803189, 0.2965575, 0
0.6331245, 0.3709134, 0.5151257, 0
0.3680756, 0.1716822, 0.3397301, 0
0.6612651, 0.4001283, 0.5634394, 0
0.3560947, 0.1845038, 0.3587662, 0
0.4647455, 0.3056992, 0.4591139, 0
0.4174097, 0.1929614, 0.3476914, 0
0.5956538, 0.3721572, 0.4831324, 0
0.5881559, 0.3417627, 0.5240558, 0
0.7161686, 0.5069245, 0.5882037, 0
0.3695312, 0.1316661, 0.3426591, 0
0.6499216, 0.4150564, 0.5133727, 0
0.6052029, 0.3703181, 0.5101283, 0
0.4941889, 0.3346295, 0.4580861, 0
0.4613352, 0.2884, 0.4711666, 0
0.5996828, 0.3680356, 0.5358214, 0
0.6768848, 0.5032465, 0.579206, 0
0.8036408, 0.5764303, 0.7382864, 0
0.5023381, 0.2950309, 0.4157513, 0
0.4995391, 0.3190366, 0.4770548, 0
0.5578105, 0.4048992, 0.4906908, 0
0.7670633, 0.557547, 0.6481993, 0
0.4917068, 0.3233404, 0.4586935, 0
0.505053, 0.3627549, 0.4282908, 0
0.6108053, 0.3805097, 0.5334516, 0
0.6374983, 0.4792825, 0.5406855, 0
0.7673203, 0.5857827, 0.7396106, 0
0.4860901, 0.3336681, 0.4262164, 0
0.7849093, 0.6011661, 0.7516406, 0
0.4821321, 0.3245358, 0.4154778, 0
0.6679555, 0.4180276, 0.5184371, 0
0.7050332, 0.4965703, 0.6226794, 0
0.3540764, 0.2355694, 0.3353929, 0
0.3793088, 0.1938959, 0.3428579, 0
0.7468902, 0.4830077, 0.6323262, 0
0.6239911, 0.4481725, 0.5315621, 0
0.4519512, 0.2771626, 0.4476779, 0
0.5421814, 0.3409277, 0.4572471, 0
0.6665869, 0.4759361, 0.5491971, 0
0.7213244, 0.5653329, 0.6633156, 0
0.6086352, 0.3484721, 0.4771868, 0
0.7639067, 0.5922925, 0.6733657, 0
0.569545, 0.378614, 0.5323488, 0
0.4789871, 0.3216994, 0.4334875, 0
0.624785, 0.4250689, 0.5189453, 0
0.6312535, 0.3553143, 0.4995641, 0
0.5182266, 0.3536696, 0.4955417, 0
0.3192338, 0.1242526, 0.3529118, 0
0.7158013, 0.5452796, 0.6655447, 0
0.7676345, 0.541343, 0.6824765, 0
0.7022533, 0.5551675, 0.6640506, 0
0.5406488, 0.3680941, 0.4840661, 0
0.4989622, 0.3526827, 0.4333139, 0
0.742891, 0.5334082, 0.6784894, 0
0.7607539, 0.5834858, 0.7662802, 0
0.7437747, 0.5660814, 0.7431442, 0
0.7915516, 0.6171497, 0.7060661, 0
0.6979802, 0.519395, 0.5741193, 0
0.3723505, 0.2759325, 0.3707181, 0
0.6994334, 0.4726588, 0.6256832, 0
0.3743396, 0.1814018, 0.3386038, 0
0.3512859, 0.1141425, 0.313866, 0
0.6967874, 0.5048609, 0.5616239, 0
0.722944, 0.5234519, 0.692145, 0
0.7098953, 0.5284935, 0.6658422, 0
0.3356119, 0.1700851, 0.2848302, 0
0.7086627, 0.5125505, 0.5817483, 0
0.3225034, 0.1560744, 0.3253788, 0
0.353859, 0.1978804, 0.3625377, 0
0.5744539, 0.4098575, 0.5242342, 0
0.7381106, 0.4966026, 0.6825592, 0
0.7653459, 0.5713094, 0.7418674, 0
0.4428717, 0.3203069, 0.4496844, 0
0.4178131, 0.2070536, 0.3871151, 0
0.5101722, 0.3414982, 0.4269844, 0
0.3464603, 0.1866673, 0.3762715, 0
0.7034233, 0.5444022, 0.6523321, 0
0.5152768, 0.2898816, 0.4430591, 0
0.5124856, 0.3427896, 0.4752238, 0
0.7459065, 0.5559918, 0.6924052, 0
0.5365363, 0.3341612, 0.4740476, 0
0.7142364, 0.4804389, 0.5700078, 0
0.4460423, 0.2293299, 0.4229023, 0
0.3412597, 0.1453464, 0.2927479, 0
0.7486073, 0.5826632, 0.724685, 0
0.6630164, 0.4718332, 0.5570133, 0
0.3587179, 0.1299004, 0.3039265, 0
0.3740985, 0.233776, 0.3506522, 0
0.494869, 0.3247713, 0.4443912, 0
0.38523, 0.1869158, 0.3739393, 0
0.3518977, 0.2088833, 0.3328623, 0
0.3815964, 0.2518726, 0.3972424, 0
0.695505, 0.4628627, 0.5771365, 0
0.7462133, 0.6062568, 0.7256067, 0
0.7555979, 0.5379428, 0.643489, 0
0.7676426, 0.5898948, 0.7428234, 0
0.7668836, 0.5965092, 0.724425, 0
0.7290854, 0.4756368, 0.6522181, 0
0.5158195, 0.320772, 0.4563506, 0
0.3589088, 0.2298276, 0.3788914, 0
0.7619836, 0.5705191, 0.6874685, 0
0.3808313, 0.2213331, 0.3682706, 0
0.4860265, 0.2779468, 0.4679652, 0
0.6017823, 0.3606073, 0.5280929, 0
0.4762085, 0.3331925, 0.4127554, 0
0.4369048, 0.3063329, 0.4550868, 0
0.6432972, 0.403585, 0.5139729, 0
0.6473504, 0.4724562, 0.5637501, 0
0.7505124, 0.548205, 0.6677939, 0
0.6620882, 0.4699619, 0.5492144, 0
0.7522798, 0.5728485, 0.6962965, 0
0.5611138, 0.3601232, 0.4942158, 0
0.4105917, 0.2043987, 0.3433785, 0
0.6919835, 0.4976847, 0.6543071, 0
0.612362, 0.4434634, 0.506761, 0
0.745617, 0.5009381, 0.6332205, 0
0.5530378, 0.3718876, 0.4441956, 0
0.7032859, 0.5498275, 0.6245849, 0
0.7610493, 0.5655729, 0.6663415, 0
0.7730607, 0.566017, 0.7601634, 0
0.7438393, 0.5177676, 0.6914175, 0
0.7641118, 0.5412212, 0.7216702, 0
0.3786708, 0.185639, 0.3787666, 0
0.7557159, 0.6006899, 0.6881217, 0
0.3279822, 0.1362262, 0.3502562, 0
0.4649113, 0.2310969, 0.4035406, 0
0.4733271, 0.2977311, 0.4165895, 0
0.7036309, 0.5420898, 0.636994, 0
0.7673208, 0.5412334, 0.666614, 0
0.6435191, 0.4044194, 0.5200194, 0
0.7038631, 0.4325632, 0.5481973, 0
0.7325261, 0.4884444, 0.6690183, 0
0.463877, 0.2466389, 0.4367405, 0
0.4748357, 0.2682641, 0.4076328, 0
0.7403709, 0.5489486, 0.659275, 0
0.7892688, 0.5881713, 0.7086802, 0
0.5265958, 0.2789372, 0.4443939, 0
0.6873571, 0.4851111, 0.6456497, 0
0.3923905, 0.207037, 0.3296037, 0
0.7733266, 0.560092, 0.7017246, 0
0.3253276, 0.1499555, 0.2965921, 0
0.6112592, 0.439287, 0.5006007, 0
0.4747789, 0.2715294, 0.414083, 0
0.558092, 0.3871579, 0.4778202, 0
0.4988089, 0.2574349, 0.4260903, 0
0.4035771, 0.2526831, 0.3781192, 0
0.3917008, 0.2830738, 0.3745357, 0
0.3733418, 0.2113954, 0.3494289, 0
0.6898788, 0.4539776, 0.5705451, 0
0.3574583, 0.1958086, 0.2976791, 0
0.3913299, 0.2889554, 0.3886609, 0
0.3264143, 0.2243008, 0.3416083, 0
0.8082023, 0.592773, 0.7426695, 0
0.6498529, 0.4052294, 0.5238974, 0
0.7406269, 0.5505016, 0.7432091, 0
0.7736092, 0.5767387, 0.7221035, 0
0.5429724, 0.3317607, 0.5030781, 0
0.7489036, 0.5548866, 0.6406525, 0
0.7184464, 0.4855982, 0.5886269, 0
0.4212776, 0.2783364, 0.4398814, 0
0.3550389, 0.1696258, 0.376509, 0
0.6692342, 0.4965314, 0.5557961, 0
0.3707647, 0.1356111, 0.3328427, 0
0.7922666, 0.5797576, 0.7174236, 0
0.5068557, 0.3390307, 0.4636436, 0
0.4680841, 0.2868536, 0.436138, 0
0.6274864, 0.4348175, 0.5409925, 0
0.4394803, 0.2990518, 0.389682, 0
0.7877303, 0.5737154, 0.7498404, 0
0.6214507, 0.396695, 0.5073189, 0
0.5034971, 0.32606, 0.4893887, 0
0.7717003, 0.5991479, 0.7485068, 0
0.4526126, 0.3010644, 0.4470159, 0
0.7182747, 0.5220837, 0.6406646, 0
0.6593726, 0.4941797, 0.5552767, 0
0.6736259, 0.4980057, 0.5736846, 0
0.6346199, 0.425501, 0.5774255, 0
0.4745686, 0.329538, 0.4364713, 0
0.485658, 0.3067338, 0.4710334, 0
0.6383201, 0.3763387, 0.552393, 0
0.7476918, 0.6275924, 0.7166783, 0
0.7452212, 0.6222767, 0.7404963, 0
0.4179482, 0.2371721, 0.4078329, 0
0.716686, 0.4737432, 0.6542549, 0
0.773654, 0.5651396, 0.6942912, 0
0.4584131, 0.2709879, 0.4366888, 0
0.3513116, 0.2113467, 0.3212872, 0
0.7412145, 0.5198099, 0.6054636, 0
0.529064, 0.3230138, 0.4205058, 0
0.592364, 0.3552107, 0.5157323, 0
0.6384271, 0.4670887, 0.5388651, 0
0.389173, 0.2722864, 0.3870715, 0
0.6370414, 0.4691003, 0.5637892, 0
0.4178381, 0.2661415, 0.4041824, 0
0.6335679, 0.393759, 0.502091, 0
0.7151756, 0.5792881, 0.6649619, 0
0.3323967, 0.1535926, 0.3611966, 0
0.6613105, 0.4785602, 0.5852742, 0
0.4408615, 0.2296288, 0.3661143, 0
0.5089806, 0.3207715, 0.4214353, 0
0.5463219, 0.3623611, 0.4674815, 0
0.3617995, 0.1857052, 0.3141678, 0
0.6174361, 0.4023157, 0.5650344, 0
0.4277529, 0.3096238, 0.4061802, 0
0.6832855, 0.5080069, 0.6328583, 0
0.7666756, 0.5695405, 0.7128774, 0
0.6920642, 0.4436462, 0.5820928, 0
0.4064665, 0.215262, 0.4229814, 0
0.5401661, 0.34312, 0.4860407, 0
0.6568708, 0.4450291, 0.542002, 0
0.6054682, 0.3956012, 0.5324023, 0
0.6149542, 0.3590781, 0.4875565, 0
0.7705906, 0.548677, 0.6475028, 0
0.6902381, 0.4438926, 0.5240846, 0
0.5886946, 0.3538638, 0.4730814, 0
0.5955993, 0.3866898, 0.4878805, 0
0.7232503, 0.4925065, 0.5966859, 0
0.7193541, 0.5347, 0.6390979, 0
0.4685909, 0.242534, 0.3964327, 0
0.612924, 0.4040044, 0.5070423, 0
0.5839936, 0.4146521, 0.5387877, 0
0.5996745, 0.405048, 0.5046768, 0
0.3446756, 0.1125767, 0.3229143, 0
0.6085507, 0.3622681, 0.5322202, 0
0.4783807, 0.2487811, 0.4013735, 0
0.7646911, 0.5818104, 0.7462081, 0
0.5471097, 0.3706909, 0.4724888, 0
0.7779035, 0.5574741, 0.6621569, 0
0.5658918, 0.3927173, 0.5041049, 0
0.638481, 0.3886377, 0.509248, 0
0.5026533, 0.3029875, 0.4411778, 0
0.3606594, 0.2117421, 0.3347295, 0
0.5297546, 0.3238373, 0.4364877, 0
0.4180938, 0.1962473, 0.3875697, 0
0.7039519, 0.4343177, 0.550253, 0
0.7402712, 0.5529886, 0.7022277, 0
0.7121071, 0.4462897, 0.6128971, 0
0.78372, 0.6291086, 0.7094194, 0
0.5925978, 0.4110521, 0.5549439, 0
0.7858811, 0.5715151, 0.7533539, 0
0.7780293, 0.5724101, 0.7281078, 0
0.438273, 0.2924485, 0.3903994, 0
0.7455211, 0.5094901, 0.6392527, 0
0.3448816, 0.1446858, 0.3181923, 0
0.3805821, 0.20695, 0.3159703, 0
0.6315031, 0.3915166, 0.5314806, 0
0.7596244, 0.5798055, 0.7008875, 0
0.3149802, 0.1466589, 0.3390099, 0
0.7674977, 0.5890869, 0.7191095, 0
0.7094207, 0.48875, 0.6438102, 0
0.6199964, 0.4140972, 0.5202065, 0
0.3192419, 0.1302432, 0.3470488, 0
0.6741979, 0.4805826, 0.5736957, 0
0.798555, 0.6085896, 0.7033865, 0
0.3674657, 0.1368156, 0.3479871, 0
0.5066959, 0.3119291, 0.4354661, 0
0.4667758, 0.2288301, 0.4175873, 0
0.4706965, 0.2859384, 0.4457048, 0
0.7342251, 0.5434988, 0.6971037, 0
0.6567233, 0.5037787, 0.5688645, 0
0.4171709, 0.2354101, 0.402569, 0
0.7492407, 0.6241553, 0.7185982, 0
0.75059, 0.6037875, 0.767915, 0
0.517214, 0.3133478, 0.4391555, 0
0.6892654, 0.5370531, 0.6304622, 0
0.7078204, 0.5176619, 0.5765876, 0
0.6234434, 0.409455, 0.5729641, 0
0.475424, 0.2552596, 0.4026996, 0
0.4968702, 0.2848071, 0.4482036, 0
0.7199382, 0.4523628, 0.5671136, 0
0.6113306, 0.4385984, 0.533559, 0
0.3650897, 0.2451535, 0.3827345, 0
0.5977833, 0.3760223, 0.5125916, 0
0.6152535, 0.3651823, 0.5024009, 0
0.659457, 0.3871174, 0.5103692, 0
0.7232969, 0.5340927, 0.6176102, 0
0.7465469, 0.605801, 0.7166061, 0
0.3732884, 0.1679546, 0.3074482, 0
0.6531064, 0.5022816, 0.586888, 0
0.5272794, 0.3557154, 0.4406946, 0
0.7284222, 0.5213735, 0.5974041, 0
0.6722134, 0.4303887, 0.5821393, 0
0.3209964, 0.1707821, 0.2822254, 0
0.7236108, 0.5215154, 0.6883155, 0
0.7553035, 0.5783208, 0.7716679, 0
0.6834182, 0.4826223, 0.6224108, 0
0.7238573, 0.5088151, 0.6093608, 0
0.365813, 0.1438342, 0.3053379, 0
0.5299999, 0.2888308, 0.4346148, 0
0.6036736, 0.3988863, 0.5026954, 0
0.3275204, 0.1595858, 0.3616605, 0
0.421935, 0.2374919, 0.4007598, 0
0.3564993, 0.1709221, 0.3772195, 0
0.5642528, 0.3185986, 0.4888948, 0
0.6413121, 0.4800337, 0.562274, 0
0.4157026, 0.2730467, 0.391708, 0
0.5785736, 0.4194169, 0.5039207, 0
0.7175437, 0.4576958, 0.6008701, 0
0.4376769, 0.2113762, 0.4063449, 0
0.7280512, 0.5069491, 0.6403859, 0
0.3749778, 0.1634578, 0.3024966, 0
0.5477899, 0.3535556, 0.4321027, 0
0.7532027, 0.6057214, 0.6943948, 0
0.5966789, 0.3865146, 0.4887275, 0
0.4546079, 0.2889299, 0.4248829, 0
0.7445718, 0.4787354, 0.6247885, 0
0.6089233, 0.4318561, 0.4927946, 0
0.6193784, 0.3800312, 0.4935959, 0
0.6963316, 0.473245, 0.6368245, 0
0.6843202, 0.514318, 0.6712843, 0
0.6140529, 0.4112628, 0.5701278, 0
0.5517858, 0.3040435, 0.4668229, 0
0.6996029, 0.4605672, 0.6040257, 0
0.7544422, 0.5734954, 0.7053988, 0
0.5453857, 0.3643425, 0.4924525, 0
0.7389863, 0.5553275, 0.7319305, 0
0.6148866, 0.3632321, 0.4840627, 0
0.3681525, 0.1609443, 0.3615955, 0
0.3899145, 0.2795293, 0.3952736, 0
0.6927744, 0.4601969, 0.5997688, 0
0.6870329, 0.4972269, 0.6529804, 0
0.7559015, 0.5911037, 0.6996349, 0
0.3009851, 0.1355739, 0.2910436, 0
0.3445331, 0.1265076, 0.324526, 0
0.6867444, 0.5017797, 0.6659031, 0
0.5820079, 0.4135908, 0.5441812, 0
0.3569889, 0.1668143, 0.3392039, 0
0.7083831, 0.4903838, 0.5685092, 0
0.719209, 0.5468367, 0.6367176, 0
0.7528033, 0.6161854, 0.7364721, 0
0.6349608, 0.464197, 0.561771, 0
0.5011919, 0.2754894, 0.4504541, 0
0.4180476, 0.1958234, 0.3809249, 0
0.5003096, 0.356455, 0.430513, 0
0.705013, 0.5245102, 0.6066502, 0
0.7352692, 0.6137255, 0.7234889, 0
0.7077362, 0.5172791, 0.666415, 0
0.6661526, 0.5039432, 0.5542429, 0
0.3294417, 0.1727022, 0.3216057, 0
0.5741653, 0.3836085, 0.4741285, 0
0.4478153, 0.2833418, 0.4579335, 0
0.3964315, 0.246652, 0.3620403, 0
0.6120604, 0.4010901, 0.5020401, 0
0.640286, 0.4442649, 0.5289343, 0
0.4519419, 0.2405541, 0.3849484, 0
0.4627714, 0.336387, 0.4421957, 0
0.3653345, 0.1739731, 0.3358556, 0
0.7005364, 0.4325961, 0.5649769, 0
0.3695781, 0.1494866, 0.3607104, 0
0.6586288, 0.4280512, 0.5836216, 0
0.5557932, 0.395938, 0.470676, 0
0.7185313, 0.559936, 0.6616542, 0
0.7034122, 0.5013586, 0.6122248, 0
0.402338, 0.2883335, 0.4038056, 0
0.7021493, 0.4757138, 0.6110696, 0
0.353464, 0.2646458, 0.376778, 0
0.6235572, 0.4170223, 0.522376, 0
0.7614309, 0.6038337, 0.6881372, 0
0.5990127, 0.3983216, 0.5162559, 0
0.4398259, 0.3109766, 0.4314353, 0
0.4700256, 0.3088094, 0.4213557, 0
0.3588945, 0.2329329, 0.3535133, 0
0.7107399, 0.537075, 0.6940671, 0
0.7437769, 0.4835103, 0.6467679, 0
0.7078989, 0.4965421, 0.5675716, 0
0.5511209, 0.3524006, 0.4803746, 0
0.7206498, 0.5472534, 0.622539, 0
0.6727542, 0.4545753, 0.5615492, 0
0.54804, 0.3101914, 0.4644358, 0
0.5920979, 0.3261287, 0.4652339, 0
0.72143, 0.5647597, 0.6328593, 0
0.5345073, 0.309601, 0.4763455, 0
0.6920651, 0.5001417, 0.6417879, 0
0.4483339, 0.2359976, 0.3984342, 0
0.7435151, 0.5889761, 0.7326604, 0
0.7358631, 0.5522237, 0.6200464, 0
0.6807614, 0.4509332, 0.5978466, 0
0.6284335, 0.4220903, 0.5756166, 0
0.6933665, 0.486438, 0.6010221, 0
0.3612541, 0.159663, 0.2952257, 0
0.7165527, 0.5239651, 0.6679022, 0
0.657391, 0.4554577, 0.5516452, 0
0.7913666, 0.5616229, 0.6884651, 0
0.6972516, 0.4635271, 0.5318137, 0
0.5067443, 0.2938031, 0.4743397, 0
0.7302255, 0.5240183, 0.694635, 0
0.3167002, 0.1837025, 0.3315715, 0
0.7437996, 0.6197535, 0.7558091, 0
0.4625966, 0.2290313, 0.4082994, 0
0.7129207, 0.4419147, 0.5608528, 0
0.666403, 0.4466264, 0.5373809, 0
0.3463119, 0.1864153, 0.3254435, 0
0.7096674, 0.5853304, 0.682487, 0
0.6575804, 0.442765, 0.5575402, 0
0.4539303, 0.2499218, 0.4209719, 0
0.6374677, 0.3928771, 0.522513, 0
0.4377931, 0.3057258, 0.3972788, 0
0.695131, 0.4339171, 0.5849915, 0
0.6063886, 0.356728, 0.5101367, 0
0.6242431, 0.4183988, 0.527335, 0
0.6841645, 0.4589084, 0.5530965, 0
0.4147241, 0.1928962, 0.3669702, 0
0.7529836, 0.5429435, 0.6393799, 0
0.5929067, 0.31761, 0.4808943, 0
0.6188805, 0.3967854, 0.5399761, 0
0.3449222, 0.1409014, 0.3022155, 0
0.5895751, 0.3938266, 0.5479347, 0
0.4314551, 0.3204088, 0.4198087, 0
0.4329698, 0.2032365, 0.3877082, 0
0.3309639, 0.1351267, 0.3472745, 0
0.4874112, 0.2768433, 0.4097931, 0
0.4326998, 0.2945971, 0.414571, 0
0.7496136, 0.4844188, 0.6366901, 0
0.4063646, 0.1985273, 0.37793, 0
0.3514025, 0.1619191, 0.3282242, 0
0.4179215, 0.2456293, 0.3848664, 0
0.3698739, 0.1438361, 0.3192616, 0
0.6765445, 0.4483315, 0.6159853, 0
0.7068596, 0.5014949, 0.6507901, 0
0.7427658, 0.5116483, 0.6657808, 0
0.5280807, 0.3622538, 0.4505355, 0
0.749023, 0.553872, 0.7532696, 0
0.3566382, 0.1238488, 0.3353602, 0
0.3507725, 0.1728445, 0.2778479, 0
0.7309241, 0.5151227, 0.6396775, 0
0.5127751, 0.2977921, 0.4517928, 0
0.4882443, 0.3161874, 0.4115674, 0
0.6319988, 0.3609413, 0.5120993, 0
0.5253139, 0.2942064, 0.424001, 0
0.6921671, 0.4445098, 0.5577297, 0
0.6186206, 0.3743155, 0.5023921, 0
0.6537483, 0.4890814, 0.5497268, 0
0.6655245, 0.3847269, 0.5356321, 0
0.7758689, 0.6261142, 0.7336391, 0
0.612514, 0.3447195, 0.4813166, 0
0.5439263, 0.2889215, 0.4612202, 0
0.7185057, 0.5600135, 0.7280334, 0
0.3481849, 0.1830571, 0.2989666, 0
0.7083262, 0.4856712, 0.6355666, 0
0.768819, 0.5672652, 0.6944852, 0
0.4146356, 0.2392564, 0.4214287, 0
0.5668817, 0.3293855, 0.4573863, 0
0.7548938, 0.5188959, 0.6956192, 0
0.687416, 0.504348, 0.5591515, 0
0.720774, 0.5156472, 0.6587428, 0
0.6882211, 0.4818306, 0.6567758, 0
0.5975421, 0.4423765, 0.5353607, 0
0.6454833, 0.4263445, 0.5790896, 0
0.7169635, 0.5137993, 0.6759014, 0
0.5844648, 0.4081479, 0.512656, 0
0.6235685, 0.3915734, 0.5111272, 0
0.6795561, 0.5016957, 0.5589172, 0
0.739197, 0.5247875, 0.6810083, 0
0.6300227, 0.4394863, 0.5566211, 0
0.7295415, 0.5044211, 0.6335618, 0
0.7711396, 0.5363331, 0.6953319, 0
0.6852497, 0.5190268, 0.6482621, 0
0.7029588, 0.5618684, 0.639553, 0
0.654236, 0.4230823, 0.5410098, 0
0.4854923, 0.2997998, 0.4227352, 0
0.4493391, 0.216759, 0.4028136, 0
0.5264184, 0.3527574, 0.4934175, 0
0.5123233, 0.336272, 0.4355685, 0
0.6994783, 0.5299556, 0.6058683, 0
0.5932518, 0.4116028, 0.5251888, 0
0.6653458, 0.4782243, 0.6067993, 0
0.3816396, 0.231402, 0.3379327, 0
0.8073313, 0.6072141, 0.7326574, 0
0.3569317, 0.2389076, 0.3446953, 0
0.7194673, 0.4998389, 0.5974408, 0
0.6831204, 0.4998379, 0.6320073, 0
0.3662694, 0.237496, 0.3890322, 0
0.3694254, 0.1409451, 0.349553, 0
0.6348926, 0.3782933, 0.5434543, 0
0.7581418, 0.5642559, 0.716587, 0
0.4893407, 0.3076932, 0.4103791, 0
0.436294, 0.2262132, 0.3783376, 0
0.6704799, 0.4898249, 0.5502012, 0
0.3706988, 0.2035561, 0.3617362, 0
0.543568, 0.3782517, 0.4501226, 0
0.4201816, 0.2147516, 0.3605027, 0
0.3282687, 0.1763198, 0.3192989, 0
0.4916203, 0.2648346, 0.4389875, 0
0.5383331, 0.3214077, 0.4488677, 0
0.5760157, 0.3739171, 0.4690896, 0
0.3595769, 0.1631124, 0.3505741, 0
0.7023752, 0.5098786, 0.6099121, 0
0.3872483, 0.2098446, 0.3377984, 0
0.3838127, 0.2628984, 0.3867093, 0
0.456251, 0.3257724, 0.4487101, 0
0.3629296, 0.2531433, 0.3531761, 0
0.3241226, 0.133141, 0.3231127, 0
0.5402044, 0.3701514, 0.5102744, 0
0.4992078, 0.320822, 0.4089876, 0
0.777118, 0.5869198, 0.7144758, 0
0.321571, 0.1762406, 0.3387278, 0
0.7702666, 0.5794871, 0.661235, 0
0.4462347, 0.2490069, 0.3773274, 0
0.7141107, 0.5184689, 0.7037046, 0
0.7131835, 0.5113168, 0.5887733, 0
0.6017982, 0.4158638, 0.5210599, 0
0.5214124, 0.2728685, 0.4569028, 0
0.7138876, 0.4965015, 0.6389551, 0
0.554371, 0.3663533, 0.5267675, 0
0.4351176, 0.2815952, 0.3915293, 0
0.700708, 0.5045571, 0.5980974, 0
0.5955707, 0.4078949, 0.4700375, 0
0.7283289, 0.5522151, 0.6196887, 0
0.7371245, 0.5482289, 0.6724059, 0
0.7202106, 0.4759733, 0.6602834, 0
0.3654455, 0.2076936, 0.3390777, 0
0.3700345, 0.1667351, 0.351926, 0
0.5206989, 0.3192264, 0.4669591, 0
0.7212561, 0.475133, 0.5603898, 0
0.4407231, 0.2020086, 0.3787785, 0
0.7143735, 0.4878879, 0.5698521, 0
0.5443553, 0.3292976, 0.5067094, 0
0.5031224, 0.3234358, 0.4620814, 0
0.5949405, 0.4154613, 0.4930573, 0
0.7011514, 0.4505771, 0.5924965, 0
0.4978539, 0.3597083, 0.422453, 0
0.7923518, 0.5688865, 0.6861923, 0
0.3603819, 0.172876, 0.3614822, 0
0.4660661, 0.2382036, 0.3915015, 0
0.7113425, 0.4482203, 0.5578264, 0
0.5322632, 0.3610702, 0.4689012, 0
0.7488096, 0.6028932, 0.6950505, 0
0.6801172, 0.4193878, 0.5210567, 0
0.4682, 0.2852086, 0.3919528, 0
0.3798567, 0.2258255, 0.3371653, 0
0.4509007, 0.2351887, 0.3750932, 0
0.6997511, 0.5194368, 0.6158389, 0
0.3444391, 0.2240241, 0.3379693, 0
0.5531978, 0.3137729, 0.4780047, 0
0.350454, 0.1935728, 0.3390066, 0
0.6548008, 0.4565418, 0.5370051, 0
0.3880974, 0.2589855, 0.3673139, 0
0.6940944, 0.4560709, 0.5444995, 0
0.6364994, 0.427793, 0.5539759, 0
0.5738427, 0.3762205, 0.4689986, 0
0.6266061, 0.461578, 0.525889, 0
0.7151688, 0.5170065, 0.6982448, 0
0.746096, 0.5180051, 0.6684149, 0
0.6301379, 0.387004, 0.4981055, 0
0.5144385, 0.2799467, 0.4396351, 0
0.7242115, 0.4657104, 0.6108775, 0
0.4869634, 0.269111, 0.4372506, 0
0.3320793, 0.159531, 0.3429932, 0
0.4473444, 0.255943, 0.4353398, 0
0.477406, 0.2700877, 0.4417461, 0
0.6951953, 0.5430795, 0.611026, 0
0.4359382, 0.2560262, 0.4398165, 0
0.4863515, 0.2907702, 0.4266084, 0
0.4178635, 0.2351006, 0.4089201, 0
0.5441898, 0.2959434, 0.4534677, 0
0.7355335, 0.4826003, 0.6440196, 0
0.6683421, 0.4566619, 0.5857238, 0
0.6495375, 0.3908453, 0.4973655, 0
0.5059244, 0.3472856, 0.4368578, 0
0.5112078, 0.3477588, 0.4862865, 0
0.6811838, 0.4964304, 0.6623418, 0
0.4737785, 0.3478447, 0.4268663, 0
0.5333066, 0.3363747, 0.4505156, 0
0.494318, 0.2950271, 0.4817858, 0
0.7624756, 0.5786017, 0.6671803, 0
0.4413454, 0.316312, 0.4042923, 0
0.3438727, 0.1645533, 0.2997087, 0
0.3241546, 0.1630556, 0.2735825, 0
0.4745006, 0.3389124, 0.4318799, 0
0.4779757, 0.3348357, 0.4492719, 0
0.7447085, 0.5200771, 0.6574968, 0
0.6912383, 0.5036182, 0.6760638, 0
0.4610157, 0.2511402, 0.4183041, 0
0.7548513, 0.5943121, 0.7667872, 0
0.4612623, 0.3337705, 0.4231316, 0
0.4537433, 0.2945592, 0.4268162, 0
0.431417, 0.2531286, 0.4293704, 0
0.5306146, 0.3570681, 0.4501617, 0
0.5028968, 0.2633512, 0.4391117, 0
0.5595364, 0.3177859, 0.497383, 0
0.6799949, 0.5332519, 0.6270758, 0
0.7919516, 0.5632614, 0.7162192, 0
0.7908765, 0.5942985, 0.715001, 0
0.6595345, 0.3972258, 0.5378436, 0
0.3976005, 0.1978768, 0.3899877, 0
0.7376122, 0.5209367, 0.7012809, 0
0.6061774, 0.3976357, 0.4981098, 0
0.3880693, 0.2831235, 0.4030244, 0
0.6733861, 0.4645527, 0.5750877, 0
0.3734738, 0.2782178, 0.3884611, 0
0.7723524, 0.5748678, 0.7623291, 0
0.4686957, 0.3381739, 0.4189906, 0
0.5251383, 0.3485222, 0.4301576, 0
0.6509537, 0.4167681, 0.5449145, 0
0.579501, 0.3172923, 0.4673395, 0
0.4368296, 0.2741235, 0.4027432, 0
0.603668, 0.4160493, 0.4814101, 0
0.3900648, 0.2197696, 0.3689749, 0
0.5147184, 0.2944377, 0.429565, 0
0.5203005, 0.3017918, 0.4220285, 0
0.5176841, 0.3295471, 0.4849302, 0
0.5779602, 0.3754372, 0.4654597, 0
0.3381338, 0.1761405, 0.3020806, 0
0.5525978, 0.3742228, 0.4591491, 0
0.6471143, 0.427039, 0.5207353, 0
0.6824509, 0.5179574, 0.628778, 0
0.6556431, 0.4154831, 0.5359528, 0
0.7680665, 0.5977956, 0.7274411, 0
0.3785423, 0.1806187, 0.3296656, 0
0.697174, 0.4951608, 0.596084, 0
0.3911747, 0.2868648, 0.3995276, 0
0.3926965, 0.1979876, 0.3897909, 0
0.7398764, 0.5106174, 0.6724491, 0
0.6306286, 0.4132534, 0.5200049, 0
0.6784498, 0.4765002, 0.5434485, 0
0.4642702, 0.3019157, 0.4194583, 0
0.3438212, 0.1635564, 0.3676435, 0
0.7578747, 0.555959, 0.7185463, 0
0.7325554, 0.5414677, 0.7053881, 0
0.3818214, 0.2434063, 0.386379, 0
0.7345641, 0.4704058, 0.6271633, 0
0.4974241, 0.2901796, 0.4651527, 0
0.6453221, 0.4369846, 0.525817, 0
0.7436432, 0.5241249, 0.6329787, 0
0.710875, 0.4981212, 0.6030715, 0
0.7383789, 0.5462882, 0.6882726, 0
0.3921033, 0.2595015, 0.3639472, 0
0.4154781, 0.1863761, 0.3885071, 0
0.3505691, 0.2317002, 0.3488943, 0
0.6866261, 0.4525267, 0.5517829, 0
0.776718, 0.5489013, 0.7003351, 0
0.7124391, 0.5135751, 0.5796437, 0
0.4724639, 0.2825067, 0.4058931, 0
0.7037372, 0.5117468, 0.5880017, 0
0.6866671, 0.4931832, 0.5479285, 0
0.4176873, 0.2736949, 0.4278, 0
0.678223, 0.4523956, 0.5289623, 0
0.5390201, 0.3657361, 0.4358931, 0
0.3005402, 0.1652752, 0.2939229, 0
0.3201826, 0.160034, 0.3434733, 0
0.4005165, 0.2342832, 0.409529, 0
0.6237521, 0.420497, 0.5645483, 0
0.6721044, 0.4726628, 0.5562204, 0
0.329844, 0.1274933, 0.3528116, 0
0.3574623, 0.1238392, 0.3240298, 0
0.4737809, 0.2977223, 0.4329994, 0
0.4495503, 0.2703808, 0.452723, 0
0.6393179, 0.466346, 0.5390348, 0
0.3961316, 0.2223898, 0.3336769, 0
0.7869105, 0.6289038, 0.7101785, 0
0.4597487, 0.2362332, 0.4124993, 0
0.4536408, 0.2707134, 0.3851847, 0
0.4045198, 0.2412348, 0.3790943, 0
0.3890741, 0.2732095, 0.408762, 0
0.7307835, 0.5240351, 0.6663964, 0
0.7444829, 0.5918073, 0.671553, 0
0.5815554, 0.3716228, 0.4944226, 0
0.7310626, 0.5258622, 0.6722416, 0
0.3878368, 0.2188309, 0.4087826, 0
0.6996086, 0.4889664, 0.5602576, 0
0.7805772, 0.5485618, 0.7333767, 0
0.4397156, 0.2470807, 0.3914997, 0
0.5572468, 0.3851089, 0.5002698, 0
0.6686154, 0.4667954, 0.6234769, 0
0.6813739, 0.4947085, 0.5711669, 0
0.724268, 0.4958302, 0.5886375, 0
0.4266655, 0.2940834, 0.4084123, 0
0.7082898, 0.4939107, 0.6483138, 0
0.4606738, 0.2931584, 0.4032497, 0
0.4251512, 0.2941505, 0.3862486, 0
0.5405635, 0.3809368, 0.4666846, 0
0.6542311, 0.4841475, 0.6000386, 0
0.7616426, 0.5652431, 0.6967654, 0
0.5802344, 0.3542813, 0.467815, 0
0.4747389, 0.2677926, 0.4396554, 0
0.7460129, 0.5517873, 0.7281236, 0
0.3630444, 0.2444906, 0.3846591, 0
0.4600394, 0.3265945, 0.4479662, 0
0.7314993, 0.5649698, 0.6325939, 0
0.7292451, 0.5324787, 0.6383711, 0
0.6347046, 0.39485, 0.5234221, 0
0.6781143, 0.5379456, 0.6300583, 0
0.3781678, 0.1443618, 0.3529627, 0
0.4517446, 0.2322962, 0.3829435, 0
0.7745058, 0.6267424, 0.7241247, 0
0.7413167, 0.5920952, 0.7171799, 0
0.5446508, 0.3772773, 0.4649499, 0
0.3250173, 0.16875, 0.2991943, 0
0.7075767, 0.5836005, 0.6758651, 0
0.7476418, 0.6303738, 0.7451611, 0
0.7406756, 0.5793539, 0.679418, 0
0.5366713, 0.3378893, 0.4974008, 0
0.7093771, 0.4996335, 0.6352661, 0
0.812557, 0.5958105, 0.7347227, 0
0.5955123, 0.3562422, 0.5341218, 0
0.4072436, 0.2260306, 0.3772191, 0
0.7536334, 0.5791445, 0.7554622, 0
0.5452614, 0.3337539, 0.4405456, 0
0.5847207, 0.4154081, 0.4946996, 0
0.5906811, 0.3551811, 0.5178367, 0
0.7233733, 0.5152141, 0.6021787, 0
0.5082517, 0.2847337, 0.4514529, 0
0.5145778, 0.275108, 0.4351868, 0
0.7897629, 0.5744444, 0.7338394, 0
0.6394448, 0.3851895, 0.4976045, 0
0.6833976, 0.4711018, 0.5369638, 0
0.3317642, 0.1426991, 0.3154182, 0
0.4308209, 0.2630323, 0.390643, 0
0.5690739, 0.4047361, 0.508293, 0
0.5257676, 0.3551554, 0.4814381, 0
0.7257767, 0.5593653, 0.6601605, 0
0.3974116, 0.1970499, 0.322129, 0
0.5403833, 0.36765, 0.4456581, 0
0.7546118, 0.5519299, 0.7492768, 0
0.7507739, 0.5048269, 0.6189312, 0
0.3430586, 0.194063, 0.3314221, 0
0.7136934, 0.5409678, 0.691732, 0
0.6217236, 0.4525602, 0.5046262, 0
0.3793894, 0.1546007, 0.3488428, 0
0.5100692, 0.2714639, 0.4616368, 0
0.5624896, 0.3109277, 0.4826763, 0
0.6973426, 0.5252697, 0.6723321, 0
0.367464, 0.1770132, 0.3275302, 0
0.7397909, 0.5657256, 0.6764125, 0
0.5031149, 0.2986503, 0.4194686, 0
0.6461282, 0.4789571, 0.5460882, 0
0.6987318, 0.5093945, 0.5900067, 0
0.7356246, 0.6126167, 0.762386, 0
0.6324334, 0.3943249, 0.5705985, 0
0.4651127, 0.3212994, 0.4166901, 0
0.5452126, 0.3233238, 0.5077049, 0
0.7644277, 0.5787051, 0.6877387, 0
0.416322, 0.3102969, 0.4285714, 0
0.4129163, 0.1858762, 0.3420533, 0
0.3967848, 0.2925081, 0.4128363, 0
0.596643, 0.4085539, 0.4792861, 0
0.7274568, 0.5335745, 0.7257602, 0
0.4289396, 0.3133824, 0.4262405, 0
0.5921404, 0.3899271, 0.5364093, 0
0.6500816, 0.4182605, 0.5884263, 0
0.5820987, 0.3865245, 0.4870021, 0
0.7360524, 0.5377679, 0.6912447, 0
0.7623855, 0.5851141, 0.7037563, 0
0.6899667, 0.4867957, 0.6273161, 0
0.6807625, 0.4932219, 0.66264, 0
0.3294764, 0.1350096, 0.3326696, 0
0.7870399, 0.5583861, 0.6753733, 0
0.7498533, 0.5901682, 0.713501, 0
0.7028748, 0.475599, 0.6513503, 0
0.5701864, 0.366466, 0.5227007, 0
0.7121983, 0.4713149, 0.5575939, 0
0.6261934, 0.3632599, 0.5003386, 0
0.706456, 0.5495896, 0.6852628, 0
0.5714538, 0.3624813, 0.4688083, 0
0.7026154, 0.4873679, 0.5961702, 0
0.5577025, 0.3379934, 0.479496, 0
0.4640314, 0.2412505, 0.42608, 0
0.3479599, 0.1996388, 0.3620079, 0
0.5471089, 0.3071621, 0.4951697, 0
0.4834778, 0.3454591, 0.434919, 0
0.4767926, 0.3109354, 0.4032675, 0
0.6917306, 0.4519739, 0.5521328, 0
0.7369974, 0.4750336, 0.6197933, 0
0.6230801, 0.4208844, 0.5754278, 0
0.3512049, 0.1791637, 0.322722, 0
0.5005845, 0.2737701, 0.4442363, 0
0.747526, 0.5476358, 0.7122976, 0
0.7502965, 0.5777464, 0.70654, 0
0.4839751, 0.3015582, 0.4084976, 0
0.3549387, 0.1858337, 0.3080138, 0
0.5840285, 0.3354186, 0.511748, 0
0.3005802, 0.1415962, 0.3145646, 0
0.5720283, 0.3363648, 0.4925504, 0
0.6967735, 0.4560318, 0.5459542, 0
0.7031173, 0.4351991, 0.5546226, 0
0.5166208, 0.3269073, 0.4863623, 0
0.7604336, 0.5298129, 0.7201748, 0
0.6943156, 0.4607502, 0.61421, 0
0.5363457, 0.3776633, 0.4578871, 0
0.3745287, 0.2312309, 0.3579439, 0
0.5337448, 0.3064439, 0.4518957, 0
0.7083728, 0.4563597, 0.5734881, 0
0.6983913, 0.4253176, 0.5808519, 0
0.3232279, 0.1803094, 0.3346884, 0
0.7271836, 0.5114108, 0.6326367, 0
0.3832109, 0.194728, 0.3934907, 0
0.3675604, 0.1803524, 0.3879345, 0
0.5302385, 0.3681667, 0.4695804, 0
0.6019136, 0.4163509, 0.4840972, 0
0.5460101, 0.3544802, 0.4714279, 0
0.5957199, 0.4285376, 0.5091167, 0
0.7548712, 0.5990176, 0.7732928, 0
0.4586631, 0.2339953, 0.4309267, 0
0.317562, 0.1584013, 0.3007296, 0
0.4832212, 0.3029768, 0.4148965, 0
0.4452591, 0.3154425, 0.4519208, 0
0.315372, 0.1689528, 0.3185991, 0
0.3748268, 0.2687179, 0.3777555, 0
0.4443122, 0.2948123, 0.4520769, 0
0.6294417, 0.4536176, 0.5281668, 0
0.6691185, 0.4651599, 0.5808446, 0
0.4733821, 0.3061455, 0.4014678, 0
0.6415617, 0.4099302, 0.5595446, 0
0.706917, 0.4960969, 0.6518813, 0
0.5318943, 0.3356175, 0.4489083, 0
0.7171177, 0.5386534, 0.6084657, 0
0.6881348, 0.5316708, 0.5936074, 0
0.5790247, 0.3850153, 0.4511831, 0
0.6104454, 0.4021529, 0.542703, 0
0.4313376, 0.251245, 0.3839363, 0
0.5578349, 0.3385434, 0.5008977, 0
0.7084994, 0.5089204, 0.6735476, 0
0.5412892, 0.3699733, 0.4885323, 0
0.7816838, 0.5941874, 0.7619021, 0
0.3030925, 0.1563925, 0.2829606, 0
0.4541608, 0.317207, 0.4040787, 0
0.6623657, 0.494096, 0.5529702, 0
0.3191254, 0.2200583, 0.3465343, 0
0.6262043, 0.450932, 0.5251645, 0
0.6981827, 0.4712491, 0.5810916, 0
0.513608, 0.3007233, 0.4558433, 0
0.8004073, 0.5711145, 0.7145163, 0
0.6541091, 0.4661055, 0.5441483, 0
0.3642288, 0.2605903, 0.3754422, 0
0.5269664, 0.3351715, 0.424911, 0
0.3934995, 0.2035766, 0.3225225, 0
0.6382422, 0.3962639, 0.5032936, 0
0.3930278, 0.231385, 0.3922909, 0
0.6520268, 0.3819786, 0.4972128, 0
0.5648919, 0.3172694, 0.4588561, 0
0.4844476, 0.3127355, 0.4764189, 0
0.460009, 0.2938421, 0.4716049, 0
0.5070395, 0.3419125, 0.4684775, 0
0.6270819, 0.4646237, 0.5254005, 0
0.8001615, 0.6169378, 0.7222996, 0
0.7472927, 0.5593514, 0.7225245, 0
0.4024739, 0.2632833, 0.38919, 0
0.782638, 0.5992062, 0.7330744, 0
0.4892244, 0.297826, 0.4652033, 0
0.5602982, 0.3680366, 0.5084975, 0
0.6610367, 0.4724723, 0.5894164, 0
0.456859, 0.3055137, 0.4724534, 0
0.4445066, 0.3126082, 0.4196122, 0
0.6875587, 0.5214346, 0.6062126, 0
0.7136483, 0.5539545, 0.6190618, 0
0.4400378, 0.2645572, 0.3727953, 0
0.5470927, 0.3349164, 0.5185472, 0
0.4519426, 0.2231789, 0.4003594, 0
0.4637482, 0.3290043, 0.4090869, 0
0.751219, 0.5035071, 0.6842874, 0
0.6767983, 0.4710245, 0.5547945, 0
0.635376, 0.4214871, 0.5707599, 0
0.3668723, 0.2393588, 0.3797137, 0
0.4311584, 0.288739, 0.4479499, 0
0.7286296, 0.5031831, 0.6401277, 0
0.5834653, 0.3341608, 0.4593786, 0
0.6930158, 0.4853984, 0.6236681, 0
0.6936365, 0.4381702, 0.5753467, 0
0.3785025, 0.1725061, 0.3254244, 0
0.4550759, 0.3302332, 0.4483977, 0
0.6700325, 0.4517194, 0.5817866, 0
0.5205009, 0.3464101, 0.48773, 0
0.7012256, 0.4675298, 0.5711521, 0
0.3239504, 0.1527394, 0.3434908, 0
0.3210697, 0.1826393, 0.3209318, 0
0.449091, 0.3151354, 0.3986646, 0
0.6818833, 0.5094067, 0.6110777, 0
0.6131325, 0.3667593, 0.5126138, 0
0.789606, 0.6003272, 0.7533901, 0
0.3729108, 0.2395196, 0.3910094, 0
0.3215136, 0.1706281, 0.2817025, 0
0.6249154, 0.4470978, 0.5235976, 0
0.5146192, 0.3012528, 0.4733321, 0
0.793897, 0.5676016, 0.7523644, 0
0.689705, 0.4674236, 0.532967, 0
0.4254737, 0.2839991, 0.3916812, 0
0.735761, 0.5383995, 0.629019, 0
0.4134228, 0.2920685, 0.3857933, 0
0.4005138, 0.244767, 0.3734149, 0
0.4686489, 0.3422691, 0.4255245, 0
0.6392015, 0.4176546, 0.5446133, 0
0.3638467, 0.1672809, 0.3831984, 0
0.7700912, 0.5734562, 0.7512801, 0
0.7258068, 0.6022596, 0.7023622, 0
0.7089977, 0.5425891, 0.6087694, 0
0.640424, 0.4607944, 0.5370885, 0
0.66072, 0.4571774, 0.6127573, 0
0.4433105, 0.2824409, 0.4489249, 0
0.4067497, 0.1764974, 0.3676469, 0
0.4218899, 0.2783287, 0.4374553, 0
0.6924011, 0.5395802, 0.6815018, 0
0.6997613, 0.5053226, 0.6113956, 0
0.7401127, 0.5077983, 0.6824582, 0
0.6938199, 0.532784, 0.6365598, 0
0.7168456, 0.5603231, 0.6919827, 0
0.6806195, 0.4505468, 0.5535504, 0
0.5479386, 0.3698514, 0.4370114, 0
0.6991113, 0.4639492, 0.5822293, 0
0.5933534, 0.3747084, 0.482738, 0
0.7078999, 0.4984292, 0.5962054, 0
0.3519319, 0.2117558, 0.330718, 0
0.3417676, 0.1353107, 0.3514548, 0
0.7453455, 0.5177076, 0.6016384, 0
0.6888301, 0.5116258, 0.6586739, 0
0.7433943, 0.6301132, 0.7162163, 0
0.3421256, 0.1298764, 0.3050495, 0
0.7228602, 0.5773603, 0.6766444, 0
0.4068459, 0.2506721, 0.3929792, 0
0.3916934, 0.284614, 0.3937321, 0
0.7005399, 0.5360988, 0.6611822, 0
0.5479579, 0.364285, 0.5148907, 0
0.749144, 0.6116408, 0.6869429, 0
0.5777578, 0.3245373, 0.4620441, 0
0.3707017, 0.1810146, 0.319089, 0
0.6877974, 0.5135207, 0.5999917, 0
0.7484851, 0.5393628, 0.712553, 0
0.5303328, 0.3746154, 0.4420142, 0
0.7396163, 0.5860796, 0.7552105, 0
0.5672937, 0.3679856, 0.4646832, 0
0.6742752, 0.5173919, 0.6312627, 0
0.411232, 0.2716076, 0.4087078, 0
0.4387869, 0.2175297, 0.3641218, 0
0.407555, 0.2563238, 0.3729711, 0
0.5137401, 0.2732908, 0.436721, 0
0.3909923, 0.2437566, 0.3977033, 0
0.5041248, 0.2622888, 0.4287281, 0
0.6597062, 0.4490857, 0.5313549, 0
0.6308738, 0.4407751, 0.5652892, 0
0.7323775, 0.5273266, 0.6941366, 0
0.5650939, 0.3190067, 0.4704774, 0
0.7034603, 0.4753388, 0.6460199, 0
0.3838482, 0.178385, 0.3130153, 0
0.408066, 0.1990911, 0.3716167, 0
0.6269644, 0.3614987, 0.5353567, 0
0.636457, 0.459769, 0.5347922, 0
0.3700353, 0.2089362, 0.3911276, 0
0.7559689, 0.5652447, 0.6492075, 0
0.7379272, 0.5159904, 0.6303087, 0
0.6984611, 0.4659698, 0.6109672, 0
0.7165354, 0.5512865, 0.7314664, 0
0.7302654, 0.475026, 0.5969281, 0
0.5854086, 0.3492281, 0.496042, 0
0.7060434, 0.5394628, 0.6134055, 0
0.4955325, 0.294197, 0.4460966, 0
0.7219648, 0.530599, 0.7103547, 0
0.7083778, 0.5464953, 0.6888817, 0
0.417887, 0.2756877, 0.4226501, 0
0.6904598, 0.5095298, 0.6612514, 0
0.7265835, 0.4612619, 0.5904238, 0
0.3825397, 0.171611, 0.3792795, 0
0.640951, 0.4582006, 0.536028, 0
0.3200923, 0.1792488, 0.2994386, 0
0.580712, 0.3837928, 0.47185, 0
0.7089903, 0.4808625, 0.5691808, 0
0.6203277, 0.4085878, 0.5704657, 0
0.6707918, 0.5064835, 0.648428, 0
0.6795893, 0.4591027, 0.6076861, 0
0.3402675, 0.1874744, 0.3523659, 0
0.4249819, 0.3026923, 0.4063503, 0
0.6779903, 0.4990002, 0.5661745, 0
0.6000234, 0.3957728, 0.5471458, 0
0.6489445, 0.3724988, 0.5245255, 0
0.4053145, 0.2078816, 0.4078348, 0
0.3542963, 0.1453446, 0.280602, 0
0.6694304, 0.4704384, 0.5425059, 0
0.4921979, 0.3259657, 0.4511765, 0
0.3065791, 0.1841342, 0.3160685, 0
0.3532737, 0.2168395, 0.3712065, 0
0.3234192, 0.1888419, 0.2927794, 0
0.7408884, 0.5504773, 0.6898032, 0
0.6622623, 0.4843521, 0.5492422, 0
0.5053442, 0.3086908, 0.4338535, 0
0.6455291, 0.4115132, 0.5651234, 0
0.3326897, 0.1183773, 0.3263025, 0
0.5693992, 0.3907373, 0.4714067, 0
0.4541303, 0.2521012, 0.4402194, 0
0.6831231, 0.4257007, 0.5240094, 0
0.6530992, 0.4047812, 0.5539195, 0
0.3155924, 0.1850102, 0.3246468, 0
0.4100857, 0.2246232, 0.358721, 0
0.6776242, 0.5196714, 0.6025429, 0
0.5560702, 0.3570065, 0.4433955, 0
0.3947579, 0.2530675, 0.3523768, 0
0.5445325, 0.3073709, 0.4740812, 0
0.7421624, 0.5403325, 0.7371119, 0
0.5653574, 0.3461201, 0.4662402, 0
0.3945141, 0.2070527, 0.3698827, 0
0.3973058, 0.223238, 0.3687153, 0
0.468631, 0.2718047, 0.4252511, 0
0.6726159, 0.4761893, 0.5671694, 0
0.6659259, 0.4386092, 0.5614672, 0
0.5280426, 0.3493167, 0.4884356, 0
0.6311035, 0.3664465, 0.4943703, 0
0.6375935, 0.3662356, 0.4976448, 0
0.7061694, 0.4873804, 0.6447008, 0
0.770144, 0.5661792, 0.6734066, 0
0.7149054, 0.5666371, 0.7280687, 0
0.7233532, 0.5332682, 0.690813, 0
0.6686814, 0.5163202, 0.6411961, 0
0.6327136, 0.3555298, 0.5089689, 0
0.7379704, 0.546339, 0.6789602, 0
0.3582876, 0.1633521, 0.2860363, 0
0.7127099, 0.5062571, 0.6008012, 0
0.7118912, 0.4615963, 0.6341552, 0
0.5505618, 0.3608248, 0.4926804, 0
0.6833971, 0.4346137, 0.6026462, 0
0.4118239, 0.2865856, 0.3765835, 0
0.5087929, 0.3366272, 0.4695629, 0
0.8053523, 0.6032153, 0.735813, 0
0.8082018, 0.5918304, 0.7267216, 0
0.6763235, 0.4526606, 0.6091818, 0
0.5545631, 0.3744583, 0.5178745, 0
0.3776544, 0.161886, 0.3467746, 0
0.5238177, 0.358309, 0.462231, 0
0.484879, 0.3331863, 0.4313296, 0
0.396992, 0.1802911, 0.3636869, 0
0.3637935, 0.1866562, 0.3765302, 0
0.607078, 0.3622691, 0.545829, 0
0.6372305, 0.4552947, 0.5702333, 0
0.3458034, 0.151263, 0.3035356, 0
0.475493, 0.2723303, 0.4047169, 0
0.5554425, 0.3685053, 0.4941919, 0
0.4216085, 0.3025907, 0.4175759, 0
0.54254, 0.3024151, 0.4719735, 0
0.5555215, 0.363369, 0.5169067, 0
0.7270452, 0.5524171, 0.6257082, 0
0.3806275, 0.2658571, 0.3921804, 0
0.3080944, 0.1500842, 0.2942195, 0
0.5668709, 0.3580067, 0.446153, 0
0.670992, 0.4002373, 0.5653357, 0
0.7241665, 0.4807237, 0.6505177, 0
0.7904114, 0.557249, 0.7177383, 0
0.3573766, 0.1430827, 0.3289861, 0
0.7963583, 0.5740481, 0.7669528, 0
0.5347926, 0.3384838, 0.4340757, 0
0.6729721, 0.512348, 0.6349511, 0
0.3879284, 0.2172203, 0.3432675, 0
0.6658443, 0.5265527, 0.6150472, 0
0.4191163, 0.2518995, 0.4353318, 0
0.5739208, 0.3997312, 0.464944, 0
0.4806808, 0.3147422, 0.4701211, 0
0.3168328, 0.1468406, 0.3388157, 0
0.4703795, 0.2892398, 0.4339271, 0
0.3442291, 0.1499386, 0.2958844, 0
0.6037319, 0.4330635, 0.5447176, 0
0.6206205, 0.4184958, 0.5416059, 0
0.5587631, 0.3162888, 0.4708089, 0
0.5340874, 0.2819145, 0.4692505, 0
0.4001049, 0.2483477, 0.3615875, 0
0.7685298, 0.5688005, 0.6613244, 0
0.7836587, 0.5543744, 0.6911167, 0
0.6161941, 0.4147483, 0.5627648, 0
0.785313, 0.5735965, 0.7269742, 0
0.4047405, 0.2133362, 0.3862193, 0
0.5464554, 0.3464553, 0.4349999, 0
0.6010629, 0.3588226, 0.5319023, 0
0.7953603, 0.5636436, 0.7498472, 0
0.7150799, 0.4687641, 0.5648971, 0
0.6913328, 0.518276, 0.6108983, 0
0.7342218, 0.5396351, 0.6628102, 0
0.3098603, 0.1714071, 0.2914014, 0
0.3907076, 0.1751993, 0.3494569, 0
0.7776146, 0.5633281, 0.7088161, 0
0.3257322, 0.1442176, 0.3261567, 0
0.5300533, 0.3249303, 0.4518637, 0
0.5944461, 0.3422955, 0.4771634, 0
0.7069975, 0.5083558, 0.6329383, 0
0.629487, 0.4693581, 0.5285129, 0
0.3912942, 0.1958573, 0.3972037, 0
0.3224782, 0.1448532, 0.3505447, 0
0.3770811, 0.2089318, 0.3140006, 0
0.7425897, 0.5089858, 0.6212087, 0
0.6623023, 0.5117934, 0.6064747, 0
0.4881818, 0.3261111, 0.4693148, 0
0.705623, 0.5748253, 0.6793547, 0
0.7714104, 0.5626825, 0.7641997, 0
0.7389698, 0.6031345, 0.6923031, 0
0.3633789, 0.2538792, 0.3888966, 0
0.6662769, 0.4667592, 0.5413222, 0
0.3923311, 0.2697055, 0.4031004, 0
0.6084952, 0.4032345, 0.5010327, 0
0.4748677, 0.2938882, 0.429421, 0
0.6034443, 0.4217045, 0.5255527, 0
0.4077248, 0.2557797, 0.3648384, 0
0.7234084, 0.475558, 0.5765087, 0
0.7378102, 0.4960085, 0.6819568, 0
0.5094621, 0.3229726, 0.4369884, 0
0.6725715, 0.4527564, 0.57397, 0
0.436349, 0.258344, 0.3682847, 0
0.7213904, 0.5103117, 0.6254892, 0
0.7664111, 0.5966418, 0.6942282, 0
0.7333717, 0.4770419, 0.6518579, 0
0.7536224, 0.5197251, 0.7059137, 0
0.4112248, 0.2257067, 0.4207175, 0
0.3409852, 0.1864741, 0.2922177, 0
0.6807737, 0.474846, 0.6413204, 0
0.5833304, 0.3616608, 0.4940401, 0
0.5701008, 0.3932975, 0.4744513, 0
0.6726372, 0.4847744, 0.5480345, 0
0.766547, 0.6100889, 0.7488762, 0
0.5188026, 0.3291265, 0.4491134, 0
0.6549018, 0.4223518, 0.5491486, 0
0.3300498, 0.1664639, 0.2888101, 0
0.7578267, 0.6396604, 0.7282666, 0
0.449063, 0.2868612, 0.4223855, 0
0.6060189, 0.3978231, 0.5337871, 0
0.3711627, 0.169862, 0.3844315, 0
0.5335943, 0.3513922, 0.4619371, 0
0.6259342, 0.4194798, 0.5680593, 0
0.5016325, 0.2660241, 0.4329283, 0
0.4509005, 0.3093009, 0.4226351, 0
0.685539, 0.5389416, 0.6262924, 0
0.5813923, 0.3696609, 0.4796208, 0
0.6566559, 0.4995734, 0.623715, 0
0.3851632, 0.2777179, 0.3872925, 0
0.374, 0.1998626, 0.3716832, 0
0.7624722, 0.5510467, 0.6452959, 0
0.4576724, 0.2472231, 0.4055241, 0
0.6826035, 0.4939187, 0.5788959, 0
0.4832558, 0.2898654, 0.4685227, 0
0.469912, 0.2342957, 0.4322678, 0
0.4484563, 0.3187546, 0.4396659, 0
0.7781012, 0.5848343, 0.7591142, 0
0.4743728, 0.2945557, 0.4275197, 0
0.5288011, 0.3120441, 0.4618939, 0
0.7611724, 0.5029253, 0.6527303, 0
0.78063, 0.6048796, 0.7323782, 0
0.4715812, 0.2825968, 0.4379544, 0
0.7578146, 0.507338, 0.6283998, 0
0.5692767, 0.3808317, 0.4588654, 0
0.7130078, 0.5243863, 0.6476706, 0
0.7154674, 0.5459147, 0.6588721, 0
0.5357447, 0.2893697, 0.4562483, 0
0.402732, 0.2237244, 0.4086666, 0
0.6964856, 0.4865833, 0.6369758, 0
0.4859251, 0.2940978, 0.4598047, 0
0.4650455, 0.2878143, 0.4604666, 0
0.4948335, 0.3313919, 0.4463967, 0
0.3874452, 0.223021, 0.3404313, 0
0.6760136, 0.4537797, 0.6141, 0
0.4236479, 0.2880221, 0.3979481, 0
0.6212947, 0.3463323, 0.511951, 0
0.6544734, 0.3963032, 0.5001254, 0
0.6867296, 0.4424191, 0.5905632, 0
0.7570538, 0.5715608, 0.7684413, 0
0.693983, 0.474806, 0.5624291, 0
0.6609779, 0.4116144, 0.5508085, 0
0.6549256, 0.4120112, 0.5859817, 0
0.6749496, 0.4516116, 0.5277473, 0
0.6787688, 0.4728747, 0.5633637, 0
0.62585, 0.3633612, 0.527033, 0
0.4599216, 0.2834793, 0.4699321, 0
0.6694576, 0.4401378, 0.5474076, 0
0.4590667, 0.303626, 0.4707341, 0
0.6137868, 0.4226885, 0.5562751, 0
0.4609106, 0.2998059, 0.397822, 0
0.7253698, 0.5684144, 0.6669118, 0
0.4069286, 0.2037352, 0.3867914, 0
0.8119618, 0.6068236, 0.7286958, 0
0.5058694, 0.2899287, 0.4895709, 0
0.4462554, 0.2985582, 0.4412899, 0
0.7144316, 0.4823143, 0.6120352, 0
0.5159456, 0.3618473, 0.4282772, 0
0.6164951, 0.3517072, 0.5062147, 0
0.4972359, 0.2949153, 0.4518257, 0
0.485452, 0.3301022, 0.4291141, 0
0.5352523, 0.3836704, 0.493968, 0
0.6506058, 0.4566589, 0.5487981, 0
0.4630035, 0.3155975, 0.469087, 0
0.3447849, 0.1615165, 0.2750046, 0
0.5664406, 0.3891189, 0.4928491, 0
0.5863599, 0.4062473, 0.5313507, 0
0.4012734, 0.1771274, 0.3845823, 0
0.7971105, 0.5652632, 0.7518021, 0
0.3278947, 0.1931517, 0.3245023, 0
0.3832621, 0.1750728, 0.3082752, 0
0.39498, 0.1754373, 0.3894203, 0
0.4812845, 0.315544, 0.4436404, 0
0.6628894, 0.4932409, 0.6094484, 0
0.6127101, 0.3740653, 0.489354, 0
0.606085, 0.3845357, 0.548296, 0
0.6080979, 0.3769503, 0.4899527, 0
0.3400699, 0.1434928, 0.3048467, 0
0.3149431, 0.1286981, 0.324448, 0
0.6643901, 0.4490682, 0.5863847, 0
0.6952143, 0.4874204, 0.5629601, 0
0.5466391, 0.3622963, 0.4431244, 0
0.4568364, 0.2974435, 0.3890283, 0
0.7022489, 0.469912, 0.6159038, 0
0.7892015, 0.5839218, 0.7119504, 0
0.3385064, 0.1247334, 0.3221394, 0
0.6081203, 0.4076672, 0.5067238, 0
0.743644, 0.5395852, 0.6275285, 0
0.757279, 0.5744382, 0.6832046, 0
0.5618147, 0.3461149, 0.52315, 0
0.5457155, 0.3863192, 0.4620101, 0
0.3990723, 0.2218251, 0.3874772, 0
0.3185427, 0.1803144, 0.3014188, 0
0.7119963, 0.5252301, 0.6504138, 0
0.4299918, 0.3127824, 0.433354, 0
0.4021899, 0.2508249, 0.4032649, 0
0.4947436, 0.3147658, 0.4536684, 0
0.5604106, 0.3790778, 0.4751105, 0
0.4880809, 0.2632743, 0.4246182, 0
0.3537206, 0.2019501, 0.3070876, 0
0.3439938, 0.1798942, 0.2892892, 0
0.6340622, 0.377303, 0.5345747, 0
0.7402745, 0.5909193, 0.7506872, 0
0.7569277, 0.578492, 0.6633905, 0
0.5164542, 0.3156078, 0.4575621, 0
0.7647949, 0.6018027, 0.6898111, 0
0.7143412, 0.4859526, 0.6320193, 0
0.3705741, 0.1776288, 0.3015823, 0
0.3444333, 0.1684937, 0.3081823, 0
0.7305925, 0.5282712, 0.6286092, 0
0.5855456, 0.419234, 0.5179607, 0
0.7340422, 0.5975357, 0.7500887, 0
0.4724244, 0.276175, 0.4189808, 0
0.6703781, 0.4321974, 0.5438972, 0
0.3560099, 0.2352298, 0.3803057, 0
0.440056, 0.2337635, 0.391431, 0
0.651665, 0.4974172, 0.5712841, 0
0.4843636, 0.3283518, 0.4643269, 0
0.3573506, 0.2390574, 0.342427, 0
0.5642618, 0.3767886, 0.4740074, 0
0.422181, 0.217497, 0.3922989, 0
0.486423, 0.3039598, 0.4738514, 0
0.6720374, 0.3910921, 0.5423539, 0
0.6772067, 0.5335625, 0.6392933, 0
0.5852528, 0.411478, 0.5222133, 0
0.6610321, 0.4019944, 0.533591, 0
0.7000574, 0.5579042, 0.675227, 0
0.6228964, 0.4571252, 0.5112296, 0
0.5125301, 0.3251895, 0.4655298, 0
0.446444, 0.2732299, 0.4203161, 0
0.7182652, 0.4536361, 0.5984594, 0
0.6234285, 0.3700952, 0.5292757, 0
0.4582689, 0.2294437, 0.4031267, 0
0.6431282, 0.3705249, 0.5370474, 0
0.5801511, 0.3107116, 0.4886609, 0
0.4605891, 0.2239629, 0.4248859, 0
0.6585581, 0.4462951, 0.5370257, 0
0.6422439, 0.4408347, 0.5879321, 0
0.3516425, 0.241132, 0.3636736, 0
0.5167245, 0.3447691, 0.4556642, 0
0.5908437, 0.4028959, 0.4769751, 0
0.6839283, 0.4484916, 0.6245623, 0
0.5394128, 0.3164901, 0.5036653, 0
0.7624058, 0.5813637, 0.7446293, 0
0.6811126, 0.4618742, 0.5780903, 0
0.4662847, 0.3279486, 0.423398, 0
0.7543048, 0.523326, 0.6333039, 0
0.7317809, 0.4890186, 0.6400512, 0
0.5908287, 0.3991535, 0.4786636, 0
0.5688549, 0.3570217, 0.4617836, 0
0.6213838, 0.385151, 0.5396498, 0
0.379656, 0.220168, 0.3361925, 0
0.7668322, 0.5830331, 0.6971788, 0
0.6647602, 0.4840343, 0.5567672, 0
0.4012392, 0.2684134, 0.4141372, 0
0.666186, 0.4860948, 0.5682451, 0
0.6115457, 0.4454669, 0.5046384, 0
0.5673404, 0.3487768, 0.5209373, 0
0.7819945, 0.5370907, 0.7096768, 0
0.5157963, 0.3042322, 0.440988, 0
0.5861698, 0.3442148, 0.4695913, 0
0.6318233, 0.4059816, 0.5238508, 0
0.696733, 0.5661445, 0.6882626, 0
0.3310044, 0.2119058, 0.3521819, 0
0.604918, 0.4066395, 0.5275416, 0
0.6022096, 0.4175028, 0.4963531, 0
0.7230222, 0.4996453, 0.6096652, 0
0.3842477, 0.2044242, 0.3721448, 0
0.6198658, 0.3543881, 0.4903655, 0
0.7651681, 0.5373015, 0.6914311, 0
0.755259, 0.5747734, 0.6681022, 0
0.305185, 0.1472741, 0.3268598, 0
0.706163, 0.5551485, 0.6989151, 0
0.5281253, 0.3000519, 0.4489703, 0
0.7745185, 0.6246994, 0.7185341, 0
0.4198963, 0.1985108, 0.3688613, 0
0.4283261, 0.3181029, 0.4223491, 0
0.4572706, 0.2436394, 0.397313, 0
0.4839991, 0.2685403, 0.4269219, 0
0.3587968, 0.1945008, 0.294964, 0
0.4483881, 0.2842843, 0.4234066, 0
0.769042, 0.5920617, 0.7435436, 0
0.4589471, 0.3077252, 0.4495323, 0
0.5867015, 0.3162061, 0.4706773, 0
0.7029126, 0.4585402, 0.5452074, 0
0.4478799, 0.2375272, 0.4092619, 0
0.3998304, 0.2461295, 0.3886349, 0
0.708038, 0.4968425, 0.6581792, 0
0.7097655, 0.5376946, 0.5978497, 0
0.6392994, 0.4306119, 0.5229093, 0
0.5191002, 0.3175794, 0.442917, 0
0.609519, 0.3927538, 0.5471631, 0
0.7683746, 0.5889436, 0.704825, 0
0.7820908, 0.5821197, 0.7063327, 0
0.5456619, 0.3124415, 0.487524, 0
0.6143047, 0.401648, 0.5044888, 0
0.5643256, 0.3667792, 0.4679048, 0
0.7432593, 0.5600252, 0.7563199, 0
0.7700095, 0.5663933, 0.7067697, 0
0.6885862, 0.5219895, 0.6629287, 0
0.7616163, 0.6153035, 0.6970317, 0
0.7237958, 0.5006346, 0.6217842, 0
0.3631045, 0.1402474, 0.3324158, 0
0.7093078, 0.5479359, 0.6978029, 0
0.4028494, 0.2393056, 0.3939052, 0
0.3472106, 0.1852979, 0.308428, 0
0.6066513, 0.3708313, 0.5432259, 0
0.7500356, 0.5346382, 0.6503256, 0
0.6650102, 0.4198817, 0.5360112, 0
0.6247641, 0.4505785, 0.5644602, 0
0.6587664, 0.4916291, 0.5653593, 0
0.3132711, 0.1522036, 0.2719337, 0
0.7053549, 0.5501515, 0.6420955, 0
0.6526142, 0.4351434, 0.5240602, 0
0.4809852, 0.2916081, 0.4718607, 0
0.362417, 0.1179542, 0.3081286, 0
0.750972, 0.5726625, 0.7491626, 0
0.4604497, 0.2853453, 0.4720947, 0
0.718014, 0.5359453, 0.6480112, 0
0.5636863, 0.3084368, 0.451847, 0
0.5723633, 0.406015, 0.5285333, 0
0.6496672, 0.4355754, 0.5276671, 0
0.6965247, 0.5190812, 0.682673, 0
0.7270077, 0.5118999, 0.6682639, 0
0.3961784, 0.2773547, 0.4109149, 0
0.4087843, 0.2659063, 0.4001867, 0
0.7011941, 0.47135, 0.6358261, 0
0.3841986, 0.1804414, 0.3379878, 0
0.4897897, 0.3342865, 0.4320987, 0
0.7032762, 0.506847, 0.6209949, 0
0.7135872, 0.4440783, 0.5942813, 0
0.7090825, 0.4855052, 0.6644185, 0
0.7689769, 0.6021578, 0.6862522, 0
0.7675393, 0.5466989, 0.7111528, 0
0.6405333, 0.4752958, 0.5427951, 0
0.3110609, 0.1225757, 0.3473696, 0
0.7003812, 0.4363665, 0.5691781, 0
0.7439617, 0.531345, 0.6692784, 0
0.587736, 0.387384, 0.4784765, 0
0.3833638, 0.2018425, 0.4057282, 0
0.7856762, 0.5839381, 0.7165195, 0
0.3579146, 0.1849602, 0.360814, 0
0.7482047, 0.5933353, 0.6879126, 0
0.4765112, 0.2994605, 0.4212503, 0
0.3956584, 0.267201, 0.4171796, 0
0.378436, 0.2061159, 0.3153212, 0
0.4974084, 0.3092496, 0.4077413, 0
0.5276911, 0.3454895, 0.508413, 0
0.4231528, 0.27143, 0.4294897, 0
0.6790097, 0.4435867, 0.5571541, 0
0.4313736, 0.2156027, 0.3727027, 0
0.3025814, 0.1644086, 0.2933645, 0
0.4363841, 0.2023851, 0.4052306, 0
0.4955, 0.3384463, 0.4400127, 0
0.585758, 0.4066894, 0.5484634, 0
0.5961173, 0.3694834, 0.5396191, 0
0.5184188, 0.2772864, 0.4664055, 0
0.6929452, 0.4866343, 0.6317111, 0
0.6661649, 0.4459734, 0.5296668, 0
0.4789019, 0.3312877, 0.4360173, 0
0.6921523, 0.5531957, 0.6616225, 0
0.7642857, 0.529923, 0.6835773, 0
0.6851238, 0.5126996, 0.6667988, 0
0.4647299, 0.2614346, 0.4008541, 0
0.589725, 0.3599958, 0.5412124, 0
0.4352265, 0.2913322, 0.4097854, 0
0.4326023, 0.222253, 0.4304692, 0
0.3588302, 0.199134, 0.3429341, 0
0.7160367, 0.4760725, 0.5938829, 0
0.6961646, 0.5071693, 0.5874815, 0
0.7548003, 0.5877957, 0.6566231, 0
0.6983508, 0.4394565, 0.5555196, 0
0.5921458, 0.4156914, 0.4772294, 0
0.7388328, 0.5367435, 0.6839502, 0
0.3496194, 0.1466506, 0.2725454, 0
0.685928, 0.4582138, 0.5262045, 0
0.6653286, 0.4999136, 0.6151241, 0
0.360379, 0.1313479, 0.299427, 0
0.5992346, 0.406159, 0.5084566, 0
0.6109294, 0.3966993, 0.5289001, 0
0.5336396, 0.2887716, 0.4759859, 0
0.7255163, 0.5847753, 0.7110773, 0
0.3900633, 0.2088359, 0.3617299, 0
0.3881324, 0.2380516, 0.3976786, 0
0.7525287, 0.6082585, 0.7045121, 0
0.6835089, 0.5066301, 0.5751918, 0
0.4893976, 0.2809394, 0.4136518, 0
0.352002, 0.1692168, 0.3161396, 0
0.6558442, 0.4790542, 0.5809793, 0
0.3770242, 0.1812643, 0.3270054, 0
0.7377009, 0.6016638, 0.7041493, 0
0.4148702, 0.1890052, 0.3519299, 0
0.3324328, 0.2128824, 0.3177759, 0
0.7313336, 0.5293195, 0.624674, 0
0.367008, 0.1574593, 0.3403235, 0
0.7722154, 0.5853424, 0.6701396, 0
0.5936257, 0.4004351, 0.4704025, 0
0.5961648, 0.4665976, 0.5739671, 1
0.5475206, 0.4102, 0.5534084, 1
0.518192, 0.427381, 0.5370732, 1
0.4958666, 0.4281844, 0.5938583, 1
0.494641, 0.4509082, 0.5481061, 1
0.51108, 0.4286385, 0.6175601, 1
0.5465408, 0.5044646, 0.649069, 1
0.4871706, 0.3759436, 0.5739914, 1
0.5237947, 0.3610397, 0.5018489, 1
0.4881577, 0.3665494, 0.5266405, 1
0.619864, 0.4270295, 0.6321461, 1
0.6115848, 0.4500815, 0.5631558, 1
0.5402622, 0.4100469, 0.5058004, 1
0.573365, 0.4269028, 0.6456875, 1
0.479635, 0.411006, 0.5403575, 1
0.5231514, 0.3898407, 0.6248976, 1
0.5331362, 0.4773847, 0.5408049, 1
0.4253202, 0.3607574, 0.5685854, 1
0.5863813, 0.4626055, 0.563794, 1
0.5812089, 0.4326665, 0.6261403, 1
0.524938, 0.4427583, 0.5924544, 1
0.5994284, 0.4109059, 0.6403176, 1
0.4618062, 0.4364245, 0.5893651, 1
0.6015453, 0.4632784, 0.6283, 1
0.5431324, 0.3584919, 0.5436397, 1
0.538893, 0.381325, 0.5208088, 1
0.5552437, 0.3992341, 0.5549468, 1
0.4788911, 0.3290156, 0.5445946, 1
0.4965519, 0.4385177, 0.5168771, 1
0.5822161, 0.4241982, 0.6275561, 1
0.4474896, 0.3828897, 0.473146, 1
0.5537719, 0.4388458, 0.5724991, 1
0.5726612, 0.3902047, 0.5714484, 1
0.4586637, 0.4103405, 0.5891249, 1
0.5220099, 0.4069146, 0.5356295, 1
0.5271489, 0.3728746, 0.5788602, 1
0.4614733, 0.3535911, 0.5300916, 1
0.4376308, 0.4007806, 0.5203804, 1
0.5362356, 0.4969647, 0.5689387, 1
0.5331921, 0.4051173, 0.5122827, 1
0.5076213, 0.3399106, 0.5134643, 1
0.5100812, 0.400076, 0.4987816, 1
0.5078321, 0.4423609, 0.5914527, 1
0.4523837, 0.423872, 0.5671942, 1
0.5197523, 0.352897, 0.5326037, 1
0.5564092, 0.5191492, 0.6397555, 1
0.4903178, 0.4630342, 0.6026462, 1
0.5499514, 0.5036476, 0.5938547, 1
0.4691285, 0.3997613, 0.4597637, 1
0.4786979, 0.3957395, 0.5194251, 1
0.5253028, 0.3849155, 0.5441571, 1
0.5840286, 0.4224521, 0.5902535, 1
0.4389646, 0.4109755, 0.5851222, 1
0.4917654, 0.3662855, 0.5077651, 1
0.589582, 0.4001196, 0.5714586, 1
0.5962981, 0.4565589, 0.6099486, 1
0.5061327, 0.3533596, 0.53654, 1
0.4905562, 0.4224602, 0.5209211, 1
0.464434, 0.3859556, 0.4908766, 1
0.4463454, 0.4129644, 0.538731, 1
0.5380573, 0.4176079, 0.5498319, 1
0.4425753, 0.3898484, 0.5345185, 1
0.5812703, 0.4107972, 0.5600019, 1
0.4847739, 0.3253165, 0.5310918, 1
0.45054, 0.3870285, 0.5403244, 1
0.5625783, 0.3988555, 0.6028118, 1
0.5611843, 0.4668233, 0.5743169, 1
0.6245949, 0.4622575, 0.5765311, 1
0.5524517, 0.5013773, 0.5683836, 1
0.4344508, 0.377111, 0.5755987, 1
0.5085033, 0.3544419, 0.5420178, 1
0.5326004, 0.4267255, 0.5657912, 1
0.6081915, 0.4753416, 0.5627959, 1
0.5433602, 0.3837488, 0.6218803, 1
0.5965796, 0.4600414, 0.5913673, 1
0.5191367, 0.432873, 0.6019799, 1
0.4434192, 0.3831559, 0.4768024, 1
0.4848876, 0.3261596, 0.5540066, 1
0.5708283, 0.4374229, 0.6096944, 1
0.6139821, 0.4550153, 0.6131411, 1
0.5829375, 0.5221806, 0.6109166, 1
0.5536097, 0.463579, 0.5663736, 1
0.5087684, 0.4598149, 0.5971646, 1
0.5064773, 0.4559448, 0.607253, 1
0.5049096, 0.358427, 0.4784063, 1
0.5798182, 0.4615957, 0.6377532, 1
0.5572229, 0.4966969, 0.5725312, 1
0.5259831, 0.4396859, 0.6040401, 1
0.5583047, 0.472236, 0.610236, 1
0.4494869, 0.4015477, 0.5275784, 1
0.5560572, 0.4336325, 0.5178387, 1
0.555044, 0.4340181, 0.5819146, 1
0.5890965, 0.4269302, 0.5471302, 1
0.497107, 0.4210284, 0.6186013, 1
0.5334029, 0.3689817, 0.5399961, 1
0.4924581, 0.3386335, 0.5167395, 1
0.4232006, 0.3881097, 0.5451233, 1
0.5094351, 0.3614907, 0.5070261, 1
0.541932, 0.4188152, 0.5874883, 1
0.5707617, 0.4859141, 0.5786781, 1
0.5005038, 0.3530138, 0.4852268, 1
0.604478, 0.4531388, 0.588601, 1
0.4549719, 0.4153664, 0.5414258, 1
0.5261189, 0.41247, 0.5968707, 1
0.5390035, 0.4693359, 0.6410014, 1
0.5345867, 0.3896031, 0.6031965, 1
0.5664518, 0.4745055, 0.5824451, 1
0.5948239, 0.4849092, 0.6046512, 1
0.5761828, 0.4107778, 0.5667549, 1
0.5210211, 0.4317222, 0.5592957, 1
0.4341573, 0.3899822, 0.492281, 1
0.5103963, 0.3683338, 0.5113771, 1
0.542734, 0.4505643, 0.6181086, 1
0.5681344, 0.3867581, 0.5682083, 1
0.6256367, 0.4385026, 0.6218126, 1
0.5410194, 0.4386637, 0.6534926, 1
0.6224928, 0.4389958, 0.5832408, 1
0.563933, 0.4618832, 0.5591896, 1
0.4697028, 0.3564312, 0.5865781, 1
0.5885873, 0.5160171, 0.589291, 1
0.4814011, 0.4277705, 0.5424611, 1
0.4433351, 0.3759625, 0.5371146, 1
0.5711845, 0.4068392, 0.5451606, 1
0.6019992, 0.4158058, 0.5683601, 1
0.5008174, 0.4747441, 0.5874096, 1
0.60844, 0.487455, 0.5922409, 1
0.4776966, 0.3703538, 0.5769671, 1
0.5828036, 0.4097791, 0.6394749, 1
0.5607332, 0.4223809, 0.5762301, 1
0.5824417, 0.4078079, 0.6209834, 1
0.4932612, 0.389974, 0.5703372, 1
0.6043234, 0.4629672, 0.5778113, 1
0.5487705, 0.4658425, 0.5423718, 1
0.4457918, 0.3830472, 0.5746567, 1
0.58625, 0.4005833, 0.5650163, 1
0.587532, 0.4551412, 0.6291865, 1
0.4958954, 0.4152205, 0.5303511, 1
0.5247639, 0.4088447, 0.5018517, 1
0.5301619, 0.4016502, 0.5774108, 1
0.5264508, 0.4772088, 0.585782, 1
0.4979777, 0.4314699, 0.5294496, 1
0.4684318, 0.3876044, 0.5560321, 1
0.5190962, 0.4215166, 0.6086031, 1
0.5985872, 0.4294832, 0.5539051, 1
0.5898275, 0.4372055, 0.5424536, 1
0.6020113, 0.4498839, 0.5937756, 1
0.5612817, 0.4881032, 0.6651226, 1
0.484901, 0.4373073, 0.6182705, 1
0.5133823, 0.3651936, 0.542973, 1
0.4383551, 0.3758987, 0.5204204, 1
0.583977, 0.3911124, 0.5716316, 1
0.5439839, 0.5033351, 0.6047195, 1
0.5704799, 0.4464877, 0.6144257, 1
0.4634772, 0.3515205, 0.506093, 1
0.4853402, 0.3813574, 0.4878137, 1
0.491461, 0.3287528, 0.4963448, 1
0.6044934, 0.4063367, 0.6024606, 1
0.48832, 0.3178818, 0.5064459, 1
0.4314134, 0.3666973, 0.5509525, 1
0.4811876, 0.4013383, 0.5863566, 1
0.5352214, 0.4149707, 0.6510655, 1
0.5442725, 0.3596181, 0.5393252, 1
0.4887535, 0.434504, 0.5187177, 1
0.5316127, 0.4627845, 0.6394033, 1
0.5239384, 0.4665092, 0.6447495, 1
0.5205487, 0.385388, 0.5050626, 1
0.4751928, 0.4488296, 0.6090843, 1
0.4543239, 0.4283314, 0.5660082, 1
0.4745497, 0.3684548, 0.5929271, 1
0.5314791, 0.4050413, 0.5767449, 1
0.4254262, 0.3635642, 0.5220192, 1
0.5794101, 0.4965747, 0.600671, 1
0.5453998, 0.4432656, 0.6628929, 1
0.4512093, 0.3946401, 0.5893049, 1
0.4387027, 0.3621898, 0.5584105, 1
0.612157, 0.4620474, 0.6047533, 1
0.5892223, 0.4725282, 0.6276675, 1
0.5868676, 0.4396682, 0.6086761, 1
0.4426784, 0.3524449, 0.5662909, 1
0.5280624, 0.3972985, 0.4999289, 1
0.5197173, 0.4578528, 0.5470328, 1
0.5287504, 0.3630247, 0.5829364, 1
0.5665531, 0.4372843, 0.6267852, 1
0.4645564, 0.4314896, 0.5563914, 1
0.5723212, 0.4482052, 0.5822162, 1
0.4583766, 0.3914715, 0.549568, 1
0.5328602, 0.4176897, 0.5191629, 1
0.5185763, 0.3433367, 0.5433096, 1
0.5179046, 0.4023225, 0.5168014, 1
0.4638874, 0.4239342, 0.5584605, 1
0.5587613, 0.405082, 0.6211261, 1
0.544215, 0.446437, 0.5365388, 1
0.5531912, 0.4183688, 0.5579514, 1
0.6228652, 0.4676605, 0.5751738, 1
0.5081261, 0.341134, 0.5629139, 1
0.5844202, 0.4323501, 0.6593638, 1
0.4758018, 0.4063638, 0.576443, 1
0.5850975, 0.4219469, 0.637433, 1
0.5458666, 0.4442058, 0.5158246, 1
0.4498477, 0.3897105, 0.4748097, 1
0.5210727, 0.4848777, 0.5762323, 1
0.4615832, 0.4153658, 0.5688983, 1
0.4471404, 0.4032924, 0.5487712, 1
0.5060521, 0.3771102, 0.529795, 1
0.4801174, 0.411311, 0.5975642, 1
0.6124992, 0.4303819, 0.6398738, 1
0.5815919, 0.4724162, 0.5976617, 1
0.4713002, 0.3936253, 0.5107621, 1
0.4151766, 0.3643222, 0.5509278, 1
0.4820466, 0.3353687, 0.5269358, 1
0.5393759, 0.4005044, 0.5055394, 1
0.5941516, 0.4771298, 0.5569867, 1
0.4830845, 0.3828799, 0.5360898, 1
0.5207331, 0.4330078, 0.5678343, 1
0.5181815, 0.4679181, 0.5492612, 1
0.5305607, 0.3952229, 0.581311, 1
0.6136634, 0.4348421, 0.6090038, 1
0.6085865, 0.4823593, 0.5697578, 1
0.4540484, 0.4023868, 0.5328702, 1
0.5069781, 0.3709183, 0.5868569, 1
0.4444343, 0.4063327, 0.5295461, 1
0.5751942, 0.4839941, 0.5943762, 1
0.57501, 0.4311843, 0.6256571, 1
0.4403273, 0.3720779, 0.5807464, 1
0.5789762, 0.4427663, 0.5865073, 1
0.5490487, 0.4747459, 0.5475091, 1
0.5351986, 0.3653577, 0.5537586, 1
0.4682158, 0.3831484, 0.5678936, 1
0.56619, 0.4481457, 0.6754468, 1
0.5702166, 0.4217315, 0.5505679, 1
0.5261496, 0.4927776, 0.6077737, 1
0.4870005, 0.3950877, 0.5601558, 1
0.5479516, 0.4319927, 0.625274, 1
0.5793872, 0.4287304, 0.5576645, 1
0.56758, 0.387274, 0.5875349, 1
0.509154, 0.4627856, 0.5732389, 1
0.5677455, 0.479211, 0.6609254, 1
0.5706741, 0.4795813, 0.606663, 1
0.560711, 0.4319097, 0.5538399, 1
0.4951212, 0.3252393, 0.4940265, 1
0.5766214, 0.3959097, 0.636651, 1
0.4888153, 0.3376005, 0.5628372, 1
0.5301307, 0.4926603, 0.5619031, 1
0.5128316, 0.3705594, 0.5232804, 1
0.5377482, 0.4436658, 0.5662142, 1
0.5738809, 0.4289337, 0.6256176, 1
0.5512805, 0.4459014, 0.5640086, 1
0.5547711, 0.5069845, 0.6107785, 1
0.5311401, 0.4672406, 0.6007353, 1
0.5426577, 0.377622, 0.5624759, 1
0.5631059, 0.5093737, 0.6221632, 1
0.5413907, 0.4486898, 0.6470703, 1
0.4812028, 0.4149962, 0.5266438, 1
0.5813501, 0.4193703, 0.5433332, 1
0.5051174, 0.3856239, 0.4825266, 1
0.4653313, 0.3583418, 0.5289508, 1
0.5287274, 0.4239777, 0.5795411, 1
0.4183168, 0.3681194, 0.5333592, 1
0.4806839, 0.3774835, 0.5992085, 1
0.4620728, 0.4348396, 0.5658121, 1
0.4920044, 0.3671527, 0.5609207, 1
0.534844, 0.4850799, 0.5579319, 1
0.5573661, 0.4554145, 0.6164122, 1
0.4534163, 0.3454913, 0.5275486, 1
0.5326075, 0.3737569, 0.6021255, 1
0.5519357, 0.4271019, 0.6020335, 1
0.5172364, 0.4159806, 0.5251246, 1
0.602641, 0.4663963, 0.6251966, 1
0.5391945, 0.4331013, 0.6027174, 1
0.5482634, 0.5099883, 0.6042416, 1
0.5946156, 0.4279553, 0.6753921, 1
0.5013653, 0.4158396, 0.5694635, 1
0.5734609, 0.4278273, 0.6606464, 1
0.4727187, 0.4093665, 0.4958038, 1
0.4715101, 0.3349618, 0.5473447, 1
0.555982, 0.4284432, 0.6003965, 1
0.4390552, 0.3465423, 0.5630249, 1
0.5217845, 0.4499385, 0.5655769, 1
0.4952068, 0.4070588, 0.5695879, 1
0.5341222, 0.3753028, 0.5706124, 1
0.5364823, 0.4059225, 0.6286151, 1
0.4839528, 0.4224768, 0.5069136, 1
0.5116639, 0.4507115, 0.618997, 1
0.5573493, 0.4568471, 0.6311623, 1
0.5506894, 0.4216806, 0.6150321, 1
0.5498133, 0.45775, 0.6410578, 1
0.6018894, 0.4988604, 0.581415, 1
0.4744978, 0.41539, 0.5400779, 1
0.4902139, 0.4464502, 0.5435011, 1
0.555406, 0.4635105, 0.6695634, 1
0.5150591, 0.4209979, 0.6229678, 1
0.4305947, 0.3952914, 0.5616815, 1
0.4587783, 0.3995784, 0.583745, 1
0.6064855, 0.444607, 0.6214142, 1
0.527565, 0.4544729, 0.6420175, 1
0.5070422, 0.3830456, 0.5046111, 1
0.4901104, 0.3966693, 0.5033987, 1
0.5015236, 0.4344723, 0.5146577, 1
0.6090748, 0.4264741, 0.6124721, 1
0.51353, 0.3387033, 0.5558847, 1
0.5772507, 0.4171054, 0.5369655, 1
0.4651014, 0.4134284, 0.5235212, 1
0.4852846, 0.3844844, 0.5141329, 1
0.5054953, 0.4219908, 0.6066057, 1
0.5610313, 0.3999245, 0.6304532, 1
0.4597882, 0.3732361, 0.5315868, 1
0.5214011, 0.4382831, 0.5690335, 1
0.4389647, 0.3749237, 0.5217263, 1
0.5005244, 0.3356511, 0.4823782, 1
0.5435814, 0.4540246, 0.5415995, 1
0.496891, 0.4383592, 0.6152341, 1
0.4786209, 0.4165639, 0.5555241, 1
0.5585375, 0.4445809, 0.5421537, 1
0.6222728, 0.4435519, 0.6031598, 1
0.4399751, 0.3960147, 0.5434799, 1
0.456019, 0.393847, 0.5362738, 1
0.5210786, 0.3828814, 0.5220303, 1
0.5149947, 0.4284349, 0.57412, 1
0.5006311, 0.3492768, 0.57855, 1
0.5404374, 0.4749948, 0.6198017, 1
0.4767509, 0.3809133, 0.5551915, 1
0.6198576, 0.4552998, 0.6128365, 1
0.5019382, 0.3905838, 0.5351876, 1
0.5405077, 0.3592921, 0.5379046, 1
0.4443929, 0.3594323, 0.5214552, 1
0.5261401, 0.3680663, 0.5153574, 1
0.4689299, 0.3928905, 0.5069277, 1
0.5026792, 0.3890947, 0.5257906, 1
0.4722372, 0.4026088, 0.5587047, 1
0.4800113, 0.3856359, 0.4831224, 1
0.5698243, 0.486751, 0.6018773, 1
0.5351434, 0.3662651, 0.5954425, 1
0.4944201, 0.33102, 0.5136856, 1
0.4976068, 0.3749, 0.476415, 1
0.4907443, 0.3857656, 0.5435248, 1
0.4871807, 0.3428132, 0.4865661, 1
0.4383053, 0.3807381, 0.5590832, 1
0.5496609, 0.5128488, 0.6005486, 1
0.5220434, 0.4573674, 0.5437551, 1
0.5321285, 0.4624933, 0.630628, 1
0.4839596, 0.460609, 0.5700931, 1
0.4982721, 0.3957296, 0.6211196, 1
0.52321, 0.482291, 0.602656, 1
0.532591, 0.4714539, 0.6137875, 1
0.4200087, 0.3788888, 0.5278721, 1
0.5455957, 0.4195251, 0.510747, 1
0.6032905, 0.4332944, 0.6415098, 1
0.4196814, 0.375008, 0.5046503, 1
0.5027436, 0.3889717, 0.5944632, 1
0.5886618, 0.41028, 0.6551353, 1
0.6334553, 0.4483092, 0.6045719, 1
0.5081652, 0.3956278, 0.5143986, 1
0.4747522, 0.4270668, 0.6128855, 1
0.6292148, 0.42889, 0.61858, 1
0.497393, 0.3737397, 0.5102926, 1
0.4563133, 0.4024826, 0.4963899, 1
0.5575945, 0.4522615, 0.6735545, 1
0.5320039, 0.4006006, 0.5573003, 1
0.6238514, 0.4129535, 0.6134993, 1
0.5584947, 0.4309558, 0.6612609, 1
0.5612026, 0.4460031, 0.6431794, 1
0.5188507, 0.4263966, 0.5045826, 1
0.4385517, 0.3941959, 0.5004596, 1
0.5361328, 0.3804778, 0.561353, 1
0.4518401, 0.3614367, 0.5235445, 1
0.5638096, 0.5009395, 0.5963379, 1
0.4799932, 0.363857, 0.531509, 1
0.508633, 0.3513437, 0.5414122, 1
0.4750635, 0.4547336, 0.5738166, 1
0.5713034, 0.4773944, 0.562506, 1
0.6051932, 0.4581669, 0.5638678, 1
0.5250655, 0.4602914, 0.5184416, 1
0.5296199, 0.4080684, 0.550482, 1
0.4940469, 0.3463842, 0.4750316, 1
0.528237, 0.4176994, 0.5660527, 1
0.4837829, 0.3919651, 0.6134344, 1
0.4712788, 0.3928982, 0.6069785, 1
0.5279526, 0.4440574, 0.5515304, 1
0.5306674, 0.4419085, 0.6291528, 1
0.6093281, 0.4605399, 0.6268905, 1
0.4470784, 0.3390443, 0.5756053, 1
0.5159898, 0.4098126, 0.4901792, 1
0.5355765, 0.4402366, 0.6429221, 1
0.4846015, 0.3894652, 0.4780247, 1
0.5100732, 0.4406778, 0.5448663, 1
0.511301, 0.4036469, 0.5749758, 1
0.4872994, 0.3666579, 0.4754546, 1
0.5605929, 0.3923635, 0.5659383, 1
0.602252, 0.415641, 0.6485643, 1
0.4910252, 0.4455174, 0.6047435, 1
0.5066535, 0.3955432, 0.5979244, 1
0.5527821, 0.4774342, 0.6138204, 1
0.5235745, 0.4105197, 0.4989087, 1
0.4370949, 0.3794777, 0.4785724, 1
0.5546682, 0.4324408, 0.6069337, 1
0.4913431, 0.4754867, 0.5790107, 1
0.5564635, 0.4177697, 0.522355, 1
0.6106158, 0.4614097, 0.5705954, 1
0.4994136, 0.3440219, 0.5766232, 1
0.5145386, 0.4083988, 0.557517, 1
0.484199, 0.3555114, 0.5132282, 1
0.5420461, 0.4175018, 0.5137718, 1
0.4995047, 0.3234152, 0.5293509, 1
0.4926809, 0.4488955, 0.5435892, 1
0.5368044, 0.4509076, 0.5734474, 1
0.5466985, 0.4508895, 0.6211545, 1
0.4708106, 0.388227, 0.5555569, 1
0.5701144, 0.413578, 0.6602443, 1
0.5708765, 0.3964165, 0.6369961, 1
0.4452952, 0.3443878, 0.5722423, 1
0.5110001, 0.3652341, 0.5165265, 1
0.6142015, 0.4584624, 0.5872535, 1
0.6223385, 0.4324204, 0.6295966, 1
0.4547075, 0.4377419, 0.5814424, 1
0.4975604, 0.3302552, 0.5622281, 1
0.4625217, 0.3560213, 0.5400535, 1
0.4388678, 0.3478906, 0.5691208, 1
0.4771137, 0.3989758, 0.484434, 1
0.5060351, 0.3511074, 0.56767, 1
0.4530756, 0.3897316, 0.5752274, 1
0.5989795, 0.4234471, 0.5901954, 1
0.4753104, 0.3594006, 0.5710239, 1
0.5300273, 0.4250853, 0.5788351, 1
0.5215542, 0.3603407, 0.5211639, 1
0.4943388, 0.3479337, 0.4895293, 1
0.535924, 0.4586684, 0.6608936, 1
0.4829613, 0.3640537, 0.5801957, 1
0.484666, 0.4064134, 0.5248888, 1
0.4733458, 0.4208873, 0.5853365, 1
0.5374762, 0.4387599, 0.6341279, 1
0.4517063, 0.3598931, 0.5345643, 1
0.5525826, 0.4409482, 0.5304345, 1
0.5370948, 0.4435017, 0.5617426, 1
0.5676378, 0.4463496, 0.5297049, 1
0.5000987, 0.3849163, 0.4900958, 1
0.4942516, 0.4216577, 0.5512767, 1
0.5880597, 0.442853, 0.6388907, 1
0.4763994, 0.4426734, 0.5590847, 1
0.5251899, 0.4436508, 0.5913638, 1
0.5799117, 0.4812487, 0.5868383, 1
0.5341045, 0.4074028, 0.5137834, 1
0.5695797, 0.4345134, 0.5388039, 1
0.6004851, 0.4991711, 0.5777922, 1
0.426587, 0.3666801, 0.5090682, 1
0.5280684, 0.369395, 0.6093052, 1
0.576181, 0.4635944, 0.6446398, 1
0.4439444, 0.390879, 0.4913594, 1
0.4879449, 0.4470789, 0.5870959, 1
0.5976621, 0.4108338, 0.6388533, 1
0.4783013, 0.3078806, 0.5354725, 1
0.5338987, 0.4162851, 0.5429296, 1
0.4788767, 0.4599167, 0.5925301, 1
0.5660205, 0.4952703, 0.5954715, 1
0.5133085, 0.3780202, 0.5938488, 1
0.4887907, 0.3561398, 0.5257177, 1
0.5675879, 0.4039518, 0.5824314, 1
0.4905728, 0.384247, 0.6173248, 1
0.5291513, 0.3521371, 0.5733318, 1
0.4154192, 0.3850267, 0.5589675, 1
0.4944128, 0.3701307, 0.5277579, 1
0.4576813, 0.3693284, 0.5536104, 1
0.5747874, 0.4564432, 0.5546802, 1
0.4557119, 0.3500315, 0.5691837, 1
0.553614, 0.4283234, 0.5782152, 1
0.4806402, 0.4226224, 0.5187798, 1
0.5052527, 0.416341, 0.5075153, 1
0.5369295, 0.4414366, 0.6169933, 1
0.5743532, 0.507611, 0.579335, 1
0.4960378, 0.4401684, 0.623692, 1
0.5308442, 0.4070453, 0.5634403, 1
0.4679251, 0.3563223, 0.5670882, 1
0.4191783, 0.3871374, 0.5118351, 1
0.4225059, 0.3929358, 0.5693569, 1
0.4417767, 0.4043621, 0.5648339, 1
0.517545, 0.4829833, 0.5592558, 1
0.4532322, 0.4055113, 0.5856436, 1
0.5889755, 0.5153453, 0.5925514, 1
0.4993743, 0.3821582, 0.4992281, 1
0.5261818, 0.4442367, 0.6414002, 1
0.5474464, 0.4740041, 0.5395347, 1
0.4785088, 0.3479376, 0.5560773, 1
0.5055536, 0.4801273, 0.6043097, 1
0.6157644, 0.4224637, 0.6422321, 1
0.6275306, 0.434897, 0.6211929, 1
0.5197436, 0.3674521, 0.5341654, 1
0.5838524, 0.4364318, 0.6485204, 1
0.504964, 0.3368836, 0.5130196, 1
0.4654883, 0.4075589, 0.5203369, 1
0.4932831, 0.430351, 0.5006613, 1
0.4282296, 0.3885207, 0.5657249, 1
0.4660075, 0.3608784, 0.498357, 1
0.6059064, 0.4129119, 0.6124556, 1
0.5241565, 0.3805619, 0.5881699, 1
0.6037312, 0.4176349, 0.5673223, 1
0.4414797, 0.4004748, 0.5697912, 1
0.5233479, 0.4166855, 0.643097, 1
0.5869082, 0.4455852, 0.6460498, 1
0.5272669, 0.3741111, 0.5992285, 1
0.5276129, 0.4973157, 0.5877703, 1
0.5140259, 0.3677549, 0.4964916, 1
0.4958156, 0.4330076, 0.5033213, 1
0.512414, 0.3466753, 0.4966136, 1
0.5980574, 0.4782153, 0.5628529, 1
0.5671387, 0.5107113, 0.5987893, 1
0.5572678, 0.3996019, 0.6240691, 1
0.4462176, 0.3621691, 0.580484, 1
0.5247988, 0.4359416, 0.5790092, 1
0.5108137, 0.3644941, 0.5081937, 1
0.5144207, 0.457623, 0.6012083, 1
0.4750813, 0.3759276, 0.5391164, 1
0.5873502, 0.4473882, 0.641115, 1
0.5624375, 0.4753691, 0.651023, 1
0.4941007, 0.3803227, 0.5517654, 1
0.4955822, 0.4634142, 0.6018136, 1
0.5120636, 0.4255445, 0.6215487, 1
0.6246356, 0.4321642, 0.6253309, 1
0.5554835, 0.451277, 0.6680365, 1
0.5321648, 0.4382509, 0.6293113, 1
0.5509307, 0.3804578, 0.6022815, 1
0.5102533, 0.4591585, 0.6354436, 1
0.5316314, 0.3725309, 0.5456304, 1
0.5176785, 0.3434101, 0.5691746, 1
0.555571, 0.426207, 0.5245003, 1
0.5272832, 0.4092454, 0.5550807, 1
0.5399324, 0.4239188, 0.6103275, 1
0.520626, 0.4313801, 0.5227768, 1
0.5478612, 0.4709655, 0.5931066, 1
0.5333711, 0.4716122, 0.6107521, 1
0.5513325, 0.3730855, 0.5654762, 1
0.4637765, 0.4238429, 0.5695723, 1
0.4854954, 0.4036673, 0.4901679, 1
0.6003548, 0.4722723, 0.571611, 1
0.5288232, 0.4347712, 0.593968, 1
0.5522925, 0.4007602, 0.6057055, 1
0.5096723, 0.4223141, 0.629701, 1
0.4501171, 0.3604036, 0.5434052, 1
0.6104372, 0.4430989, 0.6387319, 1
0.4387689, 0.3551286, 0.5665341, 1
0.5294553, 0.45107, 0.6046441, 1
0.4639539, 0.3654667, 0.494119, 1
0.5016385, 0.4324702, 0.5344802, 1
0.5194026, 0.4387746, 0.5148615, 1
0.5489584, 0.4962484, 0.5667651, 1
0.4790057, 0.4400091, 0.5849927, 1
0.5589489, 0.4263261, 0.591116, 1
0.5295366, 0.4172978, 0.5968716, 1
0.5113693, 0.4090005, 0.6227732, 1
0.5587633, 0.4434575, 0.5995727, 1
0.5274678, 0.3992075, 0.5431719, 1
0.5857987, 0.4176993, 0.5655659, 1
0.5554457, 0.4258775, 0.5392904, 1
0.4677511, 0.356306, 0.5526927, 1
0.5684646, 0.4636247, 0.5376472, 1
0.5548485, 0.4501785, 0.6388959, 1
0.5587953, 0.4711578, 0.663877, 1
0.5696466, 0.4199029, 0.6525238, 1
0.4829746, 0.3691819, 0.4863952, 1
0.558534, 0.4956472, 0.5898719, 1
0.5324587, 0.4174898, 0.5191783, 1
0.4818153, 0.4008239, 0.5441004, 1
0.5274721, 0.4040516, 0.5296733, 1
0.5599952, 0.4544415, 0.6538555, 1
0.4604005, 0.3570916, 0.5741177, 1
0.5232782, 0.4593397, 0.5317422, 1
0.5760561, 0.4917513, 0.5683429, 1
0.6011224, 0.4532261, 0.5813721, 1
0.4941095, 0.3598136, 0.5400512, 1
0.4269909, 0.3984555, 0.5315229, 1
0.473255, 0.3407316, 0.5371139, 1
0.5553941, 0.4020826, 0.644828, 1
0.4625254, 0.4106929, 0.5325144, 1
0.5276477, 0.3923084, 0.5195024, 1
0.4913306, 0.4305278, 0.5060875, 1
0.5739272, 0.4107275, 0.5668105, 1
0.4785992, 0.4167096, 0.6107429, 1
0.5102172, 0.3916786, 0.4765257, 1
0.5554134, 0.4849141, 0.6441177, 1
0.5700802, 0.463494, 0.6714636, 1
0.5301728, 0.4224482, 0.5602739, 1
0.5353285, 0.4395484, 0.6547226, 1
0.5189028, 0.408168, 0.5191808, 1
0.5293995, 0.4395051, 0.532873, 1
0.5115836, 0.4112409, 0.5601393, 1
0.5807703, 0.4330465, 0.6336607, 1
0.5418417, 0.399994, 0.5054973, 1
0.5696747, 0.4158306, 0.5779231, 1
0.5496729, 0.4666365, 0.5597237, 1
0.5031575, 0.4138217, 0.498473, 1
0.5445076, 0.373715, 0.6038467, 1
0.616366, 0.4229791, 0.6434892, 1
0.5391634, 0.4369304, 0.6210697, 1
0.5141613, 0.3855023, 0.6139373, 1
0.5245981, 0.3908607, 0.5350975, 1
0.4469974, 0.3878477, 0.476628, 1
0.5155212, 0.4519301, 0.622625, 1
0.4751202, 0.3767025, 0.4764947, 1
0.4990296, 0.4294491, 0.5806282, 1
0.5803596, 0.4585141, 0.62893, 1
0.5361384, 0.3652298, 0.5719793, 1
0.5470136, 0.3973854, 0.5714745, 1
0.4840464, 0.3599381, 0.5243264, 1
0.6080457, 0.4368922, 0.6378622, 1
0.5401613, 0.4192584, 0.518634, 1
0.5901057, 0.4080289, 0.638297, 1
0.4862681, 0.428582, 0.5336196, 1
0.5105608, 0.3909884, 0.5324835, 1
0.5592763, 0.4982655, 0.6279274, 1
0.4977402, 0.3742421, 0.607136, 1
0.4695689, 0.4166665, 0.5696487, 1
0.6214984, 0.4546477, 0.5803613, 1
0.5852013, 0.4034531, 0.6296799, 1
0.5344414, 0.3841721, 0.5502873, 1
0.5269283, 0.3467324, 0.5344764, 1
0.5439169, 0.4481277, 0.5147141, 1
0.5430748, 0.4351314, 0.6146034, 1
0.5053571, 0.4310651, 0.5900069, 1
0.5045904, 0.3647712, 0.5063394, 1
0.4389739, 0.3828421, 0.4924686, 1
0.5826788, 0.404534, 0.5969324, 1
0.5683248, 0.4655212, 0.6757478, 1
0.5396879, 0.4512996, 0.5761432, 1
0.6140959, 0.4380501, 0.5776371, 1
0.6154816, 0.4975436, 0.5826122, 1
0.458096, 0.3904519, 0.5257558, 1
0.5516854, 0.460523, 0.5800651, 1
0.5299997, 0.4222182, 0.5645742, 1
0.5963833, 0.4461591, 0.6234555, 1
0.5713321, 0.5034932, 0.6060447, 1
0.4788867, 0.3785357, 0.4950899, 1
0.5665885, 0.5021848, 0.6219819, 1
0.5687106, 0.4552256, 0.6461893, 1
0.4572531, 0.4287928, 0.5621439, 1
0.5617821, 0.4822364, 0.6202112, 1
0.4248594, 0.3776155, 0.5429404, 1
0.5805398, 0.4680664, 0.6024735, 1
0.5240913, 0.3796165, 0.5234733, 1
0.4126376, 0.3831359, 0.5639521, 1
0.4392876, 0.3810197, 0.5396825, 1
0.5634909, 0.4565355, 0.5629305, 1
0.612065, 0.4487805, 0.5994775, 1
0.5490099, 0.4557547, 0.5782545, 1
0.4333245, 0.4112801, 0.5542591, 1
0.5627981, 0.4582626, 0.6295438, 1
0.5333326, 0.3953786, 0.5545046, 1
0.4847071, 0.4268577, 0.5981256, 1
0.4691272, 0.3569192, 0.5603251, 1
0.5012444, 0.3645751, 0.5837, 1
0.5742699, 0.4452384, 0.5978495, 1
0.5889838, 0.4506626, 0.6596828, 1
0.4562377, 0.3287386, 0.5496087, 1
0.5981752, 0.4334557, 0.6020181, 1
0.5060974, 0.3509524, 0.5229033, 1
0.5604028, 0.5127302, 0.6182402, 1
0.5255409, 0.3632374, 0.5002335, 1
0.4765652, 0.3381367, 0.54768, 1
0.5478092, 0.4645805, 0.6100054, 1
0.559478, 0.4649153, 0.603194, 1
0.5032531, 0.3851519, 0.6048036, 1
0.5342892, 0.4490061, 0.619294, 1
0.5741292, 0.3985085, 0.5674317, 1
0.5329105, 0.4548744, 0.5262288, 1
0.6359519, 0.4423979, 0.607295, 1
0.5830443, 0.4828756, 0.5908341, 1
0.482354, 0.4153075, 0.4957474, 1
0.4205442, 0.3681135, 0.5233352, 1
0.4815635, 0.4208212, 0.5467371, 1
0.4773086, 0.3420152, 0.5051523, 1
0.5141671, 0.3655561, 0.6006864, 1
0.4098717, 0.3784439, 0.5120893, 1
0.5987088, 0.3986298, 0.5836033, 1
0.557476, 0.4205681, 0.5539938, 1
0.4917603, 0.3965642, 0.4855881, 1
0.4795614, 0.4607984, 0.5881541, 1
0.5844722, 0.4820303, 0.6236085, 1
0.4811142, 0.4312716, 0.5331582, 1
0.4683069, 0.3854621, 0.5995237, 1
0.5157734, 0.3598405, 0.5300921, 1
0.443477, 0.4170476, 0.5539854, 1
0.4481906, 0.3655676, 0.5350927, 1
0.4537638, 0.3233816, 0.5658171, 1
0.5327901, 0.3697928, 0.5931543, 1
0.4389648, 0.3800625, 0.5283167, 1
0.5020446, 0.3498228, 0.576818, 1
0.5082763, 0.4256447, 0.5875462, 1
0.5168653, 0.4594893, 0.5844612, 1
0.4830219, 0.4370285, 0.5568373, 1
0.5567686, 0.3759274, 0.5558535, 1
0.5269527, 0.3860749, 0.5399169, 1
0.5503829, 0.4590129, 0.655952, 1
0.4775009, 0.379932, 0.6016646, 1
0.580824, 0.4203954, 0.650668, 1
0.516367, 0.4183487, 0.4862299, 1
0.4996958, 0.4578233, 0.5702883, 1
0.5277015, 0.4270315, 0.5772527, 1
0.5884063, 0.4808398, 0.6179238, 1
0.495298, 0.4429801, 0.5665016, 1
0.503401, 0.4377155, 0.5179726, 1
0.4785123, 0.3930308, 0.5498275, 1
0.4822439, 0.4068897, 0.5061658, 1
0.4834567, 0.4142326, 0.5146301, 1
0.55335, 0.4475946, 0.6733383, 1
0.5486217, 0.4388317, 0.6578021, 1
0.4623766, 0.3648091, 0.5747847, 1
0.517369, 0.4197133, 0.5437199, 1
0.4377753, 0.3439742, 0.5696195, 1
0.539306, 0.3706437, 0.5209205, 1
0.4671064, 0.3882873, 0.4770087, 1
0.5656392, 0.4363534, 0.6209255, 1
0.4907271, 0.337787, 0.5223855, 1
0.472427, 0.3468924, 0.568294, 1
0.5242221, 0.4253306, 0.6447876, 1
0.5750784, 0.4945323, 0.5841352, 1
0.584959, 0.4754901, 0.5802025, 1
0.5851491, 0.3943653, 0.5862861, 1
0.5658112, 0.4387035, 0.588827, 1
0.5390546, 0.4686638, 0.6349806, 1
0.5016686, 0.3453281, 0.5225604, 1
0.5140827, 0.4698182, 0.6278717, 1
0.4728598, 0.4395646, 0.5764469, 1
0.5220386, 0.4349346, 0.6233444, 1
0.5685882, 0.4235472, 0.6577044, 1
0.5198668, 0.3874237, 0.5194951, 1
0.5855348, 0.4008298, 0.6367993, 1
0.4997544, 0.3859392, 0.5964271, 1
0.5714867, 0.4414753, 0.5437062, 1
0.5244259, 0.4178682, 0.5014421, 1
0.5085379, 0.4738535, 0.5557943, 1
0.6083861, 0.4909992, 0.5923625, 1
0.6122709, 0.444451, 0.5799671, 1
0.4162974, 0.364936, 0.5502726, 1
0.5811417, 0.4623302, 0.6497197, 1
0.4082309, 0.3772339, 0.5125908, 1
0.5279339, 0.4181296, 0.5124784, 1
0.42158, 0.3792131, 0.5038369, 1
0.6157613, 0.4224631, 0.6421309, 1
0.5547619, 0.4440027, 0.6521094, 1
0.4767904, 0.3211527, 0.5541614, 1
0.5039037, 0.4215782, 0.6302158, 1
0.4826448, 0.3878089, 0.496804, 1
0.4372284, 0.3744793, 0.5745472, 1
0.4376253, 0.385208, 0.5117605, 1
0.5389287, 0.3759156, 0.5320711, 1
0.5807185, 0.4527776, 0.5972676, 1
0.4782234, 0.4662634, 0.5790222, 1
0.5410379, 0.4319817, 0.5271769, 1
0.405694, 0.3738825, 0.5262356, 1
0.5455883, 0.4752358, 0.6092283, 1
0.4985338, 0.4404587, 0.6151665, 1
0.603456, 0.4761092, 0.592516, 1
0.43771, 0.3412967, 0.5445954, 1
0.4628309, 0.3993073, 0.4918644, 1
0.527079, 0.438648, 0.608714, 1
0.5223143, 0.4922678, 0.6043914, 1
0.502274, 0.3814353, 0.594596, 1
0.5687748, 0.3765914, 0.5817806, 1
0.5794224, 0.4698996, 0.5481594, 1
0.4448415, 0.3597694, 0.5348632, 1
0.48981, 0.4133422, 0.4751907, 1
0.5628538, 0.4705739, 0.5859135, 1
0.4339398, 0.3459928, 0.5371775, 1
0.4975668, 0.3247365, 0.4943525, 1
0.4895041, 0.3809106, 0.5410615, 1
0.5850908, 0.4835142, 0.5945265, 1
0.5058801, 0.3662419, 0.6062031, 1
0.4739191, 0.4238088, 0.602051, 1
0.5831772, 0.4581867, 0.6134551, 1
0.6156694, 0.4344739, 0.5941547, 1
0.4790826, 0.389892, 0.5946694, 1
0.4708958, 0.4033541, 0.543593, 1
0.5677086, 0.4460113, 0.6391516, 1
0.5529718, 0.3882181, 0.5445606, 1
0.5090148, 0.4604435, 0.5372454, 1
0.5187561, 0.3790464, 0.5211854, 1
0.5020205, 0.4694473, 0.6236296, 1
0.4666331, 0.3229522, 0.5407125, 1
0.5034686, 0.3777218, 0.6064149, 1
0.6255077, 0.4732241, 0.575603, 1
0.5387223, 0.5019857, 0.6094456, 1
0.4794421, 0.3807213, 0.5482222, 1
0.5765653, 0.4200781, 0.6106063, 1
0.51013, 0.3696254, 0.5673656, 1
0.5558279, 0.3983774, 0.5475891, 1
0.5262698, 0.3517582, 0.5428839, 1
0.5855896, 0.4426137, 0.5838071, 1
0.4626457, 0.3637283, 0.5903447, 1
0.6046528, 0.4876972, 0.5906182, 1
0.5017183, 0.3682251, 0.4898589, 1
0.4731283, 0.3835891, 0.5295597, 1
0.479507, 0.4009938, 0.6022537, 1
0.5747271, 0.4019888, 0.5640224, 1
0.4588611, 0.3639986, 0.5455887, 1
0.4564924, 0.4399617, 0.5815821, 1
0.4789909, 0.4484948, 0.5948214, 1
0.4920952, 0.3814546, 0.4854867, 1
0.4437045, 0.3945394, 0.5255032, 1
0.5561694, 0.4898511, 0.6027622, 1
0.461419, 0.3627701, 0.4996538, 1
0.4908013, 0.3571278, 0.5534251, 1
0.4427596, 0.3587948, 0.5644574, 1
0.5175722, 0.4830877, 0.6171455, 1
0.5661879, 0.4836122, 0.5673224, 1
0.5660555, 0.5030792, 0.6379409, 1
0.5678211, 0.4553103, 0.5485082, 1
0.5224543, 0.3888351, 0.5275998, 1
0.5388601, 0.3780416, 0.52345, 1
0.5566918, 0.4430476, 0.6687852, 1
0.5819954, 0.4106012, 0.6568014, 1
0.4665841, 0.4546194, 0.5831889, 1
0.5194665, 0.4357904, 0.6253644, 1
0.5358039, 0.4921184, 0.6215803, 1
0.4965527, 0.3638857, 0.5672821, 1
0.4997821, 0.3497381, 0.5809767, 1
0.5309107, 0.479497, 0.6055084, 1
0.4966013, 0.4098619, 0.4758304, 1
0.4771276, 0.4128551, 0.596326, 1
0.557023, 0.4630724, 0.6429982, 1
0.5763802, 0.4202479, 0.5913353, 1
0.5166302, 0.458739, 0.5742262, 1
0.5953731, 0.491616, 0.5886571, 1
0.5516157, 0.37879, 0.5370012, 1
0.548977, 0.3946054, 0.5365235, 1
0.4996412, 0.4720401, 0.5627554, 1
0.4293832, 0.3412592, 0.5495609, 1
0.4726723, 0.3333037, 0.5530505, 1
0.5837724, 0.4280176, 0.6036089, 1
0.487713, 0.4100557, 0.5812697, 1
0.4916945, 0.4094758, 0.5917022, 1
0.469565, 0.3799365, 0.5529735, 1
0.4820213, 0.4259177, 0.5791928, 1
0.4463984, 0.3321745, 0.5412711, 1
0.5516406, 0.4892049, 0.5757518, 1
0.4882386, 0.4373217, 0.5283563, 1
0.5076458, 0.3868893, 0.6002079, 1
0.5077988, 0.3894213, 0.5948038, 1
0.4762163, 0.3296456, 0.5093732, 1
0.5520787, 0.4672268, 0.5380261, 1
0.5084931, 0.4199581, 0.6122181, 1
0.5893643, 0.4226046, 0.6122667, 1
0.4832815, 0.3971036, 0.490576, 1
0.4789273, 0.3721517, 0.5162603, 1
0.4920034, 0.3144686, 0.5336658, 1
0.545408, 0.4673573, 0.6524815, 1
0.5906404, 0.4527276, 0.6415667, 1
0.5094587, 0.3557216, 0.5723747, 1
0.4648856, 0.3876131, 0.5404022, 1
0.5421474, 0.4965043, 0.563805, 1
0.5592229, 0.4609076, 0.5949777, 1
0.5078545, 0.3429679, 0.5073863, 1
0.5988054, 0.4610555, 0.5669581, 1
0.588915, 0.4710016, 0.6187598, 1
0.5101342, 0.3854153, 0.554357, 1
0.5122237, 0.3766263, 0.5105351, 1
0.5923333, 0.4462251, 0.5454392, 1
0.4821976, 0.3729185, 0.5983217, 1
0.5048218, 0.4512686, 0.5577795, 1
0.6054519, 0.4520632, 0.5832815, 1
0.4355468, 0.3866556, 0.5505932, 1
0.6160049, 0.4773627, 0.6030442, 1
0.4973848, 0.4217225, 0.4850845, 1
0.5789433, 0.4788223, 0.5617221, 1
0.4534014, 0.3787759, 0.5608864, 1
0.5510948, 0.4996891, 0.6559009, 1
0.5018729, 0.3833284, 0.5759819, 1
0.4984538, 0.3518938, 0.5737519, 1
0.5147629, 0.3380659, 0.5573302, 1
0.5948498, 0.491312, 0.6098293, 1
0.5584478, 0.4815487, 0.6180023, 1
0.5928549, 0.4208919, 0.5840944, 1
0.5651724, 0.4400904, 0.6690106, 1
0.4608079, 0.3565406, 0.5561495, 1
0.4332443, 0.3676824, 0.5086858, 1
0.5116071, 0.3798688, 0.5270141, 1
0.4303464, 0.3908195, 0.5032876, 1
0.4607071, 0.3426346, 0.5138771, 1
0.5149199, 0.4342217, 0.613134, 1
0.5450141, 0.427099, 0.529566, 1
0.623604, 0.4454537, 0.6131964, 1
0.483904, 0.3551868, 0.5550758, 1
0.555491, 0.4350665, 0.5952979, 1
0.6110832, 0.4051272, 0.6144738, 1
0.5889559, 0.4187598, 0.5639299, 1
0.5784041, 0.5069434, 0.6200153, 1
0.4635914, 0.3240129, 0.5462592, 1
0.5049253, 0.3312384, 0.5175195, 1
0.5092064, 0.3762259, 0.4935082, 1
0.4378239, 0.3527699, 0.5549539, 1
0.5693973, 0.4562371, 0.5589189, 1
0.5625256, 0.4921424, 0.5828595, 1
0.5806005, 0.4426894, 0.6759622, 1
0.5359414, 0.4788949, 0.6174998, 1
0.4408647, 0.3594148, 0.5173483, 1
0.5662845, 0.4378112, 0.6708754, 1
0.5654408, 0.4456689, 0.5426524, 1
0.5039824, 0.4577776, 0.5882587, 1
0.5011615, 0.4364565, 0.6157176, 1
0.4076342, 0.3661676, 0.5592231, 1
0.5379059, 0.44666, 0.5530171, 1
0.4974239, 0.4120309, 0.5308601, 1
0.5346262, 0.4314353, 0.6187235, 1
0.4921731, 0.3798691, 0.5680865, 1
0.489042, 0.4065142, 0.5176996, 1
0.4856646, 0.4332095, 0.5224448, 1
0.5806124, 0.4314566, 0.6141719, 1
0.5050781, 0.4068641, 0.4989241, 1
0.4910283, 0.4066701, 0.5358822, 1
0.4451189, 0.4268153, 0.5897502, 1
0.5378754, 0.3752193, 0.6095909, 1
0.6072038, 0.4091642, 0.5841956, 1
0.5884946, 0.4056882, 0.5626225, 1
0.5542815, 0.3807703, 0.5326585, 1
0.4979651, 0.4732791, 0.5697415, 1
0.6208622, 0.4691835, 0.5980608, 1
0.6030431, 0.4769046, 0.5818931, 1
0.4933952, 0.3555665, 0.4802907, 1
0.5300704, 0.4348921, 0.5536921, 1
0.5562913, 0.4918072, 0.588209, 1
0.594178, 0.5079102, 0.5804155, 1
0.5108071, 0.3914337, 0.5802434, 1
0.4716312, 0.4003441, 0.59608, 1
0.4843684, 0.3928797, 0.5998804, 1
0.5171582, 0.4148403, 0.5349929, 1
0.5033219, 0.4415572, 0.6109916, 1
0.5186442, 0.400911, 0.5057589, 1
0.5727066, 0.4836889, 0.6297351, 1
0.5337005, 0.4641333, 0.6016577, 1
0.4998315, 0.3460425, 0.4765272, 1
0.5627027, 0.5122263, 0.6046125, 1
0.4483376, 0.3725542, 0.5257269, 1
0.5321886, 0.4338194, 0.5878164, 1
0.5453943, 0.4980811, 0.6438281, 1
0.516655, 0.3509881, 0.5839649, 1
0.6031296, 0.4138339, 0.5982677, 1
0.4249925, 0.3601981, 0.5319766, 1
0.4714237, 0.4328606, 0.5494082, 1
0.5797736, 0.4342597, 0.6150156, 1
0.5301843, 0.3870134, 0.5278746, 1
0.497535, 0.3702486, 0.5970241, 1
0.5089692, 0.4666485, 0.5697154, 1
0.6064329, 0.4119036, 0.57805, 1
0.607985, 0.44925, 0.6023628, 1
0.5576683, 0.4600291, 0.6421775, 1
0.5986438, 0.4246394, 0.6052957, 1
0.4698789, 0.3946928, 0.5102958, 1
0.5367156, 0.493107, 0.5959103, 1
0.5690256, 0.453538, 0.6758905, 1
0.4636371, 0.3841519, 0.5662918, 1
0.4569987, 0.3877357, 0.4987735, 1
0.4576538, 0.427222, 0.5697713, 1
0.5302088, 0.4807682, 0.6326504, 1
0.5113469, 0.456826, 0.600153, 1
0.5131618, 0.368688, 0.5376226, 1
0.5617763, 0.4491735, 0.6695547, 1
0.4673023, 0.3570163, 0.4919671, 1
0.6107359, 0.4208682, 0.5888677, 1
0.5062426, 0.3873349, 0.6186005, 1
0.4967109, 0.3209695, 0.5041851, 1
0.5603806, 0.5099547, 0.5944635, 1
0.5359754, 0.3913293, 0.6194201, 1
0.4460377, 0.4159053, 0.5700606, 1
0.4808641, 0.3846979, 0.5704815, 1
0.4540317, 0.4006404, 0.5928002, 1
0.4951573, 0.3613299, 0.5467826, 1
0.4628634, 0.3185086, 0.5372137, 1
0.4917864, 0.3346127, 0.5144567, 1
0.5184957, 0.3499936, 0.5679947, 1
0.4023367, 0.3671623, 0.5316184, 1
0.4972837, 0.3260658, 0.5214004, 1
0.4873517, 0.4250541, 0.4946557, 1
0.4526258, 0.3783265, 0.586494, 1
0.5167294, 0.4181664, 0.5605178, 1
0.4757326, 0.3769838, 0.5529719, 1
0.4811473, 0.3634633, 0.5563297, 1
0.4674908, 0.4329865, 0.5556595, 1
0.4851076, 0.3658781, 0.4812995, 1
0.5241808, 0.4866652, 0.6088417, 1
0.5128726, 0.3886681, 0.5946967, 1
0.5156668, 0.4215237, 0.5251508, 1
0.4781062, 0.3948408, 0.4689409, 1
0.5410428, 0.3736408, 0.5255066, 1
0.5417851, 0.4666973, 0.6331698, 1
0.4321149, 0.3813167, 0.5694899, 1
0.4373125, 0.32839, 0.5649408, 1
0.5240633, 0.4955832, 0.601762, 1
0.4971, 0.3480001, 0.5195254, 1
0.511852, 0.4736335, 0.5881124, 1
0.5753208, 0.4072965, 0.6126809, 1
0.5813059, 0.4548127, 0.5555673, 1
0.5072984, 0.3542121, 0.4784395, 1
0.4733431, 0.3336034, 0.5518966, 1
0.5096885, 0.4745571, 0.5621129, 1
0.4980793, 0.4478877, 0.5340462, 1
0.5581499, 0.4296809, 0.6545063, 1
0.4501838, 0.4206212, 0.5750338, 1
0.6030328, 0.4913118, 0.6047302, 1
0.4675853, 0.3766568, 0.5549928, 1
0.4798822, 0.3250679, 0.5329604, 1
0.4949998, 0.4692902, 0.5753399, 1
0.5794665, 0.4221463, 0.5634753, 1
0.5153978, 0.3955372, 0.5812106, 1
0.4779793, 0.3955492, 0.5122054, 1
0.531961, 0.4446604, 0.656355, 1
0.4185165, 0.3697561, 0.528347, 1
0.5902248, 0.4983658, 0.5815832, 1
0.5233272, 0.4844387, 0.5507361, 1
0.5785046, 0.463924, 0.5522025, 1
0.4828167, 0.3380488, 0.5008337, 1
0.5147747, 0.4496405, 0.5899864, 1
0.4563433, 0.3848674, 0.5147302, 1
0.4685463, 0.40108, 0.5801475, 1
0.5282226, 0.4127974, 0.5399612, 1
0.5122684, 0.3290332, 0.5279708, 1
0.5915734, 0.3940008, 0.5886871, 1
0.4818523, 0.3570947, 0.5379303, 1
0.5804111, 0.4885986, 0.6068196, 1
0.4735724, 0.3922535, 0.5077205, 1
0.4516684, 0.3415405, 0.554839, 1
0.4703924, 0.3436574, 0.5336924, 1
0.5628713, 0.3999442, 0.6231759, 1
0.5867402, 0.4118377, 0.5707136, 1
0.5762346, 0.4492281, 0.6593042, 1
0.5985461, 0.4606698, 0.6293111, 1
0.5220832, 0.4240845, 0.6167392, 1
0.4338305, 0.3771327, 0.5701042, 1
0.5103174, 0.4042847, 0.497949, 1
0.4876823, 0.4117925, 0.594046, 1
0.4623291, 0.3345174, 0.5433983, 1
0.5639011, 0.3778928, 0.5992828, 1
0.5394537, 0.3945396, 0.6238515, 1
0.4665197, 0.3408405, 0.5811343, 1
0.4741417, 0.4446681, 0.5646308, 1
0.5545161, 0.3882715, 0.5859775, 1
0.5185158, 0.4236848, 0.5272, 1
0.4292651, 0.3492264, 0.5386609, 1
0.5331396, 0.4227715, 0.6543918, 1
0.5877712, 0.4364639, 0.5463938, 1
0.550007, 0.4023412, 0.5900555, 1
0.5077853, 0.4326518, 0.543112, 1
0.610361, 0.4107932, 0.6270009, 1
0.5068921, 0.4467214, 0.5946372, 1
0.4272473, 0.3553981, 0.535829, 1
0.459406, 0.4208029, 0.5429303, 1
0.4163466, 0.3857866, 0.5055809, 1
0.4663747, 0.3507672, 0.5006988, 1
0.4868163, 0.3767678, 0.4723218, 1
0.5096222, 0.435024, 0.621029, 1
0.5336039, 0.3729757, 0.6033145, 1
0.5505894, 0.3809979, 0.6141039, 1
0.5136145, 0.4514353, 0.6172095, 1
0.5354266, 0.4671236, 0.6232656, 1
0.4884557, 0.3109272, 0.5234033, 1
0.5597572, 0.5141622, 0.6265928, 1
0.5607268, 0.4183441, 0.6182621, 1
0.506778, 0.4634733, 0.5889736, 1
0.5602657, 0.4022982, 0.6183665, 1
0.5230618, 0.471447, 0.6065449, 1
0.5036485, 0.4719135, 0.5938415, 1
0.5128168, 0.4342647, 0.5584122, 1
0.5720667, 0.4307238, 0.6081253, 1
0.5564826, 0.4160492, 0.5980146, 1
0.448637, 0.3742959, 0.5332671, 1
0.5480507, 0.3694961, 0.5490802, 1
0.5035325, 0.3882716, 0.5226864, 1
0.5392121, 0.5043851, 0.5991399, 1
0.4961137, 0.3636617, 0.5078759, 1
0.554199, 0.4300061, 0.5715197, 1
0.4861538, 0.3722039, 0.5620522, 1
0.469878, 0.4296851, 0.5551693, 1
0.5211826, 0.4249712, 0.541909, 1
0.5410096, 0.4392367, 0.627976, 1
0.505188, 0.3286632, 0.5127453, 1
0.5447043, 0.4028181, 0.5848958, 1
0.5519135, 0.4203658, 0.5544067, 1
0.5739824, 0.4683186, 0.6247909, 1
0.5254825, 0.4261899, 0.5124087, 1
0.5720068, 0.5236927, 0.6121856, 1
0.5234491, 0.3687175, 0.5154032, 1
0.5779756, 0.4559907, 0.6623847, 1
0.5542106, 0.4144683, 0.5673174, 1
0.5515819, 0.4227329, 0.6435543, 1
0.603138, 0.4507345, 0.6372738, 1
0.449801, 0.3540871, 0.5795553, 1
0.4425966, 0.3947497, 0.5208012, 1
0.5660039, 0.4352324, 0.5968778, 1
0.5970454, 0.4227398, 0.5631427, 1
0.4971764, 0.3882858, 0.6001621, 1
0.5030274, 0.3437677, 0.5620452, 1
0.5109946, 0.3614903, 0.4807082, 1
0.5000203, 0.3567417, 0.4750516, 1
0.4111672, 0.384758, 0.5310716, 1
0.5340009, 0.3620149, 0.512054, 1
0.5307751, 0.4583593, 0.6369038, 1
0.4965213, 0.4466335, 0.6133633, 1
0.6134021, 0.4712953, 0.5937418, 1
0.4745203, 0.4050938, 0.575754, 1
0.5025865, 0.4014798, 0.5347615, 1
0.5407045, 0.3955933, 0.6047517, 1
0.5415314, 0.4147983, 0.6231611, 1
0.4525455, 0.4280537, 0.5926862, 1
0.4940683, 0.396684, 0.5906733, 1
0.4878822, 0.3800751, 0.5263314, 1
0.5442065, 0.4733988, 0.5731393, 1
0.4815385, 0.3418769, 0.5218247, 1
0.4937302, 0.3639182, 0.5339553, 1
0.6006533, 0.4147934, 0.5811253, 1
0.4705354, 0.3660623, 0.509618, 1
0.5211701, 0.4558839, 0.6165418, 1
0.588342, 0.4389182, 0.5477804, 1
0.5562378, 0.4708405, 0.6104988, 1
0.5767644, 0.415621, 0.5730712, 1
0.4920802, 0.3799015, 0.5814896, 1
0.5741702, 0.3902478, 0.6039998, 1
0.4532016, 0.3724578, 0.591365, 1
0.4706871, 0.4260056, 0.5540129, 1
0.5691717, 0.4878446, 0.6490631, 1
0.4821794, 0.4317889, 0.5958523, 1
0.4412228, 0.3815931, 0.4845497, 1
0.6227341, 0.4742454, 0.5895879, 1
0.5612482, 0.41499, 0.5967945, 1
0.5948696, 0.4386684, 0.5541543, 1
0.4888117, 0.4206801, 0.6044183, 1
0.5047583, 0.356598, 0.5965811, 1
0.4952897, 0.3558185, 0.5418456, 1
0.5073317, 0.4306042, 0.5805591, 1
0.5398802, 0.4845282, 0.6112468, 1
0.4488877, 0.3465071, 0.5198181, 1
0.4549258, 0.3772041, 0.5469277, 1
0.5409976, 0.3787095, 0.5766057, 1
0.5010035, 0.419947, 0.629966, 1
0.5015485, 0.4259582, 0.5338926, 1
0.4861339, 0.3793911, 0.4935302, 1
0.5103639, 0.4030616, 0.6044997, 1
0.4722521, 0.3934256, 0.5854473, 1
0.513185, 0.4348985, 0.5240602, 1
0.4990611, 0.3562903, 0.5336412, 1
0.4907179, 0.4118202, 0.6187898, 1
0.5103024, 0.4219978, 0.5220361, 1
0.5129227, 0.3442038, 0.4878342, 1
0.5848655, 0.4094778, 0.5525929, 1
0.5595096, 0.411237, 0.6305023, 1
0.4606644, 0.3202311, 0.5441554, 1
0.551109, 0.4103319, 0.5124827, 1
0.5914857, 0.474833, 0.5883043, 1
0.605558, 0.4553387, 0.5879655, 1
0.570451, 0.5206603, 0.6057135, 1
0.5676108, 0.4393316, 0.5462699, 1
0.5030563, 0.4079423, 0.606217, 1
0.5089915, 0.3560603, 0.5826523, 1
0.5194821, 0.4520778, 0.6312258, 1
0.5968864, 0.4603319, 0.6330335, 1
0.4694502, 0.4108182, 0.5105968, 1
0.5136509, 0.4538725, 0.5747114, 1
0.623274, 0.4483663, 0.5904784, 1
0.4277782, 0.3773604, 0.5463938, 1
0.5184326, 0.3492489, 0.5285025, 1
0.4631023, 0.3665319, 0.5337185, 1
0.431487, 0.3475928, 0.5405856, 1
0.4988316, 0.4263371, 0.50998, 1
0.5133742, 0.4596385, 0.5291176, 1
0.5659794, 0.4389735, 0.5643048, 1
0.5535691, 0.4165315, 0.5260035, 1
0.5222189, 0.428942, 0.5266168, 1
0.4549153, 0.4026097, 0.5009897, 1
0.5326495, 0.4148388, 0.6227908, 1
0.5492591, 0.5004017, 0.5733252, 1
0.576425, 0.4416272, 0.5835633, 1
0.5018198, 0.3970144, 0.6099651, 1
0.5680296, 0.4142109, 0.5524697, 1
0.462926, 0.4329568, 0.5624798, 1
0.4975579, 0.3709295, 0.4866416, 1
0.5776134, 0.4661205, 0.5633409, 1
0.5713378, 0.4019324, 0.5662352, 1
0.5566936, 0.4076501, 0.5815504, 1
0.4757687, 0.3753723, 0.4693324, 1
0.5551993, 0.4324157, 0.5699406, 1
0.4990186, 0.4357178, 0.5462074, 1
0.4965455, 0.3748853, 0.4689853, 1
0.4078628, 0.376466, 0.5048881, 1
0.5996802, 0.4168195, 0.5646777, 1
0.5631646, 0.4624278, 0.6208938, 1
0.5311185, 0.4128924, 0.5754586, 1
0.5804974, 0.4412112, 0.591352, 1
0.5581619, 0.4479272, 0.5560877, 1
0.5485419, 0.5077896, 0.6456547, 1
0.4624356, 0.3497651, 0.5347355, 1
0.4102702, 0.376087, 0.5118894, 1
0.551777, 0.4919091, 0.6487969, 1
0.4804185, 0.4598282, 0.5913109, 1
0.4861913, 0.386394, 0.5759787, 1
0.6173606, 0.4384431, 0.5908563, 1
0.4949165, 0.3779432, 0.5365393, 1
0.4692888, 0.3676633, 0.4988577, 1
0.5420066, 0.4645815, 0.5943078, 1
0.5447865, 0.4359918, 0.5567519, 1
0.5109383, 0.373848, 0.5595778, 1
0.6066, 0.4901226, 0.604264, 1
0.5346788, 0.3948293, 0.5815196, 1
0.6154261, 0.4531607, 0.6059165, 1
0.5035081, 0.3808501, 0.5956061, 1
0.6094877, 0.4614807, 0.6177927, 1
0.4552463, 0.3906457, 0.5251647, 1
0.4925643, 0.4105234, 0.5171795, 1
0.5979462, 0.483095, 0.575927, 1
0.4560486, 0.3973624, 0.5841035, 1
0.5886527, 0.4011395, 0.5965378, 1
0.6101058, 0.4262034, 0.6058477, 1
0.5918422, 0.4071151, 0.6290173, 1
0.5353842, 0.4946116, 0.6473581, 1
0.4868988, 0.4341534, 0.5214384, 1
0.4811266, 0.3906337, 0.6081606, 1
0.5706561, 0.4294818, 0.6397355, 1
0.4674189, 0.4593072, 0.5861937, 1
0.5069296, 0.3804417, 0.5811556, 1
0.6134133, 0.415969, 0.612583, 1
0.4879628, 0.3392931, 0.5220352, 1
0.5799341, 0.4136014, 0.5623963, 1
0.476682, 0.4553235, 0.5724152, 1
0.5412273, 0.4542364, 0.5348963, 1
0.501354, 0.342919, 0.5764779, 1
0.5354632, 0.3930273, 0.6299969, 1
0.5011306, 0.3588302, 0.5701753, 1
0.5003718, 0.4184736, 0.4994953, 1
0.4956878, 0.4668557, 0.5861918, 1
0.4888629, 0.363504, 0.5791025, 1
0.6061865, 0.4363683, 0.6299753, 1
0.5383956, 0.3862396, 0.5728862, 1
0.46426, 0.4079419, 0.5355905, 1
0.5792367, 0.4773158, 0.568378, 1
0.5532666, 0.5023009, 0.6495125, 1
0.5394062, 0.4000324, 0.5646909, 1
0.451819, 0.4040589, 0.51309, 1
0.4595629, 0.4390942, 0.5757229, 1
0.5802148, 0.3898634, 0.5989669, 1
0.5224745, 0.3909099, 0.5765103, 1
0.4767756, 0.3930384, 0.5043389, 1
0.5160143, 0.4950999, 0.5854605, 1
0.5011822, 0.3521631, 0.5291417, 1
0.6059762, 0.4665776, 0.6067942, 1
0.5340847, 0.4800612, 0.5819162, 1
0.5535899, 0.4954429, 0.6405528, 1
0.4884391, 0.4054081, 0.4734493, 1
0.5409139, 0.4404367, 0.6596355, 1
0.5349101, 0.4257388, 0.6350441, 1
0.5789949, 0.4164039, 0.6349892, 1
0.5085765, 0.3445455, 0.522955, 1
0.5668637, 0.5178235, 0.6315224, 1
0.4843161, 0.3841825, 0.5119131, 1
0.4340548, 0.3915195, 0.5000437, 1
0.4698255, 0.3715654, 0.5711528, 1
0.586282, 0.4899427, 0.6157082, 1
0.4984711, 0.4151119, 0.5672879, 1
0.557046, 0.477179, 0.5889742, 1
0.4433368, 0.4151289, 0.5712477, 1
0.5933155, 0.454338, 0.6183991, 1
0.5514031, 0.3801349, 0.5800437, 1
0.609439, 0.4994252, 0.5867952, 1
0.5666215, 0.4345507, 0.5990403, 1
0.5364444, 0.3638042, 0.5224271, 1
0.5300887, 0.3598872, 0.5805836, 1
0.4634528, 0.3711659, 0.4767131, 1
0.4942532, 0.3281513, 0.5603161, 1
0.4702152, 0.3681158, 0.5731619, 1
0.4385989, 0.3792169, 0.5107858, 1
0.5374629, 0.4336024, 0.5971453, 1
0.5709437, 0.4017523, 0.5382143, 1
0.5148512, 0.448106, 0.6443464, 1
0.5762391, 0.4639954, 0.6549156, 1
0.4971608, 0.3913222, 0.5219357, 1
0.5726123, 0.4525558, 0.5366553, 1
0.4697233, 0.3886304, 0.5853063, 1
0.512987, 0.4496169, 0.5652696, 1
0.5678668, 0.4151974, 0.6351278, 1
0.4317912, 0.3665864, 0.5095463, 1
0.5897508, 0.4870805, 0.6245818, 1
0.4182732, 0.3849923, 0.5349272, 1
0.5861707, 0.4508097, 0.6121255, 1
0.4351139, 0.3872263, 0.538191, 1
0.495341, 0.3267007, 0.556118, 1
0.4282184, 0.391917, 0.5693714, 1
0.4895889, 0.4367231, 0.5322842, 1
0.4984322, 0.4662896, 0.5787463, 1
0.5409143, 0.4269722, 0.5349396, 1
0.5953958, 0.4732094, 0.6004908, 1
0.5754433, 0.4505612, 0.6090173, 1
0.4846303, 0.3829671, 0.5028766, 1
0.5212074, 0.4363671, 0.6427056, 1
0.521113, 0.410057, 0.5571386, 1
0.5581904, 0.470907, 0.6405196, 1
0.4650108, 0.4142666, 0.5295849, 1
0.5584989, 0.4298707, 0.5895494, 1
0.5665091, 0.4819864, 0.5615383, 1
0.4888266, 0.3588348, 0.5862473, 1
0.4656652, 0.329114, 0.5281502, 1
0.4918067, 0.3347355, 0.5238525, 1
0.496653, 0.3843726, 0.529132, 1
0.4925207, 0.4455698, 0.5415196, 1
0.5066985, 0.4186153, 0.5442889, 1
0.5527347, 0.5051895, 0.6167359, 1
0.5354121, 0.4617056, 0.5915838, 1
0.5753706, 0.4905646, 0.5683364, 1
0.5326433, 0.425201, 0.5733901, 1
0.5913165, 0.4113995, 0.5666936, 1
0.550319, 0.3892736, 0.5832108, 1
0.4563255, 0.3577356, 0.5752704, 1
0.5192327, 0.3447857, 0.5530238, 1
0.5461822, 0.5037019, 0.6460901, 1
0.5929025, 0.4202889, 0.6178707, 1
0.5533539, 0.401546, 0.6112592, 1
0.5582469, 0.3870414, 0.5681211, 1
0.6006684, 0.4925443, 0.5717316, 1
0.579727, 0.439861, 0.5532866, 1
0.5282881, 0.4718482, 0.5798721, 1
0.5716102, 0.4078879, 0.6440982, 1
0.5891317, 0.4160047, 0.6573513, 1
0.4794298, 0.447049, 0.5792949, 1
0.5152451, 0.3706416, 0.595787, 1
0.5264738, 0.3789825, 0.5969176, 1
0.4852494, 0.3890712, 0.4969637, 1
0.5386487, 0.4986598, 0.6234798, 1
0.5023355, 0.4364714, 0.5838484, 1
0.4959179, 0.3247276, 0.4940638, 1
0.5451851, 0.40057, 0.5224169, 1
0.6313977, 0.4347924, 0.608007, 1
0.5400836, 0.3902559, 0.5876705, 1
0.5863257, 0.4082334, 0.568319, 1
0.5629194, 0.3818657, 0.5624565, 1
0.5418392, 0.4071171, 0.5509865, 1
0.5005674, 0.4455973, 0.5731541, 1
0.4623004, 0.3637399, 0.5020034, 1
0.4510597, 0.3874156, 0.4987719, 1
0.4478724, 0.3828746, 0.5333025, 1
0.59453, 0.4606106, 0.5835103, 1
0.4657159, 0.3395453, 0.5528854, 1
0.5916738, 0.504174, 0.5999545, 1
0.502467, 0.4353506, 0.569479, 1
0.4919614, 0.4354491, 0.5158704, 1
0.483676, 0.3727207, 0.560998, 1
0.4492178, 0.3858913, 0.5320213, 1
0.5391647, 0.4136824, 0.6173074, 1
0.4425402, 0.3493505, 0.5654415, 1
0.4578586, 0.4183322, 0.536976, 1
0.5898311, 0.4526922, 0.5964283, 1
0.5405302, 0.3786932, 0.5281795, 1
0.5271721, 0.4325299, 0.6017974, 1
0.4906598, 0.3890492, 0.5402906, 1
0.5244224, 0.4652657, 0.6083296, 1
0.618233, 0.4832143, 0.5863471, 1
0.5862072, 0.471542, 0.607623, 1
0.422989, 0.3500388, 0.5649746, 1
0.6099278, 0.4659345, 0.6172817, 1
0.5614086, 0.4586663, 0.6721964, 1
0.5606052, 0.4578078, 0.5843329, 1
0.5856693, 0.4384586, 0.5585008, 1
0.4387767, 0.4204078, 0.5759142, 1
0.5238717, 0.4765324, 0.6243795, 1
0.5789285, 0.4718106, 0.566252, 1
0.4559964, 0.3843333, 0.4869301, 1
0.4986702, 0.3832788, 0.5686325, 1
0.482612, 0.3779428, 0.569739, 1
0.4841869, 0.3837839, 0.6055049, 1
0.491082, 0.3797528, 0.4957996, 1
0.5940964, 0.4184886, 0.6644464, 1
0.5733778, 0.4314599, 0.6577503, 1
0.4616424, 0.4438923, 0.5964343, 1
0.5270342, 0.3483824, 0.5558957, 1
0.511518, 0.4473612, 0.5918719, 1
0.5366709, 0.4308365, 0.5049548, 1
0.4670052, 0.3941247, 0.5553178, 1
0.5877308, 0.5120967, 0.5786301, 1
0.5374435, 0.4308273, 0.5080788, 1
0.5389628, 0.4504493, 0.6482387, 1
0.4799896, 0.3881634, 0.5327615, 1
0.5017408, 0.3307083, 0.4874242, 1
0.5610113, 0.3980404, 0.627033, 1
0.5437763, 0.4472536, 0.6195707, 1
0.5501906, 0.4811143, 0.6174914, 1
0.4966872, 0.3814684, 0.5040711, 1
0.4953637, 0.4219332, 0.494244, 1
0.5354225, 0.4281258, 0.5467383, 1
0.517041, 0.3736985, 0.5999798, 1
0.4410563, 0.3793951, 0.5209416, 1
0.5655122, 0.3945377, 0.5352137, 1
0.5396979, 0.3733332, 0.6007982, 1
0.4553703, 0.3586177, 0.5835274, 1
0.5740955, 0.4323639, 0.5317957, 1
0.5177553, 0.4871044, 0.5689414, 1
0.5452734, 0.4516909, 0.5269827, 1
0.5080888, 0.4323779, 0.6281657, 1
0.508444, 0.371709, 0.4902452, 1
0.5025226, 0.3889334, 0.5338554, 1
0.5156746, 0.3749332, 0.5542499, 1
0.5771863, 0.4765896, 0.5985264, 1
0.4775974, 0.3878814, 0.5462725, 1
0.5019626, 0.3461351, 0.5800275, 1
0.5275332, 0.400657, 0.620021, 1
0.5797767, 0.4448135, 0.5791785, 1
0.5702215, 0.4381345, 0.6201509, 1
0.5619112, 0.4958636, 0.5608004, 1
0.4946561, 0.444617, 0.533392, 1
0.5031556, 0.3862601, 0.542632, 1
0.5219768, 0.4739973, 0.6060616, 1
0.5776992, 0.408768, 0.620195, 1
0.5577099, 0.4412719, 0.590378, 1
0.5468335, 0.4404833, 0.6279145, 1
0.4440075, 0.4007918, 0.5412736, 1
0.5202721, 0.4388178, 0.5136916, 1
0.5185773, 0.3437648, 0.546022, 1
0.5686723, 0.438658, 0.6504191, 1
0.4529828, 0.3801099, 0.5625753, 1
0.5166536, 0.4650709, 0.6215264, 1
0.5482348, 0.4398177, 0.6377266, 1
0.4359748, 0.3430709, 0.5591807, 1
0.5579258, 0.4146484, 0.5207388, 1
0.5597779, 0.4588903, 0.6540676, 1
0.5195341, 0.4493722, 0.5874642, 1
0.462877, 0.3480663, 0.5844895, 1
0.559004, 0.4709647, 0.5624044, 1
0.5662102, 0.4250846, 0.588354, 1
0.5592834, 0.472289, 0.6760067, 1
0.4954732, 0.4501051, 0.5601495, 1
0.4920757, 0.4363847, 0.5226422, 1
0.5735876, 0.4586384, 0.613827, 1
0.4890015, 0.3955659, 0.6054629, 1
0.4695779, 0.3928439, 0.4879056, 1
0.5963657, 0.470784, 0.6006218, 1
0.5263122, 0.4785887, 0.5528159, 1
0.5796505, 0.4085934, 0.5530051, 1
0.5377111, 0.3893667, 0.6118822, 1
0.5564021, 0.3838154, 0.5565256, 1
0.5108306, 0.3269987, 0.5233551, 1
0.4886609, 0.421614, 0.6193853, 1
0.5789096, 0.3924104, 0.5742058, 1
0.4828498, 0.4030428, 0.5992314, 1
0.6249804, 0.4262352, 0.6321567, 1
0.4345728, 0.3841359, 0.5274786, 1
0.4899876, 0.4431961, 0.5879487, 1
0.5305241, 0.4160137, 0.5966567, 1
0.5648231, 0.3868773, 0.5525872, 1
0.4625634, 0.4364491, 0.5675943, 1
0.4971056, 0.3440653, 0.5005777, 1
0.531997, 0.4520328, 0.5283144, 1
0.5674297, 0.4894017, 0.5537965, 1
0.5694682, 0.453729, 0.5857408, 1
0.5060169, 0.4723637, 0.6064736, 1
0.5477347, 0.4010206, 0.6386811, 1
0.5674673, 0.451682, 0.5613853, 1
0.5247603, 0.4222436, 0.5401057, 1
0.463013, 0.3883069, 0.4779274, 1
0.5566114, 0.4260625, 0.5940838, 1
0.533291, 0.3962362, 0.5210657, 1
0.609164, 0.4711055, 0.5712192, 1
0.5433882, 0.4362627, 0.5679512, 1
0.530228, 0.4518604, 0.5531232, 1
0.5329266, 0.4801979, 0.5673429, 1
0.4673419, 0.4160476, 0.5541659, 1
0.5596307, 0.4499961, 0.6012045, 1
0.5084208, 0.3935497, 0.5670944, 1
0.4613661, 0.3558879, 0.5763384, 1
0.4930944, 0.4265092, 0.5402552, 1
0.4920132, 0.3490806, 0.565652, 1
0.5238815, 0.3976293, 0.6064993, 1
0.4905418, 0.4500526, 0.5635791, 1
0.5718526, 0.4598368, 0.5565827, 1
0.5626377, 0.4476797, 0.5314641, 1
0.6229874, 0.4443556, 0.5937919, 1
0.442106, 0.392906, 0.5372678, 1
0.5021126, 0.3925626, 0.5878322, 1
0.4641011, 0.3518405, 0.5825396, 1
0.5780152, 0.4811606, 0.5808123, 1
0.4312043, 0.3923045, 0.5385131, 1
0.5346048, 0.4260828, 0.5236099, 1
0.5227582, 0.3610316, 0.5868918, 1
0.5679803, 0.4488247, 0.5705985, 1
0.4821744, 0.3156025, 0.5261163, 1
0.4942263, 0.4089186, 0.5201046, 1
0.4304903, 0.3478824, 0.5631747, 1
0.462233, 0.3355905, 0.5418221, 1
0.4960901, 0.3253618, 0.5148588, 1
0.5880323, 0.4533182, 0.5730342, 1
0.4453385, 0.3621043, 0.5367299, 1
0.5071411, 0.4764102, 0.5694481, 1
0.5558242, 0.4717831, 0.6500273, 1
0.5496067, 0.4374124, 0.5990421, 1
0.4754375, 0.3688078, 0.5247997, 1
0.5271234, 0.4491119, 0.537752, 1
0.5350387, 0.3895508, 0.5826389, 1
0.5511659, 0.4539692, 0.5512592, 1
0.5257854, 0.3656641, 0.5657024, 1
0.5506706, 0.4762687, 0.6297588, 1
0.5692199, 0.4278016, 0.5958675, 1
0.5793561, 0.4257036, 0.5641038, 1
0.4447292, 0.3488051, 0.5394022, 1
0.494652, 0.3482127, 0.5684598, 1
0.5248795, 0.4512454, 0.6374989, 1
0.4930111, 0.3317385, 0.5559857, 1
0.5586829, 0.4170557, 0.5291711, 1
0.563289, 0.4392978, 0.5423663, 1
0.4826925, 0.3428657, 0.5578407, 1
0.499049, 0.3956079, 0.5817567, 1
0.5778284, 0.3965613, 0.5769494, 1
0.496655, 0.4269519, 0.5745251, 1
0.5265973, 0.475361, 0.6245908, 1
0.4774614, 0.4500327, 0.580018, 1
0.4951828, 0.3738188, 0.5382753, 1
0.5792677, 0.4997706, 0.5723789, 1
0.4809014, 0.4374913, 0.5504992, 1
0.5738657, 0.3925457, 0.6078787, 1
0.5699767, 0.4831463, 0.649056, 1
0.579526, 0.4040247, 0.5447803, 1
0.5335835, 0.448312, 0.6137741, 1
0.5246354, 0.4731795, 0.5928442, 1
0.5491135, 0.4188404, 0.6085572, 1
0.5440953, 0.4751861, 0.5599216, 1
0.515294, 0.4690442, 0.6238998, 1
0.5324455, 0.3536051, 0.572763, 1
0.5596156, 0.4090513, 0.5396775, 1
0.4839095, 0.4601663, 0.5801092, 1
0.5550104, 0.4545092, 0.6271796, 1
0.5354059, 0.5036428, 0.5848369, 1
0.5257531, 0.4164862, 0.5782159, 1
0.6074893, 0.4086637, 0.6437874, 1
0.5686994, 0.4428801, 0.5503903, 1
0.4929273, 0.4440848, 0.535166, 1
0.501986, 0.329038, 0.519537, 1
0.5613685, 0.4496031, 0.5296887, 1
0.5811359, 0.3960528, 0.5996777, 1
0.4661897, 0.4410985, 0.6001878, 1
0.6083721, 0.4206858, 0.6166686, 1
0.563199, 0.4374246, 0.5551149, 1
0.4753622, 0.3292185, 0.5254679, 1
0.5526156, 0.4514866, 0.6297813, 1
0.4587231, 0.3656226, 0.5425388, 1
0.5296507, 0.3875015, 0.516912, 1
0.4774089, 0.4021573, 0.582601, 1
0.4623724, 0.4122881, 0.5940036, 1
0.5859876, 0.4561515, 0.5845214, 1
0.5433777, 0.3719736, 0.5633251, 1
0.5655181, 0.4548838, 0.5689291, 1
0.5853165, 0.433456, 0.5947719, 1
0.5159408, 0.416257, 0.629122, 1
0.6082322, 0.4625075, 0.624531, 1
0.5579458, 0.3983932, 0.5523228, 1
0.4779919, 0.408456, 0.5352049, 1
0.5018165, 0.4623707, 0.593338, 1
0.5049893, 0.4476385, 0.5232809, 1
0.5770763, 0.4331446, 0.6118638, 1
0.484873, 0.3935811, 0.5078467, 1
0.5860007, 0.5178335, 0.5937524, 1
0.4521329, 0.4293689, 0.5717145, 1
0.5647656, 0.4022408, 0.5490898, 1
0.555527, 0.4537127, 0.6678867, 1
0.4785963, 0.4567394, 0.5903423, 1
0.5430225, 0.4745693, 0.6089503, 1
0.5797703, 0.4479087, 0.6066976, 1
0.5897425, 0.4365101, 0.5736836, 1
0.4639601, 0.3484706, 0.540074, 1
0.6336045, 0.4694104, 0.5877646, 1
0.5310766, 0.3841194, 0.6041858, 1
0.4598402, 0.4095824, 0.5254857, 1
0.5610117, 0.456565, 0.5653768, 1
0.5907004, 0.438465, 0.6246019, 1
0.5493888, 0.4486511, 0.6674762, 1
0.4650259, 0.3619733, 0.4887283, 1
0.5924894, 0.3963942, 0.6093315, 1
0.583756, 0.4093969, 0.5778819, 1
0.4566892, 0.4352385, 0.5743325, 1
0.4572946, 0.344935, 0.5254694, 1
0.5193731, 0.392419, 0.5101429, 1
0.6297426, 0.4249735, 0.6054129, 1
0.485979, 0.411358, 0.6001319, 1
0.5300224, 0.4688731, 0.5719576, 1
0.5869333, 0.4559267, 0.636592, 1
0.4613237, 0.3206068, 0.5473803, 1
0.5394879, 0.4693754, 0.5337276, 1
0.5245769, 0.3693166, 0.5187418, 1
0.5350603, 0.4594704, 0.5746692, 1
0.5103189, 0.4476413, 0.6254185, 1
0.481906, 0.3792408, 0.5111115, 1
0.4995434, 0.3778774, 0.4838102, 1
0.5709976, 0.4633082, 0.5652642, 1
0.5200552, 0.3784773, 0.4898954, 1
0.5476936, 0.3748451, 0.5275766, 1
0.5035373, 0.3685511, 0.508765, 1
0.481046, 0.3724054, 0.5388251, 1
0.5240625, 0.4724384, 0.6242892, 1
0.4650782, 0.350866, 0.4985481, 1
0.5069957, 0.3349228, 0.5273106, 1
0.4716477, 0.3635401, 0.51826, 1
0.4976003, 0.3800744, 0.5618534, 1
0.571148, 0.4118618, 0.6373397, 1
0.4730163, 0.3725651, 0.4588452, 1
0.5485564, 0.4883823, 0.5563673, 1
0.6132779, 0.4446232, 0.6273962, 1
0.5012711, 0.3908208, 0.4863146, 1
0.5438822, 0.4749267, 0.6445823, 1
0.5331132, 0.4132134, 0.515317, 1
0.5850647, 0.4129341, 0.6588191, 1
0.5398446, 0.4293807, 0.5746094, 1
0.5586151, 0.4200455, 0.5601319, 1
0.516016, 0.3707426, 0.587544, 1
0.4846441, 0.3891338, 0.507182, 1
0.4669491, 0.3602066, 0.5963084, 1
0.5224175, 0.3767864, 0.5278536, 1
0.4732151, 0.3538365, 0.5500526, 1
0.5745352, 0.4628442, 0.6048999, 1
0.4701394, 0.4024948, 0.5324312, 1
0.5504938, 0.4609331, 0.6721346, 1
0.6203576, 0.4260139, 0.5829982, 1
0.5140973, 0.4181812, 0.5518206, 1
0.5810797, 0.4565011, 0.6633251, 1
0.5023932, 0.4363328, 0.6238956, 1
0.531707, 0.3783017, 0.5758126, 1
0.5650983, 0.4279132, 0.6354736, 1
0.4972995, 0.4843217, 0.5842071, 1
0.5355722, 0.4161722, 0.5262629, 1
0.6041009, 0.4700181, 0.572502, 1
0.582381, 0.4532574, 0.5429929, 1
0.4651642, 0.4270601, 0.5608605, 1
0.5271882, 0.42457, 0.5501391, 1
0.4491478, 0.3660981, 0.573226, 1
0.5366095, 0.3931038, 0.5684196, 1
0.4367608, 0.3693594, 0.5760146, 1
0.5087687, 0.3906024, 0.4835712, 1
0.601162, 0.4754179, 0.5999423, 1
0.6061566, 0.4649845, 0.6188971, 1
0.5911077, 0.4529027, 0.5815908, 1
0.4729039, 0.394971, 0.5139337, 1
0.5258947, 0.5007377, 0.5883456, 1
0.4725354, 0.438849, 0.5585429, 1
0.613763, 0.4157578, 0.63439, 1
0.5636802, 0.5207138, 0.6304518, 1
0.4333315, 0.4083005, 0.5771601, 1
0.55234, 0.4271224, 0.579699, 1
0.4618092, 0.3672256, 0.5615343, 1
0.5452164, 0.441291, 0.609439, 1
0.6210677, 0.4526368, 0.5729427, 1
0.4548435, 0.4176256, 0.5380452, 1
0.5715902, 0.4890709, 0.6088268, 1
0.5753199, 0.451911, 0.6227371, 1
0.5248296, 0.4304686, 0.6192963, 1
0.5343363, 0.3999301, 0.5296366, 1
0.5048813, 0.393047, 0.5744241, 1
0.4847792, 0.3794147, 0.601172, 1
0.4910591, 0.3683532, 0.4667789, 1
0.5547813, 0.4503583, 0.5927936, 1
0.5686104, 0.4911355, 0.5846303, 1
0.545807, 0.3692213, 0.6009146, 1
0.46604, 0.3319563, 0.5630128, 1
0.4878972, 0.4304966, 0.6206966, 1
0.5060353, 0.4113804, 0.6233153, 1
0.5887969, 0.4088743, 0.6119577, 1
0.5901589, 0.4568088, 0.5484717, 1
0.5710284, 0.4201484, 0.6621305, 1
0.54417, 0.4332756, 0.5297776, 1
0.5986746, 0.4583547, 0.6007056, 1
0.4918561, 0.3937742, 0.5026647, 1
0.5667593, 0.4538903, 0.5526449, 1
0.604465, 0.481677, 0.5987462, 1
0.5489118, 0.3997781, 0.6221472, 1
0.5977921, 0.4274352, 0.6237957, 1
0.5926855, 0.4892552, 0.5962003, 1
0.4512759, 0.332422, 0.5512083, 1
0.5498897, 0.4136058, 0.5490941, 1
0.4715681, 0.38342, 0.5621099, 1
0.5129272, 0.4023919, 0.5980955, 1
0.4909098, 0.3539496, 0.5506573, 1
0.5764426, 0.5014617, 0.5931818, 1
0.5098211, 0.4505005, 0.6317375, 1
0.5640355, 0.4962927, 0.566071, 1
0.5740786, 0.4417327, 0.6112087, 1
0.6260633, 0.4278308, 0.5941453, 1
0.4975896, 0.4481567, 0.6046073, 1
0.4501863, 0.3625827, 0.5830112, 1
0.5481599, 0.4180377, 0.6164677, 1
0.5270349, 0.4348662, 0.5084723, 1
0.5877631, 0.5044172, 0.5754992, 1
0.5562863, 0.4826328, 0.6295884, 1
0.5604691, 0.4490447, 0.5877268, 1
0.5403021, 0.379987, 0.607119, 1
0.4642619, 0.3494691, 0.5227654, 1
0.57811, 0.4787686, 0.5766637, 1
0.507746, 0.364495, 0.5124382, 1
0.5461448, 0.494559, 0.6204255, 1
0.4600637, 0.3556482, 0.5459446, 1
0.5539259, 0.4213513, 0.6215053, 1
0.6099387, 0.4314062, 0.6455109, 1
0.5690024, 0.4028298, 0.5337211, 1
0.4899239, 0.359932, 0.5735412, 1
0.4834497, 0.3284699, 0.5040652, 1
0.4695686, 0.3987029, 0.5457076, 1
0.5732881, 0.4105341, 0.5866591, 1
0.4489013, 0.4299784, 0.5811256, 1
0.5674359, 0.4168797, 0.5944618, 1
0.4441878, 0.3814778, 0.5779963, 1
0.505582, 0.3865417, 0.6010652, 1
0.5565994, 0.447562, 0.585061, 1
0.5145627, 0.4435569, 0.6239833, 1
0.4634125, 0.3885955, 0.5350631, 1
0.5563521, 0.4463905, 0.5225079, 1
0.4494527, 0.4017554, 0.4884344, 1
0.470455, 0.4066489, 0.5715983, 1
0.4400008, 0.3716252, 0.5290439, 1
0.561436, 0.400536, 0.5710893, 1
0.5410906, 0.3995281, 0.5208723, 1
0.5567378, 0.4015928, 0.5987637, 1
0.4312968, 0.3933839, 0.5526709, 1
0.4652986, 0.436153, 0.5635712, 1
0.565331, 0.4519112, 0.5652337, 1
0.601469, 0.4585081, 0.5891077, 1
0.4780327, 0.4199187, 0.5800507, 1
0.5047545, 0.3945617, 0.585914, 1
0.6062571, 0.4330379, 0.6014928, 1
0.5006708, 0.4018388, 0.6088694, 1
0.4675044, 0.4317665, 0.5525761, 1
0.4842448, 0.4541171, 0.605478, 1
0.4408276, 0.3768375, 0.5471892, 1
0.5889736, 0.4328224, 0.6143292, 1
0.4806344, 0.3767169, 0.5874107, 1
0.4771894, 0.4429922, 0.5688106, 1
0.5616498, 0.4642666, 0.5393744, 1
0.5170571, 0.4500157, 0.57266, 1
0.4631572, 0.4056573, 0.4758474, 1
0.448337, 0.3670262, 0.5756853, 1
0.5459206, 0.4154123, 0.6093193, 1
0.4819831, 0.3972356, 0.4697261, 1
0.5027491, 0.4354281, 0.5220644, 1
0.5099662, 0.4230778, 0.6343915, 1
0.5283647, 0.4213038, 0.5797797, 1
0.5437942, 0.3679257, 0.5330191, 1
0.5180736, 0.3849325, 0.5494171, 1
0.5620604, 0.3779859, 0.5822742, 1
0.587616, 0.4688249, 0.6024524, 1
0.4893275, 0.3546642, 0.5849329, 1
0.5823949, 0.4208187, 0.5412129, 1
0.5036815, 0.3908029, 0.5432406, 1
0.4730715, 0.4391119, 0.6054929, 1
0.4768855, 0.4598126, 0.5755525, 1
0.5143054, 0.4636205, 0.5343687, 1
0.4913506, 0.331529, 0.4925382, 1
0.4617574, 0.3768448, 0.5494785, 1
0.533932, 0.4003542, 0.6156463, 1
0.5475447, 0.5141393, 0.6209756, 1
0.5659761, 0.4078641, 0.5743372, 1
0.4181595, 0.3898908, 0.5512671, 1
0.5236436, 0.4129795, 0.6041888, 1
0.5603927, 0.4214202, 0.6503955, 1
0.4927241, 0.3777366, 0.5421, 1
0.548775, 0.4417703, 0.6282385, 1
0.5080739, 0.3582388, 0.559531, 1
0.5374382, 0.4952837, 0.6034713, 1
0.4698018, 0.3961528, 0.6037207, 1
0.5389177, 0.4879713, 0.5788085, 1
0.4349276, 0.3810504, 0.5688013, 1
0.56437, 0.4361275, 0.5543427, 1
0.5531901, 0.4514804, 0.5605265, 1
0.5019837, 0.3794362, 0.5299268, 1
0.4854207, 0.4443833, 0.5535203, 1
0.4370975, 0.3563847, 0.5597137, 1
0.5140222, 0.4400424, 0.522617, 1
0.4811645, 0.3585933, 0.498758, 1
0.499493, 0.412311, 0.5881547, 1
0.4939738, 0.415276, 0.6040406, 1
0.4379379, 0.3496326, 0.5440702, 1
0.5262324, 0.3876663, 0.5793561, 1
0.4316923, 0.37593, 0.5264677, 1
0.5256046, 0.45052, 0.6512262, 1
0.4864498, 0.4709405, 0.590359, 1
0.4245275, 0.3671802, 0.5248994, 1
0.5941264, 0.469636, 0.6154213, 1
0.6114479, 0.4082856, 0.6174955, 1
0.5338942, 0.4920115, 0.6110764, 1
0.5546684, 0.4521343, 0.6225947, 1
0.4822146, 0.3318694, 0.5250471, 1
0.5071721, 0.4363906, 0.605885, 1
0.5169755, 0.4742917, 0.5781431, 1
0.5424649, 0.3610261, 0.5399484, 1
0.4733565, 0.3787728, 0.516362, 1
0.5866851, 0.4103737, 0.5836729, 1
0.5940787, 0.4302915, 0.6670562, 1
0.4896044, 0.3584299, 0.5460576, 1
0.5834897, 0.4325328, 0.6350477, 1
0.550258, 0.3835368, 0.560234, 1
0.4582248, 0.4105189, 0.5973047, 1
0.5478684, 0.4036828, 0.593127, 1
0.4709634, 0.3712548, 0.5774155, 1
0.475424, 0.3928847, 0.5474446, 1
0.5590134, 0.4727294, 0.6570297, 1
0.5386737, 0.4211685, 0.5388053, 1
0.5419908, 0.4284875, 0.5097519, 1
0.6079608, 0.4738077, 0.5749364, 1
0.4530278, 0.3784202, 0.5904804, 1
0.5687648, 0.4337321, 0.5345018, 1
0.472999, 0.3415931, 0.5308759, 1
0.6050313, 0.4895271, 0.586832, 1
0.5122007, 0.3802294, 0.5532354, 1
0.4526906, 0.3559639, 0.5395076, 1
0.5790598, 0.5064375, 0.5903277, 1
0.4825154, 0.4221677, 0.5797395, 1
0.4711932, 0.3439233, 0.5271066, 1
0.5123802, 0.4090266, 0.6207311, 1
0.4771106, 0.3368792, 0.5303801, 1
0.541415, 0.4380994, 0.651772, 1
0.441532, 0.4036658, 0.5633609, 1
0.5646459, 0.4161254, 0.527653, 1
0.5586179, 0.4455844, 0.5464983, 1
0.4665028, 0.3151307, 0.5439261, 1
0.5147637, 0.3837462, 0.5796406, 1
0.5899564, 0.442115, 0.6363727, 1
0.6202774, 0.424233, 0.6015183, 1
0.5080826, 0.4504935, 0.613741, 1
0.5668821, 0.3804741, 0.5536897, 1
0.4888116, 0.3637787, 0.5418078, 1
0.4600187, 0.4168955, 0.5512185, 1
0.5053051, 0.4351462, 0.5080318, 1
0.6113038, 0.4506925, 0.6009806, 1
0.5951345, 0.4134462, 0.5915481, 1
0.4291038, 0.3885321, 0.5310647, 1
0.5610014, 0.3838254, 0.5822272, 1
0.5322914, 0.4169935, 0.6334395, 1
0.4782182, 0.4132244, 0.5840815, 1
0.4640916, 0.4236044, 0.5827438, 1
0.5156497, 0.4327997, 0.5509116, 1
0.5141196, 0.4802004, 0.5618075, 1
0.6328659, 0.4672588, 0.5879463, 1
0.580615, 0.4651764, 0.6099806, 1
0.461661, 0.4072124, 0.5109317, 1
0.4737568, 0.3985406, 0.4829477, 1
0.527261, 0.449941, 0.6292395, 1
0.5437096, 0.4061895, 0.6037816, 1
0.4648214, 0.3534389, 0.5772793, 1
0.4482843, 0.3774534, 0.5466158, 1
0.5261104, 0.4059316, 0.5182951, 1
0.4169275, 0.3627324, 0.5368453, 1
0.5356014, 0.443327, 0.5433083, 1
0.4707512, 0.3868117, 0.5960026, 1
0.5313345, 0.4379245, 0.5153707, 1
0.6229875, 0.4627241, 0.6060698, 1
0.4475937, 0.3906035, 0.5286957, 1
0.4708604, 0.3403776, 0.5607402, 1
0.4867921, 0.4003536, 0.4639076, 1
0.5824063, 0.4803269, 0.6051227, 1
0.5006281, 0.4106468, 0.5906883, 1
0.5133117, 0.3828528, 0.5245038, 1
0.5109836, 0.3348733, 0.5415368, 1
0.5102982, 0.4050442, 0.6118174, 1
0.5852799, 0.4276445, 0.599476, 1
0.4993503, 0.3359144, 0.5479077, 1
0.5743898, 0.4318639, 0.6054225, 1
0.6038244, 0.4223735, 0.634514, 1
0.5397473, 0.3906272, 0.6192769, 1
0.4464652, 0.4135535, 0.5564159, 1
0.602892, 0.4738917, 0.5985413, 1
0.5671706, 0.4886862, 0.5657439, 1
0.4887687, 0.385863, 0.5469125, 1
0.5216263, 0.4216338, 0.5431964, 1
0.5375215, 0.3909291, 0.5522622, 1
0.4835175, 0.3758124, 0.5551166, 1
0.4908333, 0.3326765, 0.5627679, 1
0.4348251, 0.3416976, 0.570677, 1
0.5250043, 0.4329258, 0.5615435, 1
0.5531161, 0.442476, 0.6660959, 1
0.5109087, 0.356739, 0.4858461, 1
0.5498383, 0.4399029, 0.5495459, 1
0.5404598, 0.4573652, 0.6310421, 1
0.5497712, 0.3931918, 0.5347047, 1
0.5310156, 0.3890575, 0.6308969, 1
0.5046442, 0.4068365, 0.5365979, 1
0.5604509, 0.5063012, 0.6379385, 1
0.5969046, 0.4498573, 0.6430761, 1
0.5040551, 0.3431605, 0.4971486, 1
0.5093435, 0.3878989, 0.608156, 1
0.491126, 0.3220931, 0.5140992, 1
0.5079477, 0.4735736, 0.6217223, 1
0.5827958, 0.4146876, 0.6615568, 1
0.6051695, 0.4130832, 0.6267325, 1
0.4737394, 0.4113599, 0.5540792, 1
0.5318861, 0.3577113, 0.5588791, 1
0.488083, 0.3618119, 0.5260683, 1
0.5521455, 0.37599, 0.5416207, 1
0.5101042, 0.4119509, 0.5343531, 1
0.4980849, 0.4628756, 0.602765, 1
0.4693341, 0.3641595, 0.5333096, 1
0.5058975, 0.4745997, 0.5818878, 1
0.5440248, 0.4868165, 0.5780683, 1
0.5073749, 0.4027133, 0.5012536, 1
0.5286065, 0.4534979, 0.6053509, 1
0.5211937, 0.3377883, 0.5332222, 1
0.5883292, 0.4938483, 0.6029288, 1
0.4274087, 0.3805536, 0.5579624, 1
0.5899758, 0.3911043, 0.5957536, 1
0.5403038, 0.4056352, 0.6088439, 1
0.4958504, 0.3871439, 0.4912562, 1
0.5196223, 0.4501651, 0.5861202, 1
0.4798006, 0.4184886, 0.5599405, 1
0.4728456, 0.4263101, 0.5840635, 1
0.5252095, 0.3620782, 0.4973124, 1
0.4672068, 0.3841796, 0.5411618, 1
0.4668904, 0.4328158, 0.5940235, 1
0.5649753, 0.4489965, 0.6008612, 1
0.5437722, 0.4225213, 0.6124738, 1
0.4888251, 0.3334612, 0.5312553, 1
0.4984326, 0.4362308, 0.5286391, 1
0.4974634, 0.3508539, 0.537336, 1
0.4413506, 0.3488223, 0.5593695, 1
0.4975608, 0.4236054, 0.5350242, 1
0.5794352, 0.4765158, 0.5833285, 1
0.5598817, 0.4295784, 0.5336903, 1
0.4807764, 0.3666069, 0.5470366, 1
0.4801142, 0.3841302, 0.5486981, 1
0.5549352, 0.4154289, 0.5197032, 1
0.5632526, 0.4552848, 0.6684958, 1
0.6176183, 0.4664823, 0.5830239, 1
0.5525672, 0.4372611, 0.5331279, 1
0.5050938, 0.4597154, 0.5619602, 1
0.5056384, 0.3737209, 0.4856038, 1
0.4703747, 0.4003909, 0.5565125, 1
0.5612094, 0.4937875, 0.6190778, 1
0.5326166, 0.448232, 0.5118541, 1
0.487606, 0.347994, 0.4877717, 1
0.5628617, 0.4741947, 0.5550597, 1
0.5213462, 0.3995709, 0.5321904, 1
0.5731672, 0.4724852, 0.5818925, 1
0.4296993, 0.3745525, 0.5177488, 1
0.5709243, 0.3938789, 0.5964823, 1
0.4994667, 0.4099165, 0.4813372, 1
0.4902098, 0.38084, 0.4995172, 1
0.4918988, 0.4337072, 0.5484122, 1
0.6000546, 0.4235208, 0.6268863, 1
0.4641878, 0.3970484, 0.4773862, 1
0.5986598, 0.4545711, 0.5578988, 1
0.5346106, 0.4916154, 0.5656654, 1
0.516095, 0.3836582, 0.5799635, 1
0.5358999, 0.4844031, 0.5836588, 1
0.611517, 0.4718347, 0.5984438, 1
0.5753153, 0.4576655, 0.572368, 1
0.5655863, 0.4376991, 0.5801956, 1
0.5825362, 0.5241105, 0.604597, 1
0.5237082, 0.3835177, 0.5725626, 1
0.5381556, 0.4327708, 0.6482967, 1
0.5823831, 0.4883892, 0.5759935, 1
0.5992187, 0.4399734, 0.6372175, 1
0.5141562, 0.4506221, 0.5464857, 1
0.6101023, 0.4596055, 0.5982488, 1
0.5005697, 0.3882655, 0.4972424, 1
0.5187712, 0.4743349, 0.5687807, 1
0.5534022, 0.3995433, 0.5202775, 1
0.4775335, 0.401231, 0.4962341, 1
0.4519137, 0.3852433, 0.5198291, 1
0.4339229, 0.4007028, 0.550103, 1
0.4459827, 0.4196828, 0.5696315, 1
0.6088154, 0.4826719, 0.5842663, 1
0.5180436, 0.3730637, 0.5588216, 1
0.5303698, 0.4438192, 0.5307811, 1
0.4804069, 0.3613592, 0.5796667, 1
0.4916625, 0.3832432, 0.5617706, 1
0.5252814, 0.4728437, 0.5792632, 1
0.5295275, 0.3784531, 0.5262141, 1
0.4292137, 0.3856421, 0.5700616, 1
0.4804124, 0.386464, 0.5423012, 1
0.4883785, 0.3650539, 0.466738, 1
0.5507724, 0.3711253, 0.5429096, 1
0.492444, 0.3619685, 0.5029274, 1
0.534461, 0.4615231, 0.6266463, 1
0.5025136, 0.4555463, 0.6288835, 1
0.556801, 0.4679322, 0.6118264, 1
0.5064033, 0.3457277, 0.5711873, 1
0.5101444, 0.4686658, 0.5471689, 1
0.4822942, 0.3938481, 0.5907974, 1
0.6023833, 0.487253, 0.5827507, 1
0.4602774, 0.3993767, 0.5575277, 1
0.55247, 0.3954178, 0.5473869, 1
0.5797719, 0.4646229, 0.5568041, 1
0.6035253, 0.4348435, 0.6463659, 1
0.5605798, 0.4164761, 0.5393031, 1
0.4227359, 0.3667413, 0.5120265, 1
0.5702986, 0.5069317, 0.5901094, 1
0.4600859, 0.3838054, 0.5347677, 1
0.5445061, 0.4353185, 0.5266603, 1
0.5374966, 0.4334344, 0.5850965, 1
0.470723, 0.4195367, 0.5915643, 1
0.5611769, 0.3786483, 0.5396233, 1
0.4921884, 0.3367796, 0.5450447, 1
0.5203589, 0.4339874, 0.6180037, 1
0.6077341, 0.4858744, 0.5848292, 1
0.598199, 0.4183065, 0.6472495, 1
0.523147, 0.4356692, 0.6201262, 1
0.5311262, 0.4269457, 0.5896002, 1
0.491549, 0.3856021, 0.4932236, 1
0.522275, 0.4866459, 0.6371834, 1
0.5223777, 0.4834025, 0.6139131, 1
0.5105525, 0.3341452, 0.5425334, 1
0.4578922, 0.3732739, 0.4832684, 1
0.611133, 0.4226381, 0.6199916, 1
0.4744315, 0.3840133, 0.6050067, 1
0.4189444, 0.384741, 0.5351228, 1
0.5730652, 0.4612719, 0.6349845, 1
0.5125235, 0.3735747, 0.536129, 1
0.5230464, 0.3644973, 0.603272, 1
0.5793877, 0.4564739, 0.6137559, 1
0.516629, 0.4281065, 0.5414693, 1
0.4767418, 0.417573, 0.5669062, 1
0.5470797, 0.4541697, 0.6569741, 1
0.5290924, 0.4327511, 0.5346185, 1
0.6027698, 0.4391228, 0.6520174, 1
0.5222532, 0.4868261, 0.6175242, 1
0.5425356, 0.4322363, 0.5141676, 1
0.518003, 0.4924234, 0.6103181, 1
0.485857, 0.3756282, 0.4896286, 1
0.481188, 0.4234124, 0.5250267, 1
0.5628383, 0.4545335, 0.5640025, 1
0.5296928, 0.4489712, 0.5108378, 1
0.4437417, 0.3764977, 0.5029228, 1
0.5873212, 0.467221, 0.5866575, 1
0.5052283, 0.4752899, 0.6114092, 1
0.5484316, 0.4404486, 0.5556308, 1
0.5972885, 0.4216491, 0.6451339, 1
0.5382327, 0.4236742, 0.5093545, 1
0.4495959, 0.4048186, 0.5383605, 1
0.544375, 0.472691, 0.6366713, 1
0.5071501, 0.3443519, 0.573138, 1
0.550905, 0.454059, 0.5772632, 1
0.565606, 0.4113486, 0.6480293, 1
0.5629911, 0.4838013, 0.554516, 1
0.5377457, 0.4279951, 0.5074426, 1
0.5018455, 0.4556246, 0.6039474, 1
0.5480025, 0.3999942, 0.5267164, 1
0.5531563, 0.4378815, 0.552915, 1
0.49361, 0.3578126, 0.5130856, 1
0.5482525, 0.3746615, 0.5488138, 1
0.531461, 0.4213697, 0.5459701, 1
0.4217182, 0.3778085, 0.4870718, 1
0.5478327, 0.4421778, 0.6520783, 1
0.538495, 0.4101373, 0.6493222, 1
0.6193395, 0.4515702, 0.5661979, 1
0.5907514, 0.4630775, 0.5972472, 1
0.5263758, 0.3815003, 0.6039729, 1
0.4670723, 0.4164926, 0.5267969, 1
0.5939345, 0.4030463, 0.6204318, 1
0.5678685, 0.4433889, 0.5561681, 1
0.4995662, 0.3963622, 0.4739934, 1
0.4890372, 0.3718895, 0.5878669, 1
0.5114409, 0.4199272, 0.6288509, 1
0.4505455, 0.3394786, 0.5645016, 1
0.5611414, 0.500044, 0.5877565, 1
0.6116058, 0.4074128, 0.6187372, 1
0.4413446, 0.3945746, 0.5454797, 1
0.4313094, 0.3827754, 0.484825, 1
0.5709708, 0.4801189, 0.5707854, 1
0.4743672, 0.4386916, 0.5722452, 1
0.5467907, 0.4890001, 0.58473, 1
0.4831366, 0.3270484, 0.5252956, 1
0.520234, 0.371247, 0.6008332, 1
0.5833529, 0.425758, 0.64729, 1
0.5471501, 0.436315, 0.5558162, 1
0.5107688, 0.3673445, 0.5042551, 1
0.5587365, 0.4834148, 0.6126186, 1
0.5161673, 0.3569579, 0.4994634, 1
0.5307777, 0.4585362, 0.6175946, 1
0.5546142, 0.4703996, 0.5743451, 1
0.4725606, 0.3948551, 0.4661494, 1
0.5335793, 0.3717192, 0.5627148, 1
0.5792131, 0.4204447, 0.5733592, 1
0.5337404, 0.4300002, 0.5225997, 1
0.5303156, 0.4066529, 0.6019617, 1
0.5162712, 0.3873245, 0.5390809, 1
0.5098915, 0.4281875, 0.6076823, 1
0.5679505, 0.4369286, 0.5442009, 1
0.4071023, 0.3764821, 0.5268373, 1
0.5201408, 0.4174861, 0.5414889, 1
0.5276212, 0.431599, 0.5704559, 1
0.5244642, 0.4305949, 0.509712, 1
0.4746335, 0.442919, 0.5618041, 1
0.4932322, 0.3323304, 0.5030086, 1
0.5182782, 0.4297816, 0.6006722, 1
0.5729812, 0.4587377, 0.6317624, 1
0.6127252, 0.4471949, 0.5618739, 1
0.6348883, 0.4617753, 0.5788602, 1
0.4427481, 0.3544375, 0.5675614, 1
0.4932971, 0.3664495, 0.5256407, 1
0.6014058, 0.4324075, 0.5972077, 1
0.5373262, 0.3843004, 0.5049102, 1
0.5890155, 0.4469829, 0.5579543, 1
0.5099993, 0.4259989, 0.6217442, 1
0.4762886, 0.3897407, 0.5137458, 1
0.5009829, 0.3830558, 0.5755407, 1
0.5695046, 0.4762733, 0.6559059, 1
0.5825554, 0.4869753, 0.6306144, 1
0.4948272, 0.3208503, 0.5351015, 1
0.6054766, 0.5080932, 0.5830144, 1
0.5584581, 0.4498784, 0.6262941, 1
0.4818369, 0.3295349, 0.5416744, 1
0.5388061, 0.3784996, 0.5653117, 1
0.5509849, 0.3826626, 0.6011133, 1
0.5225958, 0.3900889, 0.5986612, 1
0.5762034, 0.4386009, 0.6063199, 1
0.6269454, 0.437278, 0.5950333, 1
0.5621552, 0.4313454, 0.6423436, 1
0.5539239, 0.4594125, 0.6379281, 1
0.5527401, 0.3913448, 0.5513881, 1
0.4428889, 0.3592708, 0.5538504, 1
0.4712185, 0.4327963, 0.595731, 1
0.5773401, 0.4138458, 0.6552659, 1
0.5205422, 0.3839813, 0.5562128, 1
0.5051401, 0.3682808, 0.4894678, 1
0.5321116, 0.47879, 0.5814983, 1
0.5201712, 0.4413483, 0.5846065, 1
0.6168266, 0.4190216, 0.6130829, 1
0.4461966, 0.3989154, 0.5779818, 1
0.5083027, 0.3360854, 0.5125359, 1
0.4845761, 0.3747674, 0.5981534, 1
0.5270098, 0.426213, 0.6381629, 1
0.4995326, 0.4158881, 0.5228783, 1
0.4557719, 0.376612, 0.5648435, 1
0.541851, 0.3868961, 0.5429386, 1
0.4200143, 0.3757197, 0.5184475, 1
0.5297924, 0.3757042, 0.5120977, 1
0.5552653, 0.4630237, 0.6637312, 1
0.4825426, 0.3499571, 0.531337, 1
0.5940244, 0.4244409, 0.5991853, 1
0.5414006, 0.4061453, 0.6285661, 1
0.4944298, 0.3314161, 0.50525, 1
0.557153, 0.3947375, 0.5602905, 1
0.5694639, 0.4450471, 0.6174127, 1
0.4596457, 0.4237623, 0.5754359, 1
0.5031183, 0.4015517, 0.4891525, 1
0.4740614, 0.3850268, 0.5832167, 1
0.5122989, 0.3760051, 0.5878219, 1
0.4933094, 0.4350347, 0.5330625, 1
0.4506294, 0.3961988, 0.4862118, 1
0.4310078, 0.3934608, 0.5517459, 1
0.4905551, 0.3520798, 0.5442321, 1
0.4701371, 0.4255831, 0.5403697, 1
0.5826969, 0.444561, 0.6195714, 1
0.5068223, 0.4349248, 0.4978991, 1
0.5498392, 0.408923, 0.6414021, 1
0.5921029, 0.4126934, 0.5869244, 1
0.497311, 0.4509327, 0.5405314, 1
0.5155641, 0.4285675, 0.5044763, 1
0.5651921, 0.3804625, 0.5642978, 1
0.4462396, 0.3592765, 0.539442, 1
0.5611086, 0.3781429, 0.6039695, 1
0.5502129, 0.4393125, 0.6271114, 1
0.4580348, 0.4375733, 0.5930086, 1
0.5888525, 0.3956076, 0.5787869, 1
0.4737952, 0.4321539, 0.5435197, 1
0.5837533, 0.443921, 0.5979359, 1
0.5599616, 0.484977, 0.6199304, 1
0.5091541, 0.4436585, 0.5932188, 1
0.5309006, 0.450011, 0.6017553, 1
0.5487568, 0.4271923, 0.625268, 1
0.5329838, 0.4397973, 0.6551802, 1
0.47804, 0.3847876, 0.5931309, 1
0.4293712, 0.3631285, 0.5469056, 1
0.5608916, 0.508163, 0.609172, 1
0.5147439, 0.4069199, 0.583644, 1
0.4938282, 0.3757536, 0.5540965, 1
0.5442233, 0.4347191, 0.5997033, 1
0.4912481, 0.4514827, 0.5704542, 1
0.4257728, 0.3596098, 0.5562603, 1
0.5055439, 0.3483321, 0.5479308, 1
0.5770319, 0.402004, 0.6035536, 1
0.4964191, 0.4354914, 0.5989033, 1
0.5385851, 0.4045616, 0.583504, 1
0.4427764, 0.4153436, 0.5700334, 1
0.6279808, 0.4745666, 0.5883458, 1
0.5024861, 0.4089685, 0.5339109, 1
0.5254679, 0.3891447, 0.6049705, 1
0.6048789, 0.4408748, 0.5990894, 1
0.5972045, 0.4024577, 0.6077952, 1
0.5225029, 0.4359709, 0.6330829, 1
0.4856756, 0.3733684, 0.5102522, 1
0.5381495, 0.4511985, 0.6397173, 1
0.5330409, 0.4347944, 0.5600793, 1
0.4911818, 0.4082325, 0.4897605, 1
0.5181264, 0.3879859, 0.4921354, 1
0.5101445, 0.4334612, 0.553892, 1
0.5176477, 0.4342771, 0.5129657, 1
0.5453554, 0.417677, 0.5888168, 1
0.5012932, 0.3872302, 0.594197, 1
0.4546366, 0.3468141, 0.5665971, 1
0.5320334, 0.384923, 0.5650039, 1
0.5701181, 0.4093879, 0.6008644, 1
0.6072477, 0.4963164, 0.5767527, 1
0.4843541, 0.3635231, 0.5947512, 1
0.4320962, 0.3730782, 0.5345896, 1
0.5413389, 0.4855806, 0.616353, 1
0.5640713, 0.4708445, 0.6047791, 1
0.5503126, 0.5068867, 0.5866848, 1
0.4779193, 0.4218853, 0.5532128, 1
0.5077067, 0.452974, 0.5911846, 1
0.5926138, 0.4454359, 0.6163821, 1
0.4586025, 0.3384621, 0.5655278, 1
0.5652288, 0.4402792, 0.5688516, 1
0.558775, 0.380426, 0.6168354, 1
0.5844389, 0.4382294, 0.5623989, 1
0.4284403, 0.3587502, 0.5602022, 1
0.5048971, 0.4154419, 0.6188245, 1
0.4403276, 0.3858561, 0.48074, 1
0.4554181, 0.3243146, 0.5443507, 1
0.5717418, 0.3923081, 0.5417075, 1
0.5575015, 0.507493, 0.5856011, 1
0.5154028, 0.45823, 0.634817, 1
0.5173698, 0.4892798, 0.6113478, 1
0.5835554, 0.4904136, 0.622396, 1
0.502341, 0.4139134, 0.5195586, 1
0.5890045, 0.4871124, 0.5909666, 1
0.4827803, 0.4585993, 0.603191, 1
0.4392389, 0.3545437, 0.567206, 1
0.4777505, 0.4251083, 0.603246, 1
0.6267005, 0.4577393, 0.5967954, 1
0.5981773, 0.499623, 0.5899693, 1
0.5211704, 0.4438964, 0.6499267, 1
0.5858108, 0.4260656, 0.6637613, 1
0.4679638, 0.4001753, 0.5037062, 1
0.5544664, 0.4649728, 0.5609117, 1
0.5888101, 0.4961895, 0.5985569, 1
0.4883055, 0.3634232, 0.4576422, 1
0.6200839, 0.4173315, 0.5968429, 1
0.5100912, 0.4638107, 0.6100507, 1
0.5410618, 0.4330608, 0.6268137, 1
0.5901837, 0.4187798, 0.5878623, 1
0.4863235, 0.3944656, 0.5716779, 1
0.5424553, 0.4708986, 0.6244245, 1
0.6039654, 0.4507835, 0.624765, 1
0.4538588, 0.4033826, 0.5328383, 1
0.5822194, 0.4056404, 0.64702, 1
0.4344436, 0.3896214, 0.5112552, 1
0.5468938, 0.3856032, 0.5243533, 1
0.5313354, 0.4374442, 0.577382, 1
0.5550225, 0.503999, 0.5761568, 1
0.5150037, 0.4717579, 0.6052686, 1
0.5258874, 0.3916771, 0.6318211, 1
0.4882128, 0.3482585, 0.529002, 1
0.4934361, 0.3761261, 0.5996473, 1
0.494177, 0.359641, 0.4764193, 1
0.5545932, 0.5006956, 0.6038868, 1
0.4987056, 0.3939228, 0.6208373, 1
0.5281484, 0.4551407, 0.5745637, 1
0.6063089, 0.4372152, 0.6325198, 1
0.542608, 0.4924178, 0.6555589, 1
0.5424672, 0.3989768, 0.5197184, 1
0.5180389, 0.4603024, 0.5237356, 1
0.5722826, 0.4805242, 0.611992, 1
0.5265207, 0.4068417, 0.5042757, 1
0.4687644, 0.3426133, 0.5807656, 1
0.5674845, 0.4360924, 0.5753047, 1
0.4393912, 0.4160197, 0.5742996, 1
0.5169343, 0.4749707, 0.5824146, 1
0.5200431, 0.4202139, 0.540396, 1
0.5991126, 0.488732, 0.5648473, 1
0.628995, 0.4528925, 0.5838568, 1
0.5787849, 0.4728912, 0.6130904, 1
0.5222437, 0.382392, 0.6109551, 1
0.5580827, 0.4684415, 0.6198486, 1
0.5352874, 0.5014116, 0.6276692, 1
0.5310305, 0.450363, 0.6138021, 1
0.4669642, 0.4096338, 0.5833441, 1
0.4686591, 0.3927711, 0.6013379, 1
0.5515955, 0.4404316, 0.5176992, 1
0.4918359, 0.4616013, 0.5690513, 1
0.5972263, 0.420951, 0.6277974, 1
0.4659687, 0.4049883, 0.5973409, 1
0.5105003, 0.405908, 0.491863, 1
0.4213418, 0.3845241, 0.5176186, 1
0.5163684, 0.4006457, 0.5508668, 1
0.4609678, 0.371788, 0.5655041, 1
0.4981873, 0.3497935, 0.5498306, 1
0.4525605, 0.3396986, 0.5291564, 1
0.4958311, 0.391249, 0.5867529, 1
0.518788, 0.4873172, 0.5579144, 1
0.5287762, 0.4125658, 0.520337, 1
0.4965936, 0.421689, 0.5381483, 1
0.4640023, 0.3894056, 0.4579419, 1
0.4878073, 0.3883478, 0.512452, 1
0.4731507, 0.350769, 0.5383015, 1
0.538822, 0.4015141, 0.6399056, 1
0.4719045, 0.3724106, 0.5128264, 1
0.5613925, 0.445159, 0.6110938, 1
0.5823892, 0.4279786, 0.6465846, 1
0.5070026, 0.4566416, 0.6259058, 1
0.5568188, 0.4605138, 0.5951512, 1
0.6032097, 0.437055, 0.6456205, 1
0.5797289, 0.4751241, 0.5796869, 1
0.5665657, 0.4050917, 0.6022346, 1
0.6091453, 0.4305032, 0.5916125, 1
0.4857044, 0.3782215, 0.5183978, 1
0.5165431, 0.4399959, 0.5055961, 1
0.4746659, 0.4096092, 0.4774291, 1
0.4916568, 0.3876998, 0.5937377, 1
0.4287452, 0.4094728, 0.5672283, 1
0.5344509, 0.4734926, 0.5763162, 1
0.5712624, 0.4553591, 0.55468, 1
0.5961232, 0.4866332, 0.6112427, 1
0.5513059, 0.4595565, 0.596378, 1
0.4703237, 0.3620886, 0.5692227, 1
0.4829425, 0.3640113, 0.5012599, 1
0.4897205, 0.3832235, 0.5055856, 1
0.5744681, 0.4083607, 0.6276169, 1
0.5099506, 0.4571882, 0.5308739, 1
0.5116762, 0.4049823, 0.5405958, 1
0.5727386, 0.4902254, 0.5670447, 1
0.556785, 0.4958234, 0.5786837, 1
0.5213296, 0.4720148, 0.5474676, 1
0.5096433, 0.4491967, 0.5191081, 1
0.5295861, 0.389006, 0.5296479, 1
0.4708224, 0.4042695, 0.5965939, 1
0.5255262, 0.4475373, 0.5556352, 1
0.5247012, 0.3603597, 0.5234889, 1
0.507914, 0.4904566, 0.5770096, 1
0.5084522, 0.3538388, 0.5927408, 1
0.5855022, 0.4418902, 0.634532, 1
0.5572774, 0.4164339, 0.5999696, 1
0.5874723, 0.4369631, 0.6472116, 1
0.5475811, 0.4210602, 0.6431489, 1
0.5690653, 0.3778467, 0.580959, 1
0.5343323, 0.42923, 0.5060151, 1
0.5120059, 0.4472409, 0.6399991, 1
0.5701131, 0.4855989, 0.5961006, 1
0.4826692, 0.4482572, 0.5990609, 1
0.5799549, 0.4861057, 0.59115, 1
0.5114708, 0.4714614, 0.5784763, 1
0.4870133, 0.3620678, 0.5955796, 1
0.4861294, 0.354251, 0.4970911, 1
0.494396, 0.3341661, 0.4881309, 1
0.502551, 0.4436619, 0.5193746, 1
0.5069553, 0.3713458, 0.5181282, 1
0.4178672, 0.3962523, 0.5557624, 1
0.5152404, 0.4569689, 0.5509882, 1
0.4893525, 0.4401813, 0.5332615, 1
0.5581716, 0.4287715, 0.6141941, 1
0.5509514, 0.4747362, 0.6044476, 1
0.5095685, 0.3417533, 0.490054, 1
0.600747, 0.5014386, 0.5805526, 1
0.56103, 0.5143525, 0.6247208, 1
0.507677, 0.3573454, 0.4943583, 1
0.5309703, 0.3957266, 0.4976932, 1
0.5703609, 0.4553849, 0.6066347, 1
0.4277994, 0.3859861, 0.5348863, 1
0.468949, 0.3872572, 0.4807748, 1
0.4829608, 0.3996718, 0.4811808, 1
0.4843867, 0.3476341, 0.5120429, 1
0.4907402, 0.3955113, 0.6199262, 1
0.5423346, 0.411581, 0.5454201, 1
0.4801562, 0.4100898, 0.4912063, 1
0.4482462, 0.4200704, 0.5553271, 1
0.5277454, 0.3736495, 0.5347562, 1
0.4427983, 0.3952414, 0.5266907, 1
0.4684036, 0.4390653, 0.5759146, 1
0.4657806, 0.3486339, 0.5392358, 1
0.4951932, 0.386958, 0.5952712, 1
0.4498175, 0.3715122, 0.5755879, 1
0.4815724, 0.361926, 0.570419, 1
0.4639386, 0.4278236, 0.5489366, 1
0.492741, 0.3885999, 0.6149523, 1
0.5007603, 0.4298623, 0.6100842, 1
0.4644881, 0.4527578, 0.5892203, 1
0.4838393, 0.3806885, 0.593784, 1
0.4582784, 0.314854, 0.5508519, 1
0.4630932, 0.3575707, 0.5466513, 1
0.4748704, 0.3688228, 0.4636893, 1
0.4690945, 0.3487228, 0.5313429, 1
0.4546041, 0.3893704, 0.4686588, 1
0.4886329, 0.4575715, 0.5757464, 1
0.4617669, 0.38605, 0.4767478, 1
0.5427956, 0.4434356, 0.5559255, 1
0.488972, 0.4392886, 0.5319491, 1
0.5419039, 0.3995789, 0.6287719, 1
0.5279869, 0.4229498, 0.5720242, 1
0.5154343, 0.3586702, 0.5115497, 1
0.6182795, 0.4149921, 0.6464558, 1
0.5257006, 0.4267773, 0.4953986, 1
0.5082035, 0.4787999, 0.5712878, 1
0.5609702, 0.4835006, 0.5737311, 1
0.5448176, 0.4133724, 0.5237742, 1
0.4826496, 0.4258723, 0.5866371, 1
0.4514421, 0.3869734, 0.5213177, 1
0.5375425, 0.4460645, 0.5214502, 1
0.4584032, 0.3647047, 0.571526, 1
0.5138597, 0.3923582, 0.5585129, 1
0.572708, 0.4876565, 0.6395674, 1
0.5598009, 0.4589752, 0.6158466, 1
0.4530591, 0.3326456, 0.5419721, 1
0.4532368, 0.3484201, 0.5542157, 1
0.5928517, 0.4821253, 0.5613695, 1
0.5264601, 0.4146755, 0.5353051, 1
0.554575, 0.4666736, 0.5821303, 1
0.6220019, 0.4297405, 0.6050581, 1
0.4977746, 0.4643908, 0.5807483, 1
0.4758709, 0.3697784, 0.5780717, 1
0.4483721, 0.4224938, 0.5633937, 1
0.4879432, 0.3905391, 0.4658828, 1
0.4911058, 0.4728909, 0.5783568, 1
0.5479264, 0.4241619, 0.5304487, 1
0.4303621, 0.380355, 0.5556479, 1
0.4715216, 0.3381855, 0.5535018, 1
0.5728719, 0.3825305, 0.5904769, 1
0.4386466, 0.3832271, 0.5643789, 1
0.5793099, 0.4351576, 0.6774747, 1
0.5205839, 0.4491835, 0.5904596, 1
0.6147255, 0.4790066, 0.5786473, 1
0.433947, 0.3783201, 0.5626286, 1
0.5743077, 0.5076876, 0.5993678, 1
0.5841144, 0.4033411, 0.5526178, 1
0.4770257, 0.4361365, 0.5637437, 1
0.4572654, 0.3805256, 0.5905293, 1
0.5179605, 0.3833041, 0.6209024, 1
0.5227153, 0.4564904, 0.5593209, 1
0.5611114, 0.4856125, 0.5922749, 1
0.4488552, 0.3429668, 0.5640353, 1
0.455935, 0.4212722, 0.5546297, 1
0.5990512, 0.4671473, 0.622576, 1
0.5174363, 0.4420208, 0.5411347, 1
0.5831919, 0.4332895, 0.6653721, 1
0.5734753, 0.4590397, 0.5941411, 1
0.5083111, 0.4410048, 0.627793, 1
0.4895674, 0.45151, 0.6151521, 1
0.469562, 0.3836477, 0.5091048, 1
0.5223925, 0.3884125, 0.6200011, 1
0.5400618, 0.4272801, 0.5625379, 1
0.50621, 0.37605, 0.4733743, 1
0.5431874, 0.4227137, 0.6006191, 1
0.5901666, 0.4311712, 0.5952888, 1
0.5129049, 0.4594033, 0.6186564, 1
0.5341746, 0.4113033, 0.546587, 1
0.5157363, 0.3706038, 0.4879177, 1
0.5183926, 0.4752564, 0.5509352, 1
0.5572701, 0.4513028, 0.6518482, 1
0.5250729, 0.3572091, 0.5136383, 1
0.5707771, 0.4826356, 0.5516734, 1
0.5210519, 0.3620638, 0.4979925, 1
0.4547504, 0.3386593, 0.5692724, 1
0.5418249, 0.4824247, 0.5752403, 1
0.5364798, 0.3772573, 0.5888025, 1
0.5558422, 0.4474016, 0.6129376, 1
0.4267328, 0.3777718, 0.5677368, 1
0.4464042, 0.3722488, 0.530641, 1
0.5494943, 0.3866945, 0.5867414, 1
0.5758044, 0.467841, 0.5891927, 1
0.5397125, 0.4080964, 0.6384744, 1
0.5280567, 0.3989298, 0.5786733, 1
0.5939003, 0.4994069, 0.6078504, 1
0.5045418, 0.3263725, 0.4965959, 1
0.3980744, 0.3580749, 0.5479761, 1
0.4842127, 0.4016875, 0.6099939, 1
0.5906049, 0.3943304, 0.6140323, 1
0.6180693, 0.4552931, 0.6179417, 1
0.5026076, 0.4465151, 0.5836927, 1
0.5311366, 0.4102472, 0.6052951, 1
0.5092999, 0.4138716, 0.5409076, 1
0.5337347, 0.4359369, 0.5888553, 1
0.5997278, 0.4211745, 0.5723629, 1
0.5870577, 0.4851422, 0.6006986, 1
0.4221253, 0.3437319, 0.5561001, 1
0.5132051, 0.3770942, 0.5222155, 1
0.5513713, 0.4583707, 0.5583704, 1
0.5999166, 0.4159766, 0.6413231, 1
0.547284, 0.452404, 0.6358662, 1
0.5225943, 0.4755672, 0.5921239, 1
0.5996121, 0.4694186, 0.5568324, 1
0.5867829, 0.4252461, 0.562032, 1
0.5999153, 0.422273, 0.6673533, 1
0.4530784, 0.4159303, 0.5885202, 1
0.5022863, 0.3391661, 0.5229626, 1
0.5097221, 0.3713672, 0.4821912, 1
0.4770293, 0.3478319, 0.5686665, 1
0.5380068, 0.3787251, 0.5507475, 1
0.5531201, 0.476566, 0.6312322, 1
0.5060354, 0.353715, 0.5663907, 1
0.5259047, 0.3424573, 0.5273167, 1
0.4828779, 0.3545345, 0.5268693, 1
0.4912741, 0.4676431, 0.5969955, 1
0.4664809, 0.4437335, 0.5886527, 1
0.5782759, 0.4886231, 0.5613106, 1
0.4771594, 0.3145283, 0.5394189, 1
0.575122, 0.4485985, 0.6111921, 1
0.4319387, 0.3357491, 0.5583058, 1
0.5053468, 0.416809, 0.5176159, 1
0.4797255, 0.3542069, 0.5497243, 1
0.5353353, 0.4369652, 0.5521994, 1
0.5091227, 0.4617262, 0.5541513, 1
0.4768502, 0.4283376, 0.5308616, 1
0.6021093, 0.4151348, 0.6532223, 1
0.6068597, 0.4244672, 0.5863035, 1
0.4478635, 0.3531268, 0.5551037, 1
0.5536263, 0.4316035, 0.6081788, 1
0.5844533, 0.3993704, 0.5818934, 1
0.4839265, 0.3371254, 0.57393, 1
0.5948339, 0.4110084, 0.5777938, 1
0.6069666, 0.432273, 0.6184947, 1
0.505578, 0.3420162, 0.5640441, 1
0.5055022, 0.4309721, 0.5383257, 1
0.5942294, 0.4507543, 0.5468701, 1
0.4575714, 0.4180562, 0.5658368, 1
0.575811, 0.432827, 0.657469, 1
0.5430394, 0.4897174, 0.5901709, 1
0.5484459, 0.4264987, 0.5429545, 1
0.5530157, 0.3927689, 0.5939233, 1
0.5486711, 0.4120246, 0.6217319, 1
0.5595728, 0.476148, 0.5924475, 1
0.5337775, 0.4218362, 0.5249848, 1
0.4635516, 0.324386, 0.5633231, 1
0.4606127, 0.3543399, 0.5655169, 1
0.5355566, 0.3906928, 0.5977436, 1
0.5275878, 0.4862289, 0.6388747, 1
0.5373389, 0.3728368, 0.5069019, 1
0.5335073, 0.4647441, 0.65807, 1
0.5408128, 0.4624658, 0.6273532, 1
0.5400938, 0.454907, 0.6108464, 1
0.4302903, 0.4067599, 0.5637092, 1
0.6178947, 0.4239799, 0.6407329, 1
0.5344155, 0.3704616, 0.5156277, 1
0.4396544, 0.3466565, 0.570188, 1
0.5563118, 0.4021339, 0.6110437, 1
0.6204622, 0.4800387, 0.5953825, 1
0.5367419, 0.4143615, 0.5987449, 1
0.5061446, 0.4422749, 0.5117787, 1
0.4838876, 0.3568991, 0.5896418, 1
0.4888311, 0.4186252, 0.5926246, 1
0.5929134, 0.4523785, 0.608645, 1
0.5390906, 0.4210111, 0.6312422, 1
0.5058502, 0.446947, 0.5278888, 1
0.5041699, 0.3860869, 0.5377684, 1
0.5834745, 0.4547942, 0.557649, 1
0.5672373, 0.4036483, 0.6067019, 1
0.4921059, 0.3634843, 0.5011545, 1
0.4826677, 0.372587, 0.5356232, 1
0.5745229, 0.4778731, 0.6129394, 1
0.4808118, 0.3233202, 0.5147259, 1
0.5521006, 0.4298036, 0.5268621, 1
0.548717, 0.3899585, 0.5615075, 1
0.4828037, 0.4523292, 0.5626029, 1
0.5587468, 0.5043529, 0.5891705, 1
0.4675153, 0.3918418, 0.6003197, 1
0.4843146, 0.4134882, 0.5459796, 1
0.5484871, 0.4883672, 0.5903084, 1
0.4774058, 0.3949095, 0.5574597, 1
0.4959635, 0.4555665, 0.548933, 1
0.4613004, 0.3739272, 0.5589542, 1
0.5531769, 0.4311213, 0.5164869, 1
0.5505746, 0.4611144, 0.6169189, 1
0.5191541, 0.3787756, 0.4834525, 1
0.5821993, 0.4318108, 0.5434536, 1
0.4952835, 0.336256, 0.5669076, 1
0.5181106, 0.4279052, 0.6165547, 1
0.4292631, 0.3884357, 0.5050949, 1
0.4312619, 0.3643473, 0.5507401, 1
0.5262075, 0.3996423, 0.5381948, 1
0.5471433, 0.4478664, 0.5743514, 1
0.5873489, 0.4586976, 0.5704523, 1
0.5397213, 0.4294517, 0.6182727, 1
0.4982236, 0.4022765, 0.4885375, 1
0.4960789, 0.4550499, 0.5631195, 1
0.6179014, 0.4307345, 0.6411579, 1
0.5792625, 0.4060393, 0.5513079, 1
0.5646706, 0.4841939, 0.6143885, 1
0.5860407, 0.447274, 0.567134, 1
0.5174823, 0.4652355, 0.5992745, 1
0.6113225, 0.4456624, 0.5748844, 1
0.574053, 0.4264357, 0.5627434, 1
0.5174731, 0.382768, 0.5166881, 1
0.5866342, 0.4106344, 0.6174623, 1
0.5564552, 0.4310253, 0.6484016, 1
0.5012562, 0.3766999, 0.4817824, 1
0.4539534, 0.3669914, 0.5817096, 1
0.5583238, 0.4753844, 0.60026, 1
0.4545121, 0.3964508, 0.4738992, 1
0.4815861, 0.3969596, 0.5992597, 1
0.5318365, 0.4448911, 0.6145373, 1
0.5366006, 0.425099, 0.5687134, 1
0.494736, 0.437552, 0.5172573, 1
0.4840465, 0.3085249, 0.5217312, 1
0.5442244, 0.3875838, 0.5770909, 1
0.5241851, 0.3743398, 0.5263432, 1
0.5320975, 0.4253006, 0.5932761, 1
0.4939327, 0.4636545, 0.6150721, 1
0.6125229, 0.4221067, 0.5872023, 1
0.54585, 0.4479744, 0.5772653, 1
0.5739054, 0.4501648, 0.6370173, 1
0.503439, 0.4001005, 0.5724386, 1
0.4915636, 0.3380841, 0.4921561, 1
0.5412936, 0.4856284, 0.5968274, 1
0.5590105, 0.4845853, 0.5543035, 1
0.5004768, 0.3830457, 0.6047869, 1
0.4229173, 0.3802935, 0.5703768, 1
0.4716358, 0.3686115, 0.5047503, 1
0.5647839, 0.5132674, 0.6055067, 1
0.4837429, 0.3227658, 0.5441138, 1
0.4458125, 0.4213367, 0.5652081, 1
0.4467848, 0.3958832, 0.492879, 1
0.557263, 0.4736554, 0.6573082, 1
0.5290192, 0.4970163, 0.6355294, 1
0.570911, 0.4176778, 0.5586447, 1
0.4815767, 0.3283213, 0.5273964, 1
0.547583, 0.3928423, 0.5732735, 1
0.4568857, 0.3862172, 0.5441562, 1
0.4969076, 0.3623082, 0.4877737, 1
0.5096595, 0.4178388, 0.5349218, 1
0.5469745, 0.3931441, 0.6296006, 1
0.5968892, 0.4248907, 0.6142566, 1
0.4524677, 0.3966697, 0.578503, 1
0.58377, 0.4316617, 0.6175867, 1
0.5584139, 0.3845413, 0.6187949, 1
0.4837259, 0.3939679, 0.4828939, 1
0.5767166, 0.4802319, 0.6188369, 1
0.4654527, 0.4088375, 0.5399489, 1
0.5914771, 0.4284871, 0.6683421, 1
0.560191, 0.4439849, 0.6647651, 1
0.4885224, 0.369143, 0.5051316, 1
0.4109669, 0.3758748, 0.5554152, 1
0.5218046, 0.4504397, 0.5681034, 1
0.5482161, 0.3860791, 0.5294237, 1
0.4737695, 0.377779, 0.4743222, 1
0.5269889, 0.4075361, 0.5445503, 1
0.5103746, 0.4254239, 0.5126401, 1
0.5072498, 0.4615775, 0.6244636, 1
0.5267668, 0.3693757, 0.5274298, 1
0.5190443, 0.3716583, 0.4973514, 1
0.5670235, 0.4439724, 0.6269951, 1
0.5999268, 0.4099447, 0.5876592, 1
0.4541372, 0.3654921, 0.586004, 1
0.5343764, 0.4408655, 0.5285658, 1
0.4911969, 0.4121335, 0.4861679, 1
0.4834276, 0.4041176, 0.4959936, 1
0.5931301, 0.5089976, 0.5986015, 1
0.5241045, 0.4342475, 0.5726068, 1
0.4459979, 0.3637554, 0.5029045, 1
0.5410624, 0.5040181, 0.6128373, 1
0.502744, 0.3499807, 0.5661325, 1
0.4883111, 0.3664177, 0.4690951, 1
0.5088269, 0.3698106, 0.480792, 1
0.5870464, 0.4061296, 0.6253953, 1
0.5190701, 0.485382, 0.5563201, 1
0.5921294, 0.4431678, 0.6120263, 1
0.5728948, 0.45397, 0.6110629, 1
0.4889905, 0.3453353, 0.484675, 1
0.5634981, 0.4680837, 0.5379922, 1
0.5219055, 0.42601, 0.5774519, 1
0.5461761, 0.3806146, 0.5839896, 1
0.504903, 0.3697637, 0.4886108, 1
0.4658742, 0.3393868, 0.5732257, 1
0.4989886, 0.3949403, 0.5590529, 1
0.5852969, 0.4442813, 0.664993, 1
0.578483, 0.4543569, 0.6168818, 1
0.4921135, 0.4177105, 0.479843, 1
0.5109873, 0.4402012, 0.6059031, 1
0.5641164, 0.4256245, 0.6415793, 1
0.5652087, 0.4542307, 0.5936795, 1
0.624032, 0.4395215, 0.5805776, 1
0.548088, 0.373359, 0.5449941, 1
0.4959891, 0.4536255, 0.5459377, 1
0.4751407, 0.34602, 0.5040938, 1
0.4515236, 0.3856738, 0.4992685, 1
0.4807943, 0.4074679, 0.5747081, 1
0.595018, 0.4803129, 0.5834975, 1
0.5781121, 0.3927725, 0.6176202, 1
0.4877873, 0.393311, 0.5565692, 1
0.4627047, 0.4324014, 0.5760108, 1
0.4501396, 0.3825969, 0.505386, 1
0.4671397, 0.3777165, 0.4734365, 1
0.5652674, 0.52079, 0.6125043, 1
0.6072565, 0.5007834, 0.5821486, 1
0.6330193, 0.461509, 0.5863316, 1
0.4339306, 0.3402296, 0.5656732, 1
0.5809447, 0.4380976, 0.543965, 1
0.5316902, 0.3674478, 0.5710641, 1
0.5923868, 0.514411, 0.6011667, 1
0.4851341, 0.3586856, 0.568984, 1
0.5250233, 0.3967248, 0.4912873, 1
0.5914944, 0.4400454, 0.5848485, 1
0.5855229, 0.4600367, 0.550086, 1
0.6027384, 0.4901157, 0.6048832, 1
0.5410572, 0.4681812, 0.6283439, 1
0.5006344, 0.4000825, 0.5966582, 1
0.5180146, 0.4078141, 0.4964272, 1
0.4277367, 0.4105423, 0.5660038, 1
0.6026568, 0.4438235, 0.5955995, 1
0.5069137, 0.3851842, 0.6163161, 1
0.5652748, 0.4242195, 0.5482478, 1
0.4886225, 0.3722478, 0.4622971, 1
0.4294762, 0.3921092, 0.5523028, 1
0.5361658, 0.4738162, 0.6143368, 1
0.5663164, 0.4528022, 0.565748, 1
0.4754339, 0.4130572, 0.5750646, 1
0.5592098, 0.4788648, 0.5864729, 1
0.6081502, 0.4258144, 0.6031437, 1
0.4869637, 0.3812992, 0.5189417, 1
0.5314857, 0.368001, 0.5163292, 1
0.6034606, 0.5059766, 0.5819418, 1
0.4997729, 0.3979548, 0.6062117, 1
0.59966, 0.4181229, 0.6451046, 1
0.5110381, 0.455479, 0.5264696, 1
0.4970418, 0.4502135, 0.5392332, 1
0.4929557, 0.3631601, 0.5614064, 1
0.467014, 0.3983533, 0.5479439, 1
0.4849705, 0.3601515, 0.4654714, 1
0.5036272, 0.4346648, 0.4970204, 1
0.4934989, 0.442665, 0.6200469, 1
0.4412551, 0.3687806, 0.5080271, 1
0.5208582, 0.4738789, 0.545794, 1
0.554905, 0.421914, 0.569994, 1
0.4907558, 0.3687878, 0.6050841, 1
0.4214344, 0.3743787, 0.5138658, 1
0.590083, 0.4669417, 0.6101421, 1
0.57206, 0.4418904, 0.671669, 1
0.5972922, 0.4407491, 0.6239501, 1
0.5668189, 0.4347079, 0.5787965, 1
0.5556482, 0.4537169, 0.6183026, 1
0.614876, 0.462891, 0.5905194, 1
0.4614484, 0.4191385, 0.5600214, 1
0.460751, 0.3225546, 0.5462294, 1
0.5743015, 0.4173542, 0.6364505, 1
0.5051237, 0.3973626, 0.5046538, 1
0.5930348, 0.4317878, 0.586337, 1
0.5893517, 0.5113812, 0.5906322, 1
0.4716301, 0.3631582, 0.5703486, 1
0.5105773, 0.4591813, 0.5329348, 1
0.5479782, 0.5037652, 0.5855111, 1
0.5566085, 0.4147354, 0.6023695, 1
0.4181747, 0.3721686, 0.4968543, 1
0.4938243, 0.3797638, 0.4933822, 1
0.5462307, 0.4458048, 0.5285216, 1
0.463394, 0.3873143, 0.5917765, 1
0.551446, 0.469378, 0.5415796, 1
0.5505862, 0.4165506, 0.5256878, 1
0.4140107, 0.3789565, 0.5188206, 1
0.6217325, 0.4352705, 0.5863382, 1
0.4566204, 0.3960934, 0.507629, 1
0.5412573, 0.4906764, 0.6314423, 1
0.4271428, 0.3737874, 0.5232138, 1
0.4499848, 0.341312, 0.5532694, 1
0.5509926, 0.3847804, 0.5847448, 1
0.5031924, 0.3295819, 0.5387112, 1
0.4777361, 0.3170513, 0.551215, 1
0.5355012, 0.4514494, 0.6341471, 1
0.4926221, 0.3859182, 0.4979151, 1
0.511156, 0.4038502, 0.5742417, 1
0.4746734, 0.3823896, 0.590253, 1
0.5555448, 0.4678903, 0.5600044, 1
0.5059965, 0.3708268, 0.6088567, 1
0.6092569, 0.4666499, 0.6182731, 1
0.4636793, 0.3346979, 0.549108, 1
0.5267439, 0.4942185, 0.5843287, 1
0.4857778, 0.3797575, 0.574669, 1
0.476215, 0.3524314, 0.5235521, 1
0.5418575, 0.3832585, 0.6200098, 1
0.5366209, 0.3615316, 0.5326284, 1
0.4394765, 0.3790285, 0.5762158, 1
0.4511228, 0.3958969, 0.5199055, 1
0.6035532, 0.41342, 0.6165183, 1
0.5828348, 0.4087958, 0.5867983, 1
0.5542362, 0.4673189, 0.554537, 1
0.4956886, 0.4384656, 0.5181165, 1
0.4654019, 0.3665222, 0.5769199, 1
0.4070786, 0.3770177, 0.5592361, 1
0.4285339, 0.3993329, 0.5423906, 1
0.5490198, 0.3757744, 0.5341144, 1
0.5302398, 0.4121074, 0.5016246, 1
0.5559842, 0.4887899, 0.5807629, 1
0.5075072, 0.422482, 0.6276824, 1
0.5116608, 0.4501688, 0.6071674, 1
0.5413858, 0.4700648, 0.6402559, 1
0.488372, 0.4180889, 0.5468113, 1
0.5447965, 0.3877881, 0.5198917, 1
0.4789836, 0.4318122, 0.6086138, 1
0.4354463, 0.3837834, 0.5491073, 1
0.5083604, 0.3674457, 0.5271708, 1
0.4896105, 0.4725683, 0.5853527, 1
0.5769644, 0.4426956, 0.5585484, 1
0.5319791, 0.4397509, 0.6594881, 1
0.4422064, 0.4116097, 0.5518789, 1
0.5347985, 0.4373955, 0.5127569, 1
0.5893946, 0.4332833, 0.6014144, 1
0.5514813, 0.4429507, 0.5419357, 1
0.5787984, 0.4665027, 0.6227804, 1
0.4557064, 0.3788756, 0.5013843, 1
0.5953018, 0.5104226, 0.5785311, 1
0.4758027, 0.3861872, 0.4748616, 1
0.5012677, 0.3961476, 0.5089869, 1
0.5519205, 0.4871553, 0.5791432, 1
0.5451146, 0.3852303, 0.5177714, 1
0.4331744, 0.3905109, 0.550387, 1
0.6070927, 0.4281013, 0.5647602, 1
0.4924017, 0.3842472, 0.5432599, 1
0.5155769, 0.3982646, 0.5875744, 1
0.605372, 0.5090231, 0.5855507, 1
0.6278203, 0.4543704, 0.5883402, 1
0.4915056, 0.3832401, 0.5557293, 1
0.5025624, 0.4546537, 0.578447, 1
0.4458114, 0.4095573, 0.5279127, 1
0.5388117, 0.4784172, 0.5973286, 1
0.488973, 0.4338895, 0.5162316, 1
0.5303849, 0.5032904, 0.5935462, 1
0.5333505, 0.3938447, 0.5393096, 1
0.630145, 0.4406066, 0.6045466, 1
0.5614387, 0.392221, 0.5675108, 1
0.5761529, 0.4408265, 0.5991402, 1
0.4775027, 0.3704039, 0.59819, 1
0.4226701, 0.3778724, 0.5056666, 1
0.5046895, 0.449226, 0.526545, 1
0.5123039, 0.3731548, 0.6035926, 1
0.4319564, 0.329168, 0.5583836, 1
0.5387242, 0.3920113, 0.5839656, 1
0.6011669, 0.4370838, 0.6008242, 1
0.4288106, 0.3458504, 0.5695454, 1
0.5678119, 0.4669869, 0.6700957, 1
0.5552926, 0.3823795, 0.5725292, 1
0.5832169, 0.4184135, 0.5997537, 1
0.5764889, 0.4330147, 0.5514013, 1
0.5058793, 0.3963637, 0.5065142, 1
0.555892, 0.4587561, 0.6105227, 1
0.4700874, 0.4141323, 0.5793849, 1
0.6028112, 0.4067072, 0.5890372, 1
0.5031189, 0.4292204, 0.5837456, 1
0.5991831, 0.4410816, 0.6295838, 1
0.5059884, 0.4342084, 0.612549, 1
0.5620053, 0.4499262, 0.5316158, 1
0.5740499, 0.4737791, 0.5601194, 1
0.5111386, 0.3974607, 0.5634505, 1
0.6005033, 0.4912755, 0.6043538, 1
0.467177, 0.3395946, 0.5294237, 1
0.5700501, 0.4748392, 0.5490601, 1
0.5665964, 0.4349703, 0.5324036, 1
0.5237951, 0.4188498, 0.5969023, 1
0.5289994, 0.426742, 0.5756567, 1
0.4485326, 0.3851414, 0.5825611, 1
0.5539394, 0.4746859, 0.5580039, 1
0.5328679, 0.3683133, 0.5986312, 1
0.522818, 0.3880741, 0.4996235, 1
0.5743659, 0.4320271, 0.6670125, 1
0.4878379, 0.4213313, 0.5012456, 1
0.6140899, 0.4111193, 0.6012782, 1
0.4255443, 0.3551314, 0.5587084, 1
0.5439596, 0.4890935, 0.565394, 1
0.4574767, 0.3778237, 0.5643966, 1
0.5903084, 0.4519372, 0.6054663, 1
0.501563, 0.3775058, 0.5068785, 1
0.4413647, 0.3822075, 0.5791404, 1
0.483169, 0.4071977, 0.5845775, 1
0.4756842, 0.4227351, 0.6074406, 1
0.483767, 0.3829816, 0.5435606, 1
0.5390344, 0.3995119, 0.5220696, 1
0.5315219, 0.4352272, 0.611527, 1
0.5002847, 0.4689207, 0.5702345, 1
0.4856978, 0.3584343, 0.549684, 1
0.5555195, 0.4043564, 0.6257727, 1
0.567306, 0.4746971, 0.5718446, 1
0.5741144, 0.4634277, 0.5589219, 1
0.5869694, 0.4294173, 0.6472168, 1
0.5268182, 0.45729, 0.5357024, 1
0.5467278, 0.3917705, 0.5423791, 1
0.5750129, 0.4147158, 0.596156, 1
0.5241637, 0.453664, 0.6009764, 1
0.4485811, 0.3506753, 0.5496738, 1
0.4489467, 0.4057309, 0.5771769, 1
0.4800766, 0.4105783, 0.5097864, 1
0.556483, 0.4542137, 0.6119972, 1
0.5150051, 0.4035468, 0.5189269, 1
0.5560681, 0.4793996, 0.6307935, 1
0.5136568, 0.4840706, 0.5913457, 1
0.5122014, 0.3627881, 0.5368228, 1
0.5197819, 0.4289252, 0.5647317, 1
0.4677098, 0.3694635, 0.4710587, 1
0.5373771, 0.4724437, 0.5983725, 1
0.439351, 0.3983592, 0.5524714, 1
0.5733877, 0.4696293, 0.6058366, 1
0.6116533, 0.4949234, 0.5888872, 1
0.4671632, 0.3748114, 0.5378098, 1
0.6043587, 0.503327, 0.5884752, 1
0.6053153, 0.4702797, 0.596342, 1
0.5522094, 0.3938229, 0.599098, 1
0.5749154, 0.4509438, 0.5659902, 1
0.5436134, 0.4004875, 0.512091, 1
0.6048054, 0.4833894, 0.6044291, 1
0.5870644, 0.4344548, 0.5526213, 1
0.531933, 0.3508119, 0.5238941, 1
0.4531891, 0.3670314, 0.5368559, 1
0.5168179, 0.4147188, 0.4923813, 1
0.4840159, 0.363462, 0.5507259, 1
0.465843, 0.3777218, 0.4870342, 1
0.5890653, 0.4358808, 0.57291, 1
0.4813105, 0.4268466, 0.5608574, 1
0.6024781, 0.426073, 0.6166264, 1
0.4751669, 0.3725202, 0.499928, 1
0.5494884, 0.4974154, 0.5890262, 1
0.4814937, 0.3584208, 0.5372422, 1
0.5327877, 0.3819407, 0.5681015, 1
0.4970767, 0.3785871, 0.5881829, 1
0.5076568, 0.4333804, 0.6254079, 1
0.4915719, 0.4114102, 0.5062001, 1
0.4569162, 0.3891999, 0.5017811, 1
0.4286692, 0.3965434, 0.562816, 1
0.5607004, 0.4611236, 0.6438879, 1
0.5505036, 0.3944009, 0.5311415, 1
0.5514149, 0.5013552, 0.6362413, 1
0.5252237, 0.3841535, 0.4983858, 1
0.4456586, 0.3731834, 0.5156067, 1
0.4691544, 0.3547019, 0.5940256, 1
0.5859637, 0.4768855, 0.6410904, 1
0.4652777, 0.3572157, 0.5368537, 1
0.5366288, 0.4138063, 0.6046144, 1
0.4956023, 0.3942055, 0.5158263, 1
0.5484763, 0.5031155, 0.6085668, 1
0.5366017, 0.411341, 0.6341014, 1
0.4032419, 0.3674212, 0.5472222, 1
0.5593278, 0.4682271, 0.5794824, 1
0.5143997, 0.4300914, 0.5034821, 1
0.4477587, 0.3651478, 0.5240063, 1
0.577007, 0.4409834, 0.6474841, 1
0.5803432, 0.4011826, 0.6449218, 1
0.5748947, 0.3815603, 0.5971553, 1
0.5457903, 0.405849, 0.5413693, 1
0.4715052, 0.4311723, 0.5455828, 1
0.5533782, 0.4066629, 0.5574192, 1
0.4757465, 0.3415026, 0.5282042, 1
0.5517052, 0.4932498, 0.6255292, 1
0.4389879, 0.3704266, 0.5677062, 1
0.5513234, 0.4876454, 0.5505491, 1
0.4826995, 0.4670928, 0.5751851, 1
0.5213385, 0.4738823, 0.598035, 1
0.5439763, 0.4685231, 0.588595, 1
0.4277156, 0.3486197, 0.5643966, 1
0.4272047, 0.4048641, 0.558247, 1
0.4616084, 0.3676781, 0.5168136, 1
0.4896759, 0.4459705, 0.5435443, 1
0.5514832, 0.4898975, 0.5985684, 1
0.4582728, 0.4360298, 0.5730836, 1
0.518567, 0.3385713, 0.520573, 1
0.5345305, 0.4578943, 0.5944062, 1
0.5599352, 0.3943011, 0.6043313, 1
0.4707716, 0.3886119, 0.5735873, 1
0.4646229, 0.3973394, 0.5894713, 1
0.5708454, 0.4678169, 0.5791523, 1
0.458389, 0.4103764, 0.5691393, 1
0.5497985, 0.4309342, 0.6046891, 1
0.5213786, 0.3505929, 0.5750427, 1
0.5157858, 0.4840918, 0.5973536, 1
0.5481654, 0.4655569, 0.5718652, 1
0.4946555, 0.3329442, 0.490665, 1
0.4910682, 0.337358, 0.5019097, 1
0.4659647, 0.3807846, 0.5227601, 1
0.4577771, 0.3550401, 0.5645167, 1
0.53488, 0.4481515, 0.5293577, 1
0.5514188, 0.4957379, 0.5975333, 1
0.5610008, 0.4584261, 0.669931, 1
0.626596, 0.4621557, 0.5968808, 1
0.5303311, 0.4805515, 0.620384, 1
0.5676097, 0.4125439, 0.6134772, 1
0.4643999, 0.426274, 0.5530038, 1
0.4798613, 0.4089368, 0.4799476, 1
0.4812662, 0.3789803, 0.4613883, 1
0.5308018, 0.496162, 0.6362252, 1
0.4901801, 0.462728, 0.5982708, 1
0.5091985, 0.3550191, 0.5633408, 1
0.5951074, 0.454257, 0.6484029, 1
0.4382769, 0.3901708, 0.5066603, 1
0.5530819, 0.3830836, 0.5844657, 1
0.5849944, 0.5017874, 0.6137972, 1
0.5515064, 0.4514738, 0.5535867, 1
0.5763637, 0.3952511, 0.6217045, 1
0.5311028, 0.4646496, 0.5683874, 1
0.5066181, 0.3464355, 0.4931945, 1
0.5669711, 0.4691674, 0.6037319, 1
0.6098849, 0.405539, 0.606732, 1
0.5600257, 0.4015276, 0.5718674, 1
0.5588097, 0.4601488, 0.5683435, 1
0.4864919, 0.4370306, 0.5310221, 1
0.5501783, 0.4739463, 0.6079268, 1
0.5057215, 0.3733991, 0.5094172, 1
0.5177485, 0.3660532, 0.5009813, 1
0.5723954, 0.4597167, 0.6185939, 1
0.5210236, 0.4292903, 0.5408295, 1
0.5240068, 0.4179752, 0.6014188, 1
0.5989419, 0.4124189, 0.6500645, 1
0.5629093, 0.4499334, 0.563284, 1
0.4499224, 0.3649818, 0.5468681, 1
0.5643085, 0.5092117, 0.5904014, 1
0.6107363, 0.4417846, 0.6274521, 1
0.4598622, 0.3549257, 0.5058445, 1
0.5735281, 0.482366, 0.6506384, 1
0.5377978, 0.5048394, 0.6060883, 1
0.4577246, 0.4222059, 0.5846263, 1
0.5494555, 0.4459926, 0.5705801, 1
0.4784044, 0.3576402, 0.4788068, 1
0.5040797, 0.4637166, 0.6043663, 1
0.4854276, 0.3986508, 0.5520711, 1
0.4759753, 0.4365174, 0.6022297, 1
0.5974612, 0.4207709, 0.5997196, 1
0.4936148, 0.3567485, 0.4878567, 1
0.5159059, 0.4485421, 0.6203238, 1
0.4780544, 0.4267735, 0.5878782, 1
0.4893874, 0.3810519, 0.5045347, 1
0.4993946, 0.3975128, 0.5108864, 1
0.4565283, 0.4302262, 0.5660176, 1
0.5924646, 0.4712216, 0.610722, 1
0.4836726, 0.3880683, 0.4863084, 1
0.4829215, 0.4247457, 0.5594416, 1
0.5070058, 0.4388577, 0.531901, 1
0.4464818, 0.4104621, 0.5327282, 1
0.4279164, 0.3688812, 0.5396048, 1
0.5933969, 0.4862708, 0.5814966, 1
0.6137549, 0.4152587, 0.5924942, 1
0.516261, 0.4546718, 0.6260651, 1
0.5554407, 0.3759876, 0.5495216, 1
0.55295, 0.3893405, 0.5585311, 1
0.4542606, 0.4215052, 0.5464189, 1
0.5447222, 0.4447695, 0.5597516, 1
0.4502719, 0.365589, 0.5518405, 1
0.5085096, 0.3706013, 0.4840204, 1
0.4788882, 0.4039203, 0.5236975, 1
0.6102175, 0.4302214, 0.6131274, 1
0.5478941, 0.4235215, 0.5170766, 1
0.6182701, 0.4714555, 0.5757745, 1
0.522922, 0.4623953, 0.5247829, 1
0.5855194, 0.482756, 0.6126753, 1
0.5474962, 0.3730532, 0.5262665, 1
0.5380594, 0.5002967, 0.6041276, 1
0.5605907, 0.3914969, 0.622301, 1
0.5395156, 0.3888965, 0.521973, 1
0.5341687, 0.4259226, 0.5714124, 1
0.577453, 0.4420792, 0.6576888, 1
0.5165011, 0.3947276, 0.6119754, 1
0.5904993, 0.4310873, 0.6289912, 1
0.5430326, 0.4324354, 0.6155216, 1
0.487956, 0.3875698, 0.5999625, 1
0.5314078, 0.4162268, 0.6495302, 1
0.5425624, 0.3726183, 0.5261216, 1
0.6186993, 0.4494146, 0.621909, 1
0.5452489, 0.4508835, 0.5415038, 1
0.5516297, 0.4334058, 0.6428872, 1
0.5413161, 0.4250615, 0.6554171, 1
0.5387778, 0.3810838, 0.578743, 1
0.4770412, 0.4198797, 0.5770761, 1
0.579216, 0.3899271, 0.5782114, 1
0.5895967, 0.4592308, 0.5543256, 1
0.4906396, 0.3606758, 0.4646733, 1
0.4966629, 0.4564483, 0.5850691, 1
0.4522089, 0.3560933, 0.5579888, 1
0.477459, 0.3806984, 0.5646473, 1
0.5661411, 0.4148717, 0.6200056, 1
0.4806224, 0.4361041, 0.5564914, 1
0.5863386, 0.4394135, 0.6271527, 1
0.5782679, 0.503673, 0.5982324, 1
0.5353093, 0.3929192, 0.5162608, 1
0.5678189, 0.4289978, 0.5858463, 1
0.5141441, 0.3944781, 0.5579368, 1
0.4846358, 0.343008, 0.5466417, 1
0.5374045, 0.3945334, 0.6107978, 1
0.5688092, 0.5128989, 0.6152698, 1
0.5383666, 0.4052455, 0.6392964, 1
0.4777827, 0.4375675, 0.580246, 1
0.531083, 0.3711361, 0.5645338, 1
0.627247, 0.4593919, 0.5813919, 1
0.6080442, 0.4316902, 0.5637661, 1
0.5774569, 0.425634, 0.5831758, 1
0.5766102, 0.4756396, 0.5925376, 1
0.4634477, 0.3946995, 0.507645, 1
0.4646221, 0.4030915, 0.5390334, 1
0.5377073, 0.4218617, 0.5846857, 1
0.4860134, 0.3719546, 0.4718062, 1
0.5576963, 0.4595429, 0.5520655, 1
0.4259093, 0.3826532, 0.5676745, 1
0.5694918, 0.517647, 0.5986871, 1
0.5105066, 0.4629718, 0.5926269, 1
0.4634271, 0.3865754, 0.4611398, 1
0.4603935, 0.3400505, 0.5790794, 1
0.4336694, 0.391206, 0.5242274, 1
0.4280456, 0.3929839, 0.5172437, 1
0.4754641, 0.3929734, 0.4664692, 1
0.5926842, 0.466788, 0.6331726, 1
0.5744818, 0.4194592, 0.6496663, 1
0.4648039, 0.3309235, 0.520582, 1
0.5304443, 0.394167, 0.5484183, 1
0.4298898, 0.3932161, 0.5529981, 1
0.5115263, 0.3721313, 0.5875549, 1
0.5094879, 0.469584, 0.583229, 1
0.4868078, 0.4177699, 0.5095731, 1
0.519433, 0.4898588, 0.6028517, 1
0.4922343, 0.4030784, 0.6010447, 1
0.555566, 0.4377294, 0.669318, 1
0.4484327, 0.3689764, 0.5361619, 1
0.4945782, 0.4640026, 0.5594451, 1
0.530116, 0.4050713, 0.520552, 1
0.5577404, 0.4544418, 0.5788068, 1
0.6113704, 0.4340492, 0.5936571, 1
0.6182505, 0.4620297, 0.57924, 1
0.5609903, 0.4767485, 0.6596337, 1
0.4942288, 0.3637512, 0.5191233, 1
0.5429462, 0.4516542, 0.5857397, 1
0.5428536, 0.4519797, 0.6687186, 1
0.5680802, 0.4731278, 0.5641263, 1
0.579267, 0.4754518, 0.621775, 1
0.538649, 0.5040531, 0.5988238, 1
0.4502804, 0.3887319, 0.5164057, 1
0.5411077, 0.4563792, 0.5851968, 1
0.5696492, 0.4626902, 0.5845622, 1
0.5454512, 0.4958926, 0.6345937, 1
0.566459, 0.4523876, 0.5966101, 1
0.4537261, 0.4163723, 0.5778307, 1
0.4975137, 0.377885, 0.5917484, 1
0.4980141, 0.35737, 0.4979923, 1
0.5591662, 0.4656829, 0.6383638, 1
0.58747, 0.512202, 0.5878603, 1
0.6241258, 0.4510193, 0.5768382, 1
0.5712681, 0.4986474, 0.5724583, 1
0.5564656, 0.5132256, 0.6171637, 1
0.5318339, 0.4209502, 0.5429875, 1
0.4454651, 0.3934749, 0.487593, 1
0.5857348, 0.4864058, 0.6105165, 1
0.5912728, 0.4414859, 0.6435547, 1
0.4831393, 0.3632154, 0.4745395, 1
0.564513, 0.4425838, 0.6267502, 1
0.599467, 0.4918231, 0.6004117, 1
0.5007271, 0.4162064, 0.4999596, 1
0.5065709, 0.4814204, 0.5650672, 1
0.4698794, 0.3574136, 0.5100135, 1
0.4958991, 0.3908389, 0.4987554, 1
0.5358906, 0.3600917, 0.5233525, 1
0.5462858, 0.4233088, 0.5183211, 1
0.4928584, 0.3764807, 0.4974804, 1
0.4786179, 0.3377973, 0.5241933, 1
0.5059734, 0.4357232, 0.5159817, 1
0.5443836, 0.3905948, 0.5071108, 1
0.5870199, 0.4424152, 0.6363004, 1
0.5162344, 0.3744783, 0.5420806, 1
0.4802961, 0.3778112, 0.5409945, 1
0.4602564, 0.4258224, 0.5495493, 1
0.4428224, 0.3168498, 0.5577144, 1
0.5480142, 0.3895504, 0.5430437, 1
0.4718837, 0.429539, 0.578436, 1
0.5428807, 0.4583969, 0.5613291, 1
0.5010197, 0.3664649, 0.4704569, 1
0.4359887, 0.3876182, 0.5647128, 1
0.6155819, 0.4261481, 0.5873685, 1
0.5614901, 0.5034657, 0.6256921, 1
0.5370668, 0.4632994, 0.5699308, 1
0.4922126, 0.4291129, 0.5406402, 1
0.5257188, 0.3926948, 0.5032253, 1
0.5041448, 0.3989564, 0.5888976, 1
0.4853131, 0.4264877, 0.5509845, 1
0.4901704, 0.4379405, 0.5266168, 1
0.4980758, 0.4301949, 0.5816477, 1
0.4670939, 0.3923125, 0.4609152, 1
0.4881555, 0.4285444, 0.552605, 1
0.5238588, 0.3909251, 0.6285104, 1
0.5444434, 0.3983287, 0.6165327, 1
0.4963889, 0.4140014, 0.5129396, 1
0.4984113, 0.347582, 0.4759816, 1
0.4621598, 0.4330275, 0.5627371, 1
0.5031788, 0.4257678, 0.5565069, 1
0.4652107, 0.3812123, 0.5487471, 1
0.5879955, 0.4864613, 0.5620649, 1
0.4984846, 0.3275925, 0.554215, 1
0.5447932, 0.4939435, 0.5760255, 1
0.5204789, 0.4234886, 0.5577824, 1
0.5335867, 0.3557314, 0.5157666, 1
0.4513543, 0.3260339, 0.566867, 1
0.5068014, 0.4577004, 0.5492643, 1
0.5183654, 0.4523018, 0.5361385, 1
0.565269, 0.4693409, 0.6164647, 1
0.5545081, 0.4539341, 0.554652, 1
0.5182554, 0.3903661, 0.5589776, 1
0.471285, 0.3649548, 0.5284668, 1
0.4391257, 0.3860752, 0.553781, 1
0.4736462, 0.3352419, 0.5273284, 1
0.4985503, 0.3960029, 0.6177642, 1
0.6006583, 0.4139941, 0.6209495, 1
0.5895415, 0.3959811, 0.5684516, 1
0.5868785, 0.4750948, 0.6089995, 1
0.4544325, 0.3375098, 0.5738017, 1
0.5052075, 0.4573849, 0.6315989, 1
0.5439747, 0.4842532, 0.5848861, 1
0.5680094, 0.4522468, 0.6657355, 1
0.5543792, 0.3979961, 0.5803832, 1
0.4312367, 0.3394533, 0.5495259, 1
0.4786218, 0.4053988, 0.5212122, 1
0.5085841, 0.4236986, 0.568708, 1
0.6035154, 0.4880636, 0.6055582, 1
0.4402867, 0.3585394, 0.5466529, 1
0.5372286, 0.4683473, 0.5997263, 1
0.476301, 0.3629434, 0.6008457, 1
0.5294686, 0.4416251, 0.5140558, 1
0.547174, 0.4546629, 0.6708733, 1
0.5636786, 0.5215001, 0.6352673, 1
0.5161186, 0.4245766, 0.6369945, 1
0.4482891, 0.388392, 0.5233847, 1
0.5276095, 0.3542138, 0.5078014, 1
0.4991978, 0.4028029, 0.617726, 1
0.583292, 0.4158323, 0.6506425, 1
0.5551627, 0.3715493, 0.5492234, 1
0.5578605, 0.4462292, 0.6582071, 1
0.4703422, 0.4112733, 0.5118002, 1
0.5419379, 0.3761594, 0.610579, 1
0.544774, 0.411818, 0.644928, 1
0.5329872, 0.4014482, 0.6071776, 1
0.4272706, 0.3907478, 0.5579715, 1
0.5325855, 0.4971101, 0.600648, 1
0.6066497, 0.4790862, 0.5694648, 1
0.5616405, 0.4323841, 0.6289199, 1
0.528626, 0.5027975, 0.616483, 1
0.5148504, 0.4263762, 0.6252862, 1
0.4964461, 0.469058, 0.6054043, 1
0.5269006, 0.452041, 0.6262714, 1
0.4515153, 0.3446108, 0.5249574, 1
0.5664438, 0.3812996, 0.5957515, 1
0.5200467, 0.3819149, 0.517924, 1
0.4524405, 0.4369764, 0.5840812, 1
0.5108505, 0.4080781, 0.5174569, 1
0.4777697, 0.3566684, 0.5081517, 1
0.48808, 0.4369217, 0.5275618, 1
0.5974964, 0.4060533, 0.6155912, 1
0.4549309, 0.3687459, 0.548516, 1
0.5722118, 0.4414396, 0.5959496, 1
0.4547978, 0.3356186, 0.5411944, 1
0.5562418, 0.4940515, 0.6040786, 1
0.5415301, 0.4606037, 0.5358696, 1
0.4533083, 0.3669503, 0.5117483, 1
0.5916639, 0.4050946, 0.6075208, 1
0.5801449, 0.471521, 0.6400523, 1
0.4849662, 0.3268154, 0.5640717, 1
0.5963729, 0.4615308, 0.6272513, 1
0.4396236, 0.3763519, 0.5578856, 1
0.4680308, 0.3865816, 0.5155417, 1
0.5014828, 0.4580342, 0.6068677, 1
0.5778791, 0.466581, 0.6533805, 1
0.505351, 0.4339505, 0.528956, 1
0.5604882, 0.4365312, 0.6105984, 1
0.4771664, 0.3289389, 0.550054, 1
0.5163201, 0.4851087, 0.5810702, 1
0.4610425, 0.3964455, 0.5117295, 1
0.5226333, 0.4282412, 0.5210218, 1
0.6093028, 0.4206127, 0.6457348, 1
0.50022, 0.4101906, 0.5599927, 1
0.5488351, 0.4750426, 0.5601737, 1
0.5589619, 0.4344925, 0.5520564, 1
0.5935299, 0.439462, 0.5700734, 1
0.4690963, 0.4438018, 0.5791813, 1
0.503105, 0.3746907, 0.543074, 1
0.5176301, 0.4510269, 0.5406632, 1
0.5407015, 0.4825087, 0.5441771, 1
0.5931481, 0.4209836, 0.6638666, 1
0.4171272, 0.3875358, 0.5574012, 1
0.5294285, 0.4278756, 0.6298258, 1
0.4767705, 0.3929852, 0.5566156, 1
0.5055346, 0.3693557, 0.604031, 1
0.5562472, 0.4203487, 0.5244923, 1
0.5312165, 0.4579583, 0.5572495, 1
0.5533863, 0.4739659, 0.5421613, 1
0.5144967, 0.4194478, 0.626032, 1
0.5062553, 0.3773597, 0.6024277, 1
0.5282, 0.4398386, 0.5960801, 1
0.5652754, 0.502952, 0.6213009, 1
0.466291, 0.4489569, 0.5785513, 1
0.57485, 0.4848347, 0.6472452, 1
0.5931726, 0.4675666, 0.5974703, 1
0.5636218, 0.4800124, 0.6041188, 1
0.5757706, 0.4945028, 0.5885879, 1
0.4918297, 0.4488792, 0.5447506, 1
0.4653646, 0.3369657, 0.5566272, 1
0.5059291, 0.4454823, 0.5179014, 1
0.4368889, 0.4114721, 0.5578339, 1
0.5579492, 0.4477874, 0.5975664, 1
0.4993628, 0.3622212, 0.5198889, 1
0.5135387, 0.4740723, 0.5611484, 1
0.4382883, 0.4187016, 0.5725119, 1
0.4875567, 0.4162653, 0.5360223, 1
0.505009, 0.4389392, 0.5511751, 1
0.502745, 0.4164982, 0.568999, 1
0.4963323, 0.3650564, 0.5325906, 1
0.4293255, 0.3696119, 0.5557604, 1
0.4778499, 0.3880875, 0.6037601, 1
0.5681906, 0.4830076, 0.647741, 1
0.5995534, 0.4379981, 0.6416861, 1
0.5072133, 0.4021867, 0.6249336, 1
0.5336004, 0.3708967, 0.5795085, 1
0.4729582, 0.3269326, 0.5513005, 1
0.5667569, 0.467869, 0.6209039, 1
0.5458757, 0.4794655, 0.636566, 1
0.5158692, 0.4279284, 0.5620188, 1
0.5382129, 0.4391969, 0.6335611, 1
0.4350459, 0.4035502, 0.5522663, 1
0.4033969, 0.3640408, 0.54701, 1
0.4454763, 0.3619962, 0.5533884, 1
0.4874114, 0.4370265, 0.5450673, 1
0.5196548, 0.4033861, 0.5200354, 1
0.612735, 0.4914071, 0.5831667, 1
0.5125999, 0.4386867, 0.6419027, 1
0.5463931, 0.437056, 0.6642346, 1
0.4778148, 0.3961411, 0.5567136, 1
0.4456899, 0.3392777, 0.5487632, 1
0.6133424, 0.4254753, 0.5815087, 1
0.5576912, 0.5030295, 0.6037986, 1
0.5794041, 0.5081043, 0.6009999, 1
0.5753704, 0.4546225, 0.6730061, 1
0.512614, 0.3466998, 0.4897376, 1
0.5262104, 0.4706706, 0.5535241, 1
0.5302848, 0.440468, 0.6143224, 1
0.4554838, 0.3613567, 0.5788472, 1
0.5745625, 0.4196986, 0.5877147, 1
0.4705336, 0.4037386, 0.582732, 1
0.5208735, 0.4198306, 0.5954378, 1
0.4382953, 0.4135422, 0.5499286, 1
0.5384526, 0.452297, 0.5760207, 1
0.4647693, 0.3448625, 0.576014, 1
0.5769584, 0.4868113, 0.6197926, 1
0.5657962, 0.4436346, 0.5434471, 1
0.4845386, 0.3387887, 0.5105915, 1
0.5204338, 0.4842371, 0.6370943, 1
0.5804919, 0.4842166, 0.5657967, 1
0.507548, 0.3783199, 0.5525361, 1
0.4962415, 0.4286536, 0.5915972, 1
0.597232, 0.4396317, 0.5735797, 1
0.4850792, 0.3634013, 0.5382629, 1
0.4343144, 0.4079198, 0.5409163, 1
0.5352703, 0.4035524, 0.565226, 1
0.5756158, 0.4987772, 0.6366047, 1
0.42315, 0.3439704, 0.5568171, 1
0.4727194, 0.4229299, 0.5297672, 1
0.5779883, 0.4667428, 0.6479855, 1
0.5771682, 0.4665536, 0.6226594, 1
0.6360102, 0.4284849, 0.6132256, 1
0.5082214, 0.4494286, 0.6307552, 1
0.5662984, 0.4427243, 0.5339344, 1
0.5990515, 0.4355531, 0.5683212, 1
0.5765679, 0.4222566, 0.6262096, 1
0.6185374, 0.4657053, 0.5666088, 1
0.4835306, 0.4691888, 0.5889568, 1
0.4455564, 0.3945543, 0.482284, 1
0.4897895, 0.3954542, 0.595373, 1
0.5876502, 0.3917479, 0.6180145, 1
0.4593712, 0.4450434, 0.5890376, 1
0.6023081, 0.4747298, 0.5800015, 1
0.4308516, 0.3761702, 0.5215174, 1
0.6124462, 0.4400025, 0.6386809, 1
0.4402328, 0.3862974, 0.4810507, 1
0.5469511, 0.3821665, 0.514429, 1
0.4906124, 0.3451181, 0.5657902, 1
0.5053789, 0.3219683, 0.5237694, 1
0.5062872, 0.4374819, 0.5564775, 1
0.5907227, 0.5032226, 0.6138544, 1
0.5407348, 0.4888217, 0.5995286, 1
0.515579, 0.416093, 0.6106088, 1
0.4742941, 0.3607343, 0.5018715, 1
0.5614434, 0.4021931, 0.5577638, 1
0.498043, 0.4144044, 0.5695745, 1
0.5112045, 0.3582545, 0.5448781, 1
0.6242543, 0.4215076, 0.626545, 1
0.5134308, 0.4072441, 0.6314594, 1
0.5548087, 0.3846974, 0.576548, 1
0.5717617, 0.4524567, 0.6356841, 1
0.5423985, 0.4580535, 0.6626979, 1
0.613548, 0.4426706, 0.6140422, 1
0.5287611, 0.4241891, 0.5879617, 1
0.517196, 0.4100785, 0.507491, 1
0.5886596, 0.5161053, 0.6035339, 1
0.4498659, 0.4035056, 0.5807037, 1
0.5713708, 0.3883175, 0.5743086, 1
0.5862858, 0.4205816, 0.6394088, 1
0.5963423, 0.4625519, 0.5864733, 1
0.4357736, 0.3928258, 0.5580658, 1
0.5858291, 0.4029633, 0.6178117, 1
0.5957914, 0.4896353, 0.5793379, 1
0.526324, 0.4539436, 0.5979574, 1
0.4544849, 0.3899226, 0.5331302, 1
0.4897092, 0.3535928, 0.4819086, 1
0.5017146, 0.4484738, 0.6308408, 1
0.4291317, 0.3707821, 0.5166777, 1
0.4769423, 0.3876169, 0.5920182, 1
0.5366125, 0.404741, 0.5014563, 1
0.4337026, 0.3668342, 0.5061629, 1
0.4829932, 0.3216453, 0.5209299, 1
0.5640556, 0.4889458, 0.5674805, 1
0.5152172, 0.444172, 0.641374, 1
0.4596268, 0.3144973, 0.5502011, 1
0.5956023, 0.4638618, 0.6272497, 1
0.4412719, 0.3847592, 0.5043607, 1
0.4671542, 0.381551, 0.4646065, 1
0.5622958, 0.5150522, 0.6394674, 1
0.5210521, 0.4001365, 0.491822, 1
0.4599786, 0.3810785, 0.5418034, 1
0.500258, 0.4332635, 0.6325321, 1
0.5750988, 0.49629, 0.5976753, 1
0.4382513, 0.4004509, 0.5735624, 1
0.5051668, 0.4174731, 0.5604287, 1
0.5572921, 0.4124507, 0.5693043, 1
0.5315525, 0.4331402, 0.6261559, 1
0.4585487, 0.4063926, 0.5515036, 1
0.5373132, 0.4542305, 0.6462313, 1
0.5199814, 0.3606946, 0.5780281, 1
0.430556, 0.3936222, 0.5478247, 1
0.5778946, 0.4005959, 0.6092277, 1
0.4878941, 0.3401682, 0.4872518, 1
0.5817279, 0.3964103, 0.6102769, 1
0.4361391, 0.362789, 0.5194299, 1
0.6173069, 0.443027, 0.6085047, 1
0.5409262, 0.3680604, 0.5658967, 1
0.581485, 0.4602914, 0.5781658, 1
0.48786, 0.4010105, 0.4802736, 1
0.4965267, 0.3327872, 0.5254844, 1
0.5425116, 0.3581769, 0.559534, 1
0.484325, 0.4240002, 0.5688345, 1
0.5092018, 0.4728321, 0.603342, 1
0.4819076, 0.4060662, 0.5878218, 1
0.5701613, 0.4510736, 0.5597472, 1
0.5712526, 0.447071, 0.5356339, 1
0.4566101, 0.3701707, 0.5532734, 1
0.5437365, 0.419754, 0.6455893, 1
0.4929837, 0.3190758, 0.5300668, 1
0.5729074, 0.4299104, 0.5620989, 1
0.5640535, 0.4183451, 0.6605102, 1
0.5663965, 0.4212916, 0.6529145, 1
0.5166408, 0.3935719, 0.5516677, 1
0.6263769, 0.424952, 0.6107561, 1
0.5738927, 0.4740063, 0.609053, 1
0.4939915, 0.4182412, 0.5690475, 1
0.5194172, 0.4013939, 0.5035455, 1
0.4806502, 0.4104407, 0.5963948, 1
0.5495192, 0.4297216, 0.5691698, 1
0.4196797, 0.3719139, 0.5032362, 1
0.5264357, 0.4987061, 0.6249301, 1
0.5481917, 0.4288552, 0.5732628, 1
0.5267155, 0.4366676, 0.6344401, 1
0.5102689, 0.4548945, 0.6011974, 1
0.5497267, 0.5153528, 0.634845, 1
0.5576382, 0.4708265, 0.5465141, 1
0.4985662, 0.4827489, 0.5856497, 1
0.4686282, 0.3874026, 0.4649935, 1
0.46318, 0.3654581, 0.5463737, 1
0.4768438, 0.3714803, 0.4904436, 1
0.5123391, 0.4344769, 0.6190341, 1
0.5089234, 0.3837559, 0.4768794, 1
0.5592468, 0.3957234, 0.5309694, 1
0.5114448, 0.3577353, 0.4866844, 1
0.4856066, 0.4136022, 0.5328039, 1
0.5184272, 0.458068, 0.5906463, 1
0.5688373, 0.4889573, 0.6312835, 1
0.498321, 0.3258489, 0.4891566, 1
0.5046867, 0.4541141, 0.5925252, 1
0.5152888, 0.3373033, 0.5110306, 1
0.4121868, 0.3683394, 0.555361, 1
0.5007828, 0.4789139, 0.5814539, 1
0.5978142, 0.4595747, 0.6212454, 1
0.4675926, 0.4016648, 0.4896379, 1
0.5332559, 0.4157663, 0.618634, 1
0.5015337, 0.3664492, 0.5798187, 1
0.5762507, 0.4615067, 0.59877, 1
0.4591585, 0.4185646, 0.5362874, 1
0.4396982, 0.3533415, 0.5247722, 1
0.46638, 0.4356836, 0.5613692, 1
0.5517858, 0.4809499, 0.5666686, 1
0.4999849, 0.398509, 0.6217437, 1
0.5807776, 0.4564102, 0.5720032, 1
0.5556727, 0.4372223, 0.5188055, 1
0.5938314, 0.4069825, 0.5729499, 1
0.5224004, 0.3948809, 0.498005, 1
0.4951992, 0.4225593, 0.4829707, 1
0.5144887, 0.3595999, 0.5832344, 1
0.5897142, 0.4448117, 0.553214, 1
0.5171071, 0.4547961, 0.6381141, 1
0.5325908, 0.449378, 0.6255548, 1
0.5558525, 0.420417, 0.6032315, 1
0.4710456, 0.3535965, 0.5612352, 1
0.5987601, 0.4499315, 0.6038032, 1
0.4846022, 0.3991482, 0.6148233, 1
0.4536523, 0.3958538, 0.5697881, 1
0.5459452, 0.4704303, 0.5361118, 1
0.5571233, 0.4394784, 0.5528362, 1
0.5871889, 0.4042524, 0.5772964, 1
0.4472418, 0.4014778, 0.5740629, 1
0.5065877, 0.3768815, 0.5867287, 1
0.4671183, 0.4256256, 0.5453797, 1
0.5050617, 0.4341063, 0.6251146, 1
0.5893849, 0.3973748, 0.5796574, 1
0.556608, 0.4054417, 0.5359726, 1
0.4494048, 0.390101, 0.5020159, 1
0.4386368, 0.3617455, 0.5567739, 1
0.5899726, 0.4333233, 0.6463617, 1
0.51825, 0.4710531, 0.5667448, 1
0.5675857, 0.4560479, 0.6424609, 1
0.4834903, 0.3778305, 0.4831957, 1
0.5165486, 0.3613631, 0.5782378, 1
0.4715865, 0.3490793, 0.5384555, 1
0.6211811, 0.4461076, 0.6044061, 1
0.4524055, 0.4201472, 0.5820407, 1
0.4785213, 0.4094931, 0.5331405, 1
0.5195508, 0.4128907, 0.5090916, 1
0.506522, 0.4211767, 0.5068847, 1
0.4775425, 0.367643, 0.4576804, 1
0.5126843, 0.4363411, 0.6386892, 1
0.5547161, 0.3796512, 0.5970979, 1
0.5229288, 0.4702824, 0.5940698, 1
0.5502698, 0.4806949, 0.6328185, 1
0.5027084, 0.43666, 0.5790418, 1
0.5761194, 0.4253305, 0.6409031, 1
0.5791415, 0.5008877, 0.6295865, 1
0.5624064, 0.4118143, 0.6294807, 1
0.5574033, 0.4473783, 0.6086431, 1
0.470961, 0.4214067, 0.604638, 1
0.5968145, 0.4626276, 0.5894842, 1
0.5687646, 0.4428387, 0.5691488, 1
0.5498492, 0.3746226, 0.5804425, 1
0.4859367, 0.3713986, 0.4656629, 1
0.5409177, 0.4125007, 0.6392118, 1
0.5361446, 0.4378244, 0.6225396, 1
0.5226444, 0.4297267, 0.5251207, 1
0.5626532, 0.4163161, 0.6007513, 1
0.5188051, 0.3866826, 0.5546278, 1
0.5874674, 0.3974911, 0.5795598, 1
0.5389166, 0.4879229, 0.6279677, 1
0.4865807, 0.4278441, 0.5122407, 1
0.5154666, 0.3624637, 0.5159896, 1
0.5413908, 0.4026329, 0.5850457, 1
0.5639313, 0.4891622, 0.6553528, 1
0.4915854, 0.3567459, 0.5269672, 1
0.4674669, 0.4533726, 0.5927314, 1
0.5656143, 0.4381588, 0.645302, 1
0.5442013, 0.5098414, 0.6338593, 1
0.6011457, 0.4332743, 0.5653545, 1
0.5229799, 0.4366215, 0.507573, 1
0.5092575, 0.4714842, 0.5519575, 1
0.5420789, 0.4334845, 0.5672624, 1
0.5302081, 0.4605151, 0.5528717, 1
0.4697521, 0.3293837, 0.5545123, 1
0.5793437, 0.4351703, 0.6135452, 1
0.472921, 0.3222871, 0.5555906, 1
0.5159886, 0.461854, 0.5437211, 1
0.4682434, 0.3728312, 0.5762795, 1
0.6250126, 0.4430202, 0.6106098, 1
0.524249, 0.4579384, 0.5317096, 1
0.4928243, 0.4236505, 0.4953431, 1
0.4984648, 0.3336439, 0.5143684, 1
0.4982142, 0.4677798, 0.607352, 1
0.5274144, 0.3966525, 0.5809127, 1
0.513199, 0.4546511, 0.5389106, 1
0.5011988, 0.4408804, 0.6062104, 1
0.5696799, 0.4893539, 0.5890991, 1
0.5246499, 0.3785958, 0.5907996, 1
0.6078496, 0.4235048, 0.6579698, 1
0.4884004, 0.3774202, 0.6037079, 1
0.4539455, 0.4206901, 0.5574866, 1
0.5450001, 0.4618067, 0.6587262, 1
0.4060972, 0.3755097, 0.531055, 1
0.4162145, 0.3718628, 0.5319309, 1
0.4927583, 0.46524, 0.564304, 1
0.5437244, 0.4800541, 0.5720783, 1
0.4652358, 0.3530075, 0.5007848, 1
0.5839, 0.407461, 0.5638037, 1
0.5398797, 0.3653221, 0.523453, 1
0.5345646, 0.4688801, 0.6168679, 1
0.5450656, 0.4261096, 0.5421244, 1
0.4881012, 0.3805383, 0.5420028, 1
0.4231429, 0.3805282, 0.569654, 1
0.4802211, 0.3861139, 0.5557582, 1
0.5156984, 0.363522, 0.4877028, 1
0.4477643, 0.3880071, 0.5265374, 1
0.4579717, 0.3191417, 0.5485635, 1
0.4642516, 0.4336268, 0.5840121, 1
0.5819969, 0.4079319, 0.5661891, 1
0.5615121, 0.4679825, 0.5840871, 1
0.5558767, 0.4292151, 0.6598941, 1
0.4663603, 0.3726639, 0.5233189, 1
0.5959069, 0.4480646, 0.6287734, 1
0.5577182, 0.5196459, 0.6170985, 1
0.4938072, 0.3958841, 0.5812595, 1
0.5935619, 0.4401747, 0.5605755, 1
0.5488602, 0.4237373, 0.6255539, 1
0.5508476, 0.4336891, 0.5287773, 1
0.4384039, 0.3571094, 0.5758357, 1
0.5786369, 0.4327396, 0.6441179, 1
0.5720927, 0.4691011, 0.5625799, 1
0.5488541, 0.4358061, 0.5866021, 1
0.5191513, 0.3557902, 0.5588489, 1
0.4306977, 0.3723239, 0.4955772, 1
0.5181329, 0.4344167, 0.5135422, 1
0.453292, 0.3714518, 0.477669, 1
0.5125968, 0.4575712, 0.5566786, 1
0.5895303, 0.4215744, 0.577611, 1
0.5668547, 0.4410322, 0.6190736, 1
0.4790064, 0.438189, 0.5737249, 1
0.5614086, 0.4392999, 0.6279168, 1
0.5550991, 0.4442051, 0.6297472, 1
0.4180009, 0.3622323, 0.5318041, 1
0.4067097, 0.3796685, 0.5386147, 1
0.5331841, 0.472042, 0.5951922, 1
0.5709767, 0.5077086, 0.5752802, 1
0.4912454, 0.4264569, 0.5885092, 1
0.4866931, 0.4215233, 0.5850965, 1
0.5341163, 0.4524634, 0.5177124, 1
0.5510262, 0.4645299, 0.5293047, 1
0.4977442, 0.3918991, 0.5588788, 1
0.5501937, 0.4504997, 0.6472511, 1
0.5974002, 0.4443572, 0.5657033, 1
0.5120478, 0.438881, 0.5368189, 1
0.4744606, 0.3915744, 0.5834312, 1
0.5204677, 0.3544745, 0.5511209, 1
0.4940133, 0.4130128, 0.5866974, 1
0.5053683, 0.3827456, 0.559594, 1
0.5783588, 0.4359674, 0.5448661, 1
0.553989, 0.5190149, 0.6232925, 1
0.4922253, 0.3400855, 0.544561, 1
0.5273409, 0.4795913, 0.5665684, 1
0.5178051, 0.4343351, 0.6374963, 1
0.545848, 0.5107517, 0.5945984, 1
0.5488629, 0.442829, 0.6207734, 1
0.5745112, 0.4753118, 0.5541725, 1
0.5779219, 0.3861569, 0.5772459, 1
0.5412064, 0.502014, 0.5837887, 1
0.5126768, 0.4204919, 0.5908931, 1
0.5350248, 0.4893459, 0.6235491, 1
0.53279, 0.3956061, 0.6264802, 1
0.4696392, 0.4242521, 0.6032175, 1
0.5694237, 0.403638, 0.5821536, 1
0.5056762, 0.4047543, 0.598249, 1
0.4754212, 0.3732729, 0.4759273, 1
0.4486745, 0.3202162, 0.5496821, 1
0.498633, 0.4378376, 0.5118703, 1
0.5997964, 0.4669102, 0.5545104, 1
0.545964, 0.4435194, 0.6395284, 1
0.4475711, 0.3660113, 0.5150112, 1
0.5420932, 0.4116835, 0.5124328, 1
0.5809745, 0.4343311, 0.6256621, 1
0.5605138, 0.4799143, 0.5477933, 1
0.5267994, 0.3478089, 0.5677035, 1
0.4938416, 0.3512803, 0.5125678, 1
0.5466364, 0.3804331, 0.5670044, 1
0.4652058, 0.3347724, 0.5257622, 1
0.4875386, 0.3833246, 0.5165633, 1
0.5851961, 0.434956, 0.5665984, 1
0.5400227, 0.5007728, 0.6384508, 1
0.4706092, 0.3702447, 0.4954071, 1
0.5504043, 0.4391614, 0.5638729, 1
0.5282243, 0.3859769, 0.535381, 1
0.5524115, 0.3805365, 0.5694485, 1
0.5754333, 0.4311814, 0.5969622, 1
0.4952014, 0.3892252, 0.5608553, 1
0.4783922, 0.386964, 0.4599234, 1
0.5015063, 0.3853145, 0.496612, 1
0.4930247, 0.3955866, 0.5306836, 1
0.4825169, 0.3340473, 0.5514827, 1
0.4797234, 0.3413292, 0.5667919, 1
0.5882539, 0.4755881, 0.5754277, 1
0.5263081, 0.4657718, 0.5807685, 1
0.607507, 0.4104443, 0.6313137, 1
0.5536932, 0.3754275, 0.5303007, 1
0.5097497, 0.4140917, 0.6031562, 1
0.4191868, 0.3834828, 0.5638062, 1
0.541674, 0.4410785, 0.6581035, 1
0.5016276, 0.4017318, 0.5965378, 1
0.5576361, 0.4520067, 0.6211952, 1
0.4413097, 0.4185868, 0.5666274, 1
0.5210126, 0.4408268, 0.5260959, 1
0.5110647, 0.4120675, 0.6286106, 1
0.5121683, 0.3762222, 0.5091978, 1
0.483477, 0.3367516, 0.5658184, 1
0.5055041, 0.4282992, 0.5490466, 1
0.5122745, 0.4889606, 0.5938349, 1
0.5748551, 0.3812542, 0.5718679, 1
0.5426511, 0.4232908, 0.582657, 1
0.4783127, 0.3089532, 0.5423791, 1
0.6027544, 0.423139, 0.6059949, 1
0.4914639, 0.4408916, 0.5771973, 1
0.5235689, 0.4766345, 0.5417445, 1
0.5519995, 0.4625716, 0.6085654, 1
0.4888974, 0.3539859, 0.5113504, 1
0.4438353, 0.4001969, 0.5705209, 1
0.5700285, 0.4036446, 0.6217621, 1
0.6062811, 0.431599, 0.5634492, 1
0.5419073, 0.4561457, 0.6090909, 1
0.4657204, 0.4065856, 0.5255982, 1
0.5253119, 0.4897143, 0.5821866, 1
0.5271946, 0.4481157, 0.5844802, 1
0.5698388, 0.4501957, 0.6098156, 1
0.4804162, 0.3691517, 0.4873143, 1
0.5687516, 0.4356695, 0.6091378, 1
0.5797197, 0.4814188, 0.5963678, 1
0.5082811, 0.398013, 0.5845601, 1
0.5817723, 0.4283064, 0.5896714, 1
0.5370552, 0.4598505, 0.6430743, 1
0.5642719, 0.4167257, 0.5569172, 1
0.4606, 0.398634, 0.5185684, 1
0.5142604, 0.4804377, 0.5930114, 1
0.4673178, 0.3999516, 0.5267193, 1
0.551026, 0.3766894, 0.5570908, 1
0.5038669, 0.4066972, 0.4752872, 1
0.4271013, 0.3592281, 0.5511428, 1
0.5182306, 0.4810575, 0.6279246, 1
0.5552019, 0.4066591, 0.5782519, 1
0.4538537, 0.3901199, 0.561188, 1
0.5664018, 0.4215136, 0.6512984, 1
0.4862624, 0.4304112, 0.5234205, 1
0.4656317, 0.4058717, 0.5534236, 1
0.5607929, 0.454526, 0.6701393, 1
0.5295433, 0.4204424, 0.5022445, 1
0.4418984, 0.3721403, 0.5292969, 1
0.5784553, 0.4652472, 0.5919746, 1
0.4840774, 0.423762, 0.5139436, 1
0.4876699, 0.373178, 0.5323351, 1
0.552873, 0.4958034, 0.6034906, 1
0.4856965, 0.393037, 0.4841633, 1
0.5273982, 0.3826698, 0.6080056, 1
0.5187615, 0.3885684, 0.6158556, 1
0.4839595, 0.3936864, 0.5647523, 1
0.6047297, 0.4373642, 0.629437, 1
0.4980498, 0.3239556, 0.4949656, 1
0.514154, 0.37429, 0.5151729, 1
0.5397511, 0.4496225, 0.5375173, 1
0.5355145, 0.3888347, 0.6033276, 1
0.4925943, 0.3443365, 0.5845121, 1
0.5256696, 0.462061, 0.6189429, 1
0.5527759, 0.4477189, 0.6610401, 1
0.5071054, 0.3860032, 0.547047, 1
0.493195, 0.4510025, 0.5800776, 1
0.4617428, 0.4368389, 0.589048, 1
0.5255234, 0.4333216, 0.5646261, 1
0.5034469, 0.4369509, 0.5291788, 1
0.5465048, 0.4303359, 0.661747, 1
0.4943915, 0.3546504, 0.5276787, 1
0.4069524, 0.3741239, 0.5481383, 1
0.5053453, 0.4290523, 0.5767416, 1
0.4815855, 0.4211609, 0.5134003, 1
0.5175266, 0.3493851, 0.5312294, 1
0.5413359, 0.4102336, 0.5511408, 1
0.5690779, 0.4136446, 0.5291191, 1
0.4897639, 0.3654626, 0.5672093, 1
0.5884231, 0.3903413, 0.5913171, 1
0.5091119, 0.352716, 0.5794317, 1
0.4906283, 0.3517094, 0.5330492, 1
0.5009039, 0.3787048, 0.6051779, 1
0.4870074, 0.4265504, 0.5310385, 1
0.4705438, 0.3747689, 0.4905992, 1
0.5323066, 0.4117413, 0.5910658, 1
0.4613507, 0.4178612, 0.5669954, 1
0.4759597, 0.3118997, 0.5463752, 1
0.526674, 0.359256, 0.5437832, 1
0.4971803, 0.3739326, 0.5804226, 1
0.5650005, 0.4980304, 0.5689994, 1
0.467088, 0.3671872, 0.5059455, 1
0.5552177, 0.4865413, 0.6700762, 1
0.5945265, 0.4403629, 0.6504373, 1
0.5645198, 0.406026, 0.6271341, 1
0.5385424, 0.4529678, 0.6573476, 1
0.5229292, 0.4924378, 0.5915487, 1
0.5012463, 0.3505174, 0.5388148, 1
0.5863677, 0.449632, 0.6399027, 1
0.4940694, 0.3161981, 0.5379646, 1
0.4281434, 0.3753973, 0.5432969, 1
0.4846968, 0.3366556, 0.5385823, 1
0.5453846, 0.4397178, 0.5974651, 1
0.4246182, 0.3891878, 0.5378014, 1
0.5193561, 0.3919871, 0.5157256, 1
0.482941, 0.4685637, 0.5846895, 1
0.5169606, 0.4163674, 0.588421, 1
0.4637149, 0.3702615, 0.5954242, 1
0.5528857, 0.4162621, 0.6241388, 1
0.5132673, 0.4183801, 0.5740141, 1
0.4623537, 0.4001917, 0.5298569, 1
0.528051, 0.3553926, 0.5200213, 1
0.5659158, 0.4177443, 0.576572, 1
0.605083, 0.4505095, 0.5929286, 1
0.4873886, 0.3582558, 0.5704318, 1
0.6219324, 0.483052, 0.5892082, 1
0.4992974, 0.3817402, 0.5484357, 1
0.4782504, 0.3662382, 0.5852, 1
0.5426277, 0.4179365, 0.6071476, 1
0.59656, 0.4734259, 0.5842997, 1
0.5277429, 0.4764198, 0.5768139, 1
0.5504607, 0.3948736, 0.590233, 1
0.5355469, 0.490736, 0.5829188, 1
0.4290657, 0.3657961, 0.5671467, 1
0.5336358, 0.4605532, 0.5459873, 1
0.5828239, 0.4112077, 0.6090654, 1
0.5008739, 0.3775435, 0.4866631, 1
0.4712025, 0.3590652, 0.5271374, 1
0.6063412, 0.4271479, 0.574953, 1
0.5921139, 0.4551941, 0.5605344, 1
0.4943687, 0.37702, 0.5676894, 1
0.4752661, 0.3975789, 0.5251892, 1
0.5252703, 0.3462009, 0.5478647, 1
0.4522147, 0.4180853, 0.5627949, 1
0.4862258, 0.4142056, 0.5170754, 1
0.4781202, 0.3467962, 0.5798579, 1
0.4523848, 0.4211466, 0.5872858, 1
0.532458, 0.3927374, 0.5984298, 1
0.5572308, 0.4550914, 0.5766303, 1
0.4947874, 0.4261809, 0.5536414, 1
0.5654154, 0.4155595, 0.5876004, 1
0.5079437, 0.4467281, 0.541097, 1
0.5768719, 0.4199313, 0.6502143, 1
0.548188, 0.4481699, 0.6282346, 1
0.5020512, 0.3927525, 0.595933, 1
0.5039544, 0.3775708, 0.5694308, 1
0.4922777, 0.3923946, 0.4960437, 1
0.5006656, 0.4045392, 0.5457538, 1
0.5096752, 0.3769203, 0.4831004, 1
0.5677578, 0.4317774, 0.6646258, 1
0.5164493, 0.4591419, 0.556583, 1
0.4869012, 0.4548938, 0.6141757, 1
0.5194514, 0.3957181, 0.5586647, 1
0.5746095, 0.4267769, 0.6436544, 1
0.4787984, 0.3460787, 0.5513347, 1
0.548354, 0.3976233, 0.5294087, 1
0.4840202, 0.3672799, 0.5015229, 1
0.4457873, 0.411911, 0.5867589, 1
0.6067135, 0.4540591, 0.5660402, 1
0.5473043, 0.4842728, 0.5683125, 1
0.4695188, 0.4111958, 0.4782772, 1
0.5369496, 0.3910329, 0.5662317, 1
0.5479274, 0.3782871, 0.5899552, 1
0.5166474, 0.4865873, 0.594065, 1
0.594426, 0.4085386, 0.5868359, 1
0.4652265, 0.4452618, 0.5759186, 1
0.5014161, 0.4410773, 0.5156084, 1
0.5459788, 0.5086596, 0.6301441, 1
0.5730985, 0.5108032, 0.5872155, 1
0.5686398, 0.4768007, 0.6314855, 1
0.4331553, 0.3693306, 0.5082209, 1
0.475303, 0.3672212, 0.511363, 1
0.5624589, 0.3969128, 0.6182184, 1
0.512722, 0.4904499, 0.6023709, 1
0.5114623, 0.4229814, 0.5515224, 1
0.6169802, 0.4279621, 0.6060277, 1
0.5384294, 0.3726009, 0.5290508, 1
0.6407235, 0.4345761, 0.6039844, 1
0.5213853, 0.3944447, 0.5665803, 1
0.5026261, 0.3573457, 0.4936817, 1
0.469165, 0.410728, 0.5314775, 1
0.4834918, 0.352141, 0.5904033, 1
0.4305952, 0.3775587, 0.4810206, 1
0.4824002, 0.3785787, 0.4711398, 1
0.576594, 0.3836527, 0.6054448, 1
0.6119658, 0.4354364, 0.6327386, 1
0.5097265, 0.3922576, 0.4931293, 1
0.6078313, 0.4790306, 0.6029825, 1
0.5188649, 0.4432962, 0.5602667, 1
0.4926291, 0.3473307, 0.4997523, 1
0.4592716, 0.4365364, 0.5935918, 1
0.4941859, 0.3592858, 0.5392767, 1
0.4622161, 0.4127062, 0.5905309, 1
0.4545405, 0.3992776, 0.5874733, 1
0.4882099, 0.3656597, 0.513789, 1
0.4376779, 0.3896286, 0.5198145, 1
0.5592139, 0.4475766, 0.5473924, 1
0.4988875, 0.3760802, 0.5432181, 1
0.5482965, 0.4506906, 0.6047738, 1
0.4756455, 0.423028, 0.5267758, 1
0.5866515, 0.4081217, 0.5860863, 1
0.4195229, 0.3529677, 0.5495595, 1
0.5291579, 0.444761, 0.6373051, 1
0.5900719, 0.4203833, 0.6321921, 1
0.4546979, 0.3906459, 0.4693336, 1
0.4344812, 0.4096874, 0.5447819, 1
0.5119961, 0.3953092, 0.6061288, 1
0.4699402, 0.4065091, 0.5292525, 1
0.4696837, 0.32493, 0.5246262, 1
0.598035, 0.4147593, 0.6554747, 1
0.5198232, 0.4388276, 0.537793, 1
0.5170717, 0.3952981, 0.6002643, 1
0.5504142, 0.3810559, 0.6007078, 1
0.5337865, 0.4849969, 0.5533911, 1
0.5800487, 0.4296281, 0.6607285, 1
0.4714122, 0.4388651, 0.598148, 1
0.4853302, 0.4291471, 0.614612, 1
0.4877457, 0.4374416, 0.5352916, 1
0.5495137, 0.4404424, 0.6564488, 1
0.451994, 0.428017, 0.5771316, 1
0.4791747, 0.4118179, 0.5417559, 1
0.5983559, 0.4631099, 0.6184578, 1
0.5203597, 0.354373, 0.5668263, 1
0.4948771, 0.328573, 0.542833, 1
0.5102534, 0.4543742, 0.598537, 1
0.4910331, 0.4257737, 0.5327141, 1
0.4822825, 0.4320283, 0.5273265, 1
0.5031567, 0.4183844, 0.5255756, 1
0.4892454, 0.329148, 0.5015517, 1
0.5600909, 0.4216925, 0.5919766, 1
0.5669436, 0.4524594, 0.5739515, 1
0.5702069, 0.45861, 0.6275274, 1
0.5112538, 0.459264, 0.5781098, 1
0.5339154, 0.5037498, 0.6057807, 1
0.4822323, 0.4316642, 0.6028889, 1
0.5308124, 0.3501744, 0.5471576, 1
0.4370925, 0.3885976, 0.4844502, 1
0.5115038, 0.3523557, 0.5221587, 1
0.5325831, 0.491134, 0.6021469, 1
0.509302, 0.3910311, 0.5747637, 1
0.5247331, 0.4413711, 0.6409357, 1
0.5679317, 0.4047084, 0.5506312, 1
0.5433159, 0.3965516, 0.6000221, 1
0.5252746, 0.368302, 0.5791969, 1
0.5660735, 0.5091398, 0.619961, 1
0.5973711, 0.4346125, 0.6493956, 1
0.5421599, 0.3667775, 0.5212122, 1
0.5787382, 0.4235785, 0.5609614, 1
0.5411597, 0.4087399, 0.5815336, 1
0.5423401, 0.3894823, 0.5131643, 1
0.6032496, 0.4086287, 0.5992312, 1
0.4656878, 0.3797421, 0.4910924, 1
0.5821168, 0.4730246, 0.6284732, 1
0.4636393, 0.4227067, 0.6011077, 1
0.4818085, 0.3765857, 0.5734008, 1
0.5899482, 0.451013, 0.5572594, 1
0.4067613, 0.3738773, 0.5499889, 1
0.5096639, 0.3994968, 0.4996555, 1
0.4578768, 0.4143173, 0.5990386, 1
0.5501364, 0.3719038, 0.5391713, 1
0.5638505, 0.4494211, 0.5728502, 1
0.4842921, 0.4257081, 0.530439, 1
0.5825934, 0.4080332, 0.5738849, 1
0.5483807, 0.5105742, 0.6392219, 1
0.458053, 0.3969455, 0.5167434, 1
0.5462312, 0.5089142, 0.6222934, 1
0.5726898, 0.4296054, 0.651454, 1
0.5676685, 0.4456668, 0.5333095, 1
0.4583197, 0.3942304, 0.5284331, 1
0.5044593, 0.376301, 0.5209607, 1
0.4370923, 0.3433956, 0.551644, 1
0.5781883, 0.4369859, 0.6359216, 1
0.485711, 0.4079081, 0.5083363, 1
0.4778633, 0.3689722, 0.550033, 1
0.5831066, 0.42197, 0.5889519, 1
0.5235711, 0.4945423, 0.6089707, 1
0.5883762, 0.4000734, 0.6132596, 1
0.4474973, 0.3290007, 0.5620365, 1
0.510138, 0.3790576, 0.4788391, 1
0.5503856, 0.4748083, 0.6132591, 1
0.5678912, 0.377858, 0.5952805, 1
0.5460085, 0.3891541, 0.5781732, 1
0.5134544, 0.3448117, 0.532244, 1
0.5737841, 0.4855562, 0.6058149, 1
0.4896158, 0.3834878, 0.5820401, 1
0.5540978, 0.4112762, 0.5969692, 1
0.5296242, 0.4023661, 0.6281907, 1
0.6259874, 0.4256245, 0.6043316, 1
0.5243635, 0.403624, 0.6307828, 1
0.5629578, 0.4848897, 0.5483115, 1
0.4459184, 0.4134045, 0.5419948, 1
0.4932223, 0.3993319, 0.60456, 1
0.5315419, 0.3605641, 0.552469, 1
0.4952246, 0.4254586, 0.5738984, 1
0.5317295, 0.4142793, 0.5524866, 1
0.5776618, 0.4179124, 0.5720249, 1
0.5800939, 0.4065984, 0.6337655, 1
0.5104673, 0.4162758, 0.5974914, 1
0.5880626, 0.4516759, 0.5639011, 1
0.5668508, 0.4373349, 0.6130748, 1
0.5436332, 0.4803835, 0.5430449, 1
0.5977555, 0.5072855, 0.5984811, 1
0.5338239, 0.3745927, 0.5472443, 1
0.495155, 0.473676, 0.5805489, 1
0.5909309, 0.4180193, 0.5947406, 1
0.5383995, 0.4789036, 0.6367046, 1
0.5204964, 0.3441564, 0.5485613, 1
0.5823679, 0.4591076, 0.5435551, 1
0.5547709, 0.4151364, 0.5334297, 1
0.4852626, 0.4124798, 0.4851063, 1
0.5974122, 0.5154695, 0.5844375, 1
0.4728459, 0.4556715, 0.5783662, 1
0.4773351, 0.3756824, 0.4719456, 1
0.5559567, 0.4868294, 0.6367015, 1
0.4400216, 0.4204709, 0.5738923, 1
0.5413772, 0.5084875, 0.5913165, 1
0.552696, 0.4475852, 0.5625378, 1
0.5164269, 0.4478988, 0.510323, 1
0.5060416, 0.4883891, 0.5709709, 1
0.6002372, 0.4365494, 0.6527613, 1
0.4974241, 0.3346376, 0.4818474, 1
0.542138, 0.3650122, 0.5344325, 1
0.5048449, 0.3753852, 0.6019246, 1
0.5058435, 0.4845463, 0.5852417, 1
0.555005, 0.4144009, 0.6326371, 1
0.5543286, 0.5138083, 0.636893, 1
0.605691, 0.443522, 0.5727531, 1
0.559597, 0.4593821, 0.6281609, 1
0.6048347, 0.4629477, 0.6077029, 1
0.5664576, 0.4446664, 0.6223719, 1
0.4992847, 0.4272015, 0.5500694, 1
0.4822263, 0.3491859, 0.4826583, 1
0.5009408, 0.4508268, 0.6316147, 1
0.54482, 0.4544356, 0.5632648, 1
0.4263474, 0.3807685, 0.4867773, 1
0.548898, 0.477227, 0.6068727, 1
0.5169041, 0.4078947, 0.5033129, 1
0.4461867, 0.3885845, 0.5241739, 1
0.536895, 0.4951926, 0.5891609, 1
0.5557188, 0.5047887, 0.6174982, 1
0.5190707, 0.418227, 0.6054543, 1
0.5244786, 0.3775178, 0.5713348, 1
0.6408936, 0.4628284, 0.586318, 1
0.4831076, 0.3629806, 0.5329625, 1
0.5556307, 0.4350991, 0.6356844, 1
0.5890662, 0.4143564, 0.6389443, 1
0.4238031, 0.3968861, 0.5408587, 1
0.6086538, 0.428738, 0.5952135, 1
0.5669566, 0.3925743, 0.6251307, 1
0.5810098, 0.4250546, 0.6090705, 1
0.5042617, 0.4107345, 0.6062707, 1
0.4663726, 0.351711, 0.5802999, 1
0.5119812, 0.4213044, 0.5317794, 1
0.611101, 0.4547021, 0.5841361, 1
0.4431305, 0.3372765, 0.5691816, 1
0.54138, 0.387679, 0.6222898, 1
0.5589203, 0.4965166, 0.6436429, 1
0.4980781, 0.3442503, 0.4909384, 1
0.4268014, 0.3576774, 0.5500154, 1
0.5315903, 0.4800964, 0.5803234, 1
0.5170887, 0.3572748, 0.5491858, 1
0.5159783, 0.3972704, 0.5287338, 1
0.4987975, 0.4179012, 0.5856178, 1
0.5068284, 0.3642944, 0.5175619, 1
0.49204, 0.4121149, 0.4821426, 1
0.6190076, 0.4587762, 0.6122285, 1
0.543629, 0.4135886, 0.5992479, 1
0.5018758, 0.3552927, 0.5009429, 1
0.5186521, 0.4254387, 0.5202389, 1
0.5845135, 0.39093, 0.6118215, 1
0.4195531, 0.3717157, 0.5106295, 1
0.6359355, 0.4707769, 0.5800772, 1
0.6036319, 0.4350543, 0.6340349, 1
0.548768, 0.4752727, 0.5937759, 1
0.5650075, 0.4601992, 0.5579166, 1
0.5260646, 0.407201, 0.4964629, 1
0.5353605, 0.4323669, 0.5289289, 1
0.4958262, 0.3608013, 0.5819108, 1
0.4544793, 0.4266224, 0.5754683, 1
0.4275725, 0.3819785, 0.564556, 1
0.5959537, 0.4710961, 0.6224564, 1
0.5966164, 0.4310678, 0.6087971, 1
0.4943429, 0.36345, 0.5948086, 1
0.5697709, 0.5208535, 0.5996832, 1
0.5925542, 0.4878672, 0.5608661, 1
0.5564678, 0.44023, 0.5759521, 1
0.5085307, 0.3934705, 0.5780517, 1
0.5635252, 0.4276773, 0.5380929, 1
0.5607773, 0.3839843, 0.5360032, 1
0.5703108, 0.4392022, 0.5996223, 1
0.4495828, 0.3475037, 0.573339, 1
0.5968875, 0.4643886, 0.6334399, 1
0.4824852, 0.411413, 0.4802277, 1
0.497835, 0.4815456, 0.5968304, 1
0.5227514, 0.4865007, 0.5786256, 1
0.5420082, 0.3734274, 0.584709, 1
0.6169972, 0.459231, 0.5882749, 1
0.5062152, 0.3617031, 0.5541528, 1
0.5081532, 0.4439717, 0.5123484, 1
0.4491557, 0.3399882, 0.5275514, 1
0.4653517, 0.3678579, 0.5046748, 1
0.5840613, 0.4747557, 0.553508, 1
0.5112248, 0.4332404, 0.6336882, 1
0.4803101, 0.4039518, 0.4810852, 1
0.476306, 0.4277958, 0.5863047, 1
0.5526128, 0.5147258, 0.6427391, 1
0.5413314, 0.4195931, 0.6082087, 1
0.5426901, 0.3884463, 0.5288246, 1
0.5799593, 0.4322382, 0.6268711, 1
0.6297362, 0.4574054, 0.5853603, 1
0.5614009, 0.4331886, 0.5898542, 1
0.5512331, 0.4228874, 0.6118342, 1
0.5233638, 0.4605939, 0.572496, 1
0.4955437, 0.3465391, 0.4831252, 1
0.5459053, 0.4489183, 0.6482801, 1
0.5053952, 0.3748033, 0.5005022, 1
0.5544872, 0.4071006, 0.5785865, 1
0.524124, 0.4139574, 0.5406414, 1
0.4730912, 0.3867129, 0.5777679, 1
0.5947106, 0.4855528, 0.5633727, 1
0.4926254, 0.3955173, 0.5549064, 1
0.5301688, 0.4949281, 0.6290389, 1
0.5237395, 0.4956552, 0.5952635, 1
0.5496776, 0.4449478, 0.5525263, 1
0.518389, 0.3521101, 0.4985657, 1
0.4544883, 0.3428607, 0.5786901, 1
0.4537911, 0.3718911, 0.4913637, 1
0.4856462, 0.4221739, 0.5078115, 1
0.5098898, 0.4211583, 0.6179802, 1
0.4759594, 0.3896742, 0.4673656, 1
0.5122108, 0.422906, 0.4940342, 1
0.4431343, 0.4036844, 0.5474122, 1
0.5295253, 0.4275587, 0.6110378, 1
0.4338173, 0.3672156, 0.5020804, 1
0.5819922, 0.4679017, 0.5860919, 1
0.5128465, 0.4688408, 0.5953059, 1
0.4847095, 0.3690484, 0.4655417, 1
0.5584579, 0.4599761, 0.6241667, 1
0.4365743, 0.4125508, 0.5689819, 1
0.4956828, 0.3595128, 0.5747017, 1
0.4845345, 0.3500152, 0.4828551, 1
0.5316498, 0.438765, 0.6202372, 1
0.5666007, 0.4958164, 0.59861, 1
0.5900325, 0.4957084, 0.580129, 1
0.5518413, 0.412679, 0.5961987, 1
0.5599697, 0.4333812, 0.5240912, 1
0.5244563, 0.4353511, 0.5061042, 1
0.5541546, 0.4705108, 0.6373086, 1
0.581114, 0.4620208, 0.5584551, 1
0.4974027, 0.4727077, 0.5790129, 1
0.5807113, 0.4821668, 0.6091427, 1
0.5019792, 0.3716657, 0.5826051, 1
0.5668406, 0.4771566, 0.6463224, 1
0.5906636, 0.4382959, 0.6030211, 1
0.5214044, 0.4133986, 0.527817, 1
0.6020698, 0.504138, 0.5941842, 1
0.6112871, 0.4110137, 0.6344638, 1
0.4633179, 0.3768844, 0.5352407, 1
0.5501272, 0.4488024, 0.5353683, 1
0.5023552, 0.4735817, 0.5618394, 1
0.5200941, 0.4759039, 0.601848, 1
0.4698596, 0.4552362, 0.5800697, 1
0.5424908, 0.4809811, 0.5738753, 1
0.4067733, 0.3643281, 0.5503754, 1
0.4524567, 0.3206871, 0.5523596, 1
0.584487, 0.4583894, 0.5913684, 1
0.5014163, 0.3841706, 0.5237619, 1
0.5777023, 0.4290301, 0.5897813, 1
0.5249571, 0.4322195, 0.5080006, 1
0.5677003, 0.4550682, 0.6093993, 1
0.53764, 0.4760782, 0.651211, 1
0.5003764, 0.3561808, 0.5167711, 1
0.4212018, 0.3795682, 0.5484769, 1
0.614689, 0.4514369, 0.5888239, 1
0.5370151, 0.4043269, 0.5776204, 1
0.5426026, 0.4241093, 0.5221119, 1
0.420408, 0.3527496, 0.5599024, 1
0.5090643, 0.445389, 0.5137125, 1
0.5448921, 0.3781944, 0.5676395, 1
0.4819562, 0.3749272, 0.4658191, 1
0.4998367, 0.369766, 0.5026641, 1
0.5003329, 0.3529395, 0.5928113, 1
0.5838616, 0.4742854, 0.5804291, 1
0.5537446, 0.4907087, 0.5738967, 1
0.5183207, 0.406083, 0.6086221, 1
0.5647852, 0.3957958, 0.5823757, 1
0.5258263, 0.3662472, 0.5303936, 1
0.4882731, 0.324345, 0.551914, 1
0.4729587, 0.3467808, 0.5562562, 1
0.4773419, 0.4254783, 0.5273616, 1
0.5533165, 0.3795839, 0.5446665, 1
0.6123519, 0.4470058, 0.5607206, 1
0.5732095, 0.4786901, 0.5799083, 1
0.6122445, 0.436021, 0.5796944, 1
0.6339423, 0.4456758, 0.5957823, 1
0.4632266, 0.4404061, 0.5978103, 1
0.4567694, 0.4192435, 0.5905336, 1
0.489957, 0.3763205, 0.4948137, 1
0.4731188, 0.3483641, 0.576879, 1
0.4178419, 0.3791384, 0.4907298, 1
0.5110918, 0.4456862, 0.5809917, 1
0.4891586, 0.4019364, 0.5837322, 1
0.5158064, 0.4156309, 0.6102009, 1
0.4700829, 0.3580053, 0.53363, 1
0.5193933, 0.3759895, 0.4919742, 1
0.4964007, 0.4395611, 0.5222527, 1
0.5209251, 0.4393924, 0.5980951, 1
0.6284766, 0.4254616, 0.6273879, 1
0.5211361, 0.4593497, 0.5495171, 1
0.490466, 0.4196407, 0.5727029, 1
0.5515481, 0.3785218, 0.5824194, 1
0.4881506, 0.3154187, 0.5334179, 1
0.5460786, 0.4232015, 0.6270634, 1
0.5631813, 0.4553884, 0.681295, 1
0.4891528, 0.392361, 0.5103221, 1
0.4476402, 0.3775318, 0.5202368, 1
0.4849802, 0.4459937, 0.5504804, 1
0.4695714, 0.411326, 0.5385408, 1
0.6168835, 0.4122406, 0.6313071, 1
0.4221206, 0.358846, 0.5605139, 1
0.5363184, 0.4279153, 0.6401863, 1
0.4769142, 0.3962885, 0.5861244, 1
0.5910773, 0.5059625, 0.6089642, 1
0.5297882, 0.4654048, 0.5684062, 1
0.5164493, 0.4021952, 0.5186844, 1
0.5361512, 0.4563826, 0.5474679, 1
0.4931508, 0.3964919, 0.520351, 1
0.5221751, 0.4191304, 0.5507463, 1
0.5031617, 0.4409234, 0.6157697, 1
0.5544335, 0.4777601, 0.5597065, 1
0.5170196, 0.3995842, 0.5336899, 1
0.453322, 0.3981185, 0.5012609, 1
0.477795, 0.3447936, 0.4929232, 1
0.5821311, 0.445176, 0.5986902, 1
0.5137323, 0.4807145, 0.6013025, 1
0.5563453, 0.5080286, 0.5964408, 1
0.4597347, 0.3938747, 0.4636098, 1
0.4671678, 0.3976178, 0.548891, 1
0.5376342, 0.4368165, 0.5572409, 1
0.5501097, 0.4021352, 0.5440388, 1
0.5914006, 0.4492382, 0.6573608, 1
0.5757378, 0.4301195, 0.5587478, 1
0.466503, 0.3635157, 0.499305, 1
0.5663127, 0.4181421, 0.646906, 1
0.5172741, 0.4570679, 0.5872876, 1
0.5139099, 0.4828707, 0.6285676, 1
0.4896543, 0.3978414, 0.6218627, 1
0.4883594, 0.3817055, 0.6160893, 1
0.5391971, 0.472271, 0.6614864, 1
0.5860007, 0.4162468, 0.662046, 1
0.434723, 0.362742, 0.571217, 1
0.5647761, 0.4737977, 0.5884833, 1
0.4968781, 0.422683, 0.5070557, 1
0.4981888, 0.3561151, 0.5919717, 1
0.5526484, 0.3813457, 0.5951884, 1
0.5101364, 0.4680262, 0.5464735, 1
0.5195331, 0.3633006, 0.5286527, 1
0.4828502, 0.4042828, 0.576224, 1
0.5364259, 0.4419086, 0.5265225, 1
0.5945435, 0.4248719, 0.6323593, 1
0.4559944, 0.3274847, 0.5636955, 1
0.5115437, 0.4101681, 0.5298542, 1
0.5095077, 0.3765507, 0.5898876, 1
0.5078419, 0.4866463, 0.5702859, 1
0.6188869, 0.4449268, 0.6072941, 1
0.610327, 0.4159721, 0.6367431, 1
0.595329, 0.4346278, 0.6146953, 1
0.4310346, 0.3636844, 0.5244988, 1
0.4651568, 0.3362342, 0.5576373, 1
0.5010166, 0.4122331, 0.5455847, 1
0.4551462, 0.3959334, 0.472445, 1
0.5826073, 0.4172549, 0.5959024, 1
0.4925128, 0.4247661, 0.6132904, 1
0.4938365, 0.3580882, 0.4643931, 1
0.4136676, 0.3837114, 0.5241777, 1
0.4509283, 0.3880198, 0.5562605, 1
0.5086232, 0.4473912, 0.6226795, 1
0.6084871, 0.4792301, 0.6071824, 1
0.6163433, 0.4782753, 0.5786268, 1
0.5567085, 0.4119059, 0.536828, 1
0.5412126, 0.4485294, 0.6264188, 1
0.5145776, 0.3536413, 0.4860098, 1
0.5676729, 0.3811347, 0.5555753, 1
0.5446786, 0.4801898, 0.5533448, 1
0.555243, 0.3959415, 0.6199109, 1
0.5793309, 0.4663594, 0.5757173, 1
0.5695003, 0.415145, 0.5542455, 1
0.5597383, 0.467334, 0.6231345, 1
0.5298583, 0.4750185, 0.6452557, 1
0.5346819, 0.3941373, 0.5414201, 1
0.5097776, 0.3458026, 0.5414757, 1
0.5487646, 0.4439502, 0.5373931, 1
0.5750974, 0.401496, 0.5477101, 1
0.5099083, 0.3710138, 0.5092016, 1
0.5171072, 0.3775136, 0.5443763, 1
0.5877919, 0.4667703, 0.5999954, 1
0.5919754, 0.4493667, 0.6535797, 1
0.4714615, 0.3849868, 0.598793, 1
0.4765775, 0.3678221, 0.55579, 1
0.5152732, 0.4124165, 0.5081321, 1
0.5469843, 0.4937916, 0.6345024, 1
0.6008218, 0.4834244, 0.6152592, 1
0.5322945, 0.4701923, 0.5561765, 1
0.4503853, 0.4013443, 0.4996418, 1
0.520573, 0.4770361, 0.597258, 1
0.5214757, 0.423825, 0.6295112, 1
0.568216, 0.4164514, 0.649273, 1
0.5148928, 0.4373028, 0.5262949, 1
0.4701486, 0.4007748, 0.5951026, 1
0.4776185, 0.3689433, 0.4881311, 1
0.4827076, 0.364608, 0.4626602, 1
0.5219775, 0.3523695, 0.559301, 1
0.5427441, 0.431958, 0.6083661, 1
0.4968906, 0.3853522, 0.4875568, 1
0.4400676, 0.3358389, 0.5694211, 1
0.5217439, 0.4519075, 0.5803829, 1
0.5935689, 0.4469067, 0.6124698, 1
0.4792528, 0.3791868, 0.4740289, 1
0.526228, 0.3518418, 0.5703135, 1
0.6095486, 0.4779235, 0.5659108, 1
0.5066422, 0.4120557, 0.5362024, 1
0.5303707, 0.4653384, 0.5762537, 1
0.5495685, 0.4451407, 0.6073284, 1
0.5560718, 0.4357804, 0.6428546, 1
0.4376419, 0.3347765, 0.5660448, 1
0.5135374, 0.4138138, 0.6215934, 1
0.5785121, 0.4188753, 0.6353029, 1
0.5016448, 0.3785339, 0.5020372, 1
0.5323915, 0.4329815, 0.5202813, 1
0.596844, 0.3965383, 0.5948741, 1
0.5526742, 0.4068081, 0.5791966, 1
0.5888079, 0.4112588, 0.6152338, 1
0.5753055, 0.416212, 0.5703211, 1
0.4776523, 0.392602, 0.5565522, 1
0.4608126, 0.3984029, 0.4943644, 1
0.6021628, 0.4447483, 0.6101468, 1
0.5119632, 0.4316014, 0.5374023, 1
0.5026623, 0.339801, 0.5548227, 1
0.4943947, 0.3883902, 0.5539927, 1
0.49324, 0.4625913, 0.5833843, 1
0.6289458, 0.4212762, 0.624025, 1
0.4864716, 0.4117585, 0.5275567, 1
0.5216441, 0.405829, 0.6102403, 1
0.5002608, 0.3852182, 0.5497673, 1
0.589454, 0.4966741, 0.6035702, 1
0.5311565, 0.4127654, 0.6162896, 1
0.5568923, 0.3697324, 0.5590883, 1
0.4753903, 0.3997014, 0.4915584, 1
0.5690604, 0.4818338, 0.6179223, 1
0.5010459, 0.3814264, 0.5358392, 1
0.5254276, 0.4916461, 0.6054021, 1
0.4642767, 0.3751309, 0.4624627, 1
0.5659566, 0.3737589, 0.5812528, 1
0.5126404, 0.3510478, 0.5814248, 1
0.4968109, 0.3432645, 0.550431, 1
0.4757326, 0.4143932, 0.5180386, 1
0.427792, 0.3845545, 0.5412683, 1
0.4964673, 0.3919895, 0.5594988, 1
0.5404798, 0.4042533, 0.6434617, 1
0.4339826, 0.3531182, 0.5357727, 1
0.5873138, 0.4132797, 0.6555274, 1
0.568423, 0.48699, 0.6405944, 1
0.5967275, 0.4221815, 0.5790303, 1
0.4765555, 0.3500515, 0.583701, 1
0.6106796, 0.4247996, 0.640155, 1
0.5065748, 0.3475538, 0.5187458, 1
0.4675726, 0.4130426, 0.595121, 1
0.5333406, 0.4108343, 0.6358899, 1
0.5200516, 0.4226432, 0.5254255, 1
0.5944614, 0.4518211, 0.5616194, 1
0.5540111, 0.4499193, 0.5822235, 1
0.5076898, 0.3493299, 0.5845697, 1
0.5007448, 0.3981864, 0.6047853, 1
0.5722279, 0.4904241, 0.6255893, 1
0.5749069, 0.4305686, 0.6539617, 1
0.5513857, 0.4606898, 0.6427585, 1
0.4827579, 0.3829418, 0.5174364, 1
0.5239054, 0.492639, 0.576193, 1
0.5253444, 0.40251, 0.5867209, 1
0.5129668, 0.4930867, 0.5864971, 1
0.4945275, 0.3964334, 0.6157016, 1
0.5305033, 0.3987747, 0.5527661, 1
0.5201218, 0.4005785, 0.6327446, 1
0.5067495, 0.4152239, 0.5631151, 1
0.5081195, 0.4460735, 0.6075951, 1
0.5619402, 0.4495424, 0.5930375, 1
0.4983062, 0.4260716, 0.5380066, 1
0.59474, 0.4844356, 0.5751365, 1
0.5500488, 0.4205785, 0.5458454, 1
0.6308593, 0.4260409, 0.5964419, 1
0.5061774, 0.3715884, 0.4864489, 1
0.5488215, 0.4424679, 0.6483616, 1
0.4702065, 0.3580117, 0.5738794, 1
0.5004902, 0.4475489, 0.6303157, 1
0.5305759, 0.438062, 0.6286955, 1
0.5132023, 0.3930575, 0.5651886, 1
0.5902418, 0.4634805, 0.5556279, 1
0.4922547, 0.3676299, 0.537128, 1
0.5911967, 0.4466545, 0.5810925, 1
0.6053414, 0.47526, 0.5954604, 1
0.4925282, 0.315285, 0.532135, 1
0.5076084, 0.3826795, 0.5737823, 1
0.5832418, 0.4340858, 0.648802, 1
0.4965249, 0.357365, 0.498742, 1
0.4745606, 0.3910618, 0.5644536, 1
0.5553625, 0.5071675, 0.6324173, 1
0.5293966, 0.4573465, 0.5326244, 1
0.6086739, 0.459861, 0.5609273, 1
0.4399344, 0.3760511, 0.5201204, 1
0.5013097, 0.4672318, 0.6021957, 1
0.5619279, 0.4643475, 0.6522038, 1
0.4590368, 0.3486966, 0.5359175, 1
0.5100031, 0.4379243, 0.5345631, 1
0.5125464, 0.4357018, 0.5924171, 1
0.5963204, 0.4387115, 0.6431721, 1
0.4637685, 0.4062405, 0.5831279, 1
0.4058836, 0.3697115, 0.5411409, 1
0.4209554, 0.358373, 0.5406829, 1
0.6029039, 0.4209987, 0.6475769, 1
0.521018, 0.3851214, 0.5611413, 1
0.5670601, 0.3960869, 0.6372908, 1
0.5175102, 0.3948506, 0.4924365, 1
0.4888539, 0.3637519, 0.5135858, 1
0.5614201, 0.4016814, 0.6135524, 1
0.5508099, 0.3884036, 0.5634018, 1
0.5446449, 0.3809772, 0.537104, 1
0.5636455, 0.4568709, 0.6270401, 1
0.4485873, 0.4076716, 0.5827608, 1
0.4767157, 0.3575265, 0.5619507, 1
0.4909651, 0.376972, 0.546542, 1
0.5925177, 0.443906, 0.581413, 1
0.5127858, 0.4846059, 0.5992954, 1
0.5899081, 0.4249083, 0.662123, 1
0.4827612, 0.4009199, 0.615951, 1
0.5180014, 0.3940753, 0.5600197, 1
0.5705357, 0.4793964, 0.5735388, 1
0.4898232, 0.4062955, 0.6246281, 1
0.5874626, 0.4456864, 0.5573574, 1
0.5795404, 0.3920234, 0.6101254, 1
0.4920308, 0.4243866, 0.5010307, 1
0.5121619, 0.3467703, 0.5798223, 1
0.4835564, 0.3700467, 0.5094905, 1
0.4596789, 0.3535467, 0.5279551, 1
0.5453575, 0.3792723, 0.6097882, 1
0.489336, 0.4210163, 0.4829212, 1
0.5644616, 0.4011309, 0.5326912, 1
0.5005725, 0.3509367, 0.57789, 1
0.5481595, 0.4624243, 0.6143677, 1
0.4901278, 0.3712263, 0.5608597, 1
0.576379, 0.3898945, 0.5902672, 1
0.4687532, 0.4040323, 0.509186, 1
0.5050536, 0.4000698, 0.4784232, 1
0.4453269, 0.3808068, 0.5800776, 1
0.5395863, 0.4586616, 0.6188561, 1
0.5354278, 0.4012677, 0.5173788, 1
0.501178, 0.4331833, 0.5700729, 1
0.5149206, 0.4871941, 0.5715107, 1
0.4765383, 0.3908117, 0.5013317, 1
0.441503, 0.3949449, 0.572384, 1
0.5347345, 0.4023092, 0.6364632, 1
0.5009916, 0.3974437, 0.5108308, 1
0.4876828, 0.4158671, 0.5777359, 1
0.4889325, 0.4260867, 0.6026985, 1
0.5847358, 0.4608497, 0.6240387, 1
0.4997465, 0.3879405, 0.4960583, 1
0.5027245, 0.4254435, 0.6153268, 1
0.5141951, 0.4789353, 0.6326808, 1
0.5805492, 0.4774041, 0.5775007, 1
0.5005087, 0.3298185, 0.4929006, 1
0.4534814, 0.3364458, 0.5590808, 1
0.5111135, 0.3864691, 0.5042295, 1
0.5534928, 0.385891, 0.5777879, 1
0.6067345, 0.4179343, 0.5785953, 1
0.5424303, 0.4271125, 0.635572, 1
0.4809391, 0.4410867, 0.5543745, 1
0.5886986, 0.422615, 0.6453763, 1
0.6223844, 0.43331, 0.5799235, 1
0.4980944, 0.3936302, 0.5733557, 1
0.5436386, 0.4841622, 0.6207507, 1
0.4520221, 0.3816568, 0.5473695, 1
0.6035905, 0.4459134, 0.6188855, 1
0.5140408, 0.3561988, 0.5626258, 1
0.5128484, 0.3302523, 0.5415639, 1
0.5385257, 0.4874547, 0.5925288, 1
0.5543004, 0.4100895, 0.5989583, 1
0.4589312, 0.4112992, 0.5237055, 1
0.5589328, 0.4862571, 0.6365066, 1
0.4701962, 0.3996434, 0.4641201, 1
0.576322, 0.4536445, 0.6164652, 1
0.4870395, 0.3834195, 0.5054711, 1
0.4849642, 0.3371947, 0.5132507, 1
0.5138549, 0.3537991, 0.5603414, 1
0.4396621, 0.3907763, 0.5185809, 1
0.4919893, 0.3989269, 0.4855655, 1
0.5207284, 0.3638014, 0.5991573, 1
0.5147567, 0.3780501, 0.51018, 1
0.5574003, 0.4676448, 0.6223106, 1
0.4982812, 0.4034318, 0.4975423, 1
0.5773283, 0.4116659, 0.5541891, 1
0.5084162, 0.4588589, 0.5358263, 1
0.5730733, 0.5112765, 0.6113616, 1
0.4939832, 0.4494179, 0.6249804, 1
0.5170504, 0.397881, 0.6277776, 1
0.5898509, 0.4161847, 0.6216786, 1
0.5679157, 0.48877, 0.5901394, 1
0.5898126, 0.4220033, 0.5594229, 1
0.6029678, 0.4137493, 0.6374394, 1
0.5457692, 0.4656565, 0.6252332, 1
0.589142, 0.4439853, 0.6059849, 1
0.4792492, 0.3470581, 0.5525959, 1
0.5409295, 0.3888336, 0.5378797, 1
0.590577, 0.4187787, 0.5854652, 1
0.5051079, 0.4638315, 0.5815615, 1
0.5268919, 0.4856813, 0.6243377, 1
0.4669633, 0.4287172, 0.5468656, 1
0.4775635, 0.3674654, 0.5553846, 1
0.5764577, 0.4796125, 0.611227, 1
0.4495513, 0.3871495, 0.5506966, 1
0.5340959, 0.4703907, 0.5829852, 1
0.5147164, 0.4376676, 0.5414182, 1
0.5398063, 0.4396512, 0.5254552, 1
0.462329, 0.4033189, 0.5280742, 1
0.5523952, 0.3932783, 0.596519, 1
0.4726328, 0.3848432, 0.4794184, 1
0.5628065, 0.4043594, 0.5624073, 1
0.4201123, 0.3895168, 0.5663624, 1
0.5405573, 0.3911925, 0.6044508, 1
0.5655671, 0.4179821, 0.546764, 1
0.5978524, 0.4128194, 0.6061756, 1
0.4946408, 0.3820009, 0.6092539, 1
0.4874879, 0.3268096, 0.5447402, 1
0.4781302, 0.4092629, 0.4949307, 1
0.6217551, 0.4746302, 0.578875, 1
0.5200104, 0.3640684, 0.5422346, 1
0.5638257, 0.4321851, 0.604185, 1
0.4988069, 0.4636014, 0.5810086, 1
0.5684191, 0.487799, 0.5882725, 1
0.5214702, 0.4751841, 0.6041324, 1
0.4708597, 0.3625678, 0.4910399, 1
0.4284099, 0.3895403, 0.5716524, 1
0.5322083, 0.474073, 0.6387202, 1
0.6043479, 0.4318899, 0.5995018, 1
0.4591978, 0.4092731, 0.5191574, 1
0.6165509, 0.4439971, 0.5852647, 1
0.5173118, 0.399225, 0.4855068, 1
0.4899149, 0.3794305, 0.5623169, 1
0.5462692, 0.4847361, 0.6600008, 1
0.4367222, 0.3322791, 0.558991, 1
0.5200484, 0.4426189, 0.6027563, 1
0.4799019, 0.4052921, 0.5425922, 1
0.5966031, 0.4209478, 0.6229923, 1
0.5480673, 0.4538286, 0.6435771, 1
0.5404069, 0.4909438, 0.6064898, 1
0.5594389, 0.4547242, 0.6777038, 1
0.5246567, 0.4148265, 0.5805537, 1
0.588101, 0.4123623, 0.5739911, 1
0.5591052, 0.4502812, 0.5543271, 1
0.4437808, 0.4078239, 0.5410531, 1
0.4627025, 0.445174, 0.5791357, 1
0.4698673, 0.3685456, 0.515916, 1
0.5206062, 0.4514895, 0.5485895, 1
0.4051389, 0.3755897, 0.5373402, 1
0.4812173, 0.3727563, 0.4766499, 1
0.4840664, 0.4543114, 0.5630739, 1
0.467791, 0.3432278, 0.5286518, 1
0.5590463, 0.4353641, 0.5605786, 1
0.5599697, 0.4877594, 0.5714073, 1
0.5082442, 0.4287567, 0.5418006, 1
0.4818218, 0.4056274, 0.4794087, 1
0.5617561, 0.4487706, 0.573079, 1
0.4861213, 0.3524241, 0.536752, 1
0.5269532, 0.3657367, 0.5729118, 1
0.5108212, 0.4099836, 0.5065702, 1
0.4577246, 0.384312, 0.5594168, 1
0.5565794, 0.420602, 0.6271119, 1
0.4919687, 0.4237569, 0.596552, 1
0.6030337, 0.4416154, 0.6196483, 1
0.4806127, 0.3785772, 0.5036195, 1
0.5392007, 0.3903264, 0.5265257, 1
0.5029406, 0.4236298, 0.4839878, 1
0.5616261, 0.5156773, 0.6369352, 1
0.5897278, 0.5111694, 0.6031974, 1
0.5329472, 0.4607155, 0.588458, 1
0.5295647, 0.3716137, 0.5960073, 1
0.560612, 0.4971817, 0.6118003, 1
0.4720443, 0.4134988, 0.5832939, 1
0.4966175, 0.345859, 0.5366887, 1
0.4529722, 0.3985234, 0.5854976, 1
0.4881882, 0.3934843, 0.5710378, 1
0.5952515, 0.4404215, 0.6314254, 1
0.4440008, 0.3391408, 0.5674498, 1
0.5479498, 0.476138, 0.5833899, 1
0.555285, 0.3772958, 0.5910441, 1
0.6028456, 0.4094313, 0.6305284, 1
0.4310894, 0.4137173, 0.5737206, 1
0.5369331, 0.3937742, 0.5813152, 1
0.487048, 0.3713933, 0.5462171, 1
0.5393519, 0.5006377, 0.6009762, 1
0.5542886, 0.5074417, 0.6457198, 1
0.5444417, 0.4468459, 0.5987859, 1
0.578582, 0.4329512, 0.5800608, 1
0.5874559, 0.5069062, 0.5879498, 1
0.4516144, 0.3210551, 0.5512431, 1
0.470966, 0.3971071, 0.5805843, 1
0.4130019, 0.3588118, 0.5523241, 1
0.5095347, 0.3328227, 0.5529063, 1
0.5632939, 0.4453115, 0.6696621, 1
0.5368964, 0.4538544, 0.5228277, 1
0.5373338, 0.5073815, 0.6235917, 1
0.4834154, 0.3911709, 0.479232, 1
0.4730338, 0.3987587, 0.5770731, 1
0.5364572, 0.4278644, 0.5666769, 1
0.4830391, 0.3760141, 0.494019, 1
0.4728061, 0.3828263, 0.4925216, 1
0.4862264, 0.3680695, 0.5994896, 1
0.5929571, 0.4630746, 0.6436867, 1
0.4705304, 0.3597711, 0.4813323, 1
0.5415617, 0.4924882, 0.6550767, 1
0.4980478, 0.4362455, 0.5080227, 1
0.5787104, 0.4201929, 0.592669, 1
0.4558653, 0.3438943, 0.5622362, 1
0.4699099, 0.3642627, 0.4990758, 1
0.5786209, 0.4386259, 0.5902045, 1
0.5074344, 0.3774619, 0.5716572, 1
0.531408, 0.3844, 0.5305395, 1
0.5042716, 0.3459492, 0.5016981, 1
0.4758741, 0.4373208, 0.5508804, 1
0.5041532, 0.4076667, 0.533981, 1
0.54195, 0.4268535, 0.5334592, 1
0.5287377, 0.365825, 0.5840474, 1
0.5270871, 0.4718734, 0.5726578, 1
0.6052895, 0.4044031, 0.6089456, 1
0.5389864, 0.4586438, 0.5487854, 1
0.5571585, 0.4771414, 0.612672, 1
0.5045652, 0.3683087, 0.5767792, 1
0.5061511, 0.4440032, 0.5756368, 1
0.5742336, 0.4601325, 0.55054, 1
0.5658112, 0.4355992, 0.6444395, 1
0.426942, 0.3875191, 0.490819, 1
0.5366048, 0.3972336, 0.5281285, 1
0.4727678, 0.3191782, 0.5233242, 1
0.5059801, 0.4026758, 0.5188499, 1
0.5427136, 0.443231, 0.6138422, 1
0.5086725, 0.4532562, 0.535464, 1
0.4840785, 0.4121629, 0.4981519, 1
0.5109472, 0.4088833, 0.5498782, 1
0.4988826, 0.4278611, 0.5103746, 1
0.5643152, 0.4542482, 0.6778297, 1
0.4976619, 0.461778, 0.5728557, 1
0.556617, 0.5032132, 0.5803878, 1
0.5466062, 0.4092531, 0.6354766, 1
0.5763615, 0.4512977, 0.6112641, 1
0.5235165, 0.3581644, 0.4959852, 1
0.5820395, 0.4977129, 0.6074206, 1
0.5122002, 0.4395943, 0.6415179, 1
0.5418514, 0.4792046, 0.5486366, 1
0.5747895, 0.4811699, 0.5793415, 1
0.5338862, 0.4134804, 0.5505857, 1
0.6147478, 0.4387068, 0.6261551, 1
0.564593, 0.3945056, 0.6346644, 1
0.5243965, 0.447839, 0.5332813, 1
0.5670784, 0.4575787, 0.5663139, 1
0.5369597, 0.4198136, 0.628305, 1
0.4550955, 0.3655466, 0.5774884, 1
0.4915187, 0.3854085, 0.4868913, 1
0.5426642, 0.3967914, 0.570802, 1
0.5163122, 0.3930823, 0.6128672, 1
0.5884854, 0.4754821, 0.625688, 1
0.542713, 0.3754982, 0.5362328, 1
0.4414155, 0.4114119, 0.5379831, 1
0.4162364, 0.3830547, 0.5539716, 1
0.4773372, 0.3489734, 0.5854259, 1
0.5144969, 0.3504207, 0.4955084, 1
0.558814, 0.3839621, 0.5661747, 1
0.5559475, 0.4947054, 0.587032, 1
0.450114, 0.3934159, 0.5523716, 1
0.6220617, 0.4277727, 0.6269678, 1
0.4773712, 0.3925453, 0.6097053, 1
0.5111123, 0.4386444, 0.5425656, 1
0.5004309, 0.3438655, 0.5052817, 1
0.4424569, 0.3741118, 0.5438815, 1
0.5884632, 0.4981145, 0.6134437, 1
0.4615578, 0.4222176, 0.581505, 1
0.5234556, 0.3669658, 0.5770804, 1
0.5103159, 0.3339948, 0.505949, 1
0.4617187, 0.4078142, 0.558445, 1
0.5288683, 0.4040766, 0.5223075, 1
0.4298155, 0.3672497, 0.5414889, 1
0.5733036, 0.4478678, 0.6086766, 1
0.528295, 0.354829, 0.5103217, 1
0.5406434, 0.455333, 0.5973564, 1
0.4980507, 0.3960433, 0.6221282, 1
0.4532447, 0.373957, 0.5637658, 1
0.562903, 0.4398419, 0.5403494, 1
0.5560002, 0.5098155, 0.6027585, 1
0.4998066, 0.4133107, 0.5502157, 1
0.5223875, 0.3714851, 0.5072728, 1
0.5244576, 0.3465886, 0.5219772, 1
0.546827, 0.5027791, 0.6438672, 1
0.4841586, 0.4160094, 0.6074226, 1
0.5697268, 0.4403484, 0.5851963, 1
0.4273468, 0.3760154, 0.5299278, 1
0.4997631, 0.3942911, 0.4756527, 1
0.5864676, 0.4283873, 0.6384261, 1
0.5546351, 0.4195839, 0.5434496, 1
0.5096653, 0.3570704, 0.5468274, 1
0.5539849, 0.4736105, 0.5815149, 1
0.4920702, 0.4000656, 0.612966, 1
0.5886476, 0.418136, 0.6321823, 1
0.5558795, 0.4117566, 0.5670351, 1
0.5823085, 0.4113753, 0.5699733, 1
0.5617138, 0.4245004, 0.6539633, 1
0.4977287, 0.4281061, 0.5225918, 1
0.5037018, 0.4421333, 0.6028794, 1
0.519501, 0.4551331, 0.5461664, 1
0.6052994, 0.4758777, 0.5784113, 1
0.5238586, 0.4247203, 0.5416069, 1
0.5501539, 0.4551386, 0.5350229, 1
0.5708207, 0.3904047, 0.5836635, 1
0.6274588, 0.4508337, 0.5863451, 1
0.4393902, 0.3855451, 0.4952928, 1
0.5038717, 0.3393372, 0.5139756, 1
0.4891649, 0.4052384, 0.5294562, 1
0.6161435, 0.414183, 0.6178632, 1
0.4844364, 0.3936141, 0.5733173, 1
0.4961767, 0.4682183, 0.6040093, 1
0.5750229, 0.4636894, 0.6363871, 1
0.5527586, 0.4127264, 0.6292757, 1
0.499099, 0.3642828, 0.4900229, 1
0.4654375, 0.314866, 0.5505683, 1
0.5448572, 0.4955853, 0.6512724, 1
0.4576799, 0.3780118, 0.5891257, 1
0.5528588, 0.4435598, 0.6187342, 1
0.5343287, 0.4109864, 0.6273431, 1
0.4191507, 0.3578803, 0.5360864, 1
0.4363604, 0.3827524, 0.5140939, 1
0.5625205, 0.4697394, 0.6437019, 1
0.48507, 0.3864549, 0.5592161, 1
0.4664798, 0.3285269, 0.5318144, 1
0.5774888, 0.4696171, 0.5900393, 1
0.495793, 0.454221, 0.5471398, 1
0.4559866, 0.3818885, 0.4595641, 1
0.4824492, 0.4086306, 0.4909098, 1
0.4928518, 0.4420527, 0.5312749, 1
0.4577407, 0.3355773, 0.5604743, 1
0.5165495, 0.4565103, 0.533297, 1
0.4715992, 0.3628002, 0.4884541, 1
0.4889853, 0.3968524, 0.5233794, 1
0.5590057, 0.4765698, 0.5955909, 1
0.5448768, 0.3907916, 0.5846028, 1
0.5147133, 0.3725808, 0.5925865, 1
0.5650765, 0.3868013, 0.5936729, 1
0.5461963, 0.4434546, 0.5808717, 1
0.482774, 0.3791762, 0.5778298, 1
0.5938915, 0.4368021, 0.5532485, 1
0.4609798, 0.3783043, 0.5570322, 1
0.4245321, 0.372031, 0.5021197, 1
0.5003289, 0.4389627, 0.6076936, 1
0.6018715, 0.4225082, 0.6132702, 1
0.5660958, 0.4117232, 0.6215544, 1
0.4572966, 0.4056396, 0.5418113, 1
0.5924866, 0.475069, 0.5818086, 1
0.5759265, 0.4845601, 0.6180555, 1
0.6006146, 0.4387211, 0.6280354, 1
0.5453661, 0.4199707, 0.6326988, 1
0.548431, 0.4669994, 0.6433157, 1
0.5535517, 0.5054544, 0.6176384, 1
0.5274774, 0.4542512, 0.513874, 1
0.5627407, 0.4980906, 0.6140261, 1
0.5916331, 0.4968471, 0.5866135, 1
0.5611668, 0.4317664, 0.6455487, 1
0.5926222, 0.4933175, 0.575746, 1
0.4940583, 0.4025231, 0.4720994, 1
0.5830001, 0.4670581, 0.5968955, 1
0.5365639, 0.4132128, 0.5855974, 1
0.4778591, 0.4412597, 0.5798612, 1
0.5804591, 0.486767, 0.584951, 1
0.4678473, 0.4300439, 0.5485926, 1
0.5150387, 0.4069434, 0.5944833, 1
0.5682789, 0.4426333, 0.6205404, 1
0.5652575, 0.4077743, 0.6240235, 1
0.5056166, 0.4609279, 0.5432438, 1
0.4596432, 0.3841558, 0.4931389, 1
0.5142206, 0.3948185, 0.5275185, 1
0.5494204, 0.378513, 0.5862976, 1
0.6192896, 0.4339424, 0.6055422, 1
0.5337541, 0.3849858, 0.5155318, 1
0.5206714, 0.4153612, 0.6336694, 1
0.528899, 0.4617895, 0.5828693, 1
0.4257829, 0.3629433, 0.5531219, 1
0.5747442, 0.4404233, 0.5584093, 1
0.5495526, 0.496886, 0.6006649, 1
0.5633256, 0.4639456, 0.5347393, 1
0.53277, 0.4622335, 0.6395496, 1
0.5386502, 0.4118433, 0.5938588, 1
0.5074948, 0.3897782, 0.5404032, 1
0.4536035, 0.3435659, 0.5601675, 1
0.5499255, 0.3631751, 0.5711072, 1
0.4966589, 0.3902645, 0.6094371, 1
0.4501829, 0.4020686, 0.5206557, 1
0.4947237, 0.356928, 0.4793196, 1
0.4637608, 0.3910834, 0.5185806, 1
0.4306816, 0.3552368, 0.5426571, 1
0.5616599, 0.4454048, 0.5668989, 1
0.5831761, 0.4683927, 0.624715, 1
0.4837122, 0.3910496, 0.5734414, 1
0.5288424, 0.3578925, 0.5530871, 1
0.5785779, 0.3939798, 0.5818262, 1
0.597068, 0.4324721, 0.5698845, 1
0.5700056, 0.4931278, 0.5611265, 1
0.4266868, 0.3680004, 0.5649905, 1
0.4605899, 0.3888294, 0.4647255, 1
0.5896416, 0.4458219, 0.6464036, 1
0.4509593, 0.3628185, 0.5252121, 1
0.5374531, 0.4225063, 0.6116348, 1
0.598044, 0.4282316, 0.6663854, 1
0.5344335, 0.3999615, 0.5246598, 1
0.5698319, 0.436833, 0.5433908, 1
0.6002808, 0.4506064, 0.605956, 1
0.4707525, 0.3722252, 0.4695052, 1
0.4720808, 0.3209731, 0.5581723, 1
0.5250479, 0.4688504, 0.5707878, 1
0.5391254, 0.3568349, 0.5679945, 1
0.5740294, 0.4501893, 0.6433036, 1
0.4656832, 0.4484018, 0.580321, 1
0.4872013, 0.424972, 0.5369546, 1
0.4330084, 0.3745964, 0.5144386, 1
0.527468, 0.3945852, 0.5590116, 1
0.5595102, 0.4833251, 0.5877582, 1
0.6376663, 0.4378594, 0.5987546, 1
0.5749421, 0.4913781, 0.6336043, 1
0.4312875, 0.3779184, 0.5417241, 1
0.4700694, 0.4201409, 0.5646563, 1
0.4667258, 0.3507122, 0.501469, 1
0.4492504, 0.3935898, 0.5613787, 1
0.4722715, 0.374135, 0.6013152, 1
0.531629, 0.4131139, 0.5764177, 1
0.5510435, 0.3807566, 0.6092629, 1
0.4439128, 0.4179809, 0.5575657, 1
0.4799152, 0.317874, 0.5208045, 1
0.5417936, 0.4999759, 0.6308561, 1
0.4765243, 0.4172286, 0.51617, 1
0.4828787, 0.4535875, 0.5728371, 1
0.5813984, 0.4836269, 0.6145039, 1
0.5659986, 0.4225466, 0.6454165, 1
0.4924727, 0.47149, 0.5689507, 1
0.4807051, 0.4227506, 0.5936599, 1
0.4952678, 0.3772513, 0.5312996, 1
0.4979087, 0.3272884, 0.5171247, 1
0.4606961, 0.4263386, 0.5502536, 1
0.6080868, 0.4487762, 0.6162088, 1
0.560771, 0.4834307, 0.6177101, 1
0.4808581, 0.4105872, 0.5996635, 1
0.5511753, 0.4206988, 0.5567581, 1
0.5646384, 0.489845, 0.6170606, 1
0.475237, 0.3781979, 0.4780641, 1
0.5275974, 0.4019031, 0.5020993, 1
0.4856311, 0.4223643, 0.5372335, 1
0.5139951, 0.3635239, 0.5994396, 1
0.5464969, 0.458414, 0.5459779, 1
0.5910074, 0.4649465, 0.6243957, 1
0.5754907, 0.4015318, 0.6214724, 1
0.5227262, 0.355646, 0.5840271, 1
0.5995313, 0.4570444, 0.5866641, 1
0.4836619, 0.4217961, 0.5688152, 1
0.4761271, 0.3988101, 0.5993947, 1
0.5598912, 0.5024899, 0.5769697, 1
0.4417956, 0.3872249, 0.5014045, 1
0.5853685, 0.4872588, 0.6348562, 1
0.5656667, 0.4198167, 0.5323546, 1
0.5522907, 0.4821637, 0.5907929, 1
0.4481663, 0.3596653, 0.5576114, 1
0.5355838, 0.490997, 0.5877883, 1
0.4357103, 0.3587955, 0.577202, 1
0.5415914, 0.4605249, 0.5278318, 1
0.5416058, 0.4140178, 0.621206, 1
0.4972008, 0.4184086, 0.515202, 1
0.475509, 0.3272735, 0.5215466, 1
0.5844023, 0.4744072, 0.6374198, 1
0.492023, 0.4347991, 0.5136175, 1
0.5777429, 0.4355787, 0.6119292, 1
0.5424652, 0.3857853, 0.5583369, 1
0.5575549, 0.4557576, 0.6446552, 1
0.5173186, 0.467347, 0.555303, 1
0.5867293, 0.4920759, 0.6101778, 1
0.5588713, 0.4774073, 0.6349105, 1
0.4367779, 0.32671, 0.5611259, 1
0.602434, 0.4324971, 0.6244189, 1
0.4640891, 0.40127, 0.5563368, 1
0.4935154, 0.4238602, 0.506557, 1
0.5800041, 0.4970655, 0.5821311, 1
0.5483143, 0.4551338, 0.5819012, 1
0.4633172, 0.4034567, 0.5997339, 1
0.6205482, 0.4389974, 0.6094258, 1
0.5617355, 0.463655, 0.6365696, 1
0.5495641, 0.4162161, 0.528688, 1
0.4901244, 0.3467388, 0.5018913, 1
0.5990043, 0.4317312, 0.6325008, 1
0.5331693, 0.4242549, 0.5258024, 1
0.5544278, 0.502079, 0.5705465, 1
0.5056701, 0.3959908, 0.5556059, 1
0.5500689, 0.418204, 0.6410151, 1
0.5274186, 0.4421923, 0.6089313, 1
0.5121084, 0.3328565, 0.5304693, 1
0.5594602, 0.5027828, 0.5847151, 1
0.6263701, 0.4503306, 0.5849444, 1
0.5115317, 0.3962251, 0.6112062, 1
0.4839744, 0.3832674, 0.5774685, 1
0.4766126, 0.4382151, 0.6046761, 1
0.4046163, 0.3589741, 0.5495682, 1
0.4771634, 0.3990558, 0.5647479, 1
0.5898519, 0.4777631, 0.5736305, 1
0.5191975, 0.4640744, 0.5492141, 1
0.6236334, 0.4213765, 0.5956646, 1
0.4908578, 0.4269554, 0.5735552, 1
0.5878066, 0.4134478, 0.5719548, 1
0.5883225, 0.5229807, 0.5983729, 1
0.5538, 0.4203767, 0.646656, 1
0.5380897, 0.4449929, 0.5601903, 1
0.5909662, 0.4758124, 0.5625277, 1
0.5566762, 0.4814895, 0.6129274, 1
0.6128187, 0.462194, 0.6118991, 1
0.5172584, 0.3930165, 0.512785, 1
0.499148, 0.3347127, 0.5642223, 1
0.5241879, 0.4286987, 0.5423678, 1
0.5202841, 0.4507371, 0.5398952, 1
0.5584522, 0.4433061, 0.5398064, 1
0.5308049, 0.4980738, 0.5896964, 1
0.4355073, 0.3448673, 0.554969, 1
0.5190296, 0.3779456, 0.5642263, 1
0.5678518, 0.3846258, 0.5888522, 1
0.6250606, 0.4261009, 0.602231, 1
0.5646795, 0.4313211, 0.5451583, 1
0.5920497, 0.4138623, 0.5771601, 1
0.4712783, 0.409008, 0.551382, 1
0.492065, 0.466425, 0.6108679, 1
0.4938638, 0.366102, 0.5022223, 1
0.4762235, 0.425935, 0.5406553, 1
0.5232667, 0.4149445, 0.5911485, 1
0.5850982, 0.4330148, 0.5897687, 1
0.4719898, 0.3614356, 0.5386931, 1
0.5194999, 0.421316, 0.5678251, 1
0.444898, 0.4252617, 0.5759285, 1
0.52506, 0.4720196, 0.606788, 1
0.4605452, 0.3516207, 0.5842788, 1
0.5017635, 0.3921845, 0.4958783, 1
0.5676129, 0.4128091, 0.6540778, 1
0.4503577, 0.3894351, 0.5789968, 1
0.5458181, 0.4717077, 0.5726048, 1
0.4943201, 0.4011909, 0.6092728, 1
0.5159965, 0.3835973, 0.4804448, 1
0.5257444, 0.3745713, 0.5991461, 1
0.4949617, 0.4376089, 0.5170366, 1
0.5925542, 0.4999669, 0.5938758, 1
0.5704803, 0.3857216, 0.5683197, 1
0.5531908, 0.4272103, 0.5212446, 1
0.4982598, 0.3695234, 0.5444561, 1
0.5243727, 0.3474509, 0.5636764, 1
0.5668733, 0.4568185, 0.5929105, 1
0.603352, 0.4626119, 0.6033214, 1
0.5888504, 0.3939382, 0.5880629, 1
0.5811802, 0.4294618, 0.5637473, 1
0.5052916, 0.3534658, 0.5135494, 1
0.5659401, 0.4542885, 0.5964473, 1
0.5325203, 0.3546642, 0.5165825, 1
0.6251198, 0.4583068, 0.5707471, 1
0.5100406, 0.4490973, 0.5959998, 1
0.5170417, 0.3800986, 0.5702385, 1
0.5306817, 0.4304634, 0.6315574, 1
0.5703114, 0.4940336, 0.5715206, 1
0.4549057, 0.4292026, 0.5667067, 1
0.5673724, 0.4344002, 0.6171212, 1
0.5084286, 0.4404871, 0.5170409, 1
0.503117, 0.4279115, 0.561984, 1
0.5419246, 0.5057559, 0.593951, 1
0.4293168, 0.3877285, 0.5733402, 1
0.4880241, 0.3860015, 0.5986598, 1
0.4951153, 0.4106827, 0.5483579, 1
0.4891818, 0.3297535, 0.5276356, 1
0.4457948, 0.3164375, 0.5571374, 1
0.5577357, 0.4500048, 0.5758326, 1
0.4365553, 0.3939725, 0.5122631, 1
0.4835902, 0.4102094, 0.5767506, 1
0.5353554, 0.4212894, 0.5205767, 1
0.5991003, 0.4732659, 0.5893528, 1
0.5069954, 0.4153617, 0.6309217, 1
0.4680279, 0.3409893, 0.5642633, 1
0.5648333, 0.396848, 0.6295706, 1
0.5921783, 0.4477506, 0.6148989, 1
0.5942747, 0.5076708, 0.6017902, 1
0.5731534, 0.4493663, 0.6802714, 1
0.5666151, 0.4133064, 0.5737023, 1
0.5545163, 0.444271, 0.6388612, 1
0.5017921, 0.4609331, 0.6075451, 1
0.5599434, 0.4364921, 0.5761538, 1
0.6287785, 0.4694267, 0.5750617, 1
0.6058377, 0.4297532, 0.5594214, 1
0.5501162, 0.4104251, 0.5725988, 1
0.5571418, 0.4215101, 0.552499, 1
0.4845026, 0.4046989, 0.5207749, 1
0.5973211, 0.5121614, 0.5802451, 1
0.5808728, 0.4727597, 0.6001732, 1
0.5194941, 0.4625137, 0.5340065, 1
0.5732613, 0.4818482, 0.6286696, 1
0.489705, 0.4289053, 0.6217046, 1
0.4410471, 0.3985086, 0.566649, 1
0.5087842, 0.4150565, 0.5356984, 1
0.5718899, 0.4944046, 0.6456031, 1
0.5054776, 0.3732624, 0.5292956, 1
0.5896034, 0.4234837, 0.5940861, 1
0.5761855, 0.4870483, 0.5661888, 1
0.5525085, 0.3916731, 0.544424, 1
0.5804712, 0.5127847, 0.6025364, 1
0.5639015, 0.4852152, 0.5889222, 1
0.488491, 0.3935317, 0.5765105, 1
0.4344704, 0.3992796, 0.5443649, 1
0.5803555, 0.4385039, 0.5624297, 1
0.5136735, 0.332341, 0.5146983, 1
0.5395989, 0.4441599, 0.5968131, 1
0.5517077, 0.3846576, 0.5620239, 1
0.5654655, 0.4296845, 0.5410574, 1
0.4814671, 0.4246273, 0.5219904, 1
0.4664029, 0.3571886, 0.5188212, 1
0.5956546, 0.4225553, 0.6272931, 1
0.4997172, 0.3489982, 0.5375178, 1
0.5624121, 0.4369277, 0.6592327, 1
0.4679249, 0.3706153, 0.482991, 1
0.5516647, 0.4814434, 0.5982132, 1
0.5623871, 0.4664303, 0.6245056, 1
0.5072549, 0.3509218, 0.5668728, 1
0.4587202, 0.3842373, 0.5509635, 1
0.4427971, 0.3711887, 0.5321512, 1
0.4921738, 0.3929104, 0.5255275, 1
0.5784755, 0.4801537, 0.5857699, 1
0.5037308, 0.4391873, 0.6215752, 1
0.6058233, 0.4711379, 0.6108048, 1
0.5470158, 0.4024417, 0.5982668, 1
0.5214669, 0.4263188, 0.6118918, 1
0.446967, 0.344124, 0.5358179, 1
0.486396, 0.3671983, 0.5918988, 1
0.4819464, 0.3779089, 0.5168379, 1
0.4693642, 0.3337352, 0.5566297, 1
0.5165049, 0.4644511, 0.5690525, 1
0.530677, 0.4477423, 0.546137, 1
0.4774151, 0.4252236, 0.6120456, 1
0.5784335, 0.4569696, 0.5468298, 1
0.4770573, 0.4198238, 0.5650142, 1
0.5217603, 0.3954643, 0.5659711, 1
0.5079021, 0.466793, 0.6154041, 1
0.565284, 0.3876297, 0.5844558, 1
0.4911457, 0.4351813, 0.5164947, 1
0.4951638, 0.4474662, 0.6127641, 1
0.5549236, 0.376044, 0.5805696, 1
0.5519837, 0.5097355, 0.6479599, 1
0.4414449, 0.4023551, 0.547721, 1
0.5392249, 0.3875711, 0.6082671, 1
0.5526556, 0.4546597, 0.555967, 1
0.579431, 0.4691014, 0.5986559, 1
0.4212183, 0.3841137, 0.5106163, 1
0.6094705, 0.4532498, 0.617489, 1
0.5034899, 0.4064736, 0.6201346, 1
0.5024217, 0.4044171, 0.5403202, 1
0.531949, 0.3888535, 0.5597735, 1
0.4677348, 0.3836706, 0.4991035, 1
0.5231062, 0.456783, 0.6443824, 1
0.5804502, 0.4265295, 0.5994335, 1
0.4790437, 0.3946358, 0.5541189, 1
0.4557989, 0.3596126, 0.5147281, 1
0.5227417, 0.4528321, 0.5404208, 1
0.489785, 0.3878525, 0.5004795, 1
0.4945362, 0.333856, 0.5071018, 1
0.5678647, 0.4524367, 0.6014726, 1
0.495682, 0.4137604, 0.4769756, 1
0.5281523, 0.4758986, 0.6198907, 1
0.5748513, 0.4552392, 0.663542, 1
0.5749996, 0.4006089, 0.6132942, 1
0.4832624, 0.4290313, 0.5951322, 1
0.4887862, 0.4464119, 0.5655555, 1
0.5339661, 0.479577, 0.5782609, 1
0.4618781, 0.3914258, 0.5313346, 1
0.5679794, 0.4522523, 0.6696494, 1
0.6055741, 0.4092349, 0.5819236, 1
0.5303943, 0.3847346, 0.4978018, 1
0.4849569, 0.3916709, 0.5939232, 1
0.6145533, 0.439156, 0.5958225, 1
0.5281287, 0.4533351, 0.6135027, 1
0.5077997, 0.4762791, 0.6146739, 1
0.5917159, 0.5035019, 0.5771782, 1
0.5335841, 0.4595166, 0.5548769, 1
0.4790871, 0.4156526, 0.5861219, 1
0.5564891, 0.4840727, 0.6441715, 1
0.5801955, 0.5152161, 0.5958971, 1
0.4349394, 0.4104987, 0.566119, 1
0.4306359, 0.3846244, 0.517573, 1
0.5272794, 0.4603074, 0.561801, 1
0.4875804, 0.3562258, 0.465476, 1
0.5224592, 0.3661794, 0.5646824, 1
0.5634203, 0.4631703, 0.581548, 1
0.5005872, 0.3646494, 0.5302855, 1
0.5083864, 0.3915741, 0.4923903, 1
0.4571554, 0.4094885, 0.540328, 1
0.6260541, 0.4875934, 0.5817741, 1
0.5352952, 0.4433684, 0.6170776, 1
0.492116, 0.3291567, 0.5371991, 1
0.5737464, 0.4598983, 0.5852396, 1
0.5168119, 0.4377137, 0.5999122, 1
0.5465043, 0.4999746, 0.6381919, 1
0.5398379, 0.4733537, 0.6347715, 1
0.5405718, 0.4397124, 0.6378207, 1
0.5475807, 0.5077074, 0.6313607, 1
0.5224636, 0.4717194, 0.597532, 1
0.5151519, 0.3454124, 0.5453953, 1
0.5080006, 0.4165564, 0.6297013, 1
0.5046059, 0.4423836, 0.5215361, 1
0.5924791, 0.4113156, 0.6088722, 1
0.4933947, 0.3651501, 0.5839133, 1
0.6102828, 0.4197004, 0.6539855, 1
0.6039208, 0.4223056, 0.6222672, 1
0.6038507, 0.4318091, 0.6594951, 1
0.4478317, 0.3892796, 0.5774394, 1
0.524738, 0.4465127, 0.599371, 1
0.4707495, 0.3409181, 0.5170401, 1
0.5679861, 0.5001231, 0.6212878, 1
0.5863417, 0.4512057, 0.6532632, 1
0.4739725, 0.3733861, 0.5003681, 1
0.5508137, 0.501714, 0.5759923, 1
0.5591641, 0.4758369, 0.6719471, 1
0.5518882, 0.433552, 0.5417213, 1
0.447557, 0.4230456, 0.5663713, 1
0.4366239, 0.3556499, 0.5228876, 1
0.6192989, 0.4379578, 0.6324459, 1
0.5029582, 0.3400643, 0.5666561, 1
0.5660731, 0.455413, 0.5401606, 1
0.4694998, 0.3731532, 0.5684649, 1
0.4721757, 0.4233692, 0.5970098, 1
0.5216689, 0.4522422, 0.5401785, 1
0.5607037, 0.4831544, 0.6208226, 1
0.4701689, 0.4284302, 0.5407607, 1
0.5842668, 0.4219838, 0.632167, 1
0.477423, 0.4037125, 0.5224555, 1
0.4242472, 0.388332, 0.5488831, 1
0.5014256, 0.423386, 0.5054202, 1
0.4886202, 0.3382155, 0.5090489, 1
0.5076774, 0.3857705, 0.4967549, 1
0.4607965, 0.4062209, 0.4901227, 1
0.4592499, 0.4228562, 0.5427476, 1
0.631623, 0.4482859, 0.5808197, 1
0.5035238, 0.4045412, 0.6240759, 1
0.4749126, 0.4450938, 0.6033134, 1
0.4965991, 0.354194, 0.518337, 1
0.5430346, 0.4516261, 0.5659997, 1
0.5834005, 0.5255342, 0.6068753, 1
0.4771795, 0.3745069, 0.4955138, 1
0.5677725, 0.4947532, 0.6192647, 1
0.557412, 0.4434965, 0.5456758, 1
0.4292206, 0.3742805, 0.5398583, 1
0.515797, 0.4429511, 0.5444147, 1
0.5359779, 0.3895127, 0.537064, 1
0.4140533, 0.3479739, 0.5545099, 1
0.4889079, 0.3957626, 0.6023363, 1
0.5034925, 0.4169106, 0.5520856, 1
0.5866128, 0.3953428, 0.6065648, 1
0.5160437, 0.4090232, 0.4985421, 1
0.5131978, 0.3553857, 0.5127302, 1
0.4357376, 0.393796, 0.5374577, 1
0.5053103, 0.439694, 0.6015369, 1
0.4236936, 0.3848245, 0.5294427, 1
0.4377461, 0.3902832, 0.5591108, 1
0.4473957, 0.4250029, 0.5915373, 1
0.5218882, 0.4202101, 0.5305549, 1
0.4647782, 0.3815539, 0.4856001, 1
0.5031441, 0.3901241, 0.5257591, 1
0.5022197, 0.4124498, 0.5097405, 1
0.5483891, 0.4977761, 0.5786269, 1
0.4997296, 0.4017943, 0.583406, 1
0.637034, 0.4503875, 0.5905684, 1
0.4624664, 0.4083042, 0.548794, 1
0.5056489, 0.4048653, 0.5603005, 1
0.5471494, 0.3897318, 0.6105387, 1
0.569667, 0.4638574, 0.5962242, 1
0.6252246, 0.4474134, 0.610292, 1
0.5498449, 0.4848041, 0.5740093, 1
0.5656509, 0.4161163, 0.5311912, 1
0.4564396, 0.3142932, 0.5483287, 1
0.4494773, 0.3482217, 0.528186, 1
0.4998903, 0.4801649, 0.6009527, 1
0.5466959, 0.3993613, 0.5682092, 1
0.554225, 0.4354286, 0.5516124, 1
0.4967597, 0.4521892, 0.6165654, 1
0.604401, 0.4289995, 0.5751347, 1
0.4621474, 0.3974998, 0.4633157, 1
0.5379975, 0.4363358, 0.6044059, 1
0.5096073, 0.3606039, 0.5739508, 1
0.4959434, 0.4308843, 0.5744561, 1
0.5756596, 0.4040973, 0.5533242, 1
0.566918, 0.5107949, 0.6054358, 1
0.5213337, 0.4199091, 0.5938548, 1
0.6022565, 0.422024, 0.6542733, 1
0.4777428, 0.3307248, 0.5578367, 1
0.5484121, 0.4496204, 0.6045659, 1
0.5362387, 0.398798, 0.5590234, 1
0.5488766, 0.4246197, 0.6550522, 1
0.5247012, 0.4178136, 0.5629672, 1
0.6051973, 0.4379904, 0.5633, 1
0.5798481, 0.4972374, 0.6156443, 1
0.4669128, 0.3629598, 0.5294463, 1
0.4861534, 0.39639, 0.5300122, 1
0.4988249, 0.4520428, 0.5394706, 1
0.5965139, 0.4301469, 0.6437271, 1
0.5880336, 0.4596694, 0.6293487, 1
0.5487607, 0.4855015, 0.5951972, 1
0.4578936, 0.3713, 0.5873334, 1
0.4983626, 0.4364646, 0.6077749, 1
0.5904632, 0.4752189, 0.5685273, 1
0.4648186, 0.4168823, 0.5789499, 1
0.4739636, 0.3809597, 0.5271102, 1
0.5748706, 0.4321561, 0.6741032, 1
0.5662088, 0.4524843, 0.638751, 1
0.4683483, 0.4342887, 0.5562996, 1
0.5060555, 0.483275, 0.5766937, 1
0.5869772, 0.4122811, 0.6416183, 1
0.5347236, 0.4321332, 0.5901224, 1
0.4569638, 0.3846918, 0.5155199, 1
0.5825929, 0.4871289, 0.6374319, 1
0.4914944, 0.3603702, 0.4770202, 1
0.5266205, 0.3697301, 0.5952044, 1
0.5684918, 0.4861311, 0.5837461, 1
0.5030847, 0.3385453, 0.542578, 1
0.4614478, 0.3956551, 0.5094731, 1
0.5942698, 0.4177668, 0.5774102, 1
0.5161409, 0.4140626, 0.5675351, 1
0.4767379, 0.3464081, 0.5368656, 1
0.4759292, 0.3708707, 0.5200011, 1
0.5370681, 0.4065786, 0.5896555, 1
0.5219462, 0.4284482, 0.6354446, 1
0.5977925, 0.4328434, 0.5653213, 1
0.5606913, 0.4443196, 0.6538826, 1
0.5701267, 0.3781429, 0.5738394, 1
0.573803, 0.493523, 0.6395911, 1
0.5024225, 0.4192705, 0.6042654, 1
0.5154739, 0.3517987, 0.5166303, 1
0.5249575, 0.3735029, 0.5439231, 1
0.5665879, 0.3779203, 0.5834568, 1
0.4557586, 0.366511, 0.5922402, 1
0.5198857, 0.414022, 0.5827004, 1
0.4049207, 0.3577128, 0.5485755, 1
0.5939071, 0.4504845, 0.6258722, 1
0.5508233, 0.4619179, 0.6214693, 1
0.4843825, 0.4356454, 0.5630835, 1
0.475995, 0.427132, 0.5568303, 1
0.5073587, 0.4236055, 0.5981247, 1
0.481891, 0.3473059, 0.5070845, 1
0.5856958, 0.4247876, 0.6592, 1
0.4440138, 0.3410234, 0.5728438, 1
0.489889, 0.3221818, 0.5426229, 1
0.4736435, 0.4012805, 0.5011017, 1
0.5393735, 0.4922659, 0.643741, 1
0.4849716, 0.4469725, 0.610518, 1
0.5898561, 0.420882, 0.549098, 1
0.6180786, 0.4429238, 0.5723261, 1
0.5523332, 0.386805, 0.5333842, 1
0.5259638, 0.4909384, 0.570228, 1
0.493257, 0.4286968, 0.5444528, 1
0.5206194, 0.3869079, 0.585023, 1
0.5352532, 0.3909144, 0.4987426, 1
0.5228343, 0.4270479, 0.5412737, 1
0.6287839, 0.4536395, 0.6063147, 1
0.5721564, 0.4625555, 0.5641302, 1
0.4835781, 0.4071275, 0.5418679, 1
0.5536452, 0.4901677, 0.5600277, 1
0.5082556, 0.3529656, 0.508387, 1
0.4886208, 0.4136243, 0.5781816, 1
0.6119121, 0.4139535, 0.6521117, 1
0.5438946, 0.507653, 0.6030846, 1
0.578025, 0.4250716, 0.6695437, 1
0.5349618, 0.4520962, 0.5900699, 1
0.5491128, 0.4302891, 0.5212569, 1
0.4811755, 0.4361386, 0.5388484, 1
0.5637201, 0.4350335, 0.5670939, 1
0.4492601, 0.3527803, 0.5111001, 1
0.5339912, 0.4676949, 0.5340287, 1
0.4901283, 0.4374211, 0.5250175, 1
0.5580422, 0.4719318, 0.6054915, 1
0.5592144, 0.4067922, 0.5460048, 1
0.4787638, 0.3689381, 0.504383, 1
0.616192, 0.4256897, 0.6003429, 1
0.5106367, 0.3874812, 0.566765, 1
0.4844901, 0.4151575, 0.5921231, 1
0.5324066, 0.3931488, 0.6350612, 1
0.5411944, 0.4375449, 0.5571616, 1
0.5675018, 0.4370494, 0.5334105, 1
0.5711578, 0.4383172, 0.5795985, 1
0.508275, 0.4882765, 0.5853531, 1
0.4553534, 0.4002559, 0.5937307, 1
0.5143514, 0.4239677, 0.6161382, 1
0.5767037, 0.408326, 0.5577212, 1
0.4255249, 0.3865078, 0.491907, 1
0.5479122, 0.4990319, 0.5973402, 1
0.528829, 0.4147724, 0.6489823, 1
0.5007095, 0.4269254, 0.5339103, 1
0.4496638, 0.3614104, 0.5122885, 1
0.5813825, 0.42339, 0.633504, 1
0.5260999, 0.4185757, 0.5134825, 1
0.5808769, 0.4599723, 0.5787029, 1
0.592483, 0.4650605, 0.5830864, 1
0.5004715, 0.3409416, 0.5279967, 1
0.4481981, 0.3210567, 0.5513431, 1
0.5399602, 0.4960512, 0.6254284, 1
0.4724563, 0.3407742, 0.5419637, 1
0.5126401, 0.3770016, 0.5992992, 1
0.4781274, 0.406114, 0.4831673, 1
0.5299997, 0.3766194, 0.5395548, 1
0.4744231, 0.3890357, 0.582288, 1
0.5538208, 0.4140154, 0.6527035, 1
0.587212, 0.3979525, 0.612899, 1
0.4942082, 0.4458883, 0.6234637, 1
0.5562735, 0.4960827, 0.6613496, 1
0.5118834, 0.4649003, 0.581143, 1
0.575267, 0.3973864, 0.6144189, 1
0.4493549, 0.397017, 0.5188407, 1
0.4982359, 0.3296444, 0.4936799, 1
0.5754732, 0.4922069, 0.5746806, 1
0.4687398, 0.3555919, 0.4921627, 1
0.452225, 0.3794847, 0.590097, 1
0.5055783, 0.4389208, 0.6329829, 1
0.4837945, 0.4316996, 0.5646883, 1
0.5529976, 0.4169695, 0.6122614, 1
0.5538826, 0.5160831, 0.6175538, 1
0.4662234, 0.39884, 0.472782, 1
0.5564539, 0.3753728, 0.5572306, 1
0.4882524, 0.3639096, 0.4874876, 1
0.5259436, 0.4572922, 0.6506096, 1
0.5810949, 0.4036275, 0.5967997, 1
0.5400109, 0.3977259, 0.5944552, 1
0.5093865, 0.3961857, 0.5770897, 1
0.4727254, 0.3584037, 0.5752344, 1
0.5677656, 0.4603912, 0.5377058, 1
0.5069885, 0.4185554, 0.5764372, 1
0.5936715, 0.4338523, 0.5472904, 1
0.5195777, 0.4153354, 0.6168833, 1
0.61483, 0.4110148, 0.6308053, 1
0.4921581, 0.4337538, 0.6019217, 1
0.4150726, 0.37727, 0.5271742, 1
0.5535694, 0.4428384, 0.6065736, 1
0.4557508, 0.3932823, 0.4958015, 1
0.6149597, 0.4073328, 0.6108997, 1
0.5593155, 0.4973954, 0.6092874, 1
0.5567936, 0.5087436, 0.6569297, 1
0.5276895, 0.4778146, 0.6035191, 1
0.4992766, 0.3481219, 0.5605016, 1
0.553784, 0.3724188, 0.5608531, 1
0.4382102, 0.3658521, 0.5115154, 1
0.4932893, 0.3977128, 0.5168245, 1
0.473779, 0.330863, 0.5483111, 1
0.5034096, 0.4816921, 0.5884688, 1
0.518243, 0.4123499, 0.522389, 1
0.4831788, 0.4216719, 0.5081513, 1
0.5152891, 0.4439366, 0.5154864, 1
0.4932148, 0.345795, 0.5007721, 1
0.6337101, 0.455572, 0.5883299, 1
0.491428, 0.3660675, 0.5271686, 1
0.4494984, 0.4049417, 0.5704302, 1
0.6220218, 0.4691842, 0.5993716, 1
0.5514258, 0.3960706, 0.6253592, 1
0.519464, 0.4280501, 0.628771, 1
0.508881, 0.3942644, 0.5695884, 1
0.4812048, 0.36678, 0.5623987, 1
0.4848718, 0.4131177, 0.6152176, 1
0.5577015, 0.4593509, 0.6612524, 1
0.5537243, 0.4773627, 0.5408187, 1
0.5842672, 0.4222455, 0.5750832, 1
0.4872463, 0.3263561, 0.4978999, 1
0.4840589, 0.4186659, 0.4956333, 1
0.5290322, 0.4388728, 0.617811, 1
0.4975863, 0.4674756, 0.5627682, 1
0.568708, 0.4568096, 0.5506179, 1
0.5481206, 0.4384403, 0.6198677, 1
0.4704392, 0.3527472, 0.5735165, 1
0.4789025, 0.3490567, 0.5035028, 1
0.457217, 0.3788571, 0.5001371, 1
0.4940607, 0.4680641, 0.6007363, 1
0.5987105, 0.4187315, 0.6295463, 1
0.4939342, 0.3510841, 0.4844037, 1
0.5163248, 0.4077143, 0.5121167, 1
0.5635031, 0.4554432, 0.5378304, 1
0.5468342, 0.4333397, 0.5156204, 1
0.551431, 0.4427847, 0.6685427, 1
0.5616081, 0.4343159, 0.5414732, 1
0.5137796, 0.3938664, 0.5936644, 1
0.5679493, 0.3816776, 0.5710372, 1
0.5082535, 0.3961491, 0.5399508, 1
0.4726328, 0.3531595, 0.4892888, 1
0.5235808, 0.3934338, 0.6204827, 1
0.4951509, 0.4097226, 0.5424973, 1
0.5022811, 0.4183803, 0.5817946, 1
0.5822365, 0.4022803, 0.5796958, 1
0.4899124, 0.3602099, 0.4591391, 1
0.605043, 0.4741204, 0.5661097, 1
0.5832955, 0.4497573, 0.6422063, 1
0.5385723, 0.3848663, 0.5707251, 1
0.5811709, 0.4786111, 0.6394346, 1
0.5254653, 0.4080713, 0.5216924, 1
0.5366027, 0.4924491, 0.6102326, 1
0.5549752, 0.4230811, 0.6561922, 1
0.4810174, 0.3532799, 0.5235688, 1
0.520695, 0.4883808, 0.6125754, 1
0.5455067, 0.4332726, 0.5518478, 1
0.4682096, 0.4005605, 0.5045219, 1
0.4788719, 0.3456332, 0.5791206, 1
0.5381775, 0.4836755, 0.5617801, 1
0.59786, 0.4411352, 0.5777166, 1
0.473854, 0.3364151, 0.5147474, 1
0.5624769, 0.4391127, 0.5888738, 1
0.5640044, 0.4094997, 0.5591176, 1
0.49126, 0.3639337, 0.6004988, 1
0.5353426, 0.3823141, 0.5929942, 1
0.5701485, 0.4357148, 0.5435576, 1
0.4948834, 0.312218, 0.5063864, 1
0.5469038, 0.4138197, 0.544547, 1
0.5306338, 0.4651027, 0.5403433, 1
0.6122805, 0.4529305, 0.5595319, 1
0.5560754, 0.4540878, 0.5819351, 1
0.5178516, 0.4827621, 0.5838932, 1
0.5144836, 0.3636586, 0.517117, 1
0.4609007, 0.3875782, 0.5727736, 1
0.5091054, 0.4276139, 0.5943511, 1
0.5111361, 0.3789263, 0.5968539, 1
0.5435141, 0.4139663, 0.5224924, 1
0.5907575, 0.3976539, 0.5858492, 1
0.5018455, 0.4542424, 0.5823134, 1
0.4893705, 0.3864194, 0.4662489, 1
0.5169091, 0.4044698, 0.5191211, 1
0.6047367, 0.4160576, 0.6513625, 1
0.5624267, 0.4448243, 0.5492354, 1
0.5291551, 0.4335953, 0.6533423, 1
0.5027112, 0.455975, 0.5400833, 1
0.4845459, 0.3914043, 0.502326, 1
0.6014946, 0.4926334, 0.5723497, 1
0.447091, 0.3679323, 0.5710779, 1
0.5722323, 0.462132, 0.5780621, 1
0.4860486, 0.3984807, 0.5417671, 1
0.5872017, 0.4615261, 0.606032, 1
0.5831096, 0.4329164, 0.5510049, 1
0.4217472, 0.355015, 0.5423796, 1
0.5531328, 0.4425408, 0.5304886, 1
0.5389675, 0.4870797, 0.5530378, 1
0.5593804, 0.4752704, 0.6312283, 1
0.5773602, 0.4391373, 0.5511808, 1
0.4858357, 0.3133184, 0.5158553, 1
0.506355, 0.4692236, 0.6072157, 1
0.5232039, 0.4733254, 0.6036161, 1
0.5148374, 0.4437929, 0.6370243, 1
0.5274433, 0.3560132, 0.5244859, 1
0.5826771, 0.450766, 0.6527787, 1
0.51976, 0.4113658, 0.5257797, 1
0.4733047, 0.4334116, 0.5569641, 1
0.5387481, 0.4044179, 0.5291173, 1
0.5053061, 0.424753, 0.6086679, 1
0.4719149, 0.4135417, 0.5646999, 1
0.5506787, 0.4403629, 0.5230272, 1
0.5651619, 0.4580594, 0.5728387, 1
0.4887771, 0.3277231, 0.51368, 1
0.6143839, 0.4895352, 0.5710761, 1
0.4510064, 0.3472486, 0.5593801, 1
0.4612105, 0.3954011, 0.5144151, 1
0.5902168, 0.4839485, 0.6189244, 1
0.4649342, 0.3556571, 0.5173889, 1
0.5888312, 0.4966131, 0.5904377, 1
0.5003877, 0.4105602, 0.5787584, 1
0.5368191, 0.3644653, 0.5613894, 1
0.4422053, 0.3600976, 0.5575727, 1
0.5739705, 0.4833182, 0.5697863, 1
0.4874716, 0.4294443, 0.6077338, 1
0.5355318, 0.3620214, 0.5158709, 1
0.5234632, 0.4196161, 0.5488241, 1
0.4506574, 0.3816242, 0.5515045, 1
0.4940543, 0.4383679, 0.5205479, 1
0.4801682, 0.4045552, 0.5815003, 1
0.5414492, 0.3859215, 0.514735, 1
0.5226703, 0.4840772, 0.6290749, 1
0.5026755, 0.3617035, 0.5254784, 1
0.6101632, 0.4320478, 0.6240821, 1
0.5604136, 0.4114245, 0.5447705, 1
0.4537283, 0.3554519, 0.5829431, 1
0.509832, 0.4121546, 0.5477311, 1
0.5188449, 0.4151464, 0.6171365, 1
0.4820849, 0.4446498, 0.5819885, 1
0.5755109, 0.403928, 0.5468428, 1
0.5207026, 0.4225699, 0.6014324, 1
0.5169616, 0.3493694, 0.5727517, 1
0.5558751, 0.4582463, 0.5283077, 1
0.554869, 0.4760885, 0.6302994, 1
0.5103785, 0.4087161, 0.6233204, 1
0.46448, 0.4250486, 0.5407599, 1
0.4811027, 0.3965362, 0.4795383, 1
0.4318601, 0.3917568, 0.5711557, 1
0.5044164, 0.4362959, 0.555903, 1
0.575958, 0.4905843, 0.589172, 1
0.5749729, 0.4888588, 0.5834761, 1
0.5263903, 0.401791, 0.6097477, 1
0.58808, 0.3965294, 0.6323872, 1
0.5572843, 0.4581569, 0.6448916, 1
0.4970427, 0.3437842, 0.4984821, 1
0.5487788, 0.4358161, 0.5711993, 1
0.6150488, 0.4714637, 0.5795318, 1
0.5941857, 0.4594675, 0.6074554, 1
0.5754659, 0.4757214, 0.5694143, 1
0.4833754, 0.3737454, 0.5533816, 1
0.5902126, 0.4274963, 0.6083739, 1
0.5275407, 0.3742182, 0.5516728, 1
0.5209411, 0.416798, 0.641569, 1
0.5364039, 0.3613783, 0.5361764, 1
0.4193316, 0.3549331, 0.5644596, 1
0.5277739, 0.4110694, 0.559774, 1
0.5449493, 0.3924696, 0.598772, 1
0.536784, 0.4129033, 0.4985959, 1
0.5736877, 0.4336338, 0.60912, 1
0.5431504, 0.4654838, 0.5853162, 1
0.4701951, 0.350346, 0.520309, 1
0.5601321, 0.5084429, 0.6333901, 1
0.6171904, 0.4514749, 0.566925, 1
0.5351114, 0.4842801, 0.5536979, 1
0.5841748, 0.4783726, 0.581832, 1
0.5349888, 0.4198014, 0.5581216, 1
0.4644075, 0.3945914, 0.5411905, 1
0.5692863, 0.4743898, 0.6622281, 1
0.6057917, 0.4302135, 0.5968057, 1
0.5010034, 0.4037216, 0.5806727, 1
0.4568815, 0.3401812, 0.5223224, 1
0.4802225, 0.3791028, 0.5660285, 1
0.5116583, 0.3739375, 0.5535361, 1
0.5976237, 0.467533, 0.567401, 1
0.5313814, 0.5015144, 0.6015853, 1
0.525822, 0.3586583, 0.5261948, 1
0.4554224, 0.3842526, 0.5064545, 1
0.4487124, 0.3396568, 0.5474474, 1
0.5935062, 0.4541934, 0.5626277, 1
0.5872861, 0.4742006, 0.5931497, 1
0.5586613, 0.5098777, 0.6287721, 1
0.5511646, 0.4775217, 0.6129041, 1
0.5783687, 0.461239, 0.5851617, 1
0.5842196, 0.465434, 0.631578, 1
0.4731552, 0.4145921, 0.5722814, 1
0.5082439, 0.3720735, 0.5937826, 1
0.536212, 0.3958672, 0.5667824, 1
0.4508211, 0.4008538, 0.5443792, 1
0.5174807, 0.4255225, 0.533719, 1
0.5206581, 0.3613876, 0.5613332, 1
0.5623709, 0.4058583, 0.6385846, 1
0.5454745, 0.4086999, 0.5488441, 1
0.5592072, 0.4675007, 0.6086476, 1
0.5708996, 0.4154347, 0.6476966, 1
0.4082237, 0.3776532, 0.5186689, 1
0.6203808, 0.4728282, 0.5822092, 1
0.5664737, 0.5072507, 0.6347187, 1
0.4981614, 0.4202022, 0.5933263, 1
0.5251486, 0.4401719, 0.6532425, 1
0.5745256, 0.4434923, 0.6279503, 1
0.4788356, 0.3948404, 0.5133026, 1
0.5057408, 0.3883582, 0.5526258, 1
0.5120076, 0.4514334, 0.5699232, 1
0.5673324, 0.4523235, 0.6414858, 1
0.5337753, 0.3750213, 0.6106533, 1
0.4969228, 0.4068425, 0.5213488, 1
0.5141395, 0.4223736, 0.4985625, 1
0.5975006, 0.4012932, 0.595204, 1
0.5662104, 0.4901629, 0.60709, 1
0.5002748, 0.3433036, 0.4885499, 1
0.5592127, 0.4643725, 0.6792931, 1
0.6118899, 0.4356218, 0.6065949, 1
0.5684003, 0.491753, 0.5919234, 1
0.4647889, 0.4143308, 0.5938798, 1
0.4649619, 0.3771767, 0.4875795, 1
0.4614034, 0.4024757, 0.5930354, 1
0.4717916, 0.4380927, 0.5582944, 1
0.4815608, 0.4515457, 0.5743655, 1
0.5215117, 0.3780412, 0.5259163, 1
0.5313256, 0.4182965, 0.5069599, 1
0.4870946, 0.3597358, 0.4920546, 1
0.4304181, 0.382542, 0.5075915, 1
0.5858235, 0.4981679, 0.5777046, 1
0.4933509, 0.3990234, 0.5336938, 1
0.6069559, 0.5045772, 0.5757309, 1
0.4818861, 0.3325677, 0.5408465, 1
0.5031467, 0.3777342, 0.482249, 1
0.5639593, 0.444738, 0.6761902, 1
0.4946868, 0.3761896, 0.5625413, 1
0.5281556, 0.3739453, 0.5763569, 1
0.6007772, 0.4336558, 0.5924003, 1
0.593951, 0.4526697, 0.6475496, 1
0.5726408, 0.4024556, 0.6021385, 1
0.5444905, 0.4414746, 0.525171, 1
0.5728608, 0.3977283, 0.6071922, 1
0.4784923, 0.4059881, 0.506504, 1
0.5878223, 0.4798079, 0.5798415, 1
0.4888316, 0.3699832, 0.4753247, 1
0.4906116, 0.4118517, 0.4978359, 1
0.5179127, 0.3499794, 0.5821051, 1
0.5192447, 0.464925, 0.5777327, 1
0.5980642, 0.4869284, 0.5971628, 1
0.5217326, 0.3753673, 0.5706704, 1
0.5377489, 0.4450654, 0.6122751, 1
0.576883, 0.4842067, 0.5646822, 1
0.5190908, 0.3735788, 0.5399395, 1
0.4912178, 0.3637039, 0.5336262, 1
0.5837017, 0.4119658, 0.6029429, 1
0.537806, 0.4971805, 0.6289425, 1
0.4826544, 0.3876974, 0.5073916, 1
0.5695483, 0.4553, 0.6056719, 1
0.5477042, 0.4784958, 0.5827384, 1
0.4246078, 0.3719936, 0.5500072, 1
0.4460213, 0.3545787, 0.5824624, 1
0.4416313, 0.4005043, 0.5312458, 1
0.5055396, 0.3343744, 0.4883896, 1
0.5336516, 0.4499598, 0.5299079, 1
0.5366129, 0.3505987, 0.5472468, 1
0.5677322, 0.51079, 0.6049689, 1
0.4684478, 0.3804057, 0.5575454, 1
0.5398137, 0.3600585, 0.5691264, 1
0.4370025, 0.37953, 0.5290432, 1
0.4755802, 0.4034861, 0.5067531, 1
0.4849176, 0.3242608, 0.5469126, 1
0.5370433, 0.4353038, 0.5179328, 1
0.5234148, 0.4776177, 0.6072089, 1
0.5156674, 0.3576545, 0.5214492, 1
0.4584925, 0.3801243, 0.4787536, 1
0.5517979, 0.3977765, 0.5360976, 1
0.5341909, 0.3668292, 0.5610718, 1
0.5669296, 0.5090351, 0.6184369, 1
0.4859533, 0.4089061, 0.6189019, 1
0.4587007, 0.3596672, 0.5724772, 1
0.4794938, 0.4147773, 0.5133651, 1
0.5430042, 0.3881114, 0.6287334, 1
0.5459489, 0.4377676, 0.5867978, 1
0.5048208, 0.4232147, 0.6264366, 1
0.4939509, 0.4621474, 0.5854951, 1
0.5343108, 0.4689537, 0.6065258, 1
0.4991849, 0.3820006, 0.4769049, 1
0.4908983, 0.4128493, 0.5242163, 1
0.5088134, 0.3421822, 0.5019844, 1
0.5155801, 0.4295619, 0.5154658, 1
0.6000788, 0.4679417, 0.6103233, 1
0.5381035, 0.4351837, 0.6496979, 1
0.5824267, 0.4971449, 0.5952278, 1
0.5281224, 0.4228953, 0.5407119, 1
0.4750738, 0.421369, 0.5255119, 1
0.5439722, 0.47883, 0.5681348, 1
0.5805141, 0.4542627, 0.5515919, 1
0.5102723, 0.4474603, 0.6287745, 1
0.5192484, 0.3409929, 0.5329838, 1
0.4241196, 0.3805909, 0.5266138, 1
0.5034849, 0.4595389, 0.5444543, 1
0.5143483, 0.4317181, 0.5759932, 1
0.5122562, 0.4427048, 0.6273037, 1
0.4462229, 0.3488297, 0.5400842, 1
0.5367035, 0.4722324, 0.5604147, 1
0.5406994, 0.4130179, 0.5313082, 1
0.5452008, 0.475826, 0.6251201, 1
0.5467286, 0.4024143, 0.5933487, 1
0.4971506, 0.4407766, 0.5903175, 1
0.5743819, 0.3959936, 0.5733253, 1
0.4818702, 0.4157857, 0.4884171, 1
0.4976014, 0.3950691, 0.4752912, 1
0.4902535, 0.36281, 0.5043258, 1
0.502667, 0.474335, 0.5622933, 1
0.5842518, 0.4963847, 0.6156464, 1
0.5750833, 0.4367153, 0.6235144, 1
0.5928524, 0.399341, 0.6060365, 1
0.5134906, 0.3818188, 0.5007713, 1
0.6246686, 0.4554987, 0.6011173, 1
0.5474402, 0.4110866, 0.6165089, 1
0.4527334, 0.4274557, 0.5669463, 1
0.4430141, 0.3683284, 0.5680614, 1
0.572712, 0.4318672, 0.6651295, 1
0.5484573, 0.3873379, 0.5588466, 1
0.4864031, 0.4367957, 0.5858912, 1
0.5203486, 0.4108194, 0.6120646, 1
0.4586533, 0.394905, 0.4851122, 1
0.4291402, 0.3795562, 0.5762685, 1
0.4540218, 0.4374897, 0.5823475, 1
0.5481535, 0.4183754, 0.5906687, 1
0.5821204, 0.4530612, 0.5755511, 1
0.5913232, 0.4749771, 0.5754201, 1
0.5716391, 0.4429397, 0.6421556, 1
0.606486, 0.4844849, 0.6020898, 1
0.5437897, 0.4546508, 0.6700343, 1
0.5163836, 0.440318, 0.6069438, 1
0.4803762, 0.3910427, 0.501036, 1
0.5223155, 0.4344293, 0.5197616, 1
0.517988, 0.4333872, 0.5244367, 1
0.5419216, 0.463636, 0.56938, 1
0.6151604, 0.409664, 0.6217919, 1
0.556355, 0.4702858, 0.6283804, 1
0.4946558, 0.378279, 0.6076363, 1
0.4815087, 0.3639129, 0.4997521, 1
0.5236866, 0.4766967, 0.5916955, 1
0.5202933, 0.4080316, 0.6220325, 1
0.5631225, 0.4659583, 0.6685519, 1
0.4665945, 0.4356889, 0.5764597, 1
0.4815117, 0.3761332, 0.5216012, 1
0.4480232, 0.3477824, 0.5508661, 1
0.4521042, 0.4278096, 0.5687079, 1
0.4973345, 0.3816806, 0.4914977, 1
0.5978379, 0.4515511, 0.6476837, 1
0.5644469, 0.435735, 0.6026046, 1
0.505392, 0.3606413, 0.499409, 1
0.5765732, 0.4885473, 0.5819213, 1
0.4953145, 0.3258516, 0.4928644, 1
0.5721312, 0.4208609, 0.5551107, 1
0.5289034, 0.3769751, 0.5007994, 1
0.5161536, 0.3776883, 0.5175076, 1
0.6209816, 0.4120807, 0.6280256, 1
0.5716388, 0.5174259, 0.5987027, 1
0.5947304, 0.4251406, 0.5678937, 1
0.503908, 0.3798566, 0.6052214, 1
0.4893476, 0.4267903, 0.5473295, 1
0.5639952, 0.4363377, 0.5464779, 1
0.6046504, 0.4797001, 0.5695027, 1
0.5503098, 0.433172, 0.6506841, 1
0.550202, 0.3796664, 0.5281186, 1
0.4956622, 0.3538597, 0.5702986, 1
0.5074271, 0.4177389, 0.6250433, 1
0.6037764, 0.4351294, 0.578059, 1
0.5995588, 0.4684295, 0.5946947, 1
0.5060534, 0.4356626, 0.5575426, 1
0.5131794, 0.3433403, 0.5478104, 1
0.5907975, 0.4791191, 0.5645538, 1
0.5050889, 0.3667416, 0.4979869, 1
0.5274114, 0.4808559, 0.5944124, 1
0.5123819, 0.4025839, 0.5630419, 1
0.6112165, 0.4363482, 0.59318, 1
0.579307, 0.5089003, 0.6006446, 1
0.4786829, 0.4554888, 0.5702875, 1
0.5303969, 0.3477544, 0.5315869, 1
0.4817915, 0.3957313, 0.5695446, 1
0.5349713, 0.4120651, 0.507272, 1
0.5960043, 0.4687711, 0.6231371, 1
0.4341967, 0.3823752, 0.5611083, 1
0.4960547, 0.3723151, 0.5253046, 1
0.4577007, 0.4079317, 0.5676437, 1
0.5183499, 0.4584666, 0.5969989, 1
0.5389097, 0.3841359, 0.5135946, 1
0.5484298, 0.506915, 0.6515213, 1
0.51569, 0.397335, 0.5515247, 1
0.5506727, 0.3787431, 0.5882435, 1
0.5094368, 0.4903668, 0.5861243, 1
0.5589792, 0.5018218, 0.6345989, 1
0.5392444, 0.3706366, 0.584631, 1
0.5188792, 0.4701707, 0.643518, 1
0.4924971, 0.349285, 0.5605569, 1
0.5708374, 0.4053686, 0.6327113, 1
0.4903828, 0.3255477, 0.561082, 1
0.5689574, 0.4499516, 0.6119363, 1
0.5067102, 0.387413, 0.5985378, 1
0.4870978, 0.3682026, 0.5919287, 1
0.5971804, 0.4453888, 0.5915884, 1
0.4798163, 0.3895143, 0.5984024, 1
0.544152, 0.438081, 0.5883558, 1
0.595224, 0.4398127, 0.5885433, 1
0.5908288, 0.4994661, 0.5991716, 1
0.5308759, 0.4223744, 0.5059671, 1
0.5715303, 0.5081376, 0.6052758, 1
0.5445235, 0.403499, 0.6383209, 1
0.591074, 0.493886, 0.5729735, 1
0.5806584, 0.4534523, 0.617605, 1
0.5313397, 0.4463885, 0.650335, 1
0.5688562, 0.4342638, 0.6148013, 1
0.5650141, 0.4512223, 0.5770795, 1
0.5025507, 0.4596398, 0.5851504, 1
0.5440698, 0.3757643, 0.5182061, 1
0.5637562, 0.4876936, 0.6116295, 1
0.4843189, 0.3749582, 0.5826519, 1
0.5168242, 0.4594097, 0.523985, 1
0.5649958, 0.3752145, 0.5730886, 1
0.5797182, 0.4580557, 0.5588827, 1
0.4914633, 0.4465621, 0.5811794, 1
0.5087532, 0.3713511, 0.6044334, 1
0.5460325, 0.4358306, 0.5647607, 1
0.5033996, 0.3581361, 0.5920551, 1
0.5529107, 0.3925276, 0.5449428, 1
0.5066296, 0.3526729, 0.5084924, 1
0.4828291, 0.3604124, 0.5563328, 1
0.6194249, 0.4580184, 0.5765169, 1
0.5361308, 0.4405939, 0.6088477, 1
0.5641882, 0.3815261, 0.5539467, 1
0.4743963, 0.4270735, 0.6116784, 1
0.5481185, 0.4313045, 0.6108838, 1
0.5381728, 0.4280194, 0.5490149, 1
0.6040481, 0.4157307, 0.6270422, 1
0.5249109, 0.4730399, 0.620482, 1
0.6310483, 0.4365814, 0.6021014, 1
0.5022746, 0.3406937, 0.5512536, 1
0.4640985, 0.4203792, 0.580287, 1
0.4897921, 0.4683893, 0.5806668, 1
0.4699691, 0.3201257, 0.5320015, 1
0.4906701, 0.3194405, 0.5316741, 1
0.4554685, 0.3218482, 0.5554008, 1
0.4522913, 0.3853773, 0.4817133, 1
0.5223783, 0.434475, 0.4974301, 1
0.4982269, 0.3386906, 0.5216222, 1
0.5305405, 0.4760869, 0.639355, 1
0.528946, 0.4129725, 0.5638591, 1
0.5119867, 0.4494107, 0.6213738, 1
0.4966623, 0.439898, 0.5387107, 1
0.4925686, 0.3564022, 0.5947927, 1
0.5780608, 0.5218845, 0.5959393, 1
0.4689683, 0.4094665, 0.5260252, 1
0.4170992, 0.3556403, 0.5390243, 1
0.5534906, 0.3801548, 0.6015261, 1
0.6035749, 0.4789919, 0.5708039, 1
0.5262315, 0.4902452, 0.5650473, 1
0.5733722, 0.5075365, 0.6229202, 1
0.5914906, 0.4173797, 0.6308203, 1
0.5393687, 0.4163682, 0.6099756, 1
0.5404439, 0.4154199, 0.5846547, 1
0.5940959, 0.4625252, 0.626381, 1
0.512922, 0.4162596, 0.5536371, 1
0.529822, 0.3517168, 0.5349282, 1
0.5472436, 0.4196102, 0.6511279, 1
0.557842, 0.4472713, 0.6306152, 1
0.6141075, 0.4327447, 0.5903858, 1
0.4977596, 0.4395845, 0.5943182, 1
0.5253803, 0.4105967, 0.4980533, 1
0.5679094, 0.3992712, 0.5412821, 1
0.601871, 0.4169535, 0.6039389, 1
0.5682732, 0.4384342, 0.6640342, 1
0.4465724, 0.3398378, 0.531652, 1
0.5217312, 0.4088283, 0.5817856, 1
0.4759982, 0.4322601, 0.539218, 1
0.465375, 0.4031091, 0.5598958, 1
0.5759961, 0.4470984, 0.5483254, 1
0.4598414, 0.3369138, 0.5613316, 1
0.5501148, 0.4892755, 0.5582886, 1
0.5212256, 0.4066266, 0.6083726, 1
0.502633, 0.4137769, 0.5988059, 1
0.5281998, 0.4056437, 0.6054351, 1
0.5077019, 0.3858896, 0.5412591, 1
0.4809187, 0.3386843, 0.5052161, 1
0.4667441, 0.3721886, 0.4994935, 1
0.5812017, 0.437422, 0.6709844, 1
0.5402538, 0.4613427, 0.6050488, 1
0.4985713, 0.4429045, 0.5735673, 1
0.5906019, 0.4679237, 0.6405714, 1
0.4724412, 0.4005192, 0.5533074, 1
0.4622062, 0.3447979, 0.5694112, 1
0.5816893, 0.4632255, 0.6028358, 1
0.5131322, 0.4870209, 0.6141472, 1
0.6119407, 0.4403352, 0.5680072, 1
0.5983207, 0.491287, 0.5732707, 1
0.5683144, 0.3957414, 0.6057655, 1
0.5717634, 0.458574, 0.6388593, 1
0.5421159, 0.4614789, 0.6318783, 1
0.5780038, 0.4319801, 0.6424047, 1
0.5769083, 0.4555018, 0.6668805, 1
0.5579439, 0.463356, 0.6495272, 1
0.4469416, 0.4033809, 0.5445799, 1
0.5270374, 0.3953043, 0.631917, 1
0.5650226, 0.4224266, 0.5278862, 1
0.4473765, 0.3508172, 0.5556306, 1
0.5006252, 0.4005351, 0.5468723, 1
0.51383, 0.3557039, 0.5268749, 1
0.5248557, 0.4860403, 0.6251406, 1
0.5256437, 0.3686525, 0.5216077, 1
0.5700976, 0.5099064, 0.6343312, 1
0.4853666, 0.3395534, 0.4988931, 1
0.5743107, 0.4625901, 0.635977, 1
0.6143436, 0.4545266, 0.5926133, 1
0.523456, 0.4123474, 0.5042931, 1
0.4960115, 0.369744, 0.4788104, 1
0.5234568, 0.3851532, 0.6048825, 1
0.4975866, 0.3760468, 0.610093, 1
0.4948797, 0.3899537, 0.4768754, 1
0.6153618, 0.4415479, 0.5726188, 1
0.596425, 0.4277159, 0.5731735, 1
0.4587365, 0.3562824, 0.5831972, 1
0.4948149, 0.3807596, 0.5364973, 1
0.5509932, 0.4336242, 0.5518244, 1
0.6059995, 0.4419997, 0.5709161, 1
0.543487, 0.4978157, 0.6303794, 1
0.4660897, 0.399569, 0.5002508, 1
0.481037, 0.3264359, 0.5143446, 1
0.5573338, 0.4817073, 0.6647748, 1
0.5675997, 0.4318768, 0.610467, 1
0.4840389, 0.3562296, 0.5235355, 1
0.5470844, 0.4339814, 0.5577449, 1
0.5706492, 0.3867019, 0.5594006, 1
0.5306225, 0.4183758, 0.6490942, 1
0.5882782, 0.4210196, 0.6124719, 1
0.4984678, 0.3993608, 0.5348155, 1
0.4890313, 0.3796936, 0.4796119, 1
0.5038999, 0.4218952, 0.5036066, 1
0.6124427, 0.4501906, 0.5716684, 1
0.5706285, 0.4025893, 0.5877351, 1
0.4917845, 0.4723122, 0.5781643, 1
0.4879231, 0.3464832, 0.4764791, 1
0.540144, 0.4943737, 0.6017399, 1
0.4683331, 0.4442979, 0.5970893, 1
0.4573932, 0.427635, 0.5857861, 1
0.5308448, 0.4217663, 0.5789928, 1
0.5809348, 0.4753695, 0.5641216, 1
0.5487222, 0.4877621, 0.6154903, 1
0.5232242, 0.381518, 0.5137799, 1
0.5339276, 0.4324824, 0.554327, 1
0.443164, 0.3616019, 0.5566987, 1
0.5089389, 0.3466359, 0.4978873, 1
0.53313, 0.4578998, 0.5664134, 1
0.4616822, 0.4067152, 0.5092822, 1
0.5986914, 0.423008, 0.6289119, 1
0.4932768, 0.3603834, 0.5005435, 1
0.4118057, 0.3608294, 0.5464412, 1
0.5996451, 0.4449417, 0.6294218, 1
0.6062282, 0.4842602, 0.6101965, 1
0.533622, 0.4327627, 0.5890979, 1
0.5543733, 0.4138583, 0.5364125, 1
0.5674453, 0.4135914, 0.5879259, 1
0.4397031, 0.3384874, 0.5606686, 1
0.4308146, 0.366675, 0.5492755, 1
0.5902936, 0.4091769, 0.5798389, 1
0.6176801, 0.4480605, 0.5747932, 1
0.4379058, 0.3831178, 0.4806468, 1
0.6351924, 0.4636077, 0.5890694, 1
0.5504991, 0.4291767, 0.5907737, 1
0.5255134, 0.3562772, 0.5720943, 1
0.4765313, 0.3838087, 0.5525199, 1
0.5021486, 0.4294147, 0.5111937, 1
0.4555224, 0.4323173, 0.5752456, 1
0.4920017, 0.3821929, 0.5546899, 1
0.5119678, 0.3618184, 0.5482816, 1
0.5178027, 0.4877785, 0.5646693, 1
0.5118138, 0.4165616, 0.516574, 1
0.5735396, 0.4373385, 0.624048, 1
0.5867067, 0.4407993, 0.5620153, 1
0.629387, 0.4279786, 0.6288326, 1
0.6000491, 0.4210841, 0.6309489, 1
0.4388871, 0.3927459, 0.5159535, 1
0.4311123, 0.3339956, 0.5647987, 1
0.5048796, 0.454935, 0.5529009, 1
0.5747453, 0.4189913, 0.6309184, 1
0.605194, 0.4426612, 0.6009279, 1
0.6283347, 0.4202993, 0.6160839, 1
0.4630832, 0.4258339, 0.5509373, 1
0.4658338, 0.4446206, 0.5820766, 1
0.5815036, 0.4644936, 0.5838205, 1
0.4978389, 0.4026882, 0.5211124, 1
0.5090213, 0.3942121, 0.5203882, 1
0.475029, 0.4144618, 0.4935539, 1
0.5331914, 0.3508551, 0.5255206, 1
0.565847, 0.461677, 0.5425212, 1
0.5662665, 0.3958633, 0.6104382, 1
0.4889208, 0.4402973, 0.5934402, 1
0.5035844, 0.391029, 0.6210161, 1
0.4770386, 0.408979, 0.4918015, 1
0.5069839, 0.4380905, 0.6050712, 1
0.5092051, 0.4800904, 0.5615072, 1
0.5724096, 0.4075786, 0.5389929, 1
0.5108015, 0.3483948, 0.5280226, 1
0.5564592, 0.4956604, 0.5653487, 1
0.4982388, 0.4334269, 0.5576445, 1
0.5108511, 0.4396356, 0.5942835, 1
0.5262338, 0.4596233, 0.6053019, 1
0.6117885, 0.4181478, 0.6249376, 1
0.5119269, 0.474452, 0.5589311, 1
0.602415, 0.4241157, 0.5591947, 1
0.5455041, 0.5026458, 0.6515582, 1
0.5195918, 0.3817489, 0.5199392, 1
0.4608836, 0.3330011, 0.5515012, 1
0.5144216, 0.4461022, 0.5114321, 1
0.5469213, 0.4764504, 0.6121917, 1
0.5364264, 0.3897712, 0.5922857, 1
0.4949458, 0.4702938, 0.5885514, 1
0.5339577, 0.3735576, 0.577417, 1
0.4000272, 0.3651473, 0.5456081, 1
0.5403537, 0.4971021, 0.5876843, 1
0.489885, 0.3925669, 0.5452641, 1
0.5338121, 0.4736997, 0.5792996, 1
0.5677103, 0.3905677, 0.5861925, 1
0.5837795, 0.4178009, 0.6353509, 1
0.4786848, 0.436464, 0.6041988, 1
0.4837191, 0.3978486, 0.601451, 1
0.519135, 0.4828679, 0.5690403, 1
0.5023692, 0.4237392, 0.487699, 1
0.5759177, 0.5095437, 0.6277296, 1
0.543097, 0.4251493, 0.5705495, 1
0.524275, 0.4100334, 0.6228033, 1
0.4669611, 0.4436842, 0.5717983, 1
0.4933906, 0.449926, 0.6056659, 1
0.5007812, 0.3462938, 0.5323612, 1
0.5188347, 0.3683771, 0.5402696, 1
0.5210366, 0.3961909, 0.5484601, 1
0.5974538, 0.4486881, 0.6104461, 1
0.6096889, 0.4554273, 0.581364, 1
0.4655555, 0.3814726, 0.4961075, 1
0.4851241, 0.3179009, 0.5162569, 1
0.5349845, 0.4290227, 0.5080973, 1
0.4938259, 0.4165394, 0.5475048, 1
0.59909, 0.4799666, 0.6210158, 1
0.4836214, 0.3682555, 0.5887504, 1
0.4789724, 0.3795291, 0.6030672, 1
0.5261698, 0.3863984, 0.5062225, 1
0.4574015, 0.4237753, 0.5785637, 1
0.4782932, 0.4486937, 0.5644284, 1
0.5568012, 0.4869602, 0.6010358, 1
0.5378462, 0.4437271, 0.5992166, 1
0.5710965, 0.4666937, 0.62556, 1
0.5606197, 0.4977586, 0.6514744, 1
0.5528392, 0.4922133, 0.6005264, 1
0.5316631, 0.3960233, 0.6292978, 1
0.5099638, 0.4718028, 0.5514573, 1
0.5077919, 0.3951931, 0.6213283, 1
0.5700272, 0.4473433, 0.6555384, 1
0.581022, 0.4828548, 0.602557, 1
0.4978372, 0.4369, 0.6123498, 1
0.5478945, 0.4611845, 0.6423704, 1
0.4747531, 0.4158335, 0.6004121, 1
0.5726786, 0.4109733, 0.55048, 1
0.505868, 0.4528159, 0.5442145, 1
0.5338092, 0.4322589, 0.5755915, 1
0.6126449, 0.4791325, 0.5971192, 1
0.4604537, 0.4248775, 0.6040335, 1
0.4768027, 0.3167408, 0.5404735, 1
0.5354218, 0.4327922, 0.5562028, 1
0.4886673, 0.329027, 0.5299336, 1
0.4773155, 0.4035021, 0.5383081, 1
0.4782039, 0.4574147, 0.6029766, 1
0.5627114, 0.4575456, 0.5888228, 1
0.5044807, 0.4486913, 0.5259085, 1
0.4134806, 0.372361, 0.5168551, 1
0.5961461, 0.4201994, 0.6359143, 1
0.5308356, 0.4768808, 0.5621083, 1
0.5325978, 0.4088633, 0.5450093, 1
0.548943, 0.3860104, 0.6138082, 1
0.4796067, 0.3480705, 0.5421846, 1
0.621354, 0.4455068, 0.5767115, 1
0.5525583, 0.5177743, 0.6153582, 1
0.5112619, 0.4597361, 0.5635199, 1
0.5028233, 0.4462624, 0.5240301, 1
0.5783662, 0.3963927, 0.5573831, 1
0.5217223, 0.4772817, 0.5853192, 1
0.4799085, 0.3945599, 0.4926053, 1
0.4520849, 0.3384477, 0.532293, 1
0.5048998, 0.3704414, 0.6077572, 1
0.6168139, 0.4216931, 0.6145199, 1
0.447608, 0.366229, 0.5423483, 1
0.4859644, 0.37859, 0.5505998, 1
0.500245, 0.3750136, 0.5924081, 1
0.4815106, 0.3815316, 0.4910631, 1
0.4978126, 0.3568569, 0.5526798, 1
0.4338862, 0.3592006, 0.556533, 1
0.5754061, 0.4737158, 0.6259443, 1
0.5972513, 0.5157377, 0.5854671, 1
0.5467672, 0.5022133, 0.5765897, 1
0.5317932, 0.3916242, 0.603727, 1
0.5235816, 0.4205665, 0.5352927, 1
0.5828534, 0.4752311, 0.5653214, 1
0.4999916, 0.3648074, 0.4703179, 1
0.5349294, 0.4572188, 0.6432214, 1
0.6353408, 0.462361, 0.5919545, 1
0.5660408, 0.3975403, 0.5360096, 1
0.5105491, 0.3846851, 0.5057808, 1
0.47028, 0.3344184, 0.5488334, 1
0.5200134, 0.4866634, 0.6326579, 1
0.5276915, 0.4607964, 0.536985, 1
0.5124594, 0.4385247, 0.5451965, 1
0.5641665, 0.4660164, 0.6688758, 1
0.549633, 0.5095005, 0.6418254, 1
0.4508002, 0.3888515, 0.4761195, 1
0.5931543, 0.4058178, 0.6014133, 1
0.5981675, 0.4604212, 0.6378312, 1
0.507753, 0.3331706, 0.5293274, 1
0.4935657, 0.3718859, 0.5136541, 1
0.5059552, 0.4252326, 0.5490122, 1
0.5772808, 0.4021971, 0.5705464, 1
0.5015033, 0.376411, 0.5713217, 1
0.5531555, 0.4678647, 0.5673813, 1
0.5237755, 0.3831306, 0.5071365, 1
0.4688286, 0.3858325, 0.5869769, 1
0.5741821, 0.4250842, 0.5592917, 1
0.5746068, 0.4473742, 0.601974, 1
0.570255, 0.4108578, 0.5331572, 1
0.5731962, 0.4216959, 0.6329174, 1
0.5227889, 0.3398321, 0.5356356, 1
0.4869548, 0.4198428, 0.6018049, 1
0.4199189, 0.3930689, 0.5398962, 1
0.6033884, 0.4389486, 0.6524892, 1
0.4269182, 0.3742842, 0.4965506, 1
0.5722358, 0.434317, 0.6268986, 1
0.5590283, 0.4031757, 0.6100283, 1
0.5775605, 0.442731, 0.5428124, 1
0.5429105, 0.4615438, 0.6352633, 1
0.5962762, 0.4783126, 0.6248996, 1
0.5261273, 0.3810878, 0.5237492, 1
0.5439476, 0.3917214, 0.6203085, 1
0.5449898, 0.4282386, 0.5585996, 1
0.5905924, 0.4307497, 0.5948575, 1
0.4212074, 0.3819402, 0.4949399, 1
0.4328188, 0.3338371, 0.5596801, 1
0.6031361, 0.4745756, 0.5936811, 1
0.5478434, 0.3890156, 0.543135, 1
0.4509618, 0.3430324, 0.5257404, 1
0.5631557, 0.4432426, 0.6601434, 1
0.5060094, 0.4579504, 0.6182207, 1
0.508871, 0.4127403, 0.5567555, 1
0.4693455, 0.4266414, 0.5904312, 1
0.4829886, 0.3580417, 0.5770458, 1
0.5559104, 0.5022686, 0.5902988, 1
0.4905745, 0.3982101, 0.474734, 1
0.5367974, 0.3593211, 0.584278, 1
0.4466761, 0.3925829, 0.5649146, 1
0.5732878, 0.4021129, 0.6443673, 1
0.5031733, 0.357114, 0.5596704, 1
0.5134152, 0.4583264, 0.6091803, 1
0.5105956, 0.3701857, 0.5871385, 1
0.5667861, 0.5076021, 0.622741, 1
0.4758697, 0.4090939, 0.4759856, 1
0.484123, 0.4012096, 0.6041762, 1
0.5657141, 0.4126998, 0.5942955, 1
0.5617338, 0.4929423, 0.5769759, 1
0.4881009, 0.4057183, 0.4972247, 1
0.5269083, 0.3958507, 0.592956, 1
0.5081444, 0.3983473, 0.521189, 1
0.5221309, 0.4867889, 0.5956601, 1
0.4648353, 0.3966574, 0.5418967, 1
0.5963418, 0.497368, 0.5900155, 1
0.509334, 0.4590593, 0.5599986, 1
0.5264971, 0.3952185, 0.5834137, 1
0.4958051, 0.4151258, 0.5045316, 1
0.5369146, 0.3949663, 0.6110061, 1
0.5748788, 0.3991281, 0.5850945, 1
0.4970728, 0.3764065, 0.5491641, 1
0.5705245, 0.4020045, 0.582325, 1
0.567166, 0.476586, 0.6008931, 1
0.5795484, 0.4395202, 0.678651, 1
0.4894029, 0.3980075, 0.5358241, 1
0.5295288, 0.4225129, 0.5045482, 1
0.4857251, 0.3618549, 0.5431947, 1
0.4892411, 0.4091477, 0.4951, 1
0.4659554, 0.4078541, 0.4946761, 1
0.5099852, 0.3953063, 0.5682728, 1
0.5489897, 0.4841999, 0.661565, 1
0.5558602, 0.3924939, 0.6285195, 1
0.4465066, 0.4027235, 0.5705878, 1
0.4873832, 0.4256544, 0.6157734, 1
0.4040774, 0.3738803, 0.538104, 1
0.4672909, 0.4517988, 0.5800467, 1
0.5492856, 0.4013375, 0.529664, 1
0.5890054, 0.408817, 0.5664362, 1
0.5535825, 0.4288295, 0.5885352, 1
0.4866642, 0.3720638, 0.4806092, 1
0.4810523, 0.3941246, 0.6065721, 1
0.4933088, 0.3816999, 0.548346, 1
0.5707316, 0.4228917, 0.638506, 1
0.5312592, 0.3772772, 0.5518423, 1
0.49975, 0.3793325, 0.5232937, 1
0.4071925, 0.3688169, 0.5494045, 1
0.5184116, 0.357445, 0.5599059, 1
0.4907576, 0.4373424, 0.5488223, 1
0.5291573, 0.4411457, 0.5426884, 1
0.4450422, 0.3869249, 0.5501915, 1
0.5230383, 0.3969606, 0.4924857, 1
0.573284, 0.5069375, 0.6339704, 1
0.4952717, 0.3690255, 0.4815323, 1
0.5302293, 0.4009032, 0.4953493, 1
0.5218923, 0.4521805, 0.5779439, 1
0.4833004, 0.4071558, 0.5477512, 1
0.5556934, 0.3885132, 0.6261093, 1
0.5496227, 0.4099877, 0.5481684, 1
0.4453397, 0.3579366, 0.5739844, 1
0.576632, 0.473251, 0.6402944, 1
0.593645, 0.4256319, 0.6665105, 1
0.4753778, 0.4128678, 0.493786, 1
0.4396689, 0.3627337, 0.5571231, 1
0.5744019, 0.4035186, 0.5779439, 1
0.5340823, 0.3598952, 0.5169227, 1
0.4130467, 0.3771654, 0.5214414, 1
0.5604025, 0.4504924, 0.5957131, 1
0.5369765, 0.469173, 0.5923, 1
0.4631551, 0.3954596, 0.5628175, 1
0.5616993, 0.3995695, 0.5959131, 1
0.5929653, 0.4042548, 0.6268601, 1
0.4831578, 0.3886099, 0.474831, 1
0.459503, 0.4013766, 0.5449965, 1
0.5222446, 0.4219531, 0.5863314, 1
0.4838969, 0.358375, 0.5507326, 1
0.5812824, 0.4503405, 0.6726977, 1
0.5221372, 0.3823672, 0.5040662, 1
0.5108308, 0.4101775, 0.5505568, 1
0.5221601, 0.4930689, 0.6196117, 1
0.5114412, 0.3836836, 0.5019326, 1
0.5283402, 0.3720113, 0.5208647, 1
0.5655316, 0.5045947, 0.6266373, 1
0.5464847, 0.4803299, 0.6457364, 1
0.4580127, 0.3895633, 0.4807132, 1
0.5380365, 0.4560213, 0.5941049, 1
0.6056119, 0.4859306, 0.5663849, 1
0.5653827, 0.4149592, 0.6494574, 1
0.563285, 0.4892301, 0.588241, 1
0.5417734, 0.3737195, 0.5200568, 1
0.4830958, 0.3099183, 0.5319245, 1
0.5637879, 0.4306291, 0.6113292, 1
0.505695, 0.4741189, 0.6208392, 1
0.4322601, 0.3544743, 0.5334852, 1
0.5175639, 0.4665992, 0.5338111, 1
0.6022345, 0.5110822, 0.5839248, 1
0.5246281, 0.4468586, 0.556003, 1
0.5770074, 0.4509284, 0.6137983, 1
0.4585262, 0.4001412, 0.5059962, 1
0.5597576, 0.4371127, 0.62693, 1
0.5115316, 0.3749693, 0.4980179, 1
0.527472, 0.4740675, 0.5854567, 1
0.6016728, 0.4824199, 0.6061461, 1
0.5468181, 0.3871407, 0.5257847, 1
0.461015, 0.3580865, 0.5021889, 1
0.5305275, 0.4618243, 0.6096741, 1
0.5086764, 0.4473081, 0.5174236, 1
0.5191066, 0.4153085, 0.6423298, 1
0.5041904, 0.4448139, 0.6212307, 1
0.5346187, 0.487193, 0.6254461, 1
0.5067911, 0.4600744, 0.63102, 1
0.6000555, 0.4269101, 0.6190976, 1
0.52318, 0.4282294, 0.5583333, 1
0.5377748, 0.4184804, 0.6413994, 1
0.4644107, 0.3780797, 0.5043882, 1
0.5075777, 0.4265659, 0.5958271, 1
0.4604739, 0.3920976, 0.5271135, 1
0.6077541, 0.4880957, 0.5820752, 1
0.5375491, 0.4695504, 0.610562, 1
0.5353126, 0.4845702, 0.5935403, 1
0.5084776, 0.4296185, 0.5490767, 1
0.4838452, 0.3467059, 0.5049978, 1
0.6247575, 0.4348796, 0.5871806, 1
0.4402892, 0.3632849, 0.5761683, 1
0.4921523, 0.4377405, 0.5422669, 1
0.5157681, 0.4824632, 0.5794587, 1
0.4965887, 0.3835204, 0.47423, 1
0.5091866, 0.4164824, 0.6024526, 1
0.5355311, 0.4014078, 0.5469446, 1
0.5127087, 0.3709315, 0.5866985, 1
0.4726602, 0.3748886, 0.5448102, 1
0.4590247, 0.4236456, 0.544954, 1
0.4958548, 0.3804249, 0.5329232, 1
0.4588996, 0.4434319, 0.5822984, 1
0.5016652, 0.3635741, 0.5420352, 1
0.5116777, 0.3842664, 0.5285769, 1
0.4593638, 0.387317, 0.503753, 1
0.4892047, 0.4563232, 0.5944798, 1
0.6032603, 0.4505956, 0.5792991, 1
0.5799873, 0.4843168, 0.6108224, 1
0.4257981, 0.3661729, 0.5641831, 1
0.5720592, 0.4587998, 0.6733437, 1
0.5164008, 0.4840876, 0.5665982, 1
0.52091, 0.4843538, 0.5632892, 1
0.533609, 0.4208431, 0.5655533, 1
0.5403138, 0.431126, 0.5683652, 1
0.5089796, 0.4500135, 0.5679493, 1
0.4744309, 0.408509, 0.5729319, 1
0.4582465, 0.4298757, 0.5809453, 1
0.5676333, 0.3880541, 0.5981169, 1
0.5282224, 0.3983282, 0.5689583, 1
0.5141919, 0.4509033, 0.5599248, 1
0.5398136, 0.4600811, 0.5524018, 1
0.5315247, 0.4020992, 0.6194668, 1
0.4370134, 0.3989102, 0.5122186, 1
0.402853, 0.3638858, 0.5426778, 1
0.5165346, 0.4091767, 0.5774134, 1
0.487076, 0.332129, 0.5284136, 1
0.5032571, 0.3971717, 0.5877089, 1
0.4995881, 0.4397664, 0.5869339, 1
0.5632101, 0.3867192, 0.5778747, 1
0.5079175, 0.3514688, 0.5335338, 1
0.5402039, 0.3618968, 0.5575219, 1
0.6142617, 0.4797648, 0.5995422, 1
0.4948179, 0.3696767, 0.4652365, 1
0.5784097, 0.4608082, 0.6597683, 1
0.5417842, 0.4732916, 0.6212721, 1
0.4945859, 0.3642366, 0.5039917, 1
0.5018452, 0.3570811, 0.5248132, 1
0.5776845, 0.4114955, 0.6265894, 1
0.477484, 0.4025115, 0.6073501, 1
0.6074163, 0.4381057, 0.6357356, 1
0.5593113, 0.4799364, 0.5435632, 1
0.5261407, 0.4257318, 0.6187229, 1
0.5920703, 0.4514104, 0.5809811, 1
0.5686403, 0.3919538, 0.5905985, 1
0.5390447, 0.4822595, 0.5797747, 1
0.5137246, 0.4630012, 0.5730256, 1
0.4676444, 0.3675866, 0.5096328, 1
0.5765252, 0.4927273, 0.5641082, 1
0.4304599, 0.3791711, 0.5446518, 1
0.5449439, 0.4542372, 0.5951535, 1
0.494758, 0.3482005, 0.5028394, 1
0.459208, 0.33759, 0.5487222, 1
0.4873505, 0.4260024, 0.5422044, 1
0.6064448, 0.4709365, 0.5687798, 1
0.4483316, 0.4154686, 0.5796461, 1
0.5503166, 0.430477, 0.5921414, 1
0.4819643, 0.4207041, 0.6168939, 1
0.5620686, 0.4506463, 0.6356894, 1
0.5647172, 0.3893713, 0.6239087, 1
0.4916554, 0.4001906, 0.5061368, 1
0.5844776, 0.4933044, 0.5935001, 1
0.4768857, 0.441433, 0.5799257, 1
0.5107336, 0.4382219, 0.5189649, 1
0.4894441, 0.4350691, 0.5575845, 1
0.5217924, 0.3562215, 0.5364068, 1
0.5759127, 0.403751, 0.6136044, 1
0.5018104, 0.3483633, 0.5269914, 1
0.547087, 0.3965301, 0.5438337, 1
0.5776021, 0.4313103, 0.6266693, 1
0.4942961, 0.4271546, 0.5554838, 1
0.4274383, 0.3404848, 0.5516829, 1
0.5855152, 0.4135539, 0.5979572, 1
0.6239021, 0.468708, 0.5883568, 1
0.5225551, 0.3789904, 0.563201, 1
0.5710107, 0.4163131, 0.5739416, 1
0.5611196, 0.5030055, 0.6030982, 1
0.5793955, 0.4723509, 0.6430593, 1
0.5600603, 0.3857788, 0.6053927, 1
0.511377, 0.3613994, 0.539184, 1
0.6076059, 0.4735985, 0.5764616, 1
0.4582777, 0.406907, 0.5565146, 1
0.5109218, 0.4602264, 0.6212373, 1
0.5016624, 0.3845052, 0.6009889, 1
0.5798079, 0.4953269, 0.6307115, 1
0.5296543, 0.3749834, 0.5698041, 1
0.5305156, 0.4414262, 0.626904, 1
0.4657131, 0.4253948, 0.5758941, 1
0.4377964, 0.3523897, 0.5733657, 1
0.44438, 0.4217342, 0.5690439, 1
0.4589469, 0.4297485, 0.5614054, 1
0.5459824, 0.4460494, 0.6386687, 1
0.5082343, 0.4389746, 0.5072409, 1
0.524366, 0.4901993, 0.6359777, 1
0.5539052, 0.3795906, 0.5710371, 1
0.5516976, 0.4867093, 0.6540787, 1
0.5035729, 0.3321447, 0.5063218, 1
0.5410254, 0.4718608, 0.5787255, 1
0.5277667, 0.4317271, 0.6402709, 1
0.5104329, 0.3860744, 0.5482664, 1
0.5328885, 0.4673616, 0.5305426, 1
0.5140643, 0.4851132, 0.5735399, 1
0.4977939, 0.4368755, 0.5440271, 1
0.5959141, 0.4667106, 0.6248405, 1
0.5860223, 0.4586353, 0.5977716, 1
0.4641343, 0.3542109, 0.5300512, 1
0.5798338, 0.4403791, 0.6301495, 1
0.6391138, 0.4287088, 0.6122491, 1
0.5069643, 0.4297318, 0.5833198, 1
0.5710928, 0.5067592, 0.6148887, 1
0.5091076, 0.4449345, 0.5490996, 1
0.4895294, 0.4077246, 0.5624545, 1
0.4715302, 0.3506791, 0.5911605, 1
0.6073753, 0.4468025, 0.639932, 1
0.539582, 0.4712605, 0.6600803, 1
0.4817574, 0.4129767, 0.4798884, 1
0.560846, 0.482427, 0.6564417, 1
0.6006968, 0.4196757, 0.5610716, 1
0.554509, 0.4490924, 0.5696095, 1
0.5077375, 0.4576264, 0.5647105, 1
0.5075853, 0.4153876, 0.6208463, 1
0.5900233, 0.4007587, 0.5960732, 1
0.4650072, 0.4487371, 0.5865908, 1
0.5275509, 0.3627619, 0.545017, 1
0.4804387, 0.3543074, 0.5811609, 1
0.4590961, 0.401834, 0.5894956, 1
0.478893, 0.3810597, 0.460274, 1
0.5364808, 0.4421678, 0.6080862, 1
0.4889669, 0.3846325, 0.5959388, 1
0.4758724, 0.3808841, 0.5913797, 1
0.4889361, 0.3635045, 0.5095637, 1
0.5028135, 0.3656697, 0.5014763, 1
0.4920512, 0.4108679, 0.5373773, 1
0.6319695, 0.4386628, 0.5887452, 1
0.5356499, 0.4752786, 0.6202525, 1
0.501125, 0.4321012, 0.5325928, 1
0.4285866, 0.3798924, 0.5142152, 1
0.5121878, 0.3918985, 0.5999894, 1
0.5517297, 0.4817857, 0.6612259, 1
0.5534089, 0.5040551, 0.5760936, 1
0.5130209, 0.3501222, 0.5356082, 1
0.4950534, 0.370721, 0.4998313, 1
0.4472158, 0.351838, 0.5723718, 1
0.5674168, 0.4212478, 0.6605925, 1
0.4856743, 0.4539158, 0.5605918, 1
0.4827638, 0.4429852, 0.561474, 1
0.6114371, 0.4263824, 0.6170176, 1
0.433509, 0.392759, 0.4984906, 1
0.4818297, 0.377057, 0.549978, 1
0.5989608, 0.4686968, 0.607705, 1
0.5035003, 0.3831371, 0.5422204, 1
0.5980914, 0.4578504, 0.627996, 1
0.4787016, 0.4285173, 0.600677, 1
0.4827055, 0.3606834, 0.4757677, 1
0.5460661, 0.5018647, 0.6051268, 1
0.4885737, 0.4282585, 0.6172486, 1
0.5156919, 0.4743957, 0.5873494, 1
0.5634705, 0.4303761, 0.532016, 1
0.4790607, 0.4066769, 0.5667968, 1
0.4931165, 0.4161237, 0.5882233, 1
0.5789723, 0.4273289, 0.5935592, 1
0.5573577, 0.5038487, 0.6328872, 1
0.5348464, 0.4920806, 0.6159407, 1
0.4141594, 0.368235, 0.5164813, 1
0.4856194, 0.3320334, 0.5245266, 1
0.449481, 0.3638258, 0.5003701, 1
0.5515257, 0.4225895, 0.6564493, 1
0.5332968, 0.5044762, 0.6065485, 1
0.548927, 0.5152876, 0.6317856, 1
0.5669064, 0.4367155, 0.6242505, 1
0.4775423, 0.3537937, 0.5336838, 1
0.4994115, 0.3974003, 0.5392743, 1
0.4527377, 0.3952882, 0.5418709, 1
0.4608147, 0.3234829, 0.5393036, 1
0.5970687, 0.4436457, 0.584946, 1
0.5815054, 0.4068769, 0.5462881, 1
0.4299708, 0.3802609, 0.5697888, 1
0.49564, 0.4482746, 0.5382698, 1
0.543189, 0.4387968, 0.5582963, 1
0.5080884, 0.4101751, 0.5013679, 1
0.4889199, 0.36905, 0.4863986, 1
0.5709153, 0.4249264, 0.6267842, 1
0.5941086, 0.5202644, 0.5930506, 1
0.5789044, 0.3851813, 0.6095544, 1
0.5546996, 0.3874066, 0.6042711, 1
0.55739, 0.4409364, 0.6000621, 1
0.5114362, 0.3870189, 0.4780314, 1
0.4748354, 0.3296108, 0.5426388, 1
0.5350563, 0.4310111, 0.5449899, 1
0.5188227, 0.408684, 0.5728668, 1
0.5264133, 0.4896898, 0.6361593, 1
0.6029046, 0.4758073, 0.5910499, 1
0.5827337, 0.4142942, 0.566828, 1
0.5120881, 0.3734163, 0.5827035, 1
0.5691904, 0.4217123, 0.6042128, 1
0.5448271, 0.4256404, 0.6302285, 1
0.4593658, 0.4068551, 0.5128189, 1
0.5694728, 0.3917499, 0.6021458, 1
0.558827, 0.4087358, 0.6284511, 1
0.5658709, 0.4466633, 0.6405171, 1
0.6086112, 0.4061083, 0.6201208, 1
0.496913, 0.4434741, 0.6146321, 1
0.4712619, 0.3934161, 0.6060231, 1
0.5617883, 0.4134855, 0.6077617, 1
0.5551413, 0.4000203, 0.6124886, 1
0.4705099, 0.417219, 0.5686224, 1
0.5823565, 0.4613911, 0.6150232, 1
0.4540046, 0.3770675, 0.5702075, 1
0.4520598, 0.3710044, 0.5174283, 1
0.6236564, 0.4290258, 0.6040663, 1
0.467344, 0.3963966, 0.474229, 1
0.5592926, 0.5035301, 0.6447038, 1
0.5748405, 0.4186904, 0.6302863, 1
0.4762227, 0.3480845, 0.5590485, 1
0.627967, 0.4313895, 0.5854772, 1
0.5746953, 0.4753453, 0.5754266, 1
0.4897892, 0.3482518, 0.5069174, 1
0.5884005, 0.4935039, 0.5819919, 1
0.4876159, 0.3994839, 0.4653243, 1
0.4863617, 0.3140934, 0.5230852, 1
0.4723941, 0.4191212, 0.5420849, 1
0.5561342, 0.4951104, 0.5881743, 1
0.5690236, 0.3849459, 0.5637258, 1
0.5085687, 0.3631671, 0.5940339, 1
0.504828, 0.362914, 0.5894988, 1
0.6048295, 0.4078622, 0.624755, 1
0.5125883, 0.4187224, 0.49757, 1
0.5731348, 0.3985435, 0.6228144, 1
0.4547498, 0.352346, 0.5742973, 1
0.5004805, 0.3933531, 0.5698558, 1
0.4813944, 0.3467516, 0.5727676, 1
0.4462564, 0.3423591, 0.5582609, 1
0.5071504, 0.3677582, 0.5144499, 1
0.6077012, 0.4037971, 0.6178787, 1
0.5659587, 0.4455844, 0.5485085, 1
0.5557745, 0.4772359, 0.6762146, 1
0.6251464, 0.4558811, 0.5824848, 1
0.501506, 0.4717229, 0.5837416, 1
0.5794649, 0.4200024, 0.5731426, 1
0.5231714, 0.3747129, 0.6124814, 1
0.492299, 0.3979093, 0.5903717, 1
0.4530517, 0.3724656, 0.4902009, 1
0.4568208, 0.3945356, 0.536417, 1
0.5757184, 0.5210938, 0.5957525, 1
0.5507498, 0.4495553, 0.5921451, 1
0.5186383, 0.4747072, 0.5517027, 1
0.5186649, 0.4820783, 0.5536691, 1
0.5605951, 0.4849349, 0.6570371, 1
0.5228295, 0.3598915, 0.5162335, 1
0.457108, 0.4005103, 0.5217502, 1
0.4633642, 0.3625288, 0.5940945, 1
0.4490229, 0.3662678, 0.5776581, 1
0.5124719, 0.4809951, 0.6213034, 1
0.5816925, 0.4367642, 0.6292831, 1
0.4944565, 0.3866651, 0.520727, 1
0.5134168, 0.3453884, 0.5657657, 1
0.610832, 0.4718108, 0.5999164, 1
0.5157061, 0.3553279, 0.4867019, 1
0.4484318, 0.3486915, 0.5782406, 1
0.4916207, 0.4307575, 0.5800042, 1
0.6070763, 0.4522024, 0.6287924, 1
0.4957736, 0.4115106, 0.4788617, 1
0.5237803, 0.4288889, 0.5585178, 1
0.5192552, 0.3938684, 0.629751, 1
0.516008, 0.4623815, 0.6355566, 1
0.5264651, 0.3569719, 0.5815969, 1
0.619662, 0.4327791, 0.5995886, 1
0.541072, 0.4213605, 0.6309565, 1
0.5589659, 0.3973635, 0.565909, 1
0.5707181, 0.4301153, 0.5501308, 1
0.4501499, 0.3699763, 0.5117215, 1
0.4869852, 0.436284, 0.529242, 1
0.5695148, 0.4004642, 0.5394563, 1
0.4971884, 0.4726526, 0.5712596, 1
0.5054552, 0.4804965, 0.5653303, 1
0.5072785, 0.4043467, 0.6161336, 1
0.47654, 0.3723629, 0.5400185, 1
0.6073307, 0.4953863, 0.569212, 1
0.5453167, 0.4958503, 0.5817918, 1
0.4635989, 0.3885916, 0.4578691, 1
0.5829433, 0.501817, 0.6198791, 1
0.6078554, 0.4763519, 0.5791859, 1
0.6370222, 0.4486074, 0.6005842, 1
0.5090527, 0.3783159, 0.5494068, 1
0.5740002, 0.41749, 0.6340997, 1
0.4284189, 0.3863881, 0.5095938, 1
0.4834999, 0.3413637, 0.5526791, 1
0.5593472, 0.466117, 0.5749429, 1
0.4786436, 0.330307, 0.5625767, 1
0.5339535, 0.4102243, 0.6410514, 1
0.4887064, 0.3546986, 0.5857035, 1
0.574985, 0.456954, 0.6133698, 1
0.5481561, 0.4302624, 0.6518533, 1
0.5405551, 0.4505706, 0.6459458, 1
0.5490893, 0.421997, 0.5242494, 1
0.4841813, 0.4197147, 0.6197149, 1
0.5536382, 0.4100085, 0.5284377, 1
0.5248319, 0.3843259, 0.5696648, 1
0.4278485, 0.3539192, 0.5457172, 1
0.4921468, 0.3343616, 0.5052483, 1
0.5118169, 0.4773313, 0.5690293, 1
0.6178431, 0.4374831, 0.5955996, 1
0.4844479, 0.3741441, 0.5400276, 1
0.4578226, 0.3799473, 0.5176477, 1
0.5770414, 0.4339282, 0.6420835, 1
0.4503485, 0.3845333, 0.4712338, 1
0.421976, 0.38453, 0.5179368, 1
0.442097, 0.3977954, 0.5712132, 1
0.5089639, 0.4301497, 0.5887801, 1
0.5085992, 0.3829635, 0.5280797, 1
0.6023216, 0.4450012, 0.6361774, 1
0.4538159, 0.3964933, 0.5423524, 1
0.5432199, 0.3979381, 0.5043998, 1
0.5068476, 0.3352277, 0.5368653, 1
0.4564537, 0.3863379, 0.4628865, 1
0.5627877, 0.5028368, 0.643143, 1
0.5249969, 0.3790468, 0.5188507, 1
0.4845505, 0.3434171, 0.5341291, 1
0.5174029, 0.38852, 0.5581504, 1
0.5567968, 0.4334689, 0.6282272, 1
0.5261235, 0.4129655, 0.5401201, 1
0.4841165, 0.4332593, 0.5419365, 1
0.5284599, 0.4881743, 0.6212064, 1
0.5281627, 0.4871574, 0.602952, 1
0.4977842, 0.4491071, 0.5662441, 1
0.5601593, 0.4707801, 0.6013945, 1
0.5654868, 0.3813555, 0.6091636, 1
0.5581567, 0.4623843, 0.6716375, 1
0.4696498, 0.3506802, 0.5147469, 1
0.5389185, 0.4130545, 0.5763792, 1
0.5050106, 0.4706844, 0.6057443, 1
0.4967438, 0.3978075, 0.5927938, 1
0.5457487, 0.4093384, 0.5232363, 1
0.4753702, 0.3471084, 0.5679799, 1
0.5376405, 0.4112542, 0.5218624, 1
0.5416715, 0.4343253, 0.622726, 1
0.5909591, 0.4541492, 0.6284133, 1
0.5616354, 0.4782512, 0.5814169, 1
0.4930526, 0.4447219, 0.5653827, 1
0.563547, 0.3935246, 0.5756573, 1
0.5279317, 0.4265253, 0.5256785, 1
0.4511289, 0.436118, 0.5849596, 1
0.5340227, 0.3827701, 0.5796292, 1
0.5922093, 0.4135977, 0.6527057, 1
0.4612705, 0.3489163, 0.5216802, 1
0.5500233, 0.4825183, 0.5881768, 1
0.564181, 0.5015107, 0.6263862, 1
0.5082008, 0.3731896, 0.5473073, 1
0.6374819, 0.4408347, 0.6042123, 1
0.545741, 0.3908132, 0.533768, 1
0.5391113, 0.4190807, 0.5024363, 1
0.508246, 0.3807364, 0.4753116, 1
0.4774594, 0.4030409, 0.6141822, 1
0.5595086, 0.3896178, 0.6200864, 1
0.4835855, 0.3981618, 0.526926, 1
0.5991442, 0.437665, 0.6493278, 1
0.4853098, 0.4332939, 0.5623865, 1
0.4545528, 0.3658489, 0.4929651, 1
0.4678189, 0.3820888, 0.5582363, 1
0.5302723, 0.372157, 0.5642174, 1
0.5805289, 0.4395363, 0.6223525, 1
0.5360011, 0.4250323, 0.6134104, 1
0.5112825, 0.4036629, 0.5343861, 1
0.4870635, 0.4023808, 0.5042504, 1
0.6076687, 0.4287707, 0.5672031, 1
0.5278723, 0.4813698, 0.6046859, 1
0.594783, 0.4402073, 0.658999, 1
0.5725516, 0.4441965, 0.6153935, 1
0.5326326, 0.4753823, 0.5381478, 1
0.5283394, 0.3802789, 0.5796632, 1
0.5061046, 0.4200821, 0.623651, 1
0.4808866, 0.3687663, 0.4981713, 1
0.491271, 0.3712539, 0.5732303, 1
0.5698019, 0.4208839, 0.6625506, 1
0.5287635, 0.3869489, 0.5466778, 1
0.43791, 0.3838751, 0.5764956, 1
0.4904796, 0.3530254, 0.4715329, 1
0.5390629, 0.3859672, 0.5451547, 1
0.5759715, 0.4441997, 0.5555308, 1
0.5509071, 0.4363084, 0.5513226, 1
0.501686, 0.3263737, 0.496542, 1
0.4685537, 0.4107246, 0.5349352, 1
0.5810497, 0.4446977, 0.6569696, 1
0.4629332, 0.3255779, 0.5695933, 1
0.5963095, 0.4170685, 0.5884, 1
0.5659227, 0.4161791, 0.6372614, 1
0.5641143, 0.4746538, 0.6733963, 1
0.5839155, 0.4591255, 0.6287037, 1
0.5631207, 0.4824043, 0.612919, 1
0.5163424, 0.3912265, 0.481077, 1
0.5354216, 0.3538561, 0.570902, 1
0.4634725, 0.3491102, 0.5747356, 1
0.5367528, 0.4624563, 0.546823, 1
0.5128677, 0.4567916, 0.5870866, 1
0.4948212, 0.3974313, 0.519936, 1
0.5766033, 0.4020942, 0.6169034, 1
0.4839516, 0.3720508, 0.5647065, 1
0.5013421, 0.4584996, 0.5749726, 1
0.5049464, 0.4434954, 0.5647845, 1
0.5407392, 0.4476912, 0.6232218, 1
0.6078234, 0.5009044, 0.5779256, 1
0.5872725, 0.4085744, 0.6487839, 1
0.5643857, 0.3835911, 0.5982655, 1
0.5167835, 0.4582657, 0.5469972, 1
0.5851259, 0.4247866, 0.5899251, 1
0.4985514, 0.3444585, 0.5554065, 1
0.4777765, 0.3844067, 0.6068929, 1
0.5804218, 0.4596221, 0.6213866, 1
0.5711114, 0.4150353, 0.6255935, 1
0.4691978, 0.4373626, 0.567772, 1
0.5430409, 0.4972391, 0.6445369, 1
0.5752599, 0.4139076, 0.5905237, 1
0.4467679, 0.4091584, 0.551353, 1
0.5313815, 0.3697258, 0.5301702, 1
0.5407725, 0.3858862, 0.5546466, 1
0.5259838, 0.4210016, 0.5049728, 1
0.5987033, 0.4185047, 0.6004444, 1
0.5159999, 0.3416446, 0.5097673, 1
0.52518, 0.470509, 0.5592292, 1
0.484396, 0.451939, 0.5979941, 1
0.4832052, 0.3833925, 0.5521121, 1
0.4666943, 0.3297625, 0.5335425, 1
0.4951969, 0.3265615, 0.4954696, 1
0.4539427, 0.3369037, 0.5410356, 1
0.4351255, 0.3496121, 0.5331357, 1
0.5295861, 0.4330353, 0.5125932, 1
0.4321465, 0.3901358, 0.5023671, 1
0.5792991, 0.440237, 0.5800323, 1
0.4389357, 0.369836, 0.5570376, 1
0.5574664, 0.4700935, 0.5757974, 1
0.5549631, 0.3968623, 0.5629579, 1
0.5441434, 0.3967109, 0.6113278, 1
0.5672502, 0.4791982, 0.6041616, 1
0.5964089, 0.4174661, 0.5607748, 1
0.4693238, 0.3250491, 0.5328216, 1
0.6267683, 0.4511995, 0.5880393, 1
0.5592843, 0.4248472, 0.6040648, 1
0.5429439, 0.4496684, 0.5478446, 1
0.4688595, 0.4376375, 0.5612537, 1
0.5690836, 0.4540919, 0.6046584, 1
0.4983588, 0.3793532, 0.5303977, 1
0.5037358, 0.4161081, 0.6221257, 1
0.5942124, 0.4310847, 0.6080701, 1
0.5938418, 0.4456914, 0.6531307, 1
0.5415892, 0.3754175, 0.6105558, 1
0.4798417, 0.3482378, 0.5481237, 1
0.5659333, 0.4315408, 0.6055858, 1
0.5588464, 0.4808383, 0.6648395, 1
0.6186973, 0.4675427, 0.5932964, 1
0.4596177, 0.3399746, 0.5775344, 1
0.5415321, 0.4053987, 0.5417237, 1
0.6276397, 0.440154, 0.5996476, 1
0.5029928, 0.4498075, 0.5301187, 1
0.4619053, 0.3794742, 0.5427145, 1
0.532747, 0.4611132, 0.6205243, 1
0.4592339, 0.3874652, 0.5795844, 1
0.5452138, 0.4375866, 0.5419983, 1
0.5034374, 0.3617714, 0.5495219, 1
0.5067632, 0.4454445, 0.613509, 1
0.4943829, 0.4627972, 0.5653055, 1
0.4799674, 0.4350881, 0.6032762, 1
0.5309772, 0.3605096, 0.5266438, 1
0.5586504, 0.4578145, 0.5563336, 1
0.59263, 0.4611777, 0.5944272, 1
0.5133329, 0.3530938, 0.5338117, 1
0.4395959, 0.3962637, 0.4891072, 1
0.5327882, 0.3696228, 0.5151193, 1
0.5040264, 0.3655852, 0.5044639, 1
0.4344883, 0.3759432, 0.5246746, 1
0.5275737, 0.396706, 0.5293013, 1
0.5069942, 0.4449889, 0.5895053, 1
0.4630038, 0.3994711, 0.5732646, 1
0.5136681, 0.3915522, 0.5052671, 1
0.5434501, 0.4430469, 0.6482968, 1
0.4013575, 0.3716254, 0.5476861, 1
0.4250836, 0.375457, 0.5180218, 1
0.4820095, 0.3231881, 0.5153769, 1
0.5612411, 0.4075602, 0.5881228, 1
0.5813994, 0.4247222, 0.573141, 1
0.5292055, 0.4686003, 0.5909715, 1
0.5003928, 0.3501245, 0.5832302, 1
0.5339635, 0.4573455, 0.5414045, 1
0.5002782, 0.3814386, 0.5251715, 1
0.4802146, 0.3737422, 0.4877769, 1
0.4590497, 0.4219918, 0.5534247, 1
0.5394084, 0.4440354, 0.5420406, 1
0.5904413, 0.4151533, 0.5842491, 1
0.5161574, 0.4893648, 0.5791304, 1
0.4126359, 0.3600572, 0.5598599, 1
0.4572169, 0.4369023, 0.5761093, 1
0.4859941, 0.3928258, 0.4942879, 1
0.4919267, 0.4437016, 0.5551487, 1
0.6034333, 0.4089529, 0.6116009, 1
0.4473065, 0.3901205, 0.5595471, 1
0.5577093, 0.4082248, 0.6351472, 1
0.4950752, 0.4731848, 0.5720059, 1
0.609482, 0.4452808, 0.6275944, 1
0.5310686, 0.4205794, 0.602791, 1
0.4751275, 0.4111333, 0.5191365, 1
0.5747464, 0.4252027, 0.6301804, 1
0.5934777, 0.4727543, 0.5798415, 1
0.5080967, 0.3422419, 0.5611185, 1
0.5487379, 0.4738657, 0.5953114, 1
0.5813518, 0.4439683, 0.5884356, 1
0.5701047, 0.4617111, 0.5628197, 1
0.6052603, 0.4337306, 0.6019822, 1
0.5167717, 0.3990414, 0.5423112, 1
0.5110978, 0.4153326, 0.5592638, 1
0.5361767, 0.4333558, 0.5771489, 1
0.5316026, 0.4065227, 0.6351013, 1
0.4623012, 0.3674777, 0.5671309, 1
0.5437546, 0.3975799, 0.569578, 1
0.6218441, 0.4612533, 0.6034094, 1
0.5446213, 0.4467776, 0.5158183, 1
0.5066555, 0.4112515, 0.4948321, 1
0.5865989, 0.4249681, 0.6539977, 1
0.4673211, 0.4453336, 0.5948808, 1
0.4826904, 0.4221754, 0.6005487, 1
0.5960758, 0.4826031, 0.6186805, 1
0.5929767, 0.4181778, 0.5804827, 1
0.5355971, 0.467871, 0.5654228, 1
0.5429776, 0.4983405, 0.6298454, 1
0.4854008, 0.3878001, 0.5343047, 1
0.573094, 0.3862643, 0.5827105, 1
0.4752045, 0.4189584, 0.5331792, 1
0.5682985, 0.506806, 0.6071244, 1
0.5869067, 0.4411003, 0.6529597, 1
0.4852539, 0.3658214, 0.5136482, 1
0.518264, 0.4360675, 0.5306, 1
0.4949464, 0.3295039, 0.5252743, 1
0.5452687, 0.4167007, 0.6528397, 1
0.4302219, 0.3710629, 0.5281562, 1
0.5833093, 0.3908286, 0.6220315, 1
0.5375547, 0.4561956, 0.5904643, 1
0.6112723, 0.4520989, 0.587946, 1
0.4545271, 0.3464552, 0.512929, 1
0.4805821, 0.3900993, 0.4574604, 1
0.5479996, 0.4363652, 0.5299812, 1
0.5047124, 0.4824049, 0.5906103, 1
0.5885716, 0.4430253, 0.6517813, 1
0.56693, 0.4680729, 0.5452171, 1
0.5653872, 0.3886869, 0.5634817, 1
0.5272108, 0.4247896, 0.5010898, 1
0.5572771, 0.4524695, 0.652983, 1
0.5413648, 0.4624804, 0.6400259, 1
0.558076, 0.4583465, 0.6229275, 1
0.4827821, 0.381922, 0.504866, 1
0.5887453, 0.4583835, 0.5810025, 1
0.4397478, 0.3919401, 0.4938805, 1
0.6016377, 0.4461159, 0.6197922, 1
0.5261238, 0.434646, 0.5870807, 1
0.4838375, 0.3644521, 0.4634154, 1
0.5091487, 0.489239, 0.6002695, 1
0.4908415, 0.4731648, 0.5717655, 1
0.5298502, 0.477314, 0.6405273, 1
0.5104923, 0.4159623, 0.604889, 1
0.5085986, 0.4606075, 0.6227877, 1
0.5619174, 0.4214996, 0.5602661, 1
0.50609, 0.3505374, 0.5091788, 1
0.4860069, 0.4248824, 0.5067462, 1
0.4881232, 0.3546987, 0.4887392, 1
0.4801206, 0.4506833, 0.6050155, 1
0.5516148, 0.3772126, 0.5244632, 1
0.5756122, 0.4526993, 0.5416157, 1
0.4414563, 0.4126415, 0.5591656, 1
0.5391532, 0.4192796, 0.6432678, 1
0.6018871, 0.4915817, 0.6054892, 1
0.4916716, 0.4551214, 0.5556881, 1
0.5304713, 0.3655947, 0.5988414, 1
0.508485, 0.4348451, 0.5894908, 1
0.5707821, 0.4524531, 0.6660872, 1
0.547384, 0.4552439, 0.5809054, 1
0.4901809, 0.3596973, 0.4935086, 1
0.5669156, 0.4072398, 0.541688, 1
0.5318308, 0.3648314, 0.5709674, 1
0.511485, 0.3493531, 0.5115612, 1
0.4912524, 0.3994024, 0.5258805, 1
0.5465294, 0.4166705, 0.5779135, 1
0.5434118, 0.4934646, 0.5722173, 1
0.5159445, 0.3449089, 0.5743167, 1
0.4131862, 0.351223, 0.5494832, 1
0.5421349, 0.4210406, 0.5614142, 1
0.4639867, 0.3514696, 0.5004618, 1
0.5676522, 0.4612825, 0.6040138, 1
0.492576, 0.3585354, 0.5743561, 1
0.5588564, 0.4156645, 0.6029905, 1
0.5898237, 0.4944651, 0.5827752, 1
0.5376459, 0.3737293, 0.5692852, 1
0.5343949, 0.376698, 0.5019284, 1
0.5955716, 0.4008541, 0.622393, 1
0.5064806, 0.441061, 0.6074708, 1
0.5377347, 0.43962, 0.5796261, 1
0.5438706, 0.3947628, 0.5560701, 1
0.4727499, 0.4181959, 0.5239127, 1
0.4497581, 0.3739616, 0.499206, 1
0.5393111, 0.4063792, 0.5837447, 1
0.609858, 0.4466544, 0.5944816, 1
0.52573, 0.4155341, 0.644349, 1
0.5302799, 0.4187412, 0.4971597, 1
0.5680363, 0.4239169, 0.633375, 1
0.5096104, 0.3548386, 0.4938597, 1
0.4364363, 0.4131013, 0.5811832, 1
0.5400155, 0.4477586, 0.5714229, 1
0.5753543, 0.4476619, 0.6363809, 1
0.4521759, 0.3544574, 0.5818884, 1
0.4554836, 0.424486, 0.5545649, 1
0.5420509, 0.4390188, 0.5957432, 1
0.5475399, 0.5043864, 0.5852367, 1
0.5583696, 0.4810871, 0.553436, 1
0.5713651, 0.4329875, 0.5675839, 1
0.465809, 0.4308402, 0.5531091, 1
0.5598839, 0.4816522, 0.5736544, 1
0.5673659, 0.4260152, 0.5322003, 1
0.5613378, 0.4125823, 0.5855589, 1
0.5613657, 0.4560768, 0.5741094, 1
0.4583164, 0.3299258, 0.5447757, 1
0.5264121, 0.4085596, 0.6010584, 1
0.550217, 0.4392879, 0.5563928, 1
0.515994, 0.472916, 0.5493341, 1
0.4849396, 0.3846804, 0.506001, 1
0.5197139, 0.4404516, 0.5464324, 1
0.45503, 0.3559614, 0.5907142, 1
0.5585598, 0.3762679, 0.5915546, 1
0.5073605, 0.4059452, 0.5852896, 1
0.4488035, 0.3791095, 0.5873077, 1
0.599783, 0.449607, 0.5777781, 1
0.5849182, 0.4752013, 0.6180789, 1
0.4813709, 0.4401166, 0.5588961, 1
0.4796413, 0.38444, 0.5923924, 1
0.4609994, 0.4044164, 0.5084969, 1
0.4933929, 0.3503804, 0.5326716, 1
0.5358116, 0.3972624, 0.6145419, 1
0.6135001, 0.449591, 0.6079083, 1
0.4758103, 0.4343113, 0.5466108, 1
0.5311733, 0.416739, 0.4979129, 1
0.4508742, 0.4133107, 0.5319776, 1
0.5412741, 0.4736989, 0.6331559, 1
0.554197, 0.4608538, 0.5780951, 1
0.5669566, 0.4380954, 0.6370721, 1
0.5221338, 0.3688915, 0.5164659, 1
0.4235567, 0.3800691, 0.5101265, 1
0.4761576, 0.4187864, 0.5281109, 1
0.515348, 0.4622065, 0.6198418, 1
0.5114223, 0.4477952, 0.6356648, 1
0.5415583, 0.3915976, 0.5372463, 1
0.4902361, 0.4233508, 0.5036557, 1
0.4825318, 0.4588097, 0.5731255, 1
0.55213, 0.4515501, 0.5303367, 1
0.4980145, 0.4251374, 0.597221, 1
0.5944551, 0.5129332, 0.6008825, 1
0.5440992, 0.3937439, 0.514203, 1
0.4822901, 0.3811241, 0.6081354, 1
0.5492201, 0.4793864, 0.6084486, 1
0.5326949, 0.3559194, 0.5742691, 1
0.4573276, 0.385824, 0.5637099, 1
0.5760726, 0.4860578, 0.595324, 1
0.4247459, 0.3666142, 0.5277672, 1
0.5478959, 0.4030355, 0.5324142, 1
0.4226016, 0.3580188, 0.5481017, 1
0.5132086, 0.4243055, 0.5539191, 1
0.4277025, 0.3769447, 0.5749863, 1
0.4959683, 0.374746, 0.5323771, 1
0.5476896, 0.4500825, 0.6275492, 1
0.5697098, 0.3878282, 0.5704422, 1
0.5807747, 0.4436061, 0.6589354, 1
0.6095099, 0.4052313, 0.6248088, 1
0.4887154, 0.3656597, 0.5633425, 1
0.6163084, 0.4699102, 0.5844371, 1
0.5262238, 0.4290977, 0.5582986, 1
0.5321479, 0.4478537, 0.6332926, 1
0.5336223, 0.4517788, 0.5338621, 1
0.5868965, 0.4511795, 0.5728264, 1
0.5485019, 0.4718947, 0.6314948, 1
0.5078025, 0.4174176, 0.6109774, 1
0.4927097, 0.3552344, 0.5873526, 1
0.5332577, 0.4433898, 0.573948, 1
0.5068051, 0.3863521, 0.5866624, 1
0.5105327, 0.4829972, 0.5643301, 1
0.4957295, 0.4514065, 0.5711612, 1
0.5524096, 0.4231105, 0.552794, 1
0.5494715, 0.4901299, 0.6326644, 1
0.5329038, 0.3536811, 0.5622483, 1
0.5406303, 0.4272912, 0.5090319, 1
0.5950595, 0.476656, 0.5949717, 1
0.4724805, 0.3745232, 0.5951005, 1
0.4330787, 0.3786086, 0.4990103, 1
0.5329876, 0.4481187, 0.6378248, 1
0.5284296, 0.4509492, 0.5859246, 1
0.4732648, 0.4210867, 0.553811, 1
0.5427958, 0.5066471, 0.6273767, 1
0.5539595, 0.4065205, 0.5263408, 1
0.4323833, 0.3782316, 0.4871023, 1
0.5240404, 0.3902434, 0.5881598, 1
0.547674, 0.4180225, 0.6100058, 1
0.5364692, 0.4068191, 0.5686709, 1
0.4340926, 0.4022385, 0.5311921, 1
0.5078402, 0.399245, 0.6099284, 1
0.5501872, 0.3812148, 0.5885601, 1
0.5157525, 0.473811, 0.5463002, 1
0.5349678, 0.3626322, 0.5548895, 1
0.506, 0.4097668, 0.5921751, 1
0.5485454, 0.4720466, 0.549191, 1
0.5319045, 0.4849617, 0.5871889, 1
0.4999756, 0.3835718, 0.4966498, 1
0.5072671, 0.4321019, 0.5924495, 1
0.5472906, 0.4200684, 0.6438328, 1
0.5730043, 0.4211349, 0.657856, 1
0.5601809, 0.3985822, 0.572823, 1
0.5016403, 0.4188219, 0.5308838, 1
0.5378551, 0.4825591, 0.6302908, 1
0.4960129, 0.3815704, 0.5196157, 1
0.4994145, 0.3988921, 0.5454692, 1
0.5347539, 0.4412552, 0.5395424, 1
0.5497997, 0.4341757, 0.5970733, 1
0.5945147, 0.4454987, 0.6582088, 1
0.4814694, 0.3851892, 0.6091899, 1
0.5018728, 0.4555343, 0.6061401, 1
0.5282772, 0.4466735, 0.5868506, 1
0.5688753, 0.4464603, 0.5720635, 1
0.5525095, 0.400439, 0.5552241, 1
0.5256742, 0.3882345, 0.6035028, 1
0.6244969, 0.4430023, 0.5908434, 1
0.4774069, 0.3466515, 0.5113699, 1
0.5265393, 0.3671992, 0.518952, 1
0.4803443, 0.4301954, 0.5800846, 1
0.5055294, 0.3877422, 0.5411685, 1
0.6092248, 0.419244, 0.6019751, 1
0.4819648, 0.4433552, 0.6083746, 1
0.5059973, 0.4602429, 0.5416589, 1
0.6102526, 0.4586084, 0.61321, 1
0.5471993, 0.4272328, 0.6076013, 1
0.4358488, 0.3535047, 0.5590371, 1
0.4364667, 0.3914722, 0.5168815, 1
0.5368729, 0.4291046, 0.5533261, 1
0.5676491, 0.4692845, 0.5999654, 1
0.4990266, 0.4730144, 0.6160372, 1
0.5398589, 0.387012, 0.5631979, 1
0.4871697, 0.3581337, 0.5181621, 1
0.4679675, 0.3974819, 0.5169152, 1
0.4346383, 0.4132663, 0.5674781, 1
0.5365865, 0.4365308, 0.6268888, 1
0.5842749, 0.3976031, 0.5757428, 1
0.4920732, 0.3335553, 0.5093374, 1
0.5632693, 0.3731678, 0.5729122, 1
0.4954583, 0.3998168, 0.5030295, 1
0.6052147, 0.4115999, 0.6007856, 1
0.5373669, 0.3554489, 0.5489699, 1
0.5635822, 0.4453598, 0.5976335, 1
0.460567, 0.4474248, 0.5842595, 1
0.5698754, 0.4734633, 0.5907269, 1
0.5556083, 0.4203618, 0.5622328, 1
0.5653171, 0.4439563, 0.5915862, 1
0.5781852, 0.4896671, 0.5830071, 1
0.4888344, 0.3976981, 0.6065914, 1
0.5725151, 0.4368666, 0.5354102, 1
0.5630083, 0.4645045, 0.6367205, 1
0.4730283, 0.4469157, 0.568499, 1
0.4374352, 0.3329451, 0.5568645, 1
0.5712521, 0.4981192, 0.6432444, 1
0.5378961, 0.392282, 0.6062663, 1
0.5610441, 0.4294502, 0.6297352, 1
0.5326141, 0.4400231, 0.5194531, 1
0.4886917, 0.3638378, 0.4870664, 1
0.4620377, 0.3651374, 0.5367221, 1
0.5716724, 0.4807923, 0.60504, 1
0.5002226, 0.4211768, 0.5794014, 1
0.5485182, 0.444619, 0.5974168, 1
0.4874786, 0.4364777, 0.5887864, 1
0.574689, 0.4579357, 0.6600632, 1
0.4875278, 0.3472196, 0.4881343, 1
0.4989364, 0.401985, 0.5890044, 1
0.5305688, 0.4614482, 0.616194, 1
0.5990312, 0.4881529, 0.6136158, 1
0.5108747, 0.456616, 0.5368558, 1
0.5190578, 0.3993511, 0.526332, 1
0.606063, 0.4858467, 0.5907398, 1
0.5576125, 0.4434888, 0.6093761, 1
0.4902555, 0.3612804, 0.4727007, 1
0.4910492, 0.3803959, 0.5835317, 1
0.4476202, 0.3954052, 0.5152832, 1
0.576928, 0.4991846, 0.6038533, 1
0.5252975, 0.3841209, 0.5659395, 1
0.5783196, 0.4812362, 0.5789406, 1
0.4701624, 0.3585526, 0.5586107, 1
0.5365112, 0.4023231, 0.5127304, 1
0.5497149, 0.4927798, 0.5687445, 1
0.5945339, 0.4974568, 0.5793121, 1
0.5211874, 0.4024639, 0.5801824, 1
0.4855322, 0.4207982, 0.511948, 1
0.4710398, 0.3290547, 0.5314046, 1
0.5331662, 0.4695871, 0.5763788, 1
0.5178164, 0.4602777, 0.6053326, 1
0.5315588, 0.4981862, 0.6240955, 1
0.5920289, 0.420036, 0.5912914, 1
0.4895033, 0.4590942, 0.5749554, 1
0.5566853, 0.3918729, 0.6325269, 1
0.5612565, 0.460512, 0.5648074, 1
0.5585763, 0.4475478, 0.6218266, 1
0.5482378, 0.4403499, 0.5735188, 1
0.5064451, 0.4109442, 0.5784259, 1
0.510558, 0.3531314, 0.5157377, 1
0.467965, 0.3183524, 0.5449334, 1
0.5604417, 0.4893947, 0.6161048, 1
0.4642976, 0.3716332, 0.560065, 1
0.5494089, 0.4429916, 0.6000115, 1
0.5597307, 0.5167397, 0.602473, 1
0.4718798, 0.4264921, 0.5763571, 1
0.4886601, 0.3704151, 0.4591616, 1
0.5513105, 0.4769719, 0.5678083, 1
0.4932751, 0.345765, 0.5073991, 1
0.5829953, 0.4218552, 0.6312846, 1
0.6254624, 0.4187639, 0.6206888, 1
0.4841667, 0.3149827, 0.53141, 1
0.4644474, 0.4207375, 0.5381972, 1
0.4762381, 0.3551024, 0.5726624, 1
0.4731631, 0.3330977, 0.5355049, 1
0.6017951, 0.4223386, 0.6370378, 1
0.4585965, 0.3871212, 0.5046746, 1
0.6098086, 0.4234186, 0.6568115, 1
0.5019236, 0.3386084, 0.5163733, 1
0.4520896, 0.3487476, 0.5465324, 1
0.5118508, 0.3920921, 0.4828871, 1
0.5577235, 0.4425538, 0.617896, 1
0.5591595, 0.3914047, 0.5973256, 1
0.6133717, 0.4420462, 0.6174807, 1
0.4785894, 0.4273428, 0.608228, 1
0.5454021, 0.4206994, 0.5691782, 1
0.5840414, 0.452766, 0.5783281, 1
0.4750004, 0.4314462, 0.5391505, 1
0.5319287, 0.4285473, 0.5769055, 1
0.5206254, 0.4468178, 0.5069034, 1
0.5434939, 0.4742383, 0.6318918, 1
0.5130139, 0.4660368, 0.5449114, 1
0.4623806, 0.3602702, 0.5301353, 1
0.5865294, 0.5232583, 0.604929, 1
0.5549521, 0.4819833, 0.5646788, 1
0.5602692, 0.4713967, 0.5860933, 1
0.5107794, 0.462143, 0.6275905, 1
0.5955319, 0.5075926, 0.5829687, 1
0.5870513, 0.4179538, 0.6195205, 1
0.6222641, 0.4698401, 0.5739088, 1
0.5043502, 0.3598289, 0.4823442, 1
0.4317731, 0.3935284, 0.5370223, 1
0.533942, 0.4697143, 0.6477224, 1
0.4982957, 0.4144265, 0.578871, 1
0.5654482, 0.4420878, 0.6479978, 1
0.5256377, 0.3977621, 0.5134, 1
0.5767525, 0.4638946, 0.5587977, 1
0.4865362, 0.3923253, 0.5960003, 1
0.500267, 0.458978, 0.55536, 1
0.5239034, 0.3777604, 0.5992708, 1
0.467237, 0.347026, 0.525079, 1
0.5131071, 0.412126, 0.6131266, 1
0.5339895, 0.3874944, 0.5784178, 1
0.5586076, 0.4148512, 0.5814926, 1
0.5107542, 0.3918112, 0.5497072, 1
0.5647528, 0.4392273, 0.5672234, 1
0.5197569, 0.4321174, 0.6061893, 1
0.5439355, 0.4324333, 0.6439815, 1
0.5133275, 0.390223, 0.4893299, 1
0.4949768, 0.3952664, 0.5015353, 1
0.5893555, 0.4267509, 0.6420557, 1
0.6126232, 0.4231395, 0.576378, 1
0.5397451, 0.369315, 0.5271515, 1
0.4503755, 0.3390863, 0.5357661, 1
0.499092, 0.3449122, 0.5309353, 1
0.5057951, 0.4332326, 0.6012244, 1
0.4884397, 0.4779502, 0.5796864, 1
0.5044358, 0.4077384, 0.5995883, 1
0.5578712, 0.5018899, 0.6008729, 1
0.612613, 0.4309748, 0.6205365, 1
0.6268278, 0.4470912, 0.5951366, 1
0.5001127, 0.3328953, 0.550361, 1
0.5700914, 0.4933522, 0.6163594, 1
0.5339477, 0.4718031, 0.6461844, 1
0.5083404, 0.4437394, 0.6304148, 1
0.4800847, 0.4196109, 0.547259, 1
0.5393131, 0.5062811, 0.6347479, 1
0.5159047, 0.4442561, 0.5159729, 1
0.5955216, 0.4716947, 0.5774612, 1
0.4822409, 0.4177898, 0.5690126, 1
0.5659019, 0.3761961, 0.5848826, 1
0.4181547, 0.372021, 0.5162494, 1
0.4601855, 0.3916401, 0.5484194, 1
0.5229334, 0.4864429, 0.6317108, 1
0.5923239, 0.4083863, 0.5583153, 1
0.5888012, 0.4852132, 0.6189023, 1
0.6103894, 0.4286967, 0.6122693, 1
0.5950851, 0.4294719, 0.630825, 1
0.44786, 0.3485732, 0.567221, 1
0.5153472, 0.4463161, 0.5435418, 1
0.5332206, 0.3908575, 0.6217844, 1
0.5796876, 0.4642026, 0.5815608, 1
0.4739079, 0.3670348, 0.5153997, 1
0.4829939, 0.4253944, 0.6176758, 1
0.4768956, 0.367107, 0.4618677, 1
0.5411304, 0.4288303, 0.5710197, 1
0.553467, 0.5004372, 0.5900343, 1
0.4679505, 0.3577095, 0.5956396, 1
0.5915962, 0.4557512, 0.546626, 1
0.5056576, 0.367593, 0.5802382, 1
0.5673279, 0.395932, 0.6080173, 1
0.5013734, 0.3579361, 0.4825861, 1
0.6030607, 0.4448498, 0.6048996, 1
0.5554707, 0.4483727, 0.5535251, 1
0.5000947, 0.4502192, 0.5813671, 1
0.4399512, 0.3791855, 0.4765102, 1
0.4715919, 0.3721156, 0.5940179, 1
0.5308564, 0.4569642, 0.5562291, 1
0.6099561, 0.4488254, 0.5804656, 1
0.6185492, 0.4331126, 0.5877953, 1
0.6110334, 0.476811, 0.601561, 1
0.5136892, 0.4448978, 0.5566973, 1
0.4482779, 0.3293, 0.5462903, 1
0.6070343, 0.4677793, 0.6026571, 1
0.5496569, 0.4525619, 0.6574693, 1
0.4473508, 0.3774107, 0.5598177, 1
0.6123502, 0.4412129, 0.6360015, 1
0.5947386, 0.4473684, 0.5672309, 1
0.4971699, 0.3509341, 0.5580469, 1
0.4948262, 0.3845663, 0.5896462, 1
0.5967023, 0.4067608, 0.6156541, 1
0.5787562, 0.4540083, 0.6714551, 1
0.5344213, 0.4049633, 0.5398739, 1
0.6203704, 0.4545288, 0.60213, 1
0.6154007, 0.4517746, 0.6175439, 1
0.5182229, 0.4343004, 0.5176371, 1
0.4199479, 0.3579617, 0.5661918, 1
0.5155936, 0.4493526, 0.6136493, 1
0.5257666, 0.3843459, 0.5543345, 1
0.4776822, 0.3845517, 0.4625704, 1
0.4841727, 0.349395, 0.5706623, 1
0.5139271, 0.4219936, 0.6312947, 1
0.5786793, 0.4555893, 0.671554, 1
0.5295903, 0.3871891, 0.5878992, 1
0.5012079, 0.4289983, 0.5507077, 1
0.510208, 0.3365383, 0.4999931, 1
0.4730926, 0.4368574, 0.5825577, 1
0.6100132, 0.4179229, 0.6242298, 1
0.5041203, 0.3713763, 0.4773499, 1
0.5510718, 0.4121544, 0.5707911, 1
0.6118354, 0.4312136, 0.622577, 1
0.5280086, 0.3737953, 0.5793072, 1
0.5130498, 0.4385442, 0.5190462, 1
0.4948414, 0.3822646, 0.4738715, 1
0.4470598, 0.3278678, 0.5688657, 1
0.5078892, 0.4818051, 0.6133005, 1
0.5298098, 0.4752394, 0.5696685, 1
0.448519, 0.3756084, 0.5807152, 1
0.5024635, 0.4069699, 0.6298141, 1
0.4616272, 0.4133531, 0.5640563, 1
0.4690477, 0.4260113, 0.5364998, 1
0.5861489, 0.4628344, 0.5610129, 1
0.5803013, 0.5077755, 0.5837919, 1
0.5017064, 0.3670806, 0.5914828, 1
0.5688151, 0.4192682, 0.5694543, 1
0.6253645, 0.479751, 0.5784032, 1
0.5480548, 0.4567865, 0.5955153, 1
0.5447612, 0.4460532, 0.6211809, 1
0.5415787, 0.3963972, 0.5069986, 1
0.5397995, 0.4636727, 0.5387661, 1
0.5224618, 0.4418304, 0.6210974, 1
0.5555352, 0.5174736, 0.6076053, 1
0.4573554, 0.3804186, 0.516879, 1
0.6035043, 0.4996715, 0.5776606, 1
0.5189945, 0.3939084, 0.6221839, 1
0.6191329, 0.4422148, 0.6199681, 1
0.539647, 0.3983991, 0.6039063, 1
0.4703203, 0.3651827, 0.5125765, 1
0.4720643, 0.4379896, 0.5583329, 1
0.5264499, 0.4928204, 0.5909036, 1
0.5300762, 0.4473598, 0.559639, 1
0.4940923, 0.4451776, 0.5589615, 1
0.5361503, 0.4806696, 0.5969852, 1
0.48852, 0.3824264, 0.4701286, 1
0.5157485, 0.4151314, 0.592827, 1
0.5228392, 0.441049, 0.5071997, 1
0.5721976, 0.477013, 0.627121, 1
0.5582715, 0.4571431, 0.5898864, 1
0.5562202, 0.3909866, 0.6257995, 1
0.4415563, 0.3570755, 0.5800085, 1
0.4913846, 0.3930432, 0.609831, 1
0.4308965, 0.4039451, 0.5755634, 1
0.4906734, 0.3403547, 0.4776037, 1
0.514425, 0.4375414, 0.5103948, 1
0.469183, 0.3492009, 0.5270823, 1
0.5728986, 0.4460077, 0.5344715, 1
0.4725834, 0.3965234, 0.5029514, 1
0.5518994, 0.4491631, 0.5871499, 1
0.5549427, 0.5093601, 0.6535985, 1
0.5121692, 0.4670411, 0.6384531, 1
0.5507645, 0.3675628, 0.5904743, 1
0.5770909, 0.4397204, 0.5620744, 1
0.4894364, 0.3909164, 0.4993243, 1
0.5391579, 0.3606398, 0.5852742, 1
0.4648311, 0.3881432, 0.5791776, 1
0.4745884, 0.3586321, 0.552626, 1
0.4865464, 0.3824985, 0.5708505, 1
0.5408158, 0.4741669, 0.5720714, 1
0.4648225, 0.4222201, 0.5364832, 1
0.5147688, 0.4618538, 0.5842265, 1
0.5535032, 0.4708771, 0.575187, 1
0.4752962, 0.3581297, 0.5795922, 1
0.5017831, 0.3879461, 0.4957854, 1
0.5521432, 0.4800487, 0.5516004, 1
0.4624715, 0.4019633, 0.5032029, 1
0.4681827, 0.3654489, 0.5527182, 1
0.6096289, 0.4318494, 0.6225815, 1
0.528156, 0.3728892, 0.4972879, 1
0.5193027, 0.4179686, 0.585921, 1
0.5142382, 0.3648919, 0.5684371, 1
0.6153957, 0.4250062, 0.628994, 1
0.5208362, 0.4106932, 0.4953874, 1
0.5525317, 0.411241, 0.5732239, 1
0.4473726, 0.4220137, 0.5640455, 1
0.5029307, 0.3476588, 0.4896508, 1
0.5073976, 0.3421, 0.5185743, 1
0.4838703, 0.4459524, 0.5521241, 1
0.5623927, 0.4006549, 0.6228573, 1
0.4882424, 0.3335167, 0.5053513, 1
0.5469497, 0.3717344, 0.5514855, 1
0.5674445, 0.3878688, 0.5632177, 1
0.5602491, 0.419289, 0.6544048, 1
0.4943238, 0.3628907, 0.4937993, 1
0.5495111, 0.5038038, 0.5820838, 1
0.5543328, 0.4085244, 0.5465322, 1
0.4041249, 0.3621235, 0.5378448, 1
0.5400379, 0.4184897, 0.537383, 1
0.5338287, 0.4532973, 0.5784773, 1
0.5098737, 0.4541903, 0.5320447, 1
0.5538616, 0.3998821, 0.6141748, 1
0.5186681, 0.4758168, 0.6375734, 1
0.4687087, 0.4056298, 0.5437397, 1
0.4963714, 0.3649232, 0.5301719, 1
0.5183617, 0.4754797, 0.5930889, 1
0.473528, 0.4136535, 0.5122549, 1
0.5248884, 0.475169, 0.6288373, 1
0.4814709, 0.3504956, 0.5787413, 1
0.4752481, 0.3853093, 0.5112884, 1
0.492504, 0.4199725, 0.6028164, 1
0.5482517, 0.4966634, 0.5888726, 1
0.5308556, 0.3588974, 0.5326715, 1
0.5601504, 0.4261276, 0.6087512, 1
0.4285686, 0.3581734, 0.5287709, 1
0.5693661, 0.4075612, 0.5338222, 1
0.4309272, 0.3992075, 0.5592625, 1
0.5831714, 0.4513704, 0.6508034, 1
0.584426, 0.4677161, 0.5989985, 1
0.4816257, 0.433038, 0.5691532, 1
0.622574, 0.4471971, 0.5725365, 1
0.5950876, 0.4654116, 0.6096908, 1
0.5903396, 0.5062467, 0.6097322, 1
0.4252318, 0.384472, 0.5081543, 1
0.5559792, 0.4893903, 0.5815064, 1
0.5043966, 0.4824132, 0.5823833, 1
0.5422451, 0.429525, 0.5250345, 1
0.4757427, 0.429368, 0.5755956, 1
0.5349934, 0.4211724, 0.5313566, 1
0.4289054, 0.3949526, 0.5273346, 1
0.4722093, 0.3589367, 0.4815941, 1
0.5614833, 0.5013638, 0.6212559, 1
0.4878675, 0.3600392, 0.5778815, 1
0.4842676, 0.4036565, 0.5732285, 1
0.4676618, 0.3835362, 0.5200546, 1
0.5635598, 0.394492, 0.6275268, 1
0.4076561, 0.3746311, 0.5153102, 1
0.553028, 0.5052198, 0.648595, 1
0.4988274, 0.3745134, 0.5723407, 1
0.5739115, 0.4369661, 0.5321085, 1
0.4996592, 0.3832774, 0.4692377, 1
0.5375667, 0.4660361, 0.5959398, 1
0.6096466, 0.4356571, 0.6127109, 1
0.5165579, 0.4324242, 0.5849797, 1
0.54497, 0.4645804, 0.6413433, 1
0.4989698, 0.4402554, 0.5174073, 1
0.5521013, 0.3649835, 0.556345, 1
0.5385866, 0.4783625, 0.6409903, 1
0.5652601, 0.4139155, 0.5333498, 1
0.5469558, 0.4881699, 0.5810412, 1
0.4363018, 0.3833825, 0.5539371, 1
0.5191872, 0.3547438, 0.5342244, 1
0.6269767, 0.4363758, 0.6143296, 1
0.5535054, 0.4949326, 0.6583394, 1
0.4701913, 0.3440629, 0.5826275, 1
0.5911515, 0.4719968, 0.6396809, 1
0.6129906, 0.4770253, 0.5922218, 1
0.5141687, 0.4353566, 0.4952292, 1
0.4739375, 0.3543933, 0.5695171, 1
0.5877736, 0.4639677, 0.5546327, 1
0.5743478, 0.4997202, 0.576812, 1
0.5678864, 0.4215963, 0.658445, 1
0.455821, 0.3852607, 0.5358015, 1
0.540786, 0.502048, 0.6115353, 1
0.5481703, 0.4260511, 0.649348, 1
0.5549728, 0.4795415, 0.5902115, 1
0.4821803, 0.3666858, 0.5585495, 1
0.5263551, 0.3763306, 0.4958147, 1
0.5364384, 0.4199565, 0.5520126, 1
0.5323069, 0.4574256, 0.6565329, 1
0.5436767, 0.4891264, 0.6245678, 1
0.5073788, 0.4682257, 0.5499098, 1
0.4551029, 0.411646, 0.5265552, 1
0.5295015, 0.4025829, 0.5134014, 1
0.5183419, 0.4177238, 0.5502086, 1
0.5806327, 0.4495873, 0.6435992, 1
0.4507225, 0.3877261, 0.4726239, 1
0.5087057, 0.4104914, 0.4994271, 1
0.5048503, 0.4075631, 0.4905044, 1
0.5243412, 0.3937072, 0.6079189, 1
0.5436102, 0.4145931, 0.6250247, 1
0.508487, 0.3735282, 0.5266298, 1
0.5089465, 0.3852363, 0.5707137, 1
0.4801523, 0.4171145, 0.4869862, 1
0.5359734, 0.3917275, 0.5487184, 1
0.4497232, 0.4129504, 0.567898, 1
0.5590739, 0.4008206, 0.6305324, 1
0.5614493, 0.4021524, 0.5635459, 1
0.5421151, 0.482115, 0.5792562, 1
0.6253994, 0.4200532, 0.6409322, 1
0.5764683, 0.4186795, 0.6125268, 1
0.577993, 0.3978026, 0.5799317, 1
0.5125094, 0.379005, 0.4908111, 1
0.5196805, 0.4345738, 0.5891837, 1
0.4506552, 0.3951778, 0.5282943, 1
0.5009782, 0.438625, 0.566277, 1
0.4314885, 0.3560078, 0.5467269, 1
0.5943019, 0.4294309, 0.6159024, 1
0.5141245, 0.3702441, 0.499404, 1
0.4876327, 0.3213058, 0.5370565, 1
0.6055986, 0.4774533, 0.5618085, 1
0.5077953, 0.4807262, 0.5763543, 1
0.5568692, 0.38692, 0.591177, 1
0.5547169, 0.3852295, 0.5796735, 1
0.5650215, 0.5039339, 0.5872416, 1
0.5979869, 0.4730194, 0.6156067, 1
0.5302303, 0.3918699, 0.5269151, 1
0.4831074, 0.4450682, 0.6003084, 1
0.5258585, 0.4912528, 0.6231977, 1
0.5437043, 0.4788331, 0.5870625, 1
0.5207413, 0.4769129, 0.5440067, 1
0.4998096, 0.4166173, 0.5358542, 1
0.5007185, 0.3981623, 0.4912861, 1
0.4287143, 0.378596, 0.5593169, 1
0.4786828, 0.3803617, 0.5486425, 1
0.4252885, 0.3792328, 0.5620658, 1
0.4731046, 0.38867, 0.4872741, 1
0.462798, 0.3295804, 0.5482239, 1
0.5109024, 0.4028041, 0.600903, 1
0.5639455, 0.4949717, 0.6028297, 1
0.5415872, 0.3858149, 0.5262019, 1
0.5531582, 0.510918, 0.6283064, 1
0.4399537, 0.3584172, 0.5187303, 1
0.4637197, 0.4120359, 0.5755332, 1
0.5215479, 0.3960218, 0.5847654, 1
0.5474541, 0.4338478, 0.6221966, 1
0.546078, 0.4433516, 0.597348, 1
0.5121879, 0.3988687, 0.6155828, 1
0.5451186, 0.467726, 0.627384, 1
0.4932939, 0.4780604, 0.5744734, 1
0.5285316, 0.4344651, 0.506547, 1
0.5764402, 0.4777271, 0.6277221, 1
0.5371185, 0.3715314, 0.5161976, 1
0.5209409, 0.4199896, 0.5142319, 1
0.6060825, 0.4857665, 0.5676773, 1
0.5501578, 0.4567769, 0.661022, 1
0.4342206, 0.3322909, 0.5546416, 1
0.5803091, 0.3847207, 0.5979195, 1
0.5278324, 0.4246688, 0.5115508, 1
0.5158367, 0.4095644, 0.4905469, 1
0.4886592, 0.4616188, 0.5865809, 1
0.540503, 0.4861324, 0.6051624, 1
0.5446407, 0.4330008, 0.6142725, 1
0.5306227, 0.4600695, 0.6345653, 1
0.5856336, 0.4845909, 0.5943925, 1
0.5714637, 0.4054601, 0.5685064, 1
0.5617904, 0.4197349, 0.5419093, 1
0.5087626, 0.3699316, 0.5492343, 1
0.6183504, 0.4668186, 0.6043638, 1
0.416544, 0.379563, 0.5121992, 1
0.588676, 0.4209883, 0.5552223, 1
0.4914787, 0.4709294, 0.5766907, 1
0.5178712, 0.4353052, 0.6133493, 1
0.5375828, 0.4615577, 0.5657659, 1
0.5083816, 0.3242205, 0.5206991, 1
0.4881917, 0.3784415, 0.5293972, 1
0.4783514, 0.4283065, 0.6012393, 1
0.499916, 0.3246341, 0.5062842, 1
0.4772903, 0.4014192, 0.5505267, 1
0.5298918, 0.4370781, 0.6283877, 1
0.5055175, 0.3783583, 0.4781692, 1
0.5335809, 0.413356, 0.6224387, 1
0.5100022, 0.4356763, 0.5072272, 1
0.5718538, 0.4195898, 0.5608219, 1
0.550998, 0.4940125, 0.5862803, 1
0.5439419, 0.391008, 0.5860502, 1
0.4749424, 0.347016, 0.557198, 1
0.5246841, 0.4692017, 0.6030151, 1
0.5069123, 0.3738865, 0.4845414, 1
0.4763258, 0.4177563, 0.5674098, 1
0.4750848, 0.4018328, 0.5988276, 1
0.5003905, 0.3797227, 0.5687501, 1
0.4935994, 0.399405, 0.5031322, 1
0.5265012, 0.4197225, 0.5661201, 1
0.5513374, 0.5156252, 0.6214596, 1
0.5236319, 0.4799474, 0.6097311, 1
0.5759792, 0.4150141, 0.6378401, 1
0.5385254, 0.489699, 0.6015402, 1
0.5528415, 0.4875672, 0.5952674, 1
0.5797424, 0.4292751, 0.544818, 1
0.6287875, 0.4389631, 0.6055976, 1
0.5380494, 0.4690051, 0.6594108, 1
0.5058153, 0.3880068, 0.5775207, 1
0.5863615, 0.4794001, 0.558598, 1
0.4903933, 0.3913736, 0.5531889, 1
0.5192598, 0.459744, 0.5825456, 1
0.5493864, 0.3655416, 0.5432118, 1
0.5919627, 0.460512, 0.5772918, 1
0.539862, 0.4865914, 0.5511646, 1
0.4717471, 0.4378192, 0.5889363, 1
0.5379202, 0.4536066, 0.6036295, 1
0.5362173, 0.3903019, 0.6026005, 1
0.4875981, 0.4244674, 0.56831, 1
0.563342, 0.3952068, 0.5523459, 1
0.5682206, 0.5043888, 0.5760337, 1
0.4909315, 0.4157855, 0.5110435, 1
0.5622429, 0.3814352, 0.5714713, 1
0.5134816, 0.4384339, 0.5456868, 1
0.4903985, 0.4344878, 0.5155727, 1
0.5044651, 0.3784045, 0.5794717, 1
0.4919609, 0.3218814, 0.5124544, 1
0.4864655, 0.4225038, 0.5055826, 1
0.4304579, 0.39931, 0.5586006, 1
0.5243993, 0.4166991, 0.6439147, 1
0.4587561, 0.3317758, 0.5613262, 1
0.456812, 0.3891767, 0.5718632, 1
0.5230848, 0.4125675, 0.6444428, 1
0.4166335, 0.3627528, 0.5432584, 1
0.4897431, 0.3740485, 0.4945873, 1
0.5297435, 0.3921592, 0.6052983, 1
0.5232312, 0.4505954, 0.6153506, 1
0.538348, 0.3589287, 0.581977, 1
0.4901482, 0.3490844, 0.5052391, 1
0.4910028, 0.4283143, 0.5705672, 1
0.5583262, 0.4184214, 0.5441181, 1
0.5597374, 0.4623941, 0.5375176, 1
0.511665, 0.4094341, 0.4921338, 1
0.4625062, 0.4164512, 0.5994319, 1
0.5626759, 0.4733962, 0.6095243, 1
0.5543896, 0.4604018, 0.5543558, 1
0.5173531, 0.3496826, 0.5291253, 1
0.5190601, 0.4069757, 0.6059185, 1
0.4802789, 0.3742813, 0.5082418, 1
0.5274622, 0.4216206, 0.535907, 1
0.5748346, 0.4600913, 0.5483288, 1
0.5320282, 0.4241939, 0.5479294, 1
0.5170686, 0.3349934, 0.5275053, 1
0.6115456, 0.4333008, 0.6412939, 1
0.5174568, 0.434543, 0.610796, 1
0.5514436, 0.420849, 0.5626906, 1
0.5624954, 0.3780212, 0.5443318, 1
0.4833366, 0.4530287, 0.5934139, 1
0.6108543, 0.4918368, 0.5857038, 1
0.4589933, 0.4045372, 0.5485265, 1
0.5115323, 0.4342343, 0.5052111, 1
0.5066152, 0.3610636, 0.5116728, 1
0.4909016, 0.3933791, 0.6043585, 1
0.5626523, 0.4157037, 0.6170889, 1
0.4742805, 0.4414755, 0.5602276, 1
0.4938011, 0.4491715, 0.5534594, 1
0.5280973, 0.3969677, 0.5909948, 1
0.4747325, 0.3440493, 0.5081479, 1
0.5742723, 0.4707485, 0.5751141, 1
0.5304537, 0.393873, 0.6270581, 1
0.589281, 0.4546857, 0.6282205, 1
0.4669707, 0.3782109, 0.4818455, 1
0.5123444, 0.3419499, 0.5347592, 1
0.500842, 0.4097014, 0.517415, 1
0.5928015, 0.4277984, 0.653875, 1
0.484667, 0.4393072, 0.5505288, 1
0.4704515, 0.4105091, 0.5966157, 1
0.4911464, 0.4458896, 0.5509006, 1
0.5140409, 0.4212228, 0.5501812, 1
0.5938441, 0.4440975, 0.6378497, 1
0.6176278, 0.4360975, 0.6372421, 1
0.6078159, 0.4413529, 0.5933318, 1
0.5482181, 0.3650352, 0.5526805, 1
0.5169383, 0.4487045, 0.6242219, 1
0.4608994, 0.4300787, 0.5590367, 1
0.6003837, 0.4700874, 0.5753968, 1
0.4694153, 0.3885551, 0.5226602, 1
0.4427714, 0.3595553, 0.5443202, 1
0.4638102, 0.3734227, 0.4863228, 1
0.4593409, 0.3625684, 0.4884645, 1
0.6258771, 0.4489737, 0.5943844, 1
0.5711049, 0.5014706, 0.6352313, 1
0.6293542, 0.4463215, 0.5973547, 1
0.5450709, 0.398405, 0.5493951, 1
0.5133337, 0.4227426, 0.5395024, 1
0.6096931, 0.4725273, 0.6134434, 1
0.5310845, 0.434207, 0.5428866, 1
0.5420483, 0.3826718, 0.5600976, 1
0.569603, 0.4824762, 0.6538603, 1
0.4673529, 0.4054274, 0.5987248, 1
0.4351154, 0.3652794, 0.5418119, 1
0.4940787, 0.3877697, 0.5925758, 1
0.4447408, 0.3825545, 0.4839089, 1
0.466004, 0.3434349, 0.5549825, 1
0.4772435, 0.4457151, 0.580714, 1
0.4630093, 0.3194964, 0.5562822, 1
0.4355463, 0.3850056, 0.5587527, 1
0.5395441, 0.4674563, 0.6625563, 1
0.5186232, 0.4212413, 0.6048961, 1
0.5772313, 0.4391405, 0.5983494, 1
0.5015225, 0.4744435, 0.6056821, 1
0.5626307, 0.4612877, 0.6720146, 1
0.5566463, 0.4524183, 0.6567789, 1
0.5626922, 0.4171318, 0.6203628, 1
0.5425091, 0.4571136, 0.6218033, 1
0.4960973, 0.3562476, 0.55326, 1
0.5093927, 0.4422684, 0.5119044, 1
0.5722988, 0.4413528, 0.5563803, 1
0.4233204, 0.3867818, 0.5645334, 1
0.5200374, 0.4558301, 0.5929208, 1
0.5719663, 0.3976223, 0.6127156, 1
0.4657823, 0.4087954, 0.5225552, 1
0.4798063, 0.3690224, 0.5927957, 1
0.6308147, 0.4559187, 0.5878704, 1
0.5107393, 0.4072453, 0.6243113, 1
0.4888193, 0.402813, 0.5710326, 1
0.4955039, 0.4351329, 0.5336969, 1
0.5793092, 0.3864342, 0.5789585, 1
0.5104796, 0.4266383, 0.6397761, 1
0.4187565, 0.3760152, 0.4923001, 1
0.5990916, 0.421204, 0.6207586, 1
0.4363985, 0.4082433, 0.5715833, 1
0.6081185, 0.4104459, 0.5929868, 1
0.4756566, 0.424599, 0.5284428, 1
0.4670607, 0.3730583, 0.5287076, 1
0.5226123, 0.3623047, 0.5840743, 1
0.6043391, 0.4323006, 0.6150951, 1
0.4484675, 0.4300575, 0.5791432, 1
0.574794, 0.423646, 0.5581695, 1
0.4116704, 0.3787512, 0.5401809, 1
0.583959, 0.3969463, 0.5609141, 1
0.5928209, 0.4893705, 0.5666509, 1
0.5995319, 0.4550051, 0.5678602, 1
0.5134932, 0.4377692, 0.51398, 1
0.5324131, 0.4417449, 0.6016012, 1
0.4879858, 0.3687404, 0.4763012, 1
0.4712398, 0.3290261, 0.5571824, 1
0.5232679, 0.3739754, 0.5151439, 1
0.5735202, 0.43801, 0.6226057, 1
0.5051451, 0.3921584, 0.6012112, 1
0.5618397, 0.4293471, 0.5470293, 1
0.5353442, 0.4639006, 0.5571144, 1
0.5209627, 0.3763735, 0.6170421, 1
0.5915974, 0.4260039, 0.6207993, 1
0.4761697, 0.4297622, 0.5563895, 1
0.4815022, 0.3473381, 0.5023175, 1
0.5721143, 0.4700997, 0.5810113, 1
0.4910463, 0.4189325, 0.6154488, 1
0.5200831, 0.4636521, 0.5884708, 1
0.5287891, 0.4938709, 0.6200299, 1
0.549628, 0.4574148, 0.6474286, 1
0.6079051, 0.4386703, 0.6369021, 1
0.6052551, 0.4721509, 0.5637047, 1
0.4938224, 0.4393999, 0.523535, 1
0.4622084, 0.4023289, 0.5603153, 1
0.4836364, 0.4319828, 0.6118587, 1
0.5591002, 0.4178462, 0.5909991, 1
0.5758796, 0.3832084, 0.6041406, 1
0.5586805, 0.4271191, 0.5440795, 1
0.4483405, 0.4047543, 0.583547, 1
0.5666731, 0.4533885, 0.6462186, 1
0.5480402, 0.4882634, 0.5871833, 1
0.4846977, 0.3635284, 0.5145318, 1
0.545478, 0.4988297, 0.60026, 1
0.5990167, 0.4511734, 0.5549527, 1
0.5289848, 0.454142, 0.5135244, 1
0.600677, 0.5085176, 0.5887241, 1
0.5033413, 0.3338649, 0.5616311, 1
0.5940288, 0.398767, 0.6191065, 1
0.5195349, 0.4382611, 0.5469302, 1
0.6200413, 0.4456837, 0.5835535, 1
0.5755572, 0.4926902, 0.6398371, 1
0.4302485, 0.3578971, 0.5288072, 1
0.5282775, 0.4098814, 0.5592914, 1
0.4687157, 0.4049094, 0.5856619, 1
0.5567715, 0.4540755, 0.645014, 1
0.5569096, 0.4989228, 0.619957, 1
0.5556499, 0.4706075, 0.542612, 1
0.5472888, 0.4553332, 0.5986347, 1
0.5343532, 0.4632886, 0.6365839, 1
0.4459808, 0.3591484, 0.5700762, 1
0.5214724, 0.4712773, 0.610191, 1
0.5295211, 0.378125, 0.54605, 1
0.5189344, 0.4652067, 0.6370143, 1
0.5055981, 0.3734684, 0.5266633, 1
0.5733511, 0.3892771, 0.5689059, 1
0.5337636, 0.3971258, 0.5929267, 1
0.5303823, 0.4432606, 0.5042775, 1
0.4983045, 0.4418232, 0.5426691, 1
0.520687, 0.3813134, 0.5424771, 1
0.5960536, 0.5162587, 0.5954008, 1
0.459626, 0.3949744, 0.533392, 1
0.4974211, 0.387078, 0.4782479, 1
0.5450184, 0.4314449, 0.542711, 1
0.5199602, 0.4594234, 0.5745919, 1
0.5379274, 0.3969442, 0.6154442, 1
0.5971365, 0.4596521, 0.5514802, 1
0.6319599, 0.4720883, 0.5783532, 1
0.5337834, 0.434911, 0.6388634, 1
0.5120577, 0.4267757, 0.5611644, 1
0.4943419, 0.4654315, 0.6131678, 1
0.4728713, 0.3379557, 0.5749949, 1
0.5343882, 0.3817284, 0.5373632, 1
0.5200157, 0.4623762, 0.612999, 1
0.5915193, 0.5062459, 0.5964512, 1
0.4256822, 0.3821387, 0.557862, 1
0.4548979, 0.3748797, 0.5456985, 1
0.5524744, 0.4743744, 0.5710571, 1
0.5297595, 0.4542911, 0.5924222, 1
0.4826188, 0.4182295, 0.4895653, 1
0.5372432, 0.4345714, 0.5530397, 1
0.584231, 0.4956923, 0.5944499, 1
0.5064527, 0.3460659, 0.5350351, 1
0.5760556, 0.4051905, 0.6074457, 1
0.4898432, 0.3799543, 0.5947378, 1
0.4829334, 0.3328818, 0.5562983, 1
0.5570557, 0.3977119, 0.5589319, 1
0.5684038, 0.4039007, 0.5828737, 1
0.5156566, 0.4371831, 0.5878696, 1
0.5775401, 0.4607341, 0.6244641, 1
0.5257875, 0.4525491, 0.6256868, 1
0.5183479, 0.4303111, 0.5612538, 1
0.5310125, 0.4027611, 0.4945016, 1
0.5858803, 0.4218563, 0.6119994, 1
0.5662662, 0.4332939, 0.6496403, 1
0.5562837, 0.4038464, 0.6288283, 1
0.513159, 0.3571511, 0.5784928, 1
0.573777, 0.5153286, 0.6141876, 1
0.5229442, 0.3914556, 0.5529268, 1
0.5713608, 0.5039676, 0.6237462, 1
0.5680605, 0.5171218, 0.6025633, 1
0.5254163, 0.4748381, 0.612936, 1
0.4352961, 0.3695695, 0.575753, 1
0.5279401, 0.3737272, 0.5212267, 1
0.5055287, 0.4063843, 0.5650939, 1
0.4565246, 0.3692327, 0.5261422, 1
0.5060242, 0.4496259, 0.5751086, 1
0.564488, 0.4097437, 0.5834237, 1
0.5323324, 0.3591816, 0.5564018, 1
0.6060967, 0.4529584, 0.5578778, 1
0.5279413, 0.385161, 0.4910525, 1
0.5804512, 0.4746331, 0.5991188, 1
0.4726593, 0.3084246, 0.5364822, 1
0.5701962, 0.4046041, 0.6048869, 1
0.4894309, 0.340882, 0.5676705, 1
0.5677254, 0.5228891, 0.6082368, 1
0.5465489, 0.4155785, 0.5205236, 1
0.4593422, 0.4223113, 0.5562884, 1
0.495908, 0.3575743, 0.5687347, 1
0.4712789, 0.3884914, 0.5554581, 1
0.519931, 0.4608773, 0.5887334, 1
0.4816388, 0.365793, 0.5357625, 1
0.615144, 0.4431478, 0.6230224, 1
0.5044098, 0.441528, 0.5808908, 1
0.6106706, 0.440036, 0.6095532, 1
0.5238492, 0.3469505, 0.5501796, 1
0.4833553, 0.4015926, 0.6187015, 1
0.4564683, 0.3191932, 0.5553614, 1
0.5457677, 0.4272698, 0.5303602, 1
0.5500816, 0.4485623, 0.6269214, 1
0.5791429, 0.4792828, 0.647678, 1
0.4818321, 0.4141368, 0.5548019, 1
0.4759393, 0.3955348, 0.5299105, 1
0.5907605, 0.4077851, 0.5790381, 1
0.5973594, 0.4336861, 0.6109908, 1
0.5206776, 0.4477301, 0.5788752, 1
0.5769045, 0.4194898, 0.5973573, 1
0.5253742, 0.4537579, 0.5175927, 1
0.4855582, 0.3726318, 0.6096485, 1
0.5351576, 0.4593502, 0.6155599, 1
0.4358887, 0.3712665, 0.5063449, 1
0.4892944, 0.4294786, 0.5501302, 1
0.5410416, 0.4547683, 0.5346527, 1
0.518196, 0.424195, 0.5531067, 1
0.5176696, 0.4226074, 0.5011867, 1
0.5050569, 0.3468705, 0.5025445, 1
0.5577242, 0.3879494, 0.6184855, 1
0.4698245, 0.4283207, 0.5411403, 1
0.5245136, 0.4526451, 0.5960913, 1
0.5216386, 0.4577554, 0.599717, 1
0.4995944, 0.366413, 0.5650173, 1
0.5578498, 0.3714, 0.5544274, 1
0.504778, 0.3962869, 0.5202559, 1
0.5245124, 0.3761003, 0.6038449, 1
0.586796, 0.415837, 0.6243426, 1
0.5100811, 0.4246058, 0.5506968, 1
0.5021597, 0.4320886, 0.607375, 1
0.4813053, 0.4219812, 0.4914629, 1
0.4667719, 0.417776, 0.542114, 1
0.5290179, 0.4230518, 0.6497066, 1
0.4539967, 0.4346614, 0.5779266, 1
0.5096878, 0.4256057, 0.6275569, 1
0.4512615, 0.3757458, 0.539386, 1
0.5225766, 0.425665, 0.5418656, 1
0.51201, 0.3835095, 0.5474285, 1
0.5652518, 0.4888284, 0.6142625, 1
0.5137963, 0.4545523, 0.5962557, 1
0.4900869, 0.4373924, 0.6181282, 1
0.4623842, 0.4253939, 0.5688632, 1
0.4428066, 0.3979844, 0.5640376, 1
0.5614282, 0.4711056, 0.6640828, 1
0.5369478, 0.4385327, 0.5990825, 1
0.5213181, 0.4013546, 0.6092286, 1
0.4840782, 0.389295, 0.4750908, 1
0.4813818, 0.40279, 0.5902976, 1
0.4434006, 0.3858953, 0.5730013, 1
0.4692122, 0.4213229, 0.5732879, 1
0.4807748, 0.4530188, 0.596389, 1
0.5968677, 0.4701124, 0.5773376, 1
0.5630637, 0.4113757, 0.6276466, 1
0.540849, 0.4432375, 0.6153797, 1
0.5534438, 0.4633444, 0.5312957, 1
0.4856594, 0.4239196, 0.5651386, 1
0.5780804, 0.4328696, 0.5920253, 1
0.5039549, 0.4128394, 0.4890334, 1
0.5651828, 0.45652, 0.6303308, 1
0.5386325, 0.4255563, 0.5148958, 1
0.5502532, 0.4479944, 0.6232362, 1
0.5490879, 0.4601179, 0.5413808, 1
0.5156216, 0.4398811, 0.5602476, 1
0.5668674, 0.4202869, 0.5919308, 1
0.5880599, 0.4436007, 0.664573, 1
0.5005903, 0.439436, 0.5411628, 1
0.4610233, 0.3900783, 0.5758094, 1
0.543165, 0.5095825, 0.5917653, 1
0.5734253, 0.474549, 0.6462237, 1
0.5406201, 0.4900403, 0.6534929, 1
0.5048288, 0.4640293, 0.5868133, 1
0.4692173, 0.4552091, 0.5807413, 1
0.6065944, 0.4243996, 0.5750377, 1
0.5229566, 0.4277872, 0.5721972, 1
0.6015719, 0.4299435, 0.5700762, 1
0.4428353, 0.4021398, 0.5882815, 1
0.5678243, 0.4899779, 0.634522, 1
0.6095933, 0.4381115, 0.5713557, 1
0.595686, 0.4506835, 0.5543413, 1
0.5326476, 0.3987226, 0.5350261, 1
0.6216403, 0.4320908, 0.6123065, 1
0.5415908, 0.3703874, 0.5530144, 1
0.6197597, 0.4646375, 0.5979306, 1
0.5790282, 0.4179064, 0.5711297, 1
0.4448146, 0.3364396, 0.5545892, 1
0.5238018, 0.4056918, 0.5455436, 1
0.5537957, 0.509201, 0.6320817, 1
0.5070473, 0.3639804, 0.5319027, 1
0.4577429, 0.3643341, 0.5489001, 1
0.4451285, 0.3860704, 0.4772588, 1
0.5448554, 0.4755681, 0.6517678, 1
0.5364874, 0.4556271, 0.6571152, 1
0.6165674, 0.413099, 0.594351, 1
0.4591915, 0.3553776, 0.5273915, 1
0.5067073, 0.4594553, 0.5496247, 1
0.4633995, 0.381432, 0.4698316, 1
0.496022, 0.3485383, 0.5711462, 1
0.5531853, 0.5126223, 0.6084979, 1
0.6192695, 0.481591, 0.5823659, 1
0.48851, 0.3954341, 0.5273309, 1
0.4784953, 0.3750756, 0.5811729, 1
0.6312493, 0.4731925, 0.5788817, 1
0.4954246, 0.3501403, 0.5605429, 1
0.5499724, 0.4510209, 0.624342, 1
0.5501878, 0.4103241, 0.5246266, 1
0.4850349, 0.4690731, 0.5788834, 1
0.5968305, 0.4281619, 0.5801892, 1
0.6056624, 0.4990868, 0.5962597, 1
0.5436226, 0.4602666, 0.6214222, 1
0.557593, 0.3987437, 0.5552824, 1
0.5197557, 0.4553026, 0.5742446, 1
0.5060565, 0.4302525, 0.5890475, 1
0.4997675, 0.4672386, 0.6144351, 1
0.5314242, 0.4353825, 0.5027844, 1
0.4523379, 0.4047461, 0.5152316, 1
0.489744, 0.401767, 0.479621, 1
0.4888831, 0.3398551, 0.5752657, 1
0.5699461, 0.4537478, 0.5959764, 1
0.5907285, 0.4312125, 0.6193035, 1
0.5165763, 0.4599499, 0.6411332, 1
0.5432107, 0.4609369, 0.6301689, 1
0.5276933, 0.4211966, 0.5662526, 1
0.4923041, 0.3494142, 0.5898694, 1
0.4907657, 0.385592, 0.601145, 1
0.5522738, 0.3960734, 0.6343685, 1
0.4791197, 0.4492773, 0.5640371, 1
0.4975698, 0.3393145, 0.5198767, 1
0.4867611, 0.4687343, 0.5872906, 1
0.6106181, 0.4262856, 0.5670831, 1
0.5610076, 0.4882506, 0.6721354, 1
0.5124134, 0.3634685, 0.5082078, 1
0.4894314, 0.3337635, 0.4974782, 1
0.5697479, 0.4340583, 0.5348957, 1
0.5977474, 0.4262372, 0.6243444, 1
0.4815337, 0.4217957, 0.5896367, 1
0.4504373, 0.4173214, 0.5405068, 1
0.4312938, 0.3878041, 0.5504647, 1
0.5972039, 0.4812743, 0.5617376, 1
0.4591776, 0.3367248, 0.5653064, 1
0.5192757, 0.4852323, 0.5559944, 1
0.503943, 0.4471406, 0.5569392, 1
0.4800316, 0.3950457, 0.4880384, 1
0.5424387, 0.4047618, 0.5226741, 1
0.5410339, 0.4706642, 0.5594009, 1
0.5606838, 0.491178, 0.6657386, 1
0.4794342, 0.3488017, 0.5041375, 1
0.4925141, 0.4452079, 0.5379129, 1
0.6117135, 0.4521639, 0.6108289, 1
0.4745035, 0.3676585, 0.6023393, 1
0.5581512, 0.4523614, 0.6640296, 1
0.49183, 0.4601726, 0.6107817, 1
0.6052278, 0.4459061, 0.6122811, 1
0.550557, 0.4252971, 0.527266, 1
0.5015232, 0.3708258, 0.5387111, 1
0.5920188, 0.4585797, 0.5938628, 1
0.4631807, 0.4265769, 0.5652097, 1
0.5269446, 0.4308227, 0.5067046, 1
0.5318088, 0.4214126, 0.5654168, 1
0.5268234, 0.3806824, 0.5574855, 1
0.5297305, 0.348301, 0.5406181, 1
0.6038225, 0.4210204, 0.6241146, 1
0.4679779, 0.4049825, 0.5170221, 1
0.6210174, 0.4521329, 0.5739407, 1
0.5496581, 0.3815975, 0.6010464, 1
0.5651037, 0.4897485, 0.6381919, 1
0.5346273, 0.4263219, 0.615839, 1
0.5378244, 0.4246315, 0.6008779, 1
0.5991715, 0.4714807, 0.5795129, 1
0.5454431, 0.3876684, 0.5903349, 1
0.5570064, 0.4981158, 0.6452953, 1
0.4673535, 0.4336682, 0.5565413, 1
0.5472285, 0.40824, 0.5892783, 1
0.5291196, 0.4398916, 0.5823643, 1
0.5221174, 0.4530731, 0.5852624, 1
0.5322558, 0.4661578, 0.540019, 1
0.5980783, 0.456481, 0.5791879, 1
0.5555415, 0.4834999, 0.6591269, 1
0.5215368, 0.3763461, 0.5926074, 1
0.5145124, 0.3872535, 0.6051978, 1
0.5750788, 0.4814626, 0.640928, 1
0.4405011, 0.4156113, 0.5680653, 1
0.5865972, 0.4974408, 0.5843179, 1
0.5926027, 0.4201304, 0.5776144, 1
0.5586733, 0.4890207, 0.626699, 1
0.4014544, 0.3729657, 0.5471386, 1
0.5112169, 0.4635129, 0.5923266, 1
0.4563729, 0.3737691, 0.5895251, 1
0.5654711, 0.431664, 0.5581243, 1
0.5779738, 0.4156492, 0.6175017, 1
0.5067865, 0.3927207, 0.5109563, 1
0.5379729, 0.4167895, 0.6202845, 1
0.6160716, 0.4307647, 0.5833616, 1
0.5536943, 0.4422252, 0.5630652, 1
0.5376653, 0.4835248, 0.6160331, 1
0.5588522, 0.4588079, 0.5926856, 1
0.6003381, 0.4592955, 0.6031314, 1
0.5376371, 0.4850122, 0.6095123, 1
0.6125612, 0.4660449, 0.572336, 1
0.4802659, 0.3988509, 0.4955392, 1
0.4701775, 0.4167298, 0.5782784, 1
0.4599211, 0.4051619, 0.492948, 1
0.5039425, 0.4740382, 0.5611765, 1
0.5363611, 0.357951, 0.5242775, 1
0.4550204, 0.3984206, 0.588796, 1
0.5621116, 0.4819759, 0.6781485, 1
0.53923, 0.3662471, 0.5427721, 1
0.5644196, 0.5195359, 0.6258198, 1
0.5407698, 0.404849, 0.5446169, 1
0.5010867, 0.4603021, 0.628149, 1
0.5097132, 0.4591005, 0.6227, 1
0.5775579, 0.4573466, 0.6101241, 1
0.5305929, 0.439887, 0.5541486, 1
0.5148212, 0.414431, 0.5145148, 1
0.5352067, 0.5019442, 0.6094257, 1
0.5161856, 0.4622788, 0.6381457, 1
0.5777342, 0.4662309, 0.5500879, 1
0.5244362, 0.4393759, 0.5636116, 1
0.4719015, 0.404857, 0.59881, 1
0.5126984, 0.3434825, 0.5457224, 1
0.5524153, 0.402838, 0.5145243, 1
0.4122893, 0.3785644, 0.5170243, 1
0.5595415, 0.4686933, 0.6604711, 1
0.4954463, 0.3266074, 0.5553032, 1
0.626567, 0.4197404, 0.6009451, 1
0.4880018, 0.3298095, 0.5176914, 1
0.4292251, 0.3771717, 0.5153316, 1
0.5619863, 0.4768102, 0.6175207, 1
0.4302723, 0.4059721, 0.5668818, 1
0.4613613, 0.3587976, 0.5444957, 1
0.5185543, 0.3939396, 0.4914457, 1
0.4734852, 0.3754275, 0.5219975, 1
0.5547318, 0.4944981, 0.5632808, 1
0.5432587, 0.3809947, 0.5256775, 1
0.5864815, 0.4795697, 0.6291173, 1
0.6034098, 0.4101816, 0.5710613, 1
0.5191688, 0.3980854, 0.5963667, 1
0.5044762, 0.3780178, 0.5826194, 1
0.5200053, 0.4084269, 0.599892, 1
0.6126276, 0.4317619, 0.5894638, 1
0.5599957, 0.4631933, 0.5890164, 1
0.4491098, 0.4121678, 0.5458854, 1
0.4675398, 0.3229596, 0.543408, 1
0.5090486, 0.4801719, 0.5617387, 1
0.5210744, 0.3977217, 0.6355802, 1
0.6202518, 0.4403518, 0.6128339, 1
0.5446551, 0.4213486, 0.5777388, 1
0.4855964, 0.3732162, 0.4982265, 1
0.488533, 0.4213728, 0.5750157, 1
0.5910172, 0.4428404, 0.5880517, 1
0.5741484, 0.4051836, 0.5896956, 1
0.5856751, 0.4319861, 0.5695537, 1
0.5695773, 0.4462677, 0.6321715, 1
0.5199534, 0.4107345, 0.6077208, 1
0.5202855, 0.3860645, 0.4984532, 1
0.4839324, 0.3725193, 0.5531722, 1
0.4205544, 0.3805482, 0.5654593, 1
0.5057258, 0.4123487, 0.6266539, 1
0.4595897, 0.3348309, 0.56834, 1
0.580317, 0.4826853, 0.600158, 1
0.4870832, 0.3570645, 0.5018976, 1
0.5127569, 0.38801, 0.4855372, 1
0.5649641, 0.4394051, 0.5277591, 1
0.5142883, 0.4382445, 0.5068936, 1
0.6049398, 0.4162377, 0.5887582, 1
0.4334284, 0.3989444, 0.5712941, 1
0.5086917, 0.4238395, 0.5722278, 1
0.4484337, 0.3574212, 0.5724204, 1
0.5712903, 0.3963489, 0.54897, 1
0.4793212, 0.3969961, 0.4783716, 1
0.4965739, 0.4343424, 0.5081199, 1
0.5183835, 0.3687291, 0.5357594, 1
0.4892412, 0.4168077, 0.584093, 1
0.485155, 0.3874984, 0.4623959, 1
0.5376869, 0.407679, 0.5692782, 1
0.5435631, 0.5053904, 0.6004883, 1
0.5421927, 0.4282636, 0.6242191, 1
0.5256703, 0.408526, 0.5769321, 1
0.5988031, 0.4757527, 0.6072262, 1
0.5024056, 0.4258533, 0.5419135, 1
0.5033458, 0.4247228, 0.6015747, 1
0.5806834, 0.4655539, 0.6216137, 1
0.5760585, 0.437847, 0.5851105, 1
0.6167172, 0.411595, 0.6356795, 1
0.5734025, 0.4128982, 0.566035, 1
0.4895968, 0.3682092, 0.5652997, 1
0.5868348, 0.4762559, 0.6255131, 1
0.5749708, 0.497653, 0.6012039, 1
0.4416634, 0.4154117, 0.5490563, 1
0.5065812, 0.3657509, 0.5929279, 1
0.5605112, 0.4876842, 0.6667623, 1
0.4789547, 0.4254999, 0.5832834, 1
0.5718146, 0.4939293, 0.6016202, 1
0.4949163, 0.4041256, 0.560175, 1
0.468462, 0.396257, 0.4947163, 1
0.5376541, 0.3840387, 0.573247, 1
0.5461788, 0.4445459, 0.6629246, 1
0.4657595, 0.3547576, 0.5357844, 1
0.5255501, 0.3930966, 0.4912691, 1
0.4905611, 0.4239554, 0.5815927, 1
0.5848343, 0.4767642, 0.6426917, 1
0.4097008, 0.3810291, 0.526973, 1
0.5183453, 0.3942222, 0.570845, 1
0.4447586, 0.3722883, 0.5613849, 1
0.6140492, 0.4406225, 0.605282, 1
0.518253, 0.4604091, 0.6217887, 1
0.4898345, 0.4328998, 0.6219442, 1
0.5090378, 0.3374348, 0.4990222, 1
0.5131717, 0.4348246, 0.5141621, 1
0.46489, 0.3750991, 0.5355467, 1
0.564783, 0.4800893, 0.5449595, 1
0.4930477, 0.4161604, 0.5592055, 1
0.5722398, 0.4769014, 0.6273742, 1
0.5878354, 0.4125886, 0.6513708, 1
0.482297, 0.4262664, 0.6149772, 1
0.5154896, 0.468387, 0.6146787, 1
0.5632854, 0.4420007, 0.5946866, 1
0.4143519, 0.3682279, 0.5341703, 1
0.4509587, 0.4060332, 0.5656928, 1
0.532799, 0.4190966, 0.6080327, 1
0.515694, 0.4049278, 0.6090124, 1
0.4295474, 0.3434185, 0.5684429, 1
0.5203946, 0.3856866, 0.5987442, 1
0.4159638, 0.371325, 0.5190809, 1
0.5226236, 0.4477246, 0.5847812, 1
0.4935644, 0.4418406, 0.5296946, 1
0.5078071, 0.4144405, 0.5259706, 1
0.5882341, 0.4010226, 0.5684689, 1
0.615674, 0.4771966, 0.5920054, 1
0.4700954, 0.3792314, 0.5526476, 1
0.6004161, 0.418521, 0.6170576, 1
0.5053496, 0.4001737, 0.5724456, 1
0.5353187, 0.4540074, 0.6453111, 1
0.5665587, 0.4339714, 0.6532853, 1
0.4989299, 0.3435161, 0.55182, 1
0.5208195, 0.4243465, 0.6320525, 1
0.5667461, 0.3879113, 0.622758, 1
0.5518267, 0.4162987, 0.6033735, 1
0.4872922, 0.4387781, 0.5451115, 1
0.6210752, 0.4910721, 0.579837, 1
0.5676178, 0.4337003, 0.6389785, 1
0.5408852, 0.3760605, 0.5281885, 1
0.566447, 0.4493523, 0.5967993, 1
0.5697502, 0.4327432, 0.5500231, 1
0.559951, 0.4538652, 0.545312, 1
0.5435572, 0.4526346, 0.6212204, 1
0.5743712, 0.4418315, 0.5840297, 1
0.5849978, 0.4041349, 0.6242644, 1
0.5286492, 0.4692528, 0.5653714, 1
0.4745396, 0.3905509, 0.5777513, 1
0.4879971, 0.3560306, 0.4692917, 1
0.5419946, 0.3890756, 0.5537302, 1
0.4576943, 0.390281, 0.4913094, 1
0.4350311, 0.4137688, 0.560481, 1
0.539291, 0.4264831, 0.6351912, 1
0.5478189, 0.4918294, 0.6140544, 1
0.5829825, 0.4699504, 0.5959271, 1
0.4998081, 0.4442188, 0.5816175, 1
0.4271376, 0.3565182, 0.551517, 1
0.5021439, 0.3229392, 0.494731, 1
0.5672902, 0.4431505, 0.639145, 1
0.5316862, 0.4809253, 0.5844267, 1
0.4547208, 0.3821614, 0.5516887, 1
0.4896767, 0.3465148, 0.5722848, 1
0.5806671, 0.4888678, 0.6137298, 1
0.4886265, 0.4324416, 0.5128739, 1
0.4640874, 0.4091018, 0.513714, 1
0.5880888, 0.3998842, 0.6257111, 1
0.46482, 0.4027714, 0.4984187, 1
0.527615, 0.3997758, 0.5658524, 1
0.414113, 0.3848325, 0.563413, 1
0.5652959, 0.4197975, 0.6629649, 1
0.4966484, 0.4271964, 0.5785412, 1
0.4512218, 0.3644859, 0.4930857, 1
0.5007186, 0.3332128, 0.5395283, 1
0.6178836, 0.4349535, 0.6062651, 1
0.456685, 0.4344257, 0.5729991, 1
0.589153, 0.4860479, 0.6152041, 1
0.5807784, 0.4242722, 0.6336158, 1
0.5200012, 0.3789381, 0.6160995, 1
0.5784314, 0.4566172, 0.6697115, 1
0.573015, 0.3929634, 0.5592295, 1
0.591431, 0.4632282, 0.556034, 1
0.4810082, 0.3956666, 0.6079039, 1
0.450851, 0.3532701, 0.5566886, 1
0.569558, 0.4975964, 0.6372611, 1
0.563032, 0.4280261, 0.5247698, 1
0.5360451, 0.4868192, 0.6336712, 1
0.5781167, 0.4922751, 0.5784996, 1
0.4764252, 0.3789906, 0.5143869, 1
0.5011626, 0.4627151, 0.6251329, 1
0.5753273, 0.3898379, 0.5718575, 1
0.5333006, 0.4108685, 0.643216, 1
0.5171275, 0.4538605, 0.5863485, 1
0.6002656, 0.4526643, 0.5882153, 1
0.5690472, 0.4649222, 0.5738171, 1
0.5742683, 0.485968, 0.5558575, 1
0.5338238, 0.3973214, 0.5326947, 1
0.5571791, 0.4706949, 0.5603267, 1
0.5899764, 0.4429264, 0.6363314, 1
0.4914858, 0.4255216, 0.5025719, 1
0.5052405, 0.463177, 0.6225914, 1
0.502383, 0.3491489, 0.5613757, 1
0.4419883, 0.3444948, 0.5672987, 1
0.5936368, 0.446521, 0.5550669, 1
0.5900447, 0.408783, 0.5694443, 1
0.4655035, 0.3766299, 0.4715529, 1
0.5437866, 0.4801906, 0.5915246, 1
0.5341372, 0.3662979, 0.5652499, 1
0.5874447, 0.4156798, 0.6261882, 1
0.5010985, 0.3586597, 0.4788186, 1
0.4813384, 0.3505341, 0.4878336, 1
0.5081101, 0.4452103, 0.5794703, 1
0.4713037, 0.4074033, 0.5990738, 1
0.5295246, 0.4595582, 0.5993382, 1
0.554411, 0.4186123, 0.5668738, 1
0.5334429, 0.4680954, 0.6447994, 1
0.4370174, 0.3823299, 0.5738512, 1
0.4575441, 0.3436753, 0.5479021, 1
0.6117054, 0.4506763, 0.5831235, 1
0.4827525, 0.4112743, 0.5320691, 1
0.4621482, 0.3889664, 0.4730861, 1
0.5977539, 0.4400601, 0.5550995, 1
0.5166625, 0.4249175, 0.6439505, 1
0.446489, 0.400039, 0.5127694, 1
0.4402119, 0.3721336, 0.574805, 1
0.5031726, 0.355235, 0.5211672, 1
0.5314811, 0.3683827, 0.5573059, 1
0.468513, 0.3824897, 0.5850694, 1
0.6190294, 0.4772136, 0.5802263, 1
0.6047459, 0.4710022, 0.5753167, 1
0.5638426, 0.5158222, 0.6028821, 1
0.4427389, 0.3503018, 0.5618633, 1
0.4562371, 0.4188423, 0.550621, 1
0.4177553, 0.3729881, 0.5188783, 1
0.4680358, 0.3666503, 0.5038041, 1
0.5480847, 0.3835854, 0.5583587, 1
0.473499, 0.4555258, 0.5889025, 1
0.4957801, 0.403193, 0.4956782, 1
0.4471632, 0.3991935, 0.5313509, 1
0.4638513, 0.3814154, 0.5274161, 1
0.4502077, 0.4185756, 0.5431796, 1
0.5208071, 0.3721382, 0.5856196, 1
0.4691148, 0.3996681, 0.47608, 1
0.5392142, 0.4664199, 0.5988712, 1
0.6029239, 0.4351647, 0.6225377, 1
0.4921305, 0.4308418, 0.5393032, 1
0.4691299, 0.3997602, 0.5913823, 1
0.5954994, 0.5136423, 0.5893295, 1
0.4945491, 0.4214882, 0.4866455, 1
0.4674266, 0.3894712, 0.5860552, 1
0.5298107, 0.3734762, 0.5122972, 1
0.5496641, 0.4658181, 0.6321911, 1
0.4822215, 0.3670579, 0.5966352, 1
0.5159903, 0.4709936, 0.5538107, 1
0.5452006, 0.501604, 0.5736337, 1
0.4744107, 0.4157063, 0.5166336, 1
0.4659986, 0.4336519, 0.5584416, 1
0.5658932, 0.4265519, 0.5351371, 1
0.5510022, 0.4438767, 0.5528396, 1
0.4869531, 0.427179, 0.5003765, 1
0.5410281, 0.499674, 0.623036, 1
0.4402011, 0.4009019, 0.5324087, 1
0.5369483, 0.4447495, 0.6307929, 1
0.5101203, 0.4693652, 0.567233, 1
0.5009959, 0.3928131, 0.5921548, 1
0.5263111, 0.3947292, 0.499186, 1
0.5185565, 0.3914955, 0.4838046, 1
0.6052301, 0.4306332, 0.6095301, 1
0.5464707, 0.4060086, 0.5301173, 1
0.521165, 0.4786846, 0.5487095, 1
0.4896289, 0.3713233, 0.4778856, 1
0.5614428, 0.4004847, 0.5484118, 1
0.5243087, 0.4428788, 0.5328009, 1
0.4652792, 0.4249627, 0.5689529, 1
0.5777884, 0.4170196, 0.567511, 1
0.4963126, 0.3584989, 0.5975208, 1
0.4691696, 0.4106718, 0.5789006, 1
0.5428107, 0.4835385, 0.6014579, 1
0.4645411, 0.3643371, 0.5368526, 1
0.5702631, 0.4285003, 0.6027528, 1
0.5550576, 0.4043725, 0.571163, 1
0.4814423, 0.3264296, 0.555918, 1
0.5344823, 0.4009826, 0.6398059, 1
0.5678217, 0.4657557, 0.6407745, 1
0.4520326, 0.4159939, 0.5492131, 1
0.5999034, 0.4414963, 0.6516628, 1
0.4445349, 0.3532264, 0.516112, 1
0.6081132, 0.4924059, 0.5975664, 1
0.5861716, 0.4561436, 0.5885007, 1
0.5103266, 0.3676584, 0.5473149, 1
0.5404538, 0.4615271, 0.659022, 1
0.5473706, 0.4543803, 0.572737, 1
0.4748935, 0.4459375, 0.5652919, 1
0.5027911, 0.419264, 0.6297823, 1
0.6398925, 0.4368837, 0.6025971, 1
0.5145681, 0.4282565, 0.5892602, 1
0.5338757, 0.3581824, 0.5630718, 1
0.4820685, 0.3259078, 0.5276287, 1
0.4490769, 0.4093817, 0.5240088, 1
0.5373276, 0.4853759, 0.6426012, 1
0.4778091, 0.3383503, 0.5266157, 1
0.4198098, 0.3691234, 0.5062701, 1
0.4987606, 0.4071247, 0.5939389, 1
0.5490564, 0.4098509, 0.6417707, 1
0.5866063, 0.5165763, 0.6080408, 1
0.4525553, 0.3996904, 0.5082987, 1
0.5000758, 0.4501078, 0.534883, 1
0.495083, 0.4094464, 0.5309092, 1
0.6039515, 0.4084885, 0.5773188, 1
0.4572576, 0.3463403, 0.5581676, 1
0.6246704, 0.4280847, 0.5877129, 1
0.5594056, 0.4956176, 0.6120489, 1
0.5894755, 0.4478016, 0.6604379, 1
0.5697473, 0.4044695, 0.6295744, 1
0.4873615, 0.4497475, 0.56452, 1
0.4524817, 0.3179056, 0.5568362, 1
0.4900347, 0.3943123, 0.6174209, 1
0.4708582, 0.3791531, 0.4903439, 1
0.5712415, 0.433744, 0.6096298, 1
0.5479612, 0.3973413, 0.5717375, 1
0.4526188, 0.3172637, 0.5593631, 1
0.5740094, 0.3974503, 0.5531267, 1
0.4752639, 0.3794754, 0.4605777, 1
0.5316936, 0.4870234, 0.5501652, 1
0.5109731, 0.3672017, 0.5069935, 1
0.6065146, 0.4528444, 0.6368871, 1
0.5537965, 0.4715285, 0.5558702, 1
0.5181714, 0.399658, 0.4999365, 1
0.4945262, 0.4041838, 0.6267734, 1
0.462664, 0.4179775, 0.5428075, 1
0.5417567, 0.4884207, 0.5521145, 1
0.5893206, 0.3912926, 0.6020151, 1
0.4254987, 0.3927083, 0.5231742, 1
0.6007297, 0.4790643, 0.5679417, 1
0.4313039, 0.3783222, 0.5616348, 1
0.4589859, 0.3911898, 0.5450454, 1
0.4739353, 0.3687228, 0.5623556, 1
0.4807025, 0.3709569, 0.5636513, 1
0.5053866, 0.4578258, 0.6329805, 1
0.5134444, 0.341935, 0.5091122, 1
0.5874748, 0.4094927, 0.5695002, 1
0.5050622, 0.4306273, 0.5224389, 1
0.421277, 0.3772737, 0.5195679, 1
0.4722348, 0.3960729, 0.5284453, 1
0.5479118, 0.4640687, 0.5437278, 1
0.4717988, 0.4131518, 0.5776179, 1
0.4889992, 0.3877394, 0.5114623, 1
0.5034941, 0.4561174, 0.6180109, 1
0.5533283, 0.4936418, 0.5975419, 1
0.4808232, 0.4178953, 0.6017835, 1
0.5488669, 0.4303106, 0.6566818, 1
0.5215893, 0.429101, 0.5660222, 1
0.5499963, 0.504742, 0.639797, 1
0.5086816, 0.4512376, 0.6069282, 1
0.4864748, 0.3609125, 0.5181482, 1
0.48901, 0.3511793, 0.5254974, 1
0.5007471, 0.3707467, 0.5482191, 1
0.511431, 0.3658063, 0.5718213, 1
0.5400392, 0.3988513, 0.5115703, 1
0.4473611, 0.3645658, 0.5669555, 1
0.5730913, 0.4494089, 0.5685268, 1
0.5359599, 0.3927639, 0.6324046, 1
0.5371122, 0.3993634, 0.5407646, 1
0.5586214, 0.4747247, 0.6167954, 1
0.5358424, 0.4119335, 0.4991242, 1
0.5696077, 0.4871689, 0.6114427, 1
0.5193531, 0.4391713, 0.5198122, 1
0.4975785, 0.4255203, 0.5522327, 1
0.5941112, 0.4624411, 0.6289936, 1
0.4976257, 0.3359312, 0.5352694, 1
0.5434443, 0.4389252, 0.5526507, 1
0.5761794, 0.4019582, 0.6332235, 1
0.5817569, 0.4766442, 0.5645914, 1
0.4751836, 0.4190813, 0.5221829, 1
0.4799269, 0.4114546, 0.5468097, 1
0.6196497, 0.4857021, 0.5723184, 1
0.4663883, 0.3653639, 0.5741857, 1
0.4697965, 0.4436558, 0.5684414, 1
0.5919282, 0.4939295, 0.6083477, 1
0.4797107, 0.4508547, 0.5649931, 1
0.5260084, 0.3553977, 0.526775, 1
0.4629309, 0.3782303, 0.5270427, 1
0.5375083, 0.3840924, 0.50115, 1
0.5212069, 0.4088465, 0.5773389, 1
0.5078204, 0.4391071, 0.6280587, 1
0.6082318, 0.4381144, 0.6231388, 1
0.5775104, 0.4738435, 0.5512121, 1
0.6039647, 0.4962652, 0.5882242, 1
0.5092115, 0.3452089, 0.4817757, 1
0.5689865, 0.5150337, 0.5855526, 1
0.5353929, 0.3970088, 0.5956351, 1
0.5783033, 0.4674654, 0.5687732, 1
0.5277884, 0.4350756, 0.5548306, 1
0.596441, 0.4630749, 0.6158562, 1
0.4919105, 0.4690138, 0.5975994, 1
0.5016463, 0.4504724, 0.5992241, 1
0.5198822, 0.4224214, 0.5312977, 1
0.4440459, 0.3966847, 0.5615832, 1
0.4670289, 0.4153228, 0.6035914, 1
0.5619546, 0.4375021, 0.5734403, 1
0.5777575, 0.4691584, 0.6147272, 1
0.4931732, 0.450997, 0.587391, 1
0.4559712, 0.3522674, 0.5147242, 1
0.5841051, 0.3964054, 0.6134483, 1
0.4672878, 0.3690613, 0.5507823, 1
0.4530935, 0.388632, 0.5346629, 1
0.4855792, 0.4048748, 0.5734994, 1
0.579985, 0.4023676, 0.6319005, 1
0.4864273, 0.3641532, 0.4723321, 1
0.5131458, 0.3993469, 0.5817867, 1
0.4356606, 0.3347431, 0.5513797, 1
0.5145761, 0.4022465, 0.5351829, 1
0.5153331, 0.4714231, 0.6209668, 1
0.5399265, 0.4003025, 0.6392066, 1
0.4423007, 0.4220253, 0.5842354, 1
0.5323594, 0.4657706, 0.6283814, 1
0.5717859, 0.4430893, 0.5372424, 1
0.521541, 0.4462847, 0.5945065, 1
0.5145685, 0.4539902, 0.5974371, 1
0.5098312, 0.4606949, 0.5362614, 1
0.4795462, 0.3854507, 0.5198321, 1
0.5008619, 0.4051242, 0.5562692, 1
0.4794027, 0.4112712, 0.52091, 1
0.5728883, 0.4218037, 0.6335363, 1
0.4834173, 0.395357, 0.6053117, 1
0.433538, 0.3968234, 0.5219838, 1
0.5812215, 0.4264522, 0.6444567, 1
0.5811487, 0.4666263, 0.6557844, 1
0.5554739, 0.3766274, 0.5493474, 1
0.5292926, 0.4404479, 0.6402103, 1
0.5322974, 0.4876584, 0.6058781, 1
0.4580079, 0.3302773, 0.557544, 1
0.5599619, 0.4331194, 0.6039178, 1
0.5193881, 0.3852481, 0.4867798, 1
0.6324317, 0.4447955, 0.5954368, 1
0.6267655, 0.4300551, 0.600661, 1
0.5580161, 0.4521235, 0.6306067, 1
0.5817993, 0.4522524, 0.63059, 1
0.5750442, 0.4326389, 0.5441805, 1
0.5915467, 0.407485, 0.5613678, 1
0.5817445, 0.4352862, 0.594465, 1
0.5375911, 0.3534664, 0.5450012, 1
0.5072935, 0.3743307, 0.5440965, 1
0.5020555, 0.4027788, 0.474325, 1
0.5671316, 0.4478362, 0.5653749, 1
0.5495636, 0.4546904, 0.5697903, 1
0.4159812, 0.3848928, 0.5437207, 1
0.484511, 0.33148, 0.5699227, 1
0.5047916, 0.4001718, 0.4777643, 1
0.5767809, 0.4178515, 0.5830687, 1
0.5460886, 0.4172285, 0.6488892, 1
0.5813081, 0.4145784, 0.5570597, 1
0.4580845, 0.3851761, 0.4602929, 1
0.6177539, 0.4317806, 0.5827128, 1
0.4884938, 0.4064626, 0.4952508, 1
0.4903491, 0.3229403, 0.5035965, 1
0.5631518, 0.4028159, 0.5304554, 1
0.5835739, 0.4661627, 0.5767234, 1
0.5387902, 0.4841669, 0.5474144, 1
0.5650135, 0.3973852, 0.6245673, 1
0.489355, 0.3678517, 0.4676687, 1
0.5474389, 0.4006468, 0.5663353, 1
0.5085194, 0.3742679, 0.5273944, 1
0.5467893, 0.4279357, 0.6152237, 1
0.5420347, 0.3662376, 0.5288161, 1
0.470657, 0.4427125, 0.5663003, 1
0.5310361, 0.4168164, 0.5541499, 1
0.4730444, 0.3536038, 0.5375291, 1
0.5017259, 0.3810403, 0.5104288, 1
0.5436668, 0.4109176, 0.621901, 1
0.5598387, 0.3881272, 0.5886726, 1
0.6139894, 0.4094035, 0.6137568, 1
0.5551058, 0.4950695, 0.6234115, 1
0.5890555, 0.4331813, 0.5553265, 1
0.5315272, 0.3733403, 0.5390523, 1
0.5159271, 0.4931777, 0.5855852, 1
0.4868408, 0.4300738, 0.5338429, 1
0.6332762, 0.4588264, 0.5815365, 1
0.4902448, 0.3119353, 0.5214297, 1
0.5055072, 0.3763638, 0.5125254, 1
0.5661932, 0.462029, 0.6623232, 1
0.6216862, 0.4535001, 0.5914286, 1
0.5601752, 0.3863766, 0.5464526, 1
0.5979546, 0.5058919, 0.6024322, 1
0.4802719, 0.3909006, 0.5015405, 1
0.5535396, 0.5016732, 0.6251166, 1
0.5436609, 0.3845702, 0.5757519, 1
0.535928, 0.4270447, 0.6523573, 1
0.4522981, 0.351584, 0.5743412, 1
0.478792, 0.4252125, 0.5460969, 1
0.525219, 0.45255, 0.5590358, 1
0.5406761, 0.471572, 0.611529, 1
0.6416343, 0.435748, 0.6076463, 1
0.5843082, 0.4217384, 0.5738621, 1
0.5690854, 0.4879832, 0.6427573, 1
0.4923584, 0.3930897, 0.5857342, 1
0.4968122, 0.4265291, 0.5749153, 1
0.5223067, 0.3702625, 0.5629346, 1
0.5904058, 0.4080522, 0.6056541, 1
0.601223, 0.4197871, 0.5814592, 1
0.4637576, 0.3722839, 0.547469, 1
0.4536361, 0.3592705, 0.5436787, 1
0.5691465, 0.4350269, 0.5917243, 1
0.5552843, 0.3961691, 0.5475078, 1
0.496538, 0.4509146, 0.541036, 1
0.5125471, 0.3559872, 0.544741, 1
0.4854201, 0.4005039, 0.5684451, 1
0.6049919, 0.4658736, 0.6207974, 1
0.4804654, 0.4091864, 0.5045038, 1
0.5867351, 0.4195102, 0.6122791, 1
0.5650964, 0.497014, 0.5707725, 1
0.4571697, 0.3936959, 0.5959809, 1
0.5796251, 0.436248, 0.5347466, 1
0.5741653, 0.4200711, 0.61329, 1
0.4561933, 0.3217428, 0.5641018, 1
0.5433422, 0.4497934, 0.6513433, 1
0.5735826, 0.4518548, 0.5622202, 1
0.5143438, 0.3899384, 0.6007478, 1
0.495602, 0.4614176, 0.5858885, 1
0.5031055, 0.3828016, 0.5406532, 1
0.4531066, 0.3999312, 0.5329255, 1
0.4991379, 0.409872, 0.5416692, 1
0.5392619, 0.407806, 0.5888981, 1
0.5317467, 0.4723408, 0.5446666, 1
0.5052708, 0.3980476, 0.4935513, 1
0.4167695, 0.360202, 0.5307416, 1
0.5057715, 0.3897884, 0.4800861, 1
0.4596398, 0.3430314, 0.552928, 1
0.5320634, 0.4876315, 0.620856, 1
0.426065, 0.3764939, 0.495211, 1
0.5601112, 0.4636734, 0.5954881, 1
0.4744287, 0.358881, 0.4950174, 1
0.5112745, 0.3289381, 0.516906, 1
0.5517901, 0.4716974, 0.5711833, 1
0.537524, 0.3981553, 0.6055997, 1
0.5054303, 0.4117337, 0.5481143, 1
0.5858831, 0.4806737, 0.5889881, 1
0.4855713, 0.4292502, 0.552093, 1
0.5475726, 0.4593959, 0.5622103, 1
0.5662779, 0.4366752, 0.5686296, 1
0.4937772, 0.4449873, 0.5900502, 1
0.4949114, 0.4279208, 0.5928774, 1
0.521505, 0.3935922, 0.5899401, 1
0.5084564, 0.4837152, 0.616929, 1
0.5640441, 0.4002287, 0.5448059, 1
0.4623155, 0.4050062, 0.5727007, 1
0.47331, 0.4475928, 0.5987788, 1
0.4605105, 0.3962618, 0.5712204, 1
0.5075094, 0.4658056, 0.5749118, 1
0.5500094, 0.4748158, 0.5436983, 1
0.4658688, 0.3934279, 0.4641622, 1
0.5065078, 0.4682854, 0.5899569, 1
0.5191327, 0.4443989, 0.576357, 1
0.5723819, 0.492184, 0.5591895, 1
0.5163562, 0.4591808, 0.5246094, 1
0.4918513, 0.3232366, 0.5500019, 1
0.5109183, 0.4607499, 0.5347917, 1
0.4838782, 0.3654328, 0.5221447, 1
0.5242468, 0.3491306, 0.5609317, 1
0.4811936, 0.3912815, 0.6164452, 1
0.5706474, 0.4961736, 0.6079272, 1
0.5795891, 0.4214465, 0.6220731, 1
0.530217, 0.4467007, 0.5452797, 1
0.550512, 0.4160471, 0.6322726, 1
0.560958, 0.4511423, 0.5500633, 1
0.5052795, 0.3447022, 0.4993609, 1
0.4992441, 0.3822819, 0.5556602, 1
0.5422999, 0.415975, 0.6221025, 1
0.5424231, 0.4667407, 0.6183161, 1
0.4330678, 0.4048829, 0.5640296, 1
0.584437, 0.3987626, 0.5721959, 1
0.5969909, 0.4161482, 0.6237331, 1
0.5109497, 0.4583323, 0.5447729, 1
0.5701131, 0.4866997, 0.6390355, 1
0.4221442, 0.3553869, 0.5651595, 1
0.5741784, 0.4080611, 0.5460243, 1
0.4259665, 0.3977297, 0.5568445, 1
0.5830055, 0.4981215, 0.5694168, 1
0.5455903, 0.3951323, 0.5131096, 1
0.4742158, 0.4067813, 0.5216733, 1
0.6083595, 0.4576893, 0.5921943, 1
0.5442859, 0.385456, 0.5664223, 1
0.5830208, 0.406585, 0.5726487, 1
0.5319083, 0.4341102, 0.5107992, 1
0.5928049, 0.4323102, 0.5975586, 1
0.5147714, 0.4051713, 0.5047907, 1
0.4749554, 0.3839906, 0.5251981, 1
0.5175684, 0.4324557, 0.598108, 1
0.5292591, 0.4046223, 0.5533028, 1
0.5482348, 0.4340422, 0.5877835, 1
0.6364218, 0.438673, 0.595115, 1
0.4372945, 0.3813198, 0.54448, 1
0.6002832, 0.4515075, 0.5543613, 1
0.5787802, 0.4885078, 0.5910134, 1
0.5655521, 0.425854, 0.537061, 1
0.5126061, 0.3452867, 0.5300899, 1
0.5049605, 0.39872, 0.4941765, 1
0.4843295, 0.3700703, 0.5501006, 1
0.512514, 0.4596644, 0.6309448, 1
0.5327783, 0.4774675, 0.5565862, 1
0.4987947, 0.3917707, 0.5993798, 1
0.5627915, 0.5035421, 0.5854024, 1
0.4889464, 0.4563909, 0.5865329, 1
0.5995881, 0.4916567, 0.6125921, 1
0.5738195, 0.4277916, 0.6012009, 1
0.4955323, 0.3850901, 0.5083964, 1
0.5296006, 0.5008221, 0.5920262, 1
0.5193006, 0.3835308, 0.6201925, 1
0.5805578, 0.4725772, 0.5750601, 1
0.4770374, 0.4490728, 0.584007, 1
0.5616721, 0.4361878, 0.642146, 1
0.4520268, 0.3311982, 0.5412641, 1
0.5887947, 0.406967, 0.578838, 1
0.45924, 0.358844, 0.5552908, 1
0.4679173, 0.3606973, 0.4993282, 1
0.5174301, 0.3804682, 0.5215577, 1
0.5988545, 0.4524034, 0.6450659, 1
0.4748231, 0.4460227, 0.6046031, 1
0.5413374, 0.4842158, 0.6158475, 1
0.5774914, 0.4556117, 0.6611469, 1
0.6170776, 0.4639988, 0.6135517, 1
0.5470396, 0.4046805, 0.5128755, 1
0.5251059, 0.4028948, 0.6035963, 1
0.4279552, 0.3887677, 0.573014, 1
0.5957632, 0.4782456, 0.5707527, 1
0.4994846, 0.4708073, 0.621421, 1
0.4482232, 0.4037437, 0.5547547, 1
0.5503979, 0.5168513, 0.615948, 1
0.4748264, 0.3808127, 0.5901023, 1
0.5742787, 0.441089, 0.6388457, 1
0.4480116, 0.3603103, 0.5126661, 1
0.4723718, 0.3931645, 0.6085191, 1
0.5192863, 0.3439628, 0.5195246, 1
0.4698413, 0.4097441, 0.4768903, 1
0.6031122, 0.4869122, 0.6033564, 1
0.5341018, 0.4473863, 0.6403553, 1
0.5916267, 0.4552548, 0.5631195, 1
0.4638407, 0.3685455, 0.504725, 1
0.4483302, 0.3374177, 0.5752488, 1
0.5989112, 0.4473131, 0.6123414, 1
0.5697505, 0.4670981, 0.5418914, 1
0.5186648, 0.3814946, 0.5733796, 1
0.5940955, 0.4667275, 0.5574309, 1
0.5608817, 0.5043107, 0.6529959, 1
0.5414448, 0.435072, 0.6321265, 1
0.4480683, 0.3660164, 0.5288677, 1
0.5340115, 0.429885, 0.6253568, 1
0.5975505, 0.4980552, 0.5823488, 1
0.5904931, 0.4863331, 0.5623862, 1
0.5301502, 0.3608043, 0.5178761, 1
0.5173025, 0.4207657, 0.6058561, 1
0.5293823, 0.392452, 0.5342981, 1
0.4430864, 0.3449672, 0.5656886, 1
0.5480984, 0.4810669, 0.5772575, 1
0.5245416, 0.3871228, 0.6202036, 1
0.454752, 0.3900675, 0.5522966, 1
0.5161133, 0.3708551, 0.5125821, 1
0.5564287, 0.4233489, 0.6611566, 1
0.4746565, 0.4270258, 0.5824044, 1
0.5848247, 0.4543467, 0.6359767, 1
0.4460621, 0.3683257, 0.5388191, 1
0.4743257, 0.3812636, 0.5888799, 1
0.4275589, 0.3934955, 0.550305, 1
0.536796, 0.4425767, 0.5633925, 1
0.5720072, 0.4248423, 0.5807635, 1
0.5289906, 0.4843495, 0.607767, 1
0.4726123, 0.3548054, 0.5604996, 1
0.4797867, 0.3385125, 0.50758, 1
0.622273, 0.4570482, 0.612549, 1
0.5793925, 0.482456, 0.6368818, 1
0.6091806, 0.4673934, 0.6077397, 1
0.4561873, 0.3974909, 0.5138785, 1
0.533136, 0.352315, 0.548472, 1
0.4660869, 0.3126747, 0.5515954, 1
0.6062938, 0.4895974, 0.5683901, 1
0.4248098, 0.3542592, 0.5357997, 1
0.4956888, 0.3470126, 0.5465355, 1
0.4707474, 0.3904948, 0.4676948, 1
0.5651415, 0.430556, 0.6714422, 1
0.4842296, 0.420758, 0.5015548, 1
0.4345574, 0.3701645, 0.4986941, 1
0.561411, 0.4232536, 0.652838, 1
0.4240342, 0.3839894, 0.525314, 1
0.5377776, 0.4246784, 0.6051732, 1
0.5351449, 0.4574053, 0.6447188, 1
0.4812577, 0.3749142, 0.4945878, 1
0.563749, 0.473767, 0.59611, 1
0.4737705, 0.3799087, 0.5207726, 1
0.4866614, 0.3621915, 0.5614827, 1
0.5181872, 0.407683, 0.5815595, 1
0.5593401, 0.3953075, 0.5255332, 1
0.5481725, 0.4126789, 0.5450091, 1
0.5508912, 0.4210438, 0.5128725, 1
0.5067568, 0.3636094, 0.5652471, 1
0.4831674, 0.3493991, 0.5344652, 1
0.5158432, 0.4642485, 0.5903717, 1
0.5099919, 0.3931487, 0.5302712, 1
0.5458682, 0.4286366, 0.5313591, 1
0.5753832, 0.4786917, 0.5753803, 1
0.4715301, 0.3606177, 0.5738015, 1
0.5945423, 0.4988063, 0.607335, 1
0.4819761, 0.4162693, 0.5040481, 1
0.4729667, 0.4123872, 0.5553111, 1
0.5415689, 0.4326274, 0.5901546, 1
0.5459594, 0.4881445, 0.6078295, 1
0.5218502, 0.3517596, 0.5676596, 1
0.4816738, 0.3979889, 0.547597, 1
0.5560971, 0.4291728, 0.6610278, 1
0.5347877, 0.4239852, 0.5461646, 1
0.4742334, 0.3699195, 0.517351, 1
0.5329231, 0.4315668, 0.6397592, 1
0.4297202, 0.3615043, 0.5224776, 1
0.5487377, 0.3700713, 0.5934655, 1
0.5433627, 0.4565355, 0.5639814, 1
0.4585773, 0.4286002, 0.5653741, 1
0.551715, 0.5165626, 0.6108146, 1
0.4944589, 0.4237266, 0.5856256, 1
0.5866567, 0.466784, 0.649287, 1
0.4972816, 0.4220215, 0.4847007, 1
0.432393, 0.3778954, 0.5510101, 1
0.4440923, 0.3362367, 0.5515932, 1
0.4904583, 0.3808602, 0.5574504, 1
0.577253, 0.4103145, 0.6109101, 1
0.5046524, 0.4242279, 0.593036, 1
0.5276349, 0.4026244, 0.5376965, 1
0.6149897, 0.4583374, 0.6036188, 1
0.6275446, 0.4157798, 0.6206167, 1
0.549015, 0.4810115, 0.6154853, 1
0.5060427, 0.3324243, 0.5263909, 1
0.5553889, 0.4782888, 0.6009606, 1
0.5956174, 0.4327199, 0.6287685, 1
0.5006304, 0.4068828, 0.5956545, 1
0.5234626, 0.3615339, 0.5694733, 1
0.4586405, 0.3835164, 0.4588472, 1
0.5503061, 0.504811, 0.6092597, 1
0.449084, 0.4318554, 0.5813216, 1
0.4759987, 0.3331693, 0.5429497, 1
0.5914609, 0.4377316, 0.5592954, 1
0.5813235, 0.4157289, 0.6537873, 1
0.5749356, 0.520197, 0.6020786, 1
0.5372083, 0.4106458, 0.5279094, 1
0.5781185, 0.4881885, 0.5846509, 1
0.5987188, 0.4503532, 0.6024042, 1
0.583326, 0.4519725, 0.6154314, 1
0.5332834, 0.4418775, 0.5814819, 1
0.551383, 0.4137106, 0.5638386, 1
0.4606671, 0.4057874, 0.5121301, 1
0.5369956, 0.3694788, 0.5863884, 1
0.5484402, 0.4610075, 0.5300587, 1
0.5905161, 0.4645198, 0.5777994, 1
0.4762672, 0.3731929, 0.4902461, 1
0.4761374, 0.4290885, 0.5787756, 1
0.5444295, 0.363059, 0.5719767, 1
0.5694305, 0.4902955, 0.6155488, 1
0.5430292, 0.3747968, 0.5504146, 1
0.5064856, 0.3937701, 0.6254616, 1
0.5942886, 0.4180261, 0.5832062, 1
0.5524597, 0.4729967, 0.6148961, 1
0.5691947, 0.4414039, 0.5659963, 1
0.4762998, 0.3949893, 0.5014732, 1
0.590351, 0.4966908, 0.5960049, 1
0.6248249, 0.4382444, 0.5984125, 1
0.6113705, 0.4173747, 0.6410044, 1
0.5106856, 0.4123865, 0.5837923, 1
0.5374112, 0.4790442, 0.5636984, 1
0.5269825, 0.4380196, 0.6076152, 1
0.4948019, 0.4654804, 0.5607768, 1
0.560143, 0.4553961, 0.5821156, 1
0.5554476, 0.3884713, 0.6238064, 1
0.528675, 0.4215112, 0.6363313, 1
0.6054996, 0.4236723, 0.6325864, 1
0.4967217, 0.3436371, 0.4751867, 1
0.4948915, 0.3537902, 0.5424796, 1
0.4703929, 0.3278961, 0.5357862, 1
0.4907033, 0.4627208, 0.6088782, 1
0.4604922, 0.4154752, 0.5879213, 1
0.4959362, 0.3579542, 0.5805885, 1
0.5527607, 0.4558786, 0.6210439, 1
0.537496, 0.4044226, 0.5921667, 1
0.5902954, 0.5027922, 0.5753779, 1
0.4175456, 0.3519493, 0.5615197, 1
0.5185256, 0.3747745, 0.5703549, 1
0.5712882, 0.5102962, 0.5889329, 1
0.5731969, 0.4503809, 0.5962393, 1
0.5878365, 0.467091, 0.5700538, 1
0.4661449, 0.4032677, 0.5707979, 1
0.4636854, 0.3238458, 0.5313629, 1
0.4241086, 0.3757372, 0.5050083, 1
0.4783106, 0.3271203, 0.5352362, 1
0.5168629, 0.3818038, 0.5303218, 1
0.5242544, 0.4272466, 0.6197851, 1
0.5396228, 0.4311714, 0.6492081, 1
0.5020272, 0.3715611, 0.5799564, 1
0.4418144, 0.3984318, 0.5347931, 1
0.5106046, 0.4152105, 0.6122821, 1
0.5539022, 0.4963079, 0.6323999, 1
0.5911962, 0.457217, 0.6439764, 1
0.4896671, 0.3239509, 0.5506119, 1
0.5853552, 0.5181457, 0.5882924, 1
0.5257296, 0.372192, 0.5931973, 1
0.5612497, 0.4492303, 0.5940793, 1
0.5949482, 0.5025713, 0.5989882, 1
0.4517822, 0.3815031, 0.541429, 1
0.452854, 0.3739235, 0.5342027, 1
0.5955544, 0.5039423, 0.6019426, 1
0.5703471, 0.4421622, 0.5778251, 1
0.5530599, 0.4084873, 0.6276241, 1
0.6303594, 0.4501559, 0.5800443, 1
0.5128221, 0.333192, 0.5296754, 1
0.5450153, 0.500188, 0.6134326, 1
0.5072249, 0.4174141, 0.4839628, 1
0.5399926, 0.46583, 0.583187, 1
0.5498618, 0.4120092, 0.56139, 1
0.5389711, 0.4192674, 0.5108734, 1
0.5233242, 0.4556526, 0.5882135, 1
0.5175068, 0.3588721, 0.5940007, 1
0.5175738, 0.450146, 0.5499232, 1
0.5629662, 0.39532, 0.5766721, 1
0.5420681, 0.4731804, 0.6586346, 1
0.4910344, 0.414715, 0.4852966, 1
0.5948809, 0.4502481, 0.6209096, 1
0.5513545, 0.5024208, 0.6172984, 1
0.4954787, 0.3508564, 0.5300939, 1
0.5425749, 0.4478776, 0.5426111, 1
0.5568807, 0.499422, 0.5907989, 1
0.44029, 0.4153369, 0.5544481, 1
0.5751393, 0.5058988, 0.6025342, 1
0.5636156, 0.4367999, 0.5916801, 1
0.4854882, 0.4393545, 0.5383224, 1
0.530581, 0.4616183, 0.6309269, 1
0.5424791, 0.3666693, 0.5903348, 1
0.4213338, 0.3662325, 0.5165551, 1
0.5931606, 0.4298923, 0.5736842, 1
0.4519617, 0.4021241, 0.5761342, 1
0.5210178, 0.414276, 0.6115518, 1
0.5216242, 0.4807739, 0.5704494, 1
0.4815183, 0.3911425, 0.5326188, 1
0.5837342, 0.4713088, 0.6429482, 1
0.5503244, 0.4224509, 0.6593499, 1
0.4957321, 0.4043307, 0.5736377, 1
0.5853359, 0.4550974, 0.6317815, 1
0.5239562, 0.3996893, 0.5584837, 1
0.4687581, 0.3903634, 0.6042753, 1
0.4975817, 0.3354604, 0.4910389, 1
0.4761933, 0.3651858, 0.550702, 1
0.5665712, 0.4612911, 0.6362551, 1
0.4804766, 0.3198688, 0.5459606, 1
0.5889686, 0.4475082, 0.5612306, 1
0.466425, 0.3568785, 0.5033785, 1
0.5508054, 0.4497662, 0.6398441, 1
0.469535, 0.4255129, 0.6106627, 1
0.4804842, 0.3592403, 0.4742601, 1
0.5586316, 0.4060779, 0.5838283, 1
0.6182778, 0.4329123, 0.6230491, 1
0.5664669, 0.445329, 0.6591937, 1
0.5416238, 0.4573085, 0.5846127, 1
0.5924043, 0.4703721, 0.5803747, 1
0.4766663, 0.3704576, 0.5156138, 1
0.5060179, 0.4649186, 0.565393, 1
0.5394892, 0.4115255, 0.6363982, 1
0.5305434, 0.4989324, 0.6022783, 1
0.5138124, 0.4222223, 0.5630019, 1
0.4057517, 0.3633942, 0.5416541, 1
0.473442, 0.4445361, 0.5890151, 1
0.5345691, 0.416929, 0.6287069, 1
0.5063738, 0.4635793, 0.5863851, 1
0.5883631, 0.4033192, 0.6175533, 1
0.4954955, 0.4295297, 0.5824074, 1
0.481067, 0.4110096, 0.5551507, 1
0.4868637, 0.4216791, 0.4905155, 1
0.5330966, 0.3721215, 0.5952401, 1
0.424209, 0.378952, 0.5003372, 1
0.5021557, 0.391082, 0.6066454, 1
0.5389676, 0.4359214, 0.6278405, 1
0.4350488, 0.3706727, 0.575201, 1
0.5181917, 0.4863597, 0.5608004, 1
0.629397, 0.4238068, 0.6165366, 1
0.4822898, 0.4328622, 0.5647279, 1
0.4972713, 0.4209283, 0.576132, 1
0.5432246, 0.4212007, 0.5179768, 1
0.528806, 0.4262457, 0.6129214, 1
0.4578281, 0.3919172, 0.5290778, 1
0.5921968, 0.4545212, 0.6064194, 1
0.5334561, 0.3912481, 0.5197077, 1
0.539898, 0.415406, 0.5539463, 1
0.5687345, 0.4908952, 0.5568249, 1
0.5817215, 0.4220015, 0.6506041, 1
0.4536131, 0.3542906, 0.5126011, 1
0.5145321, 0.3456684, 0.570156, 1
0.4200431, 0.3778777, 0.5644862, 1
0.5680203, 0.4608034, 0.6447846, 1
0.490643, 0.4170762, 0.4830877, 1
0.5861042, 0.4247265, 0.6485406, 1
0.4471388, 0.3997168, 0.5893075, 1
0.4452817, 0.3980497, 0.5758546, 1
0.5537543, 0.4230959, 0.533447, 1
0.4792358, 0.4218318, 0.574361, 1
0.5705736, 0.4276507, 0.5444809, 1
0.4809949, 0.4370421, 0.5412844, 1
0.5140657, 0.3478197, 0.502771, 1
0.4970261, 0.4063559, 0.5202948, 1
0.529433, 0.4389661, 0.648221, 1
0.5216141, 0.3720529, 0.5812303, 1
0.5254816, 0.399903, 0.5401839, 1
0.4278393, 0.4047389, 0.548779, 1
0.5405924, 0.3772429, 0.5900275, 1
0.463649, 0.3849007, 0.5928886, 1
0.5099727, 0.37891, 0.5246333, 1
0.4994225, 0.4103635, 0.5969984, 1
0.4653842, 0.3218587, 0.5626115, 1
0.5423245, 0.4150932, 0.5804961, 1
0.5279225, 0.4278676, 0.5076391, 1
0.5111018, 0.3757243, 0.5811983, 1
0.4242729, 0.3952829, 0.5421309, 1
0.4632899, 0.4311894, 0.557682, 1
0.5575727, 0.4655852, 0.6653206, 1
0.47967, 0.4025221, 0.5060975, 1
0.535255, 0.5019342, 0.5844463, 1
0.4901931, 0.3559821, 0.4962513, 1
0.5062025, 0.4135479, 0.6056911, 1
0.4764112, 0.4151807, 0.5938854, 1
0.4775769, 0.4370534, 0.5473514, 1
0.5241968, 0.4602867, 0.5451263, 1
0.5198704, 0.3655314, 0.5126608, 1
0.498065, 0.3166311, 0.5316526, 1
0.5058856, 0.3648711, 0.6032556, 1
0.5456367, 0.4446844, 0.6015996, 1
0.446134, 0.4084963, 0.5786619, 1
0.4879579, 0.3508744, 0.5303131, 1
0.5850499, 0.4646061, 0.5981565, 1
0.5282373, 0.4282273, 0.5894866, 1
0.4884865, 0.4466129, 0.6033396, 1
0.4983467, 0.4199649, 0.5807509, 1
0.5733396, 0.4080042, 0.6310076, 1
0.5297438, 0.4380774, 0.5288039, 1
0.5495858, 0.373999, 0.6010462, 1
0.5419322, 0.4099963, 0.5036922, 1
0.5343835, 0.4355797, 0.5672823, 1
0.6065912, 0.4839531, 0.5955234, 1
0.4813688, 0.4094101, 0.5862051, 1
0.5654439, 0.4499848, 0.6643014, 1
0.6200626, 0.4143824, 0.6217121, 1
0.4871674, 0.4463958, 0.5625498, 1
0.5546879, 0.4438993, 0.625773, 1
0.578623, 0.4886785, 0.570493, 1
0.5720264, 0.4453221, 0.6053351, 1
0.4838079, 0.3999578, 0.4796862, 1
0.5533608, 0.4321587, 0.660903, 1
0.5844432, 0.4100312, 0.6221166, 1
0.5604801, 0.3890386, 0.5696107, 1
0.493488, 0.4593492, 0.5564023, 1
0.4574439, 0.3811916, 0.5733663, 1
0.5081471, 0.3522416, 0.5644009, 1
0.6317772, 0.4691454, 0.5889126, 1
0.5694516, 0.4491028, 0.5326746, 1
0.559269, 0.4870979, 0.5983617, 1
0.4541584, 0.3756776, 0.4671785, 1
0.4906737, 0.3418234, 0.5804581, 1
0.5130234, 0.4273736, 0.5517949, 1
0.5498825, 0.4503415, 0.637989, 1
0.4959213, 0.3480257, 0.5305498, 1
0.458964, 0.3761236, 0.4760214, 1
0.4948905, 0.3272007, 0.4990757, 1
0.4925624, 0.329418, 0.5584175, 1
0.4574597, 0.3929867, 0.5107056, 1
0.5081488, 0.4195696, 0.5746801, 1
0.5614545, 0.448308, 0.6011193, 1
0.420882, 0.381193, 0.4987653, 1
0.4221362, 0.3920272, 0.5220383, 1
0.5649894, 0.4198978, 0.6014874, 1
0.4536315, 0.3795832, 0.5002553, 1
0.4990492, 0.3783965, 0.56028, 1
0.5852931, 0.4362139, 0.5621505, 1
0.5206223, 0.3963579, 0.5197515, 1
0.55797, 0.4741129, 0.6060702, 1
0.5408539, 0.4049405, 0.5864862, 1
0.4815644, 0.425871, 0.5687121, 1
0.4229477, 0.3670798, 0.5686649, 1
0.466286, 0.4111803, 0.5421662, 1
0.5708165, 0.411112, 0.5523193, 1
0.5890403, 0.5101442, 0.6033317, 1
0.451581, 0.3574781, 0.5760747, 1
0.4910395, 0.4432564, 0.5366902, 1
0.5334538, 0.441905, 0.6109238, 1
0.5397763, 0.4105819, 0.6430956, 1
0.5274228, 0.4460526, 0.5079471, 1
0.4694945, 0.4021736, 0.5658788, 1
0.5975931, 0.4625744, 0.5745332, 1
0.5680784, 0.4679629, 0.5885158, 1
0.4622542, 0.3822511, 0.5434074, 1
0.483689, 0.4257703, 0.5419359, 1
0.5443567, 0.4726463, 0.6255581, 1
0.5066642, 0.4354939, 0.5646603, 1
0.5535906, 0.3747118, 0.5880578, 1
0.5117916, 0.4231156, 0.5556351, 1
0.614936, 0.419392, 0.6388621, 1
0.5151808, 0.3736772, 0.4968165, 1
0.535151, 0.4595623, 0.5928694, 1
0.5373669, 0.3831568, 0.5114562, 1
0.5094454, 0.4383997, 0.5584629, 1
0.4682519, 0.3968839, 0.5166532, 1
0.5883645, 0.4393674, 0.6382996, 1
0.471479, 0.3790076, 0.551231, 1
0.5666645, 0.457497, 0.6535072, 1
0.5211986, 0.3790212, 0.5447586, 1
0.6093507, 0.4277056, 0.6462662, 1
0.4472432, 0.360197, 0.5045031, 1
0.5689707, 0.4147779, 0.6131489, 1
0.4877463, 0.413222, 0.4734719, 1
0.5244412, 0.4481534, 0.638245, 1
0.523873, 0.3522664, 0.5146238, 1
0.479376, 0.4176422, 0.4957997, 1
0.5190731, 0.4558049, 0.54467, 1
0.5010709, 0.423079, 0.5712618, 1
0.4440251, 0.3810581, 0.584628, 1
0.5048196, 0.3696683, 0.4845762, 1
0.5384076, 0.4064685, 0.6398481, 1
0.5805587, 0.4829057, 0.642666, 1
0.5285048, 0.3548927, 0.5784644, 1
0.611266, 0.4159588, 0.6325347, 1
0.4403409, 0.4061294, 0.5303653, 1
0.4584386, 0.4287182, 0.5600621, 1
0.562026, 0.3899105, 0.5936674, 1
0.5151574, 0.4130597, 0.5907949, 1
0.501316, 0.4143733, 0.5071763, 1
0.569921, 0.4073335, 0.5511616, 1
0.4659974, 0.4030169, 0.5027115, 1
0.4054948, 0.3555673, 0.5519856, 1
0.4822966, 0.3578689, 0.4931706, 1
0.5227424, 0.394545, 0.5716, 1
0.5866274, 0.499341, 0.6077897, 1
0.601165, 0.4532253, 0.5732013, 1
0.4625034, 0.3607342, 0.5509524, 1
0.5454644, 0.4061959, 0.5118595, 1
0.4030732, 0.3689932, 0.5286413, 1
0.5659288, 0.4512532, 0.6817663, 1
0.5168976, 0.3410305, 0.5086032, 1
0.4724173, 0.4104574, 0.5187278, 1
0.5415183, 0.4848824, 0.6402358, 1
0.4924148, 0.347587, 0.5152817, 1
0.4626805, 0.3461906, 0.5141019, 1
0.5683208, 0.5182881, 0.6033266, 1
0.4945434, 0.3473389, 0.5042316, 1
0.523442, 0.4925926, 0.5683976, 1
0.5036367, 0.408123, 0.4979395, 1
0.5940695, 0.4547075, 0.5963392, 1
0.4404206, 0.3628257, 0.5570838, 1
0.465367, 0.3882802, 0.5812274, 1
0.556818, 0.4806384, 0.6736796, 1
0.5261689, 0.444213, 0.6178046, 1
0.5760179, 0.3918776, 0.5845888, 1
0.5423861, 0.3640632, 0.5375325, 1
0.4687679, 0.400966, 0.5981262, 1
0.4551509, 0.4311376, 0.569809, 1
0.5490816, 0.3983316, 0.6111587, 1
0.5018589, 0.435848, 0.6337445, 1
0.5258831, 0.4078867, 0.5843059, 1
0.5624547, 0.4677786, 0.5457936, 1
0.5539809, 0.4435948, 0.5351461, 1
0.5750666, 0.4980414, 0.6282918, 1
0.4701899, 0.3181604, 0.5452449, 1
0.5754684, 0.4508025, 0.6214594, 1
0.6216469, 0.4298238, 0.6001807, 1
0.6050628, 0.4279855, 0.5882174, 1
0.4758465, 0.4180797, 0.5193718, 1
0.4731431, 0.4355452, 0.5519796, 1
0.5557069, 0.5068107, 0.6174576, 1
0.4794418, 0.3203109, 0.5436117, 1
0.5623793, 0.4698455, 0.6824406, 1
0.6078254, 0.4530885, 0.5811855, 1
0.406926, 0.3787188, 0.5366724, 1
0.4487651, 0.3791858, 0.5757895, 1
0.5570243, 0.4765629, 0.5970438, 1
0.5839356, 0.4594225, 0.6322021, 1
0.5044569, 0.4217201, 0.590762, 1
0.4993281, 0.3834006, 0.525943, 1
0.5431142, 0.3679321, 0.5646924, 1
0.5456661, 0.377821, 0.5258307, 1
0.4360354, 0.3952152, 0.5163954, 1
0.4319084, 0.3807864, 0.4882262, 1
0.54361, 0.4782784, 0.6589799, 1
0.5310189, 0.3639244, 0.5417621, 1
0.5010064, 0.3574517, 0.4998249, 1
0.4764975, 0.4072773, 0.531498, 1
0.5608316, 0.4074842, 0.6267008, 1
0.5210087, 0.3667278, 0.5061243, 1
0.4450559, 0.3691862, 0.4860452, 1
0.5957103, 0.4826884, 0.5765595, 1
0.5598391, 0.4632678, 0.5780448, 1
0.5851373, 0.4175703, 0.6641595, 1
0.5949463, 0.4518753, 0.5712444, 1
0.5548824, 0.4089446, 0.5431001, 1
0.4830233, 0.4113902, 0.5176693, 1
0.6161109, 0.4371891, 0.5850601, 1
0.5078702, 0.457323, 0.5344115, 1
0.578685, 0.5021671, 0.5886402, 1
0.4778289, 0.3296348, 0.5532771, 1
0.4847763, 0.3472826, 0.4800366, 1
0.5135247, 0.4778813, 0.6255952, 1
0.6021607, 0.4726988, 0.5582065, 1
0.4627506, 0.3561504, 0.5492458, 1
0.5191559, 0.4725658, 0.5828295, 1
0.4444811, 0.3925975, 0.4818327, 1
0.4968756, 0.412953, 0.6026918, 1
0.5173793, 0.4746905, 0.6138913, 1
0.554, 0.4335691, 0.6031418, 1
0.5569122, 0.3816761, 0.5652278, 1
0.5904617, 0.4014247, 0.6006548, 1
0.5568957, 0.4678184, 0.6389003, 1
0.45041, 0.3987803, 0.4995711, 1
0.5456793, 0.4288034, 0.5921867, 1
0.5346528, 0.4527689, 0.5480667, 1
0.6013206, 0.4085279, 0.6103227, 1
0.5381708, 0.4650865, 0.6027124, 1
0.5120547, 0.4513631, 0.6342213, 1
0.4722391, 0.4079701, 0.5803946, 1
0.4909003, 0.343487, 0.5253934, 1
0.4720117, 0.3779932, 0.5643434, 1
0.6054527, 0.4430524, 0.6356066, 1
0.5318864, 0.4217671, 0.6139389, 1
0.6011217, 0.5104231, 0.5811287, 1
0.4758241, 0.3900901, 0.4767842, 1
0.5690343, 0.4185233, 0.6354374, 1
0.4647808, 0.4289932, 0.5504788, 1
0.5078989, 0.3833118, 0.5521259, 1
0.5141024, 0.4551192, 0.6260082, 1
0.5203446, 0.4493696, 0.5292371, 1
0.5655819, 0.4378589, 0.6552161, 1
0.595001, 0.4747013, 0.5983187, 1
0.5857286, 0.4756772, 0.5937046, 1
0.5117167, 0.384863, 0.5463299, 1
0.4975806, 0.3530158, 0.5541515, 1
0.5818094, 0.4267184, 0.5701386, 1
0.4735691, 0.4213134, 0.5453169, 1
0.4632622, 0.3248124, 0.5507928, 1
0.5514334, 0.494073, 0.659445, 1
0.531428, 0.3999279, 0.5841305, 1
0.573696, 0.3958837, 0.5579821, 1
0.4198204, 0.3832656, 0.5149481, 1
0.5863044, 0.4222199, 0.5577386, 1
0.5983841, 0.413401, 0.5645925, 1
0.5247867, 0.4213164, 0.6472099, 1
0.5308311, 0.3674069, 0.5978838, 1
0.5032371, 0.3511659, 0.5042151, 1
0.5826614, 0.4170567, 0.58644, 1
0.4455971, 0.378741, 0.4894382, 1
0.4704027, 0.3739154, 0.5701984, 1
0.5714857, 0.4897998, 0.6020975, 1
0.4506803, 0.4211287, 0.5535006, 1
0.4644227, 0.4263364, 0.5445521, 1
0.4874941, 0.4235024, 0.6070052, 1
0.4194087, 0.360156, 0.5650597, 1
0.4751634, 0.4103257, 0.565972, 1
0.4749651, 0.434274, 0.5717182, 1
0.6155008, 0.4685295, 0.5744187, 1
0.5586289, 0.3730978, 0.5646384, 1
0.60245, 0.4804401, 0.5637739, 1
0.5601492, 0.4449368, 0.5471828, 1
0.5228396, 0.357996, 0.5038952, 1
0.5328293, 0.4040614, 0.5090282, 1
0.5404197, 0.425706, 0.644141, 1
0.4834478, 0.3517027, 0.5025653, 1
0.5265419, 0.4271928, 0.5615031, 1
0.4910769, 0.4373181, 0.5229297, 1
0.4529566, 0.3927032, 0.5582016, 1
0.4781586, 0.3424199, 0.5690188, 1
0.514772, 0.3428325, 0.5309563, 1
0.545723, 0.3597909, 0.5541755, 1
0.5442997, 0.3960647, 0.6101903, 1
0.4425077, 0.3720148, 0.5808882, 1
0.4578463, 0.3847575, 0.5456355, 1
0.5478323, 0.4794524, 0.5816179, 1
0.542362, 0.4093297, 0.6384882, 1
0.4616652, 0.4230132, 0.5977203, 1
0.5028749, 0.4216117, 0.6140077, 1
0.6251642, 0.4469573, 0.5791373, 1
0.5879856, 0.478543, 0.6123145, 1
0.5387436, 0.4430651, 0.5404435, 1
0.5351824, 0.3650054, 0.5854816, 1
0.5593338, 0.3940699, 0.587933, 1
0.5001994, 0.4359481, 0.538767, 1
0.4526997, 0.4270646, 0.5944619, 1
0.5129787, 0.4428696, 0.5796897, 1
0.5497527, 0.4993044, 0.6431543, 1
0.488998, 0.3775421, 0.5117255, 1
0.4229133, 0.3752052, 0.5551797, 1
0.5240379, 0.4572034, 0.5870599, 1
0.4370651, 0.3356563, 0.5661777, 1
0.4565774, 0.3921316, 0.4762143, 1
0.4813689, 0.4130537, 0.5037814, 1
0.4633782, 0.4020166, 0.519536, 1
0.5429891, 0.4767396, 0.6650798, 1
0.5657028, 0.4991478, 0.5928478, 1
0.4786946, 0.3840179, 0.5323096, 1
0.5689678, 0.4767643, 0.5700836, 1
0.5145105, 0.4345953, 0.5010287, 1
0.437203, 0.3934273, 0.5375811, 1
0.5566795, 0.4671064, 0.5869808, 1
0.5170943, 0.442326, 0.6088725, 1
0.5572597, 0.4747382, 0.6663826, 1
0.585992, 0.4084718, 0.5509235, 1
0.5643029, 0.3853281, 0.5402137, 1
0.4956632, 0.3574573, 0.556281, 1
0.5417837, 0.4703639, 0.6362432, 1
0.4619183, 0.4324508, 0.5620731, 1
0.5707071, 0.4620253, 0.5901054, 1
0.4977714, 0.3735122, 0.5877696, 1
0.5513912, 0.4685067, 0.5991389, 1
0.5932476, 0.4624928, 0.607648, 1
0.4327816, 0.4002082, 0.5374018, 1
0.5728486, 0.4521655, 0.5867491, 1
0.5432382, 0.3682842, 0.5404344, 1
0.5835732, 0.4167777, 0.6393523, 1
0.6101135, 0.4102101, 0.6382428, 1
0.4613946, 0.3282635, 0.5512465, 1
0.4543422, 0.3438747, 0.5659596, 1
0.5119675, 0.4642075, 0.5415415, 1
0.5995575, 0.4293677, 0.602311, 1
0.5091756, 0.4820379, 0.6006851, 1
0.4321814, 0.3384697, 0.5524347, 1
0.5297028, 0.3767634, 0.5260739, 1
0.5085926, 0.4666196, 0.5573136, 1
0.5546975, 0.4444584, 0.559271, 1
0.5512822, 0.5026304, 0.5759608, 1
0.5103472, 0.3265747, 0.521029, 1
0.482449, 0.3171408, 0.5410674, 1
0.5517832, 0.4998806, 0.5871498, 1
0.5474992, 0.4412755, 0.6645782, 1
0.6067896, 0.4273429, 0.5654562, 1
0.5684129, 0.4902922, 0.6001363, 1
0.5118096, 0.3662976, 0.5834097, 1
0.4995646, 0.4756539, 0.5718601, 1
0.5968459, 0.4294969, 0.6359591, 1
0.5555435, 0.3868147, 0.6203946, 1
0.499285, 0.365674, 0.4828838, 1
0.5702378, 0.421672, 0.647224, 1
0.5390077, 0.4944345, 0.5905054, 1
0.5256913, 0.4697369, 0.5821285, 1
0.4786062, 0.3238342, 0.5364644, 1
0.500488, 0.4324701, 0.6222931, 1
0.5019373, 0.3600735, 0.5850589, 1
0.5246664, 0.4373029, 0.6357342, 1
0.6186997, 0.4761631, 0.5903586, 1
0.5543215, 0.3890468, 0.548296, 1
0.5865721, 0.4897263, 0.5586493, 1
0.486777, 0.3541928, 0.5500484, 1
0.4842464, 0.432502, 0.5245044, 1
0.5732036, 0.4218588, 0.6434516, 1
0.594114, 0.4401661, 0.5884216, 1
0.5083328, 0.3790624, 0.5946428, 1
0.5651106, 0.3789432, 0.5934663, 1
0.5734175, 0.493044, 0.6074805, 1
0.4847594, 0.3637002, 0.4810234, 1
0.5912114, 0.431872, 0.5688987, 1
0.4719395, 0.4181035, 0.5398442, 1
0.5581489, 0.3935523, 0.5828544, 1
0.4975952, 0.4196574, 0.5112345, 1
0.5010362, 0.4418182, 0.6277142, 1
0.4802748, 0.4100108, 0.487352, 1
0.5278383, 0.3918411, 0.5726033, 1
0.6275112, 0.4407261, 0.5965199, 1
0.4780503, 0.4077326, 0.5166799, 1
0.5516977, 0.4270885, 0.5459022, 1
0.5904317, 0.4259587, 0.6026205, 1
0.5352842, 0.4737147, 0.5803766, 1
0.4906825, 0.4195957, 0.5728972, 1
0.5324727, 0.3601434, 0.5577439, 1
0.4320071, 0.4097995, 0.5521024, 1
0.517462, 0.3476508, 0.5781854, 1
0.5625727, 0.4515119, 0.56313, 1
0.4987608, 0.4242069, 0.6302629, 1
0.5274878, 0.3990472, 0.584838, 1
0.5033557, 0.4635194, 0.6008657, 1
0.4686984, 0.4131971, 0.6060236, 1
0.4771082, 0.420519, 0.5215939, 1
0.5494683, 0.4673834, 0.5390607, 1
0.5909383, 0.3932463, 0.6156014, 1
0.4666644, 0.4462239, 0.575212, 1
0.4905081, 0.4059353, 0.526264, 1
0.5663959, 0.4272259, 0.5809609, 1
0.479339, 0.3736677, 0.598333, 1
0.5653557, 0.4213315, 0.5902285, 1
0.5983113, 0.4955659, 0.592369, 1
0.5467453, 0.4457723, 0.6512474, 1
0.4447344, 0.3955806, 0.5446568, 1
0.4557489, 0.3617302, 0.5506731, 1
0.5848991, 0.4072831, 0.6168228, 1
0.4769603, 0.320618, 0.534122, 1
0.5570209, 0.4120907, 0.5671245, 1
0.5558462, 0.4530781, 0.5594555, 1
0.5160151, 0.4096397, 0.6398062, 1
0.5505165, 0.417561, 0.5752552, 1
0.4718299, 0.3294277, 0.5689936, 1
0.5515381, 0.4015983, 0.6063442, 1
0.4523167, 0.3686599, 0.5231414, 1
0.5187381, 0.3798983, 0.5513873, 1
0.5000318, 0.3687269, 0.4953331, 1
0.5472497, 0.3759096, 0.6109502, 1
0.4639248, 0.4281881, 0.5498593, 1
0.5577432, 0.3739712, 0.5880404, 1
0.5381745, 0.3608294, 0.5521264, 1
0.4938158, 0.3883111, 0.4658096, 1
0.5629923, 0.4709774, 0.6357429, 1
0.4540651, 0.4298335, 0.5692369, 1
0.6092772, 0.4129911, 0.6333567, 1
0.4745997, 0.4232267, 0.5485067, 1
0.509767, 0.473274, 0.5694464, 1
0.4676058, 0.3885839, 0.4955933, 1
0.4791127, 0.4060757, 0.526803, 1
0.533417, 0.4155185, 0.5850508, 1
0.5104594, 0.4011253, 0.5520458, 1
0.5515408, 0.4478563, 0.5863003, 1
0.5199478, 0.4735057, 0.5407428, 1
0.5374703, 0.4412812, 0.6154659, 1
0.5910022, 0.5076424, 0.5851591, 1
0.5629073, 0.4355679, 0.6105481, 1
0.4294558, 0.3917489, 0.5728841, 1
0.5677585, 0.4729623, 0.5962759, 1
0.4241065, 0.383838, 0.4904484, 1
0.5686677, 0.3999917, 0.5561635, 1
0.4958105, 0.4301942, 0.5124369, 1
0.4650295, 0.4069037, 0.571312, 1
0.5647454, 0.4799332, 0.5721365, 1
0.6066986, 0.4272441, 0.6230415, 1
0.5186166, 0.3465561, 0.5511116, 1
0.5389975, 0.4069229, 0.6094779, 1
0.5375745, 0.4140112, 0.5900037, 1
0.5099861, 0.409647, 0.5909274, 1
0.5579485, 0.3972643, 0.5824136, 1
0.4917651, 0.444666, 0.6163672, 1
0.4238189, 0.3713065, 0.5710883, 1
0.5167378, 0.4161763, 0.5363314, 1
0.4439226, 0.4013657, 0.5185781, 1
0.4726711, 0.4377242, 0.5758374, 1
0.5241244, 0.4759666, 0.6092603, 1
0.4880435, 0.3440818, 0.5478163, 1
0.5209185, 0.4876253, 0.6083969, 1
0.5256922, 0.3967283, 0.6154304, 1
0.5398805, 0.4836676, 0.6435857, 1
0.581268, 0.4263866, 0.6266416, 1
0.613874, 0.4441819, 0.5814205, 1
0.4209033, 0.3657589, 0.5483684, 1
0.4572237, 0.371446, 0.555984, 1
0.4275285, 0.3968981, 0.5682256, 1
0.5208722, 0.3776463, 0.5426857, 1
0.4823368, 0.4266102, 0.6009459, 1
0.5163432, 0.42893, 0.5715108, 1
0.5360844, 0.4349961, 0.5647073, 1
0.4663966, 0.4293042, 0.5920476, 1
0.6019385, 0.4114998, 0.6330966, 1
0.5648245, 0.4883901, 0.5989389, 1
0.5029131, 0.366284, 0.5140752, 1
0.4392464, 0.3579601, 0.5655521, 1
0.5780762, 0.4297943, 0.5471659, 1
0.5514473, 0.4161008, 0.5380558, 1
0.525396, 0.4494933, 0.5747898, 1
0.4410397, 0.3418887, 0.5630143, 1
0.4984842, 0.3726203, 0.543146, 1
0.5801789, 0.4645216, 0.6061532, 1
0.4552799, 0.4121259, 0.5889439, 1
0.4800915, 0.4314457, 0.5555649, 1
0.5457525, 0.3900806, 0.5289948, 1
0.597681, 0.427556, 0.6084648, 1
0.6032903, 0.4124545, 0.6489552, 1
0.5208028, 0.3441561, 0.5421407, 1
0.5605843, 0.47803, 0.5872608, 1
0.4619245, 0.3588712, 0.4954022, 1
0.45579, 0.3816384, 0.4597699, 1
0.5940724, 0.4818373, 0.5676565, 1
0.5444794, 0.444145, 0.6214286, 1
0.5507077, 0.4482641, 0.6526391, 1
0.5304585, 0.3557369, 0.512996, 1
0.5834521, 0.3886489, 0.6125264, 1
0.4987112, 0.344033, 0.4930902, 1
0.4818189, 0.3518411, 0.5209177, 1
0.5407847, 0.46507, 0.6474634, 1
0.4449286, 0.4113535, 0.5365936, 1
0.5087408, 0.4694877, 0.5636715, 1
0.5178278, 0.4435345, 0.5223445, 1
0.4427526, 0.378608, 0.4962105, 1
0.517783, 0.3734168, 0.4847233, 1
0.514998, 0.4247598, 0.6159317, 1
0.5076598, 0.3486221, 0.5799248, 1
0.5468515, 0.3756711, 0.5581794, 1
0.5072387, 0.405092, 0.5905533, 1
0.5618826, 0.4431036, 0.6387904, 1
0.4755653, 0.3249839, 0.5450054, 1
0.5459899, 0.4580971, 0.5268548, 1
0.5430835, 0.4682506, 0.6367968, 1
0.5479058, 0.4639135, 0.5807751, 1
0.4750325, 0.4420012, 0.6082969, 1
0.5895338, 0.4284189, 0.6238513, 1
0.4941946, 0.4284173, 0.5391269, 1
0.4907376, 0.3264582, 0.5223621, 1
0.5689074, 0.4181311, 0.6493083, 1
0.6172905, 0.4345261, 0.5797355, 1
0.530278, 0.4761768, 0.5491903, 1
0.4646035, 0.4228397, 0.5574685, 1
0.5585989, 0.4084956, 0.5570705, 1
0.5328491, 0.4643627, 0.6058291, 1
0.5347798, 0.4687396, 0.5844146, 1
0.5144711, 0.3950503, 0.5488082, 1
0.5601445, 0.4044013, 0.5492498, 1
0.5380225, 0.4346016, 0.5769982, 1
0.5880722, 0.5044453, 0.6071603, 1
0.5325566, 0.469222, 0.5385546, 1
0.6191706, 0.4434275, 0.5750537, 1
0.5852072, 0.4155191, 0.6558444, 1
0.4897378, 0.3994212, 0.5917587, 1
0.4465474, 0.3653471, 0.4934064, 1
0.489865, 0.4620551, 0.5952482, 1
0.5011739, 0.4013993, 0.488752, 1
0.4573317, 0.3705079, 0.4992294, 1
0.6078784, 0.4324484, 0.6389265, 1
0.5522142, 0.4764524, 0.581236, 1
0.5320585, 0.3913001, 0.6136913, 1
0.4997689, 0.3295025, 0.5311593, 1
0.4684676, 0.3818345, 0.4820727, 1
0.5042619, 0.3547667, 0.5049777, 1
0.5385717, 0.3793236, 0.5845008, 1
0.5312146, 0.4651425, 0.6244775, 1
0.4784104, 0.3475047, 0.5281598, 1
0.5652801, 0.4990819, 0.6355079, 1
0.4669721, 0.3655183, 0.5731549, 1
0.5485492, 0.4106766, 0.6021958, 1
0.4692606, 0.3880389, 0.5752453, 1
0.4610138, 0.4288364, 0.5754338, 1
0.5042357, 0.4552031, 0.6059321, 1
0.5042224, 0.458514, 0.5417282, 1
0.4995879, 0.4222769, 0.6101764, 1
0.4978347, 0.47602, 0.5681111, 1
0.5944432, 0.4013339, 0.6101365, 1
0.5132803, 0.4528937, 0.5198869, 1
0.5145497, 0.4345994, 0.5375726, 1
0.5416957, 0.482487, 0.5913622, 1
0.4196641, 0.3863204, 0.5169614, 1
0.500195, 0.3503357, 0.5696397, 1
0.530141, 0.4454288, 0.5741634, 1
0.522972, 0.4906975, 0.6050718, 1
0.5267484, 0.482285, 0.5750886, 1
0.5817412, 0.4064973, 0.5982814, 1
0.5478532, 0.3661348, 0.5396303, 1
0.4923765, 0.3948667, 0.4768142, 1
0.4428776, 0.3839775, 0.498917, 1
0.5989293, 0.3988071, 0.6194675, 1
0.468822, 0.4097305, 0.5302719, 1
0.5768555, 0.4710545, 0.5765095, 1
0.5759992, 0.4190722, 0.6104064, 1
0.482107, 0.360414, 0.5205154, 1
0.5957813, 0.4005969, 0.6162486, 1
0.5480371, 0.4012999, 0.5426406, 1
0.5333135, 0.455788, 0.629344, 1
0.5279682, 0.4637364, 0.5218738, 1
0.5958714, 0.4086372, 0.5819958, 1
0.5355638, 0.3513646, 0.5407304, 1
0.5663139, 0.430031, 0.5900565, 1
0.4622534, 0.3594101, 0.4947402, 1
0.5747765, 0.4298855, 0.5773214, 1
0.514488, 0.4855085, 0.6257055, 1
0.5940282, 0.4225591, 0.661374, 1
0.5411308, 0.442093, 0.649447, 1
0.5138918, 0.4094484, 0.5774009, 1
0.5047131, 0.4263637, 0.5351439, 1
0.4764583, 0.440618, 0.5771501, 1
0.6005002, 0.4794591, 0.5799976, 1
0.5222495, 0.4174058, 0.5881485, 1
0.5594563, 0.4774844, 0.6152534, 1
0.5210485, 0.4587908, 0.5302036, 1
0.4920151, 0.4350591, 0.6060443, 1
0.5321156, 0.4266889, 0.5946211, 1
0.5152711, 0.420341, 0.5363123, 1
0.5420415, 0.3678912, 0.5635884, 1
0.4797637, 0.4212638, 0.576656, 1
0.5583825, 0.4194192, 0.5618594, 1
0.5076464, 0.3276078, 0.519644, 1
0.5664186, 0.4082306, 0.6112506, 1
0.4441901, 0.3594517, 0.565463, 1
0.6274439, 0.4707389, 0.5835896, 1
0.5599328, 0.5190389, 0.6158095, 1
0.5756219, 0.4275127, 0.5719286, 1
0.4344711, 0.3815628, 0.4818397, 1
0.5309647, 0.3677059, 0.5084584, 1
0.4121311, 0.3586499, 0.53809, 1
0.5417743, 0.496749, 0.639012, 1
0.4988892, 0.3263725, 0.5116414, 1
0.5264403, 0.4481406, 0.5493441, 1
0.5397785, 0.3694026, 0.5354053, 1
0.526713, 0.4106096, 0.5178442, 1
0.5214882, 0.4785647, 0.6252131, 1
0.6293435, 0.4613865, 0.6003325, 1
0.6328469, 0.4641221, 0.5783954, 1
0.5198902, 0.4400102, 0.6332459, 1
0.5366912, 0.4973814, 0.5906394, 1
0.4509778, 0.3784005, 0.4882173, 1
0.5333825, 0.3788828, 0.5003739, 1
0.5259645, 0.4973939, 0.5975143, 1
0.570168, 0.4528289, 0.6598325, 1
0.4854648, 0.3876194, 0.4978171, 1
0.4405023, 0.3438309, 0.5663295, 1
0.5615271, 0.5006092, 0.5831036, 1
0.5974907, 0.431377, 0.5677615, 1
0.5528553, 0.394297, 0.5539441, 1
0.5202207, 0.3984807, 0.6029111, 1
0.5927062, 0.4365443, 0.6333828, 1
0.4001352, 0.3645662, 0.5379091, 1
0.5390055, 0.3656937, 0.5522225, 1
0.427139, 0.3711183, 0.5393588, 1
0.5781793, 0.4753062, 0.6188918, 1
0.5111637, 0.4678095, 0.6307877, 1
0.4829678, 0.3892289, 0.5596858, 1
0.6035253, 0.4350525, 0.5892988, 1
0.5895666, 0.4205264, 0.6671323, 1
0.5370498, 0.4665618, 0.6325258, 1
0.45919, 0.3809868, 0.4880089, 1
0.601641, 0.4391876, 0.5917141, 1
0.4347087, 0.3236468, 0.5629737, 1
0.474742, 0.346155, 0.4953912, 1
0.5395212, 0.4384765, 0.6371264, 1
0.4797668, 0.3441375, 0.5736015, 1
0.4325948, 0.3638078, 0.5095485, 1
0.4696571, 0.3850775, 0.5776386, 1
0.4712515, 0.4170722, 0.5785958, 1
0.5262167, 0.4753659, 0.5611079, 1
0.5693675, 0.4653771, 0.5676573, 1
0.5669156, 0.4207615, 0.62997, 1
0.5927967, 0.432476, 0.6647043, 1
0.440722, 0.4181224, 0.5656182, 1
0.4548491, 0.3844866, 0.5591493, 1
0.5209827, 0.3895122, 0.5212593, 1
0.4930795, 0.357618, 0.51817, 1
0.5936194, 0.4778799, 0.5625113, 1
0.5654142, 0.5238368, 0.6120529, 1
0.5299224, 0.3823986, 0.5055289, 1
0.5393556, 0.450945, 0.6488407, 1
0.5293804, 0.4492394, 0.6273658, 1
0.5822008, 0.4384933, 0.6598695, 1
0.5616459, 0.3729126, 0.5921903, 1
0.5999215, 0.4228815, 0.6268489, 1
0.4654719, 0.4072111, 0.5715553, 1
0.5510722, 0.4799213, 0.6165581, 1
0.5712063, 0.4502515, 0.6623696, 1
0.5629621, 0.4101658, 0.5291344, 1
0.5358695, 0.3654644, 0.5360646, 1
0.4607126, 0.412924, 0.5255846, 1
0.5874169, 0.4514351, 0.5956789, 1
0.5646358, 0.497331, 0.6085804, 1
0.4112198, 0.3626974, 0.5398835, 1
0.5958839, 0.4339814, 0.6366012, 1
0.5407512, 0.3989365, 0.5746982, 1
0.6084785, 0.406707, 0.6122621, 1
0.542245, 0.4553277, 0.6541197, 1
0.5805201, 0.4452554, 0.639766, 1
0.5694726, 0.4483559, 0.599293, 1
0.4385536, 0.3896908, 0.4874151, 1
0.5377834, 0.4358015, 0.6523229, 1
0.4320548, 0.3925793, 0.5227572, 1
0.4929767, 0.3657375, 0.4710517, 1
0.4423814, 0.4036176, 0.5378832, 1
0.4307983, 0.3659291, 0.5386181, 1
0.5433879, 0.4045908, 0.5279114, 1
0.5875903, 0.5074078, 0.5776252, 1
0.5418182, 0.4626603, 0.5796484, 1
0.5716723, 0.4515367, 0.6205757, 1
0.5610039, 0.4540139, 0.5885301, 1
0.4467828, 0.3916419, 0.5044903, 1
0.6021485, 0.4455247, 0.6136472, 1
0.5251595, 0.4044654, 0.5047767, 1
0.5214674, 0.4139736, 0.6314119, 1
0.540482, 0.4910065, 0.6233867, 1
0.4384352, 0.3667094, 0.5249673, 1
0.6187703, 0.4759593, 0.588595, 1
0.5359465, 0.4656312, 0.6373442, 1
0.5072356, 0.4180371, 0.5070229, 1
0.5761201, 0.4583472, 0.6535222, 1
0.4867843, 0.3508404, 0.4717939, 1
0.5815128, 0.4191236, 0.6064042, 1
0.5663304, 0.4616989, 0.630497, 1
0.5522223, 0.4121616, 0.6328671, 1
0.5639339, 0.4815977, 0.601714, 1
0.5703594, 0.4418109, 0.6346274, 1
0.5334116, 0.4326549, 0.5462114, 1
0.5024335, 0.471209, 0.5675663, 1
0.479111, 0.4621056, 0.5841195, 1
0.573648, 0.3967583, 0.5437832, 1
0.5300036, 0.4996064, 0.6229353, 1
0.5713744, 0.4727398, 0.6018413, 1
0.4477425, 0.343981, 0.5242631, 1
0.4743569, 0.4011724, 0.505256, 1
0.4422188, 0.382191, 0.5600252, 1
0.5756097, 0.4346805, 0.6302072, 1
0.5986837, 0.4405931, 0.592775, 1
0.5084158, 0.3439841, 0.5265114, 1
0.5208272, 0.4038733, 0.5234101, 1
0.5429667, 0.4950182, 0.6124797, 1
0.4488154, 0.3749847, 0.5515437, 1
0.5734065, 0.4319274, 0.6557621, 1
0.5344999, 0.3713293, 0.5858746, 1
0.5827137, 0.4871917, 0.6190136, 1
0.5957212, 0.4724857, 0.6164997, 1
0.536289, 0.4494559, 0.5930905, 1
0.605538, 0.4734816, 0.5932496, 1
0.4886933, 0.361136, 0.4990877, 1
0.4740221, 0.3435898, 0.5132523, 1
0.5319956, 0.4249403, 0.6316411, 1
0.4484375, 0.3826709, 0.4720781, 1
0.4955394, 0.411181, 0.6284928, 1
0.5918603, 0.4219506, 0.5556849, 1
0.4475409, 0.4094698, 0.5572422, 1
0.401558, 0.3666899, 0.5351496, 1
0.410943, 0.3797439, 0.5280559, 1
0.5276916, 0.4898875, 0.5688825, 1
0.4374513, 0.3585761, 0.5279712, 1
0.4672811, 0.3550923, 0.5010455, 1
0.5543509, 0.4575554, 0.5559254, 1
0.474844, 0.4573343, 0.5762534, 1
0.4679833, 0.3338814, 0.5439932, 1
0.5876962, 0.464274, 0.618355, 1
0.5023283, 0.4591177, 0.5454626, 1
0.4634116, 0.3894885, 0.5767857, 1
0.4684795, 0.401188, 0.5548629, 1
0.5296812, 0.411485, 0.5995668, 1
0.491302, 0.3495587, 0.5661649, 1
0.5579176, 0.4796295, 0.6428193, 1
0.5292902, 0.4534583, 0.5336856, 1
0.492809, 0.358804, 0.5487084, 1
0.6079653, 0.4255377, 0.5964339, 1
0.4918928, 0.3743179, 0.6112689, 1
0.4786002, 0.4371609, 0.5457686, 1
0.4797223, 0.3378357, 0.5186732, 1
0.6049446, 0.4670834, 0.6096783, 1
0.5363332, 0.4856198, 0.566928, 1
0.6336116, 0.4333195, 0.6100662, 1
0.4719764, 0.3934933, 0.4959311, 1
0.5298875, 0.4422765, 0.5823247, 1
0.4115825, 0.3548206, 0.5567862, 1
0.5648111, 0.4182642, 0.6618202, 1
0.4174331, 0.3804328, 0.4921195, 1
0.5346386, 0.490543, 0.6301274, 1
0.4516888, 0.3847807, 0.4752921, 1
0.5944095, 0.4438202, 0.5686184, 1
0.5125144, 0.3912335, 0.6047355, 1
0.4816379, 0.3677109, 0.4839977, 1
0.4959026, 0.439648, 0.6036407, 1
0.4950983, 0.3932871, 0.5854873, 1
0.4833085, 0.3545226, 0.5019552, 1
0.5209824, 0.4246427, 0.6107019, 1
0.5003403, 0.4602011, 0.6288237, 1
0.5298423, 0.4202489, 0.5355747, 1
0.470863, 0.427457, 0.5708267, 1
0.4347897, 0.3639057, 0.552904, 1
0.4374303, 0.376789, 0.4990059, 1
0.4814267, 0.4173534, 0.4982733, 1
0.5474924, 0.4713489, 0.5599203, 1
0.5609902, 0.3958426, 0.5405757, 1
0.4933974, 0.3629512, 0.5441291, 1
0.5604375, 0.4848879, 0.5494981, 1
0.4588745, 0.3987523, 0.4764492, 1
0.4071569, 0.3560489, 0.5539555, 1
0.436551, 0.3406947, 0.5711411, 1
0.4423169, 0.3888001, 0.5392212, 1
0.6185161, 0.422419, 0.6037014, 1
0.4588531, 0.3728134, 0.5715107, 1
0.4844109, 0.4442297, 0.5486927, 1
0.593303, 0.442256, 0.6029347, 1
0.4376374, 0.4173925, 0.571795, 1
0.4639884, 0.3695247, 0.5275258, 1
0.5083228, 0.483651, 0.5650232, 1
0.6013434, 0.4029912, 0.5848544, 1
0.6059702, 0.4179469, 0.5781097, 1
0.5559283, 0.4730945, 0.6141124, 1
0.4334246, 0.3742476, 0.5305078, 1
0.5568082, 0.4861306, 0.5655735, 1
0.5757751, 0.4862064, 0.6131709, 1
0.5548166, 0.5098692, 0.5991097, 1
0.5080208, 0.4172873, 0.6311747, 1
0.4693318, 0.3923506, 0.5135803, 1
0.4376534, 0.3843182, 0.4815723, 1
0.5267943, 0.342413, 0.5422434, 1
0.5072219, 0.3344135, 0.559319, 1
0.5700994, 0.4273306, 0.6060801, 1
0.571508, 0.460566, 0.6783533, 1
0.5402768, 0.4623834, 0.6235457, 1
0.5122399, 0.4272566, 0.6067132, 1
0.487034, 0.3754975, 0.5779175, 1
0.5330137, 0.4857976, 0.5801817, 1
0.4849678, 0.4167781, 0.61392, 1
0.5299675, 0.5034705, 0.615881, 1
0.4518729, 0.4096265, 0.5723212, 1
0.5188313, 0.4094045, 0.5405989, 1
0.5864508, 0.4122949, 0.5573264, 1
0.5666001, 0.3979935, 0.5488344, 1
0.4583428, 0.4021989, 0.543591, 1
0.5059382, 0.4500533, 0.5359511, 1
0.497893, 0.3559501, 0.5428537, 1
0.5505648, 0.4097287, 0.5688308, 1
0.4607238, 0.4061069, 0.5088871, 1
0.5115073, 0.3362026, 0.5403532, 1
0.5560552, 0.4707092, 0.5395691, 1
0.5664834, 0.5008363, 0.5763649, 1
0.4546475, 0.3674562, 0.5017763, 1
0.440271, 0.4119841, 0.5442579, 1
0.5956012, 0.4747627, 0.5842778, 1
0.5035285, 0.458232, 0.6119661, 1
0.6074151, 0.4547587, 0.6196889, 1
0.5983909, 0.4011745, 0.5980517, 1
0.5594767, 0.4891834, 0.6697708, 1
0.6097282, 0.4621115, 0.6212379, 1
0.5250368, 0.4640816, 0.5486943, 1
0.5018083, 0.3519183, 0.5192341, 1
0.4147865, 0.3925488, 0.5473684, 1
0.5015608, 0.4251091, 0.5511249, 1
0.5394276, 0.3932309, 0.5343693, 1
0.5069467, 0.4365408, 0.6368064, 1
0.4786244, 0.3695214, 0.5282591, 1
0.5399057, 0.4380456, 0.664791, 1
0.5443579, 0.4147922, 0.54796, 1
0.5453506, 0.4848948, 0.5835794, 1
0.5636901, 0.4725828, 0.6684976, 1
0.5431407, 0.4264768, 0.6353041, 1
0.4838519, 0.4222583, 0.5007322, 1
0.571944, 0.4642249, 0.5747766, 1
0.4438556, 0.3842445, 0.5324469, 1
0.5001851, 0.363683, 0.6029257, 1
0.5265987, 0.3705352, 0.5711474, 1
0.5632129, 0.5042742, 0.6407471, 1
0.5109348, 0.4598586, 0.5883594, 1
0.5498536, 0.4632947, 0.6520638, 1
0.5827876, 0.4277263, 0.5874434, 1
0.6360793, 0.4474782, 0.5997195, 1
0.5268799, 0.440388, 0.5792726, 1
0.5103525, 0.4404348, 0.537512, 1
0.6288195, 0.4618268, 0.5852635, 1
0.4945358, 0.4338453, 0.5051076, 1
0.5184875, 0.385623, 0.5388249, 1
0.5150747, 0.4742139, 0.5479921, 1
0.4535771, 0.3483787, 0.5298337, 1
0.5091931, 0.3858352, 0.5423059, 1
0.5982363, 0.4179104, 0.6223819, 1
0.5729231, 0.4761409, 0.6389023, 1
0.5087553, 0.3886442, 0.5484845, 1
0.4241118, 0.3844974, 0.5304918, 1
0.541272, 0.4542444, 0.5561845, 1
0.5433974, 0.4063793, 0.5608624, 1
0.6117797, 0.4096726, 0.6237786, 1
0.4621023, 0.3391421, 0.5329586, 1
0.4736339, 0.3290293, 0.5491911, 1
0.5726835, 0.440899, 0.6787696, 1
0.5314903, 0.4853162, 0.6176989, 1
0.5302331, 0.3894255, 0.6198709, 1
0.5381964, 0.4938961, 0.6458681, 1
0.4495523, 0.3633678, 0.5278362, 1
0.5034564, 0.4003775, 0.6309022, 1
0.5489545, 0.3712484, 0.5509961, 1
0.618937, 0.4434448, 0.6080934, 1
0.4520842, 0.3938894, 0.5765141, 1
0.4735667, 0.4516941, 0.5907183, 1
0.4973443, 0.464134, 0.6228966, 1
0.5994905, 0.5045274, 0.5761889, 1
0.5113569, 0.4816981, 0.625506, 1
0.5687036, 0.4209545, 0.6087755, 1
0.5121096, 0.4225449, 0.5011663, 1
0.5246525, 0.3737555, 0.5965007, 1
0.4313714, 0.3956868, 0.5287424, 1
0.5878283, 0.4086179, 0.5570306, 1
0.4698978, 0.4439569, 0.5933645, 1
0.5933781, 0.4565638, 0.5852241, 1
0.5232795, 0.45889, 0.5211349, 1
0.4719482, 0.3505281, 0.527154, 1
0.5121725, 0.4035864, 0.5915997, 1
0.4797415, 0.4176796, 0.5067809, 1
0.5137303, 0.4324358, 0.6110702, 1
0.5282831, 0.3509997, 0.5434867, 1
0.5579915, 0.491163, 0.5819493, 1
0.5771517, 0.4447345, 0.5867367, 1
0.5086379, 0.4055738, 0.5257058, 1
0.4882427, 0.4065637, 0.5679295, 1
0.5568238, 0.4395634, 0.5870699, 1
0.4540749, 0.4142544, 0.5821193, 1
0.5646244, 0.4276937, 0.5818048, 1
0.5656474, 0.4372475, 0.557481, 1
0.5075703, 0.4545846, 0.5962371, 1
0.509351, 0.360719, 0.600453, 1
0.5567433, 0.4493265, 0.5906842, 1
0.4902622, 0.4357789, 0.5198821, 1
0.613174, 0.452778, 0.6067159, 1
0.6030236, 0.4695741, 0.5682293, 1
0.592702, 0.3932181, 0.6093448, 1
0.4933342, 0.3385291, 0.5296637, 1
0.517538, 0.4146182, 0.6119362, 1
0.5282535, 0.413274, 0.5807527, 1
0.4848179, 0.3667621, 0.4824648, 1
0.553609, 0.4745578, 0.6338311, 1
0.468405, 0.4234538, 0.591865, 1
0.5147905, 0.4070996, 0.5905223, 1
0.4424355, 0.3650468, 0.5580916, 1
0.5159103, 0.3701002, 0.537446, 1
0.5585043, 0.4198951, 0.5460013, 1
0.5101606, 0.4465331, 0.514247, 1
0.491158, 0.4033319, 0.5226566, 1
0.4693447, 0.4199777, 0.5295549, 1
0.5318404, 0.4787374, 0.5727224, 1
0.4760348, 0.38545, 0.5739144, 1
0.538247, 0.479252, 0.6323629, 1
0.5197544, 0.4096809, 0.6129009, 1
0.5174897, 0.437803, 0.6196428, 1
0.5680079, 0.4799278, 0.6078445, 1
0.501075, 0.4577241, 0.5670748, 1
0.4609674, 0.3827667, 0.5270856, 1
0.5109182, 0.4290368, 0.5070751, 1
0.4305911, 0.4102695, 0.5574063, 1
0.5545614, 0.4718527, 0.6554973, 1
0.5560139, 0.4073792, 0.5623561, 1
0.5806674, 0.5202631, 0.5946964, 1
0.5674116, 0.4597915, 0.6190507, 1
0.5589862, 0.3945014, 0.5532742, 1
0.5479566, 0.3970686, 0.535226, 1
0.5799502, 0.4084031, 0.6352476, 1
0.4997528, 0.3713963, 0.526852, 1
0.4459138, 0.3804227, 0.4968138, 1
0.5583553, 0.472305, 0.6649446, 1
0.4958421, 0.3614657, 0.5828342, 1
0.4809453, 0.3713303, 0.5710215, 1
0.6147053, 0.488546, 0.5793678, 1
0.5825836, 0.3947864, 0.5656461, 1
0.4804098, 0.3860458, 0.5973982, 1
0.5491464, 0.4559421, 0.6031671, 1
0.5054322, 0.3945739, 0.6099983, 1
0.4806199, 0.4082735, 0.5902657, 1
0.5295374, 0.4448872, 0.5199731, 1
0.5015903, 0.3546782, 0.5390097, 1
0.5441514, 0.4804446, 0.5932752, 1
0.5893012, 0.4252052, 0.6086946, 1
0.5126347, 0.4633088, 0.6100029, 1
0.4592244, 0.3905398, 0.5847324, 1
0.4663556, 0.4038965, 0.5378718, 1
0.5017998, 0.337694, 0.4957029, 1
0.5417969, 0.4624813, 0.5772396, 1
0.5350032, 0.3963307, 0.5079096, 1
0.5942876, 0.415222, 0.5573164, 1
0.4567971, 0.3425362, 0.5770457, 1
0.4456623, 0.380657, 0.5756313, 1
0.4562866, 0.4061832, 0.5758198, 1
0.5210223, 0.4520648, 0.586118, 1
0.5015012, 0.3714952, 0.5964267, 1
0.5151005, 0.3724387, 0.598685, 1
0.4972183, 0.4046792, 0.5444208, 1
0.6060378, 0.4562259, 0.5577402, 1
0.5745004, 0.4355433, 0.6072835, 1
0.6207492, 0.4260718, 0.6377981, 1
0.5709516, 0.3895819, 0.5822228, 1
0.5529999, 0.4494459, 0.6159771, 1
0.4651403, 0.407828, 0.5060335, 1
0.5113353, 0.410358, 0.506511, 1
0.5138986, 0.4565913, 0.5894585, 1
0.5064576, 0.3660104, 0.5872617, 1
0.5220172, 0.3732263, 0.5274355, 1
0.5472928, 0.4379439, 0.6221999, 1
0.4293621, 0.3825648, 0.5327626, 1
0.5226457, 0.4364688, 0.5338437, 1
0.459214, 0.3655245, 0.5383943, 1
0.4651808, 0.3738974, 0.4730801, 1
0.5224269, 0.4447481, 0.5125434, 1
0.4524734, 0.3948638, 0.5639802, 1
0.4913639, 0.374765, 0.4620862, 1
0.5287596, 0.4509434, 0.632899, 1
0.4222811, 0.3624991, 0.5272003, 1
0.4968445, 0.3362394, 0.5028173, 1
0.5165256, 0.4861461, 0.6060899, 1
0.5048956, 0.4830019, 0.5921546, 1
0.4924757, 0.4547323, 0.5602052, 1
0.5451998, 0.4563816, 0.5466568, 1
0.5122787, 0.4276208, 0.5975339, 1
0.4530359, 0.4191759, 0.5983239, 1
0.467098, 0.3666676, 0.4913701, 1
0.5942655, 0.4777012, 0.5553184, 1
0.5252981, 0.433019, 0.4966449, 1
0.5042378, 0.3535789, 0.5665818, 1
0.5135719, 0.3914403, 0.4863389, 1
0.4802032, 0.3935188, 0.4590738, 1
0.5137243, 0.3781419, 0.5836308, 1
0.5248507, 0.40896, 0.6349161, 1
0.4816567, 0.3688075, 0.5256988, 1
0.6120241, 0.4507855, 0.5724914, 1
0.5258735, 0.4135105, 0.5291811, 1
0.429343, 0.3839374, 0.528245, 1
0.4902273, 0.3878117, 0.4934883, 1
0.5453396, 0.4816756, 0.6513014, 1
0.4821626, 0.3895516, 0.6044623, 1
0.5671458, 0.4126, 0.5941779, 1
0.5411202, 0.4603538, 0.6649132, 1
0.588396, 0.4755227, 0.5657529, 1
0.4967262, 0.4634248, 0.5563153, 1
0.5371075, 0.4818526, 0.5441927, 1
0.5216036, 0.3459245, 0.5162688, 1
0.5636017, 0.3991529, 0.5722174, 1
0.4677539, 0.3681392, 0.4971164, 1
0.602893, 0.4089033, 0.5860586, 1
0.5104126, 0.4656277, 0.5880435, 1
0.4811078, 0.4062758, 0.5224943, 1
0.5143534, 0.3744288, 0.5438303, 1
0.5911775, 0.4118595, 0.6295627, 1
0.4869438, 0.4144183, 0.5949608, 1
0.5433746, 0.4069093, 0.5524159, 1
0.5240175, 0.4285637, 0.5574685, 1
0.5882667, 0.4756277, 0.5754784, 1
0.4972714, 0.4766479, 0.5882629, 1
0.4959883, 0.4142792, 0.6226624, 1
0.519378, 0.3959965, 0.5368807, 1
0.5320466, 0.4037371, 0.6397959, 1
0.4526385, 0.3673686, 0.5746062, 1
0.4690133, 0.3790306, 0.4910595, 1
0.4451975, 0.3980474, 0.4889925, 1
0.4633492, 0.3833055, 0.5636373, 1
0.5657571, 0.4452771, 0.6353291, 1
0.4589767, 0.4046724, 0.5795224, 1
0.5580435, 0.4282129, 0.5317312, 1
0.5503398, 0.4611106, 0.5624968, 1
0.5131723, 0.3675664, 0.5666208, 1
0.4659727, 0.3919373, 0.5581001, 1
0.5569059, 0.4577442, 0.6561973, 1
0.5644572, 0.4274357, 0.5911865, 1
0.4581367, 0.3377319, 0.5558473, 1
0.4649439, 0.3441473, 0.5500318, 1
0.5725421, 0.4860095, 0.5831499, 1
0.5418075, 0.4399822, 0.6003507, 1
0.5093147, 0.4413545, 0.5281571, 1
0.5627179, 0.4702317, 0.6291022, 1
0.5376529, 0.4155892, 0.64909, 1
0.5330599, 0.4135662, 0.5831847, 1
0.6010579, 0.4502001, 0.6273413, 1
0.5781439, 0.4500784, 0.5880769, 1
0.5678785, 0.462325, 0.6349781, 1
0.5975464, 0.4931107, 0.6131289, 1
0.4582036, 0.3204167, 0.5531418, 1
0.5695077, 0.4878758, 0.6105422, 1
0.4866407, 0.4567837, 0.5623105, 1
0.4301634, 0.3399082, 0.5479039, 1
0.5399764, 0.4208216, 0.5856612, 1
0.5652356, 0.4024672, 0.6375381, 1
0.4758054, 0.3850988, 0.5453881, 1
0.5756768, 0.4983228, 0.6308902, 1
0.4922929, 0.4051093, 0.6135633, 1
0.626867, 0.4645804, 0.5893583, 1
0.4527278, 0.3812257, 0.4878248, 1
0.5923414, 0.4234449, 0.6511196, 1
0.4307263, 0.371966, 0.5197928, 1
0.5877214, 0.420125, 0.6482006, 1
0.4946476, 0.3899754, 0.6097167, 1
0.5883999, 0.5006298, 0.6190126, 1
0.5966685, 0.4433563, 0.6256074, 1
0.5568387, 0.4502777, 0.6211083, 1
0.5828703, 0.436762, 0.5368555, 1
0.5706084, 0.4701078, 0.650696, 1
0.5202613, 0.454332, 0.528015, 1
0.5356594, 0.4331908, 0.5192492, 1
0.5568507, 0.4142228, 0.6303246, 1
0.5839171, 0.4189617, 0.6531209, 1
0.4923718, 0.319699, 0.5043859, 1
0.4160147, 0.3837617, 0.5298248, 1
0.407532, 0.3816542, 0.5387774, 1
0.5263386, 0.3705173, 0.5554486, 1
0.4695788, 0.4140235, 0.5465974, 1
0.5490878, 0.4208939, 0.5157432, 1
0.4988848, 0.4225273, 0.5059447, 1
0.4638344, 0.4520129, 0.5867793, 1
0.4980896, 0.3883101, 0.5225914, 1
0.4602211, 0.3479337, 0.5159141, 1
0.5584797, 0.3934218, 0.5674689, 1
0.5200664, 0.4812941, 0.6402758, 1
0.4749908, 0.418059, 0.5837646, 1
0.5144929, 0.3591975, 0.5211959, 1
0.5761444, 0.4520829, 0.6165831, 1
0.512484, 0.4015259, 0.5147045, 1
0.5456681, 0.3751218, 0.6028984, 1
0.5156352, 0.4751203, 0.5695584, 1
0.5356046, 0.4779674, 0.5375161, 1
0.4644058, 0.3949182, 0.527254, 1
0.5774183, 0.4141598, 0.6076206, 1
0.5817086, 0.4043739, 0.5612858, 1
0.4852343, 0.3500462, 0.5651985, 1
0.577437, 0.4618522, 0.5644228, 1
0.5546772, 0.4152557, 0.6287954, 1
0.4734675, 0.4295498, 0.5369921, 1
0.4414153, 0.387107, 0.5393385, 1
0.4652886, 0.4061128, 0.5224227, 1
0.4510094, 0.4030558, 0.5822107, 1
0.5419734, 0.3869419, 0.5584297, 1
0.5008259, 0.4615983, 0.5682895, 1
0.4629812, 0.3975912, 0.5410972, 1
0.5140175, 0.3947773, 0.5091879, 1
0.5026965, 0.3481467, 0.5757936, 1
0.4211004, 0.3745847, 0.5376692, 1
0.50114, 0.3718924, 0.4860136, 1
0.5521472, 0.3927808, 0.5185156, 1
0.5090836, 0.3337202, 0.5240329, 1
0.5315281, 0.3882704, 0.5314163, 1
0.6208438, 0.4894347, 0.5826029, 1
0.4962093, 0.3580555, 0.5749316, 1
0.471095, 0.4411887, 0.5637101, 1
0.490248, 0.4702729, 0.5774101, 1
0.5992185, 0.4939226, 0.5847313, 1
0.4681529, 0.4408351, 0.5667666, 1
0.5773659, 0.4693498, 0.5735559, 1
0.6018669, 0.4810669, 0.5818471, 1
0.5920144, 0.4283589, 0.5590172, 1
0.5770999, 0.4464076, 0.6596656, 1
0.5422396, 0.4778171, 0.5664185, 1
0.5811371, 0.3952435, 0.5663473, 1
0.4574488, 0.3982638, 0.5272775, 1
0.5014212, 0.3652339, 0.5643783, 1
0.4993301, 0.4527484, 0.5397855, 1
0.6113882, 0.4614446, 0.6206561, 1
0.4833053, 0.4382174, 0.5397474, 1
0.466798, 0.374653, 0.572596, 1
0.4932223, 0.371399, 0.5625248, 1
0.4889104, 0.3619451, 0.5726699, 1
0.5645373, 0.4435105, 0.6153897, 1
0.4711606, 0.3819417, 0.5129138, 1
0.5907314, 0.4302231, 0.6621363, 1
0.4812628, 0.4413174, 0.5647346, 1
0.5084926, 0.4561095, 0.612093, 1
0.435508, 0.3445518, 0.5571635, 1
0.4839557, 0.3782978, 0.5512578, 1
0.6027241, 0.4892593, 0.5985676, 1
0.471938, 0.4374163, 0.5570295, 1
0.5935727, 0.4591553, 0.581514, 1
0.4870913, 0.3985411, 0.4759351, 1
0.4799332, 0.3940512, 0.5194572, 1
0.4622057, 0.3649823, 0.5104035, 1
0.6097524, 0.4343768, 0.6115289, 1
0.4781513, 0.3625281, 0.4777702, 1
0.4729404, 0.4142169, 0.5595831, 1
0.5457628, 0.4672839, 0.5666143, 1
0.4971758, 0.4321417, 0.5526754, 1
0.4519363, 0.3928127, 0.4767422, 1
0.5665356, 0.460238, 0.6018475, 1
0.470876, 0.3857776, 0.4711157, 1
0.4381934, 0.4187782, 0.5729084, 1
0.5010993, 0.4141856, 0.5153657, 1
0.5700616, 0.4684868, 0.6199039, 1
0.5168694, 0.3746035, 0.4915806, 1
0.4977393, 0.39386, 0.563831, 1
0.491594, 0.3691666, 0.5222688, 1
0.5207366, 0.4218813, 0.5389443, 1
0.541863, 0.4117931, 0.643726, 1
0.5891648, 0.3986244, 0.6074108, 1
0.4065401, 0.3737701, 0.5179593, 1
0.5565136, 0.3870042, 0.6063516, 1
0.4667063, 0.3825981, 0.5557016, 1
0.5759075, 0.4599053, 0.6675493, 1
0.5811598, 0.4362755, 0.6411748, 1
0.5017003, 0.3429689, 0.5772688, 1
0.5267092, 0.4135504, 0.5702504, 1
0.5502037, 0.4702025, 0.6057122, 1
0.5911655, 0.4636293, 0.5823937, 1
0.4462512, 0.3725209, 0.5240097, 1
0.5089748, 0.4865569, 0.6115229, 1
0.4273314, 0.3388268, 0.5506997, 1
0.5537674, 0.3881013, 0.5648195, 1
0.5246623, 0.4359034, 0.6437935, 1
0.4189904, 0.3453397, 0.5472664, 1
0.5318084, 0.3766116, 0.5638852, 1
0.5066618, 0.450519, 0.5974327, 1
0.555653, 0.4608966, 0.5837331, 1
0.4630897, 0.3310358, 0.5616398, 1
0.4552205, 0.4299135, 0.5728378, 1
0.5662379, 0.3810393, 0.5502107, 1
0.4103851, 0.3780948, 0.5321423, 1
0.4872037, 0.4032023, 0.5480176, 1
0.5552728, 0.4163103, 0.5146184, 1
0.5078783, 0.4814081, 0.5714374, 1
0.5298177, 0.3672048, 0.5947908, 1
0.4719942, 0.4419295, 0.575422, 1
0.5478511, 0.4711441, 0.5418705, 1
0.4385925, 0.3912902, 0.4857575, 1
0.5433968, 0.3852065, 0.6253629, 1
0.5458737, 0.4618776, 0.6571464, 1
0.4811337, 0.3914015, 0.5593826, 1
0.5860717, 0.4161379, 0.6592044, 1
0.4567667, 0.342308, 0.5774317, 1
0.5155769, 0.3434601, 0.5699903, 1
0.4678925, 0.3411798, 0.5377936, 1
0.5342388, 0.4967055, 0.6063935, 1
0.5388824, 0.43024, 0.5463291, 1
0.490169, 0.4649193, 0.6067435, 1
0.590115, 0.439404, 0.6252922, 1
0.5890619, 0.444846, 0.5613392, 1
0.4491363, 0.3903836, 0.4759294, 1
0.5391842, 0.4660133, 0.6189876, 1
0.512423, 0.3625197, 0.5910932, 1
0.4983228, 0.3734943, 0.5184335, 1
0.4892049, 0.3744366, 0.548841, 1
0.5891023, 0.4877405, 0.5748403, 1
0.5131572, 0.4477894, 0.6266681, 1
0.4808275, 0.3780149, 0.5649436, 1
0.4967105, 0.4231483, 0.5549801, 1
0.5386655, 0.4847115, 0.5605227, 1
0.5647771, 0.381141, 0.579887, 1
0.571997, 0.4893886, 0.5823566, 1
0.5297624, 0.3913713, 0.6191476, 1
0.5336718, 0.3546115, 0.5418042, 1
0.6114166, 0.4322798, 0.5693164, 1
0.4849724, 0.4655797, 0.5987349, 1
0.4318836, 0.376286, 0.5663401, 1
0.5123869, 0.4033849, 0.5700857, 1
0.4777744, 0.4105053, 0.5586547, 1
0.5239711, 0.3546546, 0.5237279, 1
0.5461636, 0.4562156, 0.6119931, 1
0.4768349, 0.3525404, 0.4966962, 1
0.6035438, 0.4273373, 0.5881901, 1
0.4880792, 0.3807028, 0.5386473, 1
0.5107277, 0.3832581, 0.6042875, 1
0.5178246, 0.3537257, 0.5446204, 1
0.4527096, 0.4129437, 0.597998, 1
0.5118079, 0.4112749, 0.4957775, 1
0.5737906, 0.4320136, 0.6301971, 1
0.4390904, 0.4007953, 0.5834338, 1
0.5005648, 0.4162844, 0.623498, 1
0.4658311, 0.3503132, 0.5164351, 1
0.5639868, 0.4949122, 0.5637556, 1
0.5595846, 0.4555604, 0.5816778, 1
0.60828, 0.4315402, 0.6541276, 1
0.5587667, 0.4824825, 0.6589373, 1
0.54472, 0.4590384, 0.6686304, 1
0.4218496, 0.3758557, 0.5635983, 1
0.4888599, 0.3395541, 0.4855143, 1
0.5417472, 0.3848422, 0.624996, 1
0.4919631, 0.404974, 0.5750335, 1
0.5219105, 0.3921463, 0.5998816, 1
0.625691, 0.4452042, 0.594788, 1
0.5532306, 0.4189393, 0.5210099, 1
0.4548915, 0.3665134, 0.5150253, 1
0.5418038, 0.4100546, 0.6169356, 1
0.561004, 0.4691605, 0.6386883, 1
0.5384361, 0.4819759, 0.5837682, 1
0.4392745, 0.397562, 0.5050741, 1
0.4691924, 0.3718379, 0.4694553, 1
0.4848933, 0.4192041, 0.5059169, 1
0.5467159, 0.3900451, 0.6100784, 1
0.5520635, 0.453922, 0.5789875, 1
0.5184656, 0.4613562, 0.5920129, 1
0.4592246, 0.4038194, 0.5425692, 1
0.5521863, 0.4120969, 0.626698, 1
0.497459, 0.4379056, 0.5242148, 1
0.512405, 0.3862785, 0.6204262, 1
0.5482987, 0.4839383, 0.6153898, 1
0.4862203, 0.4596071, 0.6044803, 1
0.4907017, 0.3670123, 0.484425, 1
0.5517722, 0.4546328, 0.5763661, 1
0.6180927, 0.4491921, 0.580388, 1
0.5786705, 0.4404858, 0.5442855, 1
0.5446838, 0.4655614, 0.6167549, 1
0.4700646, 0.4431874, 0.5675709, 1
0.5961171, 0.4604914, 0.6017118, 1
0.53027, 0.382951, 0.6187094, 1
0.5572776, 0.3883173, 0.6067405, 1
0.4723369, 0.3621749, 0.493806, 1
0.5158337, 0.4326019, 0.6196797, 1
0.485012, 0.367356, 0.5308536, 1
0.5408714, 0.5043166, 0.6448243, 1
0.5109614, 0.4173251, 0.6377065, 1
0.441805, 0.3808083, 0.5595183, 1
0.4811942, 0.4048006, 0.4949491, 1
0.4815174, 0.408483, 0.5244059, 1
0.582205, 0.4231083, 0.6019331, 1
0.5484871, 0.3945203, 0.6053709, 1
0.5253499, 0.3454929, 0.5152925, 1
0.506528, 0.4436038, 0.6362385, 1
0.4931722, 0.3961132, 0.5804901, 1
0.5060639, 0.4578185, 0.5979553, 1
0.4447701, 0.4064805, 0.55909, 1
0.4616083, 0.3354702, 0.5312551, 1
0.5538195, 0.4553106, 0.5665844, 1
0.5572996, 0.5032892, 0.5800298, 1
0.4723873, 0.411293, 0.5975043, 1
0.6127701, 0.4586634, 0.5826845, 1
0.5557591, 0.4145091, 0.564155, 1
0.4635211, 0.4521309, 0.5921496, 1
0.5283791, 0.4319964, 0.6080463, 1
0.5609022, 0.4144606, 0.5307364, 1
0.6157237, 0.4706335, 0.5936846, 1
0.5091961, 0.3715638, 0.5266203, 1
0.5292749, 0.3574279, 0.5246999, 1
0.5223221, 0.4796714, 0.6433468, 1
0.4327624, 0.3734715, 0.5522531, 1
0.5131387, 0.392447, 0.5870477, 1
0.4937987, 0.4427012, 0.6232761, 1
0.5374337, 0.4656091, 0.5953267, 1
0.4965769, 0.3387895, 0.4872541, 1
0.5830811, 0.4166016, 0.6533313, 1
0.6241719, 0.4187189, 0.6252889, 1
0.5878241, 0.4292677, 0.6755878, 1
0.5858514, 0.4699669, 0.5559099, 1
0.4547447, 0.4102833, 0.595663, 1
0.5072754, 0.3540472, 0.5912548, 1
0.4792659, 0.3709894, 0.4827971, 1
0.5343871, 0.4667016, 0.5689099, 1
0.5311372, 0.3735492, 0.5313427, 1
0.5618747, 0.5196707, 0.6147889, 1
0.4903072, 0.3306238, 0.5139961, 1
0.516785, 0.3579737, 0.586611, 1
0.4704795, 0.3756589, 0.6054356, 1
0.5213416, 0.401391, 0.5763635, 1
0.595749, 0.4897904, 0.5919363, 1
0.5237685, 0.3549055, 0.5804442, 1
0.5412934, 0.3971772, 0.6053799, 1
0.5660661, 0.4040628, 0.6119387, 1
0.4639222, 0.3316098, 0.5665458, 1
0.4436354, 0.3940654, 0.5157157, 1
0.5125912, 0.4759101, 0.5948916, 1
0.5889067, 0.4231505, 0.5838319, 1
0.4191534, 0.3729252, 0.547754, 1
0.4684044, 0.3387272, 0.5082108, 1
0.5879645, 0.4079956, 0.61805, 1
0.576412, 0.4483514, 0.6696019, 1
0.5612421, 0.4577745, 0.6434782, 1
0.4952796, 0.3705135, 0.5602572, 1
0.5047958, 0.3297686, 0.4905807, 1
0.5274001, 0.4624585, 0.5534303, 1
0.5883936, 0.4469664, 0.6236597, 1
0.5839171, 0.4414725, 0.6087477, 1
0.5354106, 0.4845836, 0.5861993, 1
0.4797804, 0.3641595, 0.4641486, 1
0.534927, 0.3690132, 0.5604654, 1
0.547407, 0.3944226, 0.6236336, 1
0.5001916, 0.4596255, 0.5962529, 1
0.5870241, 0.4477652, 0.6194202, 1
0.482285, 0.4544166, 0.6014279, 1
0.4954982, 0.3772358, 0.6075822, 1
0.6149095, 0.4147238, 0.6176232, 1
0.4961837, 0.4190043, 0.5292912, 1
0.4853359, 0.3792948, 0.5396351, 1
0.4863324, 0.352443, 0.549407, 1
0.5561453, 0.4826914, 0.6368023, 1
0.4789608, 0.389391, 0.614455, 1
0.4870003, 0.4620805, 0.610079, 1
0.532384, 0.4301071, 0.6265075, 1
0.5279168, 0.4044015, 0.5884341, 1
0.4287701, 0.3702759, 0.5207235, 1
0.542915, 0.4844452, 0.6351871, 1
0.5593829, 0.4284012, 0.6495896, 1
0.465077, 0.3620139, 0.5430527, 1
0.5792696, 0.3919929, 0.562196, 1
0.4928626, 0.4712367, 0.5807907, 1
0.4631155, 0.363765, 0.5332903, 1
0.5814474, 0.4422691, 0.5520215, 1
0.4976203, 0.4043901, 0.5132948, 1
0.524856, 0.3885739, 0.5089226, 1
0.5171745, 0.357152, 0.5565785, 1
0.4895204, 0.3535597, 0.5841909, 1
0.4947371, 0.4741792, 0.5775694, 1
0.5426602, 0.4322641, 0.5400373, 1
0.433992, 0.3834583, 0.5289146, 1
0.4561432, 0.376758, 0.5158152, 1
0.4939449, 0.3943359, 0.5146161, 1
0.4865699, 0.3996897, 0.6023639, 1
0.5031219, 0.3637083, 0.5269928, 1
0.5513229, 0.4572991, 0.5300792, 1
0.5767425, 0.4243293, 0.6459861, 1
0.59896, 0.4818045, 0.6080801, 1
0.4549693, 0.3859598, 0.5923325, 1
0.4863016, 0.3743426, 0.6003578, 1
0.5041562, 0.4400896, 0.5097947, 1
0.5946656, 0.4324704, 0.5581114, 1
0.561041, 0.4796558, 0.5552673, 1
0.4987312, 0.3447308, 0.5822364, 1
0.537413, 0.3636515, 0.5380582, 1
0.5893495, 0.4020765, 0.6175911, 1
0.4292084, 0.382197, 0.5493888, 1
0.5532094, 0.4224375, 0.5523577, 1
0.4896584, 0.3964031, 0.5141602, 1
0.5786684, 0.4311968, 0.6451957, 1
0.5596854, 0.4650351, 0.6290363, 1
0.4308797, 0.3885243, 0.5473377, 1
0.4576955, 0.410475, 0.567983, 1
0.5414838, 0.4899066, 0.6148292, 1
0.5534772, 0.4567048, 0.5722399, 1
0.574344, 0.4718531, 0.6593699, 1
0.5628699, 0.4401431, 0.5988479, 1
0.5405746, 0.4616851, 0.6579067, 1
0.5671699, 0.3869415, 0.5718927, 1
0.5189754, 0.4542958, 0.5220713, 1
0.4519338, 0.4242904, 0.5903454, 1
0.5859966, 0.4448731, 0.5910683, 1
0.5024573, 0.3766019, 0.554442, 1
0.5234895, 0.3725012, 0.5354797, 1
0.4387509, 0.3845974, 0.5037836, 1
0.6023251, 0.4594449, 0.6203364, 1
0.5429319, 0.5015687, 0.5897782, 1
0.4757873, 0.4083337, 0.5742688, 1
0.4750713, 0.3889543, 0.5723843, 1
0.5875777, 0.4315512, 0.6699631, 1
0.4587682, 0.3582299, 0.5404395, 1
0.4359891, 0.3820612, 0.5120667, 1
0.5567377, 0.3866278, 0.5382507, 1
0.5120656, 0.4123723, 0.5830351, 1
0.5020626, 0.3848454, 0.473501, 1
0.5405303, 0.4335078, 0.6551768, 1
0.5613382, 0.4603511, 0.5950269, 1
0.5778963, 0.4737087, 0.5934413, 1
0.4514226, 0.4044702, 0.5150117, 1
0.4667897, 0.3165323, 0.5573335, 1
0.5690238, 0.4983275, 0.6340642, 1
0.6067716, 0.4147824, 0.577634, 1
0.5541689, 0.4635918, 0.5422586, 1
0.4498581, 0.3917575, 0.5283406, 1
0.5336553, 0.4951066, 0.5835106, 1
0.5131968, 0.4027119, 0.5185708, 1
0.4893895, 0.4605343, 0.6154925, 1
0.5082052, 0.3864141, 0.5378181, 1
0.6038556, 0.4299244, 0.5850163, 1
0.5620441, 0.4499244, 0.6177506, 1
0.5075603, 0.3942117, 0.5324037, 1
0.5225296, 0.4409637, 0.605444, 1
0.4823546, 0.4583343, 0.6046106, 1
0.5550625, 0.4782675, 0.5752606, 1
0.4563792, 0.3890208, 0.465317, 1
0.5447262, 0.5012176, 0.6324279, 1
0.5576902, 0.3940326, 0.5810475, 1
0.4562297, 0.404088, 0.5145187, 1
0.5156541, 0.4824447, 0.6000624, 1
0.47829, 0.4403523, 0.6128193, 1
0.4594757, 0.3157542, 0.5527984, 1
0.5927082, 0.4536105, 0.6170112, 1
0.5823834, 0.4474989, 0.660014, 1
0.4279405, 0.3481174, 0.5419664, 1
0.4907914, 0.3748729, 0.5550255, 1
0.5957242, 0.4504984, 0.5639617, 1
0.5904438, 0.4451135, 0.5837424, 1
0.4938319, 0.4601079, 0.5776479, 1
0.5600856, 0.3778426, 0.6058863, 1
0.5803505, 0.4105031, 0.6000013, 1
0.5517421, 0.3975439, 0.5313666, 1
0.5511395, 0.3926802, 0.5855294, 1
0.5009702, 0.4365483, 0.5166271, 1
0.5316927, 0.3951249, 0.6178011, 1
0.5229606, 0.4634417, 0.5830031, 1
0.4942561, 0.4600011, 0.5951256, 1
0.5259991, 0.4179726, 0.5895311, 1
0.5498343, 0.4557228, 0.6333247, 1
0.5556634, 0.515092, 0.5971381, 1
0.5787192, 0.4284084, 0.6166027, 1
0.4772306, 0.3772685, 0.5964544, 1
0.5138182, 0.3696567, 0.6061823, 1
0.5540602, 0.3686874, 0.5507576, 1
0.5116885, 0.3740634, 0.5082856, 1
0.4542499, 0.4263629, 0.5619473, 1
0.5273756, 0.4323802, 0.6050128, 1
0.5693399, 0.4829589, 0.5746939, 1
0.4285142, 0.3452592, 0.5498505, 1
0.4096808, 0.3631973, 0.5586174, 1
0.5081428, 0.3842929, 0.4984903, 1
0.4917069, 0.4326315, 0.5431362, 1
0.501155, 0.4423674, 0.5737469, 1
0.6165959, 0.4341289, 0.6147855, 1
0.5260868, 0.4048715, 0.5007031, 1
0.5410438, 0.5052536, 0.6042073, 1
0.5959868, 0.4046177, 0.5848871, 1
0.5056031, 0.3497282, 0.5675663, 1
0.5256326, 0.3433085, 0.5529354, 1
0.4940799, 0.4512457, 0.545108, 1
0.4848347, 0.3411248, 0.5410144, 1
0.5579509, 0.4996027, 0.5750293, 1
0.4810948, 0.419962, 0.5664873, 1
0.4662135, 0.3513882, 0.589829, 1
0.511721, 0.375351, 0.4767446, 1
0.6026653, 0.4660821, 0.624889, 1
0.5904946, 0.4630929, 0.6426057, 1
0.5436531, 0.4020535, 0.5462127, 1
0.4722841, 0.4087336, 0.4784638, 1
0.5099255, 0.4823666, 0.5928616, 1
0.506138, 0.4466951, 0.5906535, 1
0.5457965, 0.4104742, 0.640844, 1
0.6165813, 0.4267735, 0.6286728, 1
0.5746306, 0.5037947, 0.6241001, 1
0.5119489, 0.4074473, 0.6050155, 1
0.4719507, 0.4100295, 0.5950292, 1
0.4534462, 0.3693467, 0.5130639, 1
0.5162302, 0.3894632, 0.6255363, 1
0.4421999, 0.3633447, 0.515322, 1
0.40902, 0.3725256, 0.5635443, 1
0.4576592, 0.4255585, 0.5535145, 1
0.5371699, 0.3924356, 0.6256227, 1
0.5777543, 0.3991347, 0.6177892, 1
0.6133812, 0.4132132, 0.6449381, 1
0.4419601, 0.3861051, 0.4904205, 1
0.5641761, 0.4507872, 0.6767418, 1
0.565038, 0.4752041, 0.5725763, 1
0.5030853, 0.4261155, 0.5477448, 1
0.5036398, 0.3712749, 0.5029282, 1
0.6167956, 0.4551266, 0.5777668, 1
0.4745083, 0.4540602, 0.5996781, 1
0.4508521, 0.4212923, 0.5537473, 1
0.4578066, 0.3950889, 0.5873022, 1
0.5555742, 0.4447192, 0.5662463, 1
0.5281869, 0.4424705, 0.5827199, 1
0.6062107, 0.4039441, 0.6063453, 1
0.6151405, 0.4482449, 0.6056845, 1
0.5769702, 0.4589698, 0.5790349, 1
0.5965945, 0.4367879, 0.5502312, 1
0.4515512, 0.3800999, 0.4724154, 1
0.4745638, 0.3513332, 0.5656669, 1
0.4579448, 0.388296, 0.5151665, 1
0.5133796, 0.3991744, 0.511158, 1
0.4711874, 0.36432, 0.4798917, 1
0.5180374, 0.4658442, 0.6283019, 1
0.509208, 0.3675691, 0.5615608, 1
0.4415254, 0.3823444, 0.5060363, 1
0.5923651, 0.5053408, 0.5739058, 1
0.5744742, 0.4544107, 0.6500028, 1
0.5240045, 0.3502563, 0.558364, 1
0.6084571, 0.4328159, 0.5831621, 1
0.4858142, 0.4021281, 0.5845795, 1
0.5486338, 0.494324, 0.601976, 1
0.578158, 0.4591802, 0.5395753, 1
0.511535, 0.4238404, 0.6001132, 1
0.5198875, 0.4524179, 0.5680606, 1
0.4921662, 0.3160854, 0.5200923, 1
0.5367039, 0.4293742, 0.5472661, 1
0.5242758, 0.4150368, 0.5351912, 1
0.5582663, 0.3951881, 0.6132812, 1
0.4774639, 0.4040687, 0.5951356, 1
0.4764757, 0.3406439, 0.5110618, 1
0.6098152, 0.4688314, 0.5930198, 1
0.6149943, 0.4238659, 0.63636, 1
0.5453035, 0.3809468, 0.5434948, 1
0.5994254, 0.4370596, 0.619598, 1
0.596469, 0.4338649, 0.557769, 1
0.4868421, 0.3279632, 0.4997975, 1
0.568845, 0.3871973, 0.5661852, 1
0.5026754, 0.393678, 0.5410004, 1
0.5645137, 0.3806944, 0.5639941, 1
0.5484972, 0.4295655, 0.6596701, 1
0.5363041, 0.447393, 0.516209, 1
0.5122316, 0.3295335, 0.5156901, 1
0.5051034, 0.4880284, 0.5808538, 1
0.5488577, 0.4540421, 0.5697594, 1
0.5417277, 0.4133202, 0.5208666, 1
0.4663652, 0.3460362, 0.5714161, 1
0.5106339, 0.3441942, 0.5437983, 1
0.611344, 0.4768638, 0.5688624, 1
0.5955011, 0.4351327, 0.6523871, 1
0.4242438, 0.3677408, 0.5438736, 1
0.5534233, 0.4675182, 0.6687733, 1
0.4782625, 0.4031287, 0.5126986, 1
0.5187914, 0.4795729, 0.5505801, 1
0.4801093, 0.3976599, 0.4760549, 1
0.6136247, 0.4366972, 0.5764846, 1
0.4943874, 0.3576193, 0.5944586, 1
0.4507121, 0.379652, 0.474895, 1
0.4918508, 0.4025628, 0.500429, 1
0.471819, 0.4272471, 0.582391, 1
0.4809873, 0.3419576, 0.5438317, 1
0.5464727, 0.3731251, 0.5696568, 1
0.5800493, 0.4816416, 0.5769041, 1
0.4829036, 0.3519135, 0.4758963, 1
0.4905888, 0.3924529, 0.5718115, 1
0.5761013, 0.4154232, 0.5345863, 1
0.4796685, 0.4209801, 0.5352849, 1
0.536615, 0.4879845, 0.5561241, 1
0.4625621, 0.3901171, 0.5538742, 1
0.5038632, 0.4772424, 0.5766945, 1
0.5816281, 0.3988264, 0.5868704, 1
0.5091596, 0.4241991, 0.5806468, 1
0.5530212, 0.3649404, 0.5727153, 1
0.509068, 0.4022546, 0.5226282, 1
0.4231153, 0.3798814, 0.488146, 1
0.4325413, 0.3654141, 0.516784, 1
0.4617292, 0.4184686, 0.5405874, 1
0.5712122, 0.3961359, 0.6201952, 1
0.5278227, 0.3458105, 0.5348744, 1
0.5770794, 0.4266325, 0.6632429, 1
0.6241301, 0.4607945, 0.5983329, 1
0.542877, 0.3588913, 0.5488464, 1
0.5551254, 0.420393, 0.5391461, 1
0.5391936, 0.4680346, 0.5701463, 1
0.5027326, 0.3936124, 0.5882006, 1
0.5986694, 0.4012098, 0.6267132, 1
0.5120724, 0.3589481, 0.5791793, 1
0.5985938, 0.4088185, 0.5718928, 1
0.4873411, 0.3612252, 0.5480508, 1
0.4902415, 0.3759919, 0.5267243, 1
0.5718483, 0.4078871, 0.6179619, 1
0.540006, 0.4294859, 0.6517536, 1
0.4815342, 0.3898728, 0.5354207, 1
0.5827531, 0.4196779, 0.5877516, 1
0.5300585, 0.4762103, 0.587459, 1
0.5934201, 0.4369845, 0.6610622, 1
0.6027061, 0.443337, 0.5748209, 1
0.4940159, 0.4313111, 0.5109558, 1
0.5347918, 0.448599, 0.6153041, 1
0.6268067, 0.4569344, 0.5788693, 1
0.4394425, 0.3819857, 0.5722203, 1
0.5583609, 0.3917657, 0.5860174, 1
0.5255308, 0.4561109, 0.5913178, 1
0.4551381, 0.347761, 0.5174604, 1
0.4896383, 0.3934301, 0.4986121, 1
0.5571536, 0.387884, 0.6031815, 1
0.4804106, 0.3778697, 0.4752978, 1
0.456739, 0.3420474, 0.5186653, 1
0.447062, 0.3847128, 0.4746335, 1
0.5032358, 0.3782465, 0.528747, 1
0.4839841, 0.4161935, 0.5944704, 1
0.5754205, 0.445368, 0.5329695, 1
0.4992744, 0.3609549, 0.5773059, 1
0.5620018, 0.4659859, 0.5798042, 1
0.5989032, 0.4524681, 0.620104, 1
0.5269051, 0.4369388, 0.5424092, 1
0.5113149, 0.4340924, 0.5185483, 1
0.4729335, 0.4328372, 0.5468498, 1
0.4964005, 0.3894171, 0.5540106, 1
0.5888145, 0.4497585, 0.5728445, 1
0.526013, 0.3888455, 0.5281836, 1
0.4824005, 0.3630324, 0.4982112, 1
0.4709308, 0.4348744, 0.5981638, 1
0.5552163, 0.489046, 0.5923702, 1
0.5057538, 0.4476641, 0.561922, 1
0.4408281, 0.3661899, 0.5803382, 1
0.5839514, 0.4565042, 0.6332817, 1
0.4869908, 0.345203, 0.5271419, 1
0.5944507, 0.4204361, 0.6178887, 1
0.565033, 0.5074406, 0.6046834, 1
0.5020434, 0.3915131, 0.4846264, 1
0.5303981, 0.4426178, 0.5371925, 1
0.4362895, 0.3601292, 0.5700382, 1
0.4736283, 0.3783035, 0.5601601, 1
0.4860575, 0.465333, 0.5951247, 1
0.4899903, 0.4325128, 0.5117206, 1
0.5713978, 0.4699351, 0.6365994, 1
0.6002909, 0.4433558, 0.6202722, 1
0.5371619, 0.4608256, 0.6405803, 1
0.5670274, 0.4172932, 0.6439393, 1
0.5053965, 0.4142714, 0.614074, 1
0.4692611, 0.3841515, 0.4587321, 1
0.5618427, 0.3966628, 0.5941322, 1
0.5648858, 0.4339142, 0.6076655, 1
0.5711558, 0.4599648, 0.5472806, 1
0.5468386, 0.3953718, 0.6139059, 1
0.5191568, 0.4535275, 0.5475116, 1
0.5285077, 0.402641, 0.537535, 1
0.4841749, 0.3958276, 0.6154975, 1
0.5307983, 0.3717613, 0.5249255, 1
0.5488472, 0.4139032, 0.6528932, 1
0.5121081, 0.3732603, 0.5131834, 1
0.5486557, 0.4006916, 0.5450819, 1
0.5248379, 0.5007226, 0.6040421, 1
0.5780299, 0.4642541, 0.5670952, 1
0.5403743, 0.4853632, 0.6282645, 1
0.420292, 0.3737535, 0.5247922, 1
0.4425971, 0.3979196, 0.5667468, 1
0.4399232, 0.3808458, 0.5121294, 1
0.4912096, 0.3359486, 0.5571715, 1
0.54332, 0.3964746, 0.628511, 1
0.5290713, 0.4288418, 0.5256714, 1
0.5526959, 0.4563303, 0.6476054, 1
0.4851429, 0.3732771, 0.4708508, 1
0.5975851, 0.4390464, 0.5829699, 1
0.5379638, 0.4525042, 0.5746067, 1
0.5469701, 0.4914099, 0.6310381, 1
0.5349331, 0.4876241, 0.6402726, 1
0.4895181, 0.436202, 0.5280347, 1
0.5148821, 0.4377788, 0.5959195, 1
0.6039832, 0.478189, 0.5904265, 1
0.4170507, 0.3819929, 0.5058904, 1
0.4684055, 0.3439581, 0.5286383, 1
0.5618815, 0.3941365, 0.5999613, 1
0.5592979, 0.4226244, 0.5561849, 1
0.5584255, 0.4742952, 0.5794489, 1
0.5295255, 0.4240929, 0.5126546, 1
0.5353938, 0.4794297, 0.6542023, 1
0.5922082, 0.4701375, 0.5948927, 1
0.5584515, 0.4410634, 0.5245952, 1
0.4367924, 0.3415953, 0.5613614, 1
0.5875177, 0.4548975, 0.6057172, 1
0.5895622, 0.4097932, 0.6354838, 1
0.5010385, 0.3433145, 0.5693119, 1
0.5880757, 0.4079923, 0.6210273, 1
0.4523909, 0.4079649, 0.5707308, 1
0.549022, 0.4686464, 0.6529321, 1
0.5830075, 0.4818855, 0.6010914, 1
0.5743929, 0.4086313, 0.5699405, 1
0.5206922, 0.4378032, 0.5484242, 1
0.6014075, 0.422041, 0.6048964, 1
0.4798993, 0.3539926, 0.5308983, 1
0.5488756, 0.3992171, 0.6326976, 1
0.5064009, 0.4456411, 0.5806189, 1
0.5125632, 0.4866775, 0.6131565, 1
0.4376124, 0.4075752, 0.5703501, 1
0.5761684, 0.4205104, 0.5879174, 1
0.5020735, 0.3984907, 0.5059641, 1
0.4578231, 0.3959397, 0.5952919, 1
0.6207766, 0.4349655, 0.5796189, 1
0.6114907, 0.472127, 0.5902671, 1
0.6130506, 0.5045896, 0.58045, 1
0.5142775, 0.4655709, 0.6207408, 1
0.6419751, 0.4518369, 0.5923973, 1
0.4887805, 0.3981063, 0.5376242, 1
0.5282888, 0.3814105, 0.5717182, 1
0.5864538, 0.4563718, 0.5565891, 1
0.5930975, 0.4748973, 0.6317375, 1
0.4644413, 0.3746832, 0.4736556, 1
0.5139667, 0.4091044, 0.5335142, 1
0.522135, 0.4782164, 0.5440976, 1
0.6280236, 0.4512298, 0.5774221, 1
0.5632526, 0.4666045, 0.6220145, 1
0.4608068, 0.3987623, 0.5099483, 1
0.5590523, 0.4420225, 0.656178, 1
0.577552, 0.4569203, 0.6502302, 1
0.4945547, 0.4627458, 0.5643002, 1
0.5805098, 0.5058541, 0.6207453, 1
0.5649264, 0.4464301, 0.6451427, 1
0.4817379, 0.4199399, 0.6080926, 1
0.4702853, 0.3423153, 0.5081232, 1
0.4805922, 0.3249415, 0.5508451, 1
0.5883766, 0.4705535, 0.6189981, 1
0.5536412, 0.4173346, 0.5826559, 1
0.4688089, 0.4311706, 0.5818673, 1
0.5934467, 0.5043351, 0.5787417, 1
0.4723816, 0.3525782, 0.5571266, 1
0.5099396, 0.3757688, 0.575376, 1
0.6052196, 0.4785442, 0.5675097, 1
0.5705906, 0.4184652, 0.6372553, 1
0.4229019, 0.3827362, 0.4904892, 1
0.560807, 0.4741461, 0.6374617, 1
0.6204765, 0.4579574, 0.5872052, 1
0.4928193, 0.3407827, 0.4887798, 1
0.4429605, 0.3559949, 0.558384, 1
0.5680615, 0.4316545, 0.5851933, 1
0.4895893, 0.3353961, 0.5019532, 1
0.5431191, 0.3933009, 0.5111662, 1
0.541742, 0.4407648, 0.5628237, 1
0.4707651, 0.3981155, 0.4647629, 1
0.4805714, 0.3325176, 0.532839, 1
0.466645, 0.3492581, 0.552366, 1
0.5252208, 0.4832848, 0.5528386, 1
0.464238, 0.4126716, 0.5228279, 1
0.4873741, 0.3702867, 0.6057512, 1
0.4861029, 0.3882319, 0.615302, 1
0.5232143, 0.4746255, 0.5831723, 1
0.5013802, 0.3405598, 0.5172415, 1
0.5608754, 0.5219082, 0.6084807, 1
0.4869427, 0.4243764, 0.5120175, 1
0.5599708, 0.3925737, 0.5892369, 1
0.5080954, 0.4011863, 0.5346542, 1
0.4737573, 0.3973562, 0.483779, 1
0.4921288, 0.4194025, 0.5183314, 1
0.4658165, 0.399934, 0.5499635, 1
0.4934212, 0.3363535, 0.4945098, 1
0.4385576, 0.3867711, 0.5390671, 1
0.5461075, 0.4306292, 0.641849, 1
0.4609119, 0.3567903, 0.5080736, 1
0.552557, 0.4586864, 0.6644817, 1
0.5577496, 0.4206025, 0.6460186, 1
0.5285482, 0.4096429, 0.5807928, 1
0.4855682, 0.4549759, 0.5618812, 1
0.4897161, 0.347352, 0.5421856, 1
0.4967704, 0.4561876, 0.5735519, 1
0.443192, 0.3937424, 0.5735639, 1
0.5435193, 0.4364954, 0.6558783, 1
0.5877548, 0.3958185, 0.5858188, 1
0.5489742, 0.4401163, 0.6339648, 1
0.5234087, 0.367163, 0.5157831, 1
0.5226209, 0.3639396, 0.4979618, 1
0.5745224, 0.4741741, 0.6150753, 1
0.4338044, 0.352185, 0.5409734, 1
0.6124796, 0.4781998, 0.606839, 1
0.5474362, 0.4219933, 0.5768284, 1
0.4959162, 0.3477819, 0.5515252, 1
0.5632247, 0.4267223, 0.5716679, 1
0.5257465, 0.410428, 0.5995228, 1
0.5175652, 0.4219579, 0.5319242, 1
0.5011898, 0.4287155, 0.557604, 1
0.5021241, 0.4080176, 0.514807, 1
0.6084266, 0.4459559, 0.6362257, 1
0.4725296, 0.3362874, 0.5311383, 1
0.4951502, 0.4563356, 0.6134623, 1
0.5314833, 0.4610125, 0.5227796, 1
0.5534688, 0.4425392, 0.551236, 1
0.595398, 0.4324687, 0.6043626, 1
0.5609455, 0.4372807, 0.5821222, 1
0.4496953, 0.4019311, 0.5076641, 1
0.5204644, 0.374125, 0.5016636, 1
0.4963879, 0.4618891, 0.5554229, 1
0.509682, 0.3922493, 0.5855702, 1
0.5331056, 0.4726368, 0.5809683, 1
0.4809397, 0.354825, 0.5143673, 1
0.5699274, 0.3830862, 0.5967122, 1
0.5415981, 0.4808767, 0.598546, 1
0.5046914, 0.3907962, 0.5170548, 1
0.5904131, 0.4766137, 0.5845655, 1
0.4581336, 0.3551911, 0.5625652, 1
0.5597829, 0.4936897, 0.6230568, 1
0.4798858, 0.4245037, 0.5433828, 1
0.567071, 0.4699238, 0.6031032, 1
0.5298774, 0.3645728, 0.556446, 1
0.5321603, 0.3795079, 0.5186911, 1
0.5114505, 0.3339513, 0.55612, 1
0.5402794, 0.5083126, 0.5929168, 1
0.6046994, 0.432058, 0.6171875, 1
0.5155205, 0.4193009, 0.5370404, 1
0.436108, 0.4000197, 0.5330767, 1
0.591565, 0.4885164, 0.6096618, 1
0.5299907, 0.4132504, 0.5071573, 1
0.6371667, 0.4393287, 0.5979797, 1
0.4988134, 0.3477361, 0.5636263, 1
0.5383933, 0.3954459, 0.6306679, 1
0.4625487, 0.3505392, 0.5504512, 1
0.4182917, 0.3944665, 0.557237, 1
0.5339574, 0.4157784, 0.5273201, 1
0.5876127, 0.3966351, 0.5619407, 1
0.59469, 0.4541517, 0.5982298, 1
0.5571771, 0.4891693, 0.5833093, 1
0.4537831, 0.3837199, 0.4659456, 1
0.5604447, 0.4790096, 0.6359418, 1
0.4789962, 0.3712018, 0.5235031, 1
0.525314, 0.4204803, 0.5414131, 1
0.4707864, 0.391096, 0.507399, 1
0.5497214, 0.408848, 0.5609272, 1
0.5180445, 0.4114133, 0.5398104, 1
0.4147111, 0.3684511, 0.5630462, 1
0.6164687, 0.4339599, 0.5961952, 1
0.5249869, 0.486361, 0.5998793, 1
0.478416, 0.3516125, 0.5185696, 1
0.5556036, 0.3888636, 0.607933, 1
0.5786526, 0.4494271, 0.5381384, 1
0.6101623, 0.4639178, 0.5905313, 1
0.518897, 0.3925575, 0.5657219, 1
0.4410357, 0.3803231, 0.528474, 1
0.5590886, 0.4256038, 0.5612406, 1
0.4698503, 0.4360751, 0.5935637, 1
0.5544428, 0.3915356, 0.5569974, 1
0.4741609, 0.3897559, 0.4916351, 1
0.4697724, 0.3727462, 0.5192982, 1
0.5042038, 0.4089563, 0.5148162, 1
0.5093564, 0.3551679, 0.5038425, 1
0.5157884, 0.3653089, 0.5935631, 1
0.4923637, 0.3997637, 0.5392674, 1
0.5892692, 0.4433994, 0.5888419, 1
0.5905648, 0.4269528, 0.6371211, 1
0.5581234, 0.4434588, 0.6520969, 1
0.4330632, 0.3706318, 0.5393303, 1
0.4829018, 0.4217859, 0.5103558, 1
0.4840856, 0.361917, 0.593128, 1
0.5668707, 0.4744931, 0.6597247, 1
0.6112258, 0.4307957, 0.6269509, 1
0.5110661, 0.4586938, 0.6156626, 1
0.5122867, 0.3730969, 0.5308411, 1
0.518387, 0.4255223, 0.4912381, 1
0.4541331, 0.4057734, 0.5523009, 1
0.5466495, 0.4229688, 0.5575616, 1
0.4874929, 0.3909444, 0.4691417, 1
0.4839146, 0.413321, 0.5664135, 1
0.545137, 0.3819553, 0.5299477, 1
0.4973088, 0.417017, 0.5858393, 1
0.6148167, 0.4176944, 0.5989395, 1
0.5819014, 0.4366017, 0.6064597, 1
0.5161712, 0.4543425, 0.6439538, 1
0.4658782, 0.3899947, 0.5433063, 1
0.4632357, 0.3335938, 0.5291672, 1
0.5009906, 0.4637045, 0.5728167, 1
0.4946584, 0.3188354, 0.522615, 1
0.4403082, 0.3710445, 0.5340604, 1
0.4901223, 0.3360243, 0.5188679, 1
0.5570824, 0.4476545, 0.5564723, 1
0.5258182, 0.4383289, 0.5698853, 1
0.5438942, 0.4670856, 0.5803657, 1
0.6045089, 0.4807911, 0.5915963, 1
0.5451956, 0.437936, 0.5617271, 1
0.6040053, 0.4610104, 0.6309872, 1
0.4740964, 0.339975, 0.5528069, 1
0.528092, 0.381037, 0.602647, 1
0.5276569, 0.4705104, 0.6256549, 1
0.6135963, 0.4960322, 0.5845366, 1
0.5797793, 0.4239616, 0.5863971, 1
0.5205023, 0.4128132, 0.5589683, 1
0.5605135, 0.4115221, 0.5863318, 1
0.5005654, 0.3859581, 0.5381725, 1
0.5658277, 0.4184071, 0.6463143, 1
0.5824397, 0.4176518, 0.6211377, 1
0.4704895, 0.3264238, 0.5543481, 1
0.493082, 0.4231865, 0.5541489, 1
0.5102307, 0.4223486, 0.54037, 1
0.4789771, 0.3855236, 0.5584472, 1
0.42682, 0.3552785, 0.5311905, 1
0.4465925, 0.3838665, 0.5076252, 1
0.5092392, 0.3884527, 0.6093615, 1
0.5015736, 0.4073979, 0.6206725, 1
0.5252903, 0.4437848, 0.6056453, 1
0.5724502, 0.4135734, 0.5968791, 1
0.6361372, 0.4455007, 0.5931775, 1
0.4665163, 0.3307725, 0.5561811, 1
0.4550838, 0.389991, 0.5468549, 1
0.4690681, 0.3624902, 0.5551701, 1
0.5285293, 0.4215035, 0.5135359, 1
0.4483934, 0.4110076, 0.5582954, 1
0.4749923, 0.3898133, 0.4659955, 1
0.464834, 0.4256245, 0.5857099, 1
0.5222015, 0.4353856, 0.6304296, 1
0.4496489, 0.3544959, 0.5358883, 1
0.5557072, 0.4171475, 0.5629499, 1
0.5241646, 0.3988323, 0.6075068, 1
0.4974355, 0.3405824, 0.5447616, 1
0.5290614, 0.4157106, 0.5482653, 1
0.5495765, 0.5108376, 0.6201553, 1
0.5397443, 0.4996716, 0.6073593, 1
0.5309818, 0.4582117, 0.5301352, 1
0.5079415, 0.4047504, 0.5262732, 1
0.5371822, 0.4589238, 0.571906, 1
0.4856034, 0.3647919, 0.5369915, 1
0.5248429, 0.3900884, 0.6062381, 1
0.5374457, 0.4335437, 0.512154, 1
0.4789282, 0.3794885, 0.4970039, 1
0.4953702, 0.4035737, 0.4982224, 1
0.512875, 0.4253494, 0.5613181, 1
0.4696653, 0.37117, 0.5249287, 1
0.4798897, 0.3434781, 0.5376194, 1
0.5789577, 0.4091367, 0.5416964, 1
0.5904502, 0.4041452, 0.6262519, 1
0.5833218, 0.4024068, 0.5553648, 1
0.5035945, 0.3792992, 0.5161818, 1
0.4921645, 0.3635683, 0.5656678, 1
0.4863713, 0.4017836, 0.5167977, 1
0.5844702, 0.4205038, 0.6345708, 1
0.5228616, 0.3671644, 0.5717575, 1
0.5149149, 0.3430031, 0.5051011, 1
0.5796547, 0.3973783, 0.5493134, 1
0.4023012, 0.3723726, 0.5427492, 1
0.4750433, 0.3888404, 0.6037022, 1
0.5364043, 0.4038647, 0.5112194, 1
0.4771171, 0.3630595, 0.5758821, 1
0.6160374, 0.4521355, 0.6064942, 1
0.462016, 0.3777546, 0.5955208, 1
0.5540249, 0.4280517, 0.5718032, 1
0.6096529, 0.4056616, 0.5968972, 1
0.4821117, 0.4342878, 0.5323234, 1
0.5384577, 0.3817951, 0.6149758, 1
0.5641813, 0.4402146, 0.5610301, 1
0.5181066, 0.4020719, 0.5392382, 1
0.5225898, 0.4402861, 0.5174914, 1
0.5050053, 0.4765889, 0.6093004, 1
0.5982063, 0.4289114, 0.5973757, 1
0.5345442, 0.3926723, 0.6292406, 1
0.4126403, 0.3577462, 0.5419638, 1
0.4728189, 0.4306662, 0.5875657, 1
0.4780911, 0.3739321, 0.4972655, 1
0.5681953, 0.4624964, 0.6407416, 1
0.5094543, 0.4722521, 0.5772356, 1
0.4353449, 0.3946601, 0.4983393, 1
0.5038485, 0.4063691, 0.4981063, 1
0.524661, 0.4007069, 0.6195333, 1
0.5187431, 0.4204945, 0.574585, 1
0.4657879, 0.3505444, 0.5537001, 1
0.488806, 0.3585538, 0.5612524, 1
0.6118737, 0.4055898, 0.6101427, 1
0.4610134, 0.4314062, 0.5864938, 1
0.4988607, 0.4090802, 0.4811352, 1
0.495589, 0.451686, 0.5435367, 1
0.5132707, 0.4126787, 0.5040176, 1
0.6084247, 0.4371184, 0.6273552, 1
0.5963737, 0.4369837, 0.60338, 1
0.5697505, 0.3848611, 0.6096959, 1
0.5168672, 0.4395257, 0.6306599, 1
0.5210705, 0.4049726, 0.5790826, 1
0.5029173, 0.4605358, 0.6250538, 1
0.5316284, 0.3626633, 0.5435048, 1
0.4904585, 0.3601848, 0.581136, 1
0.4110402, 0.3773418, 0.5645554, 1
0.5234014, 0.471148, 0.5381591, 1
0.495617, 0.4378604, 0.5455003, 1
0.4548957, 0.421278, 0.5701743, 1
0.6176752, 0.4614224, 0.576592, 1
0.5579597, 0.477693, 0.6507015, 1
0.5510961, 0.4189722, 0.5187307, 1
0.5460273, 0.4730469, 0.6061925, 1
0.4776136, 0.3491622, 0.5715311, 1
0.4684181, 0.3663231, 0.4931468, 1
0.5399366, 0.4640651, 0.5406703, 1
0.5789498, 0.3968197, 0.5939405, 1
0.4756488, 0.3435944, 0.5852706, 1
0.5172926, 0.3554494, 0.5019617, 1
0.51807, 0.4276799, 0.5178632, 1
0.4915242, 0.4389288, 0.5478395, 1
0.6206729, 0.4263982, 0.6385638, 1
0.5632148, 0.4187161, 0.6043639, 1
0.5618269, 0.4829097, 0.6592934, 1
0.4923547, 0.4236696, 0.5662131, 1
0.570117, 0.4638437, 0.5657727, 1
0.5953538, 0.4716631, 0.5677294, 1
0.4986614, 0.3960449, 0.5646208, 1
0.5281842, 0.4234692, 0.5568145, 1
0.5404926, 0.4512287, 0.5705748, 1
0.5604916, 0.4567053, 0.6023331, 1
0.5178174, 0.3798177, 0.4986727, 1
0.5408019, 0.5064713, 0.6043481, 1
0.5171694, 0.4018247, 0.5773405, 1
0.5374056, 0.4312539, 0.6426373, 1
0.5166981, 0.369311, 0.543057, 1
0.5614875, 0.4748649, 0.5755138, 1
0.5497618, 0.3944914, 0.6286216, 1
0.495941, 0.4095208, 0.4896396, 1
0.6070725, 0.4760549, 0.5722671, 1
0.5775575, 0.4027946, 0.5964805, 1
0.4917734, 0.3804353, 0.5362482, 1
0.4108665, 0.3640617, 0.5360225, 1
0.5914108, 0.4610808, 0.5852386, 1
0.5563378, 0.4560729, 0.5579708, 1
0.495124, 0.4737117, 0.5704045, 1
0.4661686, 0.3860319, 0.5234638, 1
0.4425065, 0.3331577, 0.5445683, 1
0.4620457, 0.390212, 0.478504, 1
0.5787429, 0.4398808, 0.5776796, 1
0.5512662, 0.4095422, 0.642464, 1
0.4944351, 0.4477282, 0.618942, 1
0.5113416, 0.3914594, 0.5162937, 1
0.4280694, 0.3793316, 0.499873, 1
0.6159533, 0.4391932, 0.6292882, 1
0.5216637, 0.4492563, 0.5292789, 1
0.4973778, 0.419728, 0.5422907, 1
0.5729538, 0.3927345, 0.5973108, 1
0.5564098, 0.4915763, 0.5914687, 1
0.4779129, 0.392479, 0.5978162, 1
0.533658, 0.4958782, 0.5999473, 1
0.504508, 0.3833408, 0.5832041, 1
0.5492774, 0.3784746, 0.5532946, 1
0.5214751, 0.4166275, 0.5185472, 1
0.4796521, 0.4020724, 0.4980153, 1
0.5517821, 0.4732421, 0.6400102, 1
0.5715386, 0.3891287, 0.5544242, 1
0.5275108, 0.3584203, 0.5627751, 1
0.5823917, 0.4200879, 0.6207359, 1
0.5337769, 0.4960591, 0.5913287, 1
0.5646663, 0.4936703, 0.658278, 1
0.6271216, 0.4474365, 0.5781639, 1
0.5574359, 0.437544, 0.6376083, 1
0.5426027, 0.4508933, 0.6021118, 1
0.4530191, 0.3764124, 0.4791634, 1
0.5866449, 0.4332866, 0.6444476, 1
0.5587887, 0.4510567, 0.5590397, 1
0.5030439, 0.351256, 0.5321347, 1
0.4963997, 0.4250361, 0.6255241, 1
0.459171, 0.3703543, 0.5939847, 1
0.5004103, 0.4322629, 0.5923145, 1
0.5071287, 0.4254682, 0.5744283, 1
0.5129513, 0.4671938, 0.6365904, 1
0.4852414, 0.452563, 0.6127833, 1
0.5661191, 0.5006006, 0.6007146, 1
0.5380496, 0.381078, 0.5774798, 1
0.4689273, 0.3860716, 0.5389774, 1
0.6311269, 0.4302446, 0.5939076, 1
0.4438758, 0.3803862, 0.4745631, 1
0.5212191, 0.4659061, 0.5313125, 1
0.5438451, 0.5103859, 0.6024951, 1
0.50515, 0.3872053, 0.4811236, 1
0.4821375, 0.4187923, 0.539256, 1
0.6019429, 0.4595152, 0.578624, 1
0.4618005, 0.3439061, 0.5093397, 1
0.4855783, 0.3495912, 0.4749179, 1
0.6103398, 0.4235211, 0.6226018, 1
0.5484444, 0.4681476, 0.6280484, 1
0.5104439, 0.3732484, 0.5316693, 1
0.454473, 0.4072797, 0.523079, 1
0.4726469, 0.4144028, 0.5781136, 1
0.5147713, 0.4073812, 0.6389164, 1
0.4799044, 0.362205, 0.4676762, 1
0.6249448, 0.4372339, 0.576972, 1
0.4825429, 0.3386227, 0.5401842, 1
0.5407681, 0.4190016, 0.5474705, 1
0.4711671, 0.3922134, 0.594471, 1
0.5453221, 0.416107, 0.608243, 1
0.6122199, 0.4155148, 0.6219954, 1
0.5107041, 0.470719, 0.5939674, 1
0.5931794, 0.4019025, 0.5948843, 1
0.5127841, 0.4866875, 0.5900404, 1
0.4658595, 0.3910675, 0.5667687, 1
0.509125, 0.3999302, 0.585973, 1
0.5498394, 0.4356771, 0.619049, 1
0.512832, 0.474937, 0.5519776, 1
0.4913675, 0.4177973, 0.6197355, 1
0.4738046, 0.3748432, 0.5308986, 1
0.5262507, 0.4450944, 0.6261612, 1
0.5139016, 0.3804255, 0.5852296, 1
0.4357983, 0.3569603, 0.5255035, 1
0.49622, 0.3993678, 0.5119824, 1
0.5101067, 0.3853593, 0.5375697, 1
0.5292359, 0.3611079, 0.5419881, 1
0.4884973, 0.3644467, 0.4767129, 1
0.4460153, 0.3884513, 0.4797961, 1
0.5191903, 0.3458217, 0.5750028, 1
0.5793136, 0.4014903, 0.6037539, 1
0.4495319, 0.3907393, 0.5796214, 1
0.5608698, 0.4045077, 0.5951731, 1
0.5092946, 0.4392875, 0.5127727, 1
0.4950517, 0.4058145, 0.6005648, 1
0.5352889, 0.4442964, 0.5183323, 1
0.5268322, 0.4655075, 0.6313479, 1
0.4721518, 0.4009814, 0.4831197, 1
0.5522481, 0.4995793, 0.6291605, 1
0.5272334, 0.4049596, 0.521221, 1
0.5436907, 0.398509, 0.6014478, 1
0.5153537, 0.3822661, 0.5213206, 1
0.4445032, 0.4082324, 0.5755482, 1
0.5179124, 0.4621529, 0.5613073, 1
0.5977924, 0.4416018, 0.6049872, 1
0.6151438, 0.463888, 0.5852728, 1
0.5846379, 0.4687942, 0.5590422, 1
0.4805664, 0.4083752, 0.6089928, 1
0.5771166, 0.4429318, 0.5903397, 1
0.5674065, 0.397745, 0.5363473, 1
0.583851, 0.4328764, 0.6176695, 1
0.5319774, 0.4838772, 0.61704, 1
0.4992376, 0.3322778, 0.5363999, 1
0.4266543, 0.3913403, 0.5578266, 1
0.5117396, 0.368692, 0.5464221, 1
0.467727, 0.3624375, 0.5002702, 1
0.5564033, 0.475469, 0.6317046, 1
0.517738, 0.4282526, 0.547264, 1
0.4948516, 0.4712204, 0.5664685, 1
0.4955461, 0.456166, 0.6173715, 1
0.4922535, 0.3483263, 0.5435812, 1
0.5844703, 0.4089825, 0.6492833, 1
0.6015157, 0.4329734, 0.6587121, 1
0.5308441, 0.4182051, 0.5927007, 1
0.5655873, 0.5198318, 0.6073479, 1
0.5725267, 0.5042818, 0.6232787, 1
0.5688521, 0.4122925, 0.6079403, 1
0.5177274, 0.4457508, 0.6313656, 1
0.5126995, 0.4033698, 0.5628141, 1
0.4355933, 0.3821511, 0.5524811, 1
0.4341262, 0.3970183, 0.5454355, 1
0.4386727, 0.3689636, 0.5358829, 1
0.5154946, 0.3633339, 0.5664608, 1
0.5630144, 0.5169937, 0.6111827, 1
0.5062256, 0.3830931, 0.5367626, 1
0.5693955, 0.432731, 0.6590132, 1
0.500759, 0.4796343, 0.5756173, 1
0.4821968, 0.4124428, 0.5354772, 1
0.4628747, 0.3915603, 0.599377, 1
0.4472373, 0.339369, 0.5483599, 1
0.4294033, 0.390289, 0.4991046, 1
0.585702, 0.4273435, 0.5735549, 1
0.4142557, 0.3794905, 0.5236533, 1
0.528115, 0.3986043, 0.5107496, 1
0.4315552, 0.3868309, 0.5691518, 1
0.6018558, 0.4546391, 0.5967553, 1
0.5843874, 0.4889705, 0.6254126, 1
0.4264672, 0.3610954, 0.5346448, 1
0.515228, 0.4846492, 0.6138361, 1
0.5664555, 0.463602, 0.5973494, 1
0.5979895, 0.4813456, 0.5756222, 1
0.5304147, 0.3962071, 0.5469778, 1
0.5218098, 0.4624724, 0.5802552, 1
0.5224199, 0.4186682, 0.6419283, 1
0.5597619, 0.4246805, 0.5398706, 1
0.4821955, 0.3767087, 0.5039464, 1
0.5129794, 0.4642111, 0.570587, 1
0.4958214, 0.3775148, 0.4785248, 1
0.5173166, 0.4140787, 0.5953241, 1
0.4850229, 0.3695286, 0.5102799, 1
0.6167779, 0.4268434, 0.6202372, 1
0.501503, 0.4124027, 0.5588723, 1
0.5323132, 0.4004472, 0.6010429, 1
0.5786157, 0.4014257, 0.5690173, 1
0.5610468, 0.4783227, 0.6346329, 1
0.5355082, 0.3699681, 0.5864344, 1
0.573999, 0.4265086, 0.6096169, 1
0.5320324, 0.3872989, 0.6077156, 1
0.4612427, 0.3780119, 0.5004207, 1
0.5394921, 0.4007877, 0.5416675, 1
0.4567663, 0.4105228, 0.5436413, 1
0.4700891, 0.3957148, 0.5830503, 1
0.5063119, 0.4726263, 0.5926913, 1
0.5022614, 0.3872078, 0.5139475, 1
0.5241083, 0.3681366, 0.4938028, 1
0.5971301, 0.4680023, 0.5876716, 1
0.465033, 0.3660351, 0.5513619, 1
0.4629625, 0.3810937, 0.557767, 1
0.5249017, 0.4073432, 0.6425545, 1
0.446248, 0.4139812, 0.5702997, 1
0.4694376, 0.4243199, 0.5833418, 1
0.6058523, 0.5079765, 0.5807191, 1
0.6022426, 0.4493744, 0.5885016, 1
0.4595257, 0.3328498, 0.5754573, 1
0.4903127, 0.3542392, 0.4906693, 1
0.5108955, 0.4853348, 0.6064159, 1
0.4669411, 0.3846597, 0.4797369, 1
0.4878691, 0.3667878, 0.53455, 1
0.4839271, 0.3869215, 0.4926548, 1
0.4663777, 0.3503869, 0.569124, 1
0.4260594, 0.3747453, 0.4972463, 1
0.5306749, 0.3539209, 0.558051, 1
0.4782248, 0.4619442, 0.589963, 1
0.5238321, 0.3651497, 0.6029516, 1
0.5111421, 0.3976651, 0.6197007, 1
0.5526551, 0.4072265, 0.6148788, 1
0.5495423, 0.4569827, 0.6162103, 1
0.5725572, 0.4496226, 0.6711837, 1
0.5371642, 0.4363289, 0.5403045, 1
0.5975282, 0.4292379, 0.5646844, 1
0.5759981, 0.4429249, 0.5393485, 1
0.4733939, 0.4270012, 0.5676218, 1
0.5999509, 0.4271761, 0.5579653, 1
0.4335335, 0.3822241, 0.4849215, 1
0.4934481, 0.4354473, 0.5477547, 1
0.5421878, 0.4449342, 0.615532, 1
0.51071, 0.4179389, 0.5889263, 1
0.5812686, 0.4448228, 0.6281262, 1
0.5321738, 0.4165639, 0.5056456, 1
0.4644807, 0.382525, 0.4820286, 1
0.4720072, 0.3825972, 0.4602536, 1
0.6171339, 0.4594517, 0.6136465, 1
0.5215308, 0.3848133, 0.6146671, 1
0.5964051, 0.4004157, 0.6337973, 1
0.5485038, 0.3902585, 0.622469, 1
0.5164681, 0.4458849, 0.5746378, 1
0.5268458, 0.4497955, 0.6425369, 1
0.523985, 0.3660177, 0.5651717, 1
0.5445606, 0.4881893, 0.6368688, 1
0.4908868, 0.3801214, 0.6046553, 1
0.5433958, 0.4096805, 0.6400251, 1
0.5104593, 0.4125139, 0.5607441, 1
0.4099198, 0.3841142, 0.5343269, 1
0.592159, 0.4185559, 0.6297088, 1
0.4858712, 0.4281239, 0.5648606, 1
0.4748302, 0.3682295, 0.6016194, 1
0.5066053, 0.4481127, 0.5564478, 1
0.5030763, 0.3508894, 0.533605, 1
0.4930719, 0.3984165, 0.5516546, 1
0.6032686, 0.4235671, 0.5612556, 1
0.5907474, 0.4139447, 0.5861105, 1
0.4875418, 0.3489199, 0.5163044, 1
0.4467471, 0.3998237, 0.539489, 1
0.5705913, 0.4358166, 0.5525776, 1
0.5755137, 0.5048975, 0.6216801, 1
0.5115281, 0.4487961, 0.5737098, 1
0.537041, 0.3908883, 0.5251659, 1
0.5714018, 0.3984936, 0.6351945, 1
0.5283439, 0.4373588, 0.5280821, 1
0.4564246, 0.4039978, 0.4924521, 1
0.5658292, 0.4411359, 0.6127334, 1
0.5867678, 0.4336854, 0.6320528, 1
0.4264692, 0.3971088, 0.5546633, 1
0.55367, 0.4059755, 0.5943136, 1
0.553813, 0.3747047, 0.5762888, 1
0.581176, 0.5146877, 0.6106975, 1
0.6232442, 0.4328311, 0.6029023, 1
0.5095897, 0.4026118, 0.5554987, 1
0.4658475, 0.367071, 0.4872044, 1
0.4700383, 0.3876413, 0.4797121, 1
0.5777391, 0.4074169, 0.6254535, 1
0.4858333, 0.3947694, 0.5267114, 1
0.4285014, 0.3877773, 0.5570579, 1
0.4494762, 0.406616, 0.5266939, 1
0.4930943, 0.4736712, 0.5702237, 1
0.4507324, 0.364493, 0.586333, 1
0.6041679, 0.4702437, 0.5771551, 1
0.5383887, 0.4809284, 0.564122, 1
0.5474979, 0.4487661, 0.5165918, 1
0.6081215, 0.4261726, 0.6352783, 1
0.5859436, 0.4248216, 0.605637, 1
0.6077506, 0.4126477, 0.6026874, 1
0.4722717, 0.3579062, 0.510005, 1
0.5104725, 0.4626112, 0.5897778, 1
0.574439, 0.4535677, 0.6091492, 1
0.4809439, 0.4318579, 0.5307905, 1
0.5344522, 0.5026043, 0.6147126, 1
0.5022836, 0.4777522, 0.5757821, 1
0.561285, 0.4426693, 0.5251604, 1
0.5329788, 0.4695065, 0.6376884, 1
0.5405713, 0.4579433, 0.5720011, 1
0.584415, 0.4868034, 0.5818011, 1
0.4656345, 0.3646477, 0.5813102, 1
0.5285955, 0.4533124, 0.5150352, 1
0.5370924, 0.4389458, 0.5986156, 1
0.5874532, 0.5111274, 0.5909634, 1
0.4802404, 0.4312538, 0.6130696, 1
0.6020895, 0.4771877, 0.5602211, 1
0.5218918, 0.39597, 0.6204986, 1
0.5398909, 0.3985544, 0.5291186, 1
0.5036765, 0.3306848, 0.5157844, 1
0.5022264, 0.4057762, 0.487968, 1
0.5767425, 0.4479542, 0.5544039, 1
0.5760675, 0.4061176, 0.6027446, 1
0.5640007, 0.4514283, 0.5347549, 1
0.4551175, 0.4191656, 0.5509167, 1
0.5455427, 0.4594844, 0.603946, 1
0.482469, 0.4263233, 0.5663311, 1
0.572938, 0.4348099, 0.655891, 1
0.4722123, 0.3967976, 0.4999737, 1
0.606618, 0.4134035, 0.57853, 1
0.5208751, 0.4082099, 0.5845193, 1
0.6068341, 0.4416326, 0.5831101, 1
0.6087948, 0.4732973, 0.5838579, 1
0.5870765, 0.4795691, 0.5591877, 1
0.461282, 0.3464642, 0.536554, 1
0.5645809, 0.4275798, 0.6041853, 1
0.5216914, 0.3877036, 0.5046461, 1
0.5579509, 0.4313242, 0.6069089, 1
0.5953534, 0.4821413, 0.5979469, 1
0.4686143, 0.4026918, 0.5662826, 1
0.5700813, 0.4110545, 0.5395239, 1
0.5348467, 0.4910012, 0.5618383, 1
0.4382378, 0.3646404, 0.5216531, 1
0.6066542, 0.4367849, 0.5971497, 1
0.4238808, 0.378502, 0.5369569, 1
0.4770847, 0.391109, 0.4757801, 1
0.5392442, 0.5009612, 0.5737614, 1
0.5235469, 0.4086983, 0.4997725, 1
0.444211, 0.3460693, 0.5742558, 1
0.4976155, 0.3711737, 0.5515788, 1
0.5064155, 0.4377202, 0.607598, 1
0.5352299, 0.4784467, 0.6014026, 1
0.5169317, 0.3868387, 0.5398768, 1
0.5437287, 0.3707433, 0.5830368, 1
0.5394568, 0.4913966, 0.6114426, 1
0.5423384, 0.4179409, 0.5677387, 1
0.4427493, 0.355716, 0.5446814, 1
0.484656, 0.332229, 0.5096171, 1
0.5020296, 0.4115162, 0.4966614, 1
0.5924395, 0.4472265, 0.6033987, 1
0.6048501, 0.4049138, 0.6064817, 1
0.4984629, 0.3737373, 0.5397615, 1
0.6092584, 0.4146775, 0.5776806, 1
0.6181072, 0.4258016, 0.6130204, 1
0.5910699, 0.4460131, 0.6041625, 1
0.4531692, 0.3797996, 0.5598208, 1
0.5370416, 0.4417646, 0.5131005, 1
0.5489233, 0.4832095, 0.641669, 1
0.4227625, 0.3689222, 0.5709377, 1
0.5672035, 0.455586, 0.6599714, 1
0.5018571, 0.3817491, 0.5251223, 1
0.5226719, 0.4466083, 0.5700865, 1
0.413056, 0.3761751, 0.5201717, 1
0.4765623, 0.4065346, 0.598334, 1
0.5326297, 0.3674527, 0.5839169, 1
0.603718, 0.4880839, 0.6027974, 1
0.5047501, 0.3436762, 0.578485, 1
0.5850554, 0.4064136, 0.5736193, 1
0.4870487, 0.3832676, 0.4992347, 1
0.5029353, 0.4280006, 0.6039664, 1
0.4510064, 0.3530207, 0.5382718, 1
0.4446041, 0.3554547, 0.5162749, 1
0.5235599, 0.3582758, 0.5186906, 1
0.6055416, 0.4188091, 0.6481795, 1
0.4794329, 0.403446, 0.5488626, 1
0.5695431, 0.4358128, 0.5523178, 1
0.4573992, 0.3832608, 0.5647668, 1
0.5385088, 0.3833587, 0.5254185, 1
0.4913038, 0.3237171, 0.499098, 1
0.6312917, 0.4294833, 0.6189008, 1
0.553525, 0.4591577, 0.6426758, 1
0.5226718, 0.3784313, 0.563414, 1
0.5485789, 0.4858333, 0.629418, 1
0.488424, 0.4193054, 0.5453769, 1
0.5043793, 0.4733428, 0.5649856, 1
0.4876569, 0.3908482, 0.5326674, 1
0.5986183, 0.4081649, 0.5756273, 1
0.5606384, 0.4134716, 0.5483331, 1
0.4630578, 0.3950221, 0.5028107, 1
0.4539792, 0.3871421, 0.5841863, 1
0.5822271, 0.4816629, 0.6076759, 1
0.4652764, 0.4135114, 0.6003193, 1
0.5325781, 0.4442454, 0.6175513, 1
0.4973359, 0.3867388, 0.5474986, 1
0.5569146, 0.4914723, 0.6280683, 1
0.487222, 0.3207009, 0.5377167, 1
0.5956504, 0.477849, 0.5933075, 1
0.5081875, 0.4197758, 0.4929801, 1
0.5516864, 0.4219429, 0.638804, 1
0.438512, 0.3533832, 0.5480167, 1
0.5460867, 0.4003824, 0.6342111, 1
0.5234795, 0.4300469, 0.6278611, 1
0.4702964, 0.3846101, 0.5472164, 1
0.4918939, 0.4210592, 0.5645388, 1
0.5210571, 0.4662505, 0.528746, 1
0.4877145, 0.3331295, 0.5517253, 1
0.4890785, 0.3873932, 0.490298, 1
0.4831597, 0.4140526, 0.5977079, 1
0.5675384, 0.52767, 0.6249932, 1
0.591051, 0.4713684, 0.5974544, 1
0.5896489, 0.4022726, 0.5702808, 1
0.5526575, 0.4476478, 0.566433, 1
0.5967394, 0.4221593, 0.5805321, 1
0.4321801, 0.384804, 0.5103444, 1
0.5663392, 0.4814895, 0.5812665, 1
0.4491047, 0.39351, 0.4847947, 1
0.5894996, 0.4248877, 0.5949581, 1
0.480819, 0.462032, 0.5730682, 1
0.5259831, 0.4411749, 0.6431412, 1
0.5073116, 0.4660882, 0.6238867, 1
0.5803941, 0.4818241, 0.5974379, 1
0.6057048, 0.4168207, 0.6067147, 1
0.4907908, 0.4512559, 0.5894585, 1
0.570726, 0.462006, 0.6426107, 1
0.4666856, 0.3838738, 0.5040767, 1
0.4732704, 0.3432085, 0.5019276, 1
0.4891047, 0.3861891, 0.5280505, 1
0.4811728, 0.3325798, 0.5201776, 1
0.5511243, 0.4775622, 0.6358634, 1
0.4828702, 0.344657, 0.5838761, 1
0.5309531, 0.4697119, 0.6510788, 1
0.5834065, 0.4546519, 0.6462567, 1
0.6245058, 0.448545, 0.5854905, 1
0.5806401, 0.4248955, 0.5930707, 1
0.4779803, 0.3864663, 0.531091, 1
0.508371, 0.3725419, 0.5479453, 1
0.4971398, 0.3704184, 0.6045756, 1
0.577071, 0.4966745, 0.5725926, 1
0.5150551, 0.4031622, 0.5370441, 1
0.5105481, 0.4026491, 0.486942, 1
0.549465, 0.4745772, 0.5643176, 1
0.5074446, 0.3699977, 0.492893, 1
0.5246271, 0.3647657, 0.50872, 1
0.475782, 0.4065691, 0.4693051, 1
0.4939721, 0.4508376, 0.6028195, 1
0.5128207, 0.4736516, 0.5556972, 1
0.4513084, 0.3689263, 0.5493679, 1
0.5328748, 0.3884231, 0.5115289, 1
0.5351807, 0.4011342, 0.5979651, 1
0.5526214, 0.453648, 0.5243371, 1
0.6071716, 0.4568511, 0.5778935, 1
0.5430211, 0.3976182, 0.5155305, 1
0.6084636, 0.4510625, 0.617883, 1
0.5235525, 0.4390163, 0.5676323, 1
0.4835321, 0.40027, 0.4930344, 1
0.5036208, 0.3576254, 0.5079096, 1
0.5417653, 0.4571668, 0.6422939, 1
0.5157191, 0.3896738, 0.4906504, 1
0.562246, 0.4244065, 0.5576347, 1
0.5575471, 0.4692412, 0.6247527, 1
0.5601889, 0.4133321, 0.6553679, 1
0.5482739, 0.4220993, 0.6300266, 1
0.4662527, 0.3819871, 0.5747717, 1
0.4925117, 0.393326, 0.4697901, 1
0.4899547, 0.3735642, 0.5336601, 1
0.4841728, 0.377766, 0.6001871, 1
0.5802662, 0.4695084, 0.5911395, 1
0.4511322, 0.4324889, 0.5791146, 1
0.5187829, 0.3789806, 0.5230985, 1
0.4993279, 0.3821198, 0.6011483, 1
0.5086901, 0.4441849, 0.5511026, 1
0.5555199, 0.4214312, 0.6137559, 1
0.6096362, 0.4155506, 0.6253883, 1
0.5293, 0.390568, 0.6229361, 1
0.5734227, 0.4076869, 0.6500217, 1
0.5354961, 0.3688043, 0.5790747, 1
0.4995965, 0.370788, 0.5378412, 1
0.5940031, 0.4004038, 0.5759327, 1
0.495231, 0.3343614, 0.5589886, 1
0.5710026, 0.4774003, 0.6045083, 1
0.4430605, 0.4054454, 0.5566019, 1
0.5073535, 0.3601265, 0.5625703, 1
0.5460378, 0.4159263, 0.5905958, 1
0.443757, 0.3860309, 0.5002323, 1
0.5221077, 0.3650851, 0.5809133, 1
0.5193402, 0.4194047, 0.4895749, 1
0.6311783, 0.4226339, 0.6322814, 1
0.5847428, 0.4197328, 0.5645806, 1
0.5148843, 0.3554246, 0.4897095, 1
0.4730324, 0.4197681, 0.5257799, 1
0.4902314, 0.46598, 0.5662765, 1
0.4744929, 0.3971779, 0.6108586, 1
0.508858, 0.4558641, 0.5877967, 1
0.5079582, 0.4594532, 0.5984366, 1
0.505254, 0.4472524, 0.5991943, 1
0.4930325, 0.3277955, 0.5432178, 1
0.6117459, 0.4556213, 0.5599124, 1
0.5343699, 0.4138123, 0.5471635, 1
0.5885059, 0.4624332, 0.59397, 1
0.4550815, 0.3955972, 0.5083337, 1
0.5090406, 0.4431627, 0.5699463, 1
0.6069275, 0.4332669, 0.6523483, 1
0.6175495, 0.4351652, 0.5697854, 1
0.4345321, 0.3480186, 0.550816, 1
0.5699366, 0.3999103, 0.5917537, 1
0.5415354, 0.4082406, 0.629296, 1
0.5065206, 0.3668386, 0.5282374, 1
0.5110332, 0.3664116, 0.5445023, 1
0.4597677, 0.4197502, 0.5375905, 1
0.5170077, 0.4068867, 0.5337093, 1
0.554253, 0.4949818, 0.6117223, 1
0.5432684, 0.4817346, 0.5930203, 1
0.4919797, 0.42001, 0.5966569, 1
0.5863796, 0.4198133, 0.5782681, 1
0.5003318, 0.4463539, 0.6015778, 1
0.4967379, 0.3989465, 0.4754147, 1
0.4320058, 0.375339, 0.5145932, 1
0.4640813, 0.3579978, 0.5167139, 1
0.5409117, 0.4361062, 0.570016, 1
0.5611957, 0.43769, 0.5377905, 1
0.5036203, 0.4065397, 0.5591598, 1
0.5353255, 0.4054248, 0.57188, 1
0.6002067, 0.4870524, 0.5874417, 1
0.4906801, 0.4032998, 0.5012944, 1
0.4069494, 0.3741916, 0.5192651, 1
0.5031134, 0.3898582, 0.6058826, 1
0.5786951, 0.4108726, 0.5889466, 1
0.4892186, 0.3349293, 0.5214451, 1
0.4694122, 0.32707, 0.5228397, 1
0.5120798, 0.4821022, 0.560472, 1
0.513959, 0.4772455, 0.6125366, 1
0.5812566, 0.4626423, 0.584173, 1
0.4444485, 0.3952922, 0.5289999, 1
0.4938315, 0.3364134, 0.488119, 1
0.4992049, 0.437089, 0.6286616, 1
0.514635, 0.4300986, 0.4914109, 1
0.5804787, 0.4206991, 0.6584424, 1
0.5288205, 0.4438849, 0.6011247, 1
0.4437718, 0.3645822, 0.5260684, 1
0.4835691, 0.4682901, 0.5751914, 1
0.5132509, 0.3673571, 0.5863183, 1
0.6048366, 0.4734274, 0.5720893, 1
0.5500264, 0.462575, 0.6292148, 1
0.4674843, 0.4329367, 0.5549495, 1
0.6283976, 0.465259, 0.5992075, 1
0.4983224, 0.4433276, 0.5362349, 1
0.5398209, 0.388395, 0.5103021, 1
0.5937549, 0.4101597, 0.6275509, 1
0.5221474, 0.4373925, 0.6392615, 1
0.5348915, 0.4048315, 0.605444, 1
0.5674316, 0.4064077, 0.5371793, 1
0.5894779, 0.4254, 0.5606988, 1
0.5508071, 0.4764276, 0.6517348, 1
0.4908285, 0.443077, 0.5367006, 1
0.5895217, 0.4560779, 0.585421, 1
0.4606618, 0.4402329, 0.5959669, 1
0.5995562, 0.4739968, 0.6170871, 1
0.5184627, 0.4189368, 0.5111766, 1
0.442712, 0.3882113, 0.5823988, 1
0.5894515, 0.4417902, 0.6023107, 1
0.4907668, 0.4754957, 0.5852188, 1
0.565196, 0.4035081, 0.5708787, 1
0.4633082, 0.3400497, 0.5155962, 1
0.589579, 0.4450685, 0.5774887, 1
0.4674174, 0.3965827, 0.4588931, 1
0.5772781, 0.4020924, 0.5568393, 1
0.4968751, 0.350663, 0.5750247, 1
0.5861832, 0.4038842, 0.5881462, 1
0.4125343, 0.3472839, 0.555099, 1
0.4843497, 0.3474665, 0.48293, 1
0.4976223, 0.3920237, 0.5489069, 1
0.5597116, 0.373001, 0.5909845, 1
0.4674333, 0.3997489, 0.5806323, 1
0.5705434, 0.3950109, 0.582203, 1
0.5045791, 0.3749212, 0.5963821, 1
0.6125449, 0.4766069, 0.566974, 1
0.4527958, 0.3716833, 0.5751387, 1
0.5572845, 0.5136695, 0.5953723, 1
0.5703724, 0.4388722, 0.5887055, 1
0.4656005, 0.3755864, 0.502892, 1
0.5588974, 0.442357, 0.647764, 1
0.5297071, 0.3954175, 0.5003636, 1
0.5406854, 0.4038835, 0.5201443, 1
0.5894964, 0.4762533, 0.6313142, 1
0.4863492, 0.4356933, 0.5275514, 1
0.5981393, 0.4035191, 0.5855948, 1
0.4865389, 0.3894955, 0.567322, 1
0.5141813, 0.3885394, 0.5033941, 1
0.5236944, 0.3504805, 0.513181, 1
0.5541858, 0.4512617, 0.5993674, 1
0.5494973, 0.4680684, 0.5627162, 1
0.4427705, 0.3755938, 0.5690674, 1
0.5459604, 0.4327013, 0.5180612, 1
0.4889582, 0.3383728, 0.541112, 1
0.4740832, 0.4224532, 0.6110759, 1
0.5720286, 0.4451439, 0.5568134, 1
0.4980229, 0.4218479, 0.4857053, 1
0.5551253, 0.4407318, 0.6264383, 1
0.5715714, 0.3904442, 0.5837588, 1
0.5570521, 0.4075483, 0.5269789, 1
0.6173396, 0.4347834, 0.5842698, 1
0.55134, 0.4046656, 0.6417071, 1
0.5414539, 0.4117554, 0.5814109, 1
0.4608656, 0.3801681, 0.5916765, 1
0.529403, 0.4447043, 0.5220724, 1
0.5395424, 0.4244077, 0.5811077, 1
0.5326737, 0.4961886, 0.6328009, 1
0.4311909, 0.3613434, 0.5361603, 1
0.5576118, 0.3920006, 0.5821928, 1
0.4531257, 0.4222381, 0.5519871, 1
0.4771459, 0.3992851, 0.5551312, 1
0.5350113, 0.4491999, 0.5618972, 1
0.5227939, 0.4198354, 0.5429996, 1
0.5009464, 0.4128479, 0.4763448, 1
0.4965013, 0.3229335, 0.495662, 1
0.4552787, 0.4121606, 0.5535437, 1
0.5394866, 0.3612233, 0.5318447, 1
0.5575686, 0.5211389, 0.616248, 1
0.5648925, 0.4349688, 0.6086414, 1
0.4836953, 0.4096228, 0.583861, 1
0.5505236, 0.4631701, 0.5409529, 1
0.5718115, 0.4395017, 0.6326212, 1
0.5690796, 0.4387108, 0.600655, 1
0.4173681, 0.3512699, 0.5540569, 1
0.4484788, 0.3416252, 0.5637341, 1
0.4344697, 0.3587419, 0.5364825, 1
0.4925811, 0.3944203, 0.6006788, 1
0.4993131, 0.3565353, 0.5540525, 1
0.5604035, 0.4268746, 0.6218156, 1
0.494747, 0.3426593, 0.4990672, 1
0.4300734, 0.3673194, 0.5749707, 1
0.5335116, 0.4838922, 0.5584323, 1
0.5542602, 0.3996021, 0.6426597, 1
0.5378325, 0.4844925, 0.634342, 1
0.4692403, 0.3555644, 0.5634282, 1
0.5221432, 0.4794831, 0.6423171, 1
0.5042521, 0.398218, 0.542992, 1
0.4090154, 0.3601648, 0.554509, 1
0.5578616, 0.4136511, 0.6286631, 1
0.434755, 0.3704601, 0.5608588, 1
0.4231378, 0.3575941, 0.5480705, 1
0.5421103, 0.4795722, 0.6112087, 1
0.5120346, 0.4286739, 0.5145581, 1
0.4344693, 0.373552, 0.5736851, 1
0.5367913, 0.4553571, 0.6329675, 1
0.6061658, 0.4398979, 0.6304004, 1
0.6158754, 0.4200362, 0.5806161, 1
0.6256635, 0.4192062, 0.61835, 1
0.4745666, 0.4546444, 0.5742837, 1
0.6107116, 0.4184866, 0.6002922, 1
0.5358894, 0.4112667, 0.6240275, 1
0.5343271, 0.3750525, 0.5726401, 1
0.4325021, 0.3508337, 0.5681674, 1
0.4949833, 0.3635488, 0.5945984, 1
0.4656388, 0.4042265, 0.5996699, 1
0.4445332, 0.3732343, 0.5246981, 1
0.5279259, 0.4578328, 0.5351333, 1
0.5632629, 0.4454406, 0.6160333, 1
0.5503438, 0.3754539, 0.5929198, 1
0.5367234, 0.3977855, 0.6090831, 1
0.537685, 0.3785566, 0.6006814, 1
0.4569099, 0.3620796, 0.5778011, 1
0.5619949, 0.4147516, 0.534395, 1
0.4874593, 0.3828752, 0.5154254, 1
0.5602967, 0.4105659, 0.5485846, 1
0.5724214, 0.4260959, 0.5458977, 1
0.5632842, 0.4320752, 0.5919494, 1
0.5303125, 0.3679141, 0.5321684, 1
0.6134589, 0.4141206, 0.6459958, 1
0.5069019, 0.339836, 0.506106, 1
0.5340545, 0.4111153, 0.5068759, 1
0.4677302, 0.4258082, 0.5687286, 1
0.6253258, 0.4399103, 0.6111253, 1
0.544726, 0.3866521, 0.5340868, 1
0.5191346, 0.371121, 0.5945524, 1
0.4946412, 0.3926516, 0.5002673, 1
0.5491402, 0.4401175, 0.62208, 1
0.4962101, 0.3786036, 0.5617839, 1
0.4814821, 0.4300252, 0.5613547, 1
0.4971843, 0.4300943, 0.5737815, 1
0.5175055, 0.4197371, 0.5927225, 1
0.4523592, 0.4003612, 0.5475932, 1
0.5055785, 0.3963465, 0.6200858, 1
0.5152296, 0.4714555, 0.5525359, 1
0.5652127, 0.5060543, 0.5995712, 1
0.4583168, 0.3323599, 0.5643414, 1
0.5135409, 0.4322705, 0.5811955, 1
0.5121645, 0.3876492, 0.5323678, 1
0.4513654, 0.3609266, 0.5657765, 1
0.619003, 0.4359186, 0.6322418, 1
0.5296623, 0.3757585, 0.6091951, 1
0.5904782, 0.4609797, 0.5979196, 1
0.5995787, 0.4244542, 0.56385, 1
0.4844204, 0.3775398, 0.5243802, 1
0.4981885, 0.403069, 0.5526416, 1
0.46984, 0.3485965, 0.5420787, 1
0.474646, 0.3462318, 0.5175468, 1
0.518245, 0.4673244, 0.5793499, 1
0.5554213, 0.4313303, 0.6051893, 1
0.5106047, 0.4461983, 0.5526861, 1
0.5899886, 0.4736008, 0.5584507, 1
0.4478582, 0.363737, 0.575827, 1
0.555028, 0.4727117, 0.5709157, 1
0.4700251, 0.38937, 0.4939258, 1
0.5811834, 0.5024596, 0.5983548, 1
0.5496487, 0.4021913, 0.5825684, 1
0.4803071, 0.4477208, 0.5604422, 1
0.4549838, 0.3841568, 0.5240222, 1
0.6297914, 0.444278, 0.5933933, 1
0.4388673, 0.3920203, 0.578786, 1
0.4996469, 0.4200298, 0.4859487, 1
0.4321139, 0.4041898, 0.547289, 1
0.4630184, 0.3540712, 0.5465803, 1
0.5324816, 0.3910083, 0.5696034, 1
0.556374, 0.3957434, 0.6265582, 1
0.5213953, 0.3832814, 0.6053132, 1
0.5291076, 0.3838928, 0.6090952, 1
0.512518, 0.3721844, 0.5779188, 1
0.4218425, 0.373814, 0.5627089, 1
0.4571441, 0.3343972, 0.5441694, 1
0.5866078, 0.4660939, 0.5824786, 1
0.6023774, 0.4664016, 0.6292703, 1
0.4394012, 0.3831197, 0.5480282, 1
0.5576782, 0.5027908, 0.6489058, 1
0.5900325, 0.5035328, 0.5728644, 1
0.5410873, 0.4497834, 0.5688236, 1
0.5046707, 0.476587, 0.5955614, 1
0.6065633, 0.4207973, 0.6101825, 1
0.556914, 0.419879, 0.5795141, 1
0.4083304, 0.3495073, 0.5517197, 1
0.5613499, 0.4822994, 0.6172159, 1
0.5974435, 0.4287432, 0.6292954, 1
0.4718482, 0.4106976, 0.5927651, 1
0.4785475, 0.4596105, 0.5736739, 1
0.5185037, 0.4567574, 0.5276146, 1
0.462407, 0.4219017, 0.5924885, 1
0.5511644, 0.3907775, 0.585336, 1
0.4924619, 0.4062145, 0.5576175, 1
0.5325406, 0.4570193, 0.5858005, 1
0.4584474, 0.4308818, 0.5926484, 1
0.5228783, 0.3475683, 0.5242714, 1
0.5283182, 0.4724684, 0.5373316, 1
0.5053346, 0.4189177, 0.4841528, 1
0.4644593, 0.3593984, 0.5256127, 1
0.4992643, 0.4107782, 0.5797272, 1
0.5638372, 0.4313273, 0.6326016, 1
0.5135975, 0.4713279, 0.6109141, 1
0.4572084, 0.4401707, 0.5807535, 1
0.5605804, 0.5016667, 0.6383353, 1
0.5078167, 0.3617536, 0.5996669, 1
0.5635896, 0.4390627, 0.6255861, 1
0.5395063, 0.4846225, 0.6398191, 1
0.4889686, 0.3520767, 0.5528592, 1
0.6131322, 0.437483, 0.6270726, 1
0.5470552, 0.4536603, 0.5279686, 1
0.5514211, 0.3946068, 0.5966641, 1
0.4414624, 0.3721844, 0.5565171, 1
0.5478597, 0.4400022, 0.5186371, 1
0.5028812, 0.3545887, 0.4927063, 1
0.4957807, 0.3532377, 0.486849, 1
0.4237883, 0.3891686, 0.5723948, 1
0.5160343, 0.3475015, 0.5686898, 1
0.562119, 0.3823566, 0.6075714, 1
0.4052688, 0.3740481, 0.5318196, 1
0.4492449, 0.3366456, 0.5706636, 1
0.5261144, 0.4529045, 0.628397, 1
0.4872356, 0.461509, 0.6082815, 1
0.5071501, 0.3639753, 0.5771809, 1
0.5155932, 0.4317016, 0.6384214, 1
0.5014907, 0.3938237, 0.5430346, 1
0.5270228, 0.4553732, 0.570502, 1
0.583347, 0.4470836, 0.6408916, 1
0.5087119, 0.440577, 0.5043095, 1
0.469322, 0.4207764, 0.5962183, 1
0.5133718, 0.4559385, 0.5875055, 1
0.5326751, 0.378357, 0.6136975, 1
0.5297437, 0.4089125, 0.6031725, 1
0.6024743, 0.4595897, 0.5560489, 1
0.561142, 0.4554838, 0.6638471, 1
0.4925849, 0.3539858, 0.5778035, 1
0.5618107, 0.4853497, 0.617774, 1
0.5849694, 0.4839865, 0.5585774, 1
0.5152839, 0.4319063, 0.5520505, 1
0.4908153, 0.4521623, 0.5677412, 1
0.5266598, 0.4034071, 0.5667245, 1
0.4345112, 0.4145298, 0.5683679, 1
0.5302609, 0.4006886, 0.6176561, 1
0.5047925, 0.4404665, 0.5239919, 1
0.5716674, 0.4033418, 0.5867146, 1
0.4928705, 0.4180837, 0.6229938, 1
0.4952011, 0.4155408, 0.4860231, 1
0.5075468, 0.4727934, 0.6034945, 1
0.6040674, 0.4694044, 0.5682895, 1
0.4615053, 0.4108078, 0.5609611, 1
0.6210622, 0.4730925, 0.5978317, 1
0.5448702, 0.4199454, 0.5150461, 1
0.4943053, 0.3855956, 0.4768379, 1
0.5180218, 0.3971461, 0.5490683, 1
0.5280249, 0.3804222, 0.5874157, 1
0.5486819, 0.4226445, 0.6153448, 1
0.6308398, 0.4517101, 0.5810425, 1
0.5647848, 0.487138, 0.6392099, 1
0.4982544, 0.479284, 0.5707984, 1
0.5295775, 0.4603113, 0.5492603, 1
0.5665069, 0.4547415, 0.6695713, 1
0.498996, 0.4129979, 0.5998627, 1
0.5301344, 0.4821838, 0.5885722, 1
0.4383861, 0.3350447, 0.5638177, 1
0.4663434, 0.4003543, 0.5544846, 1
0.5091828, 0.4460849, 0.6043637, 1
0.4780975, 0.397221, 0.6073186, 1
0.444811, 0.3263241, 0.5642236, 1
0.5927302, 0.4290642, 0.6448592, 1
0.5674011, 0.4496109, 0.6608185, 1
0.594245, 0.490541, 0.590546, 1
0.5047268, 0.4825688, 0.5933842, 1
0.4601302, 0.3969061, 0.5742986, 1
0.5560595, 0.422715, 0.6386501, 1
0.5110976, 0.4622726, 0.5367002, 1
0.47118, 0.4457251, 0.6067547, 1
0.5951271, 0.4819491, 0.6158536, 1
0.5012712, 0.4006923, 0.593659, 1
0.5294979, 0.4022184, 0.5199639, 1
0.5830325, 0.4374062, 0.6364187, 1
0.6091509, 0.4298948, 0.651849, 1
0.4675107, 0.3629813, 0.5649259, 1
0.5759961, 0.4618022, 0.6649796, 1
0.5306631, 0.4448798, 0.5465214, 1
0.5179844, 0.4794619, 0.6091774, 1
0.5627478, 0.4400302, 0.6487159, 1
0.5271955, 0.4888912, 0.6032984, 1
0.4830528, 0.4210079, 0.501644, 1
0.6100277, 0.4594634, 0.5834466, 1
0.6152805, 0.4500173, 0.6236504, 1
0.6137524, 0.4387456, 0.5801058, 1
0.5599834, 0.4452964, 0.5874152, 1
0.5291961, 0.4313481, 0.5270184, 1
0.4788087, 0.3438138, 0.5165237, 1
0.5118179, 0.4576913, 0.5956864, 1
0.478843, 0.4670958, 0.5814997, 1
0.5690529, 0.4607121, 0.5661047, 1
0.4188507, 0.3828956, 0.5574728, 1
0.598679, 0.41152, 0.5980651, 1
0.5412105, 0.3743251, 0.5304123, 1
0.5586648, 0.4237871, 0.5219064, 1
0.4730927, 0.3913312, 0.5637245, 1
0.5592273, 0.4851409, 0.5829161, 1
0.5066271, 0.3666622, 0.5377898, 1
0.4489867, 0.4186259, 0.5556577, 1
0.5468422, 0.4809401, 0.6454561, 1
0.4942905, 0.3898586, 0.598331, 1
0.5500643, 0.471471, 0.6114403, 1
0.4748265, 0.3165466, 0.5256663, 1
0.4570912, 0.419103, 0.5388592, 1
0.5032722, 0.4214491, 0.5971732, 1
0.5818447, 0.46284, 0.6350539, 1
0.5528368, 0.4127409, 0.5744794, 1
0.5472631, 0.4221307, 0.5678003, 1
0.4874286, 0.4192828, 0.4978723, 1
0.5484579, 0.4664264, 0.5541692, 1
0.5899171, 0.4326598, 0.6732799, 1
0.4365651, 0.3793555, 0.4788175, 1
0.4771934, 0.358252, 0.5305139, 1
0.5083233, 0.3901313, 0.4755822, 1
0.4677474, 0.4035451, 0.5545236, 1
0.6137986, 0.4258105, 0.6459692, 1
0.5688561, 0.4399475, 0.6132396, 1
0.5822009, 0.4703117, 0.5854828, 1
0.5488865, 0.4294846, 0.6358244, 1
0.5590339, 0.4417859, 0.5504132, 1
0.5153806, 0.4387529, 0.6375484, 1
0.5185428, 0.4500783, 0.5335885, 1
0.5066512, 0.4075299, 0.5060897, 1
0.4194858, 0.3493108, 0.5631056, 1
0.5387331, 0.4490814, 0.5542799, 1
0.4883975, 0.4221219, 0.5927094, 1
0.5456145, 0.4046467, 0.5511856, 1
0.4786718, 0.3422573, 0.5428961, 1
0.4999783, 0.3306563, 0.5413215, 1
0.6164641, 0.4531427, 0.6129845, 1
0.4743601, 0.3472089, 0.5591661, 1
0.4719717, 0.3924205, 0.4873367, 1
0.4889895, 0.3472127, 0.558795, 1
0.4577598, 0.3248435, 0.5445606, 1
0.5779744, 0.4495994, 0.6020237, 1
0.4730969, 0.3312641, 0.5665529, 1
0.5782412, 0.499824, 0.6083606, 1
0.491404, 0.3381917, 0.5611882, 1
0.5081882, 0.402971, 0.608308, 1
0.4800395, 0.3968206, 0.5741087, 1
0.4001082, 0.3697066, 0.5468435, 1
0.598521, 0.4649411, 0.6175822, 1
0.5188374, 0.4663506, 0.6001223, 1
0.4695153, 0.3678496, 0.533702, 1
0.5657991, 0.4697245, 0.6662071, 1
0.5737717, 0.4304022, 0.6152866, 1
0.443729, 0.3650443, 0.5146068, 1
0.4947521, 0.3861319, 0.5554717, 1
0.4921997, 0.3745537, 0.5584076, 1
0.5032797, 0.357283, 0.514276, 1
0.6050513, 0.4730384, 0.6176183, 1
0.5055623, 0.4408583, 0.5599871, 1
0.5095986, 0.3411052, 0.5499447, 1
0.5185336, 0.3901821, 0.5723729, 1
0.5206984, 0.4748955, 0.642002, 1
0.4688414, 0.3551291, 0.5356064, 1
0.4624646, 0.370899, 0.5232179, 1
0.5510939, 0.3734755, 0.6029431, 1
0.5053339, 0.4047206, 0.5050429, 1
0.4189403, 0.3917107, 0.5651342, 1
0.5146728, 0.4771093, 0.6080221, 1
0.6011988, 0.4897931, 0.6025633, 1
0.4889813, 0.4238827, 0.4964421, 1
0.4977231, 0.3936416, 0.58494, 1
0.5768993, 0.4900595, 0.5775397, 1
0.5917578, 0.4104566, 0.5987045, 1
0.5219581, 0.4080712, 0.6311482, 1
0.4703328, 0.3834668, 0.4837306, 1
0.5298461, 0.4222077, 0.5550614, 1
0.5316621, 0.3941581, 0.5976111, 1
0.4519574, 0.3690782, 0.4970554, 1
0.4942031, 0.4738478, 0.5736375, 1
0.4598133, 0.4403694, 0.5868528, 1
0.6110264, 0.4503028, 0.5880937, 1
0.5185509, 0.4319665, 0.6087148, 1
0.5820118, 0.425943, 0.5871413, 1
0.5772403, 0.4621062, 0.6421717, 1
0.5522456, 0.3788016, 0.5931046, 1
0.4617193, 0.3524031, 0.5730023, 1
0.5454584, 0.3803744, 0.6106616, 1
0.5278172, 0.3984199, 0.553746, 1
0.4657649, 0.4179438, 0.5773441, 1
0.5215203, 0.4767174, 0.5779162, 1
0.5148796, 0.3637704, 0.6016486, 1
0.5449113, 0.4967165, 0.5800889, 1
0.5210266, 0.4589958, 0.6244693, 1
0.5592423, 0.4413792, 0.5746872, 1
0.5619999, 0.4020888, 0.6411459, 1
0.4850393, 0.4356929, 0.5302907, 1
0.573777, 0.4307762, 0.5634815, 1
0.5450491, 0.3878642, 0.5807059, 1
0.5066258, 0.3691429, 0.5138235, 1
0.4634816, 0.3465598, 0.5605273, 1
0.5139003, 0.4611512, 0.5551812, 1
0.521948, 0.4288227, 0.6302416, 1
0.5793574, 0.3905644, 0.5645819, 1
0.5332903, 0.437793, 0.5186638, 1
0.5361547, 0.4132551, 0.6251597, 1
0.5647922, 0.4169595, 0.5870728, 1
0.5878242, 0.4365294, 0.6695209, 1
0.5358765, 0.4863617, 0.6067374, 1
0.4817885, 0.4403917, 0.5465925, 1
0.5468211, 0.4523329, 0.5829576, 1
0.6241934, 0.4587695, 0.5953265, 1
0.4636325, 0.3794869, 0.5445079, 1
0.5259186, 0.4501721, 0.5572479, 1
0.6078518, 0.4564298, 0.6232761, 1
0.5532382, 0.3863197, 0.5215088, 1
0.5586039, 0.5114177, 0.5972881, 1
0.4857876, 0.3435636, 0.4999355, 1
0.5182781, 0.4785205, 0.6224336, 1
0.5179814, 0.363256, 0.5650036, 1
0.578972, 0.501987, 0.6112369, 1
0.5397181, 0.4404006, 0.5219557, 1
0.5788027, 0.4917407, 0.5847152, 1
0.5393587, 0.3995836, 0.6255406, 1
0.520298, 0.3437543, 0.5530089, 1
0.5071018, 0.4544942, 0.5949178, 1
0.4774119, 0.3822744, 0.471362, 1
0.6186959, 0.4698408, 0.5930282, 1
0.5241673, 0.3927871, 0.5654563, 1
0.5199779, 0.4120766, 0.5946273, 1
0.5413337, 0.3886082, 0.6109635, 1
0.4763381, 0.438751, 0.5527253, 1
0.4763884, 0.3458282, 0.5225428, 1
0.5939636, 0.4883289, 0.5829383, 1
0.5218282, 0.3821042, 0.5846378, 1
0.5448532, 0.4592184, 0.6048298, 1
0.4755344, 0.4496734, 0.5685545, 1
0.5165123, 0.4801902, 0.634783, 1
0.5988367, 0.4147198, 0.5854266, 1
0.5116948, 0.4753143, 0.593416, 1
0.4446608, 0.3808291, 0.4770588, 1
0.5149587, 0.4119006, 0.498418, 1
0.5441944, 0.4125558, 0.5382013, 1
0.5957874, 0.4675612, 0.6094104, 1
0.5140542, 0.37845, 0.4897136, 1
0.5752673, 0.463149, 0.5450112, 1
0.5564531, 0.4354487, 0.5653669, 1
0.5793602, 0.5033829, 0.5830433, 1
0.5222835, 0.4479813, 0.5283751, 1
0.6070219, 0.4083055, 0.6110243, 1
0.4912178, 0.4483799, 0.5866413, 1
0.4842262, 0.44613, 0.6021595, 1
0.5015478, 0.4590117, 0.5797689, 1
0.4822085, 0.4285304, 0.5235778, 1
0.5456752, 0.4166236, 0.642871, 1
0.5354424, 0.3911412, 0.6236554, 1
0.5369513, 0.4125471, 0.5135145, 1
0.5266767, 0.3736512, 0.5241013, 1
0.4307514, 0.3466817, 0.5621291, 1
0.426957, 0.3924389, 0.5514094, 1
0.5415633, 0.4338326, 0.6517488, 1
0.4584949, 0.3506618, 0.5623747, 1
0.4741982, 0.4152415, 0.5158134, 1
0.5193606, 0.4303515, 0.6063358, 1
0.5207588, 0.3870504, 0.6022052, 1
0.4902259, 0.379254, 0.563298, 1
0.4842905, 0.4361029, 0.5631284, 1
0.5945418, 0.4209028, 0.6382892, 1
0.6228893, 0.4800118, 0.589727, 1
0.5675228, 0.4039899, 0.6183977, 1
0.54479, 0.4094462, 0.5918871, 1
0.5553092, 0.4048092, 0.6134408, 1
0.474102, 0.3796664, 0.5746399, 1
0.5006346, 0.3672504, 0.4709793, 1
0.523518, 0.4139321, 0.5090866, 1
0.5261354, 0.4051854, 0.5296926, 1
0.4929491, 0.4285128, 0.5324268, 1
0.5009854, 0.3686249, 0.5293878, 1
0.5456017, 0.4062173, 0.5757682, 1
0.5318335, 0.4385751, 0.6406772, 1
0.5141486, 0.4270222, 0.5065427, 1
0.5405334, 0.503365, 0.6452557, 1
0.4231514, 0.3915447, 0.5382479, 1
0.593398, 0.4412757, 0.614515, 1
0.5524519, 0.4131702, 0.6066102, 1
0.5617833, 0.3823197, 0.5906, 1
0.4553086, 0.3853115, 0.5857387, 1
0.5193099, 0.3847491, 0.5039213, 1
0.6016522, 0.4473213, 0.648555, 1
0.5436065, 0.4597924, 0.5975878, 1
0.5511445, 0.5135789, 0.6122188, 1
0.4547174, 0.3684131, 0.5649038, 1
0.5043574, 0.4319063, 0.6298327, 1
0.5612969, 0.454717, 0.5787331, 1
0.4939562, 0.3904066, 0.499479, 1
0.5514755, 0.4739248, 0.5487701, 1
0.5090733, 0.380371, 0.6027315, 1
0.4934177, 0.3303373, 0.5532539, 1
0.5287852, 0.3690155, 0.5879945, 1
0.5887077, 0.4058939, 0.6254013, 1
0.5357752, 0.3901111, 0.5901766, 1
0.5509541, 0.4146225, 0.6221099, 1
0.581075, 0.3890892, 0.6097136, 1
0.4975469, 0.3996605, 0.5871132, 1
0.6193101, 0.4404711, 0.6211863, 1
0.5458986, 0.3707765, 0.5307561, 1
0.5418941, 0.4360482, 0.5310969, 1
0.4865112, 0.3439127, 0.507849, 1
0.5367028, 0.3602418, 0.5773877, 1
0.4708233, 0.3442273, 0.5104263, 1
0.5475868, 0.3628295, 0.5777816, 1
0.5790221, 0.3922441, 0.578815, 1
0.4916678, 0.3715146, 0.6026192, 1
0.4759393, 0.3923675, 0.5623101, 1
0.5273985, 0.3643419, 0.6022699, 1
0.5010753, 0.3667133, 0.4806882, 1
0.5227627, 0.3863888, 0.5126815, 1
0.5695009, 0.3971496, 0.6340855, 1
0.4749604, 0.4031282, 0.5987023, 1
0.5413042, 0.4694617, 0.573491, 1
0.5442649, 0.4206191, 0.5970834, 1
0.5662395, 0.4859867, 0.6583504, 1
0.4113049, 0.3806398, 0.508849, 1
0.4472034, 0.4078739, 0.5375313, 1
0.5731416, 0.4506226, 0.6808881, 1
0.5707179, 0.3918536, 0.5903639, 1
0.5400506, 0.4067954, 0.5453529, 1
0.5412695, 0.3894154, 0.5985488, 1
0.5944059, 0.4184862, 0.5894751, 1
0.4851336, 0.4198992, 0.529451, 1
0.564562, 0.4325704, 0.5426278, 1
0.4184438, 0.3788629, 0.5472226, 1
0.5441306, 0.3738884, 0.5348082, 1
0.5068893, 0.4069059, 0.5533274, 1
0.4973029, 0.4013419, 0.5037411, 1
0.5600883, 0.4565367, 0.5278944, 1
0.5758511, 0.4716138, 0.5475696, 1
0.4679628, 0.4417129, 0.5853848, 1
0.5067458, 0.3760143, 0.5162638, 1
0.4989859, 0.4319798, 0.5916176, 1
0.4355994, 0.3769327, 0.56229, 1
0.5985277, 0.4906999, 0.5977156, 1
0.4732127, 0.4295138, 0.5374678, 1
0.5071346, 0.4227574, 0.5094094, 1
0.5855159, 0.5097662, 0.6026112, 1
0.5069025, 0.4218561, 0.5687361, 1
0.49371, 0.3771169, 0.5869356, 1
0.4757861, 0.4148651, 0.4943569, 1
0.4891814, 0.4300841, 0.6205444, 1
0.5817959, 0.4088502, 0.57757, 1
0.5223342, 0.4139264, 0.5987595, 1
0.6076698, 0.439895, 0.6075683, 1
0.5346863, 0.4035436, 0.6261353, 1
0.5293776, 0.4949078, 0.6241917, 1
0.4975626, 0.4271493, 0.5872992, 1
0.5961651, 0.4408576, 0.6004227, 1
0.4953099, 0.3538946, 0.4880477, 1
0.5182731, 0.346467, 0.5709061, 1
0.5107925, 0.3452394, 0.4982381, 1
0.4806152, 0.3510767, 0.4952058, 1
0.4566444, 0.4408738, 0.5825296, 1
0.5664386, 0.4382864, 0.5930289, 1
0.4836398, 0.3903509, 0.5970525, 1
0.4791736, 0.3592683, 0.4707714, 1
0.4973284, 0.4363769, 0.5096235, 1
0.4382963, 0.3718576, 0.5410699, 1
0.5156737, 0.3557316, 0.5141243, 1
0.5746026, 0.4894414, 0.6420668, 1
0.5441621, 0.3840336, 0.5556518, 1
0.5569645, 0.4712481, 0.6476776, 1
0.5464773, 0.3823497, 0.5381445, 1
0.5236357, 0.455698, 0.5520206, 1
0.4744334, 0.3710779, 0.5932306, 1
0.511099, 0.4028795, 0.5049363, 1
0.5282668, 0.4567842, 0.6412371, 1
0.5469354, 0.4006994, 0.5971141, 1
0.5843081, 0.4314613, 0.6471449, 1
0.5377221, 0.4385722, 0.609576, 1
0.504491, 0.45144, 0.5526894, 1
0.5741949, 0.4823078, 0.5585775, 1
0.4751158, 0.3642448, 0.5603412, 1
0.5033712, 0.4644828, 0.5506511, 1
0.5414624, 0.5031995, 0.6378329, 1
0.4871989, 0.4059831, 0.4723473, 1
0.4850153, 0.3616281, 0.5173725, 1
0.5654608, 0.4961772, 0.6481056, 1
0.4510279, 0.3366725, 0.5635241, 1
0.5446438, 0.4385352, 0.6144876, 1
0.5409799, 0.3757317, 0.5319897, 1
0.4635391, 0.4323257, 0.563766, 1
0.5130726, 0.3332963, 0.5302251, 1
0.4983133, 0.3360098, 0.5626385, 1
0.5049611, 0.3982263, 0.5949447, 1
0.5792255, 0.4350176, 0.6356245, 1
0.5009507, 0.3990228, 0.5565862, 1
0.5387937, 0.4206342, 0.5110356, 1
0.5981978, 0.4266732, 0.6263443, 1
0.4503314, 0.4147768, 0.5353484, 1
0.5422275, 0.4405982, 0.5530927, 1
0.5114455, 0.4656073, 0.5412839, 1
0.4524557, 0.378229, 0.4766839, 1
0.6013505, 0.488944, 0.5992535, 1
0.591454, 0.4617422, 0.6353466, 1
0.4844676, 0.4172345, 0.5826224, 1
0.5507532, 0.4678789, 0.6083304, 1
0.5567769, 0.503955, 0.6367489, 1
0.4171308, 0.3547023, 0.5388176, 1
0.4426388, 0.4137447, 0.5403591, 1
0.4761019, 0.4589325, 0.5892509, 1
0.4740937, 0.3451541, 0.5225846, 1
0.4552657, 0.4015218, 0.5535139, 1
0.5655464, 0.428864, 0.6411514, 1
0.5651316, 0.5131935, 0.5994418, 1
0.5327492, 0.4131819, 0.5199203, 1
0.5041733, 0.4524094, 0.532455, 1
0.5493793, 0.4359466, 0.5472915, 1
0.4522787, 0.3811444, 0.5478052, 1
0.5593836, 0.4306004, 0.5336604, 1
0.5288979, 0.3713872, 0.5207403, 1
0.4784298, 0.357428, 0.481083, 1
0.4973597, 0.4211011, 0.6291803, 1
0.467263, 0.3558247, 0.5874611, 1
0.5037025, 0.3926728, 0.5752061, 1
0.5139499, 0.4176206, 0.4985727, 1
0.4628893, 0.4207503, 0.5547317, 1
0.4516537, 0.4093477, 0.5228821, 1
0.5551224, 0.4322213, 0.530526, 1
0.4857565, 0.4130463, 0.4974055, 1
0.4781258, 0.3632901, 0.5840755, 1
0.4642056, 0.4422605, 0.5735185, 1
0.4981869, 0.3777889, 0.5032383, 1
0.4683071, 0.3655008, 0.5934967, 1
0.4765413, 0.4274759, 0.6097823, 1
0.5208208, 0.3816482, 0.5391607, 1
0.4981688, 0.3819203, 0.6099899, 1
0.5133471, 0.4454644, 0.6272644, 1
0.5150211, 0.3926217, 0.6109225, 1
0.4344615, 0.3974134, 0.5453205, 1
0.574838, 0.4417408, 0.5550636, 1
0.5705015, 0.4039165, 0.5945533, 1
0.5951717, 0.4188885, 0.6509744, 1
0.5100784, 0.3876455, 0.5282043, 1
0.5469044, 0.3684091, 0.5777435, 1
0.5750757, 0.4795197, 0.6338336, 1
0.5332814, 0.3663295, 0.5849094, 1
0.4701744, 0.4078539, 0.5562811, 1
0.5828637, 0.3928861, 0.6064102, 1
0.5532161, 0.3706141, 0.5705355, 1
0.4540409, 0.3530089, 0.5564138, 1
0.5090035, 0.386401, 0.5125227, 1
0.6210794, 0.4113988, 0.6168981, 1
0.5242707, 0.4975157, 0.6172312, 1
0.5562828, 0.37706, 0.5610124, 1
0.5104126, 0.4676402, 0.624274, 1
0.5120407, 0.3896545, 0.6014132, 1
0.4876281, 0.4353466, 0.593695, 1
0.5462905, 0.4429906, 0.6450819, 1
0.4260515, 0.3743847, 0.5701779, 1
0.5492308, 0.4783059, 0.6467685, 1
0.5818248, 0.5079656, 0.5777262, 1
0.4999308, 0.3532927, 0.5784931, 1
0.5868941, 0.4735242, 0.6440976, 1
0.5928843, 0.4748108, 0.6184983, 1
0.4189198, 0.3819696, 0.5057191, 1
0.4565524, 0.4267925, 0.5986018, 1
0.5187192, 0.3465205, 0.5106039, 1
0.4516458, 0.379867, 0.507022, 1
0.4532077, 0.3920768, 0.4817974, 1
0.405033, 0.3656456, 0.5560917, 1
0.5191305, 0.3590562, 0.5204557, 1
0.4482465, 0.3907512, 0.4926679, 1
0.5187252, 0.4044667, 0.6336069, 1
0.5182059, 0.3685393, 0.5345373, 1
0.5052207, 0.3759829, 0.5737148, 1
0.5554062, 0.441658, 0.5256134, 1
0.5551954, 0.4069749, 0.6114452, 1
0.513392, 0.375295, 0.5166628, 1
0.5885267, 0.4211779, 0.6128004, 1
0.5585144, 0.4595203, 0.6154238, 1
0.5611009, 0.463734, 0.5974953, 1
0.5705642, 0.4491976, 0.5476503, 1
0.5486985, 0.4614339, 0.5680071, 1
0.4470652, 0.3612666, 0.5723484, 1
0.496169, 0.3466473, 0.5432956, 1
0.5020296, 0.3488597, 0.567875, 1
0.4692937, 0.3643006, 0.5792627, 1
0.4610353, 0.3613701, 0.500735, 1
0.4554158, 0.4204597, 0.5814945, 1
0.5879874, 0.3941214, 0.620552, 1
0.4444073, 0.419172, 0.5612521, 1
0.6131134, 0.4461181, 0.5763792, 1
0.4274022, 0.4057529, 0.5655953, 1
0.6045862, 0.4736893, 0.61237, 1
0.4868414, 0.4563682, 0.5861115, 1
0.5631143, 0.5012968, 0.6133763, 1
0.48794, 0.4555579, 0.5969036, 1
0.5426494, 0.4921534, 0.5702344, 1
0.5021597, 0.4346867, 0.5465506, 1
0.5732054, 0.3917235, 0.551213, 1
0.4256912, 0.3703973, 0.5035053, 1
0.6090453, 0.4280618, 0.638792, 1
0.5683623, 0.4154723, 0.5865, 1
0.5613087, 0.4163122, 0.5602595, 1
0.5053771, 0.4679067, 0.5520601, 1
0.5789316, 0.4889619, 0.5579661, 1
0.5131155, 0.3637192, 0.5210623, 1
0.5348977, 0.5009381, 0.6245979, 1
0.5121721, 0.4564366, 0.5861153, 1
0.479499, 0.4573657, 0.5707893, 1
0.4702471, 0.3411495, 0.5137846, 1
0.4481096, 0.3805002, 0.5630141, 1
0.4937485, 0.3632009, 0.542177, 1
0.5577644, 0.4051008, 0.627279, 1
0.5995772, 0.4220509, 0.6619337, 1
0.5713331, 0.4320477, 0.5454687, 1
0.5398461, 0.4993313, 0.5920629, 1
0.5637825, 0.4302625, 0.5999128, 1
0.4824002, 0.3855202, 0.5327241, 1
0.5365269, 0.4760816, 0.633891, 1
0.5588577, 0.4903639, 0.6055341, 1
0.5091371, 0.3439448, 0.4936942, 1
0.5817578, 0.4456976, 0.5571293, 1
0.5240997, 0.472027, 0.6122114, 1
0.4353896, 0.4080702, 0.5797862, 1
0.4282519, 0.3840924, 0.5547236, 1
0.4833599, 0.3807174, 0.4653265, 1
0.4792864, 0.4645441, 0.5979646, 1
0.5541292, 0.4993452, 0.5710762, 1
0.4857315, 0.384958, 0.5579214, 1
0.5060229, 0.3859852, 0.4790635, 1
0.4919186, 0.3253151, 0.5540179, 1
0.4921195, 0.4247299, 0.5445055, 1
0.4865065, 0.3724707, 0.5029998, 1
0.4364961, 0.3867374, 0.5166981, 1
0.5756063, 0.4931087, 0.6343784, 1
0.5705026, 0.5185237, 0.6210018, 1
0.4500719, 0.3495764, 0.5793421, 1
0.5522971, 0.3718714, 0.5730655, 1
0.6139159, 0.4227534, 0.5954322, 1
0.4746842, 0.4229523, 0.5686066, 1
0.4975409, 0.4184174, 0.482012, 1
0.5088607, 0.479563, 0.6056834, 1
0.4798107, 0.4198782, 0.530922, 1
0.4946423, 0.4830972, 0.578247, 1
0.5395037, 0.4887585, 0.6171253, 1
0.5943186, 0.4347659, 0.6557744, 1
0.5123951, 0.3722655, 0.5232527, 1
0.461737, 0.4388431, 0.586704, 1
0.5948616, 0.483586, 0.6045696, 1
0.5040628, 0.3806333, 0.4733209, 1
0.5882071, 0.4285169, 0.6409906, 1
0.5292543, 0.3623547, 0.5682823, 1
0.5424173, 0.406213, 0.6125362, 1
0.5383111, 0.4086063, 0.5797786, 1
0.4426935, 0.3593465, 0.532961, 1
0.4887325, 0.4056489, 0.6156521, 1
0.5261579, 0.4527381, 0.5447782, 1
0.4657584, 0.3304676, 0.5230017, 1
0.5017453, 0.4067196, 0.61549, 1
0.5328066, 0.438122, 0.6167294, 1
0.506636, 0.4752079, 0.6103504, 1
0.5847304, 0.4722437, 0.600265, 1
0.5618005, 0.4837477, 0.5766792, 1
0.468544, 0.3463899, 0.5644285, 1
0.5186657, 0.4045812, 0.4899103, 1
0.5053686, 0.4139707, 0.5163338, 1
0.526239, 0.4471789, 0.6462117, 1
0.4528008, 0.3943599, 0.4982989, 1
0.5929325, 0.4638136, 0.5747209, 1
0.5486501, 0.4286587, 0.6537616, 1
0.5094692, 0.3583026, 0.5057034, 1
0.4829634, 0.3746601, 0.5292192, 1
0.6192384, 0.4451166, 0.6105673, 1
0.5619051, 0.4127789, 0.6113915, 1
0.576161, 0.4189318, 0.6222194, 1
0.5176269, 0.3685883, 0.5932961, 1
0.4740835, 0.3542287, 0.5124497, 1
0.4391764, 0.3726078, 0.5680099, 1
0.5099009, 0.4437808, 0.5784864, 1
0.5348542, 0.3504539, 0.5562741, 1
0.4345243, 0.3678826, 0.5308856, 1
0.4475884, 0.3648273, 0.5434714, 1
0.5667884, 0.4240258, 0.6586341, 1
0.493503, 0.4341318, 0.5966524, 1
0.4813476, 0.3316786, 0.5580305, 1
0.6132588, 0.4733876, 0.6023192, 1
0.5584037, 0.4968528, 0.6144431, 1
0.5439019, 0.3805496, 0.6190674, 1
0.5523103, 0.47613, 0.6213355, 1
0.5347511, 0.3507955, 0.5319181, 1
0.5142745, 0.368495, 0.5538419, 1
0.4958185, 0.3990843, 0.5711211, 1
0.5488702, 0.4042164, 0.577872, 1
0.5815637, 0.4563468, 0.5827978, 1
0.6128069, 0.4508384, 0.5853639, 1
0.532199, 0.3820208, 0.5933963, 1
0.530642, 0.4411523, 0.6075894, 1
0.5983123, 0.4829003, 0.6101933, 1
0.467459, 0.4162828, 0.5507957, 1
0.5896882, 0.4826683, 0.5636354, 1
0.548121, 0.4570569, 0.6369316, 1
0.4936687, 0.4095219, 0.5029454, 1
0.5206627, 0.3541111, 0.5414143, 1
0.5449359, 0.470285, 0.5442376, 1
0.4634624, 0.335517, 0.5754012, 1
0.5153556, 0.34514, 0.5046706, 1
0.5010384, 0.3748454, 0.4792538, 1
0.555202, 0.4404846, 0.6091428, 1
0.613714, 0.4211619, 0.6276268, 1
0.5174443, 0.3921809, 0.5601105, 1
0.5019147, 0.3509353, 0.4914258, 1
0.4339363, 0.3905135, 0.5794528, 1
0.4975706, 0.4202042, 0.5375772, 1
0.4962695, 0.3248329, 0.542035, 1
0.473499, 0.3593548, 0.5869689, 1
0.4991964, 0.4450181, 0.5271428, 1
0.5575696, 0.436138, 0.5873743, 1
0.5853888, 0.4018745, 0.5751335, 1
0.5316176, 0.3742699, 0.5273213, 1
0.5211073, 0.4023702, 0.5659035, 1
0.4653844, 0.3694204, 0.5654778, 1
0.5070286, 0.4238461, 0.5018888, 1
0.4981303, 0.3843071, 0.5118027, 1
0.4589343, 0.3781404, 0.4890061, 1
0.5723979, 0.4353634, 0.6457395, 1
0.6208918, 0.4917144, 0.5847012, 1
0.4677, 0.3822499, 0.492961, 1
0.5778954, 0.4283338, 0.5882278, 1
0.5170537, 0.418331, 0.5289135, 1
0.4822394, 0.3370656, 0.543942, 1
0.488782, 0.3499355, 0.5554295, 1
0.4772301, 0.39669, 0.5127041, 1
0.6113234, 0.5083175, 0.5835857, 1
0.5047773, 0.4253348, 0.5610266, 1
0.5492528, 0.491642, 0.6625781, 1
0.5802423, 0.5057334, 0.6070235, 1
0.6133273, 0.4131802, 0.6295644, 1
0.4809842, 0.3273568, 0.5105104, 1
0.4720537, 0.3388201, 0.5457026, 1
0.4537646, 0.3583186, 0.5885503, 1
0.5023969, 0.3332742, 0.5411659, 1
0.5216749, 0.4393871, 0.6237806, 1
0.4872801, 0.4279895, 0.5106396, 1
0.4761527, 0.3693979, 0.5134693, 1
0.5082036, 0.4617561, 0.5918664, 1
0.5504475, 0.5157285, 0.6034624, 1
0.4866571, 0.4416469, 0.5892922, 1
0.5743476, 0.3885514, 0.5614949, 1
0.4942898, 0.3554288, 0.555768, 1
0.542589, 0.3708424, 0.6052067, 1
0.5319188, 0.3680215, 0.5573307, 1
0.5276539, 0.4606616, 0.6485998, 1
0.5327531, 0.4944546, 0.6042953, 1
0.549752, 0.4866374, 0.6449699, 1
0.5064127, 0.4517064, 0.5279488, 1
0.5246832, 0.3603548, 0.591278, 1
0.4192509, 0.3714683, 0.5650511, 1
0.5116884, 0.4273174, 0.6028046, 1
0.4835554, 0.3430665, 0.5681831, 1
0.5911126, 0.4549074, 0.6204512, 1
0.5744633, 0.4208116, 0.5543624, 1
0.6227769, 0.4281954, 0.5892525, 1
0.5528187, 0.3711177, 0.5507349, 1
0.5638775, 0.495957, 0.6445194, 1
0.5098752, 0.3604704, 0.500847, 1
0.4587947, 0.3542736, 0.5100281, 1
0.5397615, 0.4420695, 0.6363615, 1
0.4630804, 0.3348253, 0.5606548, 1
0.5232843, 0.3824436, 0.5388688, 1
0.4958536, 0.4609349, 0.604378, 1
0.5783801, 0.4815363, 0.5788009, 1
0.4320126, 0.3971739, 0.5491524, 1
0.5397232, 0.3808301, 0.6069345, 1
0.5822629, 0.4248343, 0.6407598, 1
0.5167489, 0.346134, 0.5455984, 1
0.5141265, 0.4659674, 0.5400688, 1
0.4602111, 0.3294474, 0.5289347, 1
0.5605314, 0.4445055, 0.5274012, 1
0.5082687, 0.3557627, 0.4867745, 1
0.5064284, 0.3277707, 0.5071043, 1
0.4973917, 0.3770447, 0.4733305, 1
0.4947225, 0.4165998, 0.5162425, 1
0.4518951, 0.39503, 0.4762227, 1
0.4339513, 0.4009306, 0.5673078, 1
0.5231318, 0.4539923, 0.6120887, 1
0.5737627, 0.4960625, 0.6419127, 1
0.5921532, 0.4382004, 0.5778298, 1
0.5022966, 0.4160614, 0.5460725, 1
0.4352794, 0.395933, 0.5041524, 1
0.5218822, 0.4066367, 0.5498675, 1
0.5006795, 0.4742426, 0.5639905, 1
0.6006096, 0.4442576, 0.6466646, 1
0.5008787, 0.3401221, 0.5065322, 1
0.4986156, 0.3212661, 0.5038982, 1
0.5223686, 0.4309537, 0.6231657, 1
0.4183347, 0.3461691, 0.5468499, 1
0.5689674, 0.4525783, 0.6155721, 1
0.5192601, 0.4110945, 0.6102333, 1
0.5708314, 0.4476692, 0.6377672, 1
0.54154, 0.4248526, 0.583218, 1
0.4281702, 0.3701888, 0.5249102, 1
0.4850522, 0.4365852, 0.5524387, 1
0.5302799, 0.3725518, 0.5955675, 1
0.4595078, 0.320932, 0.5601389, 1
0.4563082, 0.3948772, 0.5886837, 1
0.5827962, 0.4581627, 0.6266105, 1
0.6046416, 0.4176199, 0.64251, 1
0.5941913, 0.471947, 0.6136527, 1
0.4811745, 0.422696, 0.5178111, 1
0.5886803, 0.4811881, 0.6122376, 1
0.5363342, 0.3735847, 0.5292306, 1
0.5941569, 0.4270107, 0.5758834, 1
0.5218068, 0.485744, 0.5556878, 1
0.5165409, 0.4364055, 0.5331432, 1
0.4877708, 0.3492336, 0.5572836, 1
0.6164055, 0.4503833, 0.6009619, 1
0.5507092, 0.3937298, 0.62025, 1
0.5917726, 0.5038967, 0.5834568, 1
0.4661423, 0.3373691, 0.5277657, 1
0.4993307, 0.44209, 0.5209212, 1
0.5836724, 0.5033997, 0.5992221, 1
0.5280243, 0.351602, 0.5358748, 1
0.5645007, 0.4402597, 0.5739291, 1
0.5247908, 0.4355384, 0.6028985, 1
0.5427832, 0.465972, 0.5435899, 1
0.6074738, 0.4286195, 0.599128, 1
0.5960119, 0.4563186, 0.6476908, 1
0.4778236, 0.3785104, 0.5789886, 1
0.531408, 0.4109254, 0.5762746, 1
0.4754797, 0.3675738, 0.5224717, 1
0.502588, 0.4174483, 0.4814585, 1
0.528403, 0.3588532, 0.5915231, 1
0.5653258, 0.4501359, 0.5376769, 1
0.5616605, 0.5147625, 0.6206087, 1
0.5398242, 0.4194566, 0.6109204, 1
0.4723084, 0.3936594, 0.4666442, 1
0.5681742, 0.4661175, 0.5977362, 1
0.4993748, 0.3369876, 0.4949408, 1
0.5041726, 0.3873592, 0.5662932, 1
0.4747013, 0.3499157, 0.5706792, 1
0.4788057, 0.3844475, 0.5273783, 1
0.4983262, 0.4723988, 0.5643082, 1
0.5490392, 0.3771442, 0.5500302, 1
0.5049275, 0.3873977, 0.5969068, 1
0.4282533, 0.3935772, 0.5204474, 1
0.5176478, 0.3951455, 0.5992551, 1
0.4904364, 0.461019, 0.6171391, 1
0.524974, 0.3952298, 0.5617822, 1
0.5446094, 0.4182362, 0.5145649, 1
0.5557784, 0.4085744, 0.5153164, 1
0.5051147, 0.4029748, 0.6226643, 1
0.590932, 0.4922943, 0.5866129, 1
0.5126302, 0.4204794, 0.4898691, 1
0.4139193, 0.3607092, 0.5481555, 1
0.5749195, 0.4458486, 0.6486092, 1
0.5779436, 0.4148046, 0.5542997, 1
0.5558845, 0.4528086, 0.6582292, 1
0.5441538, 0.3770552, 0.532747, 1
0.525219, 0.4122392, 0.5277843, 1
0.4921074, 0.4531469, 0.5550081, 1
0.5206792, 0.3846437, 0.508568, 1
0.4720585, 0.372775, 0.5964817, 1
0.5840294, 0.4568956, 0.657219, 1
0.5014189, 0.4312536, 0.5922546, 1
0.5370458, 0.4202444, 0.6366844, 1
0.57116, 0.4090068, 0.6388036, 1
0.5569602, 0.4360653, 0.6113122, 1
0.5510783, 0.4535379, 0.6101356, 1
0.5834165, 0.3969486, 0.5660061, 1
0.4843577, 0.3657281, 0.5078122, 1
0.5964481, 0.4652444, 0.5829434, 1
0.4904255, 0.3244322, 0.5406358, 1
0.5521179, 0.4076985, 0.5825731, 1
0.5207549, 0.4727653, 0.6437058, 1
0.4552277, 0.4396287, 0.5831738, 1
0.4755298, 0.3561011, 0.5272063, 1
0.4667043, 0.3604589, 0.5221054, 1
0.4804277, 0.4014484, 0.5577035, 1
0.4522746, 0.3859485, 0.5830377, 1
0.5625503, 0.4298652, 0.5684626, 1
0.5914297, 0.462631, 0.5698879, 1
0.4872959, 0.3718233, 0.5494619, 1
0.5692593, 0.4215385, 0.6220667, 1
0.4842773, 0.4498753, 0.5823396, 1
0.5801399, 0.4376403, 0.6042718, 1
0.576414, 0.4478047, 0.618856, 1
0.53693, 0.4345638, 0.6269847, 1
0.6109166, 0.477156, 0.5808972, 1
0.4580426, 0.3851858, 0.562574, 1
0.5699918, 0.451121, 0.5657141, 1
0.5163567, 0.4020423, 0.5134876, 1
0.5334153, 0.4222338, 0.5232446, 1
0.4686756, 0.3777217, 0.4666701, 1
0.5203536, 0.3895871, 0.6170419, 1
0.5767506, 0.4475709, 0.6281886, 1
0.5681562, 0.4827834, 0.584951, 1
0.5293134, 0.5000082, 0.5813082, 1
0.441175, 0.3785724, 0.537042, 1
0.4953809, 0.3823231, 0.5635687, 1
0.5755075, 0.433254, 0.6224046, 1
0.464678, 0.3835199, 0.4545464, 1
0.527617, 0.4100031, 0.5341359, 1
0.5601326, 0.4632942, 0.604706, 1
0.5370536, 0.4428909, 0.6347302, 1
0.4839277, 0.3840733, 0.5526805, 1
0.4680157, 0.4165183, 0.561635, 1
0.5915473, 0.4448797, 0.5444878, 1
0.4644514, 0.3637669, 0.5140719, 1
0.5582283, 0.4695952, 0.6532061, 1
0.5784391, 0.4585095, 0.5944646, 1
0.5915418, 0.4192784, 0.6442723, 1
0.5434155, 0.4279964, 0.530336, 1
0.4926423, 0.3757685, 0.5167871, 1
0.5479509, 0.4825716, 0.6286518, 1
0.6002026, 0.4533136, 0.5991327, 1
0.4374138, 0.3703203, 0.5535376, 1
0.5247669, 0.3839956, 0.5105681, 1
0.4527698, 0.4375409, 0.5910438, 1
0.4529124, 0.3358865, 0.5514193, 1
0.5091287, 0.4112211, 0.6235238, 1
0.4917443, 0.322288, 0.5148458, 1
0.5731668, 0.4011301, 0.542942, 1
0.4700861, 0.3395497, 0.5753791, 1
0.5268775, 0.3533406, 0.5774266, 1
0.5013869, 0.3524355, 0.5727777, 1
0.460332, 0.4132252, 0.6036978, 1
0.4735664, 0.3921659, 0.5387587, 1
0.5105126, 0.36537, 0.5427704, 1
0.5574312, 0.496449, 0.5732801, 1
0.5246602, 0.3993809, 0.5679277, 1
0.5518445, 0.4845091, 0.5885553, 1
0.5782719, 0.4381076, 0.541477, 1
0.4717583, 0.3697875, 0.5045874, 1
0.4399241, 0.3823391, 0.5063033, 1
0.5726482, 0.4578725, 0.5734558, 1
0.5516768, 0.4322672, 0.6510652, 1
0.4626673, 0.433057, 0.5688226, 1
0.5774365, 0.5032702, 0.568662, 1
0.6097959, 0.4063058, 0.5974904, 1
0.5668117, 0.3805051, 0.5963366, 1
0.4905167, 0.422774, 0.5147126, 1
0.5623282, 0.4200952, 0.6045879, 1
0.511157, 0.4231816, 0.5549466, 1
0.554588, 0.4427659, 0.5740032, 1
0.5977273, 0.4773435, 0.6096545, 1
0.4979708, 0.436923, 0.5940079, 1
0.5084792, 0.4009128, 0.6111498, 1
0.5228885, 0.47906, 0.6408365, 1
0.5364873, 0.4723628, 0.6216518, 1
0.5357507, 0.489494, 0.5981812, 1
0.4839365, 0.3754693, 0.5030867, 1
0.5724007, 0.4525873, 0.5524917, 1
0.5761138, 0.4840218, 0.640858, 1
0.4677769, 0.3458402, 0.5666252, 1
0.4722996, 0.4319997, 0.5649976, 1
0.5292574, 0.4060803, 0.6050761, 1
0.4870303, 0.3624253, 0.5269474, 1
0.5842678, 0.4425437, 0.5880255, 1
0.5152689, 0.3739473, 0.5696714, 1
0.4981978, 0.3996135, 0.5846645, 1
0.560452, 0.4736732, 0.5820021, 1
0.4347614, 0.3985921, 0.5644767, 1
0.5725427, 0.4935706, 0.6093801, 1
0.5311813, 0.4249882, 0.5820513, 1
0.4896634, 0.4662814, 0.5671203, 1
0.565992, 0.3990522, 0.61764, 1
0.5051205, 0.3686627, 0.5304314, 1
0.558616, 0.3710906, 0.560358, 1
0.490647, 0.4587896, 0.5592608, 1
0.5426046, 0.4057921, 0.6343666, 1
0.4764084, 0.4191718, 0.6123815, 1
0.555491, 0.4034449, 0.6293666, 1
0.5657251, 0.4414535, 0.5547951, 1
0.4698456, 0.3882558, 0.4678056, 1
0.5388195, 0.3948641, 0.5207809, 1
0.5000756, 0.4078794, 0.5874348, 1
0.4466589, 0.3678206, 0.5257832, 1
0.6293932, 0.44382, 0.5814016, 1
0.4477483, 0.3734372, 0.5274168, 1
0.5645665, 0.4718001, 0.6363158, 1
0.4983054, 0.4357025, 0.5691723, 1
0.559554, 0.4726069, 0.6590351, 1
0.4730316, 0.4502777, 0.5720112, 1
0.4514093, 0.3334912, 0.5516894, 1
0.6009226, 0.4637967, 0.5790414, 1
0.4709425, 0.3975593, 0.4756617, 1
0.5206633, 0.3673767, 0.5415984, 1
0.4636047, 0.4271731, 0.597177, 1
0.4622018, 0.4008897, 0.5748058, 1
0.5640504, 0.4317011, 0.5362934, 1
0.484788, 0.4238631, 0.5158507, 1
0.5176687, 0.4065616, 0.5336057, 1
0.4445479, 0.3675348, 0.5539095, 1
0.5820059, 0.4464395, 0.6199718, 1
0.4868644, 0.4036021, 0.5254785, 1
0.4625679, 0.3591458, 0.5703639, 1
0.5085552, 0.4454404, 0.6340564, 1
0.5566245, 0.4736203, 0.6364881, 1
0.503854, 0.4639806, 0.549615, 1
0.54647, 0.388654, 0.6314185, 1
0.5338132, 0.3964916, 0.6211931, 1
0.4721521, 0.4364825, 0.5967147, 1
0.5263055, 0.3948634, 0.5566109, 1
0.5341409, 0.4146507, 0.5758763, 1
0.52849, 0.4881439, 0.6445174, 1
0.5715159, 0.4659875, 0.5982901, 1
0.5531198, 0.42029, 0.6114466, 1
0.4791858, 0.372825, 0.5597412, 1
0.4977269, 0.3573938, 0.5675477, 1
0.5505805, 0.4081148, 0.6442207, 1
0.5305607, 0.3814732, 0.6028821, 1
0.5681952, 0.4864931, 0.6434023, 1
0.4831939, 0.3672667, 0.5954567, 1
0.4479173, 0.3753994, 0.5763351, 1
0.6221269, 0.4433959, 0.6066186, 1
0.6077554, 0.4625793, 0.6188186, 1
0.4941816, 0.4068465, 0.5891334, 1
0.4697892, 0.4015327, 0.5437461, 1
0.580722, 0.5015549, 0.5888115, 1
0.5766671, 0.4788854, 0.5470042, 1
0.5488367, 0.4900765, 0.5604107, 1
0.5215465, 0.4396056, 0.6187402, 1
0.6185845, 0.4358915, 0.6097838, 1
0.5669451, 0.4505147, 0.5903315, 1
0.540096, 0.4155708, 0.6207752, 1
0.5385367, 0.394374, 0.623213, 1
0.5309243, 0.394444, 0.5168003, 1
0.5197788, 0.4675827, 0.6337699, 1
0.522149, 0.4049719, 0.5283507, 1
0.4979286, 0.4033511, 0.587594, 1
0.4965778, 0.3539106, 0.4731261, 1
0.4976199, 0.3288509, 0.4836848, 1
0.4957915, 0.4051856, 0.5610421, 1
0.5505494, 0.4926528, 0.631837, 1
0.6053257, 0.4462465, 0.6260332, 1
0.5601845, 0.4295508, 0.5912638, 1
0.5161693, 0.3691702, 0.5942755, 1
0.4252261, 0.3522848, 0.5465112, 1
0.6261486, 0.4571126, 0.584101, 1
0.5352584, 0.4224694, 0.5685636, 1
0.5385581, 0.4428234, 0.5296462, 1
0.4802186, 0.3437791, 0.4875271, 1
0.481881, 0.3209932, 0.5598008, 1
0.5227164, 0.4497437, 0.5497516, 1
0.5111445, 0.4093871, 0.4861529, 1
0.5853745, 0.4597858, 0.6002429, 1
0.5706421, 0.4318175, 0.536109, 1
0.5113167, 0.4687601, 0.5458505, 1
0.6206377, 0.4322172, 0.5985468, 1
0.5554332, 0.3748268, 0.5713347, 1
0.4600634, 0.4184448, 0.5577011, 1
0.5077623, 0.4009563, 0.5067604, 1
0.6012996, 0.4508897, 0.5735363, 1
0.6005664, 0.4127262, 0.6105945, 1
0.5420555, 0.4837238, 0.6062363, 1
0.4788761, 0.4419094, 0.6004763, 1
0.4716202, 0.4347328, 0.6061109, 1
0.5650399, 0.4509761, 0.5529739, 1
0.6199391, 0.4263036, 0.6033614, 1
0.5266976, 0.3462034, 0.5437435, 1
0.5341558, 0.4392227, 0.5984502, 1
0.4793701, 0.3072301, 0.5362859, 1
0.5848481, 0.4570354, 0.6163222, 1
0.5750225, 0.4287744, 0.654898, 1
0.4634752, 0.3921013, 0.5775047, 1
0.5783871, 0.4787109, 0.5577697, 1
0.5033349, 0.4365036, 0.5763943, 1
0.4887468, 0.3631245, 0.6001974, 1
0.5154217, 0.4270517, 0.6121773, 1
0.5679796, 0.3902976, 0.5714861, 1
0.4175012, 0.3834311, 0.5106373, 1
0.5872946, 0.4813999, 0.6093163, 1
0.5305109, 0.4251294, 0.5106652, 1
0.5126168, 0.3870454, 0.478695, 1
0.5279276, 0.4446615, 0.532806, 1
0.6134559, 0.4691254, 0.5838174, 1
0.4979402, 0.3876504, 0.5438913, 1
0.571712, 0.4332879, 0.6460217, 1
0.5706473, 0.5010338, 0.5668169, 1
0.5300567, 0.475859, 0.6116204, 1
0.5307709, 0.377861, 0.5495462, 1
0.573212, 0.4299242, 0.5428774, 1
0.5921582, 0.4359467, 0.5671767, 1
0.4864658, 0.338014, 0.5332546, 1
0.5473226, 0.4043064, 0.5288476, 1
0.5557095, 0.4575791, 0.619871, 1
0.6141616, 0.4562979, 0.6188101, 1
0.4949658, 0.4310427, 0.5956823, 1
0.6201878, 0.4863715, 0.5715295, 1
0.5174774, 0.4663148, 0.5917313, 1
0.5175282, 0.4520348, 0.5249816, 1
0.5670522, 0.4300022, 0.5411169, 1
0.5586449, 0.4465686, 0.575979, 1
0.4694554, 0.4245278, 0.5940585, 1
0.4405283, 0.3939752, 0.5699265, 1
0.5719645, 0.4135077, 0.6359403, 1
0.5837708, 0.4645892, 0.6222893, 1
0.5056692, 0.3866372, 0.6027194, 1
0.5135403, 0.4333437, 0.5939009, 1
0.4750899, 0.3701579, 0.5397503, 1
0.4801723, 0.3825528, 0.5729592, 1
0.5449166, 0.4919085, 0.5856408, 1
0.5593922, 0.4785677, 0.5663801, 1
0.5312104, 0.4513028, 0.6559019, 1
0.4640867, 0.3376218, 0.5567084, 1
0.5042174, 0.4039172, 0.5578791, 1
0.494519, 0.429882, 0.4959019, 1
0.630954, 0.4520842, 0.604452, 1
0.5027101, 0.332025, 0.4902524, 1
0.4706732, 0.3770191, 0.589693, 1
0.577061, 0.4608087, 0.6423614, 1
0.4707896, 0.3388793, 0.5755458, 1
0.5240479, 0.3777687, 0.5846572, 1
0.5526002, 0.519313, 0.619449, 1
0.5806391, 0.4733366, 0.5935218, 1
0.5316101, 0.4128589, 0.6316386, 1
0.5821873, 0.4352721, 0.5607147, 1
0.499414, 0.3782552, 0.5905699, 1
0.4689717, 0.3548724, 0.5181885, 1
0.4565864, 0.3801723, 0.5773618, 1
0.5290983, 0.4146516, 0.4937897, 1
0.4331521, 0.3781357, 0.49964, 1
0.4651813, 0.3245482, 0.5509466, 1
0.4691834, 0.3221163, 0.5300848, 1
0.5511617, 0.415087, 0.6135795, 1
0.5764521, 0.5199388, 0.6098732, 1
0.5029595, 0.4728516, 0.5826196, 1
0.4877606, 0.3677757, 0.5298078, 1
0.4420745, 0.4057528, 0.5300297, 1
0.5412427, 0.3831204, 0.5411111, 1
0.5096026, 0.3734627, 0.5513865, 1
0.4409513, 0.3752145, 0.4795641, 1
0.4622123, 0.3406103, 0.5765769, 1
0.5094599, 0.4802885, 0.5618187, 1
0.4959637, 0.3513576, 0.5601294, 1
0.4557385, 0.3217359, 0.5468958, 1
0.5530881, 0.4561566, 0.5522851, 1
0.5158523, 0.4049357, 0.6054229, 1
0.5808462, 0.4608464, 0.6046737, 1
0.5117371, 0.3654855, 0.5415061, 1
0.4508066, 0.3564318, 0.5819306, 1
0.4516383, 0.3964735, 0.5269913, 1
0.6047471, 0.4921371, 0.586587, 1
0.5614718, 0.41444, 0.6358466, 1
0.5166812, 0.3854261, 0.5961637, 1
0.4739277, 0.3218729, 0.5477517, 1
0.4714859, 0.3625032, 0.541954, 1
0.550141, 0.4274805, 0.6166728, 1
0.471055, 0.3868896, 0.5463869, 1
0.521565, 0.3906041, 0.5204829, 1
0.5260552, 0.4471789, 0.6057392, 1
0.5076001, 0.3847496, 0.5645952, 1
0.4944996, 0.4148284, 0.6124867, 1
0.5576921, 0.4337598, 0.5297045, 1
0.5114068, 0.4424503, 0.5684142, 1
0.6033071, 0.4385502, 0.625744, 1
0.5433298, 0.4638771, 0.5585491, 1
0.4622063, 0.3699336, 0.4796055, 1
0.6203319, 0.4663129, 0.5927311, 1
0.4357654, 0.3946678, 0.5429688, 1
0.5777908, 0.4257873, 0.5690215, 1
0.5190947, 0.4319488, 0.6027465, 1
0.4716161, 0.4407021, 0.5651755, 1
0.5625843, 0.5166674, 0.6395311, 1
0.4948884, 0.3499073, 0.4861892, 1
0.4301372, 0.373069, 0.5047796, 1
0.4948241, 0.3184516, 0.4995698, 1
0.4860405, 0.3617513, 0.4612897, 1
0.4591362, 0.406832, 0.5289814, 1
0.5194459, 0.4221155, 0.5544505, 1
0.5894449, 0.4433007, 0.6384093, 1
0.4755135, 0.4160605, 0.5152698, 1
0.490428, 0.4251855, 0.492792, 1
0.4527723, 0.3298886, 0.5404093, 1
0.5001518, 0.3746762, 0.5741326, 1
0.4329866, 0.3750275, 0.5422707, 1
0.4765448, 0.3810579, 0.5312544, 1
0.485902, 0.417172, 0.5782843, 1
0.4701471, 0.3400329, 0.5349498, 1
0.590416, 0.4796176, 0.6244597, 1
0.5630929, 0.408948, 0.6509227, 1
0.5195536, 0.3941384, 0.553589, 1
0.5247863, 0.3642485, 0.5025113, 1
0.4499305, 0.4163479, 0.5731652, 1
0.6085976, 0.460761, 0.5611035, 1
0.5885754, 0.4933909, 0.5921089, 1
0.5099753, 0.3735918, 0.5943711, 1
0.4544527, 0.4136379, 0.5308256, 1
0.4995492, 0.3373697, 0.5637401, 1
0.594698, 0.5040742, 0.5880269, 1
0.6143807, 0.4139196, 0.6056257, 1
0.4705018, 0.4350809, 0.5549396, 1
0.5250981, 0.4196915, 0.6111072, 1
0.5152332, 0.4161119, 0.5573914, 1
0.6059957, 0.4286052, 0.6116722, 1
0.5267584, 0.378606, 0.5417287, 1
0.5724384, 0.4395318, 0.5459988, 1
0.4976645, 0.3610376, 0.5974985, 1
0.5629494, 0.5137496, 0.6263028, 1
0.6110147, 0.4141065, 0.6248912, 1
0.4561263, 0.4164978, 0.5517391, 1
0.4846323, 0.377874, 0.5682834, 1
0.4635629, 0.3642025, 0.4910029, 1
0.5550845, 0.4374419, 0.5558439, 1
0.4904599, 0.3734663, 0.5144283, 1
0.4709278, 0.4161321, 0.5864814, 1
0.5343423, 0.4049465, 0.6208007, 1
0.5528614, 0.4405595, 0.5902972, 1
0.4820274, 0.4139292, 0.5005438, 1
0.5156017, 0.4512773, 0.539192, 1
0.45265, 0.3686714, 0.51573, 1
0.5814224, 0.3874912, 0.6141032, 1
0.5788891, 0.4189042, 0.6034119, 1
0.5865782, 0.4337515, 0.6221134, 1
0.5401785, 0.3977072, 0.5667593, 1
0.5229896, 0.4265689, 0.5466018, 1
0.5109906, 0.4776306, 0.6126681, 1
0.5960157, 0.4434876, 0.5503584, 1
0.5614613, 0.3908057, 0.6027241, 1
0.53755, 0.469093, 0.5830109, 1
0.6127563, 0.4900479, 0.581021, 1
0.568265, 0.4234135, 0.5814809, 1
0.4881345, 0.3972129, 0.4962099, 1
0.5287355, 0.4975159, 0.6224694, 1
0.5310891, 0.4407377, 0.5432537, 1
0.4647053, 0.3173041, 0.5484159, 1
0.5044555, 0.4444703, 0.5722812, 1
0.5330389, 0.4576252, 0.6548145, 1
0.439246, 0.3524281, 0.5225167, 1
0.4841224, 0.3975423, 0.5285606, 1
0.5245488, 0.4259852, 0.6208209, 1
0.5449197, 0.4541175, 0.6028849, 1
0.552236, 0.4902886, 0.5918317, 1
0.4770522, 0.3440817, 0.584006, 1
0.4986202, 0.3532071, 0.571581, 1
0.5018895, 0.451226, 0.5850543, 1
0.5936053, 0.4224629, 0.6400361, 1
0.5477774, 0.3664923, 0.5658622, 1
0.6143858, 0.4560201, 0.5709983, 1
0.4874129, 0.4347225, 0.5311409, 1
0.5359445, 0.3715212, 0.5674286, 1
0.4741306, 0.3382081, 0.5795825, 1
0.5140557, 0.47246, 0.5466889, 1
0.5907368, 0.4128606, 0.615118, 1
0.5562767, 0.4544479, 0.6269128, 1
0.4412885, 0.3521377, 0.522176, 1
0.470231, 0.4377184, 0.5652857, 1
0.4994457, 0.330952, 0.5583255, 1
0.5527113, 0.5140051, 0.6229482, 1
0.5295671, 0.4500836, 0.5084567, 1
0.5808852, 0.4389312, 0.6393607, 1
0.5324711, 0.4726968, 0.6534687, 1
0.4959956, 0.3650433, 0.5115315, 1
0.4881499, 0.4192471, 0.53369, 1
0.4215032, 0.3849522, 0.5649986, 1
0.4737415, 0.3935696, 0.4907222, 1
0.4811884, 0.3618914, 0.4906269, 1
0.4725486, 0.3867411, 0.5535821, 1
0.5849436, 0.4393632, 0.5837636, 1
0.4942415, 0.3688648, 0.581844, 1
0.4628903, 0.4040079, 0.5626214, 1
0.4727494, 0.3423235, 0.5610691, 1
0.5385835, 0.3822535, 0.5206156, 1
0.4902052, 0.4656269, 0.5659823, 1
0.4959791, 0.4310988, 0.5899333, 1
0.5139748, 0.4652813, 0.5915151, 1
0.4394795, 0.3913643, 0.5454009, 1
0.5407892, 0.4418493, 0.6236792, 1
0.4135784, 0.3583899, 0.5599889, 1
0.5938764, 0.4073476, 0.6319372, 1
0.5609446, 0.4208991, 0.5288703, 1
0.529133, 0.3481932, 0.5219307, 1
0.4429281, 0.4057779, 0.586364, 1
0.5368164, 0.3727184, 0.5846576, 1
0.5487884, 0.4840069, 0.6657205, 1
0.5747571, 0.4901588, 0.6263304, 1
0.5671554, 0.4624957, 0.6111913, 1
0.42403, 0.3608238, 0.5416801, 1
0.5632566, 0.457712, 0.6800936, 1
0.5571733, 0.4330181, 0.5953582, 1
0.5657226, 0.4865323, 0.5507084, 1
0.526056, 0.4844794, 0.5931969, 1
0.4381155, 0.3956801, 0.5039417, 1
0.4137238, 0.3585176, 0.5382913, 1
0.5751635, 0.4986741, 0.6029777, 1
0.439288, 0.4178885, 0.5678775, 1
0.4725811, 0.4244112, 0.5314813, 1
0.4397147, 0.4069651, 0.529736, 1
0.4967826, 0.3557737, 0.5870851, 1
0.5734242, 0.4723601, 0.607608, 1
0.4898454, 0.4299988, 0.5295744, 1
0.5227038, 0.4487342, 0.5726961, 1
0.5467528, 0.4652363, 0.6704156, 1
0.5557292, 0.4140298, 0.6457622, 1
0.4642014, 0.3959017, 0.5114816, 1
0.4507954, 0.4166445, 0.5574098, 1
0.5485407, 0.4708085, 0.5393277, 1
0.5382601, 0.4325944, 0.612206, 1
0.596173, 0.4503112, 0.5552614, 1
0.4933041, 0.341582, 0.5060272, 1
0.564713, 0.4581826, 0.5492734, 1
0.4513329, 0.4028366, 0.5744551, 1
0.5593882, 0.4630428, 0.5769333, 1
0.533917, 0.4279089, 0.5636011, 1
0.4886952, 0.4465507, 0.5915218, 1
0.5639687, 0.3949137, 0.6351215, 1
0.5582753, 0.3968393, 0.6167666, 1
0.5495963, 0.5023724, 0.6215175, 1
0.4988421, 0.3777657, 0.5362032, 1
0.4645627, 0.354231, 0.5552105, 1
0.4630042, 0.3673909, 0.5861004, 1
0.5476608, 0.4419897, 0.5918797, 1
0.5713853, 0.503299, 0.6217595, 1
0.516685, 0.4686421, 0.5381063, 1
0.5692956, 0.4286508, 0.6297934, 1
0.4654032, 0.3782456, 0.5079544, 1
0.5031287, 0.4023468, 0.5904405, 1
0.548634, 0.4730326, 0.6484228, 1
0.54031, 0.4375737, 0.5236242, 1
0.5128257, 0.4796899, 0.5912429, 1
0.4235267, 0.3688061, 0.5652246, 1
0.5822378, 0.4364829, 0.5398449, 1
0.4872782, 0.3872274, 0.5781725, 1
0.509281, 0.4344281, 0.4966172, 1
0.5206019, 0.4218565, 0.6055576, 1
0.6169941, 0.4261142, 0.6230477, 1
0.573243, 0.4738197, 0.6369746, 1
0.477496, 0.4493985, 0.566129, 1
0.4648132, 0.4432679, 0.6007593, 1
0.5125929, 0.4605493, 0.5749431, 1
0.4201482, 0.3759497, 0.5478254, 1
0.5750607, 0.4319772, 0.5563856, 1
0.5992706, 0.4585285, 0.5643011, 1
0.5273148, 0.4296987, 0.5641339, 1
0.5068293, 0.4470296, 0.5595795, 1
0.5955952, 0.4838241, 0.5619242, 1
0.4676292, 0.3752474, 0.4586945, 1
0.4963714, 0.4030915, 0.5892357, 1
0.5823947, 0.4558382, 0.6339696, 1
0.456691, 0.4282768, 0.5690756, 1
0.5160713, 0.3894597, 0.578359, 1
0.5200055, 0.4836615, 0.5804713, 1
0.5529351, 0.4138214, 0.6185434, 1
0.5624723, 0.4135792, 0.5658781, 1
0.5136048, 0.4203426, 0.6000034, 1
0.5846797, 0.4366821, 0.5559149, 1
0.4908387, 0.359523, 0.5245956, 1
0.4213671, 0.3563031, 0.5473796, 1
0.5516055, 0.4496706, 0.5370259, 1
0.4669852, 0.372505, 0.5644167, 1
0.5508876, 0.3820651, 0.5816057, 1
0.4809092, 0.3617211, 0.5229334, 1
0.5657617, 0.3792046, 0.6063794, 1
0.5585329, 0.386682, 0.548261, 1
0.4656753, 0.4080644, 0.4923705, 1
0.4787275, 0.3389539, 0.5646749, 1
0.5142657, 0.4665075, 0.5784452, 1
0.4932425, 0.4294872, 0.5455775, 1
0.506378, 0.3298, 0.5274711, 1
0.4885268, 0.4196687, 0.5063996, 1
0.5720087, 0.4156853, 0.6341605, 1
0.5263463, 0.3757825, 0.509861, 1
0.5103376, 0.3560926, 0.5783736, 1
0.6019924, 0.4193096, 0.5773324, 1
0.4964913, 0.3621766, 0.4732316, 1
0.5717763, 0.4883932, 0.650881, 1
0.467463, 0.3693491, 0.5786915, 1
0.5505649, 0.4745553, 0.5575814, 1
0.5291267, 0.4170402, 0.5062126, 1
0.4682453, 0.3276805, 0.5503994, 1
0.4636223, 0.3893227, 0.5443591, 1
0.5096118, 0.4805127, 0.5991274, 1
0.4909612, 0.3339365, 0.562782, 1
0.4572387, 0.3724889, 0.5294341, 1
0.6262605, 0.4215405, 0.6365551, 1
0.5462189, 0.4040848, 0.6111708, 1
0.4762609, 0.4030474, 0.5037271, 1
0.4644113, 0.4003221, 0.4783859, 1
0.512643, 0.4274532, 0.5893708, 1
0.5036653, 0.3574541, 0.5418488, 1
0.5905634, 0.5000217, 0.5688632, 1
0.4324624, 0.3991136, 0.5703378, 1
0.5789141, 0.429382, 0.6473528, 1
0.5346968, 0.3830089, 0.5869235, 1
0.4660042, 0.4025761, 0.5840247, 1
0.5109047, 0.3812866, 0.5408694, 1
0.4645262, 0.372128, 0.4657314, 1
0.5752805, 0.4360851, 0.6039911, 1
0.4960105, 0.4650057, 0.572306, 1
0.5788716, 0.4330171, 0.623724, 1
0.4377456, 0.4010163, 0.5387112, 1
0.4093553, 0.3667308, 0.5586151, 1
0.561345, 0.4795181, 0.6425881, 1
0.5063702, 0.4032301, 0.5264826, 1
0.5765147, 0.3890319, 0.6045272, 1
0.5791767, 0.4033013, 0.5433109, 1
0.5834243, 0.5093669, 0.5857146, 1
0.5246093, 0.4872318, 0.5843967, 1
0.5661616, 0.3951885, 0.620163, 1
0.5519976, 0.4220954, 0.5250747, 1
0.5705968, 0.4106514, 0.5440052, 1
0.4956329, 0.4477953, 0.5752114, 1
0.6059518, 0.5100425, 0.5846305, 1
0.4454835, 0.4000238, 0.5701075, 1
0.5981592, 0.4347168, 0.6191346, 1
0.5871349, 0.4313805, 0.6579522, 1
0.5305555, 0.4721193, 0.6215655, 1
0.4384593, 0.3794605, 0.497065, 1
0.496988, 0.3938825, 0.477173, 1
0.5900137, 0.4817806, 0.5723473, 1
0.4683948, 0.3861649, 0.5303607, 1
0.5535578, 0.4016824, 0.5338554, 1
0.5476143, 0.4520163, 0.6263715, 1
0.4881039, 0.3721534, 0.5443505, 1
0.5518006, 0.4930443, 0.6352401, 1
0.5196445, 0.3823615, 0.5876622, 1
0.5023364, 0.4217283, 0.5941194, 1
0.5849923, 0.4498455, 0.6102772, 1
0.4885553, 0.4189306, 0.4924601, 1
0.5917844, 0.4155971, 0.6235068, 1
0.5451323, 0.4045981, 0.5974449, 1
0.4783396, 0.3491914, 0.5869811, 1
0.5814493, 0.4587511, 0.6457106, 1
0.4611988, 0.3902938, 0.4606749, 1
0.5784487, 0.4203088, 0.5736621, 1
0.521812, 0.3675555, 0.5795274, 1
0.5495326, 0.4657699, 0.5604251, 1
0.5180637, 0.4206658, 0.5448218, 1
0.6012051, 0.4868462, 0.5896273, 1
0.4747643, 0.4272511, 0.5576034, 1
0.4669185, 0.4051329, 0.5088151, 1
0.4960683, 0.4116378, 0.5489886, 1
0.5129087, 0.391099, 0.5358797, 1
0.4482081, 0.3462962, 0.575644, 1
0.5180163, 0.4488581, 0.5088527, 1
0.4210869, 0.3749235, 0.513788, 1
0.5632069, 0.4566637, 0.6405435, 1
0.485718, 0.4014735, 0.5389316, 1
0.4964721, 0.4151199, 0.6281022, 1
0.460389, 0.4392843, 0.574795, 1
0.5505807, 0.4335456, 0.5703372, 1
0.6091782, 0.4537629, 0.6004294, 1
0.5139043, 0.348129, 0.574267, 1
0.5627075, 0.4689618, 0.6731256, 1
0.5672113, 0.4883832, 0.5872143, 1
0.5325269, 0.4747308, 0.6228366, 1
0.5409465, 0.3819553, 0.5468358, 1
0.4996376, 0.4079707, 0.5984576, 1
0.4893241, 0.4595774, 0.5615231, 1
0.4631939, 0.3963978, 0.5194731, 1
0.4912029, 0.3456407, 0.4707777, 1
0.4756118, 0.3862697, 0.4659166, 1
0.5367011, 0.4351223, 0.5298017, 1
0.5542935, 0.4130489, 0.5402501, 1
0.5422191, 0.4442182, 0.5303116, 1
0.5246133, 0.4038914, 0.502807, 1
0.5811791, 0.4034287, 0.6027988, 1
0.5185228, 0.4344471, 0.6480188, 1
0.5690998, 0.4640245, 0.6736425, 1
0.5732862, 0.4428483, 0.5940962, 1
0.4961693, 0.4390489, 0.601895, 1
0.5343896, 0.4319155, 0.5303587, 1
0.5713168, 0.4078206, 0.5614595, 1
0.5223518, 0.4742545, 0.6242508, 1
0.4864235, 0.4031273, 0.5536965, 1
0.5729943, 0.3915578, 0.6176587, 1
0.4584946, 0.3720582, 0.5601775, 1
0.5832239, 0.4278886, 0.5653189, 1
0.5747033, 0.3952923, 0.6309614, 1
0.5775524, 0.4137855, 0.6034886, 1
0.5847733, 0.4248472, 0.64797, 1
0.5000463, 0.3652882, 0.532276, 1
0.5081227, 0.478967, 0.6040326, 1
0.4512682, 0.344056, 0.5723193, 1
0.6155185, 0.4228957, 0.6003067, 1
0.5116796, 0.393519, 0.4922513, 1
0.4384806, 0.3421933, 0.5663733, 1
0.5227281, 0.3967647, 0.5558046, 1
0.5218437, 0.4287997, 0.5553886, 1
0.5021697, 0.4590944, 0.6109779, 1
0.4953154, 0.3360187, 0.4896671, 1
0.4838172, 0.3735093, 0.5489646, 1
0.4657722, 0.4277741, 0.5463002, 1
0.5258538, 0.3949271, 0.5404147, 1
0.5390983, 0.3764824, 0.5723277, 1
0.5076491, 0.3402767, 0.5622606, 1
0.5890647, 0.4062071, 0.6320894, 1
0.5271342, 0.4231852, 0.6361167, 1
0.4676785, 0.4179755, 0.5978225, 1
0.5590884, 0.4445851, 0.5275699, 1
0.5350409, 0.4623936, 0.6068832, 1
0.511131, 0.3910566, 0.5500577, 1
0.548325, 0.4102667, 0.6163474, 1
0.4793729, 0.4190742, 0.4901974, 1
0.4076649, 0.3749019, 0.5389438, 1
0.5036176, 0.4644678, 0.6142796, 1
0.4821822, 0.4376228, 0.6101975, 1
0.5846879, 0.3898937, 0.5692307, 1
0.5655184, 0.415964, 0.5999315, 1
0.4997957, 0.3264793, 0.5098393, 1
0.5089988, 0.3878249, 0.6083913, 1
0.5226721, 0.4776729, 0.6301734, 1
0.5186961, 0.387007, 0.5542805, 1
0.4627661, 0.4131309, 0.5386059, 1
0.5081456, 0.4757, 0.5784063, 1
0.4786463, 0.366124, 0.5983306, 1
0.4474818, 0.3415552, 0.5438153, 1
0.5138263, 0.3829305, 0.5618826, 1
0.5068775, 0.4036531, 0.4786061, 1
0.546922, 0.4526451, 0.5518573, 1
0.5628024, 0.4492134, 0.6567942, 1
0.4935676, 0.439737, 0.5492544, 1
0.5353841, 0.5058463, 0.6270905, 1
0.5797246, 0.4731633, 0.6195935, 1
0.6107426, 0.4510655, 0.631851, 1
0.5855376, 0.4596664, 0.6505617, 1
0.5926942, 0.4890752, 0.6026456, 1
0.5108899, 0.4235735, 0.5667081, 1
0.4187989, 0.3881751, 0.5378435, 1
0.416063, 0.3788492, 0.5338516, 1
0.5168391, 0.3871813, 0.5442091, 1
0.4543559, 0.3702307, 0.5612581, 1
0.5308614, 0.4036183, 0.6090004, 1
0.5800072, 0.4186749, 0.620398, 1
0.5837894, 0.5010127, 0.5863391, 1
0.5403982, 0.4592148, 0.6272377, 1
0.4583784, 0.3296804, 0.5297771, 1
0.5548998, 0.3949997, 0.547059, 1
0.5512927, 0.3765874, 0.5990219, 1
0.5230657, 0.3616347, 0.5337176, 1
0.5159383, 0.3622987, 0.515907, 1
0.5131871, 0.4395168, 0.6222226, 1
0.5576602, 0.4299653, 0.5709924, 1
0.5079492, 0.4089456, 0.4885314, 1
0.5421178, 0.4573089, 0.567966, 1
0.440715, 0.4014302, 0.5191116, 1
0.4889688, 0.4151756, 0.5379261, 1
0.4827622, 0.3705834, 0.5063496, 1
0.5546451, 0.4715657, 0.659205, 1
0.563609, 0.4330695, 0.6169717, 1
0.5124312, 0.40011, 0.6332527, 1
0.5657111, 0.3939252, 0.6013687, 1
0.5598308, 0.4329535, 0.5541595, 1
0.5662001, 0.4036067, 0.6231589, 1
0.4998341, 0.3558522, 0.5601259, 1
0.5364289, 0.4757773, 0.57997, 1
0.5717741, 0.4282546, 0.5399004, 1
0.598995, 0.4822532, 0.5592745, 1
0.5111436, 0.3946261, 0.6011792, 1
0.4868634, 0.3479652, 0.5469953, 1
0.6043109, 0.4673861, 0.6024107, 1
0.5972674, 0.4368903, 0.6523908, 1
0.6067216, 0.431375, 0.5717628, 1
0.4545515, 0.3541294, 0.5076625, 1
0.4959791, 0.4167255, 0.5630647, 1
0.42133, 0.3830328, 0.5172404, 1
0.5891067, 0.4220274, 0.6597182, 1
0.4597156, 0.3926806, 0.5537004, 1
0.5762678, 0.4858655, 0.5765316, 1
0.5008543, 0.4507346, 0.5776212, 1
0.5165588, 0.4411504, 0.5850251, 1
0.5429741, 0.4838393, 0.5941585, 1
0.5255208, 0.3640083, 0.5718202, 1
0.548881, 0.4471074, 0.5653823, 1
0.4667872, 0.4002661, 0.6011456, 1
0.5522947, 0.4428679, 0.5775201, 1
0.5431453, 0.4837847, 0.6263298, 1
0.4599866, 0.3987837, 0.5907686, 1
0.5288152, 0.3443521, 0.5417562, 1
0.4521644, 0.4018382, 0.5076287, 1
0.4370892, 0.396377, 0.5534438, 1
0.6094194, 0.415419, 0.6535566, 1
0.5829768, 0.493171, 0.6165414, 1
0.4831122, 0.4210922, 0.6118372, 1
0.5231286, 0.4382454, 0.5101544, 1
0.5603216, 0.3978174, 0.5253783, 1
0.5548063, 0.4515493, 0.6395365, 1
0.5252494, 0.4766019, 0.5694483, 1
0.5535029, 0.4085999, 0.5365341, 1
0.4919361, 0.4465058, 0.5887221, 1
0.4749307, 0.3373884, 0.538086, 1
0.5275479, 0.4119117, 0.5754638, 1
0.5530484, 0.4712332, 0.6576082, 1
0.5170445, 0.3960198, 0.5640275, 1
0.5118235, 0.4661117, 0.5575746, 1
0.6060244, 0.4200294, 0.5881248, 1
0.4548772, 0.3721108, 0.589812, 1
0.5056756, 0.4475603, 0.5444387, 1
0.4946006, 0.3978025, 0.4834011, 1
0.535052, 0.4653459, 0.5461144, 1
0.5232862, 0.3530732, 0.5324987, 1
0.557568, 0.3950632, 0.5452901, 1
0.5927512, 0.5245609, 0.6006472, 1
0.4669393, 0.4333657, 0.5565627, 1
0.5870399, 0.4833848, 0.5573549, 1
0.5283486, 0.4442816, 0.518553, 1
0.562994, 0.425141, 0.5277727, 1
0.5072172, 0.4625644, 0.5605862, 1
0.5970334, 0.4489258, 0.6413478, 1
0.5837267, 0.4781831, 0.5701258, 1
0.5038718, 0.3876695, 0.5656689, 1
0.5006367, 0.3727774, 0.5468295, 1
0.5222574, 0.4016769, 0.4912303, 1
0.5120765, 0.4039045, 0.578656, 1
0.5084133, 0.4194337, 0.6313615, 1
0.5310873, 0.4850574, 0.5886406, 1
0.600333, 0.4274075, 0.5814902, 1
0.4906554, 0.4155222, 0.6121376, 1
0.5160572, 0.404094, 0.6343966, 1
0.5197607, 0.4033235, 0.6365792, 1
0.5883183, 0.4288122, 0.6590093, 1
0.4369792, 0.3797676, 0.5448918, 1
0.4900385, 0.37119, 0.5829631, 1
0.5526788, 0.3954204, 0.5621655, 1
0.4777366, 0.3491461, 0.5098639, 1
0.4646344, 0.3876112, 0.4881589, 1
0.4744454, 0.3926032, 0.4627003, 1
0.5118886, 0.3547511, 0.5451896, 1
0.5418661, 0.3672803, 0.5651606, 1
0.4596089, 0.4441637, 0.5821669, 1
0.5528937, 0.496246, 0.5714327, 1
0.5428808, 0.4640353, 0.624959, 1
0.4994586, 0.4237196, 0.5014846, 1
0.5324995, 0.4993202, 0.5914452, 1
0.441469, 0.390841, 0.5832717, 1
0.509667, 0.4279119, 0.5753477, 1
0.5283082, 0.4623023, 0.6374645, 1
0.5315685, 0.4334084, 0.5891567, 1
0.5529864, 0.4372303, 0.6127007, 1
0.4971318, 0.452589, 0.5426933, 1
0.6215445, 0.4541282, 0.5785422, 1
0.5120195, 0.4034099, 0.5034839, 1
0.5175453, 0.4307425, 0.5833254, 1
0.5609608, 0.4045368, 0.5665347, 1
0.4842989, 0.3268311, 0.5631568, 1
0.4656994, 0.4069234, 0.5703395, 1
0.5725924, 0.4530493, 0.6021156, 1
0.4803687, 0.4147725, 0.6003427, 1
0.4559391, 0.4240336, 0.5522147, 1
0.4678118, 0.3631179, 0.5723321, 1
0.510966, 0.381445, 0.6177992, 1
0.4894168, 0.453428, 0.5549869, 1
0.4805342, 0.4215565, 0.6079915, 1
0.5878006, 0.4414875, 0.5659794, 1
0.5293163, 0.4744221, 0.6520564, 1
0.5181167, 0.3540237, 0.5249214, 1
0.5459639, 0.3668484, 0.5435497, 1
0.6177052, 0.4933951, 0.5767409, 1
0.5464648, 0.5151492, 0.608949, 1
0.4537223, 0.3982206, 0.5791423, 1
0.5302474, 0.4926576, 0.6131785, 1
0.4222546, 0.3813863, 0.5518739, 1
0.5710156, 0.5020031, 0.6035971, 1
0.5694285, 0.415682, 0.6171287, 1
0.5124679, 0.4759151, 0.5544263, 1
0.5461786, 0.3798339, 0.5164054, 1
0.487347, 0.4225394, 0.5845795, 1
0.5400405, 0.4954654, 0.5876008, 1
0.5823787, 0.4068452, 0.5448056, 1
0.4986469, 0.3674112, 0.5753933, 1
0.5047246, 0.359224, 0.4816021, 1
0.5607104, 0.4974576, 0.5674829, 1
0.542368, 0.3988714, 0.5432655, 1
0.4744686, 0.4048451, 0.4995674, 1
0.5212939, 0.4823364, 0.6236334, 1
0.577239, 0.4806252, 0.556677, 1
0.5583106, 0.4447426, 0.5775624, 1
0.404278, 0.3688133, 0.5255408, 1
0.4773918, 0.4178946, 0.5457468, 1
0.4370733, 0.3581616, 0.5174389, 1
0.5532106, 0.4220614, 0.5461493, 1
0.5905616, 0.3957425, 0.5841479, 1
0.6353745, 0.4275408, 0.615176, 1
0.4776225, 0.46495, 0.5904555, 1
0.592788, 0.4785978, 0.5982532, 1
0.5481774, 0.466071, 0.6127772, 1
0.4158269, 0.3759774, 0.5634947, 1
0.4898213, 0.4193453, 0.4824784, 1
0.4753716, 0.4213823, 0.5363663, 1
0.5298278, 0.4176078, 0.5442626, 1
0.6149234, 0.4680755, 0.6048303, 1
0.4597075, 0.3918293, 0.5693803, 1
0.5612742, 0.484928, 0.6013561, 1
0.4924019, 0.3732178, 0.4829362, 1
0.5426539, 0.4164504, 0.6547989, 1
0.5538129, 0.4726228, 0.5401524, 1
0.6094409, 0.4946106, 0.590128, 1
0.4541545, 0.392699, 0.4826953, 1
0.6109627, 0.4763189, 0.6079242, 1
0.517171, 0.3386043, 0.5336916, 1
0.5569739, 0.4231695, 0.6331891, 1
0.418433, 0.3708784, 0.5069185, 1
0.5698929, 0.4999577, 0.6151211, 1
0.4525124, 0.3911955, 0.5250155, 1
0.5194213, 0.4656216, 0.559289, 1
0.5290836, 0.4984859, 0.6154271, 1
0.4659147, 0.3613893, 0.5608927, 1
0.407563, 0.3772137, 0.5264397, 1
0.5418476, 0.3865353, 0.5397658, 1
0.4558179, 0.3234385, 0.5595719, 1
0.5551254, 0.4381552, 0.6630417, 1
0.5602778, 0.4352639, 0.5328206, 1
0.5505676, 0.4524512, 0.6585003, 1
0.4944736, 0.3775069, 0.5895546, 1
0.560155, 0.4706083, 0.6602104, 1
0.4040068, 0.3707528, 0.5263362, 1
0.5170039, 0.4349061, 0.5830965, 1
0.5745442, 0.455592, 0.6511431, 1
0.4916988, 0.355503, 0.4892824, 1
0.5140831, 0.4656482, 0.53736, 1
0.5650819, 0.4095792, 0.6022283, 1
0.5027472, 0.3774629, 0.5916613, 1
0.5130686, 0.4725669, 0.5482616, 1
0.6241211, 0.4604984, 0.5936608, 1
0.5833082, 0.4071586, 0.5945361, 1
0.5056111, 0.4831939, 0.5919436, 1
0.4933198, 0.3628738, 0.5487291, 1
0.4791534, 0.3935671, 0.6011367, 1
0.5116687, 0.3826595, 0.5201729, 1
0.5548132, 0.4072024, 0.6141101, 1
0.4158541, 0.3687871, 0.5386139, 1
0.5202911, 0.4820485, 0.6232238, 1
0.4270338, 0.3791814, 0.5364429, 1
0.5856632, 0.4867583, 0.5727997, 1
0.477941, 0.3569233, 0.5288005, 1
0.4999283, 0.4167237, 0.5345302, 1
0.5399294, 0.4186769, 0.5369229, 1
0.444107, 0.399849, 0.5050326, 1
0.5561605, 0.4268393, 0.5225831, 1
0.5760592, 0.4631471, 0.556942, 1
0.5733491, 0.4138558, 0.6262035, 1
0.5158787, 0.4365202, 0.574806, 1
0.5316123, 0.3837682, 0.6129884, 1
0.5687495, 0.4867741, 0.5630609, 1
0.5213866, 0.4124342, 0.6249429, 1
0.4945114, 0.3718441, 0.5393814, 1
0.5027458, 0.3876241, 0.5932618, 1
0.4890789, 0.4030546, 0.4724808, 1
0.4602819, 0.3836184, 0.5437635, 1
0.4378268, 0.3993092, 0.5607581, 1
0.4662419, 0.3830279, 0.5976938, 1
0.5179683, 0.4033394, 0.6000614, 1
0.4730603, 0.3926394, 0.5867149, 1
0.491063, 0.4105716, 0.6206413, 1
0.5305784, 0.3986499, 0.5292728, 1
0.5269771, 0.482871, 0.62199, 1
0.449418, 0.3885616, 0.4745977, 1
0.4024576, 0.3626205, 0.5533397, 1
0.4775188, 0.3371919, 0.5466624, 1
0.5355988, 0.3983613, 0.5099117, 1
0.5729306, 0.461528, 0.6183807, 1
0.4907996, 0.3635801, 0.5327842, 1
0.5245899, 0.4501578, 0.5985267, 1
0.4735152, 0.4033981, 0.5717067, 1
0.6016497, 0.4667235, 0.6226715, 1
0.4493913, 0.3605387, 0.5062609, 1
0.6349893, 0.4578413, 0.586806, 1
0.5411476, 0.4330646, 0.6297246, 1
0.4439108, 0.4155041, 0.5532401, 1
0.4287569, 0.3919065, 0.5585942, 1
0.4777047, 0.3794492, 0.5131385, 1
0.5487391, 0.3670735, 0.5571288, 1
0.4993215, 0.3485064, 0.5363212, 1
0.6131603, 0.4192687, 0.6245505, 1
0.6017984, 0.4836722, 0.6150351, 1
0.5515312, 0.5101513, 0.6209115, 1
0.4910277, 0.4375644, 0.5910999, 1
0.4550984, 0.404806, 0.5486998, 1
0.563985, 0.4581538, 0.6189806, 1
0.5092458, 0.3591541, 0.4832135, 1
0.5595045, 0.4114962, 0.6543323, 1
0.6175169, 0.4232788, 0.5843049, 1
0.4737201, 0.3692029, 0.5793177, 1
0.5331916, 0.4979838, 0.6332701, 1
0.556908, 0.3731147, 0.5639954, 1
0.5596642, 0.4171062, 0.6277789, 1
0.5908296, 0.5058969, 0.5869033, 1
0.4895305, 0.4632917, 0.5954435, 1
0.5214427, 0.4086448, 0.5458054, 1
0.5326775, 0.4597848, 0.599107, 1
0.4539774, 0.3747633, 0.4825167, 1
0.6295341, 0.4486517, 0.5816037, 1
0.5151259, 0.4069768, 0.5231614, 1
0.4379154, 0.3888239, 0.5341521, 1
0.4858728, 0.3185689, 0.5181087, 1
0.5449894, 0.4805374, 0.6156295, 1
0.5222896, 0.4722078, 0.5546387, 1
0.4803718, 0.4071082, 0.5004039, 1
0.4768433, 0.3597476, 0.5626835, 1
0.5377864, 0.4938729, 0.6213282, 1
0.5292082, 0.3663505, 0.6004382, 1
0.512642, 0.4411052, 0.5527518, 1
0.5057684, 0.4056269, 0.555805, 1
0.587135, 0.4140437, 0.5622912, 1
0.5621005, 0.4138307, 0.6264301, 1
0.5920149, 0.447102, 0.6228279, 1
0.5331312, 0.4133041, 0.5072778, 1
0.4962831, 0.3250639, 0.5513127, 1
0.509332, 0.4114084, 0.6097328, 1
0.4319894, 0.3368321, 0.5647505, 1
0.6093701, 0.4501771, 0.5679081, 1
0.5399736, 0.4811084, 0.6186287, 1
0.5854, 0.439359, 0.5392901, 1
0.4665579, 0.4067328, 0.557305, 1
0.5407906, 0.4286879, 0.6344032, 1
0.601611, 0.5068131, 0.584941, 1
0.5535095, 0.4785663, 0.659384, 1
0.5863373, 0.412194, 0.5859119, 1
0.4502929, 0.3539066, 0.5842738, 1
0.5557141, 0.4098872, 0.6278087, 1
0.6019674, 0.5104887, 0.5893587, 1
0.4796777, 0.34609, 0.5636023, 1
0.4767696, 0.417897, 0.5690993, 1
0.5389162, 0.3878723, 0.6206921, 1
0.5610086, 0.5164428, 0.6227863, 1
0.5581896, 0.4101696, 0.6247435, 1
0.5635588, 0.386397, 0.5444683, 1
0.5732402, 0.4488404, 0.5943792, 1
0.5061853, 0.4341967, 0.6122676, 1
0.4743761, 0.3454687, 0.5194418, 1
0.5461889, 0.3780729, 0.5964318, 1
0.4678881, 0.4122857, 0.5635418, 1
0.4884972, 0.3365274, 0.4855914, 1
0.5889336, 0.4003402, 0.6376476, 1
0.4631692, 0.3899102, 0.4785573, 1
0.5283502, 0.5001076, 0.5853269, 1
0.4809101, 0.4038602, 0.4783273, 1
0.5695997, 0.444714, 0.5914683, 1
0.5961751, 0.4496689, 0.6407277, 1
0.5566607, 0.3939129, 0.5981363, 1
0.6182052, 0.4195392, 0.5838771, 1
0.5758742, 0.4051727, 0.6016941, 1
0.520002, 0.3946792, 0.5048622, 1
0.5148242, 0.4473431, 0.5792376, 1
0.4971686, 0.407098, 0.5066262, 1
0.5422959, 0.377416, 0.5576486, 1
0.5091864, 0.4034427, 0.5029403, 1
0.6079787, 0.4699934, 0.6050367, 1
0.4870811, 0.4433323, 0.6075933, 1
0.4467916, 0.3441516, 0.5818165, 1
0.5088376, 0.3732271, 0.6092883, 1
0.4646408, 0.3681553, 0.5133625, 1
0.5657409, 0.4260488, 0.6591376, 1
0.5925284, 0.4954057, 0.5661626, 1
0.5769385, 0.4450417, 0.5832998, 1
0.5648892, 0.4932374, 0.6209556, 1
0.4674748, 0.3798945, 0.5285718, 1
0.5948378, 0.4909753, 0.6062273, 1
0.5319151, 0.4417022, 0.6561507, 1
0.549672, 0.3980717, 0.5820297, 1
0.461213, 0.4298238, 0.5580117, 1
0.5145236, 0.3592124, 0.5578598, 1
0.5267978, 0.3703206, 0.5746461, 1
0.5989403, 0.4158204, 0.6364425, 1
0.5474143, 0.4791846, 0.6552223, 1
0.4249622, 0.3520998, 0.5450363, 1
0.4977486, 0.480889, 0.5730491, 1
0.5838072, 0.4646409, 0.6246523, 1
0.477949, 0.450406, 0.5768167, 1
0.4619219, 0.3727762, 0.5912822, 1
0.510456, 0.3445379, 0.5400469, 1
0.4934526, 0.3146536, 0.5046526, 1
0.4355161, 0.3908776, 0.5355554, 1
0.5543468, 0.4408298, 0.6200848, 1
0.5398282, 0.5008311, 0.6399555, 1
0.5027229, 0.4382303, 0.6000815, 1
0.5214083, 0.3578065, 0.5864093, 1
0.481294, 0.4538125, 0.5961251, 1
0.5560676, 0.4313138, 0.5295298, 1
0.5146597, 0.4721668, 0.6056992, 1
0.5294716, 0.420402, 0.6143494, 1
0.509797, 0.3876737, 0.5848087, 1
0.5060344, 0.4858902, 0.5691018, 1
0.5734295, 0.4437406, 0.6597366, 1
0.4632414, 0.3380248, 0.5295097, 1
0.6076012, 0.4593189, 0.6174702, 1
0.5548912, 0.4362559, 0.6508304, 1
0.4958255, 0.4586741, 0.5742213, 1
0.4753943, 0.3876196, 0.5302463, 1
0.6015883, 0.4980259, 0.5821357, 1
0.4127128, 0.3904353, 0.5483378, 1
0.5756355, 0.4209064, 0.6460637, 1
0.4610144, 0.3323539, 0.5444267, 1
0.5614649, 0.4245081, 0.5325668, 1
0.5078485, 0.4220234, 0.573618, 1
0.5560086, 0.4480741, 0.6239409, 1
0.4030426, 0.3668865, 0.5578187, 1
0.6274744, 0.4185102, 0.6402059, 1
0.5558353, 0.4167545, 0.5291807, 1
0.6016535, 0.4174614, 0.5708442, 1
0.5402052, 0.3868053, 0.5686888, 1
0.5556134, 0.419283, 0.6310441, 1
0.5612217, 0.4614022, 0.563832, 1
0.5720517, 0.4425388, 0.5645489, 1
0.5268357, 0.4680123, 0.5521373, 1
0.5796778, 0.4173348, 0.5400777, 1
0.6132579, 0.4496861, 0.6262632, 1
0.5575686, 0.5223517, 0.6233193, 1
0.5861629, 0.3997184, 0.6017624, 1
0.444272, 0.3881897, 0.5659789, 1
0.5221233, 0.3431125, 0.5550609, 1
0.4645403, 0.3611432, 0.5343361, 1
0.4569614, 0.3828835, 0.4898847, 1
0.5980472, 0.5069595, 0.6007518, 1
0.5658039, 0.4883079, 0.5945589, 1
0.5467941, 0.48302, 0.5506608, 1
0.4490042, 0.4140678, 0.5454872, 1
0.6036791, 0.4473059, 0.6187717, 1
0.6180551, 0.44946, 0.5909919, 1
0.4931274, 0.3264932, 0.5344978, 1
0.6078508, 0.4486578, 0.6314441, 1
0.5116001, 0.4172499, 0.6175767, 1
0.5129985, 0.3987279, 0.5198317, 1
0.549022, 0.4601166, 0.5928743, 1
0.5915014, 0.4159554, 0.6001514, 1
0.5855771, 0.4427135, 0.5407267, 1
0.4819124, 0.410278, 0.5482756, 1
0.5062398, 0.3281612, 0.5209312, 1
0.458778, 0.3991473, 0.4879895, 1
0.4730746, 0.390355, 0.4962592, 1
0.4995727, 0.4160175, 0.5969063, 1
0.50328, 0.4816521, 0.5757443, 1
0.5508512, 0.3949679, 0.6132995, 1
0.6047207, 0.4316622, 0.6552029, 1
0.5948283, 0.4619705, 0.5835897, 1
0.560614, 0.4971853, 0.563868, 1
0.5164561, 0.4627626, 0.5292808, 1
0.4564995, 0.3382064, 0.5287046, 1
0.6240491, 0.4355154, 0.5906035, 1
0.5654663, 0.4076214, 0.6388056, 1
0.5967633, 0.4682608, 0.6135273, 1
0.570433, 0.4700487, 0.5510159, 1
0.4382939, 0.3463608, 0.5693339, 1
0.4582066, 0.4041531, 0.5752983, 1
0.4616781, 0.3934494, 0.4831467, 1
0.5256147, 0.4220734, 0.6307297, 1
0.4738497, 0.3314995, 0.5209602, 1
0.5939505, 0.4688368, 0.5551528, 1
0.5189207, 0.3812529, 0.6165519, 1
0.4606653, 0.3466211, 0.5662379, 1
0.5434043, 0.3993135, 0.601429, 1
0.4798046, 0.4196474, 0.5144973, 1
0.5441087, 0.4579967, 0.6643024, 1
0.4962573, 0.4453903, 0.5666556, 1
0.4489601, 0.349002, 0.5423883, 1
0.5594435, 0.4681258, 0.6164678, 1
0.4325979, 0.3948312, 0.5190035, 1
0.5201449, 0.3604515, 0.5771089, 1
0.4502067, 0.3437625, 0.5771722, 1
0.5262877, 0.4392986, 0.5347079, 1
0.4581922, 0.3951944, 0.5646985, 1
0.504815, 0.4094889, 0.5315239, 1
0.5109393, 0.4333132, 0.6183714, 1
0.5636261, 0.4872477, 0.6002148, 1
0.4784959, 0.4257633, 0.5261686, 1
0.4096607, 0.3719563, 0.5173559, 1
0.4658649, 0.3174698, 0.5555407, 1
0.4870913, 0.3612918, 0.4751679, 1
0.5370525, 0.4929825, 0.6133174, 1
0.4728358, 0.3440908, 0.5117276, 1
0.5091959, 0.38056, 0.5956513, 1
0.4805179, 0.4226652, 0.590645, 1
0.5701203, 0.4709483, 0.6224689, 1
0.5214359, 0.4199081, 0.6045654, 1
0.4507306, 0.4184747, 0.56986, 1
0.5747853, 0.4566468, 0.5402043, 1
0.5574934, 0.4323306, 0.5177363, 1
0.4938794, 0.4683757, 0.5779969, 1
0.4113707, 0.3753828, 0.5313498, 1
0.5307068, 0.3507026, 0.5296113, 1
0.5025102, 0.4181194, 0.517562, 1
0.619974, 0.4436923, 0.5975289, 1
0.5684774, 0.4051306, 0.5395582, 1
0.6170746, 0.409284, 0.6221446, 1
0.606136, 0.4967228, 0.5795848, 1
0.5674784, 0.4316432, 0.6693234, 1
0.5397802, 0.431617, 0.6523722, 1
0.593317, 0.4361406, 0.642504, 1
0.4949557, 0.3422473, 0.4950226, 1
0.5171437, 0.3985529, 0.5058128, 1
0.4870985, 0.3852068, 0.5020005, 1
0.4602206, 0.3548828, 0.5162994, 1
0.566632, 0.4700916, 0.6575809, 1
0.5870598, 0.4725429, 0.5767857, 1
0.4988981, 0.365882, 0.5886855, 1
0.5737751, 0.4457664, 0.6775551, 1
0.6128144, 0.4097073, 0.6413859, 1
0.5221524, 0.447932, 0.545082, 1
0.4618719, 0.4054323, 0.5013298, 1
0.4867697, 0.3473255, 0.5697876, 1
0.5338408, 0.3877003, 0.5697111, 1
0.5081125, 0.3756, 0.5597581, 1
0.5271696, 0.4173424, 0.6112662, 1
0.5753568, 0.4344398, 0.5619666, 1
0.4423279, 0.369014, 0.5161499, 1
0.497714, 0.4689918, 0.5875322, 1
0.4532518, 0.3996227, 0.4935766, 1
0.4965149, 0.3729484, 0.5967484, 1
0.5497864, 0.4416142, 0.6134833, 1
0.5027085, 0.4688438, 0.5855346, 1
0.5420952, 0.3576688, 0.5529053, 1
0.6131822, 0.4273338, 0.6455209, 1
0.6012614, 0.4907643, 0.5934405, 1
0.471751, 0.3823356, 0.5185223, 1
0.518237, 0.4545294, 0.5478143, 1
0.4390661, 0.359372, 0.5475879, 1
0.4966738, 0.3707221, 0.5051571, 1
0.5800826, 0.4372517, 0.5867907, 1
0.5120485, 0.3629446, 0.47811, 1
0.4956748, 0.3747959, 0.5375717, 1
0.5575079, 0.3912581, 0.6263391, 1
0.5621761, 0.4409564, 0.5720169, 1
0.5740139, 0.4241625, 0.6017104, 1
0.6198935, 0.4112886, 0.6059684, 1
0.564362, 0.4166061, 0.6191753, 1
0.5633121, 0.5015106, 0.5924429, 1
0.5098164, 0.418711, 0.493664, 1
0.4674323, 0.3853515, 0.5505475, 1
0.5747036, 0.4777831, 0.5589846, 1
0.4563726, 0.3644111, 0.5241379, 1
0.5238502, 0.3776166, 0.5221566, 1
0.487576, 0.3717262, 0.5487978, 1
0.510816, 0.3500061, 0.4827871, 1
0.5145348, 0.4363631, 0.5976896, 1
0.5417926, 0.4282677, 0.5354875, 1
0.4400957, 0.3840601, 0.4843676, 1
0.4883377, 0.3830466, 0.5771717, 1
0.5040769, 0.4129028, 0.5039409, 1
0.5795289, 0.4674896, 0.5829182, 1
0.5542059, 0.4851014, 0.5711331, 1
0.4867971, 0.3845175, 0.5702891, 1
0.5785482, 0.4314357, 0.5551174, 1
0.5000019, 0.4077728, 0.5887746, 1
0.5356205, 0.4197388, 0.5618457, 1
0.4712088, 0.3807678, 0.5279088, 1
0.5018328, 0.3791381, 0.5021067, 1
0.5228228, 0.4453945, 0.5095174, 1
0.4976396, 0.3427952, 0.4781934, 1
0.5275868, 0.4157089, 0.516793, 1
0.5107794, 0.4335926, 0.6103337, 1
0.4885858, 0.3632818, 0.5181889, 1
0.6199147, 0.482466, 0.5727308, 1
0.5021164, 0.3715843, 0.4878005, 1
0.6032622, 0.4256842, 0.5996273, 1
0.5726534, 0.5031222, 0.6335545, 1
0.5242028, 0.4837054, 0.5641764, 1
0.558014, 0.478447, 0.6149768, 1
0.4644925, 0.3920982, 0.5726698, 1
0.5990715, 0.4118712, 0.5866212, 1
0.4875453, 0.4322322, 0.5355599, 1
0.536065, 0.3915638, 0.5380627, 1
0.4329184, 0.4061921, 0.5404748, 1
0.4530568, 0.3424832, 0.5566731, 1
0.5297817, 0.4544732, 0.5721788, 1
0.6063228, 0.4267673, 0.5813515, 1
0.4602359, 0.3580413, 0.5001069, 1
0.4271183, 0.3794475, 0.5313678, 1
0.4753285, 0.3741656, 0.4994122, 1
0.5438383, 0.4634483, 0.6395043, 1
0.5662504, 0.503275, 0.6453974, 1
0.5704368, 0.4247048, 0.5691091, 1
0.5481551, 0.4315153, 0.5422961, 1
0.5636801, 0.376431, 0.5908159, 1
0.5555274, 0.3782416, 0.5925872, 1
0.5916792, 0.430576, 0.5649132, 1
0.5421978, 0.4430467, 0.5862042, 1
0.4778178, 0.3738193, 0.5940411, 1
0.4963433, 0.4077783, 0.4907254, 1
0.5105233, 0.4774848, 0.6248025, 1
0.5057446, 0.4775765, 0.6005224, 1
0.5728505, 0.4905542, 0.6029902, 1
0.593021, 0.487758, 0.6164299, 1
0.5122033, 0.4198143, 0.5751901, 1
0.5002104, 0.4439314, 0.527608, 1
0.5457011, 0.5021476, 0.6365378, 1
0.4110125, 0.3491558, 0.5543084, 1
0.4566973, 0.4266184, 0.5581552, 1
0.4319018, 0.4006631, 0.564599, 1
0.5940006, 0.4290759, 0.5940989, 1
0.4537871, 0.3890083, 0.5327843, 1
0.4366672, 0.4046952, 0.5803192, 1
0.5548362, 0.4315984, 0.6521328, 1
0.5237648, 0.4114172, 0.5101323, 1
0.5108628, 0.3636203, 0.5653444, 1
0.4847699, 0.3729492, 0.5834448, 1
0.5475904, 0.4821062, 0.5904022, 1
0.4447638, 0.4186181, 0.5665033, 1
0.4370475, 0.3783446, 0.5262734, 1
0.4570425, 0.3783605, 0.5622215, 1
0.5177179, 0.3681361, 0.5370646, 1
0.5337116, 0.4471909, 0.6025939, 1
0.583933, 0.4604374, 0.5575493, 1
0.4617835, 0.3773677, 0.5789158, 1
0.4954184, 0.367886, 0.502962, 1
0.5236685, 0.4775627, 0.6386416, 1
0.5651641, 0.3996429, 0.5277786, 1
0.6111045, 0.412227, 0.6288333, 1
0.57024, 0.4170757, 0.6271279, 1
0.4828248, 0.3340727, 0.5693153, 1
0.5593805, 0.4763478, 0.5997639, 1
0.5802137, 0.5205237, 0.6013663, 1
0.5369743, 0.4241535, 0.5206776, 1
0.5264775, 0.4070371, 0.6169803, 1
0.4862034, 0.3481582, 0.5187537, 1
0.5182753, 0.4537218, 0.645634, 1
0.5437058, 0.4803548, 0.6538302, 1
0.4692912, 0.3925591, 0.5865603, 1
0.541006, 0.4101415, 0.5295959, 1
0.5184542, 0.4177356, 0.5737799, 1
0.5337552, 0.4093185, 0.6021767, 1
0.5774047, 0.4812388, 0.6078014, 1
0.5116376, 0.3695747, 0.5120131, 1
0.4465569, 0.4275132, 0.5776401, 1
0.5380596, 0.4646153, 0.5460134, 1
0.5487561, 0.4691133, 0.5590039, 1
0.5897996, 0.4238476, 0.6509941, 1
0.5200608, 0.4310966, 0.644102, 1
0.511166, 0.4120703, 0.59275, 1
0.541745, 0.4046107, 0.6232169, 1
0.5190267, 0.382949, 0.4950353, 1
0.51201, 0.402298, 0.5742988, 1
0.5561319, 0.4078496, 0.594098, 1
0.506048, 0.3826472, 0.4763261, 1
0.5178191, 0.4825734, 0.6040471, 1
0.5041088, 0.3770929, 0.5675124, 1
0.4937552, 0.4528174, 0.5478591, 1
0.5449281, 0.4295822, 0.5141667, 1
0.507135, 0.3775579, 0.5624766, 1
0.4454239, 0.3780538, 0.5390357, 1
0.5751807, 0.4345887, 0.5678113, 1
0.5291819, 0.3652755, 0.51553, 1
0.4783085, 0.3659723, 0.4946822, 1
0.5599617, 0.4134305, 0.5887171, 1
0.5657626, 0.4513305, 0.6120239, 1
0.4896039, 0.4297854, 0.5347101, 1
0.5645776, 0.4826831, 0.548634, 1
0.5252572, 0.429129, 0.6311188, 1
0.6116199, 0.4219015, 0.5855501, 1
0.5143237, 0.4053568, 0.5675557, 1
0.5594386, 0.409372, 0.6148478, 1
0.6161999, 0.4439578, 0.6290134, 1
0.5555951, 0.4438886, 0.5879023, 1
0.5985957, 0.4119723, 0.5995733, 1
0.4063403, 0.3687156, 0.5581905, 1
0.5576531, 0.5025283, 0.6478907, 1
0.5217112, 0.3529468, 0.5068747, 1
0.5006355, 0.3366311, 0.5577875, 1
0.5668936, 0.3920819, 0.5541764, 1
0.5140578, 0.4152706, 0.6058916, 1
0.4898081, 0.4346755, 0.5928572, 1
0.6276373, 0.4286721, 0.6058078, 1
0.4825551, 0.4328379, 0.5672584, 1
0.6022916, 0.4370602, 0.5933487, 1
0.4487782, 0.3632512, 0.5852112, 1
0.4685735, 0.4206114, 0.5802708, 1
0.4343573, 0.3526355, 0.5395035, 1
0.4830381, 0.4078257, 0.4845213, 1
0.4951604, 0.3884967, 0.6054058, 1
0.4799578, 0.4112496, 0.605536, 1
0.5271587, 0.4298098, 0.5494086, 1
0.4634705, 0.4329877, 0.5816212, 1
0.402085, 0.3613411, 0.5452611, 1
0.5441672, 0.4031061, 0.6222483, 1
0.5249097, 0.3879195, 0.5453403, 1
0.511578, 0.3391252, 0.5098173, 1
0.509352, 0.4076495, 0.5367873, 1
0.5750082, 0.4567255, 0.6089138, 1
0.5606455, 0.4519345, 0.6377007, 1
0.4480647, 0.3608608, 0.5795408, 1
0.4840909, 0.3830857, 0.4933774, 1
0.5944111, 0.4711101, 0.6089393, 1
0.4919896, 0.3743999, 0.5156687, 1
0.5653526, 0.4762057, 0.6581578, 1
0.5303132, 0.369306, 0.5079077, 1
0.5926633, 0.4801767, 0.5990911, 1
0.4960141, 0.4397727, 0.5323296, 1
0.5484052, 0.37604, 0.5937503, 1
0.482568, 0.409696, 0.5440703, 1
0.5468258, 0.3848906, 0.5936548, 1
0.4977367, 0.3690327, 0.5631896, 1
0.5147375, 0.3779869, 0.6062323, 1
0.5052776, 0.4125505, 0.5602357, 1
0.5671465, 0.4712474, 0.5588386, 1
0.4946856, 0.4163704, 0.5221823, 1
0.4846962, 0.362884, 0.5717997, 1
0.4836387, 0.4579047, 0.5844758, 1
0.5743133, 0.4010777, 0.6339591, 1
0.4718394, 0.4454433, 0.5682166, 1
0.5207249, 0.3889966, 0.4867365, 1
0.5358073, 0.4889423, 0.6370236, 1
0.5954676, 0.4027728, 0.6310705, 1
0.5594012, 0.4543226, 0.5334193, 1
0.4733148, 0.3350699, 0.5064228, 1
0.4779174, 0.3588764, 0.5353208, 1
0.5008175, 0.4414678, 0.5173379, 1
0.5976202, 0.4499, 0.6372178, 1
0.532037, 0.4303407, 0.5040368, 1
0.4745649, 0.3972904, 0.5055235, 1
0.4442635, 0.3984904, 0.5203744, 1
0.4710617, 0.3436862, 0.5297084, 1
0.5273142, 0.3815265, 0.5098383, 1
0.5509416, 0.4332848, 0.5762997, 1
0.5426257, 0.3929895, 0.613969, 1
0.4510286, 0.3174859, 0.5498676, 1
0.5742867, 0.4092245, 0.6469275, 1
0.549741, 0.3996145, 0.6156397, 1
0.5431868, 0.3737953, 0.5446369, 1
0.4492724, 0.3979623, 0.5644731, 1
0.5696206, 0.3883851, 0.5955963, 1
0.4648526, 0.3878614, 0.4925833, 1
0.4697207, 0.3905013, 0.5535259, 1
0.5247428, 0.468253, 0.5967967, 1
0.4520551, 0.3409171, 0.5243628, 1
0.4283624, 0.361243, 0.528147, 1
0.5050591, 0.4147971, 0.5651152, 1
0.499607, 0.3710594, 0.5128191, 1
0.5538288, 0.4429177, 0.6641942, 1
0.5464875, 0.4439536, 0.5438992, 1
0.4576947, 0.4031687, 0.5346084, 1
0.4877862, 0.3884967, 0.4995297, 1
0.4951431, 0.3446737, 0.4799404, 1
0.4636315, 0.3897139, 0.4705349, 1
0.5679077, 0.4358658, 0.5902704, 1
0.474414, 0.3362184, 0.54444, 1
0.5118738, 0.3727322, 0.5662395, 1
0.5882704, 0.5065393, 0.5900513, 1
0.4528711, 0.3581292, 0.5124853, 1
0.532079, 0.359878, 0.5802544, 1
0.5949877, 0.4080883, 0.5663289, 1
0.6185216, 0.4243554, 0.5928767, 1
0.5689427, 0.4665463, 0.5457883, 1
0.470383, 0.420193, 0.5544041, 1
0.5596614, 0.4112891, 0.5653659, 1
0.4688546, 0.3874762, 0.5728977, 1
0.5857508, 0.4622665, 0.5731738, 1
0.4710237, 0.3185488, 0.5441977, 1
0.6086115, 0.4630775, 0.573857, 1
0.5800422, 0.4991964, 0.5704699, 1
0.55988, 0.4263398, 0.6444497, 1
0.5541348, 0.4012106, 0.5906204, 1
0.582994, 0.4707187, 0.605698, 1
0.5585145, 0.4431373, 0.6443974, 1
0.5030097, 0.4125056, 0.5909638, 1
0.4584852, 0.4425642, 0.5818832, 1
0.5668431, 0.4649148, 0.6371836, 1
0.4891511, 0.3415156, 0.5647014, 1
0.5304341, 0.383962, 0.6082065, 1
0.490256, 0.4358437, 0.5488495, 1
0.6245016, 0.4521535, 0.5925962, 1
0.5600709, 0.3742582, 0.5551163, 1
0.5185601, 0.3491504, 0.4961461, 1
0.5778317, 0.3945647, 0.5811664, 1
0.5184127, 0.4189356, 0.6255074, 1
0.5850788, 0.4104516, 0.6103338, 1
0.5140911, 0.4172544, 0.5802408, 1
0.4545601, 0.3773798, 0.568969, 1
0.4658971, 0.4310385, 0.5702978, 1
0.5112454, 0.4411508, 0.6283207, 1
0.4834384, 0.3355657, 0.5291013, 1
0.5735483, 0.4418269, 0.6012397, 1
0.4792164, 0.3327311, 0.5502068, 1
0.6308483, 0.4793218, 0.5822622, 1
0.5538608, 0.4558084, 0.6679558, 1
0.5599492, 0.5158246, 0.6450028, 1
0.567623, 0.4173826, 0.6150258, 1
0.6203664, 0.4532367, 0.5850842, 1
0.4726554, 0.3754514, 0.4888532, 1
0.4538451, 0.3807578, 0.5037355, 1
0.5338823, 0.3855071, 0.4972625, 1
0.5318094, 0.4309399, 0.5150457, 1
0.4503035, 0.3940872, 0.4773013, 1
0.5533341, 0.4864618, 0.6429638, 1
0.5501103, 0.4381809, 0.5650769, 1
0.4627507, 0.3456237, 0.5385106, 1
0.5427104, 0.4742768, 0.5366753, 1
0.535892, 0.4683223, 0.5739355, 1
0.5596386, 0.4608994, 0.6178065, 1
0.4481441, 0.4218719, 0.5620531, 1
0.6122811, 0.4350064, 0.5904319, 1
0.4595347, 0.3942049, 0.5137996, 1
0.5646832, 0.4712831, 0.5851122, 1
0.4642573, 0.3885391, 0.5396274, 1
0.5397741, 0.470764, 0.595986, 1
0.5774835, 0.4274553, 0.6008805, 1
0.518086, 0.354416, 0.5884504, 1
0.4988351, 0.3462619, 0.5115204, 1
0.4741517, 0.360511, 0.5154234, 1
0.5403986, 0.4430212, 0.5854253, 1
0.4984422, 0.4097688, 0.5428369, 1
0.421562, 0.3765615, 0.5228816, 1
0.61849, 0.4194676, 0.6440467, 1
0.428187, 0.3867889, 0.5113741, 1
0.5587733, 0.4322753, 0.5227858, 1
0.5628133, 0.4025553, 0.5452341, 1
0.5380032, 0.447829, 0.6024661, 1
0.4755568, 0.4277898, 0.5320448, 1
0.5826858, 0.4384458, 0.5979959, 1
0.5385039, 0.3887738, 0.6227869, 1
0.5563497, 0.4321534, 0.5522264, 1
0.4969801, 0.3706556, 0.5877522, 1
0.5214422, 0.4133777, 0.608875, 1
0.4503316, 0.421735, 0.561464, 1
0.4411635, 0.3553358, 0.5664434, 1
0.6007622, 0.5150227, 0.5900071, 1
0.485514, 0.421522, 0.5693757, 1
0.4505626, 0.4117755, 0.5444689, 1
0.5177417, 0.4223312, 0.5273753, 1
0.5133768, 0.3511685, 0.5248184, 1
0.5669352, 0.4873204, 0.5848742, 1
0.4705198, 0.3633177, 0.4861373, 1
0.4658411, 0.3784528, 0.499772, 1
0.5044251, 0.4646681, 0.621044, 1
0.4889279, 0.3251795, 0.5065315, 1
0.5616052, 0.4551112, 0.6287392, 1
0.6009653, 0.4687474, 0.5861183, 1
0.5005399, 0.3466448, 0.510942, 1
0.5134159, 0.4547863, 0.6074364, 1
0.4569643, 0.3510132, 0.5077817, 1
0.5518417, 0.4281322, 0.5521167, 1
0.4950247, 0.4087406, 0.5166258, 1
0.556664, 0.4544619, 0.5400967, 1
0.4900849, 0.3413412, 0.5601878, 1
0.598861, 0.4349679, 0.6280662, 1
0.4788061, 0.3765523, 0.5117518, 1
0.4494882, 0.4278947, 0.5734443, 1
0.6012906, 0.4265691, 0.5980232, 1
0.5516707, 0.4967909, 0.5794509, 1
0.5013646, 0.4014867, 0.5424002, 1
0.5671737, 0.4318438, 0.58741, 1
0.5897893, 0.4357254, 0.6125917, 1
0.5931408, 0.4879334, 0.5939662, 1
0.5572168, 0.4747711, 0.5777537, 1
0.5710917, 0.2654251, 0.5282207, 2
0.432399, 0.1635203, 0.3627276, 2
0.6255187, 0.489, 0.7805438, 2
0.4526524, 0.4878111, 0.6181335, 2
0.4659165, 0.5198864, 0.6794174, 2
0.6047471, 0.5488713, 0.5178905, 2
0.4009763, 0.3882782, 0.5940709, 2
0.6658639, 0.290437, 0.5374296, 2
0.6806229, 0.6243835, 0.5124899, 2
0.7620554, 0.677909, 0.5829815, 2
0.5362793, 0.3304743, 0.6267043, 2
0.8591279, 0.4762416, 0.8348722, 2
0.6264645, 0.3050946, 0.4711505, 2
0.7901492, 0.5044048, 0.7659252, 2
0.7542049, 0.4274541, 0.6955746, 2
0.5943526, 0.5402216, 0.4780581, 2
0.7458383, 0.4075971, 0.5786436, 2
0.6579614, 0.2894984, 0.4488842, 2
0.5990432, 0.2562206, 0.4963995, 2
0.5944431, 0.6257917, 0.6471829, 2
0.8710521, 0.4958096, 0.6919569, 2
0.9204428, 0.5216278, 0.6952639, 2
0.7156629, 0.4049486, 0.5433826, 2
0.2975954, 0.1201903, 0.3971109, 2
0.591446, 0.4727463, 0.4256063, 2
0.7417173, 0.5744905, 0.5634968, 2
0.8620631, 0.5780117, 0.668556, 2
0.748243, 0.4338978, 0.6448548, 2
0.7145372, 0.3931515, 0.6548654, 2
0.7288209, 0.5188873, 0.8286716, 2
0.5961322, 0.4484726, 0.7561707, 2
0.6595941, 0.3668515, 0.642074, 2
0.7747524, 0.5243114, 0.5363542, 2
0.3787154, 0.1295756, 0.4072459, 2
0.4264833, 0.2232199, 0.5277998, 2
0.6688925, 0.2704907, 0.5099406, 2
0.449677, 0.3654563, 0.4198535, 2
0.6727008, 0.4741483, 0.7535188, 2
0.5976334, 0.4723492, 0.758444, 2
0.3871429, 0.2626314, 0.3127825, 2
0.6300545, 0.527671, 0.8147832, 2
0.3916791, 0.1997502, 0.4653631, 2
0.6883686, 0.4267702, 0.502638, 2
0.6198432, 0.2842475, 0.5074872, 2
0.4322343, 0.144471, 0.4194811, 2
0.5860578, 0.5795548, 0.7405114, 2
0.6064212, 0.5740408, 0.6728851, 2
0.8130459, 0.4967143, 0.5514328, 2
0.71935, 0.5686716, 0.8398501, 2
0.654307, 0.2857824, 0.5313288, 2
0.5185616, 0.3006295, 0.5764247, 2
0.7902908, 0.4694504, 0.8302279, 2
0.6096712, 0.6288449, 0.6254261, 2
0.8230513, 0.5145946, 0.5710658, 2
0.3521048, 0.3598186, 0.4651684, 2
0.4882906, 0.4633681, 0.6847846, 2
0.8983918, 0.5389983, 0.6586507, 2
0.8740028, 0.5367644, 0.6315737, 2
0.5125499, 0.2004965, 0.3858639, 2
0.5915309, 0.4956679, 0.4460984, 2
0.309227, 0.09134573, 0.3960295, 2
0.390702, 0.348989, 0.4198977, 2
0.424922, 0.4047727, 0.5479392, 2
0.7072603, 0.5045452, 0.8019092, 2
0.8303744, 0.4744475, 0.7184666, 2
0.6947458, 0.3055637, 0.5368508, 2
0.6789085, 0.6112443, 0.5551826, 2
0.6332405, 0.6482908, 0.6212092, 2
0.7873487, 0.417986, 0.725602, 2
0.4623047, 0.4262598, 0.5438654, 2
0.445386, 0.5347679, 0.6629418, 2
0.5618778, 0.4840633, 0.4924511, 2
0.815255, 0.4549875, 0.6913639, 2
0.5567703, 0.5775309, 0.6632326, 2
0.361389, 0.3332407, 0.4165196, 2
0.7200951, 0.4409248, 0.7269605, 2
0.4911256, 0.1619413, 0.4379205, 2
0.4569949, 0.4651464, 0.6010845, 2
0.8718349, 0.5863801, 0.6017302, 2
0.5855852, 0.3674972, 0.647352, 2
0.8292399, 0.4529354, 0.6208316, 2
0.8074043, 0.5496995, 0.5822415, 2
0.5223365, 0.2810505, 0.5443511, 2
0.7679722, 0.4496795, 0.5269415, 2
0.5338979, 0.2703616, 0.583136, 2
0.4708201, 0.5734711, 0.7654576, 2
0.6514282, 0.5352269, 0.8261081, 2
0.6870609, 0.6568695, 0.6583042, 2
0.4961827, 0.4517959, 0.4870268, 2
0.5996724, 0.4937015, 0.8010785, 2
0.5656326, 0.5146989, 0.517598, 2
0.5630481, 0.5644042, 0.7462429, 2
0.6955441, 0.3658986, 0.5337991, 2
0.9041293, 0.4683083, 0.7379099, 2
0.615305, 0.6467486, 0.6562619, 2
0.4950232, 0.1907083, 0.3971386, 2
0.6259749, 0.3610004, 0.440815, 2
0.5986943, 0.24363, 0.4553024, 2
0.2808557, 0.209629, 0.3677117, 2
0.5165164, 0.4971699, 0.7772467, 2
0.4278081, 0.2590745, 0.4742068, 2
0.6298579, 0.2974433, 0.4373991, 2
0.605369, 0.5342181, 0.8015411, 2
0.5883027, 0.3763217, 0.4346513, 2
0.4966493, 0.2835408, 0.5968882, 2
0.5944667, 0.5029783, 0.4611138, 2
0.53467, 0.49109, 0.7397989, 2
0.4525011, 0.1291933, 0.3011414, 2
0.4553099, 0.258294, 0.5577555, 2
0.6678535, 0.5208104, 0.8321192, 2
0.7025735, 0.4506243, 0.7742519, 2
0.5314912, 0.1966684, 0.3817441, 2
0.441883, 0.522305, 0.7492961, 2
0.7642266, 0.4546746, 0.7239045, 2
0.6310028, 0.3992911, 0.6890026, 2
0.4955645, 0.3426314, 0.6077752, 2
0.4614758, 0.562274, 0.7219895, 2
0.5859162, 0.3874737, 0.6617649, 2
0.7088253, 0.3708771, 0.5519119, 2
0.4517639, 0.1537192, 0.3110563, 2
0.8723482, 0.4715082, 0.7628614, 2
0.3102308, 0.1871322, 0.3045077, 2
0.6024205, 0.363147, 0.6806276, 2
0.6196176, 0.4963078, 0.769836, 2
0.8721982, 0.5730259, 0.7060785, 2
0.8226588, 0.6110544, 0.6019228, 2
0.6946343, 0.5734066, 0.5634866, 2
0.44175, 0.2461883, 0.4746857, 2
0.3094267, 0.2441654, 0.3568442, 2
0.5013542, 0.5768814, 0.7077263, 2
0.4886895, 0.4424898, 0.525565, 2
0.6661446, 0.3834095, 0.6647845, 2
0.5429581, 0.3036511, 0.5707726, 2
0.6664252, 0.4021685, 0.499469, 2
0.5482307, 0.2752474, 0.5172249, 2
0.6048874, 0.304974, 0.5935354, 2
0.7226415, 0.3324112, 0.5495508, 2
0.685707, 0.4509523, 0.7325842, 2
0.3806459, 0.1329495, 0.3495769, 2
0.6859912, 0.3514832, 0.506496, 2
0.3421815, 0.2737035, 0.439936, 2
0.6942978, 0.528364, 0.4702004, 2
0.6278096, 0.5875717, 0.5289761, 2
0.6246495, 0.2651662, 0.4651345, 2
0.3202738, 0.1516012, 0.361951, 2
0.4624866, 0.4086944, 0.5143683, 2
0.5105946, 0.4626541, 0.4503491, 2
0.570121, 0.5902495, 0.6101587, 2
0.7681023, 0.4206044, 0.7385698, 2
0.3235345, 0.2179561, 0.3213282, 2
0.7698098, 0.6205323, 0.5837442, 2
0.5939399, 0.5277829, 0.7767015, 2
0.8186367, 0.4695393, 0.7695786, 2
0.3364786, 0.3741623, 0.5083275, 2
0.5185833, 0.2183003, 0.5163988, 2
0.5990084, 0.4760022, 0.424683, 2
0.8172187, 0.4598327, 0.6339679, 2
0.5852425, 0.3787655, 0.4398064, 2
0.7322235, 0.6701243, 0.5994567, 2
0.5118681, 0.4193442, 0.4321569, 2
0.4845933, 0.3786335, 0.6496971, 2
0.8816364, 0.6269831, 0.6220601, 2
0.5717483, 0.3739714, 0.6499525, 2
0.6384677, 0.6678905, 0.7357188, 2
0.5311706, 0.5253968, 0.67199, 2
0.450368, 0.2552719, 0.5105919, 2
0.5155575, 0.4360821, 0.4449182, 2
0.3750989, 0.1626375, 0.3944113, 2
0.6297596, 0.642042, 0.6230026, 2
0.7844526, 0.4761743, 0.6998246, 2
0.7138035, 0.5122311, 0.8315359, 2
0.73902, 0.4348649, 0.7216155, 2
0.3949602, 0.3086699, 0.5137531, 2
0.6805364, 0.6200734, 0.6483501, 2
0.4275556, 0.1118179, 0.3195792, 2
0.6327392, 0.3894158, 0.4103754, 2
0.6346742, 0.6003957, 0.6060986, 2
0.8568925, 0.5893505, 0.649798, 2
0.481697, 0.1462266, 0.3430304, 2
0.7049296, 0.6642817, 0.6621944, 2
0.5440609, 0.5426396, 0.6815152, 2
0.645919, 0.3158183, 0.499582, 2
0.5211003, 0.3793837, 0.684578, 2
0.3575487, 0.1509078, 0.4197311, 2
0.5690383, 0.5520634, 0.5376077, 2
0.7642335, 0.5370238, 0.8708363, 2
0.4226541, 0.3376769, 0.5675873, 2
0.6287473, 0.5549838, 0.5218234, 2
0.6107858, 0.507663, 0.8148797, 2
0.5471306, 0.2469636, 0.4866579, 2
0.4301387, 0.3429657, 0.4021551, 2
0.812691, 0.4882466, 0.5770867, 2
0.6876597, 0.5662809, 0.871578, 2
0.438807, 0.1668724, 0.3211825, 2
0.5411018, 0.4699742, 0.4385419, 2
0.4293624, 0.2265571, 0.4839331, 2
0.5867617, 0.39375, 0.7109112, 2
0.588814, 0.3692311, 0.6825964, 2
0.3745798, 0.1479294, 0.416366, 2
0.4488842, 0.3418958, 0.621615, 2
0.5691445, 0.675429, 0.7547895, 2
0.7027694, 0.5733888, 0.5170503, 2
0.61137, 0.5986066, 0.549598, 2
0.8893939, 0.5336024, 0.7208211, 2
0.4035724, 0.1330486, 0.3112557, 2
0.6253799, 0.5978073, 0.6109427, 2
0.4751703, 0.2794421, 0.3593721, 2
0.6584085, 0.3300911, 0.5791985, 2
0.7913406, 0.604316, 0.5854152, 2
0.3238853, 0.3183939, 0.4843482, 2
0.8136334, 0.683068, 0.6280884, 2
0.3482747, 0.202969, 0.2683198, 2
0.3874634, 0.08560099, 0.3329507, 2
0.3528342, 0.3143036, 0.4006056, 2
0.5338707, 0.2320835, 0.4806269, 2
0.7246632, 0.5261024, 0.8115315, 2
0.7882048, 0.5986801, 0.5968771, 2
0.663334, 0.2766078, 0.4772092, 2
0.9072483, 0.5551045, 0.6889219, 2
0.5580037, 0.6095456, 0.8077502, 2
0.5615977, 0.5611205, 0.76363, 2
0.5605953, 0.6214679, 0.6658001, 2
0.6372571, 0.4843674, 0.7884031, 2
0.6500317, 0.5484656, 0.8084111, 2
0.5720791, 0.4340356, 0.4221914, 2
0.4519263, 0.5214269, 0.7322991, 2
0.6969293, 0.6524729, 0.590624, 2
0.6070651, 0.3901829, 0.6493179, 2
0.3111154, 0.2543887, 0.3672898, 2
0.7116911, 0.5181548, 0.8135833, 2
0.3702482, 0.3468054, 0.5033947, 2
0.5078138, 0.4522422, 0.4651916, 2
0.7550912, 0.6565811, 0.6264766, 2
0.9190595, 0.5379765, 0.7080043, 2
0.3886279, 0.3773212, 0.4917264, 2
0.9209412, 0.5832861, 0.6454679, 2
0.555041, 0.4662288, 0.778547, 2
0.7522622, 0.651127, 0.6215869, 2
0.5988576, 0.5946332, 0.8347802, 2
0.5202532, 0.5825479, 0.6871501, 2
0.8220649, 0.5208491, 0.6352253, 2
0.6875118, 0.3350678, 0.5380606, 2
0.8371851, 0.4524956, 0.7696236, 2
0.4462611, 0.5449089, 0.6684189, 2
0.7313929, 0.5080776, 0.8373936, 2
0.8991117, 0.6310266, 0.611137, 2
0.3899501, 0.127797, 0.3790337, 2
0.3291839, 0.3088745, 0.4421935, 2
0.6457439, 0.4885465, 0.810528, 2
0.4117265, 0.350615, 0.4172797, 2
0.504299, 0.5550918, 0.6457104, 2
0.5654326, 0.405122, 0.4060869, 2
0.4684826, 0.2690213, 0.5549888, 2
0.8952149, 0.5008029, 0.7170768, 2
0.5914547, 0.548771, 0.5164729, 2
0.5541874, 0.6215979, 0.6710842, 2
0.8563247, 0.5213619, 0.7355973, 2
0.5635362, 0.5990462, 0.5873091, 2
0.5688919, 0.4091591, 0.4052826, 2
0.4126284, 0.1370518, 0.423215, 2
0.6940722, 0.3057033, 0.5479344, 2
0.6338933, 0.4893427, 0.417693, 2
0.779753, 0.5857941, 0.5732325, 2
0.6005383, 0.4508221, 0.4385049, 2
0.5326717, 0.1623688, 0.3802167, 2
0.4409149, 0.1672501, 0.3323985, 2
0.5524498, 0.4390735, 0.4707706, 2
0.8652545, 0.5782561, 0.6015084, 2
0.8291147, 0.4867621, 0.6910426, 2
0.8488791, 0.5563628, 0.5910879, 2
0.8703519, 0.5660179, 0.6990732, 2
0.5985966, 0.4855961, 0.4431856, 2
0.7885738, 0.4896781, 0.7879419, 2
0.3493939, 0.1880653, 0.3892034, 2
0.4309622, 0.2985136, 0.3509452, 2
0.6435025, 0.3514082, 0.5814219, 2
0.6414624, 0.3895204, 0.4273268, 2
0.8725482, 0.5492492, 0.7035064, 2
0.7877733, 0.4079897, 0.6733014, 2
0.6421648, 0.5919992, 0.5222179, 2
0.8666961, 0.556895, 0.6041794, 2
0.5809624, 0.4682331, 0.4257543, 2
0.3569627, 0.3287555, 0.529655, 2
0.4686027, 0.2374042, 0.5144538, 2
0.6940478, 0.4706331, 0.7418815, 2
0.5177353, 0.4395255, 0.4429764, 2
0.3468996, 0.2992493, 0.3823868, 2
0.6033291, 0.5359353, 0.8325967, 2
0.7352128, 0.5026411, 0.8175119, 2
0.4991147, 0.3870454, 0.4238428, 2
0.5198174, 0.5034316, 0.7872229, 2
0.2930944, 0.3274716, 0.528406, 2
0.4408284, 0.3790523, 0.4758021, 2
0.5031399, 0.5382578, 0.6629729, 2
0.5957629, 0.5720941, 0.6703228, 2
0.4894383, 0.2987374, 0.5703412, 2
0.8562687, 0.6747782, 0.6291733, 2
0.4101555, 0.304093, 0.5236002, 2
0.7560934, 0.405123, 0.6706272, 2
0.6459373, 0.4002701, 0.7166424, 2
0.5811037, 0.4274645, 0.7302977, 2
0.6010461, 0.5891392, 0.7333843, 2
0.5820411, 0.5939344, 0.7967193, 2
0.8081022, 0.5102945, 0.7798051, 2
0.6092964, 0.5460992, 0.8313365, 2
0.8804103, 0.5776747, 0.7007521, 2
0.6410486, 0.5884078, 0.8171936, 2
0.750362, 0.4453824, 0.7219794, 2
0.573212, 0.5089645, 0.7505136, 2
0.4550092, 0.2746244, 0.5198075, 2
0.6606873, 0.6595773, 0.6242661, 2
0.6542157, 0.3750741, 0.6570867, 2
0.6439335, 0.5015929, 0.7771743, 2
0.5398678, 0.3465207, 0.4196528, 2
0.4229836, 0.249811, 0.5502217, 2
0.5853934, 0.3444655, 0.4147166, 2
0.5137752, 0.487304, 0.7090596, 2
0.9072248, 0.583963, 0.6201407, 2
0.2963036, 0.307873, 0.4588817, 2
0.6478407, 0.505038, 0.759351, 2
0.6548195, 0.4588895, 0.7694243, 2
0.3381295, 0.1687796, 0.3899229, 2
0.7450709, 0.3936886, 0.5124334, 2
0.649888, 0.4669704, 0.4847365, 2
0.7255782, 0.4256788, 0.6183116, 2
0.4534342, 0.2978022, 0.3697342, 2
0.4978564, 0.4689484, 0.4991692, 2
0.5181708, 0.1983669, 0.4730165, 2
0.7015157, 0.5439188, 0.4663678, 2
0.6345989, 0.6520351, 0.6257611, 2
0.6433648, 0.5197322, 0.5158281, 2
0.8982966, 0.6091127, 0.6153004, 2
0.6325866, 0.5912662, 0.5415046, 2
0.7807827, 0.5050366, 0.7803768, 2
0.6219615, 0.3243783, 0.5590976, 2
0.535304, 0.5640933, 0.7048607, 2
0.6138958, 0.5360954, 0.486316, 2
0.4042783, 0.3504229, 0.4121745, 2
0.4723921, 0.3062106, 0.6032281, 2
0.5385408, 0.5294865, 0.7937505, 2
0.6784002, 0.3794502, 0.6885538, 2
0.8464983, 0.6773111, 0.6231895, 2
0.5678108, 0.5355507, 0.7149723, 2
0.667162, 0.594673, 0.5517249, 2
0.6185102, 0.5824843, 0.5507102, 2
0.6126693, 0.5509929, 0.4517115, 2
0.7091129, 0.3320893, 0.5734501, 2
0.3424797, 0.3032212, 0.3920245, 2
0.4127514, 0.301, 0.5496742, 2
0.5721856, 0.4182428, 0.7196966, 2
0.5528366, 0.5657411, 0.5693402, 2
0.5453788, 0.4744124, 0.7312225, 2
0.395947, 0.1695362, 0.4388502, 2
0.437544, 0.3450424, 0.4041327, 2
0.4614352, 0.5352355, 0.6771961, 2
0.5666478, 0.454466, 0.4253036, 2
0.8014787, 0.5610347, 0.5459663, 2
0.5351982, 0.1946176, 0.4060282, 2
0.5735795, 0.2378119, 0.4560468, 2
0.6611165, 0.3065699, 0.4826733, 2
0.6872707, 0.5305294, 0.489742, 2
0.3930748, 0.3058347, 0.5059065, 2
0.6262251, 0.4666943, 0.4394764, 2
0.4748752, 0.3025323, 0.5728996, 2
0.3723009, 0.3116939, 0.5661946, 2
0.576769, 0.5761494, 0.7605068, 2
0.6717499, 0.5171268, 0.7957482, 2
0.4803364, 0.1812981, 0.4597459, 2
0.6681312, 0.4075015, 0.6408499, 2
0.5937514, 0.3400247, 0.6097215, 2
0.6631097, 0.6286597, 0.5976977, 2
0.893083, 0.5975196, 0.6617629, 2
0.5087744, 0.2807548, 0.5809229, 2
0.7880229, 0.4708859, 0.5700099, 2
0.6253312, 0.4881479, 0.4580462, 2
0.4359196, 0.4666179, 0.6386138, 2
0.54352, 0.2302543, 0.4040944, 2
0.6337612, 0.6591891, 0.6662482, 2
0.7692078, 0.493138, 0.7557722, 2
0.6091411, 0.2974373, 0.4346991, 2
0.629693, 0.4174889, 0.7453336, 2
0.4976013, 0.40359, 0.4362614, 2
0.6154366, 0.6234244, 0.586464, 2
0.2995087, 0.2816602, 0.4380398, 2
0.791261, 0.6243705, 0.5751281, 2
0.8090364, 0.4877271, 0.7560279, 2
0.7473748, 0.4568864, 0.7320043, 2
0.6463192, 0.4822728, 0.5467567, 2
0.6981715, 0.3694378, 0.4815889, 2
0.4974294, 0.2277727, 0.521294, 2
0.6356545, 0.2730852, 0.4483346, 2
0.5095311, 0.3702618, 0.4013234, 2
0.8759392, 0.6165482, 0.6036796, 2
0.6682036, 0.5347003, 0.4426856, 2
0.3764483, 0.4022009, 0.538458, 2
0.6892225, 0.5700924, 0.5526179, 2
0.4939224, 0.3650717, 0.4039776, 2
0.5422933, 0.2069655, 0.410508, 2
0.6912702, 0.5976508, 0.5839936, 2
0.6320832, 0.2961118, 0.4620222, 2
0.5652639, 0.4942744, 0.7629834, 2
0.5206962, 0.4013928, 0.4131671, 2
0.3723575, 0.2503248, 0.3110323, 2
0.6632088, 0.4659963, 0.4394034, 2
0.5550104, 0.1995972, 0.4103984, 2
0.6882401, 0.3269746, 0.5593102, 2
0.5308326, 0.4899464, 0.4612551, 2
0.6272764, 0.5213097, 0.7686913, 2
0.60416, 0.3478931, 0.6608837, 2
0.3632196, 0.2759925, 0.3366979, 2
0.4717698, 0.1370367, 0.3925449, 2
0.3676389, 0.3431973, 0.5296422, 2
0.6135413, 0.5960779, 0.5701118, 2
0.6674505, 0.5613426, 0.4899392, 2
0.4999481, 0.4723785, 0.4565828, 2
0.3965816, 0.1322542, 0.3680051, 2
0.5636243, 0.6099922, 0.8298243, 2
0.4576197, 0.2568751, 0.5426832, 2
0.4157198, 0.3552813, 0.4298972, 2
0.6734136, 0.6532436, 0.675528, 2
0.608974, 0.3467957, 0.4357305, 2
0.5379764, 0.3839946, 0.6436587, 2
0.5568473, 0.3570478, 0.6691988, 2
0.5689781, 0.3590547, 0.4519446, 2
0.5499557, 0.59307, 0.6817284, 2
0.5512944, 0.3002915, 0.546288, 2
0.4605249, 0.3032195, 0.5643361, 2
0.6554905, 0.3447342, 0.6451249, 2
0.5629271, 0.43104, 0.4055375, 2
0.6548954, 0.537306, 0.5462849, 2
0.3454991, 0.3056833, 0.4452745, 2
0.3442319, 0.298953, 0.3845553, 2
0.8152524, 0.4701948, 0.6083037, 2
0.813402, 0.5137329, 0.8675305, 2
0.5641065, 0.3423296, 0.4437165, 2
0.5887091, 0.2677101, 0.4575329, 2
0.6409078, 0.6124586, 0.6374581, 2
0.3729455, 0.3297369, 0.3990093, 2
0.7830592, 0.5982301, 0.5859903, 2
0.7443398, 0.5165055, 0.7884181, 2
0.6962115, 0.3955352, 0.5816247, 2
0.763087, 0.5472552, 0.5522027, 2
0.5814447, 0.2867097, 0.4278129, 2
0.8168877, 0.4690411, 0.6929034, 2
0.7617303, 0.4391614, 0.6321607, 2
0.6932989, 0.4025203, 0.6612787, 2
0.6280069, 0.4982261, 0.4335423, 2
0.7606756, 0.4963457, 0.5285911, 2
0.5757046, 0.5568328, 0.569617, 2
0.6094803, 0.4026188, 0.6806104, 2
0.4318779, 0.4075402, 0.5907686, 2
0.3294681, 0.309414, 0.5285678, 2
0.6184638, 0.2389363, 0.4516967, 2
0.8217291, 0.5248222, 0.562784, 2
0.8516216, 0.5282522, 0.6569722, 2
0.6809597, 0.624114, 0.6464468, 2
0.3279724, 0.1502652, 0.3715106, 2
0.475863, 0.5501728, 0.6857004, 2
0.6202309, 0.6294905, 0.6785665, 2
0.3381261, 0.3163609, 0.4123117, 2
0.4318293, 0.1569656, 0.362232, 2
0.7469463, 0.637197, 0.5674009, 2
0.3782602, 0.1976495, 0.4393558, 2
0.8474548, 0.458634, 0.7853667, 2
0.4147172, 0.2880838, 0.4900449, 2
0.8277928, 0.5586373, 0.6382818, 2
0.8119596, 0.5462218, 0.5803196, 2
0.5839226, 0.4062518, 0.670384, 2
0.7366593, 0.5049227, 0.8330048, 2
0.642853, 0.4883046, 0.4471712, 2
0.7853234, 0.4141946, 0.6989515, 2
0.690447, 0.5781539, 0.5667725, 2
0.5379286, 0.2371013, 0.4792462, 2
0.6850546, 0.3485259, 0.5210035, 2
0.4969665, 0.4295119, 0.6511804, 2
0.3509639, 0.2927822, 0.3676872, 2
0.6646598, 0.316797, 0.5389049, 2
0.7361455, 0.4247696, 0.5092753, 2
0.4194862, 0.3803239, 0.4908339, 2
0.9045104, 0.4667415, 0.7730731, 2
0.9014153, 0.5394486, 0.6614624, 2
0.3816467, 0.1937858, 0.4539537, 2
0.6257137, 0.5851759, 0.8280865, 2
0.6972505, 0.5291195, 0.4596126, 2
0.6980431, 0.4787377, 0.5319541, 2
0.5644835, 0.4529573, 0.4156114, 2
0.615701, 0.6057199, 0.8312229, 2
0.7114005, 0.6738777, 0.6386374, 2
0.6451159, 0.5879146, 0.5975709, 2
0.5719325, 0.3860452, 0.4257042, 2
0.4024336, 0.3535983, 0.4474311, 2
0.5729253, 0.5629892, 0.8130752, 2
0.5341784, 0.2415976, 0.3915404, 2
0.4542056, 0.5631904, 0.662621, 2
0.622718, 0.5646781, 0.4714816, 2
0.4173611, 0.3977668, 0.5063357, 2
0.8843759, 0.6294054, 0.6136161, 2
0.5484022, 0.6106571, 0.8044311, 2
0.4606776, 0.2565788, 0.5456474, 2
0.619674, 0.5599894, 0.6874935, 2
0.4887949, 0.5435817, 0.6906279, 2
0.4674406, 0.4391056, 0.5652384, 2
0.4384782, 0.2110082, 0.438036, 2
0.5424242, 0.5899621, 0.7856019, 2
0.9176814, 0.5468072, 0.6855701, 2
0.5453057, 0.2440961, 0.4868763, 2
0.4948908, 0.4222999, 0.4688838, 2
0.4927076, 0.3237112, 0.5954514, 2
0.593478, 0.4510985, 0.7564217, 2
0.5394659, 0.4479881, 0.4418174, 2
0.7079884, 0.5972366, 0.5355383, 2
0.6531743, 0.5331131, 0.5411856, 2
0.4449926, 0.2564285, 0.4892918, 2
0.4987232, 0.1392814, 0.3586881, 2
0.4759743, 0.1636631, 0.3384781, 2
0.4855735, 0.4451524, 0.6299398, 2
0.3161701, 0.3184978, 0.4711019, 2
0.8430839, 0.66563, 0.5996287, 2
0.5470712, 0.2661436, 0.5025734, 2
0.3176489, 0.2538885, 0.4159307, 2
0.4850572, 0.5741444, 0.7637683, 2
0.8650692, 0.6248802, 0.6303519, 2
0.7405903, 0.5884659, 0.575355, 2
0.718804, 0.4160052, 0.7309705, 2
0.7965259, 0.6631953, 0.6162406, 2
0.5538284, 0.5048005, 0.4922925, 2
0.8595343, 0.6040268, 0.6410816, 2
0.6623753, 0.4244162, 0.4624102, 2
0.8937592, 0.4973443, 0.7619591, 2
0.6130725, 0.4693085, 0.4919702, 2
0.9192347, 0.5628091, 0.6607554, 2
0.5376033, 0.4942877, 0.6649267, 2
0.5081685, 0.485287, 0.5663723, 2
0.5137479, 0.4684753, 0.4478225, 2
0.8832036, 0.6046035, 0.712025, 2
0.8010461, 0.4770844, 0.5431885, 2
0.7005927, 0.4096483, 0.6454588, 2
0.4490937, 0.1418172, 0.3701256, 2
0.5509077, 0.2147117, 0.4084908, 2
0.8675718, 0.6008214, 0.6826585, 2
0.5818807, 0.312424, 0.6027188, 2
0.5440779, 0.4693185, 0.7490429, 2
0.5064664, 0.4828947, 0.7254969, 2
0.4717467, 0.1702854, 0.4146495, 2
0.8421887, 0.615061, 0.5954124, 2
0.5220196, 0.4076978, 0.4140243, 2
0.6164145, 0.2939755, 0.5170701, 2
0.6013319, 0.2899055, 0.483751, 2
0.3243381, 0.1448556, 0.4006356, 2
0.9061623, 0.5144274, 0.6754729, 2
0.3427897, 0.1339144, 0.3825751, 2
0.8075694, 0.5382027, 0.5546893, 2
0.6095812, 0.6391678, 0.64347, 2
0.4579883, 0.2174921, 0.5276371, 2
0.8514503, 0.5598825, 0.6026745, 2
0.6582237, 0.5753457, 0.5006046, 2
0.8750005, 0.5690505, 0.6107844, 2
0.491794, 0.4487749, 0.4962474, 2
0.6931989, 0.3424296, 0.5379053, 2
0.5037306, 0.4243093, 0.4560988, 2
0.6224617, 0.3861785, 0.69837, 2
0.803612, 0.4351712, 0.6755087, 2
0.324552, 0.261043, 0.3982077, 2
0.818197, 0.5143424, 0.7885451, 2
0.8442243, 0.5237375, 0.6357833, 2
0.4318679, 0.1999456, 0.4673106, 2
0.598225, 0.3516288, 0.4259364, 2
0.5996663, 0.3298061, 0.5519861, 2
0.4645337, 0.1710279, 0.30378, 2
0.3360149, 0.3217059, 0.4215822, 2
0.4061627, 0.3481351, 0.4065704, 2
0.6921438, 0.5278849, 0.4774536, 2
0.5157991, 0.4504919, 0.4482004, 2
0.3003599, 0.2498333, 0.3999267, 2
0.6766315, 0.4734201, 0.4449014, 2
0.5162236, 0.1720661, 0.4336277, 2
0.5846626, 0.4583503, 0.4174923, 2
0.792421, 0.6825802, 0.599995, 2
0.5333677, 0.4508828, 0.420682, 2
0.7348441, 0.3666937, 0.5973599, 2
0.5719795, 0.3266911, 0.6343933, 2
0.31946, 0.2009772, 0.300447, 2
0.6146544, 0.3385596, 0.5981835, 2
0.4047988, 0.3156717, 0.5712143, 2
0.6175785, 0.2478715, 0.4665057, 2
0.6409989, 0.53271, 0.4676327, 2
0.6042228, 0.6192613, 0.6579654, 2
0.5418779, 0.3430114, 0.6249403, 2
0.5274826, 0.2831923, 0.5263734, 2
0.5089623, 0.2168846, 0.3993389, 2
0.6547094, 0.5552965, 0.5509044, 2
0.5440393, 0.4496196, 0.4704646, 2
0.7025403, 0.5733314, 0.4883108, 2
0.6200985, 0.2438823, 0.51098, 2
0.8007517, 0.5182644, 0.5500721, 2
0.4703647, 0.220985, 0.5147831, 2
0.6797963, 0.4866513, 0.4883843, 2
0.5066627, 0.3985754, 0.6654755, 2
0.4691098, 0.5811317, 0.7441769, 2
0.491923, 0.2145918, 0.3961308, 2
0.616906, 0.5419952, 0.7880104, 2
0.7652948, 0.4706046, 0.7341009, 2
0.6927522, 0.5450928, 0.4463108, 2
0.8868477, 0.6190013, 0.6110079, 2
0.7754614, 0.5559734, 0.548136, 2
0.5146065, 0.4808063, 0.4854856, 2
0.4555879, 0.5208341, 0.6412855, 2
0.7208798, 0.6712106, 0.6429024, 2
0.8529207, 0.5500523, 0.6987103, 2
0.7289823, 0.4259455, 0.7134513, 2
0.4563867, 0.5015502, 0.6183349, 2
0.4066151, 0.3534938, 0.4399368, 2
0.5061824, 0.1944092, 0.4153342, 2
0.8142382, 0.5461343, 0.5990182, 2
0.6425751, 0.5753379, 0.5016357, 2
0.3463235, 0.3158465, 0.406767, 2
0.8039089, 0.5344223, 0.8751944, 2
0.6927888, 0.4094455, 0.6298698, 2
0.4901931, 0.5471399, 0.6406193, 2
0.522191, 0.4942957, 0.4848983, 2
0.7546276, 0.3563206, 0.5684132, 2
0.6000168, 0.5316845, 0.5393209, 2
0.6268632, 0.5000982, 0.4310933, 2
0.8422056, 0.6622335, 0.6172816, 2
0.6400101, 0.3527806, 0.6335748, 2
0.8375425, 0.5243915, 0.6272413, 2
0.7531594, 0.476826, 0.5239553, 2
0.8296552, 0.5537231, 0.8429323, 2
0.6059715, 0.3740326, 0.4184042, 2
0.5607771, 0.2230291, 0.4390934, 2
0.7096198, 0.3625206, 0.4887857, 2
0.7503834, 0.362683, 0.6193855, 2
0.3723126, 0.2670121, 0.4191582, 2
0.5324863, 0.2429917, 0.4033177, 2
0.50637, 0.2768677, 0.5266835, 2
0.7024898, 0.4028083, 0.7104348, 2
0.7237995, 0.5558445, 0.8381673, 2
0.6668574, 0.5371989, 0.8299642, 2
0.6626793, 0.493412, 0.8273614, 2
0.4819838, 0.1991842, 0.3768019, 2
0.8171218, 0.4260162, 0.6293641, 2
0.4795178, 0.5852697, 0.682343, 2
0.4679099, 0.3513371, 0.3969977, 2
0.8002239, 0.4019709, 0.6471564, 2
0.4741323, 0.3896368, 0.4489619, 2
0.6496408, 0.4326479, 0.7078778, 2
0.4770612, 0.2228821, 0.5002842, 2
0.6462126, 0.5347209, 0.5287305, 2
0.6229797, 0.5129039, 0.4430992, 2
0.3333639, 0.2467435, 0.3860934, 2
0.6635115, 0.4425581, 0.7201107, 2
0.8547479, 0.5478862, 0.6882583, 2
0.8038661, 0.6812068, 0.6336138, 2
0.4992253, 0.2117751, 0.4311159, 2
0.393867, 0.3557374, 0.5593534, 2
0.808006, 0.4850118, 0.6685885, 2
0.4238459, 0.4028174, 0.5059102, 2
0.8869268, 0.5470837, 0.7166378, 2
0.3551263, 0.3635902, 0.4883433, 2
0.638394, 0.5958694, 0.6066231, 2
0.3134858, 0.22693, 0.3390438, 2
0.6105835, 0.4745097, 0.7295981, 2
0.3351054, 0.2167688, 0.3569497, 2
0.6148968, 0.3005984, 0.5861516, 2
0.8160936, 0.4481772, 0.6121703, 2
0.6858854, 0.5004784, 0.7848356, 2
0.4901076, 0.2096194, 0.489774, 2
0.6156093, 0.4999882, 0.4351599, 2
0.7302537, 0.5641373, 0.568262, 2
0.5891447, 0.5194813, 0.4820608, 2
0.4925379, 0.452859, 0.5169221, 2
0.4502721, 0.1956027, 0.4635144, 2
0.32842, 0.09714751, 0.3756011, 2
0.4713034, 0.5089536, 0.6153792, 2
0.6352298, 0.5390732, 0.8102985, 2
0.2936308, 0.2510271, 0.4030855, 2
0.7630711, 0.6306744, 0.5741573, 2
0.3379465, 0.1615959, 0.3912051, 2
0.2809063, 0.2381095, 0.3968418, 2
0.7729769, 0.5825047, 0.5713319, 2
0.4871853, 0.2686559, 0.4942026, 2
0.3704748, 0.2303485, 0.3974788, 2
0.5618511, 0.6673151, 0.7423563, 2
0.8136206, 0.4432458, 0.7109832, 2
0.8243083, 0.432846, 0.6867234, 2
0.6115717, 0.6061168, 0.6518877, 2
0.5496865, 0.4310569, 0.4262435, 2
0.3339052, 0.1155557, 0.3732476, 2
0.6689621, 0.611966, 0.5178031, 2
0.7715011, 0.5140849, 0.8206465, 2
0.5457164, 0.5983855, 0.7953031, 2
0.7797655, 0.6794357, 0.5893661, 2
0.7861819, 0.6169708, 0.5721979, 2
0.4754721, 0.3895972, 0.4478022, 2
0.8647898, 0.4969817, 0.7951165, 2
0.5435297, 0.3635732, 0.4146554, 2
0.4665193, 0.408086, 0.495822, 2
0.684588, 0.6277919, 0.6433129, 2
0.6455309, 0.2696949, 0.4836895, 2
0.654655, 0.6243675, 0.5994211, 2
0.5350312, 0.5437873, 0.5703725, 2
0.7114706, 0.4626164, 0.7370756, 2
0.6699151, 0.5688085, 0.5636703, 2
0.5048629, 0.2210975, 0.4798706, 2
0.6820696, 0.5451049, 0.8188905, 2
0.7854474, 0.5259418, 0.8286372, 2
0.5134845, 0.2093362, 0.448648, 2
0.6998869, 0.3876427, 0.5600078, 2
0.5106631, 0.4839994, 0.7425897, 2
0.5429307, 0.2706341, 0.5126407, 2
0.4989395, 0.3819223, 0.6660022, 2
0.7859706, 0.4546055, 0.5706131, 2
0.4762742, 0.540808, 0.6143805, 2
0.7501352, 0.4712293, 0.7835771, 2
0.6679614, 0.3554837, 0.4616016, 2
0.48, 0.2279134, 0.4157846, 2
0.7704855, 0.4780385, 0.7630091, 2
0.6008724, 0.5692859, 0.5229234, 2
0.3570141, 0.1296919, 0.4078153, 2
0.7221349, 0.3625735, 0.5665057, 2
0.6990023, 0.5568696, 0.5259406, 2
0.4235857, 0.1595559, 0.2859663, 2
0.5326927, 0.2877138, 0.5671828, 2
0.5515637, 0.5258247, 0.7768899, 2
0.4157402, 0.3230884, 0.3704045, 2
0.7335758, 0.4339593, 0.5397564, 2
0.5372269, 0.4977106, 0.7897452, 2
0.7163069, 0.518877, 0.7942825, 2
0.6045375, 0.5526186, 0.4600526, 2
0.3316855, 0.1427954, 0.3860166, 2
0.5626436, 0.5345104, 0.7173188, 2
0.6872853, 0.7167886, 0.7626716, 2
0.7175014, 0.4927204, 0.7545141, 2
0.8068214, 0.4625326, 0.6730827, 2
0.8781812, 0.5072172, 0.7111586, 2
0.5626155, 0.2151434, 0.4609559, 2
0.302489, 0.2655053, 0.3880264, 2
0.8031432, 0.4667979, 0.6169377, 2
0.6582403, 0.6303556, 0.6763091, 2
0.7420095, 0.494007, 0.5292925, 2
0.4210553, 0.3590303, 0.445125, 2
0.5525342, 0.2528103, 0.4131761, 2
0.5028241, 0.3631242, 0.3906838, 2
0.4974394, 0.2230713, 0.4023796, 2
0.5628771, 0.2699419, 0.5145795, 2
0.6106948, 0.6081358, 0.6556382, 2
0.7449077, 0.4318779, 0.5780877, 2
0.5975113, 0.539274, 0.709997, 2
0.5628126, 0.507156, 0.489221, 2
0.7139842, 0.3856336, 0.6472283, 2
0.605563, 0.393072, 0.6792257, 2
0.817722, 0.4396527, 0.7386711, 2
0.5811017, 0.4079595, 0.7164775, 2
0.7905763, 0.4242584, 0.6983712, 2
0.3521424, 0.3077253, 0.4893378, 2
0.5644357, 0.2193945, 0.4265071, 2
0.7209316, 0.5632301, 0.5718366, 2
0.6573095, 0.6170735, 0.6531901, 2
0.3668821, 0.3475483, 0.4806857, 2
0.5226241, 0.3320886, 0.5908685, 2
0.587685, 0.4868009, 0.502708, 2
0.8080476, 0.494849, 0.5495028, 2
0.711652, 0.5710382, 0.8684049, 2
0.8819223, 0.603658, 0.6768504, 2
0.4632887, 0.3708753, 0.4264023, 2
0.4717135, 0.5531609, 0.6841487, 2
0.4962685, 0.2077649, 0.3383178, 2
0.6316497, 0.2618664, 0.4577263, 2
0.4694732, 0.270832, 0.5549259, 2
0.7897013, 0.4836757, 0.71783, 2
0.4340671, 0.2690531, 0.482181, 2
0.4955402, 0.3110846, 0.5844509, 2
0.7562239, 0.392562, 0.5269282, 2
0.3779486, 0.2880597, 0.3386211, 2
0.7024989, 0.3860393, 0.522956, 2
0.4685793, 0.5492266, 0.6626552, 2
0.3767781, 0.364294, 0.4900613, 2
0.6090106, 0.600212, 0.5544937, 2
0.3947236, 0.1931577, 0.4728812, 2
0.3447505, 0.1707652, 0.4171463, 2
0.5702973, 0.5405188, 0.7235794, 2
0.5725599, 0.3622096, 0.6716937, 2
0.8418479, 0.4984854, 0.8398773, 2
0.8315385, 0.45929, 0.7106219, 2
0.4050338, 0.3181817, 0.5061464, 2
0.6014032, 0.2802978, 0.5481679, 2
0.8078325, 0.5984191, 0.5788014, 2
0.563041, 0.5603307, 0.5525969, 2
0.7708446, 0.4831857, 0.7805258, 2
0.5837504, 0.3450535, 0.5934631, 2
0.6464602, 0.5637252, 0.862209, 2
0.305851, 0.1302345, 0.394403, 2
0.5306126, 0.1849352, 0.4413279, 2
0.8070195, 0.6903642, 0.6059316, 2
0.5042262, 0.2824708, 0.5996242, 2
0.4167539, 0.1211466, 0.3965694, 2
0.4125512, 0.1818754, 0.4718476, 2
0.4448695, 0.2037054, 0.4379677, 2
0.4906306, 0.2876885, 0.3795353, 2
0.6436771, 0.6218992, 0.618249, 2
0.4457364, 0.3462694, 0.4028032, 2
0.6717539, 0.3555906, 0.6596774, 2
0.6481263, 0.5874688, 0.6212943, 2
0.7068728, 0.4094823, 0.631465, 2
0.3626108, 0.1766281, 0.4041876, 2
0.8945907, 0.5345435, 0.8049913, 2
0.8073522, 0.5095267, 0.7844959, 2
0.8790296, 0.4695135, 0.7184495, 2
0.3810504, 0.3119595, 0.4996824, 2
0.4002352, 0.1332399, 0.4096653, 2
0.3958159, 0.1359695, 0.3089601, 2
0.4881719, 0.2063354, 0.488533, 2
0.3861777, 0.2153217, 0.2988943, 2
0.6056375, 0.3703086, 0.6984082, 2
0.8783217, 0.5742391, 0.6127358, 2
0.3999699, 0.3232711, 0.5793241, 2
0.8775169, 0.584022, 0.6046959, 2
0.904941, 0.6123881, 0.6484434, 2
0.6862124, 0.5965921, 0.5889041, 2
0.7669546, 0.4578302, 0.545949, 2
0.8972061, 0.6205338, 0.6434096, 2
0.6011238, 0.4758408, 0.7389287, 2
0.3101056, 0.2999108, 0.4842074, 2
0.5189125, 0.3281227, 0.6115826, 2
0.4837488, 0.3270441, 0.3876351, 2
0.6611395, 0.6014369, 0.6385117, 2
0.8522376, 0.4699807, 0.6879225, 2
0.46027, 0.1769549, 0.3257915, 2
0.4340803, 0.5214866, 0.6590773, 2
0.4498917, 0.356758, 0.4117989, 2
0.3620968, 0.2946865, 0.4630246, 2
0.5965757, 0.5147029, 0.7570086, 2
0.3314766, 0.2995291, 0.4486811, 2
0.5536337, 0.2668464, 0.4751315, 2
0.6277118, 0.422944, 0.738436, 2
0.7508827, 0.5080868, 0.7903917, 2
0.759999, 0.5333198, 0.8726755, 2
0.5596697, 0.4451757, 0.4193136, 2
0.6370096, 0.604793, 0.5354389, 2
0.6169845, 0.5719734, 0.5970249, 2
0.6347893, 0.5702935, 0.827737, 2
0.8468075, 0.5379596, 0.6235613, 2
0.5911773, 0.3535658, 0.419482, 2
0.4207483, 0.2880362, 0.5076739, 2
0.4274358, 0.2429678, 0.4719802, 2
0.3205006, 0.3787155, 0.5319623, 2
0.8066638, 0.5039375, 0.7457478, 2
0.4727009, 0.2319795, 0.5184983, 2
0.6260117, 0.254729, 0.463576, 2
0.8116665, 0.5062631, 0.7589478, 2
0.6669717, 0.6285379, 0.5932137, 2
0.9024186, 0.6021553, 0.6490366, 2
0.691819, 0.6548992, 0.6745982, 2
0.5840065, 0.5555646, 0.5498829, 2
0.7242932, 0.4255735, 0.7345662, 2
0.5595739, 0.5068665, 0.7664302, 2
0.842142, 0.5668759, 0.5795048, 2
0.6154523, 0.2850771, 0.5313931, 2
0.2874016, 0.2978519, 0.4587772, 2
0.5537118, 0.3114763, 0.4252451, 2
0.573335, 0.5850323, 0.6281593, 2
0.6651104, 0.5819727, 0.5462912, 2
0.3904157, 0.1879312, 0.4205818, 2
0.7569959, 0.5261116, 0.8080009, 2
0.5795738, 0.5480915, 0.719077, 2
0.3196682, 0.2194593, 0.3278377, 2
0.8544809, 0.6105767, 0.6135176, 2
0.8949817, 0.6354966, 0.6113632, 2
0.5471843, 0.5723774, 0.7042997, 2
0.8277984, 0.4344858, 0.727322, 2
0.7569772, 0.5566776, 0.5524082, 2
0.6079347, 0.5994325, 0.5608428, 2
0.6035067, 0.5867115, 0.7312332, 2
0.7713684, 0.5552934, 0.5625352, 2
0.651892, 0.4397346, 0.467788, 2
0.6982868, 0.7152619, 0.7617185, 2
0.5662456, 0.3311824, 0.6417634, 2
0.6632853, 0.3334613, 0.5066851, 2
0.4975149, 0.4606413, 0.5406571, 2
0.575748, 0.347118, 0.6624924, 2
0.6582683, 0.289694, 0.5500932, 2
0.8556622, 0.4560431, 0.734624, 2
0.5217396, 0.2620204, 0.3858155, 2
0.5611295, 0.2823307, 0.5416896, 2
0.3153894, 0.1944127, 0.2993788, 2
0.4113333, 0.1420349, 0.4298528, 2
0.5888028, 0.5565557, 0.5220743, 2
0.4482103, 0.1499828, 0.2876712, 2
0.5578514, 0.3185761, 0.5915752, 2
0.7306827, 0.6509525, 0.5798014, 2
0.6561112, 0.4883577, 0.7643291, 2
0.7643123, 0.4639222, 0.7797158, 2
0.4395331, 0.3414814, 0.3986684, 2
0.8627399, 0.4863106, 0.7230181, 2
0.6668224, 0.5838476, 0.8152736, 2
0.4244003, 0.4536126, 0.6323371, 2
0.3633451, 0.3359424, 0.4184932, 2
0.6214704, 0.6062238, 0.5707598, 2
0.7479087, 0.4188714, 0.6143187, 2
0.6703141, 0.5989524, 0.552165, 2
0.31357, 0.3221965, 0.4862812, 2
0.5102757, 0.2983356, 0.5557545, 2
0.4700479, 0.3458531, 0.3904381, 2
0.7363724, 0.6168722, 0.603861, 2
0.6011175, 0.5045224, 0.5048286, 2
0.6036832, 0.595174, 0.6201987, 2
0.36295, 0.2738625, 0.4300476, 2
0.446971, 0.2032116, 0.4107961, 2
0.5596858, 0.2918776, 0.5544814, 2
0.6012892, 0.512283, 0.7809067, 2
0.8897168, 0.5133621, 0.710925, 2
0.3811187, 0.3143825, 0.3661242, 2
0.5776276, 0.5197705, 0.4886405, 2
0.8102196, 0.521342, 0.8317716, 2
0.6159512, 0.509873, 0.458645, 2
0.6228736, 0.2488822, 0.4821227, 2
0.6099692, 0.3557678, 0.630817, 2
0.5409026, 0.4049482, 0.417052, 2
0.5651221, 0.270138, 0.565753, 2
0.7366362, 0.4448264, 0.7776314, 2
0.7347625, 0.406166, 0.6872666, 2
0.6794998, 0.3511607, 0.6162269, 2
0.8919647, 0.5333791, 0.7110841, 2
0.7828826, 0.4192182, 0.7141977, 2
0.6136545, 0.6420549, 0.6349165, 2
0.4753739, 0.1988334, 0.4163945, 2
0.3467227, 0.1379636, 0.4111096, 2
0.7495463, 0.4243384, 0.5794351, 2
0.487724, 0.1992247, 0.4315038, 2
0.7969775, 0.4504475, 0.7844566, 2
0.7534572, 0.4376414, 0.7767533, 2
0.3294281, 0.1743605, 0.3634026, 2
0.5279036, 0.4950128, 0.4950276, 2
0.6355831, 0.6052853, 0.6272037, 2
0.5952464, 0.3304522, 0.6132562, 2
0.3967219, 0.1304163, 0.2888851, 2
0.4642327, 0.3143875, 0.5961425, 2
0.8681395, 0.4731124, 0.6526347, 2
0.5642416, 0.4907357, 0.4480189, 2
0.7356067, 0.3534824, 0.4901819, 2
0.5063121, 0.3725342, 0.3956439, 2
0.6576549, 0.3304809, 0.4482273, 2
0.6403693, 0.6448299, 0.6446741, 2
0.6138533, 0.5293466, 0.8324383, 2
0.805142, 0.5286145, 0.6033806, 2
0.5371307, 0.5360873, 0.5619497, 2
0.7836328, 0.5344556, 0.537371, 2
0.6390658, 0.4959795, 0.4208358, 2
0.4569766, 0.4241374, 0.550468, 2
0.836156, 0.5409388, 0.665886, 2
0.5866413, 0.3519559, 0.4155341, 2
0.501981, 0.5724486, 0.7090172, 2
0.2970108, 0.2737285, 0.4346907, 2
0.815577, 0.511976, 0.5994561, 2
0.3007451, 0.2577527, 0.4178635, 2
0.6831514, 0.4630404, 0.7987039, 2
0.5894448, 0.6132857, 0.5841433, 2
0.6103178, 0.6740537, 0.7580083, 2
0.5347891, 0.3011498, 0.5757614, 2
0.7060183, 0.4899547, 0.7590036, 2
0.8041632, 0.4685839, 0.6535065, 2
0.4252984, 0.2301774, 0.4569854, 2
0.6825768, 0.3628038, 0.6064899, 2
0.7917504, 0.4317862, 0.5893043, 2
0.649205, 0.3331291, 0.5746554, 2
0.7335404, 0.381469, 0.5693231, 2
0.4771782, 0.4662876, 0.6671498, 2
0.8590896, 0.4747026, 0.7051277, 2
0.4834252, 0.3997119, 0.6329266, 2
0.547358, 0.2647924, 0.5797635, 2
0.7102732, 0.4617123, 0.7991161, 2
0.4906071, 0.1354207, 0.339098, 2
0.4622583, 0.2478519, 0.5496612, 2
0.6635271, 0.4898866, 0.4864552, 2
0.816545, 0.471316, 0.610001, 2
0.7986859, 0.5684635, 0.5907974, 2
0.4013237, 0.3061607, 0.5210205, 2
0.3307551, 0.1601636, 0.3782679, 2
0.3458655, 0.2547585, 0.3249636, 2
0.7804667, 0.4520608, 0.5375241, 2
0.6645984, 0.3440753, 0.6216732, 2
0.5756239, 0.419396, 0.7212036, 2
0.4710854, 0.2858999, 0.5564904, 2
0.6209616, 0.3668763, 0.6081124, 2
0.8943589, 0.522368, 0.7343405, 2
0.4920327, 0.4798072, 0.5774866, 2
0.533038, 0.2889228, 0.5288934, 2
0.4599062, 0.5599186, 0.7220199, 2
0.3569405, 0.1566439, 0.4013077, 2
0.559426, 0.3547403, 0.6652461, 2
0.5832096, 0.583527, 0.7495715, 2
0.7257265, 0.4771678, 0.7614501, 2
0.6315555, 0.3949561, 0.4114288, 2
0.567605, 0.4453554, 0.410858, 2
0.6187618, 0.3754872, 0.4148397, 2
0.4591218, 0.4825144, 0.6879167, 2
0.72602, 0.460174, 0.7149705, 2
0.680842, 0.2888568, 0.5148764, 2
0.7605174, 0.6318282, 0.574354, 2
0.7545852, 0.6482406, 0.5864916, 2
0.6521889, 0.3291551, 0.4516648, 2
0.5388496, 0.3121426, 0.6000174, 2
0.4842696, 0.3912987, 0.4415038, 2
0.7460744, 0.4743653, 0.7563399, 2
0.4367964, 0.1511689, 0.3103077, 2
0.5429998, 0.2744369, 0.529529, 2
0.8319476, 0.6070027, 0.5733061, 2
0.386688, 0.2154294, 0.420152, 2
0.3431636, 0.2898214, 0.4601927, 2
0.4758346, 0.2471221, 0.5156751, 2
0.5241933, 0.2091518, 0.4317813, 2
0.6295187, 0.5205341, 0.521993, 2
0.6023092, 0.5683376, 0.5287038, 2
0.7883968, 0.5197054, 0.5715617, 2
0.3808897, 0.1196497, 0.3676011, 2
0.48592, 0.2965006, 0.587183, 2
0.6390817, 0.3094317, 0.5199788, 2
0.4793177, 0.2183899, 0.3470265, 2
0.4115124, 0.3841304, 0.5278608, 2
0.4353008, 0.4004635, 0.4939257, 2
0.4897448, 0.4919527, 0.5893168, 2
0.4574921, 0.2005081, 0.5088864, 2
0.8883576, 0.6244827, 0.6285477, 2
0.7098419, 0.638624, 0.6573057, 2
0.6476689, 0.2994605, 0.4511146, 2
0.588593, 0.5004069, 0.5085738, 2
0.3490852, 0.2005036, 0.3723328, 2
0.756176, 0.4000992, 0.6320319, 2
0.7763572, 0.3857882, 0.6379313, 2
0.6400042, 0.5046615, 0.5054651, 2
0.5038901, 0.578678, 0.7096804, 2
0.8104436, 0.6902605, 0.6259266, 2
0.6147317, 0.3096627, 0.5920648, 2
0.5969865, 0.5866523, 0.7407899, 2
0.7839994, 0.5719718, 0.5526085, 2
0.7059272, 0.633607, 0.5806654, 2
0.5200931, 0.5482759, 0.6972283, 2
0.7138239, 0.5977511, 0.5695802, 2
0.6307612, 0.2669423, 0.4489163, 2
0.5530713, 0.5934991, 0.8062222, 2
0.5650983, 0.4641523, 0.4253497, 2
0.5216126, 0.3995765, 0.4089715, 2
0.4186829, 0.3209607, 0.5793526, 2
0.7351698, 0.3616592, 0.5856646, 2
0.8028157, 0.4431659, 0.7031249, 2
0.8417705, 0.4601321, 0.8113666, 2
0.3984135, 0.1843634, 0.3925504, 2
0.7464247, 0.4315323, 0.5105582, 2
0.6232247, 0.4397582, 0.7160219, 2
0.7348738, 0.5871186, 0.5692983, 2
0.5635, 0.3295891, 0.6328176, 2
0.8414013, 0.5713776, 0.5795574, 2
0.5513849, 0.4320973, 0.4389994, 2
0.3838182, 0.3815924, 0.5049908, 2
0.7066982, 0.5820388, 0.5252964, 2
0.5385179, 0.2479413, 0.4717268, 2
0.4978828, 0.4857638, 0.7194268, 2
0.6548827, 0.4415773, 0.7748454, 2
0.8758042, 0.5207264, 0.6436395, 2
0.8083526, 0.4898134, 0.6874936, 2
0.6415624, 0.5353262, 0.4407662, 2
0.4278785, 0.2617041, 0.4749286, 2
0.5754859, 0.3666704, 0.6578546, 2
0.5409217, 0.5152577, 0.7663323, 2
0.4220039, 0.1800804, 0.3066235, 2
0.6209328, 0.2879848, 0.5666509, 2
0.4731356, 0.1665267, 0.3615945, 2
0.7268992, 0.4130692, 0.525391, 2
0.8869188, 0.6213726, 0.6095966, 2
0.4778923, 0.2478801, 0.5374254, 2
0.6846567, 0.3347957, 0.4712315, 2
0.4533053, 0.2104442, 0.4328125, 2
0.4429286, 0.4802567, 0.651369, 2
0.674777, 0.6662803, 0.6329463, 2
0.7425065, 0.4606966, 0.7692485, 2
0.5198599, 0.2081552, 0.3840276, 2
0.5216951, 0.5618079, 0.6951044, 2
0.4077413, 0.2878413, 0.4765415, 2
0.5034805, 0.2211592, 0.5165911, 2
0.7943721, 0.4679506, 0.7179429, 2
0.4988487, 0.2154183, 0.4542527, 2
0.3762147, 0.1827241, 0.4495088, 2
0.5840958, 0.464627, 0.734301, 2
0.6174001, 0.654749, 0.7354792, 2
0.6436129, 0.4980524, 0.4229494, 2
0.5300022, 0.2413919, 0.3875867, 2
0.8225278, 0.5507821, 0.6015083, 2
0.4271287, 0.3611738, 0.4531926, 2
0.6199803, 0.4802335, 0.4310316, 2
0.6759412, 0.3344221, 0.6268616, 2
0.7988105, 0.5751123, 0.5556685, 2
0.7564624, 0.4985751, 0.7962155, 2
0.7646217, 0.5764978, 0.5570145, 2
0.526017, 0.3691534, 0.4003487, 2
0.68568, 0.3219493, 0.5845922, 2
0.7082996, 0.5768773, 0.5770895, 2
0.4342465, 0.4572217, 0.6307253, 2
0.3744207, 0.2689108, 0.4226213, 2
0.3525017, 0.325035, 0.5209002, 2
0.7953735, 0.5199751, 0.8495851, 2
0.6878932, 0.533419, 0.4988818, 2
0.4655606, 0.1883313, 0.4474949, 2
0.4411536, 0.3685523, 0.429118, 2
0.6757097, 0.5798168, 0.845588, 2
0.7534651, 0.6828395, 0.6360427, 2
0.7193058, 0.6416844, 0.6097488, 2
0.5709753, 0.4273346, 0.7288181, 2
0.8467315, 0.5381722, 0.6230818, 2
0.6833434, 0.2964205, 0.5270936, 2
0.374067, 0.2508881, 0.4081922, 2
0.2889508, 0.2774781, 0.44691, 2
0.5258254, 0.2063972, 0.4038175, 2
0.3243998, 0.2516055, 0.403238, 2
0.6199653, 0.5217153, 0.4795952, 2
0.66491, 0.5728862, 0.8110819, 2
0.6405786, 0.2965937, 0.5268105, 2
0.4952776, 0.4839363, 0.7269769, 2
0.6418518, 0.4945992, 0.4200536, 2
0.5103933, 0.4501756, 0.4601045, 2
0.7172646, 0.5096822, 0.8171664, 2
0.7804403, 0.5606269, 0.5491275, 2
0.6557356, 0.4348081, 0.7451032, 2
0.6379831, 0.6026849, 0.6334043, 2
0.5962467, 0.5546412, 0.836792, 2
0.7558924, 0.4690844, 0.798144, 2
0.7087631, 0.5636837, 0.4731871, 2
0.6408164, 0.5532044, 0.5083527, 2
0.726587, 0.578228, 0.856719, 2
0.8020439, 0.5766561, 0.5508336, 2
0.5559051, 0.500148, 0.7522048, 2
0.4277828, 0.4676365, 0.6338485, 2
0.6246778, 0.4877051, 0.4502285, 2
0.5767153, 0.5424959, 0.7152501, 2
0.3307195, 0.3692602, 0.5055704, 2
0.3251517, 0.3080588, 0.4619247, 2
0.6220682, 0.358248, 0.6798837, 2
0.7140772, 0.5652285, 0.871627, 2
0.378414, 0.3069795, 0.358664, 2
0.562858, 0.4883543, 0.4424293, 2
0.8674247, 0.4945978, 0.6781911, 2
0.6824199, 0.5411056, 0.531172, 2
0.4841164, 0.1472675, 0.4125988, 2
0.5725991, 0.2651448, 0.4992433, 2
0.578249, 0.4676396, 0.4970819, 2
0.8518181, 0.5285695, 0.6500514, 2
0.5082772, 0.5742518, 0.6113303, 2
0.7639767, 0.5705124, 0.8418807, 2
0.416347, 0.3836483, 0.495187, 2
0.5433021, 0.5627682, 0.6496789, 2
0.6420912, 0.5865676, 0.8175219, 2
0.5347555, 0.2519878, 0.4910786, 2
0.6465974, 0.3850438, 0.6160456, 2
0.610886, 0.5179942, 0.4534833, 2
0.4819369, 0.5059609, 0.723095, 2
0.5661455, 0.2668367, 0.4200067, 2
0.8612064, 0.5622623, 0.640739, 2
0.4146218, 0.4043992, 0.5139282, 2
0.4420756, 0.3679678, 0.5910125, 2
0.5311759, 0.4862318, 0.4578313, 2
0.7209258, 0.3991184, 0.6269979, 2
0.5481997, 0.5475216, 0.7592898, 2
0.7719526, 0.4744993, 0.5846022, 2
0.7631878, 0.3971295, 0.6657711, 2
0.8037587, 0.581331, 0.552525, 2
0.4752432, 0.520169, 0.720892, 2
0.6004244, 0.5802503, 0.686019, 2
0.7476637, 0.4048147, 0.5162366, 2
0.6467504, 0.5614885, 0.8395093, 2
0.6017667, 0.465018, 0.7718742, 2
0.3619341, 0.3520202, 0.5203525, 2
0.6311036, 0.3817788, 0.6547533, 2
0.3862092, 0.3188211, 0.3680435, 2
0.7778542, 0.4518397, 0.5856858, 2
0.6049307, 0.4820951, 0.4440751, 2
0.5952848, 0.5260136, 0.4731107, 2
0.6974517, 0.4916889, 0.8270862, 2
0.433785, 0.2908194, 0.5242979, 2
0.5820193, 0.584862, 0.7884119, 2
0.37443, 0.3341967, 0.5413491, 2
0.6024446, 0.2951342, 0.4834533, 2
0.5402276, 0.4810251, 0.7583952, 2
0.8477129, 0.499521, 0.7026005, 2
0.5912774, 0.5890694, 0.7423716, 2
0.6517881, 0.6404154, 0.6654147, 2
0.7802312, 0.4187139, 0.6650981, 2
0.6067978, 0.5984049, 0.5663849, 2
0.7603273, 0.4187784, 0.6866037, 2
0.4889657, 0.4360481, 0.5232653, 2
0.612449, 0.5023622, 0.4878887, 2
0.523149, 0.5884813, 0.7336249, 2
0.6583026, 0.5682041, 0.8424062, 2
0.7440576, 0.6400033, 0.5720322, 2
0.5585728, 0.4395117, 0.4231567, 2
0.3144956, 0.308656, 0.4674157, 2
0.6330395, 0.3885227, 0.6297179, 2
0.3795362, 0.352609, 0.4514029, 2
0.4234641, 0.2095393, 0.4163994, 2
0.6064876, 0.3608062, 0.6881344, 2
0.6182016, 0.5561562, 0.789142, 2
0.4112351, 0.2530801, 0.4502831, 2
0.8358442, 0.4898023, 0.8035331, 2
0.6590779, 0.3585988, 0.6263773, 2
0.4678881, 0.1941437, 0.3887047, 2
0.5000036, 0.4123556, 0.6948909, 2
0.4879991, 0.4166641, 0.6426812, 2
0.3513178, 0.2781401, 0.4421462, 2
0.6370237, 0.3168889, 0.6050615, 2
0.3342032, 0.3228348, 0.4250716, 2
0.5340453, 0.5381476, 0.7486991, 2
0.5864789, 0.3373073, 0.6428643, 2
0.8264393, 0.4747337, 0.6613629, 2
0.6172884, 0.372209, 0.6500514, 2
0.6532377, 0.3091387, 0.474237, 2
0.3184754, 0.3264392, 0.5142348, 2
0.5204998, 0.4212996, 0.4235064, 2
0.5215805, 0.6082997, 0.6493556, 2
0.6941592, 0.3842393, 0.6961502, 2
0.8020206, 0.6425054, 0.6039194, 2
0.4694318, 0.146255, 0.4074424, 2
0.6845814, 0.707336, 0.7504063, 2
0.5529598, 0.5577523, 0.786483, 2
0.6225752, 0.5765647, 0.564812, 2
0.5071127, 0.5749431, 0.6797826, 2
0.6109514, 0.5691171, 0.4728346, 2
0.8887475, 0.5816772, 0.726938, 2
0.5411429, 0.3113211, 0.6099314, 2
0.3175783, 0.2225616, 0.3321026, 2
0.7420946, 0.5471367, 0.5633351, 2
0.556362, 0.4445677, 0.4423476, 2
0.6222137, 0.4342043, 0.697329, 2
0.4748323, 0.278529, 0.5565234, 2
0.6359869, 0.4708357, 0.8043399, 2
0.6017339, 0.2906477, 0.5460632, 2
0.6619827, 0.5475968, 0.4795629, 2
0.7636324, 0.6763703, 0.6052639, 2
0.7986152, 0.5711708, 0.5490766, 2
0.8276509, 0.5183281, 0.5934926, 2
0.5675332, 0.29239, 0.426248, 2
0.5883313, 0.4992296, 0.4792256, 2
0.6416177, 0.635556, 0.5980487, 2
0.6745984, 0.4937791, 0.8129772, 2
0.450352, 0.4021174, 0.507898, 2
0.7472093, 0.484177, 0.8013702, 2
0.8541229, 0.5304691, 0.6521266, 2
0.4827809, 0.3810692, 0.6506056, 2
0.4798816, 0.5300655, 0.6080379, 2
0.5415132, 0.4845602, 0.4492411, 2
0.4059674, 0.3604866, 0.5551534, 2
0.4643008, 0.1828875, 0.4105618, 2
0.6430136, 0.4075309, 0.7191682, 2
0.590794, 0.4069686, 0.6730129, 2
0.4211431, 0.1701927, 0.2864564, 2
0.6267231, 0.5181119, 0.4411767, 2
0.4366826, 0.3671457, 0.4625377, 2
0.5446469, 0.546334, 0.5632016, 2
0.2982653, 0.1960519, 0.3304909, 2
0.391612, 0.1258339, 0.3214937, 2
0.4582772, 0.4953352, 0.6154414, 2
0.3885252, 0.29613, 0.4778658, 2
0.557452, 0.3021506, 0.5302811, 2
0.7320126, 0.410199, 0.6910763, 2
0.5797011, 0.3668034, 0.6136242, 2
0.5375247, 0.3339635, 0.6311913, 2
0.382672, 0.3426097, 0.5431926, 2
0.659832, 0.2670963, 0.5066786, 2
0.5668326, 0.2836454, 0.5726399, 2
0.5421427, 0.6565211, 0.7774147, 2
0.7484185, 0.6728785, 0.6124201, 2
0.5489613, 0.291705, 0.5914788, 2
0.4222047, 0.1861087, 0.3701849, 2
0.6255827, 0.5777149, 0.524556, 2
0.7761881, 0.6301086, 0.5779508, 2
0.7728565, 0.490932, 0.7724098, 2
0.4442899, 0.2243669, 0.5441756, 2
0.6245728, 0.5076708, 0.4382489, 2
0.8765851, 0.6661385, 0.6079676, 2
0.7870687, 0.4124652, 0.6907925, 2
0.6441665, 0.2945012, 0.5017132, 2
0.5762, 0.2685001, 0.4819311, 2
0.6077496, 0.3456306, 0.6031824, 2
0.6890692, 0.5143027, 0.5052567, 2
0.8781724, 0.4983856, 0.7885439, 2
0.673446, 0.4969003, 0.4842644, 2
0.4338467, 0.1453802, 0.3368281, 2
0.5707892, 0.4303731, 0.4281138, 2
0.4287417, 0.29679, 0.5376478, 2
0.6680055, 0.3398794, 0.559809, 2
0.8685369, 0.5518779, 0.6321357, 2
0.6453951, 0.3317918, 0.564643, 2
0.5817552, 0.5393652, 0.5158268, 2
0.7150415, 0.384959, 0.5858112, 2
0.3675811, 0.2621509, 0.3155402, 2
0.53575, 0.274425, 0.5255694, 2
0.6685774, 0.3417413, 0.634183, 2
0.3912372, 0.1170943, 0.321597, 2
0.7201661, 0.5540214, 0.5697103, 2
0.6594768, 0.3504951, 0.5947114, 2
0.5978833, 0.3968541, 0.7120026, 2
0.6443322, 0.5233623, 0.4670593, 2
0.5910663, 0.2978376, 0.497769, 2
0.8205595, 0.5068472, 0.567987, 2
0.750065, 0.5913852, 0.5657188, 2
0.8468296, 0.5281956, 0.6350921, 2
0.5452951, 0.4969494, 0.4762411, 2
0.6170499, 0.633263, 0.60718, 2
0.8726296, 0.542154, 0.7479026, 2
0.8767084, 0.5586492, 0.7570926, 2
0.530991, 0.2688065, 0.4721033, 2
0.4719058, 0.1715874, 0.4422189, 2
0.7052596, 0.5919124, 0.8358405, 2
0.7990612, 0.4701621, 0.5700669, 2
0.8118125, 0.5974417, 0.5620375, 2
0.5643715, 0.2711307, 0.5828931, 2
0.8734134, 0.5021152, 0.6843522, 2
0.6015345, 0.5049539, 0.5046545, 2
0.8434743, 0.5048442, 0.8432908, 2
0.724258, 0.3797285, 0.5874659, 2
0.5209395, 0.2011907, 0.3795925, 2
0.7049261, 0.5525484, 0.4755937, 2
0.6114013, 0.5069677, 0.478166, 2
0.6609916, 0.6172006, 0.6463293, 2
0.622162, 0.2928221, 0.4925583, 2
0.682631, 0.5678186, 0.5403218, 2
0.4804913, 0.3475285, 0.385633, 2
0.8191418, 0.4908321, 0.8205959, 2
0.4036616, 0.3376704, 0.4326352, 2
0.6753337, 0.4520988, 0.7541127, 2
0.8002659, 0.6872833, 0.5759655, 2
0.4948424, 0.2947483, 0.3835777, 2
0.5614809, 0.369174, 0.6840611, 2
0.8870717, 0.5680176, 0.7479705, 2
0.8269128, 0.53727, 0.5679559, 2
0.5415846, 0.3522418, 0.6654994, 2
0.6750664, 0.3201393, 0.4686856, 2
0.5345075, 0.5124912, 0.7172049, 2
0.9062087, 0.5579307, 0.7251403, 2
0.6401238, 0.514873, 0.8303784, 2
0.4830142, 0.3180091, 0.3840929, 2
0.7003998, 0.457152, 0.5192829, 2
0.846723, 0.4447758, 0.6645307, 2
0.6634068, 0.5659734, 0.5724232, 2
0.8586449, 0.5045912, 0.7072929, 2
0.3071534, 0.2856405, 0.4058772, 2
0.8225801, 0.5521297, 0.6346758, 2
0.5870593, 0.352235, 0.5919704, 2
0.7334209, 0.405505, 0.5156279, 2
0.7474223, 0.3833022, 0.4983989, 2
0.4360983, 0.1876576, 0.4334478, 2
0.3543529, 0.3926956, 0.5356808, 2
0.3498352, 0.320427, 0.4091015, 2
0.7269883, 0.4055516, 0.6617588, 2
0.915331, 0.5939422, 0.6681666, 2
0.407824, 0.182627, 0.4013238, 2
0.4262625, 0.4585738, 0.6318942, 2
0.8440065, 0.4478841, 0.7634959, 2
0.6103631, 0.5132278, 0.5280909, 2
0.8987412, 0.573484, 0.7280604, 2
0.7336613, 0.4565609, 0.512557, 2
0.6607972, 0.3965094, 0.6482821, 2
0.8931152, 0.5384463, 0.6865271, 2
0.8390942, 0.5424225, 0.8420238, 2
0.892396, 0.5568117, 0.6848556, 2
0.408517, 0.3137232, 0.3783053, 2
0.6121908, 0.3454619, 0.5790883, 2
0.5436736, 0.5808378, 0.6082429, 2
0.8320375, 0.4749583, 0.7495434, 2
0.5625285, 0.3615494, 0.6794147, 2
0.2978869, 0.3161433, 0.4695345, 2
0.7335547, 0.4696649, 0.7947586, 2
0.707073, 0.3652491, 0.491832, 2
0.8295639, 0.5310249, 0.6487397, 2
0.5335147, 0.5815789, 0.7214945, 2
0.8646595, 0.5323697, 0.6817652, 2
0.7355414, 0.3594355, 0.49142, 2
0.4428646, 0.1242085, 0.300941, 2
0.8145404, 0.6795424, 0.5841076, 2
0.4571984, 0.3165809, 0.5835794, 2
0.332366, 0.2550344, 0.4058442, 2
0.5440047, 0.359277, 0.4147697, 2
0.5180582, 0.4046426, 0.7030481, 2
0.552932, 0.2592634, 0.4227048, 2
0.685468, 0.6044585, 0.5443249, 2
0.502606, 0.2743476, 0.3710202, 2
0.3951066, 0.4157373, 0.5558522, 2
0.6360535, 0.5513254, 0.5722183, 2
0.7142252, 0.4923914, 0.7940182, 2
0.7418693, 0.653354, 0.631238, 2
0.3028117, 0.2790441, 0.4016559, 2
0.8102187, 0.4068319, 0.6188469, 2
0.33963, 0.2423773, 0.3167363, 2
0.8250406, 0.5527707, 0.6367581, 2
0.7438307, 0.5430421, 0.8349792, 2
0.813517, 0.5069259, 0.6112162, 2
0.7088546, 0.3764237, 0.5496076, 2
0.5603313, 0.4839296, 0.7274076, 2
0.5772414, 0.5275543, 0.7143066, 2
0.5111651, 0.2683108, 0.3796314, 2
0.3075724, 0.1962566, 0.321105, 2
0.6749586, 0.3463814, 0.6397025, 2
0.5364013, 0.5817731, 0.7043086, 2
0.6359186, 0.5480645, 0.7842056, 2
0.5962433, 0.4780247, 0.4279778, 2
0.6040266, 0.3124747, 0.5584917, 2
0.3339882, 0.2740765, 0.3634953, 2
0.5647141, 0.5921984, 0.5992311, 2
0.4833266, 0.1728575, 0.4303793, 2
0.7012931, 0.4472403, 0.7211558, 2
0.624173, 0.568396, 0.4891518, 2
0.3653081, 0.2822276, 0.4467432, 2
0.5485344, 0.4807201, 0.4424921, 2
0.5656425, 0.5317703, 0.5259921, 2
0.8865176, 0.4969861, 0.791963, 2
0.5948096, 0.3143293, 0.5728717, 2
0.4211973, 0.2915353, 0.4896749, 2
0.6126472, 0.3109981, 0.4426232, 2
0.7812172, 0.3989807, 0.6451131, 2
0.4109566, 0.1734249, 0.4510188, 2
0.6208553, 0.2742556, 0.5411519, 2
0.6797574, 0.5419478, 0.5324767, 2
0.4312783, 0.361149, 0.4324323, 2
0.4912565, 0.3667997, 0.4094841, 2
0.6782352, 0.3447754, 0.5579737, 2
0.5052173, 0.3642504, 0.4034964, 2
0.43202, 0.313527, 0.3595316, 2
0.8468529, 0.6846663, 0.6249142, 2
0.4974087, 0.4350437, 0.6433978, 2
0.3455689, 0.3140623, 0.5047554, 2
0.6185217, 0.4802549, 0.4296286, 2
0.4680861, 0.1622406, 0.3804148, 2
0.3553309, 0.2927501, 0.3611969, 2
0.3524632, 0.2120488, 0.3707979, 2
0.3789163, 0.3901722, 0.5200559, 2
0.4649777, 0.1563904, 0.403437, 2
0.4195827, 0.229259, 0.4671356, 2
0.6987072, 0.3606741, 0.4950246, 2
0.4907854, 0.3962626, 0.4392349, 2
0.7546898, 0.4146108, 0.6560203, 2
0.8444209, 0.4961625, 0.7409137, 2
0.6149925, 0.5382285, 0.5237333, 2
0.4856574, 0.489872, 0.5908495, 2
0.8906941, 0.4901115, 0.6940053, 2
0.4695876, 0.4472555, 0.5612572, 2
0.6181709, 0.5184348, 0.4481308, 2
0.4778005, 0.2406359, 0.362662, 2
0.6024137, 0.4131617, 0.4140541, 2
0.4464996, 0.2682103, 0.5193079, 2
0.5186894, 0.5737878, 0.6959522, 2
0.5944999, 0.479928, 0.7367439, 2
0.7395102, 0.4394501, 0.6510513, 2
0.6584322, 0.4409392, 0.7542107, 2
0.9070894, 0.6046951, 0.6664078, 2
0.5535281, 0.5803643, 0.8043486, 2
0.6144244, 0.2911187, 0.4412071, 2
0.5794639, 0.2606472, 0.423729, 2
0.5417703, 0.2661809, 0.4533479, 2
0.6008871, 0.41032, 0.7133057, 2
0.5924777, 0.5861683, 0.8380254, 2
0.4335846, 0.3678663, 0.610369, 2
0.4272453, 0.41395, 0.5842767, 2
0.5386342, 0.3565709, 0.6674393, 2
0.3652637, 0.3545762, 0.5109369, 2
0.3440715, 0.2602183, 0.4077117, 2
0.5700243, 0.3823442, 0.7060519, 2
0.3350871, 0.3496166, 0.4765431, 2
0.7044272, 0.4654046, 0.7213393, 2
0.5215896, 0.3434093, 0.4181806, 2
0.4741893, 0.1326913, 0.3588959, 2
0.5075558, 0.2801357, 0.5358766, 2
0.6492846, 0.5259506, 0.4384888, 2
0.5721592, 0.4303628, 0.7321702, 2
0.7560794, 0.4458104, 0.6149574, 2
0.5415481, 0.2997639, 0.5306559, 2
0.4072551, 0.1337377, 0.4198873, 2
0.756802, 0.4446277, 0.5671431, 2
0.4317719, 0.1573034, 0.4556515, 2
0.6103671, 0.5742223, 0.7436849, 2
0.565764, 0.5556043, 0.8271897, 2
0.692496, 0.3374245, 0.5692481, 2
0.5416039, 0.4890887, 0.7900909, 2
0.5382033, 0.3992723, 0.702368, 2
0.7900108, 0.681635, 0.602057, 2
0.3521959, 0.314047, 0.5002075, 2
0.4224682, 0.1584903, 0.3623164, 2
0.5723122, 0.5364495, 0.7119283, 2
0.6303825, 0.2565531, 0.4594102, 2
0.6762084, 0.3643248, 0.5366148, 2
0.4212644, 0.1458652, 0.4179735, 2
0.4900187, 0.2835959, 0.5751143, 2
0.5003678, 0.1437054, 0.355055, 2
0.6538003, 0.6487969, 0.6515234, 2
0.5531598, 0.4230106, 0.6837227, 2
0.4784658, 0.2325508, 0.4872788, 2
0.8491537, 0.5931106, 0.6273262, 2
0.342597, 0.2521302, 0.3306085, 2
0.8814743, 0.5791095, 0.7504143, 2
0.4927821, 0.2079967, 0.5018137, 2
0.5231128, 0.5002676, 0.7164155, 2
0.4207624, 0.2642769, 0.464573, 2
0.7298267, 0.5719695, 0.8410569, 2
0.5962151, 0.5196134, 0.7986338, 2
0.5567014, 0.2350778, 0.420434, 2
0.6716453, 0.5175222, 0.5275604, 2
0.2965465, 0.2831281, 0.438701, 2
0.5991803, 0.2264902, 0.453249, 2
0.6547736, 0.3027341, 0.5723737, 2
0.6942123, 0.5023221, 0.4540317, 2
0.5168338, 0.6092559, 0.6678644, 2
0.6168823, 0.4507087, 0.7278098, 2
0.88866, 0.4934781, 0.7473261, 2
0.5731311, 0.3739074, 0.6876103, 2
0.4528448, 0.2428509, 0.5441855, 2
0.6891069, 0.3208792, 0.4577243, 2
0.4938917, 0.1706978, 0.3357004, 2
0.6737416, 0.5698236, 0.5269999, 2
0.6621067, 0.5498534, 0.8515656, 2
0.806652, 0.6885486, 0.5898566, 2
0.4475383, 0.4957092, 0.6241883, 2
0.6396208, 0.4618858, 0.4834301, 2
0.6110412, 0.4439431, 0.7753507, 2
0.7914265, 0.4591282, 0.7633773, 2
0.8314438, 0.5929019, 0.5756713, 2
0.5030072, 0.2811422, 0.5818856, 2
0.3068036, 0.3583769, 0.5071137, 2
0.609366, 0.5478365, 0.5028061, 2
0.675056, 0.4256331, 0.728434, 2
0.8105662, 0.6027343, 0.562149, 2
0.4538969, 0.488018, 0.6966147, 2
0.5651087, 0.4917655, 0.4514751, 2
0.4319499, 0.2922474, 0.5262943, 2
0.5503366, 0.5468107, 0.5573173, 2
0.6109812, 0.5214007, 0.8224357, 2
0.7711998, 0.4074287, 0.6830914, 2
0.6585296, 0.5032809, 0.4974111, 2
0.8171292, 0.4926085, 0.8459774, 2
0.8296843, 0.4726076, 0.8129424, 2
0.6663607, 0.3049046, 0.5060717, 2
0.8503119, 0.5488729, 0.6625931, 2
0.422888, 0.3597856, 0.4491683, 2
0.7772833, 0.6509398, 0.6075923, 2
0.6435493, 0.4986567, 0.4615718, 2
0.7900016, 0.68262, 0.6087255, 2
0.643013, 0.6348891, 0.6296425, 2
0.8365259, 0.4973364, 0.6385004, 2
0.4537437, 0.2492942, 0.5481318, 2
0.5272897, 0.2140588, 0.4471472, 2
0.6922084, 0.3377431, 0.5741899, 2
0.683676, 0.334368, 0.5252551, 2
0.4372291, 0.141151, 0.3281662, 2
0.4447677, 0.4932541, 0.6981325, 2
0.5207253, 0.4745302, 0.6559479, 2
0.6493484, 0.5911944, 0.807456, 2
0.6242031, 0.6296504, 0.5913544, 2
0.5626336, 0.2705661, 0.5581535, 2
0.3690568, 0.3214088, 0.462761, 2
0.8718611, 0.6550737, 0.6006901, 2
0.7771078, 0.4647689, 0.7116867, 2
0.66645, 0.6263732, 0.6338123, 2
0.8380442, 0.460482, 0.7478305, 2
0.6065037, 0.5545446, 0.4560386, 2
0.8041106, 0.6404427, 0.5790289, 2
0.855993, 0.5193772, 0.6843367, 2
0.8050703, 0.4700739, 0.7989999, 2
0.3852122, 0.2581439, 0.3232186, 2
0.8092346, 0.4901492, 0.6206523, 2
0.4606539, 0.3033262, 0.3530026, 2
0.5913027, 0.3270022, 0.6104392, 2
0.5739108, 0.5068049, 0.7836974, 2
0.517693, 0.3488826, 0.4152662, 2
0.7090757, 0.3655092, 0.6513547, 2
0.5444895, 0.5480383, 0.7928458, 2
0.8618865, 0.563331, 0.661544, 2
0.4103907, 0.2751264, 0.3511465, 2
0.4522485, 0.4235252, 0.5583819, 2
0.606765, 0.585768, 0.5524809, 2
0.4624232, 0.2428854, 0.4891926, 2
0.4846071, 0.519383, 0.6205794, 2
0.7205431, 0.5612236, 0.8292271, 2
0.5552895, 0.2345356, 0.4779527, 2
0.8022743, 0.4857687, 0.5802323, 2
0.5743063, 0.5405298, 0.7855914, 2
0.6501388, 0.6410305, 0.6484206, 2
0.5046628, 0.4778259, 0.5637519, 2
0.4463386, 0.2503934, 0.3310875, 2
0.5107374, 0.2659076, 0.5185367, 2
0.619822, 0.6351488, 0.6415662, 2
0.6371719, 0.5464044, 0.4452462, 2
0.6824975, 0.3446476, 0.6240167, 2
0.4936554, 0.4498097, 0.6352224, 2
0.5113704, 0.3789686, 0.4011011, 2
0.4190048, 0.2131419, 0.31791, 2
0.8492455, 0.5672827, 0.5958999, 2
0.6821064, 0.7132452, 0.7510121, 2
0.7498171, 0.4266561, 0.6289673, 2
0.8732364, 0.5389779, 0.6877053, 2
0.8331228, 0.4887222, 0.6674914, 2
0.4563685, 0.1333309, 0.3587305, 2
0.3825656, 0.1876077, 0.4484092, 2
0.6119549, 0.3330337, 0.6197141, 2
0.5245551, 0.4367341, 0.4291497, 2
0.302427, 0.2980809, 0.4332021, 2
0.6673878, 0.5027305, 0.8261726, 2
0.796486, 0.4653554, 0.7542654, 2
0.6223387, 0.4883017, 0.8108941, 2
0.4633722, 0.2852527, 0.5464305, 2
0.7158974, 0.3777811, 0.5570056, 2
0.6848768, 0.5643272, 0.5504069, 2
0.4290297, 0.218052, 0.5040103, 2
0.4786792, 0.4303924, 0.6220805, 2
0.8663651, 0.4781991, 0.8258312, 2
0.7765366, 0.4827025, 0.8271447, 2
0.7876996, 0.442133, 0.5401161, 2
0.5155628, 0.4607113, 0.4416828, 2
0.3275019, 0.3116466, 0.5126075, 2
0.7479323, 0.387903, 0.6443191, 2
0.6001055, 0.5264102, 0.7784583, 2
0.7820146, 0.4070309, 0.6519919, 2
0.4747126, 0.2904945, 0.560288, 2
0.8303559, 0.5383786, 0.6443682, 2
0.8405463, 0.5213549, 0.6912392, 2
0.441506, 0.2431478, 0.5311295, 2
0.5504227, 0.2744083, 0.543074, 2
0.687808, 0.3352514, 0.5473156, 2
0.5215718, 0.4622399, 0.6748014, 2
0.6019044, 0.4548704, 0.4423217, 2
0.5686423, 0.4985401, 0.7896679, 2
0.8888805, 0.5503068, 0.6666432, 2
0.6702796, 0.5771367, 0.5854673, 2
0.5660831, 0.3593388, 0.4379814, 2
0.7117249, 0.4991291, 0.7626091, 2
0.8243798, 0.4490973, 0.7314651, 2
0.7692432, 0.4751959, 0.7980491, 2
0.4883276, 0.2845079, 0.5718557, 2
0.6760548, 0.531563, 0.442031, 2
0.7027705, 0.5256161, 0.8095127, 2
0.6466575, 0.5651705, 0.7933964, 2
0.788021, 0.4218007, 0.7473291, 2
0.8633147, 0.5395723, 0.6598821, 2
0.7866382, 0.4562506, 0.6087392, 2
0.3345716, 0.2787281, 0.4508217, 2
0.5792242, 0.6148265, 0.6537624, 2
0.5953737, 0.4534146, 0.7330523, 2
0.5348815, 0.4528401, 0.7138585, 2
0.5835212, 0.4655884, 0.7305391, 2
0.9107785, 0.5826553, 0.6798049, 2
0.7288878, 0.5586401, 0.567287, 2
0.7159783, 0.4599697, 0.7968733, 2
0.5643973, 0.4400746, 0.4126791, 2
0.592503, 0.4905106, 0.4368739, 2
0.603282, 0.4327655, 0.7246448, 2
0.8095357, 0.5615701, 0.5563101, 2
0.859633, 0.5406129, 0.710034, 2
0.381904, 0.2992997, 0.439775, 2
0.6710536, 0.3876933, 0.7034556, 2
0.5689065, 0.3865149, 0.4265084, 2
0.4740256, 0.3250864, 0.3776898, 2
0.4334983, 0.1760847, 0.2991282, 2
0.7882475, 0.5408674, 0.5727459, 2
0.6703502, 0.4309202, 0.7682433, 2
0.6563517, 0.6048108, 0.5852177, 2
0.5602082, 0.2688967, 0.535484, 2
0.6124653, 0.3344747, 0.6162876, 2
0.5611748, 0.3418382, 0.6653528, 2
0.2803206, 0.2237589, 0.3859643, 2
0.3588158, 0.1392845, 0.3560629, 2
0.4874495, 0.274961, 0.5238291, 2
0.4987873, 0.478935, 0.4748966, 2
0.295881, 0.3113691, 0.4657205, 2
0.8452737, 0.4791262, 0.673641, 2
0.6362453, 0.5508773, 0.7983381, 2
0.7295164, 0.4524002, 0.5119579, 2
0.6097195, 0.5301601, 0.482217, 2
0.7656115, 0.6498584, 0.573033, 2
0.3659378, 0.3047317, 0.4829821, 2
0.5951405, 0.7018914, 0.7632273, 2
0.6447909, 0.5148624, 0.5197244, 2
0.3414983, 0.3592924, 0.4955218, 2
0.7435984, 0.5017462, 0.7880111, 2
0.4733976, 0.2268738, 0.4536164, 2
0.4762948, 0.3035341, 0.5778971, 2
0.7285966, 0.3991894, 0.6757219, 2
0.6353392, 0.3614928, 0.6170128, 2
0.4172106, 0.3307323, 0.3894518, 2
0.538095, 0.550712, 0.6815259, 2
0.7859667, 0.4397522, 0.66376, 2
0.6024575, 0.3060239, 0.5316433, 2
0.8230955, 0.4653974, 0.6915612, 2
0.7814485, 0.4004395, 0.6185564, 2
0.663119, 0.5296999, 0.8278348, 2
0.3093923, 0.2695796, 0.3839487, 2
0.8415433, 0.683276, 0.5876606, 2
0.8637545, 0.558488, 0.5935564, 2
0.7516692, 0.6800138, 0.6508674, 2
0.6815772, 0.5156618, 0.8263103, 2
0.5179479, 0.4235483, 0.4279256, 2
0.7641542, 0.6570728, 0.5744274, 2
0.8611721, 0.537837, 0.739531, 2
0.3040718, 0.3084914, 0.4608966, 2
0.7245958, 0.5850776, 0.8352054, 2
0.8541907, 0.6057155, 0.5857861, 2
0.6022909, 0.4814003, 0.4295123, 2
0.6306243, 0.4985983, 0.4352199, 2
0.8405054, 0.5264524, 0.7410863, 2
0.3332919, 0.3926494, 0.5529603, 2
0.5913761, 0.2592005, 0.4980559, 2
0.6309741, 0.5953708, 0.8329166, 2
0.5427815, 0.2976671, 0.5949776, 2
0.6998763, 0.3114511, 0.5600936, 2
0.5076965, 0.3729593, 0.3965465, 2
0.7816769, 0.6570845, 0.5880291, 2
0.7461181, 0.6611, 0.6312626, 2
0.5357428, 0.4862604, 0.4550416, 2
0.5980272, 0.4868765, 0.4294826, 2
0.776247, 0.3690433, 0.5816663, 2
0.5931146, 0.3797146, 0.6721735, 2
0.8310654, 0.5000148, 0.7413139, 2
0.6067429, 0.3345408, 0.5881769, 2
0.9140104, 0.510021, 0.7324537, 2
0.8566114, 0.4960995, 0.7023312, 2
0.4510037, 0.2365939, 0.4530589, 2
0.4060121, 0.3412232, 0.3842594, 2
0.7746353, 0.6446193, 0.6222682, 2
0.4292832, 0.4810795, 0.6396225, 2
0.6579037, 0.3221263, 0.521428, 2
0.6651946, 0.5453515, 0.5659108, 2
0.3151658, 0.1438302, 0.3623723, 2
0.8917312, 0.4867953, 0.753678, 2
0.634982, 0.3462713, 0.4713056, 2
0.4887927, 0.1686485, 0.4092848, 2
0.7604545, 0.4713329, 0.8117697, 2
0.4421642, 0.1847226, 0.4133176, 2
0.3922094, 0.1682108, 0.375026, 2
0.5235167, 0.4449106, 0.4322755, 2
0.6174933, 0.3450756, 0.5592968, 2
0.6090391, 0.3793275, 0.4331103, 2
0.7527083, 0.4013126, 0.6500703, 2
0.3904881, 0.2955309, 0.4778172, 2
0.3327964, 0.3263542, 0.4314863, 2
0.5222154, 0.4785909, 0.745381, 2
0.498329, 0.4721759, 0.7099271, 2
0.8062986, 0.4374022, 0.6832852, 2
0.5346733, 0.2430805, 0.4371534, 2
0.6918133, 0.3520219, 0.541076, 2
0.4558246, 0.1742586, 0.2995631, 2
0.5936736, 0.5211079, 0.4714597, 2
0.5885636, 0.4205447, 0.7363597, 2
0.6203156, 0.570223, 0.8110064, 2
0.5458142, 0.1775577, 0.4130938, 2
0.4541912, 0.1827629, 0.3714052, 2
0.863028, 0.4595263, 0.8018094, 2
0.5402665, 0.5604495, 0.6782633, 2
0.8628429, 0.4931089, 0.7428915, 2
0.4588511, 0.4502845, 0.6310488, 2
0.5642346, 0.5881094, 0.5997223, 2
0.5965057, 0.2728561, 0.5497762, 2
0.574317, 0.4633878, 0.4226965, 2
0.6416949, 0.5080181, 0.7570508, 2
0.3387184, 0.3551855, 0.4862114, 2
0.8747383, 0.5369233, 0.723246, 2
0.7522655, 0.4764095, 0.8050882, 2
0.5042471, 0.4749514, 0.6417144, 2
0.3768647, 0.09516197, 0.3698263, 2
0.4310789, 0.1622048, 0.4207878, 2
0.4781591, 0.239253, 0.4970657, 2
0.8054259, 0.4218236, 0.6852427, 2
0.5324216, 0.4089685, 0.4497929, 2
0.7330771, 0.5254427, 0.8011575, 2
0.5595632, 0.5816916, 0.7660628, 2
0.850065, 0.4832739, 0.8256631, 2
0.4797975, 0.3672738, 0.4151394, 2
0.3961686, 0.3723777, 0.5773317, 2
0.5986139, 0.5856254, 0.7335896, 2
0.3199579, 0.2666522, 0.4333848, 2
0.8179261, 0.519319, 0.6212344, 2
0.3293326, 0.3281341, 0.4375208, 2
0.7371722, 0.4291652, 0.7501104, 2
0.3183566, 0.379928, 0.5350298, 2
0.6392073, 0.3127756, 0.4732989, 2
0.6004058, 0.4313208, 0.7265097, 2
0.5030478, 0.1776819, 0.3639837, 2
0.6715559, 0.3187078, 0.4617526, 2
0.3976573, 0.3418396, 0.3950997, 2
0.5155635, 0.1823085, 0.4386918, 2
0.4925699, 0.4618635, 0.503558, 2
0.630561, 0.6394672, 0.6054116, 2
0.5247914, 0.608709, 0.6467379, 2
0.3314406, 0.2970366, 0.477185, 2
0.7193701, 0.3970304, 0.6097532, 2
0.6753789, 0.3321818, 0.5017177, 2
0.5750376, 0.3239819, 0.565798, 2
0.6704878, 0.3892243, 0.6302801, 2
0.8612365, 0.4986276, 0.7329538, 2
0.6397493, 0.5110616, 0.4310207, 2
0.8057283, 0.4019471, 0.6156147, 2
0.3437459, 0.3209463, 0.5185315, 2
0.8039691, 0.4635126, 0.5913438, 2
0.5637274, 0.5378057, 0.7460474, 2
0.8436653, 0.5887072, 0.6316444, 2
0.6046237, 0.620674, 0.5882623, 2
0.4195522, 0.17562, 0.375127, 2
0.6862732, 0.3355314, 0.5293558, 2
0.7287609, 0.6192346, 0.5732434, 2
0.5991426, 0.6122991, 0.8246599, 2
0.3157766, 0.1367849, 0.402766, 2
0.6056783, 0.3901113, 0.6918357, 2
0.5679721, 0.4974401, 0.4647505, 2
0.5020979, 0.3621778, 0.3898871, 2
0.640884, 0.4403326, 0.7601697, 2
0.40843, 0.3736149, 0.4877075, 2
0.5829691, 0.4579137, 0.7492909, 2
0.6557812, 0.4744783, 0.5053768, 2
0.5671535, 0.2349756, 0.4732319, 2
0.6909136, 0.5495551, 0.5379614, 2
0.8727458, 0.506246, 0.7687091, 2
0.8700886, 0.6590031, 0.6124725, 2
0.8001587, 0.6736172, 0.6205661, 2
0.6285129, 0.5976909, 0.5715677, 2
0.8483625, 0.5769385, 0.5836136, 2
0.651791, 0.6325883, 0.6355777, 2
0.6044184, 0.327296, 0.5953922, 2
0.5863365, 0.3060406, 0.5643081, 2
0.804261, 0.4791526, 0.8130714, 2
0.7772523, 0.5097359, 0.7961889, 2
0.3942928, 0.2959688, 0.4855261, 2
0.7361308, 0.4355202, 0.7046254, 2
0.6031916, 0.5481438, 0.7069032, 2
0.691952, 0.508891, 0.7959809, 2
0.7107792, 0.6547923, 0.6525576, 2
0.8633015, 0.503976, 0.7673782, 2
0.332118, 0.1009377, 0.3940466, 2
0.8379666, 0.4805306, 0.636056, 2
0.7512073, 0.4789456, 0.7701932, 2
0.8233419, 0.429358, 0.611306, 2
0.5573419, 0.2067246, 0.4125486, 2
0.7938201, 0.4853742, 0.5428153, 2
0.4951189, 0.2253466, 0.4144963, 2
0.6678832, 0.5566713, 0.8024664, 2
0.4375324, 0.3304273, 0.3750214, 2
0.6111326, 0.4899152, 0.4351515, 2
0.8938633, 0.5125623, 0.6962515, 2
0.6574478, 0.4488151, 0.7255514, 2
0.5236377, 0.2924811, 0.4002947, 2
0.4581167, 0.1997156, 0.3138192, 2
0.3355181, 0.250785, 0.34093, 2
0.4489338, 0.2093663, 0.4601551, 2
0.5583447, 0.5402744, 0.6768416, 2
0.7513192, 0.5773999, 0.5584995, 2
0.4572366, 0.5317276, 0.674629, 2
0.599345, 0.6319508, 0.6554209, 2
0.5512748, 0.3454497, 0.6195648, 2
0.6938893, 0.561757, 0.4991518, 2
0.6843024, 0.4114684, 0.681548, 2
0.6250739, 0.3825211, 0.6554244, 2
0.4945478, 0.2807954, 0.5932772, 2
0.5594038, 0.4926359, 0.7539206, 2
0.5069401, 0.5379644, 0.5876725, 2
0.5364239, 0.4656141, 0.7587546, 2
0.607, 0.3626361, 0.4258654, 2
0.6222769, 0.5679102, 0.7352332, 2
0.4727706, 0.3371076, 0.3819398, 2
0.4963954, 0.4736005, 0.4867941, 2
0.6540551, 0.3169028, 0.5505724, 2
0.8742012, 0.4888828, 0.8426266, 2
0.6330287, 0.5992486, 0.6009642, 2
0.3080344, 0.2432971, 0.3574105, 2
0.6147049, 0.4603305, 0.7715248, 2
0.5660562, 0.188467, 0.4221198, 2
0.7136164, 0.4280702, 0.6923818, 2
0.7723105, 0.5414004, 0.8584679, 2
0.5697442, 0.4868572, 0.43992, 2
0.8163261, 0.6090769, 0.5956579, 2
0.5345159, 0.5623764, 0.5824159, 2
0.730249, 0.4264006, 0.6062667, 2
0.5996603, 0.5657431, 0.7364138, 2
0.529245, 0.4991478, 0.7253327, 2
0.6697298, 0.4473277, 0.708216, 2
0.4323322, 0.3651836, 0.4604538, 2
0.6129459, 0.5241061, 0.5114316, 2
0.7644754, 0.4892472, 0.8335494, 2
0.3373488, 0.265635, 0.4276122, 2
0.7046592, 0.4189677, 0.4957992, 2
0.7551875, 0.4539533, 0.7101082, 2
0.4442843, 0.3301618, 0.37694, 2
0.4678781, 0.4092223, 0.5039832, 2
0.700337, 0.6478375, 0.6592453, 2
0.6985767, 0.4169281, 0.734957, 2
0.622313, 0.3896217, 0.7025654, 2
0.8522629, 0.5725732, 0.667785, 2
0.6954461, 0.662723, 0.6562333, 2
0.523724, 0.2101291, 0.4412595, 2
0.4313813, 0.401771, 0.4986208, 2
0.5962808, 0.3952998, 0.7032531, 2
0.7264375, 0.5634705, 0.8708655, 2
0.8221239, 0.4533038, 0.6989218, 2
0.8689221, 0.631622, 0.604691, 2
0.6634803, 0.678983, 0.7360859, 2
0.7694403, 0.4741563, 0.5660954, 2
0.4916313, 0.3751016, 0.4227878, 2
0.3433596, 0.2951629, 0.3797886, 2
0.5278162, 0.5784885, 0.7206219, 2
0.6856205, 0.3499188, 0.5029874, 2
0.6290352, 0.4081118, 0.6992172, 2
0.6274152, 0.3742048, 0.4209477, 2
0.8127667, 0.4684525, 0.7028318, 2
0.7004124, 0.6423144, 0.5769662, 2
0.6173125, 0.4546688, 0.4357356, 2
0.9102015, 0.5007914, 0.7609966, 2
0.7571506, 0.4403745, 0.7261822, 2
0.3300755, 0.2839886, 0.434644, 2
0.5055324, 0.3107543, 0.4004399, 2
0.3389632, 0.3423673, 0.5102258, 2
0.5745888, 0.3670814, 0.4627045, 2
0.6091434, 0.4586047, 0.4827584, 2
0.5120887, 0.575146, 0.6918779, 2
0.609416, 0.4087591, 0.4405225, 2
0.6858568, 0.5649226, 0.5172304, 2
0.8260821, 0.465529, 0.7293998, 2
0.6608272, 0.3233882, 0.4700837, 2
0.4538319, 0.1587831, 0.4107546, 2
0.515518, 0.4038051, 0.4136513, 2
0.5189672, 0.4162451, 0.4261963, 2
0.4824467, 0.5622793, 0.6943527, 2
0.3142147, 0.3047589, 0.4714023, 2
0.4962351, 0.3355806, 0.4013159, 2
0.6039648, 0.3543753, 0.6776994, 2
0.7010927, 0.363342, 0.5609785, 2
0.5894354, 0.2593423, 0.4945206, 2
0.7223282, 0.4321676, 0.6765003, 2
0.635778, 0.542046, 0.5408399, 2
0.3535297, 0.3739727, 0.5183116, 2
0.6430719, 0.5919333, 0.5837092, 2
0.6596284, 0.5391812, 0.5632364, 2
0.3830218, 0.3668707, 0.473161, 2
0.5469913, 0.386995, 0.6469631, 2
0.684333, 0.400317, 0.6994759, 2
0.5094051, 0.4846834, 0.4874398, 2
0.5777183, 0.4686264, 0.7239158, 2
0.8601171, 0.546699, 0.6281432, 2
0.3727385, 0.1536185, 0.3588821, 2
0.8019388, 0.6086046, 0.5725544, 2
0.6065825, 0.3602227, 0.4258938, 2
0.4576712, 0.3653219, 0.4145365, 2
0.4561372, 0.4867042, 0.6979182, 2
0.7831435, 0.4794166, 0.5375151, 2
0.5138552, 0.3242018, 0.6053289, 2
0.7890996, 0.4981909, 0.6037463, 2
0.4475486, 0.4382939, 0.5707282, 2
0.7722704, 0.4946302, 0.7816544, 2
0.4838099, 0.477453, 0.5835721, 2
0.6242718, 0.4889542, 0.4206681, 2
0.672496, 0.5586498, 0.4735359, 2
0.517378, 0.3041543, 0.585887, 2
0.5863285, 0.449841, 0.4125739, 2
0.4251589, 0.364953, 0.4610362, 2
0.3226364, 0.2549409, 0.3561228, 2
0.8838347, 0.5066977, 0.6861905, 2
0.6565239, 0.5660151, 0.8237385, 2
0.8174375, 0.5977401, 0.5711786, 2
0.5762433, 0.2757793, 0.4594936, 2
0.5877496, 0.505316, 0.4610493, 2
0.4231081, 0.2586736, 0.4670749, 2
0.8844965, 0.4819441, 0.7591841, 2
0.6500632, 0.6400075, 0.6564513, 2
0.5138354, 0.4597653, 0.4469604, 2
0.8147835, 0.4998073, 0.8011837, 2
0.5949434, 0.6036469, 0.7647863, 2
0.3565141, 0.2914785, 0.3686619, 2
0.3716013, 0.3174456, 0.3826538, 2
0.7829595, 0.4830633, 0.8311471, 2
0.4538465, 0.1685384, 0.4120465, 2
0.5268469, 0.1777478, 0.4504894, 2
0.8393487, 0.6590488, 0.5883191, 2
0.5654325, 0.5184367, 0.5202873, 2
0.5044955, 0.4667314, 0.4580021, 2
0.3772857, 0.3154764, 0.5669605, 2
0.5742912, 0.4809539, 0.4739901, 2
0.5051237, 0.3166865, 0.4019371, 2
0.8361999, 0.496635, 0.7966756, 2
0.4629585, 0.1592373, 0.3151374, 2
0.5200609, 0.267386, 0.4991404, 2
0.5108766, 0.5071164, 0.575599, 2
0.4987063, 0.4887622, 0.5795409, 2
0.5950978, 0.6044846, 0.83599, 2
0.505186, 0.4307875, 0.4609755, 2
0.3652095, 0.2903456, 0.4566813, 2
0.3309471, 0.2563749, 0.3503782, 2
0.5902826, 0.4472294, 0.4145128, 2
0.36925, 0.09510724, 0.3462563, 2
0.694544, 0.5659891, 0.5410078, 2
0.5122066, 0.2849002, 0.568619, 2
0.6056204, 0.6058055, 0.6994348, 2
0.5028077, 0.4305951, 0.4654411, 2
0.5722693, 0.3148896, 0.6060784, 2
0.5995601, 0.631574, 0.6526623, 2
0.3773068, 0.2818367, 0.4440605, 2
0.7218349, 0.4163192, 0.5099544, 2
0.3786995, 0.2838603, 0.4472032, 2
0.6645476, 0.3229562, 0.5397932, 2
0.4873165, 0.2848243, 0.5702245, 2
0.7362409, 0.4660634, 0.7218321, 2
0.6177415, 0.4685059, 0.4457354, 2
0.366345, 0.3546204, 0.4550027, 2
0.7007942, 0.5874149, 0.5437456, 2
0.6926855, 0.5354265, 0.8000898, 2
0.7671737, 0.6442659, 0.6025271, 2
0.4964625, 0.1951292, 0.4155605, 2
0.6300735, 0.469258, 0.4410604, 2
0.7499524, 0.6183555, 0.5713353, 2
0.6545017, 0.574325, 0.4997804, 2
0.4146631, 0.235956, 0.458331, 2
0.7030377, 0.4527231, 0.7273428, 2
0.6408671, 0.5483534, 0.5674267, 2
0.6552414, 0.4277532, 0.7131236, 2
0.7980177, 0.4128936, 0.6864362, 2
0.5304115, 0.536059, 0.7972215, 2
0.5719897, 0.4446095, 0.7625987, 2
0.4776256, 0.235056, 0.3402367, 2
0.5168042, 0.4648901, 0.4434568, 2
0.7618378, 0.4050307, 0.5268553, 2
0.5523299, 0.6013507, 0.774289, 2
0.3554876, 0.09804359, 0.384771, 2
0.3570428, 0.2582361, 0.3175181, 2
0.7860683, 0.4828036, 0.540171, 2
0.7280763, 0.3676941, 0.4926523, 2
0.544337, 0.4889775, 0.6850568, 2
0.7017257, 0.4474341, 0.7192693, 2
0.4262435, 0.3945222, 0.5073798, 2
0.531306, 0.2265248, 0.4353205, 2
0.4074058, 0.4186815, 0.574362, 2
0.6138508, 0.5352716, 0.5320376, 2
0.5577911, 0.6003659, 0.6233659, 2
0.5106694, 0.4841855, 0.4903421, 2
0.4331746, 0.5097278, 0.6511815, 2
0.6791757, 0.4486057, 0.7586529, 2
0.449728, 0.3245327, 0.5985004, 2
0.4449462, 0.4236915, 0.6031195, 2
0.7255716, 0.4229989, 0.6408309, 2
0.6877926, 0.5356766, 0.8012847, 2
0.7158481, 0.6353951, 0.5966191, 2
0.4604254, 0.2411107, 0.5017224, 2
0.5742512, 0.4561827, 0.4187651, 2
0.3098194, 0.3180711, 0.450788, 2
0.3735685, 0.3629363, 0.4692134, 2
0.6899831, 0.553193, 0.4550718, 2
0.3818262, 0.3177781, 0.5669298, 2
0.4861504, 0.4200916, 0.4784743, 2
0.4630739, 0.2576339, 0.3651159, 2
0.7999572, 0.493535, 0.5498489, 2
0.6490926, 0.3964258, 0.712761, 2
0.3390846, 0.2775168, 0.3621114, 2
0.5340286, 0.3631232, 0.3980851, 2
0.6960168, 0.3514883, 0.5738691, 2
0.7387045, 0.5007511, 0.5336823, 2
0.6936296, 0.3943418, 0.6007581, 2
0.6328427, 0.5671072, 0.7325196, 2
0.4272547, 0.2306386, 0.334346, 2
0.4050702, 0.1703138, 0.454622, 2
0.5874293, 0.5938147, 0.6936224, 2
0.4965408, 0.1819315, 0.4434989, 2
0.6667076, 0.6103518, 0.6078285, 2
0.5206373, 0.2827287, 0.5553139, 2
0.6863115, 0.3989381, 0.4865763, 2
0.4051646, 0.3121016, 0.4775364, 2
0.7649423, 0.4831261, 0.7645609, 2
0.3509215, 0.3071233, 0.3910812, 2
0.5746971, 0.4886675, 0.7688681, 2
0.389897, 0.103851, 0.3385569, 2
0.5212258, 0.3988422, 0.4088035, 2
0.7380087, 0.3684487, 0.567054, 2
0.7070958, 0.5086735, 0.795531, 2
0.319615, 0.2644817, 0.3687783, 2
0.8999498, 0.641017, 0.6095468, 2
0.3917997, 0.2884759, 0.3604217, 2
0.4622107, 0.3769508, 0.4492733, 2
0.6347459, 0.3514744, 0.6626571, 2
0.4610754, 0.2214321, 0.4970261, 2
0.4970238, 0.5600982, 0.6494583, 2
0.67763, 0.6448889, 0.6257117, 2
0.8143201, 0.5708548, 0.5665413, 2
0.7633667, 0.4197256, 0.6761081, 2
0.8599439, 0.6246406, 0.6351651, 2
0.6304236, 0.3408302, 0.6078454, 2
0.4401012, 0.2382744, 0.5092313, 2
0.5127829, 0.1569266, 0.3994743, 2
0.4956906, 0.5627617, 0.701854, 2
0.7466813, 0.5750983, 0.5681424, 2
0.2915798, 0.272138, 0.4353453, 2
0.7804435, 0.54748, 0.8760579, 2
0.4214358, 0.2536136, 0.4642533, 2
0.555609, 0.525863, 0.5362288, 2
0.7144731, 0.539252, 0.8768346, 2
0.7722023, 0.5257063, 0.8381731, 2
0.3785388, 0.2757524, 0.4334276, 2
0.6015991, 0.5707505, 0.7107955, 2
0.496998, 0.4652643, 0.4789115, 2
0.7847149, 0.4556585, 0.605164, 2
0.8120575, 0.5550883, 0.5825099, 2
0.710526, 0.3487816, 0.6392911, 2
0.5928968, 0.2999317, 0.573216, 2
0.4228888, 0.1475734, 0.2736182, 2
0.4492027, 0.5353673, 0.6701512, 2
0.4615201, 0.4175368, 0.532657, 2
0.5157751, 0.5898845, 0.719763, 2
0.821468, 0.4840169, 0.7876611, 2
0.8477485, 0.6225098, 0.5926254, 2
0.7958207, 0.6853758, 0.608728, 2
0.9072714, 0.5498415, 0.6886538, 2
0.8503054, 0.4862342, 0.6876749, 2
0.8293123, 0.5320559, 0.8216071, 2
0.5537075, 0.3505058, 0.4184003, 2
0.6204629, 0.6279647, 0.5924066, 2
0.3354138, 0.29403, 0.4708378, 2
0.8112718, 0.498548, 0.6973894, 2
0.7023406, 0.5705062, 0.8299469, 2
0.3915772, 0.1658386, 0.3903052, 2
0.8571873, 0.5561564, 0.7071716, 2
0.5739772, 0.3697642, 0.4390932, 2
0.4430049, 0.3316032, 0.3808637, 2
0.6676989, 0.3171862, 0.4813095, 2
0.3433584, 0.1137748, 0.3625115, 2
0.8766295, 0.6323593, 0.6353328, 2
0.5338811, 0.3897668, 0.7047468, 2
0.6504205, 0.5545102, 0.5824171, 2
0.2929472, 0.102525, 0.3954238, 2
0.3589571, 0.3122704, 0.4029386, 2
0.8242843, 0.5621344, 0.6317738, 2
0.3747939, 0.2953119, 0.5654145, 2
0.5372538, 0.5698971, 0.7749329, 2
0.4814049, 0.3011201, 0.5918022, 2
0.452613, 0.3807207, 0.5963119, 2
0.7371124, 0.3952293, 0.59873, 2
0.7786765, 0.4451109, 0.5451507, 2
0.4817871, 0.3008184, 0.5865659, 2
0.6893438, 0.6476715, 0.6322597, 2
0.4585018, 0.5187894, 0.6750231, 2
0.4588497, 0.4049719, 0.4919109, 2
0.5309182, 0.2759357, 0.5915177, 2
0.6347739, 0.6107562, 0.6320306, 2
0.3645394, 0.2727453, 0.3297722, 2
0.3428998, 0.3365046, 0.4349341, 2
0.6201758, 0.6138605, 0.5639881, 2
0.5438505, 0.5105562, 0.713125, 2
0.7271148, 0.639313, 0.5714118, 2
0.6690108, 0.4772179, 0.4391011, 2
0.7434915, 0.6105995, 0.5716942, 2
0.5127432, 0.4931286, 0.7390647, 2
0.4432048, 0.5486399, 0.6641724, 2
0.5664551, 0.2376556, 0.4677462, 2
0.4725425, 0.5206532, 0.6469297, 2
0.5291337, 0.2973504, 0.6002283, 2
0.6964604, 0.3333582, 0.4633885, 2
0.4307368, 0.1900459, 0.4974192, 2
0.4597442, 0.1378518, 0.4068731, 2
0.6765741, 0.5430537, 0.5069149, 2
0.8883455, 0.5299609, 0.6775594, 2
0.5018778, 0.2106616, 0.3838573, 2
0.6061605, 0.3147632, 0.5474576, 2
0.8823983, 0.5339774, 0.777977, 2
0.6107681, 0.4912519, 0.4418284, 2
0.4540855, 0.1894195, 0.3977702, 2
0.7212505, 0.6062858, 0.5806595, 2
0.8171824, 0.5729796, 0.5731324, 2
0.3221062, 0.1443369, 0.3808157, 2
0.3244383, 0.1089911, 0.4003868, 2
0.6343816, 0.6648116, 0.6417408, 2
0.4357018, 0.3771852, 0.582377, 2
0.6303234, 0.300722, 0.5555955, 2
0.5075786, 0.271222, 0.5077567, 2
0.669365, 0.3449692, 0.6401011, 2
0.7183993, 0.3496554, 0.4753596, 2
0.2930186, 0.3447002, 0.508136, 2
0.6229465, 0.398228, 0.4102503, 2
0.7541779, 0.3942319, 0.6128256, 2
0.7025869, 0.3991214, 0.4907818, 2
0.668326, 0.5473534, 0.4478431, 2
0.6630004, 0.555299, 0.5875922, 2
0.7808641, 0.3775379, 0.599858, 2
0.7142335, 0.3557908, 0.4834158, 2
0.4009476, 0.3777721, 0.5724629, 2
0.5863811, 0.3735815, 0.4767949, 2
0.5716593, 0.5180001, 0.5101897, 2
0.3883849, 0.3493148, 0.4276889, 2
0.4687545, 0.2915026, 0.557739, 2
0.835745, 0.5721612, 0.6216283, 2
0.5623729, 0.5711499, 0.8254819, 2
0.503899, 0.3373641, 0.4086074, 2
0.848708, 0.682313, 0.5845591, 2
0.5073221, 0.2092111, 0.3555439, 2
0.745918, 0.5667979, 0.5736721, 2
0.5663038, 0.3303743, 0.4417673, 2
0.5422305, 0.2085674, 0.4549522, 2
0.6743979, 0.3882005, 0.7037803, 2
0.4779126, 0.2056344, 0.4890562, 2
0.7843417, 0.4650428, 0.5598395, 2
0.781688, 0.4931452, 0.8053549, 2
0.760595, 0.4657251, 0.7003818, 2
0.7044911, 0.6204795, 0.5572982, 2
0.3183089, 0.2819611, 0.3864403, 2
0.6160492, 0.2707527, 0.4560236, 2
0.6111915, 0.5499979, 0.4543475, 2
0.8065339, 0.4872508, 0.6100549, 2
0.5584682, 0.6220013, 0.6650383, 2
0.5888394, 0.3194974, 0.6269661, 2
0.3336549, 0.2685359, 0.4083234, 2
0.3834964, 0.3793036, 0.497027, 2
0.4560911, 0.2125465, 0.4778497, 2
0.8032957, 0.473221, 0.5770433, 2
0.6462017, 0.2803821, 0.4624881, 2
0.4631916, 0.4008385, 0.4637371, 2
0.3396051, 0.2655191, 0.4261068, 2
0.4132418, 0.2117323, 0.4806153, 2
0.3713677, 0.2801202, 0.4212163, 2
0.3323624, 0.3399888, 0.4825159, 2
0.7861302, 0.6621066, 0.6099677, 2
0.6588416, 0.6633459, 0.6740281, 2
0.6221579, 0.5899146, 0.8388214, 2
0.6025335, 0.6172169, 0.6617785, 2
0.5295224, 0.220154, 0.4876039, 2
0.6403206, 0.6015103, 0.5870951, 2
0.5411242, 0.4061309, 0.7085087, 2
0.566345, 0.5562734, 0.5603426, 2
0.5190297, 0.421417, 0.4254893, 2
0.6454525, 0.5431916, 0.7953786, 2
0.6137015, 0.3414191, 0.5563371, 2
0.8109146, 0.4708647, 0.8085399, 2
0.363215, 0.3249128, 0.5357407, 2
0.6375071, 0.5732694, 0.8489507, 2
0.4637331, 0.1517965, 0.3616706, 2
0.665928, 0.4579783, 0.4448247, 2
0.4567995, 0.5047936, 0.6706781, 2
0.418902, 0.2633519, 0.3408557, 2
0.6596355, 0.5210378, 0.4652277, 2
0.5395528, 0.3400294, 0.6419917, 2
0.6649551, 0.6479203, 0.6698651, 2
0.6968359, 0.5708771, 0.5387416, 2
0.6846572, 0.5387642, 0.5430352, 2
0.3936037, 0.3565137, 0.4579533, 2
0.7126362, 0.4172862, 0.6247236, 2
0.4325995, 0.2305036, 0.5476015, 2
0.7285026, 0.52004, 0.8502702, 2
0.3871762, 0.1380794, 0.3912433, 2
0.4840729, 0.3554829, 0.6218618, 2
0.7891908, 0.5048367, 0.8500841, 2
0.2852916, 0.2562025, 0.412291, 2
0.4708176, 0.5317463, 0.6483719, 2
0.5137607, 0.483505, 0.4623806, 2
0.4153859, 0.3456483, 0.4222966, 2
0.5420818, 0.308502, 0.4192206, 2
0.6493098, 0.530203, 0.4403681, 2
0.8705918, 0.5894017, 0.6936849, 2
0.5154103, 0.2765711, 0.5101246, 2
0.4816267, 0.4506663, 0.5622683, 2
0.5634499, 0.2894284, 0.561457, 2
0.801757, 0.4943053, 0.5671241, 2
0.5165187, 0.4911135, 0.7114862, 2
0.589509, 0.5696572, 0.7307294, 2
0.8255872, 0.6835365, 0.5935725, 2
0.6116864, 0.2624887, 0.5440984, 2
0.6696557, 0.4386581, 0.7695593, 2
0.551318, 0.5900516, 0.6177012, 2
0.6113665, 0.5713752, 0.7370325, 2
0.3261024, 0.3629167, 0.5221475, 2
0.5772575, 0.4726031, 0.4998248, 2
0.5334983, 0.493748, 0.7855764, 2
0.7974265, 0.6786969, 0.599737, 2
0.8036437, 0.4644744, 0.5506387, 2
0.8431997, 0.5297946, 0.6431297, 2
0.90916, 0.5535148, 0.6727602, 2
0.8371551, 0.4980374, 0.703477, 2
0.7949778, 0.5478516, 0.5409253, 2
0.5665674, 0.5468561, 0.7642757, 2
0.721981, 0.3434004, 0.4777537, 2
0.7219701, 0.4280059, 0.6976086, 2
0.6699389, 0.5437736, 0.5343809, 2
0.8024634, 0.5000032, 0.8168821, 2
0.4746443, 0.5286383, 0.7538157, 2
0.4190583, 0.2430344, 0.4610898, 2
0.2967649, 0.2580466, 0.388621, 2
0.8409342, 0.491971, 0.6499505, 2
0.3480743, 0.2824007, 0.4492935, 2
0.6500336, 0.5714509, 0.568522, 2
0.3529312, 0.2839709, 0.3609408, 2
0.5482227, 0.2399096, 0.4277989, 2
0.4996664, 0.3027313, 0.5690825, 2
0.4340581, 0.1922066, 0.3172966, 2
0.5267203, 0.331295, 0.5882676, 2
0.6013281, 0.5388319, 0.4697966, 2
0.4026443, 0.3558559, 0.4530442, 2
0.5795511, 0.5402039, 0.8299647, 2
0.6069477, 0.5139465, 0.4533518, 2
0.3851297, 0.259982, 0.3119415, 2
0.6376533, 0.4882104, 0.4964621, 2
0.5451696, 0.2468945, 0.4878856, 2
0.6795071, 0.3330569, 0.5755262, 2
0.4898216, 0.4597682, 0.7029545, 2
0.5058604, 0.490173, 0.7394066, 2
0.4923496, 0.2033072, 0.4620594, 2
0.7417288, 0.5008014, 0.5382906, 2
0.6002296, 0.5184643, 0.7739528, 2
0.7683699, 0.5497418, 0.8217477, 2
0.3758901, 0.2625104, 0.3346375, 2
0.5465028, 0.5975867, 0.8016804, 2
0.5166852, 0.1718589, 0.4369265, 2
0.5638664, 0.5247554, 0.7877934, 2
0.7311707, 0.5540205, 0.8248023, 2
0.6540209, 0.2905146, 0.4805254, 2
0.8472421, 0.4718434, 0.812793, 2
0.3210042, 0.2788047, 0.4287015, 2
0.8530534, 0.4671142, 0.6321983, 2
0.5323277, 0.2318764, 0.4982063, 2
0.6322215, 0.3119579, 0.4983445, 2
0.3459635, 0.2398191, 0.308193, 2
0.6406225, 0.528351, 0.537106, 2
0.6307269, 0.6156961, 0.5827666, 2
0.4159809, 0.2122864, 0.4842324, 2
0.4473881, 0.4302243, 0.5635825, 2
0.6933841, 0.5954596, 0.612061, 2
0.4844676, 0.4989541, 0.75554, 2
0.4843477, 0.2868171, 0.5671916, 2
0.6162775, 0.3553622, 0.6197286, 2
0.4305151, 0.3664368, 0.4635122, 2
0.8776332, 0.575714, 0.7171769, 2
0.4954955, 0.4887606, 0.7305124, 2
0.8031349, 0.5159232, 0.6161611, 2
0.7431622, 0.4080566, 0.6823946, 2
0.315194, 0.3324856, 0.4613369, 2
0.4902484, 0.5429057, 0.6240408, 2
0.5101795, 0.4175711, 0.4328402, 2
0.3543807, 0.302046, 0.3786819, 2
0.5800975, 0.5378301, 0.7965856, 2
0.6817011, 0.5768735, 0.817978, 2
0.5829068, 0.5631641, 0.839749, 2
0.3304879, 0.3080477, 0.4959098, 2
0.772301, 0.4601879, 0.695514, 2
0.6282511, 0.379153, 0.4172842, 2
0.5462165, 0.245845, 0.4215235, 2
0.7057291, 0.5599922, 0.4694585, 2
0.3725426, 0.1748602, 0.3792559, 2
0.6149434, 0.5228161, 0.4530475, 2
0.6264815, 0.411705, 0.4514197, 2
0.5292979, 0.3665986, 0.6280907, 2
0.4254447, 0.1513743, 0.327389, 2
0.5787871, 0.2089236, 0.4303223, 2
0.5563606, 0.4945396, 0.5149804, 2
0.3934991, 0.3539826, 0.5528419, 2
0.4749535, 0.1885102, 0.3579254, 2
0.4336321, 0.2214589, 0.528771, 2
0.7843292, 0.5418984, 0.5387478, 2
0.4553086, 0.4697559, 0.6563385, 2
0.3195056, 0.3528056, 0.4882414, 2
0.5732291, 0.3348416, 0.6371306, 2
0.6378831, 0.6269072, 0.6101239, 2
0.5329989, 0.1866787, 0.3802543, 2
0.7597546, 0.4583012, 0.5251136, 2
0.8054138, 0.4676978, 0.7172074, 2
0.5264993, 0.2285431, 0.5006229, 2
0.6870373, 0.4276035, 0.5033603, 2
0.8108929, 0.4678259, 0.6441934, 2
0.6583718, 0.4965611, 0.7705302, 2
0.6920044, 0.5448372, 0.5319428, 2
0.3869951, 0.3790605, 0.4967804, 2
0.7578043, 0.3783438, 0.6511624, 2
0.4497497, 0.1865849, 0.2968682, 2
0.6382975, 0.3614915, 0.5979728, 2
0.567683, 0.5109266, 0.5115477, 2
0.5458083, 0.5661013, 0.779075, 2
0.3328755, 0.3400083, 0.448923, 2
0.6961048, 0.5600739, 0.5635698, 2
0.5656561, 0.4324013, 0.424248, 2
0.5750254, 0.4887877, 0.7535129, 2
0.7692194, 0.5107006, 0.5318857, 2
0.6819391, 0.3472792, 0.5574404, 2
0.6210253, 0.2905805, 0.4607955, 2
0.8193119, 0.47489, 0.7559001, 2
0.5759616, 0.6483043, 0.7439948, 2
0.3278112, 0.3206427, 0.4484701, 2
0.7325456, 0.3386841, 0.577233, 2
0.4366558, 0.2446875, 0.4912746, 2
0.7870528, 0.4323519, 0.5872077, 2
0.3787363, 0.3275734, 0.390466, 2
0.647247, 0.5731406, 0.8413504, 2
0.7402741, 0.6595588, 0.6202182, 2
0.6475141, 0.4420527, 0.7757946, 2
0.8103156, 0.4953784, 0.5503889, 2
0.4902413, 0.2876983, 0.5586445, 2
0.4742997, 0.3015472, 0.5703731, 2
0.6668332, 0.6042671, 0.5169203, 2
0.6336583, 0.5670786, 0.8410495, 2
0.4851368, 0.538753, 0.6892644, 2
0.5504171, 0.453265, 0.459024, 2
0.6114044, 0.6259911, 0.5971836, 2
0.8507347, 0.6031291, 0.5816346, 2
0.3437946, 0.1711813, 0.4022722, 2
0.7779496, 0.5167764, 0.8567494, 2
0.3873554, 0.1967343, 0.4705365, 2
0.6945821, 0.5615138, 0.8618897, 2
0.6316408, 0.5789587, 0.6002421, 2
0.7487237, 0.4030794, 0.6230722, 2
0.6272173, 0.2939917, 0.4995821, 2
0.4896542, 0.1803446, 0.4274251, 2
0.743007, 0.6792418, 0.6366715, 2
0.4908076, 0.4562977, 0.6328061, 2
0.7830082, 0.4340314, 0.5902877, 2
0.6194268, 0.5537706, 0.5346469, 2
0.8672984, 0.5560122, 0.6708996, 2
0.4252251, 0.2883215, 0.5070463, 2
0.5962123, 0.4326077, 0.744296, 2
0.7216514, 0.6753794, 0.6666889, 2
0.5036391, 0.4813436, 0.5674974, 2
0.5026899, 0.5672828, 0.6899713, 2
0.5545936, 0.4458908, 0.4850257, 2
0.7601725, 0.5255296, 0.5424069, 2
0.4472901, 0.3065624, 0.3529793, 2
0.3184681, 0.2481503, 0.3924059, 2
0.6633919, 0.2875896, 0.496756, 2
0.6007754, 0.520328, 0.8098527, 2
0.6088337, 0.5079902, 0.4472449, 2
0.3523257, 0.3263274, 0.4143926, 2
0.6762516, 0.581136, 0.589729, 2
0.7538018, 0.3925807, 0.5175014, 2
0.4606826, 0.4946573, 0.6135365, 2
0.6180077, 0.519618, 0.7731725, 2
0.5147821, 0.2172548, 0.502402, 2
0.6601208, 0.4461041, 0.7356133, 2
0.5641489, 0.337712, 0.6127149, 2
0.3689367, 0.3611938, 0.466796, 2
0.8093919, 0.5012744, 0.8558924, 2
0.5750839, 0.5294973, 0.8056884, 2
0.8311234, 0.4529688, 0.7935252, 2
0.5089151, 0.4609784, 0.4574938, 2
0.6269317, 0.4968707, 0.5046967, 2
0.7758533, 0.4146169, 0.6850047, 2
0.7815169, 0.4066659, 0.6374238, 2
0.4668586, 0.3839947, 0.62023, 2
0.4511561, 0.508841, 0.6282938, 2
0.5722275, 0.4272346, 0.4029656, 2
0.4782695, 0.2170042, 0.3344827, 2
0.8670297, 0.5203575, 0.7589486, 2
0.5699407, 0.4942779, 0.4849942, 2
0.5776737, 0.5638598, 0.838317, 2
0.3131874, 0.08607657, 0.3897473, 2
0.534868, 0.3186702, 0.5664194, 2
0.907171, 0.5574998, 0.6468812, 2
0.6344856, 0.5122703, 0.4349259, 2
0.6017146, 0.4823218, 0.4330036, 2
0.6239347, 0.5773709, 0.5177054, 2
0.8896158, 0.5464858, 0.7256732, 2
0.4627274, 0.150973, 0.3314362, 2
0.8120994, 0.5027141, 0.554763, 2
0.871531, 0.5086672, 0.7211479, 2
0.506259, 0.6279982, 0.7690025, 2
0.7577235, 0.5818425, 0.5659476, 2
0.3663697, 0.3646165, 0.4728533, 2
0.7111125, 0.3877046, 0.600225, 2
0.8150741, 0.47515, 0.7133673, 2
0.3474651, 0.2750879, 0.3503264, 2
0.7287105, 0.499018, 0.5355605, 2
0.6419476, 0.5775691, 0.57551, 2
0.6198165, 0.2581627, 0.5070765, 2
0.4383179, 0.15013, 0.3181127, 2
0.8090872, 0.4845734, 0.5694314, 2
0.766131, 0.6185905, 0.6099694, 2
0.6407031, 0.5720301, 0.5786659, 2
0.8618547, 0.5522018, 0.7296633, 2
0.4311522, 0.1931099, 0.4972193, 2
0.5152252, 0.1962361, 0.4909491, 2
0.4286861, 0.2452141, 0.4756769, 2
0.421992, 0.346518, 0.4087795, 2
0.4135807, 0.402758, 0.5133574, 2
0.6466822, 0.2733775, 0.4715001, 2
0.3525649, 0.1658287, 0.4254421, 2
0.2899266, 0.2707254, 0.4355297, 2
0.7846658, 0.6803565, 0.6306657, 2
0.6771194, 0.6790876, 0.6688362, 2
0.680453, 0.3688897, 0.5793561, 2
0.4491523, 0.3894821, 0.634328, 2
0.4765473, 0.4148268, 0.5063599, 2
0.6764837, 0.3276413, 0.5618748, 2
0.7508919, 0.4394611, 0.6912123, 2
0.5921823, 0.3340825, 0.4638229, 2
0.6412532, 0.3281083, 0.5340583, 2
0.8241488, 0.5101238, 0.8031189, 2
0.6625364, 0.516497, 0.4322423, 2
0.4439599, 0.222209, 0.5283886, 2
0.6310636, 0.491339, 0.461331, 2
0.6569358, 0.4782251, 0.8205668, 2
0.869848, 0.4647249, 0.8300511, 2
0.6519653, 0.5975913, 0.5196262, 2
0.49716, 0.2691723, 0.5275869, 2
0.462523, 0.4060742, 0.4943752, 2
0.8030483, 0.5184355, 0.5516531, 2
0.543602, 0.4160537, 0.4292421, 2
0.5764259, 0.5502284, 0.6777463, 2
0.7743654, 0.4247567, 0.7407915, 2
0.5133196, 0.394748, 0.4054373, 2
0.6182624, 0.5682014, 0.4824409, 2
0.5427248, 0.4917363, 0.5311469, 2
0.6183802, 0.5355672, 0.7856335, 2
0.3848889, 0.2016625, 0.4341432, 2
0.390779, 0.3897218, 0.5150633, 2
0.8100212, 0.5402176, 0.8242806, 2
0.52873, 0.388327, 0.696597, 2
0.4578649, 0.5247861, 0.6757141, 2
0.6767046, 0.4563902, 0.7929501, 2
0.619945, 0.4322099, 0.4654159, 2
0.4835907, 0.4171485, 0.475242, 2
0.8041732, 0.4846617, 0.5572929, 2
0.7630551, 0.4514199, 0.6349768, 2
0.4760518, 0.221619, 0.5121649, 2
0.6610518, 0.3119279, 0.4921969, 2
0.5293862, 0.2776866, 0.5364949, 2
0.4845231, 0.5145701, 0.7221785, 2
0.8166661, 0.5084606, 0.7365184, 2
0.8580669, 0.5706468, 0.5950096, 2
0.5837576, 0.4346268, 0.4256989, 2
0.6681046, 0.2732098, 0.4889603, 2
0.6634718, 0.5478498, 0.44889, 2
0.6089882, 0.5101905, 0.5138097, 2
0.6758612, 0.6739804, 0.6557877, 2
0.784717, 0.6314246, 0.5971301, 2
0.3191294, 0.3249085, 0.4884804, 2
0.6550818, 0.5901515, 0.8300833, 2
0.3545998, 0.3185748, 0.5304038, 2
0.7695727, 0.5385265, 0.8784242, 2
0.3191953, 0.09688161, 0.3832676, 2
0.6087765, 0.3498539, 0.6453767, 2
0.4758137, 0.5714623, 0.6879314, 2
0.5606003, 0.4694517, 0.4319677, 2
0.6934805, 0.4014434, 0.6995526, 2
0.3782403, 0.3262998, 0.5320059, 2
0.5230067, 0.2852495, 0.5968736, 2
0.849292, 0.5828432, 0.632968, 2
0.597769, 0.341446, 0.6709955, 2
0.3782125, 0.3140032, 0.4996977, 2
0.8151165, 0.485094, 0.5948605, 2
0.8409441, 0.5227311, 0.6767311, 2
0.7660726, 0.4055893, 0.5987107, 2
0.9029235, 0.5202538, 0.6823347, 2
0.3535777, 0.2989996, 0.4685269, 2
0.4383013, 0.348354, 0.4082742, 2
0.3810711, 0.3418247, 0.4080905, 2
0.3222377, 0.2462922, 0.3893134, 2
0.5843778, 0.3752642, 0.4188665, 2
0.5680483, 0.4947003, 0.4888544, 2
0.6890047, 0.6601788, 0.6223485, 2
0.4408582, 0.2926989, 0.5616187, 2
0.2896256, 0.3356275, 0.5105919, 2
0.7498321, 0.6383665, 0.6160236, 2
0.4251656, 0.2233606, 0.4790187, 2
0.6634969, 0.7216302, 0.7537273, 2
0.6046208, 0.479572, 0.7961422, 2
0.7664362, 0.640528, 0.5787839, 2
0.8461193, 0.5397005, 0.6188945, 2
0.5100598, 0.4664767, 0.5446717, 2
0.6115814, 0.3938777, 0.7066594, 2
0.6862686, 0.5294857, 0.525773, 2
0.536188, 0.1964717, 0.391946, 2
0.7163299, 0.5705159, 0.5750861, 2
0.6311772, 0.4283274, 0.7310906, 2
0.5926427, 0.2258326, 0.4502203, 2
0.416119, 0.1471249, 0.4129702, 2
0.423954, 0.4476895, 0.6304291, 2
0.3784165, 0.1044248, 0.3476682, 2
0.6609415, 0.3674404, 0.6624965, 2
0.5900844, 0.4975675, 0.7799295, 2
0.4775741, 0.387424, 0.4450315, 2
0.6535988, 0.511667, 0.429637, 2
0.423787, 0.4307232, 0.6192611, 2
0.7729232, 0.4193074, 0.51726, 2
0.6514452, 0.5531293, 0.5799981, 2
0.4431452, 0.1103012, 0.3522706, 2
0.6186187, 0.6376361, 0.6635508, 2
0.690582, 0.6621467, 0.6187441, 2
0.6195531, 0.5138408, 0.756156, 2
0.7184934, 0.4683312, 0.7370502, 2
0.3958332, 0.124096, 0.3532608, 2
0.5625454, 0.3574, 0.4134362, 2
0.6788073, 0.5253643, 0.8220201, 2
0.5477461, 0.3629605, 0.6881741, 2
0.5080703, 0.2592148, 0.3886098, 2
0.5719308, 0.45982, 0.464145, 2
0.417862, 0.3545046, 0.4270614, 2
0.6430182, 0.4148697, 0.7426783, 2
0.7625706, 0.3590211, 0.5740421, 2
0.3269864, 0.2884326, 0.3855675, 2
0.4915493, 0.2093757, 0.528906, 2
0.3823991, 0.3345864, 0.3973457, 2
0.5176404, 0.4314424, 0.4360245, 2
0.6610221, 0.4201747, 0.7268813, 2
0.4115008, 0.295425, 0.5303193, 2
0.7939063, 0.421062, 0.6467702, 2
0.6028219, 0.5637841, 0.5181051, 2
0.2934251, 0.312338, 0.4711328, 2
0.8064339, 0.4868674, 0.7779166, 2
0.8789585, 0.5580521, 0.6315275, 2
0.7167438, 0.3458741, 0.6093605, 2
0.5306792, 0.2592334, 0.5891895, 2
0.5921218, 0.4473566, 0.4389136, 2
0.5691627, 0.648463, 0.7495239, 2
0.613195, 0.4810155, 0.4517228, 2
0.4763112, 0.2994407, 0.5696966, 2
0.3947391, 0.3599363, 0.5567843, 2
0.4140943, 0.1845304, 0.4774363, 2
0.8419394, 0.5140916, 0.7815886, 2
0.7074707, 0.536595, 0.8545581, 2
0.7182199, 0.4502764, 0.7773041, 2
0.4212104, 0.1178901, 0.3840536, 2
0.5571092, 0.5047731, 0.5218996, 2
0.8748708, 0.5937807, 0.6920258, 2
0.5187238, 0.2746298, 0.4973016, 2
0.659234, 0.5218607, 0.4373868, 2
0.5578465, 0.1755985, 0.4064527, 2
0.7947918, 0.4837264, 0.8128563, 2
0.8447786, 0.675063, 0.6251118, 2
0.5168281, 0.3874615, 0.695843, 2
0.3165079, 0.2438749, 0.3498605, 2
0.4791877, 0.2846812, 0.5519437, 2
0.8120104, 0.5248669, 0.5904173, 2
0.6416785, 0.5193021, 0.4574184, 2
0.7618946, 0.3790649, 0.6084826, 2
0.4999757, 0.5734587, 0.615894, 2
0.7776667, 0.5675274, 0.5647824, 2
0.6006373, 0.4232219, 0.4568788, 2
0.7977183, 0.4798035, 0.8299773, 2
0.5050693, 0.4668242, 0.5360906, 2
0.6348941, 0.3951238, 0.6742182, 2
0.8855776, 0.6336747, 0.6527275, 2
0.4359906, 0.1779852, 0.4779376, 2
0.7637231, 0.4407097, 0.5702071, 2
0.5060847, 0.4656737, 0.7108979, 2
0.4436641, 0.1301223, 0.2971542, 2
0.5862946, 0.4734841, 0.4276228, 2
0.4897414, 0.1472638, 0.3785607, 2
0.407344, 0.1130269, 0.3301739, 2
0.7869083, 0.515584, 0.8238577, 2
0.6011291, 0.3573669, 0.6854272, 2
0.5992014, 0.2641588, 0.5325339, 2
0.4385393, 0.2618834, 0.4812809, 2
0.4364312, 0.501572, 0.6524338, 2
0.7602732, 0.5071748, 0.8184414, 2
0.6105788, 0.6420233, 0.6524211, 2
0.6219727, 0.4569363, 0.4372859, 2
0.6730639, 0.4463021, 0.4694158, 2
0.7854279, 0.5422574, 0.586018, 2
0.6723353, 0.5235137, 0.8268482, 2
0.7893806, 0.48257, 0.6396305, 2
0.5871993, 0.4182208, 0.7324827, 2
0.5637352, 0.4279708, 0.4304412, 2
0.7983448, 0.5666845, 0.8413882, 2
0.4652365, 0.5259262, 0.6802315, 2
0.8021354, 0.5709519, 0.5493485, 2
0.7368334, 0.4193474, 0.5207861, 2
0.5449124, 0.2814339, 0.5353258, 2
0.4206429, 0.2826161, 0.3472653, 2
0.3939086, 0.2852636, 0.4528022, 2
0.7676097, 0.6616604, 0.5750784, 2
0.4419032, 0.2913147, 0.5321892, 2
0.4427218, 0.1410247, 0.3923102, 2
0.5488017, 0.5983462, 0.8086187, 2
0.6253368, 0.5512048, 0.8175722, 2
0.7408866, 0.5417446, 0.8463544, 2
0.6747401, 0.333921, 0.5005521, 2
0.7483622, 0.460795, 0.7224716, 2
0.3511616, 0.2403528, 0.3172678, 2
0.9060243, 0.5808525, 0.6475708, 2
0.4132492, 0.2925332, 0.5169729, 2
0.5860863, 0.5631639, 0.6920308, 2
0.5943174, 0.4595404, 0.7733123, 2
0.4989424, 0.3605171, 0.3902257, 2
0.7879348, 0.4774094, 0.7945551, 2
0.7649224, 0.4553412, 0.6368027, 2
0.3370001, 0.1815042, 0.3701808, 2
0.4261411, 0.3720798, 0.4757674, 2
0.7449521, 0.3684002, 0.5072632, 2
0.6005787, 0.3486908, 0.6756668, 2
0.5747101, 0.2658412, 0.5035282, 2
0.8234869, 0.5449132, 0.6156586, 2
0.570623, 0.2416344, 0.5585774, 2
0.627097, 0.4991235, 0.4704211, 2
0.6290501, 0.4394157, 0.4399983, 2
0.6458657, 0.5779194, 0.8587309, 2
0.7519369, 0.564486, 0.8650121, 2
0.7899667, 0.4652145, 0.8270685, 2
0.4797339, 0.4369478, 0.6239184, 2
0.5766156, 0.485441, 0.4726986, 2
0.3453543, 0.2762196, 0.3569685, 2
0.3422888, 0.1482874, 0.4102884, 2
0.3861808, 0.292873, 0.3377713, 2
0.458093, 0.1287892, 0.392375, 2
0.8162552, 0.6944653, 0.5938081, 2
0.872444, 0.5367439, 0.7281881, 2
0.8752412, 0.5360842, 0.7841691, 2
0.7469766, 0.433173, 0.758469, 2
0.4322436, 0.3273832, 0.5853159, 2
0.6365435, 0.3901001, 0.4185332, 2
0.5768759, 0.6104289, 0.8290155, 2
0.5327222, 0.2632222, 0.392619, 2
0.7018473, 0.636301, 0.6424888, 2
0.6989204, 0.3705024, 0.5766481, 2
0.6310472, 0.4933873, 0.5013044, 2
0.6710979, 0.4228669, 0.7541313, 2
0.5072246, 0.4326029, 0.4586231, 2
0.5653464, 0.2594533, 0.5471932, 2
0.398417, 0.2235323, 0.4390643, 2
0.3875666, 0.2853685, 0.3430836, 2
0.3290847, 0.160651, 0.3825944, 2
0.4972086, 0.1872066, 0.4332698, 2
0.767101, 0.440196, 0.5305062, 2
0.8903556, 0.5714906, 0.7535344, 2
0.6601399, 0.2820949, 0.4775175, 2
0.642768, 0.4881733, 0.5000222, 2
0.5979673, 0.5536922, 0.4696124, 2
0.619984, 0.2598747, 0.4797002, 2
0.5221124, 0.3184846, 0.5941985, 2
0.6597304, 0.5534217, 0.8498347, 2
0.5474715, 0.3685635, 0.4174465, 2
0.6210382, 0.5152398, 0.5191853, 2
0.4884914, 0.1992341, 0.400061, 2
0.5531918, 0.4688134, 0.7255278, 2
0.3445876, 0.1368814, 0.3458516, 2
0.6479878, 0.3083753, 0.5378813, 2
0.5866522, 0.4410802, 0.4187739, 2
0.5972762, 0.6830677, 0.7401493, 2
0.6345757, 0.4693737, 0.7544781, 2
0.4817264, 0.2071343, 0.4069581, 2
0.8848935, 0.5764295, 0.6200897, 2
0.5107329, 0.4140101, 0.429293, 2
0.6844776, 0.547445, 0.8327096, 2
0.4994306, 0.4768482, 0.4660778, 2
0.6654154, 0.7129607, 0.7412395, 2
0.4726928, 0.1973022, 0.3866693, 2
0.3970999, 0.1417388, 0.4246187, 2
0.5560448, 0.673184, 0.7600464, 2
0.792571, 0.685642, 0.6145144, 2
0.5811813, 0.5238239, 0.4982333, 2
0.8410007, 0.5175886, 0.8384837, 2
0.8047428, 0.444297, 0.7741632, 2
0.8223377, 0.4986888, 0.8424627, 2
0.8093421, 0.4694575, 0.5974958, 2
0.7359424, 0.4399242, 0.5530977, 2
0.4530386, 0.4258208, 0.5628985, 2
0.5573583, 0.3552692, 0.4155635, 2
0.5745723, 0.5010316, 0.4661807, 2
0.4579325, 0.3003225, 0.5600831, 2
0.440482, 0.2831083, 0.5597003, 2
0.6600288, 0.6716666, 0.6763755, 2
0.6695627, 0.4949921, 0.4863538, 2
0.674681, 0.5237468, 0.4392719, 2
0.6897155, 0.364168, 0.4736969, 2
0.7094558, 0.6665211, 0.6708769, 2
0.6666978, 0.5419567, 0.5526358, 2
0.8090357, 0.5124924, 0.5768657, 2
0.883351, 0.6133385, 0.6280714, 2
0.4959976, 0.4163634, 0.4553542, 2
0.7031956, 0.3545671, 0.4679012, 2
0.412326, 0.3630741, 0.4564349, 2
0.6886364, 0.5377088, 0.56282, 2
0.5982012, 0.6223291, 0.594047, 2
0.6273476, 0.5766318, 0.5689785, 2
0.5972056, 0.2854783, 0.4519618, 2
0.8778375, 0.4928402, 0.7509259, 2
0.5513313, 0.3354866, 0.5848625, 2
0.6181502, 0.4951036, 0.4277658, 2
0.7171924, 0.371572, 0.5940903, 2
0.377189, 0.2905029, 0.3631721, 2
0.6694825, 0.3924592, 0.7079945, 2
0.846706, 0.5105186, 0.6422241, 2
0.599519, 0.5337368, 0.4714745, 2
0.6886736, 0.4083739, 0.7023386, 2
0.7594205, 0.6201615, 0.6046279, 2
0.6765254, 0.4736558, 0.4428637, 2
0.8554976, 0.4969666, 0.7355891, 2
0.4240243, 0.4358077, 0.6229598, 2
0.4952535, 0.4387542, 0.48666, 2
0.6096994, 0.5955402, 0.8142677, 2
0.5185152, 0.1842837, 0.3662543, 2
0.6884296, 0.7072871, 0.7531402, 2
0.5628248, 0.3969962, 0.4365464, 2
0.5055136, 0.1592139, 0.4150779, 2
0.8002651, 0.6220158, 0.6018409, 2
0.5700441, 0.5272965, 0.7579043, 2
0.580977, 0.5881264, 0.6146833, 2
0.8518421, 0.6730499, 0.6130806, 2
0.6542651, 0.4248758, 0.455618, 2
0.7606103, 0.4956448, 0.7837968, 2
0.7266421, 0.5308306, 0.8597166, 2
0.8162559, 0.6847321, 0.5772366, 2
0.7317355, 0.5522591, 0.8241303, 2
0.8563451, 0.5476621, 0.6862692, 2
0.8292904, 0.5148144, 0.7844675, 2
0.5908785, 0.4872686, 0.4539487, 2
0.5906501, 0.4019267, 0.7143538, 2
0.5332032, 0.4862806, 0.4567093, 2
0.5087652, 0.4441467, 0.4626334, 2
0.5745774, 0.2942394, 0.5413475, 2
0.8236658, 0.5507481, 0.5668098, 2
0.7817365, 0.5229744, 0.86482, 2
0.7150644, 0.6681264, 0.6322542, 2
0.628342, 0.4661097, 0.7798983, 2
0.631009, 0.3659687, 0.5912543, 2
0.8863771, 0.6299475, 0.6082305, 2
0.541637, 0.6436837, 0.7559354, 2
0.6745919, 0.540521, 0.443224, 2
0.8623562, 0.4603668, 0.8020189, 2
0.3018664, 0.2879959, 0.4626938, 2
0.4301843, 0.3959315, 0.4951158, 2
0.5725506, 0.5646073, 0.8168662, 2
0.2838106, 0.2099581, 0.359123, 2
0.7236653, 0.6149075, 0.5842126, 2
0.8898062, 0.4795111, 0.8071258, 2
0.4627647, 0.2236306, 0.3256492, 2
0.6812512, 0.5103481, 0.485679, 2
0.7954143, 0.6718175, 0.5753493, 2
0.8313198, 0.4685811, 0.6617773, 2
0.8680182, 0.5550209, 0.7083454, 2
0.7669285, 0.4378545, 0.5735487, 2
0.4069855, 0.2315352, 0.4485761, 2
0.5489075, 0.2685462, 0.4851959, 2
0.6400911, 0.2874347, 0.4422103, 2
0.6201141, 0.6495134, 0.6489519, 2
0.5409651, 0.4871391, 0.452199, 2
0.560649, 0.2234635, 0.4156911, 2
0.7715649, 0.4458843, 0.5590487, 2
0.9061131, 0.4998321, 0.7267451, 2
0.5911424, 0.445895, 0.4162962, 2
0.3275564, 0.3854934, 0.539489, 2
0.8118333, 0.5506061, 0.5732292, 2
0.5795541, 0.5352504, 0.6945783, 2
0.8072299, 0.6167769, 0.5756332, 2
0.6678736, 0.6207654, 0.6371225, 2
0.6454908, 0.4942443, 0.809261, 2
0.8053553, 0.5012307, 0.586575, 2
0.5315551, 0.2181069, 0.4375491, 2
0.7407467, 0.5193548, 0.845176, 2
0.6366479, 0.5089056, 0.4397361, 2
0.3986452, 0.1890171, 0.4500081, 2
0.5824692, 0.5541617, 0.7240356, 2
0.3625605, 0.2710722, 0.4230189, 2
0.3996388, 0.3277132, 0.5443192, 2
0.7263114, 0.6424778, 0.571629, 2
0.6317056, 0.3624786, 0.6872106, 2
0.8566828, 0.6147307, 0.5829815, 2
0.4721068, 0.2544915, 0.534627, 2
0.804579, 0.4765647, 0.7381147, 2
0.6672537, 0.5149325, 0.8164533, 2
0.5182846, 0.1856537, 0.378934, 2
0.7281193, 0.5298194, 0.8430838, 2
0.7712116, 0.4804749, 0.7965989, 2
0.8716549, 0.6432592, 0.62152, 2
0.5541507, 0.3511659, 0.4181296, 2
0.7195692, 0.3509363, 0.6069307, 2
0.46785, 0.2552914, 0.4873839, 2
0.7782202, 0.6827084, 0.6228138, 2
0.6166335, 0.4676107, 0.4320874, 2
0.352516, 0.317921, 0.5307083, 2
0.8821423, 0.4902808, 0.8279548, 2
0.5039898, 0.4584559, 0.4772271, 2
0.6886398, 0.538672, 0.5087756, 2
0.3061014, 0.2908248, 0.41682, 2
0.4347615, 0.2506248, 0.3485211, 2
0.6311006, 0.4926579, 0.7428111, 2
0.2955244, 0.3039613, 0.4861544, 2
0.6133353, 0.4002469, 0.6944209, 2
0.4267532, 0.4006272, 0.5024264, 2
0.6738883, 0.49181, 0.7956508, 2
0.4638772, 0.1813135, 0.4482453, 2
0.5313119, 0.4887515, 0.7742871, 2
0.4631207, 0.1424857, 0.3384109, 2
0.8112162, 0.6696101, 0.5756597, 2
0.6033356, 0.5400047, 0.8219445, 2
0.5506072, 0.2361647, 0.4102267, 2
0.5291139, 0.4954727, 0.4971302, 2
0.6781666, 0.5911424, 0.5423098, 2
0.9068239, 0.5647108, 0.6390002, 2
0.4888, 0.2913454, 0.5833797, 2
0.7119115, 0.4086981, 0.4919604, 2
0.661283, 0.4727111, 0.7962663, 2
0.6712538, 0.5280817, 0.7788757, 2
0.6592817, 0.4508369, 0.7614202, 2
0.4109306, 0.2954552, 0.5304171, 2
0.5106971, 0.5301781, 0.6835287, 2
0.4849414, 0.1364513, 0.3299877, 2
0.5944335, 0.4185704, 0.7273192, 2
0.4144275, 0.3042927, 0.4973382, 2
0.6735283, 0.482109, 0.7964045, 2
0.4622644, 0.4800109, 0.6837997, 2
0.7719391, 0.4479661, 0.6026519, 2
0.4494306, 0.5037518, 0.6654952, 2
0.4346714, 0.3615897, 0.4422255, 2
0.7520289, 0.5599107, 0.8361761, 2
0.6255735, 0.6465525, 0.6255646, 2
0.3411703, 0.3193912, 0.4139574, 2
0.7457778, 0.5046501, 0.8420022, 2
0.7695992, 0.4290958, 0.7632679, 2
0.8959797, 0.5687348, 0.6525522, 2
0.3251823, 0.2896107, 0.4264495, 2
0.7853119, 0.6250157, 0.6134116, 2
0.8490091, 0.6602606, 0.5942918, 2
0.7211596, 0.4442832, 0.5106785, 2
0.7062272, 0.614757, 0.6062446, 2
0.4730041, 0.3425678, 0.3829145, 2
0.7305899, 0.4838458, 0.8026338, 2
0.3154334, 0.09258892, 0.3971529, 2
0.5247932, 0.4829938, 0.5140572, 2
0.6014672, 0.4545286, 0.4203801, 2
0.4385306, 0.5200657, 0.6471821, 2
0.6809194, 0.6061202, 0.5609004, 2
0.3110533, 0.2864405, 0.5254745, 2
0.6162964, 0.4822316, 0.4614567, 2
0.7739509, 0.5746009, 0.8496839, 2
0.7870014, 0.5069756, 0.5416406, 2
0.8546947, 0.5281052, 0.8201886, 2
0.3217059, 0.2675813, 0.3691391, 2
0.8452172, 0.5233704, 0.6909533, 2
0.6035686, 0.5657119, 0.5613732, 2
0.5305298, 0.2962599, 0.6103061, 2
0.4365998, 0.1716575, 0.3826724, 2
0.6773775, 0.6807366, 0.6723047, 2
0.756215, 0.3982723, 0.5072981, 2
0.5932088, 0.5733164, 0.535339, 2
0.6246476, 0.2434535, 0.4573229, 2
0.5481075, 0.5976012, 0.8066446, 2
0.8418188, 0.455021, 0.7614179, 2
0.554682, 0.5445517, 0.7984518, 2
0.9092475, 0.5203211, 0.7389279, 2
0.664288, 0.4396535, 0.7182611, 2
0.3513718, 0.350282, 0.5039282, 2
0.7963226, 0.494267, 0.5818347, 2
0.8780299, 0.49867, 0.7106526, 2
0.3183186, 0.2811141, 0.4296018, 2
0.4113809, 0.2864826, 0.3497248, 2
0.5530401, 0.5179514, 0.7124565, 2
0.8465447, 0.6512547, 0.6224141, 2
0.4273776, 0.1736203, 0.4403143, 2
0.848492, 0.5256327, 0.6976337, 2
0.5539013, 0.4364159, 0.4081855, 2
0.4509498, 0.1682634, 0.4293514, 2
0.828869, 0.5327327, 0.5678012, 2
0.4334562, 0.2424899, 0.4843898, 2
0.8434216, 0.4849777, 0.6630235, 2
0.6731566, 0.3538795, 0.6294395, 2
0.5854561, 0.6050601, 0.5756576, 2
0.6231615, 0.3755984, 0.4242475, 2
0.4594761, 0.2086165, 0.3277384, 2
0.8103111, 0.4953453, 0.7353609, 2
0.5883838, 0.471743, 0.7626088, 2
0.50273, 0.362946, 0.3905646, 2
0.6296219, 0.5976063, 0.5645445, 2
0.5847815, 0.2933401, 0.4375318, 2
0.6158051, 0.4211383, 0.7070512, 2
0.8132122, 0.4954539, 0.5510283, 2
0.4899535, 0.2540571, 0.3675505, 2
0.5576613, 0.6010208, 0.8073998, 2
0.6124321, 0.333916, 0.6090894, 2
0.4688614, 0.2697344, 0.5549649, 2
0.6353655, 0.5464856, 0.8388965, 2
0.475753, 0.222018, 0.416568, 2
0.4683955, 0.4882826, 0.7033879, 2
0.5941961, 0.5013346, 0.4515477, 2
0.8700637, 0.5362716, 0.7645999, 2
0.6304343, 0.3276761, 0.5989001, 2
0.3148385, 0.1363928, 0.3777279, 2
0.6551356, 0.5865102, 0.8527573, 2
0.466145, 0.2293606, 0.4535894, 2
0.915267, 0.5928359, 0.6429489, 2
0.6614649, 0.5007682, 0.49391, 2
0.8319674, 0.4760463, 0.6324005, 2
0.4123214, 0.2964431, 0.5363923, 2
0.4130587, 0.2986654, 0.5445365, 2
0.5582238, 0.446327, 0.4868269, 2
0.8071392, 0.6795812, 0.6170335, 2
0.6713901, 0.577378, 0.5377849, 2
0.6073586, 0.3079316, 0.602663, 2
0.8192378, 0.6372235, 0.6057524, 2
0.5847514, 0.5011809, 0.8110878, 2
0.3695915, 0.1745263, 0.4430587, 2
0.5874179, 0.527529, 0.6924195, 2
0.4918, 0.5497121, 0.6818495, 2
0.3844448, 0.1399486, 0.4084442, 2
0.587559, 0.3584306, 0.4129284, 2
0.3000724, 0.3044997, 0.5033507, 2
0.6330404, 0.537121, 0.4448552, 2
0.5476431, 0.470632, 0.7428541, 2
0.5637916, 0.3360198, 0.5728126, 2
0.5213454, 0.5310743, 0.7658681, 2
0.5277234, 0.484886, 0.4582622, 2
0.2942007, 0.3036233, 0.4797497, 2
0.4624298, 0.1977442, 0.4394291, 2
0.4844147, 0.3335439, 0.6222515, 2
0.788817, 0.5006995, 0.5424907, 2
0.6693555, 0.5474527, 0.8175826, 2
0.3649115, 0.3441924, 0.4312599, 2
0.7431202, 0.6692297, 0.6413376, 2
0.6358602, 0.6741799, 0.7473133, 2
0.6346534, 0.4324818, 0.7463639, 2
0.4043005, 0.3116856, 0.5644227, 2
0.4797785, 0.1768367, 0.4600103, 2
0.7874442, 0.4830772, 0.738367, 2
0.8008138, 0.4068572, 0.6180829, 2
0.6379288, 0.3985025, 0.7103516, 2
0.592454, 0.2733713, 0.4822052, 2
0.4735986, 0.3838802, 0.4463228, 2
0.4402415, 0.4797685, 0.6489323, 2
0.8108987, 0.4709633, 0.5993901, 2
0.5825523, 0.6167614, 0.6509479, 2
0.5997615, 0.624362, 0.5988388, 2
0.6489502, 0.404329, 0.4346061, 2
0.6871182, 0.5235128, 0.4394388, 2
0.5576199, 0.5099228, 0.5245926, 2
0.5456738, 0.3799461, 0.6407309, 2
0.7105263, 0.4101374, 0.7242923, 2
0.303826, 0.3415732, 0.4906137, 2
0.4375617, 0.1515446, 0.4308432, 2
0.4927768, 0.4503863, 0.5098605, 2
0.7545659, 0.5199226, 0.5409099, 2
0.9161116, 0.5725038, 0.6709081, 2
0.7913679, 0.4223588, 0.7511773, 2
0.4285732, 0.1378614, 0.3156788, 2
0.7094778, 0.5514249, 0.8110818, 2
0.4354052, 0.3903587, 0.4867205, 2
0.4104325, 0.4006985, 0.6070077, 2
0.5102217, 0.2027162, 0.38842, 2
0.371385, 0.3412575, 0.4844614, 2
0.4414124, 0.33039, 0.3767901, 2
0.425344, 0.3074882, 0.3603689, 2
0.7083802, 0.3685426, 0.5711299, 2
0.8831146, 0.511086, 0.8245386, 2
0.6031009, 0.522958, 0.8240791, 2
0.6320755, 0.4231349, 0.7465767, 2
0.7071041, 0.3852433, 0.5470021, 2
0.7314389, 0.4569185, 0.7355545, 2
0.7133702, 0.4176997, 0.7278884, 2
0.5168363, 0.3721693, 0.6656392, 2
0.3593213, 0.3202301, 0.4008634, 2
0.3957485, 0.3700339, 0.4730245, 2
0.6944011, 0.3670834, 0.5863155, 2
0.3762266, 0.3382794, 0.5397608, 2
0.5483313, 0.3403628, 0.6306182, 2
0.5131454, 0.2368295, 0.481599, 2
0.6090253, 0.6073364, 0.8413032, 2
0.4053442, 0.2021974, 0.4383133, 2
0.5540234, 0.4557976, 0.4187904, 2
0.448571, 0.1888257, 0.3882321, 2
0.8292256, 0.5895147, 0.6064919, 2
0.5485998, 0.3367713, 0.4215847, 2
0.6633958, 0.5629572, 0.8613394, 2
0.6245618, 0.4883405, 0.5005667, 2
0.4545193, 0.2530389, 0.5573324, 2
0.6069255, 0.441846, 0.4721092, 2
0.7341672, 0.3516343, 0.562135, 2
0.4850507, 0.210324, 0.3737714, 2
0.6820269, 0.3829032, 0.6725233, 2
0.8311299, 0.437196, 0.6150266, 2
0.3758898, 0.3220512, 0.3848003, 2
0.7946022, 0.4641126, 0.7018422, 2
0.342667, 0.1513845, 0.403351, 2
0.4021926, 0.1905135, 0.2817606, 2
0.3621365, 0.1813338, 0.4376227, 2
0.5036955, 0.2812832, 0.5377287, 2
0.4429993, 0.1866591, 0.3165579, 2
0.6057064, 0.3490469, 0.5713822, 2
0.3975083, 0.2604802, 0.4361064, 2
0.5764325, 0.2659142, 0.5120115, 2
0.8637282, 0.473994, 0.7570997, 2
0.3888917, 0.3029075, 0.4944686, 2
0.4462169, 0.3124868, 0.5721682, 2
0.6980538, 0.5807214, 0.8186768, 2
0.5293701, 0.3947007, 0.4274556, 2
0.6394843, 0.6628811, 0.6530764, 2
0.290848, 0.3448902, 0.5164049, 2
0.7318263, 0.409165, 0.5693089, 2
0.6850829, 0.4692186, 0.7500898, 2
0.812358, 0.6585109, 0.5799993, 2
0.8716137, 0.5674935, 0.6336262, 2
0.3224033, 0.117752, 0.4004205, 2
0.5109152, 0.4756546, 0.7051508, 2
0.3965624, 0.2044238, 0.4620062, 2
0.8063178, 0.4438431, 0.6397252, 2
0.6530002, 0.2798494, 0.5011798, 2
0.5898846, 0.4397219, 0.4752175, 2
0.6541254, 0.5761175, 0.5647621, 2
0.5836052, 0.2892958, 0.4858378, 2
0.6287962, 0.5764205, 0.6250854, 2
0.3915109, 0.2936742, 0.4726587, 2
0.7228408, 0.6399167, 0.6072722, 2
0.3040837, 0.2584002, 0.420665, 2
0.616988, 0.2833099, 0.4917446, 2
0.5589745, 0.672308, 0.7541378, 2
0.8680822, 0.4804668, 0.6401452, 2
0.8607756, 0.4589572, 0.7878642, 2
0.297937, 0.1981734, 0.3324795, 2
0.7779468, 0.4985363, 0.783134, 2
0.4808066, 0.5785491, 0.7621468, 2
0.6606898, 0.4644296, 0.7384916, 2
0.6630414, 0.5079662, 0.8296046, 2
0.8771335, 0.5136617, 0.7226107, 2
0.6217911, 0.5721971, 0.8089703, 2
0.396655, 0.2166635, 0.4416842, 2
0.3564589, 0.2682042, 0.3295798, 2
0.5286093, 0.3062128, 0.551091, 2
0.4608208, 0.2301646, 0.4498813, 2
0.6103572, 0.5167661, 0.7667575, 2
0.703414, 0.5325751, 0.8283364, 2
0.5438543, 0.3532755, 0.6637828, 2
0.3997963, 0.3586926, 0.4592753, 2
0.6338595, 0.4846872, 0.5074069, 2
0.3212644, 0.249699, 0.3518055, 2
0.5023674, 0.2276128, 0.5059192, 2
0.4790018, 0.5343037, 0.6099901, 2
0.3761997, 0.1885906, 0.4577476, 2
0.5759563, 0.4418956, 0.4423438, 2
0.667183, 0.6278586, 0.6154201, 2
0.7173977, 0.5933471, 0.589884, 2
0.5514, 0.4934338, 0.7272014, 2
0.3847821, 0.3756728, 0.4854929, 2
0.6928751, 0.5151458, 0.4721245, 2
0.5457773, 0.1798125, 0.3972868, 2
0.7130978, 0.6717909, 0.6308365, 2
0.5276938, 0.3331971, 0.6195492, 2
0.7781765, 0.4789163, 0.6960237, 2
0.8062582, 0.4406644, 0.6160229, 2
0.8084717, 0.5140174, 0.6214638, 2
0.8550444, 0.553161, 0.6302459, 2
0.8026085, 0.4330061, 0.6251342, 2
0.4875177, 0.4888774, 0.5890677, 2
0.845762, 0.6524523, 0.6061473, 2
0.8130909, 0.4738259, 0.601597, 2
0.750018, 0.6003962, 0.5675164, 2
0.8943323, 0.5398412, 0.7705986, 2
0.7455949, 0.4338963, 0.6606483, 2
0.6752502, 0.4309208, 0.5126583, 2
0.7578142, 0.6843272, 0.6380268, 2
0.5361472, 0.5868595, 0.6045396, 2
0.5945798, 0.2564962, 0.4874846, 2
0.4344034, 0.1534839, 0.388021, 2
0.6604362, 0.2775815, 0.4759271, 2
0.4323905, 0.505345, 0.6499545, 2
0.7008224, 0.5809836, 0.4960153, 2
0.631169, 0.4999472, 0.5059122, 2
0.6519617, 0.3373913, 0.5878333, 2
0.6667609, 0.6102548, 0.8225132, 2
0.4987496, 0.3013421, 0.609272, 2
0.4192798, 0.3259404, 0.5700212, 2
0.3413473, 0.2724188, 0.4378673, 2
0.5885718, 0.3067988, 0.5530564, 2
0.9023728, 0.5362631, 0.7723992, 2
0.6906314, 0.5866982, 0.5405349, 2
0.3660129, 0.1473051, 0.4056828, 2
0.8031034, 0.5389917, 0.8297381, 2
0.608354, 0.2965193, 0.4349579, 2
0.6720381, 0.5154962, 0.5249039, 2
0.8379698, 0.4751544, 0.7583139, 2
0.7943029, 0.4731591, 0.7190485, 2
0.4301412, 0.4854198, 0.6417481, 2
0.5480081, 0.3749039, 0.4208229, 2
0.8462353, 0.5480798, 0.5838324, 2
0.8547092, 0.5181919, 0.7838241, 2
0.7077975, 0.3790472, 0.6346673, 2
0.5432535, 0.5418231, 0.7835179, 2
0.5564362, 0.3421679, 0.6610151, 2
0.4116393, 0.1348032, 0.3054238, 2
0.5525891, 0.3206777, 0.6154628, 2
0.4895698, 0.5893466, 0.758495, 2
0.5976608, 0.5762416, 0.8542199, 2
0.682382, 0.5352151, 0.5267302, 2
0.5919389, 0.4918292, 0.5038686, 2
0.5971499, 0.5635707, 0.7125878, 2
0.5053194, 0.2353046, 0.4931102, 2
0.6208606, 0.3286075, 0.6476858, 2
0.4968836, 0.3632109, 0.4036613, 2
0.7626275, 0.4594676, 0.6545196, 2
0.5430041, 0.5399866, 0.7795166, 2
0.8768251, 0.6019177, 0.6948764, 2
0.7737305, 0.4685888, 0.788896, 2
0.8309874, 0.5164466, 0.6538614, 2
0.7911022, 0.4299332, 0.7413008, 2
0.5524158, 0.5919932, 0.733918, 2
0.7487428, 0.4255919, 0.5818185, 2
0.5971231, 0.531314, 0.5326119, 2
0.3559977, 0.289677, 0.3557942, 2
0.3644868, 0.1207274, 0.3291973, 2
0.6497687, 0.6755501, 0.6701083, 2
0.4918698, 0.212694, 0.3513298, 2
0.5568785, 0.6001474, 0.622215, 2
0.530211, 0.4883589, 0.7066718, 2
0.4173886, 0.1336468, 0.3493157, 2
0.7747623, 0.4515332, 0.6015946, 2
0.6778054, 0.5208505, 0.4377107, 2
0.7338895, 0.4631656, 0.798578, 2
0.6749499, 0.5263167, 0.4404221, 2
0.750888, 0.4393664, 0.6065509, 2
0.5924811, 0.50868, 0.4785084, 2
0.7393403, 0.4966053, 0.8189415, 2
0.5928233, 0.4621119, 0.4189773, 2
0.8425235, 0.5215936, 0.7436909, 2
0.7135381, 0.6096308, 0.5677508, 2
0.4439024, 0.1649347, 0.4381862, 2
0.5645978, 0.5765087, 0.566117, 2
0.6439686, 0.2932635, 0.5620072, 2
0.543648, 0.1589951, 0.3862555, 2
0.5948035, 0.3196473, 0.6001944, 2
0.3208391, 0.2770006, 0.379342, 2
0.3929399, 0.4143216, 0.5820517, 2
0.413802, 0.3926362, 0.5041003, 2
0.4279297, 0.5185946, 0.6958021, 2
0.4813496, 0.4179347, 0.6276274, 2
0.5874674, 0.5896366, 0.6081453, 2
0.4033418, 0.3118594, 0.5642252, 2
0.6360807, 0.6673092, 0.6592904, 2
0.6111137, 0.5265098, 0.5203912, 2
0.5782281, 0.373979, 0.6862296, 2
0.4877827, 0.4258419, 0.6584367, 2
0.4549769, 0.145766, 0.429534, 2
0.815344, 0.4826065, 0.713618, 2
0.8765839, 0.6095607, 0.6578246, 2
0.8892282, 0.5435021, 0.6452662, 2
0.5659145, 0.5242763, 0.7950991, 2
0.4474083, 0.303685, 0.5591818, 2
0.7685273, 0.6302177, 0.6151049, 2
0.3279337, 0.270888, 0.3661793, 2
0.6210448, 0.4422428, 0.7633936, 2
0.7191949, 0.5214967, 0.5502235, 2
0.6694652, 0.5001878, 0.4888704, 2
0.441473, 0.4947057, 0.7010259, 2
0.6562764, 0.5215465, 0.794514, 2
0.6795926, 0.6701373, 0.6433164, 2
0.7152826, 0.4558409, 0.7824541, 2
0.5224054, 0.411824, 0.4166041, 2
0.5827649, 0.6167633, 0.6495797, 2
0.641358, 0.6691609, 0.7332895, 2
0.2822904, 0.2735334, 0.4355864, 2
0.5808296, 0.5789306, 0.6755977, 2
0.8514605, 0.4920585, 0.6921483, 2
0.4434469, 0.405156, 0.519219, 2
0.9141544, 0.5545663, 0.6584904, 2
0.4074706, 0.2166303, 0.4416248, 2
0.6723222, 0.5417951, 0.5302484, 2
0.8486279, 0.5401104, 0.6882986, 2
0.6525291, 0.4234984, 0.4422025, 2
0.5760773, 0.6519247, 0.758046, 2
0.5401606, 0.3470981, 0.629728, 2
0.8256269, 0.4882658, 0.8464749, 2
0.7103325, 0.61479, 0.609772, 2
0.3826718, 0.3274096, 0.5347911, 2
0.6941378, 0.5775766, 0.8472034, 2
0.5081345, 0.1848464, 0.4662454, 2
0.6745455, 0.4644388, 0.7688813, 2
0.4581867, 0.5710435, 0.6900846, 2
0.5865532, 0.6054984, 0.653183, 2
0.4826811, 0.2053158, 0.5116042, 2
0.5465866, 0.4637882, 0.7685595, 2
0.7166838, 0.4693877, 0.7301431, 2
0.4741419, 0.3094051, 0.3810258, 2
0.4069923, 0.346756, 0.408009, 2
0.6045591, 0.2656779, 0.5047875, 2
0.6710677, 0.5737342, 0.5494758, 2
0.8651959, 0.4828047, 0.7912073, 2
0.4535046, 0.2515951, 0.4995209, 2
0.7239848, 0.3944826, 0.5093488, 2
0.5523113, 0.2997622, 0.6002403, 2
0.6398018, 0.4349572, 0.4381419, 2
0.6855073, 0.4639385, 0.7436293, 2
0.6050637, 0.3598942, 0.4815745, 2
0.5101749, 0.1869061, 0.3936783, 2
0.5031856, 0.5384584, 0.6937556, 2
0.5773512, 0.3814212, 0.4225873, 2
0.7159624, 0.6461557, 0.5935392, 2
0.4465718, 0.2011034, 0.4468481, 2
0.7157922, 0.5904633, 0.5785592, 2
0.4095975, 0.3488481, 0.4110387, 2
0.6868253, 0.4054985, 0.6959565, 2
0.7855333, 0.5192576, 0.8110378, 2
0.6301802, 0.4697898, 0.4410778, 2
0.7460499, 0.457955, 0.7994555, 2
0.5390128, 0.2753086, 0.5475646, 2
0.4239366, 0.4359489, 0.6232103, 2
0.4950323, 0.3594569, 0.3926244, 2
0.6833761, 0.6706958, 0.6433277, 2
0.7122247, 0.5843174, 0.5708886, 2
0.3509437, 0.2390212, 0.2968255, 2
0.7013385, 0.3755188, 0.5070133, 2
0.4649069, 0.5238951, 0.6796743, 2
0.5679528, 0.2378468, 0.4366655, 2
0.5334338, 0.54413, 0.5718294, 2
0.2996936, 0.3662421, 0.5379274, 2
0.520228, 0.4946859, 0.7211437, 2
0.5792503, 0.2785257, 0.55474, 2
0.4753693, 0.3059263, 0.5926262, 2
0.4244299, 0.1478587, 0.3888476, 2
0.8233836, 0.4640945, 0.6196169, 2
0.5822311, 0.3340624, 0.5751959, 2
0.6398933, 0.5951146, 0.6012759, 2
0.5656028, 0.4225728, 0.7255895, 2
0.5942625, 0.3937093, 0.6701269, 2
0.3317341, 0.2218242, 0.3049834, 2
0.372821, 0.3834675, 0.5083597, 2
0.7857902, 0.5965449, 0.5893211, 2
0.8180516, 0.6660689, 0.5766252, 2
0.510474, 0.3233422, 0.6188181, 2
0.6559772, 0.2967297, 0.4467785, 2
0.4581044, 0.5191595, 0.6358121, 2
0.5018879, 0.2330436, 0.3549693, 2
0.6353031, 0.661503, 0.65999, 2
0.4805822, 0.4432124, 0.5531846, 2
0.8950127, 0.5458204, 0.7128136, 2
0.5044326, 0.4924896, 0.7448871, 2
0.4701272, 0.4104662, 0.4988872, 2
0.8615229, 0.5161282, 0.8431062, 2
0.5381575, 0.2882121, 0.5976013, 2
0.7830954, 0.5162035, 0.8310192, 2
0.5270197, 0.4952696, 0.4703305, 2
0.7473211, 0.4833189, 0.8163615, 2
0.5969883, 0.4769359, 0.4257263, 2
0.5632294, 0.2093444, 0.416896, 2
0.6943377, 0.6182069, 0.6092356, 2
0.6770579, 0.4937769, 0.7816817, 2
0.5372883, 0.4287107, 0.7270702, 2
0.5736114, 0.6723675, 0.7603568, 2
0.5994768, 0.4830244, 0.8000481, 2
0.6386398, 0.5701268, 0.5701047, 2
0.3459356, 0.2628238, 0.414702, 2
0.7745987, 0.6408415, 0.5807213, 2
0.5246545, 0.2754132, 0.4019008, 2
0.4780188, 0.1680797, 0.3179755, 2
0.8456441, 0.4743546, 0.7453164, 2
0.5891094, 0.3151228, 0.5363875, 2
0.5241451, 0.4931485, 0.486565, 2
0.2976465, 0.3120917, 0.5063196, 2
0.726895, 0.3948735, 0.5748543, 2
0.4151644, 0.1807951, 0.3974796, 2
0.6068457, 0.5762544, 0.5934171, 2
0.7805685, 0.4533198, 0.62006, 2
0.4589809, 0.5294568, 0.628234, 2
0.6849042, 0.359392, 0.5081605, 2
0.4793297, 0.4685304, 0.6885497, 2
0.6042687, 0.4778286, 0.423794, 2
0.6536043, 0.5086151, 0.4636208, 2
0.6466719, 0.301744, 0.4700589, 2
0.6667961, 0.5232662, 0.8538905, 2
0.5269232, 0.2425118, 0.5002169, 2
0.6437055, 0.5335475, 0.8416511, 2
0.5334744, 0.3126176, 0.6093392, 2
0.6953335, 0.3460777, 0.5831881, 2
0.3491983, 0.3109756, 0.3988192, 2
0.6031024, 0.4921151, 0.4883085, 2
0.7636271, 0.5451074, 0.5557275, 2
0.5446197, 0.4167462, 0.430788, 2
0.8498513, 0.488227, 0.7110148, 2
0.4558946, 0.1846357, 0.4589103, 2
0.476258, 0.4373959, 0.5401686, 2
0.5327345, 0.193821, 0.46277, 2
0.4376712, 0.5223933, 0.6581763, 2
0.5649275, 0.5920688, 0.7907013, 2
0.4215546, 0.3591859, 0.4361015, 2
0.3805313, 0.1447313, 0.4188998, 2
0.6213022, 0.4116011, 0.4217203, 2
0.5440407, 0.3241883, 0.421331, 2
0.5801188, 0.4310937, 0.3991471, 2
0.8227755, 0.5506697, 0.5798546, 2
0.3231081, 0.2432351, 0.3831007, 2
0.4028206, 0.3503254, 0.4113512, 2
0.7254854, 0.4260222, 0.6176343, 2
0.616828, 0.5679887, 0.8187449, 2
0.6263615, 0.5891963, 0.5392166, 2
0.6254407, 0.5731885, 0.7503307, 2
0.6271046, 0.3836385, 0.6960206, 2
0.4397714, 0.2000156, 0.4620577, 2
0.716742, 0.6426249, 0.5752786, 2
0.600238, 0.5233968, 0.4807091, 2
0.7406674, 0.6609985, 0.5990587, 2
0.8715031, 0.5354496, 0.6599639, 2
0.6012498, 0.3140567, 0.6203088, 2
0.4433239, 0.2785294, 0.3378356, 2
0.6482019, 0.4360888, 0.440988, 2
0.7837079, 0.4610555, 0.816478, 2
0.7383407, 0.4230459, 0.6169862, 2
0.6908706, 0.5403664, 0.4805485, 2
0.3457982, 0.3384934, 0.4747129, 2
0.4816412, 0.2460643, 0.4629315, 2
0.7222194, 0.5198016, 0.5444161, 2
0.6804535, 0.3370434, 0.4872561, 2
0.8699637, 0.4689101, 0.6919557, 2
0.7365149, 0.5461235, 0.8721029, 2
0.5698404, 0.2437388, 0.4306773, 2
0.6955841, 0.3622913, 0.6594499, 2
0.6631867, 0.5175322, 0.4336787, 2
0.7695139, 0.678166, 0.6141824, 2
0.3760272, 0.1413302, 0.3367614, 2
0.445422, 0.2541122, 0.4967742, 2
0.4971555, 0.2158306, 0.5106139, 2
0.5812005, 0.5039185, 0.7973234, 2
0.6274717, 0.2452229, 0.4601373, 2
0.4994728, 0.1568006, 0.4119328, 2
0.5495303, 0.4574103, 0.4488173, 2
0.7971562, 0.4374201, 0.6311995, 2
0.2921166, 0.261281, 0.3988553, 2
0.5296109, 0.5547562, 0.5811942, 2
0.7683665, 0.4845481, 0.5539278, 2
0.5238094, 0.3922974, 0.4085233, 2
0.8789948, 0.5301142, 0.7846566, 2
0.4305764, 0.2844419, 0.5088525, 2
0.3361832, 0.2462621, 0.3346206, 2
0.596957, 0.5530438, 0.5514247, 2
0.6208357, 0.5211855, 0.5353236, 2
0.4883401, 0.4230459, 0.6560106, 2
0.5720468, 0.6759981, 0.7525623, 2
0.5722955, 0.2912689, 0.4895882, 2
0.5568326, 0.5835973, 0.8181008, 2
0.6272606, 0.3736643, 0.6387905, 2
0.4325856, 0.5044328, 0.6487801, 2
0.6021781, 0.5238228, 0.5018676, 2
0.6811919, 0.5196983, 0.8313212, 2
0.6418563, 0.5116776, 0.446294, 2
0.7964427, 0.4408731, 0.7190236, 2
0.5387205, 0.4673983, 0.7243279, 2
0.4137218, 0.3008594, 0.5467988, 2
0.8096569, 0.4660525, 0.6044497, 2
0.6437044, 0.3067038, 0.4899569, 2
0.4864856, 0.2242672, 0.3391366, 2
0.5767477, 0.5602607, 0.6626465, 2
0.7143246, 0.5050936, 0.847832, 2
0.608847, 0.5184243, 0.5155417, 2
0.7281551, 0.4289708, 0.7218961, 2
0.5721269, 0.3679194, 0.4402542, 2
0.7974891, 0.5036345, 0.7935242, 2
0.6449707, 0.5191399, 0.4326763, 2
0.8668394, 0.4939773, 0.7371777, 2
0.6209528, 0.5993606, 0.8422397, 2
0.7369217, 0.623064, 0.5800914, 2
0.4624383, 0.1529923, 0.3773383, 2
0.7344317, 0.5689443, 0.5668796, 2
0.4221915, 0.3778977, 0.4868799, 2
0.3956442, 0.2938311, 0.3507214, 2
0.302154, 0.2546856, 0.411311, 2
0.6960821, 0.7475193, 0.763341, 2
0.5863265, 0.5079266, 0.4683238, 2
0.7886104, 0.5396624, 0.5394593, 2
0.5312866, 0.5441383, 0.7988246, 2
0.4401099, 0.2086867, 0.5050444, 2
0.3670574, 0.3793574, 0.5019498, 2
0.5040246, 0.5323273, 0.5886316, 2
0.5766395, 0.2723406, 0.4444947, 2
0.8061413, 0.6843672, 0.6350769, 2
0.6784906, 0.4276038, 0.7607206, 2
0.6407842, 0.3002877, 0.4636794, 2
0.6570094, 0.4197845, 0.7243474, 2
0.3767129, 0.08630499, 0.3525921, 2
0.8509423, 0.5755059, 0.6451659, 2
0.5319034, 0.288524, 0.5005687, 2
0.5365608, 0.5783907, 0.6816112, 2
0.5395599, 0.5800998, 0.6951051, 2
0.783827, 0.4687536, 0.5357732, 2
0.3370105, 0.2070599, 0.2858675, 2
0.8176433, 0.5139463, 0.6653817, 2
0.660706, 0.3488708, 0.6474118, 2
0.4388569, 0.1736211, 0.3332917, 2
0.7589632, 0.4877573, 0.832867, 2
0.6468604, 0.6694009, 0.7321236, 2
0.6228011, 0.4191519, 0.4263889, 2
0.7322076, 0.452136, 0.744386, 2
0.8224459, 0.427534, 0.6995592, 2
0.4500901, 0.2260582, 0.5227277, 2
0.5367402, 0.3489835, 0.3924206, 2
0.6450291, 0.591436, 0.5369114, 2
0.5801302, 0.3628051, 0.4696642, 2
0.6260165, 0.2700154, 0.4385256, 2
0.7677864, 0.6108119, 0.5687734, 2
0.5683614, 0.3074338, 0.5989512, 2
0.593574, 0.4114805, 0.4413391, 2
0.6166605, 0.290458, 0.5728694, 2
0.7109151, 0.6291164, 0.5582391, 2
0.6042624, 0.5251341, 0.4784946, 2
0.5935994, 0.2843766, 0.5606418, 2
0.8203736, 0.5094505, 0.7796477, 2
0.6172855, 0.4684418, 0.7918549, 2
0.4790038, 0.2019504, 0.5240849, 2
0.5791025, 0.612012, 0.8075896, 2
0.6404509, 0.3176174, 0.4896815, 2
0.4682916, 0.4095756, 0.5051879, 2
0.3157071, 0.3128739, 0.486916, 2
0.6342519, 0.4178129, 0.4581746, 2
0.3852797, 0.1161312, 0.3210004, 2
0.5436466, 0.3971112, 0.4090567, 2
0.8616771, 0.509737, 0.6909688, 2
0.6641674, 0.2824597, 0.4941, 2
0.5566487, 0.2130913, 0.4123922, 2
0.4212422, 0.2869484, 0.5017061, 2
0.2995266, 0.2863837, 0.4652913, 2
0.5884807, 0.3298073, 0.6014537, 2
0.3948281, 0.3671704, 0.5688623, 2
0.6311499, 0.5641044, 0.5643785, 2
0.5885552, 0.4466243, 0.4402446, 2
0.6968669, 0.5637627, 0.5633856, 2
0.680782, 0.4685731, 0.4518755, 2
0.704547, 0.3072982, 0.5445399, 2
0.6245726, 0.5382348, 0.8408031, 2
0.5349838, 0.3569386, 0.6255411, 2
0.5915387, 0.3351345, 0.5601653, 2
0.4881942, 0.1975737, 0.5294839, 2
0.8294454, 0.6552773, 0.5819639, 2
0.3751215, 0.3231959, 0.4851249, 2
0.369214, 0.3981369, 0.5353954, 2
0.8332937, 0.5059593, 0.8244146, 2
0.8434635, 0.4400742, 0.7182264, 2
0.3386357, 0.1618416, 0.4050418, 2
0.64766, 0.6691494, 0.6607522, 2
0.6367986, 0.3468953, 0.6554751, 2
0.5316629, 0.6255593, 0.6795588, 2
0.6254135, 0.5056064, 0.791407, 2
0.3946108, 0.2061365, 0.4527211, 2
0.6157789, 0.5145331, 0.823047, 2
0.6270559, 0.5010208, 0.4282633, 2
0.838238, 0.6779137, 0.6302958, 2
0.8868432, 0.5284103, 0.7133766, 2
0.5988249, 0.2537883, 0.425823, 2
0.5067963, 0.2851692, 0.5459672, 2
0.6906378, 0.6023449, 0.593012, 2
0.7309399, 0.3326639, 0.5639092, 2
0.7290608, 0.6401343, 0.6124753, 2
0.4602294, 0.2554333, 0.5508596, 2
0.291485, 0.2388382, 0.3869159, 2
0.815513, 0.5176558, 0.6086708, 2
0.5687621, 0.3208096, 0.4393749, 2
0.5387371, 0.5121423, 0.5441155, 2
0.3465497, 0.3115042, 0.4012705, 2
0.4958849, 0.2737045, 0.5005968, 2
0.7012834, 0.5423899, 0.4657885, 2
0.4650008, 0.1557765, 0.4328685, 2
0.840306, 0.5103469, 0.7161542, 2
0.4119274, 0.1525058, 0.3022164, 2
0.4080416, 0.142636, 0.4304073, 2
0.479851, 0.3005885, 0.5779564, 2
0.5198467, 0.5814871, 0.7233604, 2
0.4861772, 0.3351352, 0.6268396, 2
0.6214061, 0.5424796, 0.5490531, 2
0.5214376, 0.228882, 0.380151, 2
0.8772427, 0.472127, 0.8392138, 2
0.6951244, 0.672116, 0.6407768, 2
0.5071941, 0.4981732, 0.5766239, 2
0.3795116, 0.3358759, 0.5402371, 2
0.7665218, 0.4463571, 0.5545933, 2
0.6028635, 0.5089267, 0.4957672, 2
0.413669, 0.2901542, 0.5095239, 2
0.4668903, 0.269574, 0.3584785, 2
0.5044612, 0.3686943, 0.3935691, 2
0.8273966, 0.5336877, 0.6610264, 2
0.7733248, 0.4384644, 0.5946011, 2
0.7471398, 0.4373234, 0.6057717, 2
0.5829492, 0.6652896, 0.7671881, 2
0.6968571, 0.6565392, 0.5953035, 2
0.638036, 0.5630425, 0.8470569, 2
0.6108194, 0.553125, 0.4518474, 2
0.4174055, 0.1455738, 0.4384523, 2
0.6754342, 0.3604831, 0.5536442, 2
0.3938496, 0.3035111, 0.4524781, 2
0.6832604, 0.5662835, 0.5517493, 2
0.8497271, 0.665827, 0.6237471, 2
0.5870095, 0.5470638, 0.5456241, 2
0.4785862, 0.5713872, 0.7666304, 2
0.5337339, 0.4936259, 0.7636175, 2
0.5301981, 0.4922858, 0.7219401, 2
0.7728539, 0.6619052, 0.6234269, 2
0.6259937, 0.3646317, 0.6602739, 2
0.4953558, 0.590709, 0.6963505, 2
0.4883797, 0.3103501, 0.6083921, 2
0.4041978, 0.1066984, 0.3285923, 2
0.3707557, 0.3329799, 0.5386206, 2
0.3756018, 0.1680602, 0.416938, 2
0.8215926, 0.5031571, 0.7524773, 2
0.7621792, 0.6390827, 0.5821845, 2
0.4437964, 0.3022584, 0.5543619, 2
0.7083092, 0.4744658, 0.5266812, 2
0.6750349, 0.3740524, 0.6511353, 2
0.5747765, 0.5908395, 0.7684635, 2
0.5398141, 0.4631068, 0.4311763, 2
0.5504798, 0.3334243, 0.5918497, 2
0.4987366, 0.4727976, 0.4592926, 2
0.7208647, 0.6714891, 0.6265339, 2
0.87594, 0.5804034, 0.6450745, 2
0.757613, 0.4013443, 0.6776394, 2
0.5972374, 0.2106666, 0.4495007, 2
0.6179091, 0.6215484, 0.6737459, 2
0.9073622, 0.5430369, 0.6856303, 2
0.5993149, 0.3293729, 0.5623772, 2
0.6716776, 0.661073, 0.6640047, 2
0.6152284, 0.3801486, 0.6232792, 2
0.6230041, 0.6458971, 0.6262453, 2
0.3318596, 0.1409178, 0.4089748, 2
0.6059267, 0.4865905, 0.4262455, 2
0.5069926, 0.4748854, 0.6994146, 2
0.6193491, 0.2646541, 0.5138675, 2
0.4658385, 0.4108426, 0.517154, 2
0.4568063, 0.1828429, 0.4250937, 2
0.3205336, 0.204134, 0.3052884, 2
0.5319636, 0.4310859, 0.430098, 2
0.6211164, 0.5416227, 0.4860803, 2
0.494958, 0.4693039, 0.4932089, 2
0.4175264, 0.2177787, 0.4551437, 2
0.6280176, 0.3756753, 0.4199805, 2
0.4829494, 0.1562887, 0.3895909, 2
0.4265321, 0.4592617, 0.6317756, 2
0.7052322, 0.4945133, 0.8339984, 2
0.5777394, 0.4317885, 0.3996398, 2
0.6447722, 0.2762177, 0.4836011, 2
0.8276938, 0.5111509, 0.7790177, 2
0.4766594, 0.3902032, 0.6250293, 2
0.5377632, 0.5742801, 0.6573011, 2
0.5903191, 0.2205224, 0.4329835, 2
0.6184847, 0.3804354, 0.6192169, 2
0.6925046, 0.363404, 0.6767285, 2
0.4033461, 0.1286458, 0.414832, 2
0.5810071, 0.3221332, 0.5329539, 2
0.4487116, 0.2661778, 0.5228227, 2
0.5231036, 0.4963425, 0.711911, 2
0.4130556, 0.1983117, 0.4057741, 2
0.440577, 0.2403641, 0.5098177, 2
0.3870412, 0.2875856, 0.4542154, 2
0.4238258, 0.307613, 0.572126, 2
0.6418881, 0.3202755, 0.445183, 2
0.3009791, 0.2134095, 0.3404888, 2
0.3345827, 0.3222697, 0.5223236, 2
0.641341, 0.3650456, 0.6644196, 2
0.6795794, 0.3449344, 0.5446603, 2
0.7963678, 0.6499738, 0.6106839, 2
0.4949981, 0.2769769, 0.5869843, 2
0.620949, 0.2985455, 0.5827104, 2
0.8439764, 0.4614092, 0.6801717, 2
0.8357779, 0.4764104, 0.7321572, 2
0.706857, 0.6162636, 0.6065124, 2
0.4550714, 0.112184, 0.328945, 2
0.3379224, 0.3254406, 0.4249757, 2
0.4491053, 0.5600397, 0.6771365, 2
0.6666373, 0.5654403, 0.5594699, 2
0.4165253, 0.1819765, 0.4055184, 2
0.4208083, 0.3293247, 0.3683092, 2
0.3505048, 0.1627744, 0.399978, 2
0.4368843, 0.5165867, 0.6478851, 2
0.2856283, 0.2504305, 0.4003725, 2
0.6707348, 0.3044176, 0.5622791, 2
0.7474049, 0.4419722, 0.5652229, 2
0.6689535, 0.515, 0.5270206, 2
0.5250484, 0.3477018, 0.6188834, 2
0.8480406, 0.4849085, 0.6796485, 2
0.3629596, 0.2285557, 0.3868434, 2
0.7626575, 0.4615623, 0.5290945, 2
0.4980492, 0.4662801, 0.4756764, 2
0.4726964, 0.4155414, 0.4830585, 2
0.3002708, 0.3235253, 0.475484, 2
0.306376, 0.1891795, 0.3162017, 2
0.6980464, 0.4629792, 0.7173436, 2
0.3918746, 0.3511828, 0.5490677, 2
0.6112426, 0.5652174, 0.5130243, 2
0.5445738, 0.2584777, 0.4950656, 2
0.5179572, 0.4358799, 0.4402113, 2
0.7371623, 0.3658717, 0.4869232, 2
0.6904985, 0.5396353, 0.4809612, 2
0.6117851, 0.4326601, 0.7596857, 2
0.668583, 0.462356, 0.4512474, 2
0.6159519, 0.488253, 0.8092198, 2
0.8203202, 0.555687, 0.6043342, 2
0.6427734, 0.5074629, 0.5063525, 2
0.8514555, 0.4955976, 0.8469879, 2
0.6349679, 0.5906077, 0.602511, 2
0.6055008, 0.4939933, 0.8095043, 2
0.3487164, 0.1008147, 0.3632915, 2
0.7828866, 0.6495334, 0.5761397, 2
0.3910447, 0.3812445, 0.5034171, 2
0.8610986, 0.5606963, 0.650725, 2
0.574508, 0.6106158, 0.5965604, 2
0.4777659, 0.4524158, 0.5687283, 2
0.4764804, 0.1913992, 0.3267439, 2
0.515618, 0.4303676, 0.4398415, 2
0.6881626, 0.4996227, 0.4682652, 2
0.5344803, 0.2180556, 0.3929712, 2
0.8905128, 0.542938, 0.6931469, 2
0.5959687, 0.2394643, 0.4285666, 2
0.6195933, 0.287642, 0.4944429, 2
0.6840847, 0.3158501, 0.5741963, 2
0.7182759, 0.3753186, 0.6788939, 2
0.3373267, 0.2980014, 0.3890699, 2
0.4967291, 0.2211176, 0.4764951, 2
0.4583853, 0.4038675, 0.5013947, 2
0.8521053, 0.5334424, 0.8435513, 2
0.5072471, 0.2419849, 0.4584912, 2
0.9055495, 0.5912486, 0.7106485, 2
0.4735088, 0.1978, 0.3433396, 2
0.3218855, 0.3240319, 0.4653212, 2
0.7552025, 0.4332539, 0.7065891, 2
0.5682428, 0.5612298, 0.8337611, 2
0.6948791, 0.5573161, 0.5627726, 2
0.7417312, 0.4343249, 0.7694595, 2
0.5188796, 0.455138, 0.439877, 2
0.6686383, 0.3761943, 0.5835947, 2
0.6392046, 0.6701756, 0.6632525, 2
0.5191121, 0.3203192, 0.6121222, 2
0.8360104, 0.4780058, 0.8240953, 2
0.5800872, 0.5535439, 0.6873536, 2
0.563419, 0.5534658, 0.5458626, 2
0.5069981, 0.5560004, 0.66976, 2
0.7212853, 0.3678834, 0.560645, 2
0.8496596, 0.5910011, 0.6050848, 2
0.4343921, 0.2702183, 0.4948725, 2
0.5791556, 0.3474901, 0.4106524, 2
0.4427161, 0.1481833, 0.3718187, 2
0.8138819, 0.4919794, 0.6192302, 2
0.4210551, 0.1332971, 0.2929104, 2
0.7825439, 0.4816527, 0.5796078, 2
0.7061159, 0.3322135, 0.4654209, 2
0.6643324, 0.635645, 0.6204116, 2
0.8324419, 0.6053707, 0.586551, 2
0.7479708, 0.4302639, 0.6654037, 2
0.6227195, 0.5581006, 0.5035089, 2
0.7042189, 0.4232745, 0.7363604, 2
0.4968319, 0.2886329, 0.5575994, 2
0.8697178, 0.4956229, 0.8105886, 2
0.5177174, 0.4259776, 0.4291697, 2
0.3863988, 0.3163146, 0.4795954, 2
0.3614094, 0.3416786, 0.429424, 2
0.6630978, 0.4238228, 0.6960513, 2
0.418393, 0.1500524, 0.322302, 2
0.5409938, 0.4205838, 0.4675848, 2
0.3585999, 0.2849871, 0.4493481, 2
0.3939168, 0.3553968, 0.5566936, 2
0.4256023, 0.2883915, 0.3437922, 2
0.5460413, 0.6035737, 0.7830991, 2
0.718762, 0.3804401, 0.5595829, 2
0.6918126, 0.3663346, 0.6231632, 2
0.409477, 0.3418442, 0.3908064, 2
0.5174228, 0.4535087, 0.4436689, 2
0.5056103, 0.3748471, 0.6611472, 2
0.8678686, 0.6744854, 0.5907803, 2
0.5614364, 0.4380425, 0.4041887, 2
0.6770687, 0.6243626, 0.5140766, 2
0.7379042, 0.4514298, 0.7698856, 2
0.6647035, 0.3494892, 0.6175913, 2
0.7667626, 0.446931, 0.54984, 2
0.4034074, 0.3497434, 0.4087791, 2
0.8805793, 0.5759066, 0.6772354, 2
0.5602119, 0.6687388, 0.7474617, 2
0.6469615, 0.3406118, 0.5312056, 2
0.4442854, 0.3401806, 0.3958718, 2
0.7937651, 0.4575002, 0.811205, 2
0.359098, 0.33702, 0.4243569, 2
0.4010375, 0.3489966, 0.4061476, 2
0.4659628, 0.545451, 0.7516198, 2
0.529568, 0.4853283, 0.4736984, 2
0.8436227, 0.4473406, 0.6573436, 2
0.6454859, 0.5399721, 0.54798, 2
0.6258179, 0.4712201, 0.7652633, 2
0.621296, 0.3307323, 0.6104585, 2
0.5761908, 0.4608119, 0.4569707, 2
0.8679312, 0.4801878, 0.6999534, 2
0.5989676, 0.4960287, 0.5069196, 2
0.6407874, 0.2864703, 0.4427494, 2
0.3890707, 0.1032238, 0.3159125, 2
0.4473915, 0.420162, 0.5578917, 2
0.5635809, 0.4689094, 0.4895688, 2
0.6069292, 0.4486822, 0.7161477, 2
0.374735, 0.173483, 0.4263104, 2
0.5874782, 0.3879214, 0.7050852, 2
0.5940782, 0.6059847, 0.82838, 2
0.3654901, 0.1834694, 0.4414015, 2
0.6968353, 0.5572693, 0.5655428, 2
0.6561676, 0.2975171, 0.5767301, 2
0.657241, 0.638412, 0.6205947, 2
0.4630957, 0.1991213, 0.3565023, 2
0.5900021, 0.4611886, 0.7086877, 2
0.4182889, 0.1479325, 0.3505118, 2
0.5611035, 0.3589431, 0.642809, 2
0.5877474, 0.613957, 0.756569, 2
0.5177219, 0.4327392, 0.4375709, 2
0.3753659, 0.3501044, 0.4393199, 2
0.5500367, 0.2681962, 0.4122367, 2
0.4584293, 0.3896093, 0.462404, 2
0.5047403, 0.283586, 0.3881779, 2
0.5074612, 0.4849963, 0.5668802, 2
0.5059849, 0.1876888, 0.3698136, 2
0.5207048, 0.4763386, 0.764376, 2
0.4647763, 0.5383917, 0.6790461, 2
0.5503274, 0.6363047, 0.6828952, 2
0.6564034, 0.4222715, 0.708667, 2
0.8457726, 0.4695269, 0.7327129, 2
0.6280611, 0.2889861, 0.4775079, 2
0.5704873, 0.5155236, 0.7459285, 2
0.8097797, 0.4461271, 0.6576254, 2
0.3978522, 0.2842555, 0.3261758, 2
0.7029581, 0.4137457, 0.6458462, 2
0.67323, 0.3741126, 0.6595587, 2
0.4693604, 0.28449, 0.5540465, 2
0.7824103, 0.4602143, 0.6256874, 2
0.8545508, 0.5627779, 0.6481889, 2
0.5820377, 0.5762514, 0.8367381, 2
0.692678, 0.3225227, 0.4577745, 2
0.6392986, 0.4147532, 0.6731791, 2
0.5670802, 0.2861658, 0.5679801, 2
0.5987756, 0.5997617, 0.7422245, 2
0.3865966, 0.3006004, 0.4863053, 2
0.3744266, 0.188091, 0.279284, 2
0.5664553, 0.3622248, 0.6722819, 2
0.6528824, 0.3293756, 0.5554999, 2
0.621563, 0.4001944, 0.4128136, 2
0.4151662, 0.3901886, 0.5768234, 2
0.7197995, 0.5828195, 0.8618786, 2
0.5027283, 0.2101564, 0.3684347, 2
0.3367348, 0.2589852, 0.4125432, 2
0.612721, 0.634988, 0.614078, 2
0.679644, 0.3539319, 0.6554608, 2
0.4705821, 0.4532341, 0.5776052, 2
0.5662403, 0.5710773, 0.5594018, 2
0.5378853, 0.2754683, 0.5317709, 2
0.4834117, 0.3311796, 0.6204525, 2
0.5502405, 0.5654168, 0.6976261, 2
0.8615076, 0.5663123, 0.6860976, 2
0.7138081, 0.5321676, 0.8364453, 2
0.6894098, 0.479456, 0.7598541, 2
0.7173333, 0.5734468, 0.8231562, 2
0.4664707, 0.1748296, 0.3485729, 2
0.3649032, 0.1455944, 0.4122983, 2
0.6172624, 0.3447357, 0.5584716, 2
0.416745, 0.1858157, 0.3794133, 2
0.5971513, 0.4729733, 0.4695216, 2
0.4424284, 0.5144964, 0.6374923, 2
0.5995994, 0.3497285, 0.6635198, 2
0.7641788, 0.4664856, 0.690515, 2
0.4485064, 0.3561354, 0.4119734, 2
0.4759941, 0.1617447, 0.4548742, 2
0.6882041, 0.6340748, 0.6499727, 2
0.542519, 0.518708, 0.7905293, 2
0.5010813, 0.5393726, 0.6203147, 2
0.5916256, 0.6090766, 0.6572088, 2
0.8997509, 0.5264502, 0.6711211, 2
0.4066827, 0.2930953, 0.5042874, 2
0.5964435, 0.3682079, 0.6956943, 2
0.4798847, 0.4084212, 0.4517069, 2
0.449798, 0.2503207, 0.5353743, 2
0.6720454, 0.6910818, 0.7432162, 2
0.5173239, 0.3532954, 0.4128265, 2
0.4083651, 0.4029318, 0.5184618, 2
0.3363682, 0.3365172, 0.4773399, 2
0.3893231, 0.3580213, 0.4607704, 2
0.4997161, 0.4558039, 0.479735, 2
0.5153044, 0.2421457, 0.5090207, 2
0.5121776, 0.3226988, 0.6035692, 2
0.3778024, 0.3211042, 0.3813001, 2
0.5276282, 0.5363823, 0.6859823, 2
0.8012178, 0.6867526, 0.5931417, 2
0.6730653, 0.4904032, 0.5112766, 2
0.7458473, 0.6750811, 0.6145973, 2
0.6566975, 0.33893, 0.5767754, 2
0.8276146, 0.5601986, 0.5685351, 2
0.8921905, 0.4724115, 0.8126434, 2
0.4707174, 0.5899349, 0.6919166, 2
0.6231624, 0.6488038, 0.6811364, 2
0.8191485, 0.6889106, 0.5775966, 2
0.6103978, 0.5448007, 0.5221482, 2
0.4930615, 0.5544937, 0.6361881, 2
0.5458014, 0.2711793, 0.409857, 2
0.697135, 0.5591115, 0.5310906, 2
0.3509149, 0.3935649, 0.5408217, 2
0.4256054, 0.4576201, 0.6325505, 2
0.3881932, 0.1686026, 0.4125814, 2
0.6967414, 0.3946458, 0.6179732, 2
0.4820091, 0.4983099, 0.5971088, 2
0.5934268, 0.358364, 0.6268489, 2
0.6850818, 0.5432348, 0.4445573, 2
0.6874704, 0.5181986, 0.5135999, 2
0.7466537, 0.4896668, 0.7843073, 2
0.7082791, 0.3917421, 0.5204591, 2
0.6699765, 0.4536887, 0.4500671, 2
0.3522333, 0.1744241, 0.4270994, 2
0.6576867, 0.5602103, 0.8130625, 2
0.3958698, 0.2973194, 0.4873861, 2
0.577622, 0.4982808, 0.7852115, 2
0.6041092, 0.2898765, 0.5077158, 2
0.4846829, 0.1839495, 0.4793082, 2
0.8081858, 0.4877771, 0.7252311, 2
0.7217317, 0.5109377, 0.8038063, 2
0.5652613, 0.504265, 0.4809797, 2
0.4347711, 0.2301966, 0.4966744, 2
0.5823652, 0.5455452, 0.7037567, 2
0.3650348, 0.3547023, 0.5195023, 2
0.6851328, 0.5043294, 0.5075727, 2
0.6191728, 0.6636494, 0.7440327, 2
0.6100982, 0.5760533, 0.7131777, 2
0.6486912, 0.5112748, 0.4297574, 2
0.419314, 0.2596681, 0.3374779, 2
0.6413401, 0.6240107, 0.5950083, 2
0.6384112, 0.6553138, 0.6264709, 2
0.4963911, 0.2347125, 0.4657025, 2
0.5046716, 0.42986, 0.4610278, 2
0.334192, 0.3167137, 0.4163835, 2
0.4209204, 0.1852459, 0.4708057, 2
0.7262191, 0.4346496, 0.7659536, 2
0.5806228, 0.6517258, 0.7478793, 2
0.4119746, 0.402916, 0.6083258, 2
0.863724, 0.5620934, 0.6297134, 2
0.8540137, 0.6528007, 0.6253973, 2
0.7414185, 0.5576632, 0.8394321, 2
0.8570384, 0.5166489, 0.8415329, 2
0.5484971, 0.4619054, 0.4302303, 2
0.6797256, 0.3493958, 0.6348738, 2
0.6639562, 0.5445095, 0.7999457, 2
0.4830118, 0.5303382, 0.6877214, 2
0.6114129, 0.5404102, 0.5422673, 2
0.5843494, 0.5498095, 0.7104231, 2
0.5887634, 0.375313, 0.682312, 2
0.7221174, 0.5669067, 0.8391861, 2
0.5061236, 0.5298366, 0.6899056, 2
0.4223316, 0.2863435, 0.5009616, 2
0.396138, 0.1334453, 0.2888198, 2
0.5966656, 0.541971, 0.475295, 2
0.4205052, 0.1887782, 0.435526, 2
0.660992, 0.430624, 0.5192949, 2
0.7110165, 0.4196194, 0.6745434, 2
0.606703, 0.385161, 0.6949532, 2
0.8107801, 0.5044424, 0.7521171, 2
0.6116445, 0.3083872, 0.5021124, 2
0.6193804, 0.5027375, 0.5121021, 2
0.5533114, 0.5932947, 0.7295482, 2
0.6218228, 0.565175, 0.5516714, 2
0.7368787, 0.3772546, 0.6353927, 2
0.6132879, 0.3085281, 0.6203063, 2
0.6368745, 0.4968701, 0.4212388, 2
0.5040736, 0.3648355, 0.3919842, 2
0.4287833, 0.1115711, 0.3338686, 2
0.6586455, 0.3929569, 0.6389229, 2
0.7932805, 0.5385665, 0.5851184, 2
0.3531766, 0.2584805, 0.4001644, 2
0.6252984, 0.5997088, 0.8101161, 2
0.4342869, 0.5261003, 0.6929122, 2
0.6159815, 0.2559797, 0.4896196, 2
0.8470755, 0.5250962, 0.7203835, 2
0.5453373, 0.5165132, 0.7118458, 2
0.5012817, 0.1882266, 0.3889228, 2
0.2958615, 0.2975617, 0.4789, 2
0.5417098, 0.2739166, 0.524691, 2
0.6477287, 0.3457751, 0.605446, 2
0.7332948, 0.3900847, 0.5704997, 2
0.6642625, 0.4047588, 0.6729904, 2
0.7294408, 0.6417944, 0.6248697, 2
0.8443238, 0.6673701, 0.6295398, 2
0.3480151, 0.3175067, 0.527448, 2
0.600484, 0.4073035, 0.7210224, 2
0.7308925, 0.377425, 0.6108607, 2
0.4909384, 0.3827265, 0.4306019, 2
0.5762914, 0.5803367, 0.6895691, 2
0.6028286, 0.3501109, 0.6491525, 2
0.6543415, 0.3027005, 0.5091287, 2
0.4480049, 0.3855419, 0.4742002, 2
0.7346949, 0.5351654, 0.8341351, 2
0.463712, 0.1574747, 0.3356015, 2
0.591174, 0.5769272, 0.5962164, 2
0.4290726, 0.3599973, 0.4476875, 2
0.3927011, 0.2896155, 0.4617589, 2
0.4711165, 0.4046402, 0.6577022, 2
0.5792422, 0.4682947, 0.7324827, 2
0.7209953, 0.3547598, 0.5992854, 2
0.8303542, 0.5188909, 0.621356, 2
0.6321795, 0.5422882, 0.8480741, 2
0.6767047, 0.5683272, 0.4918019, 2
0.4206142, 0.1319198, 0.2887692, 2
0.3818387, 0.09900625, 0.343328, 2
0.7231555, 0.4962141, 0.7784501, 2
0.5743605, 0.5868913, 0.59146, 2
0.7371331, 0.4545287, 0.7260361, 2
0.6596141, 0.4012557, 0.717508, 2
0.808736, 0.4711582, 0.5446439, 2
0.8715907, 0.5783104, 0.6710129, 2
0.4639882, 0.2557227, 0.3432532, 2
0.5366669, 0.4167391, 0.682035, 2
0.8674405, 0.5433507, 0.6354527, 2
0.808138, 0.6477467, 0.6292218, 2
0.6778885, 0.6253671, 0.5674628, 2
0.878176, 0.6003721, 0.6095419, 2
0.6868001, 0.4283537, 0.7619362, 2
0.5316793, 0.5522425, 0.7646191, 2
0.6236888, 0.5972954, 0.7011703, 2
0.6409251, 0.6629101, 0.6504725, 2
0.889769, 0.6387517, 0.6184492, 2
0.5822046, 0.3802196, 0.7062527, 2
0.6432956, 0.2816967, 0.4503924, 2
0.597881, 0.5833942, 0.7898707, 2
0.5022874, 0.4896006, 0.7516694, 2
0.7611783, 0.4635086, 0.8187095, 2
0.7102451, 0.6329477, 0.5767847, 2
0.7154276, 0.5178581, 0.8287345, 2
0.6649155, 0.4691033, 0.7266696, 2
0.4954998, 0.4626148, 0.6863061, 2
0.6719875, 0.314166, 0.4635817, 2
0.8039587, 0.5225434, 0.6005213, 2
0.8449932, 0.5081958, 0.6504717, 2
0.4063738, 0.3660998, 0.4637708, 2
0.3134199, 0.2898139, 0.4384934, 2
0.6959764, 0.5795881, 0.8417566, 2
0.7163402, 0.3460343, 0.5588672, 2
0.6960658, 0.3409442, 0.5403951, 2
0.4929336, 0.4529501, 0.492301, 2
0.7966841, 0.5136566, 0.595266, 2
0.3840391, 0.1183173, 0.3182307, 2
0.6524125, 0.2675733, 0.497348, 2
0.672321, 0.5171451, 0.8500314, 2
0.6658179, 0.6728145, 0.731213, 2
0.6790217, 0.3603589, 0.6208778, 2
0.6415746, 0.5724216, 0.4977818, 2
0.3085969, 0.2906542, 0.4125406, 2
0.6071851, 0.4759025, 0.4630678, 2
0.6053912, 0.5418333, 0.5469016, 2
0.4086194, 0.1898172, 0.4464903, 2
0.6202696, 0.3392333, 0.58996, 2
0.5085224, 0.4293112, 0.4531188, 2
0.7400158, 0.454074, 0.7900752, 2
0.4940681, 0.4733295, 0.7122495, 2
0.643248, 0.4730994, 0.488589, 2
0.9196006, 0.5584435, 0.6729104, 2
0.7596531, 0.5653456, 0.5627069, 2
0.8436772, 0.452844, 0.7810093, 2
0.8602793, 0.4773657, 0.808378, 2
0.3562383, 0.1410654, 0.3830142, 2
0.6622931, 0.5676807, 0.5384938, 2
0.4170419, 0.4096414, 0.6062187, 2
0.3704913, 0.2807222, 0.4349122, 2
0.6011243, 0.6611807, 0.7546538, 2
0.7695627, 0.3748968, 0.5788556, 2
0.6386368, 0.325357, 0.6343176, 2
0.3938933, 0.3508813, 0.444967, 2
0.5244915, 0.5827281, 0.6602767, 2
0.4219003, 0.1977602, 0.3916047, 2
0.747339, 0.4356295, 0.6950057, 2
0.6880201, 0.6432472, 0.6217965, 2
0.4693485, 0.3105235, 0.5942443, 2
0.5530509, 0.6241204, 0.6679758, 2
0.523488, 0.4058917, 0.4127661, 2
0.6755863, 0.5045276, 0.5156733, 2
0.4903673, 0.1602352, 0.3669654, 2
0.6440173, 0.543421, 0.8540427, 2
0.6889371, 0.3246089, 0.5780833, 2
0.8927206, 0.5717818, 0.6965559, 2
0.6667468, 0.3094081, 0.5302162, 2
0.5913392, 0.6523429, 0.7452614, 2
0.5013999, 0.2403131, 0.4430192, 2
0.4070239, 0.2382521, 0.4459549, 2
0.6877972, 0.4475283, 0.7704413, 2
0.4880558, 0.2663901, 0.3641674, 2
0.6208292, 0.4824281, 0.8058424, 2
0.4092426, 0.3148915, 0.5715274, 2
0.5075254, 0.459553, 0.7112746, 2
0.3548373, 0.1239251, 0.3343414, 2
0.7835603, 0.6013127, 0.5771123, 2
0.6015031, 0.5890846, 0.6925706, 2
0.7361255, 0.4807886, 0.5236722, 2
0.6068678, 0.5973621, 0.8083053, 2
0.3961964, 0.3273954, 0.3720323, 2
0.5298909, 0.2070609, 0.3819955, 2
0.653949, 0.5525443, 0.5747123, 2
0.6317158, 0.3675505, 0.4305477, 2
0.6584493, 0.4604897, 0.4397167, 2
0.6594041, 0.710744, 0.7419629, 2
0.6058838, 0.5479208, 0.5056059, 2
0.4634073, 0.1826132, 0.3313778, 2
0.409278, 0.143184, 0.4292223, 2
0.3595937, 0.3364723, 0.4231213, 2
0.4834204, 0.3200051, 0.6134105, 2
0.8479605, 0.6498876, 0.6226596, 2
0.7627753, 0.6542486, 0.6256186, 2
0.3974477, 0.3357648, 0.3817079, 2
0.4391922, 0.3083673, 0.5675049, 2
0.5612565, 0.2473063, 0.4250473, 2
0.7169626, 0.3363793, 0.5500043, 2
0.3559165, 0.2771918, 0.4384242, 2
0.5886948, 0.3559725, 0.6595544, 2
0.7120311, 0.6183952, 0.5647812, 2
0.3549269, 0.3347389, 0.4859801, 2
0.8703724, 0.5462275, 0.6212544, 2
0.4748878, 0.5162954, 0.7195474, 2
0.7411929, 0.6187587, 0.592829, 2
0.4974059, 0.5288052, 0.6780081, 2
0.6003963, 0.5055447, 0.7542861, 2
0.4219843, 0.4218185, 0.6118053, 2
0.6041754, 0.4376853, 0.7480247, 2
0.4238139, 0.1163286, 0.323311, 2
0.5898401, 0.4209009, 0.7376795, 2
0.5922022, 0.5251555, 0.7881668, 2
0.48536, 0.4143597, 0.6409116, 2
0.6015071, 0.2656244, 0.4945357, 2
0.5307062, 0.3676196, 0.4141069, 2
0.6649302, 0.6499774, 0.6262088, 2
0.6740896, 0.5960403, 0.5484769, 2
0.8533509, 0.4661323, 0.6728348, 2
0.7111556, 0.4254925, 0.7235038, 2
0.3717551, 0.1356791, 0.3604564, 2
0.6275501, 0.2655375, 0.4516011, 2
0.5356939, 0.4900115, 0.458923, 2
0.8103318, 0.5786248, 0.5563502, 2
0.7067559, 0.6105965, 0.5606142, 2
0.5966285, 0.6019458, 0.5642019, 2
0.6193393, 0.3031306, 0.4625161, 2
0.878861, 0.4819419, 0.7189548, 2
0.7459101, 0.4457366, 0.5542325, 2
0.5995283, 0.5624974, 0.4605365, 2
0.6338215, 0.5550789, 0.4935317, 2
0.4223248, 0.1762068, 0.3951647, 2
0.464958, 0.3585647, 0.4043593, 2
0.7233381, 0.3925175, 0.5953983, 2
0.6319021, 0.413512, 0.4286378, 2
0.4990504, 0.4538458, 0.5419195, 2
0.6807111, 0.5218676, 0.5242208, 2
0.4340478, 0.4882679, 0.6408173, 2
0.5464307, 0.3352007, 0.4207428, 2
0.6331591, 0.2848049, 0.5140467, 2
0.8436297, 0.5949728, 0.6468363, 2
0.4629002, 0.4352785, 0.5653935, 2
0.3440635, 0.2617061, 0.4135562, 2
0.7012072, 0.5932563, 0.5607066, 2
0.4764539, 0.5689673, 0.6866445, 2
0.6991131, 0.602338, 0.8345345, 2
0.6849194, 0.3515152, 0.5288173, 2
0.3008785, 0.2933004, 0.4286663, 2
0.5710296, 0.2125719, 0.4230832, 2
0.716911, 0.4295801, 0.7422388, 2
0.5888423, 0.4454142, 0.7431052, 2
0.4032193, 0.1978734, 0.4405246, 2
0.532427, 0.3221576, 0.4209597, 2
0.8657154, 0.5388337, 0.7152241, 2
0.6165951, 0.2517639, 0.4836839, 2
0.5399299, 0.579738, 0.7842841, 2
0.530172, 0.4388057, 0.4246906, 2
0.5107758, 0.2092012, 0.3838257, 2
0.6539625, 0.2645981, 0.5028483, 2
0.3554386, 0.3401186, 0.430955, 2
0.6803238, 0.3749304, 0.6724328, 2
0.5975154, 0.4269782, 0.7514261, 2
0.6074787, 0.5995802, 0.5550061, 2
0.5632201, 0.4804596, 0.4867088, 2
0.6905242, 0.5529987, 0.5467729, 2
0.5491952, 0.5453344, 0.8111866, 2
0.4755017, 0.1945517, 0.4134887, 2
0.628877, 0.604446, 0.6156396, 2
0.3295233, 0.1129344, 0.3991912, 2
0.8460507, 0.483044, 0.6364483, 2
0.6366189, 0.6172059, 0.5900388, 2
0.5117951, 0.4587901, 0.4527339, 2
0.4700747, 0.5401202, 0.6819757, 2
0.6676442, 0.4914103, 0.8154343, 2
0.828039, 0.4439963, 0.7549995, 2
0.3523286, 0.2895138, 0.3612904, 2
0.4689437, 0.3311611, 0.3765849, 2
0.4929573, 0.5961871, 0.7580315, 2
0.8700013, 0.5362827, 0.7435569, 2
0.5911474, 0.5541278, 0.4792351, 2
0.8138144, 0.5456686, 0.5612884, 2
0.8096299, 0.5609595, 0.5536184, 2
0.6183552, 0.3745802, 0.4263043, 2
0.753299, 0.3893577, 0.6018932, 2
0.5729069, 0.3456891, 0.6353174, 2
0.4981506, 0.2331348, 0.4644993, 2
0.7130355, 0.3857084, 0.5521314, 2
0.3945456, 0.1382993, 0.3117103, 2
0.4343725, 0.2046543, 0.4054845, 2
0.5705565, 0.2893971, 0.583536, 2
0.4029871, 0.1691189, 0.2748674, 2
0.414549, 0.2922082, 0.516188, 2
0.8554443, 0.6650177, 0.6184427, 2
0.5252775, 0.4764124, 0.731363, 2
0.6961206, 0.6787952, 0.6575916, 2
0.4603634, 0.4056458, 0.5078344, 2
0.8669353, 0.4763626, 0.6966403, 2
0.6199617, 0.4913149, 0.4263732, 2
0.7679673, 0.6002926, 0.5756261, 2
0.6302379, 0.5411599, 0.8239423, 2
0.6371908, 0.4796656, 0.4443324, 2
0.3806843, 0.2171073, 0.4102765, 2
0.4813425, 0.1764971, 0.3214073, 2
0.6404405, 0.5261025, 0.4637594, 2
0.6066886, 0.3205479, 0.611221, 2
0.7632487, 0.3913779, 0.5880684, 2
0.4808747, 0.548592, 0.6164124, 2
0.5544791, 0.3516568, 0.417854, 2
0.4030948, 0.2527847, 0.5480294, 2
0.7988615, 0.4184124, 0.6280331, 2
0.5044596, 0.3687728, 0.3935934, 2
0.6463546, 0.4863774, 0.7557585, 2
0.7161556, 0.4333014, 0.6739089, 2
0.8034629, 0.4708712, 0.6627178, 2
0.5536268, 0.5750888, 0.5747185, 2
0.5861831, 0.5686422, 0.7433127, 2
0.627073, 0.2923144, 0.4907498, 2
0.4185438, 0.299323, 0.33429, 2
0.5806845, 0.533574, 0.7070315, 2
0.9002047, 0.5803711, 0.7256201, 2
0.5982084, 0.2801547, 0.5246595, 2
0.5670633, 0.5593863, 0.5686675, 2
0.5606505, 0.2918018, 0.5534815, 2
0.7612693, 0.5633606, 0.5546072, 2
0.6781365, 0.5065897, 0.8107587, 2
0.321094, 0.3833895, 0.5396805, 2
0.6803893, 0.4752391, 0.4739709, 2
0.605917, 0.4025752, 0.4632231, 2
0.6119621, 0.5006062, 0.4444566, 2
0.5929118, 0.447752, 0.4162429, 2
0.7996784, 0.3959115, 0.6034339, 2
0.4037003, 0.3215037, 0.5382632, 2
0.7421057, 0.3513427, 0.6094682, 2
0.6913428, 0.3649508, 0.5536611, 2
0.7341474, 0.6779175, 0.6409699, 2
0.387207, 0.3295405, 0.3843644, 2
0.8354293, 0.5188755, 0.7405578, 2
0.8217983, 0.4495857, 0.6160868, 2
0.8016099, 0.4996383, 0.7767148, 2
0.5590109, 0.5271024, 0.7347142, 2
0.6143703, 0.6719707, 0.7570624, 2
0.6491327, 0.5718976, 0.8498463, 2
0.5090821, 0.401138, 0.4211567, 2
0.5574997, 0.2739954, 0.4176346, 2
0.6994807, 0.6361159, 0.5896748, 2
0.5568599, 0.4129958, 0.7171816, 2
0.8486242, 0.4572718, 0.7329491, 2
0.4632127, 0.3948852, 0.6073776, 2
0.4337756, 0.1891026, 0.4287732, 2
0.6768915, 0.3132354, 0.5532508, 2
0.3546707, 0.3494208, 0.51999, 2
0.6941304, 0.5599492, 0.5373446, 2
0.6664889, 0.5469543, 0.8230675, 2
0.7343742, 0.4026667, 0.646284, 2
0.4386982, 0.2009528, 0.4622517, 2
0.5477401, 0.5903067, 0.8143819, 2
0.5306755, 0.4272631, 0.4294182, 2
0.4746448, 0.5721344, 0.7726626, 2
0.4526124, 0.3403857, 0.3942568, 2
0.5016965, 0.2001049, 0.4779684, 2
0.3130624, 0.2655385, 0.376779, 2
0.672351, 0.3175756, 0.5658223, 2
0.6362591, 0.2928806, 0.4535778, 2
0.6312206, 0.592121, 0.5788568, 2
0.4945009, 0.3568441, 0.3877116, 2
0.8304931, 0.5064778, 0.6365244, 2
0.7176217, 0.5195157, 0.8249921, 2
0.5998453, 0.2879352, 0.5665979, 2
0.3052635, 0.2710865, 0.3897148, 2
0.7533193, 0.4446383, 0.57011, 2
0.8119168, 0.4990399, 0.7240104, 2
0.4555246, 0.3906486, 0.4679062, 2
0.6098742, 0.465102, 0.4256219, 2
0.6761473, 0.3150868, 0.5902353, 2
0.3954608, 0.2876928, 0.4590476, 2
0.6359317, 0.5269656, 0.8248766, 2
0.8913715, 0.5158457, 0.7896914, 2
0.468257, 0.2569795, 0.5474482, 2
0.6410602, 0.4017497, 0.6700172, 2
0.5600028, 0.4947081, 0.4632608, 2
0.5830341, 0.4757382, 0.4774871, 2
0.8364992, 0.4779832, 0.7883269, 2
0.4964864, 0.3992938, 0.6658431, 2
0.3180684, 0.2869242, 0.4508882, 2
0.8712215, 0.514413, 0.7655401, 2
0.6148047, 0.5501016, 0.5200987, 2
0.4283493, 0.4021123, 0.5019543, 2
0.5313481, 0.4973297, 0.4825953, 2
0.4364097, 0.346142, 0.4060215, 2
0.5671836, 0.6001876, 0.7846168, 2
0.544739, 0.6465862, 0.7561842, 2
0.528484, 0.5901148, 0.7433408, 2
0.3935795, 0.313917, 0.51964, 2
0.4658089, 0.1846184, 0.4527673, 2
0.6013158, 0.24527, 0.4303466, 2
0.6932038, 0.5639367, 0.5517721, 2
0.6155201, 0.4858001, 0.4224687, 2
0.5497609, 0.2041535, 0.4107601, 2
0.4409931, 0.286833, 0.523967, 2
0.5570239, 0.5785521, 0.6039041, 2
0.6647372, 0.6295414, 0.6714232, 2
0.4388207, 0.3091596, 0.5695389, 2
0.3682073, 0.2882436, 0.3460547, 2
0.4899771, 0.5754412, 0.6969466, 2
0.607209, 0.5605456, 0.5131243, 2
0.5949498, 0.6274999, 0.6532716, 2
0.6390718, 0.3538556, 0.6642559, 2
0.583563, 0.437655, 0.4216062, 2
0.6982822, 0.4013198, 0.4872009, 2
0.6216845, 0.5387822, 0.794787, 2
0.5198841, 0.1972972, 0.4707324, 2
0.8288625, 0.667457, 0.5861205, 2
0.7593828, 0.6554613, 0.626073, 2
0.4955707, 0.1986973, 0.3770356, 2
0.2884357, 0.2491419, 0.3922004, 2
0.5956838, 0.4753456, 0.4253957, 2
0.373786, 0.3133764, 0.3735558, 2
0.4651016, 0.5462783, 0.6647808, 2
0.535059, 0.5812137, 0.7045495, 2
0.545625, 0.3022572, 0.578312, 2
0.3126921, 0.341584, 0.4805804, 2
0.8865628, 0.5221462, 0.6876789, 2
0.5109513, 0.4273818, 0.4468715, 2
0.7878187, 0.4317089, 0.5855389, 2
0.8322969, 0.5060349, 0.8507166, 2
0.6272604, 0.5701165, 0.8514554, 2
0.506609, 0.2877157, 0.5484256, 2
0.3644328, 0.3267284, 0.5360645, 2
0.4681466, 0.3043147, 0.5688378, 2
0.6729959, 0.5034169, 0.5165216, 2
0.7388254, 0.4389884, 0.6387944, 2
0.4929175, 0.3850711, 0.4300286, 2
0.5645772, 0.2693948, 0.5235902, 2
0.5868134, 0.3392482, 0.6682447, 2
0.4326405, 0.125902, 0.3917791, 2
0.6630719, 0.3623345, 0.6770028, 2
0.6957349, 0.4895676, 0.7781822, 2
0.404216, 0.3745984, 0.4897572, 2
0.77209, 0.4775092, 0.8215141, 2
0.4508922, 0.1760872, 0.3564942, 2
0.5331079, 0.2853187, 0.5574803, 2
0.4466244, 0.4692534, 0.6142684, 2
0.5422522, 0.492643, 0.4601399, 2
0.4852819, 0.2963393, 0.3712011, 2
0.2951452, 0.3129634, 0.4968301, 2
0.632459, 0.3053781, 0.5955477, 2
0.6247851, 0.3753655, 0.6514628, 2
0.8455403, 0.5220685, 0.7921793, 2
0.5686525, 0.4604497, 0.493298, 2
0.3620721, 0.3231976, 0.535447, 2
0.4642484, 0.4049519, 0.4654218, 2
0.7293361, 0.5186263, 0.8636733, 2
0.8111829, 0.4866985, 0.5745389, 2
0.614072, 0.2628992, 0.4321808, 2
0.5732394, 0.5257323, 0.5246702, 2
0.4655924, 0.2140927, 0.3174073, 2
0.665305, 0.5437935, 0.5130194, 2
0.5378869, 0.498888, 0.4852725, 2
0.7097818, 0.3389213, 0.5482022, 2
0.6553589, 0.5558178, 0.4620418, 2
0.5269822, 0.273766, 0.5945326, 2
0.4978524, 0.4717355, 0.4629085, 2
0.7792431, 0.4940369, 0.5373663, 2
0.5247449, 0.2196293, 0.3857438, 2
0.310069, 0.3126993, 0.4416867, 2
0.3907183, 0.3674009, 0.4720566, 2
0.6461815, 0.5397965, 0.5555638, 2
0.7010769, 0.4476097, 0.7316395, 2
0.545454, 0.3580646, 0.6308843, 2
0.7705963, 0.541406, 0.5447288, 2
0.5157721, 0.4711785, 0.4488306, 2
0.6450139, 0.4942113, 0.4200412, 2
0.7217817, 0.5647768, 0.5731745, 2
0.4838403, 0.367473, 0.414394, 2
0.4696212, 0.4458458, 0.5579497, 2
0.7051357, 0.3617392, 0.4895709, 2
0.4461863, 0.4113176, 0.5289962, 2
0.5673885, 0.2122715, 0.448354, 2
0.4080416, 0.3378935, 0.5890713, 2
0.3904058, 0.2835178, 0.4482162, 2
0.6569291, 0.6785221, 0.739983, 2
0.6885633, 0.4900045, 0.442574, 2
0.3465097, 0.2084647, 0.274702, 2
0.5100254, 0.1619396, 0.4201981, 2
0.7784187, 0.4251511, 0.7655741, 2
0.6651035, 0.2893299, 0.4576209, 2
0.5662175, 0.2419385, 0.4561903, 2
0.6980956, 0.6021539, 0.5910606, 2
0.7195875, 0.3595544, 0.6405216, 2
0.462902, 0.2404969, 0.5400103, 2
0.6444205, 0.593873, 0.6028475, 2
0.7577759, 0.3878866, 0.6472715, 2
0.6096945, 0.313287, 0.5968124, 2
0.4803643, 0.3639129, 0.6331064, 2
0.6615864, 0.5952487, 0.5150786, 2
0.2907724, 0.3076168, 0.4686279, 2
0.3333348, 0.128034, 0.3488481, 2
0.8831662, 0.5937092, 0.6511949, 2
0.4368014, 0.1541868, 0.4242587, 2
0.5348041, 0.4668252, 0.7592103, 2
0.6004465, 0.6012027, 0.6161503, 2
0.6009148, 0.2702369, 0.5212112, 2
0.6687541, 0.4716196, 0.4400354, 2
0.7543303, 0.66381, 0.6289864, 2
0.7432079, 0.6062801, 0.5708064, 2
0.5762116, 0.4452879, 0.4104269, 2
0.4688978, 0.2002265, 0.402361, 2
0.7933726, 0.6837096, 0.5885365, 2
0.8721359, 0.4850541, 0.6518044, 2
0.4337469, 0.4104238, 0.5497569, 2
0.5636311, 0.5925869, 0.8062491, 2
0.6424276, 0.2996094, 0.5452631, 2
0.3012423, 0.3606991, 0.5413827, 2
0.7381987, 0.4432316, 0.7766225, 2
0.6753731, 0.4891403, 0.7972496, 2
0.5105542, 0.5461535, 0.7413915, 2
0.4059216, 0.3983848, 0.6096196, 2
0.6605196, 0.5048687, 0.8257846, 2
0.8799435, 0.5071089, 0.6479008, 2
0.8209247, 0.6129043, 0.591575, 2
0.7444361, 0.6331995, 0.5711091, 2
0.7462787, 0.5093856, 0.8526612, 2
0.3797964, 0.3449942, 0.4155805, 2
0.607829, 0.4618242, 0.724475, 2
0.6273014, 0.3782129, 0.6248007, 2
0.6034843, 0.2507234, 0.5273583, 2
0.793348, 0.5823042, 0.5817888, 2
0.6240034, 0.5381989, 0.4470443, 2
0.6815109, 0.4052389, 0.6640595, 2
0.4984053, 0.3390375, 0.4040417, 2
0.7614965, 0.5459109, 0.8658516, 2
0.8306093, 0.4992229, 0.83013, 2
0.404248, 0.1761225, 0.4120101, 2
0.5345947, 0.5842019, 0.6015528, 2
0.3099568, 0.2175961, 0.3349116, 2
0.6885128, 0.3201104, 0.5591949, 2
0.5848449, 0.5778199, 0.5996848, 2
0.8654743, 0.5730751, 0.6089804, 2
0.4802598, 0.3514225, 0.385167, 2
0.4453879, 0.3320153, 0.6031311, 2
0.6923432, 0.3575951, 0.5649237, 2
0.6124805, 0.5283017, 0.5178753, 2
0.5003727, 0.3608047, 0.3887458, 2
0.6112139, 0.2601868, 0.4686133, 2
0.5665556, 0.5215847, 0.5203624, 2
0.6241933, 0.6358842, 0.6053451, 2
0.703264, 0.6111746, 0.5933417, 2
0.5370057, 0.4878435, 0.4559842, 2
0.6552815, 0.3978426, 0.6515232, 2
0.6793793, 0.2882822, 0.5402253, 2
0.6777472, 0.3805093, 0.6634791, 2
0.6917914, 0.4362685, 0.6881145, 2
0.4410397, 0.49381, 0.62789, 2
0.4735433, 0.5710536, 0.7718876, 2
0.5340056, 0.2443172, 0.4369952, 2
0.6780918, 0.6564738, 0.64584, 2
0.7677718, 0.6567867, 0.612369, 2
0.6074891, 0.2138974, 0.4497369, 2
0.8269402, 0.5225111, 0.5996989, 2
0.809276, 0.4862572, 0.6756207, 2
0.605952, 0.5826458, 0.6972325, 2
0.4585176, 0.254015, 0.3507473, 2
0.3456472, 0.3133024, 0.5000672, 2
0.6148527, 0.6364459, 0.6152315, 2
0.5643842, 0.2470986, 0.5610703, 2
0.6539124, 0.3830733, 0.7005026, 2
0.4970425, 0.5422475, 0.6785377, 2
0.7502601, 0.4606005, 0.7919571, 2
0.8028248, 0.5224456, 0.8472587, 2
0.5221065, 0.2562003, 0.4727088, 2
0.3315316, 0.3048002, 0.4041873, 2
0.6171014, 0.6392688, 0.6189433, 2
0.42455, 0.4292126, 0.615586, 2
0.4323024, 0.2433223, 0.4821272, 2
0.6878157, 0.5024693, 0.7677205, 2
0.4880503, 0.4545762, 0.5497036, 2
0.571975, 0.4644283, 0.4953351, 2
0.3307745, 0.2554774, 0.4095122, 2
0.6929882, 0.3573285, 0.4775248, 2
0.6438397, 0.400014, 0.4269656, 2
0.600206, 0.2330559, 0.454651, 2
0.6339016, 0.38485, 0.6846688, 2
0.4633815, 0.2904899, 0.3719426, 2
0.4273905, 0.1883004, 0.484674, 2
0.334751, 0.2304836, 0.3066287, 2
0.6640263, 0.3322583, 0.4684703, 2
0.8687099, 0.5943416, 0.6023797, 2
0.6902451, 0.4445373, 0.7505835, 2
0.5921425, 0.2994489, 0.4854803, 2
0.9037725, 0.5281885, 0.7791291, 2
0.5312032, 0.226702, 0.4769569, 2
0.6260324, 0.46543, 0.7978578, 2
0.850211, 0.4803549, 0.7529138, 2
0.7539986, 0.4533879, 0.5598212, 2
0.7870224, 0.6618102, 0.574825, 2
0.6155153, 0.4375361, 0.6993828, 2
0.3037717, 0.2602427, 0.3815143, 2
0.7012829, 0.4192383, 0.6678037, 2
0.5163428, 0.3081025, 0.4097896, 2
0.7519618, 0.4494622, 0.7677954, 2
0.652762, 0.451959, 0.7482671, 2
0.692195, 0.5601978, 0.5505549, 2
0.6735066, 0.5549423, 0.4600771, 2
0.6964802, 0.368714, 0.6461996, 2
0.5880321, 0.6079645, 0.7526792, 2
0.3349225, 0.1203512, 0.367168, 2
0.4939483, 0.4237045, 0.472796, 2
0.7860943, 0.4496453, 0.6574698, 2
0.4584916, 0.4830377, 0.6899121, 2
0.7545984, 0.4336851, 0.6762871, 2
0.5360567, 0.4645864, 0.4340886, 2
0.7916154, 0.5283774, 0.8123087, 2
0.6070647, 0.2420118, 0.4343987, 2
0.5203401, 0.356899, 0.4109274, 2
0.8341067, 0.5428228, 0.6416256, 2
0.7930073, 0.3986266, 0.6039, 2
0.459588, 0.187131, 0.4519333, 2
0.698154, 0.4971465, 0.7963562, 2
0.5874584, 0.5296647, 0.8144972, 2
0.64715, 0.5410525, 0.4421425, 2
0.680234, 0.3422098, 0.599647, 2
0.3911044, 0.3090372, 0.4588895, 2
0.6682308, 0.3155034, 0.4732097, 2
0.6438262, 0.3131401, 0.449456, 2
0.5805477, 0.5429572, 0.8291211, 2
0.6657395, 0.6230518, 0.5905553, 2
0.7333367, 0.4131876, 0.5700657, 2
0.6155865, 0.5510396, 0.5352116, 2
0.7548457, 0.6073641, 0.5832918, 2
0.5420704, 0.3187208, 0.5655563, 2
0.5854231, 0.2961386, 0.4965287, 2
0.7938192, 0.5032196, 0.5453576, 2
0.6777356, 0.3713383, 0.6647903, 2
0.6354555, 0.3696837, 0.6013492, 2
0.5848668, 0.3461731, 0.4142426, 2
0.6029668, 0.5418725, 0.8344787, 2
0.5227382, 0.2815054, 0.5600386, 2
0.7788681, 0.4973145, 0.8446054, 2
0.4834891, 0.1447229, 0.3979169, 2
0.3972102, 0.1205154, 0.3550333, 2
0.5279665, 0.5087584, 0.7453125, 2
0.6624411, 0.357857, 0.5729616, 2
0.6712623, 0.5306528, 0.4418488, 2
0.4321461, 0.3611021, 0.4307767, 2
0.693908, 0.5588363, 0.4984992, 2
0.4585317, 0.3186043, 0.5982643, 2
0.604692, 0.2815495, 0.4263932, 2
0.8523002, 0.5575953, 0.6589328, 2
0.633803, 0.4713098, 0.4891865, 2
0.5271167, 0.3476247, 0.6518005, 2
0.8632854, 0.5638526, 0.7143477, 2
0.820691, 0.4782108, 0.850431, 2
0.8566029, 0.6138652, 0.5838129, 2
0.8127226, 0.5555016, 0.6150626, 2
0.461278, 0.1852149, 0.4689953, 2
0.6027389, 0.5883888, 0.8150598, 2
0.6004943, 0.5746729, 0.5519207, 2
0.6368597, 0.3154059, 0.6101785, 2
0.5170903, 0.4352162, 0.4414679, 2
0.6624823, 0.4068841, 0.7257267, 2
0.8570268, 0.5516943, 0.7247744, 2
0.527684, 0.4952034, 0.4704172, 2
0.3582918, 0.1328019, 0.3798908, 2
0.3209025, 0.2038916, 0.3031663, 2
0.5562991, 0.2633278, 0.4675612, 2
0.6204342, 0.4850267, 0.4206999, 2
0.6398652, 0.5572507, 0.5758585, 2
0.7266188, 0.5136606, 0.8592966, 2
0.8072213, 0.5544952, 0.5983554, 2
0.5570127, 0.5540978, 0.6847257, 2
0.6186177, 0.2716641, 0.4310977, 2
0.4726273, 0.2585435, 0.5413638, 2
0.5657793, 0.4401022, 0.4564096, 2
0.7526497, 0.3859855, 0.6206259, 2
0.6143833, 0.5935716, 0.5424097, 2
0.610339, 0.6003311, 0.6321812, 2
0.8632442, 0.5331535, 0.6826692, 2
0.5710373, 0.5014674, 0.4854423, 2
0.4123885, 0.09420503, 0.3426703, 2
0.777914, 0.4651572, 0.5318822, 2
0.5992275, 0.4586069, 0.4162976, 2
0.8637726, 0.5183238, 0.6850698, 2
0.7679944, 0.5109463, 0.8267099, 2
0.554853, 0.4796634, 0.7387342, 2
0.5461655, 0.4298608, 0.4711371, 2
0.5606515, 0.2385325, 0.4759907, 2
0.7077915, 0.4723859, 0.8183639, 2
0.7057039, 0.6103625, 0.6162067, 2
0.5150622, 0.4340227, 0.4441493, 2
0.4232669, 0.4400971, 0.6268835, 2
0.6681219, 0.4045534, 0.6916912, 2
0.3949878, 0.3692381, 0.5757442, 2
0.71928, 0.6007501, 0.5864799, 2
0.4131769, 0.313888, 0.5702227, 2
0.8427592, 0.4837886, 0.7058382, 2
0.6062863, 0.5717129, 0.5433248, 2
0.6873689, 0.3440378, 0.613806, 2
0.7702581, 0.4183695, 0.5833544, 2
0.9051745, 0.4889445, 0.7166871, 2
0.4836619, 0.24023, 0.4942534, 2
0.8541945, 0.5112331, 0.6718029, 2
0.3963048, 0.3024251, 0.5065681, 2
0.743099, 0.534304, 0.8366807, 2
0.6957282, 0.3349755, 0.4633798, 2
0.5801119, 0.524092, 0.4999428, 2
0.8227453, 0.5108536, 0.6195884, 2
0.5502738, 0.2499934, 0.5784048, 2
0.6198851, 0.4664456, 0.4426037, 2
0.4405711, 0.424779, 0.5620991, 2
0.5711373, 0.2926129, 0.5872558, 2
0.7899552, 0.4611897, 0.8012315, 2
0.6641908, 0.2890295, 0.4591104, 2
0.716107, 0.3768099, 0.5849364, 2
0.3736733, 0.3793844, 0.4972414, 2
0.5518284, 0.3432663, 0.6588957, 2
0.7070266, 0.3965957, 0.6219624, 2
0.6319512, 0.486536, 0.7601569, 2
0.6504326, 0.3400694, 0.5563791, 2
0.649012, 0.3607012, 0.5842355, 2
0.7704595, 0.5283073, 0.8679639, 2
0.556797, 0.43194, 0.4074664, 2
0.692825, 0.3460592, 0.6043956, 2
0.38253, 0.1786963, 0.4529985, 2
0.6610683, 0.4964089, 0.7929302, 2
0.7522312, 0.4397317, 0.6809015, 2
0.518124, 0.3937982, 0.6587116, 2
0.3672041, 0.3221169, 0.3939113, 2
0.7485297, 0.5126287, 0.8547576, 2
0.5936585, 0.308673, 0.529865, 2
0.4347105, 0.2353445, 0.5329009, 2
0.7080986, 0.3092221, 0.5330985, 2
0.3848757, 0.1159588, 0.3591517, 2
0.5114399, 0.5464698, 0.696859, 2
0.6379061, 0.2753758, 0.5080633, 2
0.3952343, 0.1649084, 0.3711618, 2
0.6785203, 0.6134168, 0.5150175, 2
0.7777563, 0.6803819, 0.6174125, 2
0.4110845, 0.3043821, 0.5562295, 2
0.8392256, 0.4758545, 0.8059537, 2
0.5616257, 0.3324105, 0.5864413, 2
0.6479042, 0.5033196, 0.4263447, 2
0.7676253, 0.4235887, 0.6764899, 2
0.5429965, 0.5720524, 0.6580176, 2
0.6459932, 0.5878115, 0.8448124, 2
0.5092825, 0.3775391, 0.3994809, 2
0.3669841, 0.3668282, 0.4766572, 2
0.8649047, 0.540258, 0.6473462, 2
0.6415702, 0.3408131, 0.5249102, 2
0.8671249, 0.4951728, 0.7791814, 2
0.8834231, 0.6254526, 0.6214277, 2
0.6594281, 0.5323802, 0.470942, 2
0.5817931, 0.6192742, 0.6051442, 2
0.4500148, 0.3355972, 0.3884329, 2
0.6056837, 0.5927446, 0.560606, 2
0.5302808, 0.3683609, 0.680232, 2
0.3853081, 0.385058, 0.5118957, 2
0.7408882, 0.6671247, 0.6330264, 2
0.549384, 0.4410518, 0.4224333, 2
0.6941981, 0.3757335, 0.661328, 2
0.771633, 0.4519551, 0.7208068, 2
0.5800563, 0.5871547, 0.6924307, 2
0.4224913, 0.1551607, 0.4514166, 2
0.8431323, 0.5120114, 0.8102301, 2
0.5468885, 0.502821, 0.7517971, 2
0.6630799, 0.3328422, 0.4628914, 2
0.4709694, 0.534054, 0.665894, 2
0.4719664, 0.3878107, 0.44997, 2
0.8801649, 0.579783, 0.665074, 2
0.820201, 0.4668298, 0.7144966, 2
0.6042478, 0.2811632, 0.5174853, 2
0.7026489, 0.6411505, 0.6445361, 2
0.6823817, 0.5905854, 0.5986177, 2
0.771898, 0.4976215, 0.5340984, 2
0.8132496, 0.4593819, 0.7280585, 2
0.3687762, 0.1256247, 0.4033324, 2
0.5505685, 0.5626886, 0.6495318, 2
0.6947497, 0.3776407, 0.6541072, 2
0.5946532, 0.627259, 0.6533864, 2
0.3994924, 0.3668841, 0.4682827, 2
0.5016227, 0.5079243, 0.5860959, 2
0.4626393, 0.4804137, 0.6893708, 2
0.563309, 0.3140625, 0.6063213, 2
0.8696693, 0.4601482, 0.7860547, 2
0.7377, 0.5447037, 0.8776032, 2
0.5851009, 0.6954796, 0.7608173, 2
0.5927969, 0.4785795, 0.4788839, 2
0.7777458, 0.448808, 0.547254, 2
0.5655185, 0.4247979, 0.4349574, 2
0.6540099, 0.5425819, 0.8559512, 2
0.7403734, 0.5534604, 0.5666935, 2
0.4829546, 0.5063805, 0.7238087, 2
0.5272491, 0.4456051, 0.7092641, 2
0.8545959, 0.5854408, 0.5896398, 2
0.8596421, 0.5031359, 0.7815608, 2
0.6423073, 0.3947879, 0.6354566, 2
0.6881341, 0.3574661, 0.5168363, 2
0.6416004, 0.4539656, 0.7188597, 2
0.6147747, 0.4753262, 0.4425958, 2
0.7880743, 0.4526781, 0.7331583, 2
0.5734673, 0.610801, 0.6358373, 2
0.5991803, 0.4865021, 0.443691, 2
0.5585272, 0.2757943, 0.5042563, 2
0.6358496, 0.3254368, 0.6370994, 2
0.526852, 0.2689886, 0.5144371, 2
0.39138, 0.3505785, 0.5484437, 2
0.4920448, 0.3944667, 0.4370967, 2
0.5707233, 0.2548433, 0.4415729, 2
0.7347701, 0.3695781, 0.609516, 2
0.7581481, 0.3770648, 0.6452312, 2
0.5885661, 0.5948542, 0.6281729, 2
0.5366269, 0.208505, 0.468818, 2
0.42637, 0.3766557, 0.4828537, 2
0.7554543, 0.3634723, 0.567189, 2
0.3857632, 0.3493461, 0.4345013, 2
0.8895659, 0.5534108, 0.640262, 2
0.7125292, 0.467124, 0.7394326, 2
0.5541537, 0.2587487, 0.5696653, 2
0.7480015, 0.4842056, 0.8188691, 2
0.4630325, 0.3395263, 0.3883393, 2
0.7254977, 0.4255376, 0.6227975, 2
0.7105489, 0.4257706, 0.5011526, 2
0.39091, 0.1543413, 0.4330241, 2
0.3583395, 0.4001016, 0.5524145, 2
0.8638555, 0.526368, 0.7437563, 2
0.4153997, 0.3408113, 0.4266156, 2
0.9044507, 0.5774833, 0.624178, 2
0.5037807, 0.4612476, 0.685838, 2
0.706037, 0.6187719, 0.55409, 2
0.4907876, 0.6055903, 0.7265876, 2
0.8171839, 0.4982657, 0.7539362, 2
0.7280413, 0.3420149, 0.4806433, 2
0.8001313, 0.5849519, 0.555756, 2
0.3980877, 0.2650289, 0.3148697, 2
0.3864948, 0.3378198, 0.3980514, 2
0.6753436, 0.5791189, 0.810267, 2
0.3552399, 0.3050229, 0.4837176, 2
0.5094957, 0.4452546, 0.4615112, 2
0.4698188, 0.5070246, 0.6754765, 2
0.5847681, 0.6521067, 0.7473556, 2
0.7004467, 0.5901249, 0.5477225, 2
0.6496397, 0.3108902, 0.5282927, 2
0.7912164, 0.4490303, 0.5843547, 2
0.4635123, 0.1481967, 0.4200653, 2
0.5036617, 0.4360353, 0.483101, 2
0.6291476, 0.681031, 0.7504588, 2
0.5965797, 0.5623469, 0.5847487, 2
0.5637786, 0.3088585, 0.4316055, 2
0.7403805, 0.4813055, 0.5288991, 2
0.3323734, 0.3498208, 0.5159809, 2
0.5947215, 0.4035906, 0.7089733, 2
0.8767391, 0.5897329, 0.7116629, 2
0.6395993, 0.4902638, 0.4558458, 2
0.2931627, 0.3308474, 0.4896859, 2
0.4788413, 0.5546029, 0.6179714, 2
0.4052443, 0.1334362, 0.3092753, 2
0.563772, 0.4889955, 0.4936242, 2
0.4953188, 0.3603109, 0.3938952, 2
0.6648422, 0.6034778, 0.5173857, 2
0.6863392, 0.4019544, 0.6914983, 2
0.6621158, 0.5253373, 0.4396141, 2
0.4902702, 0.3552864, 0.3881474, 2
0.6946504, 0.5460817, 0.4471185, 2
0.6734821, 0.5201353, 0.437006, 2
0.5503734, 0.4854234, 0.4448169, 2
0.4969519, 0.4682568, 0.4991479, 2
0.6395853, 0.3547573, 0.572347, 2
0.5318528, 0.4934239, 0.4633901, 2
0.5977922, 0.5971839, 0.6937758, 2
0.4646137, 0.2500623, 0.5231032, 2
0.3861406, 0.3551402, 0.4566935, 2
0.6247908, 0.4038363, 0.7196039, 2
0.6973414, 0.553501, 0.527148, 2
0.748005, 0.3967103, 0.6590981, 2
0.537811, 0.5829008, 0.7206149, 2
0.9023103, 0.6313747, 0.6100107, 2
0.4109127, 0.1085689, 0.3613591, 2
0.8171566, 0.5929133, 0.5636191, 2
0.497887, 0.4620903, 0.4798322, 2
0.6349612, 0.4321195, 0.5232615, 2
0.4200975, 0.3726208, 0.5689332, 2
0.8087533, 0.4943761, 0.7058317, 2
0.7294738, 0.4856018, 0.7429141, 2
0.5660896, 0.4249496, 0.4055326, 2
0.7179853, 0.4160782, 0.6682002, 2
0.8390513, 0.5834247, 0.640295, 2
0.8726449, 0.557058, 0.6868428, 2
0.4622002, 0.3561071, 0.4039486, 2
0.5164574, 0.2071059, 0.517482, 2
0.6574804, 0.3891552, 0.7059738, 2
0.792071, 0.4557312, 0.6030645, 2
0.5540759, 0.3537727, 0.6298535, 2
0.6451146, 0.5394339, 0.5448817, 2
0.4029555, 0.1328212, 0.3597272, 2
0.6136163, 0.5193093, 0.5045713, 2
0.8667264, 0.4959567, 0.7839832, 2
0.4762794, 0.2827818, 0.5580362, 2
0.5853271, 0.5624689, 0.7541457, 2
0.6067541, 0.2983833, 0.5751895, 2
0.503459, 0.5371576, 0.5906903, 2
0.6993578, 0.5506778, 0.4805731, 2
0.5541109, 0.523011, 0.5354428, 2
0.732434, 0.5267954, 0.5584607, 2
0.6701068, 0.6805677, 0.6735578, 2
0.6961179, 0.3845067, 0.5861202, 2
0.7808338, 0.4340253, 0.5803033, 2
0.7929194, 0.5448112, 0.5407938, 2
0.5715622, 0.2846753, 0.42562, 2
0.5831822, 0.2373049, 0.4651943, 2
0.7763757, 0.432439, 0.6695277, 2
0.6231081, 0.4505807, 0.7383304, 2
0.4420979, 0.2170811, 0.5174758, 2
0.5583809, 0.2752413, 0.5009941, 2
0.9103611, 0.4949407, 0.731418, 2
0.7267651, 0.417631, 0.72285, 2
0.8857316, 0.5252773, 0.7649744, 2
0.6876791, 0.3196103, 0.5745949, 2
0.6326592, 0.5351394, 0.4502647, 2
0.5813071, 0.3222956, 0.6274723, 2
0.4580897, 0.4525039, 0.5916448, 2
0.369378, 0.1567127, 0.4251601, 2
0.43931, 0.3657268, 0.4366583, 2
0.6426126, 0.2708686, 0.510252, 2
0.8084964, 0.4719801, 0.8230543, 2
0.7246402, 0.4137121, 0.7250375, 2
0.6342656, 0.4217052, 0.7362407, 2
0.8758094, 0.5336666, 0.7317909, 2
0.6476932, 0.298895, 0.4950794, 2
0.5248443, 0.5686396, 0.6443771, 2
0.7837741, 0.6670836, 0.5948318, 2
0.6400878, 0.3590147, 0.6748485, 2
0.5110943, 0.2838519, 0.598496, 2
0.5746458, 0.6063515, 0.5878304, 2
0.5849599, 0.4071379, 0.4368934, 2
0.6002917, 0.5997763, 0.7409431, 2
0.5922962, 0.5504501, 0.8245853, 2
0.4201467, 0.3591946, 0.4458523, 2
0.8528212, 0.4512427, 0.6656222, 2
0.8617361, 0.6487077, 0.6405014, 2
0.4097871, 0.1700834, 0.2775782, 2
0.7075862, 0.3958902, 0.7025975, 2
0.5593145, 0.4762998, 0.4879833, 2
0.6981141, 0.5580764, 0.8722501, 2
0.8879217, 0.5311612, 0.7719926, 2
0.6257046, 0.2976525, 0.5795155, 2
0.5960989, 0.4917594, 0.7380995, 2
0.6527973, 0.5417728, 0.443003, 2
0.4493336, 0.2536963, 0.5564845, 2
0.8123144, 0.4812477, 0.8323372, 2
0.6109804, 0.2370311, 0.4527984, 2
0.5884684, 0.5975014, 0.7477748, 2
0.7842624, 0.4374949, 0.64486, 2
0.6390115, 0.4261464, 0.435829, 2
0.536485, 0.6439072, 0.7563087, 2
0.4116398, 0.2948198, 0.5268598, 2
0.3635089, 0.3630946, 0.4704612, 2
0.8629988, 0.4747231, 0.7324573, 2
0.3655134, 0.2740957, 0.429552, 2
0.6647499, 0.5992042, 0.6295193, 2
0.682866, 0.4549809, 0.7117875, 2
0.5503225, 0.2536635, 0.4729355, 2
0.6688834, 0.6397153, 0.6343966, 2
0.5655324, 0.3232319, 0.5967782, 2
0.4050099, 0.1205307, 0.3403571, 2
0.7211499, 0.6372343, 0.5627607, 2
0.663758, 0.6041137, 0.517983, 2
0.4968536, 0.4658714, 0.4786129, 2
0.4932928, 0.18492, 0.3728249, 2
0.3945452, 0.206705, 0.4514773, 2
0.702997, 0.4320277, 0.724894, 2
0.5231457, 0.548525, 0.6967782, 2
0.8473063, 0.5848716, 0.5827648, 2
0.6927057, 0.4684319, 0.785876, 2
0.6579825, 0.7206731, 0.7602955, 2
0.6738322, 0.2781197, 0.5032212, 2
0.7449254, 0.3766925, 0.6456519, 2
0.4993018, 0.4537989, 0.4810572, 2
0.8194149, 0.4458583, 0.7815261, 2
0.6783139, 0.3496568, 0.5458245, 2
0.4220699, 0.1915146, 0.4155726, 2
0.6919776, 0.3427612, 0.4677851, 2
0.5248564, 0.4901913, 0.7031389, 2
0.3307084, 0.1102718, 0.3883021, 2
0.5961216, 0.3389784, 0.6439866, 2
0.5017574, 0.2099742, 0.3593879, 2
0.6026105, 0.5761282, 0.7273938, 2
0.8758063, 0.4783514, 0.7420151, 2
0.4881707, 0.2144132, 0.4637969, 2
0.9096191, 0.5232017, 0.6856416, 2
0.4039164, 0.1989138, 0.4747934, 2
0.663563, 0.6411298, 0.6013648, 2
0.7014825, 0.5386131, 0.4698078, 2
0.6997079, 0.5754727, 0.4924886, 2
0.9098948, 0.5719324, 0.6365551, 2
0.8510338, 0.5694381, 0.6440635, 2
0.8050588, 0.6534878, 0.5839337, 2
0.7519072, 0.3977888, 0.604135, 2
0.5260208, 0.4704112, 0.7580531, 2
0.8531937, 0.4844472, 0.7290585, 2
0.5818207, 0.3754174, 0.6529086, 2
0.3194802, 0.2872496, 0.4704888, 2
0.8650728, 0.4592489, 0.7281016, 2
0.4488357, 0.1464688, 0.3051855, 2
0.5720422, 0.6472715, 0.7473518, 2
0.7701924, 0.4841801, 0.7283028, 2
0.4546621, 0.1599733, 0.3349155, 2
0.4273246, 0.3082432, 0.5652796, 2
0.5185606, 0.2140823, 0.4050469, 2
0.4113036, 0.2901042, 0.4940612, 2
0.3861906, 0.3367527, 0.4026522, 2
0.5978549, 0.3335111, 0.6612802, 2
0.4954693, 0.4200781, 0.4640353, 2
0.7677546, 0.4974766, 0.5320897, 2
0.8118147, 0.4967353, 0.5521401, 2
0.3858619, 0.3159651, 0.3746679, 2
0.6581867, 0.3437842, 0.5112877, 2
0.393931, 0.1423066, 0.4101124, 2
0.4666035, 0.1331149, 0.3935909, 2
0.6173112, 0.3531298, 0.4425493, 2
0.3721506, 0.3231088, 0.525147, 2
0.4856559, 0.4704806, 0.6334795, 2
0.609358, 0.3015132, 0.48993, 2
0.7973037, 0.4628438, 0.5650678, 2
0.6388298, 0.5718549, 0.4969491, 2
0.6228305, 0.5708953, 0.543058, 2
0.5487521, 0.3214928, 0.6167418, 2
0.6162447, 0.5627833, 0.7111977, 2
0.4957535, 0.4823519, 0.7251137, 2
0.5986577, 0.4380899, 0.7522864, 2
0.5807133, 0.2693065, 0.4475034, 2
0.7691958, 0.4572477, 0.7312559, 2
0.4978839, 0.252358, 0.5223584, 2
0.6060997, 0.5715985, 0.8187363, 2
0.7727618, 0.6795345, 0.5869868, 2
0.4995721, 0.4750396, 0.7194957, 2
0.3143975, 0.3443372, 0.5316899, 2
0.8259207, 0.6212788, 0.5697203, 2
0.6343971, 0.4073429, 0.7278298, 2
0.3872939, 0.3539299, 0.4545076, 2
0.6517213, 0.5487217, 0.801542, 2
0.316809, 0.369675, 0.5573077, 2
0.5584089, 0.6581026, 0.7301809, 2
0.5240271, 0.4989872, 0.7826028, 2
0.6144769, 0.628424, 0.624897, 2
0.5672298, 0.6521856, 0.7455013, 2
0.6093037, 0.5188992, 0.5168007, 2
0.4560523, 0.4029843, 0.4998717, 2
0.8391476, 0.625593, 0.6287476, 2
0.7577604, 0.6058412, 0.5808002, 2
0.4098151, 0.1774071, 0.4326183, 2
0.8817552, 0.6182231, 0.6380616, 2
0.9093738, 0.588317, 0.6844621, 2
0.4168904, 0.1833274, 0.4415982, 2
0.5751609, 0.2350932, 0.4688208, 2
0.5575651, 0.5887927, 0.7077579, 2
0.8073468, 0.6901528, 0.5840286, 2
0.5239332, 0.4053821, 0.412368, 2
0.3091897, 0.1082568, 0.3783436, 2
0.5853276, 0.6198519, 0.6345032, 2
0.3756597, 0.3205875, 0.564575, 2
0.5783008, 0.5309008, 0.6964529, 2
0.3833043, 0.2480971, 0.3070194, 2
0.6771505, 0.3313827, 0.5399646, 2
0.5884433, 0.3495502, 0.652735, 2
0.84966, 0.4562228, 0.6720122, 2
0.3859414, 0.3245965, 0.5306851, 2
0.747305, 0.3862175, 0.5109971, 2
0.4295153, 0.2087951, 0.4752875, 2
0.409896, 0.3476039, 0.4076836, 2
0.6083704, 0.4720919, 0.4570829, 2
0.3120817, 0.09076056, 0.3979302, 2
0.6359432, 0.2744586, 0.441239, 2
0.598582, 0.5517771, 0.5482849, 2
0.7561784, 0.5888451, 0.5598164, 2
0.4406891, 0.2124604, 0.4150415, 2
0.5267829, 0.2177422, 0.3880816, 2
0.7667478, 0.4178042, 0.6209459, 2
0.5490273, 0.5451224, 0.8008486, 2
0.4360451, 0.2492266, 0.5537177, 2
0.5414837, 0.5149679, 0.7533383, 2
0.8655561, 0.551948, 0.5958673, 2
0.36127, 0.3392936, 0.4258332, 2
0.7137315, 0.6155567, 0.5819231, 2
0.3414299, 0.3657587, 0.4868424, 2
0.7676102, 0.4722825, 0.7679965, 2
0.6993073, 0.5289489, 0.4692952, 2
0.6527206, 0.3735265, 0.6347517, 2
0.8481548, 0.4478928, 0.6551645, 2
0.3623933, 0.127316, 0.3385232, 2
0.6506621, 0.5351511, 0.5229745, 2
0.5743768, 0.2914345, 0.5065232, 2
0.7843807, 0.4355009, 0.5259511, 2
0.5418789, 0.5575876, 0.6556183, 2
0.688567, 0.5623592, 0.5265085, 2
0.8205282, 0.6861359, 0.5781057, 2
0.8237464, 0.4726496, 0.7059907, 2
0.385237, 0.3316293, 0.5401707, 2
0.3458241, 0.1272687, 0.3808281, 2
0.6959048, 0.5809357, 0.5202961, 2
0.675832, 0.6792042, 0.6698537, 2
0.6229618, 0.3117477, 0.6156048, 2
0.8205222, 0.4630498, 0.6320869, 2
0.8290139, 0.5320449, 0.5676834, 2
0.6028146, 0.5370572, 0.4992393, 2
0.5885726, 0.4913814, 0.4590735, 2
0.6256846, 0.2762144, 0.4918091, 2
0.3388415, 0.2705967, 0.4304666, 2
0.4612238, 0.511053, 0.6715105, 2
0.4069973, 0.1053909, 0.3728294, 2
0.869524, 0.5301302, 0.6378817, 2
0.5810671, 0.3667217, 0.4266048, 2
0.8253017, 0.4411868, 0.7373573, 2
0.5633605, 0.5570731, 0.5626107, 2
0.6321926, 0.3816701, 0.4198388, 2
0.3323371, 0.3350237, 0.4427222, 2
0.6309496, 0.3990915, 0.6773365, 2
0.5220163, 0.2999669, 0.4088614, 2
0.8434722, 0.5142857, 0.7098848, 2
0.7428013, 0.4583054, 0.7459332, 2
0.5097063, 0.4857693, 0.5651151, 2
0.480514, 0.3723565, 0.4278002, 2
0.8745916, 0.4741715, 0.8478308, 2
0.4341815, 0.3075038, 0.3454698, 2
0.4068216, 0.2756333, 0.337661, 2
0.5577857, 0.5347365, 0.754423, 2
0.3310008, 0.312149, 0.5059204, 2
0.6381843, 0.5822347, 0.5783418, 2
0.6028374, 0.5762902, 0.7080827, 2
0.7179896, 0.395203, 0.4914346, 2
0.3956239, 0.1461829, 0.3700447, 2
0.8872551, 0.4820856, 0.8182256, 2
0.4257646, 0.3090735, 0.3582512, 2
0.4426633, 0.5217848, 0.6415581, 2
0.6059011, 0.5819585, 0.7420047, 2
0.6508044, 0.5992007, 0.6446477, 2
0.394841, 0.3606715, 0.557015, 2
0.7208796, 0.4061155, 0.7132257, 2
0.5777082, 0.5837394, 0.7665366, 2
0.6044345, 0.4726257, 0.7514552, 2
0.5214176, 0.5534552, 0.6438531, 2
0.3086206, 0.09399148, 0.3793854, 2
0.4365581, 0.3572105, 0.4213852, 2
0.6659135, 0.6020508, 0.8427704, 2
0.7593859, 0.3996546, 0.6729791, 2
0.6895577, 0.3687561, 0.4735836, 2
0.4815697, 0.5582326, 0.6853016, 2
0.4006552, 0.3389351, 0.5468946, 2
0.4130637, 0.1120417, 0.294858, 2
0.5508491, 0.3075977, 0.5624121, 2
0.5998026, 0.6299304, 0.6447703, 2
0.4861552, 0.2965155, 0.591098, 2
0.4095834, 0.2925685, 0.5156804, 2
0.7622629, 0.5751261, 0.571148, 2
0.537532, 0.4841889, 0.6883838, 2
0.7805365, 0.4746625, 0.7559944, 2
0.2916022, 0.2698233, 0.4093582, 2
0.5015824, 0.4842421, 0.4764203, 2
0.8605624, 0.4656213, 0.7121152, 2
0.49713, 0.1603895, 0.3382356, 2
0.602346, 0.3828503, 0.437799, 2
0.6401325, 0.3898759, 0.7081241, 2
0.390748, 0.2665087, 0.3346591, 2
0.5899363, 0.3819348, 0.4232425, 2
0.5955216, 0.3255838, 0.5736129, 2
0.7974746, 0.4671448, 0.5468509, 2
0.3280078, 0.3435301, 0.4893555, 2
0.6587939, 0.6087584, 0.8333316, 2
0.3867877, 0.3804004, 0.5014172, 2
0.6563658, 0.5534841, 0.794211, 2
0.7022064, 0.5578384, 0.8366211, 2
0.7542902, 0.4227671, 0.6921571, 2
0.8372383, 0.5345713, 0.6008711, 2
0.3866129, 0.2854581, 0.5691807, 2
0.3993825, 0.3017625, 0.3484469, 2
0.5250485, 0.4997218, 0.7854524, 2
0.4684391, 0.3833374, 0.4504924, 2
0.5181462, 0.4295308, 0.4315366, 2
0.5702765, 0.5686454, 0.5528301, 2
0.5492194, 0.220504, 0.4520668, 2
0.8095809, 0.5321354, 0.8169122, 2
0.7465836, 0.6427883, 0.5970696, 2
0.783263, 0.4782504, 0.5771887, 2
0.6005371, 0.6972241, 0.7479343, 2
0.3270381, 0.2983049, 0.3996057, 2
0.8747978, 0.548591, 0.7318069, 2
0.7245789, 0.4194877, 0.6536717, 2
0.6353247, 0.5118154, 0.5120525, 2
0.4782333, 0.5281092, 0.6083876, 2
0.8641129, 0.6014659, 0.6217369, 2
0.8554572, 0.4787412, 0.6542881, 2
0.4836968, 0.5842859, 0.6908326, 2
0.6814905, 0.4411732, 0.7562988, 2
0.5775866, 0.5089015, 0.4758537, 2
0.5652696, 0.4875038, 0.4413442, 2
0.4307352, 0.2239465, 0.490322, 2
0.4241933, 0.2576971, 0.4685895, 2
0.3707838, 0.2981896, 0.3662235, 2
0.5302418, 0.5884326, 0.6727006, 2
0.8882286, 0.4905137, 0.7718912, 2
0.469819, 0.375596, 0.4407564, 2
0.4137389, 0.1022716, 0.3367513, 2
0.479779, 0.5322995, 0.6088274, 2
0.6396611, 0.445253, 0.4406209, 2
0.4979597, 0.5171211, 0.6821109, 2
0.7170796, 0.4562519, 0.7313229, 2
0.3153538, 0.2955329, 0.4108585, 2
0.3297359, 0.3082028, 0.4103079, 2
0.6908448, 0.5253184, 0.5076372, 2
0.3740878, 0.1331675, 0.3132446, 2
0.734921, 0.6739867, 0.6179081, 2
0.6218308, 0.5480881, 0.444156, 2
0.5516371, 0.3795528, 0.641784, 2
0.4690126, 0.2424118, 0.3569264, 2
0.7791343, 0.5165915, 0.5369021, 2
0.6269007, 0.4594553, 0.5265453, 2
0.8029764, 0.4098298, 0.6553704, 2
0.7988389, 0.6860051, 0.5913674, 2
0.5449278, 0.5811042, 0.7125462, 2
0.6465705, 0.3125284, 0.6150774, 2
0.4533096, 0.3788272, 0.4616058, 2
0.3424306, 0.258062, 0.4027691, 2
0.3751984, 0.1896245, 0.4501809, 2
0.5418459, 0.1825263, 0.4188927, 2
0.5550732, 0.2676309, 0.5036907, 2
0.4336947, 0.4604524, 0.6325398, 2
0.6661056, 0.3146762, 0.5061212, 2
0.7874847, 0.423001, 0.6797441, 2
0.6168155, 0.6039613, 0.6340204, 2
0.4880956, 0.3662231, 0.4100868, 2
0.7551662, 0.3961751, 0.5911574, 2
0.9078422, 0.5949679, 0.6627693, 2
0.7344911, 0.6461158, 0.6402254, 2
0.4871826, 0.2952437, 0.590178, 2
0.3350092, 0.3059284, 0.4884349, 2
0.3242337, 0.2668938, 0.4023707, 2
0.7647396, 0.4364811, 0.6541431, 2
0.5299211, 0.5549135, 0.7931843, 2
0.4912008, 0.4383722, 0.6855859, 2
0.3149605, 0.2685496, 0.4383849, 2
0.775443, 0.3712342, 0.5935851, 2
0.4302066, 0.4849073, 0.6398968, 2
0.7569782, 0.4671688, 0.5271753, 2
0.5032651, 0.4700503, 0.451973, 2
0.5812798, 0.4878801, 0.4930256, 2
0.3551015, 0.3118016, 0.3950194, 2
0.7901621, 0.4759074, 0.7338865, 2
0.6775846, 0.5263876, 0.8504232, 2
0.863562, 0.4845078, 0.8394472, 2
0.4680192, 0.3481608, 0.394158, 2
0.3972222, 0.2621779, 0.4363756, 2
0.3586673, 0.1032512, 0.3805963, 2
0.294041, 0.3218017, 0.5099961, 2
0.4893502, 0.5388566, 0.6209296, 2
0.8414832, 0.4524219, 0.6547166, 2
0.7792971, 0.455694, 0.7162911, 2
0.5920872, 0.5835918, 0.6242814, 2
0.663517, 0.6837004, 0.7427232, 2
0.4551006, 0.4043679, 0.5110686, 2
0.8891928, 0.5261829, 0.8081611, 2
0.7586408, 0.5194573, 0.8225234, 2
0.6298619, 0.5406968, 0.5425419, 2
0.5950494, 0.5951633, 0.6930899, 2
0.6533567, 0.5327469, 0.4416616, 2
0.6032675, 0.6613841, 0.7525024, 2
0.366294, 0.27214, 0.3344761, 2
0.8143666, 0.4713664, 0.6999686, 2
0.8140041, 0.4233997, 0.6169621, 2
0.5876591, 0.4731031, 0.4763004, 2
0.3585271, 0.3760656, 0.5166941, 2
0.4123142, 0.2964412, 0.5363849, 2
0.5322964, 0.2314611, 0.4198864, 2
0.5736827, 0.3549468, 0.6844428, 2
0.6640792, 0.6835679, 0.7424821, 2
0.4984105, 0.2438788, 0.3640735, 2
0.6061178, 0.4581948, 0.7933215, 2
0.5928002, 0.5726992, 0.8252417, 2
0.3065786, 0.09966834, 0.3888232, 2
0.4196885, 0.2588874, 0.3217247, 2
0.4818338, 0.2299978, 0.3433966, 2
0.3808343, 0.3367094, 0.4013794, 2
0.5118296, 0.4455427, 0.7051466, 2
0.5495031, 0.3490401, 0.6663547, 2
0.5692145, 0.3069783, 0.5723715, 2
0.4610659, 0.1735196, 0.4574389, 2
0.4855003, 0.5775504, 0.638473, 2
0.4755647, 0.2168706, 0.4031349, 2
0.39754, 0.1399439, 0.4177411, 2
0.6316776, 0.293525, 0.5488286, 2
0.5425344, 0.5311648, 0.6736806, 2
0.8344877, 0.5088882, 0.6303887, 2
0.6717793, 0.4084698, 0.6386735, 2
0.6814349, 0.2951154, 0.5505056, 2
0.6669182, 0.5181432, 0.5349503, 2
0.7226104, 0.4275619, 0.6498746, 2
0.6570897, 0.3839536, 0.6413757, 2
0.4753713, 0.4442105, 0.5485557, 2
0.5132556, 0.3956865, 0.405591, 2
0.3016774, 0.2229294, 0.3472674, 2
0.4704999, 0.5724716, 0.7661176, 2
0.6137874, 0.4721517, 0.7964667, 2
0.4218755, 0.3600134, 0.5690815, 2
0.5084578, 0.472642, 0.6958079, 2
0.5901207, 0.5297889, 0.5014452, 2
0.4595461, 0.5029964, 0.650117, 2
0.6319353, 0.6020823, 0.614832, 2
0.5310855, 0.2827559, 0.5452518, 2
0.4721997, 0.4749652, 0.7037959, 2
0.6933044, 0.418717, 0.677489, 2
0.4658585, 0.5293974, 0.6188562, 2
0.5964194, 0.4413674, 0.4056331, 2
0.8903934, 0.5514508, 0.6729079, 2
0.8429489, 0.4551779, 0.6648745, 2
0.3986356, 0.301091, 0.468359, 2
0.2992619, 0.3120071, 0.4605778, 2
0.3768935, 0.1184442, 0.3985506, 2
0.4625152, 0.5749796, 0.6643338, 2
0.7247956, 0.6280299, 0.6152925, 2
0.6024615, 0.3370239, 0.6662663, 2
0.6870925, 0.4552989, 0.7745223, 2
0.5572932, 0.3546218, 0.4161512, 2
0.7473409, 0.3770006, 0.5094311, 2
0.6135057, 0.4797381, 0.7726949, 2
0.6499701, 0.6133801, 0.5946196, 2
0.5987907, 0.4523953, 0.4186322, 2
0.631072, 0.6096581, 0.5581093, 2
0.507969, 0.6031913, 0.6568679, 2
0.5873312, 0.3106406, 0.5907219, 2
0.7837331, 0.4682619, 0.6809673, 2
0.7868223, 0.4171554, 0.5872994, 2
0.5942031, 0.6774896, 0.7139543, 2
0.7634451, 0.453025, 0.6816378, 2
0.7173883, 0.4928673, 0.535914, 2
0.6386527, 0.5920594, 0.5452555, 2
0.7858533, 0.4742062, 0.7054049, 2
0.3977315, 0.3159435, 0.364351, 2
0.4367021, 0.2347097, 0.4532268, 2
0.3797551, 0.3506404, 0.4446666, 2
0.5575742, 0.3578138, 0.4144161, 2
0.6950049, 0.5768948, 0.5100221, 2
0.8726937, 0.5585479, 0.7436442, 2
0.5138916, 0.5901449, 0.6295172, 2
0.5566567, 0.5416157, 0.8204256, 2
0.4439027, 0.4301738, 0.5861771, 2
0.6483942, 0.3567857, 0.5582578, 2
0.7267138, 0.5389441, 0.832923, 2
0.7952296, 0.4497115, 0.7866706, 2
0.5449793, 0.2931201, 0.503969, 2
0.6375714, 0.4377004, 0.4384847, 2
0.6313853, 0.4413575, 0.7012902, 2
0.4638008, 0.217141, 0.5397333, 2
0.5206984, 0.2766748, 0.4966898, 2
0.6950151, 0.382932, 0.6773802, 2
0.7533113, 0.6474014, 0.5719082, 2
0.5202008, 0.5298024, 0.7712702, 2
0.4109757, 0.1800352, 0.4115682, 2
0.513925, 0.5662262, 0.6374121, 2
0.6056762, 0.6979637, 0.7427993, 2
0.531954, 0.2558317, 0.4655901, 2
0.5841236, 0.2821474, 0.4679078, 2
0.4415451, 0.1350269, 0.2884546, 2
0.4430168, 0.2205986, 0.5286037, 2
0.5660636, 0.4926491, 0.4537682, 2
0.5055637, 0.3679489, 0.3939914, 2
0.741198, 0.62814, 0.6121692, 2
0.3051393, 0.3230107, 0.4708355, 2
0.7712154, 0.5963178, 0.5619509, 2
0.7660322, 0.4304844, 0.7349087, 2
0.8502532, 0.5069605, 0.7011091, 2
0.8643273, 0.5389058, 0.7012126, 2
0.4413428, 0.516745, 0.6399487, 2
0.7064551, 0.581988, 0.84242, 2
0.4429458, 0.2169728, 0.5056193, 2
0.8303899, 0.4779477, 0.8223071, 2
0.5685604, 0.4854468, 0.7670013, 2
0.3419811, 0.3596616, 0.5028209, 2
0.5161996, 0.1730578, 0.4262357, 2
0.4771774, 0.4418014, 0.5440439, 2
0.76762, 0.5307357, 0.8470182, 2
0.5823632, 0.6021352, 0.6350561, 2
0.645463, 0.6455138, 0.6132687, 2
0.6230457, 0.4063758, 0.7225498, 2
0.6682068, 0.5756674, 0.8406371, 2
0.6877714, 0.4924675, 0.8322056, 2
0.4515998, 0.3040769, 0.5622789, 2
0.7141859, 0.3778042, 0.4827084, 2
0.3777033, 0.1295523, 0.3992326, 2
0.6826847, 0.4938785, 0.497845, 2
0.556286, 0.458336, 0.7717537, 2
0.382902, 0.306911, 0.4502248, 2
0.7178063, 0.4044122, 0.6389008, 2
0.8004948, 0.4724266, 0.6202428, 2
0.6857187, 0.483252, 0.8076933, 2
0.6300755, 0.5571908, 0.4621888, 2
0.6276121, 0.6001809, 0.635337, 2
0.6148362, 0.3882805, 0.4417759, 2
0.5303366, 0.4739196, 0.7681915, 2
0.8750986, 0.6564061, 0.600131, 2
0.6131859, 0.3110839, 0.6146958, 2
0.5918381, 0.5156214, 0.8086947, 2
0.5187719, 0.2260573, 0.5063686, 2
0.5199746, 0.5222653, 0.7498985, 2
0.7054855, 0.6143024, 0.5406157, 2
0.7226343, 0.4970245, 0.5366966, 2
0.7062099, 0.6390954, 0.595365, 2
0.8686939, 0.5261559, 0.779284, 2
0.4504337, 0.4986269, 0.6438851, 2
0.5333239, 0.1889911, 0.4525379, 2
0.6681666, 0.3665804, 0.6157095, 2
0.479471, 0.5092592, 0.720907, 2
0.7794269, 0.511846, 0.55154, 2
0.6325469, 0.5265886, 0.539551, 2
0.5763439, 0.2653189, 0.4232478, 2
0.4786323, 0.2290069, 0.4746351, 2
0.5261879, 0.485781, 0.5109661, 2
0.673453, 0.6627913, 0.6604851, 2
0.7286619, 0.559096, 0.574389, 2
0.5832458, 0.338159, 0.6066634, 2
0.5090315, 0.2663736, 0.519829, 2
0.683965, 0.3484246, 0.5115058, 2
0.5647104, 0.4946518, 0.4604737, 2
0.5614009, 0.6060407, 0.644549, 2
0.7584352, 0.3558085, 0.5720586, 2
0.4236421, 0.2576356, 0.3474064, 2
0.803149, 0.5039545, 0.7604733, 2
0.6055572, 0.3369656, 0.6507919, 2
0.6144291, 0.4526634, 0.7192788, 2
0.405974, 0.3635482, 0.4607778, 2
0.5686765, 0.3278663, 0.5767948, 2
0.3948225, 0.3126026, 0.5193003, 2
0.8693278, 0.5667548, 0.7168254, 2
0.3553608, 0.2638349, 0.3230549, 2
0.696759, 0.5783428, 0.5459648, 2
0.3040577, 0.3725802, 0.5356605, 2
0.6317855, 0.5882688, 0.545042, 2
0.7989603, 0.51445, 0.8623081, 2
0.8605146, 0.5075369, 0.7426308, 2
0.786697, 0.465938, 0.5498834, 2
0.8635805, 0.5548551, 0.5946658, 2
0.4485416, 0.4705868, 0.6134989, 2
0.869253, 0.5262651, 0.8212897, 2
0.5973698, 0.5052645, 0.4533911, 2
0.5924429, 0.3241241, 0.6188498, 2
0.629437, 0.5579824, 0.4633847, 2
0.5934903, 0.2831753, 0.5063815, 2
0.6321533, 0.4255795, 0.4816312, 2
0.3157619, 0.3608092, 0.5427367, 2
0.4602195, 0.3149302, 0.5834892, 2
0.6756188, 0.4979583, 0.4823903, 2
0.5818763, 0.5869079, 0.6923797, 2
0.4540129, 0.495907, 0.626394, 2
0.5294042, 0.4595683, 0.5107188, 2
0.6076123, 0.4427103, 0.4329072, 2
0.4816406, 0.2504405, 0.5152918, 2
0.6898283, 0.3256069, 0.5314513, 2
0.4215792, 0.2597279, 0.4648484, 2
0.7929405, 0.4834224, 0.8410213, 2
0.426517, 0.1223224, 0.340641, 2
0.5560324, 0.259993, 0.557592, 2
0.6455076, 0.5237299, 0.436309, 2
0.6406053, 0.5039536, 0.4263795, 2
0.6623419, 0.4502416, 0.4616477, 2
0.7703592, 0.6218311, 0.5887169, 2
0.6383389, 0.3896237, 0.4215044, 2
0.6084008, 0.3505983, 0.6192043, 2
0.6238115, 0.4764065, 0.4350958, 2
0.4080911, 0.1367816, 0.3423904, 2
0.6505738, 0.57455, 0.8264088, 2
0.6405085, 0.5842726, 0.5798544, 2
0.54356, 0.5800102, 0.7082545, 2
0.6466853, 0.6694536, 0.7321309, 2
0.8844526, 0.5275946, 0.637744, 2
0.3745442, 0.1624246, 0.4256466, 2
0.4884697, 0.3537167, 0.6386796, 2
0.7388328, 0.4248359, 0.7043763, 2
0.6075419, 0.5497712, 0.5618212, 2
0.791594, 0.4964802, 0.548228, 2
0.7954752, 0.4617317, 0.7106017, 2
0.5890708, 0.5125054, 0.7484326, 2
0.5799712, 0.3295143, 0.5540899, 2
0.9078973, 0.560756, 0.6810588, 2
0.3847757, 0.3553264, 0.4570993, 2
0.4496461, 0.3729439, 0.4518501, 2
0.6658456, 0.5802124, 0.8334527, 2
0.5140096, 0.1422241, 0.3568538, 2
0.299682, 0.3106872, 0.4574988, 2
0.405613, 0.1119776, 0.350882, 2
0.5250816, 0.2378528, 0.3966056, 2
0.2926985, 0.1986445, 0.3375103, 2
0.6165488, 0.6496428, 0.6634753, 2
0.7133727, 0.4453533, 0.7483055, 2
0.874352, 0.4917478, 0.7530407, 2
0.5567095, 0.570381, 0.5713878, 2
0.5747126, 0.4645531, 0.4313351, 2
0.8390371, 0.5615777, 0.585715, 2
0.3466812, 0.2698139, 0.3466664, 2
0.4955497, 0.4727632, 0.4818057, 2
0.4846775, 0.4527243, 0.5522702, 2
0.3964164, 0.129405, 0.4011806, 2
0.6912783, 0.5515406, 0.5389807, 2
0.6051506, 0.6337845, 0.6220265, 2
0.534713, 0.284678, 0.5109633, 2
0.3112333, 0.3107323, 0.5019407, 2
0.8451797, 0.616526, 0.5768683, 2
0.806833, 0.564921, 0.5691093, 2
0.4143266, 0.3586341, 0.444712, 2
0.7102689, 0.455954, 0.7418881, 2
0.7092556, 0.3802168, 0.6746044, 2
0.7326687, 0.380643, 0.6357622, 2
0.3412239, 0.2916414, 0.4360366, 2
0.7492439, 0.5007183, 0.8368522, 2
0.7052964, 0.6656981, 0.6073443, 2
0.5978706, 0.5384226, 0.5132623, 2
0.6812064, 0.4893448, 0.4988341, 2
0.4659486, 0.5287223, 0.6750882, 2
0.5212985, 0.4890887, 0.4968903, 2
0.4424056, 0.2827136, 0.505676, 2
0.3639507, 0.3212132, 0.5121644, 2
0.5595191, 0.6469504, 0.7000738, 2
0.5585727, 0.2403045, 0.422911, 2
0.7822955, 0.553359, 0.865643, 2
0.6053182, 0.6384676, 0.6599666, 2
0.4875407, 0.4363663, 0.6726573, 2
0.6276538, 0.3483251, 0.6159829, 2
0.7527175, 0.4244091, 0.7465656, 2
0.7113189, 0.3781094, 0.4987512, 2
0.6334734, 0.551003, 0.551729, 2
0.3333502, 0.2621942, 0.3527704, 2
0.6984425, 0.5847798, 0.5371212, 2
0.5608187, 0.4289783, 0.4784365, 2
0.4006185, 0.3104436, 0.5112356, 2
0.6534473, 0.5708302, 0.8031613, 2
0.5396103, 0.263366, 0.4132694, 2
0.4100585, 0.1443975, 0.3143349, 2
0.6237324, 0.3429164, 0.5517486, 2
0.621859, 0.2578046, 0.4448528, 2
0.6087145, 0.582049, 0.5436968, 2
0.628049, 0.571259, 0.8579282, 2
0.921065, 0.5439072, 0.6923497, 2
0.7349374, 0.4896289, 0.7547882, 2
0.6221769, 0.5544197, 0.6990769, 2
0.5190589, 0.4911279, 0.4884016, 2
0.4713769, 0.1387276, 0.3902729, 2
0.628968, 0.6630956, 0.740472, 2
0.3923785, 0.144997, 0.3627301, 2
0.5383146, 0.3530736, 0.4174842, 2
0.6819937, 0.3606901, 0.6149892, 2
0.6606776, 0.556258, 0.8080629, 2
0.635162, 0.6276748, 0.6635916, 2
0.6229412, 0.5681224, 0.4862168, 2
0.7747921, 0.5476187, 0.8348656, 2
0.4761763, 0.2817993, 0.5577186, 2
0.8551871, 0.4636096, 0.6305355, 2
0.696447, 0.5602841, 0.4927282, 2
0.5324291, 0.385728, 0.4179704, 2
0.6604148, 0.5225295, 0.5050608, 2
0.7624879, 0.4103446, 0.5144408, 2
0.6742015, 0.5940766, 0.5952379, 2
0.4163597, 0.2177683, 0.3044711, 2
0.4541855, 0.1893956, 0.4153675, 2
0.6001144, 0.5514979, 0.7935133, 2
0.6600372, 0.4610347, 0.4767537, 2
0.5046641, 0.2752528, 0.3897136, 2
0.8493804, 0.4858439, 0.6390042, 2
0.5981235, 0.3154169, 0.6329692, 2
0.5185586, 0.4928447, 0.483167, 2
0.5835416, 0.2572461, 0.485691, 2
0.8202135, 0.4531243, 0.6595052, 2
0.4534337, 0.4014545, 0.4793123, 2
0.5505837, 0.579051, 0.6759037, 2
0.5989785, 0.3521503, 0.4771872, 2
0.5917929, 0.5097504, 0.8034762, 2
0.742359, 0.6634881, 0.6100276, 2
0.8863204, 0.5277946, 0.7071159, 2
0.5500601, 0.4322949, 0.4247664, 2
0.6674114, 0.3618684, 0.6855944, 2
0.4814917, 0.2252133, 0.4262967, 2
0.6235483, 0.5207856, 0.4449685, 2
0.6190659, 0.6246211, 0.6394647, 2
0.4448152, 0.3649776, 0.423041, 2
0.6576068, 0.3645271, 0.6670662, 2
0.5673189, 0.6018563, 0.7151233, 2
0.4894328, 0.324978, 0.5957032, 2
0.6761576, 0.3535838, 0.5238093, 2
0.425295, 0.1692253, 0.2906414, 2
0.4623999, 0.4169996, 0.6057823, 2
0.6850888, 0.6673933, 0.6423078, 2
0.9044333, 0.5921023, 0.608861, 2
0.8620235, 0.4774101, 0.7070482, 2
0.5984307, 0.5207156, 0.473845, 2
0.885784, 0.5287908, 0.6787844, 2
0.7729539, 0.6777951, 0.5952256, 2
0.5179104, 0.2677947, 0.47199, 2
0.5336103, 0.2070838, 0.438397, 2
0.8693053, 0.552987, 0.603087, 2
0.4191854, 0.3836759, 0.4935063, 2
0.5098825, 0.586803, 0.7695202, 2
0.654875, 0.410195, 0.4613141, 2
0.8691578, 0.6234193, 0.6158208, 2
0.4275643, 0.1975683, 0.4977275, 2
0.3208175, 0.2504987, 0.3529925, 2
0.2972277, 0.3109494, 0.5252594, 2
0.8701744, 0.5978066, 0.688013, 2
0.522236, 0.5242803, 0.7576871, 2
0.6462827, 0.5869454, 0.8605058, 2
0.7674878, 0.6699073, 0.6283896, 2
0.533272, 0.2248077, 0.4465792, 2
0.7650479, 0.4375616, 0.6578315, 2
0.5844919, 0.5911647, 0.6788602, 2
0.3403847, 0.2642622, 0.4232302, 2
0.4372251, 0.2350298, 0.4994959, 2
0.642374, 0.3181485, 0.5012903, 2
0.4391569, 0.1320761, 0.3646665, 2
0.8006923, 0.4043633, 0.6239136, 2
0.6532759, 0.4218209, 0.4744954, 2
0.803706, 0.516378, 0.6167626, 2
0.5768598, 0.561538, 0.7995633, 2
0.7514775, 0.4465886, 0.5574028, 2
0.6081447, 0.4292265, 0.7196262, 2
0.6813602, 0.4911104, 0.5017397, 2
0.5431162, 0.3370611, 0.6374062, 2
0.4140764, 0.3813371, 0.4947403, 2
0.6499218, 0.3212645, 0.5852849, 2
0.3226201, 0.277219, 0.4532005, 2
0.506089, 0.4973195, 0.757332, 2
0.3470058, 0.3135721, 0.5078807, 2
0.514818, 0.5160941, 0.7623507, 2
0.417298, 0.3547381, 0.4278546, 2
0.7861836, 0.5480884, 0.5737188, 2
0.4706451, 0.4145075, 0.4835552, 2
0.6259243, 0.4979726, 0.42949, 2
0.5753097, 0.2803981, 0.4320654, 2
0.3980504, 0.3527354, 0.4491599, 2
0.8618463, 0.465671, 0.7909076, 2
0.4452882, 0.3957279, 0.4832136, 2
0.7953227, 0.4909675, 0.6582068, 2
0.6690562, 0.4528466, 0.4847384, 2
0.7325609, 0.3682071, 0.5664661, 2
0.734031, 0.4101705, 0.5900387, 2
0.5922694, 0.5341474, 0.8264763, 2
0.3642768, 0.2832915, 0.3439386, 2
0.794843, 0.4315694, 0.7569079, 2
0.6008471, 0.4277304, 0.7245133, 2
0.6040785, 0.5306974, 0.7732257, 2
0.846351, 0.4664967, 0.8183488, 2
0.5738267, 0.6108729, 0.6196519, 2
0.4877112, 0.1647743, 0.4510475, 2
0.4685779, 0.2024303, 0.4145455, 2
0.5094628, 0.5642804, 0.7086641, 2
0.3956971, 0.1411141, 0.328488, 2
0.6616022, 0.584145, 0.5913674, 2
0.589357, 0.2262989, 0.4283506, 2
0.5118392, 0.2507069, 0.508051, 2
0.8025633, 0.483683, 0.640207, 2
0.7599687, 0.4571482, 0.7864012, 2
0.4058933, 0.2869453, 0.470742, 2
0.6975341, 0.6046547, 0.5766309, 2
0.3124372, 0.3424662, 0.4865883, 2
0.5677544, 0.5644867, 0.551355, 2
0.478626, 0.5702333, 0.7670949, 2
0.8487008, 0.6109947, 0.6375111, 2
0.5716827, 0.4962411, 0.4930083, 2
0.6344988, 0.4534589, 0.7904605, 2
0.4906937, 0.4153546, 0.4611191, 2
0.5811096, 0.4299707, 0.7433695, 2
0.384221, 0.3491703, 0.5348887, 2
0.4525401, 0.1902901, 0.5062297, 2
0.5627214, 0.5188841, 0.7023562, 2
0.6838738, 0.4081325, 0.6849709, 2
0.8437093, 0.5083947, 0.7926606, 2
0.8555295, 0.4945878, 0.6629244, 2
0.5706359, 0.2951561, 0.4281084, 2
0.5829327, 0.4231695, 0.725444, 2
0.5982276, 0.257733, 0.5063394, 2
0.4637324, 0.3102204, 0.5762541, 2
0.3484653, 0.2570476, 0.3979589, 2
0.5149507, 0.2484768, 0.5090344, 2
0.5376288, 0.2164022, 0.3987892, 2
0.6330588, 0.5948138, 0.6115183, 2
0.6665474, 0.4743402, 0.4772555, 2
0.859132, 0.4736437, 0.7804201, 2
0.621123, 0.409513, 0.7284548, 2
0.4326753, 0.396131, 0.4931584, 2
0.785917, 0.6923686, 0.6682431, 2
0.6756086, 0.2903263, 0.5464258, 2
0.4648175, 0.5395893, 0.6624901, 2
0.5827199, 0.3713312, 0.6662213, 2
0.6937689, 0.5786147, 0.84581, 2
0.3245446, 0.1368329, 0.3935821, 2
0.5127665, 0.4730399, 0.5110374, 2
0.864683, 0.5956212, 0.5999438, 2
0.3291991, 0.213205, 0.299101, 2
0.9191388, 0.5329285, 0.7137053, 2
0.8675439, 0.5080442, 0.8294225, 2
0.5621053, 0.5426517, 0.8209995, 2
0.6799363, 0.4837437, 0.4977117, 2
0.6192058, 0.3471604, 0.5817167, 2
0.5853329, 0.5972258, 0.6417672, 2
0.6024271, 0.2802446, 0.5146332, 2
0.8428301, 0.4575741, 0.7346085, 2
0.848149, 0.4963827, 0.7037096, 2
0.6452731, 0.4289587, 0.4389392, 2
0.288921, 0.2602138, 0.4190035, 2
0.8303459, 0.6719676, 0.5811984, 2
0.871581, 0.516934, 0.8192341, 2
0.478913, 0.5279378, 0.6079488, 2
0.4765969, 0.1627569, 0.3732419, 2
0.4644273, 0.5658107, 0.68002, 2
0.8558354, 0.473591, 0.6356231, 2
0.6674557, 0.5944741, 0.5731072, 2
0.6131862, 0.2979652, 0.4931596, 2
0.631609, 0.5551506, 0.5564617, 2
0.6897792, 0.54223, 0.8052366, 2
0.5750842, 0.4752954, 0.7441871, 2
0.4001891, 0.1520573, 0.4365376, 2
0.3469741, 0.3932683, 0.543564, 2
0.7476326, 0.3836705, 0.4986995, 2
0.7937676, 0.446277, 0.5394458, 2
0.3770925, 0.1209661, 0.3496924, 2
0.426591, 0.1879628, 0.475733, 2
0.380765, 0.3501883, 0.442711, 2
0.6906061, 0.5440847, 0.8478727, 2
0.3902571, 0.4070735, 0.5418469, 2
0.4066949, 0.3846226, 0.5458381, 2
0.6491767, 0.3728814, 0.6910936, 2
0.7148308, 0.5647196, 0.8127726, 2
0.7880031, 0.4258925, 0.6229343, 2
0.6821636, 0.6276913, 0.6431409, 2
0.5242496, 0.3614294, 0.3975117, 2
0.7486593, 0.5378929, 0.8020605, 2
0.6058154, 0.427084, 0.4384692, 2
0.5527779, 0.4447439, 0.4759912, 2
0.5087363, 0.1935418, 0.4693252, 2
0.8686553, 0.4966123, 0.6470275, 2
0.3694723, 0.3409383, 0.4186056, 2
0.5896435, 0.5422897, 0.5314891, 2
0.3543324, 0.303113, 0.3808594, 2
0.5184721, 0.3132293, 0.5613167, 2
0.5497877, 0.2566321, 0.4912409, 2
0.6256571, 0.3378184, 0.6568639, 2
0.6973042, 0.3421787, 0.5726079, 2
0.5487977, 0.3762456, 0.4215824, 2
0.6590998, 0.3522981, 0.5739064, 2
0.2964854, 0.3153019, 0.5167772, 2
0.5132459, 0.2095197, 0.3564781, 2
0.3646826, 0.339909, 0.423218, 2
0.7301782, 0.6776035, 0.6672486, 2
0.5613001, 0.3172456, 0.432572, 2
0.5810632, 0.2558901, 0.5313122, 2
0.7621737, 0.4904953, 0.8046595, 2
0.6403863, 0.5623059, 0.4698123, 2
0.4710005, 0.2137306, 0.4675004, 2
0.7828816, 0.6455691, 0.6060458, 2
0.413441, 0.342792, 0.3967037, 2
0.5170998, 0.4311008, 0.4369142, 2
0.5805325, 0.3055964, 0.5651187, 2
0.377679, 0.3321823, 0.5383493, 2
0.731315, 0.60671, 0.5762128, 2
0.5854492, 0.5762379, 0.7578051, 2
0.5477095, 0.3547075, 0.6719223, 2
0.6804276, 0.3024565, 0.5461702, 2
0.6282052, 0.3657443, 0.4851112, 2
0.7391375, 0.4424856, 0.7710886, 2
0.6924784, 0.4675591, 0.7737077, 2
0.7689713, 0.5795045, 0.557207, 2
0.5218908, 0.3339012, 0.4192628, 2
0.9116117, 0.5664653, 0.6359856, 2
0.8875991, 0.5253626, 0.7099629, 2
0.314759, 0.1265519, 0.3770696, 2
0.7839882, 0.4701285, 0.6590396, 2
0.4363115, 0.529065, 0.6586534, 2
0.4579464, 0.3470999, 0.3987624, 2
0.7099541, 0.5449309, 0.8674885, 2
0.7762114, 0.4585401, 0.7691148, 2
0.4962606, 0.4600272, 0.5429489, 2
0.6963666, 0.4432266, 0.7183679, 2
0.692182, 0.69864, 0.7363511, 2
0.8992588, 0.5224534, 0.7125889, 2
0.3612679, 0.1184649, 0.3269257, 2
0.393797, 0.3048458, 0.5055733, 2
0.8354941, 0.6017303, 0.5879085, 2
0.4439837, 0.2474638, 0.3501025, 2
0.3575919, 0.4008504, 0.5714927, 2
0.5455211, 0.5319056, 0.7487618, 2
0.7430834, 0.4978492, 0.7937905, 2
0.4340924, 0.1956569, 0.5064852, 2
0.7082162, 0.5885637, 0.5759704, 2
0.4486282, 0.3529742, 0.4084961, 2
0.749665, 0.3807377, 0.5153238, 2
0.6809522, 0.5886697, 0.542255, 2
0.5663537, 0.2598168, 0.4797697, 2
0.5598686, 0.4381964, 0.4151286, 2
0.7745774, 0.3832465, 0.5848529, 2
0.3760542, 0.3500682, 0.4396001, 2
0.5090169, 0.232713, 0.4112335, 2
0.4172628, 0.1692267, 0.3525743, 2
0.3988593, 0.1804504, 0.4017717, 2
0.7158838, 0.3475251, 0.4763429, 2
0.805675, 0.4140417, 0.68347, 2
0.4594138, 0.1427491, 0.3824481, 2
0.6704396, 0.3389417, 0.6273968, 2
0.6584058, 0.5756872, 0.5009645, 2
0.6162581, 0.4083206, 0.4170059, 2
0.7216709, 0.3869688, 0.5022081, 2
0.5417083, 0.4608811, 0.4274617, 2
0.57329, 0.5599142, 0.8254362, 2
0.6589472, 0.4457693, 0.445677, 2
0.3989153, 0.3413, 0.3926771, 2
0.6049527, 0.4717895, 0.4426213, 2
0.6834098, 0.6224781, 0.5118743, 2
0.5021003, 0.1915573, 0.3629054, 2
0.5864613, 0.4139329, 0.71693, 2
0.4375984, 0.1665882, 0.2953773, 2
0.6966272, 0.3592062, 0.4668446, 2
0.3232181, 0.2735733, 0.3735427, 2
0.6987372, 0.670033, 0.6321129, 2
0.8195831, 0.6041263, 0.565937, 2
0.5138897, 0.2969163, 0.5607169, 2
0.7566664, 0.5287337, 0.8434562, 2
0.4162727, 0.351264, 0.5980335, 2
0.3401818, 0.2614455, 0.4064394, 2
0.405968, 0.1724929, 0.3550873, 2
0.8663824, 0.5724829, 0.6885975, 2
0.820417, 0.6171756, 0.5814537, 2
0.3142021, 0.3365065, 0.4706872, 2
0.8921959, 0.5320727, 0.7975135, 2
0.5160637, 0.208215, 0.514872, 2
0.6936553, 0.332151, 0.466893, 2
0.4839177, 0.2980402, 0.5830901, 2
0.3121566, 0.3110053, 0.4672565, 2
0.6964351, 0.5228855, 0.8006839, 2
0.7606267, 0.4540062, 0.6676925, 2
0.4892759, 0.2888637, 0.5798762, 2
0.5959668, 0.4693656, 0.7657743, 2
0.6444822, 0.3039705, 0.5817508, 2
0.4940219, 0.3583196, 0.3912975, 2
0.7890419, 0.6314314, 0.5968876, 2
0.6638855, 0.3040479, 0.4991115, 2
0.4385875, 0.1912735, 0.3048682, 2
0.9007099, 0.6007593, 0.6621373, 2
0.6232284, 0.4005625, 0.7161464, 2
0.643576, 0.5275299, 0.835848, 2
0.4427647, 0.1930603, 0.3167412, 2
0.6715671, 0.4469674, 0.7586886, 2
0.3238065, 0.2748702, 0.3742573, 2
0.5342323, 0.5131022, 0.7214414, 2
0.8208869, 0.5254193, 0.8650214, 2
0.7424793, 0.5785734, 0.5644565, 2
0.6060982, 0.3950386, 0.7116322, 2
0.6530218, 0.3760824, 0.6779906, 2
0.6034889, 0.6251892, 0.5995831, 2
0.4175132, 0.3236533, 0.5623556, 2
0.8502524, 0.5597386, 0.6766192, 2
0.5757821, 0.5301726, 0.6962418, 2
0.5744656, 0.3682259, 0.6912338, 2
0.789293, 0.5810084, 0.5749629, 2
0.4556999, 0.4842799, 0.6140484, 2
0.6596152, 0.2923249, 0.4677014, 2
0.8238384, 0.4885056, 0.7454514, 2
0.4558044, 0.5282646, 0.6315395, 2
0.313553, 0.3362485, 0.5107824, 2
0.6264228, 0.3145124, 0.4435693, 2
0.8516536, 0.5178667, 0.6551166, 2
0.5041197, 0.5798249, 0.7094892, 2
0.7539445, 0.3995488, 0.6550361, 2
0.5275474, 0.2487711, 0.3851141, 2
0.6135241, 0.2709849, 0.5467995, 2
0.6442243, 0.5770694, 0.6070608, 2
0.5584223, 0.5565192, 0.6657445, 2
0.5217673, 0.1897379, 0.380978, 2
0.3812874, 0.1768089, 0.4196938, 2
0.9045491, 0.5023593, 0.7695855, 2
0.5161413, 0.595297, 0.710695, 2
0.4822233, 0.3004254, 0.5917879, 2
0.7526769, 0.4159155, 0.6160749, 2
0.6629995, 0.4555078, 0.4456914, 2
0.3880033, 0.1910715, 0.4267396, 2
0.6685106, 0.6665519, 0.6459247, 2
0.6813799, 0.4891917, 0.4959634, 2
0.7404749, 0.4251459, 0.6081265, 2
0.5889812, 0.294899, 0.5460278, 2
0.5908153, 0.3318556, 0.6588576, 2
0.8317259, 0.5201721, 0.6178864, 2
0.3853625, 0.2933334, 0.4668093, 2
0.4805332, 0.536428, 0.6096234, 2
0.5013765, 0.2697527, 0.5263613, 2
0.4378942, 0.519459, 0.6482678, 2
0.7223854, 0.5443668, 0.565011, 2
0.4227133, 0.2749849, 0.5624671, 2
0.7075056, 0.5377139, 0.8008519, 2
0.4814835, 0.3613799, 0.4023755, 2
0.8084767, 0.5034904, 0.8287707, 2
0.5746845, 0.5210924, 0.5075634, 2
0.9004756, 0.5482219, 0.7501588, 2
0.6235438, 0.5959759, 0.7143423, 2
0.3774868, 0.2782423, 0.4374562, 2
0.3704339, 0.400341, 0.5378636, 2
0.8121511, 0.4217673, 0.606554, 2
0.3786028, 0.2630921, 0.5565233, 2
0.3853016, 0.2279865, 0.4164106, 2
0.4344813, 0.1735003, 0.3604993, 2
0.3655089, 0.1643509, 0.2668351, 2
0.4537421, 0.2494402, 0.5470641, 2
0.4905059, 0.2465235, 0.5124925, 2
0.6330492, 0.4981924, 0.437599, 2
0.7305205, 0.5789189, 0.8478248, 2
0.4421413, 0.4795479, 0.6214094, 2
0.4963507, 0.4569269, 0.4853457, 2
0.5968965, 0.3891724, 0.4265824, 2
0.5942065, 0.5761598, 0.8470528, 2
0.7843236, 0.452087, 0.8093938, 2
0.8636111, 0.5195745, 0.6557118, 2
0.5692843, 0.5483108, 0.5429251, 2
0.7063948, 0.5473812, 0.56971, 2
0.6647391, 0.5444148, 0.8210987, 2
0.5278013, 0.54074, 0.7569489, 2
0.6565492, 0.3333078, 0.6151664, 2
0.6734487, 0.321641, 0.4740402, 2
0.4977567, 0.3982011, 0.4335437, 2
0.8484464, 0.4479135, 0.6883257, 2
0.5848644, 0.5487363, 0.6749825, 2
0.3756732, 0.3377139, 0.539673, 2
0.753394, 0.6772835, 0.6451387, 2
0.4113588, 0.3092647, 0.5637154, 2
0.5942452, 0.5699466, 0.580555, 2
0.2975157, 0.3055143, 0.4951001, 2
0.6397327, 0.4473803, 0.4409865, 2
0.5767179, 0.2626445, 0.5261203, 2
0.5620762, 0.5326279, 0.533405, 2
0.6847661, 0.4298334, 0.6720002, 2
0.7051953, 0.5503971, 0.8140076, 2
0.5304555, 0.4989547, 0.4895135, 2
0.4596897, 0.244916, 0.4829504, 2
0.5572379, 0.5600989, 0.6890905, 2
0.3645764, 0.332372, 0.4835848, 2
0.4784183, 0.2527118, 0.5362237, 2
0.6495293, 0.4177966, 0.7006383, 2
0.8471778, 0.5191586, 0.838262, 2
0.5383074, 0.5532381, 0.7578363, 2
0.630394, 0.2493962, 0.4984649, 2
0.8148298, 0.4778972, 0.6683964, 2
0.7666067, 0.3836716, 0.575632, 2
0.6768876, 0.5793282, 0.5681231, 2
0.4934762, 0.3039192, 0.388038, 2
0.4354562, 0.5299735, 0.6612267, 2
0.5191385, 0.4039954, 0.4111765, 2
0.8218687, 0.4769358, 0.6165041, 2
0.6623183, 0.5245405, 0.5043763, 2
0.6840947, 0.3252538, 0.4603978, 2
0.4895491, 0.4708575, 0.6341423, 2
0.5854383, 0.5737064, 0.5431625, 2
0.286833, 0.2730345, 0.4308971, 2
0.7238327, 0.5648569, 0.5713196, 2
0.6355746, 0.5149774, 0.4681022, 2
0.759009, 0.5797344, 0.5581142, 2
0.9007339, 0.4590676, 0.7824857, 2
0.5285317, 0.4221952, 0.428887, 2
0.3441706, 0.3856584, 0.5292099, 2
0.5192195, 0.1838898, 0.4020565, 2
0.8001968, 0.5940784, 0.5599294, 2
0.5808381, 0.455631, 0.7836095, 2
0.4432408, 0.2167688, 0.3058722, 2
0.4667124, 0.1648285, 0.4311051, 2
0.6421412, 0.4630155, 0.7871481, 2
0.4573169, 0.5683357, 0.6620397, 2
0.6826074, 0.4517927, 0.7317943, 2
0.5617245, 0.2179035, 0.4161697, 2
0.4640214, 0.5699643, 0.6508607, 2
0.6697244, 0.405661, 0.7232853, 2
0.5207526, 0.3406541, 0.6395745, 2
0.6805635, 0.4765996, 0.7723511, 2
0.572932, 0.3206697, 0.615562, 2
0.7717768, 0.6777999, 0.6137272, 2
0.3833837, 0.3839078, 0.5103735, 2
0.6634986, 0.342735, 0.5060176, 2
0.6278062, 0.3823788, 0.420234, 2
0.6739182, 0.6231863, 0.515705, 2
0.6882581, 0.5235927, 0.5625725, 2
0.8258995, 0.5455295, 0.6054466, 2
0.6266727, 0.4215944, 0.7162339, 2
0.5446855, 0.2906441, 0.5396986, 2
0.4037314, 0.1996718, 0.4681979, 2
0.60571, 0.3509091, 0.4318849, 2
0.8505238, 0.6503966, 0.6252149, 2
0.2943867, 0.3073865, 0.4615756, 2
0.6817881, 0.5217739, 0.7793248, 2
0.5161147, 0.6061327, 0.6912636, 2
0.7817459, 0.654786, 0.5996647, 2
0.6850773, 0.4297545, 0.6964223, 2
0.7710965, 0.4643808, 0.7906634, 2
0.6168451, 0.4975757, 0.8215102, 2
0.471844, 0.1934459, 0.446277, 2
0.4976439, 0.2698731, 0.5130289, 2
0.7163713, 0.576609, 0.8254196, 2
0.7587093, 0.5180893, 0.7933883, 2
0.8190669, 0.483315, 0.6268193, 2
0.4880414, 0.5836361, 0.7645922, 2
0.7303181, 0.5411991, 0.5557572, 2
0.4969281, 0.5514331, 0.6847752, 2
0.340361, 0.244579, 0.3222485, 2
0.6492114, 0.5577789, 0.8094561, 2
0.600521, 0.4900235, 0.4831311, 2
0.6492154, 0.5085791, 0.4287212, 2
0.6226227, 0.2840831, 0.4550287, 2
0.6450249, 0.5971565, 0.524502, 2
0.6706849, 0.4271467, 0.7338932, 2
0.6235451, 0.5216914, 0.4453686, 2
0.4577831, 0.496948, 0.7106302, 2
0.3908936, 0.3061707, 0.4797806, 2
0.8042578, 0.4831513, 0.7729139, 2
0.4175166, 0.4212987, 0.5718312, 2
0.7733435, 0.6802354, 0.5832688, 2
0.8189951, 0.5192413, 0.7884042, 2
0.5837321, 0.5055978, 0.4697248, 2
0.4125589, 0.2969463, 0.5389955, 2
0.5634739, 0.4736888, 0.7836683, 2
0.3031391, 0.2605489, 0.4243536, 2
0.8084594, 0.5835045, 0.5891722, 2
0.7794718, 0.403431, 0.5832373, 2
0.3977002, 0.3156401, 0.3911997, 2
0.6854603, 0.6363063, 0.5711069, 2
0.7872335, 0.4305303, 0.6603562, 2
0.6823239, 0.4812862, 0.4698122, 2
0.8131512, 0.4881245, 0.5486782, 2
0.7877831, 0.3875823, 0.6127645, 2
0.4516441, 0.224906, 0.4900427, 2
0.7028005, 0.6584795, 0.6304359, 2
0.6418644, 0.3443471, 0.5330209, 2
0.7306027, 0.4076905, 0.5175117, 2
0.8422539, 0.5651123, 0.6425209, 2
0.8642377, 0.5035593, 0.767034, 2
0.6829722, 0.2937218, 0.5268981, 2
0.8501547, 0.5478593, 0.6194025, 2
0.5667864, 0.5321215, 0.7346141, 2
0.7606992, 0.574742, 0.5613785, 2
0.7271355, 0.668145, 0.5937141, 2
0.8018135, 0.4929305, 0.7410255, 2
0.9117836, 0.5483093, 0.669028, 2
0.8492252, 0.5138562, 0.6494312, 2
0.4881384, 0.4923377, 0.7282888, 2
0.6392102, 0.646282, 0.6528251, 2
0.7852129, 0.4173346, 0.6258471, 2
0.5297716, 0.1958726, 0.4503216, 2
0.6697188, 0.4232002, 0.7183562, 2
0.4548709, 0.1227108, 0.325822, 2
0.6225224, 0.6117407, 0.6014661, 2
0.5736296, 0.4380457, 0.4313492, 2
0.7167278, 0.3674783, 0.6353258, 2
0.4082908, 0.3110951, 0.4884273, 2
0.5840908, 0.2741231, 0.4361079, 2
0.7431101, 0.6350298, 0.5757838, 2
0.6830288, 0.3795128, 0.5999706, 2
0.3356857, 0.1454898, 0.411315, 2
0.572414, 0.3885185, 0.7024909, 2
0.5306472, 0.1956794, 0.3850377, 2
0.8976521, 0.5197869, 0.772559, 2
0.7963521, 0.6857141, 0.6347337, 2
0.7747306, 0.5970938, 0.5793009, 2
0.7568912, 0.4944875, 0.5345502, 2
0.751242, 0.4097387, 0.6881809, 2
0.3255313, 0.1615242, 0.3723018, 2
0.6027488, 0.5904386, 0.747852, 2
0.7948313, 0.4911959, 0.6421286, 2
0.5674657, 0.5185204, 0.7078055, 2
0.5715632, 0.4564377, 0.4527668, 2
0.5471005, 0.5011675, 0.7520865, 2
0.7582335, 0.4195592, 0.583147, 2
0.466201, 0.5609711, 0.6824484, 2
0.4321095, 0.1382023, 0.4090998, 2
0.7578002, 0.5454774, 0.8288212, 2
0.6903987, 0.5042156, 0.8270241, 2
0.4218649, 0.3729343, 0.4802497, 2
0.622098, 0.5602391, 0.5393753, 2
0.8631895, 0.4731611, 0.6556903, 2
0.6946307, 0.5630032, 0.5381175, 2
0.5570331, 0.5364441, 0.6756672, 2
0.4006129, 0.125272, 0.4104033, 2
0.592124, 0.535534, 0.7787122, 2
0.5055701, 0.4453304, 0.4692945, 2
0.8849875, 0.549364, 0.7095797, 2
0.6098198, 0.4829643, 0.76245, 2
0.6170992, 0.6098756, 0.6344138, 2
0.4397226, 0.1479211, 0.329261, 2
0.4591016, 0.193461, 0.3865031, 2
0.3302856, 0.2543193, 0.4063313, 2
0.7797212, 0.519334, 0.8262877, 2
0.5140325, 0.247517, 0.3816136, 2
0.6637409, 0.5232846, 0.43854, 2
0.5822923, 0.6169516, 0.6390179, 2
0.4080487, 0.3426435, 0.4078262, 2
0.5833271, 0.2760589, 0.4495116, 2
0.9075702, 0.5845392, 0.6570601, 2
0.6646022, 0.6641839, 0.6324824, 2
0.8634276, 0.4834254, 0.7790139, 2
0.6055078, 0.3443205, 0.5912315, 2
0.2914565, 0.09705902, 0.4002208, 2
0.5386785, 0.4600355, 0.4517916, 2
0.8254113, 0.4885567, 0.7480319, 2
0.6291834, 0.5474098, 0.5481105, 2
0.7448827, 0.4108179, 0.6802549, 2
0.6202032, 0.3316726, 0.6509885, 2
0.692977, 0.3387997, 0.4628655, 2
0.5010396, 0.4626511, 0.6913089, 2
0.6559588, 0.3862906, 0.6508264, 2
0.8387036, 0.4986125, 0.7908734, 2
0.4151894, 0.2446097, 0.5412663, 2
0.6511192, 0.6665556, 0.6622888, 2
0.8063384, 0.4343135, 0.6252662, 2
0.4322865, 0.2562574, 0.4814331, 2
0.6217515, 0.3753013, 0.6216176, 2
0.5855967, 0.4637527, 0.7351654, 2
0.8678941, 0.5375974, 0.6820074, 2
0.494231, 0.4668508, 0.6992895, 2
0.6293573, 0.3633765, 0.4400241, 2
0.3951167, 0.1369362, 0.4021895, 2
0.702614, 0.4207061, 0.4970132, 2
0.6905025, 0.4015357, 0.6573807, 2
0.6625516, 0.4237129, 0.4516046, 2
0.6075819, 0.5102141, 0.4499702, 2
0.6394604, 0.2937149, 0.5159004, 2
0.6805703, 0.4118788, 0.6987104, 2
0.6574761, 0.3078707, 0.6063961, 2
0.6601924, 0.3183678, 0.5803846, 2
0.7711852, 0.5291696, 0.5713992, 2
0.6647647, 0.5073633, 0.4946731, 2
0.4929942, 0.1871071, 0.3319201, 2
0.7682325, 0.62296, 0.6057334, 2
0.6195844, 0.310967, 0.4426181, 2
0.4613861, 0.4937364, 0.6127627, 2
0.693113, 0.5117134, 0.4534179, 2
0.5963094, 0.4041804, 0.6738755, 2
0.7931, 0.4424389, 0.6120397, 2
0.6439243, 0.4277068, 0.4639115, 2
0.57669, 0.4699081, 0.7542082, 2
0.4932409, 0.4548622, 0.7022408, 2
0.7021886, 0.5684687, 0.5261569, 2
0.7789238, 0.4065422, 0.6257618, 2
0.3819682, 0.2827298, 0.3299558, 2
0.5637962, 0.5045831, 0.8027505, 2
0.4299101, 0.2543176, 0.4769418, 2
0.320783, 0.3038717, 0.4975452, 2
0.5700526, 0.3987299, 0.4344263, 2
0.8098797, 0.5875123, 0.5563338, 2
0.4134987, 0.3386436, 0.3806057, 2
0.4334185, 0.4836816, 0.643078, 2
0.3345414, 0.3133063, 0.5309218, 2
0.6987095, 0.7045833, 0.7391162, 2
0.3745543, 0.3291274, 0.3965148, 2
0.6630681, 0.4682926, 0.4387735, 2
0.718846, 0.6763049, 0.6425006, 2
0.5679305, 0.2738862, 0.4965676, 2
0.5269715, 0.6350306, 0.7572889, 2
0.6568265, 0.5245875, 0.4389159, 2
0.5406121, 0.2783363, 0.406374, 2
0.6087461, 0.3303027, 0.6167985, 2
0.6939836, 0.5535679, 0.8202648, 2
0.5442203, 0.4272569, 0.4675455, 2
0.3892042, 0.1781342, 0.4274569, 2
0.4440816, 0.4021432, 0.4880751, 2
0.6250655, 0.5681912, 0.485645, 2
0.7707261, 0.4298201, 0.7238652, 2
0.6392048, 0.4454443, 0.7446644, 2
0.5901942, 0.4600309, 0.7072087, 2
0.5032057, 0.2410303, 0.3811231, 2
0.3967887, 0.3957842, 0.5172961, 2
0.4964322, 0.4868132, 0.7170909, 2
0.4351028, 0.3267387, 0.3686824, 2
0.5074512, 0.1891301, 0.440048, 2
0.7108647, 0.4018249, 0.6587816, 2
0.8045982, 0.4578232, 0.5393655, 2
0.8814205, 0.522078, 0.6832044, 2
0.6267356, 0.3577696, 0.5750756, 2
0.6172446, 0.6338117, 0.6080617, 2
0.8345155, 0.5798278, 0.6206686, 2
0.4456743, 0.2299325, 0.5088884, 2
0.6225336, 0.3546554, 0.6098974, 2
0.6246513, 0.2903214, 0.4761033, 2
0.5955936, 0.2493995, 0.4714673, 2
0.7049536, 0.5586525, 0.8648878, 2
0.5755572, 0.5885018, 0.6885042, 2
0.5009826, 0.4210002, 0.4560117, 2
0.4375932, 0.1432805, 0.3833985, 2
0.6411245, 0.3002747, 0.6052217, 2
0.5864145, 0.3291397, 0.6518655, 2
0.5534268, 0.4039817, 0.7111309, 2
0.5949762, 0.6232502, 0.6270754, 2
0.5147377, 0.4125631, 0.4243553, 2
0.54464, 0.652653, 0.7744526, 2
0.4996098, 0.4551764, 0.706655, 2
0.7476447, 0.4141459, 0.7191254, 2
0.6597309, 0.3298646, 0.5653491, 2
0.4023445, 0.3426743, 0.391411, 2
0.598263, 0.4914375, 0.7446994, 2
0.6300693, 0.4301011, 0.7200771, 2
0.3510905, 0.3359259, 0.4282163, 2
0.4186442, 0.1297295, 0.3725873, 2
0.5694553, 0.5505125, 0.7942867, 2
0.614282, 0.5924702, 0.6347617, 2
0.6236423, 0.5711227, 0.7391395, 2
0.402598, 0.3821609, 0.5762578, 2
0.5639422, 0.1836628, 0.4145496, 2
0.4858357, 0.1522271, 0.3994037, 2
0.8677149, 0.6157025, 0.652887, 2
0.5936023, 0.4726275, 0.4249407, 2
0.3462018, 0.3751441, 0.5325362, 2
0.7683273, 0.4458066, 0.5576749, 2
0.5214216, 0.4780146, 0.5205413, 2
0.4390474, 0.3135491, 0.3718473, 2
0.5897714, 0.5560759, 0.5723863, 2
0.6305249, 0.3286299, 0.6009988, 2
0.71106, 0.4129052, 0.7073337, 2
0.6580565, 0.572128, 0.4970903, 2
0.4328331, 0.2002734, 0.4688458, 2
0.7456726, 0.6724734, 0.5874477, 2
0.6055235, 0.5664275, 0.6637949, 2
0.4076735, 0.1237749, 0.2871925, 2
0.6408524, 0.4822063, 0.788641, 2
0.4317084, 0.1849646, 0.2938158, 2
0.7057468, 0.3475921, 0.5716946, 2
0.4548241, 0.2816941, 0.5342249, 2
0.4596294, 0.5641828, 0.6467582, 2
0.589101, 0.4313989, 0.4682463, 2
0.6061466, 0.5342397, 0.7677891, 2
0.5521306, 0.4608126, 0.7709202, 2
0.5477331, 0.5310926, 0.5474002, 2
0.6135437, 0.335306, 0.6371548, 2
0.3950629, 0.1129604, 0.3607688, 2
0.5679846, 0.4035246, 0.6648577, 2
0.8369728, 0.4687859, 0.7110419, 2
0.4460444, 0.229042, 0.4899406, 2
0.6500224, 0.5330083, 0.4413134, 2
0.3744991, 0.1963137, 0.4373159, 2
0.6030298, 0.4589623, 0.4845598, 2
0.7737476, 0.4506247, 0.6192043, 2
0.3567155, 0.3051648, 0.4510063, 2
0.6574666, 0.572433, 0.8330242, 2
0.3397194, 0.1643259, 0.4020716, 2
0.6702854, 0.4640645, 0.4446444, 2
0.4626842, 0.2777014, 0.5199884, 2
0.2905314, 0.2780924, 0.4475274, 2
0.5403888, 0.5272453, 0.7488062, 2
0.8111995, 0.5015663, 0.7224343, 2
0.817065, 0.5861067, 0.5624843, 2
0.6072881, 0.5510854, 0.7987763, 2
0.648824, 0.3313611, 0.6382021, 2
0.7966408, 0.5667124, 0.8484, 2
0.5423036, 0.4981494, 0.6993786, 2
0.5347651, 0.5865449, 0.7443665, 2
0.4192639, 0.1383546, 0.2770279, 2
0.557996, 0.3460952, 0.6604982, 2
0.721568, 0.4547336, 0.7651173, 2
0.4725115, 0.3123803, 0.3794068, 2
0.6147332, 0.6132441, 0.5686336, 2
0.7336754, 0.3829911, 0.6703687, 2
0.3200412, 0.2995822, 0.4841034, 2
0.7811491, 0.681688, 0.6179282, 2
0.4234068, 0.1660438, 0.3436765, 2
0.6476485, 0.39697, 0.444013, 2
0.3398696, 0.3570259, 0.5222164, 2
0.4128615, 0.2811073, 0.4663621, 2
0.3422947, 0.2167627, 0.2859887, 2
0.7031962, 0.351417, 0.6543967, 2
0.8168688, 0.5371644, 0.5689664, 2
0.5587525, 0.5402042, 0.6732503, 2
0.5591812, 0.5499538, 0.5483543, 2
0.6642318, 0.55458, 0.5651719, 2
0.4808617, 0.3015704, 0.5918603, 2
0.635553, 0.6809632, 0.748326, 2
0.5751049, 0.6485397, 0.7448304, 2
0.8149768, 0.4858687, 0.75941, 2
0.5823985, 0.508184, 0.4697587, 2
0.8067927, 0.671248, 0.6314005, 2
0.4887138, 0.1546226, 0.3323202, 2
0.6507167, 0.2967055, 0.569046, 2
0.8759598, 0.5759473, 0.6077558, 2
0.6211526, 0.5716165, 0.5799105, 2
0.3788757, 0.1705696, 0.4212604, 2
0.6692694, 0.289189, 0.4532018, 2
0.8639988, 0.5317124, 0.7980022, 2
0.4506085, 0.3805286, 0.4678308, 2
0.6539397, 0.419576, 0.4427271, 2
0.6804989, 0.5412777, 0.5286295, 2
0.5219365, 0.4776827, 0.4523288, 2
0.5126992, 0.5011404, 0.7395661, 2
0.7999543, 0.4378655, 0.7204815, 2
0.6270701, 0.563398, 0.5334506, 2
0.5146937, 0.3980879, 0.4068332, 2
0.8899197, 0.5426784, 0.6684711, 2
0.4191207, 0.2807617, 0.4757797, 2
0.4777797, 0.5323714, 0.6439533, 2
0.2933871, 0.2461283, 0.3953584, 2
0.8520778, 0.4534913, 0.7618822, 2
0.6952184, 0.3883238, 0.6419685, 2
0.3284886, 0.2415946, 0.3784947, 2
0.5659377, 0.4720637, 0.4780275, 2
0.5113513, 0.4503687, 0.4580365, 2
0.4643672, 0.1510961, 0.3762017, 2
0.6393638, 0.5761269, 0.8426855, 2
0.5953818, 0.2049947, 0.4558757, 2
0.5411204, 0.5498911, 0.6789963, 2
0.6588844, 0.6270559, 0.5994644, 2
0.8070303, 0.6935368, 0.6176358, 2
0.4819776, 0.2735152, 0.538609, 2
0.7445202, 0.4230624, 0.6157538, 2
0.7683295, 0.5547354, 0.5540246, 2
0.7594292, 0.5812468, 0.5740806, 2
0.5628965, 0.6067515, 0.6174795, 2
0.8080239, 0.4970786, 0.7598193, 2
0.4720258, 0.3689601, 0.4208966, 2
0.5762882, 0.3730006, 0.6545205, 2
0.4695939, 0.3039857, 0.5694579, 2
0.7431189, 0.4317041, 0.6610502, 2
0.7043264, 0.4727324, 0.8151933, 2
0.6316644, 0.6397194, 0.606433, 2
0.5270575, 0.4197716, 0.4375103, 2
0.3500647, 0.1417212, 0.409761, 2
0.5712892, 0.5738813, 0.5943809, 2
0.3979152, 0.1566457, 0.4399069, 2
0.4388941, 0.310408, 0.570632, 2
0.6756684, 0.5172202, 0.8211441, 2
0.4947727, 0.3926665, 0.4330925, 2
0.5339912, 0.4993318, 0.4886667, 2
0.8607691, 0.5988181, 0.6049997, 2
0.8690035, 0.6539599, 0.6356559, 2
0.7460935, 0.5728132, 0.8336473, 2
0.8421142, 0.6356326, 0.5981334, 2
0.6369088, 0.4956446, 0.4202051, 2
0.693482, 0.5244906, 0.8669165, 2
0.702103, 0.3688219, 0.6623018, 2
0.4710582, 0.1896379, 0.4595975, 2
0.867582, 0.5442547, 0.6767515, 2
0.5890513, 0.5660043, 0.7413262, 2
0.666769, 0.463585, 0.4423604, 2
0.7445362, 0.377663, 0.5778531, 2
0.6278528, 0.5949528, 0.5711362, 2
0.7842191, 0.5289581, 0.8257837, 2
0.800999, 0.5097127, 0.858062, 2
0.6238471, 0.3916113, 0.4220989, 2
0.6667941, 0.6088354, 0.5659667, 2
0.5001104, 0.2014599, 0.3481742, 2
0.6411566, 0.3233291, 0.590286, 2
0.8026198, 0.6785872, 0.6182774, 2
0.3927701, 0.1718325, 0.4522323, 2
0.6856407, 0.3159629, 0.5729551, 2
0.8100216, 0.4829396, 0.5535336, 2
0.74108, 0.4264285, 0.6014299, 2
0.8645974, 0.5816419, 0.5966106, 2
0.4125978, 0.1610384, 0.3993728, 2
0.6131983, 0.5967767, 0.8035887, 2
0.8061287, 0.4737164, 0.6221383, 2
0.6225789, 0.597216, 0.7191999, 2
0.6494038, 0.5601891, 0.552339, 2
0.6197815, 0.3588604, 0.5950928, 2
0.6913447, 0.4682266, 0.5295024, 2
0.6334059, 0.5162027, 0.4351644, 2
0.7363239, 0.6470888, 0.640156, 2
0.8446097, 0.5434, 0.6660107, 2
0.3188187, 0.1257233, 0.3723719, 2
0.4871917, 0.2189897, 0.493083, 2
0.5661187, 0.4401728, 0.4108412, 2
0.594909, 0.2470964, 0.5366887, 2
0.5707645, 0.3269827, 0.6227745, 2
0.3034667, 0.314443, 0.5073553, 2
0.8744285, 0.5251912, 0.6559911, 2
0.7664637, 0.5842081, 0.5712239, 2
0.3919401, 0.1710157, 0.2795977, 2
0.4806336, 0.5971709, 0.7451621, 2
0.6153854, 0.5783932, 0.526871, 2
0.5601231, 0.487485, 0.7653952, 2
0.7647718, 0.5455678, 0.8809396, 2
0.8434177, 0.5354064, 0.6712506, 2
0.5805758, 0.2740483, 0.4744927, 2
0.8234391, 0.6021628, 0.5692542, 2
0.5812594, 0.5185791, 0.4862609, 2
0.3867334, 0.3086279, 0.3537391, 2
0.6708384, 0.4233685, 0.7318234, 2
0.629554, 0.5166539, 0.4409557, 2
0.3029486, 0.3582695, 0.5116436, 2
0.6254051, 0.5451599, 0.5102503, 2
0.5030451, 0.3524415, 0.4065059, 2
0.403178, 0.2545085, 0.3401558, 2
0.7555589, 0.4387185, 0.5835812, 2
0.6786929, 0.4968487, 0.7846155, 2
0.5549299, 0.4027793, 0.7107261, 2
0.5935605, 0.4247346, 0.4598233, 2
0.5417991, 0.3149875, 0.5482352, 2
0.3893318, 0.1293678, 0.3215108, 2
0.6011942, 0.4354823, 0.7279913, 2
0.6096713, 0.3131291, 0.5665624, 2
0.7325621, 0.5261662, 0.818687, 2
0.611874, 0.4203728, 0.4543341, 2
0.5421054, 0.3894991, 0.649454, 2
0.6622664, 0.6202986, 0.5983636, 2
0.9075062, 0.4791163, 0.7361279, 2
0.3012227, 0.2760114, 0.433967, 2
0.4054134, 0.292282, 0.4925928, 2
0.3722992, 0.08757266, 0.3602498, 2
0.8134468, 0.5163628, 0.5577624, 2
0.6247199, 0.3334756, 0.5361923, 2
0.7641847, 0.6725176, 0.5870187, 2
0.6383384, 0.4483483, 0.737618, 2
0.6966261, 0.3838818, 0.5733423, 2
0.5650546, 0.201334, 0.4187683, 2
0.714182, 0.4869949, 0.8309222, 2
0.5695881, 0.4681064, 0.7188141, 2
0.5171149, 0.3938538, 0.6589762, 2
0.3909563, 0.3811882, 0.5033001, 2
0.5549961, 0.5617044, 0.7792418, 2
0.416393, 0.1445817, 0.4354997, 2
0.3215181, 0.271946, 0.4452899, 2
0.4602151, 0.1605152, 0.3926396, 2
0.8361201, 0.5167437, 0.6737099, 2
0.7726327, 0.5285172, 0.8687059, 2
0.6265345, 0.5986353, 0.7047186, 2
0.4677994, 0.1864881, 0.3413589, 2
0.7593513, 0.4586004, 0.7776617, 2
0.6884776, 0.504044, 0.7945314, 2
0.4567837, 0.2512506, 0.4995407, 2
0.4871833, 0.5237511, 0.6012435, 2
0.7920759, 0.4876635, 0.6098323, 2
0.8846835, 0.6461948, 0.6063387, 2
0.6035362, 0.6128308, 0.5804441, 2
0.695378, 0.5860817, 0.5015137, 2
0.4002213, 0.3702543, 0.5473133, 2
0.5611469, 0.2856882, 0.4224535, 2
0.5410167, 0.2568452, 0.4562433, 2
0.6734591, 0.6288048, 0.6088188, 2
0.4274374, 0.3979786, 0.52162, 2
0.5897855, 0.5237297, 0.4921968, 2
0.2923993, 0.3349154, 0.5226729, 2
0.4831384, 0.3315895, 0.3884491, 2
0.7056522, 0.494066, 0.5382206, 2
0.454557, 0.2724153, 0.5027197, 2
0.305746, 0.3350082, 0.4799887, 2
0.6912491, 0.3634839, 0.5231451, 2
0.8634745, 0.5892769, 0.6127278, 2
0.7567102, 0.5716116, 0.5569624, 2
0.5366852, 0.3892846, 0.6496525, 2
0.7509467, 0.4203078, 0.7363114, 2
0.7815331, 0.4339371, 0.7701401, 2
0.5716061, 0.6186258, 0.6657109, 2
0.4921192, 0.2889745, 0.5367115, 2
0.4089808, 0.2239721, 0.4556314, 2
0.6028014, 0.2980813, 0.5827783, 2
0.510654, 0.3888598, 0.4032561, 2
0.4579722, 0.214139, 0.5273722, 2
0.5692018, 0.2134523, 0.4213373, 2
0.8091191, 0.5234702, 0.8516952, 2
0.6024934, 0.6080472, 0.5963323, 2
0.632537, 0.6985893, 0.7275012, 2
0.4897386, 0.4201262, 0.6616221, 2
0.596673, 0.3537258, 0.4235992, 2
0.5227097, 0.2536284, 0.5046102, 2
0.4324101, 0.5042617, 0.6492392, 2
0.6161661, 0.3030199, 0.5298851, 2
0.5943572, 0.5888964, 0.7531466, 2
0.8986272, 0.4855087, 0.7070205, 2
0.6547891, 0.5290695, 0.4407411, 2
0.7243158, 0.5581263, 0.8313444, 2
0.7105146, 0.5994561, 0.5856103, 2
0.6036415, 0.2540717, 0.484175, 2
0.5904225, 0.336812, 0.5883557, 2
0.632095, 0.5997093, 0.8089771, 2
0.6662821, 0.5531523, 0.5212946, 2
0.4068025, 0.2922737, 0.3486794, 2
0.6441838, 0.3879208, 0.6652726, 2
0.5805668, 0.5252101, 0.5014782, 2
0.7947129, 0.5515787, 0.5715351, 2
0.5088547, 0.3611707, 0.6533223, 2
0.5800082, 0.5243389, 0.7223591, 2
0.3882973, 0.3144834, 0.3788075, 2
0.4690205, 0.3593002, 0.4022787, 2
0.5460176, 0.2803689, 0.5658407, 2
0.4418971, 0.1231117, 0.394805, 2
0.6166275, 0.4563997, 0.435316, 2
0.6698571, 0.3565143, 0.5508076, 2
0.6379015, 0.607237, 0.6336102, 2
0.5989868, 0.3804936, 0.7032738, 2
0.6207458, 0.3635834, 0.5881588, 2
0.4102289, 0.2957457, 0.5323751, 2
0.558872, 0.4512694, 0.4148216, 2
0.7331007, 0.4095217, 0.6178737, 2
0.5736031, 0.3687649, 0.4376591, 2
0.6783797, 0.3243433, 0.4704877, 2
0.8935475, 0.5678375, 0.6357437, 2
0.5763438, 0.4384295, 0.4167078, 2
0.6432185, 0.4827555, 0.7447786, 2
0.7911404, 0.6775171, 0.6358258, 2
0.8052374, 0.5184044, 0.8697987, 2
0.3486536, 0.3041503, 0.4830325, 2
0.5680282, 0.37922, 0.4232605, 2
0.4424142, 0.1536566, 0.4537365, 2
0.638925, 0.3882438, 0.4234397, 2
0.7591716, 0.4271399, 0.6738678, 2
0.6787562, 0.5951189, 0.8341385, 2
0.5848961, 0.4825533, 0.7995291, 2
0.4946976, 0.4379812, 0.6657733, 2
0.4038672, 0.1514566, 0.4299138, 2
0.4784516, 0.5720528, 0.7663697, 2
0.54711, 0.2622209, 0.4081446, 2
0.695196, 0.5766457, 0.8626797, 2
0.6989538, 0.4083181, 0.7136899, 2
0.6149958, 0.3327681, 0.6429546, 2
0.618524, 0.5860649, 0.5338546, 2
0.6862772, 0.342126, 0.5676801, 2
0.7031931, 0.4249519, 0.4997042, 2
0.8938833, 0.4904155, 0.7697089, 2
0.7016295, 0.5603189, 0.5178701, 2
0.6420447, 0.3054545, 0.5470135, 2
0.6189209, 0.5331471, 0.4832041, 2
0.5525483, 0.4210297, 0.4347327, 2
0.6543965, 0.2828592, 0.5415625, 2
0.4637279, 0.5046551, 0.6392713, 2
0.7123441, 0.3883457, 0.6458489, 2
0.6322908, 0.3014356, 0.5497755, 2
0.5660077, 0.3360602, 0.6332144, 2
0.2954777, 0.3182701, 0.5153632, 2
0.2911426, 0.2432032, 0.3807632, 2
0.7798281, 0.4570814, 0.5660232, 2
0.4850253, 0.2317845, 0.3739952, 2
0.4265779, 0.4557254, 0.6296588, 2
0.6643226, 0.3143127, 0.4673266, 2
0.8766415, 0.601208, 0.6075569, 2
0.4949915, 0.2848549, 0.5443032, 2
0.6244895, 0.6048165, 0.5552632, 2
0.4454187, 0.1373305, 0.2902126, 2
0.3604283, 0.16269, 0.3722039, 2
0.6101238, 0.490239, 0.4366919, 2
0.5486468, 0.4821969, 0.4434367, 2
0.2889882, 0.3153999, 0.482572, 2
0.4882955, 0.2938115, 0.5903155, 2
0.4317396, 0.3061601, 0.5604843, 2
0.6362924, 0.3934948, 0.4131708, 2
0.4592185, 0.4554158, 0.5921926, 2
0.6173176, 0.4089704, 0.6903049, 2
0.5956298, 0.5674855, 0.7017079, 2
0.5904955, 0.2781655, 0.5679974, 2
0.7072214, 0.3701136, 0.5543572, 2
0.8151546, 0.4578415, 0.6718994, 2
0.5305002, 0.4999696, 0.7561652, 2
0.4411204, 0.1890502, 0.3628075, 2
0.7926085, 0.4349316, 0.604971, 2
0.5261559, 0.6371009, 0.7574871, 2
0.7849832, 0.6819704, 0.5812541, 2
0.5373572, 0.5892527, 0.6867974, 2
0.5133562, 0.3762935, 0.4007927, 2
0.4613074, 0.3741467, 0.444416, 2
0.9056864, 0.5324664, 0.7241791, 2
0.5898535, 0.4758007, 0.4399115, 2
0.3685185, 0.1416831, 0.3490061, 2
0.5291955, 0.4899492, 0.7040455, 2
0.4716772, 0.2371543, 0.4619273, 2
0.5770116, 0.4779948, 0.4700495, 2
0.8442171, 0.5547074, 0.6840239, 2
0.6067139, 0.4827455, 0.5080881, 2
0.5875276, 0.4063086, 0.7169588, 2
0.7408115, 0.4073719, 0.6371259, 2
0.3432281, 0.3614249, 0.5038808, 2
0.7374218, 0.6814869, 0.6481414, 2
0.4653565, 0.3440854, 0.392019, 2
0.5952337, 0.269224, 0.4900357, 2
0.4205327, 0.287071, 0.4993119, 2
0.7256876, 0.3874948, 0.565208, 2
0.5848293, 0.4707029, 0.4464968, 2
0.7941436, 0.5396641, 0.8161215, 2
0.3949282, 0.3063953, 0.5100147, 2
0.7405697, 0.3909535, 0.5742791, 2
0.8479793, 0.4882674, 0.8352564, 2
0.5873607, 0.3465942, 0.4166314, 2
0.7025698, 0.4809644, 0.8106248, 2
0.6111406, 0.299619, 0.4356081, 2
0.5525747, 0.3482946, 0.6450214, 2
0.588154, 0.504472, 0.8032283, 2
0.58697, 0.3280076, 0.5643876, 2
0.557741, 0.4897502, 0.7261832, 2
0.3970166, 0.250779, 0.3117054, 2
0.5579369, 0.6011094, 0.7808153, 2
0.8531593, 0.600047, 0.5868683, 2
0.734121, 0.367244, 0.4952414, 2
0.3225006, 0.2521064, 0.4079313, 2
0.4568521, 0.225105, 0.4858818, 2
0.8028895, 0.4916064, 0.5681382, 2
0.4438769, 0.2465469, 0.5285941, 2
0.6665227, 0.5163344, 0.4324593, 2
0.3894216, 0.3431101, 0.4030176, 2
0.5529188, 0.4892199, 0.446755, 2
0.6211407, 0.2445448, 0.5075955, 2
0.3696645, 0.3143772, 0.5650328, 2
0.4189011, 0.178969, 0.3958876, 2
0.6006345, 0.5881318, 0.8423843, 2
0.5594759, 0.4470819, 0.4120445, 2
0.5639361, 0.4993273, 0.4716837, 2
0.3745845, 0.1889476, 0.2796063, 2
0.5092038, 0.2015378, 0.4485154, 2
0.4574104, 0.146875, 0.4355333, 2
0.4194674, 0.3765836, 0.4871051, 2
0.3674099, 0.2161678, 0.3916557, 2
0.380482, 0.3095781, 0.4959479, 2
0.6054235, 0.3746512, 0.6824544, 2
0.3415705, 0.2733541, 0.4395888, 2
0.576813, 0.2857302, 0.5411482, 2
0.5534844, 0.585306, 0.8219919, 2
0.3571894, 0.3461337, 0.5219499, 2
0.674868, 0.5094449, 0.794105, 2
0.8765251, 0.5824822, 0.6369216, 2
0.632882, 0.2799331, 0.5388183, 2
0.8489785, 0.607612, 0.5784038, 2
0.4560076, 0.4131842, 0.5290551, 2
0.4963097, 0.4378762, 0.5155811, 2
0.4502821, 0.2916332, 0.539884, 2
0.5606037, 0.2623683, 0.5489241, 2
0.4123898, 0.3019453, 0.5516187, 2
0.5465652, 0.2687949, 0.4887944, 2
0.6104367, 0.3983351, 0.4350469, 2
0.7933428, 0.581234, 0.582338, 2
0.6238881, 0.407335, 0.7105728, 2
0.4118158, 0.3976865, 0.5096402, 2
0.66956, 0.3378513, 0.6295692, 2
0.700638, 0.3816926, 0.6789081, 2
0.4334835, 0.3064143, 0.3658041, 2
0.7900091, 0.4587892, 0.7651079, 2
0.4581083, 0.2089266, 0.4689651, 2
0.541947, 0.5922627, 0.6185904, 2
0.666014, 0.3132853, 0.4671804, 2
0.3415873, 0.2487062, 0.3268565, 2
0.3314699, 0.2542169, 0.4042397, 2
0.4570902, 0.3162492, 0.5826457, 2
0.7964219, 0.5115577, 0.8577328, 2
0.8866159, 0.6237779, 0.6560792, 2
0.584578, 0.3807616, 0.661837, 2
0.5482397, 0.2139509, 0.42965, 2
0.3096523, 0.2931392, 0.4154555, 2
0.6462628, 0.5099703, 0.8154241, 2
0.633649, 0.6475624, 0.6193808, 2
0.4590087, 0.3172901, 0.5891927, 2
0.3593454, 0.296643, 0.4451612, 2
0.6383104, 0.5478845, 0.8425459, 2
0.6631575, 0.5657601, 0.8561729, 2
0.3641727, 0.1449063, 0.4160993, 2
0.6694001, 0.5804931, 0.8320469, 2
0.5839791, 0.6185186, 0.6542168, 2
0.6534165, 0.4652419, 0.7831516, 2
0.4645581, 0.5366968, 0.6790457, 2
0.5260368, 0.2637884, 0.50871, 2
0.3867202, 0.3038906, 0.4932329, 2
0.632035, 0.3065975, 0.5852624, 2
0.6694362, 0.4161119, 0.7096269, 2
0.7708984, 0.4426257, 0.6543878, 2
0.4844128, 0.1830535, 0.3829499, 2
0.5199645, 0.1929397, 0.4684871, 2
0.5277686, 0.27246, 0.5107338, 2
0.3292889, 0.1967149, 0.3479236, 2
0.6592076, 0.3002679, 0.4743485, 2
0.4920745, 0.468666, 0.5668283, 2
0.7081007, 0.4428287, 0.6920584, 2
0.4630904, 0.2795458, 0.5265105, 2
0.4644774, 0.4775157, 0.6893978, 2
0.647504, 0.3487626, 0.6073413, 2
0.6453405, 0.3950288, 0.4276438, 2
0.6165072, 0.511924, 0.4451168, 2
0.4916406, 0.4501858, 0.6980951, 2
0.6967912, 0.6040455, 0.506484, 2
0.6048276, 0.6028236, 0.5608889, 2
0.7122391, 0.4832424, 0.7783763, 2
0.4802686, 0.3516376, 0.3865975, 2
0.3433132, 0.3225271, 0.4615038, 2
0.6370312, 0.3960978, 0.6488162, 2
0.7740003, 0.5588377, 0.5636339, 2
0.6714341, 0.3798151, 0.663757, 2
0.5800539, 0.2385118, 0.4479591, 2
0.6070403, 0.4645137, 0.4886699, 2
0.4173951, 0.1823429, 0.3010521, 2
0.8376915, 0.6106789, 0.5740911, 2
0.628155, 0.497243, 0.4449793, 2
0.664322, 0.4441654, 0.7457424, 2
0.6976526, 0.4754164, 0.7766823, 2
0.5380079, 0.5859801, 0.6110807, 2
0.7959542, 0.5833636, 0.555591, 2
0.3698798, 0.3849843, 0.5116774, 2
0.3044649, 0.3521919, 0.5489066, 2
0.7829235, 0.4391382, 0.6237167, 2
0.5365259, 0.3438361, 0.6280421, 2
0.2917404, 0.2846149, 0.4410137, 2
0.7793608, 0.4564515, 0.7977016, 2
0.5093203, 0.4610355, 0.5375536, 2
0.505133, 0.4715381, 0.5039938, 2
0.8253112, 0.5844344, 0.5693196, 2
0.5824778, 0.5282879, 0.5275369, 2
0.6970034, 0.3546875, 0.6313328, 2
0.6161503, 0.5509389, 0.4478041, 2
0.6350519, 0.4853666, 0.4519119, 2
0.4112744, 0.2288032, 0.456064, 2
0.7243644, 0.4599768, 0.5126229, 2
0.6002622, 0.5299725, 0.49361, 2
0.5195591, 0.4385876, 0.4386924, 2
0.454908, 0.3720291, 0.4432465, 2
0.6242111, 0.6358763, 0.60531, 2
0.4143302, 0.4061798, 0.6076372, 2
0.4302944, 0.4179659, 0.5537185, 2
0.5964769, 0.6772817, 0.7291207, 2
0.5686913, 0.3629715, 0.4357755, 2
0.831637, 0.6057419, 0.6149132, 2
0.780135, 0.4505276, 0.5937094, 2
0.5949857, 0.4398951, 0.7460999, 2
0.6109619, 0.5429243, 0.841626, 2
0.4838322, 0.1871802, 0.3628955, 2
0.7084672, 0.5870377, 0.5273556, 2
0.4154241, 0.1701049, 0.3879979, 2
0.6982285, 0.357684, 0.4924373, 2
0.6973063, 0.5972389, 0.5610834, 2
0.3550685, 0.2899722, 0.4566778, 2
0.5739554, 0.451922, 0.4204785, 2
0.5990943, 0.494466, 0.7436821, 2
0.8409773, 0.623565, 0.5786697, 2
0.6255916, 0.7038956, 0.7273423, 2
0.6301227, 0.2787304, 0.4845683, 2
0.4781617, 0.2966803, 0.5684594, 2
0.458471, 0.3176486, 0.5892838, 2
0.5861282, 0.6727464, 0.7193782, 2
0.9066114, 0.5776706, 0.6242726, 2
0.5347786, 0.4040558, 0.7067685, 2
0.6355568, 0.5437249, 0.4730611, 2
0.8840134, 0.5053644, 0.7299502, 2
0.3613817, 0.2962442, 0.3723104, 2
0.3600509, 0.3876289, 0.5205969, 2
0.6380016, 0.4756716, 0.7518243, 2
0.830394, 0.4779258, 0.6500656, 2
0.9131288, 0.5004421, 0.7284937, 2
0.5977056, 0.4834288, 0.4410051, 2
0.5835843, 0.502879, 0.7883997, 2
0.6097435, 0.4796003, 0.4226238, 2
0.354657, 0.1451747, 0.416523, 2
0.8366582, 0.6190927, 0.6095979, 2
0.450731, 0.1141608, 0.3623465, 2
0.8258615, 0.4988747, 0.8605084, 2
0.55457, 0.4632916, 0.7762721, 2
0.693996, 0.6492798, 0.6358567, 2
0.48991, 0.2341521, 0.4292487, 2
0.9057587, 0.5056798, 0.7664803, 2
0.3615803, 0.1736277, 0.435735, 2
0.8511202, 0.530546, 0.7520246, 2
0.8355858, 0.4964528, 0.631677, 2
0.4899361, 0.4460717, 0.54331, 2
0.4305669, 0.2202794, 0.502886, 2
0.6100346, 0.4035899, 0.7030929, 2
0.4131229, 0.4032696, 0.5142465, 2
0.4364554, 0.2411774, 0.5398906, 2
0.8704962, 0.4698347, 0.7865823, 2
0.8324451, 0.4876926, 0.6976092, 2
0.5306759, 0.2417513, 0.390036, 2
0.7287212, 0.6362771, 0.5677902, 2
0.7788498, 0.5270222, 0.537167, 2
0.6726909, 0.3426413, 0.531009, 2
0.7078881, 0.5157153, 0.8569618, 2
0.4373482, 0.5230573, 0.6528681, 2
0.4149242, 0.354799, 0.4289064, 2
0.4748318, 0.1423595, 0.4025259, 2
0.3403502, 0.3338605, 0.5165162, 2
0.5840231, 0.5050604, 0.7930812, 2
0.4082515, 0.3495474, 0.4124151, 2
0.8312291, 0.580955, 0.5956128, 2
0.5886926, 0.5746402, 0.803771, 2
0.3933583, 0.3532348, 0.554684, 2
0.8666231, 0.4881203, 0.8024728, 2
0.7692884, 0.4377726, 0.5235478, 2
0.3628618, 0.3239984, 0.5331134, 2
0.6646125, 0.5561162, 0.4878139, 2
0.8625111, 0.5792786, 0.6551878, 2
0.7385458, 0.5624152, 0.5616496, 2
0.5205013, 0.2994312, 0.5762308, 2
0.5967418, 0.5215036, 0.5122128, 2
0.6833252, 0.7399925, 0.7694684, 2
0.8032446, 0.4975776, 0.6971312, 2
0.5687987, 0.5882065, 0.7870269, 2
0.8494434, 0.459329, 0.6693324, 2
0.7982121, 0.558279, 0.5610759, 2
0.6043528, 0.3551702, 0.5957221, 2
0.6029113, 0.5787406, 0.5365595, 2
0.7056206, 0.491558, 0.7598757, 2
0.5679447, 0.5053495, 0.7375267, 2
0.5421447, 0.2363041, 0.4386525, 2
0.4504937, 0.157352, 0.3738365, 2
0.7450517, 0.455254, 0.6893987, 2
0.4260965, 0.3926575, 0.5778548, 2
0.6590732, 0.2852568, 0.4781552, 2
0.7494382, 0.4959605, 0.5317307, 2
0.3926138, 0.3135359, 0.5178741, 2
0.417099, 0.3403837, 0.4080807, 2
0.7885652, 0.4376861, 0.5867795, 2
0.8643457, 0.5082582, 0.836878, 2
0.6042234, 0.3483402, 0.4317757, 2
0.5448748, 0.5565429, 0.8100005, 2
0.6991274, 0.5752821, 0.5632814, 2
0.3437213, 0.3648283, 0.4948087, 2
0.7255028, 0.3740689, 0.5821602, 2
0.7407392, 0.4021709, 0.6798987, 2
0.6167006, 0.5313548, 0.4754023, 2
0.6331911, 0.3740194, 0.6562757, 2
0.4374388, 0.1599951, 0.3196217, 2
0.7640607, 0.4223337, 0.7613372, 2
0.5036932, 0.6096218, 0.7236993, 2
0.2871971, 0.2360006, 0.3784233, 2
0.6324843, 0.4596635, 0.7259005, 2
0.528698, 0.196864, 0.4563713, 2
0.5976897, 0.3134217, 0.6108173, 2
0.3280992, 0.2761433, 0.3713564, 2
0.4570047, 0.5388341, 0.6340551, 2
0.7880226, 0.6071153, 0.573117, 2
0.5193098, 0.2487868, 0.3856439, 2
0.3403742, 0.3401228, 0.4417481, 2
0.5224319, 0.3562228, 0.6213664, 2
0.4570358, 0.1759891, 0.3679452, 2
0.7049801, 0.5988405, 0.5664632, 2
0.5300306, 0.2981544, 0.5213416, 2
0.6360735, 0.4398975, 0.4715942, 2
0.5234841, 0.5897106, 0.7361739, 2
0.7471421, 0.5429933, 0.5503519, 2
0.5339188, 0.3884983, 0.4211939, 2
0.5008992, 0.4618264, 0.5257279, 2
0.8372685, 0.4909049, 0.7382075, 2
0.8415977, 0.454118, 0.786907, 2
0.2966918, 0.2760358, 0.4313082, 2
0.7414913, 0.5337118, 0.5488253, 2
0.3595569, 0.2606553, 0.4051505, 2
0.4873423, 0.2010129, 0.4038665, 2
0.7821338, 0.4559464, 0.7726807, 2
0.7825652, 0.5683153, 0.8485491, 2
0.8961411, 0.5318347, 0.7907019, 2
0.7667537, 0.4827387, 0.795401, 2
0.4638887, 0.4733804, 0.6497453, 2
0.6411926, 0.2795385, 0.4452039, 2
0.8568767, 0.5958803, 0.6525828, 2
0.5883508, 0.2815534, 0.4711275, 2
0.6310818, 0.2803923, 0.4381621, 2
0.5866586, 0.4868302, 0.4877721, 2
0.5575768, 0.5231258, 0.531262, 2
0.412641, 0.2510279, 0.4522469, 2
0.3874899, 0.1199703, 0.3526066, 2
0.630457, 0.5686613, 0.5149945, 2
0.5748239, 0.6660265, 0.7692228, 2
0.4025061, 0.3921718, 0.5099068, 2
0.5456048, 0.6041023, 0.7980005, 2
0.7735111, 0.3738377, 0.5922775, 2
0.3785712, 0.2567275, 0.3225477, 2
0.5587889, 0.2697174, 0.5741276, 2
0.6354601, 0.5320506, 0.4427892, 2
0.7533132, 0.6345242, 0.6167721, 2
0.7383393, 0.5270928, 0.5511001, 2
0.6593271, 0.2914547, 0.5534372, 2
0.6667251, 0.3933591, 0.7091068, 2
0.305673, 0.3529483, 0.5212958, 2
0.4329666, 0.4979325, 0.6911149, 2
0.4152087, 0.2974446, 0.538249, 2
0.8510431, 0.618904, 0.6240706, 2
0.5955215, 0.5411707, 0.7650164, 2
0.4877789, 0.2279453, 0.4403445, 2
0.4078846, 0.3514437, 0.4187149, 2
0.8056356, 0.4784843, 0.5448967, 2
0.464311, 0.5513968, 0.6796255, 2
0.638059, 0.5291399, 0.458644, 2
0.3729931, 0.147206, 0.3499526, 2
0.5416029, 0.302833, 0.418023, 2
0.4961479, 0.22657, 0.4947608, 2
0.4875444, 0.5799744, 0.640897, 2
0.6022978, 0.6204335, 0.6630067, 2
0.4775783, 0.2679918, 0.3740197, 2
0.647303, 0.5267906, 0.4710142, 2
0.489186, 0.3338551, 0.3945788, 2
0.6755553, 0.4577822, 0.4540386, 2
0.6377978, 0.5016652, 0.7876799, 2
0.5933853, 0.5830349, 0.565296, 2
0.4837942, 0.5437834, 0.6790903, 2
0.753905, 0.442203, 0.628968, 2
0.849005, 0.521112, 0.7194322, 2
0.4272316, 0.2741736, 0.4809086, 2
0.5607454, 0.4914269, 0.4520665, 2
0.68659, 0.4981538, 0.7695739, 2
0.545262, 0.2978131, 0.5799668, 2
0.5762561, 0.4650959, 0.4314729, 2
0.6337006, 0.283736, 0.5542039, 2
0.8703867, 0.5938682, 0.6509968, 2
0.4652136, 0.5488654, 0.6287611, 2
0.701968, 0.3861318, 0.5467715, 2
0.3361725, 0.2443324, 0.3819471, 2
0.6548883, 0.440308, 0.463135, 2
0.8442751, 0.4610734, 0.7987785, 2
0.4394242, 0.3654033, 0.4331465, 2
0.4691753, 0.1309766, 0.335004, 2
0.841103, 0.5116547, 0.777401, 2
0.4386944, 0.4027157, 0.4924749, 2
0.8732811, 0.5110919, 0.7235787, 2
0.5404868, 0.3891253, 0.429513, 2
0.647742, 0.338847, 0.5241745, 2
0.4669521, 0.5765943, 0.7407478, 2
0.5104356, 0.1824971, 0.4065924, 2
0.4916421, 0.5290533, 0.6375666, 2
0.5793457, 0.4471052, 0.7635588, 2
0.5657417, 0.3134218, 0.536898, 2
0.8502871, 0.4496444, 0.6417887, 2
0.6266469, 0.5756283, 0.6028337, 2
0.5211404, 0.1906625, 0.398234, 2
0.4602232, 0.5388399, 0.6303617, 2
0.5554451, 0.5367886, 0.8078952, 2
0.5848473, 0.4869381, 0.5000978, 2
0.466725, 0.5591486, 0.7714027, 2
0.8683308, 0.6402639, 0.6437243, 2
0.3629771, 0.3023077, 0.3692612, 2
0.3626562, 0.198756, 0.3978228, 2
0.3253409, 0.379649, 0.530471, 2
0.8897174, 0.5812868, 0.6700098, 2
0.6148971, 0.2953474, 0.5786275, 2
0.4370752, 0.24433, 0.4926489, 2
0.7155824, 0.5437121, 0.5675313, 2
0.9119127, 0.6006805, 0.6054326, 2
0.7741557, 0.4620477, 0.6421311, 2
0.4423974, 0.1572953, 0.4175878, 2
0.6364697, 0.4220985, 0.4615984, 2
0.8187881, 0.5388702, 0.8375721, 2
0.8664277, 0.5323312, 0.7224028, 2
0.5478851, 0.3069493, 0.5774544, 2
0.3194781, 0.2947391, 0.463732, 2
0.7079821, 0.5827094, 0.8262282, 2
0.3814443, 0.3150643, 0.5043514, 2
0.5446486, 0.4835916, 0.4464819, 2
0.6240892, 0.5979704, 0.618571, 2
0.3812701, 0.3018803, 0.3667878, 2
0.5942769, 0.5164427, 0.4665244, 2
0.5903865, 0.2303735, 0.4342162, 2
0.6577983, 0.6025445, 0.6418077, 2
0.694531, 0.3909049, 0.7091716, 2
0.6110901, 0.5507275, 0.453825, 2
0.8200244, 0.4800273, 0.7263159, 2
0.4859135, 0.1843974, 0.4225064, 2
0.5407537, 0.2778523, 0.4875968, 2
0.5726062, 0.4743688, 0.4866125, 2
0.4537095, 0.202694, 0.4305603, 2
0.5789967, 0.5329823, 0.7158458, 2
0.4602669, 0.1437752, 0.3605626, 2
0.8272172, 0.6782327, 0.6191372, 2
0.6853703, 0.5291545, 0.7790086, 2
0.4239048, 0.4366484, 0.6237406, 2
0.6204388, 0.5830571, 0.5374851, 2
0.6548975, 0.4095398, 0.7315745, 2
0.7878218, 0.5308492, 0.8676853, 2
0.4768596, 0.3922859, 0.4477163, 2
0.6092452, 0.5827227, 0.7067775, 2
0.642648, 0.6004909, 0.8148513, 2
0.6319067, 0.3537099, 0.5960007, 2
0.8648095, 0.6123233, 0.6347733, 2
0.7522898, 0.4773794, 0.7311761, 2
0.3257846, 0.1351054, 0.3837166, 2
0.6658127, 0.608874, 0.6443619, 2
0.5529637, 0.4869158, 0.794504, 2
0.6629019, 0.628314, 0.6514158, 2
0.6441169, 0.6100757, 0.6608582, 2
0.4950961, 0.1809264, 0.3938539, 2
0.7575984, 0.5856356, 0.5671975, 2
0.5824735, 0.5566931, 0.5290872, 2
0.4681264, 0.1490726, 0.309587, 2
0.5075054, 0.6154488, 0.7304455, 2
0.8074704, 0.5889844, 0.5579137, 2
0.6761311, 0.54702, 0.8362257, 2
0.5423046, 0.5445306, 0.5642276, 2
0.9209017, 0.5159868, 0.6898634, 2
0.7351484, 0.6208487, 0.6137764, 2
0.4975216, 0.195086, 0.4786364, 2
0.4714152, 0.2540889, 0.5273504, 2
0.6453093, 0.2988554, 0.4723817, 2
0.8123085, 0.5990089, 0.6046699, 2
0.3315429, 0.1433593, 0.4092776, 2
0.5311406, 0.2283504, 0.4207167, 2
0.6270323, 0.6086814, 0.5646337, 2
0.8581097, 0.472598, 0.8111867, 2
0.3938389, 0.2577687, 0.3140135, 2
0.4790885, 0.5631967, 0.7707054, 2
0.4881637, 0.4939957, 0.7476142, 2
0.7002667, 0.5465519, 0.8089955, 2
0.4710977, 0.5060931, 0.7168898, 2
0.9217644, 0.5493557, 0.6681941, 2
0.6074538, 0.5790874, 0.5340218, 2
0.4107631, 0.3014076, 0.5361111, 2
0.8487175, 0.4763034, 0.6854789, 2
0.795957, 0.5075782, 0.5750568, 2
0.5342619, 0.1524218, 0.3810964, 2
0.7904038, 0.4014932, 0.6089329, 2
0.6676633, 0.5907789, 0.5111437, 2
0.5535113, 0.4370634, 0.7364676, 2
0.5426532, 0.4595179, 0.4282235, 2
0.6843891, 0.5183424, 0.4952318, 2
0.5566694, 0.3773359, 0.700653, 2
0.577915, 0.5252073, 0.4922845, 2
0.3651742, 0.3915806, 0.5255834, 2
0.667544, 0.3942437, 0.7097517, 2
0.8176427, 0.5121748, 0.8671779, 2
0.4054916, 0.3396059, 0.4128921, 2
0.5198096, 0.4501196, 0.4402943, 2
0.8370896, 0.4960306, 0.8469899, 2
0.5911573, 0.2685391, 0.4269188, 2
0.8595806, 0.5004108, 0.6459938, 2
0.3079699, 0.2975285, 0.4902991, 2
0.6298344, 0.5960148, 0.6413372, 2
0.6125826, 0.4011835, 0.6843834, 2
0.7546271, 0.3913458, 0.523485, 2
0.7114964, 0.3526226, 0.576976, 2
0.8786234, 0.5123746, 0.6516529, 2
0.7778373, 0.443091, 0.7388935, 2
0.5827895, 0.4719723, 0.7595533, 2
0.5640748, 0.4358737, 0.4325183, 2
0.8510174, 0.5791717, 0.5859278, 2
0.6786799, 0.2962208, 0.5582997, 2
0.853959, 0.5131514, 0.7228778, 2
0.7975131, 0.6516557, 0.6146972, 2
0.556618, 0.2505877, 0.4153765, 2
0.667459, 0.4563049, 0.7912723, 2
0.4634176, 0.1808276, 0.3960376, 2
0.7284811, 0.6588162, 0.6058132, 2
0.4989168, 0.5502322, 0.5982564, 2
0.3764918, 0.3712425, 0.4804473, 2
0.7513492, 0.4647483, 0.722333, 2
0.5557691, 0.3391755, 0.6553625, 2
0.8949387, 0.6069084, 0.6497891, 2
0.4073707, 0.2125444, 0.3105593, 2
0.31213, 0.1134063, 0.3999015, 2
0.6457344, 0.308341, 0.503968, 2
0.7972706, 0.6158065, 0.6055945, 2
0.4933873, 0.1590826, 0.3459744, 2
0.3647062, 0.2524954, 0.3218532, 2
0.6016846, 0.2858388, 0.5295672, 2
0.8536105, 0.4593226, 0.6717952, 2
0.5487196, 0.3248013, 0.5995897, 2
0.3072193, 0.2949358, 0.4273089, 2
0.3250013, 0.1440556, 0.3659531, 2
0.386924, 0.1196523, 0.4020977, 2
0.79557, 0.484412, 0.7066137, 2
0.7836828, 0.427786, 0.768306, 2
0.6564607, 0.5173622, 0.8432077, 2
0.5809771, 0.249716, 0.538382, 2
0.4266486, 0.4590216, 0.6314249, 2
0.7431298, 0.367873, 0.5024421, 2
0.7692307, 0.5480149, 0.8321168, 2
0.8799065, 0.4578732, 0.7974228, 2
0.399402, 0.3682513, 0.5472921, 2
0.4756543, 0.4944888, 0.7179333, 2
0.8258426, 0.4908073, 0.7915045, 2
0.3566577, 0.3881405, 0.5239468, 2
0.6041896, 0.5729693, 0.527515, 2
0.6756786, 0.4816155, 0.4956387, 2
0.6505812, 0.5712226, 0.5810245, 2
0.5925041, 0.5546033, 0.5191605, 2
0.8950041, 0.6526025, 0.6042496, 2
0.7557413, 0.414786, 0.716816, 2
0.6221447, 0.3123028, 0.6271777, 2
0.6040634, 0.4503661, 0.6983558, 2
0.8691062, 0.4973778, 0.8156719, 2
0.5857282, 0.6232564, 0.6071959, 2
0.395686, 0.1276743, 0.3195198, 2
0.6980935, 0.5633847, 0.5111338, 2
0.6231827, 0.4773642, 0.4991233, 2
0.9143998, 0.5314938, 0.7178167, 2
0.3315747, 0.3426905, 0.4945776, 2
0.7244278, 0.4427918, 0.7709837, 2
0.4934468, 0.1865056, 0.3695448, 2
0.7111616, 0.3364796, 0.4686855, 2
0.6386416, 0.6153517, 0.609833, 2
0.6404405, 0.5894532, 0.59081, 2
0.4745058, 0.1787642, 0.4851263, 2
0.3984061, 0.1388482, 0.2773022, 2
0.7089906, 0.5542309, 0.8141583, 2
0.5578448, 0.2236715, 0.4641663, 2
0.6078405, 0.5941593, 0.5881162, 2
0.4538425, 0.4058807, 0.4848854, 2
0.7007225, 0.6572441, 0.6658109, 2
0.6066063, 0.618556, 0.6550684, 2
0.8339044, 0.4395912, 0.7007607, 2
0.5673184, 0.5227776, 0.7650913, 2
0.7973342, 0.6058354, 0.5640668, 2
0.6257302, 0.3990323, 0.4138422, 2
0.3585714, 0.3194471, 0.4848377, 2
0.3345228, 0.2568021, 0.4091583, 2
0.5884625, 0.2469504, 0.5309739, 2
0.379998, 0.3450358, 0.415444, 2
0.7150929, 0.5470485, 0.856142, 2
0.5473074, 0.561355, 0.6963071, 2
0.5185089, 0.4298373, 0.4310989, 2
0.2868475, 0.2200527, 0.3651513, 2
0.5581753, 0.2705491, 0.5314794, 2
0.319968, 0.3451478, 0.4773779, 2
0.8827027, 0.631675, 0.6486858, 2
0.5828648, 0.2884327, 0.5799427, 2
0.5276151, 0.4352747, 0.7021758, 2
0.3595919, 0.1741364, 0.4317931, 2
0.411384, 0.2960613, 0.5343251, 2
0.5437105, 0.2503806, 0.4422989, 2
0.5218003, 0.4168664, 0.4190708, 2
0.4378315, 0.179328, 0.2952368, 2
0.8697975, 0.5514948, 0.6045752, 2
0.6982824, 0.5097333, 0.8438042, 2
0.7855442, 0.6762324, 0.6113831, 2
0.4122702, 0.2937928, 0.5219846, 2
0.8430511, 0.5101373, 0.639864, 2
0.7915852, 0.485823, 0.624246, 2
0.5682214, 0.357839, 0.6542574, 2
0.7885312, 0.4852127, 0.7579312, 2
0.5706106, 0.2252214, 0.4337087, 2
0.6363444, 0.5195971, 0.8414741, 2
0.8144785, 0.4739041, 0.7971479, 2
0.3941298, 0.1285059, 0.3920014, 2
0.5687351, 0.5448888, 0.7939533, 2
0.6077098, 0.2876574, 0.5679004, 2
0.6641501, 0.4366386, 0.7117147, 2
0.315028, 0.2634103, 0.4298548, 2
0.517786, 0.3281419, 0.6271118, 2
0.5654604, 0.3579607, 0.4120017, 2
0.5621778, 0.2104844, 0.4159954, 2
0.4589156, 0.1973767, 0.3473078, 2
0.7083997, 0.3714453, 0.6580852, 2
0.6757056, 0.3552823, 0.6199844, 2
0.7055228, 0.5810938, 0.5209076, 2
0.3894575, 0.3040842, 0.3615345, 2
0.6098008, 0.4592378, 0.427871, 2
0.5176403, 0.212962, 0.4822404, 2
0.5498814, 0.3954747, 0.6566782, 2
0.4810564, 0.4973188, 0.7226117, 2
0.5779395, 0.2942656, 0.5092569, 2
0.8220443, 0.5219642, 0.5879894, 2
0.700426, 0.604045, 0.5706177, 2
0.3854579, 0.3358289, 0.4038479, 2
0.4243028, 0.3995072, 0.5034532, 2
0.381696, 0.3269157, 0.403174, 2
0.4356898, 0.3374931, 0.3916695, 2
0.4874119, 0.5645058, 0.6737421, 2
0.3307153, 0.2322754, 0.3267236, 2
0.648164, 0.5900939, 0.5158767, 2
0.6419742, 0.2757125, 0.4628596, 2
0.6327544, 0.3130794, 0.5492336, 2
0.6250389, 0.2777833, 0.4690855, 2
0.4812236, 0.4119453, 0.6314257, 2
0.3270761, 0.315136, 0.4218265, 2
0.6096065, 0.352799, 0.6285719, 2
0.3944878, 0.2537567, 0.3324714, 2
0.4815254, 0.4322249, 0.5286856, 2
0.4764872, 0.4714116, 0.7040698, 2
0.7614095, 0.4485942, 0.6897937, 2
0.7549807, 0.6209252, 0.6061459, 2
0.8046651, 0.497797, 0.8164865, 2
0.7693842, 0.6771596, 0.5982346, 2
0.5194961, 0.3887242, 0.6975079, 2
0.4216157, 0.4034092, 0.5514635, 2
0.5943621, 0.2483533, 0.4702723, 2
0.4759002, 0.2296294, 0.4312657, 2
0.5564586, 0.2339009, 0.4520626, 2
0.581138, 0.4930508, 0.4470715, 2
0.5606858, 0.4454424, 0.4109051, 2
0.640989, 0.3135963, 0.546336, 2
0.7492688, 0.5005878, 0.8292235, 2
0.505949, 0.35823, 0.4069351, 2
0.2985727, 0.3481556, 0.5418364, 2
0.7221034, 0.4725478, 0.7934479, 2
0.5435932, 0.3048402, 0.5616682, 2
0.7505608, 0.5254257, 0.8661181, 2
0.6931409, 0.5288938, 0.8346993, 2
0.3633249, 0.3031603, 0.3705325, 2
0.7020043, 0.563441, 0.522816, 2
0.4939335, 0.417387, 0.4610642, 2
0.8903579, 0.5073134, 0.7207285, 2
0.8580288, 0.4855734, 0.7350196, 2
0.6102698, 0.622144, 0.6004828, 2
0.5272225, 0.1931843, 0.4504114, 2
0.6089476, 0.3475712, 0.6138738, 2
0.7058447, 0.3507687, 0.6257347, 2
0.7285545, 0.435449, 0.735473, 2
0.5029723, 0.4501521, 0.675449, 2
0.5445228, 0.5133519, 0.7705209, 2
0.4695625, 0.2411119, 0.4976839, 2
0.6484636, 0.606489, 0.6554071, 2
0.4487995, 0.4875514, 0.6628016, 2
0.3289427, 0.1462862, 0.390708, 2
0.6833952, 0.6614703, 0.6476443, 2
0.698099, 0.3783996, 0.6479652, 2
0.4273438, 0.3874986, 0.4905167, 2
0.5174608, 0.4286661, 0.4318325, 2
0.6218769, 0.5111394, 0.4855143, 2
0.8889169, 0.4688668, 0.7535426, 2
0.7646064, 0.4226312, 0.6697261, 2
0.7220336, 0.4988563, 0.7979949, 2
0.6318622, 0.4944144, 0.5016406, 2
0.5652752, 0.2420916, 0.5647182, 2
0.8796298, 0.5860843, 0.6222262, 2
0.6751337, 0.3526105, 0.5499827, 2
0.4430615, 0.1101784, 0.3568157, 2
0.6814001, 0.360197, 0.6746303, 2
0.5426268, 0.3850495, 0.6448625, 2
0.6158385, 0.5523168, 0.5617626, 2
0.7852453, 0.4253368, 0.7282884, 2
0.4124096, 0.1411846, 0.3328117, 2
0.5016112, 0.3058838, 0.3955088, 2
0.3957785, 0.3973601, 0.5201562, 2
0.6207675, 0.2983027, 0.5450439, 2
0.5759698, 0.4653739, 0.4300477, 2
0.5108055, 0.4898536, 0.566694, 2
0.5612662, 0.4030432, 0.6639686, 2
0.6178832, 0.5341803, 0.4535124, 2
0.7520816, 0.5451319, 0.8813149, 2
0.6982063, 0.6535334, 0.6480977, 2
0.7010182, 0.4246739, 0.7519073, 2
0.7711146, 0.5176861, 0.8561283, 2
0.7057937, 0.3943308, 0.7008637, 2
0.8183222, 0.5626084, 0.5608509, 2
0.4620908, 0.2781496, 0.5407685, 2
0.3717962, 0.2996575, 0.4720102, 2
0.8473358, 0.5203913, 0.7098646, 2
0.3982626, 0.380889, 0.5866959, 2
0.5257155, 0.3873059, 0.4068948, 2
0.6555701, 0.53048, 0.4413072, 2
0.5812368, 0.5306077, 0.8235578, 2
0.6179851, 0.4632519, 0.797206, 2
0.563786, 0.3511703, 0.6274642, 2
0.7047025, 0.5500419, 0.4511809, 2
0.5697425, 0.3538082, 0.6495548, 2
0.5937867, 0.5486353, 0.5221494, 2
0.8513545, 0.65525, 0.6087685, 2
0.3155861, 0.3103147, 0.4283414, 2
0.6426667, 0.4762374, 0.7640186, 2
0.4762565, 0.5847071, 0.6777111, 2
0.5139561, 0.2565677, 0.5114723, 2
0.6790239, 0.6014296, 0.6222839, 2
0.4861645, 0.3852477, 0.4369792, 2
0.5660427, 0.4520908, 0.768098, 2
0.391093, 0.202471, 0.4213829, 2
0.6090252, 0.5026159, 0.4478495, 2
0.2955154, 0.3156863, 0.5031756, 2
0.6674192, 0.4884164, 0.8047597, 2
0.8205713, 0.4490921, 0.6343517, 2
0.4852743, 0.436078, 0.6620876, 2
0.5164748, 0.4534048, 0.4456505, 2
0.6077213, 0.617245, 0.5810138, 2
0.6841877, 0.5047173, 0.4970683, 2
0.457365, 0.5730554, 0.6730402, 2
0.4088022, 0.3177055, 0.5396456, 2
0.6490387, 0.4955679, 0.7482615, 2
0.8654146, 0.5540667, 0.5958089, 2
0.4159378, 0.1682374, 0.4408438, 2
0.4365621, 0.5057586, 0.6562112, 2
0.5515241, 0.2304172, 0.4104143, 2
0.6746816, 0.454561, 0.7212788, 2
0.7450804, 0.4542185, 0.7270207, 2
0.7108844, 0.3671733, 0.6778064, 2
0.6353118, 0.4467857, 0.7732514, 2
0.7161598, 0.3614306, 0.4872103, 2
0.5481277, 0.5907639, 0.7331018, 2
0.6212852, 0.2914993, 0.4788085, 2
0.7652974, 0.5297568, 0.5516477, 2
0.3695183, 0.3042551, 0.5646392, 2
0.5438166, 0.3285504, 0.4214019, 2
0.8617169, 0.6183486, 0.6153615, 2
0.4941542, 0.2857209, 0.5462591, 2
0.700884, 0.473413, 0.8004692, 2
0.8723221, 0.5543974, 0.610207, 2
0.7152012, 0.6136112, 0.5680888, 2
0.5902118, 0.6118571, 0.7974357, 2
0.6273494, 0.6469375, 0.6248083, 2
0.7071043, 0.4275102, 0.5033243, 2
0.8331695, 0.5546624, 0.6466195, 2
0.7443246, 0.4800427, 0.8102368, 2
0.4424085, 0.1857373, 0.372986, 2
0.3602903, 0.2521929, 0.3106819, 2
0.5990704, 0.5031221, 0.4499494, 2
0.667746, 0.518796, 0.4353682, 2
0.5730443, 0.246421, 0.4754142, 2
0.6627976, 0.524822, 0.8339868, 2
0.7895576, 0.5088215, 0.8327356, 2
0.7753234, 0.4063595, 0.6774909, 2
0.480666, 0.536212, 0.6094589, 2
0.7419192, 0.6644805, 0.636156, 2
0.4813236, 0.2087194, 0.3798502, 2
0.5082868, 0.2495026, 0.4580783, 2
0.7258034, 0.4260561, 0.6325747, 2
0.3430756, 0.3089689, 0.3991905, 2
0.6292692, 0.6177973, 0.5766008, 2
0.6184375, 0.6349586, 0.6468961, 2
0.802495, 0.4317441, 0.7075022, 2
0.5317623, 0.4281976, 0.4288545, 2
0.3595689, 0.3108104, 0.4893261, 2
0.4701815, 0.3098974, 0.5938142, 2
0.4573424, 0.5163119, 0.6735687, 2
0.7024505, 0.344695, 0.5597992, 2
0.8987134, 0.5383614, 0.6664673, 2
0.6748826, 0.6664977, 0.6335194, 2
0.5489311, 0.4824321, 0.4434698, 2
0.5730521, 0.4763456, 0.4900109, 2
0.4611231, 0.2232356, 0.5203174, 2
0.34735, 0.368866, 0.5232119, 2
0.4626752, 0.3602471, 0.4071647, 2
0.5509408, 0.4857267, 0.4447459, 2
0.5729917, 0.3559737, 0.4085175, 2
0.5426965, 0.2757399, 0.470236, 2
0.5618621, 0.345036, 0.6136283, 2
0.4533979, 0.354008, 0.4068893, 2
0.7576035, 0.4203986, 0.5170617, 2
0.7035721, 0.584879, 0.8248298, 2
0.3827631, 0.3179795, 0.3708249, 2
0.7044352, 0.6429223, 0.5959302, 2
0.4263186, 0.1017771, 0.3208247, 2
0.7994197, 0.4783204, 0.7893118, 2
0.56959, 0.4637346, 0.4298865, 2
0.3287257, 0.3855276, 0.5388923, 2
0.6944664, 0.327966, 0.5430853, 2
0.7031572, 0.61049, 0.6352767, 2
0.753235, 0.4599415, 0.5390607, 2
0.442183, 0.5167056, 0.6632615, 2
0.8135792, 0.496971, 0.7640113, 2
0.8668093, 0.5571727, 0.6553796, 2
0.3193277, 0.3007917, 0.4551669, 2
0.8547378, 0.5376726, 0.6698711, 2
0.6440616, 0.661815, 0.6708166, 2
0.468773, 0.3104364, 0.586008, 2
0.5993301, 0.541536, 0.767332, 2
0.2993753, 0.2546756, 0.3813473, 2
0.7639169, 0.5142756, 0.5548024, 2
0.5505943, 0.4620259, 0.7708266, 2
0.318323, 0.2888688, 0.4739164, 2
0.7559848, 0.5036288, 0.7930697, 2
0.4679927, 0.2680487, 0.555041, 2
0.8425943, 0.5671124, 0.6252105, 2
0.4949645, 0.2226898, 0.4638686, 2
0.8295133, 0.5535806, 0.5963577, 2
0.4120531, 0.1312097, 0.3910013, 2
0.5343709, 0.4755713, 0.7438651, 2
0.5314174, 0.3410729, 0.420552, 2
0.7379141, 0.4246615, 0.7557007, 2
0.5010222, 0.5372085, 0.5930214, 2
0.8171607, 0.4327625, 0.7273848, 2
0.4323704, 0.3115224, 0.3630338, 2
0.8074596, 0.5188208, 0.8675708, 2
0.5284308, 0.3478831, 0.418451, 2
0.5148558, 0.3469768, 0.6432598, 2
0.65791, 0.4242755, 0.4722962, 2
0.6538619, 0.6541803, 0.6785451, 2
0.6455795, 0.2838807, 0.4483939, 2
0.3479929, 0.1628193, 0.4114924, 2
0.3562467, 0.1166908, 0.387552, 2
0.5368306, 0.2149434, 0.4375267, 2
0.7394219, 0.3850584, 0.5725144, 2
0.5128157, 0.439224, 0.4521291, 2
0.6786036, 0.4092728, 0.7292513, 2
0.8576933, 0.4798466, 0.7688373, 2
0.670762, 0.5150505, 0.5086441, 2
0.6889428, 0.3552244, 0.5906323, 2
0.642824, 0.3246185, 0.5264708, 2
0.6594705, 0.5988336, 0.5761844, 2
0.536625, 0.5849218, 0.7443835, 2
0.5390919, 0.3936382, 0.7034022, 2
0.6927658, 0.5729415, 0.4937414, 2
0.6139897, 0.4734538, 0.4494978, 2
0.8766133, 0.5280823, 0.774941, 2
0.8865898, 0.4573428, 0.7989795, 2
0.5258905, 0.4084658, 0.4143673, 2
0.3114429, 0.3008905, 0.4431409, 2
0.6177934, 0.5364096, 0.5381783, 2
0.8501872, 0.6331265, 0.6122944, 2
0.8952076, 0.507147, 0.8172811, 2
0.54944, 0.2567496, 0.4538428, 2
0.514196, 0.2716168, 0.3934786, 2
0.4649813, 0.3138358, 0.5956481, 2
0.7339576, 0.4067049, 0.5713416, 2
0.3099489, 0.2823543, 0.4507478, 2
0.6665162, 0.5979834, 0.5915165, 2
0.6290579, 0.6240616, 0.6305605, 2
0.38881, 0.1395267, 0.3103717, 2
0.4773204, 0.5070172, 0.7199559, 2
0.412621, 0.159016, 0.4425583, 2
0.4771236, 0.2584459, 0.4861769, 2
0.7821301, 0.6806214, 0.5850878, 2
0.5565153, 0.4636918, 0.4274872, 2
0.8337833, 0.5502467, 0.6555675, 2
0.4782632, 0.2229006, 0.4047671, 2
0.6598137, 0.5923965, 0.8183076, 2
0.8819079, 0.5311307, 0.7017916, 2
0.845314, 0.4739234, 0.6638539, 2
0.5211388, 0.344441, 0.6068816, 2
0.3795305, 0.162971, 0.3892601, 2
0.6365, 0.3512706, 0.5860464, 2
0.703653, 0.5727534, 0.4868984, 2
0.5988876, 0.5803295, 0.7282361, 2
0.6818056, 0.3935942, 0.6709743, 2
0.4026425, 0.1554941, 0.4294194, 2
0.6405947, 0.3479991, 0.6437858, 2
0.6605943, 0.6024218, 0.6212276, 2
0.4114546, 0.2956342, 0.5316044, 2
0.8947169, 0.5254432, 0.6983245, 2
0.7858188, 0.4349663, 0.5234432, 2
0.4093825, 0.2911572, 0.4960212, 2
0.7734661, 0.4671662, 0.5552722, 2
0.6815183, 0.6598976, 0.6254008, 2
0.7446619, 0.3826918, 0.573247, 2
0.6191956, 0.5917622, 0.7128367, 2
0.5825006, 0.4145176, 0.7167939, 2
0.6013747, 0.4914379, 0.4344117, 2
0.7721186, 0.4711608, 0.6864847, 2
0.6003913, 0.6873173, 0.7130307, 2
0.8852493, 0.5729463, 0.6335095, 2
0.5726902, 0.5411839, 0.524331, 2
0.579715, 0.2446094, 0.4263026, 2
0.686751, 0.6328296, 0.5894561, 2
0.5888061, 0.4303513, 0.749053, 2
0.4627092, 0.1938072, 0.5057215, 2
0.6888261, 0.3732128, 0.6333638, 2
0.6017601, 0.3115558, 0.5965007, 2
0.5485694, 0.5753728, 0.7623726, 2
0.6253584, 0.4769416, 0.793948, 2
0.7416272, 0.508615, 0.5376907, 2
0.592802, 0.5943848, 0.6929505, 2
0.661119, 0.544074, 0.8403307, 2
0.4911169, 0.5277845, 0.6885239, 2
0.5186673, 0.2736815, 0.5185575, 2
0.8109042, 0.5208519, 0.7955697, 2
0.4501515, 0.2222887, 0.4806713, 2
0.7181303, 0.5609074, 0.8137574, 2
0.301418, 0.3095782, 0.4523396, 2
0.5381241, 0.5825502, 0.7166185, 2
0.5872357, 0.4690594, 0.4417539, 2
0.4229051, 0.4099227, 0.583373, 2
0.581109, 0.3767276, 0.689862, 2
0.5004596, 0.295218, 0.588784, 2
0.4841314, 0.2020672, 0.506217, 2
0.7498634, 0.5735025, 0.8493371, 2
0.7172632, 0.3860346, 0.6646993, 2
0.5888953, 0.4559197, 0.7569168, 2
0.4851103, 0.4150349, 0.6380079, 2
0.6588873, 0.5822703, 0.8424227, 2
0.4196266, 0.182282, 0.2804365, 2
0.5507184, 0.568495, 0.8011324, 2
0.5726207, 0.5261093, 0.7859755, 2
0.3084068, 0.2915926, 0.4146322, 2
0.6860393, 0.3604071, 0.5246892, 2
0.3789505, 0.3267807, 0.3889548, 2
0.4263828, 0.3836506, 0.4887593, 2
0.6471432, 0.3352385, 0.5177097, 2
0.6029715, 0.4304136, 0.685805, 2
0.536463, 0.4854744, 0.4536777, 2
0.493547, 0.4241381, 0.6469492, 2
0.3307571, 0.2392808, 0.3342492, 2
0.5648094, 0.2855873, 0.4237596, 2
0.6507918, 0.5227999, 0.772786, 2
0.5688542, 0.652817, 0.7452086, 2
0.7757784, 0.553097, 0.5622965, 2
0.8281602, 0.5408091, 0.6662844, 2
0.6467522, 0.5616394, 0.5575299, 2
0.5935549, 0.5909122, 0.5864719, 2
0.5986538, 0.5137791, 0.7987452, 2
0.5302433, 0.5493674, 0.5776914, 2
0.8611462, 0.6713353, 0.6161685, 2
0.693342, 0.4310401, 0.675836, 2
0.5243463, 0.4283324, 0.4298612, 2
0.7008011, 0.3552246, 0.6549218, 2
0.3819652, 0.3189924, 0.5649105, 2
0.4742343, 0.183685, 0.3789961, 2
0.6467279, 0.5853716, 0.6268632, 2
0.6203491, 0.6396339, 0.6169444, 2
0.8654374, 0.6758196, 0.5947446, 2
0.4575914, 0.1382124, 0.2990761, 2
0.4276177, 0.3264821, 0.3856164, 2
0.6529487, 0.4267802, 0.6808158, 2
0.6377883, 0.2832311, 0.5243036, 2
0.6565073, 0.4458719, 0.4442825, 2
0.479111, 0.5618287, 0.6921316, 2
0.8867593, 0.5551715, 0.6602657, 2
0.6879008, 0.4584143, 0.7453594, 2
0.6231529, 0.5046231, 0.8034097, 2
0.4180704, 0.1430602, 0.3222799, 2
0.6049976, 0.6238258, 0.6363046, 2
0.7443592, 0.6244611, 0.6209947, 2
0.4657354, 0.137848, 0.3937314, 2
0.6383538, 0.3413104, 0.5932776, 2
0.8667109, 0.667487, 0.5954195, 2
0.4121108, 0.173716, 0.3933429, 2
0.5172817, 0.2138857, 0.3954972, 2
0.6841832, 0.6456903, 0.6226503, 2
0.5620499, 0.3063865, 0.429639, 2
0.7141837, 0.6376317, 0.6545873, 2
0.652763, 0.5261581, 0.8348212, 2
0.4613431, 0.2282257, 0.4897172, 2
0.5779211, 0.3352755, 0.5715633, 2
0.6527215, 0.4678798, 0.7543182, 2
0.5338532, 0.5895833, 0.7353647, 2
0.7306601, 0.6102107, 0.5792478, 2
0.4136171, 0.1948671, 0.3955294, 2
0.5104308, 0.1396449, 0.3548659, 2
0.8608701, 0.5212516, 0.829204, 2
0.6351821, 0.6266283, 0.5834323, 2
0.6128317, 0.4649239, 0.429061, 2
0.5466619, 0.5713902, 0.704035, 2
0.7089154, 0.4981832, 0.8349797, 2
0.3659998, 0.1065929, 0.3733868, 2
0.5898231, 0.2590256, 0.5128379, 2
0.6087967, 0.2804979, 0.4593161, 2
0.8218319, 0.5124109, 0.7715353, 2
0.4123152, 0.1390096, 0.3207568, 2
0.3745958, 0.1897628, 0.4480655, 2
0.6180419, 0.4437802, 0.4713843, 2
0.4757561, 0.1831441, 0.3963467, 2
0.7369715, 0.3588808, 0.4915707, 2
0.4534672, 0.53665, 0.6725785, 2
0.8087646, 0.4664785, 0.5439323, 2
0.4338528, 0.4913608, 0.6456081, 2
0.5693244, 0.2478214, 0.5550027, 2
0.8521754, 0.5944467, 0.6284583, 2
0.3909577, 0.1531193, 0.4268402, 2
0.5855395, 0.465406, 0.7239295, 2
0.5885133, 0.5379384, 0.5100258, 2
0.5926259, 0.3458815, 0.6177878, 2
0.6501098, 0.5966583, 0.5198133, 2
0.3594606, 0.2579887, 0.4016954, 2
0.3647662, 0.1256945, 0.3189818, 2
0.4413128, 0.2284541, 0.4550923, 2
0.5519275, 0.2768055, 0.5791549, 2
0.5497106, 0.4366088, 0.4772977, 2
0.4230945, 0.3397833, 0.3937573, 2
0.6766312, 0.5180284, 0.4355039, 2
0.9104271, 0.6147778, 0.6438101, 2
0.6637751, 0.5149701, 0.4992689, 2
0.7761317, 0.5239683, 0.8635603, 2
0.5900167, 0.4965139, 0.7532779, 2
0.6797708, 0.4984803, 0.4971191, 2
0.5438674, 0.4335122, 0.6977983, 2
0.4037274, 0.1715067, 0.4051015, 2
0.6101373, 0.5851219, 0.6992645, 2
0.4380792, 0.2515644, 0.4958524, 2
0.6260928, 0.4684044, 0.4396296, 2
0.7067534, 0.6011133, 0.5389521, 2
0.6448158, 0.4271795, 0.7354445, 2
0.4874676, 0.1912509, 0.3579164, 2
0.4882699, 0.3641342, 0.4058573, 2
0.6960983, 0.5436277, 0.8364407, 2
0.4303951, 0.243813, 0.3215802, 2
0.5713143, 0.5644339, 0.831993, 2
0.8307674, 0.6823686, 0.6019191, 2
0.9129973, 0.4967087, 0.7412091, 2
0.3203446, 0.3289519, 0.4937142, 2
0.5247874, 0.2970029, 0.6010838, 2
0.5990912, 0.2898887, 0.5343845, 2
0.802512, 0.6555545, 0.5981289, 2
0.8255057, 0.6606221, 0.5800004, 2
0.7045559, 0.6623692, 0.6715268, 2
0.5238927, 0.240492, 0.4149928, 2
0.4826037, 0.2035791, 0.5020183, 2
0.5293397, 0.427654, 0.4290022, 2
0.8073266, 0.486198, 0.5783604, 2
0.4622593, 0.4866774, 0.6095077, 2
0.625225, 0.4247066, 0.7262911, 2
0.7962998, 0.6716829, 0.6116613, 2
0.4170557, 0.4109611, 0.6085989, 2
0.5310194, 0.3517944, 0.4172921, 2
0.5409141, 0.5878097, 0.7396072, 2
0.7840326, 0.4596351, 0.8023086, 2
0.3930888, 0.3532118, 0.5511397, 2
0.8508356, 0.4706943, 0.7945697, 2
0.7858808, 0.4673007, 0.6572583, 2
0.3927767, 0.2953584, 0.4421224, 2
0.3237876, 0.2515889, 0.351668, 2
0.7397491, 0.5601375, 0.8504909, 2
0.4578255, 0.264457, 0.5065975, 2
0.2986047, 0.2279175, 0.3713301, 2
0.7033591, 0.5716457, 0.5250011, 2
0.3322818, 0.3195061, 0.4223284, 2
0.7346759, 0.4870124, 0.5268041, 2
0.6503353, 0.4212469, 0.7493469, 2
0.582548, 0.4607439, 0.7083448, 2
0.5417721, 0.2831612, 0.5482473, 2
0.5959036, 0.5629725, 0.4668923, 2
0.4462163, 0.3331235, 0.3845125, 2
0.6760889, 0.5257621, 0.5123377, 2
0.4498955, 0.516637, 0.7286199, 2
0.3444072, 0.3462996, 0.4476742, 2
0.7272671, 0.6676936, 0.6072356, 2
0.68487, 0.5624331, 0.8529145, 2
0.7833755, 0.4335292, 0.6333404, 2
0.3848176, 0.1340229, 0.3800471, 2
0.4400401, 0.5318539, 0.6655595, 2
0.568592, 0.2023757, 0.4222047, 2
0.6090622, 0.3672933, 0.6324521, 2
0.6298608, 0.5879185, 0.5278314, 2
0.483317, 0.5238831, 0.6441758, 2
0.8065686, 0.5102218, 0.8085737, 2
0.4893506, 0.2922788, 0.5902992, 2
0.7608972, 0.5390993, 0.5459041, 2
0.8339421, 0.4932835, 0.6373141, 2
0.4614523, 0.5005643, 0.6138841, 2
0.7972825, 0.4548213, 0.5851547, 2
0.5444476, 0.4751629, 0.7768179, 2
0.8105651, 0.4879416, 0.5478931, 2
0.4123479, 0.2887132, 0.4883693, 2
0.4570533, 0.5647745, 0.6546774, 2
0.3223856, 0.1424726, 0.4032121, 2
0.3231051, 0.33526, 0.4585628, 2
0.4107144, 0.3600243, 0.5582969, 2
0.4101987, 0.2901275, 0.4914108, 2
0.54931, 0.5857654, 0.788754, 2
0.8023804, 0.5076474, 0.7882391, 2
0.5906925, 0.4485156, 0.4418895, 2
0.8309559, 0.4948581, 0.7496069, 2
0.5267687, 0.3617406, 0.6635968, 2
0.6934208, 0.5780818, 0.497606, 2
0.7372031, 0.6730468, 0.6519881, 2
0.3562861, 0.3340428, 0.4694308, 2
0.4863789, 0.3826688, 0.4350995, 2
0.7714013, 0.4712768, 0.5671191, 2
0.7000135, 0.5151246, 0.7916222, 2
0.840802, 0.5425857, 0.5864619, 2
0.6586388, 0.3388948, 0.5123602, 2
0.5408703, 0.2669894, 0.5681087, 2
0.5285909, 0.6485288, 0.7746063, 2
0.7953711, 0.5472747, 0.5658986, 2
0.5636513, 0.6005752, 0.7231438, 2
0.7898375, 0.4419029, 0.6081499, 2
0.391524, 0.1256554, 0.3316654, 2
0.4005708, 0.2836099, 0.3309098, 2
0.7835229, 0.465232, 0.588518, 2
0.63735, 0.5409358, 0.4568124, 2
0.611693, 0.5500144, 0.5029504, 2
0.5893247, 0.5229456, 0.7593544, 2
0.3116768, 0.237242, 0.3789035, 2
0.639531, 0.6049355, 0.6025211, 2
0.7556902, 0.4194354, 0.7325654, 2
0.8678619, 0.6326489, 0.6263353, 2
0.7303343, 0.3741484, 0.6074435, 2
0.3325076, 0.08625622, 0.3789583, 2
0.6686059, 0.3549733, 0.6575431, 2
0.7652816, 0.6396375, 0.6188647, 2
0.5149935, 0.5748956, 0.7157329, 2
0.5093518, 0.3549676, 0.4084955, 2
0.5404959, 0.4985945, 0.7930243, 2
0.5453727, 0.3649343, 0.6322633, 2
0.6732441, 0.6219389, 0.5162601, 2
0.7084749, 0.4252933, 0.7372702, 2
0.4156569, 0.357058, 0.4364167, 2
0.6876281, 0.5439872, 0.4452185, 2
0.8106129, 0.4709559, 0.6092675, 2
0.4754765, 0.3058432, 0.5926156, 2
0.6932011, 0.4062008, 0.6680152, 2
0.2965721, 0.311208, 0.4642141, 2
0.5053548, 0.2143846, 0.5300381, 2
0.6125862, 0.5713707, 0.8028781, 2
0.7154235, 0.4187085, 0.6823263, 2
0.3992404, 0.2945432, 0.4895995, 2
0.5109113, 0.3904142, 0.4036219, 2
0.5652894, 0.6682411, 0.7363305, 2
0.6253912, 0.5266516, 0.4908035, 2
0.5701256, 0.2478209, 0.4211049, 2
0.6372524, 0.5812067, 0.8349612, 2
0.8128384, 0.5238837, 0.8733166, 2
0.5692184, 0.5628161, 0.780096, 2
0.714524, 0.4594005, 0.7084592, 2
0.4979881, 0.2492872, 0.5222967, 2
0.5600474, 0.3681584, 0.6402233, 2
0.9078086, 0.6171931, 0.6536192, 2
0.4477757, 0.1814248, 0.4818179, 2
0.6196815, 0.2498225, 0.4763177, 2
0.5636197, 0.5321797, 0.7455134, 2
0.4128677, 0.2974802, 0.5411867, 2
0.540334, 0.3261929, 0.6222162, 2
0.4699388, 0.3503619, 0.3947273, 2
0.7206228, 0.3332058, 0.5494488, 2
0.4228539, 0.1380151, 0.3098191, 2
0.6646979, 0.4929235, 0.7781618, 2
0.6252052, 0.5048023, 0.7698919, 2
0.5315139, 0.216837, 0.4265627, 2
0.5625997, 0.573526, 0.8035409, 2
0.6069353, 0.48802, 0.4262121, 2
0.4806337, 0.1836514, 0.4877718, 2
0.438628, 0.1684619, 0.2980553, 2
0.8463022, 0.4509404, 0.7821987, 2
0.6138234, 0.3367412, 0.6642762, 2
0.800945, 0.4967594, 0.7889501, 2
0.5666577, 0.4429776, 0.4091564, 2
0.5514643, 0.218968, 0.4251296, 2
0.7572715, 0.3665814, 0.5680774, 2
0.5590919, 0.5906264, 0.5975984, 2
0.4180457, 0.2930608, 0.349765, 2
0.561478, 0.2504044, 0.5610974, 2
0.6106085, 0.5593, 0.586032, 2
0.7571265, 0.5553278, 0.8379491, 2
0.3037749, 0.2768648, 0.4525884, 2
0.4016593, 0.1365265, 0.2777718, 2
0.7625717, 0.4703504, 0.7828263, 2
0.5309192, 0.5532569, 0.6977059, 2
0.6146546, 0.3177915, 0.6179803, 2
0.6594707, 0.374091, 0.6200503, 2
0.5036384, 0.5041455, 0.5834106, 2
0.4133186, 0.2219021, 0.3057832, 2
0.4087477, 0.1689832, 0.4355244, 2
0.9167785, 0.5040472, 0.7081087, 2
0.6705316, 0.4975636, 0.7665766, 2
0.7500235, 0.4307072, 0.5969346, 2
0.5752127, 0.6080688, 0.7169428, 2
0.8220687, 0.6471873, 0.5786806, 2
0.6461598, 0.5731838, 0.8269192, 2
0.3676847, 0.3649103, 0.5120878, 2
0.5321382, 0.5302419, 0.6761667, 2
0.686736, 0.5180619, 0.5145754, 2
0.6778023, 0.4547887, 0.7746137, 2
0.5806354, 0.4306263, 0.7337434, 2
0.7709017, 0.5101568, 0.7984865, 2
0.6067718, 0.4199854, 0.7173291, 2
0.8498776, 0.686388, 0.5811353, 2
0.560674, 0.5626615, 0.7588498, 2
0.6007925, 0.606071, 0.597104, 2
0.4572955, 0.5170677, 0.6737043, 2
0.8262951, 0.5280457, 0.5654761, 2
0.6184617, 0.2521214, 0.4437408, 2
0.4932306, 0.5934176, 0.6904499, 2
0.7914955, 0.4912183, 0.8422427, 2
0.541622, 0.5060971, 0.7169653, 2
0.5401439, 0.5839043, 0.7133431, 2
0.4866726, 0.232694, 0.4224542, 2
0.6374307, 0.4119105, 0.4505874, 2
0.7050918, 0.3745412, 0.5462772, 2
0.6214868, 0.3089447, 0.4396493, 2
0.5904825, 0.4886734, 0.8033243, 2
0.5947441, 0.4870667, 0.449641, 2
0.6716614, 0.3507369, 0.5315741, 2
0.3951639, 0.3049094, 0.3800473, 2
0.6404932, 0.4046476, 0.7227782, 2
0.6093763, 0.4821039, 0.74387, 2
0.591892, 0.5489042, 0.7710819, 2
0.7377258, 0.4038304, 0.5741006, 2
0.4237832, 0.1236103, 0.3342938, 2
0.5551081, 0.5779181, 0.8107068, 2
0.6618062, 0.3770865, 0.6294487, 2
0.5432384, 0.3419384, 0.6426067, 2
0.7552353, 0.4143526, 0.6820616, 2
0.883, 0.5131122, 0.8074051, 2
0.5653465, 0.4231551, 0.4059319, 2
0.5636801, 0.2721935, 0.5433324, 2
0.6317121, 0.5713608, 0.4967619, 2
0.4624018, 0.401689, 0.4649689, 2
0.4754404, 0.2109454, 0.5009354, 2
0.5800371, 0.3147899, 0.589252, 2
0.4273663, 0.2683226, 0.4767354, 2
0.6554951, 0.2968723, 0.5028595, 2
0.321369, 0.2832128, 0.4619618, 2
0.6073942, 0.4926503, 0.7637284, 2
0.6572037, 0.5203919, 0.436062, 2
0.7113581, 0.6286696, 0.5596816, 2
0.300404, 0.3225959, 0.478741, 2
0.6334674, 0.3285107, 0.5544848, 2
0.7249578, 0.4212254, 0.5524347, 2
0.300833, 0.2964731, 0.441393, 2
0.3247736, 0.2606955, 0.4021616, 2
0.5932368, 0.4630574, 0.4304024, 2
0.6499255, 0.5336897, 0.4414648, 2
0.6457619, 0.3923839, 0.6340394, 2
0.7839624, 0.4788178, 0.5484613, 2
0.6625594, 0.2780433, 0.4760458, 2
0.4313086, 0.122281, 0.3932006, 2
0.3892008, 0.2947922, 0.3567058, 2
0.7053291, 0.613914, 0.5415843, 2
0.7791605, 0.4724751, 0.6817195, 2
0.6308666, 0.5745439, 0.6127975, 2
0.4113092, 0.1542895, 0.2731613, 2
0.719021, 0.4237369, 0.6648479, 2
0.7816281, 0.6559346, 0.6310726, 2
0.5257101, 0.2864288, 0.5297679, 2
0.7012088, 0.5841085, 0.5397325, 2
0.4879417, 0.2868763, 0.5564361, 2
0.7647008, 0.4440095, 0.5884704, 2
0.6472885, 0.3534059, 0.6237042, 2
0.4667006, 0.5468522, 0.6265666, 2
0.8508795, 0.4988165, 0.7080389, 2
0.4268485, 0.1024837, 0.3493443, 2
0.4754069, 0.3735612, 0.6395104, 2
0.3527496, 0.1122106, 0.3411945, 2
0.7855275, 0.4184347, 0.7292511, 2
0.5300015, 0.3710304, 0.6876379, 2
0.74829, 0.5559754, 0.5654724, 2
0.6171014, 0.5593505, 0.8417273, 2
0.6595182, 0.5173703, 0.43308, 2
0.679601, 0.3197201, 0.5410897, 2
0.531061, 0.3365596, 0.6343477, 2
0.5985457, 0.5051283, 0.4523533, 2
0.6290129, 0.5387052, 0.5017403, 2
0.7922584, 0.5447701, 0.591384, 2
0.8610511, 0.6488949, 0.6422516, 2
0.5748054, 0.3350882, 0.6397741, 2
0.4316862, 0.2935967, 0.5182621, 2
0.63399, 0.3875215, 0.6594053, 2
0.3014985, 0.3133936, 0.4965449, 2
0.5974457, 0.5785307, 0.8473323, 2
0.7919962, 0.5049008, 0.8077908, 2
0.5279173, 0.3186209, 0.5838334, 2
0.5592565, 0.5018501, 0.4806833, 2
0.7831988, 0.6715994, 0.630332, 2
0.4983503, 0.238355, 0.4306138, 2
0.8228957, 0.6082555, 0.5936369, 2
0.6194187, 0.4869598, 0.814557, 2
0.6844581, 0.3641906, 0.686057, 2
0.3840827, 0.2979142, 0.4750604, 2
0.6486796, 0.5784246, 0.573345, 2
0.5369768, 0.319794, 0.5736443, 2
0.378834, 0.3063988, 0.4541301, 2
0.5254586, 0.2437444, 0.4060457, 2
0.6363309, 0.4231436, 0.4623876, 2
0.5823808, 0.4736739, 0.4290356, 2
0.5914056, 0.4738006, 0.7269871, 2
0.5396343, 0.5818709, 0.5921047, 2
0.3343779, 0.3073328, 0.4472847, 2
0.4130215, 0.1604553, 0.3621107, 2
0.5954465, 0.4921665, 0.459565, 2
0.8035572, 0.4794345, 0.7174001, 2
0.7525693, 0.4390618, 0.5711161, 2
0.6802319, 0.4652015, 0.4547138, 2
0.5286196, 0.5234929, 0.7947672, 2
0.3588982, 0.1586438, 0.3769393, 2
0.7974386, 0.3917514, 0.5973536, 2
0.6169965, 0.6367316, 0.6140029, 2
0.5900155, 0.610661, 0.7087119, 2
0.5651116, 0.5198491, 0.7893915, 2
0.6264538, 0.3846675, 0.6932577, 2
0.8172741, 0.6777893, 0.6093045, 2
0.5805541, 0.3764952, 0.4409987, 2
0.4631926, 0.2330857, 0.4868148, 2
0.6807027, 0.5408074, 0.8625174, 2
0.4582332, 0.2762149, 0.5355939, 2
0.4991974, 0.4172906, 0.4522609, 2
0.8368555, 0.4889878, 0.6604989, 2
0.6270343, 0.6412491, 0.6138955, 2
0.5149483, 0.5165198, 0.7626898, 2
0.8853539, 0.5280669, 0.6694523, 2
0.3782604, 0.2507675, 0.4129105, 2
0.4839672, 0.2452895, 0.5270416, 2
0.8211747, 0.6216371, 0.5999051, 2
0.4351642, 0.4024889, 0.4962587, 2
0.8803514, 0.6425567, 0.6046502, 2
0.6366189, 0.5596502, 0.7264071, 2
0.4268762, 0.4123715, 0.5418769, 2
0.4483296, 0.2523677, 0.5297295, 2
0.4681394, 0.1476808, 0.3073133, 2
0.6131108, 0.5459683, 0.5050773, 2
0.6064174, 0.4881788, 0.7934433, 2
0.8784325, 0.6116449, 0.6086187, 2
0.6888603, 0.4650277, 0.7839887, 2
0.6680579, 0.4707883, 0.4400042, 2
0.3219613, 0.1203865, 0.3748084, 2
0.5749852, 0.2263562, 0.436507, 2
0.8818248, 0.5647375, 0.6901788, 2
0.7506669, 0.4272826, 0.741618, 2
0.2970016, 0.3447151, 0.5412355, 2
0.5242712, 0.335638, 0.6166616, 2
0.4140131, 0.3618121, 0.4533067, 2
0.8101906, 0.4842042, 0.6769769, 2
0.6796315, 0.4414876, 0.7008913, 2
0.4112134, 0.3041417, 0.5558363, 2
0.8092148, 0.5036315, 0.5526329, 2
0.7876696, 0.5463197, 0.8225488, 2
0.5063027, 0.3730533, 0.3957806, 2
0.6689336, 0.4117817, 0.5047882, 2
0.303037, 0.2473515, 0.3950732, 2
0.4909863, 0.4286966, 0.4849086, 2
0.482072, 0.2183362, 0.5440474, 2
0.7700622, 0.5013586, 0.5533084, 2
0.385147, 0.3451792, 0.5436023, 2
0.5772198, 0.3832586, 0.6561903, 2
0.5914241, 0.5545418, 0.4787389, 2
0.7756168, 0.4413869, 0.6216491, 2
0.4296421, 0.1958536, 0.4856287, 2
0.3067015, 0.2382286, 0.3815703, 2
0.652682, 0.4527072, 0.7546428, 2
0.9180942, 0.5852733, 0.6424705, 2
0.5628003, 0.3132952, 0.5620626, 2
0.5932985, 0.3081759, 0.5972545, 2
0.2897554, 0.3124356, 0.4788066, 2
0.4268419, 0.1335685, 0.318111, 2
0.3809777, 0.3461592, 0.4167447, 2
0.6740531, 0.3117872, 0.513298, 2
0.8995425, 0.6140867, 0.6132605, 2
0.5227908, 0.5034699, 0.7775798, 2
0.6207314, 0.315176, 0.5662802, 2
0.6636153, 0.5149633, 0.4299133, 2
0.5989819, 0.5999814, 0.6088738, 2
0.3841297, 0.3017625, 0.4854716, 2
0.5545933, 0.494327, 0.464575, 2
0.3996465, 0.1868551, 0.4375647, 2
0.6360324, 0.4410603, 0.7744526, 2
0.7144079, 0.6373803, 0.6019116, 2
0.9024353, 0.4842857, 0.772621, 2
0.6903213, 0.5378322, 0.5293362, 2
0.4927548, 0.2812069, 0.5806291, 2
0.3585358, 0.3801325, 0.5070522, 2
0.4317648, 0.4683379, 0.6261569, 2
0.4642124, 0.407538, 0.4911491, 2
0.44412, 0.1517606, 0.4302109, 2
0.7459428, 0.4802142, 0.7547561, 2
0.4761923, 0.5014679, 0.7194265, 2
0.5875844, 0.590233, 0.7451516, 2
0.6918474, 0.4076478, 0.4897627, 2
0.5502302, 0.1843732, 0.4037271, 2
0.4452114, 0.4036171, 0.4881926, 2
0.8505201, 0.5450078, 0.6989373, 2
0.7039106, 0.6488471, 0.5841556, 2
0.6912599, 0.4720704, 0.8081534, 2
0.5162479, 0.6088288, 0.6696442, 2
0.7914416, 0.5100259, 0.7920554, 2
0.7531239, 0.5754049, 0.5746207, 2
0.7201326, 0.5944625, 0.5917057, 2
0.7018064, 0.4439682, 0.7147918, 2
0.585889, 0.3054292, 0.5568964, 2
0.8330032, 0.4763605, 0.7234268, 2
0.5809546, 0.5919458, 0.8316668, 2
0.5277962, 0.4641107, 0.7194109, 2
0.7470058, 0.4728444, 0.7464871, 2
0.8000455, 0.4417186, 0.6116381, 2
0.709666, 0.3345212, 0.5464802, 2
0.6392694, 0.5647153, 0.520919, 2
0.4390104, 0.533917, 0.654479, 2
0.2999445, 0.2450722, 0.3919738, 2
0.5497947, 0.568294, 0.7778445, 2
0.7704183, 0.6733761, 0.5928106, 2
0.8350972, 0.5517698, 0.5746351, 2
0.5431073, 0.3626572, 0.4141445, 2
0.6117448, 0.5691578, 0.5724977, 2
0.4655247, 0.1310098, 0.3219988, 2
0.501497, 0.4455125, 0.6436091, 2
0.6362116, 0.5843993, 0.5180984, 2
0.904854, 0.4873616, 0.7709131, 2
0.7313518, 0.6149038, 0.5988504, 2
0.7116083, 0.4393816, 0.693042, 2
0.3322486, 0.1725259, 0.3735939, 2
0.5416796, 0.5569676, 0.6834732, 2
0.9121433, 0.4963979, 0.7239138, 2
0.535512, 0.2969981, 0.6068403, 2
0.4696416, 0.2865543, 0.5561379, 2
0.4823408, 0.5636306, 0.7706244, 2
0.4171142, 0.2021623, 0.4315093, 2
0.3989501, 0.1740536, 0.4175396, 2
0.2931975, 0.3326796, 0.5391171, 2
0.6918123, 0.3852458, 0.6845039, 2
0.6854767, 0.3669424, 0.6801548, 2
0.6208255, 0.4155428, 0.4235483, 2
0.5665513, 0.3579152, 0.4112732, 2
0.4774275, 0.2307979, 0.4485208, 2
0.5671813, 0.29502, 0.5226647, 2
0.5849003, 0.5113537, 0.4712915, 2
0.5494246, 0.2845526, 0.5455161, 2
0.5245368, 0.3949659, 0.4088332, 2
0.7838491, 0.4356483, 0.5268944, 2
0.8550391, 0.6161759, 0.5961437, 2
0.5540729, 0.351036, 0.6588349, 2
0.4940934, 0.4768004, 0.5722442, 2
0.6626014, 0.5235404, 0.7740318, 2
0.8458003, 0.4952589, 0.7310129, 2
0.6683248, 0.372392, 0.6676579, 2
0.3077995, 0.1322475, 0.3956526, 2
0.4664406, 0.5758905, 0.7432597, 2
0.5456637, 0.5901209, 0.776351, 2
0.6216763, 0.3581513, 0.4426737, 2
0.8821626, 0.5775684, 0.6920508, 2
0.5008224, 0.4674648, 0.4670182, 2
0.7175617, 0.4119998, 0.4966099, 2
0.6677183, 0.5129001, 0.4539945, 2
0.6709065, 0.4406854, 0.4550871, 2
0.6128173, 0.4435078, 0.7045453, 2
0.4785359, 0.2738164, 0.5264083, 2
0.5836064, 0.2944971, 0.5064028, 2
0.5586486, 0.341626, 0.6621678, 2
0.5363968, 0.4380794, 0.7037315, 2
0.4724634, 0.414398, 0.5168797, 2
0.5549554, 0.5901119, 0.6938996, 2
0.6733664, 0.3190595, 0.5550343, 2
0.6016477, 0.4450826, 0.7291997, 2
0.5325083, 0.2944383, 0.5231583, 2
0.6116676, 0.3180801, 0.5250529, 2
0.8452635, 0.4904284, 0.8080628, 2
0.4631548, 0.5687001, 0.7441531, 2
0.8715172, 0.6184753, 0.6685442, 2
0.5153662, 0.3751646, 0.6678417, 2
0.8081225, 0.609673, 0.5860183, 2
0.4149488, 0.1539577, 0.4076202, 2
0.4534263, 0.5299463, 0.6407941, 2
0.3758201, 0.1212935, 0.3945456, 2
0.8044714, 0.49148, 0.6333961, 2
0.4497732, 0.211188, 0.5168452, 2
0.518407, 0.1672848, 0.3628165, 2
0.8047409, 0.6309586, 0.5756387, 2
0.5726435, 0.5821043, 0.7640402, 2
0.4706629, 0.188515, 0.3432975, 2
0.8698009, 0.5412645, 0.6889827, 2
0.5796494, 0.3159591, 0.608026, 2
0.6141596, 0.2565676, 0.4361969, 2
0.7121689, 0.5370111, 0.8503404, 2
0.7169073, 0.6340486, 0.6271964, 2
0.6610786, 0.4045858, 0.7221472, 2
0.735553, 0.5915661, 0.5694901, 2
0.3921792, 0.227885, 0.4250021, 2
0.9047824, 0.5652871, 0.6686398, 2
0.4878806, 0.3519797, 0.3922069, 2
0.5398949, 0.4913042, 0.4580679, 2
0.6296523, 0.6372253, 0.6787841, 2
0.5466538, 0.3886279, 0.4046822, 2
0.6005014, 0.6145134, 0.8141624, 2
0.6172555, 0.3048619, 0.512966, 2
0.7090855, 0.5888788, 0.5277086, 2
0.7536307, 0.5471401, 0.8460487, 2
0.5090975, 0.4342451, 0.4561583, 2
0.4637537, 0.159478, 0.4272974, 2
0.5381707, 0.4487737, 0.4663307, 2
0.8771896, 0.5047768, 0.7596223, 2
0.4118984, 0.1363826, 0.3495759, 2
0.36261, 0.2370781, 0.3897672, 2
0.8288784, 0.4964026, 0.8606055, 2
0.8645807, 0.5121464, 0.6453643, 2
0.5445125, 0.3660631, 0.6322778, 2
0.797517, 0.4627936, 0.5641651, 2
0.3144244, 0.3019327, 0.5233307, 2
0.7089338, 0.5921043, 0.5312569, 2
0.7407402, 0.5528604, 0.821722, 2
0.3248027, 0.09676866, 0.3703753, 2
0.6307213, 0.5182034, 0.5377069, 2
0.7159882, 0.4234895, 0.7105533, 2
0.4891347, 0.5316141, 0.6436232, 2
0.6924204, 0.5937473, 0.5638878, 2
0.5880735, 0.4683697, 0.4479521, 2
0.4545853, 0.2832455, 0.5350924, 2
0.515298, 0.2391107, 0.4729025, 2
0.8439072, 0.4460094, 0.7636039, 2
0.6036083, 0.5746036, 0.7619802, 2
0.3685158, 0.3472562, 0.5053384, 2
0.50748, 0.247155, 0.3677842, 2
0.8972183, 0.5595691, 0.6886677, 2
0.847632, 0.517429, 0.6751527, 2
0.8938059, 0.5372898, 0.6565824, 2
0.6213443, 0.4433479, 0.722488, 2
0.7278168, 0.5258173, 0.8087276, 2
0.3513273, 0.3056498, 0.38818, 2
0.6039824, 0.4792146, 0.470585, 2
0.6679868, 0.3190009, 0.4883424, 2
0.323629, 0.2723245, 0.371867, 2
0.3706844, 0.2695971, 0.4215133, 2
0.5572735, 0.2494918, 0.4155785, 2
0.5807061, 0.4952429, 0.4687046, 2
0.5467104, 0.5646266, 0.6896224, 2
0.5625989, 0.6133572, 0.7994927, 2
0.656764, 0.637348, 0.6552817, 2
0.4056451, 0.1876656, 0.2811454, 2
0.5692562, 0.2307869, 0.4398686, 2
0.7426001, 0.3996856, 0.5138924, 2
0.6081734, 0.2926894, 0.4603539, 2
0.7075003, 0.3898693, 0.5167627, 2
0.806203, 0.6185372, 0.5888446, 2
0.3374337, 0.2697332, 0.4123439, 2
0.5192538, 0.2230417, 0.465487, 2
0.6211057, 0.6087167, 0.575238, 2
0.6660492, 0.3081839, 0.502253, 2
0.6668742, 0.3110268, 0.4668116, 2
0.7059588, 0.4180237, 0.6752471, 2
0.6596411, 0.3041642, 0.4693229, 2
0.5834077, 0.4720882, 0.477686, 2
0.6857106, 0.5288976, 0.5259551, 2
0.5438893, 0.4267774, 0.4655556, 2
0.4609464, 0.2300862, 0.5176076, 2
0.3300566, 0.3641567, 0.4961503, 2
0.8822764, 0.5124887, 0.6913074, 2
0.4925869, 0.2480506, 0.4680463, 2
0.4337873, 0.3620501, 0.4337459, 2
0.4388272, 0.1705086, 0.3640331, 2
0.6482008, 0.4647613, 0.5043537, 2
0.339612, 0.08735674, 0.3810987, 2
0.6382948, 0.668074, 0.7357315, 2
0.6308829, 0.3144216, 0.552416, 2
0.6440827, 0.3145579, 0.5330679, 2
0.7204913, 0.5709771, 0.5726057, 2
0.5103868, 0.1614896, 0.3969599, 2
0.6674133, 0.3242517, 0.4637319, 2
0.5269973, 0.2248635, 0.4467998, 2
0.5267265, 0.1991662, 0.4630042, 2
0.7035283, 0.5764953, 0.5276748, 2
0.5698441, 0.5707662, 0.5554433, 2
0.3107587, 0.2799479, 0.3923365, 2
0.6608043, 0.4123378, 0.7368162, 2
0.5888844, 0.4704874, 0.4388139, 2
0.5652627, 0.5834242, 0.7880276, 2
0.8561453, 0.5756471, 0.6839255, 2
0.4946233, 0.1906565, 0.3904881, 2
0.758804, 0.4016954, 0.6774224, 2
0.8548735, 0.4872536, 0.8535408, 2
0.5518678, 0.4470713, 0.481044, 2
0.598641, 0.5847307, 0.7328047, 2
0.6882575, 0.5051555, 0.4523182, 2
0.6441841, 0.5862948, 0.8543655, 2
0.5705155, 0.426549, 0.403732, 2
0.8147044, 0.488806, 0.6362875, 2
0.511989, 0.2823143, 0.5166758, 2
0.5071766, 0.474407, 0.7096815, 2
0.5120975, 0.2841038, 0.5715655, 2
0.7214523, 0.4736834, 0.5234463, 2
0.8606257, 0.5902587, 0.59569, 2
0.3453973, 0.349559, 0.451418, 2
0.6644695, 0.6858826, 0.7434012, 2
0.5614673, 0.6025268, 0.6409375, 2
0.4367503, 0.4901302, 0.648148, 2
0.5697666, 0.5694745, 0.7455609, 2
0.7044508, 0.3096898, 0.5458153, 2
0.7668263, 0.4948597, 0.7696453, 2
0.5613678, 0.1772933, 0.4113492, 2
0.461261, 0.414722, 0.5282908, 2
0.5359461, 0.1822995, 0.459813, 2
0.5548788, 0.4366558, 0.6988441, 2
0.5966607, 0.4897354, 0.7736704, 2
0.4614148, 0.5731199, 0.6605538, 2
0.7165315, 0.4654169, 0.5186859, 2
0.4545978, 0.2753569, 0.5311045, 2
0.4365497, 0.3627605, 0.4494824, 2
0.6301368, 0.5901902, 0.8554762, 2
0.4720261, 0.4123847, 0.4750712, 2
0.2914055, 0.3435951, 0.5191198, 2
0.2898645, 0.225293, 0.3641403, 2
0.7407175, 0.6718976, 0.6070142, 2
0.5653516, 0.2566435, 0.4852586, 2
0.5829996, 0.2497986, 0.5355996, 2
0.7971252, 0.5072228, 0.6142917, 2
0.5468534, 0.272393, 0.485169, 2
0.6057438, 0.5583844, 0.6852825, 2
0.6337062, 0.6664385, 0.7383072, 2
0.6896042, 0.5432915, 0.4968005, 2
0.5803775, 0.6179006, 0.7813082, 2
0.6317388, 0.3898018, 0.7088245, 2
0.5288029, 0.2658713, 0.4804845, 2
0.5774948, 0.299361, 0.5692372, 2
0.6973845, 0.5695885, 0.5101289, 2
0.5413068, 0.1829326, 0.4366935, 2
0.5495919, 0.2653969, 0.5007021, 2
0.8617367, 0.6762685, 0.590191, 2
0.8072715, 0.4646531, 0.7548059, 2
0.532888, 0.1768621, 0.4054072, 2
0.2960037, 0.2172353, 0.3487506, 2
0.5720314, 0.4429536, 0.7591746, 2
0.5672392, 0.2510754, 0.4797034, 2
0.464664, 0.2697934, 0.5329237, 2
0.6946743, 0.4968663, 0.8188051, 2
0.5225382, 0.6074609, 0.694043, 2
0.8038897, 0.5454803, 0.8457381, 2
0.5639343, 0.5823721, 0.5711207, 2
0.3425339, 0.3393698, 0.5199284, 2
0.4977776, 0.5363838, 0.5959556, 2
0.822052, 0.4787227, 0.79809, 2
0.6649966, 0.4361444, 0.4515367, 2
0.6483914, 0.555015, 0.4660409, 2
0.8092391, 0.4453266, 0.6092587, 2
0.439996, 0.3206912, 0.5791625, 2
0.8113679, 0.6532919, 0.580964, 2
0.7438387, 0.6597745, 0.6334829, 2
0.7038861, 0.3311125, 0.4627849, 2
0.3658524, 0.1300804, 0.3308754, 2
0.7374213, 0.6406895, 0.58608, 2
0.4850756, 0.2092195, 0.5147068, 2
0.6074259, 0.3056051, 0.5959929, 2
0.5853216, 0.4634866, 0.4527972, 2
0.5543883, 0.2656349, 0.5514329, 2
0.6371666, 0.4833876, 0.4435128, 2
0.6091809, 0.2522525, 0.4955654, 2
0.689967, 0.3276956, 0.5740678, 2
0.5371515, 0.3148795, 0.4201041, 2
0.8040169, 0.4083536, 0.6455866, 2
0.5312514, 0.3373241, 0.6355027, 2
0.6827118, 0.541496, 0.4434857, 2
0.7349926, 0.4529986, 0.7223308, 2
0.568279, 0.4974562, 0.4645528, 2
0.7025394, 0.5308424, 0.5644553, 2
0.6737813, 0.3298009, 0.4977957, 2
0.6776884, 0.3606683, 0.463145, 2
0.2996825, 0.319862, 0.5002838, 2
0.7655011, 0.5632516, 0.8603863, 2
0.4523531, 0.2500035, 0.5416284, 2
0.7846086, 0.4794727, 0.5627496, 2
0.7849918, 0.515187, 0.7883742, 2
0.4879194, 0.5094982, 0.6763304, 2
0.4146647, 0.3471984, 0.4088421, 2
0.4116778, 0.2945443, 0.5254154, 2
0.415862, 0.2914785, 0.5141691, 2
0.5010291, 0.4604664, 0.7099555, 2
0.6019472, 0.5390479, 0.7971793, 2
0.5619052, 0.3338001, 0.6433104, 2
0.6435819, 0.532877, 0.48605, 2
0.7103943, 0.6010476, 0.5966914, 2
0.5303243, 0.4770927, 0.4486262, 2
0.8320791, 0.5123653, 0.6247556, 2
0.6888646, 0.6774092, 0.6586084, 2
0.8632185, 0.5369391, 0.753913, 2
0.4824268, 0.3577496, 0.3958956, 2
0.5165557, 0.4893295, 0.7702813, 2
0.3200585, 0.1423937, 0.3868437, 2
0.6318436, 0.5710624, 0.495789, 2
0.6904655, 0.3685538, 0.6816934, 2
0.5015816, 0.5540155, 0.6976094, 2
0.4148262, 0.2196977, 0.4674411, 2
0.4136138, 0.3836132, 0.5109637, 2
0.5852876, 0.6193146, 0.6531393, 2
0.7097272, 0.4490434, 0.7757665, 2
0.6055941, 0.505734, 0.4534052, 2
0.7363991, 0.6705152, 0.6081704, 2
0.6564922, 0.3078976, 0.512118, 2
0.4773567, 0.389535, 0.6541229, 2
0.5525598, 0.4736126, 0.7388445, 2
0.6237806, 0.5576217, 0.5317856, 2
0.5015238, 0.4712237, 0.5602139, 2
0.580904, 0.2887104, 0.5807558, 2
0.6298376, 0.4306363, 0.7616183, 2
0.6843839, 0.5481327, 0.8459789, 2
0.6155103, 0.4506101, 0.7853484, 2
0.622499, 0.4295977, 0.7585818, 2
0.3317184, 0.2804109, 0.4267826, 2
0.4713547, 0.5383126, 0.6612369, 2
0.4432465, 0.3122252, 0.5717814, 2
0.8095403, 0.4644793, 0.6012468, 2
0.5340121, 0.2085125, 0.4251407, 2
0.8996872, 0.6239322, 0.6501418, 2
0.6083803, 0.5876829, 0.7582437, 2
0.6389933, 0.5312096, 0.8064299, 2
0.8674526, 0.4968954, 0.7689704, 2
0.4974265, 0.3942558, 0.6781695, 2
0.6894961, 0.3181578, 0.4552567, 2
0.7488673, 0.6785173, 0.624102, 2
0.5000678, 0.2540659, 0.5078018, 2
0.7566016, 0.3845331, 0.6166709, 2
0.5505231, 0.3811132, 0.6945165, 2
0.5519359, 0.443435, 0.4818006, 2
0.5765548, 0.3466322, 0.6287983, 2
0.7298653, 0.3405042, 0.5957263, 2
0.7674464, 0.553885, 0.8520331, 2
0.3252606, 0.258087, 0.4197574, 2
0.8107903, 0.4552536, 0.7386158, 2
0.7881727, 0.6819237, 0.5743309, 2
0.7218951, 0.6750326, 0.643059, 2
0.3793402, 0.359589, 0.5125352, 2
0.6143358, 0.4966257, 0.460366, 2
0.3996336, 0.1191951, 0.4038724, 2
0.5047606, 0.2984968, 0.5905619, 2
0.6269591, 0.4889339, 0.8078673, 2
0.8504539, 0.536819, 0.7296917, 2
0.4445853, 0.2238613, 0.5353791, 2
0.7164814, 0.3662304, 0.5926463, 2
0.4809439, 0.2878957, 0.5639108, 2
0.4107613, 0.2636357, 0.3337735, 2
0.4474721, 0.4187357, 0.545442, 2
0.5211425, 0.2505372, 0.4378617, 2
0.5767143, 0.5350034, 0.6826335, 2
0.6656356, 0.6031737, 0.62939, 2
0.4718553, 0.3937548, 0.4527468, 2
0.4791547, 0.4127274, 0.6273239, 2
0.6726822, 0.4013589, 0.6225424, 2
0.3646968, 0.3574827, 0.4605287, 2
0.5639892, 0.3903357, 0.7022265, 2
0.5870037, 0.4988554, 0.7697015, 2
0.430725, 0.4475894, 0.6177703, 2
0.8213509, 0.4499681, 0.625681, 2
0.375992, 0.2893488, 0.5654918, 2
0.4669278, 0.2019656, 0.3740101, 2
0.9205406, 0.5808618, 0.6466993, 2
0.549668, 0.5933326, 0.7733854, 2
0.5165784, 0.4001653, 0.4087273, 2
0.4077414, 0.1923753, 0.2844242, 2
0.5052732, 0.395211, 0.4219956, 2
0.6538241, 0.4356373, 0.5240956, 2
0.7753281, 0.4388427, 0.7047963, 2
0.3942074, 0.3561886, 0.5534899, 2
0.5638723, 0.3208385, 0.6023484, 2
0.6748282, 0.5109454, 0.5577416, 2
0.6609876, 0.5448481, 0.5248041, 2
0.7030999, 0.50968, 0.8180986, 2
0.66384, 0.3268385, 0.4955041, 2
0.6333898, 0.2763659, 0.4395322, 2
0.4649217, 0.1883755, 0.4971789, 2
0.3768475, 0.1101918, 0.3873217, 2
0.4316438, 0.2910816, 0.5230774, 2
0.5119883, 0.3932639, 0.404671, 2
0.6390224, 0.4871106, 0.4446421, 2
0.4910505, 0.4807064, 0.7213103, 2
0.4649039, 0.5661088, 0.6426067, 2
0.8085729, 0.4681963, 0.6806867, 2
0.7673445, 0.4188718, 0.6515814, 2
0.37363, 0.190966, 0.4433931, 2
0.5995875, 0.5198309, 0.4685475, 2
0.6180145, 0.6470804, 0.6405748, 2
0.6566962, 0.3625917, 0.5863904, 2
0.7243633, 0.5363271, 0.5584184, 2
0.6239188, 0.3083339, 0.5495086, 2
0.332113, 0.3068052, 0.4598677, 2
0.6009931, 0.5807253, 0.5402656, 2
0.6435445, 0.4263926, 0.6906208, 2
0.7314761, 0.5882774, 0.5727353, 2
0.4138545, 0.337669, 0.4119754, 2
0.496044, 0.5590604, 0.6939615, 2
0.803534, 0.6683639, 0.6312619, 2
0.5828177, 0.3788412, 0.4425288, 2
0.6161889, 0.4202268, 0.7058539, 2
0.587406, 0.4521956, 0.4359276, 2
0.596512, 0.4427229, 0.4255884, 2
0.8231264, 0.5886866, 0.5933938, 2
0.8729678, 0.4842523, 0.6790118, 2
0.3038962, 0.2541199, 0.4108248, 2
0.5871345, 0.4913197, 0.7892937, 2
0.7045139, 0.5885206, 0.5372512, 2
0.6381359, 0.5809225, 0.5303147, 2
0.6885052, 0.4459648, 0.7818725, 2
0.4102685, 0.3102107, 0.366657, 2
0.602242, 0.5456877, 0.7197991, 2
0.5120013, 0.3094743, 0.5800761, 2
0.7697977, 0.4192923, 0.7315464, 2
0.6674659, 0.2904572, 0.5042866, 2
0.3807597, 0.3202364, 0.3801178, 2
0.7214649, 0.4944918, 0.8017504, 2
0.5918087, 0.5731398, 0.7305842, 2
0.8127236, 0.4474782, 0.6973141, 2
0.735415, 0.4982291, 0.5346853, 2
0.9061226, 0.5540491, 0.6511708, 2
0.573918, 0.3711054, 0.6828855, 2
0.475049, 0.4012589, 0.4523337, 2
0.3853128, 0.2689684, 0.4300947, 2
0.7302147, 0.4060229, 0.5682606, 2
0.4375356, 0.4078754, 0.5904566, 2
0.6042627, 0.4841903, 0.426105, 2
0.5160861, 0.329888, 0.60807, 2
0.7159202, 0.4898843, 0.8101914, 2
0.3932763, 0.3518392, 0.5580521, 2
0.6089501, 0.4775133, 0.4242386, 2
0.6280624, 0.550263, 0.5654426, 2
0.3928662, 0.3627588, 0.4662667, 2
0.6027126, 0.592426, 0.819505, 2
0.7737967, 0.4318472, 0.6400218, 2
0.7856146, 0.4092267, 0.6354417, 2
0.6154265, 0.3619614, 0.6159878, 2
0.5746452, 0.2978284, 0.4313868, 2
0.5497386, 0.4418311, 0.4111465, 2
0.7242985, 0.5271888, 0.5503837, 2
0.4556838, 0.1670745, 0.3563143, 2
0.6875318, 0.4781216, 0.4504192, 2
0.5677208, 0.4972222, 0.4644756, 2
0.349732, 0.1477605, 0.3461444, 2
0.5482046, 0.4805501, 0.4425153, 2
0.5503426, 0.4586048, 0.4224175, 2
0.4216283, 0.2116138, 0.4968989, 2
0.5950387, 0.3467041, 0.5739466, 2
0.5750292, 0.6125825, 0.6336586, 2
0.4268973, 0.2449403, 0.4729559, 2
0.6930899, 0.5968448, 0.6059552, 2
0.4836981, 0.2492621, 0.5229049, 2
0.5129278, 0.4040446, 0.4183425, 2
0.8272045, 0.5849367, 0.6222619, 2
0.903518, 0.5049697, 0.7869939, 2
0.4360876, 0.1966494, 0.4525241, 2
0.6123151, 0.5709295, 0.5149264, 2
0.4159299, 0.3244018, 0.5575511, 2
0.5521585, 0.272023, 0.5653995, 2
0.7614672, 0.5460913, 0.8498051, 2
0.3789742, 0.1214682, 0.4025965, 2
0.3643699, 0.298381, 0.4418988, 2
0.5309314, 0.5228826, 0.7507991, 2
0.5112144, 0.5780604, 0.6940227, 2
0.7158617, 0.3784475, 0.6020206, 2
0.7053564, 0.6764082, 0.6442789, 2
0.62534, 0.3981258, 0.4304997, 2
0.5270288, 0.2336031, 0.3797879, 2
0.6420492, 0.419995, 0.4359148, 2
0.5892955, 0.5605101, 0.6975783, 2
0.8466906, 0.5016596, 0.7605237, 2
0.3184152, 0.2793283, 0.4570096, 2
0.6153941, 0.565278, 0.5194221, 2
0.5369898, 0.5865278, 0.7262535, 2
0.7160473, 0.388503, 0.505043, 2
0.3769075, 0.2254878, 0.2920855, 2
0.6058149, 0.5378206, 0.5196503, 2
0.898617, 0.5850865, 0.7093866, 2
0.4862804, 0.4150279, 0.6417555, 2
0.6373978, 0.4897296, 0.4169047, 2
0.8546314, 0.6057776, 0.6577351, 2
0.6012717, 0.5619062, 0.4621572, 2
0.8497145, 0.4773844, 0.6357703, 2
0.6113745, 0.5761185, 0.5266587, 2
0.5177985, 0.4174708, 0.4243703, 2
0.6352951, 0.4647844, 0.7650783, 2
0.3835123, 0.4036189, 0.5391862, 2
0.4125451, 0.1634056, 0.3200566, 2
0.4176236, 0.3470854, 0.4093676, 2
0.744599, 0.4089434, 0.678915, 2
0.5666735, 0.3579026, 0.4112041, 2
0.5968512, 0.5618643, 0.7148153, 2
0.581778, 0.4903876, 0.4665234, 2
0.5977169, 0.5019098, 0.4496239, 2
0.6064756, 0.2623858, 0.4783698, 2
0.6429636, 0.6264856, 0.6299316, 2
0.5216091, 0.2727829, 0.5222862, 2
0.4972309, 0.5586168, 0.6502467, 2
0.8167101, 0.5982073, 0.6049889, 2
0.6699014, 0.6797963, 0.7348725, 2
0.6736271, 0.4533068, 0.7863498, 2
0.7024614, 0.3851683, 0.606209, 2
0.6282994, 0.5707731, 0.5226657, 2
0.8720595, 0.5619961, 0.7386411, 2
0.6924428, 0.6108924, 0.5086634, 2
0.8330238, 0.6920606, 0.6168293, 2
0.4209897, 0.1633029, 0.396892, 2
0.7814981, 0.4375814, 0.5792525, 2
0.440428, 0.2402769, 0.5083843, 2
0.7514821, 0.4502138, 0.5253782, 2
0.4121775, 0.3645039, 0.4608562, 2
0.5963135, 0.6811066, 0.7121024, 2
0.5053622, 0.43817, 0.4662371, 2
0.4866312, 0.4665365, 0.7020293, 2
0.5560794, 0.5312796, 0.5395808, 2
0.6243032, 0.5764484, 0.533383, 2
0.7079499, 0.3636634, 0.6215956, 2
0.6267611, 0.4952716, 0.5038567, 2
0.3945031, 0.3513273, 0.4466582, 2
0.3173512, 0.3528849, 0.4888001, 2
0.4649214, 0.4042644, 0.464224, 2
0.4616138, 0.5290544, 0.6779298, 2
0.4406264, 0.402945, 0.5884984, 2
0.4303645, 0.3471953, 0.4205439, 2
0.8129254, 0.6882107, 0.6237328, 2
0.4610144, 0.5132206, 0.6325636, 2
0.6598512, 0.5146849, 0.5440623, 2
0.621747, 0.3248058, 0.5493219, 2
0.5542449, 0.3517506, 0.6710303, 2
0.5939838, 0.3744605, 0.431623, 2
0.4978574, 0.6082635, 0.7052943, 2
0.7931946, 0.5439104, 0.5905106, 2
0.3818131, 0.2653095, 0.4245331, 2
0.5740563, 0.5836102, 0.7492564, 2
0.7798178, 0.4434187, 0.6309407, 2
0.6871201, 0.6116667, 0.5664825, 2
0.6556491, 0.636105, 0.6784055, 2
0.6550196, 0.5394874, 0.8391058, 2
0.4872315, 0.2094517, 0.3574919, 2
0.8175794, 0.4790191, 0.6522825, 2
0.5079606, 0.448672, 0.5205442, 2
0.4304731, 0.5340473, 0.7324849, 2
0.872836, 0.5699939, 0.6621244, 2
0.6822509, 0.6066672, 0.5506938, 2
0.5185526, 0.4088108, 0.4254014, 2
0.7525949, 0.5552235, 0.5641759, 2
0.5947011, 0.4735568, 0.424987, 2
0.3323053, 0.3376307, 0.4663994, 2
0.7800509, 0.5399864, 0.8239354, 2
0.4582001, 0.1705585, 0.3210856, 2
0.5628859, 0.5512002, 0.8075299, 2
0.6408569, 0.3752203, 0.6950584, 2
0.8730009, 0.4722093, 0.6881022, 2
0.6675027, 0.3198785, 0.452185, 2
0.5847862, 0.4953718, 0.7799075, 2
0.4219387, 0.3104639, 0.3419049, 2
0.7445045, 0.6714028, 0.5875317, 2
0.7760836, 0.5050409, 0.8301715, 2
0.7713172, 0.4719104, 0.6829294, 2
0.4946939, 0.4466695, 0.6365901, 2
0.8335741, 0.5226573, 0.8574179, 2
0.6470297, 0.455298, 0.4399165, 2
0.8026327, 0.4801536, 0.660118, 2
0.5839067, 0.4699298, 0.4289348, 2
0.6404346, 0.5474874, 0.4595565, 2
0.4727908, 0.3398453, 0.6068057, 2
0.6553781, 0.6342937, 0.6277853, 2
0.3528436, 0.1644625, 0.3868116, 2
0.5554178, 0.4130358, 0.6743367, 2
0.6880292, 0.5822201, 0.8213441, 2
0.5477821, 0.5435384, 0.7983052, 2
0.3897797, 0.402647, 0.5340517, 2
0.4102555, 0.2163052, 0.4651121, 2
0.4053037, 0.2798872, 0.4544555, 2
0.4748878, 0.2995403, 0.5681695, 2
0.704674, 0.5735706, 0.8165468, 2
0.4077078, 0.2801802, 0.4525206, 2
0.4755677, 0.5826586, 0.6570058, 2
0.4148221, 0.2842111, 0.4765863, 2
0.539853, 0.5700147, 0.7872158, 2
0.5263777, 0.4854089, 0.7043934, 2
0.375107, 0.3935786, 0.5258225, 2
0.7756125, 0.5354604, 0.5449678, 2
0.8872299, 0.5492339, 0.7553175, 2
0.5845274, 0.4698538, 0.444843, 2
0.6117328, 0.5685305, 0.8544878, 2
0.2889498, 0.2933173, 0.4491496, 2
0.6094106, 0.4238634, 0.7305884, 2
0.5193322, 0.2170056, 0.4349464, 2
0.807034, 0.5552126, 0.8523979, 2
0.4468589, 0.3486024, 0.4047985, 2
0.4875095, 0.4208612, 0.4780535, 2
0.7911624, 0.5220444, 0.5444167, 2
0.5331193, 0.4743232, 0.7325158, 2
0.8008184, 0.5562356, 0.8379598, 2
0.7345059, 0.5973687, 0.5702805, 2
0.3932843, 0.3499505, 0.437729, 2
0.6641072, 0.3932643, 0.6204836, 2
0.6763096, 0.6643278, 0.6290256, 2
0.7913157, 0.5628309, 0.5472564, 2
0.5079992, 0.4762653, 0.6443934, 2
0.3550998, 0.3311792, 0.5163786, 2
0.4444863, 0.4804207, 0.6528937, 2
0.2884745, 0.3204094, 0.4901228, 2
0.6372321, 0.553291, 0.5535288, 2
0.7317297, 0.6098177, 0.5721137, 2
0.5489611, 0.2560349, 0.4911406, 2
0.808798, 0.4478672, 0.6289537, 2
0.769102, 0.6432005, 0.6204492, 2
0.8868071, 0.5363841, 0.7395099, 2
0.4289634, 0.2075779, 0.5128708, 2
0.3783931, 0.1334942, 0.3623633, 2
0.5484437, 0.4425229, 0.7062361, 2
0.6895002, 0.5644924, 0.8280187, 2
0.4918522, 0.4570505, 0.5473351, 2
0.6031121, 0.5669256, 0.8344195, 2
0.8005369, 0.5075977, 0.8207312, 2
0.733754, 0.6582015, 0.5842575, 2
0.7305102, 0.6546108, 0.6336911, 2
0.5790203, 0.6149331, 0.6546993, 2
0.5938115, 0.6258708, 0.6504433, 2
0.6486838, 0.6723523, 0.7343951, 2
0.6247084, 0.5622596, 0.8468465, 2
0.5286765, 0.2992267, 0.4121223, 2
0.3681199, 0.3535685, 0.4525826, 2
0.4097657, 0.3603131, 0.4540533, 2
0.83236, 0.6145245, 0.5706776, 2
0.4526802, 0.1481788, 0.3413073, 2
0.6832951, 0.3511568, 0.5938876, 2
0.644944, 0.475635, 0.7772084, 2
0.3362699, 0.2581695, 0.4108444, 2
0.387194, 0.2648567, 0.325618, 2
0.5641745, 0.5772836, 0.6039265, 2
0.5409248, 0.2106273, 0.4603156, 2
0.6203401, 0.6425967, 0.6228225, 2
0.6769971, 0.3130776, 0.5399503, 2
0.7084585, 0.331197, 0.5445457, 2
0.4865342, 0.231719, 0.4701051, 2
0.519754, 0.4067499, 0.4132368, 2
0.8222517, 0.4804221, 0.8078128, 2
0.6705102, 0.5411103, 0.4633482, 2
0.8609175, 0.6204103, 0.6203832, 2
0.5449486, 0.1875823, 0.4621583, 2
0.7317274, 0.5479231, 0.558857, 2
0.5486665, 0.5642249, 0.8154206, 2
0.5773807, 0.3050472, 0.5360525, 2
0.8145393, 0.6875963, 0.5976419, 2
0.6556028, 0.496253, 0.4523187, 2
0.5451924, 0.2998143, 0.5337979, 2
0.5064909, 0.4136242, 0.4328534, 2
0.4527555, 0.4283478, 0.5570015, 2
0.8976402, 0.5628959, 0.6997896, 2
0.8658373, 0.582121, 0.5974929, 2
0.8552071, 0.5062919, 0.8333689, 2
0.6120071, 0.6399286, 0.632331, 2
0.3183673, 0.3685509, 0.5511162, 2
0.5896401, 0.5761817, 0.6168127, 2
0.8525289, 0.6076884, 0.5816086, 2
0.7800927, 0.4440889, 0.5275423, 2
0.6203784, 0.3398106, 0.6308561, 2
0.7417167, 0.5603379, 0.8433463, 2
0.7553002, 0.6747836, 0.671018, 2
0.4064829, 0.206893, 0.3009583, 2
0.5080824, 0.4842675, 0.4860602, 2
0.6906349, 0.526071, 0.8415812, 2
0.6412731, 0.5128567, 0.4313053, 2
0.8505909, 0.6078226, 0.5786164, 2
0.5749128, 0.3395198, 0.6034551, 2
0.7194173, 0.5970784, 0.6006466, 2
0.7145631, 0.5055691, 0.7831448, 2
0.7188979, 0.4020894, 0.5771464, 2
0.6790525, 0.5506337, 0.8422016, 2
0.5025326, 0.297765, 0.5503145, 2
0.9215306, 0.5537088, 0.6779393, 2
0.6009849, 0.6075158, 0.7017098, 2
0.5792242, 0.4302999, 0.471489, 2
0.3942803, 0.3904183, 0.5137485, 2
0.6459975, 0.5761321, 0.5731032, 2
0.5693115, 0.3367706, 0.5741683, 2
0.5477438, 0.4957787, 0.5275981, 2
0.5941516, 0.4730205, 0.471077, 2
0.3819665, 0.3246995, 0.5290658, 2
0.7771556, 0.4477926, 0.5576252, 2
0.5072587, 0.4812069, 0.4904897, 2
0.3312388, 0.3037437, 0.4029878, 2
0.8222726, 0.4246224, 0.6724657, 2
0.6631516, 0.6049963, 0.5184686, 2
0.3905463, 0.3211225, 0.5279554, 2
0.4525716, 0.1673094, 0.3216187, 2
0.5643176, 0.2106381, 0.4661137, 2
0.6698867, 0.6153187, 0.5180624, 2
0.3491132, 0.3945232, 0.5450644, 2
0.3692774, 0.1644721, 0.4312904, 2
0.6267004, 0.3607321, 0.6096292, 2
0.2886433, 0.3187119, 0.4878824, 2
0.6666046, 0.3916323, 0.6098218, 2
0.6018848, 0.3601016, 0.6252401, 2
0.3008716, 0.3069517, 0.5188445, 2
0.5620405, 0.1992643, 0.4246382, 2
0.8850634, 0.4759387, 0.7375404, 2
0.8260499, 0.5368143, 0.8311945, 2
0.8183337, 0.5035221, 0.858053, 2
0.4314712, 0.2743419, 0.4822483, 2
0.5030947, 0.3297658, 0.62133, 2
0.5033836, 0.4429404, 0.647475, 2
0.3807849, 0.1761584, 0.4363455, 2
0.474882, 0.5210439, 0.7213806, 2
0.8714877, 0.4770853, 0.7841107, 2
0.6217915, 0.4332719, 0.7375872, 2
0.4645296, 0.4713546, 0.5973076, 2
0.3066209, 0.1142616, 0.3943156, 2
0.4963315, 0.3453729, 0.6102446, 2
0.5463051, 0.4159151, 0.6788362, 2
0.7289691, 0.6444212, 0.6432979, 2
0.4945187, 0.5978668, 0.6629041, 2
0.7897505, 0.5680109, 0.5611982, 2
0.3879682, 0.3470587, 0.5460433, 2
0.5457069, 0.4291795, 0.443289, 2
0.5177831, 0.2445807, 0.4019155, 2
0.7421472, 0.4414182, 0.5217482, 2
0.7508849, 0.5706243, 0.8684033, 2
0.5593693, 0.4497235, 0.4137936, 2
0.5858825, 0.5211112, 0.5290202, 2
0.3822837, 0.2040194, 0.4311497, 2
0.662484, 0.4618827, 0.4759972, 2
0.6559596, 0.6610671, 0.6690012, 2
0.7889026, 0.6490483, 0.6290463, 2
0.4720633, 0.4475668, 0.5589986, 2
0.7488977, 0.6739306, 0.6023839, 2
0.7926956, 0.4451896, 0.7081304, 2
0.7033334, 0.5837937, 0.5857133, 2
0.3561578, 0.2715427, 0.4277131, 2
0.7416498, 0.4203352, 0.6506186, 2
0.3363473, 0.2786909, 0.4435621, 2
0.7495048, 0.3938304, 0.5145445, 2
0.6900233, 0.3407774, 0.6143147, 2
0.3806741, 0.3417456, 0.5414724, 2
0.5619417, 0.5679331, 0.8257608, 2
0.5363619, 0.5885337, 0.7309088, 2
0.9082261, 0.6069769, 0.6344497, 2
0.9161372, 0.5298611, 0.7329379, 2
0.6982193, 0.5168604, 0.8001715, 2
0.3888777, 0.1623408, 0.4401242, 2
0.8706885, 0.5161355, 0.6878, 2
0.6701891, 0.3692067, 0.6484327, 2
0.538527, 0.4725788, 0.768014, 2
0.5871388, 0.3747916, 0.4333663, 2
0.4697994, 0.3101883, 0.593936, 2
0.7780713, 0.6109229, 0.5930689, 2
0.7258843, 0.6706605, 0.6063415, 2
0.684128, 0.6553756, 0.6569561, 2
0.6162775, 0.3363769, 0.6614283, 2
0.7135288, 0.5002736, 0.8433561, 2
0.6380934, 0.3861067, 0.7056258, 2
0.7315787, 0.5573913, 0.5646359, 2
0.7185848, 0.4228766, 0.7089517, 2
0.3611872, 0.3361835, 0.4211364, 2
0.4993646, 0.3930918, 0.4281387, 2
0.3738334, 0.1815707, 0.4470137, 2
0.7646273, 0.535419, 0.5627045, 2
0.6757193, 0.3913629, 0.6216245, 2
0.7356011, 0.4282707, 0.5296493, 2
0.5584059, 0.2371607, 0.4152327, 2
0.5843975, 0.5913916, 0.5707291, 2
0.8755535, 0.5629107, 0.6243074, 2
0.4811425, 0.1606844, 0.4458451, 2
0.4247188, 0.4382463, 0.6233503, 2
0.8257512, 0.5018405, 0.8279939, 2
0.7574315, 0.3635941, 0.6190296, 2
0.4632312, 0.4789004, 0.6877163, 2
0.653199, 0.68358, 0.7165626, 2
0.8240842, 0.5486147, 0.5672748, 2
0.4975092, 0.4475219, 0.4847251, 2
0.6897921, 0.6528952, 0.6749441, 2
0.5974001, 0.4613753, 0.4549528, 2
0.5701382, 0.6201085, 0.7947102, 2
0.7454994, 0.5675802, 0.5578839, 2
0.6786244, 0.3505834, 0.4729069, 2
0.5962649, 0.2740288, 0.4931425, 2
0.843277, 0.476707, 0.6333425, 2
0.8818449, 0.469075, 0.7446887, 2
0.5155672, 0.3659459, 0.62854, 2
0.4094388, 0.3454305, 0.401378, 2
0.5996091, 0.5498753, 0.5122672, 2
0.2934721, 0.09811586, 0.3973142, 2
0.5041888, 0.2037933, 0.3691271, 2
0.6486728, 0.2837443, 0.4906077, 2
0.4925834, 0.4593481, 0.4993674, 2
0.5936356, 0.303311, 0.5089229, 2
0.5755932, 0.4675093, 0.7178892, 2
0.6200233, 0.3262629, 0.5362363, 2
0.2888057, 0.2854711, 0.4363323, 2
0.6630443, 0.4251246, 0.4500163, 2
0.783037, 0.452993, 0.6641068, 2
0.6399716, 0.4045501, 0.7226007, 2
0.7383024, 0.5138174, 0.8255681, 2
0.6818147, 0.6127957, 0.5130302, 2
0.7190075, 0.3507448, 0.642607, 2
0.5542202, 0.4491275, 0.485605, 2
0.5154558, 0.2515598, 0.384168, 2
0.5406569, 0.1999729, 0.4180004, 2
0.4730469, 0.2044231, 0.4209704, 2
0.6807706, 0.4992779, 0.490427, 2
0.5570008, 0.5187516, 0.789234, 2
0.7246861, 0.4359176, 0.6667891, 2
0.4357367, 0.2249968, 0.5107573, 2
0.2999143, 0.3169213, 0.5179126, 2
0.9141037, 0.533051, 0.7024309, 2
0.4767419, 0.240288, 0.4520585, 2
0.495967, 0.5100095, 0.5907741, 2
0.8456973, 0.4671886, 0.6860116, 2
0.8633397, 0.509565, 0.7239035, 2
0.7623528, 0.4772177, 0.5448319, 2
0.7509015, 0.5908223, 0.5738555, 2
0.5497379, 0.5986669, 0.6354032, 2
0.4354339, 0.4229579, 0.5622188, 2
0.6682948, 0.5575862, 0.4684359, 2
0.7702122, 0.6748008, 0.6074986, 2
0.4945777, 0.4188904, 0.4632163, 2
0.7801167, 0.41583, 0.6233481, 2
0.5695878, 0.3121628, 0.603184, 2
0.5836195, 0.5692716, 0.5987926, 2
0.4256778, 0.1143537, 0.362145, 2
0.7387411, 0.5222825, 0.8488811, 2
0.6922108, 0.5283803, 0.8480785, 2
0.766323, 0.4257543, 0.6089966, 2
0.8002831, 0.5225683, 0.5860056, 2
0.6502786, 0.5949584, 0.642879, 2
0.8306671, 0.6593122, 0.5830886, 2
0.7816232, 0.4839384, 0.5613319, 2
0.4132898, 0.3831492, 0.5103679, 2
0.7066215, 0.390009, 0.6625018, 2
0.7034941, 0.4515583, 0.7035198, 2
0.8389498, 0.5738774, 0.601444, 2
0.601882, 0.2744677, 0.5059798, 2
0.7076336, 0.387712, 0.4925669, 2
0.759455, 0.5696603, 0.5562873, 2
0.6245171, 0.3017043, 0.4988382, 2
0.6657814, 0.6527869, 0.6112706, 2
0.4243478, 0.403955, 0.5874084, 2
0.8892452, 0.5095278, 0.739244, 2
0.6464798, 0.396636, 0.4315112, 2
0.569774, 0.5789894, 0.6004353, 2
0.4616863, 0.3875757, 0.4588722, 2
0.8510252, 0.4639399, 0.656679, 2
0.6304739, 0.5877253, 0.5296277, 2
0.5061929, 0.3721797, 0.395492, 2
0.5096678, 0.2824417, 0.5774873, 2
0.8101754, 0.6043662, 0.5631189, 2
0.6834884, 0.7299003, 0.7672393, 2
0.7422406, 0.676131, 0.679374, 2
0.8336989, 0.4343346, 0.7254394, 2
0.7157336, 0.4792878, 0.8014836, 2
0.6191479, 0.2959281, 0.4693195, 2
0.6850013, 0.3550316, 0.5345833, 2
0.677399, 0.4708921, 0.8078159, 2
0.5558172, 0.2611008, 0.4796841, 2
0.6903445, 0.534173, 0.4789588, 2
0.3521821, 0.1315915, 0.3234716, 2
0.5271964, 0.4750882, 0.4483685, 2
0.4998828, 0.4673692, 0.5575554, 2
0.3613162, 0.3237119, 0.5345649, 2
0.3374372, 0.244254, 0.3299972, 2
0.4669548, 0.3153497, 0.5965, 2
0.3984058, 0.3186126, 0.5309061, 2
0.4871137, 0.4781097, 0.7170867, 2
0.9059939, 0.544149, 0.7200234, 2
0.5835953, 0.2834556, 0.4277432, 2
0.7162842, 0.357042, 0.5578508, 2
0.7011272, 0.3320725, 0.5500891, 2
0.327464, 0.2934693, 0.3919774, 2
0.5615724, 0.6494141, 0.7035555, 2
0.4594099, 0.2670942, 0.5373808, 2
0.4737334, 0.3598242, 0.3989808, 2
0.3122973, 0.3706341, 0.5235792, 2
0.6211155, 0.3536424, 0.5895832, 2
0.8080008, 0.4637283, 0.6537905, 2
0.8733555, 0.5311571, 0.8348526, 2
0.8488889, 0.4849505, 0.7337164, 2
0.3237312, 0.2627774, 0.4237742, 2
0.5004833, 0.561467, 0.6724126, 2
0.8125231, 0.6937527, 0.6035167, 2
0.70231, 0.3537967, 0.5469061, 2
0.8406706, 0.5117177, 0.7733595, 2
0.8281271, 0.4769872, 0.7222708, 2
0.6634945, 0.5534603, 0.5563595, 2
0.3768, 0.3240268, 0.4138746, 2
0.3873592, 0.2895301, 0.4585693, 2
0.5702069, 0.3699214, 0.6482514, 2
0.6288905, 0.6987912, 0.7311499, 2
0.6107577, 0.5798373, 0.8573458, 2
0.4976231, 0.1818781, 0.392793, 2
0.7249281, 0.3585655, 0.654197, 2
0.661779, 0.423658, 0.7547943, 2
0.7879677, 0.4348171, 0.5854136, 2
0.8999754, 0.6164808, 0.6307724, 2
0.477843, 0.4172445, 0.4925192, 2
0.5768083, 0.5714159, 0.548824, 2
0.585427, 0.2679066, 0.5388749, 2
0.3715186, 0.175006, 0.4412346, 2
0.7729362, 0.5223802, 0.7981824, 2
0.4781066, 0.4738741, 0.5851052, 2
0.5390749, 0.491856, 0.4591557, 2
0.7303587, 0.431099, 0.6573334, 2
0.488716, 0.1921718, 0.3546573, 2
0.4161951, 0.2959724, 0.4980196, 2
0.9070312, 0.5903171, 0.6442718, 2
0.6340765, 0.3195, 0.5416503, 2
0.7595721, 0.4441814, 0.534242, 2
0.6720449, 0.6586509, 0.6212426, 2
0.8863083, 0.6336223, 0.6088192, 2
0.702711, 0.3845058, 0.6666637, 2
0.8759544, 0.5523193, 0.7414744, 2
0.2992006, 0.2764547, 0.4034468, 2
0.6255093, 0.3289897, 0.5519571, 2
0.8471165, 0.5204088, 0.6658252, 2
0.5306107, 0.2238021, 0.4225768, 2
0.5341305, 0.4873847, 0.7824829, 2
0.5790986, 0.4280598, 0.4339139, 2
0.6221172, 0.4167085, 0.7432002, 2
0.4550165, 0.1507165, 0.4133099, 2
0.4895723, 0.3582428, 0.6258917, 2
0.5077391, 0.3399347, 0.6086599, 2
0.5723571, 0.3246392, 0.6255087, 2
0.561724, 0.6720166, 0.7496417, 2
0.4122991, 0.1268746, 0.3343247, 2
0.8828197, 0.6208909, 0.6207547, 2
0.7784671, 0.4322511, 0.601659, 2
0.6292577, 0.4220916, 0.4306716, 2
0.8078398, 0.6904205, 0.5852466, 2
0.7758397, 0.5500825, 0.8728534, 2
0.6567901, 0.537978, 0.8308707, 2
0.7143291, 0.4668823, 0.5203553, 2
0.4059766, 0.3191468, 0.3520519, 2
0.7445763, 0.6655204, 0.6390539, 2
0.3729715, 0.351925, 0.4946384, 2
0.5729471, 0.6481318, 0.7467275, 2
0.7624875, 0.4235439, 0.7497531, 2
0.3731574, 0.35505, 0.4567436, 2
0.5381088, 0.2108001, 0.4639282, 2
0.6116211, 0.5986444, 0.8231956, 2
0.739422, 0.430071, 0.6393296, 2
0.7911782, 0.4531855, 0.7815655, 2
0.6543108, 0.3431631, 0.644401, 2
0.3922184, 0.1516181, 0.4312458, 2
0.4381204, 0.3441147, 0.4026883, 2
0.6290929, 0.5704049, 0.4957522, 2
0.3811527, 0.3493246, 0.432874, 2
0.4005146, 0.3721023, 0.4829028, 2
0.5042321, 0.5291576, 0.6897479, 2
0.6187255, 0.5158187, 0.4936588, 2
0.6656494, 0.3225525, 0.6165466, 2
0.59607, 0.3139151, 0.6108617, 2
0.7845721, 0.521099, 0.7915231, 2
0.8598848, 0.4535201, 0.7205597, 2
0.4543574, 0.1857692, 0.3354059, 2
0.7666004, 0.5337214, 0.8510824, 2
0.4618515, 0.4888772, 0.708338, 2
0.3573287, 0.2943264, 0.4626509, 2
0.5925474, 0.5899667, 0.6041269, 2
0.7368673, 0.4447327, 0.6703728, 2
0.7416649, 0.4170459, 0.7306683, 2
0.3141067, 0.2799931, 0.4449389, 2
0.8935491, 0.535348, 0.6565471, 2
0.3275937, 0.2445419, 0.3418928, 2
0.6043217, 0.5580497, 0.4560871, 2
0.6833282, 0.5414593, 0.4434825, 2
0.7383928, 0.5952842, 0.5692907, 2
0.5989104, 0.3835503, 0.6773481, 2
0.4673817, 0.2461413, 0.5517222, 2
0.3683863, 0.3462735, 0.4347412, 2
0.7572644, 0.4207259, 0.6104103, 2
0.5738945, 0.2573392, 0.5655534, 2
0.5628971, 0.4334979, 0.4231498, 2
0.4589653, 0.2255427, 0.5431096, 2
0.6190307, 0.4144314, 0.4512927, 2
0.295636, 0.2964082, 0.4774421, 2
0.6443179, 0.5568187, 0.4750773, 2
0.5792859, 0.4569971, 0.4181001, 2
0.5703179, 0.5397661, 0.5268741, 2
0.5677291, 0.4972297, 0.464485, 2
0.5722399, 0.4676434, 0.7488105, 2
0.6286826, 0.5275142, 0.5455189, 2
0.6102322, 0.3345414, 0.5403748, 2
0.4350269, 0.4976093, 0.6485151, 2
0.7492437, 0.4084938, 0.6679366, 2
0.7798326, 0.5256149, 0.5358582, 2
0.6825851, 0.5365554, 0.8607731, 2
0.4544253, 0.1789742, 0.3765736, 2
0.3766315, 0.322011, 0.5211763, 2
0.4276875, 0.4658136, 0.63307, 2
0.6086102, 0.2243292, 0.4466953, 2
0.6770326, 0.3224053, 0.4694707, 2
0.622339, 0.2950647, 0.5600778, 2
0.6437754, 0.5279151, 0.769986, 2
0.3366762, 0.1752878, 0.3765531, 2
0.6055776, 0.472683, 0.7975351, 2
0.5467554, 0.2555282, 0.4917786, 2
0.5605373, 0.3391844, 0.6081147, 2
0.7637346, 0.4729193, 0.7680707, 2
0.5681837, 0.5723257, 0.7707364, 2
0.6694435, 0.4502084, 0.475192, 2
0.628558, 0.5736825, 0.5726541, 2
0.5163146, 0.5559698, 0.688353, 2
0.7775207, 0.5682007, 0.5679352, 2
0.6025751, 0.5771499, 0.8329197, 2
0.6099633, 0.4078801, 0.4398844, 2
0.6856797, 0.5863642, 0.5849586, 2
0.853093, 0.4513803, 0.6540241, 2
0.6043748, 0.4875672, 0.4391438, 2
0.5139717, 0.2302937, 0.5044916, 2
0.4828764, 0.4602792, 0.6914428, 2
0.6181749, 0.2965497, 0.5459275, 2
0.6740125, 0.546508, 0.8572926, 2
0.5916838, 0.5636109, 0.800765, 2
0.5379293, 0.4380172, 0.421075, 2
0.6913261, 0.3594149, 0.5053087, 2
0.2955637, 0.2991454, 0.4623828, 2
0.4411741, 0.1721243, 0.3351973, 2
0.4576513, 0.1605128, 0.3660637, 2
0.8540549, 0.6279166, 0.6073605, 2
0.4544387, 0.3117694, 0.5731232, 2
0.6413921, 0.6537291, 0.6816475, 2
0.8497398, 0.4467528, 0.6948323, 2
0.8391259, 0.5310105, 0.663882, 2
0.3407934, 0.3467009, 0.5190883, 2
0.8048891, 0.592163, 0.5703993, 2
0.6671681, 0.3211859, 0.4771914, 2
0.2945511, 0.3122666, 0.493999, 2
0.662529, 0.449989, 0.5311947, 2
0.8693039, 0.4652251, 0.7423985, 2
0.4336381, 0.2310065, 0.5301793, 2
0.5688963, 0.3709835, 0.6942378, 2
0.7677882, 0.6177057, 0.6109583, 2
0.7490736, 0.5263602, 0.8681297, 2
0.6285271, 0.6666712, 0.7408068, 2
0.2960105, 0.2851879, 0.4235338, 2
0.4503041, 0.2912087, 0.5393229, 2
0.6860126, 0.6308391, 0.5807418, 2
0.5014951, 0.1880371, 0.4823213, 2
0.3961565, 0.2456237, 0.3147741, 2
0.6383411, 0.6824575, 0.747138, 2
0.519076, 0.3894148, 0.4063896, 2
0.5619946, 0.3534244, 0.6525292, 2
0.7716904, 0.4702106, 0.8251764, 2
0.6338629, 0.6371352, 0.6030777, 2
0.4406198, 0.172101, 0.3968193, 2
0.6532504, 0.5914423, 0.5154093, 2
0.8304009, 0.4314269, 0.6809998, 2
0.5335532, 0.5807854, 0.6958591, 2
0.8008189, 0.622256, 0.6116865, 2
0.7021529, 0.5512549, 0.56969, 2
0.6357305, 0.4654732, 0.7457207, 2
0.5740597, 0.2805777, 0.5285612, 2
0.6464924, 0.3190114, 0.6156077, 2
0.5258071, 0.4934948, 0.4943473, 2
0.5333501, 0.2602502, 0.5019063, 2
0.5242743, 0.4493738, 0.4309418, 2
0.8325085, 0.5369074, 0.6810776, 2
0.9032691, 0.5874448, 0.7153695, 2
0.5052108, 0.4411898, 0.5107877, 2
0.7748497, 0.6780123, 0.6105467, 2
0.7888034, 0.4658721, 0.7915283, 2
0.6777263, 0.4303858, 0.6920995, 2
0.6867347, 0.3995695, 0.7170459, 2
0.5881213, 0.3149538, 0.5776484, 2
0.3261128, 0.2128913, 0.3088056, 2
0.8167962, 0.5190623, 0.8728266, 2
0.8076472, 0.4174398, 0.6104956, 2
0.6025911, 0.5518203, 0.4632829, 2
0.6867523, 0.557468, 0.8357356, 2
0.5167551, 0.6096686, 0.6639543, 2
0.7684766, 0.4255435, 0.6908057, 2
0.5674388, 0.3176141, 0.6100159, 2
--COLORS--
0.3658948, 0.7560153, 0.09996016, 1
0.7560153, 0.3968621, 0.09996016, 1
1, 1, 1, 1
