0.4948956, 0.5670496, 0.4585134, 0
0.3304474, 0.5635425, 0.1885528, 0
0.3319449, 0.5558467, 0.2788956, 0
0.585876, 0.5513996, 0.6152486, 0
0.4451463, 0.576825, 0.3679299, 0
0.3630074, 0.5617524, 0.3083487, 0
0.7109849, 0.5394333, 0.7186248, 0
0.5582927, 0.5626014, 0.4721977, 0
0.3527903, 0.5533323, 0.2052025, 0
0.3103306, 0.5421054, 0.2443175, 0
0.5196558, 0.560823, 0.4584305, 0
0.6536323, 0.5603867, 0.7143427, 0
0.6621544, 0.5577732, 0.6448187, 0
0.273898, 0.5650302, 0.1751325, 0
0.3323385, 0.5643348, 0.2970242, 0
0.2514939, 0.55603, 0.2128193, 0
0.395487, 0.5639324, 0.2764858, 0
0.3620748, 0.5564887, 0.2672103, 0
0.4408695, 0.5689698, 0.4227399, 0
0.3066293, 0.5542536, 0.1901024, 0
0.6819021, 0.5551744, 0.7082626, 0
0.526994, 0.5627577, 0.4309807, 0
0.6125285, 0.5440695, 0.5945113, 0
0.6811704, 0.5579821, 0.6527104, 0
0.4747193, 0.5717514, 0.3970962, 0
0.507122, 0.57232, 0.4038574, 0
0.5817832, 0.542512, 0.5822431, 0
0.7090662, 0.5321078, 0.7226566, 0
0.4988062, 0.5696571, 0.439739, 0
0.4487754, 0.5753967, 0.3868244, 0
0.6065664, 0.5582104, 0.5392784, 0
0.3839809, 0.5728346, 0.3283609, 0
0.4883235, 0.5691681, 0.4638771, 0
0.6190099, 0.5568152, 0.6311318, 0
0.6476719, 0.5428285, 0.5672061, 0
0.4017564, 0.5663524, 0.2865746, 0
0.585853, 0.5670074, 0.6753288, 0
0.5619684, 0.5459105, 0.5951493, 0
0.6507537, 0.5118498, 0.7348276, 0
0.6136218, 0.5700506, 0.6660779, 0
0.5235813, 0.5603067, 0.4488279, 0
0.321763, 0.5443349, 0.17314, 0
0.3343246, 0.5573668, 0.2119725, 0
0.2809995, 0.5322357, 0.2029989, 0
0.6839945, 0.5531189, 0.7129827, 0
0.4676789, 0.5717202, 0.4374391, 0
0.6209328, 0.552555, 0.5496996, 0
0.340766, 0.5520743, 0.1964475, 0
0.580035, 0.5459784, 0.6083844, 0
0.2814106, 0.5496888, 0.2160784, 0
0.4817471, 0.5714199, 0.3910748, 0
0.5051101, 0.5670266, 0.4405071, 0
0.4724698, 0.5712541, 0.4027922, 0
0.6280833, 0.5596904, 0.6471524, 0
0.2638646, 0.5746474, 0.1902383, 0
0.289306, 0.5460683, 0.2560828, 0
0.431377, 0.5752864, 0.3474836, 0
0.4674244, 0.5642291, 0.4946307, 0
0.4233743, 0.5774004, 0.3975141, 0
0.3935529, 0.5554685, 0.2463681, 0
0.6034662, 0.5477313, 0.6032152, 0
0.55572, 0.5543438, 0.5688349, 0
0.330575, 0.5490012, 0.2133735, 0
0.603164, 0.5698302, 0.6700585, 0
0.4465303, 0.5726502, 0.4009391, 0
0.4290248, 0.5796618, 0.3636576, 0
0.2796849, 0.5342242, 0.2069573, 0
0.3847848, 0.5534122, 0.241751, 0
0.4929317, 0.5689655, 0.4524255, 0
0.2512485, 0.5609338, 0.1984887, 0
0.2922078, 0.5399221, 0.2065865, 0
0.6769218, 0.5632975, 0.6926807, 0
0.5593928, 0.5528678, 0.6318975, 0
0.4399816, 0.5666988, 0.3024983, 0
0.3415277, 0.5538326, 0.2716801, 0
0.4568086, 0.5743704, 0.3859925, 0
0.2589312, 0.5508803, 0.185886, 0
0.435311, 0.5686799, 0.3204198, 0
0.6689375, 0.5300276, 0.7378954, 0
0.3135912, 0.5479263, 0.2330351, 0
0.3767537, 0.5633763, 0.2884506, 0
0.4143932, 0.5785996, 0.4131806, 0
0.5986214, 0.5694765, 0.6725199, 0
0.6230389, 0.5497106, 0.6001165, 0
0.300849, 0.5416029, 0.2041174, 0
0.3849287, 0.5648791, 0.2875176, 0
0.313403, 0.5519521, 0.2890585, 0
0.4104488, 0.5774122, 0.3664345, 0
0.3722392, 0.5555727, 0.2588039, 0
0.4641768, 0.5726069, 0.3528578, 0
0.4859059, 0.563702, 0.5001546, 0
0.6993667, 0.5524315, 0.6845496, 0
0.5145531, 0.5683426, 0.5375693, 0
0.6560174, 0.5428745, 0.5976999, 0
0.2544216, 0.5627469, 0.2133373, 0
0.4959059, 0.5658972, 0.5211228, 0
0.5488904, 0.5560678, 0.5595787, 0
0.3285418, 0.5451642, 0.2418466, 0
0.4548587, 0.5741264, 0.46649, 0
0.4893278, 0.5682962, 0.466384, 0
0.661406, 0.5427392, 0.5817926, 0
0.5088866, 0.5714647, 0.4066185, 0
0.5358208, 0.554431, 0.5733595, 0
0.3099473, 0.5384293, 0.2606941, 0
0.4155313, 0.5634239, 0.2776011, 0
0.5562432, 0.5484705, 0.5986366, 0
0.5721735, 0.5592209, 0.5171362, 0
0.5275714, 0.5611994, 0.4723411, 0
0.6820418, 0.5577486, 0.6523364, 0
0.2705471, 0.5109863, 0.1749509, 0
0.2953275, 0.5573937, 0.2226911, 0
0.5302368, 0.5571302, 0.5607895, 0
0.5005879, 0.5724889, 0.4076448, 0
0.4303231, 0.5774985, 0.3851073, 0
0.5651655, 0.5470946, 0.5816286, 0
0.5913035, 0.5558608, 0.6162735, 0
0.4949373, 0.5652239, 0.5051714, 0
0.3382188, 0.5638332, 0.293111, 0
0.3313073, 0.5443047, 0.2600883, 0
0.5235957, 0.5644593, 0.5134063, 0
0.3975098, 0.570263, 0.3055499, 0
0.5939938, 0.5538256, 0.6938568, 0
0.6287252, 0.5544239, 0.6173032, 0
0.4031521, 0.5643666, 0.2778801, 0
0.5365695, 0.5606104, 0.5070535, 0
0.6356001, 0.5712673, 0.6760182, 0
0.5337426, 0.5545563, 0.5959302, 0
0.6708208, 0.5393638, 0.7377034, 0
0.4318901, 0.5727915, 0.3398449, 0
0.6641164, 0.5505809, 0.7300886, 0
0.5795052, 0.558152, 0.5546712, 0
0.6303001, 0.5539866, 0.5489488, 0
0.5280535, 0.5622095, 0.5524698, 0
0.5682377, 0.545027, 0.59986, 0
0.2572488, 0.5413646, 0.2075356, 0
0.5060516, 0.5701436, 0.417167, 0
0.3772089, 0.5687565, 0.3476667, 0
0.2941324, 0.5395336, 0.1586379, 0
0.5946497, 0.5682495, 0.6756225, 0
0.3773567, 0.5695137, 0.3539458, 0
0.5729768, 0.5574892, 0.49633, 0
0.6535752, 0.5639704, 0.653902, 0
0.6375144, 0.5710834, 0.6712932, 0
0.4927496, 0.5648484, 0.5192004, 0
0.3353849, 0.5640179, 0.199383, 0
0.4337941, 0.5759614, 0.3973261, 0
0.3296257, 0.5458387, 0.1929401, 0
0.6549908, 0.5693491, 0.6891026, 0
0.2615299, 0.5247725, 0.2060648, 0
0.465579, 0.5712807, 0.3979003, 0
0.405091, 0.563368, 0.2738155, 0
0.5046192, 0.5688199, 0.4297699, 0
0.4547826, 0.5702764, 0.4355274, 0
0.4128368, 0.561613, 0.2703967, 0
0.4362853, 0.5761958, 0.395931, 0
0.6887665, 0.5537784, 0.7043269, 0
0.5571417, 0.5544971, 0.5676486, 0
0.3743264, 0.5702214, 0.3627835, 0
0.4247176, 0.5696644, 0.3242082, 0
0.2580893, 0.5558623, 0.2162361, 0
0.5221925, 0.5605297, 0.4901284, 0
0.538622, 0.5623512, 0.539965, 0
0.3526768, 0.5553267, 0.2698685, 0
0.6571091, 0.5678263, 0.6668279, 0
0.2973987, 0.5421926, 0.2461257, 0
0.663005, 0.541244, 0.6102929, 0
0.4215542, 0.5757584, 0.4178215, 0
0.3705538, 0.5677067, 0.320963, 0
0.4173859, 0.5810511, 0.3861096, 0
0.6386394, 0.5460719, 0.5987431, 0
0.4174525, 0.5814753, 0.3816009, 0
0.527967, 0.5645777, 0.5216272, 0
0.5932839, 0.563246, 0.5340744, 0
0.3358152, 0.5443514, 0.2511212, 0
0.6818092, 0.5618575, 0.6825913, 0
0.3948495, 0.5684294, 0.2967806, 0
0.4655707, 0.5702476, 0.4149649, 0
0.519573, 0.5640534, 0.4320499, 0
0.6036274, 0.5469998, 0.5635641, 0
0.3552369, 0.5483241, 0.2538649, 0
0.6691575, 0.5041795, 0.7189499, 0
0.6692624, 0.5607769, 0.7049738, 0
0.3202281, 0.5465175, 0.2175642, 0
0.2852654, 0.5549697, 0.1529198, 0
0.4432015, 0.5710932, 0.4493353, 0
0.25521, 0.5709186, 0.2058753, 0
0.4160879, 0.5678472, 0.2994656, 0
0.4252588, 0.5683989, 0.3122318, 0
0.26329, 0.5521795, 0.2033409, 0
0.5737571, 0.560468, 0.5438121, 0
0.6038796, 0.5514882, 0.5559635, 0
0.3937311, 0.5687149, 0.2980427, 0
0.5806958, 0.5624204, 0.535072, 0
0.4838544, 0.5721711, 0.4226473, 0
0.3416529, 0.5641202, 0.2963767, 0
0.6320212, 0.5633442, 0.7069176, 0
0.5738202, 0.5651224, 0.6543437, 0
0.5600823, 0.5566836, 0.5490281, 0
0.3912763, 0.5659029, 0.287496, 0
0.2572458, 0.5354611, 0.1995483, 0
0.4492027, 0.5698999, 0.4398816, 0
0.4205633, 0.5742022, 0.3509593, 0
0.4247788, 0.5771369, 0.3566506, 0
0.4014304, 0.5824844, 0.4002545, 0
0.5184175, 0.5651851, 0.4282669, 0
0.2848302, 0.5430814, 0.2422888, 0
0.4260276, 0.5726256, 0.4273823, 0
0.4543977, 0.572009, 0.4503613, 0
0.6616795, 0.5596589, 0.6483729, 0
0.6191757, 0.548839, 0.5979877, 0
0.6559886, 0.5633328, 0.6532819, 0
0.571418, 0.5600997, 0.6421811, 0
0.3738683, 0.5555898, 0.2572531, 0
0.5010225, 0.5717961, 0.4167462, 0
0.5312323, 0.5626012, 0.5141413, 0
0.5592859, 0.5605645, 0.4787717, 0
0.4115278, 0.5818005, 0.3788027, 0
0.5942655, 0.5643629, 0.6379451, 0
0.4195432, 0.5688478, 0.3079775, 0
0.3413605, 0.5483562, 0.2630518, 0
0.6469107, 0.568346, 0.6620103, 0
0.5257648, 0.5654054, 0.4216387, 0
0.453719, 0.5748673, 0.3506808, 0
0.3464598, 0.5624391, 0.3062735, 0
0.4094841, 0.5804401, 0.4037654, 0
0.2605852, 0.5463315, 0.1784453, 0
0.365264, 0.5504507, 0.2281766, 0
0.409433, 0.5678343, 0.2953889, 0
0.5866885, 0.5601474, 0.6290658, 0
0.2711446, 0.5161853, 0.192428, 0
0.3281363, 0.561866, 0.29421, 0
0.5475912, 0.557067, 0.4977936, 0
0.4043629, 0.5817787, 0.4007275, 0
0.5373271, 0.5606538, 0.5089035, 0
0.5300524, 0.5618601, 0.5933225, 0
0.5998411, 0.5670751, 0.6811827, 0
0.470117, 0.5715686, 0.4398347, 0
0.6345695, 0.5586458, 0.6398534, 0
0.3940113, 0.5578265, 0.2535009, 0
0.2659359, 0.5244811, 0.1969744, 0
0.5341398, 0.5616912, 0.5096556, 0
0.3655697, 0.5621086, 0.3064344, 0
0.511419, 0.5666672, 0.4278168, 0
0.541106, 0.5619699, 0.5270825, 0
0.2853065, 0.5590058, 0.1576459, 0
0.5579705, 0.5536967, 0.571007, 0
0.477418, 0.5725516, 0.3607394, 0
0.4681959, 0.5718573, 0.3989666, 0
0.4191864, 0.5702327, 0.3269352, 0
0.666801, 0.5660257, 0.6957086, 0
0.3986757, 0.5576162, 0.2536363, 0
0.3799818, 0.563184, 0.2784044, 0
0.3616726, 0.5497431, 0.2519487, 0
0.6177112, 0.5429709, 0.5896303, 0
0.6232575, 0.5499171, 0.5544271, 0
0.5142323, 0.5685082, 0.5385285, 0
0.6427417, 0.5669389, 0.7046826, 0
0.4870514, 0.5721014, 0.427772, 0
0.521039, 0.5658741, 0.519016, 0
0.6027077, 0.558405, 0.6173992, 0
0.4745371, 0.5719403, 0.3848055, 0
0.4362709, 0.5708226, 0.4142244, 0
0.485003, 0.5706621, 0.4454041, 0
0.6752976, 0.5185529, 0.7295721, 0
0.297785, 0.5435676, 0.2354745, 0
0.2987179, 0.5637168, 0.188291, 0
0.3841212, 0.5727568, 0.3330646, 0
0.6359002, 0.5587744, 0.6392545, 0
0.2805574, 0.5612372, 0.1574678, 0
0.6031946, 0.5697333, 0.6655862, 0
0.5809807, 0.5590812, 0.5527658, 0
0.3611873, 0.561513, 0.3070455, 0
0.3525203, 0.5611097, 0.3280963, 0
0.5491325, 0.5544537, 0.6131274, 0
0.5244614, 0.5604979, 0.4913841, 0
0.4328569, 0.5758824, 0.3484847, 0
0.6714913, 0.5429301, 0.6193761, 0
0.5938809, 0.5534029, 0.6946685, 0
0.6746941, 0.5228682, 0.7333376, 0
0.4204855, 0.5781268, 0.3967677, 0
0.474241, 0.5661148, 0.4864324, 0
0.3087136, 0.5411692, 0.2493786, 0
0.4685919, 0.571829, 0.4324962, 0
0.4842249, 0.5727904, 0.3549949, 0
0.522134, 0.560711, 0.4772088, 0
0.3511678, 0.5630433, 0.288221, 0
0.4973469, 0.5642008, 0.4626481, 0
0.471523, 0.5710871, 0.4470144, 0
0.3739753, 0.569216, 0.3221299, 0
0.4228007, 0.5721353, 0.3396218, 0
0.3670266, 0.5587676, 0.2690479, 0
0.2738844, 0.5780133, 0.1789159, 0
0.5821781, 0.5639621, 0.4927238, 0
0.5966874, 0.5581762, 0.6888384, 0
0.2859133, 0.5498439, 0.1605058, 0
0.458937, 0.5716928, 0.4443772, 0
0.4471754, 0.5730384, 0.4551869, 0
0.6666086, 0.5550959, 0.6408565, 0
0.4867584, 0.5654706, 0.4778558, 0
0.5070502, 0.5722613, 0.399666, 0
0.3808655, 0.570407, 0.3118921, 0
0.5636976, 0.5465708, 0.5833733, 0
0.5406153, 0.5624802, 0.4723201, 0
0.5664909, 0.559671, 0.5419317, 0
0.4143038, 0.5711951, 0.3297841, 0
0.6435315, 0.5596597, 0.6438342, 0
0.252349, 0.5699335, 0.2064274, 0
0.4369036, 0.5785044, 0.3672768, 0
0.5818632, 0.5603321, 0.5114223, 0
0.6649426, 0.5409562, 0.6043654, 0
0.5992401, 0.5642838, 0.6435038, 0
0.5886477, 0.5656217, 0.6803467, 0
0.554427, 0.5508137, 0.5812627, 0
0.5266418, 0.5613633, 0.5012154, 0
0.3526697, 0.5620559, 0.3197988, 0
0.2852285, 0.551835, 0.2288295, 0
0.377695, 0.5697943, 0.3346939, 0
0.6281528, 0.5420996, 0.5759214, 0
0.6460081, 0.5715952, 0.689885, 0
0.3933264, 0.5752698, 0.3550739, 0
0.358572, 0.5481162, 0.2355678, 0
0.6002082, 0.5540424, 0.5560204, 0
0.3821007, 0.5640669, 0.2845879, 0
0.6291391, 0.552825, 0.6097654, 0
0.4915451, 0.5642941, 0.5187356, 0
0.3853738, 0.5685062, 0.3001022, 0
0.595449, 0.567465, 0.651718, 0
0.5895452, 0.5437793, 0.6020522, 0
0.5135184, 0.5611081, 0.4874046, 0
0.671418, 0.5648965, 0.6704659, 0
0.3481591, 0.5528755, 0.2678531, 0
0.5292718, 0.564365, 0.5226257, 0
0.4505799, 0.5702468, 0.407097, 0
0.2711454, 0.5383083, 0.1850689, 0
0.63278, 0.5542231, 0.6170962, 0
0.2687045, 0.5292076, 0.1676614, 0
0.4136755, 0.5816061, 0.3788303, 0
0.3378866, 0.5643585, 0.294652, 0
0.5186609, 0.5609241, 0.4636258, 0
0.5805082, 0.5493075, 0.5735959, 0
0.561314, 0.5526977, 0.5731853, 0
0.5847101, 0.5672245, 0.6731398, 0
0.5857457, 0.567434, 0.673699, 0
0.5137173, 0.5679277, 0.4130355, 0
0.441056, 0.5770473, 0.3794155, 0
0.5567431, 0.5474422, 0.591324, 0
0.4226325, 0.5650995, 0.291012, 0
0.6123485, 0.5591894, 0.712723, 0
0.4528635, 0.574702, 0.3465668, 0
0.6749229, 0.5494076, 0.6269691, 0
0.6192219, 0.5573692, 0.6371374, 0
0.4876365, 0.5711625, 0.3806351, 0
0.6294457, 0.5561073, 0.6260823, 0
0.3710912, 0.5500101, 0.2368038, 0
0.3706936, 0.5624432, 0.2839022, 0
0.503359, 0.566377, 0.5101415, 0
0.5046009, 0.567773, 0.5415535, 0
0.5991979, 0.5617226, 0.5310612, 0
0.5508224, 0.5505931, 0.6011314, 0
0.3531176, 0.5515208, 0.2155038, 0
0.4200734, 0.5759383, 0.4230917, 0
0.5375086, 0.5626479, 0.536301, 0
0.6413274, 0.5453206, 0.5997949, 0
0.5467508, 0.5632494, 0.4641981, 0
0.427977, 0.5793472, 0.3785236, 0
0.5586891, 0.5601878, 0.5308653, 0
0.5597162, 0.5535866, 0.5704896, 0
0.6367912, 0.5509523, 0.5579654, 0
0.637036, 0.5481023, 0.6019461, 0
0.451304, 0.5694259, 0.4167921, 0
0.5702484, 0.561233, 0.532007, 0
0.3507216, 0.5546606, 0.2696142, 0
0.4792822, 0.5725292, 0.3554613, 0
0.6400624, 0.5636882, 0.7141234, 0
0.5196666, 0.5673933, 0.5447348, 0
0.271969, 0.54194, 0.2097842, 0
0.2542508, 0.5742547, 0.1902076, 0
0.6757323, 0.5578072, 0.650974, 0
0.4454379, 0.5685433, 0.429158, 0
0.4831249, 0.5616792, 0.5164586, 0
0.6532528, 0.5540383, 0.6324322, 0
0.6796454, 0.5383683, 0.7323976, 0
0.5730724, 0.5458514, 0.5804384, 0
0.5652735, 0.5569561, 0.5107971, 0
0.562884, 0.5525493, 0.624478, 0
0.5725853, 0.5437183, 0.5854148, 0
0.5307033, 0.5614144, 0.4715726, 0
0.4366312, 0.5776286, 0.3548792, 0
0.345819, 0.5573463, 0.2748021, 0
0.2924574, 0.5455048, 0.1622909, 0
0.4934921, 0.5709391, 0.3811256, 0
0.5555915, 0.5500111, 0.582351, 0
0.4394788, 0.5764704, 0.3894384, 0
0.2738742, 0.5643707, 0.2040762, 0
0.3748887, 0.5692194, 0.3195287, 0
0.3707842, 0.5678775, 0.3280798, 0
0.6203904, 0.5629629, 0.7218539, 0
0.5389142, 0.5623857, 0.5223409, 0
0.5896633, 0.5615346, 0.6300681, 0
0.432439, 0.5727164, 0.412572, 0
0.519124, 0.5591648, 0.5728683, 0
0.2933919, 0.5435231, 0.2362939, 0
0.5641757, 0.5523015, 0.6224859, 0
0.4615135, 0.5703968, 0.4138733, 0
0.4968629, 0.5625054, 0.4683878, 0
0.4187576, 0.5797806, 0.3902757, 0
0.5708815, 0.5552781, 0.6363719, 0
0.617609, 0.5430555, 0.5755774, 0
0.5759626, 0.5580777, 0.4970286, 0
0.4206044, 0.5669519, 0.2971653, 0
0.4212247, 0.5798859, 0.3853189, 0
0.2765217, 0.5664343, 0.1899624, 0
0.3461134, 0.5478717, 0.259634, 0
0.376458, 0.5684065, 0.3107063, 0
0.3352963, 0.5482884, 0.2281097, 0
0.6052563, 0.559233, 0.5233691, 0
0.2524972, 0.5662249, 0.1862917, 0
0.4832417, 0.56357, 0.4986219, 0
0.4949296, 0.5655311, 0.505854, 0
0.5254351, 0.5645487, 0.4264836, 0
0.3524081, 0.5482035, 0.2298412, 0
0.6701226, 0.5653687, 0.6955615, 0
0.6007476, 0.5425496, 0.5969751, 0
0.4019416, 0.5829694, 0.3876037, 0
0.2621976, 0.5365675, 0.1812981, 0
0.6442099, 0.5624482, 0.7167531, 0
0.2908174, 0.5441383, 0.2255777, 0
0.5553703, 0.5586455, 0.518562, 0
0.4017374, 0.5581194, 0.2565071, 0
0.498615, 0.5637911, 0.4618124, 0
0.4414628, 0.5757134, 0.3923773, 0
0.3676429, 0.5517815, 0.252852, 0
0.4427021, 0.5772316, 0.3789451, 0
0.4470901, 0.567121, 0.3166962, 0
0.4464183, 0.5686738, 0.3229582, 0
0.4813433, 0.5715955, 0.4382066, 0
0.5355691, 0.5610896, 0.551477, 0
0.5387092, 0.5549278, 0.6077011, 0
0.42401, 0.568688, 0.3147844, 0
0.3248906, 0.5481099, 0.2731247, 0
0.6462561, 0.5554019, 0.724166, 0
0.6733866, 0.545178, 0.7317725, 0
0.5675793, 0.5662605, 0.47335, 0
0.2664739, 0.5390481, 0.2213432, 0
0.42185, 0.5665573, 0.2960252, 0
0.4051037, 0.5777546, 0.3685939, 0
0.678035, 0.540487, 0.7322913, 0
0.6761225, 0.5131945, 0.7243971, 0
0.4211766, 0.5726019, 0.3424107, 0
0.2968322, 0.5446324, 0.2225374, 0
0.3440146, 0.5550581, 0.2725336, 0
0.6347436, 0.5421408, 0.5779392, 0
0.5971637, 0.5558829, 0.6132665, 0
0.4359379, 0.5718908, 0.3348643, 0
0.6700115, 0.5649324, 0.668889, 0
0.4410796, 0.5680568, 0.4312166, 0
0.3481497, 0.5471679, 0.2569886, 0
0.5898843, 0.5415637, 0.5859182, 0
0.5571617, 0.5569984, 0.4958895, 0
0.3495945, 0.5620944, 0.3093756, 0
0.4663246, 0.5716889, 0.4405305, 0
0.6803032, 0.5447181, 0.6221539, 0
0.3380059, 0.5444424, 0.2472525, 0
0.4543286, 0.5716132, 0.4451369, 0
0.5973961, 0.565951, 0.6817963, 0
0.2657408, 0.5241953, 0.1758401, 0
0.2795591, 0.5615895, 0.17311, 0
0.3163961, 0.5473958, 0.1979167, 0
0.5157249, 0.5608926, 0.4895569, 0
0.4780837, 0.5723783, 0.3486235, 0
0.4818901, 0.5705948, 0.4476051, 0
0.3164601, 0.5446216, 0.2021839, 0
0.5086322, 0.5599792, 0.4689234, 0
0.640164, 0.5691988, 0.697368, 0
0.5787995, 0.5481176, 0.6141821, 0
0.3421888, 0.5565472, 0.275268, 0
0.5323974, 0.5601768, 0.4949871, 0
0.3729119, 0.5627253, 0.2847005, 0
0.3289458, 0.5600624, 0.1769769, 0
0.5100639, 0.5675274, 0.5206215, 0
0.4314928, 0.5795271, 0.3713834, 0
0.2750395, 0.5521128, 0.2140195, 0
0.6222438, 0.5521344, 0.6057037, 0
0.3523002, 0.5488744, 0.2583774, 0
0.4909736, 0.5707951, 0.374125, 0
0.5306399, 0.5617751, 0.4670731, 0
0.5699969, 0.5448024, 0.6001139, 0
0.497008, 0.572272, 0.4076423, 0
0.6658037, 0.5433207, 0.5960106, 0
0.3742546, 0.5528989, 0.2491129, 0
0.6937521, 0.5132068, 0.7181764, 0
0.5506875, 0.5571284, 0.4955557, 0
0.5220646, 0.5611554, 0.4729595, 0
0.6229076, 0.5436931, 0.5696927, 0
0.6080288, 0.5422717, 0.5788124, 0
0.4459712, 0.5759849, 0.3851284, 0
0.3300928, 0.5494109, 0.2296444, 0
0.7131267, 0.5455665, 0.7109841, 0
0.3708749, 0.5624998, 0.2836495, 0
0.4458306, 0.5697037, 0.3258746, 0
0.3062747, 0.5563625, 0.242572, 0
0.481662, 0.5716507, 0.4355386, 0
0.6815941, 0.5520323, 0.6331531, 0
0.496518, 0.5685064, 0.4472282, 0
0.3750165, 0.5694399, 0.3213685, 0
0.5454533, 0.5511596, 0.5886559, 0
0.3650024, 0.555496, 0.2638825, 0
0.5565565, 0.5598435, 0.4820845, 0
0.3741365, 0.5507773, 0.242442, 0
0.4267186, 0.5682564, 0.3123645, 0
0.6945034, 0.5098891, 0.7170898, 0
0.4107722, 0.5675516, 0.2926122, 0
0.5394474, 0.5622051, 0.5402672, 0
0.3385234, 0.5496776, 0.217119, 0
0.5066778, 0.5662851, 0.5103931, 0
0.5875132, 0.5430966, 0.597834, 0
0.5644936, 0.5543858, 0.5625672, 0
0.5607781, 0.5658789, 0.4654399, 0
0.4841829, 0.563738, 0.5114836, 0
0.3572179, 0.5553259, 0.2675966, 0
0.5202668, 0.5597025, 0.5600367, 0
0.4763599, 0.5718879, 0.3775996, 0
0.5440676, 0.5610648, 0.4818075, 0
0.5612533, 0.5655142, 0.4669439, 0
0.4930828, 0.564327, 0.502495, 0
0.253457, 0.5454015, 0.1731921, 0
0.668258, 0.5042816, 0.719705, 0
0.4001733, 0.563663, 0.2741612, 0
0.5631517, 0.551574, 0.6186039, 0
0.5784459, 0.5584036, 0.5088831, 0
0.4589759, 0.5744681, 0.4801768, 0
0.5349833, 0.562507, 0.5158696, 0
0.6722268, 0.5401917, 0.6167254, 0
0.3917775, 0.5736952, 0.3272902, 0
0.547909, 0.5628956, 0.4383109, 0
0.5386422, 0.5622314, 0.4735112, 0
0.3235245, 0.5454148, 0.2695175, 0
0.5024132, 0.5669611, 0.4453996, 0
0.3574863, 0.5557008, 0.2680951, 0
0.4397134, 0.5683153, 0.4291858, 0
0.6250131, 0.5694124, 0.6635158, 0
0.6376671, 0.5589511, 0.637372, 0
0.5401864, 0.5524027, 0.5892867, 0
0.4039965, 0.5765623, 0.3652439, 0
0.6352785, 0.5424537, 0.5826648, 0
0.6561818, 0.5528901, 0.721835, 0
0.6794488, 0.5396388, 0.732029, 0
0.5203319, 0.5647895, 0.428472, 0
0.5353537, 0.5602932, 0.4369535, 0
0.5315646, 0.5612634, 0.4742071, 0
0.3348158, 0.5445063, 0.2543284, 0
0.5520598, 0.5574926, 0.5514167, 0
0.3959434, 0.5658152, 0.2859727, 0
0.5700225, 0.5439675, 0.5967183, 0
0.5324118, 0.5606834, 0.4442345, 0
0.5838148, 0.5559121, 0.6221403, 0
0.70135, 0.5418276, 0.7209911, 0
0.5468706, 0.5576409, 0.4946034, 0
0.5859333, 0.5625181, 0.5399982, 0
0.3849072, 0.553148, 0.2378732, 0
0.4692914, 0.5716248, 0.4780873, 0
0.60184, 0.5599875, 0.6230398, 0
0.5710452, 0.5601454, 0.5433306, 0
0.5606411, 0.5591474, 0.6489235, 0
0.3688386, 0.5518758, 0.2511306, 0
0.3221647, 0.546387, 0.2121504, 0
0.3360034, 0.562309, 0.2893375, 0
0.4103905, 0.5672553, 0.2910976, 0
0.365418, 0.5643009, 0.3191071, 0
0.5525759, 0.5539001, 0.5727092, 0
0.5007805, 0.5676692, 0.5450401, 0
0.4088983, 0.5812637, 0.3984694, 0
0.3326429, 0.5530033, 0.2748961, 0
0.6885083, 0.5605155, 0.6715323, 0
0.2753026, 0.5552667, 0.2315128, 0
0.461219, 0.5710354, 0.4017914, 0
0.4303067, 0.575443, 0.3481991, 0
0.2569372, 0.5375064, 0.1893855, 0
0.4832191, 0.5707158, 0.4543213, 0
0.452901, 0.574307, 0.3879785, 0
0.4240665, 0.5701288, 0.3297159, 0
0.2782416, 0.5405133, 0.2205792, 0
0.3999037, 0.5569811, 0.2529714, 0
0.4843706, 0.5714476, 0.3853918, 0
0.4395748, 0.5673584, 0.4366087, 0
0.4677532, 0.5712429, 0.4041592, 0
0.6310895, 0.549574, 0.6008754, 0
0.5779491, 0.5533847, 0.5688838, 0
0.4343197, 0.5742713, 0.4061803, 0
0.533906, 0.5591295, 0.5560535, 0
0.4152466, 0.5706579, 0.3224838, 0
0.5771701, 0.5542518, 0.6280614, 0
0.6177357, 0.5520778, 0.604398, 0
0.3897226, 0.5638921, 0.2785495, 0
0.3603318, 0.5577173, 0.2698764, 0
0.6218573, 0.5523457, 0.6065058, 0
0.5484537, 0.5634649, 0.4668152, 0
0.3301721, 0.5442288, 0.2609802, 0
0.3794199, 0.5613224, 0.2687417, 0
0.3976763, 0.5740299, 0.3424881, 0
0.3613982, 0.5582896, 0.270275, 0
0.3540199, 0.5517165, 0.215169, 0
0.5429708, 0.5516907, 0.5898951, 0
0.2876705, 0.5558297, 0.240449, 0
0.2751436, 0.541386, 0.2544632, 0
0.6162145, 0.557104, 0.6204579, 0
0.434283, 0.5692177, 0.4301516, 0
0.5111214, 0.5617746, 0.5633525, 0
0.3050559, 0.5443646, 0.228465, 0
0.371429, 0.5618778, 0.2760707, 0
0.4635423, 0.5715936, 0.4590021, 0
0.412893, 0.567973, 0.299118, 0
0.509813, 0.5619087, 0.4497452, 0
0.284895, 0.5498359, 0.2020015, 0
0.6547691, 0.5404327, 0.7457066, 0
0.3457398, 0.559427, 0.2792077, 0
0.3652671, 0.5643983, 0.3395304, 0
0.5631437, 0.5583847, 0.5185934, 0
0.3809828, 0.5638085, 0.2841774, 0
0.5633881, 0.5659137, 0.4682381, 0
0.4492917, 0.5672831, 0.320061, 0
0.5234205, 0.560357, 0.5819207, 0
0.6080012, 0.5524974, 0.5516181, 0
0.620111, 0.5545272, 0.5450966, 0
0.6674061, 0.5660838, 0.6949201, 0
0.5116212, 0.5671249, 0.5177307, 0
0.5070921, 0.5621565, 0.4899155, 0
0.388601, 0.5629592, 0.2725197, 0
0.4961428, 0.5712537, 0.3911968, 0
0.601087, 0.5691368, 0.6767395, 0
0.4741586, 0.5727808, 0.3713081, 0
0.5958388, 0.5589761, 0.6197329, 0
0.4796983, 0.5725573, 0.364031, 0
0.3227123, 0.5468278, 0.2254985, 0
0.3566093, 0.5554493, 0.2681336, 0
0.6961024, 0.5382589, 0.7246473, 0
0.5275413, 0.563616, 0.5146018, 0
0.331401, 0.5521278, 0.2747061, 0
0.3721354, 0.5571679, 0.2627158, 0
0.2653726, 0.5403424, 0.1603241, 0
0.3199218, 0.5533811, 0.2053065, 0
0.4957855, 0.5708275, 0.3861, 0
0.4199367, 0.5766412, 0.4146719, 0
0.5747264, 0.5540709, 0.5676938, 0
0.5140044, 0.5684534, 0.5406625, 0
0.3139386, 0.5451552, 0.2185607, 0
0.4351115, 0.5681294, 0.3167892, 0
0.5492631, 0.5602033, 0.5317762, 0
0.3591091, 0.561604, 0.3358867, 0
0.5109069, 0.5607908, 0.4542634, 0
0.4011734, 0.5693377, 0.3012962, 0
0.3355999, 0.551299, 0.2711293, 0
0.6020404, 0.5563307, 0.6909888, 0
0.4078806, 0.5823233, 0.3925881, 0
0.3818403, 0.5718271, 0.3356851, 0
0.3776886, 0.5683959, 0.3084489, 0
0.484916, 0.5642291, 0.5101075, 0
0.5632818, 0.5564851, 0.6580924, 0
0.4415978, 0.5772725, 0.3577633, 0
0.4330688, 0.5747569, 0.345089, 0
0.4546421, 0.574797, 0.3857928, 0
0.4264708, 0.5785001, 0.384048, 0
0.6010634, 0.556125, 0.6911275, 0
0.3730402, 0.5663073, 0.3588139, 0
0.3160731, 0.5629938, 0.1948005, 0
0.3930331, 0.5700119, 0.3042661, 0
0.3558926, 0.5620232, 0.2826886, 0
0.5486416, 0.5548814, 0.614268, 0
0.4007144, 0.563639, 0.2743052, 0
0.4251868, 0.5769059, 0.4010849, 0
0.4136492, 0.5671431, 0.29285, 0
0.4273172, 0.5757027, 0.3512337, 0
0.4233831, 0.5739245, 0.4310741, 0
0.5010751, 0.5610617, 0.466043, 0
0.3721955, 0.5685295, 0.3275144, 0
0.3988715, 0.5685971, 0.2972352, 0
0.3683082, 0.5619015, 0.2956687, 0
0.277494, 0.5512432, 0.2313014, 0
0.6457116, 0.5714194, 0.691923, 0
0.3211346, 0.5418531, 0.2621632, 0
0.4606589, 0.5714295, 0.4385669, 0
0.4296004, 0.5689642, 0.3214856, 0
0.6856065, 0.5292969, 0.7302874, 0
0.4137863, 0.5709013, 0.3228167, 0
0.6472617, 0.5584706, 0.6381787, 0
0.3251019, 0.5452534, 0.1992273, 0
0.4987398, 0.5719439, 0.4185948, 0
0.6622407, 0.563044, 0.6554399, 0
0.3442751, 0.5644917, 0.2045778, 0
0.3375954, 0.5475671, 0.2338573, 0
0.7086976, 0.5339335, 0.7226774, 0
0.3224677, 0.5468665, 0.223758, 0
0.499066, 0.5629829, 0.4919265, 0
0.6729501, 0.5531754, 0.637046, 0
0.5072278, 0.5635958, 0.4475915, 0
0.3957225, 0.5591188, 0.2569499, 0
0.3908646, 0.5716079, 0.3125711, 0
0.6547928, 0.542765, 0.7446961, 0
0.3338131, 0.5548676, 0.2177979, 0
0.5188102, 0.5614948, 0.4992204, 0
0.3215705, 0.5736833, 0.1865255, 0
0.4651754, 0.5727366, 0.471445, 0
0.4646278, 0.5703456, 0.4200854, 0
0.6174976, 0.5614703, 0.7069192, 0
0.2786168, 0.5273336, 0.1782743, 0
0.5207321, 0.5577506, 0.5728111, 0
0.6344359, 0.5566856, 0.6265525, 0
0.6862624, 0.5592775, 0.6859629, 0
0.345101, 0.5513657, 0.2095328, 0
0.4051834, 0.5778849, 0.3688799, 0
0.4689549, 0.5720655, 0.463936, 0
0.5234007, 0.5564926, 0.5747305, 0
0.4568897, 0.5736758, 0.4668775, 0
0.3442099, 0.564399, 0.3181071, 0
0.5101332, 0.5607612, 0.4802342, 0
0.7064461, 0.5380535, 0.7219722, 0
0.5721666, 0.5464281, 0.6082451, 0
0.5218695, 0.5605413, 0.4861262, 0
0.5487865, 0.5552146, 0.6257794, 0
0.5478459, 0.5577003, 0.4939911, 0
0.3569084, 0.5612766, 0.3036059, 0
0.3919145, 0.5731946, 0.323584, 0
0.255648, 0.5150347, 0.1902084, 0
0.5933841, 0.5631009, 0.6331266, 0
0.3635153, 0.5619593, 0.2868294, 0
0.3302272, 0.5579194, 0.2849435, 0
0.4559585, 0.5748713, 0.3840365, 0
0.6623046, 0.5426528, 0.7399174, 0
0.4798358, 0.5636765, 0.4882139, 0
0.5887517, 0.5538416, 0.5647902, 0
0.4380324, 0.5783566, 0.3627596, 0
0.6514321, 0.5126842, 0.7352217, 0
0.6486757, 0.5590722, 0.7181257, 0
0.4693832, 0.5721493, 0.4727773, 0
0.3650201, 0.5603639, 0.3451986, 0
0.4731301, 0.5717553, 0.4715158, 0
0.3695561, 0.5495328, 0.2417228, 0
0.4739875, 0.5719326, 0.4684544, 0
0.4418632, 0.5770754, 0.382523, 0
0.5381882, 0.5646551, 0.4259054, 0
0.5276006, 0.5645443, 0.5200049, 0
0.4843095, 0.5712155, 0.390846, 0
0.5805843, 0.5604729, 0.4956988, 0
0.2980864, 0.5698771, 0.1678485, 0
0.4677557, 0.5733951, 0.3746294, 0
0.5871654, 0.5587315, 0.6247828, 0
0.4474719, 0.5761415, 0.3604589, 0
0.6598108, 0.5492676, 0.7355582, 0
0.6489377, 0.5409964, 0.5778812, 0
0.514499, 0.5657486, 0.5117099, 0
0.3531383, 0.5524903, 0.2098122, 0
0.5350405, 0.5621723, 0.5141301, 0
0.6226928, 0.5636524, 0.6541734, 0
0.6790503, 0.5498359, 0.6271313, 0
0.3524627, 0.5623016, 0.2842401, 0
0.5753668, 0.5449023, 0.6022729, 0
0.3080735, 0.5535151, 0.2123189, 0
0.5901843, 0.5624976, 0.5098257, 0
0.5515803, 0.5528206, 0.5780227, 0
0.4663812, 0.5715961, 0.3939176, 0
0.2755634, 0.5607383, 0.1877635, 0
0.4498493, 0.5696919, 0.4101442, 0
0.7041816, 0.5520375, 0.699729, 0
0.5888705, 0.5635366, 0.5341658, 0
0.6391572, 0.5527441, 0.6161427, 0
0.567426, 0.5605863, 0.526793, 0
0.3757677, 0.5555791, 0.2551151, 0
0.5171601, 0.5686038, 0.4077644, 0
0.3571973, 0.5612632, 0.3024556, 0
0.5282535, 0.5571872, 0.5614105, 0
0.3721174, 0.5520756, 0.2244591, 0
0.579276, 0.5575926, 0.5563973, 0
0.4808013, 0.571574, 0.4382067, 0
0.2884545, 0.5694507, 0.16339, 0
0.583443, 0.5588334, 0.629879, 0
0.5672491, 0.5511708, 0.5748321, 0
0.2465383, 0.5623096, 0.2040971, 0
0.4072728, 0.5681201, 0.2956547, 0
0.351368, 0.5619569, 0.3130853, 0
0.4820794, 0.5715969, 0.3846862, 0
0.4146262, 0.5668377, 0.2918533, 0
0.3445824, 0.5498633, 0.2644232, 0
0.4683006, 0.5731793, 0.3766959, 0
0.5429561, 0.5620705, 0.4769737, 0
0.7110096, 0.533777, 0.7215325, 0
0.5575225, 0.55064, 0.6085414, 0
0.4578473, 0.5716374, 0.4544213, 0
0.518907, 0.5655977, 0.5506102, 0
0.3014866, 0.5436096, 0.2505984, 0
0.3492016, 0.5617579, 0.2839367, 0
0.2959175, 0.5445173, 0.2219096, 0
0.5948201, 0.5451163, 0.5710331, 0
0.6845406, 0.5456005, 0.7254943, 0
0.4657917, 0.5719551, 0.3579997, 0
0.4970394, 0.5703011, 0.4370587, 0
0.4358696, 0.5674052, 0.3083788, 0
0.5730942, 0.5563258, 0.5567719, 0
0.2823535, 0.5428321, 0.2452406, 0
0.2640545, 0.568608, 0.1681147, 0
0.2746792, 0.5429932, 0.2446845, 0
0.4651226, 0.5651363, 0.4927416, 0
0.6663114, 0.5147856, 0.7304832, 0
0.5507774, 0.549544, 0.5885845, 0
0.2562996, 0.5372289, 0.172227, 0
0.3809796, 0.5713097, 0.3183934, 0
0.5700755, 0.5567639, 0.5528312, 0
0.4041933, 0.5675667, 0.292174, 0
0.3178574, 0.5402728, 0.2576955, 0
0.6571432, 0.5686697, 0.6732809, 0
0.6624764, 0.5524711, 0.721267, 0
0.4989854, 0.5685843, 0.4438365, 0
0.4268416, 0.5776426, 0.390511, 0
0.3232848, 0.5418934, 0.2561529, 0
0.3738889, 0.5514704, 0.2320537, 0
0.4673929, 0.5732803, 0.3793531, 0
0.5353622, 0.554275, 0.576914, 0
0.3470214, 0.5469301, 0.2565943, 0
0.4588011, 0.5713863, 0.4375744, 0
0.5669586, 0.5548968, 0.5589521, 0
0.4923379, 0.5714632, 0.404091, 0
0.4830047, 0.5636395, 0.4852342, 0
0.4248788, 0.5785179, 0.3872475, 0
0.4421485, 0.5772279, 0.3804354, 0
0.508841, 0.5615533, 0.4860608, 0
0.5630909, 0.5549676, 0.557894, 0
0.6231073, 0.5515112, 0.6038586, 0
0.2760665, 0.5270184, 0.1490331, 0
0.6527825, 0.5694143, 0.6687376, 0
0.5308272, 0.5603972, 0.497407, 0
0.6345072, 0.5643283, 0.7199705, 0
0.653255, 0.5334061, 0.7474659, 0
0.3255221, 0.5660067, 0.1996135, 0
0.6060043, 0.5494938, 0.5566665, 0
0.5629366, 0.5608804, 0.4786867, 0
0.3210474, 0.5452186, 0.205154, 0
0.4187662, 0.571874, 0.3393469, 0
0.5065525, 0.5679944, 0.5353652, 0
0.6007847, 0.541574, 0.5915772, 0
0.6104173, 0.5581737, 0.7060448, 0
0.2961248, 0.5249618, 0.1612745, 0
0.4002869, 0.5733601, 0.3275501, 0
0.4874607, 0.5695313, 0.4623455, 0
0.2779837, 0.5682653, 0.1653466, 0
0.3267043, 0.5473413, 0.2255299, 0
0.5463508, 0.5607515, 0.5234948, 0
0.5522119, 0.5489966, 0.5918294, 0
0.6120902, 0.5414022, 0.5810499, 0
0.2722065, 0.5599574, 0.1771747, 0
0.312605, 0.5451174, 0.2196959, 0
0.394203, 0.5725433, 0.3171783, 0
0.3136521, 0.5448789, 0.2292603, 0
0.6295818, 0.5544021, 0.5449013, 0
0.5295482, 0.5603808, 0.4953121, 0
0.6302512, 0.5634661, 0.7089869, 0
0.4334733, 0.567368, 0.3077884, 0
0.5524567, 0.5533082, 0.6125832, 0
0.2681716, 0.5110772, 0.182882, 0
0.2698097, 0.561933, 0.2262891, 0
0.6791615, 0.5568621, 0.7031252, 0
0.668058, 0.5630096, 0.6590948, 0
0.4366503, 0.5763494, 0.3943811, 0
0.5606851, 0.5566999, 0.5079252, 0
0.5778002, 0.5525203, 0.5706117, 0
0.6454913, 0.5599497, 0.6452245, 0
0.6885332, 0.5586962, 0.6547194, 0
0.4751732, 0.5673887, 0.4837066, 0
0.3756023, 0.5682713, 0.3382718, 0
0.2835962, 0.5277944, 0.187325, 0
0.3625363, 0.5484788, 0.2446178, 0
0.2641738, 0.5607466, 0.2092554, 0
0.5962955, 0.5653376, 0.6445315, 0
0.3741354, 0.552166, 0.2260366, 0
0.6641002, 0.56737, 0.6779763, 0
0.2615288, 0.5272362, 0.2089117, 0
0.4085506, 0.564683, 0.2806948, 0
0.6736633, 0.5555303, 0.7124208, 0
0.3900367, 0.5764025, 0.366053, 0
0.6587515, 0.5631574, 0.7080587, 0
0.3252325, 0.557684, 0.2884813, 0
0.3930212, 0.5756115, 0.3573239, 0
0.3474379, 0.5501847, 0.2221933, 0
0.4933116, 0.5677953, 0.4568466, 0
0.4522237, 0.5698425, 0.4082331, 0
0.2763192, 0.5620999, 0.1871268, 0
0.3323477, 0.5466051, 0.2648601, 0
0.4587582, 0.5738389, 0.3571036, 0
0.3568977, 0.5620097, 0.2823595, 0
0.4864634, 0.5607601, 0.5247951, 0
0.493844, 0.571401, 0.3659347, 0
0.4953673, 0.5625749, 0.4706975, 0
0.4544422, 0.5718529, 0.3986775, 0
0.6500378, 0.5190685, 0.7423328, 0
0.5914661, 0.5426068, 0.576604, 0
0.6686376, 0.5497332, 0.7287975, 0
0.5855607, 0.5419226, 0.5906463, 0
0.5077409, 0.5662646, 0.5108274, 0
0.6556461, 0.5628599, 0.6522228, 0
0.2861046, 0.5735682, 0.205413, 0
0.5528578, 0.5529878, 0.6122694, 0
0.4189883, 0.5697536, 0.3180629, 0
0.3557622, 0.561583, 0.2981906, 0
0.6623612, 0.5423107, 0.5992045, 0
0.4881147, 0.5716012, 0.4082232, 0
0.4266834, 0.5712168, 0.4349391, 0
0.6549637, 0.5692382, 0.6897338, 0
0.396127, 0.5732588, 0.3231415, 0
0.4742113, 0.5727253, 0.3725279, 0
0.5861098, 0.5509872, 0.5690848, 0
0.4133638, 0.5785601, 0.3682533, 0
0.5322701, 0.560652, 0.4812868, 0
0.4912421, 0.5709435, 0.3854485, 0
0.4564425, 0.5695975, 0.4220201, 0
0.6856345, 0.5545502, 0.6990638, 0
0.494903, 0.5720686, 0.421991, 0
0.4032314, 0.5752425, 0.359732, 0
0.6829365, 0.5573731, 0.6950054, 0
0.6588624, 0.5361162, 0.7441021, 0
0.4714495, 0.5720342, 0.4698819, 0
0.3474137, 0.5499821, 0.2238231, 0
0.5882295, 0.5612592, 0.6301402, 0
0.6551632, 0.5678374, 0.6958391, 0
0.3078646, 0.538116, 0.2650993, 0
0.6303291, 0.5540507, 0.5484501, 0
0.2572563, 0.5582555, 0.1869014, 0
0.3924992, 0.5784651, 0.3737406, 0
0.3012936, 0.5705573, 0.212899, 0
0.6278191, 0.5637373, 0.6956083, 0
0.5584564, 0.5530789, 0.6233593, 0
0.6009882, 0.5551971, 0.6927444, 0
0.5457388, 0.5563173, 0.6165941, 0
0.3223476, 0.5469682, 0.2198569, 0
0.5458146, 0.5604622, 0.5447597, 0
0.3785133, 0.5645384, 0.2928777, 0
0.2933181, 0.5184855, 0.1720691, 0
0.4811104, 0.5705742, 0.4507133, 0
0.3733629, 0.5625908, 0.28013, 0
0.660299, 0.5428049, 0.7410244, 0
0.5679067, 0.5534834, 0.6342862, 0
0.6611373, 0.5417709, 0.6106173, 0
0.4659794, 0.5733897, 0.3815314, 0
0.3551771, 0.5613754, 0.3113575, 0
0.4030047, 0.580295, 0.3752346, 0
0.3985668, 0.5758468, 0.3630765, 0
0.5916647, 0.5582597, 0.555698, 0
0.41843, 0.5810846, 0.3723346, 0
0.5644339, 0.5598134, 0.5241365, 0
0.5358117, 0.5618713, 0.4568384, 0
0.3479586, 0.5627164, 0.2878174, 0
0.4363578, 0.5702345, 0.4161472, 0
0.5962214, 0.55714, 0.615403, 0
0.5961205, 0.5626628, 0.5369146, 0
0.4171643, 0.5721547, 0.3411925, 0
0.4923683, 0.5714679, 0.402199, 0
0.3677822, 0.565683, 0.3367977, 0
0.4752617, 0.5661806, 0.4854591, 0
0.4906341, 0.5708911, 0.3792795, 0
0.4137441, 0.5737826, 0.3508762, 0
0.6579708, 0.5572936, 0.7152274, 0
0.5261659, 0.5609467, 0.4981596, 0
0.6733705, 0.5601911, 0.7019051, 0
0.5363809, 0.5613095, 0.4791536, 0
0.5593686, 0.5663081, 0.4617256, 0
0.287423, 0.5356291, 0.1972404, 0
0.5185407, 0.5606797, 0.4861745, 0
0.3533083, 0.5531055, 0.2658704, 0
0.3625075, 0.5613157, 0.2939537, 0
0.6970522, 0.5484015, 0.7161803, 0
0.3104053, 0.5483443, 0.285963, 0
0.5196857, 0.5658931, 0.4192859, 0
0.2859571, 0.5511097, 0.2310063, 0
0.4431829, 0.5729698, 0.3356998, 0
0.4068611, 0.5745566, 0.3556085, 0
0.3637699, 0.5639943, 0.3234506, 0
0.64442, 0.5491583, 0.6136445, 0
0.3530613, 0.5617762, 0.2826345, 0
0.5067443, 0.5608631, 0.4784614, 0
0.562259, 0.5525088, 0.6227973, 0
0.2770738, 0.5547122, 0.2089894, 0
0.3788187, 0.5697634, 0.3422692, 0
0.4847208, 0.5707051, 0.4439279, 0
0.6492318, 0.5463294, 0.6127537, 0
0.3281186, 0.545233, 0.2411531, 0
0.5111288, 0.5716696, 0.4012213, 0
0.5827114, 0.5631231, 0.679959, 0
0.6624721, 0.5676641, 0.689047, 0
0.4049977, 0.5730605, 0.338788, 0
0.2831366, 0.5340497, 0.2038635, 0
0.3737589, 0.5669863, 0.3103105, 0
0.5327599, 0.5619212, 0.4700279, 0
0.6737516, 0.5633217, 0.6638218, 0
0.577862, 0.5435649, 0.5970343, 0
0.4890527, 0.5710697, 0.3851507, 0
0.2885614, 0.5275866, 0.1705654, 0
0.3670073, 0.5623757, 0.3049509, 0
0.373023, 0.5683899, 0.3183863, 0
0.3864338, 0.5665675, 0.2932218, 0
0.4982008, 0.5651273, 0.4582825, 0
0.4053713, 0.5658982, 0.2849692, 0
0.3054835, 0.5618863, 0.1978346, 0
0.5681784, 0.5546503, 0.5616842, 0
0.2867386, 0.5386522, 0.2647791, 0
0.5437615, 0.5553563, 0.5627905, 0
0.6612006, 0.5224184, 0.7402593, 0
0.3547728, 0.5601027, 0.2776679, 0
0.3285695, 0.5472401, 0.2284408, 0
0.4929078, 0.5634927, 0.4968291, 0
0.5058594, 0.5634697, 0.4506727, 0
0.6050187, 0.5698642, 0.6742561, 0
0.2600968, 0.5630456, 0.2213123, 0
0.3772416, 0.5646909, 0.2969314, 0
0.3514315, 0.5520768, 0.2105162, 0
0.4735232, 0.5718588, 0.3877109, 0
0.6606492, 0.5345916, 0.7430318, 0
0.4037492, 0.5784009, 0.3699181, 0
0.5601271, 0.5605354, 0.4787265, 0
0.5487283, 0.5638167, 0.4515332, 0
0.3375921, 0.5453827, 0.2584496, 0
0.4296373, 0.5705429, 0.3309213, 0
0.398094, 0.563915, 0.2761405, 0
0.2516669, 0.5278735, 0.1960619, 0
0.2931008, 0.5512919, 0.2079782, 0
0.6006042, 0.5616157, 0.6287728, 0
0.2675761, 0.5604585, 0.2304647, 0
0.3648889, 0.5619739, 0.3068799, 0
0.5030369, 0.5693797, 0.4302874, 0
0.3282319, 0.5431865, 0.2555266, 0
0.426425, 0.5791382, 0.3808651, 0
0.3969184, 0.5720879, 0.3142123, 0
0.5452426, 0.5590125, 0.5513303, 0
0.4619943, 0.5701742, 0.4190994, 0
0.4748103, 0.5720587, 0.3468927, 0
0.6557536, 0.5450463, 0.6152312, 0
0.6558401, 0.5587373, 0.7147568, 0
0.5403881, 0.5619414, 0.5421599, 0
0.3707627, 0.5584176, 0.2662283, 0
0.6014264, 0.5586982, 0.6181604, 0
0.6679919, 0.5430971, 0.5994249, 0
0.3613622, 0.5548273, 0.2647295, 0
0.4128948, 0.571578, 0.3329132, 0
0.6640281, 0.5474606, 0.7418141, 0
0.4838507, 0.5711273, 0.4040053, 0
0.6512399, 0.5652895, 0.7072394, 0
0.3587365, 0.552713, 0.2623572, 0
0.6114192, 0.5578508, 0.6180444, 0
0.6854504, 0.5541346, 0.643897, 0
0.4857888, 0.5712315, 0.3871342, 0
0.5508816, 0.5601519, 0.5304792, 0
0.5543987, 0.5569201, 0.4965726, 0
0.5382082, 0.5598348, 0.4898367, 0
0.3994862, 0.5724483, 0.3190987, 0
0.3851801, 0.5729858, 0.3495846, 0
0.5000952, 0.5641947, 0.4998607, 0
0.5599728, 0.5520863, 0.6181674, 0
0.3282637, 0.5461268, 0.1962162, 0
0.5411032, 0.5586353, 0.4966482, 0
0.5372211, 0.5533393, 0.5984715, 0
0.6171182, 0.5571601, 0.6321111, 0
0.5386239, 0.5609189, 0.4821924, 0
0.4773478, 0.5655335, 0.4851095, 0
0.6488928, 0.5599309, 0.644976, 0
0.565534, 0.5582719, 0.5172157, 0
0.4609503, 0.5730447, 0.3587229, 0
0.4982677, 0.5722809, 0.4176299, 0
0.5620964, 0.5544122, 0.5639863, 0
0.266962, 0.5193243, 0.1708225, 0
0.6114314, 0.5545435, 0.5462403, 0
0.6833742, 0.5535989, 0.7120847, 0
0.4811097, 0.571359, 0.4401907, 0
0.5228197, 0.5640652, 0.4296598, 0
0.4390978, 0.5766577, 0.3880681, 0
0.2900689, 0.5394499, 0.2071271, 0
0.288614, 0.5530322, 0.161859, 0
0.5985386, 0.5696883, 0.6693465, 0
0.299903, 0.5538911, 0.2210576, 0
0.5030413, 0.5673243, 0.5158091, 0
0.3674307, 0.5643607, 0.3127044, 0
0.2724029, 0.5615839, 0.1685224, 0
0.4954298, 0.5724753, 0.4121194, 0
0.6980435, 0.5454414, 0.7188432, 0
0.5541432, 0.5597776, 0.5286657, 0
0.5258614, 0.565223, 0.4234785, 0
0.4669503, 0.5717003, 0.4406973, 0
0.5643554, 0.5580078, 0.4912454, 0
0.4106463, 0.581883, 0.3915804, 0
0.2758055, 0.5443767, 0.1802057, 0
0.639782, 0.5420941, 0.5765123, 0
0.5928906, 0.5671097, 0.6493481, 0
0.5665385, 0.5445298, 0.5945024, 0
0.2803507, 0.5371715, 0.1437595, 0
0.2541119, 0.5465177, 0.1861772, 0
0.6295315, 0.5428924, 0.5852519, 0
0.4508651, 0.5674941, 0.321754, 0
0.6130653, 0.5504647, 0.6012618, 0
0.6124792, 0.5701097, 0.6668524, 0
0.3252701, 0.5459614, 0.2345192, 0
0.400192, 0.5704097, 0.3073282, 0
0.5425608, 0.5517914, 0.5992858, 0
0.3611946, 0.5545731, 0.2641831, 0
0.6627502, 0.561498, 0.7084286, 0
0.4870269, 0.5697792, 0.4576808, 0
0.5337796, 0.5619662, 0.4688715, 0
0.5918689, 0.5625434, 0.5416625, 0
0.6837342, 0.5525253, 0.7142206, 0
0.3964148, 0.5753996, 0.3558811, 0
0.6884891, 0.5506365, 0.7153915, 0
0.3676479, 0.5630526, 0.3069963, 0
0.5700348, 0.544165, 0.5855542, 0
0.5847221, 0.5683619, 0.6665449, 0
0.6829553, 0.5351653, 0.731654, 0
0.4239323, 0.5802007, 0.3684285, 0
0.5619032, 0.5548472, 0.5591304, 0
0.464007, 0.5706923, 0.4859683, 0
0.5055062, 0.560063, 0.4664609, 0
0.4296579, 0.5679519, 0.3104943, 0
0.3937021, 0.5740323, 0.3364664, 0
0.4439129, 0.5686817, 0.4258904, 0
0.5335369, 0.5541419, 0.5798305, 0
0.5709035, 0.5554737, 0.5588444, 0
0.4525429, 0.573323, 0.3952461, 0
0.6431065, 0.5713727, 0.6800945, 0
0.5442081, 0.5626224, 0.4483472, 0
0.472289, 0.5712633, 0.4026904, 0
0.6388042, 0.5472486, 0.5629214, 0
0.5821654, 0.5559477, 0.5621846, 0
0.5684959, 0.5633761, 0.6537572, 0
0.3985007, 0.5636793, 0.2733333, 0
0.6861464, 0.5546554, 0.6974823, 0
0.3747, 0.5569898, 0.2600671, 0
0.4330241, 0.5711302, 0.4171465, 0
0.3579142, 0.5624756, 0.28421, 0
0.2801339, 0.5361949, 0.1801886, 0
0.6493309, 0.5686608, 0.6628843, 0
0.4747823, 0.5711355, 0.4099728, 0
0.7032064, 0.556868, 0.6620147, 0
0.559523, 0.5530039, 0.6253439, 0
0.6361324, 0.5598353, 0.6464661, 0
0.3523248, 0.5629024, 0.2871468, 0
0.2685028, 0.5603628, 0.2289164, 0
0.2361687, 0.5344037, 0.189477, 0
0.3944591, 0.5741457, 0.3427305, 0
0.6618404, 0.5446017, 0.6187223, 0
0.3929744, 0.565704, 0.2863902, 0
0.5751904, 0.5585468, 0.51221, 0
0.3845123, 0.5530298, 0.2353936, 0
0.4014316, 0.5802618, 0.3745482, 0
0.5256351, 0.5615212, 0.5014552, 0
0.6656738, 0.5428138, 0.737746, 0
0.5159723, 0.5650395, 0.5520802, 0
0.5009402, 0.5701184, 0.427489, 0
0.6178774, 0.5676693, 0.6593875, 0
0.4063915, 0.5821444, 0.3812784, 0
0.5594324, 0.5574057, 0.5472062, 0
0.3369971, 0.5608315, 0.285445, 0
0.2871973, 0.5595167, 0.1894722, 0
0.428915, 0.578627, 0.358554, 0
0.4115859, 0.5800601, 0.403701, 0
0.3743621, 0.5505746, 0.2395657, 0
0.3620422, 0.5622368, 0.3175788, 0
0.4168594, 0.5712224, 0.334079, 0
0.4468952, 0.5690272, 0.4240715, 0
0.4003251, 0.5826479, 0.4003293, 0
0.4046886, 0.5712228, 0.314046, 0
0.5603867, 0.5591362, 0.5423966, 0
0.3916862, 0.5640324, 0.279287, 0
0.6746541, 0.5622669, 0.6607555, 0
0.379434, 0.5522168, 0.2356663, 0
0.6968644, 0.5251225, 0.7242504, 0
0.3884253, 0.5716921, 0.312508, 0
0.4827866, 0.5718375, 0.4194672, 0
0.3358174, 0.5485672, 0.2263526, 0
0.256696, 0.5404451, 0.1882103, 0
0.6556573, 0.5542051, 0.6347454, 0
0.4275083, 0.5763165, 0.3525888, 0
0.3785352, 0.5711308, 0.3243452, 0
0.5642107, 0.5577562, 0.5138767, 0
0.40335, 0.5720108, 0.318885, 0
0.5776482, 0.5664079, 0.662996, 0
0.5888372, 0.5675918, 0.6515566, 0
0.6931142, 0.5522191, 0.6963488, 0
0.6369607, 0.5582286, 0.7313241, 0
0.5471912, 0.5605057, 0.5341202, 0
0.576774, 0.5613989, 0.5219668, 0
0.5175275, 0.5607931, 0.4635499, 0
0.5565529, 0.5531595, 0.6399802, 0
0.2878656, 0.538684, 0.193129, 0
0.5823988, 0.5464306, 0.5754422, 0
0.6029298, 0.5642322, 0.6484159, 0
0.4231787, 0.5706177, 0.3327727, 0
0.6035194, 0.5599809, 0.6236402, 0
0.4192741, 0.5763223, 0.4271421, 0
0.4485722, 0.5713366, 0.4051703, 0
0.5062404, 0.5625464, 0.4909505, 0
0.6591899, 0.5582243, 0.6445611, 0
0.5430437, 0.5615302, 0.5205446, 0
0.6956342, 0.5548499, 0.6795076, 0
0.2787952, 0.5433599, 0.2382181, 0
0.3965379, 0.5749837, 0.3522428, 0
0.3762129, 0.561417, 0.2709318, 0
0.3957061, 0.5610738, 0.262493, 0
0.5113197, 0.5678776, 0.5281796, 0
0.6290497, 0.5593469, 0.6460694, 0
0.6554963, 0.5436098, 0.6098464, 0
0.3058931, 0.5441461, 0.2298793, 0
0.3169047, 0.5424094, 0.2692383, 0
0.3820616, 0.5753059, 0.3650524, 0
0.3586529, 0.5624195, 0.2857779, 0
0.3101203, 0.5454666, 0.1813523, 0
0.4666778, 0.571485, 0.4017864, 0
0.3008281, 0.5487039, 0.1850358, 0
0.5740617, 0.5464144, 0.5795307, 0
0.3840392, 0.5726196, 0.343349, 0
0.5495806, 0.5495938, 0.5931618, 0
0.5671499, 0.5524654, 0.6292045, 0
0.4383498, 0.5771224, 0.3815827, 0
0.5425884, 0.55253, 0.6027471, 0
0.5980305, 0.5671966, 0.6800905, 0
0.4402573, 0.5697733, 0.3256165, 0
0.5428128, 0.5614002, 0.5175379, 0
0.2879889, 0.5396829, 0.260832, 0
0.7089401, 0.5298407, 0.7225316, 0
0.2950647, 0.5441824, 0.2198031, 0
0.5218318, 0.5605198, 0.4850349, 0
0.3560625, 0.5520641, 0.2624479, 0
0.2672933, 0.5775779, 0.1768211, 0
0.6494021, 0.5648154, 0.7091157, 0
0.4232547, 0.5741789, 0.431857, 0
0.3909008, 0.5695843, 0.3018984, 0
0.6347317, 0.5559446, 0.6233282, 0
0.3559817, 0.5530573, 0.2643663, 0
0.5516725, 0.5506522, 0.6021259, 0
0.6001443, 0.5642077, 0.6447695, 0
0.4677882, 0.5710102, 0.4541106, 0
0.2555199, 0.5489763, 0.2240012, 0
0.4227115, 0.5677657, 0.3027448, 0
0.4340996, 0.571165, 0.3328704, 0
0.3583182, 0.548771, 0.2301591, 0
0.6499464, 0.5463086, 0.6133645, 0
0.5753363, 0.5640716, 0.6479926, 0
0.3127034, 0.55317, 0.1833205, 0
0.6249763, 0.5433887, 0.5877073, 0
0.3827036, 0.5719019, 0.3450122, 0
0.4561443, 0.5715718, 0.3999205, 0
0.4285454, 0.5779811, 0.3834763, 0
0.2717119, 0.577767, 0.1836706, 0
0.4926833, 0.569576, 0.4480682, 0
0.6371057, 0.5633044, 0.7100177, 0
0.4481262, 0.5758682, 0.3844275, 0
0.368124, 0.5543779, 0.2074144, 0
0.4339847, 0.5732608, 0.4093564, 0
0.5104198, 0.5682327, 0.4168137, 0
0.6070211, 0.557291, 0.5434088, 0
0.4632913, 0.5704027, 0.4117211, 0
0.5504057, 0.5596426, 0.5218645, 0
0.4831171, 0.5672058, 0.4782628, 0
0.6525819, 0.5407856, 0.5764638, 0
0.4256434, 0.5769575, 0.3975597, 0
0.2635838, 0.563831, 0.2007433, 0
0.6604721, 0.5419577, 0.604012, 0
0.6691462, 0.5360457, 0.7376658, 0
0.5625069, 0.5596367, 0.54079, 0
0.6855506, 0.5470996, 0.7232652, 0
0.6564341, 0.5431367, 0.7434189, 0
0.4661221, 0.5730643, 0.3837195, 0
0.2725849, 0.5703872, 0.1864957, 0
0.6533338, 0.5505316, 0.6247961, 0
0.5102941, 0.5619537, 0.4489766, 0
0.3831139, 0.5751778, 0.3624253, 0
0.552359, 0.5526061, 0.6092587, 0
0.4917545, 0.5625039, 0.4868834, 0
0.5086883, 0.5706747, 0.3870543, 0
0.3312252, 0.5521405, 0.2748175, 0
0.6597067, 0.5461261, 0.739314, 0
0.3367299, 0.5597181, 0.2174497, 0
0.4755652, 0.5709954, 0.4455169, 0
0.5604444, 0.5530373, 0.5725583, 0
0.6623124, 0.5674306, 0.67501, 0
0.5533862, 0.5567695, 0.4982718, 0
0.5602443, 0.5604591, 0.5342796, 0
0.5457247, 0.5631811, 0.4574159, 0
0.4080099, 0.5722771, 0.3308871, 0
0.3293779, 0.5452507, 0.1915277, 0
0.5747963, 0.5642046, 0.6655148, 0
0.5816121, 0.5628151, 0.5281332, 0
0.2615208, 0.540915, 0.2363623, 0
0.3548827, 0.5477742, 0.2511164, 0
0.5178028, 0.5608459, 0.4654554, 0
0.6739623, 0.5154016, 0.726866, 0
0.5580918, 0.567113, 0.4557815, 0
0.2959984, 0.5331735, 0.1882663, 0
0.390913, 0.5749999, 0.3542966, 0
0.4189669, 0.5740016, 0.3495886, 0
0.544614, 0.563003, 0.4631396, 0
0.4523051, 0.5729898, 0.4596181, 0
0.6647736, 0.567566, 0.6822366, 0
0.5182543, 0.5666995, 0.4117839, 0
0.4083577, 0.5595353, 0.2643765, 0
0.5787359, 0.5494581, 0.5742529, 0
0.350252, 0.5508168, 0.2636308, 0
0.5951762, 0.5602115, 0.5490716, 0
0.6524457, 0.563602, 0.710497, 0
0.2987477, 0.5509142, 0.191516, 0
0.456076, 0.5695797, 0.4228546, 0
0.3092825, 0.5383675, 0.2642574, 0
0.448226, 0.571816, 0.4481241, 0
0.3323811, 0.5472575, 0.2325212, 0
0.3577718, 0.5615584, 0.2935259, 0
0.6289636, 0.5507064, 0.6028028, 0
0.5078476, 0.5663973, 0.5117168, 0
0.6999359, 0.5482619, 0.7154698, 0
0.449656, 0.5762862, 0.3812808, 0
0.5584688, 0.5476241, 0.5853934, 0
0.4352329, 0.5681765, 0.3170133, 0
0.2799533, 0.5342194, 0.1866647, 0
0.4758863, 0.5712485, 0.419511, 0
0.3496446, 0.5465586, 0.2513958, 0
0.511899, 0.560954, 0.452469, 0
0.2746495, 0.5698439, 0.1908901, 0
0.6263539, 0.5550088, 0.6195239, 0
0.3686758, 0.549398, 0.2430652, 0
0.4462329, 0.5724289, 0.4523447, 0
0.4499948, 0.5764302, 0.3724534, 0
0.3907508, 0.570446, 0.3064884, 0
0.5286766, 0.5657337, 0.4129779, 0
0.2865461, 0.5319097, 0.1682829, 0
0.4411734, 0.5776851, 0.3644408, 0
0.3733856, 0.5529851, 0.2500002, 0
0.6289052, 0.5650734, 0.7240466, 0
0.5552511, 0.5574521, 0.5089704, 0
0.4277315, 0.5653601, 0.2937715, 0
0.4323552, 0.5724459, 0.3385287, 0
0.4544968, 0.5704028, 0.4367108, 0
0.3016897, 0.5333968, 0.163407, 0
0.5897995, 0.554999, 0.5624493, 0
0.5344476, 0.5559055, 0.5622531, 0
0.5909411, 0.5520532, 0.5657603, 0
0.5531025, 0.5541209, 0.6235483, 0
0.6480703, 0.5409108, 0.749388, 0
0.3139044, 0.5466475, 0.2803046, 0
0.5031292, 0.567248, 0.5317476, 0
0.6360824, 0.5649133, 0.7026424, 0
0.2907162, 0.5436881, 0.2053473, 0
0.5726792, 0.5566003, 0.5031521, 0
0.5695796, 0.5571291, 0.5513864, 0
0.517414, 0.5605153, 0.4507613, 0
0.6069182, 0.5457905, 0.5994489, 0
0.4843518, 0.5637791, 0.5001943, 0
0.606774, 0.5464944, 0.5639237, 0
0.4019018, 0.5740014, 0.3472085, 0
0.4402884, 0.5776719, 0.3682008, 0
0.4818709, 0.5714594, 0.4144744, 0
0.31403, 0.5392624, 0.2590302, 0
0.654498, 0.5525677, 0.7259755, 0
0.5396748, 0.5614266, 0.5477335, 0
0.5102848, 0.5643631, 0.5057478, 0
0.4295427, 0.5652749, 0.2937527, 0
0.6178111, 0.5642269, 0.6543886, 0
0.4960282, 0.5678436, 0.4538579, 0
0.4137574, 0.5645426, 0.2808715, 0
0.4643254, 0.571729, 0.3938703, 0
0.2828933, 0.5439472, 0.2156138, 0
0.5871484, 0.5415728, 0.5883043, 0
0.3050715, 0.5658605, 0.2221412, 0
0.3021821, 0.5577846, 0.1565299, 0
0.288678, 0.5421819, 0.1596116, 0
0.6065128, 0.5579957, 0.6171039, 0
0.5664736, 0.555941, 0.5529911, 0
0.6173919, 0.5459166, 0.5634537, 0
0.2722763, 0.5659351, 0.1888461, 0
0.3154912, 0.5444124, 0.2015528, 0
0.6000413, 0.5462945, 0.5670612, 0
0.5000781, 0.5697001, 0.4358954, 0
0.5842961, 0.5650436, 0.6432287, 0
0.3111568, 0.5449694, 0.2801722, 0
0.318276, 0.541921, 0.2499958, 0
0.6370001, 0.5606852, 0.6507813, 0
0.6738667, 0.5648646, 0.6756353, 0
0.5931799, 0.5604715, 0.6861199, 0
0.4947557, 0.5664347, 0.5129458, 0
0.2604256, 0.5754355, 0.1847086, 0
0.5636297, 0.5578272, 0.5142831, 0
0.5528101, 0.5569255, 0.5526245, 0
0.6203818, 0.5562548, 0.6217116, 0
0.4874706, 0.5680148, 0.4712069, 0
0.4699899, 0.5720221, 0.3555884, 0
0.4025097, 0.5729557, 0.325596, 0
0.679522, 0.5630829, 0.6800671, 0
0.3195718, 0.5562061, 0.227446, 0
0.4247493, 0.5773779, 0.3573292, 0
0.5398524, 0.5597083, 0.5054112, 0
0.5863434, 0.5687395, 0.6640118, 0
0.3280154, 0.5493656, 0.2728022, 0
0.390431, 0.5743963, 0.3515092, 0
0.5189115, 0.5584964, 0.5661526, 0
0.407912, 0.5678043, 0.292963, 0
0.4671459, 0.5705232, 0.4195097, 0
0.4651118, 0.5720086, 0.4611455, 0
0.425921, 0.5687557, 0.3181979, 0
0.3794182, 0.5746567, 0.3687244, 0
0.4344048, 0.5771737, 0.3839202, 0
0.4245254, 0.56954, 0.3228644, 0
0.6397886, 0.5538759, 0.7470742, 0
0.5310332, 0.5555392, 0.5934835, 0
0.616202, 0.5599511, 0.646067, 0
0.5956194, 0.562748, 0.5315104, 0
0.5448859, 0.562953, 0.4552989, 0
0.3377867, 0.5590357, 0.2810061, 0
0.2818947, 0.5416453, 0.2035659, 0
0.4645722, 0.566205, 0.4917738, 0
0.5695586, 0.5562221, 0.5032661, 0
0.6701609, 0.5511628, 0.733403, 0
0.5120799, 0.560077, 0.4619617, 0
0.6237485, 0.5706616, 0.6735087, 0
0.6437441, 0.5456583, 0.7498316, 0
0.2845432, 0.5295958, 0.1872321, 0
0.3575545, 0.5468682, 0.2426484, 0
0.3050725, 0.5526944, 0.2394302, 0
0.3564163, 0.5523874, 0.2628887, 0
0.3256239, 0.5478196, 0.2119341, 0
0.4652354, 0.5716487, 0.4337542, 0
0.5143516, 0.5675554, 0.545888, 0
0.2556801, 0.5247904, 0.1915092, 0
0.5629495, 0.5565648, 0.506714, 0
0.5195294, 0.5663708, 0.4114994, 0
0.3235253, 0.5446768, 0.1979914, 0
0.3530271, 0.559074, 0.2761956, 0
0.36212, 0.5616355, 0.3075104, 0
0.3421531, 0.5500525, 0.2176905, 0
0.5499339, 0.5588977, 0.5126452, 0
0.4468487, 0.5721987, 0.4031594, 0
0.4901419, 0.5714492, 0.4002098, 0
0.6456603, 0.5664983, 0.7060141, 0
0.7009089, 0.5225119, 0.7211075, 0
0.4657905, 0.5702851, 0.417143, 0
0.5901268, 0.5429007, 0.598407, 0
0.5552415, 0.5595812, 0.5267555, 0
0.6218678, 0.5617946, 0.6906299, 0
0.6463614, 0.5492998, 0.7464254, 0
0.4718623, 0.5713705, 0.422574, 0
0.5252341, 0.5618137, 0.4637595, 0
0.7001376, 0.5579122, 0.6576309, 0
0.4982964, 0.5634986, 0.4953552, 0
0.2538587, 0.5433328, 0.2185795, 0
0.3971652, 0.5833038, 0.3855342, 0
0.2914782, 0.5503989, 0.2376231, 0
0.4582057, 0.5714576, 0.440044, 0
0.5955541, 0.5528033, 0.5617565, 0
0.6889054, 0.5055144, 0.7166504, 0
0.6982067, 0.5519127, 0.6904304, 0
0.5338602, 0.5637669, 0.5316362, 0
0.4514675, 0.5744037, 0.3892647, 0
0.5721483, 0.560981, 0.5252525, 0
0.3784985, 0.5522761, 0.2318476, 0
0.5299653, 0.5641518, 0.5229765, 0
0.6160988, 0.5434154, 0.5914489, 0
0.6622261, 0.5524725, 0.7213086, 0
0.3732379, 0.5625739, 0.2797188, 0
0.5447417, 0.5611051, 0.5327327, 0
0.6825073, 0.5554101, 0.7049033, 0
0.3364539, 0.5628466, 0.2907724, 0
0.3177778, 0.5465032, 0.2764638, 0
0.2678044, 0.5625397, 0.1956855, 0
0.2958287, 0.5394467, 0.1529829, 0
0.2844517, 0.548268, 0.1687696, 0
0.6028723, 0.5414736, 0.592463, 0
0.4670404, 0.5718225, 0.3570468, 0
0.5476507, 0.5633022, 0.4485474, 0
0.6681809, 0.5522961, 0.6341764, 0
0.5416196, 0.562702, 0.4693438, 0
0.6737103, 0.558242, 0.7062792, 0
0.5372009, 0.5540439, 0.5772063, 0
0.6873266, 0.5607862, 0.6725166, 0
0.6676307, 0.5671095, 0.6824589, 0
0.7026684, 0.5423476, 0.7201812, 0
0.6158766, 0.5457311, 0.5664298, 0
0.5639398, 0.546371, 0.6008522, 0
0.3916834, 0.5758592, 0.3593641, 0
0.3373886, 0.5444197, 0.2487525, 0
0.3582344, 0.5617173, 0.3245142, 0
0.3732633, 0.5615543, 0.2728794, 0
0.3781937, 0.5633283, 0.2852448, 0
0.3927357, 0.5741037, 0.348402, 0
0.3197152, 0.5462297, 0.2269566, 0
0.5336084, 0.5618357, 0.4677085, 0
0.6987323, 0.5571053, 0.6678491, 0
0.310415, 0.5566938, 0.1851348, 0
0.3650601, 0.561421, 0.2994073, 0
0.5837631, 0.5467429, 0.5742697, 0
0.3806719, 0.5708451, 0.3450299, 0
0.5300651, 0.5603787, 0.4849724, 0
0.3031105, 0.5698565, 0.206648, 0
0.6499749, 0.5516466, 0.7363732, 0
0.4615833, 0.5731234, 0.4678206, 0
0.3413074, 0.5644217, 0.2997526, 0
0.3836183, 0.5722392, 0.3488637, 0
0.5540856, 0.560111, 0.540484, 0
0.6489378, 0.5168785, 0.7396539, 0
0.6658493, 0.557171, 0.7121657, 0
0.6431528, 0.5417659, 0.5804421, 0
0.6465, 0.5555009, 0.7236719, 0
0.5950397, 0.5475583, 0.5674141, 0
0.3826016, 0.5648332, 0.2890769, 0
0.3383621, 0.5592386, 0.2810813, 0
0.2604218, 0.5375873, 0.2281417, 0
0.4290968, 0.5646937, 0.2910833, 0
0.4740782, 0.5719264, 0.3947547, 0
0.4142988, 0.5705959, 0.3196081, 0
0.3628708, 0.5484568, 0.2449326, 0
0.6037879, 0.5500428, 0.6048343, 0
0.3721801, 0.5624434, 0.2909551, 0
0.5864069, 0.5442386, 0.6027538, 0
0.3305844, 0.5564935, 0.2314609, 0
0.6846581, 0.5509312, 0.7162585, 0
0.5267721, 0.5653731, 0.5453238, 0
0.3054616, 0.5431506, 0.281853, 0
0.482109, 0.5722871, 0.36514, 0
0.4481861, 0.56951, 0.4394548, 0
0.2695064, 0.5548461, 0.2343867, 0
0.343408, 0.5463072, 0.2567392, 0
0.4909115, 0.571391, 0.3974229, 0
0.4023218, 0.5684546, 0.297881, 0
0.3644769, 0.5621125, 0.2863425, 0
0.4239029, 0.5804335, 0.3784617, 0
0.3739659, 0.5626497, 0.2798914, 0
0.6359985, 0.542601, 0.5841504, 0
0.478358, 0.5712601, 0.4726246, 0
0.5178277, 0.563327, 0.5729695, 0
0.4675079, 0.5729676, 0.3832123, 0
0.4211133, 0.5661484, 0.2937361, 0
0.5793873, 0.5609496, 0.4936391, 0
0.6553925, 0.5690106, 0.6713118, 0
0.4118698, 0.5771089, 0.365088, 0
0.5218537, 0.5664815, 0.5250108, 0
0.3018761, 0.5574669, 0.1955462, 0
0.4184034, 0.5710638, 0.3341412, 0
0.2414469, 0.5605057, 0.1934997, 0
0.553768, 0.5602219, 0.5330563, 0
0.3713943, 0.5625544, 0.2964745, 0
0.4162565, 0.5665512, 0.2926512, 0
0.2676905, 0.5342922, 0.1828537, 0
0.3877849, 0.5565931, 0.2511501, 0
0.3293843, 0.5446708, 0.2628509, 0
0.430618, 0.5706112, 0.3323541, 0
0.3238544, 0.5514619, 0.2383037, 0
0.5548363, 0.557005, 0.5504405, 0
0.5671273, 0.5570058, 0.5111464, 0
0.2959815, 0.549575, 0.1862236, 0
0.3399429, 0.5447862, 0.2435811, 0
0.6153433, 0.547401, 0.5579677, 0
0.4933359, 0.5650415, 0.5050292, 0
0.2652899, 0.5605773, 0.2298996, 0
0.4010052, 0.5733183, 0.3271504, 0
0.3798349, 0.559006, 0.260751, 0
0.5226014, 0.5567761, 0.5720794, 0
0.4984812, 0.570122, 0.4355402, 0
0.5513545, 0.5587621, 0.546941, 0
0.495956, 0.570786, 0.3767199, 0
0.2758898, 0.5442219, 0.2519566, 0
0.5036651, 0.5720829, 0.4122269, 0
0.5424384, 0.5612834, 0.4810899, 0
0.6164611, 0.5416749, 0.587018, 0
0.339211, 0.5641031, 0.3057483, 0
0.3558386, 0.5551672, 0.2680881, 0
0.6124769, 0.5535114, 0.5479383, 0
0.4234124, 0.5750526, 0.3507435, 0
0.4243473, 0.5722837, 0.3403117, 0
0.6253352, 0.5518689, 0.6053308, 0
0.6634067, 0.5675288, 0.6894017, 0
0.3440966, 0.5513551, 0.2089258, 0
0.2591149, 0.5388795, 0.191074, 0
0.3407478, 0.5638402, 0.3045835, 0
0.272035, 0.5341254, 0.2130851, 0
0.4618262, 0.5702174, 0.4211057, 0
0.626785, 0.5640039, 0.6550571, 0
0.3914231, 0.5649841, 0.2841591, 0
0.6416216, 0.5552374, 0.7304766, 0
0.2953306, 0.541437, 0.2509932, 0
0.6228343, 0.5653007, 0.6843471, 0
0.5663077, 0.5597987, 0.4851776, 0
0.5755781, 0.5449657, 0.6027586, 0
0.5757555, 0.5612935, 0.5398507, 0
0.5899115, 0.5422487, 0.5936771, 0
0.3758942, 0.5662231, 0.3030049, 0
0.6826356, 0.5605795, 0.6889434, 0
0.2938967, 0.5438841, 0.2334687, 0
0.6467558, 0.5492383, 0.6163384, 0
0.4456336, 0.5698739, 0.3265934, 0
0.5656381, 0.5607821, 0.5358753, 0
0.3364164, 0.5591915, 0.2821658, 0
0.5895143, 0.5620366, 0.5441146, 0
0.5552103, 0.5478873, 0.5912232, 0
0.3467877, 0.5482443, 0.2598917, 0
0.2698028, 0.5387759, 0.1657379, 0
0.5839576, 0.5644748, 0.4934859, 0
0.4218203, 0.5719529, 0.3392788, 0
0.6392875, 0.552932, 0.616733, 0
0.5731977, 0.5580382, 0.5512583, 0
0.483606, 0.5705591, 0.4601026, 0
0.3193385, 0.5441195, 0.2400337, 0
0.5031881, 0.5675188, 0.5561384, 0
0.6534341, 0.5604487, 0.6468816, 0
0.4262607, 0.5788115, 0.3614524, 0
0.6673916, 0.560672, 0.7066266, 0
0.5322384, 0.5638316, 0.5260395, 0
0.3947344, 0.5774989, 0.3698201, 0
0.4163376, 0.5814901, 0.3801125, 0
0.3990186, 0.5798017, 0.3734954, 0
0.3291933, 0.5449288, 0.2636863, 0
0.6229302, 0.5512086, 0.6030363, 0
0.5204251, 0.5606559, 0.4826779, 0
0.664746, 0.5595119, 0.6492503, 0
0.4536355, 0.5727923, 0.3377272, 0
0.3632795, 0.5640153, 0.3370386, 0
0.6228607, 0.5599705, 0.6477387, 0
0.258856, 0.552847, 0.1986464, 0
0.5768126, 0.5658064, 0.6542857, 0
0.4500362, 0.570179, 0.4401475, 0
0.4546551, 0.5741137, 0.343532, 0
0.4081086, 0.5822093, 0.3933523, 0
0.5160611, 0.5653881, 0.5111035, 0
0.4491935, 0.566423, 0.3154841, 0
0.4570999, 0.57239, 0.394451, 0
0.5650129, 0.5485708, 0.6099907, 0
0.4671338, 0.5723953, 0.4727066, 0
0.6267801, 0.5637778, 0.6895415, 0
0.3595526, 0.5624234, 0.3267247, 0
0.4719251, 0.5714666, 0.4406017, 0
0.4458146, 0.5709001, 0.4465008, 0
0.2827125, 0.5428016, 0.1838763, 0
0.4896658, 0.5723647, 0.4229855, 0
0.6020696, 0.5542188, 0.6091134, 0
0.5560227, 0.5507775, 0.6072497, 0
0.6211921, 0.5429658, 0.574736, 0
0.5724182, 0.564342, 0.4824079, 0
0.4849639, 0.5720714, 0.4190306, 0
0.5197753, 0.5610958, 0.4652608, 0
0.4732131, 0.5719096, 0.3872426, 0
0.49342, 0.5668742, 0.4619064, 0
0.3812728, 0.5715721, 0.3232199, 0
0.3667195, 0.5613469, 0.2756633, 0
0.4929339, 0.5723107, 0.4114799, 0
0.4371845, 0.5688204, 0.4483707, 0
0.2679631, 0.5195265, 0.1714358, 0
0.5225345, 0.557779, 0.5790223, 0
0.5769165, 0.5649006, 0.4874685, 0
0.4276382, 0.5710203, 0.4324207, 0
0.3609754, 0.5595104, 0.2731001, 0
0.3500537, 0.5627896, 0.3236374, 0
0.4266179, 0.5742157, 0.3473001, 0
0.5523922, 0.55364, 0.6144444, 0
0.4859342, 0.5712171, 0.3998327, 0
0.6727435, 0.5059454, 0.7183591, 0
0.5218443, 0.5605175, 0.4850432, 0
0.3625446, 0.5625503, 0.3396209, 0
0.5491741, 0.5504876, 0.5871319, 0
0.4561103, 0.574653, 0.3854387, 0
0.4009701, 0.5740776, 0.3473836, 0
0.4213963, 0.5753084, 0.4305951, 0
0.4475224, 0.5673023, 0.3181422, 0
0.3195212, 0.5437498, 0.2423139, 0
0.4311877, 0.5794693, 0.3632793, 0
0.4138883, 0.5724019, 0.3426394, 0
0.6045316, 0.5418408, 0.5818843, 0
0.5130996, 0.5610728, 0.4492227, 0
0.3537122, 0.5618498, 0.3225641, 0
0.4607855, 0.5744464, 0.3699, 0
0.5005214, 0.5663192, 0.4504352, 0
0.6638255, 0.5518034, 0.7265065, 0
0.3157581, 0.5743878, 0.1935366, 0
0.6121874, 0.5508097, 0.6019863, 0
0.4709262, 0.5710306, 0.4479564, 0
0.4052856, 0.5730552, 0.3412105, 0
0.5589384, 0.548989, 0.6046793, 0
0.3399571, 0.5525659, 0.2122321, 0
0.2825531, 0.557492, 0.2135967, 0
0.6043793, 0.5440824, 0.5987766, 0
0.2767211, 0.5308882, 0.1861303, 0
0.6180961, 0.5615036, 0.6505302, 0
0.6488926, 0.5595097, 0.643718, 0
0.5537952, 0.5596156, 0.5267429, 0
0.3482592, 0.5623253, 0.3099893, 0
0.5347006, 0.561275, 0.4484058, 0
0.5330734, 0.5547194, 0.5721738, 0
0.4292896, 0.5798224, 0.3648872, 0
0.4147545, 0.5783153, 0.4172207, 0
0.6242765, 0.5625702, 0.6898972, 0
0.4926478, 0.5709409, 0.383097, 0
0.3595686, 0.5617816, 0.3159988, 0
0.5031829, 0.5617642, 0.4602338, 0
0.6246967, 0.5561473, 0.6284006, 0
0.5610458, 0.5546389, 0.5625785, 0
0.6345439, 0.552197, 0.6100638, 0
0.4222307, 0.581075, 0.3765123, 0
0.6422214, 0.5588745, 0.6358044, 0
0.5809656, 0.5425218, 0.5925059, 0
0.3975289, 0.5677022, 0.2924014, 0
0.5464281, 0.5617256, 0.4786952, 0
0.2701247, 0.5635656, 0.1804151, 0
0.330204, 0.5648199, 0.1928516, 0
0.4056153, 0.5729381, 0.3392015, 0
0.4776412, 0.5711154, 0.4416455, 0
0.6699331, 0.5455919, 0.7333662, 0
0.34749, 0.5506714, 0.264641, 0
0.4536726, 0.5714949, 0.4443096, 0
0.5944172, 0.5426807, 0.576353, 0
0.578662, 0.5648183, 0.6482566, 0
0.4337872, 0.5703571, 0.4228099, 0
0.5319595, 0.5611063, 0.4782902, 0
0.4312196, 0.5795599, 0.3716236, 0
0.5794681, 0.5565641, 0.6312811, 0
0.5617332, 0.5589606, 0.5430427, 0
0.5529739, 0.5587904, 0.5156736, 0
0.4795967, 0.5712164, 0.4706464, 0
0.3630834, 0.5615176, 0.3059748, 0
0.5407555, 0.5626162, 0.469576, 0
0.5640032, 0.5640337, 0.4720283, 0
0.4906444, 0.5628682, 0.4901807, 0
0.4828685, 0.5722975, 0.4264407, 0
0.2727904, 0.553441, 0.221668, 0
0.3698988, 0.5675986, 0.3223788, 0
0.4762608, 0.5719795, 0.4256681, 0
0.5083181, 0.5614209, 0.4544713, 0
0.3956791, 0.5750989, 0.353142, 0
0.6769657, 0.5345505, 0.7342966, 0
0.3818945, 0.5630425, 0.2747906, 0
0.3506338, 0.5492136, 0.2259257, 0
0.6660862, 0.5399167, 0.7385879, 0
0.5953341, 0.5625391, 0.6305885, 0
0.5340677, 0.5623636, 0.4290172, 0
0.4211041, 0.5771972, 0.3593416, 0
0.624106, 0.5624051, 0.652544, 0
0.363419, 0.5643421, 0.3353455, 0
0.4356279, 0.575462, 0.3462938, 0
0.2653675, 0.522669, 0.1846262, 0
0.5333088, 0.5540724, 0.5902088, 0
0.4485813, 0.5756386, 0.3509967, 0
0.2700244, 0.5778822, 0.1633854, 0
0.3559702, 0.548531, 0.2539614, 0
0.6266299, 0.5421578, 0.5820978, 0
0.3058913, 0.5454456, 0.2085216, 0
0.49828, 0.5663553, 0.5078046, 0
0.3969425, 0.5724659, 0.3172277, 0
0.316412, 0.5550073, 0.2018953, 0
0.4374374, 0.5778927, 0.3733314, 0
0.4952921, 0.5708258, 0.3794597, 0
0.5661358, 0.5605285, 0.5276968, 0
0.4454319, 0.5757717, 0.3884608, 0
0.2546336, 0.5329314, 0.1709468, 0
0.307239, 0.5640951, 0.1969362, 0
0.5853304, 0.560499, 0.5073928, 0
0.443751, 0.5706527, 0.4478173, 0
0.5532846, 0.5568916, 0.5521563, 0
0.5875102, 0.5558097, 0.561803, 0
0.2905565, 0.5478331, 0.1995201, 0
0.5975882, 0.5622352, 0.5309526, 0
0.3933394, 0.5740646, 0.3314247, 0
0.2847889, 0.5416371, 0.252409, 0
0.3955649, 0.5807714, 0.3772544, 0
0.5641353, 0.5548131, 0.5589806, 0
0.294346, 0.5636633, 0.1609461, 0
0.6952343, 0.5463464, 0.7186492, 0
0.5493261, 0.5595337, 0.5463767, 0
0.3427397, 0.5640803, 0.297963, 0
0.6364205, 0.5518872, 0.6107613, 0
0.3898802, 0.565268, 0.285768, 0
0.4944464, 0.5687311, 0.4507333, 0
0.4044544, 0.5649607, 0.2808038, 0
0.6228506, 0.5698028, 0.6772649, 0
0.4227554, 0.5688936, 0.3155611, 0
0.263043, 0.5337638, 0.2198938, 0
0.287525, 0.5409873, 0.2554986, 0
0.6046084, 0.5652909, 0.6524341, 0
0.4774211, 0.5708709, 0.4752953, 0
0.6885055, 0.5598023, 0.6580303, 0
0.4028816, 0.57603, 0.3631617, 0
0.3968846, 0.5644793, 0.2792766, 0
0.4246284, 0.5678651, 0.3043968, 0
0.5474579, 0.5628222, 0.446121, 0
0.5759909, 0.5460756, 0.6075963, 0
0.6477745, 0.543255, 0.5946755, 0
0.2518878, 0.521341, 0.1848061, 0
0.6477693, 0.5530967, 0.7324904, 0
0.2738742, 0.5530711, 0.2322988, 0
0.3322227, 0.5595531, 0.2861965, 0
0.4315932, 0.565503, 0.2946333, 0
0.2777647, 0.5635698, 0.2251821, 0
0.3946797, 0.5672346, 0.2918469, 0
0.5093523, 0.5611414, 0.4540665, 0
0.5047771, 0.5600751, 0.4692908, 0
0.3502909, 0.5507056, 0.2191046, 0
0.3729831, 0.5540368, 0.2537022, 0
0.4857596, 0.5701613, 0.4554877, 0
0.6410119, 0.5538167, 0.7441118, 0
0.3527555, 0.5564414, 0.2713735, 0
0.3108056, 0.5456951, 0.281813, 0
0.5503674, 0.5616558, 0.4777773, 0
0.3154504, 0.5408805, 0.2671424, 0
0.5117133, 0.5623761, 0.5580387, 0
0.4980459, 0.571586, 0.3960277, 0
0.552911, 0.5602042, 0.5332698, 0
0.5571322, 0.5648795, 0.4655744, 0
0.3049004, 0.5455503, 0.1776072, 0
0.4935612, 0.5707383, 0.3777151, 0
0.4633192, 0.5733811, 0.3832823, 0
0.4675282, 0.5734426, 0.3740751, 0
0.4619117, 0.5733715, 0.3842492, 0
0.2767928, 0.5328557, 0.1753662, 0
0.6569418, 0.5428076, 0.5946075, 0
0.6832666, 0.5064138, 0.7180159, 0
0.4602694, 0.5733717, 0.3631408, 0
0.5558177, 0.5590494, 0.522257, 0
0.2717193, 0.5705348, 0.1950842, 0
0.2734685, 0.5310117, 0.1868817, 0
0.6165187, 0.5635689, 0.6860489, 0
0.3637649, 0.5634621, 0.3200346, 0
0.5507671, 0.5553476, 0.5642598, 0
0.3802502, 0.5709796, 0.3337114, 0
0.3477015, 0.5589941, 0.2774361, 0
0.4819127, 0.570887, 0.4615672, 0
0.6082647, 0.56008, 0.6302816, 0
0.3500496, 0.5577781, 0.2742477, 0
0.3621923, 0.5523903, 0.2171068, 0
0.257387, 0.5682383, 0.1763813, 0
0.3413598, 0.5626329, 0.2885769, 0
0.4456111, 0.5715072, 0.4486751, 0
0.4858774, 0.5721895, 0.4239345, 0
0.3636663, 0.5496798, 0.2309801, 0
0.5956747, 0.5640135, 0.6374828, 0
0.4329602, 0.5784912, 0.3584176, 0
0.3492794, 0.5543469, 0.2697777, 0
0.3554672, 0.5612504, 0.3086567, 0
0.6699336, 0.5213868, 0.7347397, 0
0.6381192, 0.5685821, 0.6964898, 0
0.3922245, 0.563201, 0.272514, 0
0.4963945, 0.5653982, 0.5262627, 0
0.5193748, 0.5624367, 0.5556942, 0
0.5925877, 0.5417235, 0.5851459, 0
0.4927272, 0.5691376, 0.4508555, 0
0.4852179, 0.5645776, 0.481132, 0
0.582954, 0.5669827, 0.6534167, 0
0.6751986, 0.5580282, 0.7052434, 0
0.3839309, 0.5663536, 0.2940103, 0
0.4657224, 0.5732557, 0.3825948, 0
0.4779298, 0.5712426, 0.4099535, 0
0.3652308, 0.5652523, 0.3319188, 0
0.3011304, 0.5654216, 0.2083521, 0
0.3590157, 0.5615264, 0.294542, 0
0.3870048, 0.5755371, 0.3601446, 0
0.5011179, 0.5610556, 0.4802396, 0
0.4891003, 0.5717197, 0.4328989, 0
0.3552332, 0.5466194, 0.2461422, 0
0.2752446, 0.5506684, 0.247827, 0
0.5762752, 0.5554067, 0.6329992, 0
0.4736104, 0.5720546, 0.4658681, 0
0.2718478, 0.541604, 0.1671984, 0
0.506417, 0.5602248, 0.4624552, 0
0.5049076, 0.5669873, 0.5140759, 0
0.5145147, 0.5678251, 0.5312225, 0
0.6351512, 0.5583006, 0.7342156, 0
0.6471704, 0.5597153, 0.6435929, 0
0.5632769, 0.5587862, 0.488142, 0
0.4173534, 0.5780848, 0.4098281, 0
0.4501948, 0.5686998, 0.4276242, 0
0.5170385, 0.5604886, 0.4611423, 0
0.6867348, 0.5371227, 0.729443, 0
0.4283484, 0.579975, 0.3728133, 0
0.435252, 0.5763645, 0.3932187, 0
0.6546853, 0.5565842, 0.7169043, 0
0.4456814, 0.5758391, 0.46534, 0
0.3833024, 0.5725803, 0.3397152, 0
0.5467794, 0.5608123, 0.5350994, 0
0.2992874, 0.5440495, 0.2317308, 0
0.3981843, 0.5830494, 0.384633, 0
0.3897796, 0.5765476, 0.3668268, 0
0.4912865, 0.5626578, 0.4885629, 0
0.3476774, 0.5604672, 0.2809604, 0
0.5464568, 0.5548766, 0.5665981, 0
0.4815235, 0.563929, 0.5021191, 0
0.2529787, 0.5631855, 0.196672, 0
0.345608, 0.5621192, 0.2866083, 0
0.502081, 0.5671734, 0.5349104, 0
0.5784023, 0.5454496, 0.5790327, 0
0.282356, 0.5422206, 0.2229775, 0
0.6726348, 0.5500319, 0.7255335, 0
0.5592918, 0.5467669, 0.5878201, 0
0.4454739, 0.5700335, 0.3273844, 0
0.4359126, 0.5717958, 0.4115269, 0
0.679107, 0.5530599, 0.7148228, 0
0.5369037, 0.5628961, 0.5323322, 0
0.6994094, 0.5577478, 0.6653293, 0
0.5149859, 0.5626069, 0.4403527, 0
0.4700208, 0.5712822, 0.4028308, 0
0.5775738, 0.5598031, 0.4938732, 0
0.5917176, 0.5691709, 0.669644, 0
0.6379525, 0.5465448, 0.5992671, 0
0.3452103, 0.5521476, 0.2032741, 0
0.4146999, 0.5684874, 0.3025615, 0
0.4725448, 0.5715045, 0.400517, 0
0.4978611, 0.5724892, 0.4149288, 0
0.3918338, 0.5691215, 0.2996525, 0
0.399995, 0.5738298, 0.3411863, 0
0.5952838, 0.5626147, 0.5257117, 0
0.4832393, 0.5699755, 0.4710083, 0
0.4787787, 0.5707531, 0.4489938, 0
0.4544079, 0.5676837, 0.324905, 0
0.4631024, 0.571269, 0.4541268, 0
0.5855283, 0.5520623, 0.5682326, 0
0.3128308, 0.5451651, 0.218995, 0
0.3653829, 0.5515913, 0.2213189, 0
0.5254107, 0.561307, 0.5553532, 0
0.5166797, 0.5701669, 0.4015345, 0
0.378224, 0.5639142, 0.2897656, 0
0.6371836, 0.5493495, 0.560424, 0
0.4597773, 0.5731448, 0.4859774, 0
0.4228653, 0.5709351, 0.334452, 0
0.5938886, 0.5630928, 0.5294724, 0
0.3342444, 0.5564932, 0.2782073, 0
0.6502863, 0.5527567, 0.6261901, 0
0.4790705, 0.5719727, 0.3737048, 0
0.4513313, 0.57397, 0.3938929, 0
0.497485, 0.5631654, 0.4936338, 0
0.25385, 0.5695096, 0.1824532, 0
0.3530052, 0.5501534, 0.2608615, 0
0.3406149, 0.5644879, 0.2981176, 0
0.2774874, 0.5782554, 0.1749879, 0
0.6475732, 0.5530422, 0.7334055, 0
0.6593047, 0.5107371, 0.730359, 0
0.3752778, 0.5629728, 0.2829699, 0
0.367054, 0.5653487, 0.3369833, 0
0.3602998, 0.5630731, 0.3317571, 0
0.6435924, 0.5541958, 0.7337037, 0
0.7131187, 0.5455113, 0.7110609, 0
0.527082, 0.5603582, 0.4370183, 0
0.6835821, 0.5519805, 0.6331469, 0
0.2903123, 0.5233064, 0.1662877, 0
0.3631584, 0.5496972, 0.2503455, 0
0.5929576, 0.5475824, 0.6081103, 0
0.3150016, 0.547174, 0.2437878, 0
0.4825627, 0.5676017, 0.4785141, 0
0.2938642, 0.570035, 0.1960191, 0
0.509169, 0.5612931, 0.4537344, 0
0.4501534, 0.5752243, 0.4675617, 0
0.3337725, 0.5454281, 0.2405408, 0
0.5918574, 0.5626436, 0.6319247, 0
0.6135992, 0.5586076, 0.6358045, 0
0.6268783, 0.5636209, 0.6981273, 0
0.6298594, 0.5451315, 0.591666, 0
0.2788045, 0.5765987, 0.1769137, 0
0.4169463, 0.5751932, 0.3574022, 0
0.4934578, 0.5643446, 0.4694547, 0
0.3413494, 0.5642867, 0.3006831, 0
0.3930363, 0.5711561, 0.3091058, 0
0.2829627, 0.5703259, 0.1715481, 0
0.5020836, 0.5675111, 0.5210345, 0
0.46299, 0.5721332, 0.4614569, 0
0.5959685, 0.5679882, 0.6542077, 0
0.5266513, 0.560643, 0.4800795, 0
0.4764083, 0.5709341, 0.4138251, 0
0.3137671, 0.5446998, 0.2358291, 0
0.517161, 0.560563, 0.4526207, 0
0.5938236, 0.5629091, 0.5109541, 0
0.5538014, 0.5562351, 0.5568453, 0
0.3064778, 0.5590851, 0.2314792, 0
0.3914205, 0.5741692, 0.3393003, 0
0.6489657, 0.5166408, 0.7393207, 0
0.4237464, 0.5699602, 0.3284166, 0
0.3335764, 0.549015, 0.2002045, 0
0.6477337, 0.552128, 0.6227786, 0
0.4708945, 0.5721691, 0.4685105, 0
0.4036278, 0.5773829, 0.3676766, 0
0.3848327, 0.5778247, 0.376408, 0
0.4784918, 0.5726194, 0.3574304, 0
0.3092079, 0.5435964, 0.233462, 0
0.4695321, 0.5715253, 0.4258686, 0
0.4438352, 0.574894, 0.3962295, 0
0.6291605, 0.5676985, 0.6842967, 0
0.515418, 0.5648852, 0.4330706, 0
0.5822343, 0.5671013, 0.6697867, 0
0.5552627, 0.5545722, 0.56792, 0
0.3316047, 0.5487159, 0.2167757, 0
0.5114216, 0.5683969, 0.414779, 0
0.6978438, 0.5515764, 0.6930853, 0
0.4791053, 0.5721328, 0.4264672, 0
0.698772, 0.5544076, 0.6740348, 0
0.3026549, 0.5755062, 0.1965008, 0
0.6644656, 0.5435177, 0.5931023, 0
0.3081906, 0.5648748, 0.2025243, 0
0.6680734, 0.5314746, 0.7384318, 0
0.5155587, 0.5603745, 0.4625855, 0
0.4401491, 0.5677847, 0.4336285, 0
0.4973974, 0.5612918, 0.4806395, 0
0.6225944, 0.5419999, 0.5825683, 0
0.529654, 0.5608166, 0.500241, 0
0.3647633, 0.5649008, 0.3259066, 0
0.2912831, 0.552645, 0.2506545, 0
0.617527, 0.557098, 0.6307044, 0
0.6862168, 0.5584181, 0.6886323, 0
0.6287602, 0.5431492, 0.5671337, 0
0.679776, 0.5590944, 0.6963214, 0
0.4513621, 0.5745078, 0.46489, 0
0.4605632, 0.5742813, 0.3792821, 0
0.258, 0.5609731, 0.1921902, 0
0.4864891, 0.5628198, 0.5156518, 0
0.5220626, 0.561487, 0.5005772, 0
0.4188198, 0.5693459, 0.3129678, 0
0.3344715, 0.564308, 0.2954386, 0
0.6306247, 0.5421544, 0.5791338, 0
0.2617576, 0.5366386, 0.2148621, 0
0.6639254, 0.5424998, 0.5975667, 0
0.4636506, 0.5725153, 0.357335, 0
0.3960788, 0.5562731, 0.2496831, 0
0.392765, 0.5733561, 0.3244559, 0
0.6539242, 0.5581515, 0.7160884, 0
0.5296936, 0.5646403, 0.4238571, 0
0.494349, 0.5720409, 0.4226219, 0
0.2891247, 0.5518215, 0.244129, 0
0.611363, 0.5567052, 0.5367353, 0
0.5655605, 0.5599663, 0.5247927, 0
0.5690622, 0.5565932, 0.5083919, 0
0.5359508, 0.5632721, 0.5312279, 0
0.3063791, 0.563953, 0.1752953, 0
0.5205587, 0.5668698, 0.5258706, 0
0.5089118, 0.563417, 0.445457, 0
0.5931497, 0.542783, 0.5989352, 0
0.5094419, 0.5616165, 0.4522082, 0
0.3637443, 0.5583864, 0.2696497, 0
0.4723967, 0.5719515, 0.3880741, 0
0.5545579, 0.5588908, 0.5196015, 0
0.4550504, 0.5737316, 0.3420245, 0
0.3220152, 0.5473672, 0.2739569, 0
0.6129536, 0.5677629, 0.6816157, 0
0.5857019, 0.5623453, 0.5160722, 0
0.3819375, 0.5636972, 0.2810063, 0
0.3813019, 0.5689453, 0.3041343, 0
0.6201436, 0.5523717, 0.6060992, 0
0.6063731, 0.5672693, 0.657656, 0
0.3149779, 0.5490352, 0.2832088, 0
0.5938985, 0.5418043, 0.5879908, 0
0.6100196, 0.5588698, 0.6243354, 0
0.2440781, 0.5478399, 0.2036014, 0
0.5406003, 0.558898, 0.4958497, 0
0.3561078, 0.5624982, 0.2845762, 0
0.5174246, 0.560872, 0.4660698, 0
0.2995697, 0.5631964, 0.1720411, 0
0.6607136, 0.5419832, 0.6112944, 0
0.3148578, 0.5603733, 0.2033375, 0
0.4059568, 0.5661371, 0.2857879, 0
0.3139289, 0.5644725, 0.2038803, 0
0.3776126, 0.553041, 0.2465182, 0
0.5054784, 0.5679753, 0.4352364, 0
0.3656104, 0.5597553, 0.271646, 0
0.6312504, 0.5610893, 0.7361457, 0
0.4288439, 0.5764912, 0.3962448, 0
0.2628633, 0.5676716, 0.1801434, 0
0.4468145, 0.5722382, 0.4511515, 0
0.4782366, 0.5726746, 0.359306, 0
0.3473576, 0.5531113, 0.2685885, 0
0.5574511, 0.5522576, 0.5761206, 0
0.5834048, 0.5415779, 0.587033, 0
0.4762211, 0.5699847, 0.4783902, 0
0.565072, 0.5595451, 0.5223999, 0
0.2717311, 0.5430506, 0.2255644, 0
0.4746565, 0.5700633, 0.4794935, 0
0.5187117, 0.5633568, 0.5055476, 0
0.5339347, 0.5558406, 0.5630516, 0
0.428398, 0.5679561, 0.3083154, 0
0.553025, 0.5538317, 0.6174899, 0
0.6567042, 0.5493426, 0.6250255, 0
0.4143457, 0.5803137, 0.3952481, 0
0.4013788, 0.566656, 0.2880887, 0
0.3207209, 0.5541582, 0.2864914, 0
0.4456935, 0.5757654, 0.3897364, 0
0.5125203, 0.568422, 0.5418328, 0
0.5773625, 0.5663494, 0.6622392, 0
0.5454437, 0.5631371, 0.4646677, 0
0.4888985, 0.5714289, 0.4014073, 0
0.6580538, 0.5511286, 0.6298066, 0
0.4226018, 0.5696136, 0.3232383, 0
0.5597574, 0.5562453, 0.5511533, 0
0.3072776, 0.5419931, 0.2782671, 0
0.4877367, 0.5711547, 0.3941216, 0
0.4053821, 0.5629666, 0.2721475, 0
0.5546091, 0.5535598, 0.6192538, 0
0.3421126, 0.5626912, 0.2888403, 0
0.6631148, 0.5431636, 0.5837628, 0
0.5192584, 0.5670197, 0.5460771, 0
0.6317843, 0.5423542, 0.5715913, 0
0.4565751, 0.5731289, 0.3915561, 0
0.3953962, 0.5754977, 0.3560633, 0
0.6435162, 0.559594, 0.7218437, 0
0.4649936, 0.5712359, 0.4295523, 0
0.6206262, 0.5495613, 0.5993339, 0
0.5930336, 0.5643816, 0.6826432, 0
0.3979638, 0.5688978, 0.2983024, 0
0.35788, 0.5613809, 0.2976605, 0
0.4385541, 0.5679211, 0.433304, 0
0.6466914, 0.557394, 0.6337976, 0
0.5261242, 0.5605647, 0.4823444, 0
0.3364924, 0.55068, 0.2079969, 0
0.449873, 0.5744984, 0.3902558, 0
0.6376959, 0.5583891, 0.6326998, 0
0.5676352, 0.5587309, 0.5181503, 0
0.587979, 0.561701, 0.6315736, 0
0.6239722, 0.5672091, 0.65894, 0
0.3466151, 0.5621764, 0.2863657, 0
0.505712, 0.5687523, 0.4262992, 0
0.4946056, 0.5629364, 0.491425, 0
0.4387459, 0.5674069, 0.4414578, 0
0.3916982, 0.5736763, 0.3270862, 0
0.2822264, 0.5461895, 0.1538307, 0
0.6147299, 0.5578485, 0.6300351, 0
0.2908221, 0.5439341, 0.2227848, 0
0.3911649, 0.5756474, 0.3580028, 0
0.4316848, 0.5702531, 0.4295179, 0
0.6444311, 0.5586841, 0.6366113, 0
0.3055404, 0.5406638, 0.2518028, 0
0.5581868, 0.5575273, 0.4925658, 0
0.525922, 0.560508, 0.4490074, 0
0.537887, 0.5619163, 0.4546488, 0
0.3805332, 0.5719072, 0.3539135, 0
0.5943147, 0.5649811, 0.6821609, 0
0.4841636, 0.5720224, 0.3649456, 0
0.5735117, 0.5490393, 0.5767614, 0
0.6277999, 0.5602495, 0.6485323, 0
0.5649042, 0.5584162, 0.5179858, 0
0.6199386, 0.5473623, 0.5956621, 0
0.5616023, 0.560528, 0.5321496, 0
0.6289691, 0.56499, 0.6892927, 0
0.3514608, 0.5596647, 0.329983, 0
0.4128057, 0.5796895, 0.3711462, 0
0.6856822, 0.5504504, 0.6300457, 0
0.398649, 0.5626832, 0.2680489, 0
0.5724457, 0.5550956, 0.5625743, 0
0.4513138, 0.5751431, 0.3854583, 0
0.3077374, 0.5404161, 0.2739774, 0
0.2574167, 0.5599216, 0.2016107, 0
0.6262546, 0.5562484, 0.6318681, 0
0.5972542, 0.5595976, 0.6208323, 0
0.3931803, 0.5740752, 0.3452826, 0
0.4900014, 0.5691589, 0.4582722, 0
0.586918, 0.5625047, 0.5416883, 0
0.4338122, 0.5780461, 0.3567202, 0
0.6789658, 0.5106184, 0.72202, 0
0.6253053, 0.5423216, 0.5838605, 0
0.264833, 0.537271, 0.1708879, 0
0.487543, 0.5700666, 0.4529355, 0
0.5534167, 0.5608371, 0.4794466, 0
0.5365854, 0.5617235, 0.4530951, 0
0.6015929, 0.5658935, 0.683494, 0
0.6238419, 0.5669727, 0.6826876, 0
0.5099416, 0.5626613, 0.5579876, 0
0.3178905, 0.5483848, 0.279527, 0
0.2691973, 0.5307095, 0.2096845, 0
0.6944641, 0.5284898, 0.7263942, 0
0.2745974, 0.5410509, 0.2255663, 0
0.2607827, 0.5551925, 0.1718117, 0
0.306644, 0.548097, 0.2153325, 0
0.5195989, 0.5622329, 0.4370729, 0
0.5997885, 0.55079, 0.6073446, 0
0.4178055, 0.5651616, 0.2863196, 0
0.4515626, 0.5751325, 0.3852223, 0
0.4774228, 0.5713993, 0.418157, 0
0.2895156, 0.5777468, 0.1939758, 0
0.5005199, 0.5668762, 0.5255645, 0
0.4201513, 0.5705817, 0.3315624, 0
0.3563751, 0.5518534, 0.2619164, 0
0.4529117, 0.575577, 0.3818976, 0
0.3631177, 0.5560818, 0.2661193, 0
0.2588094, 0.5402265, 0.210008, 0
0.5749904, 0.5537285, 0.5690238, 0
0.6284877, 0.5429575, 0.568873, 0
0.3439018, 0.5571582, 0.1916057, 0
0.6129903, 0.5616755, 0.6876497, 0
0.6828832, 0.5616043, 0.6806018, 0
0.5218592, 0.5574583, 0.5651315, 0
0.3253492, 0.5470954, 0.2709611, 0
0.5574957, 0.5531688, 0.631893, 0
0.4719588, 0.571151, 0.4452226, 0
0.502488, 0.5714283, 0.3923977, 0
0.4402008, 0.5758477, 0.3462432, 0
0.4074915, 0.570951, 0.3145206, 0
0.624301, 0.5704798, 0.6672228, 0
0.3231852, 0.5559795, 0.2342725, 0
0.5162396, 0.5602726, 0.4591512, 0
0.3289442, 0.5574627, 0.2853311, 0
0.3051852, 0.5552791, 0.2074584, 0
0.4596059, 0.573794, 0.3521737, 0
0.2885816, 0.5402925, 0.2582933, 0
0.4591933, 0.5748302, 0.3735377, 0
0.4087871, 0.5806658, 0.3746199, 0
0.5158913, 0.5602469, 0.4597489, 0
0.6248742, 0.5652342, 0.7170697, 0
0.5757278, 0.5519951, 0.5722176, 0
0.3586977, 0.5578362, 0.2709917, 0
0.2667433, 0.5600215, 0.1811316, 0
0.4651217, 0.571885, 0.481529, 0
0.5444484, 0.551944, 0.5864006, 0
0.6619918, 0.5519128, 0.7273391, 0
0.6666946, 0.5486723, 0.731859, 0
0.5967711, 0.5642693, 0.6399367, 0
0.4355168, 0.5705783, 0.3302093, 0
0.5164641, 0.5609676, 0.4922194, 0
0.5542474, 0.5569334, 0.5047733, 0
0.4907643, 0.5657974, 0.4715297, 0
0.3565935, 0.559857, 0.276156, 0
0.4885345, 0.5698313, 0.4526857, 0
0.6450284, 0.557615, 0.6328234, 0
0.3145315, 0.5353884, 0.1754716, 0
0.5682626, 0.5474867, 0.6093357, 0
0.5331497, 0.5537871, 0.5858606, 0
0.3956623, 0.5834603, 0.3864881, 0
0.4274134, 0.5681571, 0.3127229, 0
0.3124531, 0.5573013, 0.2290054, 0
0.645875, 0.5711374, 0.6939771, 0
0.5346425, 0.5602448, 0.4340932, 0
0.2924769, 0.5588326, 0.1657375, 0
0.6312995, 0.5696333, 0.6808247, 0
0.4449564, 0.5719699, 0.4509577, 0
0.4665332, 0.5732691, 0.3719421, 0
0.6598102, 0.5467303, 0.6220888, 0
0.3624723, 0.5528004, 0.2600161, 0
0.5816647, 0.559613, 0.634375, 0
0.6629097, 0.5610126, 0.6513265, 0
0.5840529, 0.5600061, 0.5513534, 0
0.3579892, 0.5610622, 0.3054355, 0
0.3208725, 0.5596905, 0.2205447, 0
0.5561554, 0.5565094, 0.5021356, 0
0.485378, 0.5718271, 0.4305273, 0
0.6703486, 0.5205467, 0.7339779, 0
0.4263879, 0.5792253, 0.363477, 0
0.6019129, 0.5488672, 0.6049464, 0
0.5273927, 0.556665, 0.5633433, 0
0.6881778, 0.5398765, 0.7275174, 0
0.4418149, 0.5676846, 0.3149329, 0
0.5805485, 0.5616855, 0.5410502, 0
0.4352063, 0.570313, 0.4183935, 0
0.365166, 0.5610633, 0.2750523, 0
0.5598618, 0.5481319, 0.5833274, 0
0.5094091, 0.5663683, 0.4351348, 0
0.6282325, 0.5563836, 0.6303914, 0
0.4118303, 0.5673884, 0.2922832, 0
0.4890838, 0.5716906, 0.4079389, 0
0.4870995, 0.5713242, 0.4054337, 0
0.6222556, 0.570719, 0.6713431, 0
0.4409096, 0.5771965, 0.3766596, 0
0.4734007, 0.5720903, 0.3825189, 0
0.4070476, 0.5588368, 0.2623217, 0
0.571098, 0.5591271, 0.5175222, 0
0.5668977, 0.5538387, 0.5665271, 0
0.6113536, 0.569946, 0.6749842, 0
0.2485597, 0.5537884, 0.2105216, 0
0.6730993, 0.5428722, 0.6198123, 0
0.5035616, 0.5617029, 0.4599392, 0
0.2822987, 0.5564398, 0.2181995, 0
0.6570264, 0.544794, 0.6156304, 0
0.3290009, 0.5434318, 0.2594918, 0
0.4114166, 0.5753109, 0.3597091, 0
0.3435491, 0.5455333, 0.2528258, 0
0.4583965, 0.5704638, 0.4327511, 0
0.6555012, 0.5137396, 0.7348344, 0
0.6274605, 0.5670141, 0.6594872, 0
0.3151866, 0.5447901, 0.2331471, 0
0.4952787, 0.5643827, 0.4661497, 0
0.4911664, 0.5669292, 0.4675343, 0
0.4393475, 0.5746226, 0.4581988, 0
0.6428985, 0.5713975, 0.6887046, 0
0.293257, 0.5553033, 0.1653806, 0
0.6261955, 0.5471599, 0.5588654, 0
0.5144407, 0.5674232, 0.5232201, 0
0.5663484, 0.5441966, 0.5906227, 0
0.3591269, 0.5612537, 0.3075858, 0
0.5868697, 0.5616943, 0.5456197, 0
0.416696, 0.5762383, 0.3606733, 0
0.3541866, 0.5512312, 0.2621199, 0
0.5510544, 0.5589868, 0.5465995, 0
0.4153848, 0.5730227, 0.3468289, 0
0.3286301, 0.544901, 0.2433291, 0
0.2834843, 0.535102, 0.2051028, 0
0.495829, 0.5646915, 0.5034516, 0
0.51058, 0.5714178, 0.3935783, 0
0.6196257, 0.5457392, 0.56246, 0
0.5884531, 0.5595995, 0.6258239, 0
0.3116398, 0.5521433, 0.2452154, 0
0.5324228, 0.5612898, 0.4744425, 0
0.5603824, 0.5604429, 0.5325463, 0
0.3280679, 0.5482683, 0.2713461, 0
0.3278587, 0.5505305, 0.2253464, 0
0.6610127, 0.5610771, 0.6504644, 0
0.4871518, 0.5728408, 0.3574811, 0
0.3806297, 0.5614465, 0.2685215, 0
0.27406, 0.5639873, 0.2112666, 0
0.4024155, 0.5705928, 0.3094449, 0
0.2695912, 0.5237336, 0.1865706, 0
0.2678398, 0.5409282, 0.2280668, 0
0.5871755, 0.5617304, 0.545405, 0
0.4625407, 0.5703217, 0.4121954, 0
0.6578599, 0.555428, 0.7167563, 0
0.4988357, 0.5621955, 0.4880406, 0
0.3729294, 0.5625373, 0.2884377, 0
0.4262188, 0.575179, 0.411946, 0
0.5182557, 0.5656318, 0.4257827, 0
0.4601239, 0.5733963, 0.3630149, 0
0.4156049, 0.5806884, 0.3727209, 0
0.3702577, 0.5623409, 0.2957094, 0
0.5227576, 0.5638377, 0.4303913, 0
0.5992345, 0.5596699, 0.6877531, 0
0.677539, 0.5634865, 0.6700066, 0
0.6142844, 0.5576675, 0.6217293, 0
0.4194978, 0.5763364, 0.42075, 0
0.358438, 0.5521969, 0.2615252, 0
0.6379911, 0.5564738, 0.7424623, 0
0.4740272, 0.5708184, 0.4534271, 0
0.4879621, 0.5714284, 0.4025895, 0
0.4676677, 0.5721284, 0.3536598, 0
0.5076291, 0.5670239, 0.5149526, 0
0.6019078, 0.5634629, 0.6437455, 0
0.5494595, 0.5553188, 0.5643049, 0
0.3266636, 0.5677545, 0.1905887, 0
0.7039229, 0.554377, 0.6707249, 0
0.5434389, 0.562064, 0.4433919, 0
0.4291998, 0.5787184, 0.3588236, 0
0.4597345, 0.5703585, 0.4069402, 0
0.340998, 0.5522659, 0.1870502, 0
0.3538468, 0.5617003, 0.3195691, 0
0.569934, 0.557684, 0.5495335, 0
0.2480695, 0.5537855, 0.2030957, 0
0.5148296, 0.5628257, 0.5023792, 0
0.6599454, 0.5425591, 0.5990161, 0
0.5505804, 0.5568605, 0.4999014, 0
0.5877581, 0.5635731, 0.5314413, 0
0.6274907, 0.5421396, 0.5816674, 0
0.5310736, 0.560743, 0.5017332, 0
0.5158324, 0.5602174, 0.5627757, 0
0.3011855, 0.5672434, 0.1955193, 0
0.6108242, 0.5408298, 0.5853123, 0
0.467909, 0.5724005, 0.4707523, 0
0.595927, 0.5626965, 0.6310676, 0
0.4682007, 0.5704746, 0.4150965, 0
0.3364856, 0.5571435, 0.2031277, 0
0.5744031, 0.552677, 0.5710822, 0
0.6397926, 0.5697029, 0.6659492, 0
0.6441261, 0.5669789, 0.7049384, 0
0.5819923, 0.5481085, 0.6130428, 0
0.698571, 0.5423424, 0.7213223, 0
0.6071695, 0.5600974, 0.6882571, 0
0.5721914, 0.5671168, 0.4811664, 0
0.4901205, 0.5723351, 0.4181365, 0
0.6598341, 0.5610829, 0.7104431, 0
0.4814108, 0.5715508, 0.3832181, 0
0.5746849, 0.5577971, 0.5530783, 0
0.32826, 0.5539575, 0.2794389, 0
0.5482997, 0.5580488, 0.5064994, 0
0.6924435, 0.5524181, 0.6961787, 0
0.3972046, 0.5643424, 0.2786473, 0
0.371391, 0.5625548, 0.2963095, 0
0.3335434, 0.5482978, 0.2253887, 0
0.5327069, 0.5601414, 0.4948998, 0
0.5289957, 0.5630251, 0.5505864, 0
0.3910184, 0.5741547, 0.3396128, 0
0.5877007, 0.5625225, 0.5145903, 0
0.5606126, 0.5471774, 0.5999297, 0
0.4174539, 0.5747736, 0.3542788, 0
0.5210336, 0.5669082, 0.5299758, 0
0.3641765, 0.5542845, 0.2091584, 0
0.5204791, 0.5654123, 0.5504628, 0
0.5503807, 0.5602461, 0.538199, 0
0.476398, 0.5717728, 0.3787999, 0
0.4171965, 0.5725552, 0.3444912, 0
0.4828634, 0.5715041, 0.3953061, 0
0.318629, 0.54178, 0.1901213, 0
0.6637511, 0.5645714, 0.6610092, 0
0.4767347, 0.5718632, 0.4335781, 0
0.2960833, 0.5370762, 0.26618, 0
0.52152, 0.5607283, 0.4792525, 0
0.6666044, 0.5247931, 0.7382876, 0
0.3653685, 0.5655594, 0.328312, 0
0.3222709, 0.5468842, 0.2153014, 0
0.2741071, 0.5472767, 0.2380997, 0
0.3535055, 0.5511178, 0.2624305, 0
0.648618, 0.5439904, 0.6039797, 0
0.3967718, 0.5739702, 0.3355224, 0
0.4764909, 0.5639401, 0.4919735, 0
0.3687039, 0.5532471, 0.255832, 0
0.5720931, 0.5437694, 0.5969863, 0
0.4531566, 0.5705019, 0.4388898, 0
0.4552358, 0.5699495, 0.4117776, 0
0.4863369, 0.5717207, 0.4111874, 0
0.4977935, 0.5695513, 0.4416181, 0
0.3986201, 0.5678206, 0.2931766, 0
0.4767413, 0.5716889, 0.3807656, 0
0.5859213, 0.5474398, 0.6106961, 0
0.4039853, 0.5669196, 0.28877, 0
0.3445131, 0.5455378, 0.2514728, 0
0.4906944, 0.5715388, 0.4342734, 0
0.2607464, 0.5724041, 0.1981755, 0
0.2999846, 0.5440758, 0.2148411, 0
0.29152, 0.5243607, 0.1750748, 0
0.5015485, 0.5635452, 0.4577584, 0
0.3668464, 0.5545058, 0.2073638, 0
0.6230006, 0.5658757, 0.656985, 0
0.2831655, 0.5218933, 0.1848684, 0
0.3485095, 0.5464024, 0.2373081, 0
0.2881523, 0.5424054, 0.2467925, 0
0.4734884, 0.5708709, 0.414761, 0
0.5307781, 0.5649102, 0.4218663, 0
0.3818691, 0.5653955, 0.2927185, 0
0.6193495, 0.544938, 0.567747, 0
0.5481062, 0.5636206, 0.461423, 0
0.4773498, 0.570967, 0.455843, 0
0.4888779, 0.5722424, 0.415657, 0
0.3716549, 0.5608745, 0.2714401, 0
0.6276309, 0.5433604, 0.5868566, 0
0.6560227, 0.5659746, 0.7026864, 0
0.6642188, 0.5481073, 0.7369187, 0
0.5231772, 0.5570718, 0.5650026, 0
0.3585803, 0.5615636, 0.3226209, 0
0.4750334, 0.5634236, 0.5115517, 0
0.4777141, 0.5724022, 0.3696841, 0
0.4697727, 0.5716267, 0.3342008, 0
0.630371, 0.5651855, 0.7203367, 0
0.4913032, 0.5671331, 0.4657626, 0
0.4195657, 0.5678115, 0.3012302, 0
0.532003, 0.5608611, 0.5042759, 0
0.5150381, 0.5612763, 0.4455617, 0
0.4691283, 0.570538, 0.4154256, 0
0.4952153, 0.5644708, 0.4660225, 0
0.5833158, 0.5629572, 0.5268192, 0
0.5623816, 0.5528973, 0.6335539, 0
0.5767809, 0.5656016, 0.6531823, 0
0.6052715, 0.5698487, 0.6746555, 0
0.4624875, 0.5730579, 0.3517925, 0
0.4041149, 0.5778795, 0.3688779, 0
0.5879154, 0.5647163, 0.6400738, 0
0.6188974, 0.5555291, 0.6162407, 0
0.2918695, 0.5484798, 0.2037228, 0
0.461921, 0.5715404, 0.3349505, 0
0.4269816, 0.5674461, 0.3028643, 0
0.6337236, 0.5524824, 0.6106494, 0
0.5051961, 0.568976, 0.4236622, 0
0.3966969, 0.5752156, 0.3538201, 0
0.3410056, 0.5453603, 0.2405507, 0
0.3256141, 0.5472192, 0.2088469, 0
0.4351308, 0.5745925, 0.3436891, 0
0.2526506, 0.5459869, 0.1831425, 0
0.3849478, 0.5645528, 0.2847858, 0
0.367837, 0.5583886, 0.2678462, 0
0.4992177, 0.5709395, 0.3843549, 0
0.5460417, 0.5605323, 0.5435092, 0
0.5595831, 0.5583364, 0.5443769, 0
0.3474482, 0.5471652, 0.2336845, 0
0.5002886, 0.5700845, 0.4291789, 0
0.5512444, 0.5644211, 0.4503688, 0
0.4086925, 0.5718307, 0.3234178, 0
0.4525793, 0.5751207, 0.3626342, 0
0.5905912, 0.547805, 0.5694323, 0
0.4602883, 0.5716372, 0.4407979, 0
0.457286, 0.573207, 0.3411576, 0
0.2617444, 0.5210934, 0.1856628, 0
0.5280674, 0.5603014, 0.4914111, 0
0.5646534, 0.5528995, 0.6328742, 0
0.3864865, 0.5635646, 0.2770416, 0
0.3134656, 0.5410739, 0.2699483, 0
0.6869539, 0.5531873, 0.7115756, 0
0.2569533, 0.5476505, 0.2313916, 0
0.4434793, 0.5687977, 0.4425341, 0
0.6884083, 0.5361144, 0.7288989, 0
0.3412875, 0.556446, 0.2755814, 0
0.4470622, 0.566472, 0.3124674, 0
0.6035454, 0.5413592, 0.5851592, 0
0.5468694, 0.559758, 0.4857225, 0
0.5074549, 0.5709056, 0.3870275, 0
0.2722307, 0.5791537, 0.1883635, 0
0.5875186, 0.5665549, 0.6472718, 0
0.2497794, 0.518013, 0.1897237, 0
0.5298002, 0.5565856, 0.5623845, 0
0.4479317, 0.5743926, 0.4607113, 0
0.4532776, 0.5738135, 0.3925163, 0
0.3559532, 0.5605631, 0.1940478, 0
0.3770009, 0.5654255, 0.2993927, 0
0.3249383, 0.5425773, 0.2619604, 0
0.3445878, 0.5461278, 0.255457, 0
0.3761221, 0.5698493, 0.318489, 0
0.3092439, 0.535297, 0.1736278, 0
0.4869545, 0.5668234, 0.4751804, 0
0.5227662, 0.5648484, 0.514743, 0
0.6513752, 0.5457998, 0.6132132, 0
0.2817462, 0.5517105, 0.1531391, 0
0.4615933, 0.5726019, 0.4838988, 0
0.563224, 0.5612979, 0.6511759, 0
0.4885762, 0.5639825, 0.5153726, 0
0.6028086, 0.546652, 0.6025092, 0
0.3952432, 0.5684358, 0.2966657, 0
0.4842128, 0.5713808, 0.4107659, 0
0.5583167, 0.5488033, 0.6032664, 0
0.4131521, 0.5789384, 0.3692886, 0
0.5724403, 0.543323, 0.5886101, 0
0.2928521, 0.5362083, 0.1602063, 0
0.3962205, 0.5830501, 0.3845457, 0
0.4081495, 0.5768542, 0.3658686, 0
0.595892, 0.5416901, 0.5852306, 0
0.5011051, 0.5611971, 0.4822313, 0
0.5946104, 0.5630145, 0.5310498, 0
0.5695641, 0.5578819, 0.5486683, 0
0.4884844, 0.5671943, 0.4718291, 0
0.4137626, 0.5812754, 0.3761815, 0
0.3965366, 0.5667042, 0.2891463, 0
0.3520141, 0.5603535, 0.2795799, 0
0.4269534, 0.5795101, 0.3645355, 0
0.4106656, 0.5753701, 0.3601983, 0
0.5490006, 0.5586988, 0.5096169, 0
0.5593189, 0.5570327, 0.4952818, 0
0.6620618, 0.5620947, 0.6532786, 0
0.6784596, 0.5305709, 0.7337436, 0
0.6553832, 0.5614369, 0.6494473, 0
0.3738649, 0.5627906, 0.2830228, 0
0.3337951, 0.5457752, 0.2619972, 0
0.5129096, 0.567476, 0.5225952, 0
0.6653224, 0.5566138, 0.7132893, 0
0.478613, 0.5638732, 0.5005725, 0
0.4102841, 0.5801291, 0.4051824, 0
0.47897, 0.572502, 0.3552212, 0
0.547307, 0.5561636, 0.6206966, 0
0.5163017, 0.5605029, 0.4629402, 0
0.3132729, 0.5427012, 0.1712113, 0
0.340311, 0.5634354, 0.3074372, 0
0.5938221, 0.5632009, 0.5355765, 0
0.6560297, 0.5691146, 0.6884984, 0
0.5962331, 0.558636, 0.552264, 0
0.2621526, 0.557344, 0.2013544, 0
0.398135, 0.5833908, 0.393024, 0
0.5533686, 0.5551192, 0.5652983, 0
0.3124311, 0.5396862, 0.2551902, 0
0.370281, 0.5635676, 0.3040884, 0
0.6168411, 0.5609486, 0.7053863, 0
0.5758098, 0.545302, 0.5801377, 0
0.381023, 0.5743037, 0.3611764, 0
0.6567348, 0.5655848, 0.7034104, 0
0.5413489, 0.5621935, 0.4756644, 0
0.4699416, 0.5716368, 0.4383684, 0
0.4749444, 0.5712051, 0.4191976, 0
0.5439551, 0.560275, 0.4844673, 0
0.3848704, 0.5728856, 0.3432859, 0
0.2766992, 0.5461916, 0.2250592, 0
0.3085972, 0.5394906, 0.1919399, 0
0.4130502, 0.5672233, 0.2935039, 0
0.2491449, 0.5598297, 0.1956889, 0
0.5281385, 0.5607528, 0.5907578, 0
0.3367856, 0.5492761, 0.218769, 0
0.2764188, 0.5703415, 0.1730276, 0
0.5686631, 0.5595708, 0.5206503, 0
0.5703782, 0.5498869, 0.6171377, 0
0.590749, 0.5417516, 0.5795945, 0
0.3388048, 0.5458997, 0.2588623, 0
0.647453, 0.5162396, 0.738605, 0
0.3202189, 0.5584543, 0.2940266, 0
0.7072856, 0.518434, 0.7182651, 0
0.5145129, 0.5604134, 0.4662913, 0
0.4751011, 0.5717441, 0.4370282, 0
0.3645275, 0.5635774, 0.3406239, 0
0.2581744, 0.5099951, 0.1738759, 0
0.4869117, 0.571287, 0.3846359, 0
0.2808249, 0.5456676, 0.2514473, 0
0.299381, 0.5443358, 0.2296284, 0
0.4474378, 0.5766622, 0.3718547, 0
0.5756779, 0.5470012, 0.6114715, 0
0.642023, 0.5622758, 0.6544646, 0
0.4690746, 0.5718294, 0.4775172, 0
0.5159947, 0.5609394, 0.4466987, 0
0.29736, 0.5555558, 0.2122751, 0
0.6554968, 0.5553982, 0.6371172, 0
0.4528206, 0.5751352, 0.3566642, 0
0.650546, 0.555959, 0.6343785, 0
0.4496982, 0.5732459, 0.3979998, 0
0.3801691, 0.558807, 0.2600137, 0
0.632604, 0.5500066, 0.602453, 0
0.4768758, 0.571382, 0.4032055, 0
0.4989693, 0.5666975, 0.5108892, 0
0.4331935, 0.5669727, 0.3016895, 0
0.4607426, 0.5708293, 0.4322458, 0
0.6679586, 0.5511034, 0.7258558, 0
0.4337371, 0.5659905, 0.2965537, 0
0.3315052, 0.5529377, 0.2755824, 0
0.4651782, 0.5721428, 0.3396503, 0
0.4175002, 0.577362, 0.4266276, 0
0.3040175, 0.5675842, 0.2098952, 0
0.4835615, 0.5720223, 0.4206091, 0
0.384929, 0.5632859, 0.2752005, 0
0.581153, 0.5678384, 0.4905917, 0
0.5366575, 0.5606027, 0.5070872, 0
0.3305527, 0.5435466, 0.2516506, 0
0.5084469, 0.5639495, 0.4449682, 0
0.4814929, 0.5707265, 0.4451558, 0
0.3998365, 0.5722296, 0.3174483, 0
0.2747689, 0.560192, 0.202174, 0
0.6127671, 0.5623627, 0.6870931, 0
0.4357671, 0.5735843, 0.4068164, 0
0.6550592, 0.5442775, 0.6116519, 0
0.3493089, 0.5632675, 0.2930484, 0
0.5442062, 0.5572396, 0.6167483, 0
0.6493021, 0.5681515, 0.7019305, 0
0.5503557, 0.5533454, 0.5763741, 0
0.2651266, 0.5360888, 0.2032479, 0
0.5558154, 0.5653192, 0.4614894, 0
0.6143464, 0.5586468, 0.6376639, 0
0.5479489, 0.5590953, 0.4880004, 0
0.5810362, 0.5441743, 0.6002877, 0
0.6050491, 0.5606611, 0.6283785, 0
0.4122484, 0.5673632, 0.2939092, 0
0.3308512, 0.5454604, 0.2635621, 0
0.3018865, 0.5390201, 0.2766157, 0
0.3660779, 0.5515901, 0.2539473, 0
0.5635527, 0.5500453, 0.5776845, 0
0.367448, 0.5619057, 0.2790073, 0
0.2915464, 0.5496932, 0.1782855, 0
0.4154833, 0.5776349, 0.3645858, 0
0.4957582, 0.5708873, 0.3735364, 0
0.4872832, 0.5720726, 0.3625667, 0
0.5125555, 0.5601041, 0.46096, 0
0.4669959, 0.5735473, 0.3755357, 0
0.2847395, 0.5434642, 0.2047528, 0
0.3372797, 0.5489199, 0.2247333, 0
0.5008794, 0.5725141, 0.408011, 0
0.4793796, 0.5691529, 0.4775854, 0
0.3956406, 0.5696512, 0.3018703, 0
0.5493952, 0.5619909, 0.4767962, 0
0.5407156, 0.5623304, 0.4514824, 0
0.3731812, 0.5516992, 0.246731, 0
0.3197333, 0.5644233, 0.1801941, 0
0.3797181, 0.553582, 0.2466464, 0
0.5230452, 0.5655321, 0.4222595, 0
0.6081369, 0.5590515, 0.6228167, 0
0.5057772, 0.5608023, 0.4602838, 0
0.53895, 0.5621389, 0.4598713, 0
0.6069446, 0.5583104, 0.6182488, 0
0.3921268, 0.5715964, 0.3120229, 0
0.5211538, 0.5607379, 0.4766425, 0
0.5829011, 0.5622947, 0.5393648, 0
0.4301797, 0.5735655, 0.3434604, 0
0.3472046, 0.5465952, 0.2539493, 0
0.2920513, 0.5368865, 0.268001, 0
0.4005429, 0.5736487, 0.3329907, 0
0.5315742, 0.5648946, 0.421537, 0
0.5470876, 0.5601207, 0.5454382, 0
0.3445635, 0.5453848, 0.2428113, 0
0.4041565, 0.5774072, 0.3677485, 0
0.2847437, 0.5551131, 0.1690398, 0
0.4314353, 0.5705183, 0.332288, 0
0.4462485, 0.5763932, 0.3572235, 0
0.5897026, 0.5626018, 0.5003867, 0
0.3508037, 0.5509926, 0.2637744, 0
0.4238792, 0.572524, 0.3417064, 0
0.6266269, 0.565483, 0.7193371, 0
0.4615276, 0.5701808, 0.4186975, 0
0.6095352, 0.5458918, 0.5981834, 0
0.3025126, 0.5757434, 0.1945433, 0
0.619702, 0.5629406, 0.711276, 0
0.6282369, 0.5541915, 0.6162609, 0
0.5077743, 0.5655667, 0.5075797, 0
0.5896811, 0.5631167, 0.5380958, 0
0.4422896, 0.5697817, 0.4468948, 0
0.6395478, 0.557706, 0.6299921, 0
0.6068128, 0.5614259, 0.6406951, 0
0.4136893, 0.5816032, 0.3788202, 0
0.2483893, 0.5249262, 0.1864852, 0
0.5189191, 0.5658365, 0.4216767, 0
0.4087947, 0.5823476, 0.3854567, 0
0.3105824, 0.5562698, 0.1960219, 0
0.3535669, 0.5542331, 0.1991581, 0
0.4045267, 0.5677807, 0.292821, 0
0.3083488, 0.5442476, 0.2069417, 0
0.5524534, 0.5545794, 0.5684813, 0
0.6656073, 0.5637367, 0.6597143, 0
0.6107483, 0.5594481, 0.6368776, 0
0.6290756, 0.5631259, 0.7290338, 0
0.361656, 0.5620819, 0.2842899, 0
0.5153543, 0.5607231, 0.4509013, 0
0.3850317, 0.5703301, 0.3085198, 0
0.6849284, 0.5566327, 0.6938111, 0
0.5059508, 0.5687488, 0.4247198, 0
0.5934927, 0.5626915, 0.5403529, 0
0.3573008, 0.5619457, 0.3294728, 0
0.2807519, 0.5486807, 0.1501337, 0
0.5190875, 0.5634869, 0.5061896, 0
0.6064615, 0.5596392, 0.6884876, 0
0.5012142, 0.560884, 0.4678974, 0
0.3299423, 0.5489978, 0.2125764, 0
0.3599656, 0.5602092, 0.2751935, 0
0.4571325, 0.5698346, 0.4122583, 0
0.4551799, 0.5722867, 0.3962675, 0
0.2921783, 0.5573769, 0.1786789, 0
0.2623667, 0.5384117, 0.1964181, 0
0.5776394, 0.5619072, 0.5363044, 0
0.420491, 0.5808641, 0.3814337, 0
0.7101834, 0.5418795, 0.7171003, 0
0.3722067, 0.5620002, 0.2761501, 0
0.5966343, 0.5624614, 0.5307918, 0
0.6858625, 0.5562834, 0.6491053, 0
0.3861323, 0.553393, 0.2305804, 0
0.6499428, 0.5388005, 0.7489188, 0
0.5794572, 0.5624734, 0.5280478, 0
0.6444299, 0.5713114, 0.676886, 0
0.6693757, 0.5278264, 0.7374179, 0
0.4984143, 0.5687071, 0.4434445, 0
0.4485654, 0.5766283, 0.3741021, 0
0.4770655, 0.5724499, 0.3688418, 0
0.5503683, 0.5643233, 0.4581403, 0
0.5863863, 0.5618235, 0.6332764, 0
0.5316343, 0.5618275, 0.4636868, 0
0.513638, 0.5615148, 0.4461623, 0
0.5258745, 0.5642645, 0.5159015, 0
0.3948898, 0.5660518, 0.287221, 0
0.3456734, 0.5589342, 0.2781997, 0
0.4884375, 0.5712098, 0.3677455, 0
0.4797854, 0.5714942, 0.4168189, 0
0.3053861, 0.5380343, 0.2616317, 0
0.5079723, 0.5681552, 0.5369987, 0
0.3198269, 0.541294, 0.2617809, 0
0.4104967, 0.5743451, 0.3543205, 0
0.65459, 0.5507266, 0.7355151, 0
0.2378634, 0.5317959, 0.1916631, 0
0.2767985, 0.5227207, 0.1915636, 0
0.2987833, 0.5489948, 0.2132897, 0
0.4942126, 0.5656454, 0.5355594, 0
0.5483605, 0.558252, 0.5518209, 0
0.6946542, 0.5519791, 0.7111039, 0
0.6760331, 0.5514528, 0.7183578, 0
0.6686439, 0.5455666, 0.6222218, 0
0.5121658, 0.5648979, 0.5076935, 0
0.4103413, 0.5659654, 0.2858602, 0
0.4100436, 0.5780731, 0.3680623, 0
0.6735355, 0.5453616, 0.7315385, 0
0.3613594, 0.5593193, 0.3416389, 0
0.5179044, 0.5606313, 0.4839773, 0
0.5567032, 0.5583277, 0.5149224, 0
0.7087405, 0.5522715, 0.6876714, 0
0.5519089, 0.5584794, 0.5107231, 0
0.373887, 0.5627232, 0.2905248, 0
0.6073028, 0.5471669, 0.5607056, 0
0.432981, 0.5766926, 0.3920935, 0
0.2587383, 0.5293694, 0.166211, 0
0.3603923, 0.5628264, 0.327618, 0
0.3889616, 0.5629489, 0.2720295, 0
0.3449192, 0.5634638, 0.2928223, 0
0.6025713, 0.5412608, 0.5876608, 0
0.488524, 0.5722609, 0.4233214, 0
0.3816642, 0.5754161, 0.3673086, 0
0.6015091, 0.5606527, 0.5382553, 0
0.2941002, 0.5439307, 0.2330766, 0
0.5500115, 0.5576704, 0.5527399, 0
0.5612122, 0.5481984, 0.5820363, 0
0.6205122, 0.563008, 0.6530679, 0
0.4205172, 0.5750936, 0.3537599, 0
0.2901817, 0.536974, 0.1758035, 0
0.4239732, 0.572193, 0.3396142, 0
0.5172835, 0.5641698, 0.5078676, 0
0.4977067, 0.5699372, 0.4390182, 0
0.5368488, 0.5623336, 0.4291988, 0
0.492216, 0.5649722, 0.5049262, 0
0.640007, 0.5433291, 0.589079, 0
0.4893364, 0.570987, 0.3879567, 0
0.3759346, 0.5632222, 0.2886062, 0
0.6277968, 0.5516231, 0.6048462, 0
0.4627289, 0.5735787, 0.3822753, 0
0.3787363, 0.5736252, 0.3624205, 0
0.5640387, 0.5588723, 0.6567606, 0
0.4156465, 0.5680338, 0.3003207, 0
0.293492, 0.5384026, 0.1906685, 0
0.4029238, 0.5750715, 0.3543122, 0
0.2586351, 0.5451128, 0.2283488, 0
0.3645619, 0.5622159, 0.3088575, 0
0.5416958, 0.5586364, 0.4942961, 0
0.5760822, 0.5611593, 0.5415711, 0
0.6462257, 0.5546774, 0.6262556, 0
0.6368243, 0.5495565, 0.6045985, 0
0.4914069, 0.5648293, 0.4718027, 0
0.7050298, 0.54763, 0.7139927, 0
0.560937, 0.5469581, 0.5846872, 0
0.5555657, 0.5655036, 0.4595977, 0
0.530333, 0.5634866, 0.5173761, 0
0.4918387, 0.5710185, 0.3824562, 0
0.625412, 0.5532183, 0.611167, 0
0.3034894, 0.5707235, 0.1790219, 0
0.4316415, 0.5685537, 0.4363757, 0
0.2967604, 0.5654207, 0.2259605, 0
0.3648315, 0.5652186, 0.3289019, 0
0.4381855, 0.5766875, 0.3865253, 0
0.4316006, 0.5672197, 0.3039508, 0
0.4511057, 0.575347, 0.3544898, 0
0.5822527, 0.5627814, 0.5337439, 0
0.6156177, 0.5616614, 0.6503096, 0
0.3107864, 0.5447922, 0.2081774, 0
0.3473116, 0.5603771, 0.2807006, 0
0.5666047, 0.5580727, 0.6592216, 0
0.4195814, 0.5741611, 0.3507751, 0
0.5551905, 0.5589198, 0.5206693, 0
0.5612761, 0.5625545, 0.4731476, 0
0.6466061, 0.5515315, 0.7424346, 0
0.4347495, 0.569457, 0.3247626, 0
0.3827408, 0.5722052, 0.3386805, 0
0.3984328, 0.5670478, 0.2895993, 0
0.3277963, 0.5440229, 0.1888958, 0
0.4408773, 0.577206, 0.3775589, 0
0.58338, 0.5418898, 0.5840005, 0
0.5406225, 0.5625526, 0.4718076, 0
0.4910498, 0.5710179, 0.3813767, 0
0.4781132, 0.5707585, 0.4476769, 0
0.6111773, 0.5415702, 0.5806352, 0
0.5901236, 0.5621883, 0.63153, 0
0.6960319, 0.5370859, 0.7251648, 0
0.5806643, 0.5645635, 0.675567, 0
0.2925308, 0.5182568, 0.1659156, 0
0.471096, 0.5717981, 0.435867, 0
0.4363417, 0.5702893, 0.4158859, 0
0.4082948, 0.5678993, 0.2958555, 0
0.4401201, 0.5675537, 0.4408337, 0
0.4331234, 0.5705331, 0.4221126, 0
0.6518645, 0.5478488, 0.6185565, 0
0.6705567, 0.5505931, 0.7254648, 0
0.3188478, 0.5426197, 0.2675241, 0
0.5445527, 0.5588623, 0.4907194, 0
0.5087605, 0.5611595, 0.4546989, 0
0.6370553, 0.5499767, 0.6057341, 0
0.4909089, 0.5685418, 0.4603131, 0
0.5849321, 0.5534397, 0.5668367, 0
0.5503671, 0.5535634, 0.5756131, 0
0.4141685, 0.5702153, 0.3165843, 0
0.5111364, 0.5701399, 0.4100623, 0
0.6134158, 0.5565274, 0.5332084, 0
0.5431811, 0.5520689, 0.5870504, 0
0.5604823, 0.5518625, 0.6171228, 0
0.5070229, 0.5644777, 0.504598, 0
0.503892, 0.5666927, 0.4435618, 0
0.5072632, 0.5667983, 0.5130845, 0
0.6591083, 0.5550959, 0.6385309, 0
0.4999774, 0.5649151, 0.5035266, 0
0.6890228, 0.5595882, 0.6760612, 0
0.6268246, 0.5705583, 0.6753483, 0
0.3920469, 0.5725994, 0.317684, 0
0.4084265, 0.5721771, 0.3305444, 0
0.6886497, 0.5576885, 0.6521567, 0
0.4042577, 0.5694366, 0.3028721, 0
0.5564259, 0.555487, 0.5602134, 0
0.5263897, 0.561039, 0.4535813, 0
0.3631668, 0.5642602, 0.3346118, 0
0.6058246, 0.5614008, 0.6361145, 0
0.4147007, 0.5715888, 0.3374691, 0
0.6550342, 0.553825, 0.6335099, 0
0.3016613, 0.5506367, 0.1559583, 0
0.3274434, 0.546344, 0.2338709, 0
0.3878309, 0.5627436, 0.2715888, 0
0.6226133, 0.5564132, 0.6332518, 0
0.5980332, 0.554358, 0.6952204, 0
0.5228153, 0.567403, 0.5383337, 0
0.3785516, 0.5710624, 0.3245957, 0
0.4361926, 0.5737031, 0.3405623, 0
0.5372548, 0.5609934, 0.5095568, 0
0.5349987, 0.5567817, 0.5596554, 0
0.4704325, 0.5710644, 0.4478885, 0
0.6581309, 0.5561697, 0.6403526, 0
0.2645333, 0.5399917, 0.2308448, 0
0.2368525, 0.5178552, 0.1909272, 0
0.5950162, 0.5567447, 0.6154158, 0
0.5835046, 0.5598871, 0.6325148, 0
0.4203882, 0.5690272, 0.3120058, 0
0.3660192, 0.552783, 0.2171178, 0
0.4481812, 0.5716662, 0.4474047, 0
0.4349749, 0.5788947, 0.362558, 0
0.4383932, 0.5781977, 0.3619777, 0
0.3076412, 0.5381779, 0.2600279, 0
0.5651962, 0.5530172, 0.5710483, 0
0.6332189, 0.5634411, 0.7060246, 0
0.4253721, 0.5790538, 0.3828595, 0
0.6583104, 0.5356903, 0.7448335, 0
0.3781889, 0.5693289, 0.3465998, 0
0.6875635, 0.5562958, 0.649178, 0
0.5137612, 0.5708658, 0.4025083, 0
0.5661681, 0.5445934, 0.5935546, 0
0.313169, 0.5434117, 0.1987903, 0
0.3611019, 0.5481403, 0.2451743, 0
0.3857307, 0.5569564, 0.2529181, 0
0.4425077, 0.5749283, 0.3422509, 0
0.5496548, 0.5588986, 0.5117087, 0
0.4444178, 0.5703996, 0.4100465, 0
0.4475626, 0.5755994, 0.3484924, 0
0.4030346, 0.5734163, 0.3402919, 0
0.4142463, 0.5694066, 0.308986, 0
0.660448, 0.5390447, 0.7422996, 0
0.4663637, 0.571694, 0.4405965, 0
0.4460321, 0.5749454, 0.3428176, 0
0.5630446, 0.5652299, 0.4690336, 0
0.4202827, 0.5724948, 0.3430669, 0
0.4031973, 0.581985, 0.3812509, 0
0.4525265, 0.5757948, 0.3808248, 0
0.3598852, 0.5623443, 0.2842261, 0
0.5300547, 0.5562292, 0.5632866, 0
0.4209506, 0.5747832, 0.3524638, 0
0.660907, 0.5490331, 0.6268313, 0
0.314348, 0.5437396, 0.2748606, 0
0.3920369, 0.5790961, 0.375129, 0
0.3816074, 0.5599664, 0.2625976, 0
0.6621636, 0.5680331, 0.6861311, 0
0.4969361, 0.5697693, 0.4415447, 0
0.5027494, 0.5674672, 0.5226194, 0
0.5534667, 0.5614785, 0.4769983, 0
0.4711398, 0.5707123, 0.4160057, 0
0.5943926, 0.5616917, 0.6284252, 0
0.6063595, 0.5439829, 0.5726117, 0
0.3623907, 0.5615293, 0.3411186, 0
0.2825436, 0.5556611, 0.1467893, 0
0.5664724, 0.5609813, 0.532911, 0
0.3025915, 0.5558594, 0.2162606, 0
0.3319716, 0.5468429, 0.2658056, 0
0.5435981, 0.5548704, 0.5652375, 0
0.5874482, 0.5414628, 0.5848194, 0
0.690793, 0.5407957, 0.725472, 0
0.2989489, 0.5285467, 0.1608236, 0
0.5072772, 0.5681106, 0.5376922, 0
0.5818219, 0.562633, 0.5253693, 0
0.4987504, 0.5661666, 0.5302837, 0
0.5872105, 0.5681434, 0.65538, 0
0.2640038, 0.5462691, 0.1661205, 0
0.4644753, 0.5728133, 0.386722, 0
0.6036505, 0.5641355, 0.6488026, 0
0.3628909, 0.5549033, 0.2640237, 0
0.2823923, 0.5373775, 0.2000406, 0
0.6188025, 0.5591166, 0.644535, 0
0.5317417, 0.5598611, 0.5556346, 0
0.5407029, 0.5619375, 0.5410091, 0
0.4854099, 0.5700339, 0.466504, 0
0.3936982, 0.5741176, 0.3331533, 0
0.4533563, 0.5752142, 0.3651335, 0
0.2995195, 0.5411632, 0.2510015, 0
0.3616604, 0.5616592, 0.3091311, 0
0.6209078, 0.5516746, 0.5510616, 0
0.2896996, 0.5507655, 0.2010236, 0
0.4366354, 0.5781881, 0.3589673, 0
0.566731, 0.5562021, 0.5036727, 0
0.6689441, 0.5565209, 0.6453595, 0
0.4951995, 0.570812, 0.3863734, 0
0.5502315, 0.5599459, 0.5432097, 0
0.562416, 0.5529765, 0.5716265, 0
0.5750578, 0.5651012, 0.6525012, 0
0.6804593, 0.5626876, 0.6801397, 0
0.4008963, 0.5700279, 0.3041224, 0
0.4616127, 0.5732206, 0.4687532, 0
0.2696337, 0.5321608, 0.2117718, 0
0.6963028, 0.5512953, 0.7119284, 0
0.3973737, 0.5589212, 0.2563797, 0
0.490269, 0.572311, 0.4118705, 0
0.6539104, 0.5517007, 0.6275678, 0
0.4626302, 0.5731544, 0.4772559, 0
0.5829621, 0.5555289, 0.5631788, 0
0.5858832, 0.5564659, 0.6209908, 0
0.5034112, 0.572437, 0.4082519, 0
0.5301685, 0.5657305, 0.413237, 0
0.4506971, 0.5708786, 0.3305667, 0
0.656682, 0.5271074, 0.744909, 0
0.4964043, 0.5716245, 0.4018487, 0
0.2870343, 0.555888, 0.2368931, 0
0.3895336, 0.5544665, 0.2438066, 0
0.7029082, 0.5193115, 0.7186154, 0
0.3774133, 0.5695624, 0.315146, 0
0.5408726, 0.5616965, 0.5433455, 0
0.2833902, 0.5405005, 0.2149504, 0
0.4810255, 0.5710304, 0.4615937, 0
0.2716691, 0.5471191, 0.2190602, 0
0.6609963, 0.564452, 0.6584648, 0
0.6738234, 0.5191213, 0.7309721, 0
0.5041669, 0.5651944, 0.4485561, 0
0.6676478, 0.532452, 0.7387317, 0
0.6421804, 0.5538049, 0.6209317, 0
0.3964289, 0.5690852, 0.2989604, 0
0.479078, 0.5720086, 0.3732429, 0
0.6555856, 0.5504673, 0.7357665, 0
0.6415187, 0.5709919, 0.6901847, 0
0.3229904, 0.5529734, 0.2828504, 0
0.3161507, 0.5608031, 0.1985532, 0
0.6150829, 0.5606303, 0.6479182, 0
0.3207648, 0.5583171, 0.2207915, 0
0.5267162, 0.5663175, 0.5388751, 0
0.5630002, 0.5545303, 0.5625002, 0
0.6071334, 0.5415803, 0.5816205, 0
0.5244462, 0.5669056, 0.5404333, 0
0.6449646, 0.5578907, 0.6338295, 0
0.3917543, 0.5738672, 0.345823, 0
0.2655186, 0.5689228, 0.173425, 0
0.6715211, 0.5649663, 0.6711006, 0
0.5336079, 0.5637763, 0.5304366, 0
0.5229322, 0.5581903, 0.5621704, 0
0.2605921, 0.5550001, 0.1980078, 0
0.3303643, 0.558058, 0.2850616, 0
0.6236677, 0.5563756, 0.6338623, 0
0.4976681, 0.5692539, 0.442775, 0
0.5877159, 0.5689514, 0.6638365, 0
0.5801662, 0.5622098, 0.5226384, 0
0.4791024, 0.5631664, 0.5114868, 0
0.3101046, 0.5510828, 0.1846835, 0
0.2549607, 0.5483561, 0.2286658, 0
0.3712954, 0.5654061, 0.3094506, 0
0.6677973, 0.5565355, 0.6447102, 0
0.4657814, 0.5722522, 0.3552049, 0
0.5840746, 0.5629147, 0.524626, 0
0.67607, 0.5645479, 0.6875972, 0
0.6324356, 0.5701965, 0.6672457, 0
0.6123325, 0.5556268, 0.5422354, 0
0.2941919, 0.5353852, 0.1712207, 0
0.4922965, 0.5727009, 0.3605006, 0
0.4279712, 0.578773, 0.3805916, 0
0.592189, 0.5656024, 0.6430285, 0
0.3648493, 0.5617598, 0.3054278, 0
0.4286822, 0.5688309, 0.4395507, 0
0.4164526, 0.5813505, 0.3843418, 0
0.5329307, 0.5640019, 0.5324963, 0
0.4315794, 0.5791087, 0.3607893, 0
0.5406775, 0.5576792, 0.615005, 0
0.4268839, 0.5713375, 0.3355112, 0
0.5592839, 0.5600927, 0.5374867, 0
0.5417572, 0.561652, 0.5406347, 0
0.5784765, 0.5471835, 0.612083, 0
0.3404753, 0.564327, 0.294919, 0
0.6677291, 0.5255688, 0.7378269, 0
0.500482, 0.5717362, 0.3980659, 0
0.7072371, 0.5472437, 0.713203, 0
0.5856834, 0.5422863, 0.5804619, 0
0.5371027, 0.5619334, 0.4579759, 0
0.264833, 0.5612732, 0.1893943, 0
0.2916888, 0.5685709, 0.2013099, 0
0.3125334, 0.5673556, 0.2053454, 0
0.5575927, 0.5596352, 0.5411494, 0
0.5788528, 0.5476413, 0.6131155, 0
0.6764706, 0.5509683, 0.7199491, 0
0.4320454, 0.5689297, 0.4343616, 0
0.601738, 0.5574365, 0.5493593, 0
0.6169878, 0.5684204, 0.6608688, 0
0.5168824, 0.5676784, 0.5328152, 0
0.2684152, 0.5624838, 0.2161528, 0
0.4726064, 0.5722131, 0.3810408, 0
0.3181324, 0.5485986, 0.2132592, 0
0.5621455, 0.5487556, 0.6069276, 0
0.4883865, 0.571041, 0.3739624, 0
0.6611886, 0.5225206, 0.7403225, 0
0.311418, 0.5671148, 0.2219193, 0
0.4105099, 0.572161, 0.3369318, 0
0.4394946, 0.5761236, 0.348946, 0
0.4565586, 0.571878, 0.4512819, 0
0.3362991, 0.5484914, 0.2359805, 0
0.4837269, 0.571349, 0.3753463, 0
0.4170072, 0.5714192, 0.3360553, 0
0.2765979, 0.5223031, 0.1927023, 0
0.4647531, 0.5706584, 0.4850946, 0
0.653496, 0.5684457, 0.6957496, 0
0.4821897, 0.5705746, 0.4504417, 0
0.4618197, 0.5713134, 0.4869232, 0
0.4399452, 0.5675257, 0.3117348, 0
0.4656851, 0.5712512, 0.4277825, 0
0.5892991, 0.5415847, 0.5826132, 0
0.4044031, 0.5729348, 0.329466, 0
0.513834, 0.5607724, 0.4786576, 0
0.4782367, 0.5717028, 0.3842182, 0
0.3521919, 0.5528964, 0.2660701, 0
0.5159017, 0.5602881, 0.5623217, 0
0.4293309, 0.5759521, 0.4024964, 0
0.5441501, 0.5579778, 0.4942666, 0
0.5004966, 0.5710939, 0.3890411, 0
0.5300378, 0.5656798, 0.413869, 0
0.4325674, 0.5678909, 0.3146352, 0
0.4667218, 0.5715536, 0.4010672, 0
0.6410833, 0.5500028, 0.6112137, 0
0.5258728, 0.5604644, 0.4902226, 0
0.3182739, 0.5519904, 0.2848994, 0
0.3855029, 0.5656897, 0.2903659, 0
0.3201832, 0.5597666, 0.2264852, 0
0.6379285, 0.5497834, 0.559532, 0
0.4746922, 0.5713003, 0.4206199, 0
0.5381715, 0.5534236, 0.5843062, 0
0.3835862, 0.5690353, 0.3033518, 0
0.507816, 0.5675722, 0.5228556, 0
0.2803141, 0.5421849, 0.1665169, 0
0.4475442, 0.576645, 0.3718331, 0
0.510987, 0.5695062, 0.3856069, 0
0.3577223, 0.5540862, 0.2650013, 0
0.6675245, 0.5648634, 0.6661466, 0
0.5898715, 0.562291, 0.5023372, 0
0.6878802, 0.5580322, 0.686997, 0
0.2561907, 0.539647, 0.2225818, 0
0.3682131, 0.5653042, 0.3402862, 0
0.6698526, 0.5295063, 0.7373124, 0
0.6746284, 0.5627732, 0.6626291, 0
0.5096698, 0.5601177, 0.4689829, 0
0.3633862, 0.5642318, 0.327916, 0
0.5331822, 0.5603445, 0.5542608, 0
0.4091257, 0.5692997, 0.304683, 0
0.5967816, 0.5652015, 0.6444294, 0
0.4257703, 0.5756225, 0.4096498, 0
0.3796599, 0.5678616, 0.3034775, 0
0.6238095, 0.5491458, 0.5556139, 0
0.3177306, 0.5432692, 0.1947627, 0
0.44657, 0.5756301, 0.3476337, 0
0.3454896, 0.5638486, 0.1870114, 0
0.6377918, 0.5516579, 0.611466, 0
0.2777635, 0.5549912, 0.1738615, 0
0.6679839, 0.5666243, 0.6779969, 0
0.2564355, 0.5283928, 0.1953177, 0
0.7125267, 0.529323, 0.7208996, 0
0.3907603, 0.5740216, 0.3318545, 0
0.2598467, 0.564456, 0.1921409, 0
0.3429631, 0.5625499, 0.2885167, 0
0.5949786, 0.5694476, 0.6621889, 0
0.5783263, 0.5585057, 0.5093744, 0
0.5728739, 0.560018, 0.4891578, 0
0.5342683, 0.5635254, 0.5269826, 0
0.4623782, 0.5717638, 0.3359751, 0
0.342174, 0.5456643, 0.2393942, 0
0.2811315, 0.5266637, 0.1945444, 0
0.4118365, 0.578925, 0.369755, 0
0.5172023, 0.561442, 0.4972527, 0
0.4758874, 0.57107, 0.4162883, 0
0.3436231, 0.5461022, 0.2561251, 0
0.3676332, 0.5619702, 0.2786929, 0
0.6538228, 0.5199208, 0.7422608, 0
0.4509012, 0.5747142, 0.4654244, 0
0.5118581, 0.5602612, 0.4716109, 0
0.501709, 0.5709865, 0.3870262, 0
0.3328593, 0.5650075, 0.2990188, 0
0.6610852, 0.5666668, 0.6673685, 0
0.2799883, 0.5653901, 0.1629876, 0
0.4872831, 0.5710875, 0.3724286, 0
0.4245985, 0.566574, 0.2975898, 0
0.6147225, 0.5550101, 0.6120937, 0
0.5379027, 0.5596238, 0.4927103, 0
0.3652769, 0.5546865, 0.206628, 0
0.4045528, 0.581819, 0.379949, 0
0.3341453, 0.5627693, 0.29149, 0
0.6554067, 0.5457253, 0.7424672, 0
0.596555, 0.5587396, 0.5518347, 0
0.2974279, 0.5327581, 0.1671702, 0
0.4936872, 0.5634678, 0.4711944, 0
0.3486455, 0.5522599, 0.2666925, 0
0.5775188, 0.5441693, 0.6002057, 0
0.3837666, 0.5529611, 0.2328229, 0
0.5065708, 0.5614643, 0.4847946, 0
0.6221674, 0.5636867, 0.6863311, 0
0.377916, 0.5699354, 0.3344003, 0
0.4695571, 0.5703349, 0.4819702, 0
0.505345, 0.5675651, 0.5193219, 0
0.5213426, 0.5648261, 0.5124881, 0
0.4216446, 0.5698346, 0.325584, 0
0.512719, 0.5606487, 0.4777751, 0
0.5354068, 0.5538266, 0.5829031, 0
0.5769036, 0.5454741, 0.6055022, 0
0.4894625, 0.5713736, 0.3986894, 0
0.5757944, 0.5657888, 0.6569988, 0
0.4678663, 0.57072, 0.4115188, 0
0.3605322, 0.5618909, 0.3170353, 0
0.3739741, 0.5611851, 0.271237, 0
0.2938663, 0.5308412, 0.18357, 0
0.4262955, 0.574102, 0.3469175, 0
0.4955821, 0.5669171, 0.4574412, 0
0.2840334, 0.5444606, 0.2512233, 0
0.3851042, 0.5760078, 0.3638428, 0
0.5732201, 0.5455189, 0.6046392, 0
0.5147091, 0.5659539, 0.4240835, 0
0.4718654, 0.5716546, 0.4601283, 0
0.6434682, 0.5664779, 0.6596629, 0
0.5509262, 0.5541365, 0.5721565, 0
0.2990989, 0.5558434, 0.1812993, 0
0.6001369, 0.5609652, 0.5229873, 0
0.3996295, 0.575851, 0.3630637, 0
0.675738, 0.5207171, 0.7313483, 0
0.4025841, 0.5653881, 0.2823866, 0
0.2993942, 0.558338, 0.1563838, 0
0.3006837, 0.5431119, 0.2383689, 0
0.4340695, 0.5673901, 0.3090504, 0
0.6673955, 0.5447292, 0.621113, 0
0.3823262, 0.5743017, 0.3586589, 0
0.6801721, 0.5061412, 0.7170233, 0
0.4383029, 0.5782419, 0.3622177, 0
0.3679744, 0.5608296, 0.2733687, 0
0.4016909, 0.5770428, 0.3672034, 0
0.6812025, 0.5229818, 0.7300625, 0
0.2988217, 0.5286123, 0.1805471, 0
0.2594593, 0.548624, 0.1957976, 0
0.6321257, 0.5656242, 0.659023, 0
0.6894795, 0.5540019, 0.693411, 0
0.5048362, 0.5678047, 0.5407758, 0
0.3591545, 0.5482484, 0.2487309, 0
0.6056774, 0.5519623, 0.6056956, 0
0.5001031, 0.5607979, 0.4739304, 0
0.3078584, 0.5478824, 0.2267212, 0
0.5933353, 0.5416929, 0.5839761, 0
0.348476, 0.562894, 0.3238068, 0
0.5731438, 0.557242, 0.508875, 0
0.5133685, 0.5635607, 0.5042238, 0
0.5260445, 0.5614108, 0.5011577, 0
0.3203583, 0.5499387, 0.2799145, 0
0.3999983, 0.5656777, 0.2838936, 0
0.679888, 0.5619333, 0.6905991, 0
0.3014272, 0.5383603, 0.2752545, 0
0.641812, 0.5571868, 0.6289434, 0
0.2574675, 0.5610569, 0.2229647, 0
0.2656502, 0.5290989, 0.2000292, 0
0.4194911, 0.5697986, 0.321279, 0
0.6703448, 0.5565258, 0.6461077, 0
0.5489481, 0.5546594, 0.6136965, 0
0.5808895, 0.5586461, 0.5538656, 0
0.6258633, 0.555056, 0.6194834, 0
0.5372332, 0.5566542, 0.5589281, 0
0.3094701, 0.5577851, 0.1699605, 0
0.5286955, 0.5605533, 0.481508, 0
0.5472319, 0.5578877, 0.4917088, 0
0.6667484, 0.547444, 0.6249322, 0
0.4729354, 0.5718078, 0.3974077, 0
0.4939566, 0.5627494, 0.4736317, 0
0.3712869, 0.5524948, 0.2505277, 0
0.3855121, 0.5690877, 0.3019534, 0
0.5694774, 0.5659819, 0.4769556, 0
0.4482504, 0.5693076, 0.4140261, 0
0.4466952, 0.5759553, 0.3526815, 0
0.4701695, 0.5726646, 0.3671006, 0
0.4988533, 0.5723339, 0.4070629, 0
0.6370214, 0.5521606, 0.6125709, 0
0.5508433, 0.558745, 0.5123779, 0
0.6451325, 0.5626844, 0.6535302, 0
0.4462963, 0.5763758, 0.3569524, 0
0.5548826, 0.553887, 0.5718793, 0
0.3555254, 0.552827, 0.2161877, 0
0.6202313, 0.5487204, 0.5553805, 0
0.3521246, 0.5475754, 0.2326581, 0
0.276899, 0.5652306, 0.1886686, 0
0.5900728, 0.5637297, 0.6357822, 0
0.5692239, 0.5475277, 0.6101426, 0
0.5520622, 0.5588338, 0.5145217, 0
0.4826374, 0.5694126, 0.4739172, 0
0.5662082, 0.5547125, 0.5598996, 0
0.2601088, 0.5789068, 0.1871319, 0
0.240137, 0.5551789, 0.1995618, 0
0.6735391, 0.5644958, 0.6709688, 0
0.4523361, 0.5726445, 0.3367043, 0
0.5727661, 0.5530489, 0.5709196, 0
0.6160766, 0.5705628, 0.6679844, 0
0.4708128, 0.5721712, 0.3470349, 0
0.6586486, 0.5579719, 0.6438686, 0
0.3802181, 0.5568843, 0.2548619, 0
0.4714927, 0.5707445, 0.4178983, 0
0.3719244, 0.5518358, 0.2258346, 0
0.413555, 0.5722861, 0.3419673, 0
0.5715947, 0.5522596, 0.5723202, 0
0.5235811, 0.5571487, 0.5645636, 0
0.6190603, 0.5619577, 0.6514637, 0
0.4281046, 0.5790836, 0.360718, 0
0.5685093, 0.56293, 0.6485995, 0
0.3255963, 0.5488636, 0.2736576, 0
0.2566297, 0.573575, 0.1862308, 0
0.4423244, 0.571496, 0.3317005, 0
0.3616961, 0.5482225, 0.2382637, 0
0.3367933, 0.551233, 0.1845332, 0
0.4253567, 0.5803069, 0.3774215, 0
0.6578543, 0.5666898, 0.6979788, 0
0.5794946, 0.5621797, 0.5356472, 0
0.4852227, 0.5730538, 0.3527359, 0
0.4380285, 0.5742929, 0.4027441, 0
0.5222262, 0.5603697, 0.5581656, 0
0.521671, 0.5610885, 0.4701333, 0
0.3126232, 0.5435173, 0.2383863, 0
0.5220879, 0.5631945, 0.5074162, 0
0.253361, 0.5360829, 0.2106664, 0
0.2876741, 0.5452058, 0.1908014, 0
0.658654, 0.5526546, 0.7218348, 0
0.2728752, 0.5290075, 0.1603176, 0
0.2669662, 0.5393916, 0.2276286, 0
0.4738254, 0.5717618, 0.397102, 0
0.3964305, 0.5832402, 0.3852663, 0
0.4945859, 0.56464, 0.4667661, 0
0.5179775, 0.5674019, 0.5312763, 0
0.3167397, 0.54889, 0.2236569, 0
0.6463639, 0.5442181, 0.6026163, 0
0.5705547, 0.5508667, 0.6202252, 0
0.3787698, 0.5564386, 0.2548228, 0
0.4914647, 0.5717489, 0.4273719, 0
0.5769752, 0.5453477, 0.6046391, 0
0.4714164, 0.571659, 0.4255653, 0
0.6662679, 0.5400947, 0.7384199, 0
0.6801183, 0.5383957, 0.7321965, 0
0.4440331, 0.5747955, 0.3418951, 0
0.269424, 0.5488954, 0.1617796, 0
0.3983417, 0.5685351, 0.2968282, 0
0.409517, 0.5707731, 0.3149008, 0
0.5820214, 0.5587686, 0.5538343, 0
0.6004165, 0.5415759, 0.5904928, 0
0.4000671, 0.5568373, 0.2527855, 0
0.3826853, 0.5564368, 0.2525001, 0
0.6115734, 0.5570894, 0.529887, 0
0.6434545, 0.5703158, 0.6673742, 0
0.3253714, 0.5443135, 0.2448081, 0
0.6120521, 0.5464128, 0.5628875, 0
0.3723567, 0.5649836, 0.3047602, 0
0.3632744, 0.5614082, 0.296653, 0
0.3652978, 0.5616103, 0.3032818, 0
0.5930981, 0.5693417, 0.6606739, 0
0.3520566, 0.5619903, 0.2834412, 0
0.5513632, 0.5541047, 0.5723885, 0
0.5353297, 0.5619425, 0.4634713, 0
0.5208771, 0.5611757, 0.4972773, 0
0.5536278, 0.5568506, 0.4971941, 0
0.3534608, 0.5610983, 0.2806562, 0
0.5554434, 0.5494491, 0.5836356, 0
0.5032548, 0.5674919, 0.5198362, 0
0.4890894, 0.5628695, 0.4889058, 0
0.5656806, 0.5458645, 0.6007817, 0
0.3279209, 0.5433588, 0.2489099, 0
0.4758353, 0.5714019, 0.4734259, 0
0.5158437, 0.5610659, 0.4452083, 0
0.4794594, 0.5635406, 0.4894616, 0
0.5020689, 0.563629, 0.4970754, 0
0.5070421, 0.5682653, 0.425453, 0
0.618881, 0.5706445, 0.6678373, 0
0.661492, 0.5675262, 0.6904342, 0
0.5826852, 0.5614611, 0.5149219, 0
0.4646161, 0.5710732, 0.4007488, 0
0.4062378, 0.5757927, 0.3626621, 0
0.5505067, 0.5494004, 0.5916083, 0
0.5469375, 0.5595245, 0.4868573, 0
0.3718674, 0.5616964, 0.2743064, 0
0.4925834, 0.5722924, 0.4106687, 0
0.5050964, 0.5605466, 0.4757844, 0
0.604835, 0.5691665, 0.662894, 0
0.3061992, 0.5545063, 0.1959604, 0
0.316507, 0.5440432, 0.23829, 0
0.38054, 0.5707998, 0.3459926, 0
0.3638105, 0.5591448, 0.2710363, 0
0.5732372, 0.5648805, 0.658397, 0
0.5524673, 0.5602424, 0.5392697, 0
0.6261684, 0.554751, 0.6180454, 0
0.4168258, 0.5723056, 0.3426501, 0
0.4858509, 0.5722776, 0.4197178, 0
0.3164389, 0.5604073, 0.1759199, 0
0.5055129, 0.5676482, 0.5222079, 0
0.294081, 0.5413356, 0.2519718, 0
0.6588495, 0.5197274, 0.739504, 0
0.4394538, 0.5769213, 0.3838161, 0
0.5005465, 0.569867, 0.4326988, 0
0.6537172, 0.5646589, 0.7076557, 0
0.360732, 0.5567444, 0.2681676, 0
0.2645629, 0.5328982, 0.1617923, 0
0.4225877, 0.5782011, 0.3612017, 0
0.3740317, 0.5576773, 0.2624333, 0
0.3690698, 0.560669, 0.2722007, 0
0.5121789, 0.5640691, 0.439096, 0
0.6331347, 0.5710878, 0.6740549, 0
0.6331787, 0.5649786, 0.6992114, 0
0.2474557, 0.5534, 0.1880281, 0
0.662284, 0.5571747, 0.7138422, 0
0.5443007, 0.5626554, 0.4348527, 0
0.311954, 0.5458174, 0.2460072, 0
0.4566707, 0.5690277, 0.3281265, 0
0.5842929, 0.5592917, 0.6840976, 0
0.2893493, 0.5481669, 0.2293383, 0
0.7081348, 0.5522673, 0.6920128, 0
0.6383989, 0.5561572, 0.7426727, 0
0.5606651, 0.5563926, 0.5044258, 0
0.252846, 0.5550171, 0.2176226, 0
0.3729555, 0.5590701, 0.2662171, 0
0.5316209, 0.5601029, 0.4394253, 0
0.2807328, 0.5401399, 0.2605391, 0
0.2903599, 0.5203362, 0.1718595, 0
0.3843763, 0.5719815, 0.3180142, 0
0.3269993, 0.5430104, 0.2575413, 0
0.4583322, 0.569777, 0.4243367, 0
0.3087959, 0.5397297, 0.2544532, 0
0.489601, 0.5703716, 0.445944, 0
0.3035798, 0.5412966, 0.2012387, 0
0.3361011, 0.5647271, 0.3077893, 0
0.5524141, 0.5590916, 0.5177098, 0
0.5097443, 0.5664625, 0.5125353, 0
0.6660244, 0.554567, 0.7155616, 0
0.4091514, 0.5723635, 0.3396389, 0
0.6139095, 0.5579663, 0.6278757, 0
0.4801602, 0.5641749, 0.5073117, 0
0.5394234, 0.5604079, 0.5081848, 0
0.5573841, 0.5570266, 0.4951049, 0
0.2835414, 0.5777661, 0.1609531, 0
0.6104054, 0.565423, 0.6556063, 0
0.2952718, 0.5365692, 0.2680406, 0
0.3085485, 0.5602272, 0.1807311, 0
0.3794131, 0.5685308, 0.3061826, 0
0.6311744, 0.5477432, 0.5973344, 0
0.6304035, 0.561405, 0.6513139, 0
0.3999709, 0.5827541, 0.3838045, 0
0.4177685, 0.5796899, 0.3926026, 0
0.2782673, 0.5715179, 0.1952301, 0
0.5722306, 0.5609211, 0.4867759, 0
0.5427938, 0.5616011, 0.5211709, 0
0.4831733, 0.5654604, 0.4808864, 0
0.6933504, 0.5411072, 0.723725, 0
0.4501492, 0.5764924, 0.3742802, 0
0.3727043, 0.5679325, 0.3335703, 0
0.6293113, 0.5442947, 0.5893962, 0
0.4606767, 0.5701715, 0.4180491, 0
0.492698, 0.5694519, 0.4488569, 0
0.4287563, 0.5777442, 0.3853599, 0
0.4218585, 0.575589, 0.3543869, 0
0.2714792, 0.5527015, 0.1547323, 0
0.4975084, 0.5715869, 0.3960996, 0
0.3069952, 0.5562891, 0.1915351, 0
0.6501533, 0.5526143, 0.6257308, 0
0.632496, 0.5707068, 0.6776558, 0
0.5973904, 0.5422073, 0.596001, 0
0.491879, 0.5713884, 0.3960002, 0
0.5033616, 0.5642868, 0.5012615, 0
0.3199039, 0.5440059, 0.2412141, 0
0.5031815, 0.5672261, 0.5298793, 0
0.4530804, 0.5724139, 0.456349, 0
0.3701811, 0.5622988, 0.2821207, 0
0.4707193, 0.5711108, 0.4783956, 0
0.4047583, 0.5731252, 0.3400304, 0
0.482252, 0.5710032, 0.4418103, 0
0.3968668, 0.5609601, 0.262399, 0
0.5543171, 0.5600705, 0.5317677, 0
0.7044034, 0.533499, 0.7241186, 0
0.2851325, 0.5335563, 0.1739031, 0
0.5862622, 0.5417882, 0.5897181, 0
0.3503277, 0.5598104, 0.2788162, 0
0.5880727, 0.5426163, 0.5955805, 0
0.5346229, 0.5537739, 0.591075, 0
0.3036961, 0.5542157, 0.21237, 0
0.612497, 0.565159, 0.684885, 0
0.3143827, 0.5448583, 0.2475224, 0
0.3122076, 0.5440592, 0.2343294, 0
0.4085025, 0.5820576, 0.3811889, 0
0.2410678, 0.563545, 0.1918227, 0
0.2684226, 0.5453197, 0.195606, 0
0.6706496, 0.5629404, 0.6608044, 0
0.4093615, 0.581233, 0.397896, 0
0.5116654, 0.5633205, 0.4414991, 0
0.481216, 0.5687954, 0.4775108, 0
0.4933062, 0.564539, 0.5213253, 0
0.3891925, 0.5718069, 0.3133109, 0
0.5703467, 0.55312, 0.6321931, 0
0.6099604, 0.5577083, 0.7021527, 0
0.5163285, 0.5609177, 0.4465294, 0
0.5311046, 0.5599643, 0.4385418, 0
0.4371788, 0.5770093, 0.3842709, 0
0.5077852, 0.5675473, 0.5217451, 0
0.615097, 0.542101, 0.589363, 0
0.5434751, 0.561818, 0.4370205, 0
0.5990077, 0.5472622, 0.5657168, 0
0.3203617, 0.5462695, 0.2282048, 0
0.6224014, 0.5463763, 0.5938596, 0
0.2626999, 0.5733056, 0.194345, 0
0.6319751, 0.5708817, 0.6762455, 0
0.4681041, 0.5732759, 0.375707, 0
0.3151596, 0.5400494, 0.1882812, 0
0.680131, 0.5223065, 0.7302439, 0
0.3917444, 0.5738651, 0.3457557, 0
0.5368737, 0.5607849, 0.4823998, 0
0.3726944, 0.5684877, 0.3201349, 0
0.3329201, 0.5439449, 0.2515219, 0
0.390821, 0.5641541, 0.2804729, 0
0.5674509, 0.5488889, 0.6131479, 0
0.6713204, 0.5586057, 0.7071987, 0
0.4522542, 0.567882, 0.3243078, 0
0.4013542, 0.5693478, 0.3014142, 0
0.6555001, 0.5565534, 0.6398311, 0
0.4009542, 0.5831881, 0.4037802, 0
0.5447896, 0.5620031, 0.4778297, 0
0.4696216, 0.5706683, 0.4130951, 0
0.3620902, 0.5622052, 0.3170837, 0
0.3654533, 0.5504066, 0.250296, 0
0.4268901, 0.5763837, 0.3531189, 0
0.58944, 0.5633923, 0.5271197, 0
0.4069559, 0.5680736, 0.2968554, 0
0.6872697, 0.5429271, 0.7261354, 0
0.5114306, 0.5613221, 0.4505008, 0
0.2766587, 0.524232, 0.1862347, 0
0.476512, 0.5715429, 0.438494, 0
0.5581969, 0.5575374, 0.5120742, 0
0.5440947, 0.5540729, 0.5735524, 0
0.2881359, 0.5609518, 0.2095979, 0
0.5551825, 0.5591379, 0.5434815, 0
0.4138532, 0.5638871, 0.2779261, 0
0.4549795, 0.5735094, 0.3916904, 0
0.268471, 0.5747277, 0.1795914, 0
0.4009477, 0.573235, 0.3264454, 0
0.6084539, 0.5549858, 0.6096868, 0
0.6766888, 0.5615286, 0.6595803, 0
0.2958273, 0.5437968, 0.168161, 0
0.2966596, 0.5320711, 0.1806935, 0
0.3592104, 0.5607132, 0.2769788, 0
0.7063321, 0.5519502, 0.6929632, 0
0.547079, 0.5511075, 0.5999464, 0
0.4586949, 0.5727993, 0.3925978, 0
0.380706, 0.5671447, 0.2990709, 0
0.675181, 0.5247612, 0.7338548, 0
0.4430187, 0.5743322, 0.3396158, 0
0.3359076, 0.5448006, 0.2545604, 0
0.4514484, 0.5696118, 0.3278103, 0
0.6722091, 0.564045, 0.6663516, 0
0.3641166, 0.5620224, 0.308677, 0
0.594492, 0.5695509, 0.6657712, 0
0.4608129, 0.5699945, 0.4228211, 0
0.5400352, 0.5597914, 0.4890929, 0
0.6582686, 0.5420623, 0.7426689, 0
0.6716104, 0.5310842, 0.7364945, 0
0.5692751, 0.5561711, 0.5047383, 0
0.2664433, 0.5421465, 0.2380894, 0
0.5643498, 0.5523467, 0.623038, 0
0.668839, 0.5491186, 0.6277391, 0
0.4156312, 0.5726616, 0.344463, 0
0.3956302, 0.5671471, 0.2910431, 0
0.4107186, 0.5821634, 0.3876053, 0
0.404929, 0.563552, 0.2750857, 0
0.5214063, 0.5610894, 0.4708898, 0
0.2998033, 0.5440473, 0.2316601, 0
0.4244404, 0.5788836, 0.3626107, 0
0.3871481, 0.5728016, 0.3201795, 0
0.4661957, 0.5720056, 0.3599766, 0
0.2439495, 0.5314113, 0.208027, 0
0.4926917, 0.5655411, 0.5077775, 0
0.5086886, 0.5626078, 0.4488417, 0
0.4229135, 0.5739273, 0.3477892, 0
0.5468974, 0.5592337, 0.5498285, 0
0.5033632, 0.5685606, 0.4369889, 0
0.4768981, 0.571381, 0.4032086, 0
0.5332695, 0.5612544, 0.4771527, 0
0.3709071, 0.5553951, 0.2594706, 0
0.3968395, 0.5801082, 0.3748633, 0
0.6931323, 0.5541524, 0.646317, 0
0.4315138, 0.5708471, 0.425426, 0
0.6579302, 0.5656946, 0.7016044, 0
0.4433223, 0.5772396, 0.3748063, 0
0.6738731, 0.5395922, 0.7346478, 0
0.5726553, 0.545803, 0.580624, 0
0.5838779, 0.5665241, 0.6501494, 0
0.5832246, 0.5562654, 0.6236078, 0
0.339825, 0.5518565, 0.2000126, 0
0.6907203, 0.5532851, 0.7089573, 0
0.681645, 0.5624235, 0.6762213, 0
0.4402582, 0.5769929, 0.3810763, 0
0.3854928, 0.5591028, 0.2587537, 0
0.6126609, 0.5567126, 0.6153775, 0
0.2823148, 0.5426643, 0.2080452, 0
0.2719593, 0.5515752, 0.2213704, 0
0.3937946, 0.5639748, 0.2783135, 0
0.6206791, 0.5548776, 0.5441917, 0
0.4109096, 0.5677184, 0.2969666, 0
0.6480066, 0.5711026, 0.6766574, 0
0.5050215, 0.5636444, 0.4515499, 0
0.4982352, 0.5708615, 0.4290886, 0
0.3967925, 0.5741823, 0.3474959, 0
0.365035, 0.5616856, 0.2782959, 0
0.4370949, 0.5782507, 0.3603112, 0
0.5613839, 0.5576286, 0.5456978, 0
0.2655479, 0.5311054, 0.198252, 0
0.3683287, 0.5577598, 0.2662224, 0
0.3518733, 0.5538894, 0.2679656, 0
0.5556079, 0.5580383, 0.5466346, 0
0.5867203, 0.5414637, 0.5851459, 0
0.5296527, 0.5592189, 0.6033181, 0
0.3403888, 0.5563894, 0.2759306, 0
0.6104332, 0.5408287, 0.5852875, 0
0.6411356, 0.5434117, 0.5901399, 0
0.4674585, 0.5718037, 0.4338564, 0
0.5275351, 0.5616033, 0.4680269, 0
0.5715941, 0.5643299, 0.6516894, 0
0.6188236, 0.545918, 0.5938056, 0
0.5279712, 0.5560461, 0.5873851, 0
0.5693904, 0.543558, 0.5903432, 0
0.6674759, 0.550581, 0.6307072, 0
0.6824491, 0.561507, 0.6843209, 0
0.394793, 0.5625241, 0.2674782, 0
0.3939076, 0.578828, 0.3733709, 0
0.4759323, 0.5671861, 0.4837155, 0
0.5928976, 0.5650526, 0.6408504, 0
0.5673503, 0.555047, 0.5571203, 0
0.308745, 0.5436218, 0.2333341, 0
0.5870125, 0.5622597, 0.4985354, 0
0.6434736, 0.5598015, 0.7216811, 0
0.6001912, 0.5588824, 0.5481547, 0
0.5830647, 0.5551948, 0.563997, 0
0.4296426, 0.5673985, 0.3041035, 0
0.6709777, 0.5278721, 0.7364906, 0
0.6007091, 0.5687165, 0.6781831, 0
0.2828211, 0.5432992, 0.2410005, 0
0.6605672, 0.5314847, 0.7432284, 0
0.4633035, 0.5707057, 0.4052668, 0
0.6179323, 0.5578051, 0.6384464, 0
0.56746, 0.5522506, 0.6273292, 0
0.6171616, 0.5538518, 0.5464383, 0
0.447576, 0.5689735, 0.4377741, 0
0.2993387, 0.5364838, 0.2687213, 0
0.3948348, 0.5762099, 0.3654454, 0
0.2938735, 0.5301666, 0.1882799, 0
0.2937511, 0.5538246, 0.162019, 0
0.6565209, 0.5686278, 0.6906375, 0
0.6678095, 0.5512812, 0.7253948, 0
0.4399621, 0.5691142, 0.4470902, 0
0.5927433, 0.5671166, 0.6492854, 0
0.5230557, 0.5661234, 0.5465344, 0
0.5877376, 0.5689372, 0.6660287, 0
0.3575137, 0.562036, 0.3293745, 0
0.3708835, 0.5640528, 0.3047585, 0
0.4893051, 0.571967, 0.4272734, 0
0.4371551, 0.5786003, 0.3641286, 0
0.5638135, 0.5478234, 0.5809516, 0
0.4840848, 0.5613209, 0.5180765, 0
0.6661425, 0.538832, 0.7388914, 0
0.6864576, 0.55215, 0.7139338, 0
0.3019502, 0.5386127, 0.2594358, 0
0.3240905, 0.5578918, 0.2898975, 0
0.4761711, 0.5717394, 0.3814028, 0
0.5479168, 0.5575686, 0.4942653, 0
0.5703192, 0.5598869, 0.6422348, 0
0.2905823, 0.5363339, 0.2703163, 0
0.2563311, 0.5436707, 0.1761031, 0
0.4160673, 0.5701012, 0.3173361, 0
0.5077847, 0.5632156, 0.4481723, 0
0.6210447, 0.5554783, 0.6180841, 0
0.4641759, 0.5712352, 0.3981039, 0
0.3245834, 0.5456105, 0.2689553, 0
0.3659329, 0.563333, 0.3110929, 0
0.4323235, 0.5690145, 0.3229087, 0
0.5710135, 0.5543783, 0.6351104, 0
0.6629344, 0.5539037, 0.7169825, 0
0.6385147, 0.5475936, 0.6024299, 0
0.5024039, 0.5719563, 0.3992278, 0
0.435207, 0.5778338, 0.3769046, 0
0.4300853, 0.5706629, 0.4299011, 0
0.6288927, 0.5517155, 0.605565, 0
0.3366353, 0.5643207, 0.2949217, 0
0.2450701, 0.549081, 0.2031501, 0
0.5118801, 0.5664833, 0.4262231, 0
0.7028545, 0.5518277, 0.7045933, 0
0.447183, 0.5695373, 0.4405864, 0
0.3703954, 0.5599716, 0.2696708, 0
0.4096077, 0.5759243, 0.3626316, 0
0.6798938, 0.563057, 0.6746733, 0
0.415035, 0.5706677, 0.3241641, 0
0.5928302, 0.5429397, 0.5995543, 0
0.4419763, 0.5687494, 0.321004, 0
0.2854737, 0.5393857, 0.2015275, 0
0.343723, 0.5455239, 0.2524737, 0
0.5717103, 0.561434, 0.5293497, 0
0.5351499, 0.5545042, 0.600027, 0
0.3019439, 0.5418074, 0.2475191, 0
0.4363039, 0.577717, 0.3554411, 0
0.2578768, 0.5683392, 0.1781392, 0
0.4216624, 0.5785882, 0.3630641, 0
0.4292311, 0.5707349, 0.4305472, 0
0.5401343, 0.5553298, 0.609452, 0
0.2827018, 0.5422923, 0.222963, 0
0.5341043, 0.5619785, 0.46926, 0
0.2452198, 0.541209, 0.2028117, 0
0.2681367, 0.554616, 0.2000659, 0
0.4866027, 0.57133, 0.402348, 0
0.4790116, 0.5659947, 0.483365, 0
0.2553725, 0.5720966, 0.1895304, 0
0.4344589, 0.5687503, 0.4503838, 0
0.5209901, 0.5621216, 0.4364271, 0
0.2536504, 0.5533786, 0.199551, 0
0.5778964, 0.5621205, 0.5343163, 0
0.3003951, 0.5472246, 0.2034401, 0
0.4728423, 0.5725654, 0.3737336, 0
0.2830393, 0.5783724, 0.1677, 0
0.3408777, 0.5498168, 0.1830378, 0
0.5971645, 0.5620124, 0.5260201, 0
0.6324211, 0.5541446, 0.6166085, 0
0.4881637, 0.5632845, 0.4950867, 0
0.5531384, 0.5536993, 0.6323249, 0
0.6850938, 0.5089933, 0.7197928, 0
0.3909495, 0.5638177, 0.277224, 0
0.3111409, 0.5433517, 0.2379312, 0
0.3237797, 0.5597066, 0.2933392, 0
0.2949938, 0.566283, 0.1786307, 0
0.54427, 0.5599077, 0.4864672, 0
0.3102291, 0.5663171, 0.1679128, 0
0.4356152, 0.5762395, 0.3943883, 0
0.6325826, 0.5590404, 0.6441867, 0
0.46044, 0.5701665, 0.4171385, 0
0.3546456, 0.5583016, 0.2738858, 0
0.4648454, 0.5712551, 0.3975402, 0
0.4537141, 0.5728918, 0.4605501, 0
0.6498304, 0.552745, 0.7308975, 0
0.4273545, 0.5747432, 0.411889, 0
0.3881418, 0.5799039, 0.3789417, 0
0.3405209, 0.5645897, 0.2999966, 0
0.6339785, 0.5691093, 0.6846741, 0
0.3954677, 0.5722251, 0.3151888, 0
0.3264653, 0.56501, 0.2211385, 0
0.5257433, 0.5634672, 0.5113977, 0
0.6137299, 0.5430782, 0.5760564, 0
0.4523985, 0.5696639, 0.4350052, 0
0.3201709, 0.5462893, 0.2274147, 0
0.5893133, 0.563184, 0.6831443, 0
0.4046984, 0.5715773, 0.3163528, 0
0.5330163, 0.5614136, 0.452618, 0
0.4128987, 0.5616132, 0.2704135, 0
0.4447096, 0.5765839, 0.3838931, 0
0.4696081, 0.5714412, 0.4246906, 0
0.4952625, 0.5647812, 0.5292202, 0
0.3066008, 0.5464596, 0.2515317, 0
0.4728376, 0.5729277, 0.3711247, 0
0.4800824, 0.5646301, 0.4843981, 0
0.4887048, 0.5723521, 0.4213813, 0
0.5113476, 0.5612867, 0.4847538, 0
0.3752947, 0.5636327, 0.2956318, 0
0.4441384, 0.5751644, 0.3436605, 0
0.4870625, 0.5692996, 0.4662929, 0
0.4168254, 0.5796223, 0.3947485, 0
0.5316675, 0.5618048, 0.459384, 0
0.4442479, 0.5769706, 0.3663316, 0
0.4897532, 0.5633215, 0.5185961, 0
0.5407962, 0.5602267, 0.5082895, 0
0.6317278, 0.5647249, 0.7181959, 0
0.6063469, 0.5698245, 0.6758424, 0
0.2927266, 0.5513509, 0.2095566, 0
0.3833002, 0.5622522, 0.2703637, 0
0.4409213, 0.5680716, 0.4310565, 0
0.3474608, 0.5566031, 0.2732416, 0
0.6243547, 0.5697088, 0.6641012, 0
0.5879619, 0.5633684, 0.5251955, 0
0.2838522, 0.5434847, 0.2379213, 0
0.6192808, 0.569851, 0.6763777, 0
0.3151327, 0.5425608, 0.2450976, 0
0.6800763, 0.5629506, 0.6734353, 0
0.2770413, 0.5708944, 0.2022322, 0
0.6802788, 0.5554132, 0.6470618, 0
0.3065718, 0.5444785, 0.1769177, 0
0.4925697, 0.5639988, 0.500705, 0
0.4958853, 0.5657083, 0.5221057, 0
0.4248846, 0.5769567, 0.4008003, 0
0.6551939, 0.5698393, 0.6783727, 0
0.6393756, 0.5639604, 0.6575111, 0
0.4437942, 0.5690007, 0.4199897, 0
0.4312537, 0.5736851, 0.3427223, 0
0.4084696, 0.5618303, 0.2689537, 0
0.5843458, 0.5430441, 0.5969257, 0
0.639544, 0.55558, 0.7350376, 0
0.2590503, 0.5748448, 0.1797285, 0
0.3651494, 0.5614594, 0.294444, 0
0.3210002, 0.5511353, 0.2813534, 0
0.3736468, 0.5630779, 0.2953742, 0
0.5766698, 0.5426716, 0.5880531, 0
0.6318119, 0.5554255, 0.6215217, 0
0.6117907, 0.5591674, 0.6371022, 0
0.2813901, 0.5401325, 0.2604721, 0
0.5418515, 0.5615839, 0.4798481, 0
0.5488934, 0.5634888, 0.4669465, 0
0.5834094, 0.5452281, 0.6054859, 0
0.3055503, 0.5633701, 0.2224079, 0
0.3003891, 0.5559149, 0.2170968, 0
0.4410769, 0.5731302, 0.3364894, 0
0.5458372, 0.5622014, 0.4387131, 0
0.5398299, 0.5543499, 0.5705142, 0
0.5287414, 0.5555739, 0.587585, 0
0.5252053, 0.5559829, 0.5692722, 0
0.4042986, 0.5707471, 0.3111824, 0
0.477325, 0.571784, 0.3948298, 0
0.4740742, 0.57189, 0.4667697, 0
0.6482812, 0.5582334, 0.6384029, 0
0.4197572, 0.5772253, 0.4111532, 0
0.2541946, 0.5424608, 0.1825414, 0
0.497454, 0.5688347, 0.5437974, 0
0.5162948, 0.5624587, 0.4395167, 0
0.3890777, 0.5733032, 0.3236299, 0
0.4975842, 0.5666736, 0.5197356, 0
0.2580329, 0.5707842, 0.194813, 0
0.4045298, 0.5718226, 0.3185623, 0
0.5062158, 0.5676755, 0.5235048, 0
0.5637925, 0.5535745, 0.5682846, 0
0.6910617, 0.5533984, 0.7038434, 0
0.4930146, 0.5632792, 0.4941379, 0
0.3872606, 0.5711404, 0.3093342, 0
0.5247163, 0.5657101, 0.417049, 0
0.5048302, 0.5724699, 0.4051054, 0
0.5433502, 0.5582072, 0.554058, 0
0.480428, 0.5719119, 0.3716881, 0
0.4642077, 0.572604, 0.3879741, 0
0.3813821, 0.5730324, 0.3562167, 0
0.6190932, 0.5473856, 0.5957758, 0
0.5968302, 0.5459144, 0.5690811, 0
0.3424762, 0.5652709, 0.2092902, 0
0.4964487, 0.5644282, 0.4635126, 0
0.5210744, 0.5667698, 0.5270293, 0
0.5836406, 0.5553898, 0.5633807, 0
0.4276223, 0.5711495, 0.3346339, 0
0.5613945, 0.5593274, 0.541629, 0
0.5598235, 0.5563103, 0.5021881, 0
0.5420442, 0.5518203, 0.5979884, 0
0.6207901, 0.5690164, 0.6787928, 0
0.667708, 0.5573713, 0.7113163, 0
0.6111237, 0.5590841, 0.6320269, 0
0.3823209, 0.5714723, 0.3159547, 0
0.4401672, 0.5769687, 0.3839654, 0
0.6867418, 0.5340442, 0.7300397, 0
0.378738, 0.5701925, 0.3365652, 0
0.5294991, 0.5576164, 0.5600328, 0
0.5187562, 0.5608831, 0.558445, 0
0.5565625, 0.5567895, 0.4976297, 0
0.3246558, 0.5560887, 0.2863457, 0
0.3789358, 0.5712425, 0.3235284, 0
0.3264659, 0.5454404, 0.2428766, 0
0.5447939, 0.560148, 0.51181, 0
0.4973853, 0.5644983, 0.5020287, 0
0.6318952, 0.5648848, 0.720381, 0
0.3725538, 0.550155, 0.2409708, 0
0.3723856, 0.5677944, 0.3336994, 0
0.6297497, 0.5644927, 0.7157649, 0
0.3443964, 0.5475828, 0.2329528, 0
0.2722719, 0.5530713, 0.2418392, 0
0.5181954, 0.5599343, 0.5609695, 0
0.6523573, 0.5611361, 0.6481709, 0
0.557388, 0.5596158, 0.5266106, 0
0.4332199, 0.5693476, 0.3243142, 0
0.6121373, 0.5484408, 0.5557318, 0
0.3046257, 0.561341, 0.2085497, 0
0.4918436, 0.5715089, 0.4023911, 0
0.585063, 0.5600764, 0.5516449, 0
0.3943752, 0.5756187, 0.356865, 0
0.5895023, 0.5604714, 0.6271036, 0
0.6090247, 0.5463455, 0.5989195, 0
0.3526135, 0.5470174, 0.2505143, 0
0.431303, 0.5692985, 0.4334051, 0
0.4462441, 0.5680186, 0.4344485, 0
0.4290713, 0.5741926, 0.4114418, 0
0.3784983, 0.565436, 0.2975227, 0
0.3909548, 0.5555965, 0.2479126, 0
0.3968111, 0.5675823, 0.2922609, 0
0.625107, 0.5435812, 0.5881572, 0
0.3181681, 0.5450044, 0.2043414, 0
0.41157, 0.565491, 0.2834526, 0
0.6425412, 0.5445035, 0.5978827, 0
0.4716487, 0.5649527, 0.4900272, 0
0.5820026, 0.5451009, 0.6045555, 0
0.5659347, 0.5448525, 0.5858387, 0
0.4076982, 0.5725418, 0.336596, 0
0.4976332, 0.5659637, 0.5328766, 0
0.5696834, 0.5608672, 0.5269589, 0
0.2903128, 0.5512035, 0.2330328, 0
0.5677634, 0.5619591, 0.6461363, 0
0.5417222, 0.5624182, 0.4503757, 0
0.2663288, 0.5556363, 0.1985244, 0
0.4973285, 0.5659747, 0.5336394, 0
0.6688795, 0.5404224, 0.6147687, 0
0.3062348, 0.5694061, 0.1974414, 0
0.570783, 0.5600815, 0.4873399, 0
0.4830655, 0.5631853, 0.4913104, 0
0.6778896, 0.5560655, 0.7094024, 0
0.437483, 0.5761814, 0.3949644, 0
0.6375648, 0.5554957, 0.6219371, 0
0.6142377, 0.5501354, 0.5527586, 0
0.4463347, 0.5751206, 0.3918843, 0
0.599781, 0.5418568, 0.5938553, 0
0.5539474, 0.5536783, 0.5731252, 0
0.4290102, 0.5750708, 0.3481099, 0
0.3294147, 0.5597078, 0.288527, 0
0.6917413, 0.5565438, 0.6833857, 0
0.4662961, 0.5716717, 0.4355611, 0
0.2653138, 0.5790445, 0.1785608, 0
0.5053842, 0.5601536, 0.4730147, 0
0.3915966, 0.5740762, 0.336632, 0
0.4924635, 0.5715816, 0.4013314, 0
0.6051428, 0.5455805, 0.567139, 0
0.2724288, 0.5488676, 0.1758919, 0
0.3156947, 0.5455375, 0.2217565, 0
0.6409559, 0.5686055, 0.7003577, 0
0.5312133, 0.5615602, 0.4711287, 0
0.5463396, 0.5533339, 0.5785959, 0
0.2773512, 0.5223151, 0.1813657, 0
0.5770783, 0.5464516, 0.60988, 0
0.6226402, 0.5560046, 0.6237946, 0
0.3673614, 0.5663998, 0.3238071, 0
0.5308371, 0.5617284, 0.4582767, 0
0.3231802, 0.5606908, 0.2219531, 0
0.5555223, 0.549365, 0.5837339, 0
0.5203462, 0.5668761, 0.5256015, 0
0.3862487, 0.5727332, 0.3200063, 0
0.5768944, 0.5432206, 0.5948412, 0
0.4381712, 0.5776607, 0.3745602, 0
0.5291886, 0.5582903, 0.558774, 0
0.328881, 0.5646659, 0.2026639, 0
0.3786322, 0.5705908, 0.3188921, 0
0.495969, 0.5712273, 0.4269646, 0
0.3091061, 0.5464854, 0.2842459, 0
0.5777586, 0.5554511, 0.5635812, 0
0.4242959, 0.5754659, 0.3520655, 0
0.4745052, 0.5713272, 0.4750206, 0
0.5712028, 0.5607501, 0.5249723, 0
0.4793475, 0.5617524, 0.5154611, 0
0.4581473, 0.5721676, 0.3965538, 0
0.4006287, 0.5737727, 0.3372036, 0
0.3228334, 0.5595749, 0.2938433, 0
0.3060264, 0.5414282, 0.2486168, 0
0.700865, 0.5436491, 0.7197105, 0
0.6583402, 0.5519355, 0.6317073, 0
0.5888299, 0.5505388, 0.6130422, 0
0.6669606, 0.5105006, 0.7257346, 0
0.6302115, 0.542656, 0.5842826, 0
0.503885, 0.560839, 0.4789408, 0
0.4525596, 0.5703192, 0.3297801, 0
0.2930937, 0.5433326, 0.149976, 0
0.2813032, 0.5272089, 0.1951869, 0
0.5367481, 0.5615165, 0.5493887, 0
0.4376879, 0.5696648, 0.4188426, 0
0.2464048, 0.5663275, 0.2075448, 0
0.432662, 0.5680513, 0.4385907, 0
0.3732465, 0.5529196, 0.2500075, 0
0.5048175, 0.5690512, 0.4242133, 0
0.5927768, 0.5416265, 0.583797, 0
0.5719469, 0.5603425, 0.5429972, 0
0.6810459, 0.5541441, 0.7119786, 0
0.5692444, 0.5530887, 0.6324595, 0
0.3209263, 0.5482869, 0.1920694, 0
0.5055215, 0.5677636, 0.5316515, 0
0.3705728, 0.5604876, 0.2709372, 0
0.4659504, 0.5723579, 0.4644105, 0
0.2552318, 0.5662422, 0.2054526, 0
0.5900813, 0.5477018, 0.569803, 0
0.3769613, 0.5669271, 0.303921, 0
0.4038461, 0.5762573, 0.3642546, 0
0.6400513, 0.5628927, 0.7199356, 0
0.6715078, 0.55514, 0.6433798, 0
0.3241546, 0.5422434, 0.2511284, 0
0.5170038, 0.5624446, 0.5020402, 0
0.4732213, 0.5705214, 0.4791557, 0
0.5756667, 0.564971, 0.6512545, 0
0.5486654, 0.5554761, 0.6203557, 0
0.3357796, 0.561263, 0.2116583, 0
0.2817361, 0.5211346, 0.1663716, 0
0.2645364, 0.5411828, 0.2055061, 0
0.3842894, 0.5728863, 0.3380653, 0
0.410859, 0.5593107, 0.2654596, 0
0.630124, 0.5626723, 0.730058, 0
0.3826433, 0.5528804, 0.2314355, 0
0.5006896, 0.5714751, 0.3925622, 0
0.3265115, 0.5479917, 0.2717138, 0
0.5142485, 0.5625035, 0.5012689, 0
0.6582074, 0.5488707, 0.7371558, 0
0.5153612, 0.5631143, 0.5554548, 0
0.5914617, 0.5423147, 0.5775103, 0
0.6665629, 0.5651658, 0.6979663, 0
0.5739744, 0.5647883, 0.6614633, 0
0.3661028, 0.5627803, 0.3085499, 0
0.4599295, 0.5716988, 0.4449262, 0
0.378642, 0.5654961, 0.2975279, 0
0.7039145, 0.5176695, 0.7178954, 0
0.3288544, 0.5434525, 0.2485171, 0
0.5366703, 0.5621026, 0.4649374, 0
0.5837119, 0.5622773, 0.5182058, 0
0.2601329, 0.5341594, 0.1930785, 0
0.5199519, 0.5659481, 0.4167443, 0
0.6261687, 0.5695918, 0.6788205, 0
0.3498304, 0.5531458, 0.2022379, 0
0.2816673, 0.569276, 0.1819909, 0
0.4063356, 0.5669552, 0.2891829, 0
0.3666667, 0.5595466, 0.2707934, 0
0.4365681, 0.5692101, 0.4265949, 0
0.5060326, 0.5658624, 0.5078306, 0
0.6795496, 0.5503724, 0.7195252, 0
0.2944952, 0.5258173, 0.1837703, 0
0.5552836, 0.5556392, 0.5604473, 0
0.5897772, 0.5621021, 0.504004, 0
0.2752839, 0.559702, 0.1795291, 0
0.4868926, 0.5631157, 0.4854976, 0
0.4398233, 0.5732532, 0.3371498, 0
0.3177865, 0.5509855, 0.2837411, 0
0.356122, 0.5467869, 0.2461372, 0
0.3328706, 0.5619149, 0.2902603, 0
0.6246417, 0.5421565, 0.5790994, 0
0.3015206, 0.5673661, 0.214198, 0
0.5421266, 0.5627142, 0.465311, 0
0.6053332, 0.5576573, 0.5447648, 0
0.656955, 0.5520749, 0.7287372, 0
0.5808905, 0.5626666, 0.5270517, 0
0.5313516, 0.5607026, 0.5016756, 0
0.4310112, 0.5659957, 0.2972308, 0
0.5617162, 0.5596837, 0.5247356, 0
0.7141075, 0.5387657, 0.7162833, 0
0.5522918, 0.5600174, 0.4821912, 0
0.3848296, 0.5625633, 0.2707585, 0
0.59328, 0.5632189, 0.533802, 0
0.2623593, 0.5611261, 0.2128461, 0
0.2705547, 0.5482928, 0.2416955, 0
0.4730463, 0.5718115, 0.4622573, 0
0.5122246, 0.5651147, 0.508294, 0
0.5194138, 0.5604411, 0.451418, 0
0.2733346, 0.5696322, 0.2138149, 0
0.4572622, 0.5731229, 0.3906403, 0
0.3373773, 0.5479448, 0.2317647, 0
0.5727806, 0.5590872, 0.5479047, 0
0.3642253, 0.5615219, 0.2983376, 0
0.477, 0.5637493, 0.4976279, 0
0.263677, 0.5536906, 0.1667973, 0
0.3127117, 0.5564821, 0.2133725, 0
0.5215158, 0.5611148, 0.4737326, 0
0.5441481, 0.5612062, 0.5330557, 0
0.440871, 0.5734642, 0.4036464, 0
0.3970802, 0.5744913, 0.3499455, 0
0.2598207, 0.5178084, 0.1821796, 0
0.7048665, 0.5474147, 0.7142925, 0
0.6529473, 0.5434302, 0.6057066, 0
0.5395358, 0.5551485, 0.6087477, 0
0.4029174, 0.5732715, 0.3342103, 0
0.5247446, 0.5633175, 0.552196, 0
0.3609546, 0.5630561, 0.3351243, 0
0.6324363, 0.5649718, 0.6982248, 0
0.545776, 0.5608275, 0.5404868, 0
0.506084, 0.5599401, 0.4724895, 0
0.4566134, 0.5717717, 0.4527313, 0
0.5804019, 0.5588908, 0.4994203, 0
0.5250072, 0.5657355, 0.5261092, 0
0.3219772, 0.5469213, 0.2182062, 0
0.4396896, 0.5696957, 0.3249128, 0
0.3207363, 0.555486, 0.1994619, 0
0.3542481, 0.5517703, 0.215075, 0
0.3779012, 0.5691108, 0.3454747, 0
0.2897778, 0.5440398, 0.2291094, 0
0.6487073, 0.5474676, 0.6148369, 0
0.514074, 0.5608116, 0.4799935, 0
0.699376, 0.5258385, 0.7238181, 0
0.6224232, 0.5630401, 0.6534055, 0
0.6467662, 0.5705888, 0.6958879, 0
0.4116563, 0.5678743, 0.2979672, 0
0.3815115, 0.575008, 0.3646431, 0
0.3648422, 0.5614722, 0.2766756, 0
0.340745, 0.5598061, 0.2139641, 0
0.4890149, 0.5629581, 0.4902907, 0
0.6217536, 0.5568091, 0.6364819, 0
0.3360271, 0.5507697, 0.2700913, 0
0.4739454, 0.5639804, 0.4961272, 0
0.5376115, 0.5545171, 0.5697856, 0
0.6453763, 0.5528674, 0.7393569, 0
0.4752347, 0.5638831, 0.4968952, 0
0.712473, 0.5250117, 0.7193512, 0
0.2991382, 0.5413641, 0.250052, 0
0.3876269, 0.5628991, 0.2725022, 0
0.5955278, 0.5627645, 0.6314053, 0
0.2601689, 0.5364161, 0.2262456, 0
0.2709473, 0.559473, 0.1670304, 0
0.3425827, 0.5669284, 0.2036117, 0
0.5032101, 0.5720265, 0.3994319, 0
0.6068578, 0.5606537, 0.6323202, 0
0.5807145, 0.5672663, 0.4902873, 0
0.4228923, 0.5765771, 0.4098281, 0
0.3913851, 0.5548469, 0.2443795, 0
0.2799453, 0.5317687, 0.1639848, 0
0.2654369, 0.5684315, 0.178471, 0
0.4759458, 0.5717787, 0.383196, 0
0.6507264, 0.513365, 0.7358478, 0
0.6190242, 0.5541276, 0.6119044, 0
0.5947862, 0.5695385, 0.6683176, 0
0.639895, 0.5428311, 0.5707467, 0
0.6672247, 0.567162, 0.680858, 0
0.4875096, 0.571042, 0.3921156, 0
0.5167898, 0.5703993, 0.4000607, 0
0.3013946, 0.5426839, 0.2415755, 0
0.3427688, 0.5488758, 0.2631449, 0
0.3388644, 0.550389, 0.211089, 0
0.3713196, 0.5621279, 0.2774185, 0
0.4175502, 0.5814099, 0.3799284, 0
0.4985382, 0.5671689, 0.5167203, 0
0.3970135, 0.5760426, 0.364678, 0
0.4355717, 0.5690498, 0.3223726, 0
0.2875336, 0.5414296, 0.2149758, 0
0.4153728, 0.5628528, 0.2756061, 0
0.6117558, 0.5612478, 0.7188236, 0
0.5943848, 0.5635452, 0.6342613, 0
0.4888414, 0.5663218, 0.4737773, 0
0.359877, 0.5478064, 0.2452406, 0
0.3647544, 0.5641631, 0.33952, 0
0.6037725, 0.5561333, 0.7003673, 0
0.4295302, 0.5755808, 0.4048954, 0
0.4767658, 0.569237, 0.479235, 0
0.3590353, 0.5622299, 0.3265874, 0
0.3136491, 0.5518599, 0.1649218, 0
0.4204416, 0.5690746, 0.3126354, 0
0.6971561, 0.5425892, 0.7215093, 0
0.2727425, 0.561571, 0.1606122, 0
0.708449, 0.5268623, 0.7216364, 0
0.6473198, 0.5653138, 0.708366, 0
0.6459227, 0.5434802, 0.5941297, 0
0.4708746, 0.5718499, 0.4328854, 0
0.593875, 0.5537569, 0.6938957, 0
0.5857919, 0.5521266, 0.5680377, 0
0.3764499, 0.5630649, 0.2825519, 0
0.526284, 0.5658419, 0.4128229, 0
0.2848543, 0.5395202, 0.1677275, 0
0.5066175, 0.567634, 0.5228144, 0
0.5716214, 0.5610011, 0.4861431, 0
0.3581239, 0.5612424, 0.3114055, 0
0.3876113, 0.5725429, 0.318881, 0
0.5776451, 0.5427454, 0.5850209, 0
0.6609207, 0.5659477, 0.6635444, 0
0.5871484, 0.5615767, 0.5458666, 0
0.4913788, 0.5708739, 0.4406343, 0
0.6602151, 0.5462319, 0.6213084, 0
0.2534633, 0.5480732, 0.2125068, 0
0.6442399, 0.5454243, 0.6044542, 0
0.6698411, 0.5640135, 0.6639192, 0
0.5747856, 0.5459895, 0.6071798, 0
0.5177106, 0.5607072, 0.4474721, 0
0.2758575, 0.5275732, 0.169958, 0
0.4873678, 0.5731999, 0.3553451, 0
0.3998583, 0.5738165, 0.3348248, 0
0.6470982, 0.5406569, 0.749948, 0
0.4616243, 0.5722277, 0.3932116, 0
0.6594861, 0.5517744, 0.73116, 0
0.2728139, 0.5183804, 0.1778323, 0
0.6714753, 0.5597315, 0.6530178, 0
0.529532, 0.5554091, 0.5672488, 0
0.5676815, 0.5446606, 0.5974047, 0
0.4704431, 0.5720123, 0.3967325, 0
0.568298, 0.5563383, 0.5013401, 0
0.4745517, 0.5707941, 0.4525761, 0
0.3708573, 0.5660985, 0.3389198, 0
0.6340747, 0.5660522, 0.6967134, 0
0.5468328, 0.563441, 0.4509777, 0
0.4211308, 0.5802543, 0.3684271, 0
0.505344, 0.5671036, 0.5467942, 0
0.6300577, 0.5507977, 0.6032823, 0
0.3790043, 0.5689591, 0.3084244, 0
0.4661068, 0.5717378, 0.4341756, 0
0.6606295, 0.5515137, 0.7389765, 0
0.2930984, 0.5511331, 0.2464738, 0
0.5595713, 0.5538783, 0.5695865, 0
0.3464463, 0.5626173, 0.3049278, 0
0.5597879, 0.5494328, 0.6070575, 0
0.2634272, 0.5374457, 0.2260551, 0
0.5125885, 0.5681089, 0.5436261, 0
0.6613531, 0.5527823, 0.634461, 0
0.2655788, 0.5424101, 0.2422877, 0
0.2544128, 0.5626859, 0.1864108, 0
0.5173982, 0.5605148, 0.4499253, 0
0.5195617, 0.5580937, 0.5691762, 0
0.2570217, 0.5306098, 0.1871691, 0
0.5592662, 0.5571144, 0.5100409, 0
0.4185069, 0.5677608, 0.3001486, 0
0.6601502, 0.5672573, 0.6927662, 0
0.6824051, 0.5561059, 0.6488341, 0
0.6320976, 0.5519789, 0.6077912, 0
0.4468275, 0.5769023, 0.3746505, 0
0.5514699, 0.5631599, 0.4432553, 0
0.4758384, 0.5717797, 0.3807836, 0
0.5610448, 0.5484717, 0.5817046, 0
0.5281252, 0.5559391, 0.5654778, 0
0.6150222, 0.5589312, 0.6405671, 0
0.5102757, 0.5651878, 0.5522378, 0
0.6295076, 0.5633203, 0.7282273, 0
0.4735399, 0.564333, 0.5093082, 0
0.4559843, 0.5717505, 0.334992, 0
0.6315742, 0.5682752, 0.6848105, 0
0.5812801, 0.5603441, 0.6362015, 0
0.4283186, 0.5663426, 0.2981426, 0
0.3614396, 0.5626156, 0.3237617, 0
0.2821792, 0.5159526, 0.1770772, 0
0.6088303, 0.5572965, 0.5387004, 0
0.4796875, 0.5711638, 0.4618088, 0
0.6581836, 0.5685946, 0.687001, 0
0.636026, 0.5421195, 0.5763173, 0
0.2929452, 0.5756879, 0.1691586, 0
0.4173549, 0.5700161, 0.3184488, 0
0.6731035, 0.5450436, 0.7320195, 0
0.5336379, 0.554839, 0.5698138, 0
0.4693215, 0.5711097, 0.4225115, 0
0.3035703, 0.5648547, 0.1716273, 0
0.4829752, 0.5717265, 0.4171962, 0
0.2677777, 0.5557911, 0.2263378, 0
0.5745052, 0.5469508, 0.6111837, 0
0.5455226, 0.5522756, 0.5838241, 0
0.5451749, 0.5609919, 0.5189561, 0
0.616976, 0.5533828, 0.6079988, 0
0.4026619, 0.5755782, 0.3611022, 0
0.5331444, 0.5546255, 0.5744343, 0
0.2950536, 0.567067, 0.2074132, 0
0.3241612, 0.5620604, 0.2013034, 0
0.647756, 0.5590227, 0.6413417, 0
0.3207491, 0.5429237, 0.2664364, 0
0.57482, 0.5649233, 0.4850067, 0
0.5945523, 0.5419129, 0.592833, 0
0.4984655, 0.5610155, 0.4779315, 0
0.3482134, 0.5520627, 0.219248, 0
0.3777253, 0.5628167, 0.2759836, 0
0.5522195, 0.5551603, 0.5648579, 0
0.4979278, 0.5711588, 0.3726722, 0
0.4156841, 0.5787171, 0.4086135, 0
0.6838979, 0.558149, 0.6925802, 0
0.6616206, 0.5507369, 0.7312006, 0
0.3727051, 0.5622515, 0.2779286, 0
0.5678476, 0.5632693, 0.6526156, 0
0.6119784, 0.5468309, 0.5600362, 0
0.57573, 0.5559067, 0.5604036, 0
0.3515771, 0.5462616, 0.2445459, 0
0.2964962, 0.5370165, 0.1974821, 0
0.6864573, 0.5352952, 0.7300222, 0
0.4581641, 0.5732809, 0.466151, 0
0.516663, 0.5683406, 0.5404481, 0
0.5768326, 0.5616465, 0.523422, 0
0.6876605, 0.5461062, 0.7232036, 0
0.676543, 0.5586501, 0.7008358, 0
0.6256647, 0.5707074, 0.6695013, 0
0.2849471, 0.5641371, 0.2133701, 0
0.4051419, 0.5612032, 0.2660857, 0
0.5352119, 0.5620716, 0.4650222, 0
0.3959471, 0.582931, 0.3842834, 0
0.6818691, 0.5284109, 0.7319687, 0
0.3813202, 0.5756752, 0.3712376, 0
0.4357897, 0.5676336, 0.3123699, 0
0.6583081, 0.5508684, 0.7326962, 0
0.4621535, 0.5715902, 0.4358671, 0
0.4820926, 0.57074, 0.4596378, 0
0.4482575, 0.5755996, 0.3863336, 0
0.3263968, 0.5449591, 0.1959512, 0
0.3923804, 0.5725359, 0.3173098, 0
0.5578294, 0.5544625, 0.5674793, 0
0.3741669, 0.5514984, 0.2323224, 0
0.5343755, 0.5634102, 0.5418963, 0
0.3610181, 0.5498571, 0.2529149, 0
0.5245136, 0.5604602, 0.4853306, 0
0.552269, 0.5571527, 0.5047143, 0
0.6879972, 0.5598369, 0.6774225, 0
0.4793126, 0.5718912, 0.4323482, 0
0.3680349, 0.5500693, 0.2319916, 0
0.4079945, 0.5741714, 0.3516744, 0
0.505287, 0.5708352, 0.3797245, 0
0.2781743, 0.5388538, 0.2166584, 0
0.3535432, 0.562261, 0.2839265, 0
0.3332477, 0.546087, 0.2390499, 0
0.5786443, 0.5590461, 0.5107946, 0
0.6373994, 0.5586022, 0.6343543, 0
0.6807814, 0.5497929, 0.7207157, 0
0.5715516, 0.555315, 0.5600681, 0
0.3603714, 0.5502191, 0.2238732, 0
0.4352927, 0.5776864, 0.3547125, 0
0.5365159, 0.5608897, 0.5091443, 0
0.5138568, 0.5603641, 0.4671631, 0
0.5186057, 0.5587026, 0.5654444, 0
0.5080208, 0.568138, 0.4229634, 0
0.4007273, 0.5736939, 0.3362462, 0
0.2950207, 0.5534259, 0.1964344, 0
0.5261571, 0.5609283, 0.555681, 0
0.5239613, 0.5607212, 0.4949131, 0
0.3673531, 0.5646976, 0.3415424, 0
0.4278198, 0.5696868, 0.3270101, 0
0.5217369, 0.5646361, 0.4281616, 0
0.5670993, 0.5460722, 0.6031872, 0
0.4368702, 0.5774587, 0.3782392, 0
0.2670213, 0.5480736, 0.185217, 0
0.3881855, 0.5673871, 0.2945999, 0
0.5180019, 0.5653242, 0.4280306, 0
0.5162291, 0.5654695, 0.5510942, 0
0.4022383, 0.5827732, 0.3862294, 0
0.3667025, 0.5610397, 0.2746634, 0
0.3062974, 0.5455023, 0.1769163, 0
0.3800607, 0.5536938, 0.2218134, 0
0.6436718, 0.5590256, 0.6379032, 0
0.2752433, 0.5695421, 0.2087095, 0
0.3780054, 0.5692778, 0.3117013, 0
0.6276741, 0.5705447, 0.6756874, 0
0.5160314, 0.5605624, 0.452718, 0
0.463891, 0.5703678, 0.4144467, 0
0.3747923, 0.5671628, 0.3525587, 0
0.6430679, 0.547802, 0.608914, 0
0.5233831, 0.5602353, 0.4477732, 0
0.3026681, 0.5605519, 0.2053788, 0
0.2726468, 0.5620979, 0.2043561, 0
0.4752806, 0.5715697, 0.4596965, 0
0.5146066, 0.5646488, 0.4349693, 0
0.3686445, 0.5623305, 0.2844203, 0
0.5343966, 0.5599809, 0.492233, 0
0.5103231, 0.5629354, 0.50004, 0
0.6732939, 0.5623533, 0.698644, 0
0.4599119, 0.571714, 0.446813, 0
0.2997388, 0.5454266, 0.2481858, 0
0.461349, 0.5701417, 0.4206941, 0
0.2670644, 0.5330335, 0.2153326, 0
0.2861839, 0.5405264, 0.2578918, 0
0.5077323, 0.5625869, 0.494911, 0
0.6238627, 0.564375, 0.7123035, 0
0.4096675, 0.5723273, 0.3394204, 0
0.5384418, 0.5588197, 0.5553081, 0
0.6263453, 0.5561879, 0.6297501, 0
0.3106108, 0.5480186, 0.2488641, 0
0.413763, 0.5715538, 0.3353032, 0
0.47861, 0.5639688, 0.5084634, 0
0.2500054, 0.5582474, 0.179871, 0
0.5511909, 0.5570346, 0.5540926, 0
0.3859771, 0.5617744, 0.2663088, 0
0.3746719, 0.568783, 0.316275, 0
0.4126126, 0.5801095, 0.4188569, 0
0.5092364, 0.5720514, 0.3972607, 0
0.3094992, 0.5634322, 0.2205705, 0
0.6369752, 0.5636754, 0.7075343, 0
0.5473727, 0.5624058, 0.4404924, 0
0.4945854, 0.5688336, 0.448983, 0
0.6313335, 0.5642405, 0.7001688, 0
0.3091774, 0.5452045, 0.2183795, 0
0.5915473, 0.5636764, 0.6351532, 0
0.6679064, 0.537217, 0.7382407, 0
0.3414039, 0.5480021, 0.2325344, 0
0.5394589, 0.563542, 0.4280927, 0
0.5834468, 0.5666368, 0.4921588, 0
0.2691415, 0.5132082, 0.1761187, 0
0.479044, 0.5718867, 0.3757502, 0
0.3782077, 0.5606906, 0.2675578, 0
0.626444, 0.5634834, 0.6541644, 0
0.2583079, 0.5766823, 0.1975482, 0
0.602661, 0.5624534, 0.637217, 0
0.3494284, 0.5464192, 0.2510663, 0
0.586253, 0.5434621, 0.5768947, 0
0.6236827, 0.5430599, 0.587025, 0
0.2778551, 0.5447906, 0.2206941, 0
0.3700398, 0.560346, 0.2707824, 0
0.5434159, 0.5540627, 0.5730298, 0
0.2835155, 0.5452704, 0.1821793, 0
0.5919577, 0.5632799, 0.6339674, 0
0.5582417, 0.5567049, 0.5070276, 0
0.5165638, 0.564802, 0.4322565, 0
0.5068538, 0.5628409, 0.4953989, 0
0.4662277, 0.5715083, 0.3347288, 0
0.3674255, 0.5541638, 0.2124601, 0
0.4426481, 0.5750989, 0.3429391, 0
0.5561993, 0.559011, 0.5432522, 0
0.4061816, 0.5750421, 0.3585074, 0
0.3581587, 0.5561501, 0.2684509, 0
0.3107699, 0.5388886, 0.2582073, 0
0.3834832, 0.5724566, 0.3505707, 0
0.4318817, 0.5671724, 0.3038017, 0
0.5481001, 0.558596, 0.5507301, 0
0.5952169, 0.5576691, 0.6167754, 0
0.5001189, 0.5675307, 0.5421309, 0
0.3824771, 0.5702655, 0.3091734, 0
0.6585302, 0.5668023, 0.696152, 0
0.4819133, 0.5715315, 0.3739044, 0
0.3900028, 0.5632121, 0.2739436, 0
0.3273644, 0.5437742, 0.2626875, 0
0.2786992, 0.5168296, 0.1681391, 0
0.6512458, 0.5705653, 0.6891013, 0
0.5209107, 0.5610043, 0.5774764, 0
0.5705966, 0.5534121, 0.6331223, 0
0.669228, 0.5585619, 0.7086195, 0
0.5334248, 0.5620743, 0.512081, 0
0.5185503, 0.5655357, 0.5508783, 0
0.5343803, 0.5616452, 0.4535712, 0
0.4440828, 0.5736095, 0.4001568, 0
0.3833064, 0.5725523, 0.3405267, 0
0.3046222, 0.5606915, 0.1880574, 0
0.452528, 0.5719968, 0.3998026, 0
0.4556521, 0.5696244, 0.4286856, 0
0.5895533, 0.5592642, 0.6867422, 0
0.3582374, 0.5622129, 0.2827524, 0
0.3472139, 0.5588939, 0.2774237, 0
0.5132328, 0.5662428, 0.4219207, 0
0.50981, 0.5694035, 0.4140339, 0
0.5782916, 0.5582704, 0.5539466, 0
0.6063184, 0.558245, 0.5404844, 0
0.4402248, 0.569836, 0.3262371, 0
0.4425577, 0.5695659, 0.4151717, 0
0.2856923, 0.5661553, 0.2165745, 0
0.6928722, 0.5532326, 0.6408839, 0
0.6836553, 0.5450333, 0.7265493, 0
0.2621603, 0.5535127, 0.211479, 0
0.3839794, 0.5756654, 0.3634941, 0
0.3728161, 0.5680618, 0.3330022, 0
0.6275286, 0.5562108, 0.627879, 0
0.6150235, 0.5541325, 0.6093495, 0
0.5486308, 0.5538986, 0.5741737, 0
0.5946099, 0.558244, 0.6183968, 0
0.5478621, 0.5503372, 0.5969054, 0
0.396715, 0.5709078, 0.308231, 0
0.5725551, 0.5589925, 0.5159813, 0
0.4410141, 0.5676292, 0.4341387, 0
0.4662074, 0.5647235, 0.4931506, 0
0.511684, 0.5681013, 0.5332394, 0
0.5715185, 0.5613087, 0.5344493, 0
0.475989, 0.5648589, 0.4879059, 0
0.4739541, 0.5639447, 0.4947409, 0
0.507737, 0.5599495, 0.469103, 0
0.3064682, 0.5618672, 0.1869431, 0
0.5766088, 0.5573934, 0.5017205, 0
0.6581036, 0.5677043, 0.667963, 0
0.2545713, 0.5451628, 0.1770837, 0
0.5485848, 0.5551956, 0.6163391, 0
0.4086866, 0.571537, 0.320286, 0
0.4699663, 0.5729818, 0.373971, 0
0.4006322, 0.5756654, 0.3614218, 0
0.256416, 0.5429835, 0.190355, 0
0.357999, 0.5611728, 0.3101812, 0
0.6243443, 0.5434759, 0.5881003, 0
0.6465189, 0.5709343, 0.6723177, 0
0.5907602, 0.5522199, 0.6132253, 0
0.6647556, 0.5670621, 0.6921625, 0
0.2381368, 0.5321825, 0.2012168, 0
0.5215833, 0.5680479, 0.4012884, 0
0.3286154, 0.563482, 0.2976047, 0
0.3265536, 0.5448534, 0.2659258, 0
0.5984549, 0.5619784, 0.6857129, 0
0.3212919, 0.5446401, 0.2388328, 0
0.6341673, 0.5569586, 0.627619, 0
0.46924, 0.5718073, 0.4775116, 0
0.623237, 0.5627422, 0.7018954, 0
0.4774494, 0.5637942, 0.492394, 0
0.3957894, 0.5820065, 0.3808364, 0
0.4139302, 0.5725466, 0.3434267, 0
0.4581557, 0.5668014, 0.3243704, 0
0.4480262, 0.5683764, 0.4306242, 0
0.6331246, 0.5513973, 0.5570793, 0
0.3813363, 0.5596743, 0.2616558, 0
0.4645519, 0.5708622, 0.3326233, 0
0.6047223, 0.5471833, 0.6021214, 0
0.5464171, 0.5608588, 0.5282416, 0
0.4351998, 0.5787432, 0.3701386, 0
0.5982262, 0.5663117, 0.6496187, 0
0.538974, 0.554655, 0.5670697, 0
0.4648964, 0.5675066, 0.490079, 0
0.2656898, 0.56579, 0.1931624, 0
0.4254806, 0.5757523, 0.3523092, 0
0.3234479, 0.5617366, 0.2984718, 0
0.5183736, 0.5656989, 0.5138918, 0
0.5266088, 0.5588441, 0.5899048, 0
0.4704489, 0.5717044, 0.3997953, 0
0.6513315, 0.5640773, 0.6538394, 0
0.2800581, 0.5250004, 0.1626499, 0
0.4221671, 0.5649795, 0.2903274, 0
0.6755327, 0.5579586, 0.7049155, 0
0.4931473, 0.562691, 0.4898973, 0
0.5514504, 0.5535277, 0.6118437, 0
0.3685903, 0.5618636, 0.2978671, 0
0.4155833, 0.5673894, 0.2964402, 0
0.3041572, 0.5768581, 0.1851016, 0
0.7018502, 0.5434043, 0.7196189, 0
0.3835785, 0.572416, 0.3429672, 0
0.4151961, 0.5672919, 0.2959777, 0
0.5248546, 0.5650609, 0.5191613, 0
0.4942365, 0.5659369, 0.5095279, 0
0.4759482, 0.5723789, 0.3737274, 0
0.5239376, 0.5627479, 0.5064949, 0
0.4289936, 0.5656471, 0.2952985, 0
0.5915974, 0.560793, 0.6856339, 0
0.5148684, 0.5653251, 0.4309939, 0
0.5845612, 0.5592637, 0.5537435, 0
0.5583622, 0.5592398, 0.4840631, 0
0.463199, 0.5737478, 0.369495, 0
0.6020241, 0.5435333, 0.5733435, 0
0.3555728, 0.5487655, 0.2278876, 0
0.4570982, 0.5665221, 0.3230777, 0
0.6334074, 0.557871, 0.6359211, 0
0.6897421, 0.5581404, 0.6815989, 0
0.6311728, 0.5570235, 0.6326531, 0
0.3136976, 0.5445959, 0.1730794, 0
0.3229415, 0.5418293, 0.2528511, 0
0.3964212, 0.5680131, 0.2941165, 0
0.2858099, 0.5404958, 0.1786259, 0
0.3130393, 0.5517722, 0.1682296, 0
0.3318875, 0.5473713, 0.1949307, 0
0.4681547, 0.5709272, 0.4500096, 0
0.3950609, 0.5756813, 0.3592883, 0
0.4344897, 0.5747428, 0.4035785, 0
0.4981346, 0.5630229, 0.4927843, 0
0.564614, 0.5544882, 0.5607834, 0
0.4717893, 0.5642902, 0.4926981, 0
0.3346136, 0.5464881, 0.2376761, 0
0.4796582, 0.5654533, 0.4835387, 0
0.5317872, 0.5621035, 0.509919, 0
0.4441492, 0.5697671, 0.4124261, 0
0.3223248, 0.5452986, 0.2701667, 0
0.3136478, 0.5662835, 0.2117249, 0
0.4274965, 0.5766031, 0.3990715, 0
0.484712, 0.5635396, 0.4842468, 0
0.4854704, 0.5713003, 0.3802792, 0
0.2991568, 0.5373036, 0.2740887, 0
0.3353721, 0.5481319, 0.2293778, 0
0.4039578, 0.5718431, 0.3181815, 0
0.6219616, 0.5667107, 0.682472, 0
0.6716914, 0.566442, 0.6871091, 0
0.583232, 0.5613807, 0.5455859, 0
0.6699476, 0.5531055, 0.7173467, 0
0.5296817, 0.5545219, 0.5825519, 0
0.4096829, 0.5821801, 0.3839411, 0
0.3371645, 0.5520669, 0.1992274, 0
0.3365389, 0.5647501, 0.3061822, 0
0.2461832, 0.5297359, 0.2000287, 0
0.5552442, 0.5597469, 0.4824766, 0
0.2546163, 0.5547441, 0.2200792, 0
0.523, 0.5607185, 0.4808177, 0
0.6633468, 0.559448, 0.6485976, 0
0.5517991, 0.5590085, 0.4861123, 0
0.5646042, 0.5603401, 0.5378644, 0
0.3681702, 0.5510108, 0.2273897, 0
0.4728135, 0.5720822, 0.3552915, 0
0.6161737, 0.5659668, 0.6567895, 0
0.3589795, 0.5492346, 0.2275397, 0
0.3481499, 0.5524556, 0.2172441, 0
0.6519832, 0.5446334, 0.6100453, 0
0.4822698, 0.5640331, 0.5023206, 0
0.5824521, 0.5613031, 0.5145579, 0
0.3265293, 0.5438928, 0.2638274, 0
0.4915416, 0.5647624, 0.5174071, 0
0.3565226, 0.5475052, 0.248564, 0
0.6910069, 0.5237198, 0.7254155, 0
0.5680593, 0.5469632, 0.6073666, 0
0.5542696, 0.5559576, 0.558688, 0
0.7051887, 0.551316, 0.7044476, 0
0.5395792, 0.5622981, 0.5302438, 0
0.4808775, 0.5608348, 0.5185167, 0
0.5049413, 0.5636587, 0.4516669, 0
0.3969193, 0.5732089, 0.3229428, 0
0.5645916, 0.5566605, 0.5494318, 0
0.2649457, 0.5121698, 0.1696525, 0
0.584522, 0.5663555, 0.6484683, 0
0.3077933, 0.544969, 0.213685, 0
0.2756587, 0.5322694, 0.1902916, 0
0.5771502, 0.5617461, 0.5378085, 0
0.3842153, 0.5566807, 0.2526578, 0
0.4287837, 0.566377, 0.2984414, 0
0.6078056, 0.5597673, 0.6262844, 0
0.4947982, 0.5627267, 0.4898383, 0
0.5130329, 0.5714303, 0.3961364, 0
0.5921537, 0.5584151, 0.6201632, 0
0.501437, 0.5652154, 0.4529528, 0
0.2853933, 0.5600701, 0.1656864, 0
0.4895945, 0.5628831, 0.4822523, 0
0.5833362, 0.5682235, 0.6621926, 0
0.4957704, 0.5710304, 0.3708633, 0
0.4546857, 0.5737615, 0.3909681, 0
0.3630933, 0.5515686, 0.2572087, 0
0.687296, 0.5547858, 0.6946622, 0
0.5590191, 0.5523102, 0.6175045, 0
0.4213983, 0.5783287, 0.3621413, 0
0.4907911, 0.5726882, 0.3601019, 0
0.3201834, 0.5475582, 0.1947301, 0
0.5740247, 0.5477338, 0.6130901, 0
0.5397477, 0.5543811, 0.5701918, 0
0.5374936, 0.561494, 0.4461946, 0
0.6513875, 0.5691723, 0.6653026, 0
0.5701104, 0.5564753, 0.5013226, 0
0.5457723, 0.5610197, 0.4813934, 0
0.3928871, 0.5793551, 0.3751228, 0
0.3517804, 0.5617031, 0.326737, 0
0.2509165, 0.561523, 0.1841309, 0
0.5717146, 0.5456054, 0.581163, 0
0.2768789, 0.5368254, 0.1928672, 0
0.5977985, 0.5618736, 0.6286441, 0
0.3084161, 0.5525656, 0.1791635, 0
0.2603952, 0.5374243, 0.2005602, 0
0.4328963, 0.5700458, 0.3296945, 0
0.5189174, 0.5635189, 0.5738817, 0
0.4503954, 0.5753961, 0.3515968, 0
0.4283718, 0.5715508, 0.3372698, 0
0.3353854, 0.5459366, 0.2397313, 0
0.448534, 0.5753976, 0.3872567, 0
0.3964417, 0.5720099, 0.313886, 0
0.5984716, 0.5555843, 0.6917671, 0
0.5457812, 0.5514235, 0.6003966, 0
0.5783094, 0.5553071, 0.5639944, 0
0.4022042, 0.5697699, 0.3034982, 0
0.4598308, 0.5740815, 0.3825766, 0
0.5204551, 0.5621814, 0.502753, 0
0.2522825, 0.5505841, 0.2172337, 0
0.4803739, 0.5715184, 0.3934768, 0
0.5652525, 0.5481717, 0.6084457, 0
0.6745428, 0.5470473, 0.6236518, 0
0.606518, 0.5577402, 0.5425201, 0
0.5749344, 0.5655631, 0.6596116, 0
0.3958115, 0.5833973, 0.3943486, 0
0.5851817, 0.5552142, 0.5635697, 0
0.6455597, 0.5445585, 0.6030817, 0
0.4089523, 0.5655589, 0.2842226, 0
0.369963, 0.5505474, 0.2312971, 0
0.3579219, 0.5613818, 0.2989414, 0
0.4319292, 0.5783948, 0.3778604, 0
0.2848702, 0.5564499, 0.1971588, 0
0.5097944, 0.5710365, 0.4075707, 0
0.4249574, 0.5657579, 0.2943012, 0
0.2659793, 0.5383404, 0.2260866, 0
0.4929378, 0.5724524, 0.4151434, 0
0.2977559, 0.5511821, 0.2030797, 0
0.6214769, 0.5564519, 0.62883, 0
0.512041, 0.5606729, 0.4772791, 0
0.5890881, 0.5422784, 0.5937219, 0
0.6247277, 0.5646134, 0.7132322, 0
0.5918438, 0.5442879, 0.5729189, 0
0.6102925, 0.5475899, 0.599411, 0
0.5216329, 0.5608628, 0.455492, 0
0.4410385, 0.5688078, 0.4243021, 0
0.6417327, 0.5617058, 0.6533931, 0
0.517543, 0.5611302, 0.4711055, 0
0.6826795, 0.5229192, 0.7292399, 0
0.444879, 0.576596, 0.3571885, 0
0.5300426, 0.5610769, 0.4510448, 0
0.7032468, 0.5390868, 0.7223188, 0
0.5272862, 0.5658872, 0.5366144, 0
0.397449, 0.5791124, 0.3726353, 0
0.292954, 0.5429565, 0.2410032, 0
0.2877839, 0.5708207, 0.1873282, 0
0.6156285, 0.5448057, 0.5937638, 0
0.6204453, 0.5625551, 0.7065495, 0
0.5428205, 0.5525866, 0.5845309, 0
0.3510001, 0.5544519, 0.2692051, 0
0.5417081, 0.5615712, 0.4391045, 0
0.3633835, 0.551511, 0.2566191, 0
0.4871895, 0.5714299, 0.4381678, 0
0.5495461, 0.5597907, 0.5250736, 0
0.4280816, 0.5696006, 0.3264793, 0
0.6694567, 0.5654529, 0.6957132, 0
0.6492976, 0.5711696, 0.6819556, 0
0.5169736, 0.5608795, 0.4900812, 0
0.4083726, 0.5746244, 0.3559675, 0
0.6607441, 0.5539187, 0.636578, 0
0.6620035, 0.5478022, 0.7413049, 0
0.3934573, 0.5792909, 0.3745262, 0
0.3965361, 0.5726081, 0.3182584, 0
0.4372139, 0.5726743, 0.4081521, 0
0.5692915, 0.5533027, 0.5696514, 0
0.4494665, 0.5744737, 0.3421986, 0
0.415797, 0.5716975, 0.3388304, 0
0.4234124, 0.5728813, 0.3434442, 0
0.314807, 0.5370361, 0.1785285, 0
0.5249755, 0.5628331, 0.5079445, 0
0.3953396, 0.5578071, 0.2534154, 0
0.5133964, 0.5612323, 0.4919492, 0
0.483035, 0.5706904, 0.4609616, 0
0.3038676, 0.5310436, 0.181646, 0
0.5617067, 0.552615, 0.5731943, 0
0.4772439, 0.5712025, 0.457901, 0
0.4605215, 0.5730906, 0.3885842, 0
0.5097286, 0.5600049, 0.4663363, 0
0.4212107, 0.5779224, 0.3968358, 0
0.6302216, 0.549899, 0.6011935, 0
0.5005749, 0.5660554, 0.4516881, 0
0.4876055, 0.563973, 0.5141987, 0
0.4396146, 0.574674, 0.3412793, 0
0.6006742, 0.5586847, 0.6180453, 0
0.4941949, 0.5718302, 0.4054991, 0
0.6070396, 0.5626408, 0.6483477, 0
0.2819207, 0.5463014, 0.1541823, 0
0.2471483, 0.5259416, 0.1990182, 0
0.412234, 0.5735477, 0.3492266, 0
0.5621178, 0.5583545, 0.6452873, 0
0.4086572, 0.5740496, 0.3513528, 0
0.316468, 0.5518174, 0.239309, 0
0.5043688, 0.5711501, 0.3760694, 0
0.5201219, 0.5619614, 0.5016838, 0
0.4304394, 0.5678505, 0.3098327, 0
0.2856114, 0.5611236, 0.1583471, 0
0.4531781, 0.5711967, 0.4420013, 0
0.5182346, 0.5672662, 0.5266269, 0
0.2491739, 0.5365918, 0.1789821, 0
0.5039403, 0.560259, 0.467311, 0
0.3803076, 0.569378, 0.3075213, 0
0.6483325, 0.5558637, 0.631471, 0
0.5507851, 0.5544453, 0.6170722, 0
0.5291069, 0.5587608, 0.5976732, 0
0.5314816, 0.5605757, 0.4446625, 0
0.4100347, 0.571067, 0.3179004, 0
0.6903349, 0.5357748, 0.7279564, 0
0.3929899, 0.5741208, 0.342906, 0
0.2646698, 0.5230344, 0.1695249, 0
0.5580615, 0.5566293, 0.5047446, 0
0.4668445, 0.5639421, 0.4964317, 0
0.39368, 0.5550326, 0.2439447, 0
0.4235651, 0.5672789, 0.3002239, 0
0.41734, 0.5632995, 0.279181, 0
0.2804788, 0.5410386, 0.1510724, 0
0.3149236, 0.5419543, 0.1931169, 0
0.543501, 0.5513636, 0.5934691, 0
0.4276425, 0.5766662, 0.3950101, 0
0.3717569, 0.5526859, 0.2214334, 0
0.4313883, 0.5787083, 0.3770474, 0
0.6719614, 0.5372853, 0.7360426, 0
0.5763228, 0.5577971, 0.5081435, 0
0.6362219, 0.5594344, 0.6445658, 0
0.4493443, 0.5734585, 0.3976319, 0
0.6240961, 0.5631209, 0.688279, 0
0.561825, 0.5685797, 0.4603822, 0
0.5780944, 0.5619752, 0.5363281, 0
0.308686, 0.5456204, 0.2831959, 0
0.4120376, 0.5738903, 0.3514395, 0
0.4558894, 0.5745494, 0.3587944, 0
0.3288011, 0.5595752, 0.2183441, 0
0.4446962, 0.5699377, 0.4113092, 0
0.513119, 0.5677312, 0.5272304, 0
0.5565575, 0.5487021, 0.6001391, 0
0.416121, 0.5808635, 0.3887106, 0
0.4820736, 0.5710878, 0.4677609, 0
0.5750057, 0.5457568, 0.6059657, 0
0.7031634, 0.5453874, 0.7174217, 0
0.5777732, 0.5472467, 0.577385, 0
0.2807741, 0.5407897, 0.2191327, 0
0.3125202, 0.5745195, 0.1818229, 0
0.4848852, 0.5703781, 0.4592003, 0
0.4529968, 0.5694928, 0.4325897, 0
0.5779194, 0.5435054, 0.5822949, 0
0.4058034, 0.5635445, 0.2750692, 0
0.3684416, 0.5589653, 0.2686599, 0
0.6354345, 0.5576251, 0.6306859, 0
0.4600303, 0.5701728, 0.4169228, 0
0.4592376, 0.5738212, 0.3527245, 0
0.5161387, 0.5649945, 0.4318916, 0
0.6586134, 0.5630589, 0.7083253, 0
0.4684766, 0.5719548, 0.3902067, 0
0.281971, 0.5399661, 0.1869185, 0
0.3659294, 0.5653917, 0.3240544, 0
0.5803913, 0.5595399, 0.5513983, 0
0.4584626, 0.5717266, 0.4522025, 0
0.5581446, 0.558272, 0.4893193, 0
0.4921915, 0.5647252, 0.5043519, 0
0.5427096, 0.5548505, 0.5651608, 0
0.5619726, 0.5599079, 0.6534188, 0
0.5967104, 0.5420434, 0.5947277, 0
0.5053031, 0.5609894, 0.4815966, 0
0.451687, 0.5743645, 0.4642601, 0
0.2441211, 0.5173512, 0.1870237, 0
0.2761574, 0.532715, 0.1900008, 0
0.6398853, 0.5426834, 0.5711601, 0
0.4023231, 0.5704352, 0.3085976, 0
0.3452042, 0.546239, 0.2374044, 0
0.5183367, 0.5607263, 0.4859178, 0
0.6543375, 0.5058716, 0.730941, 0
0.7059245, 0.5556872, 0.6659395, 0
0.5177716, 0.5609548, 0.4916584, 0
0.450075, 0.5761146, 0.3822912, 0
0.5802595, 0.5474432, 0.6123676, 0
0.4474683, 0.5761636, 0.3598312, 0
0.5374721, 0.5532708, 0.5982041, 0
0.4671699, 0.5717024, 0.3920318, 0
0.4653446, 0.5708227, 0.4247506, 0
0.470153, 0.5722153, 0.4686185, 0
0.5486941, 0.5602766, 0.5343852, 0
0.5111063, 0.5669972, 0.4231018, 0
0.2845832, 0.5404069, 0.2587557, 0
0.5795935, 0.5672733, 0.6608179, 0
0.4913421, 0.57115, 0.367202, 0
0.2727178, 0.5682495, 0.1640573, 0
0.2844343, 0.5402442, 0.2594907, 0
0.4511402, 0.5715156, 0.4454843, 0
0.6363363, 0.5425779, 0.5840206, 0
0.42756, 0.5797729, 0.3648567, 0
0.3887694, 0.5666798, 0.2919413, 0
0.4933258, 0.5630625, 0.4922847, 0
0.4153471, 0.5694189, 0.3096535, 0
0.3084093, 0.549795, 0.2312923, 0
0.312864, 0.5606853, 0.2225718, 0
0.511262, 0.5655457, 0.4355972, 0
0.5047856, 0.5709421, 0.3849515, 0
0.4796492, 0.5725607, 0.3651842, 0
0.4482481, 0.5693543, 0.4136032, 0
0.5555347, 0.5512705, 0.5795297, 0
0.661818, 0.5497291, 0.7332814, 0
0.2926482, 0.5723563, 0.2067582, 0
0.4932943, 0.5630876, 0.4732065, 0
0.6991377, 0.5560219, 0.6699021, 0
0.6805696, 0.5493649, 0.7217702, 0
0.5806883, 0.5631625, 0.4921852, 0
0.3310668, 0.5496222, 0.2307706, 0
0.3037846, 0.5573636, 0.1576188, 0
0.6605258, 0.5566127, 0.6418985, 0
0.6459252, 0.5539784, 0.624604, 0
0.6087363, 0.5524767, 0.605254, 0
0.3647313, 0.5620229, 0.2871174, 0
0.6215957, 0.5507416, 0.6017678, 0
0.4619997, 0.5716585, 0.4440686, 0
0.6462475, 0.5709876, 0.6730453, 0
0.5527665, 0.5634888, 0.4694371, 0
0.3451525, 0.5475187, 0.2330015, 0
0.5593798, 0.557629, 0.6477472, 0
0.4932722, 0.57249, 0.4162719, 0
0.3679708, 0.5548796, 0.2604855, 0
0.376433, 0.5533396, 0.2216959, 0
0.6297404, 0.5708391, 0.6704659, 0
0.5669947, 0.5440312, 0.5904965, 0
0.4335728, 0.5713481, 0.3337217, 0
0.3218519, 0.5416243, 0.2594574, 0
0.3965123, 0.5741436, 0.3326486, 0
0.5954503, 0.5625567, 0.6306404, 0
0.4261472, 0.5695618, 0.3242247, 0
0.3197776, 0.5510038, 0.2821838, 0
0.5850402, 0.5629328, 0.5218717, 0
0.3780607, 0.5624911, 0.273957, 0
0.2934948, 0.5425676, 0.2441071, 0
0.3216398, 0.5580444, 0.2921365, 0
0.3925876, 0.5753486, 0.3559105, 0
0.2703716, 0.5225757, 0.162049, 0
0.5582681, 0.5599205, 0.4810537, 0
0.5807349, 0.5622906, 0.5229727, 0
0.699766, 0.5411388, 0.7218359, 0
0.4685014, 0.5711569, 0.4238226, 0
0.4313032, 0.579713, 0.368976, 0
0.2774981, 0.52904, 0.2008149, 0
0.4252177, 0.5743096, 0.3474216, 0
0.4998079, 0.5664051, 0.5299865, 0
0.3845948, 0.5645397, 0.2846542, 0
0.2972702, 0.5280675, 0.1588285, 0
0.6217525, 0.5426474, 0.5760362, 0
0.4033939, 0.5627367, 0.2700651, 0
0.3450236, 0.5629179, 0.3114999, 0
0.5885563, 0.5554309, 0.5621046, 0
0.5151354, 0.5634148, 0.5550004, 0
0.6399637, 0.5594184, 0.6402315, 0
0.5801743, 0.5424544, 0.5914602, 0
0.6538947, 0.5466348, 0.617873, 0
0.345501, 0.5461972, 0.2538815, 0
0.6210167, 0.5562596, 0.6230407, 0
0.567367, 0.5492362, 0.5778013, 0
0.3979368, 0.575665, 0.3612294, 0
0.4727101, 0.5709215, 0.4484425, 0
0.4130744, 0.5718876, 0.3380709, 0
0.5081983, 0.5678823, 0.4245484, 0
0.3755036, 0.567663, 0.3502193, 0
0.4778117, 0.5711983, 0.4159141, 0
0.2591963, 0.510364, 0.1834931, 0
0.2947524, 0.5660154, 0.1599584, 0
0.6293102, 0.5691149, 0.6641853, 0
0.406142, 0.5642129, 0.2785793, 0
0.5434228, 0.5562658, 0.5593714, 0
0.6324344, 0.5576453, 0.6350653, 0
0.5562778, 0.5582321, 0.5457426, 0
0.3093899, 0.5514593, 0.2069368, 0
0.5866737, 0.5528242, 0.5669304, 0
0.4985502, 0.566991, 0.5124791, 0
0.2709642, 0.5403088, 0.2264406, 0
0.6805637, 0.5431842, 0.7295193, 0
0.4169028, 0.5814434, 0.3758369, 0
0.6288512, 0.5643373, 0.7145353, 0
0.618717, 0.5629474, 0.6528369, 0
0.5678964, 0.5451882, 0.6003537, 0
0.6487163, 0.5433552, 0.5993837, 0
0.3787145, 0.5699366, 0.3518357, 0
0.5796682, 0.5607815, 0.5154795, 0
0.438325, 0.5742915, 0.4024268, 0
0.4516822, 0.5707327, 0.4407193, 0
0.393993, 0.5636801, 0.2760792, 0
0.4579549, 0.569786, 0.4217793, 0
0.3725307, 0.5509455, 0.2446656, 0
0.3880079, 0.5764664, 0.3661107, 0
0.5724808, 0.560564, 0.5226725, 0
0.5164037, 0.5658448, 0.4228493, 0
0.4280296, 0.571265, 0.3356802, 0
0.3487515, 0.5624433, 0.3016888, 0
0.4171535, 0.5634152, 0.2794478, 0
0.6478539, 0.5182529, 0.7411162, 0
0.2924712, 0.5402354, 0.2573125, 0
0.5190182, 0.5662544, 0.5184054, 0
0.4755131, 0.5638559, 0.4972901, 0
0.337356, 0.564465, 0.3073441, 0
0.6728002, 0.5589854, 0.705242, 0
0.6502377, 0.546972, 0.7453898, 0
0.3468488, 0.5557466, 0.2726295, 0
0.3744954, 0.56576, 0.3036737, 0
0.5032524, 0.5616603, 0.4605681, 0
0.3576065, 0.5613657, 0.2799244, 0
0.4610147, 0.5734196, 0.3520553, 0
0.4293318, 0.5758276, 0.3498356, 0
0.607444, 0.5622648, 0.6473852, 0
0.6026764, 0.5581545, 0.6166477, 0
0.4940368, 0.5647838, 0.5328234, 0
0.3691469, 0.5523589, 0.2531986, 0
0.4735658, 0.5721591, 0.3791937, 0
0.3720341, 0.5562122, 0.2605303, 0
0.4741996, 0.5714899, 0.4738841, 0
0.3394646, 0.56389, 0.3190975, 0
0.6825378, 0.534431, 0.7319362, 0
0.3377463, 0.551088, 0.199729, 0
0.5906267, 0.5615501, 0.5463393, 0
0.5684069, 0.5470137, 0.6080162, 0
0.3910883, 0.5766939, 0.3674347, 0
0.5314353, 0.5606489, 0.5544508, 0
0.375613, 0.5688434, 0.3348174, 0
0.590439, 0.5681996, 0.6537858, 0
0.3889453, 0.5548449, 0.2459431, 0
0.2773279, 0.5349717, 0.1585434, 0
0.4895463, 0.5639695, 0.5012122, 0
0.4040531, 0.5806293, 0.3757784, 0
0.378842, 0.5697464, 0.3429241, 0
0.5634629, 0.557993, 0.5159131, 0
0.287358, 0.5408682, 0.2561249, 0
0.6817426, 0.5624382, 0.67553, 0
0.3078752, 0.5603836, 0.210148, 0
0.4721573, 0.5708675, 0.4492164, 0
0.5716251, 0.5622188, 0.6633598, 0
0.4487685, 0.5739148, 0.3946452, 0
0.3395764, 0.5517563, 0.1834288, 0
0.6880028, 0.5603438, 0.6600991, 0
0.3442495, 0.5560526, 0.273876, 0
0.6654606, 0.5662588, 0.6717778, 0
0.5393499, 0.5535309, 0.581235, 0
0.4960173, 0.5613362, 0.4783742, 0
0.3984193, 0.5823212, 0.3818049, 0
0.4563579, 0.5713727, 0.4411333, 0
0.6465797, 0.557336, 0.6335487, 0
0.5133801, 0.5616005, 0.4461876, 0
0.6523779, 0.5681554, 0.6990765, 0
0.6521531, 0.5666519, 0.6586913, 0
0.5706642, 0.5514997, 0.573797, 0
0.6899865, 0.5603753, 0.6618282, 0
0.3628156, 0.5613831, 0.3050368, 0
0.4778379, 0.5637416, 0.4919314, 0
0.3511209, 0.553458, 0.2019523, 0
0.430521, 0.5705261, 0.3314559, 0
0.6499919, 0.5244348, 0.74593, 0
0.565814, 0.5542042, 0.5640872, 0
0.6381491, 0.542113, 0.5798626, 0
0.4561821, 0.5710144, 0.4379073, 0
0.4173456, 0.5785002, 0.4030766, 0
0.3253352, 0.5602652, 0.1887688, 0
0.3663997, 0.5551064, 0.2037688, 0
0.6033279, 0.5693118, 0.6775095, 0
0.5415691, 0.5618631, 0.5243571, 0
0.3797722, 0.5702332, 0.3462724, 0
0.5806429, 0.5594301, 0.6353533, 0
0.3967642, 0.5787553, 0.3717382, 0
0.3101654, 0.5444414, 0.2062748, 0
0.519832, 0.561076, 0.47335, 0
0.5265706, 0.5661039, 0.5418519, 0
0.5053932, 0.5678149, 0.5353059, 0
0.3473057, 0.5457584, 0.2420378, 0
0.5052982, 0.5676, 0.5299086, 0
0.6035269, 0.5515299, 0.5562178, 0
0.4118556, 0.5802023, 0.4019833, 0
0.5048824, 0.5609084, 0.4809047, 0
0.2826227, 0.5677781, 0.1594464, 0
0.5572034, 0.5472662, 0.5925356, 0
0.6371498, 0.5586768, 0.6351616, 0
0.4179293, 0.5777418, 0.4114396, 0
0.4981304, 0.5663651, 0.5093322, 0
0.5354912, 0.5600591, 0.5022262, 0
0.3456876, 0.5620011, 0.2862118, 0
0.4682183, 0.5716698, 0.4411557, 0
0.6850331, 0.5470026, 0.7235977, 0
0.4841903, 0.5630952, 0.4905468, 0
0.3022899, 0.53949, 0.2568077, 0
0.6656391, 0.5675076, 0.6881465, 0
0.5292374, 0.5647746, 0.5298715, 0
0.6293941, 0.5635765, 0.7088589, 0
0.3814989, 0.5716705, 0.3337499, 0
0.4149801, 0.5720074, 0.3410163, 0
0.3829237, 0.5751686, 0.3625921, 0
0.5274789, 0.5552492, 0.5797752, 0
0.4275373, 0.5732424, 0.418545, 0
0.2773811, 0.5394782, 0.2187515, 0
0.6161296, 0.556153, 0.6164355, 0
0.3439037, 0.5478466, 0.2607901, 0
0.6403093, 0.5420196, 0.5780137, 0
0.372887, 0.5689117, 0.3270781, 0
0.6233568, 0.5707379, 0.6708092, 0
0.3452265, 0.5472122, 0.2589427, 0
0.6761733, 0.558439, 0.7018015, 0
0.6719408, 0.5632318, 0.6983196, 0
0.3530591, 0.5619034, 0.3185632, 0
0.2767513, 0.5521354, 0.243392, 0
0.3289587, 0.5438427, 0.2469106, 0
0.505441, 0.5693496, 0.4212574, 0
0.4579787, 0.5714998, 0.4395154, 0
0.5622653, 0.5498189, 0.5785726, 0
0.3209387, 0.5421025, 0.2502304, 0
0.6477432, 0.5710242, 0.6750221, 0
0.4279358, 0.5792777, 0.3787062, 0
0.3086594, 0.5714653, 0.1861156, 0
0.407876, 0.5744919, 0.3555723, 0
0.5940525, 0.5443271, 0.6030405, 0
0.3502899, 0.5476272, 0.2321152, 0
0.6760365, 0.5549399, 0.644746, 0
0.2777415, 0.5372496, 0.213617, 0
0.660552, 0.5641026, 0.6572556, 0
0.378937, 0.5632542, 0.2801764, 0
0.2733505, 0.5325646, 0.1956289, 0
0.5736745, 0.5442379, 0.5998778, 0
0.4744516, 0.5711052, 0.4183785, 0
0.4552624, 0.5694017, 0.4227528, 0
0.5222334, 0.5670321, 0.5442271, 0
0.368382, 0.5515154, 0.2501422, 0
0.4295512, 0.5680784, 0.3134489, 0
0.4665536, 0.5716578, 0.3928746, 0
0.4074582, 0.5693422, 0.3039777, 0
0.4025925, 0.5668015, 0.2884284, 0
0.5963792, 0.5695267, 0.6695824, 0
0.446302, 0.5761764, 0.3549247, 0
0.5021132, 0.5625939, 0.4898722, 0
0.3914536, 0.5716911, 0.3126433, 0
0.4390907, 0.5667109, 0.3016313, 0
0.6791934, 0.5536081, 0.640922, 0
0.4350079, 0.571436, 0.4138051, 0
0.3511899, 0.5536876, 0.1997939, 0
0.2620848, 0.5634823, 0.1830396, 0
0.5386397, 0.5624282, 0.5194128, 0
0.562326, 0.5545664, 0.5622235, 0
0.6087731, 0.5412008, 0.5824694, 0
0.425435, 0.5783253, 0.3881938, 0
0.5275387, 0.5611272, 0.475425, 0
0.6569977, 0.541121, 0.7439312, 0
0.5342113, 0.5635908, 0.5280324, 0
0.6583919, 0.529667, 0.7443867, 0
0.5192147, 0.5628332, 0.4360196, 0
0.550865, 0.5595568, 0.5210649, 0
0.690277, 0.5561295, 0.6875097, 0
0.4412195, 0.5749661, 0.3971373, 0
0.3294447, 0.5480638, 0.2209977, 0
0.6134402, 0.541916, 0.5901015, 0
0.3856176, 0.5699297, 0.305728, 0
0.5394357, 0.5533335, 0.583216, 0
0.5780998, 0.561266, 0.6741022, 0
0.6203308, 0.5615752, 0.7014784, 0
0.5653232, 0.5667923, 0.4691805, 0
0.570357, 0.5565899, 0.5003186, 0
0.5031812, 0.5607027, 0.4641964, 0
0.5969033, 0.5483787, 0.5654159, 0
0.3929013, 0.5715864, 0.3115254, 0
0.5871236, 0.5458335, 0.6074487, 0
0.4019572, 0.5658306, 0.2840535, 0
0.2799378, 0.5528781, 0.1974672, 0
0.5284531, 0.5620611, 0.5067161, 0
0.2824596, 0.5172029, 0.164765, 0
0.2777725, 0.5739253, 0.1503785, 0
0.4588577, 0.5727433, 0.3930738, 0
0.6107683, 0.5457208, 0.5674511, 0
0.5037283, 0.5679498, 0.438787, 0
0.3574411, 0.5613727, 0.3006889, 0
0.6537362, 0.5389609, 0.746832, 0
0.5265433, 0.5603219, 0.4467479, 0
0.6376172, 0.5526243, 0.6145004, 0
0.60493, 0.5576704, 0.6155924, 0
0.3286396, 0.548459, 0.2081776, 0
0.649254, 0.5702051, 0.6692351, 0
0.6108823, 0.5581639, 0.7035267, 0
0.5108452, 0.5618722, 0.4935246, 0
0.4836825, 0.5715094, 0.3713603, 0
0.5629163, 0.5529016, 0.5719432, 0
0.491774, 0.5670691, 0.4646201, 0
0.3528369, 0.5619063, 0.1984957, 0
0.5448366, 0.5542462, 0.5713034, 0
0.4742425, 0.5719157, 0.3947012, 0
0.4068101, 0.5725165, 0.3313184, 0
0.2807212, 0.5382141, 0.2127144, 0
0.2923758, 0.5506831, 0.187669, 0
0.561148, 0.5564021, 0.4992854, 0
0.2968119, 0.5431092, 0.2432348, 0
0.2518655, 0.5315991, 0.2090615, 0
0.389836, 0.5620398, 0.2664666, 0
0.4099816, 0.5638977, 0.2773634, 0
0.444317, 0.5710694, 0.4484589, 0
0.3017391, 0.5409404, 0.2016692, 0
0.5618886, 0.5562713, 0.5033154, 0
0.453943, 0.5734555, 0.462685, 0
0.5848635, 0.568055, 0.6568769, 0
0.5291828, 0.5567175, 0.5929688, 0
0.410457, 0.5804608, 0.4023357, 0
0.3621829, 0.5537995, 0.2105679, 0
0.4663077, 0.5715071, 0.4584637, 0
0.3671187, 0.5651942, 0.3381035, 0
0.249542, 0.5329383, 0.1779703, 0
0.4265036, 0.5747226, 0.4133767, 0
0.5973862, 0.5509983, 0.5620946, 0
0.6028123, 0.5605593, 0.6256151, 0
0.318482, 0.5437203, 0.2708533, 0
0.3652177, 0.5650613, 0.3249577, 0
0.2722117, 0.5428375, 0.2386786, 0
0.4693379, 0.5713031, 0.4459148, 0
0.6343962, 0.5554621, 0.6216671, 0
0.3605735, 0.5591087, 0.2724014, 0
0.6661047, 0.527637, 0.7393046, 0
0.6640494, 0.5435087, 0.6175848, 0
0.3143944, 0.5711407, 0.1988675, 0
0.3347152, 0.5656199, 0.301561, 0
0.5140459, 0.5606924, 0.5635368, 0
0.6248183, 0.5428931, 0.5721177, 0
0.3476557, 0.5470434, 0.2558793, 0
0.5899071, 0.5626606, 0.5117267, 0
0.3178391, 0.5411717, 0.2646946, 0
0.6280389, 0.548079, 0.5973854, 0
0.3901478, 0.558422, 0.2558607, 0
0.354432, 0.5548649, 0.1933836, 0
0.4193289, 0.5653563, 0.2888569, 0
0.2737617, 0.5634186, 0.1976807, 0
0.6741027, 0.5653172, 0.6908545, 0
0.601163, 0.5599665, 0.5437604, 0
0.3819874, 0.5627753, 0.273196, 0
0.507246, 0.5658588, 0.4404169, 0
0.6665022, 0.5667325, 0.6931612, 0
0.5051394, 0.5639592, 0.4998149, 0
0.6958956, 0.5525094, 0.6897672, 0
0.2906218, 0.5650561, 0.162201, 0
0.3130645, 0.5580006, 0.2089883, 0
0.2836168, 0.5659213, 0.2124912, 0
0.4781981, 0.5710312, 0.4430472, 0
0.5152504, 0.5681964, 0.5368499, 0
0.4564555, 0.5696989, 0.4192471, 0
0.5639568, 0.5533403, 0.5696561, 0
0.4885694, 0.5712259, 0.4384106, 0
0.7082155, 0.5385228, 0.7209102, 0
0.4919951, 0.5691673, 0.4527246, 0
0.5349609, 0.5546383, 0.5715127, 0
0.2812738, 0.5409907, 0.2088751, 0
0.3655272, 0.5615091, 0.2974819, 0
0.4368243, 0.5677142, 0.4439664, 0
0.5751517, 0.5587437, 0.6387745, 0
0.6829629, 0.5614792, 0.6815328, 0
0.2596651, 0.5511333, 0.2212369, 0
0.603664, 0.550579, 0.5570642, 0
0.5239917, 0.5620068, 0.503588, 0
0.4724529, 0.5709133, 0.4182044, 0
0.3117805, 0.5610533, 0.2114339, 0
0.5506613, 0.5630448, 0.4717186, 0
0.7066402, 0.5265844, 0.7222071, 0
0.2900345, 0.5546696, 0.2277208, 0
0.5539061, 0.5538716, 0.6282037, 0
0.3921393, 0.5813854, 0.3802364, 0
0.4805912, 0.5712373, 0.4133012, 0
0.43527, 0.5678891, 0.4454192, 0
0.5629441, 0.5689279, 0.4622916, 0
0.5871059, 0.5681915, 0.6558, 0
0.5015159, 0.5674378, 0.5192668, 0
0.3289549, 0.5432672, 0.2532653, 0
0.5543527, 0.5485503, 0.5961164, 0
0.5837166, 0.5583053, 0.5561704, 0
0.547563, 0.5557937, 0.6180261, 0
0.2587882, 0.5421301, 0.1706252, 0
0.4625309, 0.5712122, 0.3992726, 0
0.3993588, 0.5678085, 0.293308, 0
0.5111341, 0.5714353, 0.4036676, 0
0.3533809, 0.5628791, 0.2904105, 0
0.4728662, 0.570783, 0.4129544, 0
0.3523211, 0.5617266, 0.3091952, 0
0.6622837, 0.5114772, 0.7292662, 0
0.5718658, 0.5605376, 0.5230457, 0
0.3862876, 0.5723652, 0.3182234, 0
0.6840824, 0.5110395, 0.7208575, 0
0.3777543, 0.5737156, 0.3715895, 0
0.7133504, 0.5338948, 0.7200276, 0
0.6489853, 0.5711127, 0.6894015, 0
0.4941274, 0.5623623, 0.4877787, 0
0.4797074, 0.5669552, 0.4812634, 0
0.567969, 0.5534133, 0.5691699, 0
0.656774, 0.5680627, 0.6673506, 0
0.4854805, 0.5722432, 0.4227898, 0
0.6180519, 0.5706315, 0.6677611, 0
0.3059258, 0.5440273, 0.2307207, 0
0.3711798, 0.5659784, 0.3420265, 0
0.6034732, 0.5542011, 0.608754, 0
0.57464, 0.5609173, 0.4890766, 0
0.4504197, 0.5667537, 0.3192171, 0
0.330693, 0.5491025, 0.2709196, 0
0.3470533, 0.5633278, 0.3154069, 0
0.6943914, 0.5526185, 0.691398, 0
0.3870454, 0.5670291, 0.2945392, 0
0.3483857, 0.5508921, 0.2153789, 0
0.5003138, 0.5633172, 0.4944829, 0
0.3535175, 0.5615062, 0.3084873, 0
0.474444, 0.5714142, 0.474377, 0
0.5638525, 0.5627845, 0.4740901, 0
0.6787427, 0.5399979, 0.7321982, 0
0.280506, 0.5511588, 0.2273804, 0
0.2703089, 0.5311112, 0.1727667, 0
0.5020807, 0.5721079, 0.4023534, 0
0.3618819, 0.5522953, 0.2595608, 0
0.4116669, 0.5716943, 0.3318776, 0
0.5127122, 0.5613249, 0.5610625, 0
0.4711443, 0.571886, 0.4321662, 0
0.4678007, 0.571881, 0.3381374, 0
0.4373186, 0.5776613, 0.376157, 0
0.42318, 0.5762299, 0.3555235, 0
0.5792501, 0.562212, 0.5239033, 0
0.6954102, 0.527095, 0.7255926, 0
0.5898548, 0.5633766, 0.5266652, 0
0.4189991, 0.5781965, 0.402042, 0
0.2505006, 0.5449052, 0.2101642, 0
0.310918, 0.5402015, 0.2696721, 0
0.5890399, 0.5415829, 0.5829067, 0
0.2882401, 0.5216913, 0.1625571, 0
0.4299189, 0.5762839, 0.3975995, 0
0.3127136, 0.543895, 0.1684532, 0
0.3801143, 0.5599039, 0.264069, 0
0.464729, 0.5703304, 0.3310714, 0
0.6359671, 0.5597596, 0.6461553, 0
0.6543148, 0.5536933, 0.6327429, 0
0.3024472, 0.5518506, 0.1567398, 0
0.660189, 0.5662023, 0.6635636, 0
0.6324756, 0.5647091, 0.7214923, 0
0.5987583, 0.5541592, 0.6104701, 0
0.5152096, 0.5659099, 0.4234589, 0
0.6818272, 0.5496897, 0.6270877, 0
0.2749235, 0.5182536, 0.1571295, 0
0.2965694, 0.5586819, 0.2270678, 0
0.2409482, 0.5316446, 0.1997263, 0
0.5021738, 0.5692595, 0.5548057, 0
0.4296728, 0.5667654, 0.3004487, 0
0.3805452, 0.5609285, 0.2671297, 0
0.6281306, 0.5638905, 0.7273583, 0
0.3902268, 0.5727662, 0.3200424, 0
0.2836278, 0.5424637, 0.1863268, 0
0.5191136, 0.5613945, 0.4982266, 0
0.405694, 0.5762942, 0.364554, 0
0.3509981, 0.5621009, 0.313077, 0
0.4046124, 0.5819796, 0.399277, 0
0.3440824, 0.552291, 0.1854541, 0
0.5067652, 0.5636677, 0.4481165, 0
0.459789, 0.5736158, 0.347428, 0
0.5053351, 0.5634405, 0.4979929, 0
0.3682871, 0.5638391, 0.3088763, 0
0.3610721, 0.5481641, 0.2370032, 0
0.3936975, 0.5692891, 0.3005259, 0
0.4411436, 0.5742793, 0.4004337, 0
0.5853474, 0.560913, 0.5483424, 0
0.6597998, 0.5663853, 0.6637418, 0
0.385693, 0.5604177, 0.2622893, 0
0.687076, 0.5431107, 0.7261203, 0
0.6266235, 0.5553037, 0.6208787, 0
0.444108, 0.5767098, 0.356837, 0
0.4037032, 0.5705336, 0.3098078, 0
0.280444, 0.5405566, 0.2585955, 0
0.5329711, 0.560204, 0.4985926, 0
0.3378631, 0.5504236, 0.2095257, 0
0.3164215, 0.5571926, 0.2946, 0
0.6460586, 0.519767, 0.74197, 0
0.2660734, 0.5211752, 0.1850619, 0
0.4075477, 0.5645509, 0.2800868, 0
0.52508, 0.5606022, 0.4941301, 0
0.4049101, 0.5758998, 0.3628879, 0
0.4766334, 0.5724767, 0.3565606, 0
0.4150411, 0.5716569, 0.3386917, 0
0.4314746, 0.5763647, 0.3974718, 0
0.4566363, 0.5697114, 0.4176112, 0
0.5305547, 0.5543527, 0.5850313, 0
0.6644085, 0.5672593, 0.6772556, 0
0.3315395, 0.54706, 0.2330275, 0
0.4593715, 0.5661316, 0.322556, 0
0.5980681, 0.5611995, 0.5428586, 0
0.4886618, 0.5642566, 0.4781374, 0
0.5914574, 0.5630414, 0.5163612, 0
0.6270078, 0.5511324, 0.554029, 0
0.4778351, 0.571899, 0.4330074, 0
0.5445442, 0.5562129, 0.5592567, 0
0.5684555, 0.5489087, 0.6139034, 0
0.5629134, 0.5608522, 0.6488263, 0
0.4051802, 0.581217, 0.3770632, 0
0.5201753, 0.5670691, 0.5453688, 0
0.24011, 0.5426552, 0.1956464, 0
0.5845926, 0.5556036, 0.5627955, 0
0.428683, 0.5715696, 0.3374144, 0
0.487845, 0.5721291, 0.4135503, 0
0.3867573, 0.5767601, 0.3696859, 0
0.6384492, 0.5618736, 0.6539446, 0
0.6520488, 0.5705636, 0.6778701, 0
0.3867352, 0.5592039, 0.2586229, 0
0.2780887, 0.5607457, 0.1877592, 0
0.3872064, 0.5786999, 0.3764382, 0
0.4246198, 0.5691348, 0.31987, 0
0.2895992, 0.536164, 0.1632416, 0
0.685483, 0.5603875, 0.6813043, 0
0.656869, 0.5669677, 0.6620458, 0
0.5721747, 0.5526292, 0.5716129, 0
0.3647476, 0.5508358, 0.2249881, 0
0.4056974, 0.5706125, 0.3113916, 0
0.3430815, 0.5454241, 0.2517257, 0
0.5346813, 0.5536755, 0.5850725, 0
0.4801567, 0.571644, 0.3878112, 0
0.2876417, 0.5392468, 0.1813173, 0
0.425082, 0.5805854, 0.375007, 0
0.2937081, 0.5618789, 0.1742344, 0
0.3397343, 0.5625664, 0.1821542, 0
0.3036733, 0.5449036, 0.2236645, 0
0.5750325, 0.5430773, 0.5860829, 0
0.6027603, 0.5628809, 0.6411278, 0
0.2933872, 0.5362344, 0.2696599, 0
0.3125677, 0.5401476, 0.2682945, 0
0.664491, 0.558237, 0.6468114, 0
0.6032826, 0.565474, 0.6518999, 0
0.2907435, 0.5460236, 0.2563184, 0
0.2773399, 0.569735, 0.1571054, 0
0.4516615, 0.5759214, 0.4732005, 0
0.4238856, 0.5685514, 0.3099506, 0
0.5610673, 0.5549335, 0.5586467, 0
0.2718269, 0.5606037, 0.1983628, 0
0.4490069, 0.5728583, 0.4551868, 0
0.546707, 0.5507033, 0.5902734, 0
0.425079, 0.5684109, 0.3096284, 0
0.593881, 0.5694868, 0.6670281, 0
0.3528501, 0.5617569, 0.3016918, 0
0.5592196, 0.5466613, 0.5888756, 0
0.4769523, 0.5720587, 0.430508, 0
0.3346828, 0.5581719, 0.1963553, 0
0.3860637, 0.555599, 0.2495633, 0
0.5222179, 0.5664786, 0.5262758, 0
0.4253626, 0.5760781, 0.4078989, 0
0.4543331, 0.5748348, 0.3611973, 0
0.3309921, 0.5576997, 0.2057781, 0
0.6669804, 0.5319522, 0.7391499, 0
0.5306066, 0.5650651, 0.420853, 0
0.2949346, 0.5622268, 0.1900405, 0
0.2937526, 0.5381601, 0.2634455, 0
0.70205, 0.5512159, 0.7085193, 0
0.4699978, 0.5720778, 0.4721785, 0
0.5442505, 0.5613657, 0.5246468, 0
0.6955491, 0.5488783, 0.7232831, 0
0.4783409, 0.5725502, 0.3623466, 0
0.5564107, 0.553818, 0.6428889, 0
0.2992893, 0.5291041, 0.1598379, 0
0.308584, 0.5440716, 0.1784323, 0
0.5229911, 0.5670432, 0.5357571, 0
0.2549724, 0.5380781, 0.1772991, 0
0.5829992, 0.5443876, 0.5776052, 0
0.5812987, 0.5429992, 0.5813251, 0
0.5872519, 0.5622495, 0.5134777, 0
0.4705963, 0.5709985, 0.4485114, 0
0.4533909, 0.572664, 0.3968007, 0
0.2914859, 0.5486066, 0.1529919, 0
0.4140269, 0.5636684, 0.2773139, 0
0.4033766, 0.5625902, 0.2696007, 0
0.4726344, 0.5726738, 0.3730181, 0
0.2923274, 0.5480115, 0.1742027, 0
0.4603404, 0.5729665, 0.4658576, 0
0.607749, 0.5603807, 0.6325923, 0
0.6785945, 0.5564774, 0.707368, 0
0.4175073, 0.5620608, 0.2750003, 0
0.259054, 0.5773786, 0.1844676, 0
0.3960367, 0.5832088, 0.3851498, 0
0.5513825, 0.5533597, 0.6358218, 0
0.3545358, 0.5576161, 0.2726624, 0
0.3649508, 0.5491174, 0.2346352, 0
0.414756, 0.5695714, 0.3104822, 0
0.6201189, 0.5565421, 0.6297157, 0
0.522946, 0.5647717, 0.5143307, 0
0.515301, 0.5603569, 0.5668612, 0
0.4193327, 0.5687901, 0.3070168, 0
0.4265383, 0.5779022, 0.3576449, 0
0.2638248, 0.5614968, 0.2172454, 0
0.5946125, 0.5693823, 0.6706127, 0
0.5266307, 0.5574212, 0.5618166, 0
0.609273, 0.5414078, 0.5910598, 0
0.5492998, 0.5520988, 0.6050394, 0
0.5009526, 0.5707991, 0.422087, 0
0.6491867, 0.5686538, 0.7005498, 0
0.6573175, 0.5597513, 0.646722, 0
0.6248636, 0.5550055, 0.6187257, 0
0.365194, 0.5635751, 0.3141125, 0
0.5030615, 0.570878, 0.3793501, 0
0.7010045, 0.5349197, 0.7246939, 0
0.6856747, 0.5607476, 0.6786494, 0
0.3771884, 0.5728137, 0.3628654, 0
0.3720587, 0.564828, 0.3054144, 0
0.6460851, 0.5696267, 0.6650606, 0
0.3743965, 0.5673459, 0.3102236, 0
0.6374461, 0.5599637, 0.6475924, 0
0.417538, 0.5648846, 0.2852097, 0
0.4339413, 0.5720582, 0.4126581, 0
0.4454995, 0.5765719, 0.3833143, 0
0.6035634, 0.541283, 0.5875452, 0
0.5450885, 0.5530659, 0.6057039, 0
0.3459796, 0.5483791, 0.229919, 0
0.3698673, 0.5622247, 0.2988591, 0
0.3396624, 0.5575212, 0.2062908, 0
0.6350994, 0.5515023, 0.5572925, 0
0.414041, 0.5741178, 0.3528095, 0
0.3837937, 0.5730041, 0.3525829, 0
0.430719, 0.5704448, 0.3309574, 0
0.5816024, 0.5436515, 0.5798707, 0
0.3430851, 0.5525622, 0.2012827, 0
0.4452934, 0.5769766, 0.3719806, 0
0.5757808, 0.5573173, 0.5065711, 0
0.571765, 0.5444921, 0.5996038, 0
0.2584181, 0.5616228, 0.2213433, 0
0.324776, 0.5474957, 0.2180382, 0
0.3961636, 0.5825355, 0.3826753, 0
0.4546958, 0.5748018, 0.3638178, 0
0.5356725, 0.563361, 0.5355736, 0
0.3276929, 0.5430866, 0.2553093, 0
0.2828983, 0.5323822, 0.2017121, 0
0.4509493, 0.5682798, 0.3245265, 0
0.3600332, 0.5612884, 0.2988992, 0
0.4108164, 0.5817574, 0.3918591, 0
0.6706687, 0.5590935, 0.706708, 0
0.5468957, 0.5607305, 0.527579, 0
0.6192086, 0.5629679, 0.7144374, 0
0.5922323, 0.5633655, 0.5357198, 0
0.2525485, 0.5458329, 0.2041385, 0
0.5005357, 0.5708406, 0.4226529, 0
0.2648298, 0.560629, 0.207251, 0
0.406259, 0.5812548, 0.4031408, 0
0.3472107, 0.5621467, 0.2859859, 0
0.554618, 0.5544949, 0.5683806, 0
0.2616595, 0.5706521, 0.1880892, 0
0.5330949, 0.56067, 0.4331267, 0
0.6012627, 0.5645952, 0.684603, 0
0.4587387, 0.5699265, 0.412467, 0
0.6070067, 0.558198, 0.5371907, 0
0.5045606, 0.5662673, 0.443615, 0
0.6854861, 0.5602928, 0.6591504, 0
0.3990664, 0.5733522, 0.3251863, 0
0.4336861, 0.5675515, 0.310532, 0
0.3894218, 0.5732573, 0.3234322, 0
0.632811, 0.5656571, 0.6952359, 0
0.5313115, 0.5641517, 0.4250587, 0
0.6159466, 0.557503, 0.6287674, 0
0.537209, 0.5617907, 0.4513813, 0
0.4394933, 0.5693399, 0.4215116, 0
0.4944162, 0.5646886, 0.5039361, 0
0.6264182, 0.5562645, 0.6327615, 0
0.6493119, 0.5623511, 0.6508999, 0
0.3926137, 0.5750499, 0.3542144, 0
0.3020469, 0.5456846, 0.199408, 0
0.453121, 0.5721055, 0.4501331, 0
0.5865722, 0.5415776, 0.583321, 0
0.4006311, 0.5711101, 0.3111122, 0
0.4933672, 0.5709842, 0.543754, 0
0.4591386, 0.5728403, 0.3920506, 0
0.3261034, 0.5440539, 0.1918385, 0
0.5295159, 0.565065, 0.5352571, 0
0.3281485, 0.5571287, 0.285417, 0
0.3298533, 0.5483168, 0.2184102, 0
0.5160948, 0.5606228, 0.4765502, 0
0.5921641, 0.5449929, 0.6051227, 0
0.6509625, 0.5652585, 0.6561425, 0
0.6694306, 0.5145138, 0.7284087, 0
0.3289301, 0.5439781, 0.2615879, 0
0.4370832, 0.5681999, 0.4461401, 0
0.4229265, 0.5769052, 0.4076798, 0
0.4842259, 0.5712829, 0.4096463, 0
0.5148414, 0.5610363, 0.4916562, 0
0.3545364, 0.5464735, 0.2460254, 0
0.6845539, 0.5435799, 0.7272325, 0
0.4677717, 0.5729843, 0.382671, 0
0.6405587, 0.5551659, 0.7358248, 0
0.6389934, 0.5704565, 0.6682712, 0
0.2689329, 0.57137, 0.1780531, 0
0.5346372, 0.5560845, 0.6064377, 0
0.4422554, 0.5759587, 0.3478666, 0
0.648486, 0.550514, 0.6203749, 0
0.5770956, 0.5595344, 0.5496007, 0
0.5964602, 0.5454651, 0.6039879, 0
0.6790763, 0.5279853, 0.7331463, 0
0.3563485, 0.5620331, 0.2924383, 0
0.568114, 0.5442045, 0.5871392, 0
0.3958999, 0.5615638, 0.2641589, 0
0.6624299, 0.5362366, 0.7416316, 0
0.4484391, 0.5763122, 0.3680995, 0
0.6787769, 0.5522096, 0.634162, 0
0.3892322, 0.5689836, 0.2992984, 0
0.6806229, 0.5464146, 0.7267228, 0
0.497117, 0.5633937, 0.4946852, 0
0.3788558, 0.5538394, 0.2205498, 0
0.6719748, 0.5442996, 0.7332727, 0
0.62429, 0.5584407, 0.6434484, 0
0.5333499, 0.5563942, 0.6047097, 0
0.5544212, 0.5485966, 0.5869144, 0
0.5993745, 0.558983, 0.7065038, 0
0.7132474, 0.5479836, 0.7074783, 0
0.4763404, 0.5639476, 0.4918245, 0
0.4833679, 0.5708914, 0.4652686, 0
0.3650375, 0.5488856, 0.2406524, 0
0.5806349, 0.5577938, 0.6320947, 0
0.3989809, 0.5739694, 0.3434097, 0
0.481054, 0.5712016, 0.4063831, 0
0.4174911, 0.5805285, 0.3703605, 0
0.6275311, 0.5698561, 0.6655693, 0
0.3822924, 0.5732667, 0.3552866, 0
0.5391809, 0.5564224, 0.6114054, 0
0.3421891, 0.5558211, 0.274244, 0
0.5962772, 0.5580868, 0.5530103, 0
0.4865277, 0.5700253, 0.4558098, 0
0.2816843, 0.5526503, 0.2447958, 0
0.4923217, 0.572314, 0.4120696, 0
0.4182686, 0.5809995, 0.3719104, 0
0.4917861, 0.5715245, 0.3988027, 0
0.5295682, 0.555289, 0.569697, 0
0.2900899, 0.5639522, 0.188059, 0
0.5374183, 0.56005, 0.4882867, 0
0.3626519, 0.5620774, 0.2852131, 0
0.4765864, 0.5637786, 0.4962843, 0
0.5183724, 0.5666653, 0.5204893, 0
0.4631854, 0.5704123, 0.4112508, 0
0.489648, 0.5714977, 0.4057319, 0
0.5864895, 0.5439285, 0.6011743, 0
0.5883476, 0.5633617, 0.5254418, 0
0.5629498, 0.5487769, 0.6083075, 0
0.3838924, 0.5719817, 0.3180986, 0
0.5613348, 0.5587056, 0.6545948, 0
0.3501601, 0.5593111, 0.2774541, 0
0.2822484, 0.5530889, 0.1905704, 0
0.3889756, 0.5741007, 0.3348648, 0
0.6710711, 0.562449, 0.6593223, 0
0.5223712, 0.5610097, 0.496922, 0
0.6191351, 0.5554556, 0.6161097, 0
0.6452261, 0.5432814, 0.5913333, 0
0.5033697, 0.5687325, 0.4364645, 0
0.6195457, 0.5428808, 0.5884708, 0
0.556748, 0.5568176, 0.5504166, 0
0.2804534, 0.5161637, 0.1734203, 0
0.3665857, 0.5626289, 0.3070583, 0
0.6439918, 0.5469653, 0.608344, 0
0.6082801, 0.546459, 0.5631333, 0
0.3614923, 0.5636738, 0.3329422, 0
0.5122039, 0.560746, 0.4787482, 0
0.5178964, 0.5607278, 0.4764524, 0
0.2931794, 0.5759437, 0.1650693, 0
0.309645, 0.5427781, 0.1884068, 0
0.3888054, 0.5717594, 0.3128973, 0
0.454196, 0.5751664, 0.3664763, 0
0.3422267, 0.5478296, 0.2616564, 0
0.5099723, 0.5682927, 0.5410564, 0
0.6547987, 0.5439318, 0.7440798, 0
0.2930411, 0.5182588, 0.1740716, 0
0.3465539, 0.5533879, 0.2693661, 0
0.6666205, 0.5668915, 0.6787106, 0
0.419352, 0.5814351, 0.3755837, 0
0.3244219, 0.5471299, 0.2109203, 0
0.6409032, 0.5551442, 0.6224754, 0
0.6257259, 0.5518001, 0.5524404, 0
0.6347026, 0.5653423, 0.7001101, 0
0.4251683, 0.5726397, 0.4326731, 0
0.5646498, 0.544855, 0.5922495, 0
0.4971923, 0.5716942, 0.4211347, 0
0.6752934, 0.5638152, 0.6940503, 0
0.2548068, 0.5563108, 0.1880962, 0
0.5345842, 0.5636377, 0.534242, 0
0.4983355, 0.5660886, 0.5286511, 0
0.6304913, 0.5505283, 0.6027356, 0
0.4284494, 0.5709164, 0.3337341, 0
0.3277814, 0.5465549, 0.2328313, 0
0.410287, 0.559166, 0.2649416, 0
0.4336239, 0.5747029, 0.3444681, 0
0.5813328, 0.5549102, 0.6232463, 0
0.3354362, 0.5541947, 0.1791285, 0
0.5599596, 0.552133, 0.6184969, 0
0.4356161, 0.5673373, 0.3083393, 0
0.5874724, 0.5645526, 0.6397592, 0
0.2637174, 0.527496, 0.1609093, 0
0.6717922, 0.5656719, 0.6933805, 0
0.6152213, 0.5470141, 0.5593373, 0
0.6822407, 0.5596765, 0.6919255, 0
0.3959867, 0.5752674, 0.3544588, 0
0.4593065, 0.5739144, 0.3503837, 0
0.5172077, 0.5651866, 0.51065, 0
0.518806, 0.5610399, 0.4943857, 0
0.5568841, 0.5522376, 0.6141545, 0
0.494415, 0.5713423, 0.3929035, 0
0.4003427, 0.5809166, 0.3772407, 0
0.448139, 0.5713116, 0.3311523, 0
0.5030289, 0.5665353, 0.5542682, 0
0.4695108, 0.5714363, 0.4246884, 0
0.4542556, 0.5694296, 0.3282116, 0
0.5591322, 0.5473381, 0.597922, 0
0.7054538, 0.5425846, 0.7189337, 0
0.2684467, 0.5314136, 0.2004364, 0
0.5304681, 0.5647997, 0.5350623, 0
0.3860461, 0.5811214, 0.3844744, 0
0.5711276, 0.5538825, 0.5681736, 0
0.5858017, 0.5557885, 0.6198132, 0
0.3007212, 0.5395291, 0.257194, 0
0.6596264, 0.5495598, 0.7351756, 0
0.4199577, 0.5685591, 0.305976, 0
0.457775, 0.5711331, 0.4369583, 0
0.5409619, 0.5520065, 0.5930538, 0
0.4583825, 0.5683013, 0.3268028, 0
0.5009461, 0.5697958, 0.4311112, 0
0.4775111, 0.5640352, 0.5009615, 0
0.3102439, 0.5446513, 0.1934388, 0
0.3325891, 0.5469798, 0.1918682, 0
0.3500869, 0.5523307, 0.266225, 0
0.4909617, 0.5720747, 0.4248643, 0
0.4944609, 0.5713716, 0.4301891, 0
0.4891816, 0.5719042, 0.4287604, 0
0.3458468, 0.5528166, 0.2179247, 0
0.4708927, 0.5707886, 0.4110489, 0
0.5330951, 0.5618489, 0.4658403, 0
0.4282052, 0.577764, 0.3871569, 0
0.2824212, 0.5726691, 0.1528622, 0
0.6542506, 0.5428575, 0.6003051, 0
0.3967011, 0.581749, 0.3797611, 0
0.6686165, 0.5598083, 0.7069455, 0
0.4279657, 0.5771252, 0.3545935, 0
0.3890758, 0.5635737, 0.2767414, 0
0.3489953, 0.5531762, 0.1997863, 0
0.5784822, 0.5556812, 0.6310311, 0
0.3306366, 0.56522, 0.3028932, 0
0.4570542, 0.5719942, 0.4582837, 0
0.4273476, 0.5799657, 0.3762799, 0
0.4886453, 0.5642936, 0.4779781, 0
0.4098262, 0.5692186, 0.3047149, 0
0.6469976, 0.5562214, 0.6308634, 0
0.6281632, 0.5576853, 0.6403754, 0
0.2661625, 0.5133935, 0.1581002, 0
0.6085228, 0.5698814, 0.6753821, 0
0.6924828, 0.5204732, 0.7229329, 0
0.5412919, 0.5625708, 0.4720353, 0
0.3315417, 0.5466259, 0.2354421, 0
0.6436586, 0.5541105, 0.7353601, 0
0.4601124, 0.573992, 0.3827882, 0
0.5187816, 0.5658015, 0.4203185, 0
0.6527587, 0.552752, 0.7266487, 0
0.6916373, 0.5572006, 0.6799684, 0
0.4300953, 0.5777898, 0.3828983, 0
0.5063372, 0.5678001, 0.5302811, 0
0.6468151, 0.5462232, 0.6097445, 0
0.2444084, 0.5682409, 0.2033636, 0
0.4744004, 0.5719013, 0.4675466, 0
0.4877885, 0.5720713, 0.4127083, 0
0.5429201, 0.5632358, 0.4319055, 0
0.5665803, 0.5471205, 0.6066623, 0
0.3360924, 0.5580728, 0.2800308, 0
0.3315307, 0.55031, 0.2721276, 0
0.589574, 0.5435355, 0.6013048, 0
0.4562743, 0.5715085, 0.4430805, 0
0.3225146, 0.5545121, 0.2235402, 0
0.404659, 0.5696931, 0.3042863, 0
0.6643081, 0.542437, 0.59796, 0
0.5596334, 0.5553527, 0.5569375, 0
0.6899689, 0.5565673, 0.6870101, 0
0.6684542, 0.5670597, 0.6873651, 0
0.3426744, 0.5638062, 0.2947327, 0
0.6219019, 0.5706909, 0.6726128, 0
0.5029512, 0.5637836, 0.4547265, 0
0.3817369, 0.5693138, 0.30541, 0
0.5693527, 0.5617295, 0.6596174, 0
0.5856438, 0.5678407, 0.6549726, 0
0.7034505, 0.5487714, 0.7133739, 0
0.5025847, 0.5618607, 0.486527, 0
0.4309273, 0.5664836, 0.2991754, 0
0.3405679, 0.5511191, 0.2074024, 0
0.3779315, 0.5632992, 0.2818964, 0
0.6172712, 0.5478306, 0.5569212, 0
0.3141655, 0.547021, 0.2807046, 0
0.54049, 0.5614342, 0.5464187, 0
0.5996262, 0.5697015, 0.6668887, 0
0.2667094, 0.5625871, 0.161795, 0
0.3231219, 0.5610721, 0.1797285, 0
0.5138412, 0.5608322, 0.5625527, 0
0.5374834, 0.5611975, 0.4418817, 0
0.2984573, 0.5390701, 0.2591327, 0
0.5817099, 0.5587505, 0.5042951, 0
0.6397118, 0.5528979, 0.6170096, 0
0.5280675, 0.5658758, 0.409927, 0
0.3522594, 0.5472039, 0.2513776, 0
0.490091, 0.5708869, 0.5391937, 0
0.3226375, 0.547889, 0.2743608, 0
0.3335447, 0.563337, 0.2933283, 0
0.5320396, 0.5629151, 0.5486121, 0
0.4254866, 0.572291, 0.3411306, 0
0.3253627, 0.5544447, 0.2364131, 0
0.5947441, 0.5425377, 0.5982487, 0
0.6847041, 0.5527199, 0.7135712, 0
0.3468406, 0.5528986, 0.2685094, 0
0.552123, 0.5600913, 0.5314834, 0
0.344704, 0.5521358, 0.1901669, 0
0.3664523, 0.5536632, 0.214803, 0
0.2463266, 0.5390558, 0.1840643, 0
0.3030056, 0.5687652, 0.1773247, 0
0.5207505, 0.5611579, 0.5573627, 0
0.6634607, 0.5651487, 0.6632226, 0
0.3698626, 0.5665663, 0.3353709, 0
0.4365151, 0.5766488, 0.3880058, 0
0.3069861, 0.54017, 0.2741194, 0
0.2660538, 0.56978, 0.1767348, 0
0.47428, 0.5721238, 0.3431078, 0
0.681659, 0.5611597, 0.6888233, 0
0.5942034, 0.5578069, 0.6176815, 0
0.59117, 0.5616958, 0.545572, 0
0.3760206, 0.5690615, 0.3143924, 0
0.4348217, 0.5755073, 0.3468722, 0
0.3451152, 0.5530133, 0.1949207, 0
0.2664913, 0.5279048, 0.2083619, 0
0.6089476, 0.5599331, 0.6325892, 0
0.4625868, 0.5741828, 0.3715027, 0
0.3936275, 0.5837045, 0.3906562, 0
0.2796987, 0.5759191, 0.1508469, 0
0.3414406, 0.5559722, 0.2748649, 0
0.3343939, 0.5473616, 0.2332472, 0
0.6032114, 0.5419209, 0.5946618, 0
0.2795524, 0.5217277, 0.1897192, 0
0.5326326, 0.5610175, 0.505001, 0
0.435159, 0.5684493, 0.3191104, 0
0.6039974, 0.5537321, 0.5527405, 0
0.6008621, 0.5643502, 0.6462557, 0
0.3503619, 0.5647642, 0.194931, 0
0.6849044, 0.5514487, 0.7233852, 0
0.5533062, 0.5484904, 0.592199, 0
0.2447554, 0.5240003, 0.1821444, 0
0.604621, 0.5497717, 0.6041837, 0
0.691363, 0.559509, 0.6579536, 0
0.4704854, 0.5710424, 0.4556949, 0
0.3710695, 0.5571055, 0.2633535, 0
0.5523511, 0.5646232, 0.4603736, 0
0.3598676, 0.5618118, 0.3141174, 0
0.3893574, 0.5685272, 0.2972043, 0
0.4750029, 0.5659443, 0.4859691, 0
0.3905222, 0.5669609, 0.2915958, 0
0.5634676, 0.5541807, 0.5649829, 0
0.2719269, 0.5704386, 0.2148327, 0
0.5232617, 0.5606587, 0.4385423, 0
0.4313295, 0.5689706, 0.3226147, 0
0.7127665, 0.5443192, 0.7126138, 0
0.4240367, 0.5747008, 0.3491364, 0
0.4179463, 0.5780328, 0.408626, 0
0.4130579, 0.5725765, 0.343083, 0
0.5049416, 0.5687311, 0.4293441, 0
0.6125161, 0.5546609, 0.6097937, 0
0.3785413, 0.5725641, 0.3592525, 0
0.4991544, 0.5628244, 0.4908238, 0
0.3974747, 0.5740643, 0.3336391, 0
0.560863, 0.5579838, 0.5145052, 0
0.3813879, 0.5551359, 0.250001, 0
0.7002558, 0.536145, 0.7244541, 0
0.3736275, 0.5628461, 0.2861545, 0
0.6423335, 0.544912, 0.5652474, 0
0.533111, 0.5600724, 0.4960677, 0
0.5734885, 0.5567395, 0.5059556, 0
0.315202, 0.5470232, 0.2795698, 0
0.5492031, 0.5504933, 0.5870723, 0
0.4019707, 0.5671019, 0.2899219, 0
0.3723128, 0.5521139, 0.2244703, 0
0.4610627, 0.5703521, 0.408527, 0
0.587557, 0.5447512, 0.5738434, 0
0.6066737, 0.5663535, 0.6557481, 0
0.540875, 0.5604842, 0.4847309, 0
0.255837, 0.530264, 0.183121, 0
0.4113772, 0.5691606, 0.3057269, 0
0.6595654, 0.5102183, 0.7297108, 0
0.2735576, 0.5646292, 0.2255059, 0
0.4795144, 0.5712096, 0.4697181, 0
0.6794803, 0.5631204, 0.6743841, 0
0.6136073, 0.5592055, 0.6406782, 0
0.5077648, 0.5599378, 0.4672174, 0
0.6144094, 0.5597934, 0.644568, 0
0.3223107, 0.5416906, 0.2578693, 0
0.5526693, 0.5538455, 0.6315496, 0
0.4654748, 0.5712832, 0.4550732, 0
0.6304956, 0.5467135, 0.5954975, 0
0.488157, 0.5629258, 0.4878353, 0
0.3413876, 0.5453874, 0.2552117, 0
0.6755034, 0.5647382, 0.6847805, 0
0.4021018, 0.57513, 0.3566904, 0
0.6183379, 0.5553428, 0.6153254, 0
0.393307, 0.5557071, 0.2479303, 0
0.5648792, 0.5582681, 0.5171403, 0
0.4712059, 0.570762, 0.4123581, 0
0.4749454, 0.5723171, 0.3555393, 0
0.5357983, 0.556892, 0.5589725, 0
0.5242684, 0.5642892, 0.4279285, 0
0.4648002, 0.5713754, 0.4559727, 0
0.5935493, 0.5452388, 0.6047996, 0
0.5800553, 0.5435139, 0.5810158, 0
0.360744, 0.5500626, 0.2539863, 0
0.3612861, 0.5556325, 0.2005577, 0
0.6872059, 0.552326, 0.635666, 0
0.6388327, 0.5591071, 0.6381955, 0
0.3019336, 0.5448881, 0.223101, 0
0.6180012, 0.5615664, 0.7055796, 0
0.687336, 0.5609679, 0.6692474, 0
0.2843494, 0.5428537, 0.1840683, 0
0.4248219, 0.577215, 0.3568923, 0
0.5194506, 0.5678384, 0.5414095, 0
0.4169346, 0.5700267, 0.3173927, 0
0.4511676, 0.5692453, 0.4227046, 0
0.6293048, 0.5523118, 0.5537488, 0
0.5809435, 0.5676312, 0.6621925, 0
0.6418056, 0.5591078, 0.637346, 0
0.4344853, 0.5778514, 0.3556885, 0
0.4525713, 0.5662085, 0.3190341, 0
0.511676, 0.5610214, 0.4515769, 0
0.4672468, 0.5729802, 0.3700223, 0
0.2706605, 0.562693, 0.2115739, 0
0.4166115, 0.572037, 0.3405784, 0
0.248272, 0.5501667, 0.1826612, 0
0.4150173, 0.5815013, 0.3828354, 0
0.3593957, 0.5612185, 0.2784689, 0
0.4991996, 0.5657055, 0.4549855, 0
0.4457056, 0.5760258, 0.350198, 0
0.6311959, 0.5424872, 0.5704736, 0
0.3490957, 0.5458868, 0.2429491, 0
0.4890859, 0.5687019, 0.4654441, 0
0.3308485, 0.5529116, 0.2758755, 0
0.649735, 0.5524786, 0.7328867, 0
0.4729331, 0.5640169, 0.4958513, 0
0.5950821, 0.562857, 0.6318507, 0
0.5115786, 0.5614871, 0.4900102, 0
0.6752147, 0.5641132, 0.6706563, 0
0.6622492, 0.5578836, 0.6450632, 0
0.4480324, 0.5757353, 0.3518538, 0
0.3240626, 0.5623909, 0.3014784, 0
0.3806024, 0.5717177, 0.3530429, 0
0.5947365, 0.5600554, 0.5500947, 0
0.5313219, 0.5602003, 0.4351984, 0
0.6121293, 0.558992, 0.7123493, 0
0.493088, 0.5721228, 0.4082414, 0
0.3992, 0.5558357, 0.2500225, 0
0.6478449, 0.5681213, 0.6615267, 0
0.6795866, 0.5485662, 0.6252187, 0
0.4051355, 0.5744897, 0.3510801, 0
0.6088628, 0.5455289, 0.5681268, 0
0.4821052, 0.5635856, 0.4866104, 0
0.4286591, 0.5764405, 0.398542, 0
0.6488389, 0.570743, 0.6736242, 0
0.4432819, 0.5750554, 0.3959364, 0
0.5154743, 0.5630753, 0.4385252, 0
0.5921621, 0.5625365, 0.6314957, 0
0.3600335, 0.5605133, 0.3389668, 0
0.2902932, 0.5482606, 0.2306408, 0
0.6353604, 0.5712807, 0.6750001, 0
0.3824395, 0.5626883, 0.2725835, 0
0.5594493, 0.5548932, 0.5624063, 0
0.440005, 0.5760938, 0.3484236, 0
0.3393736, 0.5458216, 0.2389594, 0
0.6827576, 0.5610832, 0.6860492, 0
0.4972655, 0.5611469, 0.4787119, 0
0.3096779, 0.5628305, 0.1898267, 0
0.3811068, 0.5634762, 0.2792386, 0
0.2893876, 0.5629893, 0.1552915, 0
0.4064785, 0.5710953, 0.3145818, 0
0.6479571, 0.5674359, 0.6602222, 0
0.4103199, 0.5718832, 0.331359, 0
0.6598576, 0.5673825, 0.6694633, 0
0.5314208, 0.5612502, 0.4743705, 0
0.668416, 0.5670642, 0.6883431, 0
0.5543644, 0.5598685, 0.5304246, 0
0.5405719, 0.562399, 0.4609432, 0
0.4690163, 0.5718772, 0.356799, 0
0.5771058, 0.5612503, 0.491022, 0
0.6234686, 0.5556924, 0.6229113, 0
0.2971951, 0.53663, 0.1739834, 0
0.2996783, 0.5423946, 0.2075907, 0
0.4661975, 0.57111, 0.4486898, 0
0.439347, 0.5696594, 0.4189736, 0
0.3091696, 0.5438695, 0.2313522, 0
0.6527039, 0.5074198, 0.7309263, 0
0.5563884, 0.5588927, 0.5213231, 0
0.4541485, 0.5745449, 0.3857414, 0
0.4724466, 0.5721067, 0.4657843, 0
0.5293539, 0.5635526, 0.5166925, 0
0.5144591, 0.5627731, 0.5562553, 0
0.6882243, 0.5529421, 0.7116696, 0
0.5846583, 0.5415402, 0.5877438, 0
0.5244933, 0.5659019, 0.4126081, 0
0.3858815, 0.5642012, 0.280943, 0
0.3309039, 0.5438977, 0.2589533, 0
0.4759222, 0.5714837, 0.459391, 0
0.2785313, 0.529882, 0.1691536, 0
0.4368882, 0.5705599, 0.4143237, 0
0.4224857, 0.5808646, 0.3719458, 0
0.6515355, 0.5488067, 0.6200261, 0
0.4602548, 0.5734331, 0.4704542, 0
0.6141494, 0.5416902, 0.589085, 0
0.3629797, 0.5617592, 0.2783769, 0
0.5116149, 0.564138, 0.5052021, 0
0.4982498, 0.5671465, 0.5140443, 0
0.2892751, 0.5625447, 0.2351328, 0
0.2995308, 0.5518721, 0.2239866, 0
0.3860102, 0.5649135, 0.2864774, 0
0.64939, 0.5529083, 0.6255719, 0
0.3555028, 0.5554156, 0.2686029, 0
0.5589721, 0.5602351, 0.5366246, 0
0.5419222, 0.5616257, 0.5181249, 0
0.505773, 0.5687815, 0.4242951, 0
0.6251859, 0.5485804, 0.5566761, 0
0.3900108, 0.5720577, 0.3153285, 0
0.2678652, 0.5304947, 0.2102777, 0
0.5670767, 0.5604057, 0.5260239, 0
0.5772108, 0.5655433, 0.6665673, 0
0.3831519, 0.5654368, 0.2914315, 0
0.5280631, 0.564487, 0.5210384, 0
0.3584609, 0.5616097, 0.2920635, 0
0.4802389, 0.5712408, 0.4662466, 0
0.260035, 0.5484906, 0.1828127, 0
0.5921849, 0.5645608, 0.6381187, 0
0.5883271, 0.566977, 0.6772985, 0
0.5784825, 0.5665919, 0.6646395, 0
0.5553054, 0.5503709, 0.6044369, 0
0.5708284, 0.5433332, 0.5910511, 0
0.3950901, 0.5675306, 0.2929706, 0
0.6306629, 0.5421017, 0.5758733, 0
0.5287631, 0.5653539, 0.4192, 0
0.5259525, 0.5654697, 0.4197978, 0
0.4655645, 0.5723165, 0.4635259, 0
0.5286572, 0.5557262, 0.5879654, 0
0.6058311, 0.5592588, 0.62181, 0
0.3108182, 0.5600725, 0.2148355, 0
0.4328494, 0.5780733, 0.3792058, 0
0.3782089, 0.562748, 0.2751703, 0
0.6595654, 0.5426549, 0.59813, 0
0.4746645, 0.5717173, 0.3936249, 0
0.5806985, 0.5674763, 0.6597843, 0
0.5263753, 0.5601815, 0.443144, 0
0.5334345, 0.5640477, 0.5376081, 0
0.260227, 0.5394288, 0.1815038, 0
0.4823544, 0.5714849, 0.3736825, 0
0.5035251, 0.5665656, 0.5113876, 0
0.6253413, 0.5633618, 0.6990732, 0
0.5332577, 0.5544469, 0.5768567, 0
0.4458741, 0.5754483, 0.4628566, 0
0.3033237, 0.5672092, 0.1942534, 0
0.4002708, 0.5809516, 0.3774082, 0
0.3898502, 0.5667279, 0.2911185, 0
0.3412877, 0.5450224, 0.2494549, 0
0.563114, 0.5521984, 0.6213529, 0
0.5932734, 0.5683767, 0.6547254, 0
0.600351, 0.5626385, 0.6338747, 0
0.526719, 0.5604358, 0.4904617, 0
0.3491106, 0.55774, 0.1947478, 0
0.5247899, 0.5605856, 0.450228, 0
0.4953588, 0.562829, 0.469891, 0
0.4524242, 0.5737802, 0.3938797, 0
0.5799299, 0.5640044, 0.6446302, 0
0.2978528, 0.5433664, 0.2369223, 0
0.5213287, 0.5665253, 0.4093148, 0
0.4733861, 0.5720453, 0.34115, 0
0.5373132, 0.559957, 0.5036009, 0
0.5721285, 0.5609915, 0.5394312, 0
0.4480357, 0.5753114, 0.3887002, 0
0.5815031, 0.5677115, 0.6639475, 0
0.6254261, 0.5565091, 0.6353672, 0
0.5126323, 0.5603382, 0.470303, 0
0.4785837, 0.571243, 0.4158699, 0
0.5345925, 0.5612878, 0.4502188, 0
0.5574471, 0.5561386, 0.5529655, 0
0.3188297, 0.5526279, 0.2854594, 0
0.6591247, 0.5413225, 0.7423906, 0
0.2812705, 0.560534, 0.2332491, 0
0.2647161, 0.5771544, 0.1866107, 0
0.3783384, 0.5587006, 0.2612425, 0
0.63051, 0.5428478, 0.5849831, 0
0.4211775, 0.576893, 0.4104402, 0
0.4298621, 0.5676289, 0.3062007, 0
0.6196077, 0.5616139, 0.6890566, 0
0.4639687, 0.5705713, 0.4089792, 0
0.4614905, 0.5740859, 0.368843, 0
0.4769801, 0.5716841, 0.4687179, 0
0.4704172, 0.5707743, 0.4522702, 0
0.3987887, 0.5832106, 0.3953277, 0
0.380365, 0.5640558, 0.2870246, 0
0.3891479, 0.5723514, 0.3175086, 0
0.2630799, 0.5411225, 0.2354689, 0
0.6714094, 0.5655325, 0.6763148, 0
0.3242381, 0.5700099, 0.1853007, 0
0.3112059, 0.5561938, 0.2003625, 0
0.6030819, 0.5428895, 0.597211, 0
0.5118664, 0.5619826, 0.5590274, 0
0.6226519, 0.5705928, 0.6683652, 0
0.5847858, 0.5549696, 0.5641245, 0
0.3510091, 0.562707, 0.3217169, 0
0.2851414, 0.5500393, 0.2104899, 0
0.4384597, 0.5776255, 0.3744929, 0
0.5269878, 0.5604631, 0.4945959, 0
0.5931746, 0.5423552, 0.5772594, 0
0.4579503, 0.5746772, 0.3822298, 0
0.5892926, 0.5590286, 0.6235757, 0
0.5052699, 0.5606659, 0.4770969, 0
0.5570469, 0.5571941, 0.54882, 0
0.4661773, 0.5721452, 0.3897254, 0
0.400024, 0.5819367, 0.3805655, 0
0.3464459, 0.552387, 0.2678239, 0
0.6305946, 0.554517, 0.6183307, 0
0.5904042, 0.5610892, 0.5484392, 0
0.6679948, 0.550756, 0.7269816, 0
0.3073743, 0.5493763, 0.2120166, 0
0.4273909, 0.5761764, 0.4027619, 0
0.5626654, 0.5546773, 0.5605209, 0
0.3182435, 0.5549155, 0.1956167, 0
0.6039392, 0.556688, 0.5483005, 0
0.3920944, 0.5739827, 0.3446528, 0
0.6161838, 0.5608724, 0.709017, 0
0.6435602, 0.563517, 0.655836, 0
0.6653669, 0.5336484, 0.7400552, 0
0.5457388, 0.5631055, 0.4593666, 0
0.5847983, 0.5632225, 0.5323069, 0
0.5354707, 0.5602566, 0.5038456, 0
0.4536319, 0.5756787, 0.3795363, 0
0.5340977, 0.5619637, 0.4709085, 0
0.4052896, 0.572769, 0.3303466, 0
0.6125366, 0.5589895, 0.6902379, 0
0.5232515, 0.5615768, 0.4647755, 0
0.5234777, 0.5629909, 0.5074635, 0
0.405319, 0.5828936, 0.3911459, 0
0.310407, 0.5620753, 0.1911861, 0
0.680366, 0.5506516, 0.6289174, 0
0.3877763, 0.5675883, 0.2956116, 0
0.5409251, 0.5593426, 0.4914342, 0
0.6257753, 0.5482157, 0.5573368, 0
0.4454098, 0.5691722, 0.4419402, 0
0.4255417, 0.5678461, 0.3047871, 0
0.462386, 0.5729405, 0.3547593, 0
0.5612691, 0.5544249, 0.5640599, 0
0.5086079, 0.5716905, 0.4058525, 0
0.2870887, 0.5206548, 0.1773064, 0
0.6014966, 0.5559208, 0.6997918, 0
0.5206742, 0.5606614, 0.491344, 0
0.5705457, 0.5515137, 0.6225027, 0
0.359027, 0.5564257, 0.2683921, 0
0.4162753, 0.5746769, 0.3539013, 0
0.5962595, 0.5423657, 0.5783588, 0
0.5009567, 0.5672637, 0.5391015, 0
0.3279125, 0.5517781, 0.193903, 0
0.5461369, 0.5606821, 0.5175873, 0
0.5522868, 0.55944, 0.5219306, 0
0.51695, 0.5668897, 0.5202745, 0
0.4219836, 0.5789701, 0.3900666, 0
0.6657408, 0.5643906, 0.6623263, 0
0.33503, 0.564307, 0.2952439, 0
0.3676564, 0.5516117, 0.2512906, 0
0.6036757, 0.5412722, 0.5876801, 0
0.6139956, 0.5547202, 0.6106364, 0
0.3943931, 0.5808915, 0.3781641, 0
0.6292607, 0.5442464, 0.5892628, 0
0.5278042, 0.5647279, 0.5232684, 0
0.6091805, 0.5637912, 0.652294, 0
0.49172, 0.5715811, 0.4017939, 0
0.626581, 0.5634788, 0.7049317, 0
0.6357731, 0.5634595, 0.7138053, 0
0.3654502, 0.564509, 0.3380001, 0
0.5756016, 0.5644017, 0.6490396, 0
0.5915906, 0.5692997, 0.6613836, 0
0.5824833, 0.5471904, 0.5746058, 0
0.6088898, 0.5694475, 0.6780015, 0
0.3725711, 0.5635981, 0.2996671, 0
0.5351955, 0.5619687, 0.4685513, 0
0.3682238, 0.5493683, 0.2430062, 0
0.6017761, 0.5609313, 0.6266084, 0
0.4793342, 0.5716258, 0.3906858, 0
0.333721, 0.5498183, 0.203052, 0
0.2831714, 0.5282175, 0.1658245, 0
0.5330756, 0.5624599, 0.5145124, 0
0.533919, 0.5604023, 0.4848297, 0
0.3627844, 0.5615749, 0.3071713, 0
0.5380817, 0.5625413, 0.5227542, 0
0.608925, 0.5625163, 0.6494688, 0
0.2591107, 0.5463139, 0.1907423, 0
0.2765236, 0.5368275, 0.1903931, 0
0.6857623, 0.554049, 0.7092712, 0
0.6028154, 0.5486603, 0.6043157, 0
0.3068812, 0.5413001, 0.1647486, 0
0.5600339, 0.5526993, 0.6219689, 0
0.3249837, 0.5463216, 0.1973071, 0
0.6250396, 0.5520476, 0.6059728, 0
0.4797587, 0.5718204, 0.3746968, 0
0.5396917, 0.562209, 0.462415, 0
0.5227654, 0.5608463, 0.4762164, 0
0.4746915, 0.5710845, 0.4566948, 0
0.5567654, 0.5555121, 0.5585646, 0
0.2515602, 0.5106403, 0.1798243, 0
0.2728026, 0.5415775, 0.1726268, 0
0.5659971, 0.5570963, 0.4941742, 0
0.5736411, 0.5517064, 0.6226107, 0
0.3219926, 0.5543957, 0.2858402, 0
0.6006101, 0.5413939, 0.58843, 0
0.5162571, 0.5605003, 0.4625148, 0
0.3873009, 0.5640467, 0.2796748, 0
0.4301028, 0.571903, 0.3374154, 0
0.3827905, 0.560183, 0.2628915, 0
0.6723255, 0.5340539, 0.7362207, 0
0.6523365, 0.5676343, 0.700694, 0
0.5225007, 0.5651847, 0.4250408, 0
0.6523992, 0.5497802, 0.7400643, 0
0.3532772, 0.562031, 0.3236332, 0
0.4467336, 0.5730899, 0.4553953, 0
0.4828446, 0.5706583, 0.4560405, 0
0.4657209, 0.5725964, 0.3868908, 0
0.4034725, 0.573411, 0.3437798, 0
0.5864753, 0.5595937, 0.553089, 0
0.3305122, 0.5435309, 0.2514196, 0
0.4942784, 0.5724763, 0.4168646, 0
0.5768312, 0.5573428, 0.5044391, 0
0.4239202, 0.5801554, 0.3679849, 0
0.6666886, 0.5654633, 0.6971656, 0
0.5259362, 0.56415, 0.514947, 0
0.5049799, 0.5677061, 0.5426439, 0
0.4976296, 0.5658539, 0.5316631, 0
0.6759012, 0.5266055, 0.7341439, 0
0.5008182, 0.5660279, 0.506146, 0
0.6431777, 0.5705762, 0.6681448, 0
0.3137855, 0.5494301, 0.2219529, 0
0.490481, 0.5711797, 0.3671736, 0
0.2609095, 0.5490053, 0.1943373, 0
0.3047939, 0.5375214, 0.2653973, 0
0.537186, 0.5621056, 0.4718359, 0
0.5196347, 0.5678237, 0.4070916, 0
0.5771201, 0.5596552, 0.6386752, 0
0.5249178, 0.5638643, 0.5121706, 0
0.3636091, 0.5613175, 0.2948563, 0
0.5314947, 0.5566974, 0.6000654, 0
0.2992995, 0.5514987, 0.188583, 0
0.4333718, 0.5714781, 0.3343386, 0
0.4953744, 0.5715246, 0.4244587, 0
0.4663517, 0.5712028, 0.4039867, 0
0.6374114, 0.5703628, 0.6840504, 0
0.2460627, 0.5516418, 0.2124158, 0
0.5833933, 0.5631137, 0.5312184, 0
0.3768528, 0.5684667, 0.3100963, 0
0.4878763, 0.5647594, 0.5072818, 0
0.2921764, 0.5696315, 0.1934869, 0
0.3158979, 0.5502284, 0.1865431, 0
0.4133615, 0.5720738, 0.3405663, 0
0.5547337, 0.559855, 0.5299729, 0
0.3346899, 0.5475271, 0.1904764, 0
0.3013496, 0.5408527, 0.251974, 0
0.6549001, 0.5676084, 0.6624212, 0
0.2763744, 0.5322745, 0.1760737, 0
0.2459935, 0.556769, 0.2033525, 0
0.5860074, 0.5423864, 0.5936183, 0
0.2598695, 0.5712576, 0.2062397, 0
0.5802873, 0.5511693, 0.618165, 0
0.2562183, 0.5425687, 0.187817, 0
0.3508521, 0.5461114, 0.2463506, 0
0.4724737, 0.572882, 0.3689905, 0
0.3986457, 0.5700215, 0.303437, 0
0.6114666, 0.5605357, 0.6443809, 0
0.2440996, 0.5509363, 0.2115971, 0
0.4161034, 0.5762426, 0.3610931, 0
0.6114072, 0.5515522, 0.5512887, 0
0.4291469, 0.5692766, 0.4371825, 0
0.5482603, 0.5635291, 0.4489265, 0
0.4991598, 0.5710251, 0.3881764, 0
0.5819506, 0.5491989, 0.6146671, 0
0.354579, 0.562815, 0.2887101, 0
0.3496225, 0.551223, 0.2140448, 0
0.6348301, 0.5712184, 0.6754745, 0
0.7089556, 0.5303494, 0.7226676, 0
0.5254229, 0.5667284, 0.5394706, 0
0.5097216, 0.567384, 0.5189744, 0
0.6727933, 0.550098, 0.6288161, 0
0.6289754, 0.5698283, 0.6657493, 0
0.6062714, 0.5699841, 0.6728258, 0
0.6491657, 0.5624248, 0.6511329, 0
0.5093019, 0.5611686, 0.483239, 0
0.5822864, 0.5472636, 0.5746621, 0
0.2614616, 0.535557, 0.1634388, 0
0.3674978, 0.5639791, 0.3436853, 0
0.5532115, 0.5542577, 0.6488327, 0
0.664871, 0.5675452, 0.6819189, 0
0.5517613, 0.5642575, 0.4628923, 0
0.5646583, 0.5605769, 0.5287411, 0
0.3829747, 0.5631779, 0.2753981, 0
0.6775992, 0.5626001, 0.6931727, 0
0.5865276, 0.5629339, 0.5374293, 0
0.5080395, 0.560685, 0.4773583, 0
0.6419446, 0.542547, 0.5715315, 0
0.4413794, 0.5768224, 0.3537348, 0
0.4606382, 0.5731511, 0.467188, 0
0.4852969, 0.5667933, 0.4769606, 0
0.4368497, 0.5786593, 0.3638867, 0
0.4141734, 0.5793205, 0.4054541, 0
0.5720609, 0.548414, 0.6145573, 0
0.5409343, 0.5542581, 0.6073181, 0
0.5876096, 0.552766, 0.6155265, 0
0.5752619, 0.5539711, 0.6305528, 0
0.3962889, 0.5632176, 0.270418, 0
0.5417075, 0.5547179, 0.5662794, 0
0.6171956, 0.5559565, 0.5368466, 0
0.3182949, 0.5583374, 0.2021631, 0
0.5462317, 0.5591274, 0.5504791, 0
0.5408099, 0.5608485, 0.482974, 0
0.4107138, 0.5821968, 0.3864053, 0
0.6219716, 0.5620404, 0.6961759, 0
0.4180337, 0.5695654, 0.3140675, 0
0.4848405, 0.5705237, 0.4624689, 0
0.5320204, 0.5606604, 0.4447534, 0
0.4920759, 0.5710048, 0.3900906, 0
0.5662893, 0.5475248, 0.6079526, 0
0.4884477, 0.5645891, 0.5048193, 0
0.366539, 0.55722, 0.2662903, 0
0.5321651, 0.5545064, 0.5786841, 0
0.4213109, 0.5684782, 0.306257, 0
0.3839449, 0.572182, 0.319706, 0
0.3134586, 0.539376, 0.2573028, 0
0.5409337, 0.5591361, 0.5029894, 0
0.5038623, 0.5710269, 0.3869129, 0
0.4750736, 0.5639362, 0.4946245, 0
0.5456434, 0.5508221, 0.5960125, 0
0.6607716, 0.5240906, 0.7413048, 0
0.5345434, 0.563221, 0.5236463, 0
0.3599854, 0.5526315, 0.2150358, 0
0.3686238, 0.5619532, 0.2886326, 0
0.574093, 0.5581036, 0.5517267, 0
0.481828, 0.5724713, 0.3628332, 0
0.5000044, 0.5635838, 0.4958437, 0
0.6103767, 0.5420549, 0.5792373, 0
0.3008685, 0.5472006, 0.2536848, 0
0.4222312, 0.5686799, 0.3085724, 0
0.6186218, 0.5573599, 0.6359959, 0
0.4754847, 0.5722101, 0.3755114, 0
0.5184067, 0.5651593, 0.4284173, 0
0.6702538, 0.5631008, 0.6608872, 0
0.4787928, 0.5712124, 0.408099, 0
0.5442718, 0.5595572, 0.550234, 0
0.4997396, 0.5706318, 0.4274183, 0
0.6749293, 0.5569035, 0.7092198, 0
0.4210632, 0.5676509, 0.301302, 0
0.4454176, 0.5687437, 0.4242364, 0
0.4580143, 0.5703731, 0.4075364, 0
0.4634941, 0.5729634, 0.4690897, 0
0.458775, 0.5729079, 0.3913399, 0
0.5534933, 0.5588491, 0.5449412, 0
0.6215691, 0.5627351, 0.7062385, 0
0.416806, 0.5714089, 0.3357871, 0
0.5183716, 0.566728, 0.5210305, 0
0.5886657, 0.5690106, 0.6605844, 0
0.6399795, 0.542287, 0.5828617, 0
0.5193335, 0.5658321, 0.5154437, 0
0.3169769, 0.5457517, 0.2256852, 0
0.3519945, 0.5579124, 0.2741486, 0
0.672442, 0.5215679, 0.7335552, 0
0.5189265, 0.5610911, 0.4680512, 0
0.2461987, 0.5659197, 0.193058, 0
0.6744379, 0.5132759, 0.7250891, 0
0.2855085, 0.5344921, 0.2025786, 0
0.6287957, 0.563983, 0.6974148, 0
0.406825, 0.5771873, 0.3671995, 0
0.305094, 0.5638159, 0.1675322, 0
0.3270941, 0.5474778, 0.226067, 0
0.6599719, 0.5554331, 0.639526, 0
0.3388501, 0.5630701, 0.2905074, 0
0.5075127, 0.5681009, 0.5341609, 0
0.5686422, 0.5600428, 0.6604448, 0
0.6341698, 0.5640485, 0.7032547, 0
0.2692913, 0.5425042, 0.2100713, 0
0.6961694, 0.5573811, 0.6534995, 0
0.2925755, 0.5553855, 0.240003, 0
0.5745763, 0.5593911, 0.5155437, 0
0.4226107, 0.5753939, 0.3529879, 0
0.3944672, 0.5665616, 0.2893899, 0
0.3943661, 0.5692761, 0.3004328, 0
0.5217051, 0.5662417, 0.5221052, 0
0.4084851, 0.5637316, 0.2763881, 0
0.5011847, 0.5668561, 0.5284327, 0
0.4400353, 0.5746036, 0.3410426, 0
0.2852097, 0.5418267, 0.2511266, 0
0.3956051, 0.5639492, 0.2761928, 0
0.4653131, 0.5712681, 0.33386, 0
0.6011124, 0.5518087, 0.5579548, 0
0.50587, 0.5649544, 0.4461999, 0
0.6902452, 0.5325813, 0.7282633, 0
0.5761987, 0.5453812, 0.6042909, 0
0.3804137, 0.5587454, 0.2596814, 0
0.5158711, 0.5604686, 0.4551848, 0
0.454046, 0.5755286, 0.3799555, 0
0.4301397, 0.5720258, 0.4189455, 0
0.3845428, 0.5729858, 0.3345248, 0
0.6691688, 0.5393481, 0.6068816, 0
0.410897, 0.5732911, 0.3466534, 0
0.2833556, 0.561193, 0.1598508, 0
0.3487854, 0.5635634, 0.3201159, 0
0.4415701, 0.5760058, 0.3478437, 0
0.3658248, 0.5628422, 0.3093109, 0
0.6654423, 0.5441199, 0.6194774, 0
0.657779, 0.5603483, 0.6479565, 0
0.3675633, 0.5620776, 0.3019937, 0
0.5151087, 0.5688615, 0.409384, 0
0.587863, 0.5623438, 0.4992089, 0
0.5572053, 0.5545315, 0.5674838, 0
0.6275641, 0.5626813, 0.6531845, 0
0.3999803, 0.5734428, 0.3286288, 0
0.423912, 0.5740275, 0.4240033, 0
0.4331162, 0.5764493, 0.3940043, 0
0.451885, 0.574524, 0.3435709, 0
0.5918105, 0.5629036, 0.512174, 0
0.6624629, 0.5360156, 0.7416973, 0
0.6546299, 0.5428418, 0.5995837, 0
0.6287842, 0.5427881, 0.5693609, 0
0.3100724, 0.5481299, 0.2858537, 0
0.3371339, 0.5572606, 0.2778465, 0
0.688343, 0.5579744, 0.68624, 0
0.3933683, 0.5731318, 0.3210484, 0
0.5450963, 0.5574154, 0.6229178, 0
0.4887399, 0.5718634, 0.4100927, 0
0.568159, 0.5593702, 0.4876943, 0
0.4201667, 0.5771125, 0.4109838, 0
0.5439322, 0.5612057, 0.5339451, 0
0.5178033, 0.5610169, 0.4930109, 0
0.4612128, 0.5731096, 0.3877755, 0
0.3793277, 0.5711212, 0.3215804, 0
0.3297646, 0.5598286, 0.1930899, 0
0.2916368, 0.54105, 0.254206, 0
0.2567854, 0.5534939, 0.2166558, 0
0.597991, 0.5674441, 0.6533213, 0
0.5710437, 0.5449026, 0.5828193, 0
0.3514625, 0.546825, 0.250815, 0
0.5680279, 0.5438464, 0.5918277, 0
0.4868562, 0.5632628, 0.4839551, 0
0.3842838, 0.5619597, 0.2684776, 0
0.3774548, 0.5702789, 0.3192086, 0
0.6652046, 0.5482763, 0.6264322, 0
0.4830386, 0.5719982, 0.3669147, 0
0.3851188, 0.5551133, 0.2485719, 0
0.6119281, 0.5670387, 0.6584826, 0
0.4948291, 0.5637596, 0.4976821, 0
0.3015812, 0.5424263, 0.2060411, 0
0.4689709, 0.5720483, 0.4634467, 0
0.4383326, 0.577003, 0.3529067, 0
0.4686313, 0.5713932, 0.4023497, 0
0.5051175, 0.5641599, 0.4492096, 0
0.4907348, 0.5649031, 0.5156549, 0
0.3969594, 0.5741091, 0.3432388, 0
0.6562794, 0.531473, 0.7458249, 0
0.4805864, 0.5712653, 0.4140909, 0
0.4603854, 0.5738949, 0.3668289, 0
0.3486677, 0.5624658, 0.3012322, 0
0.6062726, 0.5556597, 0.6107768, 0
0.6259092, 0.5704197, 0.6757374, 0
0.3898132, 0.5636852, 0.2771291, 0
0.3692696, 0.5646759, 0.3440636, 0
0.5314844, 0.5610587, 0.4499523, 0
0.6231552, 0.543682, 0.5694171, 0
0.6490782, 0.5616064, 0.7148777, 0
0.2491566, 0.5567046, 0.2125307, 0
0.6152887, 0.5482228, 0.5977309, 0
0.5820997, 0.5419055, 0.5891003, 0
0.3611661, 0.5614938, 0.2934762, 0
0.2906778, 0.562595, 0.2072012, 0
0.5600783, 0.5601051, 0.5295405, 0
0.3384195, 0.5493518, 0.191789, 0
0.5845119, 0.5605952, 0.6329141, 0
0.4410751, 0.5738414, 0.4023236, 0
0.2583894, 0.5583293, 0.20953, 0
0.3857184, 0.5731482, 0.3487213, 0
0.4578772, 0.5750782, 0.3773492, 0
0.2696512, 0.5469675, 0.1567451, 0
0.3277811, 0.5456094, 0.2664327, 0
0.346261, 0.5534207, 0.1975197, 0
0.4662026, 0.5706846, 0.4114611, 0
0.6792271, 0.5627788, 0.686672, 0
0.2517056, 0.5255051, 0.1900198, 0
0.6830108, 0.5558564, 0.6483674, 0
0.4600534, 0.5733575, 0.4685486, 0
0.6631094, 0.5574763, 0.6446933, 0
0.6726555, 0.5506892, 0.7236235, 0
0.4050159, 0.5623857, 0.2697334, 0
0.2651064, 0.5284051, 0.1714825, 0
0.266417, 0.5518, 0.1994232, 0
0.3953858, 0.5681075, 0.295277, 0
0.5833523, 0.562204, 0.5401044, 0
0.2896417, 0.5217767, 0.1778976, 0
0.3701843, 0.5622092, 0.2887633, 0
0.5459618, 0.5522448, 0.583644, 0
0.5136859, 0.5711413, 0.3942984, 0
0.6847202, 0.5576122, 0.6520185, 0
0.398058, 0.570315, 0.3058366, 0
0.3598547, 0.5529667, 0.2620419, 0
0.6647101, 0.524419, 0.7392663, 0
0.5721012, 0.5500403, 0.6184356, 0
0.4579926, 0.571885, 0.4496011, 0
0.6290159, 0.5564367, 0.6287304, 0
0.5667764, 0.5568832, 0.5103431, 0
0.6017542, 0.5572733, 0.6140704, 0
0.6782099, 0.5399668, 0.7324522, 0
0.3761663, 0.5692282, 0.3149601, 0
0.4375172, 0.5699481, 0.4513206, 0
0.3055014, 0.5755701, 0.1905418, 0
0.4556069, 0.5744422, 0.348075, 0
0.401576, 0.5824122, 0.3825771, 0
0.3388252, 0.5493343, 0.2221095, 0
0.406628, 0.5779058, 0.3687685, 0
0.4733753, 0.5708042, 0.451952, 0
0.2813947, 0.5546658, 0.2377874, 0
0.5313261, 0.5642232, 0.5285546, 0
0.4563968, 0.5753474, 0.3755543, 0
0.280787, 0.5145476, 0.1825697, 0
0.264046, 0.551717, 0.1838651, 0
0.6553304, 0.5516614, 0.6286483, 0
0.2737619, 0.5622947, 0.1994793, 0
0.3616399, 0.5613359, 0.2978841, 0
0.4473531, 0.5760658, 0.3556868, 0
0.424322, 0.5698282, 0.3258805, 0
0.5726248, 0.5682057, 0.4821508, 0
0.5609172, 0.5597459, 0.4819901, 0
0.519908, 0.5631837, 0.4347049, 0
0.3528894, 0.5565012, 0.1935364, 0
0.503766, 0.56498, 0.5046194, 0
0.467952, 0.5715546, 0.4011892, 0
0.6569416, 0.5362376, 0.7453665, 0
0.2703571, 0.5664245, 0.2050034, 0
0.5164983, 0.5606455, 0.4763706, 0
0.3641104, 0.5644026, 0.3255104, 0
0.5629724, 0.5585581, 0.519904, 0
0.4698011, 0.5660064, 0.4895459, 0
0.546578, 0.5524124, 0.5823928, 0
0.580274, 0.5595684, 0.5512888, 0
0.2554636, 0.5362867, 0.1959498, 0
0.3954417, 0.561932, 0.2655125, 0
0.3134083, 0.5412336, 0.2703787, 0
0.4866906, 0.5721232, 0.4269703, 0
0.2694366, 0.5188721, 0.1650153, 0
0.5670505, 0.5442531, 0.592806, 0
0.3689275, 0.5619428, 0.2888013, 0
0.3584933, 0.5544109, 0.2651996, 0
0.2636536, 0.5480397, 0.2315007, 0
0.6382832, 0.5561715, 0.7378508, 0
0.4054249, 0.566303, 0.2863419, 0
0.6071733, 0.5639057, 0.6862233, 0
0.4138944, 0.5697671, 0.3121819, 0
0.4106902, 0.571997, 0.3332759, 0
0.6229311, 0.5421968, 0.5781547, 0
0.3943196, 0.5581517, 0.2543765, 0
0.3634778, 0.5614367, 0.2968382, 0
0.4349288, 0.5781751, 0.3577329, 0
0.5403047, 0.5619427, 0.4473833, 0
0.5878744, 0.5625451, 0.633864, 0
0.659774, 0.5392624, 0.7426655, 0
0.3065938, 0.5641794, 0.2077632, 0
0.6219497, 0.5629706, 0.7067789, 0
0.4165322, 0.5756146, 0.3590365, 0
0.6516568, 0.5609581, 0.6477826, 0
0.4102052, 0.5801033, 0.4086011, 0
0.6754604, 0.5646271, 0.6822953, 0
0.3217596, 0.5549824, 0.2869568, 0
0.4229963, 0.5807889, 0.3717896, 0
0.4900984, 0.5710145, 0.43865, 0
0.4334229, 0.5677049, 0.4409654, 0
0.5712117, 0.5595044, 0.4892759, 0
0.3576708, 0.5564424, 0.209286, 0
0.3407214, 0.5622123, 0.287154, 0
0.2654819, 0.5125719, 0.1617179, 0
0.2864321, 0.5477212, 0.213791, 0
0.505932, 0.567717, 0.5245134, 0
0.4978343, 0.562359, 0.4671947, 0
0.2515841, 0.5467744, 0.2167511, 0
0.6696305, 0.5595026, 0.6516621, 0
0.4217455, 0.5659983, 0.2934075, 0
0.4633331, 0.5725886, 0.3571614, 0
0.5640467, 0.545751, 0.5849747, 0
0.5241886, 0.5604312, 0.4402636, 0
0.5210652, 0.5641605, 0.5526069, 0
0.3913276, 0.5740966, 0.3360689, 0
0.5136436, 0.5602401, 0.4561777, 0
0.643828, 0.5419362, 0.582602, 0
0.4125637, 0.5814674, 0.3771577, 0
0.6767739, 0.5640954, 0.68685, 0
0.4943506, 0.5692773, 0.4470575, 0
0.3458179, 0.56214, 0.2865852, 0
0.3772566, 0.5694259, 0.3538391, 0
0.3263978, 0.5470884, 0.2275315, 0
0.6454841, 0.5611356, 0.6500411, 0
0.3153264, 0.5647007, 0.2153002, 0
0.4257726, 0.5754566, 0.4106551, 0
0.3742745, 0.5509, 0.2355855, 0
0.6622907, 0.5545618, 0.6383237, 0
0.6375649, 0.5636221, 0.7201297, 0
0.4835755, 0.5640963, 0.5094341, 0
0.4120954, 0.5819304, 0.3840509, 0
0.6700396, 0.5329331, 0.7373852, 0
0.3643964, 0.5496733, 0.2313727, 0
0.3288087, 0.5542083, 0.2792807, 0
0.610259, 0.5476473, 0.5580789, 0
0.5869551, 0.563416, 0.5259275, 0
0.3907564, 0.5763638, 0.3652758, 0
0.3694167, 0.5600405, 0.2703471, 0
0.6579089, 0.5603839, 0.7121647, 0
0.619687, 0.550084, 0.6002822, 0
0.4054414, 0.5747555, 0.3566155, 0
0.3780901, 0.5641723, 0.2915173, 0
0.501932, 0.570806, 0.3829607, 0
0.3913727, 0.5739012, 0.3467928, 0
0.32788, 0.565047, 0.2087621, 0
0.6782581, 0.5443069, 0.7298971, 0
0.5601057, 0.5570377, 0.5100518, 0
0.2744787, 0.5395765, 0.1693035, 0
0.3951509, 0.574143, 0.3343157, 0
0.585192, 0.5619154, 0.543938, 0
0.3014843, 0.5384456, 0.1878437, 0
0.5112507, 0.5677962, 0.5263658, 0
0.5144353, 0.5680509, 0.5335342, 0
0.6654139, 0.5524692, 0.7200851, 0
0.3167657, 0.555593, 0.2917589, 0
0.68875, 0.5532669, 0.6980674, 0
0.3915467, 0.5698547, 0.3034457, 0
0.6813629, 0.5625699, 0.672138, 0
0.3791721, 0.5699582, 0.3135476, 0
0.2885313, 0.5580878, 0.2225497, 0
0.4537363, 0.5696885, 0.3286577, 0
0.4319805, 0.5691099, 0.433553, 0
0.52004, 0.5671468, 0.5452495, 0
0.2912726, 0.5744369, 0.2000726, 0
0.3769757, 0.5632329, 0.2852302, 0
0.4975618, 0.561219, 0.4734162, 0
0.5537643, 0.5504367, 0.6033875, 0
0.6341871, 0.5460701, 0.5948457, 0
0.5735352, 0.5632446, 0.647004, 0
0.3278784, 0.5521368, 0.2768413, 0
0.5396186, 0.5539835, 0.6057879, 0
0.5340834, 0.5627949, 0.5171162, 0
0.3311892, 0.5463915, 0.1908235, 0
0.2805748, 0.5752821, 0.1983411, 0
0.4926231, 0.5709661, 0.3897241, 0
0.2777732, 0.5483834, 0.1687101, 0
0.3773812, 0.5700766, 0.3319997, 0
0.4837332, 0.5632761, 0.4876546, 0
0.4404427, 0.5689338, 0.4236004, 0
0.5191666, 0.561327, 0.4973479, 0
0.3555692, 0.5610281, 0.2797106, 0
0.3859026, 0.5671201, 0.2953839, 0
0.6608649, 0.5428976, 0.5932383, 0
0.4094629, 0.5807424, 0.4014454, 0
0.5531544, 0.5568977, 0.4967236, 0
0.6886384, 0.5459685, 0.7228822, 0
0.5877987, 0.5452288, 0.6058711, 0
0.6335757, 0.5580958, 0.6373677, 0
0.642954, 0.5605115, 0.721342, 0
0.3773279, 0.5708472, 0.3575135, 0
0.4355275, 0.5760463, 0.3964677, 0
0.6120576, 0.5678099, 0.6815683, 0
0.4905417, 0.5689021, 0.4584983, 0
0.2682606, 0.5421712, 0.2367302, 0
0.507942, 0.5668271, 0.5632153, 0
0.3752683, 0.5653294, 0.3011144, 0
0.4952554, 0.5709527, 0.3717421, 0
0.5452026, 0.5610703, 0.5224285, 0
0.4458843, 0.568103, 0.4364349, 0
0.4391581, 0.5703672, 0.3292851, 0
0.2861109, 0.5437605, 0.260481, 0
0.4853992, 0.5636027, 0.48341, 0
0.5414723, 0.5619397, 0.5233361, 0
0.5673406, 0.555613, 0.5550948, 0
0.6543819, 0.5411447, 0.5774128, 0
0.464144, 0.5727365, 0.4666108, 0
0.6548114, 0.530688, 0.7464718, 0
0.309764, 0.5702994, 0.1954676, 0
0.3594269, 0.5497174, 0.254, 0
0.3843666, 0.571752, 0.316392, 0
0.569155, 0.5450658, 0.6008524, 0
0.4949749, 0.5670663, 0.4575796, 0
0.3653666, 0.5614779, 0.2936239, 0
0.2661537, 0.5563626, 0.1867343, 0
0.4964562, 0.5693779, 0.4440921, 0
0.4941903, 0.5706301, 0.4392484, 0
0.6946043, 0.5508494, 0.7135151, 0
0.4050518, 0.574104, 0.3484905, 0
0.3358479, 0.5596004, 0.2834561, 0
0.5758777, 0.5630279, 0.6451199, 0
0.7009019, 0.5214682, 0.7203469, 0
0.3694977, 0.5664043, 0.3173524, 0
0.3831457, 0.5547268, 0.2486549, 0
0.2744928, 0.5616537, 0.1590362, 0
0.6451046, 0.553714, 0.7335129, 0
0.4549051, 0.5754524, 0.3791955, 0
0.6599191, 0.5671393, 0.6675032, 0
0.4715227, 0.571646, 0.4388387, 0
0.4274987, 0.5737829, 0.4150945, 0
0.5418001, 0.5618667, 0.4337225, 0
0.5552498, 0.5592014, 0.5433983, 0
0.6368068, 0.5707051, 0.6809049, 0
0.4179573, 0.5730193, 0.3460999, 0
0.5030695, 0.5609837, 0.4803968, 0
0.3464649, 0.5633103, 0.3144706, 0
0.3363395, 0.5479243, 0.2650956, 0
0.5859669, 0.5631784, 0.6371813, 0
0.6489831, 0.5712457, 0.6806759, 0
0.278701, 0.5706956, 0.1838953, 0
0.3110831, 0.5622039, 0.2338193, 0
0.549654, 0.5519046, 0.6045607, 0
0.5774984, 0.5435797, 0.5971725, 0
0.3842805, 0.5612913, 0.2657701, 0
0.4465483, 0.5747771, 0.4606413, 0
0.592644, 0.5583977, 0.6198349, 0
0.4407837, 0.5676506, 0.4340799, 0
0.4998986, 0.5614225, 0.4670655, 0
0.4952339, 0.5633786, 0.4948666, 0
0.307705, 0.5380057, 0.2608393, 0
0.3946762, 0.565788, 0.2863198, 0
0.3316428, 0.5635709, 0.2953883, 0
0.320208, 0.5432355, 0.2459362, 0
0.5252043, 0.5605803, 0.4936771, 0
0.690322, 0.5531686, 0.7010807, 0
0.3434882, 0.5496803, 0.2242001, 0
0.6368833, 0.5639113, 0.7172675, 0
0.3832842, 0.5720131, 0.3461975, 0
0.5800885, 0.5583079, 0.5050166, 0
0.5244657, 0.5600122, 0.5579129, 0
0.597055, 0.5624146, 0.534375, 0
0.5864159, 0.5606172, 0.6303544, 0
0.6173225, 0.5529236, 0.5483087, 0
0.5268218, 0.5623271, 0.4318283, 0
0.6959611, 0.5382497, 0.7246842, 0
0.6478945, 0.5565143, 0.6327102, 0
0.4934065, 0.563868, 0.4989935, 0
0.4516585, 0.5752472, 0.3542025, 0
0.5210123, 0.5660948, 0.5201397, 0
0.3797615, 0.5715192, 0.35423, 0
0.3792398, 0.5597286, 0.2642832, 0
0.5556317, 0.5570632, 0.549771, 0
0.5795057, 0.5468565, 0.6110096, 0
0.3611941, 0.5556491, 0.2662423, 0
0.4827746, 0.5710288, 0.4662262, 0
0.5854437, 0.5625333, 0.4966587, 0
0.3999767, 0.5734954, 0.3295841, 0
0.298871, 0.538214, 0.2616856, 0
0.636885, 0.5566841, 0.7347581, 0
0.4643261, 0.5727917, 0.4675089, 0
0.6620419, 0.5438622, 0.739388, 0
0.2444006, 0.5425898, 0.2019991, 0
0.5023756, 0.5704918, 0.4217702, 0
0.3925876, 0.5607087, 0.2616279, 0
0.6365897, 0.553211, 0.615421, 0
0.4304599, 0.569838, 0.327606, 0
0.4826774, 0.5625861, 0.5137165, 0
0.4163296, 0.5718734, 0.3400055, 0
0.5678456, 0.5495993, 0.6154674, 0
0.4544472, 0.5696785, 0.4178873, 0
0.6466123, 0.5416021, 0.5817201, 0
0.4293133, 0.5688374, 0.3200895, 0
0.5760307, 0.5434191, 0.5959223, 0
0.7084768, 0.5522333, 0.6823618, 0
0.588055, 0.5652357, 0.6805314, 0
0.4491342, 0.5746089, 0.3427081, 0
0.5234581, 0.5614161, 0.4609126, 0
0.6809456, 0.5289996, 0.732483, 0
0.5343731, 0.5626504, 0.5472236, 0
0.3935229, 0.5707067, 0.3072788, 0
0.4609118, 0.5701292, 0.4248152, 0
0.2880521, 0.5430733, 0.2411972, 0
0.39557, 0.5668113, 0.2899032, 0
0.6597489, 0.5587238, 0.713129, 0
0.6060743, 0.5571283, 0.5449422, 0
0.4281992, 0.5656083, 0.2948539, 0
0.5175894, 0.5657071, 0.4166366, 0
0.5111101, 0.5615196, 0.4502566, 0
0.258961, 0.570966, 0.1913274, 0
0.3531552, 0.5513279, 0.2629496, 0
0.4156992, 0.5815166, 0.3809759, 0
0.4820717, 0.5719814, 0.4296064, 0
0.3094369, 0.540291, 0.2524737, 0
0.4868902, 0.5712076, 0.3981087, 0
0.3871399, 0.5608749, 0.2630615, 0
0.3847508, 0.5707986, 0.310716, 0
0.311517, 0.5596685, 0.2102299, 0
0.2728988, 0.5479946, 0.1648189, 0
0.6862496, 0.5296227, 0.7300075, 0
0.2749783, 0.5288243, 0.1546638, 0
0.3886158, 0.5736431, 0.3445752, 0
0.3108704, 0.551338, 0.1655389, 0
0.3027196, 0.5441355, 0.1826931, 0
0.4626879, 0.5711591, 0.3998322, 0
0.683671, 0.5618859, 0.6741152, 0
0.5654624, 0.5531473, 0.6341813, 0
0.3078755, 0.5506921, 0.2304788, 0
0.4073563, 0.5703248, 0.3109638, 0
0.2915266, 0.5579208, 0.1810362, 0
0.6915805, 0.5363479, 0.7270523, 0
0.6827788, 0.5618918, 0.6780764, 0
0.3108918, 0.5575289, 0.1987637, 0
0.3701669, 0.5634397, 0.3038162, 0
0.6531494, 0.5417444, 0.5720305, 0
0.4495452, 0.5691458, 0.4179221, 0
0.5690114, 0.5551212, 0.5591791, 0
0.3384614, 0.5475086, 0.262879, 0
0.4074311, 0.5682768, 0.2992356, 0
0.4234253, 0.5800529, 0.3674542, 0
0.5196322, 0.5635828, 0.4339446, 0
0.4646997, 0.5719931, 0.4609519, 0
0.3806676, 0.5546306, 0.2492632, 0
0.3661086, 0.5537611, 0.2139435, 0
0.602833, 0.559976, 0.5386576, 0
0.6620339, 0.5413378, 0.608032, 0
0.3520314, 0.5588841, 0.2762245, 0
0.384385, 0.5633181, 0.275556, 0
0.6655139, 0.567557, 0.6869133, 0
0.4175799, 0.5782891, 0.4069001, 0
0.6774217, 0.5138846, 0.7243029, 0
0.4267956, 0.5703487, 0.3310525, 0
0.641708, 0.5712684, 0.6858912, 0
0.4963659, 0.5714987, 0.4235659, 0
0.4206104, 0.570676, 0.3323895, 0
0.4000199, 0.5712423, 0.3115154, 0
0.5496231, 0.5597187, 0.5187653, 0
0.5770875, 0.5607564, 0.5446197, 0
0.3645485, 0.549163, 0.2337284, 0
0.6674767, 0.5672755, 0.6887109, 0
0.443707, 0.5771034, 0.3639356, 0
0.422233, 0.5681441, 0.3048392, 0
0.5749377, 0.5560199, 0.66401, 0
0.365054, 0.5544071, 0.2090539, 0
0.3742075, 0.5678725, 0.3129209, 0
0.5784224, 0.5424852, 0.5855029, 0
0.5649199, 0.5571617, 0.5118099, 0
0.5799989, 0.5584508, 0.5022229, 0
0.6433222, 0.5625684, 0.7172697, 0
0.3325007, 0.5442981, 0.2586129, 0
0.443492, 0.5743842, 0.3982495, 0
0.4251269, 0.5686805, 0.3168669, 0
0.626287, 0.5557038, 0.6247435, 0
0.4916845, 0.5633547, 0.4957835, 0
0.6264238, 0.5687153, 0.6809743, 0
0.3878408, 0.5640516, 0.2795329, 0
0.2603319, 0.5185536, 0.1870654, 0
0.5221555, 0.5659169, 0.4147515, 0
0.4612422, 0.5694642, 0.3297446, 0
0.6597282, 0.5550362, 0.6385639, 0
0.2755948, 0.5450159, 0.2414337, 0
0.5539953, 0.5485685, 0.5878524, 0
0.3546329, 0.5606949, 0.2792639, 0
0.6031008, 0.5645632, 0.6494756, 0
0.635255, 0.5591934, 0.7319582, 0
0.5472268, 0.5582712, 0.5524904, 0
0.434395, 0.5713022, 0.3337219, 0
0.4048417, 0.5666736, 0.2877771, 0
0.6147084, 0.5688474, 0.679145, 0
0.3758242, 0.5681542, 0.340556, 0
0.5370672, 0.5607096, 0.5089532, 0
0.6161649, 0.5455316, 0.5673347, 0
0.5135597, 0.5607619, 0.4789506, 0
0.3293283, 0.5481654, 0.2194586, 0
0.5856367, 0.558833, 0.6268257, 0
0.5837042, 0.5580285, 0.5571427, 0
0.2800888, 0.532824, 0.1519403, 0
0.6105515, 0.541162, 0.5828862, 0
0.3735227, 0.5674892, 0.3129405, 0
0.5387828, 0.5596876, 0.5037516, 0
0.3632573, 0.5640699, 0.3258083, 0
0.3119617, 0.5559127, 0.175151, 0
0.3217182, 0.5545002, 0.2861762, 0
0.5301687, 0.5609095, 0.4485214, 0
0.3999859, 0.5700179, 0.3036982, 0
0.5195872, 0.5638893, 0.4329478, 0
0.4010539, 0.5620941, 0.2674398, 0
0.3777937, 0.5588912, 0.2622871, 0
0.4101071, 0.5812533, 0.376516, 0
0.4474646, 0.5756938, 0.3860791, 0
0.4620509, 0.573302, 0.3846758, 0
0.3013576, 0.548521, 0.2235088, 0
0.3648601, 0.5559647, 0.264793, 0
0.5463428, 0.5507929, 0.5898969, 0
0.4152271, 0.5645398, 0.2817205, 0
0.5918667, 0.5630868, 0.5214917, 0
0.6441735, 0.5531669, 0.7402228, 0
0.5186648, 0.5609639, 0.4429154, 0
0.2500049, 0.5520779, 0.1867727, 0
0.5362777, 0.5537499, 0.5808792, 0
0.4691799, 0.5711361, 0.4559404, 0
0.5486157, 0.5519707, 0.5822315, 0
0.5164525, 0.5685213, 0.4088581, 0
0.2661238, 0.5293168, 0.1969788, 0
0.5892009, 0.5542161, 0.5640591, 0
0.6488863, 0.508603, 0.7339402, 0
0.6339229, 0.5674694, 0.6898762, 0
0.4422415, 0.5682176, 0.3185858, 0
0.4089483, 0.5659044, 0.285524, 0
0.2814685, 0.5654787, 0.1712659, 0
0.6033607, 0.5605378, 0.6258632, 0
0.4075522, 0.5616418, 0.2681309, 0
0.3032327, 0.5469022, 0.2376198, 0
0.577986, 0.5666334, 0.660737, 0
0.5781318, 0.5616001, 0.4915076, 0
0.6628096, 0.5667673, 0.6706908, 0
0.2601087, 0.5353885, 0.2055223, 0
0.4548092, 0.5696687, 0.4180654, 0
0.4210555, 0.568865, 0.3108668, 0
0.5195307, 0.5634044, 0.4343949, 0
0.3457517, 0.5633691, 0.2912525, 0
0.3811114, 0.5531712, 0.2447562, 0
0.4554642, 0.5723878, 0.4593239, 0
0.6356699, 0.5426068, 0.5837024, 0
0.5064831, 0.5717171, 0.3941852, 0
0.5540777, 0.5609087, 0.4786533, 0
0.5350047, 0.5549085, 0.6022933, 0
0.6568778, 0.5642192, 0.6551591, 0
0.5780188, 0.5590537, 0.5113777, 0
0.4551928, 0.5726987, 0.3381595, 0
0.3012575, 0.5399645, 0.2790864, 0
0.4815153, 0.5634265, 0.4881043, 0
0.4649292, 0.5733601, 0.3693232, 0
0.4291278, 0.5718036, 0.4238983, 0
0.2561429, 0.5628144, 0.1914562, 0
0.3347939, 0.5449049, 0.2582777, 0
0.528152, 0.5640244, 0.5174156, 0
0.4283123, 0.5733635, 0.4155409, 0
0.5181464, 0.5606107, 0.4829065, 0
0.3972704, 0.5738994, 0.3373488, 0
0.3853818, 0.5697188, 0.3047836, 0
0.3644203, 0.5626589, 0.3423453, 0
0.5157063, 0.5667605, 0.5482556, 0
0.6718861, 0.5335665, 0.7364522, 0
0.5179263, 0.5590543, 0.5651055, 0
0.5300024, 0.5560094, 0.5928019, 0
0.616493, 0.5692805, 0.6627517, 0
0.3882464, 0.5740142, 0.3389196, 0
0.6165147, 0.5537377, 0.6087542, 0
0.5704746, 0.5558659, 0.5565259, 0
0.4667415, 0.5715535, 0.401076, 0
0.5347437, 0.5545382, 0.5747201, 0
0.5331615, 0.5640039, 0.5344252, 0
0.5669104, 0.5522395, 0.6256342, 0
0.5661076, 0.552916, 0.6325274, 0
0.6184609, 0.5612664, 0.7218646, 0
0.5666594, 0.554989, 0.557094, 0
0.4515761, 0.5737857, 0.3943677, 0
0.5172743, 0.5605725, 0.4616937, 0
0.552801, 0.5583178, 0.5106808, 0
0.4635613, 0.5719864, 0.3373933, 0
0.5259999, 0.5606379, 0.4948535, 0
0.6575081, 0.5428266, 0.5953246, 0
0.5156276, 0.5608228, 0.4881636, 0
0.4032512, 0.5672756, 0.2905664, 0
0.5851526, 0.5616149, 0.634196, 0
0.4663171, 0.5717499, 0.4342761, 0
0.2483885, 0.537237, 0.1881706, 0
0.4333751, 0.5677588, 0.4403676, 0
0.5286072, 0.5563239, 0.5639208, 0
0.5647767, 0.5465102, 0.6024933, 0
0.606703, 0.5551287, 0.5482409, 0
0.5614151, 0.5599957, 0.6518395, 0
0.5721533, 0.5559886, 0.5572315, 0
0.6796107, 0.542477, 0.6211115, 0
0.6273528, 0.5582694, 0.6429126, 0
0.4442126, 0.5761923, 0.3864715, 0
0.3295966, 0.548483, 0.2062085, 0
0.3215373, 0.546662, 0.2247302, 0
0.6546496, 0.5444334, 0.7439296, 0
0.5697089, 0.5568671, 0.5522239, 0
0.4091198, 0.5682234, 0.2995619, 0
0.4788701, 0.5715278, 0.4200116, 0
0.5104903, 0.5599541, 0.4624232, 0
0.5637162, 0.5478411, 0.6060298, 0
0.6699545, 0.5509537, 0.6311927, 0
0.3736461, 0.5660304, 0.3499016, 0
0.3854418, 0.5645651, 0.2847129, 0
0.3565715, 0.5526365, 0.2632478, 0
0.2767757, 0.538087, 0.1537128, 0
0.5116404, 0.5624828, 0.4442258, 0
0.3235071, 0.5678011, 0.2005415, 0
0.5095313, 0.5611928, 0.4832427, 0
0.4720514, 0.5728548, 0.3705178, 0
0.4284747, 0.5702003, 0.4346099, 0
0.3427961, 0.5497242, 0.2228727, 0
0.6288849, 0.5664716, 0.6591532, 0
0.6544044, 0.5663696, 0.7030072, 0
0.4584221, 0.5697765, 0.4221428, 0
0.3727017, 0.5652449, 0.3055734, 0
0.4892537, 0.5619216, 0.5221086, 0
0.4031011, 0.5738128, 0.3464922, 0
0.6770502, 0.5639727, 0.6764538, 0
0.5515045, 0.5592725, 0.4853661, 0
0.3035792, 0.5436166, 0.2077907, 0
0.3811611, 0.5647706, 0.290132, 0
0.6759443, 0.5427345, 0.6204576, 0
0.3864345, 0.5801134, 0.3817528, 0
0.6710672, 0.5429325, 0.7346638, 0
0.5983664, 0.5421755, 0.5956249, 0
0.5003349, 0.5671762, 0.5143732, 0
0.4031065, 0.5752297, 0.3595311, 0
0.4568016, 0.5711672, 0.4028116, 0
0.4054282, 0.5815679, 0.4009198, 0
0.2958401, 0.5642803, 0.2267852, 0
0.4561059, 0.5708787, 0.4042691, 0
0.3935496, 0.5816593, 0.3802768, 0
0.6387168, 0.5711622, 0.6783735, 0
0.3801323, 0.5523076, 0.2370384, 0
0.3782224, 0.5679467, 0.3058908, 0
0.2644534, 0.5667583, 0.1699914, 0
0.2978513, 0.5425609, 0.2431762, 0
0.5668521, 0.5634484, 0.4760359, 0
0.5899963, 0.5598562, 0.6250871, 0
0.3503096, 0.5482087, 0.2298357, 0
0.587122, 0.5684198, 0.6572767, 0
0.6067494, 0.5421727, 0.5793821, 0
0.3952945, 0.5740532, 0.3350495, 0
0.4157374, 0.5731627, 0.3476178, 0
0.6603835, 0.5661262, 0.6979923, 0
0.6722298, 0.5655169, 0.6932763, 0
0.257066, 0.5108303, 0.1846667, 0
0.2960834, 0.5409249, 0.2533526, 0
0.5270195, 0.5552014, 0.576609, 0
0.459448, 0.5733191, 0.360851, 0
0.4313159, 0.5750321, 0.3465256, 0
0.5873791, 0.5485343, 0.6116525, 0
0.639483, 0.5710735, 0.6814232, 0
0.3313574, 0.5536846, 0.1881519, 0
0.5210216, 0.560707, 0.4432113, 0
0.6405187, 0.5430086, 0.5702084, 0
0.2838129, 0.5719219, 0.1648766, 0
0.3705224, 0.5663593, 0.3140469, 0
0.2597406, 0.5343756, 0.2101658, 0
0.6612785, 0.5300248, 0.7426378, 0
0.5714852, 0.5581867, 0.664159, 0
0.3945495, 0.5741656, 0.3443097, 0
0.330758, 0.5479416, 0.2689736, 0
0.4749968, 0.5710266, 0.4166937, 0
0.4969935, 0.5708669, 0.4319898, 0
0.4962752, 0.5715098, 0.423602, 0
0.3723577, 0.558005, 0.264377, 0
0.458822, 0.5701115, 0.409449, 0
0.3488734, 0.5511345, 0.2139467, 0
0.3010869, 0.5547788, 0.1859156, 0
0.6065252, 0.5429953, 0.5959808, 0
0.4482605, 0.5754955, 0.3485159, 0
0.5450258, 0.5519735, 0.602381, 0
0.5378454, 0.5594515, 0.4948371, 0
0.3328605, 0.5481517, 0.1982231, 0
0.3414677, 0.5676332, 0.1953241, 0
0.6910983, 0.5571053, 0.6825941, 0
0.3787441, 0.5674571, 0.3035175, 0
0.3941598, 0.5741068, 0.3423131, 0
0.327014, 0.5478771, 0.2181339, 0
0.4848157, 0.5712256, 0.3898251, 0
0.5887946, 0.5615522, 0.6307631, 0
0.61853, 0.5550073, 0.5428839, 0
0.3293131, 0.5523663, 0.2761088, 0
0.3414734, 0.5604587, 0.2824266, 0
0.6357958, 0.5435275, 0.5881193, 0
0.3628131, 0.5501206, 0.2520207, 0
0.3945732, 0.5684546, 0.2969442, 0
0.5100159, 0.5678657, 0.5283189, 0
0.386696, 0.5732973, 0.3268616, 0
0.6658971, 0.5673662, 0.689733, 0
0.4863456, 0.5658685, 0.4774097, 0
0.4202532, 0.5806848, 0.3829947, 0
0.4885628, 0.5703025, 0.4477005, 0
0.4386987, 0.5722579, 0.3352021, 0
0.5104089, 0.5599333, 0.4635015, 0
0.4844945, 0.5712403, 0.3934559, 0
0.5653995, 0.5506768, 0.6172556, 0
0.5521109, 0.5583978, 0.4885912, 0
0.368397, 0.5618111, 0.2926618, 0
0.6315329, 0.5471616, 0.5965325, 0
0.5942845, 0.5466478, 0.5688819, 0
0.4970482, 0.5717783, 0.366088, 0
0.4114139, 0.5712579, 0.321184, 0
0.3703141, 0.5679699, 0.3243935, 0
0.287953, 0.5313787, 0.1871053, 0
0.4506285, 0.5702282, 0.4071155, 0
0.4931741, 0.5658107, 0.5361838, 0
0.293602, 0.5728031, 0.1951169, 0
0.4907697, 0.5712469, 0.3943635, 0
0.2990884, 0.5529166, 0.2238622, 0
0.3430459, 0.5527066, 0.2275248, 0
0.4027454, 0.5578449, 0.2566852, 0
0.4532403, 0.5696332, 0.4334251, 0
0.5700419, 0.5613052, 0.6441788, 0
0.503802, 0.5679977, 0.4381413, 0
0.3618488, 0.5616459, 0.3086017, 0
0.6138029, 0.5536656, 0.5472898, 0
0.6570954, 0.5586057, 0.644486, 0
0.3156439, 0.5441803, 0.2002065, 0
0.4994043, 0.5686423, 0.5466631, 0
0.6569539, 0.5510244, 0.7330768, 0
0.3297645, 0.5447302, 0.2434374, 0
0.6441621, 0.555396, 0.6260158, 0
0.5817497, 0.5677372, 0.6596041, 0
0.3398112, 0.5514143, 0.2690245, 0
0.3775836, 0.5609915, 0.2687354, 0
0.268973, 0.5471119, 0.181132, 0
0.5398207, 0.5599157, 0.4883236, 0
0.5779065, 0.5459294, 0.6079013, 0
0.3337822, 0.5520731, 0.2269177, 0
0.4960618, 0.5704957, 0.4378347, 0
0.6368499, 0.5446178, 0.5925209, 0
0.3301155, 0.5465963, 0.2346902, 0
0.5829852, 0.5508363, 0.5706399, 0
0.4336201, 0.5677443, 0.3138467, 0
0.3094948, 0.5451227, 0.2205868, 0
0.3506965, 0.5624321, 0.3167761, 0
0.5495555, 0.5570687, 0.5012618, 0
0.4180074, 0.5798739, 0.3908538, 0
0.3673111, 0.5647593, 0.3407592, 0
0.3468424, 0.5606082, 0.2813388, 0
0.4691729, 0.5722293, 0.3434711, 0
0.5085388, 0.5632485, 0.4998712, 0
0.4207621, 0.57783, 0.4008165, 0
0.5475182, 0.5634347, 0.4622307, 0
0.5723181, 0.5615138, 0.5293608, 0
0.6575336, 0.5061362, 0.7290428, 0
0.2999296, 0.5404958, 0.2020252, 0
0.5195968, 0.5610078, 0.4708369, 0
0.5137164, 0.5603155, 0.4551205, 0
0.594751, 0.5417967, 0.5889678, 0
0.5549968, 0.5595683, 0.5426522, 0
0.4759094, 0.5725505, 0.3610131, 0
0.5089522, 0.5600011, 0.468009, 0
0.5751815, 0.5428328, 0.5906301, 0
0.5252793, 0.5619832, 0.5541273, 0
0.2911203, 0.5378074, 0.2031883, 0
0.5855091, 0.546241, 0.6085643, 0
0.5113003, 0.5618484, 0.4483, 0
0.6046188, 0.5610207, 0.7140458, 0
0.4931039, 0.5716957, 0.3643616, 0
0.5303317, 0.5603703, 0.4966109, 0
0.6713935, 0.5514653, 0.7219965, 0
0.2734741, 0.5703278, 0.1920024, 0
0.5289561, 0.5585781, 0.5583296, 0
0.5251421, 0.5658909, 0.4126802, 0
0.565938, 0.5597149, 0.522809, 0
0.5546738, 0.5625424, 0.4727605, 0
0.7087784, 0.5417075, 0.7182134, 0
0.4248125, 0.5743661, 0.3476063, 0
0.3007161, 0.546656, 0.1869753, 0
0.4362379, 0.5707061, 0.3310912, 0
0.5367292, 0.5612463, 0.4797813, 0
0.3807505, 0.5711152, 0.3171202, 0
0.5293598, 0.564472, 0.5258686, 0
0.5562283, 0.5601352, 0.5316666, 0
0.3936678, 0.556161, 0.2493522, 0
0.5271552, 0.5639964, 0.5161942, 0
0.3509091, 0.5570821, 0.2727497, 0
0.497988, 0.5699779, 0.4366193, 0
0.2449725, 0.5172546, 0.181324, 0
0.534853, 0.5618804, 0.4585933, 0
0.6100881, 0.553281, 0.6064026, 0
0.359861, 0.561984, 0.2885106, 0
0.6317689, 0.5496565, 0.5582212, 0
0.3625136, 0.5552304, 0.2648527, 0
0.6791986, 0.5629444, 0.6689752, 0
0.5285259, 0.5608844, 0.591517, 0
0.5781702, 0.5622209, 0.5338868, 0
0.380137, 0.570281, 0.3127453, 0
0.3704891, 0.5525866, 0.2208454, 0
0.5519206, 0.5578502, 0.5081645, 0
0.4200484, 0.5760661, 0.4217764, 0
0.3154043, 0.5402313, 0.2648752, 0
0.2948345, 0.5638825, 0.1631763, 0
0.389428, 0.5540263, 0.2407024, 0
0.5293354, 0.555398, 0.5880407, 0
0.5848994, 0.5459551, 0.5743291, 0
0.3490974, 0.5459258, 0.2494938, 0
0.2867495, 0.5562758, 0.2466409, 0
0.5583825, 0.5519621, 0.5763562, 0
0.4386187, 0.5770817, 0.3825366, 0
0.4606031, 0.570228, 0.4164656, 0
0.5684833, 0.5610063, 0.5290388, 0
0.3063956, 0.541823, 0.2463592, 0
0.4801911, 0.5708013, 0.4534056, 0
0.5779993, 0.5587277, 0.5527853, 0
0.2693534, 0.5168421, 0.1669699, 0
0.3984878, 0.5774367, 0.3682761, 0
0.6275693, 0.5463246, 0.5941921, 0
0.5307744, 0.5625545, 0.5127285, 0
0.6632562, 0.5496735, 0.6287313, 0
0.6439272, 0.5597042, 0.644322, 0
0.4849622, 0.5718452, 0.4171162, 0
0.3077266, 0.5699236, 0.171791, 0
0.5729554, 0.5501613, 0.6187624, 0
0.3911109, 0.5719038, 0.3142993, 0
0.4392123, 0.576785, 0.3520227, 0
0.6113489, 0.5663224, 0.6572458, 0
0.3068902, 0.5442021, 0.2824399, 0
0.5599772, 0.5559769, 0.5516739, 0
0.6344649, 0.5657423, 0.6597829, 0
0.4566915, 0.5701329, 0.4093543, 0
0.518479, 0.5614493, 0.4982918, 0
0.5647183, 0.5526524, 0.5724161, 0
0.6156113, 0.5694801, 0.6772305, 0
0.3671255, 0.5495059, 0.2361288, 0
0.372656, 0.5665671, 0.3110336, 0
0.5133229, 0.5641425, 0.437435, 0
0.350616, 0.5621009, 0.3022527, 0
0.4403917, 0.5691625, 0.4218113, 0
0.3938204, 0.5727662, 0.3188112, 0
0.4359362, 0.5695078, 0.4518075, 0
0.3555676, 0.547659, 0.2341875, 0
0.662514, 0.5427205, 0.615029, 0
0.522501, 0.5607335, 0.478674, 0
0.4830763, 0.5722228, 0.4274057, 0
0.5368786, 0.562171, 0.5153514, 0
0.3128977, 0.5512877, 0.1633446, 0
0.2986226, 0.5436791, 0.2344931, 0
0.414358, 0.5793355, 0.4043986, 0
0.4718051, 0.5725373, 0.3783115, 0
0.5488458, 0.5601987, 0.5287159, 0
0.3626621, 0.5621211, 0.2847529, 0
0.3475263, 0.5669311, 0.1954496, 0
0.4407683, 0.5699313, 0.3270508, 0
0.6162778, 0.5417147, 0.5873367, 0
0.5538849, 0.5544128, 0.5694882, 0
0.3050017, 0.5700226, 0.1680142, 0
0.6266609, 0.5449118, 0.5624624, 0
0.2675584, 0.5354857, 0.1925304, 0
0.3195391, 0.5709938, 0.196229, 0
0.3746328, 0.5509089, 0.2424395, 0
0.4269089, 0.5758734, 0.4064496, 0
0.467984, 0.5714946, 0.3344822, 0
0.4347253, 0.5686046, 0.4325366, 0
0.6092199, 0.5576736, 0.7034314, 0
0.3622484, 0.5623805, 0.3146897, 0
0.5132135, 0.5603372, 0.4680056, 0
0.4932592, 0.5636533, 0.4977216, 0
0.6377023, 0.5509902, 0.609237, 0
0.3908426, 0.5589699, 0.2572145, 0
0.5992128, 0.5416281, 0.585146, 0
0.4286608, 0.5791633, 0.3607172, 0
0.6417437, 0.54189, 0.576372, 0
0.4891298, 0.572237, 0.4171138, 0
0.5618927, 0.547093, 0.6015567, 0
0.5442545, 0.5521767, 0.60289, 0
0.4264139, 0.5638356, 0.2861247, 0
0.3406962, 0.5476284, 0.2621601, 0
0.672747, 0.5612594, 0.7008633, 0
0.2871144, 0.5379768, 0.2668432, 0
0.4968145, 0.5718984, 0.4206875, 0
0.533507, 0.5550099, 0.5671496, 0
0.3871366, 0.5623038, 0.2678738, 0
0.5354204, 0.5544922, 0.5744597, 0
0.4201269, 0.5810547, 0.380513, 0
0.6046095, 0.5591775, 0.6208049, 0
0.6184278, 0.5418751, 0.5860273, 0
0.5774469, 0.5439128, 0.581908, 0
0.3352877, 0.5602981, 0.2853255, 0
0.3956256, 0.5741747, 0.332142, 0
0.5848917, 0.5628619, 0.6373023, 0
0.5234215, 0.5607222, 0.4785236, 0
0.2877218, 0.5426958, 0.2446199, 0
0.6858692, 0.5557167, 0.6943997, 0
0.5018745, 0.5658543, 0.4501847, 0
0.5096561, 0.5663165, 0.5120519, 0
0.2868599, 0.5339817, 0.2007602, 0
0.2543013, 0.5488622, 0.1852178, 0
0.550132, 0.560331, 0.5368068, 0
0.3342658, 0.5494513, 0.1913494, 0
0.3348376, 0.5440823, 0.248943, 0
0.612664, 0.5416797, 0.5801127, 0
0.4960071, 0.5659542, 0.5354027, 0
0.5145003, 0.5661007, 0.4267763, 0
0.3286987, 0.5483014, 0.2161452, 0
0.4882208, 0.5716649, 0.4351417, 0
0.3943808, 0.5741104, 0.3417109, 0
0.2525534, 0.5391892, 0.209177, 0
0.580486, 0.5620643, 0.4931361, 0
0.5271481, 0.5558417, 0.5847356, 0
0.3430742, 0.5557679, 0.273826, 0
0.4885049, 0.5638571, 0.5155095, 0
0.3413804, 0.5634255, 0.2912155, 0
0.5059261, 0.5614442, 0.4844505, 0
0.4264501, 0.5777114, 0.3907287, 0
0.6591404, 0.5681362, 0.6893529, 0
0.394842, 0.5598052, 0.2588559, 0
0.5264505, 0.5613022, 0.4346088, 0
0.3472669, 0.5635608, 0.2956866, 0
0.4173093, 0.5719843, 0.3399097, 0
0.5877343, 0.5485553, 0.6115182, 0
0.6105929, 0.5646606, 0.6854341, 0
0.4315499, 0.5698467, 0.3269238, 0
0.5124986, 0.5648218, 0.4362142, 0
0.3840301, 0.5647568, 0.2877753, 0
0.5511079, 0.5493299, 0.5929599, 0
0.2690538, 0.5572033, 0.1642513, 0
0.5239914, 0.5606391, 0.4380732, 0
0.5363199, 0.5621036, 0.4697276, 0
0.3733799, 0.568525, 0.3179899, 0
0.2490896, 0.5663691, 0.1953253, 0
0.6360419, 0.5581305, 0.6324368, 0
0.4813631, 0.560836, 0.5189125, 0
0.6381043, 0.5514911, 0.6114708, 0
0.6271132, 0.5562536, 0.6321666, 0
0.2755263, 0.5411675, 0.2251335, 0
0.4684362, 0.5717608, 0.4307926, 0
0.3132351, 0.5423436, 0.1631388, 0
0.6351577, 0.5427352, 0.5847124, 0
0.2670307, 0.5237702, 0.1879983, 0
0.5171775, 0.5613112, 0.4430864, 0
0.354914, 0.5508735, 0.2611002, 0
0.5599003, 0.5540518, 0.5683036, 0
0.3414759, 0.5628631, 0.2893024, 0
0.4608675, 0.5732175, 0.3568068, 0
0.6658342, 0.5486969, 0.7325201, 0
0.4233105, 0.5756148, 0.4149377, 0
0.281323, 0.5741783, 0.1960633, 0
0.4973745, 0.5665293, 0.5367303, 0
0.3836613, 0.5725315, 0.3368979, 0
0.4789807, 0.5714539, 0.4668282, 0
0.6417677, 0.5575374, 0.6298568, 0
0.4690558, 0.5717065, 0.3932717, 0
0.2738266, 0.5505107, 0.2447483, 0
0.4683379, 0.5722764, 0.3647431, 0
0.6704241, 0.560417, 0.6538073, 0
0.6254224, 0.5454778, 0.5921923, 0
0.4875476, 0.5631837, 0.4836349, 0
0.6743743, 0.5434617, 0.732478, 0
0.3555825, 0.5525442, 0.2117526, 0
0.4334297, 0.5768956, 0.3515954, 0
0.5391244, 0.552661, 0.5979732, 0
0.4493102, 0.5761948, 0.3687943, 0
0.2683424, 0.5313659, 0.177917, 0
0.5289081, 0.5605938, 0.4971377, 0
0.5452729, 0.5582836, 0.4920429, 0
0.5837651, 0.5428719, 0.595517, 0
0.3566279, 0.5577147, 0.271831, 0
0.4112592, 0.5817788, 0.3793533, 0
0.5759147, 0.5555212, 0.562282, 0
0.5092995, 0.5657748, 0.4377949, 0
0.2410666, 0.5207894, 0.1900817, 0
0.4558401, 0.5717242, 0.3348177, 0
0.4216756, 0.5726461, 0.3423224, 0
0.4097873, 0.5715102, 0.3215193, 0
0.3047539, 0.5396352, 0.190567, 0
0.3944523, 0.5644176, 0.2796801, 0
0.4724844, 0.5714887, 0.4398855, 0
0.4365748, 0.5765263, 0.3899598, 0
0.6862098, 0.5542818, 0.7071385, 0
0.6064364, 0.5413267, 0.5835434, 0
0.28849, 0.5621981, 0.1868889, 0
0.5031866, 0.5613419, 0.4617572, 0
0.4371292, 0.5755655, 0.3987152, 0
0.6894737, 0.5568597, 0.6871288, 0
0.4765783, 0.5720297, 0.3768266, 0
0.6671222, 0.5635903, 0.6605046, 0
0.3987672, 0.5666946, 0.2884222, 0
0.445481, 0.5687453, 0.4241401, 0
0.5189295, 0.5607555, 0.4764598, 0
0.544643, 0.5544277, 0.5687375, 0
0.6087769, 0.5636288, 0.6518488, 0
0.4523121, 0.575893, 0.3702544, 0
0.4231776, 0.5809481, 0.3762355, 0
0.6271479, 0.5693468, 0.679899, 0
0.3127023, 0.5590058, 0.2333096, 0
0.4101597, 0.5638992, 0.2772294, 0
0.6732405, 0.5043753, 0.7163889, 0
0.4545976, 0.5693483, 0.4219439, 0
0.3032927, 0.5387536, 0.2585916, 0
0.6230937, 0.5562583, 0.6287667, 0
0.4605936, 0.5701197, 0.4127432, 0
0.5434596, 0.5604773, 0.5116413, 0
0.6741118, 0.5633138, 0.6640002, 0
0.5028999, 0.5711675, 0.3896222, 0
0.5321768, 0.5601716, 0.4897323, 0
0.3615826, 0.5622096, 0.28411, 0
0.5705155, 0.5484941, 0.6138729, 0
0.301654, 0.5649704, 0.1630325, 0
0.6570888, 0.542608, 0.6029099, 0
0.4925586, 0.5641198, 0.5017188, 0
0.4931265, 0.5714597, 0.4290777, 0
0.4914306, 0.5711116, 0.3674486, 0
0.3480672, 0.5562506, 0.2727678, 0
0.6169652, 0.5700504, 0.6747358, 0
0.2771148, 0.5166516, 0.1857336, 0
0.5385371, 0.5623614, 0.539905, 0
0.4709955, 0.5719168, 0.4630502, 0
0.419329, 0.5712043, 0.3350783, 0
0.626654, 0.5629562, 0.7313467, 0
0.6719412, 0.5478728, 0.6250823, 0
0.5888814, 0.546633, 0.6087047, 0
0.6307585, 0.5679617, 0.6621738, 0
0.4576695, 0.5729069, 0.3913966, 0
0.4240471, 0.5677838, 0.3034291, 0
0.3863862, 0.5557744, 0.2499225, 0
0.269195, 0.5753609, 0.1906101, 0
0.5584713, 0.5563933, 0.5036796, 0
0.2906699, 0.5488768, 0.1721214, 0
0.2942846, 0.5418992, 0.1754484, 0
0.5841154, 0.5510458, 0.6158587, 0
0.5437994, 0.5618016, 0.4379366, 0
0.3861437, 0.5555629, 0.2494431, 0
0.6359106, 0.5558286, 0.6228172, 0
0.3893724, 0.5738122, 0.3437434, 0
0.4019966, 0.5759315, 0.3628596, 0
0.5306435, 0.5617374, 0.4647016, 0
0.5108552, 0.571636, 0.4020809, 0
0.5763934, 0.5426538, 0.5864927, 0
0.4163794, 0.5765523, 0.3615646, 0
0.4109994, 0.5698279, 0.3105724, 0
0.2731658, 0.532104, 0.2056531, 0
0.2885031, 0.5428347, 0.2431345, 0
0.4992472, 0.571078, 0.423463, 0
0.5903354, 0.5450081, 0.5724396, 0
0.5454453, 0.5567058, 0.5573863, 0
0.5310459, 0.5603865, 0.486102, 0
0.2720881, 0.5465206, 0.211423, 0
0.6988831, 0.5587262, 0.6606217, 0
0.6577974, 0.5461279, 0.6195418, 0
0.2975973, 0.5351055, 0.1722563, 0
0.6677642, 0.5670754, 0.6811526, 0
0.3232636, 0.5437061, 0.1925854, 0
0.5480477, 0.5501476, 0.5916019, 0
0.4188628, 0.5814663, 0.3748631, 0
0.3201072, 0.5452587, 0.2072266, 0
0.6574156, 0.5687343, 0.674347, 0
0.6502622, 0.5469609, 0.7453813, 0
0.3313688, 0.5649367, 0.3002546, 0
0.2981694, 0.5363659, 0.2684941, 0
0.285806, 0.5359868, 0.2044681, 0
0.5615921, 0.5522956, 0.6209348, 0
0.439536, 0.5694705, 0.4203566, 0
0.3792836, 0.57229, 0.3569828, 0
0.4784581, 0.5721321, 0.4273989, 0
0.6128703, 0.5580608, 0.6943554, 0
0.3462862, 0.5634596, 0.3155087, 0
0.4814702, 0.571505, 0.3802005, 0
0.4926659, 0.5708539, 0.3877046, 0
0.2433384, 0.5184575, 0.1845428, 0
0.3706916, 0.5618101, 0.2762097, 0
0.4716848, 0.5720571, 0.3495345, 0
0.5267878, 0.5611164, 0.4757124, 0
0.6839476, 0.5549291, 0.6461003, 0
0.274121, 0.5364558, 0.174454, 0
0.4605464, 0.5730697, 0.3595155, 0
0.4616054, 0.5692444, 0.3293574, 0
0.5860884, 0.5688148, 0.6624741, 0
0.5630295, 0.5512691, 0.5758848, 0
0.5629703, 0.5575024, 0.5131839, 0
0.4179347, 0.5720864, 0.3416764, 0
0.560386, 0.5554934, 0.5547547, 0
0.5470541, 0.5588515, 0.4892176, 0
0.5565315, 0.555737, 0.556483, 0
0.40101, 0.5671581, 0.2903574, 0
0.5214577, 0.55748, 0.5746323, 0
0.3851868, 0.5584999, 0.2571382, 0
0.6757179, 0.5513766, 0.7188889, 0
0.5897414, 0.5571153, 0.61909, 0
0.5836589, 0.5555631, 0.6215108, 0
0.6630123, 0.5480874, 0.6257461, 0
0.63763, 0.5634535, 0.7089021, 0
0.5259295, 0.5616496, 0.4610417, 0
0.6575876, 0.565553, 0.70262, 0
0.3373847, 0.5538382, 0.1944859, 0
0.3442632, 0.5613768, 0.2836035, 0
0.4931972, 0.5698512, 0.4458411, 0
0.2840716, 0.5402786, 0.1526632, 0
0.6847842, 0.5615067, 0.6738809, 0
0.6029521, 0.5687246, 0.6797069, 0
0.6452551, 0.5614457, 0.6508454, 0
0.6686969, 0.5434943, 0.6194398, 0
0.5323532, 0.5538761, 0.586642, 0
0.4246081, 0.5739796, 0.4211672, 0
0.5318151, 0.5551661, 0.567409, 0
0.279524, 0.5735925, 0.1589773, 0
0.354713, 0.5482963, 0.254236, 0
0.4871327, 0.57205, 0.4133993, 0
0.5192077, 0.5616688, 0.4390166, 0
0.3233062, 0.545044, 0.2383823, 0
0.6045839, 0.5420842, 0.5802338, 0
0.4014338, 0.5649436, 0.2803994, 0
0.4642286, 0.5727958, 0.4670273, 0
0.5632536, 0.5451161, 0.5898403, 0
0.4496055, 0.5749155, 0.3446297, 0
0.3795738, 0.5748109, 0.3724906, 0
0.6994053, 0.5272099, 0.7245027, 0
0.377723, 0.5537432, 0.2487571, 0
0.6047161, 0.5637248, 0.6486682, 0
0.5681171, 0.5441478, 0.5953988, 0
0.5487919, 0.5497802, 0.5939801, 0
0.6362733, 0.5421112, 0.5758253, 0
0.3344105, 0.5460582, 0.2621795, 0
0.3689547, 0.5494512, 0.2423833, 0
0.6628428, 0.567802, 0.6803077, 0
0.4371301, 0.5759653, 0.3966524, 0
0.2970947, 0.5563133, 0.2072464, 0
0.2964943, 0.5392895, 0.2593097, 0
0.488199, 0.5691912, 0.4638608, 0
0.3611002, 0.5623771, 0.3377133, 0
0.4953247, 0.5668847, 0.4586073, 0
0.6280866, 0.5683473, 0.6622525, 0
0.3980269, 0.5712891, 0.3103353, 0
0.5460783, 0.5577961, 0.4942171, 0
0.539699, 0.5620945, 0.5188248, 0
0.5181661, 0.5628628, 0.5038871, 0
0.6995361, 0.5517043, 0.6983652, 0
0.2713961, 0.52534, 0.1640931, 0
0.6265385, 0.5491263, 0.5563468, 0
0.3893414, 0.5747385, 0.3544353, 0
0.5007408, 0.5723377, 0.4056662, 0
0.3567063, 0.5542284, 0.2659194, 0
0.5211154, 0.5603654, 0.4510608, 0
0.5988657, 0.5616935, 0.5386182, 0
0.4870932, 0.5710041, 0.3779112, 0
0.6430649, 0.5438257, 0.5944848, 0
0.3431278, 0.5511886, 0.18785, 0
0.4481665, 0.5760335, 0.3568382, 0
0.611206, 0.5573149, 0.6947094, 0
0.5061442, 0.5599857, 0.4686496, 0
0.3016017, 0.5348752, 0.1886191, 0
0.5697608, 0.5564246, 0.5070246, 0
0.5554699, 0.5576692, 0.5100448, 0
0.385818, 0.5750459, 0.3583558, 0
0.7004052, 0.5559217, 0.6688326, 0
0.3224315, 0.5442662, 0.2423113, 0
0.3399869, 0.5594239, 0.2806456, 0
0.316732, 0.5534853, 0.1750449, 0
0.519908, 0.568987, 0.4008352, 0
0.4448551, 0.576882, 0.3678942, 0
0.3896791, 0.5739851, 0.3322439, 0
0.3517322, 0.547727, 0.2552905, 0
0.5454929, 0.5560961, 0.6152415, 0
0.5001643, 0.5683352, 0.4436484, 0
0.5336527, 0.5618475, 0.463017, 0
0.3966324, 0.5757474, 0.3608662, 0
0.4966555, 0.5627887, 0.4908041, 0
0.2733312, 0.5261737, 0.201903, 0
0.3670379, 0.5663505, 0.3273198, 0
0.5754943, 0.5430168, 0.59356, 0
0.4843394, 0.5631138, 0.4899936, 0
0.584108, 0.5629146, 0.5245134, 0
0.4714138, 0.5707289, 0.4173436, 0
0.3751837, 0.569421, 0.3205366, 0
0.6867292, 0.5605199, 0.6768913, 0
0.5250503, 0.5590685, 0.5862617, 0
0.3178056, 0.5419825, 0.2493407, 0
0.3472045, 0.5488657, 0.2611546, 0
0.5199465, 0.5610166, 0.4711027, 0
0.3159406, 0.5415227, 0.2682503, 0
0.6144977, 0.559772, 0.6445599, 0
0.298856, 0.536133, 0.1546495, 0
0.4196333, 0.5777199, 0.4066803, 0
0.3086403, 0.5661966, 0.1672477, 0
0.574746, 0.5604754, 0.6413377, 0
0.3672672, 0.5658461, 0.3208795, 0
0.4340565, 0.5761372, 0.3962206, 0
0.3899167, 0.5714684, 0.3116648, 0
0.5012977, 0.5675461, 0.5446976, 0
0.6531073, 0.5704412, 0.6802573, 0
0.4472035, 0.5708728, 0.3295841, 0
0.299518, 0.5585558, 0.2241862, 0
0.3221481, 0.5562199, 0.2887851, 0
0.4106635, 0.5799987, 0.4070115, 0
0.5205282, 0.5639117, 0.4320066, 0
0.6460476, 0.5704776, 0.6682931, 0
0.3155875, 0.5691158, 0.1784663, 0
0.5127721, 0.5661434, 0.4245462, 0
0.4451911, 0.5669944, 0.3137396, 0
0.6196681, 0.5625719, 0.7082254, 0
0.3162442, 0.5609117, 0.2208543, 0
0.6889415, 0.5500509, 0.7160807, 0
0.3118503, 0.5350758, 0.1794888, 0
0.6420242, 0.5601984, 0.6490049, 0
0.6677532, 0.5604855, 0.7066146, 0
0.4425448, 0.5691367, 0.4447133, 0
0.3936983, 0.5762303, 0.3645384, 0
0.2792639, 0.5450532, 0.2423201, 0
0.4781384, 0.5724546, 0.3683218, 0
0.5248147, 0.5652306, 0.5210124, 0
0.6694246, 0.5395843, 0.6136582, 0
0.6186483, 0.5687885, 0.6789658, 0
0.2981022, 0.572646, 0.2020565, 0
0.4941351, 0.5702758, 0.4410955, 0
0.6389766, 0.5507004, 0.6100086, 0
0.6174918, 0.5582027, 0.6401402, 0
0.6265125, 0.5468198, 0.5594575, 0
0.4232449, 0.574387, 0.4241033, 0
0.4572807, 0.5696986, 0.4241315, 0
0.6716509, 0.565083, 0.6950411, 0
0.4240797, 0.5764477, 0.3551186, 0
0.2992482, 0.5555447, 0.2353045, 0
0.4791108, 0.5725377, 0.3621599, 0
0.3318036, 0.556102, 0.2794502, 0
0.4210207, 0.5733548, 0.3459928, 0
0.4411549, 0.5684578, 0.4280171, 0
0.4385862, 0.5769311, 0.3525714, 0
0.2783653, 0.5351815, 0.2093779, 0
0.3934474, 0.5815817, 0.3800094, 0
0.3960562, 0.5834804, 0.3929085, 0
0.6284059, 0.5467594, 0.5951603, 0
0.4900362, 0.5710906, 0.3831519, 0
0.5665103, 0.5498501, 0.6152344, 0
0.4355989, 0.5696732, 0.3274728, 0
0.4989639, 0.566341, 0.527431, 0
0.2562803, 0.5241787, 0.1989551, 0
0.5602713, 0.5563915, 0.4995933, 0
0.3980638, 0.5729337, 0.321417, 0
0.5593444, 0.5562072, 0.6449711, 0
0.5443639, 0.5511936, 0.5922768, 0
0.4377664, 0.5693081, 0.4243959, 0
0.4161939, 0.5665073, 0.2924235, 0
0.4611411, 0.571421, 0.4533053, 0
0.3080875, 0.5503778, 0.1811645, 0
0.5045444, 0.5675613, 0.5314176, 0
0.2551702, 0.5223669, 0.1829717, 0
0.4466324, 0.5756684, 0.3889146, 0
0.4705277, 0.5716673, 0.427616, 0
0.4048731, 0.5706468, 0.3110557, 0
0.2775325, 0.564904, 0.1726767, 0
0.4718005, 0.5705339, 0.4800016, 0
0.6682081, 0.5391013, 0.7376276, 0
0.5383679, 0.5529693, 0.588928, 0
0.3392966, 0.5476968, 0.2630668, 0
0.4985352, 0.5711847, 0.4231759, 0
0.3169875, 0.5452886, 0.2124148, 0
0.4722638, 0.5714766, 0.4404028, 0
0.6999549, 0.5269182, 0.724236, 0
0.5979471, 0.5686015, 0.6570297, 0
0.4579804, 0.5710236, 0.4359574, 0
0.4712727, 0.5721945, 0.3860928, 0
0.4180426, 0.5711778, 0.3346206, 0
0.4877188, 0.5696021, 0.4571991, 0
0.2858928, 0.5394627, 0.2622116, 0
0.4974065, 0.5715971, 0.3985476, 0
0.4812559, 0.5714604, 0.3933904, 0
0.7089279, 0.5341782, 0.7225298, 0
0.3770676, 0.5557879, 0.2545478, 0
0.6538098, 0.5690441, 0.6922511, 0
0.3718112, 0.5582688, 0.2652624, 0
0.505819, 0.5602395, 0.4632073, 0
0.4819465, 0.5716115, 0.3855392, 0
0.4127381, 0.5710881, 0.3229167, 0
0.5264922, 0.5564448, 0.5647076, 0
0.4238456, 0.580614, 0.3778025, 0
0.5175282, 0.5664517, 0.5177107, 0
0.5194415, 0.5607738, 0.4912736, 0
0.4574788, 0.5741237, 0.3582943, 0
0.5609526, 0.5598869, 0.4811638, 0
0.4944113, 0.5663617, 0.5143117, 0
0.5866495, 0.5615001, 0.5461702, 0
0.6948262, 0.5547673, 0.6833634, 0
0.4615332, 0.5726218, 0.3407978, 0
0.2856452, 0.5591706, 0.2093802, 0
0.3606854, 0.5487312, 0.2500001, 0
0.6401379, 0.542075, 0.5757622, 0
0.4713149, 0.5720484, 0.3558225, 0
0.3725428, 0.5501441, 0.2378961, 0
0.618397, 0.5417086, 0.5818819, 0
0.4839431, 0.5718138, 0.4304385, 0
0.4480157, 0.5717406, 0.4042051, 0
0.5146078, 0.5698476, 0.4065209, 0
0.4933664, 0.5656741, 0.4660437, 0
0.5884086, 0.5432447, 0.5760963, 0
0.3914613, 0.5679876, 0.2948976, 0
0.2540887, 0.5210107, 0.2058213, 0
0.6233696, 0.5699536, 0.6770453, 0
0.4438159, 0.5704024, 0.3279213, 0
0.3241486, 0.5706471, 0.1844353, 0
0.4161155, 0.578319, 0.410993, 0
0.4674344, 0.5717561, 0.3970997, 0
0.6533539, 0.5642961, 0.708523, 0
0.6159331, 0.542254, 0.5784918, 0
0.4987192, 0.5617365, 0.4851706, 0
0.6579268, 0.5499302, 0.7355183, 0
0.5768098, 0.5580245, 0.5539808, 0
0.5389587, 0.5590835, 0.5545413, 0
0.5759968, 0.5490217, 0.6162682, 0
0.389074, 0.5630689, 0.273507, 0
0.6781731, 0.551282, 0.630729, 0
0.2712283, 0.5304987, 0.1890482, 0
0.5789492, 0.5636869, 0.6445479, 0
0.5904825, 0.5444173, 0.5731541, 0
0.3247942, 0.553209, 0.2814228, 0
0.2981223, 0.5521424, 0.2152801, 0
0.3340457, 0.5512396, 0.272072, 0
0.6640607, 0.5673339, 0.6773526, 0
0.4842183, 0.5715082, 0.411828, 0
0.4376698, 0.577587, 0.3771192, 0
0.4042439, 0.5798786, 0.3736931, 0
0.3414641, 0.54803, 0.262436, 0
0.5724029, 0.5483897, 0.5776463, 0
0.5595557, 0.556426, 0.4988543, 0
0.4473071, 0.5758252, 0.3513371, 0
0.3313066, 0.5640379, 0.2969963, 0
0.4901837, 0.5686175, 0.4626834, 0
0.4185636, 0.5813748, 0.3808552, 0
0.5887781, 0.5572484, 0.6199954, 0
0.5159138, 0.5609691, 0.4461454, 0
0.4671024, 0.5724322, 0.4669267, 0
0.3553255, 0.5615502, 0.3212514, 0
0.3338938, 0.5654211, 0.3004715, 0
0.4479595, 0.5765763, 0.3802336, 0
0.4921457, 0.5718552, 0.4252815, 0
0.5875812, 0.5418319, 0.5904503, 0
0.3841597, 0.5633315, 0.2757345, 0
0.2955718, 0.5370677, 0.1983793, 0
0.3384499, 0.5451757, 0.257036, 0
0.6256323, 0.54704, 0.5953211, 0
0.5493943, 0.5640517, 0.4536523, 0
0.5352097, 0.5602155, 0.4878229, 0
0.5362468, 0.5547262, 0.567912, 0
0.4601924, 0.5729746, 0.3899758, 0
0.4287831, 0.5784848, 0.3810342, 0
0.5145208, 0.5604001, 0.4651837, 0
0.403807, 0.5809678, 0.3768875, 0
0.3107879, 0.5406749, 0.2711602, 0
0.3236017, 0.5448209, 0.1990323, 0
0.6730958, 0.5491019, 0.6268095, 0
0.2479863, 0.5678172, 0.2050514, 0
0.5346504, 0.5604067, 0.485431, 0
0.3613189, 0.5614728, 0.2934029, 0
0.2828999, 0.5739758, 0.1592781, 0
0.6724977, 0.5297226, 0.7359257, 0
0.6887892, 0.5604252, 0.671344, 0
0.3091632, 0.5503851, 0.1893752, 0
0.4319277, 0.5725178, 0.4136417, 0
0.5884871, 0.5667121, 0.6474326, 0
0.569426, 0.5610433, 0.5357047, 0
0.3181993, 0.546119, 0.1699682, 0
0.4358445, 0.5783665, 0.3722567, 0
0.5125773, 0.5611268, 0.4494564, 0
0.6283295, 0.5692641, 0.6805063, 0
0.3972466, 0.5787652, 0.3717709, 0
0.6582941, 0.5601461, 0.6477687, 0
0.2927392, 0.5492955, 0.2051745, 0
0.3790437, 0.5700114, 0.3395165, 0
0.4460275, 0.577014, 0.3753185, 0
0.4028705, 0.5700728, 0.3065713, 0
0.6250239, 0.564836, 0.7146231, 0
0.4380835, 0.577976, 0.3699225, 0
0.4987231, 0.5724363, 0.412348, 0
0.456595, 0.5733541, 0.3414356, 0
0.3816829, 0.5731925, 0.3559493, 0
0.695204, 0.5551203, 0.6789621, 0
0.5469787, 0.5606522, 0.539408, 0
0.5645238, 0.5487947, 0.6102304, 0
0.2998517, 0.536861, 0.1940992, 0
0.6918759, 0.5508857, 0.7193856, 0
0.6027703, 0.5594675, 0.6883441, 0
0.2656754, 0.5469918, 0.2314839, 0
0.5130039, 0.5706308, 0.4054343, 0
0.5411536, 0.5558402, 0.5609276, 0
0.4492495, 0.5749193, 0.3889248, 0
0.4208971, 0.5688547, 0.3102165, 0
0.5637475, 0.5520984, 0.6213034, 0
0.5141655, 0.5602807, 0.4617115, 0
0.5842852, 0.5508371, 0.6155753, 0
0.5984319, 0.5683763, 0.6566526, 0
0.5009745, 0.5667904, 0.5336064, 0
0.652488, 0.5420353, 0.5857002, 0
0.3142198, 0.5450735, 0.2281501, 0
0.5941218, 0.5556548, 0.5588588, 0
0.2544451, 0.5700359, 0.2035603, 0
0.4417001, 0.567524, 0.4375212, 0
0.6544293, 0.5699919, 0.6831139, 0
0.4404021, 0.5679569, 0.4326422, 0
0.4450423, 0.5712958, 0.3303454, 0
0.4305013, 0.5798911, 0.3690546, 0
0.4792225, 0.5717263, 0.4217186, 0
0.6769875, 0.5602328, 0.6563941, 0
0.6145186, 0.5610985, 0.6490207, 0
0.3850427, 0.5731484, 0.331696, 0
0.4384606, 0.5768056, 0.3856858, 0
0.3986103, 0.5684205, 0.2961918, 0
0.4454702, 0.5770786, 0.3744763, 0
0.4981363, 0.5637119, 0.4961549, 0
0.2942262, 0.5484242, 0.2102431, 0
0.4297842, 0.5795044, 0.3751364, 0
0.3895128, 0.5760085, 0.3635692, 0
0.6031088, 0.5627312, 0.6407484, 0
0.4235195, 0.5761095, 0.3543537, 0
0.5729569, 0.5480536, 0.6138435, 0
0.480656, 0.5725709, 0.3545264, 0
0.4495206, 0.5765844, 0.3741236, 0
0.597257, 0.5588101, 0.6188841, 0
0.4624559, 0.5715172, 0.4479887, 0
0.632414, 0.5632979, 0.7118334, 0
0.4893463, 0.5712014, 0.3939549, 0
0.4761279, 0.5714372, 0.4593987, 0
0.3970583, 0.5739799, 0.33904, 0
0.5043744, 0.5710701, 0.3876851, 0
0.279981, 0.5644416, 0.1927043, 0
0.4334193, 0.5679581, 0.438092, 0
0.4619841, 0.5744401, 0.3729737, 0
0.5584014, 0.5489037, 0.5824535, 0
0.5758205, 0.552435, 0.623339, 0
0.4303895, 0.5797408, 0.3709343, 0
0.2876251, 0.5437067, 0.2260847, 0
0.4056093, 0.5821457, 0.3816222, 0
0.3013517, 0.543338, 0.2365833, 0
0.6651253, 0.5441626, 0.5917494, 0
0.447679, 0.5687516, 0.4272624, 0
0.3696447, 0.5637291, 0.3059921, 0
0.4926137, 0.5719813, 0.4076301, 0
0.6286497, 0.5606065, 0.6492409, 0
0.6559581, 0.5428396, 0.5978609, 0
0.3169915, 0.5527277, 0.216402, 0
0.3132384, 0.5452176, 0.2112232, 0
0.3970533, 0.5634614, 0.2720755, 0
0.4190974, 0.5671019, 0.296968, 0
0.4789609, 0.5716744, 0.4362278, 0
0.4450868, 0.5741804, 0.3394157, 0
0.5986068, 0.5616428, 0.5200427, 0
0.5473678, 0.5606377, 0.5318279, 0
0.6721326, 0.5510567, 0.7230628, 0
0.2495768, 0.5734583, 0.1923546, 0
0.5357252, 0.5620453, 0.4678713, 0
0.4569169, 0.5752692, 0.375417, 0
0.5131489, 0.5618787, 0.4976122, 0
0.3268597, 0.5719985, 0.1979025, 0
0.3862233, 0.5591486, 0.2586174, 0
0.4313618, 0.5797326, 0.3672734, 0
0.2944791, 0.5398023, 0.2046278, 0
0.3580639, 0.5616194, 0.3241664, 0
0.6290248, 0.5572522, 0.6366858, 0
0.661967, 0.5644572, 0.7025713, 0
0.4617584, 0.5702448, 0.4156682, 0
0.5226397, 0.5604774, 0.4515233, 0
0.5471042, 0.5604315, 0.4828565, 0
0.6150675, 0.5441698, 0.573069, 0
0.4818442, 0.5714861, 0.414865, 0
0.638782, 0.5571575, 0.6276218, 0
0.4048548, 0.5815823, 0.3784495, 0
0.6142906, 0.5460443, 0.5647885, 0
0.3837482, 0.5728424, 0.352106, 0
0.329264, 0.5447551, 0.243646, 0
0.2957157, 0.5671901, 0.1719505, 0
0.4541372, 0.5740002, 0.4651604, 0
0.5505574, 0.5563773, 0.5581326, 0
0.5023579, 0.566456, 0.510308, 0
0.6256673, 0.5421216, 0.5815747, 0
0.3916415, 0.5580667, 0.2546467, 0
0.4638092, 0.5725754, 0.3547212, 0
0.5782627, 0.5590746, 0.6736464, 0
0.4048942, 0.5747908, 0.3561448, 0
0.2584229, 0.5755109, 0.1868812, 0
0.7145432, 0.5430594, 0.7119234, 0
0.5966656, 0.5419725, 0.5808873, 0
0.4164035, 0.5700242, 0.3163714, 0
0.4833324, 0.5709939, 0.4663053, 0
0.4838528, 0.570587, 0.4604201, 0
0.4863569, 0.5619853, 0.529813, 0
0.3629214, 0.5640358, 0.328928, 0
0.4274216, 0.575666, 0.4073017, 0
0.3766938, 0.5633194, 0.2880644, 0
0.6488274, 0.5415242, 0.5821949, 0
0.4815307, 0.5716398, 0.4173102, 0
0.5665805, 0.5529585, 0.6327528, 0
0.2725947, 0.5428686, 0.245214, 0
0.3940817, 0.5673251, 0.29228, 0
0.5587431, 0.5603691, 0.532363, 0
0.6385909, 0.5500313, 0.6075694, 0
0.3422744, 0.5641694, 0.2978819, 0
0.4077477, 0.5721551, 0.3288623, 0
0.3812721, 0.5649727, 0.2914747, 0
0.5088999, 0.5669191, 0.5142778, 0
0.6575252, 0.5158473, 0.7356673, 0
0.4773007, 0.5708693, 0.4545167, 0
0.6641055, 0.5311276, 0.7409111, 0
0.4587927, 0.5734922, 0.4680305, 0
0.2962615, 0.5437881, 0.2164111, 0
0.6650652, 0.5255352, 0.7394297, 0
0.3410849, 0.564159, 0.295413, 0
0.5909075, 0.560638, 0.5500856, 0
0.504434, 0.5690793, 0.4267226, 0
0.2855461, 0.5446391, 0.2598253, 0
0.6249073, 0.5648856, 0.7241325, 0
0.4280316, 0.5684684, 0.3170917, 0
0.674648, 0.561093, 0.6573551, 0
0.3929754, 0.5661466, 0.2880781, 0
0.5897566, 0.5421212, 0.5787132, 0
0.4785957, 0.5707638, 0.4460481, 0
0.6810594, 0.5607918, 0.6595938, 0
0.4289674, 0.5772513, 0.3545418, 0
0.5789824, 0.5598639, 0.5497618, 0
0.5290482, 0.5597482, 0.5990851, 0
0.4193115, 0.575636, 0.3564599, 0
0.5135309, 0.5645986, 0.4360754, 0
0.6810657, 0.556443, 0.6495187, 0
0.2791261, 0.5143437, 0.1762972, 0
0.3870569, 0.5743454, 0.3534414, 0
0.2830988, 0.5467262, 0.2027326, 0
0.3771096, 0.5616407, 0.2710826, 0
0.3594268, 0.56059, 0.3382813, 0
0.2548408, 0.5472475, 0.2267259, 0
0.4318267, 0.5740063, 0.4093776, 0
0.5585635, 0.5564915, 0.4989707, 0
0.4186819, 0.5717377, 0.3380888, 0
0.3792211, 0.5635259, 0.2821031, 0
0.4019499, 0.5595244, 0.2601187, 0
0.3120185, 0.5452643, 0.2168833, 0
0.619073, 0.5566011, 0.6220192, 0
0.363578, 0.5614889, 0.298797, 0
0.2928693, 0.5588003, 0.1644533, 0
0.6499496, 0.5425279, 0.589309, 0
0.5486592, 0.5578724, 0.4914818, 0
0.3890854, 0.5730768, 0.3220098, 0
0.5245574, 0.5626493, 0.5064956, 0
0.459286, 0.5748, 0.3717144, 0
0.5867545, 0.5667356, 0.6484739, 0
0.5643511, 0.5606585, 0.6462072, 0
0.6174943, 0.5627099, 0.6524547, 0
0.5500644, 0.5571556, 0.4955505, 0
0.4050828, 0.5680047, 0.2947285, 0
0.4172894, 0.5671214, 0.2959196, 0
0.5645009, 0.5532398, 0.6344158, 0
0.4139357, 0.5784476, 0.3673516, 0
0.5688791, 0.5611538, 0.5320147, 0
0.6620696, 0.5646304, 0.6596757, 0
0.4217487, 0.5691538, 0.3167072, 0
0.2538584, 0.5483086, 0.1842077, 0
0.4868224, 0.5713699, 0.4050059, 0
0.4610324, 0.5719, 0.3956662, 0
0.4244963, 0.5780349, 0.3909946, 0
0.5021343, 0.5625801, 0.4595208, 0
0.2780103, 0.542088, 0.2267691, 0
0.3514145, 0.5518776, 0.2648121, 0
0.4835978, 0.5714876, 0.4120934, 0
0.6585332, 0.5424713, 0.6013401, 0
0.5034761, 0.5660181, 0.5083099, 0
0.3365736, 0.5489286, 0.2667702, 0
0.5065038, 0.5678405, 0.5298271, 0
0.6579957, 0.5665494, 0.6621093, 0
0.6260154, 0.5577008, 0.6416155, 0
0.5575009, 0.5577979, 0.5464442, 0
0.3207576, 0.5426754, 0.2485391, 0
0.4819545, 0.5640287, 0.5023841, 0
0.5137702, 0.5604453, 0.4683959, 0
0.2859368, 0.5460934, 0.188649, 0
0.6103084, 0.551645, 0.5515754, 0
0.2543558, 0.5572523, 0.1754386, 0
0.4349005, 0.5711932, 0.3331891, 0
0.5527628, 0.5548391, 0.5670528, 0
0.3476484, 0.5629296, 0.2989602, 0
0.6846496, 0.5588409, 0.6900484, 0
0.6458579, 0.5593591, 0.7199703, 0
0.2837758, 0.5685408, 0.1747085, 0
0.6735492, 0.5627403, 0.6977237, 0
0.3207622, 0.5584307, 0.2935292, 0
0.4677833, 0.5717549, 0.3948593, 0
0.3789377, 0.5570107, 0.2561713, 0
0.6461066, 0.5691331, 0.7005054, 0
0.5255131, 0.5559767, 0.5807118, 0
0.6940019, 0.5534616, 0.6416776, 0
0.3827008, 0.5554462, 0.250183, 0
0.4325932, 0.5755851, 0.3474994, 0
0.6518908, 0.5500318, 0.7400315, 0
0.4547645, 0.5747701, 0.3513234, 0
0.4584788, 0.5700479, 0.4272644, 0
0.5530515, 0.5595757, 0.5429779, 0
0.4195579, 0.5767988, 0.4145457, 0
0.4470023, 0.5731501, 0.4557316, 0
0.5799582, 0.5609409, 0.5457977, 0
0.6107877, 0.5657493, 0.684509, 0
0.2704616, 0.5548283, 0.1880169, 0
0.339111, 0.5547584, 0.2741589, 0
0.4709521, 0.5706762, 0.4173694, 0
0.3872972, 0.5715099, 0.3110306, 0
0.3535608, 0.5618474, 0.3213856, 0
0.5614206, 0.5597784, 0.525807, 0
0.3095366, 0.5485382, 0.2054785, 0
0.6212897, 0.5642182, 0.7153158, 0
0.5586554, 0.5675445, 0.4544613, 0
0.5829728, 0.5496647, 0.5717828, 0
0.6679305, 0.5610788, 0.7056304, 0
0.439046, 0.5768475, 0.3841225, 0
0.4256711, 0.5665843, 0.2982121, 0
0.4582348, 0.571605, 0.4552049, 0
0.5855241, 0.5549347, 0.6891201, 0
0.5587123, 0.5601653, 0.5306701, 0
0.2756726, 0.5472509, 0.151196, 0
0.3707052, 0.5676548, 0.3302993, 0
0.5496554, 0.554503, 0.6324524, 0
0.516693, 0.5629532, 0.4381182, 0
0.499253, 0.5706212, 0.4285652, 0
0.3437455, 0.5500472, 0.2197862, 0
0.5003527, 0.5621428, 0.4877719, 0
0.4314716, 0.5727182, 0.3401254, 0
0.5262485, 0.5582014, 0.5602957, 0
0.4498387, 0.5714608, 0.4037264, 0
0.6061442, 0.5593293, 0.6886333, 0
0.5467033, 0.5524627, 0.604652, 0
0.4838525, 0.5658352, 0.4797853, 0
0.566479, 0.5600834, 0.5247852, 0
0.484432, 0.571767, 0.4345213, 0
0.6512162, 0.5101911, 0.7335479, 0
0.2900883, 0.5498719, 0.1539053, 0
0.4529445, 0.5696869, 0.416352, 0
0.4976366, 0.5666711, 0.5195742, 0
0.6700454, 0.536486, 0.7371873, 0
0.2543439, 0.5451292, 0.2249597, 0
0.4397943, 0.5738423, 0.3390215, 0
0.3455079, 0.5491872, 0.2279304, 0
0.5314608, 0.5617838, 0.4628809, 0
0.605751, 0.5426655, 0.5777428, 0
0.4099686, 0.568696, 0.3018319, 0
0.4935635, 0.5724443, 0.4127284, 0
0.2957981, 0.544167, 0.1758651, 0
0.3753214, 0.5676894, 0.3531316, 0
0.4400608, 0.5718291, 0.3335656, 0
0.3983909, 0.563482, 0.2720738, 0
0.3801675, 0.567894, 0.3023769, 0
0.4654544, 0.572629, 0.4730215, 0
0.5393208, 0.5624918, 0.4698716, 0
0.3695722, 0.5663472, 0.31662, 0
0.6688002, 0.5497572, 0.7285833, 0
0.4163541, 0.5702254, 0.3200649, 0
0.571615, 0.5497228, 0.6171757, 0
0.5727934, 0.5526628, 0.6274403, 0
0.576434, 0.5427045, 0.5879105, 0
0.4089923, 0.5707669, 0.3145811, 0
0.5262879, 0.5612916, 0.5008946, 0
0.5382861, 0.5625715, 0.5211803, 0
0.4212508, 0.564871, 0.28889, 0
0.2729848, 0.539004, 0.1734452, 0
0.4319171, 0.5793945, 0.3628576, 0
0.5972409, 0.5417571, 0.5827171, 0
0.3444836, 0.561296, 0.283317, 0
0.3923148, 0.5731713, 0.3227979, 0
0.303342, 0.541296, 0.2499172, 0
0.4871555, 0.5689088, 0.4697492, 0
0.5034102, 0.5602545, 0.4700422, 0
0.6639482, 0.5097638, 0.7264022, 0
0.4498672, 0.5722008, 0.4013729, 0
0.4303195, 0.576288, 0.3982718, 0
0.6524503, 0.5557537, 0.7185123, 0
0.5111893, 0.571535, 0.3948414, 0
0.669783, 0.5527991, 0.6356043, 0
0.5157311, 0.5683804, 0.5400308, 0
0.4546136, 0.5693337, 0.4221306, 0
0.4672081, 0.5640329, 0.4989831, 0
0.3429806, 0.5631685, 0.3091935, 0
0.4485365, 0.5713729, 0.4050965, 0
0.4328309, 0.5703892, 0.4264717, 0
0.5374863, 0.5575011, 0.557283, 0
0.3339501, 0.5532818, 0.2134131, 0
0.4312152, 0.5713025, 0.3350313, 0
0.5594707, 0.5575845, 0.513221, 0
0.6782789, 0.5262197, 0.733043, 0
0.5805492, 0.5507753, 0.6175662, 0
0.3723019, 0.5621045, 0.2774806, 0
0.4884977, 0.5621517, 0.5302123, 0
0.4573629, 0.5753639, 0.4798468, 0
0.5198925, 0.5688954, 0.3991688, 0
0.5926792, 0.5518131, 0.5649224, 0
0.6440911, 0.5573404, 0.6311734, 0
0.6691623, 0.5623534, 0.6579252, 0
0.4298709, 0.571909, 0.337551, 0
0.5795996, 0.5484357, 0.6145207, 0
0.5359662, 0.559877, 0.5015181, 0
0.6061952, 0.5677278, 0.6587135, 0
0.568563, 0.5585463, 0.4905168, 0
0.6105148, 0.5590094, 0.6894582, 0
0.4751584, 0.5639209, 0.4975981, 0
0.5963913, 0.5643633, 0.6399598, 0
0.3533607, 0.5619314, 0.2989716, 0
0.5283147, 0.5609092, 0.4777551, 0
0.305028, 0.5518131, 0.2072113, 0
0.6558236, 0.545942, 0.7419941, 0
0.5647658, 0.5543758, 0.5626631, 0
0.6998629, 0.5499396, 0.7131554, 0
0.4546857, 0.5685747, 0.3266284, 0
0.5697694, 0.5572317, 0.4952032, 0
0.4727324, 0.5720607, 0.347496, 0
0.6358668, 0.5578129, 0.7341318, 0
0.3204353, 0.541345, 0.2523103, 0
0.370306, 0.5502048, 0.235089, 0
0.5368424, 0.5628954, 0.5263801, 0
0.505335, 0.5718093, 0.3944694, 0
0.3714429, 0.5559069, 0.2602718, 0
0.4145703, 0.5707612, 0.3239427, 0
0.5194902, 0.567683, 0.5431704, 0
0.527721, 0.5653121, 0.4218873, 0
0.5510913, 0.5603318, 0.5372987, 0
0.2863164, 0.5640181, 0.1966231, 0
0.4503488, 0.5693687, 0.4363035, 0
0.4638246, 0.5739779, 0.3787622, 0
0.6117786, 0.5415633, 0.5902864, 0
0.3588098, 0.5485232, 0.2333206, 0
0.3682228, 0.549349, 0.2391971, 0
0.4916249, 0.5709869, 0.3808686, 0
0.3241035, 0.5594809, 0.1844647, 0
0.711889, 0.5346075, 0.7207493, 0
0.4383453, 0.5706196, 0.3308072, 0
0.5550624, 0.5602199, 0.532922, 0
0.5067701, 0.5680447, 0.5382861, 0
0.4947048, 0.5708495, 0.3855555, 0
0.4225689, 0.5797048, 0.384192, 0
0.4232304, 0.5778558, 0.3933943, 0
0.6699882, 0.5184124, 0.7323058, 0
0.468266, 0.5717984, 0.4353876, 0
0.4744336, 0.5710601, 0.4451817, 0
0.5427877, 0.5561904, 0.5598407, 0
0.5704558, 0.546254, 0.5808473, 0
0.3606614, 0.553713, 0.2628445, 0
0.5214781, 0.5607299, 0.4777711, 0
0.3414578, 0.5485188, 0.263279, 0
0.4635527, 0.5714138, 0.4557922, 0
0.3940116, 0.579407, 0.3745291, 0
0.4647046, 0.5729961, 0.3854566, 0
0.4070091, 0.5777678, 0.3683581, 0
0.6888657, 0.5534071, 0.6421415, 0
0.4510803, 0.5710558, 0.4038367, 0
0.6589685, 0.5479124, 0.7379768, 0
0.52413, 0.5580423, 0.5834536, 0
0.3520321, 0.550936, 0.2188187, 0
0.6746939, 0.5565463, 0.7099549, 0
0.4306826, 0.5755974, 0.4035656, 0
0.59613, 0.5695574, 0.6650153, 0
0.3738158, 0.5504431, 0.2396184, 0
0.4465134, 0.5712215, 0.4469402, 0
0.6365328, 0.5635978, 0.7073985, 0
0.5186295, 0.5608223, 0.4443092, 0
0.644427, 0.5714887, 0.6838841, 0
0.6006355, 0.5567724, 0.5514525, 0
0.4386695, 0.571761, 0.3341926, 0
0.5519281, 0.5575888, 0.5065064, 0
0.6679927, 0.5437123, 0.7359101, 0
0.4509377, 0.5751065, 0.3486335, 0
0.539394, 0.5597369, 0.4898778, 0
0.5659991, 0.5619541, 0.6542643, 0
0.2682106, 0.5544675, 0.223499, 0
0.5371177, 0.5621955, 0.4692075, 0
0.2746293, 0.5498737, 0.2176448, 0
0.3684812, 0.5643468, 0.3105263, 0
0.6741406, 0.5616249, 0.6989574, 0
0.3777004, 0.5632538, 0.2847744, 0
0.5631089, 0.5538719, 0.5666902, 0
0.6483648, 0.5704727, 0.6702031, 0
0.4514732, 0.5756445, 0.3834098, 0
0.647809, 0.5536138, 0.7286869, 0
0.6608608, 0.5338982, 0.7429575, 0
0.5481795, 0.5604821, 0.5376035, 0
0.2781869, 0.5428795, 0.1853631, 0
0.3899665, 0.563171, 0.2737087, 0
0.3887467, 0.5747361, 0.3547033, 0
0.2895581, 0.5643447, 0.2072328, 0
0.6978983, 0.5514576, 0.7107392, 0
0.4050708, 0.5699878, 0.307791, 0
0.5088493, 0.5721086, 0.4021152, 0
0.3931286, 0.5610371, 0.2627821, 0
0.5692701, 0.5435537, 0.5909442, 0
0.5723751, 0.5671017, 0.4814333, 0
0.3847043, 0.56845, 0.3001526, 0
0.5547512, 0.551645, 0.6088095, 0
0.6695823, 0.5627564, 0.6592726, 0
0.5823052, 0.5465495, 0.6098014, 0
0.3920841, 0.5662255, 0.2885223, 0
0.6205727, 0.5500584, 0.6003448, 0
0.65937, 0.5177005, 0.737107, 0
0.3394637, 0.5496922, 0.2183848, 0
0.4782317, 0.5718922, 0.4329984, 0
0.4686176, 0.572253, 0.3646284, 0
0.6602907, 0.5588634, 0.6461896, 0
0.6196998, 0.5608945, 0.6943964, 0
0.7042596, 0.5459864, 0.7162791, 0
0.451325, 0.5760932, 0.3710127, 0
0.271243, 0.5421985, 0.2342179, 0
0.3837066, 0.5647352, 0.2878307, 0
0.4887459, 0.5690753, 0.4632963, 0
0.5561414, 0.5493206, 0.6020325, 0
0.2450414, 0.5468534, 0.1886072, 0
0.6826566, 0.5370151, 0.7314517, 0
0.6642907, 0.5538231, 0.6371299, 0
0.5071548, 0.5719826, 0.4061092, 0
0.4613039, 0.5731156, 0.3561033, 0
0.591675, 0.5631009, 0.518887, 0
0.6095011, 0.5666308, 0.6838149, 0
0.6733768, 0.505851, 0.7180105, 0
0.56755, 0.5511272, 0.6198081, 0
0.5030383, 0.5699168, 0.4238668, 0
0.4239898, 0.5776867, 0.3933707, 0
0.3814304, 0.5648547, 0.2905715, 0
0.3882488, 0.5740041, 0.3387029, 0
0.5770516, 0.544013, 0.5820375, 0
0.4008331, 0.5829998, 0.3957802, 0
0.5107285, 0.564218, 0.5052165, 0
0.6780902, 0.5450152, 0.7294468, 0
0.5189579, 0.5607455, 0.4775108, 0
0.4791162, 0.571119, 0.4115741, 0
0.4159602, 0.5752043, 0.3577276, 0
0.4024882, 0.5748079, 0.3522251, 0
0.4170982, 0.5802366, 0.3905257, 0
0.6440514, 0.5716038, 0.689312, 0
0.4610658, 0.572328, 0.3932053, 0
0.4175622, 0.5794381, 0.394399, 0
0.2580773, 0.5657076, 0.1848281, 0
0.2900646, 0.5455918, 0.1859011, 0
0.3443682, 0.5638835, 0.2978278, 0
0.6743253, 0.5644054, 0.6715772, 0
0.6173601, 0.5420313, 0.579686, 0
0.3909833, 0.5662673, 0.2892359, 0
0.3307354, 0.545921, 0.2388064, 0
0.2896092, 0.5466284, 0.2325142, 0
0.573554, 0.5645043, 0.6508397, 0
0.4763621, 0.5715501, 0.4217755, 0
0.4494624, 0.5755064, 0.3511734, 0
0.5051191, 0.5675734, 0.5255635, 0
0.5767204, 0.5636377, 0.6459221, 0
0.3373019, 0.5650558, 0.3030647, 0
0.3083036, 0.548791, 0.2093019, 0
0.5383251, 0.562408, 0.5416528, 0
0.5847378, 0.544333, 0.6022206, 0
0.2462815, 0.52489, 0.2033775, 0
0.5891263, 0.5654927, 0.680652, 0
0.4392918, 0.5713516, 0.3317359, 0
0.2821855, 0.5387706, 0.1844235, 0
0.5727767, 0.5689151, 0.4827838, 0
0.2778295, 0.5727857, 0.1879925, 0
0.3569224, 0.5551072, 0.196236, 0
0.4992331, 0.5672873, 0.4500981, 0
0.5068343, 0.5678667, 0.5301048, 0
0.4399321, 0.5716234, 0.3328897, 0
0.610849, 0.5477725, 0.5575728, 0
0.6159453, 0.5560829, 0.5363346, 0
0.451476, 0.5709034, 0.3309012, 0
0.264693, 0.5728607, 0.1968936, 0
0.6820205, 0.5472235, 0.7320864, 0
0.4274107, 0.5763896, 0.4006173, 0
0.4372316, 0.5690988, 0.3240242, 0
0.3329688, 0.5586477, 0.1880713, 0
0.7070292, 0.5208141, 0.7192057, 0
0.5360279, 0.5627254, 0.5451645, 0
0.3608803, 0.5627121, 0.3251387, 0
0.5710349, 0.5570167, 0.5527514, 0
0.5304046, 0.5617782, 0.4628445, 0
0.574528, 0.5616943, 0.5282169, 0
0.5634316, 0.5464328, 0.6003432, 0
0.4385293, 0.5755973, 0.3975266, 0
0.4014527, 0.5663617, 0.286686, 0
0.5707177, 0.5591574, 0.54601, 0
0.6263632, 0.5693935, 0.6640295, 0
0.6691093, 0.5661783, 0.6763599, 0
0.4329339, 0.5770863, 0.3878506, 0
0.6999087, 0.525431, 0.7234542, 0
0.2638653, 0.5418778, 0.2284058, 0
0.6515027, 0.5571292, 0.6383097, 0
0.6993443, 0.5516187, 0.6916995, 0
0.5872036, 0.5485023, 0.6116848, 0
0.4719177, 0.5726494, 0.3638636, 0
0.4036725, 0.5734012, 0.3437333, 0
0.30526, 0.5494643, 0.1637266, 0
0.5683035, 0.5503377, 0.617672, 0
0.5698547, 0.554545, 0.5634166, 0
0.349117, 0.5584958, 0.1892938, 0
0.6091497, 0.5618438, 0.6473325, 0
0.5727756, 0.5638745, 0.4831319, 0
0.5969347, 0.5464008, 0.604884, 0
0.5508278, 0.5570322, 0.4958358, 0
0.3881557, 0.555498, 0.2488616, 0
0.3968658, 0.5757817, 0.3613639, 0
0.5425144, 0.5595137, 0.5067665, 0
0.4102359, 0.5766695, 0.3643903, 0
0.5819421, 0.561677, 0.5425771, 0
0.4485109, 0.5750002, 0.389751, 0
0.3278429, 0.5430663, 0.2541203, 0
0.572009, 0.5568586, 0.5076824, 0
0.65349, 0.5500242, 0.6237696, 0
0.2759209, 0.5371093, 0.215053, 0
0.4820273, 0.5715157, 0.3812164, 0
0.5374898, 0.5627944, 0.5245271, 0
0.611303, 0.5581282, 0.701663, 0
0.6157845, 0.5462297, 0.5624095, 0
0.5138, 0.5603549, 0.4664185, 0
0.5457287, 0.551092, 0.5984059, 0
0.4046162, 0.5822423, 0.4055266, 0
0.5366821, 0.5622096, 0.5469052, 0
0.5075217, 0.565726, 0.5077597, 0
0.302022, 0.5368097, 0.1809214, 0
0.5945574, 0.5458102, 0.5700946, 0
0.4204299, 0.5776334, 0.4053609, 0
0.3517458, 0.546577, 0.2378927, 0
0.3529243, 0.5615422, 0.3096924, 0
0.3455898, 0.5602558, 0.2161957, 0
0.6763722, 0.517184, 0.7273679, 0
0.5580897, 0.5587342, 0.5439466, 0
0.5216449, 0.5624373, 0.5040758, 0
0.7024184, 0.551868, 0.6855154, 0
0.2670295, 0.5123536, 0.1779534, 0
0.5422517, 0.5578384, 0.555389, 0
0.4489135, 0.5720169, 0.3332726, 0
0.3861186, 0.5663288, 0.2924774, 0
0.5288668, 0.5653282, 0.4202242, 0
0.6591271, 0.5620084, 0.7096745, 0
0.7113553, 0.5364046, 0.7203507, 0
0.3973579, 0.5686069, 0.2968756, 0
0.339675, 0.5506223, 0.2675648, 0
0.5494364, 0.5624116, 0.4753381, 0
0.3641575, 0.5645072, 0.3261679, 0
0.5168708, 0.5679726, 0.5437281, 0
0.6332273, 0.5640776, 0.6570967, 0
0.3040854, 0.5434013, 0.235678, 0
0.3975933, 0.5739493, 0.3307114, 0
0.5935476, 0.5553271, 0.5597503, 0
0.4714705, 0.5644701, 0.5015693, 0
0.3360112, 0.5450029, 0.2568901, 0
0.4548649, 0.5659795, 0.319925, 0
0.3336367, 0.556018, 0.2778573, 0
0.6463918, 0.5466502, 0.6103954, 0
0.4101245, 0.5817535, 0.3785947, 0
0.2425339, 0.5675049, 0.1885576, 0
0.4496288, 0.5692172, 0.4186122, 0
0.5638273, 0.5599034, 0.4831229, 0
0.4753294, 0.5722119, 0.3513991, 0
0.3180964, 0.5520142, 0.2391428, 0
0.5568184, 0.5598979, 0.5284503, 0
0.2831886, 0.5525035, 0.2375314, 0
0.6030278, 0.5493695, 0.6047443, 0
0.2814693, 0.546427, 0.1826063, 0
0.5112475, 0.562964, 0.4435763, 0
0.6054376, 0.5615975, 0.6368401, 0
0.4306692, 0.5772626, 0.3535264, 0
0.3311115, 0.5536195, 0.2312644, 0
0.3968917, 0.5781204, 0.3702045, 0
0.6014169, 0.5597463, 0.5443153, 0
0.6560876, 0.5436934, 0.6110259, 0
0.3936679, 0.5603183, 0.2603195, 0
0.3149082, 0.5585116, 0.1938305, 0
0.3912592, 0.5645383, 0.2823395, 0
0.4799142, 0.5712715, 0.4687583, 0
0.4997137, 0.5697745, 0.4357711, 0
0.4428631, 0.5696061, 0.4145173, 0
0.4557534, 0.5696297, 0.4208787, 0
0.6744184, 0.5602484, 0.6553338, 0
0.6303524, 0.5607409, 0.6498338, 0
0.3336463, 0.5497817, 0.2030359, 0
0.4801197, 0.5716977, 0.434841, 0
0.6552283, 0.5031865, 0.7332671, 0
0.3854884, 0.5768348, 0.3709936, 0
0.4179776, 0.5699435, 0.3185368, 0
0.6250637, 0.5673246, 0.6827319, 0
0.3529114, 0.5623062, 0.295855, 0
0.381485, 0.5599318, 0.2623175, 0
0.496877, 0.5724807, 0.4161012, 0
0.3834432, 0.5725012, 0.3339202, 0
0.3189887, 0.5526333, 0.2853977, 0
0.2563616, 0.55287, 0.2049134, 0
0.5128482, 0.5616553, 0.4960097, 0
0.5175591, 0.5596489, 0.5627133, 0
0.520039, 0.5611663, 0.4669457, 0
0.3524414, 0.547922, 0.2311923, 0
0.6118432, 0.5597956, 0.6413615, 0
0.6482442, 0.5645058, 0.7097918, 0
0.6349887, 0.5521942, 0.5558653, 0
0.3587722, 0.5553229, 0.2666993, 0
0.4585779, 0.5744381, 0.3672773, 0
0.6118308, 0.5473417, 0.5982274, 0
0.4136428, 0.5783901, 0.3675574, 0
0.3776715, 0.5570571, 0.2572562, 0
0.6836476, 0.5074145, 0.7190669, 0
0.493059, 0.5716295, 0.3999279, 0
0.6981144, 0.5499986, 0.7146251, 0
0.6614273, 0.5185007, 0.7368773, 0
0.4321292, 0.5730278, 0.4116613, 0
0.5094459, 0.5677189, 0.5242088, 0
0.6874709, 0.5606825, 0.6730018, 0
0.6225443, 0.5576484, 0.6406237, 0
0.4157647, 0.5748391, 0.3558664, 0
0.5225452, 0.5568179, 0.5737802, 0
0.5417046, 0.5520746, 0.5894205, 0
0.5883875, 0.5544083, 0.564135, 0
0.4443261, 0.5769514, 0.3636077, 0
0.3529044, 0.5629266, 0.2906596, 0
0.6211711, 0.558969, 0.6446127, 0
0.4434002, 0.5731909, 0.4553042, 0
0.5457672, 0.5620551, 0.4777378, 0
0.5563761, 0.5584779, 0.5166216, 0
0.263666, 0.53348, 0.1764788, 0
0.4772118, 0.5725729, 0.3610529, 0
0.4653973, 0.5715944, 0.4373935, 0
0.4572198, 0.5751865, 0.478862, 0
0.5138382, 0.5660743, 0.5690718, 0
0.3836795, 0.5531353, 0.2396641, 0
0.6062449, 0.5693589, 0.6639103, 0
0.3823304, 0.5718585, 0.3210351, 0
0.3632577, 0.564123, 0.3264819, 0
0.6244375, 0.5558808, 0.6257, 0
0.3785565, 0.5697324, 0.313489, 0
0.5417249, 0.562586, 0.4628219, 0
0.5987092, 0.5689387, 0.6591682, 0
0.6933459, 0.554448, 0.6866428, 0
0.4615088, 0.5732139, 0.4686633, 0
0.5579883, 0.5477172, 0.5982145, 0
0.5696374, 0.5532278, 0.5698801, 0
0.5864651, 0.5530019, 0.6164557, 0
0.4622371, 0.5712879, 0.4529338, 0
0.5114998, 0.5639549, 0.4399799, 0
0.6395923, 0.5429435, 0.5869622, 0
0.4752825, 0.5725533, 0.3618018, 0
0.5002682, 0.5609639, 0.478621, 0
0.4970029, 0.5624387, 0.4888342, 0
0.6483657, 0.5698135, 0.6661884, 0
0.5773745, 0.5469469, 0.611357, 0
0.3478749, 0.5458736, 0.2412285, 0
0.3826253, 0.5757419, 0.3665481, 0
0.6503746, 0.5413637, 0.581414, 0
0.410815, 0.5763716, 0.3635131, 0
0.4440482, 0.5734371, 0.4559798, 0
0.3969665, 0.5631824, 0.2696586, 0
0.3725342, 0.5684734, 0.3204699, 0
0.6435429, 0.5714539, 0.683723, 0
0.6299601, 0.5527347, 0.609059, 0
0.7016672, 0.5485783, 0.7144117, 0
0.4636084, 0.5704363, 0.4140326, 0
0.3489865, 0.5506619, 0.263935, 0
0.3107698, 0.5391039, 0.2568727, 0
0.5775132, 0.5515882, 0.5721964, 0
0.6239606, 0.5560089, 0.6258554, 0
0.5274441, 0.5615563, 0.4682842, 0
0.4317463, 0.5795584, 0.3706859, 0
0.5622384, 0.5454856, 0.5873414, 0
0.5813007, 0.5596108, 0.5095233, 0
0.4180116, 0.5742075, 0.3505654, 0
0.2861824, 0.550512, 0.2304298, 0
0.5188043, 0.5671006, 0.5259727, 0
0.3858202, 0.5715606, 0.3128151, 0
0.490478, 0.5696481, 0.4522418, 0
0.5366126, 0.5612897, 0.4440433, 0
0.6835935, 0.5243747, 0.7296076, 0
0.544249, 0.5596796, 0.5498629, 0
0.5534929, 0.5594965, 0.4842348, 0
0.3891229, 0.5660736, 0.2896698, 0
0.3306136, 0.5675513, 0.195866, 0
0.6147166, 0.5699353, 0.6652041, 0
0.2899212, 0.5375026, 0.2670583, 0
0.5716836, 0.5566319, 0.5001267, 0
0.4257111, 0.5792423, 0.3637739, 0
0.5805984, 0.5439752, 0.5993921, 0
0.3441354, 0.5485621, 0.2302061, 0
0.4116559, 0.5818874, 0.382746, 0
0.5288696, 0.5555037, 0.5671519, 0
0.5324337, 0.5606989, 0.4807278, 0
0.5391082, 0.5617612, 0.447533, 0
0.4121953, 0.5787199, 0.3692136, 0
0.3000479, 0.5392878, 0.2784401, 0
0.5733448, 0.5597336, 0.546212, 0
0.5104828, 0.5719302, 0.3989282, 0
0.5948674, 0.5588986, 0.6198935, 0
0.6771466, 0.554741, 0.6443561, 0
0.4704841, 0.5720171, 0.3412731, 0
0.6694522, 0.5390612, 0.6080479, 0
0.4164096, 0.568161, 0.3015053, 0
0.2583645, 0.5453067, 0.1733644, 0
0.3957335, 0.5737798, 0.3274279, 0
0.3754676, 0.567906, 0.3408065, 0
0.631811, 0.5625438, 0.7286901, 0
0.5939062, 0.552848, 0.5629871, 0
0.4021118, 0.574591, 0.3506731, 0
0.5763512, 0.565862, 0.6556759, 0
0.2436956, 0.563988, 0.1977222, 0
0.4570667, 0.569497, 0.3292092, 0
0.6872939, 0.5248029, 0.7275634, 0
0.5382397, 0.5534875, 0.6035363, 0
0.4357781, 0.5743789, 0.4044425, 0
0.5927446, 0.5628802, 0.5078267, 0
0.5966485, 0.5606524, 0.6240869, 0
0.268064, 0.542677, 0.2239786, 0
0.5634881, 0.5666009, 0.4669796, 0
0.4651201, 0.5716363, 0.4393812, 0
0.3955197, 0.5709461, 0.3087288, 0
0.384637, 0.5718744, 0.3172717, 0
0.3594659, 0.547689, 0.2381489, 0
0.4051652, 0.5733036, 0.3444974, 0
0.4946164, 0.5665126, 0.4610766, 0
0.674742, 0.547765, 0.6245455, 0
0.4010285, 0.5703499, 0.3075843, 0
0.4102111, 0.5801915, 0.3730759, 0
0.5876748, 0.5538892, 0.5652649, 0
0.346103, 0.5625916, 0.3056491, 0
0.4077712, 0.5667716, 0.2883686, 0
0.6478235, 0.5714024, 0.6857016, 0
0.6812769, 0.5263481, 0.7317355, 0
0.5030466, 0.5674605, 0.5177947, 0
0.4712017, 0.5721579, 0.468916, 0
0.5607564, 0.5599812, 0.5395352, 0
0.6413392, 0.5421063, 0.5822875, 0
0.2652293, 0.5787685, 0.1883176, 0
0.321862, 0.5493903, 0.2775289, 0
0.5067227, 0.5673802, 0.5181356, 0
0.4373167, 0.5768516, 0.3855252, 0
0.5414028, 0.5519457, 0.5960253, 0
0.5832508, 0.5429568, 0.580152, 0
0.4598775, 0.5698632, 0.4231957, 0
0.5677894, 0.5527831, 0.631299, 0
0.5979296, 0.563299, 0.6351822, 0
0.4931639, 0.5635765, 0.5279806, 0
0.4429483, 0.5756661, 0.3913236, 0
0.6822978, 0.5555419, 0.7041808, 0
0.4144293, 0.5677128, 0.2979883, 0
0.5571565, 0.5533134, 0.6244235, 0
0.4636754, 0.5712468, 0.4313729, 0
0.3884579, 0.5754305, 0.359046, 0
0.5272878, 0.5603893, 0.4878273, 0
0.4236105, 0.5766324, 0.35612, 0
0.5571861, 0.5548341, 0.6450065, 0
0.5589439, 0.5512295, 0.6125799, 0
0.6680712, 0.5546205, 0.6402274, 0
0.6537629, 0.5680227, 0.6631175, 0
0.501061, 0.5709059, 0.3847373, 0
0.5857448, 0.5440189, 0.6010055, 0
0.2797719, 0.5359342, 0.168983, 0
0.6179755, 0.5568656, 0.6220591, 0
0.6786087, 0.5609509, 0.6948355, 0
0.4600708, 0.5717253, 0.4462244, 0
0.2837682, 0.5474055, 0.1896449, 0
0.5228471, 0.5658665, 0.4133865, 0
0.4199556, 0.5812305, 0.3791376, 0
0.6094184, 0.5486617, 0.6007532, 0
0.4756613, 0.5711052, 0.4071033, 0
0.3645266, 0.5530396, 0.2159766, 0
0.393523, 0.5739365, 0.3302516, 0
0.4649171, 0.5710596, 0.4019524, 0
0.3768503, 0.5537363, 0.2203763, 0
0.5141208, 0.5675679, 0.5253329, 0
0.5179994, 0.5616626, 0.4405362, 0
0.6479893, 0.547122, 0.6132864, 0
0.3635867, 0.5629373, 0.3144489, 0
0.5588926, 0.5604512, 0.5346316, 0
0.6593107, 0.568255, 0.6878318, 0
0.5373467, 0.5530714, 0.5948763, 0
0.5852112, 0.5521073, 0.616301, 0
0.2976442, 0.547197, 0.1963747, 0
0.6786317, 0.5577929, 0.6519856, 0
0.5970333, 0.5630557, 0.6328639, 0
0.3978327, 0.5697255, 0.301775, 0
0.3807137, 0.5624614, 0.2725857, 0
0.4706796, 0.5721288, 0.4652612, 0
0.4452459, 0.5679114, 0.4329575, 0
0.4536197, 0.5721457, 0.3984137, 0
0.4028015, 0.5686388, 0.2989083, 0
0.3607577, 0.5479408, 0.2445068, 0
0.4866171, 0.5721275, 0.4273398, 0
0.5078094, 0.5599806, 0.4620885, 0
0.5567716, 0.5603282, 0.5347117, 0
0.4849723, 0.5712923, 0.3873404, 0
0.3497592, 0.5533475, 0.1994313, 0
0.3707219, 0.5624239, 0.2952936, 0
0.4096614, 0.5739349, 0.3512495, 0
0.2960102, 0.5431595, 0.1866289, 0
0.6616984, 0.5492511, 0.6275593, 0
0.6585965, 0.5687496, 0.6845285, 0
0.2976784, 0.5426403, 0.1679966, 0
0.4846437, 0.5718449, 0.4169107, 0
0.3729377, 0.5655538, 0.3485953, 0
0.3888527, 0.5740794, 0.3364077, 0
0.5199351, 0.5613065, 0.497873, 0
0.3270845, 0.5605212, 0.2922394, 0
0.4687186, 0.5723217, 0.4704095, 0
0.5208586, 0.56054, 0.4841957, 0
0.403939, 0.56076, 0.2643824, 0
0.3629599, 0.5558363, 0.2657759, 0
0.3964507, 0.5717092, 0.3119917, 0
0.2775144, 0.5678422, 0.17173, 0
0.5044734, 0.5652569, 0.4477409, 0
0.3413009, 0.5503877, 0.2133463, 0
0.6723831, 0.5587304, 0.6512476, 0
0.4915893, 0.5723674, 0.421813, 0
0.2804002, 0.5433766, 0.2354562, 0
0.5334647, 0.558678, 0.556676, 0
0.3373702, 0.5522472, 0.2715051, 0
0.662294, 0.5680508, 0.6852494, 0
0.6711922, 0.5380243, 0.7362967, 0
0.5762659, 0.565654, 0.6542878, 0
0.3667498, 0.5529949, 0.2169131, 0
0.5014228, 0.5716889, 0.3716997, 0
0.5953864, 0.542397, 0.5777575, 0
0.4911613, 0.5707697, 0.3744769, 0
0.6482447, 0.5531079, 0.7311255, 0
0.5074911, 0.5629937, 0.4977393, 0
0.5816529, 0.549023, 0.614538, 0
0.5613471, 0.55531, 0.5562236, 0
0.4149425, 0.5800394, 0.3959647, 0
0.6003277, 0.5476955, 0.5641291, 0
0.2635139, 0.5388377, 0.1684056, 0
0.5319953, 0.561219, 0.4762211, 0
0.5486948, 0.55655, 0.5573788, 0
0.5587923, 0.5466507, 0.5923883, 0
0.2449733, 0.5579233, 0.2094164, 0
0.5334752, 0.5601715, 0.4887058, 0
0.4153648, 0.5623716, 0.2741119, 0
0.5210924, 0.5607948, 0.557825, 0
0.4334744, 0.5697036, 0.4292829, 0
0.6524187, 0.5465337, 0.6162397, 0
0.6969875, 0.5569609, 0.6534062, 0
0.4724464, 0.5719759, 0.4639937, 0
0.5354264, 0.554126, 0.5780358, 0
0.5443716, 0.5531809, 0.5802875, 0
0.3080853, 0.5543532, 0.1803889, 0
0.6046859, 0.5673447, 0.6571233, 0
0.4924982, 0.5621983, 0.4836524, 0
0.4780095, 0.5716998, 0.4357715, 0
0.6771793, 0.5638373, 0.6733096, 0
0.3354481, 0.5639048, 0.2942381, 0
0.5435305, 0.55875, 0.6296485, 0
0.6455806, 0.571586, 0.6906466, 0
0.4849125, 0.5714208, 0.3851177, 0
0.3707579, 0.5622857, 0.2934404, 0
0.4785039, 0.5710703, 0.4121177, 0
0.4906479, 0.572387, 0.4185165, 0
0.5772188, 0.5512608, 0.5727425, 0
0.5914814, 0.5590638, 0.5542144, 0
0.4637671, 0.5714831, 0.457459, 0
0.534381, 0.5612704, 0.4501494, 0
0.6718705, 0.5482985, 0.6257763, 0
0.3814852, 0.5714804, 0.3411693, 0
0.5383682, 0.5538255, 0.5788805, 0
0.2652656, 0.5413806, 0.1793651, 0
0.5082752, 0.5718102, 0.395181, 0
0.448582, 0.57577, 0.3545491, 0
0.4958632, 0.5613535, 0.4791136, 0
0.4666488, 0.5715188, 0.334709, 0
0.2649252, 0.5374229, 0.1715986, 0
0.4504974, 0.569665, 0.4100904, 0
0.6628028, 0.5202348, 0.7378923, 0
0.3186262, 0.5462036, 0.2197125, 0
0.2738714, 0.5439234, 0.1507709, 0
0.674858, 0.5487702, 0.6258913, 0
0.6462253, 0.5700827, 0.6975525, 0
0.4001057, 0.5638546, 0.2756214, 0
0.5128453, 0.5629957, 0.5561666, 0
0.3792068, 0.5707002, 0.3300581, 0
0.5515668, 0.5539461, 0.6452613, 0
0.5087706, 0.5679488, 0.5308194, 0
0.4958219, 0.5649866, 0.5266564, 0
0.3581608, 0.5472123, 0.2449425, 0
0.6562175, 0.5510045, 0.7335787, 0
0.6009271, 0.5630428, 0.6380857, 0
0.5444426, 0.5579857, 0.6246138, 0
0.2776621, 0.5363203, 0.196039, 0
0.3506961, 0.553854, 0.1973332, 0
0.5801801, 0.5609562, 0.5458526, 0
0.52783, 0.5645953, 0.521443, 0
0.3968318, 0.5741473, 0.3468632, 0
0.5024522, 0.5684838, 0.4381822, 0
0.5785981, 0.5457926, 0.5785431, 0
0.2916408, 0.5390645, 0.2616044, 0
0.3229458, 0.5550237, 0.2338377, 0
0.3861248, 0.5764154, 0.3663085, 0
0.575345, 0.5652868, 0.6530694, 0
0.4389087, 0.5725993, 0.4069842, 0
0.6990233, 0.551745, 0.6983501, 0
0.6066339, 0.5581743, 0.5397874, 0
0.4818907, 0.5673926, 0.4791925, 0
0.624918, 0.5589929, 0.6449795, 0
0.6361013, 0.5429451, 0.5698989, 0
0.5174069, 0.5607598, 0.4760582, 0
0.4144314, 0.5682928, 0.3010876, 0
0.4174136, 0.5695843, 0.313557, 0
0.4395228, 0.5679826, 0.4321675, 0
0.5382481, 0.5560028, 0.5606388, 0
0.6417827, 0.5547775, 0.7335243, 0
0.2902109, 0.5284584, 0.158715, 0
0.6560981, 0.5427841, 0.5995749, 0
0.412942, 0.5669904, 0.2911086, 0
0.6215878, 0.570671, 0.6703546, 0
0.5744448, 0.5567542, 0.6650159, 0
0.5662221, 0.5561469, 0.6398646, 0
0.3760732, 0.5549554, 0.2529703, 0
0.5828529, 0.5623227, 0.5198258, 0
0.3179087, 0.5444943, 0.1980036, 0
0.4225331, 0.5756091, 0.4169437, 0
0.6511534, 0.5432963, 0.6022494, 0
0.5130325, 0.5602013, 0.4569404, 0
0.4560614, 0.5728455, 0.4620283, 0
0.5578942, 0.5617138, 0.4747078, 0
0.3089044, 0.5271084, 0.165122, 0
0.5222012, 0.5611382, 0.4981095, 0
0.5382732, 0.5580005, 0.6145487, 0
0.6554905, 0.5680173, 0.6649188, 0
0.5406792, 0.5542137, 0.572117, 0
0.5285045, 0.558302, 0.5591721, 0
0.6448674, 0.5581339, 0.6344918, 0
0.3688408, 0.5632027, 0.3053339, 0
0.4004153, 0.5735843, 0.3312764, 0
0.6635789, 0.553843, 0.7170051, 0
0.5777545, 0.5527988, 0.570162, 0
0.5789128, 0.5604905, 0.5474589, 0
0.6533031, 0.5239358, 0.745066, 0
0.4120254, 0.5750209, 0.3583862, 0
0.2670451, 0.5474112, 0.1623287, 0
0.4434981, 0.5717551, 0.4509933, 0
0.6380461, 0.5675305, 0.6620939, 0
0.2749825, 0.5392195, 0.1886055, 0
0.4024859, 0.5773216, 0.367605, 0
0.458306, 0.5727625, 0.3927343, 0
0.4598096, 0.5717227, 0.446068, 0
0.4114318, 0.5739918, 0.3520678, 0
0.2662443, 0.5460065, 0.2277711, 0
0.4918572, 0.5639006, 0.473451, 0
0.5677999, 0.5489095, 0.6134628, 0
0.2544083, 0.5501792, 0.2106801, 0
0.5867659, 0.5647901, 0.4948832, 0
0.4801419, 0.5719287, 0.4232042, 0
0.4628081, 0.5721127, 0.3381849, 0
0.5558441, 0.5591289, 0.5232564, 0
0.6903393, 0.5553646, 0.6476197, 0
0.6749219, 0.5617691, 0.6594288, 0
0.3450521, 0.5506908, 0.2262579, 0
0.6750778, 0.5381445, 0.7345019, 0
0.6273561, 0.5426839, 0.571113, 0
0.5631766, 0.5516416, 0.6188259, 0
0.487192, 0.5625365, 0.5172981, 0
0.3927759, 0.5732335, 0.3225696, 0
0.4963049, 0.5708377, 0.3803766, 0
0.6129532, 0.5593072, 0.7125811, 0
0.5742677, 0.5650475, 0.4842534, 0
0.6440564, 0.5713521, 0.6815652, 0
0.4581679, 0.5721276, 0.3368984, 0
0.3311685, 0.5653657, 0.3035707, 0
0.6112196, 0.5573184, 0.6949333, 0
0.3593946, 0.5618979, 0.2892592, 0
0.663406, 0.5666686, 0.6713201, 0
0.5757282, 0.5441799, 0.5997013, 0
0.3138379, 0.5545458, 0.1713409, 0
0.4755501, 0.5704378, 0.4778845, 0
0.5387652, 0.5613995, 0.5121505, 0
0.6705106, 0.5538881, 0.6390086, 0
0.6798517, 0.5055799, 0.7150737, 0
0.5633656, 0.5451198, 0.5901834, 0
0.5747259, 0.5642651, 0.665278, 0
0.4035709, 0.5718575, 0.3177788, 0
0.4459161, 0.5750231, 0.3432791, 0
0.4542609, 0.5703295, 0.4089205, 0
0.5146788, 0.5606366, 0.4771881, 0
0.6384867, 0.5645111, 0.7058361, 0
0.3739741, 0.561442, 0.2724202, 0
0.6034486, 0.5572212, 0.6141634, 0
0.4118024, 0.580393, 0.4162554, 0
0.6756433, 0.5624105, 0.6960443, 0
0.2844142, 0.5572885, 0.1582886, 0
0.5208895, 0.5608625, 0.4406775, 0
0.4753776, 0.5721096, 0.346815, 0
0.3847986, 0.5653558, 0.2894599, 0
0.4089753, 0.5723264, 0.340104, 0
0.3834015, 0.5682479, 0.3000908, 0
0.2579594, 0.5358937, 0.1728559, 0
0.4786259, 0.5636885, 0.497946, 0
0.3907333, 0.579177, 0.3758053, 0
0.5709372, 0.56401, 0.65666, 0
0.4807236, 0.5671436, 0.4803145, 0
0.3814016, 0.5623241, 0.2713161, 0
0.2486988, 0.5633773, 0.2114418, 0
0.3558851, 0.5487711, 0.2548542, 0
0.5977734, 0.5623404, 0.5155231, 0
0.5845634, 0.5626157, 0.5380845, 0
0.3812509, 0.5660905, 0.2956551, 0
0.382977, 0.5679251, 0.299255, 0
0.6357518, 0.5551925, 0.6205595, 0
0.528914, 0.56041, 0.4865868, 0
0.6485047, 0.559953, 0.6448075, 0
0.583661, 0.5581148, 0.6848469, 0
0.4940485, 0.5620676, 0.4853075, 0
0.6564444, 0.5620443, 0.6510098, 0
0.4448057, 0.5722118, 0.3331345, 0
0.2556481, 0.5606414, 0.1855636, 0
0.6958208, 0.558449, 0.6556379, 0
0.4766036, 0.5713302, 0.4393927, 0
0.657357, 0.5594258, 0.646037, 0
0.3377433, 0.5537114, 0.2732761, 0
0.3994963, 0.5749997, 0.3529176, 0
0.4139524, 0.5794025, 0.3696886, 0
0.4534205, 0.573409, 0.3399669, 0
0.6214213, 0.5703728, 0.6665796, 0
0.5709869, 0.5484078, 0.613886, 0
0.5541605, 0.5544983, 0.5686173, 0
0.3083481, 0.5506034, 0.2290292, 0
0.6199792, 0.5486518, 0.5976455, 0
0.6342361, 0.5589905, 0.6427815, 0
0.3043139, 0.5754628, 0.1908152, 0
0.2693536, 0.5236409, 0.1646484, 0
0.5827343, 0.5525394, 0.5688356, 0
0.3904299, 0.569755, 0.3031426, 0
0.4647689, 0.5734962, 0.3821208, 0
0.3756734, 0.560365, 0.2682878, 0
0.6546643, 0.5150326, 0.736109, 0
0.6387631, 0.5644467, 0.6582877, 0
0.4136377, 0.5680805, 0.2999198, 0
0.5500684, 0.5571485, 0.5022752, 0
0.5555271, 0.5588734, 0.5437871, 0
0.4297365, 0.5776526, 0.3845617, 0
0.4387504, 0.5665878, 0.2999836, 0
0.584276, 0.5559806, 0.6217623, 0
0.4448268, 0.5718883, 0.4507179, 0
0.4725957, 0.572861, 0.3683053, 0
0.4575151, 0.5714001, 0.4010983, 0
0.5451416, 0.5517883, 0.5864904, 0
0.5592063, 0.5590216, 0.4863637, 0
0.4491627, 0.5663784, 0.3151844, 0
0.330817, 0.5504027, 0.1913638, 0
0.2993377, 0.5686968, 0.2074123, 0
0.3188387, 0.5426927, 0.2677876, 0
0.5892991, 0.5458292, 0.6072577, 0
0.4438466, 0.5752099, 0.4602221, 0
0.6281796, 0.5563458, 0.6315835, 0
0.3401805, 0.559481, 0.2807055, 0
0.3802849, 0.5617407, 0.2695792, 0
0.3035088, 0.5414496, 0.2803278, 0
0.6008585, 0.5503722, 0.5596088, 0
0.332659, 0.5559745, 0.278508, 0
0.5632985, 0.5451208, 0.5900316, 0
0.6302324, 0.5606307, 0.6495142, 0
0.5473606, 0.5510589, 0.5864249, 0
0.5924793, 0.5459872, 0.5704901, 0
0.6642618, 0.5541922, 0.6379639, 0
0.5723237, 0.5550249, 0.5630886, 0
0.2647218, 0.5594575, 0.2296516, 0
0.6134306, 0.5604323, 0.6458106, 0
0.6335141, 0.5675254, 0.689113, 0
0.5369154, 0.5547507, 0.5675683, 0
0.5591506, 0.5564472, 0.4987946, 0
0.6049092, 0.5598882, 0.6238649, 0
0.4956943, 0.5617565, 0.483902, 0
0.4087809, 0.5730843, 0.3439032, 0
0.671409, 0.5608203, 0.7028232, 0
0.5831499, 0.5608214, 0.6351737, 0
0.3882534, 0.5742029, 0.351576, 0
0.535299, 0.5545607, 0.570875, 0
0.4545086, 0.5740324, 0.3898593, 0
0.7010229, 0.5492894, 0.7136799, 0
0.525794, 0.5614253, 0.4684097, 0
0.5432211, 0.5578026, 0.5002165, 0
0.6857347, 0.5543991, 0.7068809, 0
0.3054349, 0.5521619, 0.1732463, 0
0.5930805, 0.5544484, 0.5613914, 0
0.3089173, 0.5381826, 0.2626654, 0
0.3046872, 0.5394174, 0.2747497, 0
0.386689, 0.573786, 0.3365341, 0
0.2571551, 0.5749035, 0.1952441, 0
0.2787088, 0.545502, 0.1837728, 0
0.6256246, 0.5555113, 0.6223564, 0
0.5092546, 0.5615782, 0.4527007, 0
0.3492408, 0.5473146, 0.2563717, 0
0.5735691, 0.5646824, 0.6608778, 0
0.5643607, 0.5607669, 0.5311515, 0
0.4299446, 0.5797318, 0.3722206, 0
0.5601327, 0.5497029, 0.6081138, 0
0.4958194, 0.5670581, 0.4552286, 0
0.2755437, 0.5521621, 0.1756697, 0
0.6314847, 0.5633885, 0.7068142, 0
0.5144728, 0.5701008, 0.4054484, 0
0.2888326, 0.5482354, 0.2489088, 0
0.4941806, 0.5701759, 0.4418985, 0
0.505747, 0.5641339, 0.5016405, 0
0.3174548, 0.5451885, 0.2075966, 0
0.5857134, 0.562152, 0.6347576, 0
0.5718452, 0.5449769, 0.6015669, 0
0.5886951, 0.5604824, 0.5507027, 0
0.5415724, 0.5615985, 0.4363053, 0
0.4504056, 0.5739843, 0.3931328, 0
0.5421596, 0.5627873, 0.4629796, 0
0.5932885, 0.5621899, 0.5427386, 0
0.4877806, 0.5612016, 0.5271405, 0
0.4381912, 0.5765931, 0.3872086, 0
0.5374548, 0.5560846, 0.6095051, 0
0.4069194, 0.5728003, 0.3426182, 0
0.6055529, 0.5613692, 0.634632, 0
0.6792215, 0.5427658, 0.7305239, 0
0.2525919, 0.5428693, 0.211818, 0
0.3305426, 0.5477209, 0.268485, 0
0.52215, 0.5607321, 0.4815806, 0
0.5288022, 0.5637403, 0.5169691, 0
0.4730004, 0.5717475, 0.3978959, 0
0.658291, 0.5560424, 0.6401151, 0
0.4848295, 0.5719723, 0.4184904, 0
0.3852631, 0.5661834, 0.2923522, 0
0.4681314, 0.5714393, 0.3340075, 0
0.520602, 0.5609512, 0.5577632, 0
0.6746958, 0.5514665, 0.7193525, 0
0.6569069, 0.5693557, 0.6787627, 0
0.4937922, 0.5662106, 0.5142763, 0
0.2985438, 0.5315151, 0.1860275, 0
0.3649594, 0.5614194, 0.293891, 0
0.3599105, 0.5613269, 0.2976567, 0
0.3990387, 0.559989, 0.2596269, 0
0.5667329, 0.5562493, 0.5025474, 0
0.5501464, 0.5547534, 0.6170199, 0
0.3613881, 0.5561855, 0.1984357, 0
0.5284973, 0.5550577, 0.5761388, 0
0.6524441, 0.5499137, 0.7396879, 0
0.668372, 0.5453884, 0.6219919, 0
0.3856606, 0.5664424, 0.2931679, 0
0.2704586, 0.5397361, 0.2254211, 0
0.5836316, 0.5624884, 0.4953166, 0
0.276093, 0.5573953, 0.1867953, 0
0.3983777, 0.5738757, 0.3394551, 0
0.6561081, 0.5370179, 0.7457959, 0
0.6059169, 0.5477363, 0.5598283, 0
0.4344762, 0.5740595, 0.3421364, 0
0.5398895, 0.5610474, 0.5487913, 0
0.3365605, 0.548959, 0.222775, 0
0.4280777, 0.5732164, 0.4171399, 0
0.3791789, 0.5527174, 0.2442935, 0
0.6169819, 0.5522544, 0.6046498, 0
0.3584873, 0.5511802, 0.2196776, 0
0.5303379, 0.5546771, 0.5797597, 0
0.5604353, 0.5539472, 0.5682586, 0
0.6664261, 0.5673981, 0.6841099, 0
0.3732439, 0.566998, 0.3115216, 0
0.5105927, 0.563746, 0.4419194, 0
0.4084268, 0.5719113, 0.3245385, 0
0.3308462, 0.5458848, 0.239066, 0
0.4841447, 0.5706465, 0.4532842, 0
0.4758276, 0.5710859, 0.4112529, 0
0.4650851, 0.572832, 0.3860984, 0
0.6622933, 0.5582055, 0.6455913, 0
0.3551477, 0.5621172, 0.2936544, 0
0.4503821, 0.5719322, 0.3334963, 0
0.3361015, 0.5508391, 0.2048047, 0
0.3591686, 0.562119, 0.2879167, 0
0.2917686, 0.5458273, 0.2422522, 0
0.6110828, 0.5604492, 0.6435916, 0
0.423857, 0.5787572, 0.3882409, 0
0.4367998, 0.5675704, 0.3103158, 0
0.4268307, 0.5717718, 0.4310114, 0
0.6021841, 0.5569291, 0.5496425, 0
0.3312304, 0.5453798, 0.263098, 0
0.3335783, 0.5446284, 0.2586102, 0
0.4987377, 0.5667319, 0.536306, 0
0.2973765, 0.5462871, 0.1970105, 0
0.5042097, 0.5659851, 0.4457805, 0
0.6282188, 0.5509639, 0.5548364, 0
0.5905123, 0.5635241, 0.6350301, 0
0.6353987, 0.5632073, 0.7243822, 0
0.2759942, 0.5347816, 0.2014179, 0
0.4532245, 0.5698787, 0.4088432, 0
0.6864052, 0.5597705, 0.6819273, 0
0.5454416, 0.5521141, 0.5846934, 0
0.5035744, 0.5627363, 0.4568523, 0
0.4630845, 0.5725851, 0.3415863, 0
0.2557404, 0.5344356, 0.2243835, 0
0.6721306, 0.5658084, 0.6805614, 0
0.4387895, 0.577102, 0.3808115, 0
0.578926, 0.5566908, 0.632304, 0
0.4456407, 0.5714139, 0.4482583, 0
0.4088759, 0.5693786, 0.3064005, 0
0.4242467, 0.5656123, 0.2934853, 0
0.4047374, 0.5760629, 0.3636476, 0
0.3323516, 0.5439711, 0.2540674, 0
0.4682113, 0.5716339, 0.4385717, 0
0.3272373, 0.5450376, 0.1927983, 0
0.3625427, 0.5494716, 0.2311428, 0
0.3146297, 0.5476449, 0.281297, 0
0.3435477, 0.5546194, 0.2721128, 0
0.5066592, 0.5606256, 0.4767149, 0
0.3348208, 0.5655186, 0.3041393, 0
0.6074299, 0.5583731, 0.5257472, 0
0.3508035, 0.5526073, 0.2072031, 0
0.6687179, 0.5337291, 0.7380843, 0
0.6985456, 0.5416597, 0.7217836, 0
0.5156227, 0.5657672, 0.4286285, 0
0.4824737, 0.5635545, 0.4980607, 0
0.5638899, 0.5518177, 0.574376, 0
0.4890969, 0.5698714, 0.4509402, 0
0.6456201, 0.5658927, 0.6582558, 0
0.5930101, 0.5629395, 0.5168593, 0
0.5325829, 0.5579925, 0.558008, 0
0.2629581, 0.5500016, 0.2054737, 0
0.382186, 0.5716569, 0.3438117, 0
0.3288063, 0.5623356, 0.2946765, 0
0.6894258, 0.5604241, 0.6696143, 0
0.4276068, 0.5710297, 0.3334436, 0
0.4016917, 0.5775573, 0.3685686, 0
0.3787345, 0.5607085, 0.2673129, 0
0.3385569, 0.548654, 0.2651396, 0
0.4783012, 0.5707068, 0.4517494, 0
0.5269673, 0.5634326, 0.5125916, 0
0.4963195, 0.5707619, 0.5468476, 0
0.3899293, 0.5586677, 0.2564751, 0
0.2690581, 0.5720821, 0.2097978, 0
0.3961206, 0.5735369, 0.3252748, 0
0.3423508, 0.5468479, 0.2591034, 0
0.4094356, 0.5610861, 0.2676768, 0
0.5545477, 0.5523162, 0.577521, 0
0.6609862, 0.5658064, 0.6628645, 0
0.586782, 0.5634708, 0.5273616, 0
0.6533795, 0.5055114, 0.7316735, 0
0.5652643, 0.5576159, 0.64224, 0
0.4169503, 0.5810057, 0.3872347, 0
0.6852933, 0.5539049, 0.7102147, 0
0.4009146, 0.5621963, 0.2678182, 0
0.240968, 0.5484034, 0.1888057, 0
0.2444909, 0.5187632, 0.1784767, 0
0.4073074, 0.5793731, 0.3714595, 0
0.5310425, 0.5638618, 0.52171, 0
0.3741153, 0.5657011, 0.3041242, 0
0.4266214, 0.5727776, 0.3421245, 0
0.517153, 0.5634218, 0.5546754, 0
0.6881068, 0.5479715, 0.7205926, 0
0.4054765, 0.5651647, 0.2820722, 0
0.541452, 0.5615376, 0.4389956, 0
0.4757023, 0.5719219, 0.4319797, 0
0.3514162, 0.5609572, 0.3280627, 0
0.3940685, 0.5595096, 0.2580844, 0
0.637329, 0.5712449, 0.6769718, 0
0.5041177, 0.567438, 0.5290406, 0
0.3939149, 0.5739125, 0.3287007, 0
0.357205, 0.5620259, 0.2823246, 0
0.4992591, 0.5624393, 0.4644246, 0
0.3315796, 0.5652838, 0.197972, 0
0.6909429, 0.5598702, 0.6593758, 0
0.5845222, 0.5622756, 0.4963024, 0
0.3785124, 0.5588926, 0.261656, 0
0.6494386, 0.5660087, 0.6574792, 0
0.4543203, 0.5755015, 0.3799138, 0
0.3244079, 0.5618779, 0.2977027, 0
0.2750787, 0.5203232, 0.1921194, 0
0.6537873, 0.5541224, 0.6331204, 0
0.2809832, 0.5661066, 0.1880542, 0
0.2910417, 0.5363387, 0.2008831, 0
0.6548278, 0.5414682, 0.7452957, 0
0.5426245, 0.5613789, 0.5412161, 0
0.3580069, 0.5470084, 0.2434495, 0
0.4827228, 0.5713285, 0.3914827, 0
0.2893958, 0.5605637, 0.1915339, 0
0.5526181, 0.5570157, 0.4946235, 0
0.5964134, 0.5545231, 0.6934249, 0
0.6122059, 0.5485665, 0.5993334, 0
0.5032871, 0.5724293, 0.4093731, 0
0.5136791, 0.5614741, 0.5596222, 0
0.5647991, 0.5575467, 0.513545, 0
0.688856, 0.5072732, 0.7180883, 0
0.4783854, 0.5727013, 0.3585734, 0
0.5397577, 0.559696, 0.4899026, 0
0.5879318, 0.5546674, 0.5637313, 0
0.6146587, 0.5576841, 0.6264637, 0
0.3573197, 0.5475133, 0.2376235, 0
0.5810736, 0.5594878, 0.5514438, 0
0.4893501, 0.5709253, 0.3742759, 0
0.2500551, 0.5458465, 0.1984697, 0
0.3216843, 0.54155, 0.2527527, 0
0.4182042, 0.5797323, 0.3913631, 0
0.5072243, 0.5678627, 0.4319606, 0
0.4204703, 0.567353, 0.2991061, 0
0.4747279, 0.5715876, 0.4597018, 0
0.3457141, 0.5588101, 0.2778792, 0
0.5714763, 0.5607594, 0.5403664, 0
0.6068851, 0.5506385, 0.6038409, 0
0.3956574, 0.5742164, 0.3476152, 0
0.5075952, 0.5630425, 0.4490962, 0
0.5100638, 0.5719786, 0.3978589, 0
0.6566313, 0.5448424, 0.6154059, 0
0.6287753, 0.5648158, 0.6568582, 0
0.5792714, 0.5636327, 0.6441039, 0
0.5192522, 0.5663787, 0.4117192, 0
0.4204327, 0.5757197, 0.4243037, 0
0.4415067, 0.5683387, 0.4297092, 0
0.6302404, 0.554802, 0.6193878, 0
0.5655922, 0.5580286, 0.5155884, 0
0.4087607, 0.5817314, 0.3956493, 0
0.3807938, 0.5637481, 0.283871, 0
0.5691491, 0.5453703, 0.582532, 0
0.595283, 0.5460277, 0.6051323, 0
0.3067229, 0.5705975, 0.1932579, 0
0.6490009, 0.5130493, 0.735973, 0
0.4917265, 0.5700063, 0.4467281, 0
0.5858331, 0.5602062, 0.5512844, 0
0.4894605, 0.5633489, 0.518009, 0
0.3217927, 0.5434892, 0.2460859, 0
0.7067448, 0.5488591, 0.7109733, 0
0.6404378, 0.5642958, 0.7087378, 0
0.4299071, 0.5651267, 0.293117, 0
0.5242747, 0.5607827, 0.5567197, 0
0.6853187, 0.5544785, 0.6998206, 0
0.4606661, 0.5725076, 0.3924508, 0
0.3527242, 0.5474958, 0.2535948, 0
0.5578315, 0.5565129, 0.5040332, 0
0.6737061, 0.5073494, 0.7187442, 0
0.5626881, 0.5461763, 0.598886, 0
0.4076913, 0.5638928, 0.2769111, 0
0.3772166, 0.5521723, 0.2309631, 0
0.3546937, 0.5489271, 0.2563145, 0
0.4768863, 0.5642941, 0.5041816, 0
0.4494823, 0.5753192, 0.3864531, 0
0.6916694, 0.5569212, 0.6816915, 0
0.3731015, 0.5685861, 0.3196189, 0
0.3224665, 0.5619426, 0.1911407, 0
0.3680555, 0.5622461, 0.2813978, 0
0.5793046, 0.555693, 0.6294173, 0
0.6347672, 0.5629489, 0.6557545, 0
0.6222212, 0.5705643, 0.6677862, 0
0.5958604, 0.5611001, 0.6260447, 0
0.458858, 0.5739554, 0.3854551, 0
0.324144, 0.5557625, 0.188444, 0
0.5241801, 0.5606785, 0.4809832, 0
0.4915997, 0.5716678, 0.4283593, 0
0.5544251, 0.549964, 0.5832013, 0
0.2556215, 0.5238053, 0.2080188, 0
0.3252038, 0.5477967, 0.2131478, 0
0.470469, 0.5717329, 0.4282501, 0
0.2622236, 0.545059, 0.1676127, 0
0.3664307, 0.5516327, 0.2537272, 0
0.5430081, 0.5628129, 0.4688141, 0
0.4204353, 0.5754391, 0.3545572, 0
0.4780937, 0.5694432, 0.4777232, 0
0.4803915, 0.5722763, 0.4274053, 0
0.5741956, 0.5449742, 0.5812104, 0
0.5911715, 0.543475, 0.5743971, 0
0.6401643, 0.5430182, 0.5874392, 0
0.6611106, 0.567986, 0.6881791, 0
0.4363552, 0.5769554, 0.3518906, 0
0.2824608, 0.5769821, 0.1620923, 0
0.6000745, 0.5611228, 0.5281942, 0
0.5106366, 0.5629233, 0.4445859, 0
0.5541036, 0.558586, 0.5143462, 0
0.2769319, 0.5354832, 0.2000384, 0
0.6507459, 0.5466117, 0.7452805, 0
0.4271215, 0.5799464, 0.3670242, 0
0.5093709, 0.5612404, 0.4837835, 0
0.3253303, 0.5584267, 0.2897141, 0
0.2579743, 0.5584775, 0.2163463, 0
0.3026084, 0.5387583, 0.2752987, 0
0.5367468, 0.5603679, 0.4863578, 0
0.5680857, 0.553651, 0.5678589, 0
0.2798384, 0.543302, 0.2414003, 0
0.4543361, 0.5743005, 0.3444293, 0
0.5095818, 0.5704544, 0.4110982, 0
0.4801466, 0.571091, 0.4612712, 0
0.3934565, 0.5712214, 0.3095157, 0
0.3031321, 0.5405746, 0.2789336, 0
0.4137937, 0.5814733, 0.3883817, 0
0.5468745, 0.5623382, 0.4760195, 0
0.5062774, 0.559978, 0.4651263, 0
0.6731505, 0.5447528, 0.6214789, 0
0.5984567, 0.5642318, 0.6417185, 0
0.4476354, 0.5738997, 0.3959559, 0
0.5027057, 0.5689095, 0.4369553, 0
0.550541, 0.5547519, 0.567091, 0
0.2849766, 0.5747051, 0.2027578, 0
0.5098442, 0.5623313, 0.4479516, 0
0.5821113, 0.5591296, 0.5065587, 0
0.6783416, 0.5503485, 0.7207735, 0
0.6174262, 0.5557144, 0.616084, 0
0.3178218, 0.5452098, 0.2077601, 0
0.4244576, 0.5681396, 0.3066625, 0
0.4299679, 0.5775714, 0.3852365, 0
0.5447698, 0.5615218, 0.4799314, 0
0.5817726, 0.5621375, 0.5393735, 0
0.4856465, 0.5631163, 0.487258, 0
0.3889801, 0.5699783, 0.3043557, 0
0.4009576, 0.5677483, 0.2935073, 0
0.5254669, 0.5611929, 0.4727194, 0
0.5803508, 0.5674407, 0.6634424, 0
0.493078, 0.5713084, 0.4345638, 0
0.2764821, 0.5328729, 0.20272, 0
0.4617983, 0.572962, 0.3572079, 0
0.5243534, 0.5665472, 0.5350169, 0
0.3445448, 0.5629182, 0.3025382, 0
0.5210486, 0.5659106, 0.4182129, 0
0.4967785, 0.5700286, 0.4390431, 0
0.5939671, 0.5418383, 0.5894985, 0
0.4381475, 0.5714684, 0.4109102, 0
0.5613232, 0.5594288, 0.5411, 0
0.4018966, 0.566199, 0.2855681, 0
0.2864935, 0.5494354, 0.1958966, 0
0.3901224, 0.5739582, 0.3486533, 0
0.3385805, 0.5538881, 0.2271345, 0
0.6761135, 0.5644348, 0.688686, 0
0.2603707, 0.5547117, 0.1873671, 0
0.6100426, 0.5603564, 0.6412793, 0
0.395898, 0.5745631, 0.3504933, 0
0.3630661, 0.5497029, 0.2504593, 0
0.6539028, 0.5698685, 0.6877889, 0
0.2959719, 0.5490882, 0.1759147, 0
0.6484945, 0.5624034, 0.7140537, 0
0.4956527, 0.5708828, 0.380986, 0
0.5893746, 0.5564215, 0.5599593, 0
0.4951377, 0.5648707, 0.5239882, 0
0.6981653, 0.5420864, 0.7216524, 0
0.4045465, 0.5729495, 0.3309655, 0
0.5223992, 0.5655702, 0.4221474, 0
0.4339779, 0.5757269, 0.3985312, 0
0.6342381, 0.5599105, 0.646901, 0
0.5122691, 0.5624977, 0.5575067, 0
0.3900896, 0.5716069, 0.3125731, 0
0.6677167, 0.5628092, 0.6583365, 0
0.5475635, 0.5557827, 0.617933, 0
0.5521954, 0.5585983, 0.5122098, 0
0.4578184, 0.5699614, 0.4292581, 0
0.458111, 0.5727041, 0.462457, 0
0.6058538, 0.5459408, 0.6002639, 0
0.3582736, 0.5611213, 0.3346817, 0
0.6742151, 0.5393618, 0.7345515, 0
0.5409116, 0.5615089, 0.4407354, 0
0.4314671, 0.5785823, 0.3585079, 0
0.6201235, 0.5672846, 0.6815841, 0
0.5959688, 0.5445588, 0.6028675, 0
0.5086207, 0.5718574, 0.404382, 0
0.430337, 0.5776026, 0.3839718, 0
0.2990009, 0.5462977, 0.2147228, 0
0.4353918, 0.5696422, 0.3272006, 0
0.5547763, 0.5557825, 0.5596877, 0
0.4409571, 0.568217, 0.4300444, 0
0.6254404, 0.5560486, 0.627339, 0
0.4301978, 0.5689537, 0.4367568, 0
0.5533903, 0.5566658, 0.5533113, 0
0.3745913, 0.5682728, 0.3135446, 0
0.5402369, 0.5601633, 0.5513175, 0
0.6581559, 0.5583955, 0.6444784, 0
0.2692917, 0.5269108, 0.1721978, 0
0.681698, 0.5523369, 0.7227346, 0
0.4264379, 0.5771597, 0.3929262, 0
0.6154271, 0.5479342, 0.5973309, 0
0.7038183, 0.5504252, 0.7094042, 0
0.5596201, 0.5660972, 0.4632044, 0
0.544536, 0.5607719, 0.5438534, 0
0.6426305, 0.5420654, 0.5741252, 0
0.4576637, 0.5739837, 0.3466725, 0
0.358381, 0.5482433, 0.2345001, 0
0.6189163, 0.5483116, 0.5559365, 0
0.4767714, 0.5716851, 0.4678878, 0
0.581795, 0.5425566, 0.5931527, 0
0.5144217, 0.5602662, 0.4613704, 0
0.4958663, 0.5642101, 0.4996936, 0
0.4985355, 0.5710286, 0.4255739, 0
0.5759244, 0.5585877, 0.551511, 0
0.4915734, 0.5723143, 0.4229905, 0
0.5107151, 0.5610034, 0.4821322, 0
0.2924204, 0.577929, 0.1775862, 0
0.4163332, 0.5790374, 0.4009149, 0
0.2713214, 0.5770417, 0.1918526, 0
0.4180717, 0.5750356, 0.355764, 0
0.5787435, 0.5604753, 0.5152222, 0
0.4316926, 0.5683652, 0.4374253, 0
0.5840801, 0.5605612, 0.6334488, 0
0.4037751, 0.5748458, 0.3531946, 0
0.4037367, 0.5733191, 0.341243, 0
0.3724773, 0.5676399, 0.3349296, 0
0.4299991, 0.577181, 0.3899265, 0
0.6685449, 0.5068345, 0.7214974, 0
0.5892653, 0.5660142, 0.6441037, 0
0.3345515, 0.5533935, 0.2743705, 0
0.4046514, 0.5817075, 0.4030413, 0
0.5698956, 0.551503, 0.6222032, 0
0.2876117, 0.5776492, 0.1863075, 0
0.6655707, 0.566251, 0.6956123, 0
0.2988548, 0.5410189, 0.1665956, 0
0.4173203, 0.5722168, 0.3427297, 0
0.6052423, 0.5415277, 0.592689, 0
0.2797282, 0.5262355, 0.1935316, 0
0.2940702, 0.5784146, 0.1763221, 0
0.3708732, 0.5620959, 0.2775891, 0
0.4420512, 0.5688792, 0.4228224, 0
0.4774711, 0.57195, 0.4243457, 0
0.5196573, 0.566609, 0.5216218, 0
0.497516, 0.5666619, 0.5195909, 0
0.6225632, 0.5684911, 0.6800447, 0
0.4461432, 0.5756766, 0.3881894, 0
0.4584451, 0.5717068, 0.4444037, 0
0.6119708, 0.558939, 0.7121761, 0
0.487089, 0.5710595, 0.3924972, 0
0.3554861, 0.5601256, 0.2773536, 0
0.4224373, 0.5684649, 0.3068793, 0
0.6205255, 0.5503531, 0.6009232, 0
0.4432512, 0.5668178, 0.3082494, 0
0.2691413, 0.5329996, 0.1684154, 0
0.623251, 0.5520854, 0.6059504, 0
0.5469964, 0.5598236, 0.5468868, 0
0.4372991, 0.5700018, 0.3274272, 0
0.5055372, 0.5655504, 0.4448772, 0
0.478696, 0.5707684, 0.4471729, 0
0.6803877, 0.5324351, 0.7330609, 0
0.5023554, 0.5673695, 0.5454544, 0
0.6650776, 0.5532678, 0.6360532, 0
0.2562267, 0.5446536, 0.2123345, 0
0.265875, 0.5292605, 0.1642728, 0
0.5860543, 0.5607426, 0.5023233, 0
0.3913268, 0.5758755, 0.3597671, 0
0.2860567, 0.5277239, 0.1513592, 0
0.4290346, 0.5688704, 0.3200934, 0
0.3655194, 0.5621433, 0.3067182, 0
0.4729382, 0.5727823, 0.3670675, 0
0.6088484, 0.5445637, 0.5970407, 0
0.482906, 0.5689591, 0.4752648, 0
0.4939466, 0.5712149, 0.3920912, 0
0.4344444, 0.576617, 0.3914631, 0
0.5577931, 0.5522146, 0.6154687, 0
0.4778912, 0.5709361, 0.4557227, 0
0.685886, 0.554357, 0.7049859, 0
0.359935, 0.5617244, 0.3181833, 0
0.4245749, 0.5806608, 0.3720687, 0
0.5516025, 0.5647145, 0.4538525, 0
0.3179064, 0.5573186, 0.2937858, 0
0.5437021, 0.5612966, 0.528425, 0
0.5665683, 0.5537151, 0.5669751, 0
0.2941282, 0.5444747, 0.225971, 0
0.3493434, 0.5469249, 0.2346349, 0
0.5345596, 0.5651688, 0.4213236, 0
0.4136634, 0.5799133, 0.3999097, 0
0.6041825, 0.5593873, 0.5373915, 0
0.603879, 0.5652345, 0.6517367, 0
0.5551619, 0.5574124, 0.5082561, 0
0.6362451, 0.5682074, 0.6630352, 0
0.4105831, 0.5779503, 0.3676942, 0
0.4248002, 0.5687681, 0.3171775, 0
0.5300993, 0.5639167, 0.5466209, 0
0.3076039, 0.5420662, 0.2445663, 0
0.4958269, 0.5700111, 0.441315, 0
0.4082314, 0.5798521, 0.3723613, 0
0.5240668, 0.5612073, 0.472703, 0
0.4676755, 0.5640076, 0.4979425, 0
0.4085711, 0.5699617, 0.3099618, 0
0.6136058, 0.5548676, 0.5443715, 0
0.3775656, 0.5632427, 0.2848786, 0
0.2782374, 0.5425147, 0.229037, 0
0.4045075, 0.5671783, 0.2901963, 0
0.2693235, 0.5241439, 0.1540807, 0
0.5971184, 0.5420167, 0.5937666, 0
0.5261294, 0.5658785, 0.4118713, 0
0.4053334, 0.5697902, 0.3056588, 0
0.4510012, 0.5723898, 0.4520499, 0
0.3846006, 0.5724693, 0.3211444, 0
0.5632816, 0.5603821, 0.528706, 0
0.4548592, 0.5701761, 0.4098831, 0
0.4042338, 0.5811853, 0.3774447, 0
0.5790992, 0.5619519, 0.522586, 0
0.3389777, 0.5572678, 0.2774353, 0
0.3055215, 0.5450743, 0.2197942, 0
0.5546518, 0.5640819, 0.4670969, 0
0.4017865, 0.5734785, 0.3344681, 0
0.5745683, 0.5520571, 0.5722075, 0
0.3882726, 0.5663481, 0.2913782, 0
0.5053892, 0.5676566, 0.5305215, 0
0.5683519, 0.5521977, 0.6266632, 0
0.2842638, 0.5673718, 0.2142455, 0
0.3688817, 0.562237, 0.2869232, 0
0.4550076, 0.5719764, 0.4531851, 0
0.4925819, 0.5657805, 0.5155379, 0
0.5525538, 0.5617096, 0.4764662, 0
0.4353641, 0.5777171, 0.3777364, 0
0.6029529, 0.5691637, 0.6782743, 0
0.4373361, 0.5782565, 0.368921, 0
0.4871933, 0.5646503, 0.506107, 0
0.6787429, 0.5550787, 0.6460748, 0
0.3104343, 0.5692961, 0.2113279, 0
0.6632982, 0.5190959, 0.7365546, 0
0.5536657, 0.5540264, 0.6225783, 0
0.2857733, 0.5374587, 0.1927569, 0
0.6760265, 0.5363821, 0.7344228, 0
0.5436959, 0.5556661, 0.5617325, 0
0.6185151, 0.5558072, 0.6171452, 0
0.4282513, 0.573718, 0.4141264, 0
0.6470202, 0.5567028, 0.6324746, 0
0.3270559, 0.5448048, 0.2430641, 0
0.5782478, 0.5540251, 0.6252732, 0
0.2684801, 0.5698867, 0.166627, 0
0.3750169, 0.5683828, 0.3128311, 0
0.6692022, 0.5524783, 0.718569, 0
0.6397738, 0.5667225, 0.7030281, 0
0.4130653, 0.5816746, 0.3794823, 0
0.5726793, 0.5491146, 0.6160991, 0
0.6470338, 0.5433736, 0.5953423, 0
0.4226812, 0.5805218, 0.3697511, 0
0.2908809, 0.5265568, 0.1870881, 0
0.6516544, 0.5263275, 0.746515, 0
0.3730419, 0.5515951, 0.2289356, 0
0.5524521, 0.5633678, 0.4699619, 0
0.2736288, 0.5793695, 0.1889745, 0
0.5764655, 0.5609277, 0.5433518, 0
0.5602869, 0.5649675, 0.4675041, 0
0.47135, 0.5720612, 0.3879243, 0
0.4104159, 0.5747055, 0.3569385, 0
0.4915858, 0.5644866, 0.5342045, 0
0.3779645, 0.570176, 0.3323684, 0
0.5142125, 0.5684885, 0.4108846, 0
0.4892456, 0.5712615, 0.396942, 0
0.4601096, 0.5739831, 0.3668644, 0
0.4271376, 0.5758466, 0.3516905, 0
0.4598255, 0.5700929, 0.4260035, 0
0.2580344, 0.5145409, 0.1821152, 0
0.6427812, 0.5420591, 0.5740516, 0
0.4715638, 0.57072, 0.4150006, 0
0.5919678, 0.5415888, 0.5836973, 0
0.5549152, 0.5551679, 0.5646724, 0
0.3206974, 0.5507732, 0.2810016, 0
0.5539822, 0.5593101, 0.5221808, 0
0.3723406, 0.5674091, 0.3356806, 0
0.5745347, 0.5493215, 0.6168739, 0
0.4417485, 0.5712251, 0.331235, 0
0.4537095, 0.5752217, 0.3661234, 0
0.3830802, 0.5656751, 0.2923106, 0
0.5260649, 0.5639699, 0.4282134, 0
0.4871934, 0.5623657, 0.5176163, 0
0.3517745, 0.5616851, 0.3267814, 0
0.268278, 0.5380465, 0.2222481, 0
0.5268068, 0.5560148, 0.5665848, 0
0.6523122, 0.5694846, 0.6679589, 0
0.4462783, 0.5663843, 0.3104106, 0
0.2822468, 0.5503672, 0.2480333, 0
0.4551109, 0.5694181, 0.421717, 0
0.5716868, 0.5642636, 0.6511931, 0
0.6023208, 0.5576547, 0.6897032, 0
0.4399987, 0.5693932, 0.4200473, 0
0.2418537, 0.5675986, 0.1966903, 0
0.4266776, 0.5802775, 0.3749903, 0
0.3104536, 0.5553138, 0.1978075, 0
0.6732149, 0.5655523, 0.68278, 0
0.4081092, 0.5639831, 0.2774124, 0
0.6262742, 0.543407, 0.5674314, 0
0.5646012, 0.5607635, 0.6460954, 0
0.401002, 0.5737735, 0.3430173, 0
0.4047704, 0.572161, 0.321237, 0
0.5511809, 0.5551325, 0.5651697, 0
0.4025974, 0.5751594, 0.3587853, 0
0.3437983, 0.5525869, 0.2016791, 0
0.4258011, 0.569906, 0.3288307, 0
0.5458162, 0.5631035, 0.4631282, 0
0.3449405, 0.5481727, 0.2608122, 0
0.6862101, 0.5573047, 0.6513633, 0
0.4254464, 0.5764459, 0.4041626, 0
0.5363841, 0.563085, 0.5369809, 0
0.4703732, 0.5718802, 0.3388988, 0
0.5971036, 0.5622169, 0.5177379, 0
0.5807745, 0.55856, 0.5033553, 0
0.583577, 0.5626197, 0.6811898, 0
0.4740833, 0.571102, 0.4448495, 0
0.49298, 0.5688205, 0.4541199, 0
0.3540814, 0.5591787, 0.2759207, 0
0.5646347, 0.5549573, 0.5582919, 0
0.426117, 0.5682553, 0.3091951, 0
0.5472416, 0.5633754, 0.4625252, 0
0.6252474, 0.566923, 0.6833451, 0
0.4445495, 0.5694894, 0.4131022, 0
0.378776, 0.5687626, 0.3080778, 0
0.4532501, 0.5747409, 0.4689642, 0
0.2850226, 0.5414851, 0.2533219, 0
0.5574374, 0.5527458, 0.5747954, 0
0.5238518, 0.5605567, 0.4396733, 0
0.5276312, 0.5613759, 0.4701591, 0
0.3912014, 0.5723061, 0.3163851, 0
0.5631344, 0.5583159, 0.5181116, 0
0.4244648, 0.5807628, 0.3741397, 0
0.5919988, 0.5634114, 0.6343905, 0
0.4971159, 0.5685114, 0.5427133, 0
0.4203854, 0.5812801, 0.37329, 0
0.5906416, 0.5625066, 0.5418826, 0
0.535496, 0.5620221, 0.4687998, 0
0.2715925, 0.5605463, 0.2218503, 0
0.4332477, 0.5698787, 0.4289515, 0
0.4276799, 0.579198, 0.3792965, 0
0.3213012, 0.5518659, 0.2824368, 0
0.6542053, 0.5418884, 0.5842129, 0
0.6437888, 0.5712807, 0.6744034, 0
0.3890979, 0.5730273, 0.3216756, 0
0.4199019, 0.5639335, 0.2838649, 0
0.2423619, 0.5332136, 0.1850332, 0
0.5581858, 0.5522741, 0.5755093, 0
0.6493185, 0.53653, 0.7493221, 0
0.5053864, 0.5675889, 0.5260773, 0
0.2824019, 0.5453561, 0.2186369, 0
0.5110325, 0.5618125, 0.4490161, 0
0.4451647, 0.5687882, 0.4265397, 0
0.6101151, 0.5520303, 0.5510574, 0
0.5830745, 0.5493728, 0.6144431, 0
0.4004798, 0.5832545, 0.3885147, 0
0.2664454, 0.567088, 0.2177008, 0
0.4648385, 0.5710616, 0.484135, 0
0.5164994, 0.5680079, 0.5438626, 0
0.5679613, 0.5595658, 0.6428882, 0
0.4967783, 0.571156, 0.4284105, 0
0.5612605, 0.560358, 0.5362035, 0
0.4917535, 0.5627338, 0.526857, 0
0.3272598, 0.5499265, 0.2739439, 0
0.3712585, 0.550755, 0.2321911, 0
0.5738693, 0.5515365, 0.5733476, 0
0.2948596, 0.5441695, 0.23107, 0
0.3317577, 0.544342, 0.2436634, 0
0.4648423, 0.5713667, 0.3969223, 0
0.4658239, 0.572258, 0.3550666, 0
0.6735504, 0.5155015, 0.7271656, 0
0.4347996, 0.5701217, 0.4234648, 0
0.4733188, 0.5728247, 0.3723582, 0
0.629244, 0.570133, 0.6784827, 0
0.5809137, 0.5555072, 0.5634921, 0
0.5549125, 0.5536105, 0.6204374, 0
0.5874072, 0.563228, 0.6825513, 0
0.6629136, 0.5526728, 0.741865, 0
0.3179582, 0.5452535, 0.2743495, 0
0.4309574, 0.5743503, 0.3448429, 0
0.3772031, 0.5697296, 0.3160435, 0
0.6317506, 0.5701571, 0.667046, 0
0.5366362, 0.55334, 0.5876702, 0
0.3094267, 0.5537373, 0.2270772, 0
0.3771864, 0.5521979, 0.2306973, 0
0.591456, 0.5690871, 0.6584365, 0
0.4994769, 0.5608385, 0.475539, 0
0.6527945, 0.5705183, 0.6799138, 0
0.4295837, 0.5687695, 0.319663, 0
0.6619868, 0.5550569, 0.6391954, 0
0.5391284, 0.562011, 0.4758078, 0
0.5515727, 0.5542582, 0.6298702, 0
0.6537587, 0.5428916, 0.5952938, 0
0.3814539, 0.5713926, 0.3380576, 0
0.440541, 0.5774548, 0.3712652, 0
0.6730664, 0.5627818, 0.6616892, 0
0.6402733, 0.5509185, 0.6126232, 0
0.597472, 0.5607706, 0.5456886, 0
0.5795328, 0.5597692, 0.5503931, 0
0.526288, 0.5617868, 0.4627313, 0
0.3884206, 0.575977, 0.362875, 0
0.6361129, 0.5611174, 0.7274687, 0
0.3195078, 0.5532706, 0.2124301, 0
0.4866738, 0.5717999, 0.411641, 0
0.4275822, 0.5766807, 0.3951545, 0
0.6224383, 0.5466911, 0.5944638, 0
0.5597283, 0.5576962, 0.5137016, 0
0.5529257, 0.553955, 0.6190926, 0
0.3321988, 0.5483966, 0.2687877, 0
0.5292697, 0.5637626, 0.5483117, 0
0.2875581, 0.5361013, 0.2032853, 0
0.5895146, 0.5640742, 0.6824021, 0
0.608429, 0.5597411, 0.6272839, 0
0.4089151, 0.5723998, 0.3367529, 0
0.5359887, 0.561902, 0.4605187, 0
0.6294091, 0.5528505, 0.6102842, 0
0.4575415, 0.5697683, 0.4142309, 0
0.4534589, 0.5693533, 0.429532, 0
0.5214882, 0.5608322, 0.4554275, 0
0.5449605, 0.557883, 0.4951518, 0
0.4588824, 0.5738367, 0.3551093, 0
0.4982851, 0.5717144, 0.4006897, 0
0.6515523, 0.5631124, 0.7114391, 0
0.6469201, 0.554912, 0.6274832, 0
0.3706021, 0.5643646, 0.3469752, 0
0.6996468, 0.5540596, 0.6739708, 0
0.6399476, 0.5698999, 0.6930245, 0
0.6626866, 0.5573596, 0.6442253, 0
0.552035, 0.5506021, 0.5835645, 0
0.4069482, 0.5810917, 0.4047787, 0
0.3591119, 0.5530764, 0.2627167, 0
0.3452069, 0.5457222, 0.251882, 0
0.6500343, 0.5065907, 0.732744, 0
0.4460191, 0.5764249, 0.3834926, 0
0.691188, 0.5527204, 0.6986639, 0
0.5510926, 0.5537015, 0.6346004, 0
0.2865111, 0.5442744, 0.1424397, 0
0.6618903, 0.5424171, 0.7402399, 0
0.5888702, 0.5435298, 0.5753807, 0
0.5308394, 0.5647468, 0.5368085, 0
0.5359526, 0.5570572, 0.5585281, 0
0.361916, 0.5620807, 0.3120387, 0
0.5731233, 0.5464699, 0.5797585, 0
0.5992171, 0.561829, 0.5346519, 0
0.4423672, 0.5770373, 0.3569472, 0
0.3047206, 0.5375318, 0.2658553, 0
0.7149381, 0.5393257, 0.7146909, 0
0.5558765, 0.5595236, 0.5260211, 0
0.4830736, 0.5705644, 0.4597254, 0
0.4843118, 0.5713357, 0.3878086, 0
0.2858009, 0.5383679, 0.2073693, 0
0.2508532, 0.5537816, 0.1943382, 0
0.5801153, 0.5616766, 0.5408705, 0
0.4320073, 0.5763269, 0.39625, 0
0.533952, 0.5618777, 0.4720906, 0
0.5838156, 0.5571938, 0.6251121, 0
0.3768915, 0.5514173, 0.2359636, 0
0.2891052, 0.5482365, 0.2063327, 0
0.4303938, 0.5772208, 0.3889479, 0
0.3518443, 0.5611403, 0.2814333, 0
0.3404937, 0.5450183, 0.2507642, 0
0.6290745, 0.5640449, 0.7266304, 0
0.3960253, 0.5740944, 0.3333215, 0
0.4980832, 0.5686982, 0.4442392, 0
0.2774616, 0.5256196, 0.1691887, 0
0.6836665, 0.5497233, 0.7190959, 0
0.4321106, 0.5754328, 0.3474384, 0
0.3964811, 0.5714434, 0.3103147, 0
0.7108124, 0.5528716, 0.6972468, 0
0.4899306, 0.5710143, 0.3846022, 0
0.4482919, 0.5723106, 0.4510503, 0
0.3435448, 0.5460875, 0.237885, 0
0.5253229, 0.563397, 0.4301907, 0
0.4190718, 0.5753673, 0.3559508, 0
0.3432373, 0.5452622, 0.2485161, 0
0.29908, 0.5582551, 0.2327073, 0
0.6026826, 0.560038, 0.5286978, 0
0.6052856, 0.568892, 0.6619977, 0
0.2428731, 0.5243812, 0.195313, 0
0.372095, 0.5624894, 0.2813105, 0
0.249818, 0.5324793, 0.2140107, 0
0.4597516, 0.5707064, 0.4326302, 0
0.2915886, 0.553271, 0.2411716, 0
0.5354849, 0.5601982, 0.4349399, 0
0.5633005, 0.5579074, 0.5147759, 0
0.445889, 0.5681552, 0.4314702, 0
0.5403758, 0.5610196, 0.5485828, 0
0.6829271, 0.5309276, 0.7318648, 0
0.5473413, 0.5634184, 0.4600728, 0
0.5822283, 0.5640836, 0.6424509, 0
0.5787822, 0.5584543, 0.5086359, 0
0.3413729, 0.5591519, 0.2797503, 0
0.3767333, 0.5688165, 0.3529474, 0
0.5590115, 0.556812, 0.6547494, 0
0.3356798, 0.5568312, 0.2777924, 0
0.673526, 0.5537688, 0.7153918, 0
0.4775067, 0.5720569, 0.4260359, 0
0.7055364, 0.5555699, 0.6627285, 0
0.6131796, 0.5685927, 0.6799572, 0
0.5670698, 0.5582864, 0.4907122, 0
0.435458, 0.5720447, 0.4113911, 0
0.6067531, 0.5561682, 0.6117979, 0
0.3295719, 0.5483843, 0.2169028, 0
0.5951098, 0.5524659, 0.5624264, 0
0.3740841, 0.5679062, 0.3589707, 0
0.2697043, 0.5171633, 0.1561091, 0
0.5401935, 0.5619658, 0.4762961, 0
0.525339, 0.5667287, 0.5401797, 0
0.3895628, 0.5543554, 0.2430112, 0
0.2432442, 0.5371386, 0.207701, 0
0.4156434, 0.5670049, 0.2946777, 0
0.6246163, 0.5632587, 0.7055539, 0
0.2580479, 0.5392426, 0.1939205, 0
0.6810854, 0.5539605, 0.7124435, 0
0.267018, 0.5313052, 0.2042245, 0
0.6212764, 0.5687259, 0.6794051, 0
0.5745422, 0.5616184, 0.4875906, 0
0.5709502, 0.5443909, 0.5840366, 0
0.3487368, 0.5464908, 0.236891, 0
0.5514192, 0.5583776, 0.5486162, 0
0.2574839, 0.5282196, 0.2121147, 0
0.6944771, 0.5530134, 0.7074367, 0
0.5158262, 0.5683202, 0.5420181, 0
0.4576097, 0.5732612, 0.3902254, 0
0.5658017, 0.5573058, 0.4934816, 0
0.3806217, 0.5630937, 0.2761048, 0
0.4785257, 0.5713379, 0.4712313, 0
0.5353397, 0.5536396, 0.5845618, 0
0.3017422, 0.5530989, 0.1765634, 0
0.4355892, 0.5674488, 0.3101375, 0
0.2764679, 0.5621384, 0.1639427, 0
0.4218608, 0.5808487, 0.3712702, 0
0.5617116, 0.558125, 0.5162576, 0
0.2639007, 0.5122674, 0.1851389, 0
0.4468913, 0.5689706, 0.4214828, 0
0.394696, 0.5697924, 0.3035232, 0
0.5347037, 0.5563696, 0.5608268, 0
0.3805353, 0.5702142, 0.3109475, 0
0.5805003, 0.5610095, 0.5456442, 0
0.5623149, 0.5605019, 0.5316082, 0
0.5816297, 0.5677924, 0.6614203, 0
0.3656791, 0.5515798, 0.2543459, 0
0.5364018, 0.5622542, 0.5152247, 0
0.658162, 0.546289, 0.6202678, 0
0.3496086, 0.550809, 0.2639237, 0
0.6902068, 0.5529203, 0.6991626, 0
0.5755727, 0.5623053, 0.4879056, 0
0.3706249, 0.5647882, 0.3085902, 0
0.6431814, 0.5556263, 0.625764, 0
0.6487194, 0.5607234, 0.6471564, 0
0.3681146, 0.5565012, 0.2639334, 0
0.6579593, 0.5651338, 0.7035673, 0
0.5479499, 0.5637355, 0.4573783, 0
0.3579379, 0.5523612, 0.2151988, 0
0.5759044, 0.5476179, 0.6133376, 0
0.6090776, 0.5569326, 0.698554, 0
0.5019363, 0.5724421, 0.4120384, 0
0.5191756, 0.5636803, 0.5070081, 0
0.4483826, 0.5739227, 0.3949006, 0
0.3840764, 0.5728325, 0.3296064, 0
0.4016815, 0.5751355, 0.3576067, 0
0.4180744, 0.5743152, 0.3511006, 0
0.5358804, 0.5552313, 0.6052077, 0
0.4906757, 0.5713864, 0.3975014, 0
0.5430251, 0.5609398, 0.5452502, 0
0.3897595, 0.5785195, 0.3744056, 0
0.5268868, 0.5624052, 0.4316691, 0
0.3291585, 0.5435169, 0.2565065, 0
0.4086757, 0.5685478, 0.3009148, 0
0.6328554, 0.5533165, 0.6136131, 0
0.5946055, 0.5591291, 0.6205659, 0
0.4254807, 0.5801633, 0.3685594, 0
0.570837, 0.5549223, 0.5621954, 0
0.4763815, 0.5720708, 0.4301592, 0
0.2816144, 0.5556272, 0.1675433, 0
0.5603504, 0.5584529, 0.6478117, 0
0.2443162, 0.5471197, 0.2117444, 0
0.4622774, 0.571632, 0.4591522, 0
0.632145, 0.5646983, 0.7183436, 0
0.5728793, 0.5432563, 0.5887435, 0
0.3748949, 0.5597411, 0.2666151, 0
0.3043025, 0.5437714, 0.2328902, 0
0.6307229, 0.5422539, 0.5806122, 0
0.2972821, 0.5584973, 0.1972306, 0
0.3947949, 0.5737007, 0.3259046, 0
0.5032459, 0.5688009, 0.436226, 0
0.3886531, 0.5740376, 0.3347576, 0
0.4908063, 0.5726755, 0.3601503, 0
0.5819371, 0.5449045, 0.6036939, 0
0.4399971, 0.5698407, 0.4489272, 0
0.6327739, 0.5569423, 0.6285007, 0
0.289612, 0.5326609, 0.1618903, 0
0.6596824, 0.568249, 0.6873758, 0
0.2593172, 0.5732452, 0.1780307, 0
0.5612338, 0.5552328, 0.6414893, 0
0.2774115, 0.5582255, 0.222084, 0
0.4035872, 0.5730661, 0.3327503, 0
0.5295945, 0.5642253, 0.5221798, 0
0.3901314, 0.5730254, 0.321873, 0
0.394319, 0.5629731, 0.2696448, 0
0.3594223, 0.5615274, 0.2933208, 0
0.3126456, 0.5431854, 0.1984167, 0
0.606303, 0.5584523, 0.5371839, 0
0.4783408, 0.5697185, 0.4770601, 0
0.5914868, 0.552121, 0.5653875, 0
0.5031046, 0.5708332, 0.3833601, 0
0.5461839, 0.5530895, 0.5799797, 0
0.6610734, 0.5655074, 0.6616013, 0
0.5466791, 0.5520543, 0.6034653, 0
0.61171, 0.5588119, 0.6327786, 0
0.4057874, 0.5729367, 0.3408815, 0
0.703445, 0.5436882, 0.7187361, 0
0.5936391, 0.5631779, 0.5302746, 0
0.5788183, 0.5635233, 0.6442029, 0
0.3593493, 0.5598492, 0.27466, 0
0.2335146, 0.5385147, 0.1927241, 0
0.5705413, 0.5562305, 0.5550087, 0
0.5553898, 0.5569111, 0.4960664, 0
0.426497, 0.5716661, 0.4324602, 0
0.3115823, 0.5446488, 0.2260707, 0
0.5790839, 0.5652521, 0.6493328, 0
0.3798077, 0.5524416, 0.2422255, 0
0.5679845, 0.5550052, 0.5585776, 0
0.5868961, 0.566724, 0.6482899, 0
0.4597175, 0.5716531, 0.4505724, 0
0.6673024, 0.5671737, 0.6826944, 0
0.5551655, 0.5612695, 0.4772791, 0
0.5603315, 0.5550931, 0.5578352, 0
0.5200312, 0.568873, 0.3998635, 0
0.4653617, 0.5726403, 0.4680173, 0
0.2957932, 0.5430339, 0.2135027, 0
0.5090923, 0.5615584, 0.4869548, 0
0.3414229, 0.5455253, 0.2398882, 0
0.5674452, 0.5467587, 0.5811929, 0
0.574431, 0.5617042, 0.5288085, 0
0.5132762, 0.5608668, 0.4527211, 0
0.417097, 0.5811571, 0.3856583, 0
0.4786723, 0.5638876, 0.5008638, 0
0.5620507, 0.5604886, 0.5361449, 0
0.6075323, 0.5517008, 0.6046323, 0
0.4664373, 0.5638897, 0.4974407, 0
0.6862479, 0.5376869, 0.729484, 0
0.6809093, 0.5611938, 0.6905726, 0
0.2843601, 0.5418648, 0.2510568, 0
0.5079007, 0.5669735, 0.434936, 0
0.3899289, 0.5677097, 0.2939783, 0
0.4963796, 0.5617031, 0.4737182, 0
0.5208794, 0.5606064, 0.454525, 0
0.5046632, 0.5660334, 0.5081778, 0
0.4939213, 0.5673193, 0.4598749, 0
0.3807611, 0.5558646, 0.2520255, 0
0.3720207, 0.5647514, 0.3047221, 0
0.5569932, 0.5589247, 0.4861506, 0
0.4099835, 0.5807388, 0.3747824, 0
0.4408579, 0.5733057, 0.4041153, 0
0.5499471, 0.558718, 0.5487603, 0
0.5795671, 0.5621508, 0.5363525, 0
0.6194828, 0.5450581, 0.5667557, 0
0.5308624, 0.5547103, 0.5777877, 0
0.2734836, 0.5523849, 0.2004967, 0
0.2577881, 0.5494921, 0.1913267, 0
0.2646815, 0.5801424, 0.1768827, 0
0.6030043, 0.5593659, 0.5422595, 0
0.5887335, 0.5642575, 0.6379493, 0
0.4952392, 0.5642548, 0.5008092, 0
0.4151456, 0.5704409, 0.3194597, 0
0.4953821, 0.5696725, 0.4436709, 0
0.5746947, 0.5536253, 0.5692255, 0
0.2489197, 0.5496901, 0.2052249, 0
0.3745138, 0.5679895, 0.3124698, 0
0.6245587, 0.5448481, 0.5630099, 0
0.3479637, 0.5493553, 0.2624035, 0
0.2948242, 0.544394, 0.2285783, 0
0.3911454, 0.5688445, 0.2984403, 0
0.5635347, 0.5545823, 0.5599595, 0
0.4280821, 0.5795287, 0.3779255, 0
0.4300914, 0.576129, 0.3987277, 0
0.6161537, 0.5599457, 0.6460025, 0
0.6923091, 0.5532584, 0.7037135, 0
0.3020838, 0.550284, 0.1679109, 0
0.5120957, 0.5677977, 0.5449599, 0
0.3267671, 0.5450163, 0.19546, 0
0.401888, 0.5663283, 0.2863937, 0
0.5721352, 0.5430897, 0.5913951, 0
0.3100022, 0.5524597, 0.2054183, 0
0.6168421, 0.5680407, 0.6600653, 0
0.6808727, 0.5623847, 0.6815963, 0
0.5496814, 0.5538065, 0.5744601, 0
0.3816092, 0.5687367, 0.3031438, 0
0.4453761, 0.5678777, 0.4332194, 0
0.3988219, 0.5738865, 0.3401587, 0
0.476407, 0.5663407, 0.4843711, 0
0.3846706, 0.5607268, 0.2635559, 0
0.7080951, 0.5273018, 0.7219653, 0
0.4590944, 0.5701665, 0.4278291, 0
0.6791735, 0.546851, 0.7269592, 0
0.4491255, 0.5758224, 0.3616284, 0
0.414288, 0.5800299, 0.3712429, 0
0.3697672, 0.5510448, 0.247883, 0
0.5059099, 0.5687616, 0.4246133, 0
0.6830943, 0.5620663, 0.6739178, 0
0.3916962, 0.5596496, 0.2588468, 0
0.2941764, 0.5301784, 0.1753391, 0
0.4079119, 0.5663885, 0.2870074, 0
0.3306025, 0.5447274, 0.2430011, 0
0.4127416, 0.5795372, 0.4066626, 0
0.4998281, 0.5624824, 0.4893585, 0
0.3756181, 0.5630006, 0.2836796, 0
0.3993753, 0.5741621, 0.3468045, 0
0.4213135, 0.5785409, 0.3922552, 0
0.66626, 0.5513135, 0.726454, 0
0.4827382, 0.571273, 0.4406146, 0
0.405641, 0.5814635, 0.3777734, 0
0.412889, 0.5800263, 0.4011269, 0
0.3539288, 0.5560345, 0.2702949, 0
0.6547494, 0.5438893, 0.6099635, 0
0.5727339, 0.5570025, 0.553785, 0
0.3292095, 0.5439029, 0.186247, 0
0.4433482, 0.5685694, 0.4418995, 0
0.4999134, 0.571387, 0.4194745, 0
0.6683465, 0.5520829, 0.7210184, 0
0.3921514, 0.5818346, 0.3816715, 0
0.313215, 0.5476609, 0.282735, 0
0.5001017, 0.5707996, 0.3809012, 0
0.4163971, 0.561622, 0.2727646, 0
0.3904412, 0.5661067, 0.2889294, 0
0.3332168, 0.5648496, 0.2981471, 0
0.5010952, 0.5695559, 0.4339296, 0
0.6261499, 0.5619403, 0.6520208, 0
0.534923, 0.5543859, 0.5990644, 0
0.6198748, 0.5422814, 0.5787948, 0
0.5105408, 0.567502, 0.5217963, 0
0.5114138, 0.561609, 0.4928268, 0
0.3109844, 0.5449402, 0.2094323, 0
0.6721765, 0.5295806, 0.736022, 0
0.3721461, 0.5641159, 0.3521903, 0
0.4477488, 0.576726, 0.3768144, 0
0.4862891, 0.5713063, 0.4072333, 0
0.5093068, 0.5600234, 0.4693623, 0
0.6922255, 0.5573993, 0.6775453, 0
0.5184698, 0.5614657, 0.4986122, 0
0.3463542, 0.5640079, 0.3179116, 0
0.5809802, 0.5451269, 0.604117, 0
0.286911, 0.5424351, 0.2468931, 0
0.601267, 0.5537765, 0.6089506, 0
0.5325207, 0.561088, 0.4477699, 0
0.5784266, 0.5452079, 0.6042771, 0
0.5789515, 0.5554868, 0.6295753, 0
0.4952894, 0.5710497, 0.3701161, 0
0.3903078, 0.5704995, 0.3072444, 0
0.4543043, 0.5719066, 0.3985838, 0
0.6851709, 0.5545134, 0.7020051, 0
0.4922674, 0.5634042, 0.5228812, 0
0.4021154, 0.5566231, 0.2539029, 0
0.6712461, 0.5384278, 0.6098596, 0
0.3990929, 0.5750342, 0.3531137, 0
0.5550086, 0.5572517, 0.5495086, 0
0.4335738, 0.5778868, 0.3795879, 0
0.333269, 0.5446208, 0.2564032, 0
0.5204183, 0.5657116, 0.4226477, 0
0.5506641, 0.5541245, 0.5722759, 0
0.265808, 0.5745364, 0.1925634, 0
0.6324253, 0.5457506, 0.5625359, 0
0.6523386, 0.5702943, 0.6763126, 0
0.3332984, 0.5692303, 0.1876747, 0
0.271922, 0.5202302, 0.1909711, 0
0.6061003, 0.5411649, 0.5854075, 0
0.5542505, 0.5597879, 0.5286809, 0
0.4340987, 0.5723469, 0.4117578, 0
0.6933661, 0.5268596, 0.7261781, 0
0.6754433, 0.5534083, 0.6387882, 0
0.4836704, 0.5725691, 0.3598029, 0
0.3824427, 0.5719561, 0.3502499, 0
0.5025986, 0.5647611, 0.4521419, 0
0.4565244, 0.5698114, 0.4127079, 0
0.4912515, 0.5715643, 0.4330322, 0
0.5192387, 0.5605935, 0.4824948, 0
0.4034116, 0.5828707, 0.3878796, 0
0.4404606, 0.572145, 0.3341608, 0
0.3659456, 0.551174, 0.2518808, 0
0.3844947, 0.5738283, 0.3543977, 0
0.2994141, 0.5597438, 0.1963779, 0
0.6310908, 0.5537078, 0.6145189, 0
0.304546, 0.5678153, 0.1931437, 0
0.3767726, 0.5636995, 0.2933908, 0
0.2605367, 0.5455297, 0.2224753, 0
0.2630934, 0.5475992, 0.2319711, 0
0.6055318, 0.5413467, 0.5838786, 0
0.5591745, 0.5493383, 0.6062846, 0
0.5345587, 0.5628735, 0.5187328, 0
0.3878861, 0.5567915, 0.2516864, 0
0.5755215, 0.5630974, 0.6454743, 0
0.5496522, 0.5550706, 0.6212779, 0
0.5351573, 0.5634441, 0.536828, 0
0.4179479, 0.5635054, 0.2809083, 0
0.6669266, 0.5399098, 0.6103675, 0
0.3190205, 0.5619075, 0.2039778, 0
0.6247954, 0.5555381, 0.6222973, 0
0.5717261, 0.5627326, 0.646771, 0
0.3944625, 0.5613061, 0.263743, 0
0.3067253, 0.5521156, 0.1615402, 0
0.4034243, 0.5718393, 0.3173092, 0
0.2448859, 0.5643558, 0.1941849, 0
0.4066149, 0.5634171, 0.2746096, 0
0.3253923, 0.5689078, 0.1801718, 0
0.2797183, 0.5499361, 0.2464146, 0
0.5815396, 0.5560867, 0.5618652, 0
0.5952713, 0.5628229, 0.5320974, 0
0.2547494, 0.5635535, 0.2114513, 0
0.4554885, 0.5700651, 0.4102337, 0
0.4232501, 0.5763593, 0.3558319, 0
0.4526941, 0.5745122, 0.3871129, 0
0.6645381, 0.5657868, 0.6671124, 0
0.4709333, 0.5714693, 0.4420085, 0
0.655935, 0.5674945, 0.6960112, 0
0.3040545, 0.5446557, 0.253613, 0
0.4001952, 0.5717096, 0.3138389, 0
0.5365286, 0.5621992, 0.4680069, 0
0.3150664, 0.5498769, 0.2426841, 0
0.6781366, 0.5633754, 0.6854212, 0
0.625927, 0.5543544, 0.6161067, 0
0.5101988, 0.5670666, 0.426395, 0
0.3151827, 0.5441117, 0.2002226, 0
0.428701, 0.5685393, 0.3173646, 0
0.5375803, 0.5614064, 0.4788068, 0
0.6673642, 0.5520495, 0.7221556, 0
0.6245245, 0.5495335, 0.555219, 0
0.3350686, 0.5652532, 0.2992456, 0
0.497497, 0.5628227, 0.4911035, 0
0.6211675, 0.5570229, 0.6372039, 0
0.409158, 0.5747198, 0.3566679, 0
0.661559, 0.5675184, 0.6739581, 0
0.54723, 0.5510945, 0.6000713, 0
0.3099334, 0.5482717, 0.2452606, 0
0.6021692, 0.541405, 0.5855162, 0
0.4121664, 0.5780821, 0.3674599, 0
0.410733, 0.5821562, 0.3848539, 0
0.3752614, 0.55541, 0.2551064, 0
0.4749584, 0.572706, 0.3655702, 0
0.5403723, 0.5617005, 0.5443478, 0
0.689256, 0.5453389, 0.7231867, 0
0.6669434, 0.561627, 0.6549056, 0
0.5293801, 0.564223, 0.5465021, 0
0.5661405, 0.5582085, 0.64253, 0
0.4332838, 0.57715, 0.3851713, 0
0.3055101, 0.5446406, 0.2130045, 0
0.4134908, 0.5684221, 0.301291, 0
0.6523649, 0.5692382, 0.6665052, 0
0.5165082, 0.5682194, 0.5425472, 0
0.3132329, 0.5446157, 0.2312384, 0
0.5623518, 0.5580895, 0.5159391, 0
0.5777073, 0.5459837, 0.6082492, 0
0.5198842, 0.561078, 0.4730972, 0
0.441001, 0.5751327, 0.3965614, 0
0.5987173, 0.5618185, 0.5381492, 0
0.3720304, 0.5535743, 0.2184277, 0
0.599566, 0.543471, 0.5996865, 0
0.6342036, 0.5691078, 0.6851639, 0
0.6602508, 0.5426411, 0.5982834, 0
0.5174772, 0.5674846, 0.5311617, 0
0.341456, 0.5676221, 0.1889854, 0
0.4666616, 0.571767, 0.4601195, 0
0.4692965, 0.571357, 0.4452763, 0
0.3372483, 0.5497257, 0.214744, 0
0.4740396, 0.5719409, 0.4641261, 0
0.4664055, 0.572531, 0.4741379, 0
0.2852609, 0.5274423, 0.147897, 0
0.6443508, 0.550861, 0.6173623, 0
0.4130379, 0.5817696, 0.3831963, 0
0.5827264, 0.5633059, 0.6401261, 0
0.656078, 0.5686639, 0.6695692, 0
0.3451589, 0.5516376, 0.2671744, 0
0.5803069, 0.5609601, 0.5459011, 0
0.6104454, 0.5570204, 0.6938913, 0
0.3805104, 0.5580559, 0.2578996, 0
0.5797212, 0.5621906, 0.4923234, 0
0.5069816, 0.5644053, 0.5543302, 0
0.5961182, 0.5438171, 0.601356, 0
0.3270275, 0.5678654, 0.2141593, 0
0.5946962, 0.5572037, 0.5558539, 0
0.6245244, 0.553715, 0.6130664, 0
0.6794669, 0.550032, 0.6274328, 0
0.3059711, 0.5336937, 0.1813065, 0
0.3472562, 0.5625721, 0.3017367, 0
0.3097191, 0.5539435, 0.2352543, 0
0.4911575, 0.5698021, 0.4486189, 0
0.4617695, 0.5703037, 0.4150288, 0
0.48213, 0.5709501, 0.4647037, 0
0.3955282, 0.5585458, 0.2554587, 0
0.4177382, 0.5806243, 0.3882207, 0
0.3158294, 0.5463108, 0.2778067, 0
0.577547, 0.5607486, 0.5174389, 0
0.5033018, 0.5621729, 0.4882865, 0
0.3041309, 0.57423, 0.1713079, 0
0.5025411, 0.5633674, 0.4958858, 0
0.4977007, 0.5658724, 0.5271013, 0
0.51678, 0.5608257, 0.4668145, 0
0.4843665, 0.5630819, 0.4907985, 0
0.3774869, 0.5702345, 0.3291789, 0
0.673713, 0.5542443, 0.6412421, 0
0.4231817, 0.576812, 0.3570257, 0
0.5565973, 0.5598136, 0.5404031, 0
0.5752627, 0.5556515, 0.5612051, 0
0.5349543, 0.5555534, 0.5637321, 0
0.6124864, 0.5672605, 0.6588716, 0
0.4210434, 0.5697287, 0.3239612, 0
0.3396314, 0.5578167, 0.2781172, 0
0.6904342, 0.5535697, 0.7058423, 0
0.4178567, 0.5747849, 0.3543232, 0
0.5365947, 0.5532424, 0.5935218, 0
0.5293264, 0.5645144, 0.5262276, 0
0.4860471, 0.5712537, 0.3800411, 0
0.5546325, 0.5537537, 0.6228577, 0
0.2669697, 0.5469033, 0.1960365, 0
0.3206129, 0.5553859, 0.2886502, 0
0.3645922, 0.55732, 0.2675529, 0
0.6819098, 0.5541294, 0.6435514, 0
0.4054198, 0.5580428, 0.2594026, 0
0.5395046, 0.5618846, 0.5440757, 0
0.4734185, 0.5727354, 0.3658905, 0
0.5274834, 0.5613344, 0.5026954, 0
0.2749519, 0.5425013, 0.2325279, 0
0.3175384, 0.5554402, 0.2909587, 0
0.4933908, 0.5628282, 0.4907616, 0
0.5129316, 0.5610553, 0.5627736, 0
0.4021805, 0.5810926, 0.3777618, 0
0.3871687, 0.5733798, 0.3442847, 0
0.6036325, 0.5476446, 0.6030557, 0
0.4012428, 0.5736868, 0.3385955, 0
0.2761971, 0.5170273, 0.1737598, 0
0.4710391, 0.5655042, 0.489428, 0
0.2914103, 0.5496637, 0.1466148, 0
0.6492467, 0.5709912, 0.6899737, 0
0.5010173, 0.5674152, 0.517176, 0
0.5350668, 0.5625941, 0.5468482, 0
0.5783802, 0.5606591, 0.545812, 0
0.540386, 0.5623239, 0.4595129, 0
0.587194, 0.5683211, 0.6566676, 0
0.3815069, 0.572418, 0.3536801, 0
0.4073885, 0.5724323, 0.3319819, 0
0.6609094, 0.5517612, 0.7284404, 0
0.3353377, 0.5449012, 0.2557279, 0
0.463873, 0.5726273, 0.3537637, 0
0.5477597, 0.5542383, 0.5712472, 0
0.2672313, 0.5511686, 0.1626987, 0
0.5490409, 0.5597608, 0.5455824, 0
0.3643502, 0.5502132, 0.2285083, 0
0.4915834, 0.5718125, 0.4262241, 0
0.6811713, 0.5088614, 0.7204719, 0
0.5546901, 0.5486484, 0.597313, 0
0.6580876, 0.5328452, 0.7448772, 0
0.404604, 0.5722945, 0.3221541, 0
0.6746216, 0.5465409, 0.7298504, 0
0.4432802, 0.5678248, 0.4380873, 0
0.2717876, 0.5649361, 0.2228944, 0
0.4189909, 0.5720438, 0.3414668, 0
0.6500275, 0.5499998, 0.7420109, 0
0.2888064, 0.5398797, 0.156388, 0
0.5340731, 0.5605937, 0.4411407, 0
0.6196741, 0.5494002, 0.5989832, 0
0.3862261, 0.5605271, 0.2624494, 0
0.4228264, 0.5723391, 0.3406779, 0
0.6331934, 0.5445879, 0.5906738, 0
0.5085605, 0.5679186, 0.5304354, 0
0.4962847, 0.5629534, 0.4917906, 0
0.3227506, 0.5515379, 0.2803384, 0
0.6264029, 0.5678625, 0.6605645, 0
0.5959401, 0.5545477, 0.5591103, 0
0.3785181, 0.561444, 0.2695912, 0
0.6027623, 0.5698237, 0.6676593, 0
0.4685864, 0.5716122, 0.4595135, 0
0.6655556, 0.5544662, 0.6389968, 0
0.3335943, 0.5648283, 0.3076917, 0
0.6824115, 0.5615433, 0.6841633, 0
0.4924043, 0.5715314, 0.4297925, 0
0.5065844, 0.5680025, 0.4333943, 0
0.2810519, 0.5369031, 0.1440344, 0
0.6330093, 0.5515455, 0.5568378, 0
0.5173951, 0.5669261, 0.5210676, 0
0.4114263, 0.5728087, 0.3435886, 0
0.3904307, 0.554655, 0.2443224, 0
0.5123138, 0.5641059, 0.5057265, 0
0.5122678, 0.5667331, 0.4208255, 0
0.5410568, 0.5624498, 0.4620123, 0
0.2933161, 0.5357949, 0.1980879, 0
0.3848183, 0.5643604, 0.2829531, 0
0.5849393, 0.5425027, 0.580247, 0
0.3284945, 0.5481762, 0.2173073, 0
0.6112373, 0.5566794, 0.6146985, 0
0.5191722, 0.5608703, 0.4747542, 0
0.4067684, 0.5826963, 0.3902421, 0
0.438025, 0.5677134, 0.3117796, 0
0.4678746, 0.5717715, 0.4323083, 0
0.511468, 0.5655065, 0.5092049, 0
0.3526857, 0.5516636, 0.2637225, 0
0.5058689, 0.5630798, 0.4959283, 0
0.5063097, 0.5701561, 0.4164958, 0
0.5447943, 0.5624607, 0.4749817, 0
0.3216254, 0.5523214, 0.2830108, 0
0.4839051, 0.5701472, 0.4686675, 0
0.5699455, 0.5565856, 0.4993338, 0
0.4335251, 0.5737517, 0.4084018, 0
0.3849362, 0.5534947, 0.2428673, 0
0.3952348, 0.555776, 0.2472724, 0
0.4249291, 0.580247, 0.3690103, 0
0.7008805, 0.556465, 0.6673728, 0
0.3148054, 0.5619711, 0.1807386, 0
0.4042079, 0.5709524, 0.3123149, 0
0.5182667, 0.5691135, 0.4045023, 0
0.6346516, 0.5674891, 0.6913974, 0
0.5556874, 0.564912, 0.4642507, 0
0.5847301, 0.5669741, 0.6741611, 0
0.6214195, 0.549202, 0.5987368, 0
0.6926304, 0.5523798, 0.6966454, 0
0.6550348, 0.5245253, 0.7446762, 0
0.6646515, 0.5674633, 0.6807667, 0
0.468714, 0.5722, 0.4728626, 0
0.5127801, 0.560553, 0.4755875, 0
0.438954, 0.5731065, 0.4053282, 0
0.6313782, 0.5497374, 0.6013725, 0
0.5448437, 0.5612413, 0.522829, 0
0.6052573, 0.5699925, 0.6700611, 0
0.4772408, 0.5707426, 0.4474313, 0
0.3199335, 0.5418355, 0.2639032, 0
0.5557781, 0.5553599, 0.6494192, 0
0.6117759, 0.5611256, 0.6471456, 0
0.3051926, 0.5612616, 0.2018804, 0
0.5226144, 0.5640404, 0.4299067, 0
0.4305202, 0.5687652, 0.3201375, 0
0.5598134, 0.5572813, 0.4939487, 0
0.4745432, 0.564117, 0.4932609, 0
0.6084756, 0.5666925, 0.6573082, 0
0.5496914, 0.5546739, 0.62761, 0
0.5534628, 0.5568767, 0.5027751, 0
0.6465996, 0.5646789, 0.7094569, 0
0.3388904, 0.5687466, 0.1992237, 0
0.2984067, 0.54563, 0.1592407, 0
0.6274874, 0.5498666, 0.6005065, 0
0.4079264, 0.5715535, 0.3194386, 0
0.4260404, 0.5756562, 0.4090368, 0
0.6463718, 0.5714905, 0.6853514, 0
0.4488307, 0.5741088, 0.393725, 0
0.3528181, 0.5462597, 0.2447512, 0
0.5446349, 0.5580603, 0.5032415, 0
0.3933852, 0.5756008, 0.357149, 0
0.3938782, 0.5680911, 0.2953877, 0
0.2749943, 0.5466169, 0.2176673, 0
0.5458527, 0.5608332, 0.5212615, 0
0.2906387, 0.5320576, 0.1494545, 0
0.6206949, 0.5514816, 0.6033055, 0
0.3744767, 0.5545319, 0.2535904, 0
0.5630972, 0.5594865, 0.5227699, 0
0.4707336, 0.572863, 0.3732315, 0
0.5596465, 0.5580049, 0.4906608, 0
0.5571616, 0.556985, 0.4961548, 0
0.555766, 0.5603096, 0.5365129, 0
0.4078038, 0.5704915, 0.3121797, 0
0.3477404, 0.5629472, 0.288779, 0
0.417757, 0.5808622, 0.3714336, 0
0.5722009, 0.5455427, 0.6041779, 0
0.4256089, 0.5645338, 0.2905713, 0
0.2939647, 0.5359141, 0.2737111, 0
0.4062144, 0.5786124, 0.3703593, 0
0.5869478, 0.5422216, 0.5799486, 0
0.4214122, 0.5776936, 0.4002005, 0
0.4740973, 0.5721037, 0.3784831, 0
0.6489383, 0.5474173, 0.6149555, 0
0.2403652, 0.520977, 0.1847577, 0
0.5494696, 0.5597875, 0.5237591, 0
0.5342302, 0.5602651, 0.4869519, 0
0.35704, 0.5533453, 0.2642004, 0
0.3209582, 0.5412727, 0.2539351, 0
0.5330596, 0.5553709, 0.5990518, 0
0.5115498, 0.5618587, 0.4954579, 0
0.605121, 0.5505341, 0.5559886, 0
0.5158074, 0.5657224, 0.5126958, 0
0.5254225, 0.5650038, 0.520078, 0
0.5094859, 0.5662334, 0.5113508, 0
0.5521411, 0.5640501, 0.4655499, 0
0.3244913, 0.5422162, 0.2548659, 0
0.4813966, 0.573279, 0.3465434, 0
0.499865, 0.568605, 0.4418267, 0
0.3490629, 0.562109, 0.3074399, 0
0.3871073, 0.5577225, 0.2547264, 0
0.4065743, 0.5649672, 0.2816283, 0
0.6311374, 0.5527452, 0.5538699, 0
0.5404362, 0.5621123, 0.5300044, 0
0.580661, 0.5490288, 0.6149639, 0
0.4187387, 0.5698718, 0.3206435, 0
0.4332015, 0.5775519, 0.3537988, 0
0.3914388, 0.5817614, 0.3819426, 0
0.572009, 0.5496969, 0.6173223, 0
0.4109291, 0.5804486, 0.4019344, 0
0.317206, 0.5419149, 0.2677249, 0
0.7017428, 0.5562023, 0.6570396, 0
0.2658883, 0.5477617, 0.1692465, 0
0.6030006, 0.5549694, 0.5517526, 0
0.2814718, 0.5569376, 0.2273671, 0
0.6554418, 0.5604628, 0.7134352, 0
0.3963668, 0.5831283, 0.3848509, 0
0.6826981, 0.5361435, 0.7316577, 0
0.4861265, 0.5711997, 0.3874898, 0
0.324003, 0.5479165, 0.2734704, 0
0.6872965, 0.5603086, 0.6597089, 0
0.6635305, 0.5273895, 0.7408032, 0
0.3862671, 0.5607942, 0.2631055, 0
0.4182023, 0.5814887, 0.3747157, 0
0.4116829, 0.5685609, 0.3013139, 0
0.3072062, 0.5480093, 0.1851277, 0
0.4685382, 0.5716112, 0.4423243, 0
0.3831031, 0.5629354, 0.2732107, 0
0.5096221, 0.5639884, 0.5544364, 0
0.468615, 0.5712486, 0.4036933, 0
0.4704241, 0.5717461, 0.4764432, 0
0.5686152, 0.5570959, 0.5113577, 0
0.256141, 0.5764992, 0.1907643, 0
0.6346269, 0.5648171, 0.6585757, 0
0.4630799, 0.5740471, 0.3716117, 0
0.6820387, 0.5619717, 0.6658016, 0
0.465703, 0.5710651, 0.4044617, 0
0.4494332, 0.5704075, 0.3290944, 0
0.6902895, 0.5603888, 0.6621313, 0
0.4805, 0.563422, 0.4922608, 0
0.4200259, 0.5781778, 0.3627938, 0
0.474716, 0.5726953, 0.3703763, 0
0.4465024, 0.5723595, 0.4019027, 0
0.5946615, 0.5452558, 0.5708882, 0
0.431666, 0.5702552, 0.3303761, 0
0.4251582, 0.5720097, 0.3390072, 0
0.5956243, 0.5476757, 0.5670148, 0
0.495294, 0.5642642, 0.5008876, 0
0.5415661, 0.5549666, 0.5643915, 0
0.2924625, 0.548395, 0.2088907, 0
0.7110168, 0.547069, 0.7109622, 0
0.4032345, 0.5820928, 0.4032016, 0
0.4755694, 0.5718665, 0.4343332, 0
0.3658618, 0.5608553, 0.3458544, 0
0.6170946, 0.5600449, 0.6898487, 0
0.587979, 0.566209, 0.6453501, 0
0.4193552, 0.5770338, 0.4135717, 0
0.3193317, 0.571438, 0.2103559, 0
0.3741266, 0.5520985, 0.2470539, 0
0.4113493, 0.56804, 0.2989932, 0
0.4001091, 0.5643337, 0.2781479, 0
0.7071443, 0.5509416, 0.703847, 0
0.6845157, 0.5523469, 0.7217621, 0
0.5229508, 0.56055, 0.4884788, 0
0.466859, 0.5713826, 0.4565962, 0
0.5570216, 0.5559823, 0.5540102, 0
0.4875733, 0.5706891, 0.4436572, 0
0.3776012, 0.568277, 0.3080588, 0
0.4780123, 0.5724227, 0.3677494, 0
0.5308556, 0.5618744, 0.5081043, 0
0.440321, 0.5699398, 0.4488592, 0
0.3115148, 0.5452576, 0.2171885, 0
0.478034, 0.5711547, 0.4151089, 0
0.5010486, 0.5641752, 0.4994939, 0
0.3600578, 0.5476835, 0.2391316, 0
0.4007033, 0.5823787, 0.3822961, 0
0.4278805, 0.5707587, 0.4335772, 0
0.3797412, 0.5739591, 0.3614909, 0
0.385883, 0.5698247, 0.3043558, 0
0.342964, 0.5609176, 0.1883031, 0
0.6078875, 0.5683738, 0.6814862, 0
0.6535783, 0.5550672, 0.6348838, 0
0.3644281, 0.5590802, 0.2706013, 0
0.3381151, 0.5512021, 0.2063334, 0
0.6616539, 0.5417007, 0.6041053, 0
0.5910477, 0.5588846, 0.5547403, 0
0.5649728, 0.556438, 0.5502986, 0
0.5516096, 0.5602283, 0.5384488, 0
0.6492229, 0.5442355, 0.6056118, 0
0.4255401, 0.576268, 0.4064862, 0
0.4053508, 0.5798582, 0.3731054, 0
0.3077125, 0.5697057, 0.1979944, 0
0.4815222, 0.5721501, 0.4241377, 0
0.6106032, 0.5692848, 0.6782131, 0
0.4974014, 0.5708197, 0.4316266, 0
0.3555702, 0.5613792, 0.3019727, 0
0.6600136, 0.5479544, 0.7373242, 0
0.6458319, 0.5556372, 0.7242799, 0
0.3031518, 0.542046, 0.2456979, 0
0.656799, 0.5485007, 0.6235157, 0
0.4833204, 0.5706881, 0.454373, 0
0.5428644, 0.561063, 0.5448645, 0
0.5495718, 0.5592896, 0.5475059, 0
0.4244354, 0.5697131, 0.3242293, 0
0.6055856, 0.558461, 0.5411929, 0
0.5591873, 0.5594264, 0.5243216, 0
0.3952024, 0.5552613, 0.2452209, 0
0.3475341, 0.5464914, 0.2528859, 0
0.5237396, 0.5606802, 0.4942198, 0
0.563416, 0.5526723, 0.629422, 0
0.5264015, 0.5608584, 0.4772667, 0
0.3792759, 0.5712656, 0.325088, 0
0.3452524, 0.5601586, 0.1858631, 0
0.6572415, 0.5184686, 0.7391165, 0
0.5270643, 0.5604017, 0.4896225, 0
0.3081636, 0.5471723, 0.1604515, 0
0.6737761, 0.5563908, 0.7107189, 0
0.5025117, 0.5671905, 0.5338423, 0
0.575956, 0.5574192, 0.5550241, 0
0.6603003, 0.5609804, 0.7103831, 0
0.643594, 0.5530432, 0.6209472, 0
0.594602, 0.5695905, 0.6644408, 0
0.5395441, 0.5596122, 0.504492, 0
0.2546076, 0.5402484, 0.2100523, 0
0.4182298, 0.5719966, 0.34, 0
0.4969621, 0.5655813, 0.5267929, 0
0.4784478, 0.5723563, 0.3695958, 0
0.5639741, 0.5472375, 0.6041682, 0
0.6500116, 0.5146278, 0.7369265, 0
0.370914, 0.5573664, 0.264021, 0
0.4050459, 0.576417, 0.3648267, 0
0.6029131, 0.5625658, 0.6389098, 0
0.5257599, 0.5659148, 0.5438329, 0
0.5197442, 0.5633962, 0.5060455, 0
0.4512872, 0.5753521, 0.3556248, 0
0.2873319, 0.5688767, 0.2148165, 0
0.4012445, 0.5674694, 0.2920504, 0
0.6711814, 0.5515099, 0.7224386, 0
0.5885941, 0.5630382, 0.5205689, 0
0.478685, 0.5642269, 0.5060709, 0
0.539683, 0.5578762, 0.556346, 0
0.4552902, 0.5736078, 0.3416801, 0
0.4432967, 0.574378, 0.3397816, 0
0.3467924, 0.5490075, 0.228092, 0
0.363091, 0.5613933, 0.2974897, 0
0.5569289, 0.5657995, 0.459855, 0
0.603929, 0.552211, 0.6065603, 0
0.3779287, 0.5582105, 0.2601782, 0
0.3188781, 0.5471706, 0.2765915, 0
0.3474599, 0.5623317, 0.3088549, 0
0.5004564, 0.5671578, 0.5135343, 0
0.5722573, 0.5610973, 0.5260713, 0
0.2942982, 0.5381739, 0.1622536, 0
0.356806, 0.5534301, 0.2084047, 0
0.3508448, 0.5463345, 0.2498173, 0
0.6632559, 0.5648351, 0.6616009, 0
0.570728, 0.5564841, 0.5018465, 0
0.2807032, 0.5665011, 0.2168496, 0
0.4219862, 0.5774052, 0.3592573, 0
0.2702076, 0.5167984, 0.1910596, 0
0.5795062, 0.5565909, 0.6312587, 0
0.337908, 0.5641377, 0.3174077, 0
0.2764578, 0.5552946, 0.1525414, 0
0.4139287, 0.5750494, 0.3576838, 0
0.5531451, 0.5602802, 0.4808682, 0
0.4541656, 0.5712869, 0.4413126, 0
0.5951226, 0.5695745, 0.6662704, 0
0.623255, 0.5479686, 0.5969057, 0
0.5100213, 0.5607963, 0.4805932, 0
0.3656994, 0.5643594, 0.3404719, 0
0.530907, 0.5559479, 0.5946796, 0
0.6555441, 0.5157904, 0.7366791, 0
0.4321219, 0.579505, 0.3701299, 0
0.6736497, 0.5260575, 0.7349097, 0
0.3594802, 0.5482705, 0.2359451, 0
0.455301, 0.5703778, 0.408145, 0
0.5322553, 0.5601074, 0.4352945, 0
0.4191731, 0.5749051, 0.3544337, 0
0.3621942, 0.5637819, 0.3281188, 0
0.4512436, 0.5749128, 0.3466764, 0
0.5475852, 0.554381, 0.5700237, 0
0.3378386, 0.5444323, 0.245862, 0
0.5885318, 0.5425733, 0.5779627, 0
0.6586637, 0.5610352, 0.7110951, 0
0.5616634, 0.5555971, 0.5530895, 0
0.52316, 0.5657168, 0.5213858, 0
0.263577, 0.5463062, 0.2378632, 0
0.4278812, 0.5764669, 0.3993198, 0
0.529202, 0.5628747, 0.5125291, 0
0.5125139, 0.5621839, 0.4440671, 0
0.6618555, 0.5643359, 0.7032497, 0
0.6891956, 0.5481151, 0.7197772, 0
0.5355015, 0.560057, 0.5022519, 0
0.6699262, 0.5503374, 0.7266009, 0
0.6770064, 0.5511666, 0.7188354, 0
0.3372065, 0.5631206, 0.2036247, 0
0.2651713, 0.5119679, 0.1637698, 0
0.3431894, 0.5523814, 0.1948764, 0
0.4058694, 0.580643, 0.3750733, 0
0.351668, 0.5537266, 0.2677879, 0
0.6195947, 0.5421498, 0.5797591, 0
0.4949236, 0.5626453, 0.4714872, 0
0.3128973, 0.5422039, 0.2729035, 0
0.6675089, 0.5635075, 0.660473, 0
0.3897842, 0.5685682, 0.2970507, 0
0.4524673, 0.5761333, 0.3778135, 0
0.5784944, 0.5495369, 0.6165166, 0
0.6031231, 0.5664635, 0.6540264, 0
0.4639633, 0.5736214, 0.3814507, 0
0.4757965, 0.5715859, 0.3985352, 0
0.5100856, 0.5610814, 0.4533108, 0
0.6089053, 0.5580518, 0.6177453, 0
0.5740059, 0.5523774, 0.6247103, 0
0.6959901, 0.556333, 0.6730317, 0
0.5589834, 0.5570117, 0.5089754, 0
0.2799482, 0.5670178, 0.2179919, 0
0.3741362, 0.5557121, 0.2572857, 0
0.338223, 0.5674763, 0.2105397, 0
0.6598217, 0.5519521, 0.7277811, 0
0.6651167, 0.5659545, 0.668997, 0
0.2861359, 0.5705219, 0.2064749, 0
0.6567878, 0.5691131, 0.6853912, 0
0.3635569, 0.5614053, 0.3031898, 0
0.3875137, 0.5625203, 0.2701385, 0
0.4046177, 0.5683009, 0.2972386, 0
0.6191146, 0.5480538, 0.5967289, 0
0.555246, 0.5570017, 0.4952523, 0
0.4181476, 0.5708797, 0.3326584, 0
0.6595507, 0.5476957, 0.6237563, 0
0.3973586, 0.5702211, 0.3051685, 0
0.4744748, 0.5718314, 0.4355188, 0
0.3156761, 0.5518112, 0.2191065, 0
0.4889451, 0.5648862, 0.507265, 0
0.620901, 0.5434779, 0.589094, 0
0.2819155, 0.5695329, 0.1891257, 0
0.3970946, 0.5642322, 0.278078, 0
0.6619666, 0.5330309, 0.7422661, 0
0.4801129, 0.5717672, 0.3747173, 0
0.6128029, 0.5464733, 0.5621863, 0
0.5834935, 0.5680974, 0.6658936, 0
0.4619865, 0.5702702, 0.4238967, 0
0.4355683, 0.5689785, 0.3218927, 0
0.5492336, 0.5523573, 0.5807847, 0
0.5489674, 0.5627195, 0.4424802, 0
0.5760144, 0.5427111, 0.5876362, 0
0.3745231, 0.5695126, 0.3246199, 0
0.5103243, 0.5641603, 0.4412022, 0
0.5881863, 0.5670119, 0.6490602, 0
0.4225838, 0.5694205, 0.3213012, 0
0.4430151, 0.5715982, 0.450778, 0
0.324833, 0.5722135, 0.1865831, 0
0.5751203, 0.5656354, 0.6578377, 0
0.2784057, 0.5665088, 0.1790802, 0
0.6221617, 0.5438164, 0.5704228, 0
0.5221384, 0.5602022, 0.5796663, 0
0.2625357, 0.5535245, 0.1675715, 0
0.2669797, 0.5127199, 0.1708834, 0
0.3780762, 0.5702028, 0.332369, 0
0.6100253, 0.5538032, 0.6073934, 0
0.6078632, 0.5646684, 0.6531168, 0
0.5072713, 0.5678016, 0.4302883, 0
0.6736131, 0.5543962, 0.6417551, 0
0.5002522, 0.5612625, 0.4670216, 0
0.5869951, 0.5644025, 0.639464, 0
0.3338535, 0.5571001, 0.1997826, 0
0.5015593, 0.5717696, 0.3971638, 0
0.4678085, 0.5664561, 0.4898588, 0
0.4077142, 0.5744991, 0.3554878, 0
0.5533658, 0.5645115, 0.4638632, 0
0.6234467, 0.5701311, 0.6765234, 0
0.5868728, 0.5598105, 0.5526877, 0
0.3313811, 0.5480888, 0.2236396, 0
0.6151937, 0.5704693, 0.6717418, 0
0.3824301, 0.5694864, 0.3056057, 0
0.5848157, 0.5589003, 0.6281426, 0
0.5984632, 0.5504177, 0.561705, 0
0.6996214, 0.541535, 0.7216266, 0
0.541271, 0.5607154, 0.5489997, 0
0.2910548, 0.549085, 0.2534856, 0
0.6974005, 0.5292681, 0.7256646, 0
0.3186338, 0.5578003, 0.2109264, 0
0.4854922, 0.5714425, 0.409909, 0
0.4897258, 0.5723358, 0.4127126, 0
0.3947619, 0.573061, 0.3211801, 0
0.287087, 0.5435073, 0.2372476, 0
0.3905469, 0.5629579, 0.2716506, 0
0.2928056, 0.5223095, 0.1712967, 0
0.4342557, 0.5788923, 0.371259, 0
0.3669944, 0.5616868, 0.2920264, 0
0.4831889, 0.5714026, 0.3938045, 0
0.4790225, 0.5717741, 0.3777212, 0
0.5047237, 0.5676011, 0.5231276, 0
0.5878336, 0.5575787, 0.6878748, 0
0.3687993, 0.5658518, 0.3161413, 0
0.411002, 0.5818462, 0.3804711, 0
0.493441, 0.5708861, 0.3883581, 0
0.3112431, 0.5460377, 0.182032, 0
0.6717284, 0.5388402, 0.7358941, 0
0.5931229, 0.5552011, 0.614468, 0
0.547151, 0.5579821, 0.505107, 0
0.2916619, 0.5437857, 0.220792, 0
0.6261901, 0.5631496, 0.6938863, 0
0.5859277, 0.5599405, 0.5521345, 0
0.5882647, 0.5601628, 0.6273757, 0
0.5484654, 0.5601715, 0.5435046, 0
0.5521109, 0.5540876, 0.6177285, 0
0.6786863, 0.5622275, 0.6636606, 0
0.6305743, 0.5637103, 0.7032201, 0
0.4423791, 0.5689194, 0.3218527, 0
0.2958107, 0.5506438, 0.183237, 0
0.3682626, 0.5620795, 0.2881283, 0
0.6608812, 0.5410387, 0.7413691, 0
0.5950185, 0.5479838, 0.6074976, 0
0.2969033, 0.559207, 0.2148645, 0
0.4624681, 0.573201, 0.3864704, 0
0.435111, 0.5763099, 0.393915, 0
0.479323, 0.5709345, 0.4555662, 0
0.405518, 0.5733896, 0.3449991, 0
0.3494801, 0.5542659, 0.1917015, 0
0.4950297, 0.5636178, 0.4684185, 0
0.5772846, 0.563926, 0.6706027, 0
0.3524953, 0.5513406, 0.216701, 0
0.6342351, 0.5677045, 0.6623713, 0
0.5974566, 0.5512727, 0.608898, 0
0.4501394, 0.5765296, 0.3771574, 0
0.5109643, 0.5602857, 0.4717602, 0
0.641667, 0.5637363, 0.6566243, 0
0.4443099, 0.5678379, 0.4366086, 0
0.5953867, 0.5589187, 0.6197563, 0
0.6736518, 0.532037, 0.7356253, 0
0.351849, 0.5473206, 0.233559, 0
0.685133, 0.5317554, 0.7308602, 0
0.6510656, 0.5699612, 0.6927496, 0
0.6678111, 0.561583, 0.7048723, 0
0.4677494, 0.565362, 0.4914627, 0
0.3977212, 0.5740461, 0.3457241, 0
0.5236473, 0.5605283, 0.4404702, 0
0.4613579, 0.5712641, 0.4338897, 0
0.4274524, 0.5729508, 0.4204066, 0
0.3328246, 0.5655088, 0.3015679, 0
0.5969626, 0.5475085, 0.6061355, 0
0.3666756, 0.562125, 0.2811625, 0
0.6180051, 0.5466534, 0.5595188, 0
0.4233637, 0.574078, 0.4279034, 0
0.5989883, 0.5671144, 0.6807244, 0
0.4151083, 0.5682271, 0.3010767, 0
0.5094872, 0.5704334, 0.3868394, 0
0.4835765, 0.563443, 0.4969718, 0
0.3703023, 0.5606984, 0.271706, 0
0.3099772, 0.5678489, 0.1972222, 0
0.6272933, 0.5624391, 0.6528546, 0
0.6306453, 0.5665292, 0.6597623, 0
0.636197, 0.5673293, 0.6973083, 0
0.3458555, 0.5633243, 0.2986859, 0
0.5379139, 0.5531931, 0.5867225, 0
0.5254526, 0.5630112, 0.509318, 0
0.5539875, 0.560802, 0.4791333, 0
0.4969748, 0.5715846, 0.3976093, 0
0.5557799, 0.5555552, 0.5603967, 0
0.5192559, 0.5610604, 0.4640355, 0
0.3892406, 0.5663541, 0.2903949, 0
0.4633415, 0.5737612, 0.369862, 0
0.4013571, 0.5665886, 0.2877962, 0
0.6275064, 0.560488, 0.6489704, 0
0.3613879, 0.5620372, 0.2864276, 0
0.4003938, 0.5750875, 0.3537866, 0
0.6187192, 0.5452294, 0.5667756, 0
0.4365206, 0.5691333, 0.4271241, 0
0.3684276, 0.5522003, 0.2535436, 0
0.2728149, 0.5531267, 0.2006751, 0
0.465432, 0.5726221, 0.4736114, 0
0.2938391, 0.547435, 0.2437897, 0
0.3737853, 0.5542186, 0.2171606, 0
0.5483611, 0.5556207, 0.6240616, 0
0.3884265, 0.5740068, 0.3379, 0
0.6259459, 0.5653396, 0.6567286, 0
0.5193512, 0.5623479, 0.5746659, 0
0.3145128, 0.5540328, 0.1835522, 0
0.6352294, 0.5712034, 0.6735468, 0
0.2699409, 0.5313331, 0.2101555, 0
0.4942099, 0.5681676, 0.4550889, 0
0.5390404, 0.5621625, 0.5434808, 0
0.5177281, 0.5679584, 0.5366899, 0
0.6160268, 0.5700096, 0.6652353, 0
0.5590723, 0.5574416, 0.5474098, 0
0.3654607, 0.5615157, 0.2985697, 0
0.5259897, 0.5614089, 0.4584059, 0
0.2758023, 0.5703284, 0.2033488, 0
0.5460783, 0.5613065, 0.4800709, 0
0.4764376, 0.5721527, 0.3494368, 0
0.6762058, 0.5136672, 0.7246574, 0
0.3716888, 0.5667245, 0.3371032, 0
0.369534, 0.5496306, 0.2391111, 0
0.4525442, 0.5721903, 0.4509971, 0
0.4578795, 0.5698164, 0.4137166, 0
0.5190968, 0.5677596, 0.4076587, 0
0.4319715, 0.5735748, 0.4103852, 0
0.5822447, 0.5592449, 0.5528644, 0
0.6815612, 0.5520391, 0.6331955, 0
0.4428896, 0.5761065, 0.3490914, 0
0.4114652, 0.5713528, 0.3266616, 0
0.4912317, 0.5674804, 0.4635981, 0
0.6410686, 0.5489129, 0.6084682, 0
0.4545224, 0.5748812, 0.3569697, 0
0.4438266, 0.5684546, 0.3206819, 0
0.42092, 0.5763429, 0.3571936, 0
0.5433751, 0.5586343, 0.504344, 0
0.3374305, 0.5534388, 0.2171064, 0
0.43719, 0.5671737, 0.3040196, 0
0.4186926, 0.5780292, 0.404815, 0
0.3157189, 0.5505368, 0.1796228, 0
0.3546147, 0.5477723, 0.2511238, 0
0.3942845, 0.562815, 0.2687871, 0
0.3808637, 0.5729837, 0.3569053, 0
0.679112, 0.5515662, 0.7172458, 0
0.2707877, 0.5365196, 0.1686573, 0
0.47914, 0.5720425, 0.4248576, 0
0.3276797, 0.5537649, 0.1951731, 0
0.6358413, 0.5490444, 0.6025031, 0
0.5791377, 0.5443844, 0.6006116, 0
0.6739595, 0.5384307, 0.6157076, 0
0.3736692, 0.5665558, 0.3456665, 0
0.6487145, 0.5548725, 0.7223196, 0
0.3262458, 0.5465589, 0.2027456, 0
0.4775046, 0.5711896, 0.4103684, 0
0.4196652, 0.5777584, 0.3620986, 0
0.546191, 0.5533467, 0.5787004, 0
0.3903213, 0.5769371, 0.3689707, 0
0.6410975, 0.5429355, 0.5873025, 0
0.3421938, 0.5554309, 0.2736817, 0
0.3886948, 0.5711094, 0.3095001, 0
0.3947342, 0.5740906, 0.3400147, 0
0.4848149, 0.5636585, 0.4996223, 0
0.6621344, 0.5602707, 0.7101595, 0
0.5094466, 0.566598, 0.4331273, 0
0.6590097, 0.5525294, 0.6332064, 0
0.305817, 0.5430372, 0.2381021, 0
0.4834766, 0.5713076, 0.3992275, 0
0.6205718, 0.5584987, 0.6431289, 0
0.3455203, 0.5497833, 0.2640889, 0
0.2617393, 0.5579874, 0.1996921, 0
0.3448653, 0.5493746, 0.2631156, 0
0.64342, 0.5609, 0.7202606, 0
0.3168858, 0.5699725, 0.1813574, 0
0.3313852, 0.547359, 0.2673345, 0
0.6300066, 0.5548184, 0.6194727, 0
0.4302828, 0.5672722, 0.3035253, 0
0.2722577, 0.5747325, 0.1577193, 0
0.4881093, 0.5714891, 0.4069622, 0
0.4241449, 0.5684994, 0.3107885, 0
0.5471054, 0.5607532, 0.4817793, 0
0.3274475, 0.5571936, 0.2862317, 0
0.3878012, 0.5656557, 0.289076, 0
0.423121, 0.5691075, 0.3183337, 0
0.6445673, 0.5415846, 0.5797144, 0
0.612654, 0.5583818, 0.6999064, 0
0.6820447, 0.548992, 0.7287265, 0
0.5634449, 0.5613513, 0.6493039, 0
0.2933753, 0.5549946, 0.2255877, 0
0.267183, 0.5424269, 0.2399409, 0
0.4479857, 0.5736916, 0.4582646, 0
0.4525112, 0.5721369, 0.4498209, 0
0.4908214, 0.5709745, 0.4389707, 0
0.5693318, 0.5613431, 0.6443973, 0
0.6253683, 0.5562353, 0.6329139, 0
0.3831902, 0.5728049, 0.3528329, 0
0.4748256, 0.5719036, 0.3851073, 0
0.3321758, 0.5644132, 0.2973958, 0
0.4637481, 0.5716422, 0.435146, 0
0.5453293, 0.5590321, 0.5075614, 0
0.4508286, 0.5763667, 0.3794787, 0
0.6171569, 0.5414589, 0.5831705, 0
0.2577417, 0.5492048, 0.1820633, 0
0.6230736, 0.5562953, 0.632247, 0
0.41254, 0.5806209, 0.3738863, 0
0.6331784, 0.5489486, 0.6005052, 0
0.4224264, 0.5801915, 0.3820911, 0
0.5001728, 0.5617313, 0.4854824, 0
0.61129, 0.5569504, 0.5329676, 0
0.3222224, 0.5452296, 0.2044592, 0
0.5906591, 0.5668349, 0.6783209, 0
0.4171745, 0.5634623, 0.2798206, 0
0.4930216, 0.5656821, 0.508698, 0
0.3799975, 0.5703941, 0.3451801, 0
0.646265, 0.5679042, 0.703377, 0
0.3981836, 0.563116, 0.2704688, 0
0.6170722, 0.560679, 0.7029703, 0
0.4400679, 0.5750779, 0.3978651, 0
0.6891924, 0.528973, 0.7281763, 0
0.5732029, 0.5578553, 0.4944904, 0
0.5893919, 0.5691124, 0.6609266, 0
0.6563488, 0.5515099, 0.7316446, 0
0.5943415, 0.553079, 0.611842, 0
0.5634253, 0.5569845, 0.5101386, 0
0.474351, 0.5716928, 0.4376414, 0
0.4478993, 0.5733751, 0.3981953, 0
0.5608462, 0.5597273, 0.5259475, 0
0.4373338, 0.5751058, 0.4008161, 0
0.3620603, 0.5483949, 0.2463904, 0
0.4353712, 0.5781376, 0.3577529, 0
0.2976414, 0.5445725, 0.2205402, 0
0.3157054, 0.555939, 0.1718942, 0
0.4642298, 0.5713225, 0.3974372, 0
0.6459592, 0.5684679, 0.7020649, 0
0.5962247, 0.5572602, 0.6156061, 0
0.430721, 0.5783972, 0.3576755, 0
0.5407447, 0.5603034, 0.4855144, 0
0.3127585, 0.5560217, 0.2287181, 0
0.5213445, 0.5613354, 0.4662388, 0
0.2657305, 0.5395755, 0.2201196, 0
0.3140758, 0.5479181, 0.1789462, 0
0.4751323, 0.5724465, 0.358788, 0
0.5106515, 0.5601131, 0.4710159, 0
0.4866009, 0.5706337, 0.4459043, 0
0.5379326, 0.5622414, 0.5446692, 0
0.4767335, 0.5637594, 0.4954395, 0
0.3550661, 0.5628762, 0.2869284, 0
0.4030163, 0.5817595, 0.3799284, 0
0.4698097, 0.5719647, 0.3974856, 0
0.3643745, 0.5530993, 0.2592022, 0
0.5176394, 0.5607219, 0.4771767, 0
0.2728343, 0.5253164, 0.1534953, 0
0.6595949, 0.5426865, 0.5976155, 0
0.3892328, 0.5774781, 0.371008, 0
0.4140594, 0.5645311, 0.2809977, 0
0.2730698, 0.5746137, 0.1994704, 0
0.6905264, 0.5160435, 0.7198765, 0
0.2659047, 0.5198885, 0.1590206, 0
0.3622651, 0.5494207, 0.2310271, 0
0.5989528, 0.5613847, 0.5232213, 0
0.3174948, 0.5483646, 0.2797537, 0
0.5053193, 0.5632968, 0.4971732, 0
0.5079302, 0.5664666, 0.4379223, 0
0.5960938, 0.5592168, 0.687746, 0
0.6674656, 0.5543832, 0.7155833, 0
0.4435052, 0.5763499, 0.3517483, 0
0.681164, 0.5615763, 0.688634, 0
0.4946581, 0.5634111, 0.4955545, 0
0.5765539, 0.5614886, 0.5400584, 0
0.5893725, 0.5619195, 0.5044903, 0
0.3864124, 0.5615855, 0.2655525, 0
0.2371397, 0.5371242, 0.1985038, 0
0.5176886, 0.5628631, 0.572807, 0
0.6740398, 0.5649719, 0.6777337, 0
0.6243749, 0.5477569, 0.5575913, 0
0.6722599, 0.5519913, 0.7186211, 0
0.4513952, 0.5694454, 0.4165256, 0
0.5118142, 0.5630828, 0.4424067, 0
0.2692824, 0.5482022, 0.1840447, 0
0.565126, 0.5526072, 0.6307662, 0
0.2736843, 0.5389616, 0.1665077, 0
0.6684813, 0.5541838, 0.639213, 0
0.5821951, 0.5466476, 0.6100929, 0
0.6806037, 0.5628008, 0.6719899, 0
0.5266945, 0.5625284, 0.5072731, 0
0.4674065, 0.5729326, 0.369575, 0
0.4718402, 0.5720457, 0.3873578, 0
0.3809449, 0.5710239, 0.3474888, 0
0.249059, 0.5266364, 0.1835004, 0
0.2988862, 0.5431466, 0.2112599, 0
0.4644687, 0.5709521, 0.4020378, 0
0.2874752, 0.5555182, 0.1948112, 0
0.372036, 0.5630566, 0.298427, 0
0.5629852, 0.5461206, 0.598937, 0
0.4295494, 0.5700606, 0.3288394, 0
0.5302832, 0.5603679, 0.4870261, 0
0.4130436, 0.57706, 0.3644511, 0
0.3795303, 0.559768, 0.2638429, 0
0.5037165, 0.5607784, 0.4779552, 0
0.3249925, 0.5627351, 0.207455, 0
0.402816, 0.5736919, 0.3457776, 0
0.5877287, 0.5661997, 0.6454202, 0
0.5542809, 0.5530688, 0.6358173, 0
0.5583068, 0.5594338, 0.4832428, 0
0.493662, 0.5688682, 0.4512206, 0
0.5436297, 0.552232, 0.5857413, 0
0.2652919, 0.5196254, 0.1997636, 0
0.4703447, 0.5718833, 0.4329011, 0
0.3577028, 0.5562252, 0.2687134, 0
0.2833856, 0.5435834, 0.1589407, 0
0.3657719, 0.5581771, 0.2685604, 0
0.5341467, 0.5605273, 0.4331602, 0
0.4854388, 0.5712591, 0.4018553, 0
0.4907983, 0.5632258, 0.4781754, 0
0.3192391, 0.5548066, 0.288729, 0
0.6668, 0.5505118, 0.7282637, 0
0.2579429, 0.558468, 0.1859276, 0
0.3938364, 0.5741665, 0.3440361, 0
0.5008201, 0.5672703, 0.5147016, 0
0.4824042, 0.5713808, 0.3931769, 0
0.4896723, 0.5703847, 0.4457222, 0
0.5294991, 0.5653306, 0.5388627, 0
0.3861502, 0.5633147, 0.2750759, 0
0.4876727, 0.5694591, 0.4622678, 0
0.4532975, 0.5738221, 0.3924345, 0
0.3406314, 0.5604749, 0.2827555, 0
0.2942376, 0.5538845, 0.1521349, 0
0.3497096, 0.5543534, 0.2696168, 0
0.4000655, 0.5752362, 0.3548131, 0
0.5390505, 0.5551042, 0.5643372, 0
0.3601455, 0.5618551, 0.3166489, 0
0.3544487, 0.5492637, 0.2573206, 0
0.3613233, 0.54956, 0.2518227, 0
0.4841245, 0.5654216, 0.4803202, 0
0.503687, 0.5667525, 0.5492003, 0
0.6141057, 0.5586653, 0.696453, 0
0.617055, 0.5462099, 0.5620751, 0
0.547395, 0.5509207, 0.599428, 0
0.3642384, 0.5488973, 0.2392695, 0
0.5746211, 0.5614857, 0.5253389, 0
0.4428854, 0.5771943, 0.373331, 0
0.5786372, 0.5668417, 0.6627674, 0
0.2873201, 0.5671454, 0.2140546, 0
0.3807006, 0.5752234, 0.3687317, 0
0.542035, 0.5520155, 0.5889822, 0
0.3813139, 0.5714658, 0.3185101, 0
0.4593558, 0.5714788, 0.4402533, 0
0.4225231, 0.5770417, 0.3579342, 0
0.6818959, 0.5624596, 0.6741661, 0
0.5157589, 0.5668885, 0.5191376, 0
0.5670118, 0.5608863, 0.535816, 0
0.694948, 0.5538679, 0.6451311, 0
0.3774049, 0.5637681, 0.2906147, 0
0.4852101, 0.5631064, 0.4881397, 0
0.2394926, 0.5702919, 0.1957428, 0
0.4955566, 0.5662565, 0.5107246, 0
0.2764991, 0.5408204, 0.2230657, 0
0.4452276, 0.5724487, 0.4527759, 0
0.5532026, 0.5532327, 0.6138346, 0
0.3758057, 0.5659854, 0.3023058, 0
0.5297732, 0.5548749, 0.5771912, 0
0.6022717, 0.5421772, 0.5957032, 0
0.6883911, 0.5553549, 0.6471307, 0
0.5010297, 0.5692386, 0.4380683, 0
0.3954761, 0.5834407, 0.3863138, 0
0.3912294, 0.5643338, 0.2813177, 0
0.2485894, 0.549225, 0.2004028, 0
0.599983, 0.5602486, 0.5445573, 0
0.5559239, 0.559317, 0.5428814, 0
0.3906614, 0.5688812, 0.2984909, 0
0.4005704, 0.5728838, 0.3225166, 0
0.2627448, 0.5189061, 0.1928987, 0
0.2551123, 0.5641093, 0.2101519, 0
0.6075502, 0.5567978, 0.6136446, 0
0.3247212, 0.5465593, 0.2076701, 0
0.4465998, 0.5713183, 0.4472193, 0
0.3088401, 0.5464272, 0.2401685, 0
0.3044847, 0.5408417, 0.2511779, 0
0.4660159, 0.5702071, 0.3307372, 0
0.4527375, 0.575192, 0.4714163, 0
0.5794631, 0.561352, 0.5175861, 0
0.5819508, 0.5661969, 0.6732224, 0
0.4586418, 0.5718089, 0.4491369, 0
0.4698587, 0.571771, 0.3995307, 0
0.3606261, 0.5554137, 0.199978, 0
0.3041496, 0.5359371, 0.1739651, 0
0.5632181, 0.5562636, 0.5011194, 0
0.4819867, 0.5715047, 0.3803921, 0
0.5884131, 0.5415623, 0.5874103, 0
0.3217358, 0.552375, 0.2830474, 0
0.5808233, 0.5599195, 0.6360001, 0
0.4600947, 0.5735204, 0.4841142, 0
0.2895752, 0.5769684, 0.1801196, 0
0.2436946, 0.5494819, 0.2113301, 0
0.5609924, 0.5471038, 0.5842723, 0
0.6387696, 0.5467457, 0.6008125, 0
0.5175069, 0.5625947, 0.5727203, 0
0.6673312, 0.5122327, 0.7271507, 0
0.5430666, 0.5589653, 0.5527064, 0
0.4479842, 0.5695121, 0.4120419, 0
0.4860208, 0.5691484, 0.4706151, 0
0.4572486, 0.571725, 0.3988728, 0
0.5018876, 0.567673, 0.5522822, 0
0.6628289, 0.5270166, 0.7411941, 0
0.2999083, 0.5379481, 0.1822699, 0
0.4744824, 0.5711818, 0.4082613, 0
0.3495298, 0.5499914, 0.2626441, 0
0.5752124, 0.5539961, 0.6307929, 0
0.6496458, 0.5520642, 0.6244055, 0
0.6750042, 0.5528902, 0.7274448, 0
0.5445336, 0.5525314, 0.5834978, 0
0.4611436, 0.5690925, 0.3289286, 0
0.4860835, 0.5712422, 0.3957606, 0
0.3759786, 0.5697752, 0.3205056, 0
0.5119884, 0.5615866, 0.4930381, 0
0.4838534, 0.5718066, 0.4166672, 0
0.6750321, 0.53143, 0.7350797, 0
0.5275086, 0.5557774, 0.5668833, 0
0.5113676, 0.5613689, 0.4854275, 0
0.6757293, 0.5510455, 0.7263352, 0
0.6735096, 0.5656784, 0.6857208, 0
0.3670494, 0.5552234, 0.2034459, 0
0.5879424, 0.5624886, 0.6336529, 0
0.3332632, 0.5639663, 0.3106071, 0
0.4044668, 0.5819382, 0.4044423, 0
0.6728613, 0.5659791, 0.6875138, 0
0.6331547, 0.5593259, 0.6452103, 0
0.4930995, 0.5707023, 0.4400015, 0
0.4159098, 0.5694703, 0.3104694, 0
0.2667653, 0.5522149, 0.1591233, 0
0.5517861, 0.5541273, 0.6167291, 0
0.385195, 0.5746713, 0.3571592, 0
0.3045622, 0.5710508, 0.188336, 0
0.5049815, 0.5724801, 0.4032742, 0
0.5211657, 0.5610784, 0.4709806, 0
0.4681742, 0.5733184, 0.3740707, 0
0.6424838, 0.5451832, 0.7505081, 0
0.4316195, 0.5692614, 0.4331775, 0
0.4533272, 0.5715477, 0.4447453, 0
0.6018782, 0.5565748, 0.5505953, 0
0.4482833, 0.5760118, 0.3601682, 0
0.5854083, 0.5607412, 0.6319493, 0
0.6255347, 0.5422181, 0.577095, 0
0.5656264, 0.5556026, 0.5538893, 0
0.2736272, 0.5726252, 0.1967676, 0
0.3312533, 0.5560012, 0.2797561, 0
0.631337, 0.5652433, 0.6582741, 0
0.4228655, 0.580154, 0.3816923, 0
0.4039775, 0.5762975, 0.3643984, 0
0.6511301, 0.5646573, 0.708837, 0
0.5536401, 0.5652912, 0.4543115, 0
0.4876904, 0.5697503, 0.4555412, 0
0.2902787, 0.5552064, 0.2077918, 0
0.3595026, 0.5474657, 0.2414892, 0
0.6553592, 0.5694469, 0.6861744, 0
0.6077352, 0.557768, 0.5383669, 0
0.4386502, 0.5683643, 0.3185342, 0
0.3747451, 0.5538717, 0.219048, 0
0.6599337, 0.5483966, 0.7367331, 0
0.2489671, 0.5611054, 0.1904736, 0
0.4538974, 0.5724744, 0.4580903, 0
0.4563618, 0.5706421, 0.4062691, 0
0.5040008, 0.5710708, 0.376775, 0
0.4205068, 0.5758281, 0.3556987, 0
0.5258693, 0.5572067, 0.5626819, 0
0.6993876, 0.5281079, 0.7247704, 0
0.5699036, 0.5452552, 0.6014593, 0
0.3133141, 0.5408786, 0.2519639, 0
0.4665264, 0.5714837, 0.4811444, 0
0.3995726, 0.5728396, 0.321641, 0
0.5867339, 0.5655346, 0.6432453, 0
0.2905815, 0.5620932, 0.1657202, 0
0.4587895, 0.5700392, 0.4185255, 0
0.5464431, 0.556549, 0.6240044, 0
0.6598918, 0.5405448, 0.7422129, 0
0.3158213, 0.5448386, 0.2044278, 0
0.2841527, 0.5576586, 0.1468723, 0
0.4849413, 0.5715386, 0.439094, 0
0.654328, 0.5690834, 0.669677, 0
0.56839, 0.5445981, 0.5851004, 0
0.5664314, 0.5636094, 0.4751807, 0
0.365078, 0.5614993, 0.298157, 0
0.5437679, 0.5612342, 0.5341062, 0
0.5559105, 0.5581617, 0.51351, 0
0.5515647, 0.5578436, 0.491003, 0
0.6043844, 0.5474967, 0.6025584, 0
0.6656219, 0.5351423, 0.7398463, 0
0.4221179, 0.5810908, 0.3767272, 0
0.5811968, 0.5598379, 0.5505086, 0
0.6930823, 0.5589024, 0.6704334, 0
0.6137933, 0.559666, 0.713028, 0
0.3084162, 0.5450421, 0.2218767, 0
0.4189916, 0.564975, 0.2865762, 0
0.4747088, 0.5707538, 0.4772974, 0
0.5665329, 0.550988, 0.618765, 0
0.4961171, 0.5651503, 0.504795, 0
0.55949, 0.5463937, 0.5918303, 0
0.5419875, 0.5520629, 0.5886226, 0
0.6252086, 0.5628014, 0.6910515, 0
0.4415978, 0.5753439, 0.3947609, 0
0.4204083, 0.5813503, 0.3765828, 0
0.3809601, 0.5662965, 0.2964539, 0
0.4967185, 0.5683734, 0.449198, 0
0.3419788, 0.5591952, 0.2797075, 0
0.36276, 0.5638734, 0.3259045, 0
0.5657333, 0.5562399, 0.5014169, 0
0.5950863, 0.5427433, 0.5761093, 0
0.6114211, 0.5568861, 0.533765, 0
0.4439225, 0.5672418, 0.3135526, 0
0.3184632, 0.544739, 0.2728955, 0
0.6321784, 0.5438704, 0.5882103, 0
0.3662847, 0.5616145, 0.2775059, 0
0.4291389, 0.5680002, 0.3102002, 0
0.4123345, 0.570676, 0.3180028, 0
0.3733493, 0.5652962, 0.3038124, 0
0.5159213, 0.5674093, 0.5243601, 0
0.4980664, 0.5663344, 0.4547899, 0
0.5558345, 0.555316, 0.5631566, 0
0.6557755, 0.5324863, 0.7475347, 0
0.253052, 0.5249073, 0.1796688, 0
0.6760064, 0.5372787, 0.7342545, 0
0.4663606, 0.5731866, 0.382626, 0
0.3473351, 0.553267, 0.1911055, 0
0.4326514, 0.5753597, 0.3469125, 0
0.5344887, 0.5612088, 0.4468856, 0
0.5348862, 0.5577925, 0.5575009, 0
0.4672763, 0.5719645, 0.361496, 0
0.5519459, 0.5577572, 0.5502837, 0
0.6114292, 0.5584988, 0.7053337, 0
0.6057276, 0.5571153, 0.7054011, 0
0.4988146, 0.5719476, 0.4185034, 0
0.2698006, 0.5317226, 0.2109105, 0
0.5142281, 0.5674551, 0.5225068, 0
0.3562893, 0.5599049, 0.2764275, 0
0.3173427, 0.5401614, 0.2594963, 0
0.5389633, 0.5544322, 0.5700412, 0
0.4827565, 0.5713245, 0.3929827, 0
0.5441596, 0.562016, 0.441267, 0
0.5064976, 0.5660688, 0.5091627, 0
0.4747855, 0.5700502, 0.4794325, 0
0.6715387, 0.549147, 0.6272237, 0
0.5590489, 0.5572024, 0.6474722, 0
0.6453963, 0.5713758, 0.6812293, 0
0.4244002, 0.5772238, 0.3573213, 0
0.4370561, 0.577193, 0.3529656, 0
0.296439, 0.5674757, 0.1787786, 0
0.5262542, 0.5635068, 0.5510262, 0
0.3040083, 0.574637, 0.2012572, 0
0.6567649, 0.5491362, 0.7377062, 0
0.6208346, 0.563059, 0.7088724, 0
0.4589258, 0.5665839, 0.323907, 0
0.5410427, 0.5541534, 0.5729985, 0
0.6263894, 0.5573699, 0.63985, 0
0.459371, 0.5718207, 0.3975861, 0
0.7031435, 0.5569218, 0.6630679, 0
0.3645194, 0.5502627, 0.2284145, 0
0.5448882, 0.5509781, 0.5925377, 0
0.375587, 0.5661197, 0.3031942, 0
0.6869731, 0.5353413, 0.7297338, 0
0.330285, 0.5632232, 0.2955104, 0
0.4164377, 0.5777308, 0.416094, 0
0.6193859, 0.5596954, 0.6464522, 0
0.5331345, 0.5639172, 0.5318175, 0
0.4243388, 0.5806972, 0.3719835, 0
0.2474148, 0.5189988, 0.1946314, 0
0.6366824, 0.5592714, 0.6425912, 0
0.4333768, 0.5748264, 0.4040971, 0
0.6473479, 0.5653055, 0.708382, 0
0.3171778, 0.5497259, 0.1793482, 0
0.4885911, 0.5705355, 0.4458426, 0
0.6203494, 0.5565767, 0.6260003, 0
0.2856585, 0.5711132, 0.1763365, 0
0.552965, 0.5585028, 0.4877581, 0
0.3059593, 0.5381335, 0.2688152, 0
0.5265334, 0.5579379, 0.5605569, 0
0.3469013, 0.5570702, 0.2739876, 0
0.5716739, 0.5542948, 0.6344936, 0
0.6374854, 0.5579823, 0.6311511, 0
0.5630004, 0.5498127, 0.6120299, 0
0.5888666, 0.5628904, 0.5167567, 0
0.4804322, 0.5714932, 0.3986434, 0
0.3176995, 0.5439687, 0.2722202, 0
0.6166584, 0.5457602, 0.5654775, 0
0.2781477, 0.5428648, 0.1544471, 0
0.3585272, 0.5613218, 0.3118079, 0
0.2658706, 0.5532139, 0.1718908, 0
0.4924364, 0.5724329, 0.4198629, 0
0.6148435, 0.5705277, 0.6684589, 0
0.4973161, 0.5683193, 0.4482334, 0
0.4036741, 0.5799105, 0.3739669, 0
0.3276151, 0.5430833, 0.2548901, 0
0.5982392, 0.5540856, 0.6106737, 0
0.4573119, 0.5759163, 0.4817477, 0
0.579123, 0.5584845, 0.5538272, 0
0.5903984, 0.5628587, 0.5002611, 0
0.6492969, 0.5589328, 0.6416677, 0
0.6080602, 0.5693777, 0.6783496, 0
0.3379228, 0.5618588, 0.2873804, 0
0.53956, 0.555316, 0.6092222, 0
0.5482231, 0.5591599, 0.5111074, 0
0.3449079, 0.5516849, 0.2673518, 0
0.6740099, 0.5309932, 0.7354349, 0
0.558904, 0.5517316, 0.5766713, 0
0.4476593, 0.5709357, 0.4452665, 0
0.6716385, 0.5437608, 0.7337864, 0
0.3882715, 0.5631724, 0.2745806, 0
0.5207347, 0.5577561, 0.5728639, 0
0.4415484, 0.5695474, 0.4470023, 0
0.6054429, 0.5492072, 0.6033432, 0
0.3830092, 0.5690674, 0.303631, 0
0.3223978, 0.5468836, 0.2230599, 0
0.3478616, 0.5458379, 0.2458726, 0
0.4775884, 0.5711135, 0.4416894, 0
0.6188129, 0.5568851, 0.6304036, 0
0.4962938, 0.5656377, 0.5236704, 0
0.4276436, 0.5800496, 0.3686118, 0
0.4438066, 0.5679673, 0.4322821, 0
0.4300401, 0.5747453, 0.4082595, 0
0.6220184, 0.5509166, 0.6022066, 0
0.3567682, 0.5625564, 0.2873471, 0
0.6847504, 0.5520645, 0.7147149, 0
0.6193503, 0.5628062, 0.7193531, 0
0.5444584, 0.5609649, 0.5430781, 0
0.5087564, 0.5674769, 0.5641156, 0
0.5104907, 0.5604731, 0.474941, 0
0.5662125, 0.5453433, 0.5990212, 0
0.2489226, 0.5661761, 0.196284, 0
0.5260887, 0.5612249, 0.4556807, 0
0.5462984, 0.5506955, 0.5955511, 0
0.5734712, 0.557761, 0.4954492, 0
0.6006072, 0.5622668, 0.6313709, 0
0.693387, 0.5528705, 0.7016561, 0
0.541111, 0.5618844, 0.4325781, 0
0.4307534, 0.5719451, 0.3373455, 0
0.5436468, 0.5607632, 0.5455707, 0
0.6473273, 0.5711038, 0.6754225, 0
0.5062388, 0.5600478, 0.4642357, 0
0.5913824, 0.5630137, 0.5160515, 0
0.6235502, 0.5521592, 0.6063967, 0
0.4507037, 0.5726907, 0.3358217, 0
0.5277677, 0.5605397, 0.4817, 0
0.4896882, 0.5692099, 0.4575646, 0
0.3410457, 0.5497719, 0.2197661, 0
0.560518, 0.5481007, 0.6033233, 0
0.2628473, 0.5568743, 0.1895019, 0
0.2980063, 0.5627218, 0.2302406, 0
0.4223878, 0.5729479, 0.3436408, 0
0.3760321, 0.5680411, 0.3504752, 0
0.5726373, 0.5601871, 0.4885167, 0
0.3789026, 0.5692376, 0.3097713, 0
0.5398866, 0.5620048, 0.5428699, 0
0.5122509, 0.5637766, 0.4395642, 0
0.5501583, 0.5636275, 0.4673464, 0
0.6941531, 0.5597728, 0.6608313, 0
0.258911, 0.5105979, 0.1702526, 0
0.4450082, 0.5735132, 0.4563619, 0
0.3606105, 0.5531483, 0.2618467, 0
0.595233, 0.5446836, 0.5715562, 0
0.3760996, 0.5565735, 0.2575056, 0
0.4999211, 0.5700168, 0.432321, 0
0.4266943, 0.5797009, 0.3785296, 0
0.4897099, 0.571896, 0.4278864, 0
0.5065412, 0.5724543, 0.4030587, 0
0.396836, 0.5739111, 0.3366677, 0
0.3743667, 0.5544909, 0.2535882, 0
0.4715154, 0.5718938, 0.4738301, 0
0.5619309, 0.5604656, 0.4796478, 0
0.3472064, 0.5618229, 0.2849473, 0
0.3804271, 0.5749984, 0.3677618, 0
0.6611274, 0.5656621, 0.6622669, 0
0.4215057, 0.5635354, 0.2836094, 0
0.5751609, 0.5528753, 0.5706701, 0
0.2565671, 0.5201889, 0.1908082, 0
0.3879093, 0.5739579, 0.3354435, 0
0.3383396, 0.5491536, 0.2236433, 0
0.4130182, 0.5710269, 0.3214853, 0
0.4089801, 0.5752115, 0.3600454, 0
0.5213774, 0.560587, 0.4892991, 0
0.5870128, 0.562726, 0.5173981, 0
0.6356162, 0.5551931, 0.6205396, 0
0.5697159, 0.5580044, 0.5137427, 0
0.3920662, 0.5633122, 0.2731983, 0
0.5042086, 0.56747, 0.5300993, 0
0.5375764, 0.561115, 0.4807166, 0
0.5925435, 0.5625121, 0.5416258, 0
0.4280759, 0.5780189, 0.3841594, 0
0.3458145, 0.5622241, 0.286867, 0
0.3351861, 0.547035, 0.1878779, 0
0.4869097, 0.5723122, 0.4190883, 0
0.2327754, 0.5495967, 0.1976412, 0
0.544084, 0.5593697, 0.5077028, 0
0.5059982, 0.5711994, 0.3899274, 0
0.4409896, 0.5729874, 0.3360301, 0
0.5491263, 0.5628083, 0.4734662, 0
0.5094618, 0.5599546, 0.4667417, 0
0.4144049, 0.5726364, 0.3444425, 0
0.2720281, 0.5294573, 0.20566, 0
0.3370724, 0.5565914, 0.2770283, 0
0.45184, 0.572769, 0.4582173, 0
0.5079121, 0.5710168, 0.3882722, 0
0.5468228, 0.5576901, 0.5036073, 0
0.2844171, 0.5347303, 0.1912095, 0
0.5801911, 0.561759, 0.5404449, 0
0.3959362, 0.5834155, 0.3935636, 0
0.4620228, 0.5732295, 0.347576, 0
0.4170302, 0.5663015, 0.2917927, 0
0.3010555, 0.5444432, 0.2285924, 0
0.5978673, 0.5694602, 0.6617656, 0
0.5798024, 0.5574983, 0.6325828, 0
0.5658668, 0.5527932, 0.6319644, 0
0.6022051, 0.5610257, 0.5179201, 0
0.5657312, 0.5445333, 0.5924838, 0
0.4851863, 0.5686283, 0.4737742, 0
0.635719, 0.5644605, 0.6582048, 0
0.7114886, 0.543188, 0.7148591, 0
0.6040667, 0.5653776, 0.6522837, 0
0.60847, 0.5581381, 0.689713, 0
0.4386881, 0.577114, 0.3805628, 0
0.585852, 0.5462292, 0.6085087, 0
0.4050566, 0.5740762, 0.3483433, 0
0.6057334, 0.5615079, 0.6372828, 0
0.6962054, 0.5522919, 0.6905205, 0
0.4706239, 0.5712824, 0.4228344, 0
0.4687458, 0.5681368, 0.4866979, 0
0.5763156, 0.5585845, 0.5518547, 0
0.5874068, 0.5455803, 0.572755, 0
0.3522019, 0.554668, 0.269082, 0
0.277906, 0.5622912, 0.2336435, 0
0.3259307, 0.5473139, 0.183162, 0
0.4190169, 0.5785618, 0.39777, 0
0.7060673, 0.5393851, 0.7213122, 0
0.3051559, 0.5394132, 0.2562714, 0
0.3967319, 0.578355, 0.3708188, 0
0.5267791, 0.5654644, 0.4183659, 0
0.516741, 0.560939, 0.4453701, 0
0.6108623, 0.5570546, 0.5333322, 0
0.4533088, 0.5760064, 0.3765469, 0
0.306067, 0.5565626, 0.2425303, 0
0.5486892, 0.5499436, 0.5950909, 0
0.3434371, 0.5502154, 0.2651449, 0
0.3456725, 0.5500593, 0.2221358, 0
0.6771883, 0.5451162, 0.7298146, 0
0.444111, 0.5749375, 0.3425621, 0
0.3557201, 0.5506134, 0.2211326, 0
0.4563829, 0.5749143, 0.3830959, 0
0.3560333, 0.5522925, 0.2137763, 0
0.4103245, 0.5754739, 0.3606357, 0
0.6816134, 0.5623115, 0.6788307, 0
0.3596976, 0.5517753, 0.2183063, 0
0.3499848, 0.5630404, 0.2906332, 0
0.2735264, 0.5623209, 0.1605936, 0
0.3733806, 0.5567934, 0.2608287, 0
0.6093209, 0.5557012, 0.5447813, 0
0.632633, 0.5421426, 0.577162, 0
0.4920099, 0.5711444, 0.3922583, 0
0.5039336, 0.570945, 0.3855792, 0
0.3526891, 0.5484343, 0.2565121, 0
0.511456, 0.5613642, 0.4856695, 0
0.4531845, 0.5721644, 0.4513976, 0
0.3921594, 0.5652533, 0.28476, 0
0.4244518, 0.5717313, 0.3373671, 0
0.4539478, 0.5729187, 0.4607265, 0
0.5338621, 0.5636258, 0.5415796, 0
0.6091449, 0.5694445, 0.6779566, 0
0.5383779, 0.5559773, 0.5607044, 0
0.3192512, 0.5587656, 0.1766892, 0
0.3491343, 0.5569993, 0.2732795, 0
0.4201163, 0.5755172, 0.3551048, 0
0.422652, 0.5632163, 0.2829121, 0
0.3855994, 0.5708229, 0.3098641, 0
0.6153824, 0.5575274, 0.624505, 0
0.4312823, 0.5657206, 0.2960561, 0
0.4434834, 0.5670791, 0.3113068, 0
0.370962, 0.5499405, 0.2427712, 0
0.5998356, 0.5651314, 0.6836709, 0
0.2839, 0.5439452, 0.2553997, 0
0.4270815, 0.5795773, 0.3648011, 0
0.3205211, 0.5506221, 0.1768372, 0
0.2465933, 0.5317663, 0.2041699, 0
0.5799628, 0.5588111, 0.6349782, 0
0.6514947, 0.5707927, 0.6849674, 0
0.5570428, 0.5497299, 0.5818853, 0
0.6747701, 0.5433031, 0.732365, 0
0.6593766, 0.5410042, 0.7423539, 0
0.5996141, 0.5686153, 0.6582048, 0
0.4120507, 0.5819297, 0.3864445, 0
0.563456, 0.5520685, 0.5739275, 0
0.6355537, 0.5425087, 0.5722724, 0
0.6396644, 0.5707002, 0.6865591, 0
0.5602765, 0.5574721, 0.5466044, 0
0.5651279, 0.5556792, 0.6397194, 0
0.6147838, 0.554545, 0.5448195, 0
0.4926984, 0.5631401, 0.4745359, 0
0.3877877, 0.5720611, 0.3161124, 0
0.340037, 0.5461862, 0.2587373, 0
0.6357927, 0.5577292, 0.7346054, 0
0.6546183, 0.554638, 0.6350314, 0
0.6942255, 0.5535798, 0.6425269, 0
0.4139793, 0.5817016, 0.3845043, 0
0.2924762, 0.5718528, 0.2020365, 0
0.3499104, 0.553883, 0.2687433, 0
0.4947814, 0.5701917, 0.4411446, 0
0.6174172, 0.5614429, 0.7070596, 0
0.5227093, 0.5589587, 0.5604085, 0
0.4468258, 0.5698057, 0.4422659, 0
0.5988486, 0.5595413, 0.5483075, 0
0.4174732, 0.5645189, 0.2836035, 0
0.6093538, 0.5532234, 0.6064176, 0
0.6379024, 0.5711726, 0.6775787, 0
0.2751364, 0.5678778, 0.1814485, 0
0.4325173, 0.5790154, 0.3606436, 0
0.51559, 0.5605912, 0.4656804, 0
0.5621254, 0.565766, 0.4672411, 0
0.5481836, 0.5569524, 0.4981732, 0
0.5582724, 0.5531416, 0.6258579, 0
0.4185745, 0.577025, 0.415924, 0
0.4433389, 0.5704855, 0.328183, 0
0.4820798, 0.5711781, 0.4099989, 0
0.4583423, 0.5717437, 0.4452371, 0
0.5603935, 0.5604655, 0.5336568, 0
0.2848914, 0.5238805, 0.1771524, 0
0.3884878, 0.5727285, 0.3197713, 0
0.6404912, 0.5591469, 0.636759, 0
0.4522922, 0.5694745, 0.3277784, 0
0.4394851, 0.5773337, 0.3553439, 0
0.2716352, 0.5393714, 0.1698924, 0
0.6120321, 0.5592214, 0.6378246, 0
0.7006396, 0.5509313, 0.7106766, 0
0.6427935, 0.5692884, 0.6644986, 0
0.4121042, 0.5810496, 0.3939644, 0
0.3440151, 0.5619761, 0.2857212, 0
0.2556417, 0.5765767, 0.1960384, 0
0.4411302, 0.5763687, 0.3506073, 0
0.4777455, 0.5722104, 0.3749549, 0
0.3183586, 0.5407724, 0.2614563, 0
0.3937935, 0.5628429, 0.2692722, 0
0.5407079, 0.5611585, 0.481498, 0
0.5674592, 0.5631287, 0.6525012, 0
0.613525, 0.5422433, 0.5786686, 0
0.282344, 0.5433378, 0.2406432, 0
0.5207861, 0.5620865, 0.5024068, 0
0.5750328, 0.5617937, 0.4878282, 0
0.2797501, 0.5434003, 0.2376218, 0
0.5998027, 0.5630822, 0.6361451, 0
0.6495686, 0.5531662, 0.7283198, 0
0.2744543, 0.5420073, 0.1773022, 0
0.5055194, 0.5663131, 0.5104052, 0
0.2656299, 0.5641481, 0.1695658, 0
0.6275787, 0.5545666, 0.5473289, 0
0.4052611, 0.560445, 0.2642815, 0
0.318642, 0.5586616, 0.2047886, 0
0.641428, 0.5419598, 0.5757661, 0
0.6067311, 0.5412238, 0.584188, 0
0.5250344, 0.5662398, 0.543232, 0
0.3840312, 0.5658478, 0.2919631, 0
0.3795804, 0.5712271, 0.322396, 0
0.296502, 0.5665051, 0.2048198, 0
0.2880482, 0.5426582, 0.2448451, 0
0.5951694, 0.5608252, 0.5470617, 0
0.6785728, 0.5302182, 0.7336797, 0
0.3264715, 0.5620558, 0.2958056, 0
0.286911, 0.5584046, 0.1505346, 0
0.6305978, 0.5454395, 0.5925484, 0
0.50689, 0.5625265, 0.4911081, 0
0.349671, 0.5569026, 0.2729812, 0
0.7033688, 0.5518231, 0.6974678, 0
0.3255207, 0.5453666, 0.2385136, 0
0.3674953, 0.5621564, 0.2865667, 0
0.4957571, 0.5713209, 0.4310133, 0
0.5867183, 0.5431466, 0.5977059, 0
0.5459068, 0.5605416, 0.5433468, 0
0.4710136, 0.5689243, 0.4841389, 0
0.6006043, 0.560818, 0.5226885, 0
0.3679812, 0.566816, 0.3247992, 0
0.6627318, 0.5655203, 0.663716, 0
0.4971993, 0.5713624, 0.3694128, 0
0.6689677, 0.5424453, 0.6179633, 0
0.3775136, 0.5692098, 0.3125187, 0
0.5148014, 0.5611602, 0.5680838, 0
0.470747, 0.5728177, 0.3707154, 0
0.3734031, 0.5507355, 0.2429925, 0
0.3142405, 0.5448464, 0.2057139, 0
0.2559405, 0.5308862, 0.189006, 0
0.2652899, 0.5402148, 0.2308815, 0
0.3322541, 0.5633732, 0.2245784, 0
0.4704199, 0.5708948, 0.4075424, 0
0.3259255, 0.5464357, 0.2026275, 0
0.5391288, 0.5623501, 0.5326169, 0
0.3870024, 0.5733749, 0.3469585, 0
0.5714654, 0.5640112, 0.6577317, 0
0.6675281, 0.5406832, 0.6035202, 0
0.6632171, 0.5525708, 0.6343585, 0
0.6119905, 0.5452441, 0.5697703, 0
0.5452545, 0.5541071, 0.573192, 0
0.5597377, 0.5528452, 0.6319289, 0
0.3515723, 0.5624666, 0.2851187, 0
0.3335011, 0.5455686, 0.261813, 0
0.3525608, 0.5617995, 0.301118, 0
0.392645, 0.5820485, 0.3820418, 0
0.5749082, 0.5507389, 0.6195251, 0
0.3109855, 0.5440773, 0.2321636, 0
0.4921331, 0.5623129, 0.4855398, 0
0.5069547, 0.5646903, 0.5051061, 0
0.6515096, 0.5409647, 0.5787246, 0
0.4565298, 0.5667421, 0.3235071, 0
0.6332856, 0.5424438, 0.57145, 0
0.6025766, 0.5579629, 0.5476165, 0
0.4683827, 0.5660945, 0.4901711, 0
0.5801281, 0.5601298, 0.5124549, 0
0.4870948, 0.5712119, 0.395036, 0
0.7046425, 0.5517029, 0.6919915, 0
0.2947291, 0.5522789, 0.1630951, 0
0.3131557, 0.5452236, 0.2178404, 0
0.6166667, 0.5450572, 0.5694477, 0
0.5224994, 0.5610921, 0.5569782, 0
0.2610471, 0.5102655, 0.1794943, 0
0.3529084, 0.5543289, 0.2156758, 0
0.5232918, 0.5658848, 0.4134438, 0
0.5890929, 0.5579647, 0.5571534, 0
0.5772414, 0.5541886, 0.6275176, 0
0.6408946, 0.5419531, 0.5768886, 0
0.4534136, 0.5743322, 0.389627, 0
0.4013594, 0.5678254, 0.2941513, 0
0.5933839, 0.5632158, 0.5302877, 0
0.3599233, 0.5614289, 0.3100032, 0
0.5870535, 0.5629524, 0.6357118, 0
0.6633497, 0.5332782, 0.7413328, 0
0.5932949, 0.5601111, 0.6237507, 0
0.545741, 0.5570456, 0.5562256, 0
0.5036643, 0.5647063, 0.5037708, 0
0.5401524, 0.5618957, 0.4472876, 0
0.5657001, 0.5530328, 0.5702311, 0
0.5492393, 0.5498855, 0.5956544, 0
0.2738562, 0.543036, 0.2434261, 0
0.6402944, 0.5627941, 0.6555019, 0
0.5696084, 0.562098, 0.4817755, 0
0.5136915, 0.5674776, 0.5461968, 0
0.6275513, 0.5653228, 0.7187005, 0
0.3146869, 0.5470748, 0.2802104, 0
0.5719189, 0.5470524, 0.5793661, 0
0.5457312, 0.5517475, 0.6017488, 0
0.5477855, 0.555542, 0.5628521, 0
0.5126317, 0.5647626, 0.4362785, 0
0.5591217, 0.5661216, 0.4622226, 0
0.4515352, 0.569497, 0.4348779, 0
0.4432415, 0.5748916, 0.3964316, 0
0.3242637, 0.5424361, 0.2618993, 0
0.2416172, 0.5256835, 0.1827593, 0
0.4412677, 0.5716159, 0.4082587, 0
0.494958, 0.5664855, 0.4605796, 0
0.394042, 0.5719523, 0.3134337, 0
0.5725486, 0.5431523, 0.592658, 0
0.4091321, 0.5819942, 0.3813304, 0
0.6151429, 0.5487819, 0.554987, 0
0.5332763, 0.5609086, 0.4451078, 0
0.3710231, 0.550603, 0.2328819, 0
0.6049859, 0.5417897, 0.5818473, 0
0.4104936, 0.5808398, 0.3992549, 0
0.3171414, 0.5428793, 0.2449869, 0
0.5465631, 0.5523077, 0.5827638, 0
0.5306294, 0.561748, 0.4587948, 0
0.6082953, 0.5577564, 0.7088474, 0
0.507584, 0.5665838, 0.438139, 0
0.560418, 0.5540579, 0.6394672, 0
0.6997345, 0.5516303, 0.6979206, 0
0.5675952, 0.5463434, 0.5817594, 0
0.2631502, 0.5582097, 0.1745625, 0
0.3865238, 0.5731196, 0.3235263, 0
0.2673265, 0.5419275, 0.1635929, 0
0.4015365, 0.5751847, 0.3590927, 0
0.488182, 0.5629479, 0.4900734, 0
0.6041699, 0.569371, 0.6635483, 0
0.4329021, 0.5710216, 0.3329626, 0
0.5146946, 0.5683973, 0.5380347, 0
0.4058248, 0.5746253, 0.3548085, 0
0.4568691, 0.5701025, 0.4095237, 0
0.6466074, 0.5592352, 0.6415378, 0
0.6404175, 0.5444052, 0.5669023, 0
0.286232, 0.5369011, 0.271287, 0
0.3859272, 0.5793595, 0.3809476, 0
0.4116327, 0.5704176, 0.3145801, 0
0.4779688, 0.5637183, 0.4966917, 0
0.6620741, 0.5443628, 0.7390685, 0
0.285925, 0.5342498, 0.179633, 0
0.5014715, 0.5710962, 0.3884772, 0
0.2833772, 0.5693847, 0.2081842, 0
0.4719126, 0.5708037, 0.4122994, 0
0.6267712, 0.5573802, 0.639639, 0
0.4946141, 0.566233, 0.4615817, 0
0.5704672, 0.5613846, 0.4840641, 0
0.4972002, 0.5708163, 0.3789833, 0
0.5751664, 0.564411, 0.4857117, 0
0.407292, 0.5691295, 0.3028727, 0
0.5450602, 0.56239, 0.475671, 0
0.3119664, 0.5429558, 0.1873409, 0
0.4658139, 0.5719447, 0.3371361, 0
0.7180936, 0.5312329, 0.7175577, 0
0.3509201, 0.562867, 0.2953183, 0
0.5579068, 0.5485668, 0.6014928, 0
0.3175435, 0.5452862, 0.2119607, 0
0.61203, 0.5583585, 0.6910686, 0
0.6525312, 0.5699687, 0.6900898, 0
0.3851045, 0.5772091, 0.3732025, 0
0.5553277, 0.5569795, 0.5502251, 0
0.3181604, 0.5506352, 0.2827847, 0
0.2630715, 0.5338492, 0.220029, 0
0.4777311, 0.5697137, 0.4775379, 0
0.4990084, 0.5649111, 0.45735, 0
0.2872871, 0.514962, 0.1718599, 0
0.3736334, 0.56885, 0.3201651, 0
0.6175144, 0.5489984, 0.5545635, 0
0.277046, 0.5422312, 0.2501261, 0
0.620988, 0.5448641, 0.5658686, 0
0.2773013, 0.5444776, 0.2493436, 0
0.5388264, 0.5546997, 0.5665771, 0
0.5850946, 0.5620402, 0.6352924, 0
0.6263387, 0.5510217, 0.6031731, 0
0.5529205, 0.5502691, 0.602014, 0
0.4648505, 0.5727586, 0.4742032, 0
0.4722105, 0.5717415, 0.4605599, 0
0.3787055, 0.5652878, 0.2967917, 0
0.6303029, 0.5569322, 0.6340062, 0
0.4223118, 0.5689883, 0.315789, 0
0.3437373, 0.5561154, 0.2740691, 0
0.666222, 0.5101514, 0.7257198, 0
0.4113413, 0.5803047, 0.4022808, 0
0.5492309, 0.5528454, 0.5790619, 0
0.4733111, 0.5711578, 0.4190481, 0
0.4336003, 0.5662972, 0.2932103, 0
0.5333476, 0.5605617, 0.4826994, 0
0.4776954, 0.5717237, 0.3808642, 0
0.473619, 0.5708673, 0.414425, 0
0.5883713, 0.5536071, 0.5651828, 0
0.3573412, 0.5620258, 0.2822753, 0
0.3760096, 0.5510295, 0.2394666, 0
0.5317689, 0.5550768, 0.5929914, 0
0.6186953, 0.5551435, 0.6150001, 0
0.4916398, 0.565076, 0.516616, 0
0.6121304, 0.5533509, 0.5483192, 0
0.6765475, 0.5475653, 0.6240001, 0
0.303628, 0.5503162, 0.2051444, 0
0.5720213, 0.5689877, 0.481698, 0
0.5907181, 0.5634392, 0.5285881, 0
0.3129629, 0.5413374, 0.1932978, 0
0.5500445, 0.5616115, 0.4781763, 0
0.6235659, 0.5639716, 0.6544846, 0
0.6729492, 0.5368918, 0.7356428, 0
0.4174958, 0.5705961, 0.3280318, 0
0.6243287, 0.5421897, 0.578819, 0
0.4207045, 0.5631964, 0.2818215, 0
0.5406623, 0.5585515, 0.5549697, 0
0.489739, 0.5632302, 0.4946986, 0
0.5322615, 0.562629, 0.5494498, 0
0.5271455, 0.5609193, 0.4353984, 0
0.3015183, 0.543191, 0.2018013, 0
0.327208, 0.55189, 0.1853477, 0
0.5391384, 0.5592208, 0.4947632, 0
0.3900316, 0.5717323, 0.3134549, 0
0.383808, 0.5720394, 0.3186052, 0
0.4701799, 0.5729488, 0.3719671, 0
0.3305594, 0.5650368, 0.3014477, 0
0.4765638, 0.5716859, 0.4370282, 0
0.4700437, 0.5728902, 0.3768888, 0
0.2509331, 0.5513224, 0.2022532, 0
0.6096374, 0.5481409, 0.6002526, 0
0.2604825, 0.5413597, 0.1798615, 0
0.5424736, 0.5564131, 0.5591825, 0
0.2559076, 0.5608342, 0.1765389, 0
0.5215064, 0.5604542, 0.4436358, 0
0.3285851, 0.5459183, 0.2375442, 0
0.3514659, 0.5496687, 0.2244864, 0
0.2649643, 0.5686829, 0.2016224, 0
0.27096, 0.542079, 0.1685998, 0
0.3216949, 0.5421344, 0.1869321, 0
0.5215331, 0.5605577, 0.4905502, 0
0.6667977, 0.5667177, 0.6766204, 0
0.4397386, 0.5685339, 0.4271855, 0
0.4978248, 0.5710946, 0.3890738, 0
0.5470057, 0.5567411, 0.5567937, 0
0.4472415, 0.5725259, 0.4523204, 0
0.6494319, 0.5698002, 0.6666609, 0
0.5200157, 0.5591096, 0.5749704, 0
0.3835161, 0.5704772, 0.3098951, 0
0.6062458, 0.5561391, 0.6980558, 0
0.6130005, 0.5408889, 0.584973, 0
0.3859285, 0.560845, 0.2633789, 0
0.5086106, 0.5675929, 0.5236387, 0
0.4863744, 0.5729315, 0.356405, 0
0.5507177, 0.5636367, 0.4678202, 0
0.3046107, 0.543724, 0.2331648, 0
0.4946177, 0.5645002, 0.5247747, 0
0.3331308, 0.5562721, 0.2786923, 0
0.5235869, 0.5634829, 0.4309228, 0
0.6298589, 0.5640613, 0.6996173, 0
0.3470899, 0.563416, 0.2962168, 0
0.6274231, 0.5488867, 0.5987958, 0
0.5307317, 0.5608681, 0.5027893, 0
0.486138, 0.5712806, 0.4013526, 0
0.6494336, 0.5644999, 0.6550425, 0
0.6360176, 0.5664271, 0.6988806, 0
0.607556, 0.5575069, 0.5412177, 0
0.6494875, 0.5639395, 0.6539245, 0
0.4444057, 0.57552, 0.4618632, 0
0.6689403, 0.5503147, 0.6299935, 0
0.3242033, 0.5562043, 0.1822938, 0
0.5595226, 0.5566206, 0.5497381, 0
0.5248339, 0.5656065, 0.524694, 0
0.4667694, 0.5704138, 0.4189057, 0
0.5805374, 0.5646284, 0.6460808, 0
0.2838825, 0.5573822, 0.1738544, 0
0.3564307, 0.5613545, 0.3307701, 0
0.5563653, 0.5602534, 0.5329387, 0
0.6332441, 0.5614559, 0.6517709, 0
0.5455234, 0.5608845, 0.5188056, 0
0.6099453, 0.5533453, 0.6065178, 0
0.5254998, 0.5646973, 0.5488364, 0
0.3274297, 0.5461243, 0.2353832, 0
0.5253879, 0.5558867, 0.5720311, 0
0.2792784, 0.5331837, 0.2057703, 0
0.5052853, 0.5677378, 0.5425093, 0
0.4631863, 0.5725714, 0.4646506, 0
0.3185048, 0.5444752, 0.1998131, 0
0.3845155, 0.5726815, 0.3241384, 0
0.627483, 0.5538851, 0.5495142, 0
0.3629342, 0.562641, 0.3144438, 0
0.558911, 0.5649236, 0.4667672, 0
0.6842767, 0.5300929, 0.7310981, 0
0.5339015, 0.5618612, 0.5104684, 0
0.4944649, 0.5701397, 0.4420869, 0
0.3109436, 0.5423532, 0.2433293, 0
0.3676395, 0.5596722, 0.2705922, 0
0.3036435, 0.5413381, 0.2496258, 0
0.3689562, 0.5520876, 0.2524311, 0
0.2939883, 0.5236333, 0.1749902, 0
0.4483927, 0.576506, 0.3799353, 0
0.3668596, 0.5627044, 0.3452739, 0
0.3082519, 0.5445105, 0.2267358, 0
0.5592832, 0.5597568, 0.5269878, 0
0.5879301, 0.5627503, 0.5165496, 0
0.5681633, 0.5457524, 0.6025845, 0
0.5806602, 0.5646724, 0.4911378, 0
0.3721918, 0.5520201, 0.2482811, 0
0.6676309, 0.5574589, 0.7112162, 0
0.4858499, 0.5607502, 0.5234588, 0
0.6109843, 0.5700254, 0.6738288, 0
0.3820268, 0.5602784, 0.2637603, 0
0.5469488, 0.5561825, 0.6263005, 0
0.4122979, 0.5789812, 0.3697836, 0
0.4683444, 0.5706105, 0.4140182, 0
0.3898068, 0.5661969, 0.289577, 0
0.6691542, 0.5412655, 0.6162326, 0
0.3137875, 0.5543674, 0.1861462, 0
0.4922822, 0.5708812, 0.4387734, 0
0.6251494, 0.5544685, 0.5472066, 0
0.5126761, 0.5602357, 0.4566531, 0
0.6364373, 0.5428758, 0.5703636, 0
0.6353486, 0.5591908, 0.7318261, 0
0.319992, 0.5530218, 0.2853729, 0
0.5037176, 0.5665249, 0.5112228, 0
0.5319765, 0.5634067, 0.5198282, 0
0.5871611, 0.5676786, 0.652888, 0
0.3280546, 0.5570692, 0.2218712, 0
0.4272923, 0.5776561, 0.3893575, 0
0.3549881, 0.5565543, 0.270493, 0
0.3599429, 0.5612977, 0.2998239, 0
0.3576848, 0.5612339, 0.2012946, 0
0.2919526, 0.543201, 0.2147262, 0
0.3529005, 0.562571, 0.2851948, 0
0.3702077, 0.5622694, 0.2967606, 0
0.3408475, 0.5521728, 0.2012842, 0
0.49809, 0.5708486, 0.3779605, 0
0.5517605, 0.5562349, 0.5586255, 0
0.4499958, 0.5738101, 0.4605145, 0
0.5820894, 0.5672697, 0.6559706, 0
0.2550315, 0.5675831, 0.2094709, 0
0.6195406, 0.5628593, 0.7110227, 0
0.4686636, 0.5640895, 0.4984023, 0
0.4626149, 0.5716381, 0.4350679, 0
0.3765707, 0.5615867, 0.2712401, 0
0.5082307, 0.5722439, 0.4023951, 0
0.6622286, 0.5600101, 0.6492143, 0
0.2897074, 0.5378634, 0.2043426, 0
0.3638737, 0.5642283, 0.337425, 0
0.2900668, 0.5414702, 0.2523261, 0
0.5335039, 0.5547441, 0.5964699, 0
0.3172113, 0.5425155, 0.2468766, 0
0.5066496, 0.5680783, 0.5397048, 0
0.2849162, 0.5704114, 0.165897, 0
0.4342643, 0.5723306, 0.4116959, 0
0.4616512, 0.5704122, 0.4268582, 0
0.4771192, 0.5724779, 0.3682656, 0
0.3908694, 0.5740877, 0.3365598, 0
0.5478296, 0.5544687, 0.5694385, 0
0.4031813, 0.5706736, 0.3102269, 0
0.2972586, 0.5434594, 0.1857836, 0
0.6229393, 0.544024, 0.5897336, 0
0.6877851, 0.5206975, 0.7246178, 0
0.5867733, 0.5568781, 0.5596164, 0
0.5258261, 0.5617705, 0.5543206, 0
0.5486891, 0.5579748, 0.5060993, 0
0.5736647, 0.5460709, 0.6072716, 0
0.558888, 0.5622924, 0.4731471, 0
0.3191904, 0.5423554, 0.2487606, 0
0.4570208, 0.5728086, 0.3923092, 0
0.3321243, 0.5453208, 0.2412854, 0
0.4748301, 0.5709361, 0.4155144, 0
0.5714466, 0.5510718, 0.6209223, 0
0.4346084, 0.57555, 0.3996862, 0
0.4999624, 0.5674833, 0.4482267, 0
0.5287704, 0.5645207, 0.524282, 0
0.519601, 0.5611119, 0.4649901, 0
0.4946623, 0.5617523, 0.4827542, 0
0.5966414, 0.5496278, 0.6081871, 0
0.6039106, 0.5415215, 0.5838264, 0
0.4894765, 0.5712125, 0.4379482, 0
0.4907415, 0.5723293, 0.4158377, 0
0.3054732, 0.5399538, 0.2546446, 0
0.3881618, 0.5706056, 0.306928, 0
0.6886017, 0.5568808, 0.6883876, 0
0.6036128, 0.5621581, 0.6368989, 0
0.5848885, 0.5621521, 0.51631, 0
0.5228318, 0.5581637, 0.5803317, 0
0.5282633, 0.5608809, 0.4777984, 0
0.4215322, 0.5749759, 0.3521498, 0
0.3391212, 0.5454467, 0.2398433, 0
0.5664657, 0.5541459, 0.5647009, 0
0.2845507, 0.5711368, 0.2088346, 0
0.3249235, 0.5601663, 0.1772794, 0
0.5208265, 0.5663873, 0.5214712, 0
0.5007091, 0.5698521, 0.4317259, 0
0.2757915, 0.5334339, 0.1911835, 0
0.3502243, 0.548292, 0.2578802, 0
0.3704113, 0.5621606, 0.2923508, 0
0.2729498, 0.5470092, 0.1607333, 0
0.4761456, 0.5720404, 0.4283647, 0
0.3043745, 0.5450096, 0.2216513, 0
0.3466845, 0.549655, 0.2257704, 0
0.3657975, 0.5534746, 0.2151914, 0
0.3301822, 0.5489637, 0.2073847, 0
0.3774377, 0.569138, 0.339828, 0
0.294472, 0.5476567, 0.2077356, 0
0.4058891, 0.5589092, 0.26155, 0
0.6091124, 0.5532531, 0.6065027, 0
0.2496284, 0.5560763, 0.1978552, 0
0.4495872, 0.5754356, 0.3856388, 0
0.5427989, 0.5549207, 0.5648647, 0
0.375367, 0.5517086, 0.2324743, 0
0.6630452, 0.5430194, 0.6160862, 0
0.4987969, 0.5709262, 0.4266765, 0
0.6674936, 0.5605985, 0.652845, 0
0.3724985, 0.5650626, 0.3490688, 0
0.5497409, 0.5635071, 0.4469363, 0
0.7029907, 0.5525592, 0.6789119, 0
0.5392129, 0.5536025, 0.5803067, 0
0.6267965, 0.5475398, 0.5963407, 0
0.4178951, 0.563536, 0.280966, 0
0.3189645, 0.5505142, 0.1976919, 0
0.5031836, 0.5718035, 0.3956331, 0
0.3313999, 0.543628, 0.2486961, 0
0.4515035, 0.5691723, 0.4231868, 0
0.3257163, 0.5448202, 0.2666485, 0
0.6273423, 0.543239, 0.5866431, 0
0.5689901, 0.5549551, 0.5603241, 0
0.3772681, 0.5526628, 0.2261922, 0
0.4904278, 0.5724029, 0.4190238, 0
0.5055153, 0.5667454, 0.4406962, 0
0.4118044, 0.5716121, 0.3309819, 0
0.4445623, 0.5768878, 0.3821071, 0
0.6564177, 0.5599673, 0.7134121, 0
0.4846102, 0.5703008, 0.456811, 0
0.7124978, 0.5308622, 0.7211226, 0
0.271809, 0.5721758, 0.1635734, 0
0.3606168, 0.5522618, 0.260389, 0
0.448821, 0.5728577, 0.400133, 0
0.4051746, 0.5824727, 0.3844434, 0
0.6562499, 0.5615481, 0.6500335, 0
0.6330755, 0.5461997, 0.5949047, 0
0.6363798, 0.5430738, 0.5863094, 0
0.3413694, 0.5537227, 0.1832943, 0
0.43525, 0.578114, 0.357513, 0
0.35757, 0.5614516, 0.3222579, 0
0.3448587, 0.5598011, 0.1936654, 0
0.5009258, 0.570995, 0.3870898, 0
0.5437171, 0.5627974, 0.4591021, 0
0.4861882, 0.5707353, 0.4427354, 0
0.3980184, 0.5734698, 0.3263796, 0
0.5507327, 0.5643562, 0.4513891, 0
0.2565265, 0.5465645, 0.1839971, 0
0.596024, 0.5652426, 0.6438547, 0
0.5015935, 0.5616348, 0.4850614, 0
0.3370326, 0.5636232, 0.2928833, 0
0.5055634, 0.5713409, 0.3914238, 0
0.6019893, 0.5555205, 0.6107131, 0
0.320893, 0.5737579, 0.1858392, 0
0.5255405, 0.5657148, 0.5453746, 0
0.5734057, 0.5656428, 0.482941, 0
0.3719044, 0.5623728, 0.2874236, 0
0.6737929, 0.5376377, 0.7352306, 0
0.4910636, 0.5720388, 0.3625024, 0
0.5775622, 0.56058, 0.5168497, 0
0.4466465, 0.5720428, 0.4031176, 0
0.4621788, 0.5731352, 0.4693184, 0
0.5508229, 0.5568669, 0.4980287, 0
0.54363, 0.5554453, 0.5624749, 0
0.6463364, 0.5595796, 0.6429123, 0
0.4857451, 0.5717786, 0.4350424, 0
0.5651359, 0.5647659, 0.4719744, 0
0.589104, 0.5682577, 0.6547161, 0
0.5136958, 0.5605491, 0.4743968, 0
0.2730097, 0.56415, 0.1929518, 0
0.501512, 0.5681682, 0.4416485, 0
0.5705394, 0.562647, 0.6468471, 0
0.4199282, 0.5647431, 0.2865179, 0
0.5669612, 0.5567556, 0.6599267, 0
0.3367646, 0.5506337, 0.1996126, 0
0.5281913, 0.5601189, 0.4367549, 0
0.2922853, 0.5318604, 0.1582177, 0
0.6033642, 0.556639, 0.549001, 0
0.6044901, 0.5593607, 0.5319892, 0
0.3628169, 0.5619107, 0.2868406, 0
0.5931376, 0.5602239, 0.624211, 0
0.479529, 0.5717385, 0.4342853, 0
0.4406043, 0.5760581, 0.3911162, 0
0.4992666, 0.5609475, 0.4716865, 0
0.4053309, 0.5638633, 0.2767394, 0
0.6065742, 0.5649853, 0.6530895, 0
0.7126457, 0.5462413, 0.710649, 0
0.5107535, 0.561606, 0.4898515, 0
0.5356301, 0.560308, 0.4868903, 0
0.5922698, 0.5416532, 0.5844796, 0
0.4785922, 0.5712543, 0.4087411, 0
0.5576028, 0.5566844, 0.550201, 0
0.4946933, 0.5618954, 0.4767766, 0
0.6636748, 0.542187, 0.5993524, 0
0.4198172, 0.5670699, 0.2971973, 0
0.5184149, 0.5658349, 0.4197677, 0
0.4802097, 0.5637174, 0.4989257, 0
0.6093558, 0.547674, 0.5582919, 0
0.2685162, 0.5306192, 0.2100349, 0
0.3957703, 0.5831476, 0.3850491, 0
0.4919444, 0.5708931, 0.3867694, 0
0.4599418, 0.5731074, 0.3424169, 0
0.6385442, 0.5580269, 0.6309508, 0
0.4649928, 0.5716382, 0.3940462, 0
0.4355138, 0.5700722, 0.328753, 0
0.3378048, 0.5488032, 0.1908064, 0
0.6585873, 0.5641266, 0.7059296, 0
0.5967913, 0.5444732, 0.6023319, 0
0.5592102, 0.5472326, 0.585641, 0
0.5671948, 0.5512809, 0.6200995, 0
0.3429937, 0.5460886, 0.2565641, 0
0.2559896, 0.5466215, 0.2234533, 0
0.5078691, 0.5663298, 0.4383903, 0
0.3266733, 0.5471953, 0.2268699, 0
0.3266332, 0.5525759, 0.1930051, 0
0.6408976, 0.5646031, 0.65819, 0
0.5691007, 0.561168, 0.5313786, 0
0.3467873, 0.5458453, 0.248222, 0
0.4062943, 0.5712689, 0.3155238, 0
0.3909959, 0.572598, 0.3181674, 0
0.3766154, 0.5681765, 0.3090495, 0
0.316552, 0.545354, 0.2306093, 0
0.4665309, 0.5736598, 0.3756803, 0
0.4659117, 0.5710222, 0.4260067, 0
0.2755834, 0.53704, 0.215222, 0
0.6720285, 0.5532471, 0.6372705, 0
0.6896862, 0.5546631, 0.6911461, 0
0.6977043, 0.5580927, 0.6664533, 0
0.2794133, 0.5217456, 0.189846, 0
0.4356225, 0.5779955, 0.3569121, 0
0.6495803, 0.5445267, 0.6073838, 0
0.4866851, 0.571381, 0.4079014, 0
0.2958339, 0.5581499, 0.2271071, 0
0.4024134, 0.5732018, 0.3281839, 0
0.4811723, 0.572478, 0.3643582, 0
0.6862208, 0.5610849, 0.6638018, 0
0.3648878, 0.5510996, 0.2529903, 0
0.5582883, 0.5531985, 0.6286663, 0
0.5631274, 0.5487415, 0.5799366, 0
0.3960729, 0.5740989, 0.3424613, 0
0.553216, 0.5566235, 0.5536025, 0
0.2879422, 0.5561959, 0.2181609, 0
0.528192, 0.5602847, 0.4915801, 0
0.3019978, 0.5556269, 0.1759689, 0
0.6100216, 0.5566347, 0.5405862, 0
0.4297065, 0.5799493, 0.3667349, 0
0.4123094, 0.5798311, 0.4044674, 0
0.463961, 0.5704768, 0.4236495, 0
0.2954051, 0.5371039, 0.2662465, 0
0.4901167, 0.5635729, 0.4774888, 0
0.6093151, 0.5427403, 0.5940546, 0
0.6993401, 0.5571489, 0.6671205, 0
0.5958689, 0.558561, 0.6186454, 0
0.3770139, 0.560707, 0.2683058, 0
0.5569516, 0.5526851, 0.6172677, 0
0.4356439, 0.5766574, 0.3887492, 0
0.387194, 0.5731544, 0.3224823, 0
0.4563824, 0.5697196, 0.415555, 0
0.6194162, 0.5698894, 0.6762946, 0
0.3590465, 0.562259, 0.2865381, 0
0.4792536, 0.5726888, 0.3581626, 0
0.5372677, 0.5605676, 0.4349551, 0
0.443633, 0.5771229, 0.3639949, 0
0.4643486, 0.5716228, 0.3949371, 0
0.6852909, 0.5355472, 0.7305413, 0
0.3867518, 0.560029, 0.2608963, 0
0.4023687, 0.5710094, 0.3115856, 0
0.6562688, 0.5450266, 0.742357, 0
0.5412444, 0.562377, 0.4507867, 0
0.3514994, 0.5539354, 0.2682222, 0
0.3531751, 0.5608219, 0.3288034, 0
0.4879401, 0.5710316, 0.3716137, 0
0.3364807, 0.544529, 0.2526956, 0
0.5865148, 0.562812, 0.519518, 0
0.3933802, 0.5596361, 0.2584054, 0
0.6307987, 0.5647939, 0.6950045, 0
0.6772365, 0.548293, 0.7260776, 0
0.4462107, 0.5753479, 0.3910242, 0
0.6339346, 0.5437075, 0.588332, 0
0.5537531, 0.548632, 0.587983, 0
0.5575066, 0.552654, 0.6179921, 0
0.5344171, 0.5555941, 0.5639368, 0
0.2716485, 0.5317603, 0.1990035, 0
0.6839532, 0.546856, 0.6245568, 0
0.3005615, 0.5428123, 0.2407373, 0
0.6067825, 0.5537727, 0.5504593, 0
0.34222, 0.5622616, 0.2867973, 0
0.4004124, 0.5635194, 0.273251, 0
0.3079591, 0.5425448, 0.2412822, 0
0.3278006, 0.5577502, 0.1877618, 0
0.5625437, 0.5541103, 0.6382703, 0
0.3321572, 0.5563343, 0.2102791, 0
0.4580458, 0.57311, 0.4649397, 0
0.6645392, 0.5676745, 0.6867653, 0
0.5874556, 0.5688307, 0.666961, 0
0.5198687, 0.5645477, 0.552389, 0
0.2782449, 0.5481346, 0.1670259, 0
0.554965, 0.5506848, 0.5811479, 0
0.6493601, 0.5711524, 0.6824965, 0
0.55347, 0.5552729, 0.5643718, 0
0.6018487, 0.5616491, 0.6297555, 0
0.265142, 0.5617577, 0.2247059, 0
0.3536941, 0.5614184, 0.3033471, 0
0.6224805, 0.5464202, 0.5939468, 0
0.3679659, 0.5504493, 0.2299494, 0
0.4730996, 0.5720919, 0.3498503, 0
0.6101567, 0.5412325, 0.5820374, 0
0.4720626, 0.570998, 0.4480844, 0
0.639838, 0.5600129, 0.7252909, 0
0.2606859, 0.5675842, 0.1915061, 0
0.5038761, 0.5709488, 0.3857957, 0
0.4272158, 0.5736935, 0.345434, 0
0.3755341, 0.5725687, 0.3675933, 0
0.3523739, 0.5514519, 0.2635767, 0
0.4066163, 0.5683366, 0.2990581, 0
0.4262997, 0.5803533, 0.3744038, 0
0.4433654, 0.5701807, 0.446977, 0
0.545112, 0.5595052, 0.5497149, 0
0.3105689, 0.539847, 0.2690713, 0
0.5377174, 0.562632, 0.5352815, 0
0.5256127, 0.5605072, 0.4839656, 0
0.3549827, 0.5467352, 0.2419705, 0
0.6503313, 0.5293316, 0.7476469, 0
0.5571464, 0.5565746, 0.5003065, 0
0.2873423, 0.5299261, 0.1690456, 0
0.606002, 0.5567775, 0.5456834, 0
0.4667808, 0.5727513, 0.3668596, 0
0.4772108, 0.5711367, 0.4158191, 0
0.5138078, 0.5607147, 0.4782242, 0
0.3501834, 0.5622686, 0.29968, 0
0.5140975, 0.5688533, 0.4103552, 0
0.3177867, 0.543393, 0.242765, 0
0.2692676, 0.5374417, 0.1998465, 0
0.2782134, 0.5700988, 0.1569925, 0
0.6250701, 0.5663111, 0.684008, 0
0.5444922, 0.5611767, 0.5315764, 0
0.31973, 0.5467902, 0.2283186, 0
0.5637165, 0.5623385, 0.4748909, 0
0.4912645, 0.5652066, 0.515632, 0
0.5454179, 0.5621634, 0.4414207, 0
0.6007391, 0.5416027, 0.5844054, 0
0.6683409, 0.5353469, 0.7382124, 0
0.6870742, 0.5537803, 0.7094119, 0
0.4843706, 0.5680639, 0.4760467, 0
0.6684058, 0.5670708, 0.6888286, 0
0.4257354, 0.5699813, 0.3292688, 0
0.3901164, 0.56544, 0.2863257, 0
0.2933776, 0.5184695, 0.1725748, 0
0.5251995, 0.5656735, 0.5270741, 0
0.4615359, 0.5715358, 0.3979555, 0
0.3247696, 0.5503753, 0.2766458, 0
0.3833998, 0.5633337, 0.2761889, 0
0.4592558, 0.5708792, 0.333153, 0
0.3746062, 0.567641, 0.3109148, 0
0.5753263, 0.5605969, 0.5196221, 0
0.2679633, 0.5305165, 0.1873932, 0
0.6732247, 0.5553192, 0.6445367, 0
0.6534486, 0.5543277, 0.6332011, 0
0.4229086, 0.5744403, 0.4341157, 0
0.3510439, 0.5489055, 0.2266982, 0
0.6325707, 0.5563713, 0.6255222, 0
0.5992563, 0.5416273, 0.584803, 0
0.2438671, 0.5530825, 0.2062488, 0
0.4005747, 0.5672719, 0.2909758, 0
0.6217151, 0.5594955, 0.646044, 0
0.2909735, 0.5490877, 0.1812235, 0
0.4540407, 0.5679832, 0.3255751, 0
0.5293117, 0.5561694, 0.5642253, 0
0.6460068, 0.5434762, 0.5951338, 0
0.5809683, 0.5637414, 0.677273, 0
0.5580645, 0.5470483, 0.5896025, 0
0.4848373, 0.5682079, 0.4751856, 0
0.601165, 0.5680733, 0.6572602, 0
0.2459964, 0.5582694, 0.2014786, 0
0.6604366, 0.5646132, 0.7035826, 0
0.3631644, 0.5613976, 0.2968198, 0
0.5261668, 0.564397, 0.5168009, 0
0.5753598, 0.5613795, 0.5389708, 0
0.3683379, 0.5629382, 0.3465687, 0
0.3297579, 0.546737, 0.2671781, 0
0.2910171, 0.5433061, 0.2384299, 0
0.4109658, 0.5808276, 0.3984476, 0
0.4096927, 0.5722902, 0.3391105, 0
0.4993422, 0.5620555, 0.4654766, 0
0.4290364, 0.5696754, 0.3275971, 0
0.5178546, 0.5664076, 0.5179564, 0
0.6172904, 0.5543447, 0.6117277, 0
0.556157, 0.5597057, 0.5411944, 0
0.6354985, 0.5593745, 0.6443534, 0
0.6706995, 0.5455618, 0.7329612, 0
0.565103, 0.5576009, 0.642256, 0
0.4337376, 0.5792, 0.3644084, 0
0.4999088, 0.5723651, 0.4065999, 0
0.5545917, 0.5535949, 0.5732695, 0
0.3131688, 0.5657867, 0.2201812, 0
0.4913042, 0.5627774, 0.4792331, 0
0.4255705, 0.5744591, 0.3482428, 0
0.3880635, 0.5545545, 0.2453254, 0
0.5253269, 0.5609646, 0.4361371, 0
0.4375027, 0.5738762, 0.340086, 0
0.3100473, 0.5486597, 0.2368827, 0
0.358233, 0.5584075, 0.2722315, 0
0.4983604, 0.5716268, 0.3995694, 0
0.3041264, 0.5274571, 0.1767564, 0
0.439162, 0.5702544, 0.4143402, 0
0.5128378, 0.5612063, 0.4880278, 0
0.3654096, 0.5655295, 0.3299825, 0
0.4930421, 0.5642055, 0.5018829, 0
0.6057395, 0.5614092, 0.6874959, 0
0.3901501, 0.5657705, 0.2878504, 0
0.5250205, 0.5667933, 0.5387318, 0
0.6375645, 0.5697909, 0.6663221, 0
0.4140247, 0.5816242, 0.3828975, 0
0.5316451, 0.5644211, 0.5334322, 0
0.5432815, 0.561774, 0.4394043, 0
0.5762897, 0.5437161, 0.5829862, 0
0.4698671, 0.5718585, 0.336977, 0
0.5960046, 0.5647518, 0.6827546, 0
0.4513095, 0.5721069, 0.4489291, 0
0.6506397, 0.5710317, 0.6842746, 0
0.6250825, 0.5557265, 0.6250494, 0
0.4153585, 0.579114, 0.3680366, 0
0.5408872, 0.558817, 0.5015792, 0
0.5542576, 0.5518175, 0.5790969, 0
0.5145788, 0.5663075, 0.4173254, 0
0.6545404, 0.5532816, 0.6317526, 0
0.4088237, 0.5655747, 0.2842397, 0
0.5423363, 0.562574, 0.4566018, 0
0.6512346, 0.5498914, 0.6215963, 0
0.4857681, 0.5724909, 0.3601048, 0
0.3571204, 0.5537775, 0.2131012, 0
0.4932768, 0.5708495, 0.3714614, 0
0.5768366, 0.5638835, 0.6464687, 0
0.3692167, 0.5622633, 0.2868632, 0
0.4139029, 0.5806999, 0.3736892, 0
0.2952139, 0.5362603, 0.2691703, 0
0.4339819, 0.5664043, 0.2985192, 0
0.2995511, 0.5599568, 0.1823267, 0
0.5526243, 0.5519786, 0.6074258, 0
0.4738129, 0.5639655, 0.4952997, 0
0.5592746, 0.5530198, 0.6278577, 0
0.5516985, 0.5586743, 0.512448, 0
0.3309769, 0.5622599, 0.2926869, 0
0.5389295, 0.5623743, 0.5339041, 0
0.2862809, 0.5231842, 0.187005, 0
0.6614524, 0.5678321, 0.6765127, 0
0.2520599, 0.5128818, 0.1832018, 0
0.3508969, 0.5630891, 0.2897716, 0
0.3832711, 0.5724059, 0.3234991, 0
0.3340344, 0.5649112, 0.2977553, 0
0.5394858, 0.5615273, 0.4793494, 0
0.6578252, 0.5654005, 0.6584852, 0
0.2981723, 0.5492194, 0.2492564, 0
0.3986585, 0.5739784, 0.3429809, 0
0.2933014, 0.5463535, 0.1838924, 0
0.6606351, 0.5594247, 0.6474236, 0
0.4575442, 0.5743257, 0.3650196, 0
0.5518674, 0.5547434, 0.5674933, 0
0.4472377, 0.568242, 0.4335485, 0
0.3756663, 0.5645405, 0.2983354, 0
0.5143633, 0.5602256, 0.4569043, 0
0.6400736, 0.5590854, 0.6357512, 0
0.4757566, 0.5716516, 0.3935777, 0
0.4124227, 0.5755866, 0.3603021, 0
0.2735739, 0.5359938, 0.1943466, 0
0.4085568, 0.5811837, 0.3994362, 0
0.5316828, 0.561347, 0.5063249, 0
0.5976767, 0.5622445, 0.5343453, 0
0.3680451, 0.5621257, 0.2877721, 0
0.4357418, 0.5786272, 0.3695495, 0
0.5315607, 0.5644442, 0.5334533, 0
0.5034824, 0.5713958, 0.3924, 0
0.6334199, 0.5703046, 0.6798825, 0
0.4339429, 0.569616, 0.3252967, 0
0.2784547, 0.5151212, 0.1832939, 0
0.283316, 0.5429344, 0.2258343, 0
0.4697835, 0.5720313, 0.3549448, 0
0.3931655, 0.5696723, 0.3028097, 0
0.4668625, 0.5733502, 0.3803028, 0
0.3535296, 0.5629212, 0.2891221, 0
0.5735133, 0.5571123, 0.5082172, 0
0.5298961, 0.5549673, 0.5748122, 0
0.4699981, 0.5725538, 0.3839943, 0
0.2783519, 0.5276408, 0.1839711, 0
0.3690906, 0.5652337, 0.3125678, 0
0.4363687, 0.5674556, 0.4381341, 0
0.4331495, 0.5682824, 0.317481, 0
0.5984448, 0.5418223, 0.5823588, 0
0.440118, 0.5756125, 0.3955185, 0
0.3881744, 0.5626846, 0.2708277, 0
0.3260847, 0.5480371, 0.2152824, 0
0.3999533, 0.5664479, 0.287081, 0
0.6135955, 0.5580963, 0.6283683, 0
0.4954162, 0.5669622, 0.4572638, 0
0.4836302, 0.5706576, 0.4506218, 0
0.4000584, 0.5793746, 0.3725845, 0
0.4291014, 0.5728863, 0.3420999, 0
0.5213122, 0.5613003, 0.4636859, 0
0.4657463, 0.5705822, 0.4108013, 0
0.613633, 0.5633321, 0.6527849, 0
0.2358484, 0.5514046, 0.1978999, 0
0.6052885, 0.5458196, 0.5664179, 0
0.6454268, 0.5693362, 0.6641673, 0
0.3177757, 0.5607038, 0.1691487, 0
0.5597257, 0.5530218, 0.5727233, 0
0.3988688, 0.575557, 0.3607652, 0
0.4864388, 0.5711582, 0.38805, 0
0.5466266, 0.5581335, 0.5052388, 0
0.342231, 0.5581954, 0.2779565, 0
0.6895121, 0.5532694, 0.7005931, 0
0.4547291, 0.5748262, 0.356353, 0
0.3557341, 0.5477214, 0.2341091, 0
0.6167418, 0.5481296, 0.5972435, 0
0.4897902, 0.5713959, 0.398775, 0
0.5819321, 0.5591043, 0.5531321, 0
0.6379997, 0.5586848, 0.6343852, 0
0.4543381, 0.5755838, 0.3791848, 0
0.4246662, 0.5796835, 0.3658819, 0
0.6016651, 0.5684642, 0.6587358, 0
0.4622073, 0.5705033, 0.4135454, 0
0.5419556, 0.5545041, 0.5678698, 0
0.2672167, 0.528945, 0.1818712, 0
0.5695521, 0.5500895, 0.6175122, 0
0.2876648, 0.5526631, 0.2105104, 0
0.6422932, 0.5711073, 0.6716051, 0
0.3367243, 0.5620942, 0.2083247, 0
0.3023434, 0.5512795, 0.159363, 0
0.4335422, 0.5738249, 0.4080821, 0
0.2913671, 0.5681835, 0.2051595, 0
0.6595954, 0.5422037, 0.5789768, 0
0.3094435, 0.5589446, 0.2275468, 0
0.4196823, 0.5746363, 0.3530827, 0
0.2439342, 0.5170912, 0.1861561, 0
0.461592, 0.5716949, 0.4593241, 0
0.561015, 0.5605034, 0.5339636, 0
0.5573832, 0.551513, 0.6119155, 0
0.608611, 0.5570359, 0.7004484, 0
0.4722743, 0.5714046, 0.4416179, 0
0.4729865, 0.5635272, 0.5114331, 0
0.5083498, 0.5631599, 0.5574265, 0
0.2905659, 0.5205248, 0.1619766, 0
0.5805474, 0.5437902, 0.5985082, 0
0.371182, 0.5623756, 0.2935102, 0
0.5098295, 0.5675306, 0.5214379, 0
0.4313323, 0.5686952, 0.3195859, 0
0.409363, 0.5799786, 0.372611, 0
0.4441746, 0.5760458, 0.3494717, 0
0.420552, 0.5758774, 0.355979, 0
0.6567419, 0.5683421, 0.6685801, 0
0.5018656, 0.5670856, 0.446127, 0
0.2601081, 0.511526, 0.167151, 0
0.5473139, 0.5560206, 0.6234465, 0
0.4633933, 0.571043, 0.4011781, 0
0.6472643, 0.5540338, 0.625925, 0
0.6287252, 0.5636231, 0.7027377, 0
0.52674, 0.5618512, 0.5538351, 0
0.6777956, 0.5293826, 0.7338694, 0
0.6223243, 0.5597847, 0.6470578, 0
0.5440368, 0.5605428, 0.5465969, 0
0.6065341, 0.5599742, 0.6263685, 0
0.4092309, 0.579918, 0.3724149, 0
0.5154143, 0.5623086, 0.5013663, 0
0.5572405, 0.5594353, 0.4833318, 0
0.6004983, 0.5696824, 0.6725666, 0
0.3278599, 0.571332, 0.1891993, 0
0.4857014, 0.5645481, 0.5087766, 0
0.4795072, 0.5706261, 0.4495188, 0
0.5895, 0.5656195, 0.642897, 0
0.5602313, 0.5529078, 0.6329809, 0
0.5940612, 0.5628999, 0.526162, 0
0.3398004, 0.5646302, 0.2975597, 0
0.5760715, 0.5651988, 0.4863501, 0
0.3987131, 0.5733405, 0.323977, 0
0.4234366, 0.5781032, 0.390995, 0
0.4124042, 0.5799319, 0.4160665, 0
0.3550736, 0.5614545, 0.3248629, 0
0.6558701, 0.5371295, 0.7459371, 0
0.3247522, 0.5436924, 0.2470122, 0
0.4042527, 0.5748594, 0.3539084, 0
0.6587461, 0.5543453, 0.6366164, 0
0.5854052, 0.5541087, 0.6894359, 0
0.5651093, 0.5534207, 0.6353621, 0
0.3602187, 0.5522001, 0.2169598, 0
0.5985688, 0.5619164, 0.5375758, 0
0.4282634, 0.5790334, 0.3603183, 0
0.6255761, 0.5420914, 0.5795642, 0
0.3861462, 0.5590904, 0.2584442, 0
0.4390633, 0.5709694, 0.3307723, 0
0.541521, 0.5610108, 0.5124229, 0
0.284633, 0.5594761, 0.159359, 0
0.4216544, 0.5719373, 0.3393635, 0
0.5734378, 0.5543703, 0.5665754, 0
0.3581334, 0.5495987, 0.2250695, 0
0.3493199, 0.5609294, 0.2817817, 0
0.4286404, 0.5753846, 0.407364, 0
0.6192575, 0.5567987, 0.6284265, 0
0.3893552, 0.5600184, 0.260514, 0
0.5955134, 0.5417562, 0.5881021, 0
0.6649203, 0.5548638, 0.6397607, 0
0.3857176, 0.5645128, 0.283269, 0
0.3311026, 0.5587105, 0.2855468, 0
0.5077035, 0.5604236, 0.4599488, 0
0.3994811, 0.5783358, 0.3704143, 0
0.5790275, 0.5659959, 0.6681399, 0
0.4170456, 0.5792891, 0.3672157, 0
0.5707766, 0.5515897, 0.6227719, 0
0.5821161, 0.5666478, 0.6529289, 0
0.4821758, 0.5637861, 0.5005457, 0
0.5157769, 0.5675275, 0.5263121, 0
0.6511232, 0.5572287, 0.6383001, 0
0.5532763, 0.5582337, 0.4890108, 0
0.656929, 0.5500546, 0.626598, 0
0.2827016, 0.5403694, 0.1620104, 0
0.5189792, 0.5652316, 0.4274713, 0
0.3755772, 0.5690147, 0.3147407, 0
0.2961527, 0.5405133, 0.1932884, 0
0.3821709, 0.5685551, 0.3020051, 0
0.6069292, 0.5696079, 0.6654122, 0
0.5903913, 0.5642365, 0.6371478, 0
0.5442441, 0.5609861, 0.5150997, 0
0.6656232, 0.5324966, 0.7399526, 0
0.529811, 0.5633101, 0.5160018, 0
0.6173783, 0.555634, 0.5396878, 0
0.5151613, 0.5604631, 0.465938, 0
0.3815317, 0.5753791, 0.375902, 0
0.2787924, 0.5316535, 0.1755464, 0
0.5157527, 0.5653428, 0.510543, 0
0.5355114, 0.5613953, 0.4503097, 0
0.5571129, 0.5595328, 0.5260305, 0
0.2768641, 0.5334541, 0.1548862, 0
0.4274503, 0.5699821, 0.3291726, 0
0.2884437, 0.5429084, 0.2425093, 0
0.3963045, 0.5659993, 0.2866049, 0
0.2772565, 0.5648139, 0.1672601, 0
0.2801709, 0.5635492, 0.2249111, 0
0.4932224, 0.5711237, 0.4350846, 0
0.690923, 0.5570858, 0.6509606, 0
0.3636724, 0.562988, 0.31497, 0
0.628761, 0.5518035, 0.6060346, 0
0.6029319, 0.5413152, 0.588783, 0
0.5206653, 0.5620967, 0.5024009, 0
0.3408091, 0.5542026, 0.272442, 0
0.4952773, 0.5715775, 0.3961174, 0
0.3561693, 0.5583348, 0.1960616, 0
0.4573489, 0.5697948, 0.4130498, 0
0.547767, 0.5629516, 0.4721982, 0
0.571382, 0.5567107, 0.4996272, 0
0.3308284, 0.5609459, 0.2898882, 0
0.5298861, 0.5645302, 0.5444163, 0
0.4071018, 0.5642912, 0.2790399, 0
0.3528566, 0.5494463, 0.2596083, 0
0.5838516, 0.5586869, 0.5548527, 0
0.3375316, 0.5650649, 0.3016909, 0
0.3323276, 0.5449465, 0.2609799, 0
0.3541241, 0.5628535, 0.2863825, 0
0.5859865, 0.5417218, 0.5891203, 0
0.285125, 0.541392, 0.2170807, 0
0.456712, 0.5731108, 0.4634925, 0
0.4192908, 0.5674353, 0.2986638, 0
0.590535, 0.558803, 0.5551689, 0
0.4797154, 0.5724146, 0.3671744, 0
0.4520232, 0.5747869, 0.3463325, 0
0.2817121, 0.5285062, 0.1770697, 0
0.358238, 0.5537136, 0.2641852, 0
0.3686829, 0.5621744, 0.3006056, 0
0.3245298, 0.554195, 0.2130037, 0
0.6729813, 0.5217167, 0.7334, 0
0.6864158, 0.530859, 0.7301373, 0
0.6675152, 0.5417877, 0.6162483, 0
0.6357179, 0.569506, 0.6855431, 0
0.3209513, 0.5535018, 0.2853795, 0
0.3809801, 0.5727991, 0.3561966, 0
0.5599425, 0.5569392, 0.5093955, 0
0.5400145, 0.5618502, 0.4470124, 0
0.6093283, 0.568248, 0.6606174, 0
0.319041, 0.5461795, 0.2247219, 0
0.3938993, 0.5647969, 0.2818507, 0
0.6284502, 0.5673153, 0.6844506, 0
0.4808527, 0.5697823, 0.474869, 0
0.4992237, 0.5676931, 0.4487636, 0
0.3288073, 0.5573464, 0.2852194, 0
0.5155509, 0.5656856, 0.5120742, 0
0.6041852, 0.541886, 0.5943562, 0
0.3466495, 0.5463165, 0.2529562, 0
0.6033472, 0.5572301, 0.6141326, 0
0.2651892, 0.552434, 0.1753307, 0
0.6339194, 0.5651019, 0.69985, 0
0.5384735, 0.5618494, 0.4300874, 0
0.4901135, 0.5630889, 0.4919838, 0
0.5203211, 0.5667988, 0.5247842, 0
0.4222638, 0.5685823, 0.3075225, 0
0.4058994, 0.572628, 0.3302262, 0
0.4512191, 0.5694966, 0.4353846, 0
0.3838319, 0.5767992, 0.3727584, 0
0.5203305, 0.5669247, 0.5274015, 0
0.3130296, 0.5437943, 0.2004469, 0
0.3787542, 0.5661348, 0.2993329, 0
0.4801254, 0.5711741, 0.4649355, 0
0.4501206, 0.5765226, 0.3782746, 0
0.3639679, 0.5611792, 0.2755207, 0
0.6192797, 0.5593477, 0.6454627, 0
0.4586454, 0.571807, 0.4501306, 0
0.6334826, 0.5585723, 0.6404669, 0
0.6380778, 0.5703784, 0.6679949, 0
0.5758851, 0.5575842, 0.4992382, 0
0.5843772, 0.5683897, 0.6597218, 0
0.6579998, 0.5654925, 0.6589544, 0
0.4840346, 0.5714027, 0.3805853, 0
0.3792614, 0.569838, 0.31225, 0
0.4317212, 0.5678688, 0.3130228, 0
0.3698186, 0.5673578, 0.3211113, 0
0.4100072, 0.5719023, 0.3307327, 0
0.6034259, 0.5693, 0.6630354, 0
0.6012561, 0.5545376, 0.6097677, 0
0.5992143, 0.5446206, 0.5703536, 0
0.5385864, 0.5607305, 0.4834757, 0
0.5600409, 0.5641613, 0.4693367, 0
0.5290354, 0.5609096, 0.4496695, 0
0.4077077, 0.5710721, 0.3157118, 0
0.5938312, 0.5641235, 0.636716, 0
0.4574982, 0.5697446, 0.4175256, 0
0.5745705, 0.5654574, 0.658175, 0
0.3231087, 0.5520217, 0.2808225, 0
0.5640648, 0.5518644, 0.6204805, 0
0.6507306, 0.5550432, 0.6322894, 0
0.6525788, 0.568984, 0.6656754, 0
0.5736547, 0.5581299, 0.5119223, 0
0.4763184, 0.5723404, 0.3736596, 0
0.5891741, 0.5502682, 0.6126195, 0
0.5889263, 0.567708, 0.65214, 0
0.4726022, 0.5720294, 0.3504028, 0
0.5246223, 0.5603453, 0.4400573, 0
0.5216028, 0.5581521, 0.5772965, 0
0.34594, 0.5633872, 0.291839, 0
0.5739861, 0.5568271, 0.5060543, 0
0.6745271, 0.5618717, 0.6981094, 0
0.5347551, 0.5541556, 0.5957921, 0
0.6546032, 0.5428745, 0.5983528, 0
0.4044345, 0.5729364, 0.3324298, 0
0.5260392, 0.5654263, 0.5461352, 0
0.6417249, 0.559116, 0.6373352, 0
0.6517136, 0.5161718, 0.738721, 0
0.5065312, 0.5614434, 0.4846394, 0
0.388331, 0.5686958, 0.2992187, 0
0.5051097, 0.5631586, 0.4959025, 0
0.3016126, 0.5478917, 0.2395192, 0
0.6679878, 0.5658149, 0.6722273, 0
0.4624519, 0.5726546, 0.3598046, 0
0.2761608, 0.5658337, 0.1722024, 0
0.5784786, 0.5502612, 0.6175867, 0
0.5684312, 0.5616692, 0.4813803, 0
0.5791445, 0.5423181, 0.5861258, 0
0.5203534, 0.5591947, 0.5758555, 0
0.4137304, 0.5614571, 0.2706605, 0
0.6841487, 0.5328958, 0.73136, 0
0.590819, 0.5680628, 0.6530893, 0
0.6837881, 0.5235521, 0.7290518, 0
0.4484328, 0.5692378, 0.4379128, 0
0.4931307, 0.5621229, 0.4843949, 0
0.5856602, 0.5602745, 0.5510543, 0
0.5741006, 0.5596144, 0.5473812, 0
0.3573022, 0.5618263, 0.281478, 0
0.6398825, 0.5711035, 0.6813601, 0
0.3593619, 0.5621036, 0.2878943, 0
0.3597513, 0.5539017, 0.2086441, 0
0.3686682, 0.565538, 0.3401017, 0
0.363276, 0.5630422, 0.3196752, 0
0.4453437, 0.5683217, 0.430438, 0
0.4464955, 0.5729077, 0.4001181, 0
0.7003767, 0.5507654, 0.7111945, 0
0.4563079, 0.5722679, 0.4593203, 0
0.3228195, 0.5481226, 0.2130523, 0
0.3346757, 0.5630332, 0.2921098, 0
0.4849264, 0.571337, 0.3973592, 0
0.6074841, 0.5617357, 0.6873897, 0
0.3573883, 0.5598314, 0.2756727, 0
0.3523591, 0.5585976, 0.2754652, 0
0.4912331, 0.5717165, 0.4299185, 0
0.2682056, 0.5753545, 0.1960718, 0
0.4806759, 0.5715018, 0.3983624, 0
0.3398962, 0.5580407, 0.2214943, 0
0.4029884, 0.5705898, 0.3096949, 0
0.6179532, 0.5656162, 0.6562475, 0
0.5324032, 0.5567108, 0.6033008, 0
0.6366086, 0.5712492, 0.6766359, 0
0.6908163, 0.5458575, 0.7216853, 0
0.5943642, 0.5501675, 0.6098469, 0
0.4289949, 0.5729197, 0.4173525, 0
0.6538683, 0.5687352, 0.6660815, 0
0.4394214, 0.577212, 0.354612, 0
0.4981393, 0.5683593, 0.4466337, 0
0.5011514, 0.5696325, 0.4330913, 0
0.6041882, 0.5430584, 0.5757689, 0
0.5729356, 0.5521222, 0.6246378, 0
0.500674, 0.5707892, 0.3811892, 0
0.6437331, 0.5712003, 0.6737939, 0
0.4574943, 0.5744297, 0.3847286, 0
0.5052683, 0.5640317, 0.5002162, 0
0.3943362, 0.5669334, 0.290841, 0
0.4954161, 0.5707985, 0.3788139, 0
0.7014834, 0.535351, 0.7244323, 0
0.5006683, 0.5708373, 0.3825181, 0
0.3989229, 0.5739538, 0.3366668, 0
0.3131166, 0.5390921, 0.2628449, 0
0.5514899, 0.5575131, 0.4926404, 0
0.6637119, 0.5420483, 0.6143178, 0
0.5337613, 0.5540882, 0.592101, 0
0.2800474, 0.5405118, 0.2163219, 0
0.433345, 0.5682561, 0.3173883, 0
0.5054076, 0.5676478, 0.4362793, 0
0.4565935, 0.5728146, 0.3927671, 0
0.2865281, 0.5592155, 0.1476636, 0
0.3510584, 0.5627062, 0.2863821, 0
0.4926013, 0.5724019, 0.4131575, 0
0.4259215, 0.5671558, 0.3008277, 0
0.5551863, 0.5492925, 0.6009629, 0
0.5318024, 0.5602944, 0.4877183, 0
0.4099863, 0.5704768, 0.3134567, 0
0.4858713, 0.5612911, 0.5282972, 0
0.6509404, 0.5529409, 0.6274689, 0
0.5269776, 0.5604581, 0.4368702, 0
0.4990204, 0.5709652, 0.3858004, 0
0.5663648, 0.5453332, 0.5991705, 0
0.3764869, 0.5517538, 0.2339967, 0
0.6814007, 0.5594677, 0.6938761, 0
0.3048412, 0.5449104, 0.2237632, 0
0.4324832, 0.5791251, 0.3729007, 0
0.3284913, 0.5636884, 0.2983025, 0
0.5348282, 0.5612818, 0.4312153, 0
0.4287448, 0.5750642, 0.348427, 0
0.3672787, 0.5622573, 0.2857325, 0
0.3386047, 0.5475004, 0.2343886, 0
0.3832124, 0.5530901, 0.2282981, 0
0.5394884, 0.5606382, 0.5096842, 0
0.6344249, 0.5684586, 0.6875168, 0
0.631451, 0.558339, 0.6411316, 0
0.4435233, 0.5687021, 0.3217366, 0
0.5869098, 0.5478073, 0.5712605, 0
0.4550988, 0.5747127, 0.3523515, 0
0.2716201, 0.5429017, 0.2425285, 0
0.3119875, 0.5418306, 0.1758094, 0
0.656787, 0.5692589, 0.6780921, 0
0.3285016, 0.5566322, 0.2841659, 0
0.5564682, 0.5601848, 0.5319829, 0
0.2755755, 0.5265264, 0.1787915, 0
0.493706, 0.5688402, 0.452132, 0
0.6227085, 0.5421926, 0.5783294, 0
0.3708981, 0.56752, 0.3188292, 0
0.515079, 0.5658574, 0.4230122, 0
0.5034356, 0.5641337, 0.5004498, 0
0.673566, 0.5493027, 0.7262734, 0
0.4374157, 0.5691768, 0.4256366, 0
0.4922304, 0.5714862, 0.3651454, 0
0.4811438, 0.5633297, 0.4889848, 0
0.4263093, 0.5748862, 0.3492765, 0
0.3133636, 0.5374241, 0.1828705, 0
0.4889788, 0.5716909, 0.4334044, 0
0.2485625, 0.5388551, 0.1999315, 0
0.4742133, 0.572401, 0.3594021, 0
0.5134449, 0.5618755, 0.4443534, 0
0.6880958, 0.5535409, 0.6996312, 0
0.595546, 0.5640152, 0.6374071, 0
0.4766194, 0.5682972, 0.4812006, 0
0.4123867, 0.5692404, 0.3071874, 0
0.5450186, 0.5577973, 0.4959037, 0
0.4972792, 0.5708399, 0.3765511, 0
0.5671341, 0.5555087, 0.5553553, 0
0.4442759, 0.567094, 0.3128293, 0
0.4572647, 0.5686686, 0.3273519, 0
0.6115873, 0.5702692, 0.6719874, 0
0.6234196, 0.5522706, 0.5508697, 0
0.5458928, 0.5568241, 0.6181901, 0
0.4166982, 0.5628765, 0.2770203, 0
0.5409256, 0.5586001, 0.4985969, 0
0.494089, 0.562097, 0.485721, 0
0.4019203, 0.5637627, 0.2753949, 0
0.5315147, 0.560992, 0.447922, 0
0.3720017, 0.5623052, 0.2789926, 0
0.326356, 0.545772, 0.1985127, 0
0.4387689, 0.5701448, 0.327651, 0
0.5731423, 0.5511618, 0.574163, 0
0.3931304, 0.5741656, 0.3412589, 0
0.602687, 0.566974, 0.6549785, 0
0.3013116, 0.5397574, 0.1693459, 0
0.4101298, 0.5711087, 0.3184572, 0
0.4476895, 0.5741667, 0.340094, 0
0.5424507, 0.562825, 0.4632451, 0
0.4434534, 0.5770742, 0.3594856, 0
0.598225, 0.5634548, 0.6368946, 0
0.5137401, 0.5610564, 0.4892246, 0
0.4578753, 0.5710332, 0.436116, 0
0.5296971, 0.5608528, 0.4789835, 0
0.3676956, 0.55036, 0.2480689, 0
0.4413255, 0.5699378, 0.3269596, 0
0.5099759, 0.5716391, 0.3946965, 0
0.5797279, 0.5615914, 0.5410163, 0
0.6550608, 0.532972, 0.7465727, 0
0.259514, 0.5378308, 0.1657879, 0
0.4655249, 0.5709885, 0.4261761, 0
0.6599568, 0.5438657, 0.7407632, 0
0.4753035, 0.5718212, 0.381902, 0
0.4159908, 0.5712423, 0.3348463, 0
0.3289263, 0.5617224, 0.2931913, 0
0.340289, 0.5545803, 0.2732864, 0
0.6546741, 0.5694774, 0.6889481, 0
0.6843979, 0.5617648, 0.6704321, 0
0.6106593, 0.5607546, 0.6444126, 0
0.6116942, 0.5703233, 0.671191, 0
0.6887219, 0.5453107, 0.7234856, 0
0.4516926, 0.5695954, 0.4132462, 0
0.5628769, 0.5603048, 0.5284466, 0
0.3281834, 0.5514339, 0.2755071, 0
0.66224, 0.5366731, 0.7416862, 0
0.446478, 0.5714757, 0.4478793, 0
0.4396003, 0.5685272, 0.4271982, 0
0.5332506, 0.5571518, 0.5593407, 0
0.5907055, 0.5420357, 0.5912158, 0
0.3368434, 0.5556659, 0.1956194, 0
0.5624308, 0.5643415, 0.4702874, 0
0.4149356, 0.5704495, 0.3190799, 0
0.6682623, 0.5604286, 0.6528522, 0
0.2917095, 0.5436297, 0.1717541, 0
0.6624814, 0.547417, 0.6243911, 0
0.380247, 0.5520832, 0.2381934, 0
0.4379303, 0.5782712, 0.3671463, 0
0.5122657, 0.561578, 0.5646033, 0
0.5901271, 0.5690523, 0.6597085, 0
0.3484248, 0.5526804, 0.2036054, 0
0.5052145, 0.5645802, 0.503975, 0
0.4223889, 0.5675176, 0.3010769, 0
0.4417685, 0.5691296, 0.4457498, 0
0.5290645, 0.5631291, 0.5503411, 0
0.3348884, 0.5577947, 0.2803062, 0
0.3737439, 0.5665899, 0.3455817, 0
0.5882941, 0.5634243, 0.5260738, 0
0.4880701, 0.5717301, 0.4328105, 0
0.373867, 0.5515692, 0.2309732, 0
0.5306322, 0.5543177, 0.5847918, 0
0.3790222, 0.5696886, 0.3117171, 0
0.445397, 0.5705963, 0.4086211, 0
0.503232, 0.5639647, 0.4989567, 0
0.4989009, 0.5610719, 0.4793896, 0
0.3626341, 0.5527052, 0.259723, 0
0.4932621, 0.5674865, 0.4598926, 0
0.4929535, 0.5633808, 0.4728313, 0
0.4637669, 0.5741042, 0.3741429, 0
0.3573104, 0.5500413, 0.257753, 0
0.5349941, 0.5601925, 0.4880377, 0
0.5985174, 0.5696921, 0.6672192, 0
0.6445484, 0.5418719, 0.573209, 0
0.455896, 0.5700929, 0.4332797, 0
0.4714413, 0.57188, 0.3896065, 0
0.4877165, 0.5647612, 0.5065449, 0
0.372928, 0.5521808, 0.2247698, 0
0.367139, 0.5626631, 0.3061629, 0
0.5165791, 0.5659435, 0.5141675, 0
0.4034612, 0.5580242, 0.2576284, 0
0.3813156, 0.5603903, 0.2649483, 0
0.4327475, 0.57054, 0.4244112, 0
0.2778825, 0.542407, 0.2287279, 0
0.6355287, 0.5479439, 0.6002528, 0
0.3402404, 0.5503032, 0.213034, 0
0.4755697, 0.5712384, 0.4195707, 0
0.4409915, 0.5755072, 0.3947206, 0
0.5016052, 0.5607868, 0.477353, 0
0.6072601, 0.5516509, 0.5531503, 0
0.403192, 0.5725906, 0.3231346, 0
0.4567937, 0.5712913, 0.4018607, 0
0.3155386, 0.543853, 0.2386418, 0
0.4764728, 0.5638033, 0.4947141, 0
0.6433661, 0.5692933, 0.6998497, 0
0.4587128, 0.567201, 0.3250166, 0
0.4411306, 0.5713072, 0.4096194, 0
0.5248246, 0.5630338, 0.5090533, 0
0.5808013, 0.5529624, 0.5692089, 0
0.5233182, 0.5607085, 0.4814148, 0
0.5305725, 0.5569288, 0.5975825, 0
0.5028229, 0.5707852, 0.3812824, 0
0.3264976, 0.5575131, 0.2141168, 0
0.6774275, 0.549613, 0.7257018, 0
0.4922554, 0.5631801, 0.4754165, 0
0.4439268, 0.5685226, 0.4287714, 0
0.6491898, 0.5599616, 0.717024, 0
0.5849229, 0.5596434, 0.6299905, 0
0.5128145, 0.5654319, 0.4330884, 0
0.3485552, 0.5620618, 0.305372, 0
0.5857953, 0.5415782, 0.5839435, 0
0.4378075, 0.5687786, 0.4271637, 0
0.5523564, 0.5645403, 0.4488959, 0
0.4993621, 0.5709904, 0.3873506, 0
0.4498078, 0.5689058, 0.4327008, 0
0.5275583, 0.5643258, 0.5183196, 0
0.5918544, 0.5447774, 0.6048032, 0
0.5166649, 0.5610805, 0.4714, 0
0.2575785, 0.5242553, 0.1772739, 0
0.5593382, 0.5520931, 0.5754312, 0
0.3278544, 0.546985, 0.2021785, 0
0.4668763, 0.5708513, 0.4233511, 0
0.2936364, 0.5438992, 0.2333315, 0
0.5943988, 0.5667316, 0.6488006, 0
0.4359214, 0.5781734, 0.3736174, 0
0.3905433, 0.5744918, 0.3521674, 0
0.4600187, 0.5716967, 0.4448208, 0
0.3575183, 0.5612346, 0.3041251, 0
0.5756971, 0.5562326, 0.5592551, 0
0.5081254, 0.5708354, 0.3871923, 0
0.5657602, 0.5562768, 0.5016957, 0
0.5854295, 0.5633385, 0.5306597, 0
0.3491533, 0.5621492, 0.3088389, 0
0.5351902, 0.5618647, 0.4590476, 0
0.5871487, 0.568914, 0.6613145, 0
0.313762, 0.5486915, 0.2282741, 0
0.3600379, 0.5549427, 0.2025125, 0
0.5745794, 0.5617169, 0.5284548, 0
0.4812254, 0.5687039, 0.4776986, 0
0.5232345, 0.5606051, 0.4387962, 0
0.3669031, 0.5513659, 0.2238229, 0
0.5690172, 0.5569127, 0.495523, 0
0.4326665, 0.5775586, 0.3818219, 0
0.5324824, 0.5616657, 0.5085599, 0
0.2709287, 0.5212319, 0.1815781, 0
0.5025353, 0.5710796, 0.4176436, 0
0.2468543, 0.5342554, 0.2144857, 0
0.4809411, 0.5653732, 0.4824725, 0
0.4850407, 0.5718448, 0.4171696, 0
0.4955978, 0.5627407, 0.490234, 0
0.4956486, 0.5618351, 0.4843369, 0
0.6448018, 0.5614578, 0.6512052, 0
0.4796677, 0.5720537, 0.4245611, 0
0.5861031, 0.5414328, 0.5865301, 0
0.3740365, 0.5683613, 0.3343416, 0
0.3262399, 0.5453454, 0.2671947, 0
0.2623824, 0.5166867, 0.1771103, 0
0.4660171, 0.5713773, 0.3975909, 0
0.6553456, 0.5450372, 0.6146852, 0
0.5757288, 0.5617824, 0.4886737, 0
0.3762037, 0.569932, 0.3197664, 0
0.6401185, 0.567669, 0.7017182, 0
0.4807007, 0.571354, 0.4399065, 0
0.3479252, 0.5502263, 0.2637665, 0
0.6440704, 0.5438632, 0.5968476, 0
0.4700387, 0.566973, 0.4879057, 0
0.5317906, 0.5604562, 0.4428636, 0
0.5815493, 0.5500087, 0.616053, 0
0.3909847, 0.5726678, 0.3187988, 0
0.5053903, 0.5720374, 0.4094663, 0
0.3184694, 0.5481022, 0.2072278, 0
0.3965924, 0.5547741, 0.2446703, 0
0.6686806, 0.550324, 0.6300324, 0
0.5820602, 0.5591336, 0.506654, 0
0.647025, 0.541774, 0.571869, 0
0.6076095, 0.5517873, 0.6047021, 0
0.6691412, 0.5666487, 0.6804177, 0
0.4451222, 0.5714975, 0.3308974, 0
0.4830169, 0.5644819, 0.4826247, 0
0.511144, 0.5607608, 0.4803849, 0
0.2837099, 0.5689518, 0.1677409, 0
0.3217399, 0.5494708, 0.1962452, 0
0.4969857, 0.571999, 0.4202047, 0
0.5967502, 0.5417853, 0.5914096, 0
0.4331085, 0.577935, 0.3562042, 0
0.5753983, 0.5613046, 0.5395098, 0
0.4077815, 0.5753219, 0.3602526, 0
0.2676488, 0.528269, 0.1708766, 0
0.6386913, 0.5558848, 0.7429654, 0
0.6706293, 0.5598659, 0.7053261, 0
0.3157512, 0.5454562, 0.226943, 0
0.5913946, 0.5624845, 0.6316601, 0
0.6443434, 0.5496807, 0.6147993, 0
0.4976417, 0.5662898, 0.5348446, 0
0.6665924, 0.5660576, 0.6719332, 0
0.6471242, 0.5618409, 0.6506605, 0
0.5405097, 0.5620719, 0.5336105, 0
0.6600563, 0.5663318, 0.6639081, 0
0.6904191, 0.5122623, 0.7192134, 0
0.2954752, 0.5418293, 0.24913, 0
0.4800352, 0.5719633, 0.4235205, 0
0.5847894, 0.5416055, 0.584678, 0
0.6837006, 0.5559734, 0.6970689, 0
0.4710419, 0.5713598, 0.4021609, 0
0.4153979, 0.5815163, 0.3835504, 0
0.4690289, 0.5709054, 0.4536579, 0
0.3698754, 0.5621858, 0.2797507, 0
0.5526611, 0.5567625, 0.5536686, 0
0.6428203, 0.5597532, 0.6447598, 0
0.4963093, 0.5705414, 0.5464823, 0
0.703886, 0.5509821, 0.7074506, 0
0.5300123, 0.56221, 0.5519727, 0
0.6049881, 0.5474277, 0.6022133, 0
0.5860416, 0.5632191, 0.6372199, 0
0.3391704, 0.5543433, 0.2734455, 0
0.6313931, 0.5683435, 0.6630248, 0
0.5257957, 0.5655558, 0.527512, 0
0.5599161, 0.5564264, 0.4990065, 0
0.3109077, 0.539207, 0.2564034, 0
0.5241842, 0.5585369, 0.5604551, 0
0.4965441, 0.5638642, 0.4652505, 0
0.4968836, 0.5637292, 0.4649242, 0
0.3879847, 0.5678421, 0.2962211, 0
0.5785083, 0.5623105, 0.5274152, 0
0.4767589, 0.5694641, 0.4787556, 0
0.5770304, 0.545462, 0.5795497, 0
0.6201691, 0.570509, 0.6732115, 0
0.3376789, 0.5614802, 0.2865845, 0
0.476426, 0.5711474, 0.4073346, 0
0.3844627, 0.5666106, 0.2944017, 0
0.6184494, 0.5569922, 0.6305192, 0
0.4666819, 0.5715091, 0.4809137, 0
0.410711, 0.5821833, 0.3859542, 0
0.6895588, 0.5456783, 0.7226101, 0
0.3294808, 0.5609294, 0.1975028, 0
0.6496751, 0.5599016, 0.7167865, 0
0.5885081, 0.5628319, 0.5400429, 0
0.3186925, 0.5406565, 0.2547738, 0
0.4333661, 0.5721265, 0.3371532, 0
0.2496961, 0.5291693, 0.2068545, 0
0.4368369, 0.5719499, 0.4101053, 0
0.4597059, 0.573815, 0.3652358, 0
0.4596747, 0.571607, 0.4565471, 0
0.4680068, 0.5716034, 0.44294, 0
0.4441708, 0.5770434, 0.3691245, 0
0.287287, 0.5559429, 0.1718981, 0
0.5219603, 0.560753, 0.478854, 0
0.5947127, 0.5442588, 0.6026292, 0
0.5444657, 0.5511181, 0.5942621, 0
0.2647888, 0.5624582, 0.2094069, 0
0.630944, 0.5421156, 0.5760556, 0
0.4959113, 0.5724471, 0.4131265, 0
0.4458789, 0.5764411, 0.3583519, 0
0.4660514, 0.5725937, 0.3470347, 0
0.4592137, 0.5734823, 0.4683544, 0
0.4536531, 0.5731856, 0.3392499, 0
0.4541297, 0.5746068, 0.3871567, 0
0.6103534, 0.5480191, 0.557088, 0
0.5774709, 0.5602402, 0.5470141, 0
0.3672008, 0.5538787, 0.2588549, 0
0.4649531, 0.5738133, 0.3729912, 0
0.4619974, 0.571062, 0.4010221, 0
0.3235361, 0.5420068, 0.2522481, 0
0.5862182, 0.5668477, 0.6762679, 0
0.6715894, 0.5548089, 0.6424333, 0
0.3545311, 0.5488893, 0.2268823, 0
0.2999977, 0.5435334, 0.2353546, 0
0.5675096, 0.56015, 0.540638, 0
0.5053077, 0.5662948, 0.5099913, 0
0.6063092, 0.5588689, 0.5241421, 0
0.4382555, 0.5746327, 0.4014668, 0
0.2511986, 0.5366994, 0.1759324, 0
0.4609541, 0.5705791, 0.4055193, 0
0.4501516, 0.5699463, 0.4392971, 0
0.4965407, 0.5621921, 0.4872384, 0
0.425822, 0.5695935, 0.3245779, 0
0.4606948, 0.5700495, 0.4203522, 0
0.46929, 0.5720386, 0.3966089, 0
0.4303318, 0.5775573, 0.3550997, 0
0.4647228, 0.5710149, 0.4016322, 0
0.5595884, 0.5564936, 0.5048823, 0
0.6057499, 0.568778, 0.6804069, 0
0.3655994, 0.5620847, 0.2876674, 0
0.2776785, 0.550396, 0.1775374, 0
0.3355796, 0.549831, 0.211493, 0
0.3227443, 0.5449654, 0.2692504, 0
0.3147349, 0.5371537, 0.1650144, 0
0.6166751, 0.5420939, 0.5790566, 0
0.5005204, 0.5707898, 0.3811139, 0
0.5243005, 0.5669611, 0.5397816, 0
0.3642084, 0.561484, 0.2905124, 0
0.4926985, 0.5659801, 0.4670323, 0
0.4639941, 0.5713559, 0.4554107, 0
0.4845501, 0.5717435, 0.4321808, 0
0.5744681, 0.551731, 0.57282, 0
0.6944691, 0.5560247, 0.6501261, 0
0.3944169, 0.5761754, 0.3648188, 0
0.3126979, 0.5703664, 0.1794126, 0
0.5075564, 0.5620461, 0.4894695, 0
0.3201784, 0.5461427, 0.2146171, 0
0.5904412, 0.5416981, 0.5872244, 0
0.3184309, 0.5487458, 0.279726, 0
0.5160803, 0.5663288, 0.5492575, 0
0.3258726, 0.5595748, 0.2913879, 0
0.5240937, 0.565354, 0.4232796, 0
0.5262848, 0.5632068, 0.4302211, 0
0.4340068, 0.5683419, 0.3184223, 0
0.6794144, 0.5532327, 0.6391828, 0
0.5457672, 0.5529301, 0.5806254, 0
0.2925236, 0.5416979, 0.2502785, 0
0.5011065, 0.5669458, 0.5266652, 0
0.3412607, 0.5577292, 0.1839439, 0
0.5252764, 0.5656666, 0.5264246, 0
0.3867142, 0.5667038, 0.2936345, 0
0.6748492, 0.5461258, 0.7301734, 0
0.2558526, 0.5487218, 0.1786238, 0
0.2971033, 0.5481302, 0.230118, 0
0.3386723, 0.5615914, 0.286295, 0
0.6090553, 0.5504871, 0.5534998, 0
0.2751531, 0.5285696, 0.1888234, 0
0.30975, 0.5421828, 0.2434654, 0
0.2867276, 0.5626877, 0.1548091, 0
0.4989181, 0.5612784, 0.4815606, 0
0.5163205, 0.5640925, 0.4348668, 0
0.3947622, 0.5780382, 0.371002, 0
0.6074455, 0.5459442, 0.5662305, 0
0.4832366, 0.5624259, 0.5143272, 0
0.398236, 0.5757861, 0.3630126, 0
0.4802012, 0.5712022, 0.4077968, 0
0.6171951, 0.5516403, 0.6032581, 0
0.5721555, 0.5615105, 0.5312018, 0
0.5516807, 0.5601927, 0.5398123, 0
0.2607749, 0.5373984, 0.2275967, 0
0.303496, 0.5636842, 0.2026532, 0
0.2849252, 0.5460996, 0.2440551, 0
0.6109169, 0.544485, 0.5723038, 0
0.5396006, 0.5537874, 0.578285, 0
0.559122, 0.5537196, 0.570353, 0
0.623471, 0.5537732, 0.5481672, 0
0.4879844, 0.5636998, 0.4809184, 0
0.5104393, 0.5610254, 0.4531805, 0
0.3555688, 0.5469322, 0.2476639, 0
0.4768712, 0.5685256, 0.4806267, 0
0.444759, 0.5727394, 0.4021248, 0
0.2841161, 0.539276, 0.161185, 0
0.4093162, 0.5820444, 0.3827118, 0
0.4138064, 0.5747647, 0.3562977, 0
0.6130078, 0.5499656, 0.5530918, 0
0.6363243, 0.568361, 0.6914226, 0
0.4496545, 0.5713356, 0.404257, 0
0.5366061, 0.5622176, 0.4674632, 0
0.3032982, 0.5428647, 0.2060071, 0
0.2774334, 0.5546747, 0.1965385, 0
0.5072286, 0.5678594, 0.5292259, 0
0.6411334, 0.5596892, 0.6439337, 0
0.307305, 0.5388461, 0.2596399, 0
0.5471352, 0.5604359, 0.5424259, 0
0.3903507, 0.5615231, 0.2641752, 0
0.3181678, 0.5426524, 0.2684953, 0
0.2914351, 0.5607119, 0.2053777, 0
0.484619, 0.5713929, 0.3816783, 0
0.6681588, 0.5653564, 0.6695324, 0
0.461542, 0.571637, 0.4460416, 0
0.420783, 0.5812197, 0.3732662, 0
0.3110608, 0.5452865, 0.2808509, 0
0.5365704, 0.5580271, 0.5567584, 0
0.3404966, 0.5645739, 0.2994817, 0
0.3218481, 0.550588, 0.2795327, 0
0.4114625, 0.5663466, 0.2875625, 0
0.5047375, 0.5608313, 0.4797047, 0
0.430236, 0.5720039, 0.3378401, 0
0.6327685, 0.5537283, 0.6152735, 0
0.6064397, 0.5473831, 0.5603816, 0
0.479097, 0.5717148, 0.4355575, 0
0.6574405, 0.5646609, 0.7054001, 0
0.2872942, 0.5676908, 0.2162022, 0
0.420601, 0.5697616, 0.3244971, 0
0.6500348, 0.5411053, 0.5798362, 0
0.4003631, 0.5764909, 0.3652324, 0
0.4639224, 0.5736631, 0.3804685, 0
0.5004596, 0.5633311, 0.459895, 0
0.3216385, 0.5416644, 0.2603814, 0
0.3556, 0.5591004, 0.2750437, 0
0.4341086, 0.577471, 0.3817691, 0
0.5193258, 0.565187, 0.5120506, 0
0.2647469, 0.5392754, 0.2290774, 0
0.5646115, 0.5607666, 0.5308203, 0
0.5446404, 0.5625273, 0.4468512, 0
0.666782, 0.5454972, 0.6220744, 0
0.4290246, 0.5727874, 0.3415112, 0
0.6772947, 0.5197806, 0.7295995, 0
0.2926007, 0.5363416, 0.1841548, 0
0.4187421, 0.581407, 0.3739999, 0
0.3967949, 0.5830921, 0.3979623, 0
0.6786989, 0.5552015, 0.6463446, 0
0.5754609, 0.5427995, 0.5906859, 0
0.515807, 0.5616446, 0.4427471, 0
0.5765765, 0.5552737, 0.5636744, 0
0.6287045, 0.5431173, 0.5674735, 0
0.6602616, 0.5683621, 0.6850042, 0
0.3441991, 0.5516008, 0.2074859, 0
0.5438893, 0.5620776, 0.4360093, 0
0.4605587, 0.5703107, 0.427413, 0
0.3327458, 0.543977, 0.2525891, 0
0.5991036, 0.5415639, 0.5866448, 0
0.4748112, 0.5711086, 0.4105362, 0
0.5833182, 0.558869, 0.55427, 0
0.6147749, 0.5546698, 0.6109185, 0
0.5802083, 0.5632129, 0.6422008, 0
0.3758523, 0.5536752, 0.2500001, 0
0.4815207, 0.5720744, 0.4293108, 0
0.412074, 0.5718585, 0.3351081, 0
0.5477327, 0.5633526, 0.4673924, 0
0.4696313, 0.5713624, 0.4581121, 0
0.5676677, 0.5514681, 0.6210471, 0
0.3752944, 0.5692539, 0.3314398, 0
0.394239, 0.569684, 0.3029129, 0
0.5818613, 0.5591852, 0.5004689, 0
0.2783771, 0.5265028, 0.1666038, 0
0.5000326, 0.5625076, 0.4895691, 0
0.4365073, 0.5692296, 0.3248981, 0
0.5197482, 0.5651485, 0.5122544, 0
0.6268671, 0.5662077, 0.6581231, 0
0.3730775, 0.5673968, 0.3133776, 0
0.4711858, 0.5718552, 0.3938638, 0
0.3125462, 0.5410734, 0.2706514, 0
0.5971116, 0.5416428, 0.5868569, 0
0.3026544, 0.5409353, 0.2511828, 0
0.5600976, 0.5550398, 0.5595536, 0
0.4619687, 0.5731145, 0.3444479, 0
0.595536, 0.5542276, 0.5600892, 0
0.4249369, 0.5800028, 0.3673856, 0
0.5753748, 0.5613835, 0.5389608, 0
0.3159165, 0.5448123, 0.2041049, 0
0.6686623, 0.5491289, 0.6277977, 0
0.654786, 0.552302, 0.7286627, 0
0.5300874, 0.5635061, 0.4272347, 0
0.6332632, 0.5521484, 0.6088335, 0
0.4617939, 0.5740631, 0.3796164, 0
0.390108, 0.5750268, 0.3556628, 0
0.6643687, 0.5125595, 0.7291483, 0
0.3621036, 0.5622628, 0.2836249, 0
0.2384012, 0.5301156, 0.192128, 0
0.5587729, 0.5514736, 0.6136073, 0
0.5325235, 0.5611951, 0.4775776, 0
0.5897706, 0.5623021, 0.6320597, 0
0.3789122, 0.5720912, 0.3571544, 0
0.6933565, 0.5395942, 0.7246506, 0
0.65847, 0.5477681, 0.6233739, 0
0.5912156, 0.5629145, 0.5137765, 0
0.5206904, 0.5633804, 0.5538675, 0
0.4826917, 0.5633034, 0.4886831, 0
0.5999032, 0.5650629, 0.6837528, 0
0.4292753, 0.5700947, 0.4334098, 0
0.6253975, 0.5683616, 0.6812892, 0
0.6423637, 0.5460772, 0.6037735, 0
0.5674002, 0.5559239, 0.5538025, 0
0.4376218, 0.5783097, 0.3677564, 0
0.2480883, 0.565127, 0.2075734, 0
0.4628054, 0.5726311, 0.3897233, 0
0.5607657, 0.5600589, 0.528681, 0
0.447294, 0.5702819, 0.3281861, 0
0.4225176, 0.5694273, 0.3212738, 0
0.5251249, 0.5611787, 0.4712317, 0
0.2629275, 0.5169357, 0.1718639, 0
0.4283752, 0.5706836, 0.3315966, 0
0.454744, 0.5745357, 0.3475133, 0
0.3782408, 0.5580614, 0.2595396, 0
0.5818337, 0.557852, 0.5566778, 0
0.6615344, 0.5675973, 0.6745505, 0
0.3521542, 0.5629913, 0.2903392, 0
0.6879411, 0.5530288, 0.6393023, 0
0.3102941, 0.5726781, 0.1981021, 0
0.6126216, 0.5565691, 0.5355539, 0
0.2883981, 0.5420148, 0.2496337, 0
0.6520736, 0.569872, 0.6705854, 0
0.4277065, 0.5681261, 0.3130153, 0
0.6603385, 0.5418183, 0.6050605, 0
0.5121678, 0.5698246, 0.4097971, 0
0.4312127, 0.5747927, 0.4066176, 0
0.4587854, 0.5741296, 0.3844341, 0
0.3652345, 0.5532954, 0.2589343, 0
0.2716264, 0.5352811, 0.1854841, 0
0.2711872, 0.5517027, 0.241743, 0
0.6075989, 0.5577393, 0.5400404, 0
0.5223528, 0.5607194, 0.4806522, 0
0.5637383, 0.5552427, 0.5558526, 0
0.4562856, 0.5752648, 0.3745123, 0
0.4764684, 0.5698351, 0.4784178, 0
0.5410315, 0.5589342, 0.6228315, 0
0.6342975, 0.5704804, 0.6800887, 0
0.4004788, 0.5739809, 0.3457411, 0
0.5834513, 0.5526079, 0.6178878, 0
0.2491095, 0.57234, 0.1847999, 0
0.3278061, 0.5598233, 0.2900798, 0
0.2566115, 0.5660018, 0.1996676, 0
0.6819814, 0.5398852, 0.7307233, 0
0.3784283, 0.5561156, 0.2541242, 0
0.5988457, 0.5616243, 0.5191969, 0
0.2905142, 0.5517811, 0.1616506, 0
0.4769297, 0.5709916, 0.4563149, 0
0.6847473, 0.5338736, 0.7309301, 0
0.4599415, 0.5716764, 0.4490264, 0
0.4619898, 0.570523, 0.4065196, 0
0.5352359, 0.5539818, 0.5790597, 0
0.3033215, 0.5624011, 0.184758, 0
0.6029926, 0.5413792, 0.5913804, 0
0.3768899, 0.5519814, 0.2440131, 0
0.4219865, 0.563226, 0.2826104, 0
0.3838561, 0.5726601, 0.3314616, 0
0.4872069, 0.5683422, 0.4713594, 0
0.3128014, 0.5502997, 0.2415114, 0
0.4123691, 0.5711588, 0.3221091, 0
0.5560604, 0.5553172, 0.5628315, 0
0.4664119, 0.5638984, 0.4980733, 0
0.6995902, 0.5363621, 0.7245435, 0
0.4714433, 0.5692806, 0.4831701, 0
0.4125332, 0.576866, 0.3641406, 0
0.3914936, 0.5672412, 0.2921998, 0
0.6603481, 0.5459794, 0.620839, 0
0.5699724, 0.5520498, 0.6255241, 0
0.6135893, 0.5633711, 0.6528548, 0
0.4603856, 0.5734584, 0.3542254, 0
0.4057405, 0.5619178, 0.2683731, 0
0.3751044, 0.5653843, 0.3015356, 0
0.5382964, 0.5543561, 0.5725843, 0
0.4863883, 0.570676, 0.4446789, 0
0.5810741, 0.5632009, 0.6414557, 0
0.547921, 0.5569564, 0.4986889, 0
0.6432463, 0.5543172, 0.7336717, 0
0.3567552, 0.5523779, 0.2140453, 0
0.4569352, 0.5740456, 0.3459992, 0
0.4403578, 0.5726711, 0.3355544, 0
0.5045127, 0.5666397, 0.5118182, 0
0.4622398, 0.5713068, 0.4518865, 0
0.4857163, 0.5718976, 0.4170828, 0
0.6542631, 0.5663992, 0.703035, 0
0.2913559, 0.5622101, 0.1958601, 0
0.5311037, 0.5555087, 0.5934826, 0
0.5379271, 0.553967, 0.5775886, 0
0.6425966, 0.5712171, 0.6735761, 0
0.2497115, 0.5242726, 0.1739133, 0
0.4055156, 0.561578, 0.2672685, 0
0.6999063, 0.5256997, 0.7236166, 0
0.4733775, 0.5720521, 0.466444, 0
0.6826941, 0.5211231, 0.7277323, 0
0.2646002, 0.5406074, 0.2325318, 0
0.4981768, 0.5698901, 0.438724, 0
0.6548778, 0.519721, 0.7416168, 0
0.4067824, 0.5826882, 0.3900744, 0
0.46144, 0.5714971, 0.4555732, 0
0.6311224, 0.5532629, 0.6126365, 0
0.5306398, 0.5611916, 0.4523458, 0
0.3116764, 0.5395557, 0.2553061, 0
0.6060974, 0.5607562, 0.6304078, 0
0.2790925, 0.5586967, 0.2071173, 0
0.5200654, 0.5623236, 0.5556591, 0
0.331241, 0.5505115, 0.2726705, 0
0.2875723, 0.5540258, 0.1692109, 0
0.3232149, 0.5554088, 0.2863533, 0
0.516468, 0.5674043, 0.5258477, 0
0.6050332, 0.5571318, 0.6903039, 0
0.6193337, 0.5450535, 0.5669983, 0
0.5061497, 0.5630785, 0.4961455, 0
0.4961655, 0.5724866, 0.4121583, 0
0.4389741, 0.5775493, 0.3745346, 0
0.4864039, 0.5646064, 0.506373, 0
0.5574018, 0.5566973, 0.5060701, 0
0.5649065, 0.5564535, 0.5060087, 0
0.4025439, 0.5826837, 0.4042091, 0
0.504648, 0.5686486, 0.4310757, 0
0.426048, 0.5727214, 0.4263247, 0
0.4403482, 0.5692493, 0.4208762, 0
0.4303653, 0.5762198, 0.3990483, 0
0.6154717, 0.5552641, 0.5421879, 0
0.4698745, 0.5726197, 0.3668014, 0
0.6070317, 0.5543716, 0.6084244, 0
0.5561068, 0.5584965, 0.4880423, 0
0.6036189, 0.551571, 0.5560703, 0
0.3733459, 0.5510626, 0.2445964, 0
0.3002711, 0.5387057, 0.2596694, 0
0.3277288, 0.5610016, 0.2926819, 0
0.5975029, 0.5608398, 0.5452152, 0
0.6586567, 0.5590603, 0.6458247, 0
0.559664, 0.5540833, 0.5683026, 0
0.4798672, 0.5721146, 0.4251443, 0
0.4696561, 0.5718498, 0.3988542, 0
0.6640519, 0.5499149, 0.7314815, 0
0.5311438, 0.564415, 0.5308129, 0
0.5669804, 0.545539, 0.6010854, 0
0.4767596, 0.5719928, 0.4256748, 0
0.5387864, 0.5600838, 0.5057407, 0
0.3057772, 0.540208, 0.1722239, 0
0.4308546, 0.5776681, 0.3553702, 0
0.6823094, 0.5246155, 0.7304085, 0
0.6276824, 0.5639864, 0.6903341, 0
0.4335826, 0.5658802, 0.2954453, 0
0.6913672, 0.540601, 0.725256, 0
0.3235804, 0.5475835, 0.2293856, 0
0.2962051, 0.5586864, 0.1901474, 0
0.4573449, 0.5746736, 0.3835711, 0
0.6587641, 0.5522443, 0.7251745, 0
0.5516179, 0.5492, 0.5937282, 0
0.447672, 0.5736509, 0.3379014, 0
0.4751821, 0.5716426, 0.4607813, 0
0.6252996, 0.5446677, 0.5905526, 0
0.5086662, 0.5657462, 0.508249, 0
0.4861143, 0.5710778, 0.4406347, 0
0.3453252, 0.5634382, 0.2937578, 0
0.662439, 0.5445819, 0.7387121, 0
0.5701216, 0.5513364, 0.5740499, 0
0.4509923, 0.5727521, 0.3985159, 0
0.3100232, 0.5482482, 0.2396011, 0
0.2903506, 0.5563566, 0.1836793, 0
0.2948207, 0.544506, 0.223817, 0
0.4729155, 0.5713285, 0.4217057, 0
0.4031578, 0.5730063, 0.3268286, 0
0.2831191, 0.527231, 0.1938476, 0
0.3880948, 0.5736553, 0.3421309, 0
0.409509, 0.5718073, 0.3282123, 0
0.3426804, 0.5627627, 0.2893322, 0
0.6875628, 0.5575061, 0.6517624, 0
0.5353796, 0.5629894, 0.5201805, 0
0.4332222, 0.5666844, 0.2999221, 0
0.4285477, 0.5751271, 0.3488103, 0
0.6680081, 0.5484527, 0.7312936, 0
0.3880078, 0.5736749, 0.348593, 0
0.3989745, 0.575369, 0.3576194, 0
0.5551587, 0.5482996, 0.5958349, 0
0.6521144, 0.5552613, 0.6342868, 0
0.375743, 0.5545963, 0.2522916, 0
0.6357717, 0.5425575, 0.5831836, 0
0.519911, 0.5669916, 0.4092048, 0
0.5285373, 0.5555522, 0.5671315, 0
0.3500327, 0.5620925, 0.3099231, 0
0.3486207, 0.5632172, 0.2905734, 0
0.5664936, 0.5477747, 0.6086907, 0
0.6908889, 0.5533985, 0.7041456, 0
0.4439542, 0.5676921, 0.3169179, 0
0.4421465, 0.5690214, 0.3223749, 0
0.4339044, 0.573446, 0.3403453, 0
0.5915539, 0.5627682, 0.5101268, 0
0.4394137, 0.5720981, 0.4080838, 0
0.5670996, 0.5592634, 0.5433143, 0
0.3274782, 0.5468707, 0.2302958, 0
0.6293415, 0.5543731, 0.5469509, 0
0.3456916, 0.5611827, 0.2830626, 0
0.4380059, 0.5713937, 0.4108716, 0
0.5313235, 0.5542014, 0.5863735, 0
0.277574, 0.5657427, 0.1877842, 0
0.3780365, 0.5695586, 0.3384941, 0
0.4649741, 0.5711752, 0.4000679, 0
0.6107091, 0.5565636, 0.5398643, 0
0.586829, 0.5617223, 0.6326029, 0
0.2842077, 0.5633693, 0.1747804, 0
0.4755258, 0.571607, 0.4705307, 0
0.3910987, 0.5591724, 0.2577432, 0
0.5936386, 0.560758, 0.6255137, 0
0.3662877, 0.5659069, 0.3261375, 0
0.3704627, 0.5516849, 0.248852, 0
0.6380721, 0.5440933, 0.567171, 0
0.2792256, 0.5220783, 0.1547302, 0
0.7091604, 0.5524399, 0.6804687, 0
0.4033721, 0.5828075, 0.405187, 0
0.485842, 0.5701001, 0.4568884, 0
0.4494261, 0.5687226, 0.4318892, 0
0.2783015, 0.5748129, 0.1647241, 0
0.646358, 0.5471522, 0.6114702, 0
0.3341371, 0.5480332, 0.2666512, 0
0.2612172, 0.5355228, 0.2241333, 0
0.3573144, 0.560173, 0.2766128, 0
0.6165435, 0.5629779, 0.652743, 0
0.6007589, 0.5630532, 0.6377152, 0
0.5785964, 0.5553133, 0.6299145, 0
0.5096703, 0.5620991, 0.492831, 0
0.4770876, 0.5712283, 0.4050097, 0
0.5868185, 0.5689107, 0.6625816, 0
0.3591684, 0.5483893, 0.2344882, 0
0.411335, 0.5690308, 0.3048054, 0
0.3476739, 0.5616761, 0.2843033, 0
0.3796649, 0.5749068, 0.3717462, 0
0.5940664, 0.5418604, 0.5806386, 0
0.6493126, 0.5452648, 0.7471513, 0
0.6350722, 0.5426033, 0.5834221, 0
0.6574226, 0.5650313, 0.6571448, 0
0.3546136, 0.5615585, 0.3246507, 0
0.3520815, 0.554683, 0.2691499, 0
0.4050721, 0.580466, 0.3747754, 0
0.4757748, 0.5725254, 0.3582297, 0
0.6315585, 0.5703298, 0.6677569, 0
0.4832132, 0.5714428, 0.3874404, 0
0.4895484, 0.5718257, 0.4305154, 0
0.6981539, 0.5436004, 0.7203872, 0
0.4139327, 0.5815114, 0.3774376, 0
0.526982, 0.5654676, 0.4162854, 0
0.577345, 0.5611904, 0.5202358, 0
0.5495597, 0.5523542, 0.5806296, 0
0.6490307, 0.5416938, 0.5832706, 0
0.331749, 0.5597959, 0.2868964, 0
0.4325971, 0.5789316, 0.3737771, 0
0.5409689, 0.5619858, 0.5217534, 0
0.6660269, 0.5466971, 0.623759, 0
0.3526544, 0.5483954, 0.2289433, 0
0.4505096, 0.5755302, 0.3623604, 0
0.622078, 0.5645333, 0.7156587, 0
0.5552945, 0.553659, 0.6256149, 0
0.4976481, 0.5719964, 0.4047703, 0
0.6092013, 0.541198, 0.5822808, 0
0.4412242, 0.5689824, 0.4221874, 0
0.3096455, 0.5584651, 0.1899489, 0
0.3858136, 0.5770409, 0.3719602, 0
0.4035205, 0.5690332, 0.3008533, 0
0.5104486, 0.5673625, 0.421955, 0
0.5549194, 0.5632252, 0.4704733, 0
0.5680408, 0.5588102, 0.4895492, 0
0.3073136, 0.5733051, 0.2044844, 0
0.4686332, 0.5649168, 0.4918539, 0
0.6268699, 0.5457867, 0.5929595, 0
0.6985147, 0.5574528, 0.6553754, 0
0.4166615, 0.5806029, 0.3894569, 0
0.4310574, 0.5754035, 0.3479058, 0
0.5570961, 0.5584886, 0.4881066, 0
0.6157105, 0.554802, 0.6123769, 0
0.6304919, 0.5425839, 0.5698333, 0
0.3837972, 0.5529161, 0.2354834, 0
0.4669229, 0.5704979, 0.4143015, 0
0.3527688, 0.5624738, 0.2847977, 0
0.5841399, 0.5629534, 0.52521, 0
0.2824423, 0.5294975, 0.1527803, 0
0.5387644, 0.5596114, 0.5029681, 0
0.4051155, 0.5798072, 0.3732344, 0
0.5688137, 0.5445777, 0.5984259, 0
0.6878778, 0.5400626, 0.7275936, 0
0.4737876, 0.5722182, 0.3768777, 0
0.6410272, 0.5658039, 0.7054697, 0
0.5556757, 0.5642652, 0.4668227, 0
0.5479407, 0.5636261, 0.4507009, 0
0.5086191, 0.5639663, 0.4446408, 0
0.5746249, 0.5472636, 0.5784392, 0
0.3923312, 0.5733913, 0.3252743, 0
0.3581573, 0.5559841, 0.1933588, 0
0.5262858, 0.5654383, 0.4205277, 0
0.4700387, 0.5721598, 0.3630868, 0
0.3038999, 0.5411868, 0.200799, 0
0.6498076, 0.5439646, 0.6053724, 0
0.4905282, 0.5621676, 0.5243084, 0
0.6224061, 0.5519848, 0.5509762, 0
0.4270796, 0.5767553, 0.3967336, 0
0.4332825, 0.5696923, 0.4296933, 0
0.5817878, 0.5623678, 0.639325, 0
0.6662275, 0.5480044, 0.7331839, 0
0.3954987, 0.5649555, 0.2820889, 0
0.4884441, 0.5709655, 0.3722037, 0
0.6544207, 0.5620185, 0.7120881, 0
0.3906801, 0.5756169, 0.357993, 0
0.3390098, 0.5637121, 0.1983453, 0
0.6328971, 0.5585573, 0.640938, 0
0.6833836, 0.5152364, 0.7224752, 0
0.4249376, 0.5784797, 0.3876303, 0
0.6496398, 0.5702397, 0.6945611, 0
0.4075929, 0.5726407, 0.3419396, 0
0.4152294, 0.579667, 0.3981968, 0
0.4349048, 0.5755329, 0.3999645, 0
0.2819284, 0.5792955, 0.1628754, 0
0.5060115, 0.5649313, 0.5535486, 0
0.262095, 0.5521498, 0.1666066, 0
0.6509942, 0.5671919, 0.6598147, 0
0.4586953, 0.570103, 0.4095666, 0
0.6668345, 0.5496136, 0.7301499, 0
0.4492732, 0.5748489, 0.3439346, 0
0.3215671, 0.5489143, 0.2082523, 0
0.291508, 0.5429567, 0.2412806, 0
0.5900741, 0.5623495, 0.542762, 0
0.3245111, 0.5506904, 0.2773857, 0
0.6446664, 0.5492859, 0.7475741, 0
0.4085475, 0.5746491, 0.3561102, 0
0.4362804, 0.5708753, 0.3322212, 0
0.5565588, 0.5584381, 0.4884714, 0
0.5085058, 0.5620404, 0.4905721, 0
0.3737913, 0.5688328, 0.319521, 0
0.3796507, 0.5710716, 0.3278975, 0
0.4670094, 0.5718203, 0.3581959, 0
0.3903117, 0.5751371, 0.3560264, 0
0.4625212, 0.5715104, 0.4573015, 0
0.46311, 0.5733057, 0.384139, 0
0.2659417, 0.5671485, 0.2161846, 0
0.3513775, 0.5473473, 0.2530526, 0
0.511282, 0.5624955, 0.5579006, 0
0.539959, 0.5523964, 0.5903718, 0
0.3817476, 0.5622485, 0.2706544, 0
0.5934283, 0.5664862, 0.6472879, 0
0.6859702, 0.5356647, 0.7302278, 0
0.3895761, 0.5617927, 0.2651639, 0
0.3998088, 0.569887, 0.3029475, 0
0.2511946, 0.5306705, 0.1877382, 0
0.6019532, 0.5519382, 0.5570566, 0
0.447075, 0.5767323, 0.3718904, 0
0.3765846, 0.568813, 0.3535132, 0
0.5440132, 0.5547652, 0.5664002, 0
0.3049219, 0.5428774, 0.2817821, 0
0.4519219, 0.5719407, 0.3341743, 0
0.5342551, 0.5618986, 0.4601307, 0
0.3509996, 0.5620225, 0.2839068, 0
0.6376165, 0.5589498, 0.6377966, 0
0.4710651, 0.5726047, 0.3642157, 0
0.3941788, 0.5592301, 0.2574561, 0
0.449969, 0.5754952, 0.4689481, 0
0.5223093, 0.5669888, 0.5442472, 0
0.424016, 0.5754061, 0.414495, 0
0.5173486, 0.5609245, 0.4670035, 0
0.4018569, 0.5824202, 0.4027747, 0
0.5819093, 0.5621383, 0.5395471, 0
0.5355433, 0.5537645, 0.5953958, 0
0.602287, 0.5520214, 0.5565857, 0
0.5852551, 0.5540149, 0.5658628, 0
0.2894845, 0.5341893, 0.1864499, 0
0.5740119, 0.5600052, 0.4902308, 0
0.3853263, 0.5721897, 0.3181139, 0
0.4508593, 0.5723425, 0.4516535, 0
0.4508885, 0.5754776, 0.3586094, 0
0.6406629, 0.5674741, 0.7025076, 0
0.3652513, 0.5644422, 0.3391263, 0
0.3771173, 0.5608585, 0.2686914, 0
0.4179291, 0.5787249, 0.4000755, 0
0.4437293, 0.5677437, 0.4367216, 0
0.5862567, 0.5674884, 0.6526273, 0
0.4650141, 0.5707468, 0.4245477, 0
0.4662957, 0.5713964, 0.4004275, 0
0.4320995, 0.5684397, 0.3180356, 0
0.5222993, 0.5607305, 0.4809561, 0
0.5920541, 0.5464677, 0.6072554, 0
0.5292121, 0.5601141, 0.4426422, 0
0.618097, 0.5464606, 0.5947286, 0
0.4047759, 0.5815147, 0.3782165, 0
0.528774, 0.5629511, 0.5124015, 0
0.5600227, 0.5548778, 0.5619019, 0
0.3495662, 0.5473487, 0.2556175, 0
0.6822163, 0.5544515, 0.7107384, 0
0.5069353, 0.5600248, 0.4630111, 0
0.3818584, 0.5650533, 0.2911092, 0
0.6820931, 0.5546714, 0.7102129, 0
0.5228935, 0.5658584, 0.4180738, 0
0.501954, 0.5725005, 0.4110565, 0
0.4404883, 0.5774783, 0.3703197, 0
0.2564564, 0.5253365, 0.2063518, 0
0.3481673, 0.5627304, 0.3125389, 0
0.4752985, 0.5718849, 0.3793946, 0
0.526167, 0.5614445, 0.5013376, 0
0.5328034, 0.5617809, 0.4629899, 0
0.3906056, 0.5631142, 0.2729135, 0
0.3573534, 0.5560542, 0.2686667, 0
0.4851337, 0.5643625, 0.5047963, 0
0.5982962, 0.56849, 0.6568589, 0
0.3669698, 0.5648607, 0.3167695, 0
0.4002605, 0.5653988, 0.2826849, 0
0.5685359, 0.5635022, 0.6516702, 0
0.6180399, 0.5477465, 0.596474, 0
0.4680234, 0.5722881, 0.4659921, 0
0.6303555, 0.5580482, 0.6409006, 0
0.3477336, 0.553396, 0.1904515, 0
0.5472587, 0.5601733, 0.5447734, 0
0.6542894, 0.5285261, 0.7464252, 0
0.2863972, 0.537577, 0.1841416, 0
0.6773432, 0.5574207, 0.704139, 0
0.3597985, 0.5539951, 0.2082105, 0
0.6345817, 0.5593517, 0.644719, 0
0.2981199, 0.5487778, 0.1698298, 0
0.3804224, 0.5701538, 0.3107118, 0
0.5596094, 0.5629032, 0.4719063, 0
0.4172777, 0.5700294, 0.3194731, 0
0.6580194, 0.5598217, 0.6471191, 0
0.3886351, 0.5552123, 0.2477506, 0
0.5025771, 0.5624083, 0.4593007, 0
0.4856823, 0.5312243, 0.4702414, 1
0.3294678, 0.5157741, 0.1981801, 1
0.3287299, 0.5221616, 0.2837958, 1
0.5827706, 0.522155, 0.6248375, 1
0.4380919, 0.5426032, 0.3783553, 1
0.3579888, 0.5355615, 0.313474, 1
0.7147496, 0.5197068, 0.7210009, 1
0.550105, 0.5236282, 0.4828347, 1
0.3519229, 0.5071008, 0.2151602, 1
0.3102846, 0.4977631, 0.2552222, 1
0.5109665, 0.5251336, 0.4696548, 1
0.6593215, 0.544475, 0.71663, 1
0.6616023, 0.5280838, 0.6471738, 1
0.2730359, 0.5154384, 0.1851829, 1
0.3275313, 0.5326757, 0.3003735, 1
0.2511925, 0.5073761, 0.2231583, 1
0.3914569, 0.5354761, 0.2848688, 1
0.3598203, 0.5206726, 0.2773516, 1
0.4324959, 0.5343231, 0.43371, 1
0.3059969, 0.5060664, 0.2005986, 1
0.6866528, 0.5357909, 0.709798, 1
0.5178378, 0.5283328, 0.4424264, 1
0.6072519, 0.5100893, 0.6038887, 1
0.6807991, 0.5275711, 0.6539446, 1
0.466655, 0.539758, 0.40892, 1
0.4988342, 0.5396407, 0.416265, 1
0.5762887, 0.5119539, 0.5931218, 1
0.712447, 0.5135669, 0.7265306, 1
0.4896436, 0.5333471, 0.4515096, 1
0.4409575, 0.5395696, 0.3974285, 1
0.6001596, 0.5221795, 0.548382, 1
0.3787275, 0.5419892, 0.3349978, 1
0.4795769, 0.5336587, 0.4755428, 1
0.6175502, 0.5278704, 0.6373765, 1
0.6407385, 0.5059487, 0.5753209, 1
0.3968045, 0.541231, 0.2942039, 1
0.5887969, 0.5454013, 0.6820115, 1
0.5577767, 0.5187325, 0.6062581, 1
0.6579347, 0.5039968, 0.7548516, 1
0.615942, 0.5459374, 0.6704457, 1
0.5145882, 0.5253171, 0.4600139, 1
0.3211485, 0.4957848, 0.1841976, 1
0.3335027, 0.5110725, 0.2218168, 1
0.2815023, 0.4839392, 0.2145081, 1
0.6889545, 0.5349602, 0.7146297, 1
0.4589591, 0.5368066, 0.4490351, 1
0.6147485, 0.5173689, 0.558749, 1
0.3399635, 0.5051047, 0.2067708, 1
0.5756778, 0.5172002, 0.6190307, 1
0.2814584, 0.5019383, 0.2266293, 1
0.4739355, 0.5396745, 0.4030786, 1
0.4958422, 0.5308712, 0.4518622, 1
0.4642847, 0.5390243, 0.4145807, 1
0.62797, 0.5342627, 0.6510262, 1
0.2629341, 0.5253961, 0.1997954, 1
0.2894666, 0.5014137, 0.2669537, 1
0.4246781, 0.5445114, 0.3567606, 1
0.4601434, 0.5300587, 0.5073672, 1
0.4158628, 0.5330822, 0.4064049, 1
0.3881961, 0.5269361, 0.2534652, 1
0.5994889, 0.5147263, 0.6131388, 1
0.5507229, 0.5240541, 0.579218, 1
0.3300969, 0.5027264, 0.2238963, 1
0.6059619, 0.5462764, 0.6752, 1
0.4384562, 0.5373559, 0.4116557, 1
0.4218144, 0.5423552, 0.3734443, 1
0.2802115, 0.4860275, 0.2183774, 1
0.3795862, 0.5239519, 0.2498039, 1
0.4839996, 0.5333127, 0.4642289, 1
0.2505542, 0.5117326, 0.2086542, 1
0.2921139, 0.4920859, 0.2176814, 1
0.6797428, 0.538962, 0.6930777, 1
0.5580812, 0.5299559, 0.6418306, 1
0.4348981, 0.5441837, 0.3112369, 1
0.3393988, 0.5177785, 0.2797745, 1
0.4489071, 0.5396197, 0.3970933, 1
0.2589881, 0.501361, 0.1966934, 1
0.4295976, 0.5447705, 0.3293073, 1
0.6752679, 0.5203586, 0.7462001, 1
0.3132698, 0.5025649, 0.2435311, 1
0.3726109, 0.5371333, 0.2946487, 1
0.4057205, 0.5317468, 0.421228, 1
0.6016251, 0.5468966, 0.6778975, 1
0.6187065, 0.514811, 0.60831, 1
0.300466, 0.4938828, 0.2151696, 1
0.3801287, 0.5385029, 0.2943836, 1
0.3089005, 0.5207288, 0.2925961, 1
0.4050736, 0.5433195, 0.3740291, 1
0.3699813, 0.5194392, 0.2689675, 1
0.4575815, 0.5450217, 0.3640525, 1
0.478673, 0.5301782, 0.5119321, 1
0.7007905, 0.5259088, 0.6862243, 1
0.5080168, 0.5330985, 0.5487068, 1
0.6502702, 0.5035664, 0.605509, 1
0.254168, 0.5141793, 0.2233458, 1
0.4890334, 0.5331013, 0.5329258, 1
0.5433365, 0.5253593, 0.5706944, 1
0.328081, 0.5020443, 0.252435, 1
0.4462048, 0.5321676, 0.4781098, 1
0.4806606, 0.532939, 0.4781035, 1
0.6530641, 0.5078233, 0.5910456, 1
0.5004278, 0.5381765, 0.418972, 1
0.5311558, 0.5251322, 0.5849421, 1
0.3101161, 0.4970025, 0.2725528, 1
0.411448, 0.538796, 0.2858658, 1
0.5528728, 0.522829, 0.6096116, 1
0.5644895, 0.5201787, 0.527403, 1
0.5192252, 0.5244629, 0.4834364, 1
0.6816466, 0.5273311, 0.6534647, 1
0.2714914, 0.4613245, 0.1871448, 1
0.2949171, 0.5104783, 0.2326891, 1
0.5247146, 0.5263246, 0.572546, 1
0.4922687, 0.5402524, 0.4198945, 1
0.4229467, 0.5366307, 0.3945644, 1
0.5600587, 0.5178152, 0.5925103, 1
0.5886785, 0.5262878, 0.6253241, 1
0.4878508, 0.5314764, 0.517201, 1
0.3337649, 0.5317485, 0.2970953, 1
0.3306161, 0.5046015, 0.2712612, 1
0.5163775, 0.530003, 0.524537, 1
0.3918611, 0.5452245, 0.3129786, 1
0.5987463, 0.5347863, 0.7011991, 1
0.6257522, 0.5228826, 0.6231433, 1
0.3986703, 0.5374987, 0.2862178, 1
0.5288476, 0.5250331, 0.5179437, 1
0.6387084, 0.5482525, 0.6783676, 1
0.530686, 0.5291228, 0.606969, 1
0.6770989, 0.5285698, 0.7423913, 1
0.4255102, 0.5458748, 0.3490055, 1
0.6713185, 0.5390725, 0.7335229, 1
0.5734087, 0.5246415, 0.5642246, 1
0.624053, 0.5177977, 0.5576623, 1
0.5221527, 0.530211, 0.5636793, 1
0.5639653, 0.5170311, 0.6110687, 1
0.2575258, 0.4926085, 0.2186538, 1
0.4971181, 0.5356673, 0.4289939, 1
0.3703248, 0.5379511, 0.3528718, 1
0.2937115, 0.4897507, 0.1698705, 1
0.5977584, 0.547189, 0.6814384, 1
0.3698921, 0.5396037, 0.3583364, 1
0.5645391, 0.5169847, 0.5069042, 1
0.6540517, 0.5372481, 0.6553606, 1
0.6401711, 0.5471997, 0.6735385, 1
0.4857377, 0.5321174, 0.530995, 1
0.3343402, 0.5171567, 0.2089978, 1
0.4257562, 0.5360567, 0.4069532, 1
0.3291208, 0.4984345, 0.2038292, 1
0.6582425, 0.5467595, 0.6899408, 1
0.2621158, 0.4760912, 0.2179584, 1
0.4575532, 0.5388279, 0.409618, 1
0.4010743, 0.5365242, 0.2822004, 1
0.4953765, 0.5326635, 0.4411846, 1
0.4461829, 0.5351703, 0.4469446, 1
0.4090667, 0.535221, 0.2790476, 1
0.4281569, 0.5370076, 0.405651, 1
0.6928774, 0.5329451, 0.7058756, 1
0.5521156, 0.5240458, 0.5779939, 1
0.363057, 0.5430578, 0.3640932, 1
0.4188716, 0.5454428, 0.3327842, 1
0.25809, 0.5075019, 0.2265347, 1
0.5144368, 0.5255679, 0.5011943, 1
0.5319242, 0.5274546, 0.5508413, 1
0.3505257, 0.5198401, 0.2784402, 1
0.6583128, 0.5405806, 0.6682674, 1
0.2977606, 0.4972471, 0.2569046, 1
0.6584067, 0.5050764, 0.6174683, 1
0.4127243, 0.532562, 0.4267487, 1
0.365904, 0.5364186, 0.3267536, 1
0.4098664, 0.5361283, 0.39491, 1
0.6336914, 0.509259, 0.6067719, 1
0.4101577, 0.538359, 0.3907479, 1
0.5210783, 0.5294175, 0.5324777, 1
0.5861468, 0.5263443, 0.542596, 1
0.3349974, 0.5044547, 0.2621238, 1
0.6834474, 0.534858, 0.6836511, 1
0.3893926, 0.5430003, 0.3038993, 1
0.4571997, 0.5376038, 0.4265524, 1
0.5102822, 0.5289479, 0.4432165, 1
0.597411, 0.5140629, 0.5733575, 1
0.3524718, 0.5128589, 0.2632556, 1
0.6721231, 0.4895593, 0.7392712, 1
0.6738912, 0.5416407, 0.7064804, 1
0.3199189, 0.5002711, 0.2283082, 1
0.2844142, 0.5047801, 0.1635353, 1
0.4344389, 0.5322204, 0.4601917, 1
0.254725, 0.5220722, 0.2155547, 1
0.4108925, 0.5441318, 0.3075669, 1
0.4197358, 0.5443181, 0.3207508, 1
0.2633382, 0.5034749, 0.2138873, 1
0.5673191, 0.5257497, 0.5534376, 1
0.5976711, 0.5171328, 0.5653363, 1
0.3882779, 0.5433027, 0.3050871, 1
0.5739169, 0.5253436, 0.544286, 1
0.4752548, 0.5388601, 0.4346255, 1
0.3370457, 0.5319998, 0.3005721, 1
0.6375135, 0.5464644, 0.7102699, 1
0.5748968, 0.542464, 0.6619959, 1
0.5537227, 0.5236008, 0.5596513, 1
0.386342, 0.5397239, 0.2947563, 1
0.2576303, 0.4863885, 0.2109867, 1
0.4405919, 0.5338821, 0.4509585, 1
0.4139168, 0.5436153, 0.359473, 1
0.4180373, 0.5428632, 0.3658471, 1
0.3934883, 0.5339694, 0.4101084, 1
0.5089217, 0.5298983, 0.4391964, 1
0.2854393, 0.4970586, 0.2529428, 1
0.4172634, 0.5324864, 0.436852, 1
0.4457942, 0.534214, 0.4618801, 1
0.6613963, 0.5306878, 0.6506922, 1
0.6146581, 0.5141689, 0.6066124, 1
0.6564416, 0.5360016, 0.6547374, 1
0.5709875, 0.5352523, 0.6511407, 1
0.3713014, 0.5201328, 0.2671652, 1
0.4924926, 0.5378704, 0.4288856, 1
0.5238478, 0.5268849, 0.524947, 1
0.5509598, 0.5217144, 0.4896152, 1
0.40611, 0.5416947, 0.3877246, 1
0.5940246, 0.5373467, 0.6452024, 1
0.4139986, 0.5442617, 0.3163641, 1
0.3401361, 0.5099126, 0.2739334, 1
0.6483763, 0.5430456, 0.6634845, 1
0.5164185, 0.5300794, 0.4328676, 1
0.4470781, 0.5458741, 0.3616658, 1
0.3419627, 0.5323443, 0.3110818, 1
0.4010357, 0.5308374, 0.4119668, 1
0.260724, 0.4965174, 0.189464, 1
0.3633046, 0.5116347, 0.2377275, 1
0.4043482, 0.5439471, 0.3032357, 1
0.5854684, 0.5324739, 0.6376162, 1
0.2720538, 0.4672514, 0.2046131, 1
0.3232631, 0.5310407, 0.296991, 1
0.5393987, 0.520505, 0.5090302, 1
0.3966617, 0.5331497, 0.4102333, 1
0.5296362, 0.5248067, 0.5197375, 1
0.5274894, 0.5355119, 0.6026013, 1
0.6034481, 0.5466055, 0.6866795, 1
0.4613906, 0.5369034, 0.4514414, 1
0.6338629, 0.5316984, 0.6436902, 1
0.389441, 0.5283372, 0.2611193, 1
0.2666635, 0.4755628, 0.2088864, 1
0.5264948, 0.5259625, 0.5205171, 1
0.3604619, 0.5361903, 0.3115901, 1
0.5019802, 0.5308196, 0.4389419, 1
0.5340971, 0.5262369, 0.537819, 1
0.2843743, 0.5090131, 0.1680677, 1
0.5528687, 0.5232704, 0.5815407, 1
0.4704426, 0.5461589, 0.3727807, 1
0.46011, 0.5397065, 0.4105643, 1
0.4131585, 0.5457144, 0.3352709, 1
0.6702207, 0.5434821, 0.6960427, 1
0.394227, 0.5283248, 0.2613341, 1
0.376312, 0.5337216, 0.2863084, 1
0.3585123, 0.5154466, 0.2609557, 1
0.6120719, 0.5077146, 0.5989103, 1
0.6169937, 0.5156736, 0.5639328, 1
0.5077223, 0.5333114, 0.5496725, 1
0.6478314, 0.5493401, 0.7065516, 1
0.4783521, 0.5384664, 0.4396546, 1
0.5140806, 0.5312507, 0.5300261, 1
0.6002718, 0.5276771, 0.6251123, 1
0.4668501, 0.540311, 0.3965403, 1
0.428347, 0.5332133, 0.424505, 1
0.4762094, 0.5363414, 0.4572271, 1
0.6803628, 0.5063174, 0.74309, 1
0.2978743, 0.4976595, 0.2463414, 1
0.2978015, 0.515231, 0.1982048, 1
0.3783776, 0.5423639, 0.3394639, 1
0.6350799, 0.531515, 0.6429234, 1
0.2796394, 0.5111228, 0.1678283, 1
0.6056488, 0.5458208, 0.6708845, 1
0.5748378, 0.5255357, 0.5621825, 1
0.3561884, 0.5355435, 0.3121212, 1
0.346566, 0.5337617, 0.3334913, 1
0.5469556, 0.5309569, 0.6235397, 1
0.5166951, 0.5252222, 0.5024517, 1
0.4262323, 0.5448495, 0.3580657, 1
0.6679725, 0.5095652, 0.6235802, 1
0.5985596, 0.5346781, 0.702055, 1
0.68005, 0.5118346, 0.7445043, 1
0.4128884, 0.532334, 0.4052565, 1
0.4660448, 0.5308774, 0.498395, 1
0.3087291, 0.4973809, 0.2603261, 1
0.4598891, 0.5373157, 0.44414, 1
0.4772809, 0.5480074, 0.367506, 1
0.5140933, 0.525016, 0.4884299, 1
0.3468274, 0.5324638, 0.2926249, 1
0.4883358, 0.5282102, 0.4743391, 1
0.4626927, 0.5368456, 0.4585875, 1
0.3692968, 0.5371301, 0.327795, 1
0.4167369, 0.5451168, 0.3481112, 1
0.3645233, 0.5232916, 0.2789762, 1
0.2727192, 0.5285475, 0.1883495, 1
0.5739165, 0.5224832, 0.50306, 1
0.6013416, 0.5380425, 0.6952981, 1
0.2851994, 0.4998767, 0.17129, 1
0.4503151, 0.535323, 0.4559032, 1
0.4385621, 0.5326343, 0.4667108, 1
0.665374, 0.5249919, 0.6428307, 1
0.4784441, 0.5304139, 0.4896334, 1
0.49887, 0.5403585, 0.4120923, 1
0.3755526, 0.5416933, 0.318362, 1
0.5586858, 0.517527, 0.5944942, 1
0.532335, 0.5246586, 0.4831589, 1
0.5598106, 0.5248115, 0.5519766, 1
0.408421, 0.545959, 0.337704, 1
0.643068, 0.5327417, 0.6467476, 1
0.251892, 0.5210414, 0.2161707, 1
0.4296506, 0.5419556, 0.3773892, 1
0.5741174, 0.5196875, 0.5213485, 1
0.6594715, 0.5025918, 0.6119721, 1
0.5993801, 0.5373518, 0.6502581, 1
0.5917035, 0.544963, 0.687375, 1
0.5496769, 0.5219541, 0.5923518, 1
0.5188653, 0.5261404, 0.5123656, 1
0.3472683, 0.5338128, 0.3248923, 1
0.2852586, 0.5048911, 0.2391756, 1
0.372251, 0.5379208, 0.3402326, 1
0.6215717, 0.5059887, 0.5844759, 1
0.6501065, 0.5503899, 0.6911184, 1
0.3864747, 0.5449032, 0.3621731, 1
0.3570289, 0.5100169, 0.2454262, 1
0.5941445, 0.5195714, 0.5652404, 1
0.3777139, 0.5370409, 0.291643, 1
0.6257996, 0.519191, 0.6160979, 1
0.484439, 0.5316089, 0.5305886, 1
0.3803257, 0.5423431, 0.3064451, 1
0.5965769, 0.5425491, 0.6580459, 1
0.5847996, 0.5130433, 0.6126118, 1
0.5057656, 0.5269406, 0.4985673, 1
0.6721318, 0.5361524, 0.6718679, 1
0.3463711, 0.516156, 0.2776243, 1
0.5224016, 0.5290806, 0.5334262, 1
0.4424654, 0.5359508, 0.418144, 1
0.2714657, 0.4890475, 0.1963825, 1
0.6297275, 0.5221418, 0.6227267, 1
0.2692038, 0.4791684, 0.1794034, 1
0.4078421, 0.5408091, 0.3880225, 1
0.3333359, 0.532155, 0.2986497, 1
0.5101206, 0.5250201, 0.474864, 1
0.5750089, 0.5174752, 0.5838526, 1
0.5562513, 0.5222876, 0.5836687, 1
0.587634, 0.5452847, 0.6798482, 1
0.5886422, 0.5457838, 0.6803471, 1
0.5046759, 0.5337237, 0.42478, 1
0.4337425, 0.5392879, 0.3894378, 1
0.5526002, 0.5202017, 0.6023411, 1
0.4177869, 0.5424162, 0.2990673, 1
0.6187925, 0.541732, 0.7182457, 1
0.4464547, 0.5463887, 0.357527, 1
0.672217, 0.517608, 0.6295514, 1
0.6186326, 0.5290166, 0.6429459, 1
0.4799896, 0.5426819, 0.3929401, 1
0.6274554, 0.5263856, 0.6311936, 1
0.3673394, 0.5166444, 0.2454475, 1
0.3670784, 0.5342739, 0.2904235, 1
0.4963836, 0.5332814, 0.5216457, 1
0.4983216, 0.5339749, 0.5529262, 1
0.592095, 0.524735, 0.5396642, 1
0.547985, 0.5255772, 0.6119339, 1
0.3524586, 0.5066936, 0.2254971, 1
0.4108916, 0.5326762, 0.4319075, 1
0.5306916, 0.5270188, 0.5471497, 1
0.6364801, 0.508351, 0.6077662, 1
0.5382842, 0.5261142, 0.4754379, 1
0.4204531, 0.5393183, 0.3881151, 1
0.5516859, 0.5241138, 0.5412877, 1
0.5546042, 0.5228926, 0.5810073, 1
0.6306356, 0.5146319, 0.5665898, 1
0.6324304, 0.5120592, 0.6093992, 1
0.4429994, 0.5363299, 0.4281619, 1
0.5633215, 0.5236941, 0.5420715, 1
0.3486773, 0.5188333, 0.2784186, 1
0.4724126, 0.5472481, 0.3677011, 1
0.6459095, 0.5483499, 0.7166127, 1
0.5132117, 0.5333076, 0.5556337, 1
0.2723844, 0.4936573, 0.2208329, 1
0.2535388, 0.5247759, 0.1997845, 1
0.6753427, 0.5272378, 0.6526961, 1
0.4367495, 0.5348864, 0.4402364, 1
0.4753162, 0.5311775, 0.528762, 1
0.6509693, 0.5227355, 0.6368295, 1
0.6850384, 0.525353, 0.7367998, 1
0.5678397, 0.5156588, 0.5912902, 1
0.5573046, 0.519201, 0.5214829, 1
0.5610829, 0.5284631, 0.6344891, 1
0.5674691, 0.5143523, 0.5964543, 1
0.522309, 0.5241314, 0.4825318, 1
0.4301078, 0.5443552, 0.3649759, 1
0.3430417, 0.5229049, 0.2813433, 1
0.2918801, 0.4958162, 0.1732135, 1
0.4859372, 0.5424397, 0.3935763, 1
0.5508686, 0.5213251, 0.5934101, 1
0.4318109, 0.5387599, 0.399301, 1
0.2732465, 0.5159512, 0.2139696, 1
0.3702203, 0.5380427, 0.3253785, 1
0.3657178, 0.535316, 0.3333047, 1
0.6273766, 0.5479503, 0.7260605, 1
0.531868, 0.5265479, 0.5330203, 1
0.5885215, 0.5336374, 0.6383603, 1
0.424359, 0.5338317, 0.4223715, 1
0.5141095, 0.5291985, 0.5848094, 1
0.2936483, 0.4974398, 0.2471858, 1
0.5622123, 0.5278997, 0.6325558, 1
0.4531877, 0.5377532, 0.4254066, 1
0.4882161, 0.5270372, 0.4801766, 1
0.4110282, 0.5342517, 0.3987736, 1
0.569804, 0.5302078, 0.6458782, 1
0.6114755, 0.508879, 0.5850915, 1
0.5675367, 0.517109, 0.5075042, 1
0.415429, 0.543575, 0.3053544, 1
0.4135054, 0.5361499, 0.3940694, 1
0.275693, 0.5174921, 0.1998182, 1
0.3447458, 0.5099539, 0.2701682, 1
0.37143, 0.5407003, 0.3169393, 1
0.334858, 0.5033981, 0.238629, 1
0.5985755, 0.5215338, 0.5322995, 1
0.2520763, 0.5165451, 0.1962476, 1
0.4760481, 0.5302701, 0.5104794, 1
0.4878677, 0.53197, 0.5178913, 1
0.5161268, 0.5297691, 0.4378356, 1
0.3517267, 0.5063007, 0.2400808, 1
0.6735176, 0.5422451, 0.6958264, 1
0.5956456, 0.5104351, 0.6068493, 1
0.3949778, 0.541211, 0.3966908, 1
0.2626196, 0.4869197, 0.192703, 1
0.6502528, 0.5477764, 0.7190665, 1
0.2910673, 0.4971674, 0.2365094, 1
0.5479298, 0.5227444, 0.529, 1
0.3977708, 0.5291551, 0.2644931, 1
0.489563, 0.5278477, 0.4734463, 1
0.433474, 0.5378614, 0.4025064, 1
0.3644586, 0.5178022, 0.261952, 1
0.4353631, 0.5407766, 0.3891716, 1
0.4416478, 0.5443422, 0.3259843, 1
0.4406529, 0.5448392, 0.3323104, 1
0.4726252, 0.5378051, 0.450044, 1
0.5295879, 0.529066, 0.5624185, 1
0.5364728, 0.5319498, 0.6181621, 1
0.4184147, 0.5445403, 0.3232965, 1
0.3229581, 0.5118244, 0.2815229, 1
0.6529773, 0.5434006, 0.7282304, 1
0.6795707, 0.5326238, 0.7354065, 1
0.5592112, 0.5270328, 0.4843835, 1
0.26704, 0.4911668, 0.2324812, 1
0.4166993, 0.5432675, 0.3042224, 1
0.3999547, 0.545349, 0.3756253, 1
0.6836625, 0.5275095, 0.7363501, 1
0.6802944, 0.499123, 0.7401019, 1
0.4148995, 0.5447565, 0.3507784, 1
0.2968727, 0.4977005, 0.2334264, 1
0.3417591, 0.5194817, 0.2803489, 1
0.6281726, 0.5052173, 0.5861317, 1
0.5941499, 0.5250139, 0.6220513, 1
0.4298, 0.5460377, 0.3441384, 1
0.6705893, 0.5360047, 0.6704277, 1
0.4323323, 0.5329374, 0.4418592, 1
0.3465739, 0.5099272, 0.2671763, 1
0.5844837, 0.510871, 0.5965002, 1
0.5489478, 0.5192347, 0.5069342, 1
0.3446622, 0.5334004, 0.3143514, 1
0.4575884, 0.5367287, 0.4520872, 1
0.676694, 0.5128996, 0.6236058, 1
0.3372339, 0.5043673, 0.2576247, 1
0.4457248, 0.5346264, 0.456613, 1
0.6009308, 0.5456869, 0.6876946, 1
0.266432, 0.4744404, 0.1877605, 1
0.2787339, 0.5120686, 0.1833446, 1
0.3159835, 0.4997514, 0.2087836, 1
0.5079626, 0.526666, 0.5007419, 1
0.4716094, 0.5469175, 0.3607759, 1
0.4731193, 0.5366361, 0.4594407, 1
0.3161062, 0.497214, 0.2132117, 1
0.5001054, 0.5249547, 0.4805717, 1
0.6446614, 0.550395, 0.6991963, 1
0.5753453, 0.5200742, 0.6246439, 1
0.3395847, 0.5216297, 0.2821249, 1
0.5246133, 0.5242809, 0.5060448, 1
0.3691619, 0.535076, 0.291138, 1
0.3278897, 0.5117768, 0.1870656, 1
0.5032465, 0.5332956, 0.531985, 1
0.4240643, 0.5417079, 0.3814116, 1
0.2751344, 0.5041392, 0.2244571, 1
0.6185247, 0.5183927, 0.6129109, 1
0.3501124, 0.512146, 0.268393, 1
0.4835833, 0.5434314, 0.3861119, 1
0.522131, 0.5248098, 0.4780447, 1
0.5656415, 0.5165546, 0.6112645, 1
0.4886923, 0.5401818, 0.4197894, 1
0.6598206, 0.5033962, 0.6032092, 1
0.3702172, 0.5207505, 0.25738, 1
0.6961718, 0.4957887, 0.7312065, 1
0.5424573, 0.5199991, 0.5066866, 1
0.5138248, 0.5250273, 0.4842061, 1
0.6164091, 0.509369, 0.5789734, 1
0.6020945, 0.5098327, 0.5887945, 1
0.4384257, 0.539801, 0.3954936, 1
0.3295619, 0.5043954, 0.2399943, 1
0.7150686, 0.521112, 0.7113951, 1
0.3672768, 0.5341976, 0.2902319, 1
0.4399436, 0.5453978, 0.3353091, 1
0.3053862, 0.5114297, 0.2519742, 1
0.4729459, 0.5376999, 0.4473817, 1
0.6792727, 0.5198506, 0.6353251, 1
0.4875457, 0.5326002, 0.4589635, 1
0.370308, 0.537532, 0.32707, 1
0.5418423, 0.5244405, 0.5999671, 1
0.3629567, 0.5188655, 0.2745223, 1
0.5482528, 0.5214168, 0.4930094, 1
0.3699251, 0.5191546, 0.250601, 1
0.4212018, 0.5442615, 0.3209175, 1
0.6967559, 0.4923623, 0.7313195, 1
0.405717, 0.5434052, 0.3004495, 1
0.5327743, 0.5272986, 0.5511276, 1
0.3380853, 0.5039105, 0.22747, 1
0.4998006, 0.5330868, 0.5217909, 1
0.5826092, 0.5125058, 0.6084874, 1
0.5588591, 0.5220222, 0.5732375, 1
0.5522786, 0.5282032, 0.4768499, 1
0.4770682, 0.5316089, 0.5234589, 1
0.3552179, 0.5193732, 0.277153, 1
0.5148934, 0.528695, 0.5720189, 1
0.4687131, 0.5416818, 0.3892932, 1
0.53589, 0.5234715, 0.4926945, 1
0.5529014, 0.5274844, 0.4781844, 1
0.485878, 0.5301907, 0.5143555, 1
0.2535597, 0.4951781, 0.1842797, 1
0.6713752, 0.4900649, 0.7400436, 1
0.3962009, 0.5356779, 0.2824398, 1
0.5608593, 0.5267143, 0.6289524, 1
0.5703335, 0.5183246, 0.5190781, 1
0.4498439, 0.5351158, 0.4917364, 1
0.5277697, 0.5269629, 0.5265669, 1
0.6682831, 0.5063441, 0.6220769, 1
0.3864041, 0.5451117, 0.3348285, 1
0.5385163, 0.5309439, 0.4502215, 1
0.5303496, 0.5246704, 0.4843645, 1
0.3221738, 0.5078443, 0.2796037, 1
0.4933256, 0.5309265, 0.4569099, 1
0.3554669, 0.5199147, 0.2774287, 1
0.4310436, 0.5329797, 0.4398355, 1
0.6268466, 0.5452196, 0.666867, 1
0.6366588, 0.5312272, 0.6409019, 1
0.5367339, 0.526003, 0.6005558, 1
0.3983011, 0.5453386, 0.3716595, 1
0.6290579, 0.505474, 0.5907882, 1
0.6625798, 0.5396852, 0.7258217, 1
0.684941, 0.5265356, 0.7361972, 1
0.5109154, 0.5295441, 0.4395519, 1
0.5262941, 0.5271791, 0.4483552, 1
0.5232921, 0.5242011, 0.4851424, 1
0.3340297, 0.5045841, 0.2653519, 1
0.5461035, 0.5258578, 0.5622629, 1
0.3909757, 0.5397544, 0.2936054, 1
0.5654512, 0.5156267, 0.6078238, 1
0.5232595, 0.5266165, 0.455439, 1
0.5818792, 0.527652, 0.6312843, 1
0.7059392, 0.5238226, 0.7238243, 1
0.5387452, 0.5209523, 0.5057331, 1
0.5791772, 0.5266859, 0.5489088, 1
0.379593, 0.5231069, 0.2459463, 1
0.4607086, 0.535971, 0.4896668, 1
0.6000778, 0.5309525, 0.6304243, 1
0.5645, 0.525456, 0.5530172, 1
0.5607911, 0.5365407, 0.658545, 1
0.3653488, 0.5184907, 0.260114, 1
0.3218094, 0.4997866, 0.2229705, 1
0.3317364, 0.5303879, 0.2930235, 1
0.4053068, 0.5429462, 0.2989405, 1
0.3604201, 0.5346012, 0.324623, 1
0.5476225, 0.5241338, 0.5832336, 1
0.4946594, 0.5346282, 0.5564736, 1
0.4010573, 0.5335158, 0.4074919, 1
0.3302271, 0.5176281, 0.2817684, 1
0.6887239, 0.5308476, 0.6724373, 1
0.2754683, 0.5080554, 0.2415846, 1
0.453077, 0.5383452, 0.4133439, 1
0.423605, 0.5443146, 0.3574331, 1
0.2572914, 0.4880395, 0.2007783, 1
0.4745457, 0.5362872, 0.4661472, 1
0.4450167, 0.5389238, 0.3989476, 1
0.4180533, 0.5451247, 0.3382548, 1
0.278749, 0.4928763, 0.2315824, 1
0.3955068, 0.5277581, 0.2606719, 1
0.4765552, 0.541631, 0.3976738, 1
0.4309443, 0.5320383, 0.4470137, 1
0.4595369, 0.5389338, 0.4158058, 1
0.6264957, 0.5135859, 0.6087802, 1
0.5722417, 0.5201475, 0.5784289, 1
0.4261443, 0.5353838, 0.4159454, 1
0.528119, 0.5277188, 0.5672951, 1
0.4093581, 0.5463678, 0.330942, 1
0.5754138, 0.5276034, 0.6376182, 1
0.613875, 0.5187505, 0.6122551, 1
0.3857338, 0.5354916, 0.2866604, 1
0.3581349, 0.5226775, 0.2784031, 1
0.6181832, 0.5190352, 0.6135865, 1
0.5401156, 0.52578, 0.4778989, 1
0.3294691, 0.5046336, 0.2721663, 1
0.3767133, 0.5265816, 0.2782911, 1
0.3912749, 0.5444698, 0.3500716, 1
0.3591603, 0.5234257, 0.2786573, 1
0.3533437, 0.5069132, 0.2251325, 1
0.5395699, 0.5253993, 0.6011207, 1
0.2875093, 0.5097436, 0.250005, 1
0.2756152, 0.4957187, 0.265606, 1
0.6137705, 0.5271739, 0.6269188, 1
0.4256776, 0.5329049, 0.4404641, 1
0.5056394, 0.5300738, 0.5753266, 1
0.3049605, 0.4982165, 0.2392204, 1
0.3682385, 0.5302324, 0.2841607, 1
0.4548435, 0.5341086, 0.4703701, 1
0.4076382, 0.5439313, 0.3071057, 1
0.5007315, 0.5264761, 0.4610641, 1
0.2846045, 0.501668, 0.2126355, 1
0.6629447, 0.5339137, 0.752049, 1
0.3424331, 0.5263755, 0.2846762, 1
0.3585036, 0.5357016, 0.3445791, 1
0.555507, 0.5214459, 0.5288936, 1
0.3766843, 0.5366641, 0.2912322, 1
0.554966, 0.5276962, 0.4794371, 1
0.4438638, 0.5447043, 0.329515, 1
0.5193316, 0.5322247, 0.5929083, 1
0.6019202, 0.5174876, 0.561018, 1
0.6139546, 0.5185729, 0.5539865, 1
0.6707457, 0.543191, 0.6952341, 1
0.5047254, 0.5330061, 0.5290709, 1
0.4996005, 0.5283884, 0.5013002, 1
0.3853799, 0.5321938, 0.2814921, 1
0.4882639, 0.5397418, 0.4034512, 1
0.6044154, 0.5475799, 0.6819094, 1
0.4668604, 0.5429177, 0.3829979, 1
0.5937192, 0.5291981, 0.6278707, 1
0.472596, 0.5455784, 0.3761393, 1
0.3222996, 0.501258, 0.2361169, 1
0.3545712, 0.5196406, 0.277423, 1
0.7007694, 0.521869, 0.7285389, 1
0.5203999, 0.5286283, 0.525503, 1
0.329014, 0.516675, 0.281783, 1
0.3701074, 0.5203797, 0.2734079, 1
0.2654263, 0.4898877, 0.1716224, 1
0.3193363, 0.5062576, 0.2157123, 1
0.4880599, 0.5411391, 0.3986149, 1
0.4110985, 0.5321345, 0.4233874, 1
0.5692028, 0.5211425, 0.5776484, 1
0.5075677, 0.5337031, 0.5518081, 1
0.3137755, 0.4986987, 0.2294456, 1
0.4295679, 0.5445856, 0.325569, 1
0.5422425, 0.5244163, 0.5423719, 1
0.3522471, 0.5353377, 0.3414129, 1
0.5020497, 0.5253936, 0.4656261, 1
0.3957916, 0.5451064, 0.3088549, 1
0.3336862, 0.5147169, 0.2795869, 1
0.6066527, 0.5368789, 0.6977031, 1
0.4005314, 0.5366351, 0.4014042, 1
0.3760701, 0.5412921, 0.3415737, 1
0.3724288, 0.5412356, 0.314684, 1
0.4778652, 0.5316367, 0.5220616, 1
0.5643395, 0.5338261, 0.6673316, 1
0.4347178, 0.5433789, 0.3679489, 1
0.4262747, 0.5449013, 0.3543578, 1
0.4467644, 0.5398554, 0.3967418, 1
0.4189818, 0.5367822, 0.3932914, 1
0.6057118, 0.5366119, 0.6979236, 1
0.3613019, 0.5393708, 0.359708, 1
0.3150921, 0.515268, 0.204598, 1
0.3878028, 0.5442931, 0.3109544, 1
0.3521025, 0.5310946, 0.2878502, 1
0.5465001, 0.5315511, 0.624648, 1
0.3967209, 0.5357752, 0.2825999, 1
0.4173779, 0.5334195, 0.4101635, 1
0.408576, 0.5432367, 0.3007414, 1
0.4205304, 0.5432342, 0.3602894, 1
0.4138558, 0.5324976, 0.440441, 1
0.4923997, 0.5255581, 0.4777974, 1
0.367269, 0.5358595, 0.3327437, 1
0.3935151, 0.5439306, 0.3046246, 1
0.3636421, 0.5370276, 0.301127, 1
0.277818, 0.5041519, 0.2415729, 1
0.6499751, 0.5506155, 0.6931298, 1
0.3207294, 0.5017238, 0.2737461, 1
0.4520454, 0.5359011, 0.4501263, 1
0.4238097, 0.5449125, 0.3301763, 1
0.6900781, 0.5158283, 0.7370037, 1
0.4079123, 0.546599, 0.3312607, 1
0.6462076, 0.5294685, 0.6413213, 1
0.3246694, 0.4979382, 0.210134, 1
0.490258, 0.5380211, 0.4307179, 1
0.6624563, 0.5345525, 0.6569865, 1
0.3431692, 0.5180032, 0.2139856, 1
0.3370128, 0.5039173, 0.2444243, 1
0.7122738, 0.5154643, 0.7262476, 1
0.322066, 0.5011633, 0.2343956, 1
0.4915857, 0.5293692, 0.5034725, 1
0.6712817, 0.5223919, 0.6392447, 1
0.4979888, 0.5280415, 0.4589811, 1
0.3919651, 0.5294958, 0.2652878, 1
0.3855259, 0.5442115, 0.3192887, 1
0.6628757, 0.5356855, 0.7504106, 1
0.333096, 0.5089764, 0.2278419, 1
0.5110925, 0.5269006, 0.51072, 1
0.3202746, 0.5256637, 0.1957873, 1
0.4565278, 0.5348579, 0.4831733, 1
0.4561906, 0.5372397, 0.4316872, 1
0.6234009, 0.543712, 0.7116863, 1
0.2790825, 0.4780099, 0.1900671, 1
0.5158601, 0.5279064, 0.5847848, 1
0.6324358, 0.5266219, 0.631119, 1
0.6880821, 0.5325063, 0.6869814, 1
0.3444644, 0.5054154, 0.2196828, 1
0.4000797, 0.545328, 0.3760035, 1
0.460255, 0.535129, 0.4755687, 1
0.5187225, 0.5269976, 0.5867181, 1
0.4483461, 0.5325364, 0.478571, 1
0.3384897, 0.533686, 0.3224352, 1
0.5019494, 0.5261459, 0.4917065, 1
0.7105864, 0.5197181, 0.7249749, 1
0.568158, 0.5187352, 0.6193003, 1
0.5139503, 0.5253222, 0.4972602, 1
0.5470773, 0.5332685, 0.6360635, 1
0.5397185, 0.5209008, 0.5050845, 1
0.3521455, 0.534916, 0.3085407, 1
0.3867927, 0.5448855, 0.3309287, 1
0.2561637, 0.465598, 0.202471, 1
0.5924945, 0.5356101, 0.6408314, 1
0.3597107, 0.5344653, 0.2925335, 1
0.3260879, 0.526052, 0.2883884, 1
0.4481319, 0.5401703, 0.3950573, 1
0.6693504, 0.5334975, 0.7448748, 1
0.4722092, 0.5291637, 0.500505, 1
0.5827175, 0.5195565, 0.5738966, 1
0.430871, 0.5425943, 0.3729172, 1
0.6586806, 0.5048565, 0.7548344, 1
0.6548343, 0.5449588, 0.7210542, 1
0.4606438, 0.5358547, 0.4842414, 1
0.3554306, 0.5333616, 0.3510728, 1
0.4643528, 0.5354902, 0.4830191, 1
0.3657849, 0.5168425, 0.25, 1
0.4651401, 0.5357002, 0.4799859, 1
0.4344822, 0.5398981, 0.3926076, 1
0.5288723, 0.531585, 0.4376529, 1
0.5206861, 0.5295917, 0.5309048, 1
0.4764519, 0.5399824, 0.402973, 1
0.5723631, 0.5187548, 0.5055344, 1
0.2968669, 0.5205696, 0.1776178, 1
0.4604115, 0.5415959, 0.3860457, 1
0.5854499, 0.5304655, 0.6334303, 1
0.4405714, 0.5443165, 0.3712052, 1
0.6674194, 0.5393158, 0.7394369, 1
0.6423423, 0.5028192, 0.5854451, 1
0.5074943, 0.5317289, 0.5230097, 1
0.3523546, 0.5068141, 0.2197845, 1
0.5276939, 0.5264449, 0.5248464, 1
0.6237533, 0.538842, 0.6581661, 1
0.6761299, 0.5179707, 0.6292114, 1
0.3485726, 0.531086, 0.2891101, 1
0.5708767, 0.5160286, 0.613241, 1
0.3075691, 0.5064967, 0.222724, 1
0.5824457, 0.521202, 0.5192174, 1
0.5471379, 0.5239999, 0.5886358, 1
0.458472, 0.5390798, 0.4056635, 1
0.2748722, 0.5116919, 0.1979014, 1
0.4417095, 0.5355048, 0.4212476, 1
0.7071781, 0.5279315, 0.7003977, 1
0.5817345, 0.5267837, 0.5426207, 1
0.6361189, 0.5193616, 0.6217576, 1
0.5602791, 0.5228611, 0.5369341, 1
0.3727325, 0.5212154, 0.2647935, 1
0.5083986, 0.5351601, 0.41991, 1
0.3524911, 0.5349906, 0.3073993, 1
0.5227935, 0.5264468, 0.5732834, 1
0.370018, 0.5128637, 0.2340585, 1
0.5732557, 0.5240634, 0.5660015, 1
0.4720855, 0.537851, 0.4500342, 1
0.2873475, 0.5197579, 0.1732258, 1
0.5820459, 0.5311949, 0.6387454, 1
0.5617842, 0.5206124, 0.585042, 1
0.2456138, 0.5131775, 0.2142084, 1
0.4021809, 0.5442141, 0.3034139, 1
0.3461969, 0.5336913, 0.3181625, 1
0.4742491, 0.5415904, 0.3968853, 1
0.4095608, 0.5429112, 0.2997642, 1
0.3431572, 0.5120008, 0.2749818, 1
0.4609011, 0.5408221, 0.3880703, 1
0.53477, 0.5242652, 0.4877529, 1
0.7145495, 0.5147907, 0.7251401, 1
0.5546771, 0.5255117, 0.6193126, 1
0.4492452, 0.5335435, 0.4657794, 1
0.5128027, 0.5329058, 0.5618215, 1
0.3015843, 0.4995205, 0.2617819, 1
0.3454386, 0.529983, 0.2888624, 1
0.2959736, 0.4975079, 0.2328154, 1
0.5888731, 0.512539, 0.5811217, 1
0.6900453, 0.530523, 0.7285851, 1
0.4590679, 0.5442677, 0.3692355, 1
0.4877968, 0.5342356, 0.4487321, 1
0.430402, 0.5441971, 0.317228, 1
0.5670257, 0.5230383, 0.5667399, 1
0.2830087, 0.4968992, 0.2558509, 1
0.2631952, 0.5185036, 0.1780112, 1
0.2752803, 0.4967138, 0.2553004, 1
0.4575436, 0.5300161, 0.5053178, 1
0.6722501, 0.5037794, 0.7472143, 1
0.5467314, 0.5226418, 0.5998083, 1
0.256607, 0.4870449, 0.1836557, 1
0.3761891, 0.5410489, 0.3248783, 1
0.5639076, 0.5234023, 0.5629328, 1
0.3990715, 0.5431402, 0.2997879, 1
0.3177114, 0.4986037, 0.2694035, 1
0.658843, 0.542029, 0.6746178, 1
0.6688257, 0.5389218, 0.7247705, 1
0.4899108, 0.5324455, 0.4555195, 1
0.4194502, 0.5348828, 0.3996305, 1
0.3230536, 0.5004235, 0.2676814, 1
0.3702417, 0.5167603, 0.2407838, 1
0.4598945, 0.5402356, 0.3906848, 1
0.5309539, 0.5255033, 0.5885191, 1
0.3455148, 0.5094822, 0.2668585, 1
0.4502023, 0.5358548, 0.4491377, 1
0.5610388, 0.5221653, 0.5693948, 1
0.4841223, 0.5395108, 0.4161677, 1
0.4752249, 0.5290182, 0.4973304, 1
0.4173827, 0.5355326, 0.396151, 1
0.4347928, 0.5404524, 0.3906008, 1
0.5012308, 0.5275806, 0.4973418, 1
0.5571431, 0.5224774, 0.5684561, 1
0.6192035, 0.5170856, 0.6113688, 1
0.2762788, 0.4763574, 0.1607249, 1
0.6545193, 0.5429358, 0.6701682, 1
0.5230584, 0.5248128, 0.5084739, 1
0.6408628, 0.5507236, 0.7223859, 1
0.661754, 0.5282618, 0.756433, 1
0.3245033, 0.51887, 0.20927, 1
0.5996742, 0.5154434, 0.5661345, 1
0.5546159, 0.521235, 0.4891732, 1
0.3206671, 0.4981097, 0.2161175, 1
0.4126315, 0.5446536, 0.347553, 1
0.5002038, 0.5335248, 0.5467384, 1
0.5952648, 0.5097492, 0.6015983, 1
0.6160735, 0.5398501, 0.7117819, 1
0.2961667, 0.4753494, 0.1730005, 1
0.3948172, 0.5469097, 0.335584, 1
0.4787277, 0.5345427, 0.4739607, 1
0.2769706, 0.518397, 0.1752978, 1
0.3262552, 0.5018933, 0.2361162, 1
0.5392883, 0.5252512, 0.5341272, 1
0.548382, 0.5222989, 0.6029255, 1
0.6058018, 0.5076454, 0.5907113, 1
0.2715337, 0.5104049, 0.1874989, 1
0.312451, 0.498679, 0.2305696, 1
0.3890621, 0.5455382, 0.3243972, 1
0.3134783, 0.4991489, 0.2399534, 1
0.623434, 0.5181423, 0.5535727, 1
0.5217822, 0.524721, 0.5063841, 1
0.635877, 0.5468948, 0.7124088, 1
0.4279755, 0.5440062, 0.3164532, 1
0.5502771, 0.5295902, 0.622917, 1
0.2690677, 0.4616731, 0.1951098, 1
0.2697749, 0.5143239, 0.236211, 1
0.6832405, 0.536472, 0.704886, 1
0.6681294, 0.5338122, 0.6608671, 1
0.4285926, 0.5373895, 0.4040906, 1
0.552714, 0.5192872, 0.5188503, 1
0.5722367, 0.5197232, 0.5802651, 1
0.645205, 0.5333266, 0.6478963, 1
0.6880661, 0.5283154, 0.6555897, 1
0.4668435, 0.5319302, 0.4955169, 1
0.3696052, 0.5369495, 0.343524, 1
0.2840323, 0.4789325, 0.1991039, 1
0.3594165, 0.5143856, 0.2532396, 1
0.2639505, 0.5122665, 0.2193091, 1
0.596611, 0.538929, 0.6511806, 1
0.3715769, 0.5142142, 0.235396, 1
0.665781, 0.5403343, 0.679215, 1
0.2620798, 0.4786765, 0.2206889, 1
0.4038113, 0.5389709, 0.2890576, 1
0.6792573, 0.538436, 0.7144897, 1
0.3824661, 0.5480429, 0.3721948, 1
0.6638308, 0.5451052, 0.7094641, 1
0.3206451, 0.5265957, 0.2912284, 1
0.3861051, 0.5456659, 0.3642298, 1
0.3468162, 0.5058237, 0.2323082, 1
0.4841252, 0.5321629, 0.4685944, 1
0.4440459, 0.5356663, 0.4193768, 1
0.2755723, 0.5130403, 0.1971894, 1
0.3311279, 0.5080731, 0.2755765, 1
0.4519559, 0.5446237, 0.3682337, 1
0.3531165, 0.5311738, 0.2875816, 1
0.4787705, 0.5295719, 0.5368186, 1
0.4865762, 0.5449108, 0.3780095, 1
0.486842, 0.5272508, 0.4825484, 1
0.4464153, 0.5381074, 0.4099495, 1
0.6583667, 0.5135234, 0.7591103, 1
0.585767, 0.5111248, 0.5872105, 1
0.6753483, 0.5373183, 0.7321405, 1
0.5803525, 0.5114647, 0.6013635, 1
0.5008832, 0.5328593, 0.5221972, 1
0.6559691, 0.5355661, 0.6538431, 1
0.2850756, 0.5254616, 0.2148014, 1
0.5506137, 0.5291013, 0.6226889, 1
0.4132537, 0.5456058, 0.3265382, 1
0.3513708, 0.5346149, 0.3032383, 1
0.6565661, 0.5026672, 0.6067185, 1
0.4798883, 0.5398012, 0.4201961, 1
0.417601, 0.5321349, 0.4446291, 1
0.6582471, 0.5467103, 0.690585, 1
0.3909324, 0.5461364, 0.3307742, 1
0.4668671, 0.5425727, 0.3842068, 1
0.5802357, 0.5172864, 0.5786883, 1
0.407719, 0.5423907, 0.3763627, 1
0.5242906, 0.5239992, 0.4923507, 1
0.4835761, 0.5416735, 0.3978937, 1
0.4480332, 0.5363767, 0.433497, 1
0.6892196, 0.5319294, 0.7009847, 1
0.4862639, 0.5382178, 0.4341411, 1
0.3969696, 0.5445057, 0.3665755, 1
0.6859086, 0.5332968, 0.6965095, 1
0.6665494, 0.5291464, 0.751413, 1
0.4625704, 0.5358407, 0.4813113, 1
0.3467614, 0.5058904, 0.2339286, 1
0.5870967, 0.5334925, 0.6385519, 1
0.65904, 0.5464976, 0.6968066, 1
0.3081604, 0.4977156, 0.2769721, 1
0.6240779, 0.5177932, 0.557174, 1
0.2570907, 0.5087272, 0.1973064, 1
0.3852907, 0.5486936, 0.3806865, 1
0.3001811, 0.5232812, 0.2221655, 1
0.6325102, 0.5448572, 0.6994241, 1
0.5568504, 0.5297952, 0.6333874, 1
0.6056745, 0.5360293, 0.6996975, 1
0.5436158, 0.5334741, 0.6268913, 1
0.3219711, 0.5009731, 0.2305293, 1
0.5394205, 0.5268182, 0.5555161, 1
0.3737802, 0.5389154, 0.2990347, 1
0.2937923, 0.4692741, 0.1840346, 1
0.4724367, 0.5363086, 0.4626202, 1
0.3697358, 0.5332316, 0.2875685, 1
0.6675321, 0.5341646, 0.7460612, 1
0.5664773, 0.529206, 0.6440719, 1
0.6565539, 0.50574, 0.6178194, 1
0.4584114, 0.5400344, 0.3928233, 1
0.3501056, 0.534194, 0.3164005, 1
0.3976832, 0.5455959, 0.3834097, 1
0.3923103, 0.5464021, 0.3695819, 1
0.5857124, 0.5239753, 0.5647007, 1
0.4109883, 0.5407102, 0.3816395, 1
0.5570448, 0.5224667, 0.5343412, 1
0.526974, 0.5260686, 0.4680453, 1
0.3437952, 0.5313549, 0.2922843, 1
0.4284406, 0.5327368, 0.4264886, 1
0.5936451, 0.52679, 0.6238716, 1
0.5890922, 0.5262763, 0.5453609, 1
0.4109098, 0.544319, 0.3493323, 1
0.4842043, 0.5395017, 0.4142752, 1
0.3615623, 0.5348117, 0.3419909, 1
0.4670264, 0.5309774, 0.497362, 1
0.4831237, 0.5428497, 0.3915835, 1
0.407214, 0.543222, 0.3592266, 1
0.6636978, 0.5420303, 0.7181274, 1
0.5184974, 0.5259345, 0.5093603, 1
0.6773847, 0.5391083, 0.7034932, 1
0.5283048, 0.5242846, 0.4899638, 1
0.5506167, 0.529295, 0.4733922, 1
0.2875344, 0.4872826, 0.208617, 1
0.5107327, 0.5257221, 0.4972432, 1
0.3515236, 0.5163049, 0.2758373, 1
0.3581987, 0.5360544, 0.2992609, 1
0.7015373, 0.5293036, 0.7177756, 1
0.3067521, 0.515851, 0.2913062, 1
0.510308, 0.5306845, 0.4303681, 1
0.286087, 0.5043331, 0.2414396, 1
0.4366364, 0.5458218, 0.3453276, 1
0.4001769, 0.5425836, 0.3631836, 1
0.358434, 0.533922, 0.3290525, 1
0.6408513, 0.5152502, 0.6195673, 1
0.3493484, 0.5303496, 0.287769, 1
0.4986152, 0.5265127, 0.4898972, 1
0.5603826, 0.5283243, 0.6328564, 1
0.276894, 0.5065814, 0.2193007, 1
0.3725436, 0.5393286, 0.3478212, 1
0.4760025, 0.5363156, 0.4558689, 1
0.6454011, 0.5117541, 0.618997, 1
0.327677, 0.5019173, 0.251727, 1
0.5027347, 0.5389336, 0.413669, 1
0.5863286, 0.5414661, 0.6870454, 1
0.6654032, 0.5437182, 0.6898175, 1
0.3988847, 0.5450755, 0.3467177, 1
0.283546, 0.485833, 0.2152777, 1
0.3688059, 0.5395971, 0.3162887, 1
0.524363, 0.5248038, 0.4809144, 1
0.6742576, 0.5337759, 0.6653908, 1
0.5731506, 0.5140584, 0.6078556, 1
0.4813263, 0.5418119, 0.3975586, 1
0.2886846, 0.4781783, 0.1822933, 1
0.3618326, 0.536706, 0.3101336, 1
0.3684187, 0.5378538, 0.3243368, 1
0.3812451, 0.5405421, 0.2999206, 1
0.4890085, 0.5291019, 0.4698921, 1
0.4004175, 0.540742, 0.2929014, 1
0.3046041, 0.5139784, 0.2077512, 1
0.5625338, 0.5219347, 0.5721145, 1
0.2874108, 0.4947526, 0.2763536, 1
0.5383436, 0.5247337, 0.5741569, 1
0.6684608, 0.5151259, 0.7532963, 1
0.3515813, 0.5275888, 0.283765, 1
0.3281176, 0.5020964, 0.239013, 1
0.4855588, 0.5300516, 0.5085012, 1
0.4966613, 0.527767, 0.4621003, 1
0.6081051, 0.5470483, 0.6792158, 1
0.2599305, 0.5149696, 0.2312322, 1
0.3721702, 0.5391719, 0.3028554, 1
0.3506993, 0.5064352, 0.2205344, 1
0.4658915, 0.5396359, 0.3994013, 1
0.6680809, 0.5271811, 0.7506559, 1
0.3985857, 0.5458331, 0.3772347, 1
0.5517943, 0.5215514, 0.4895395, 1
0.5393838, 0.529789, 0.4635551, 1
0.3366698, 0.5060642, 0.2693485, 1
0.4233981, 0.5449666, 0.3397849, 1
0.3940084, 0.5359855, 0.2843786, 1
0.2519561, 0.4785224, 0.2078752, 1
0.2926487, 0.5035472, 0.2184318, 1
0.599244, 0.5333099, 0.6360872, 1
0.267619, 0.5129925, 0.240418, 1
0.3598171, 0.5359887, 0.312023, 1
0.4936884, 0.53335, 0.4418422, 1
0.3278568, 0.5023616, 0.2668849, 1
0.4189173, 0.5381842, 0.3902451, 1
0.3916943, 0.5461197, 0.3216297, 1
0.5392026, 0.5268484, 0.5621737, 1
0.4536229, 0.537256, 0.430647, 1
0.4685183, 0.5463141, 0.3587866, 1
0.6518348, 0.5105574, 0.6214249, 1
0.6616362, 0.5433291, 0.7174058, 1
0.5338874, 0.5276665, 0.5529618, 1
0.3685033, 0.5221905, 0.2767918, 1
0.5990655, 0.5281706, 0.6258723, 1
0.6623425, 0.5033401, 0.6063758, 1
0.3592312, 0.5182531, 0.2752065, 1
0.4069468, 0.5457907, 0.3407972, 1
0.6720701, 0.5383639, 0.745344, 1
0.475733, 0.5390803, 0.4160017, 1
0.6565613, 0.547352, 0.7087355, 1
0.356665, 0.5157144, 0.2726673, 1
0.6087289, 0.5277379, 0.6249146, 1
0.6842511, 0.5223141, 0.6451146, 1
0.4779481, 0.5412527, 0.3994213, 1
0.5438575, 0.5243742, 0.5410627, 1
0.5462207, 0.5194371, 0.5076269, 1
0.5302505, 0.5231332, 0.5009173, 1
0.3942002, 0.5462919, 0.3267542, 1
0.3784508, 0.5428442, 0.3559381, 1
0.4927562, 0.5305848, 0.5114979, 1
0.5575876, 0.5275826, 0.62863, 1
0.3277795, 0.4987987, 0.2070768, 1
0.5331594, 0.5221716, 0.5076606, 1
0.53416, 0.5284229, 0.6095125, 1
0.6157928, 0.5283697, 0.6384029, 1
0.530656, 0.523848, 0.4929753, 1
0.4692045, 0.5307611, 0.497075, 1
0.6484854, 0.5325817, 0.6475161, 1
0.5578135, 0.5208708, 0.5275363, 1
0.4541638, 0.5442603, 0.3698562, 1
0.4898935, 0.538687, 0.42986, 1
0.5566046, 0.522406, 0.5747145, 1
0.2677341, 0.4693974, 0.1828156, 1
0.6052114, 0.51894, 0.5553883, 1
0.6883805, 0.5354496, 0.7136919, 1
0.4723766, 0.5371824, 0.4520693, 1
0.5135219, 0.5292141, 0.440924, 1
0.4315619, 0.5387676, 0.397917, 1
0.2900702, 0.4915648, 0.2182508, 1
0.2878315, 0.5032937, 0.1725028, 1
0.6012722, 0.54654, 0.6748288, 1
0.2995914, 0.5070301, 0.2313297, 1
0.4962589, 0.5340214, 0.5272878, 1
0.3624023, 0.5364077, 0.3183161, 1
0.2716228, 0.5117074, 0.1788853, 1
0.4871158, 0.5402266, 0.4242595, 1
0.7027037, 0.5271408, 0.7212203, 1
0.5470828, 0.5239373, 0.5392118, 1
0.516507, 0.5302313, 0.4347046, 1
0.4582015, 0.5368425, 0.4522494, 1
0.5559631, 0.5186106, 0.501968, 1
0.4033905, 0.5361236, 0.4001276, 1
0.2756813, 0.4950125, 0.1912299, 1
0.6330284, 0.5045811, 0.5844393, 1
0.5938568, 0.5419939, 0.6559367, 1
0.5621243, 0.5164245, 0.6056466, 1
0.2800583, 0.4863458, 0.1550206, 1
0.2542684, 0.49682, 0.1972058, 1
0.6236341, 0.5064394, 0.5937558, 1
0.4452894, 0.5444945, 0.3312073, 1
0.6089549, 0.5165592, 0.6099027, 1
0.6148872, 0.5460726, 0.6713198, 1
0.324926, 0.5012887, 0.2450983, 1
0.3945674, 0.5455633, 0.3150001, 1
0.5394351, 0.5268652, 0.6102971, 1
0.359099, 0.5178435, 0.2746703, 1
0.6677915, 0.5438548, 0.7099848, 1
0.478283, 0.5347707, 0.4694529, 1
0.5253255, 0.5247686, 0.4797776, 1
0.5851402, 0.5270199, 0.5502422, 1
0.6886812, 0.5347227, 0.7159153, 1
0.3896845, 0.5448721, 0.3631006, 1
0.6932306, 0.5323098, 0.7172267, 1
0.3624085, 0.5369164, 0.3122955, 1
0.565007, 0.5149918, 0.5966528, 1
0.5872666, 0.5457357, 0.6730865, 1
0.6881475, 0.5218714, 0.7368296, 1
0.416572, 0.5415962, 0.3780278, 1
0.5560494, 0.5225219, 0.5697833, 1
0.4555534, 0.5342972, 0.497591, 1
0.4969811, 0.5249965, 0.478103, 1
0.4241526, 0.544236, 0.3191051, 1
0.387724, 0.5457335, 0.3439927, 1
0.4352531, 0.5345162, 0.4368877, 1
0.5294464, 0.5259776, 0.5913932, 1
0.5649593, 0.5224996, 0.5689883, 1
0.4444205, 0.5391437, 0.4062794, 1
0.6463777, 0.5485125, 0.6818091, 1
0.5349013, 0.5289574, 0.4600507, 1
0.4641063, 0.5390353, 0.4144722, 1
0.6321425, 0.5106341, 0.5711861, 1
0.5763096, 0.521947, 0.5716316, 1
0.5694022, 0.540631, 0.662001, 1
0.3945951, 0.5352272, 0.2816157, 1
0.6894609, 0.53136, 0.6994312, 1
0.3724599, 0.5205615, 0.2704088, 1
0.4250593, 0.5327553, 0.4272121, 1
0.3538636, 0.532294, 0.2891438, 1
0.2802307, 0.486942, 0.1916116, 1
0.6508859, 0.543073, 0.6643586, 1
0.4664468, 0.5391408, 0.4218621, 1
0.7019064, 0.5232616, 0.6631737, 1
0.557968, 0.5296461, 0.6353149, 1
0.6358926, 0.5339057, 0.6496593, 1
0.3480813, 0.5323249, 0.2916515, 1
0.2685444, 0.5128412, 0.2388795, 1
0.2359923, 0.4843607, 0.2010736, 1
0.3880252, 0.5443891, 0.3500695, 1
0.6581797, 0.5110905, 0.624069, 1
0.3880809, 0.5394877, 0.2938243, 1
0.5673006, 0.5192555, 0.5224393, 1
0.3793737, 0.5222062, 0.2435513, 1
0.3959761, 0.5461952, 0.3826817, 1
0.5178176, 0.5264226, 0.5126869, 1
0.6723552, 0.5326899, 0.7423652, 1
0.5099162, 0.5324705, 0.5635644, 1
0.4918449, 0.5347799, 0.4393032, 1
0.6194779, 0.5436348, 0.6632798, 1
0.4006988, 0.542807, 0.3902098, 1
0.5530469, 0.5240288, 0.5577556, 1
0.3331027, 0.5285661, 0.2893947, 1
0.286416, 0.5108125, 0.1996308, 1
0.4221763, 0.5434135, 0.3683819, 1
0.4030138, 0.5309571, 0.4118679, 1
0.3701687, 0.5186844, 0.2479832, 1
0.3569106, 0.5338216, 0.3228571, 1
0.4108589, 0.5453334, 0.342019, 1
0.4382915, 0.5354774, 0.4352071, 1
0.3921713, 0.534126, 0.4103172, 1
0.3992535, 0.5467783, 0.3221805, 1
0.5538032, 0.5244042, 0.5528902, 1
0.3875455, 0.5360514, 0.2874161, 1
0.6746963, 0.5321883, 0.6623583, 1
0.3748495, 0.5203285, 0.2440486, 1
0.6994434, 0.5088208, 0.7305363, 1
0.3830763, 0.5436935, 0.3191983, 1
0.474217, 0.5387166, 0.4314426, 1
0.3354037, 0.503472, 0.2368429, 1
0.2570027, 0.490912, 0.1994759, 1
0.6536331, 0.5235941, 0.6386792, 1
0.4207746, 0.5433744, 0.3618404, 1
0.3739472, 0.5393662, 0.3303485, 1
0.556368, 0.5201644, 0.5243714, 1
0.3980556, 0.5467358, 0.3268055, 1
0.5799824, 0.544033, 0.6703721, 1
0.5900511, 0.5431647, 0.6582115, 1
0.6959668, 0.5284398, 0.6981775, 1
0.6451083, 0.5490778, 0.7347841, 1
0.540235, 0.5248424, 0.5447874, 1
0.5695643, 0.5220568, 0.5317788, 1
0.5089762, 0.5248509, 0.4748361, 1
0.5553542, 0.5309654, 0.6500054, 1
0.2877719, 0.4901553, 0.2043768, 1
0.576875, 0.515071, 0.5859664, 1
0.6035463, 0.5379556, 0.6547285, 1
0.4170797, 0.5451062, 0.3413383, 1
0.6017283, 0.5310258, 0.6308869, 1
0.4097369, 0.5321311, 0.4356521, 1
0.4404779, 0.5366408, 0.4160315, 1
0.498902, 0.5290613, 0.5024067, 1
0.6587257, 0.5289958, 0.6471637, 1
0.5359665, 0.5257732, 0.531175, 1
0.6958476, 0.5264399, 0.6808669, 1
0.2794653, 0.4968379, 0.2490087, 1
0.3897696, 0.5439634, 0.3598625, 1
0.3733017, 0.52714, 0.2802061, 1
0.392169, 0.5308405, 0.2712804, 1
0.5046462, 0.5327495, 0.5393486, 1
0.6287629, 0.5336058, 0.649986, 1
0.6507868, 0.507892, 0.6167563, 1
0.3057823, 0.4981482, 0.2406271, 1
0.3161003, 0.5042357, 0.2801167, 1
0.3735601, 0.546299, 0.369762, 1
0.3544567, 0.5329013, 0.2906271, 1
0.309563, 0.497032, 0.1922657, 1
0.4585103, 0.5392194, 0.4134033, 1
0.3002386, 0.500183, 0.1958827, 1
0.5688362, 0.5160813, 0.5902884, 1
0.3774808, 0.5430316, 0.3496443, 1
0.5460628, 0.5238015, 0.6043066, 1
0.5654171, 0.5281753, 0.639152, 1
0.4310365, 0.5385165, 0.3914967, 1
0.5396334, 0.5283376, 0.613556, 1
0.6015564, 0.5466482, 0.6857535, 1
0.4343917, 0.545387, 0.3349144, 1
0.5356187, 0.5256824, 0.5281438, 1
0.2887231, 0.4954714, 0.2723347, 1
0.7118088, 0.5113515, 0.7265167, 1
0.2951157, 0.497021, 0.2307464, 1
0.5138756, 0.5252222, 0.4961994, 1
0.3539906, 0.5150501, 0.272697, 1
0.2661473, 0.5278627, 0.1862699, 1
0.6548953, 0.5476147, 0.7107908, 1
0.4135894, 0.5326316, 0.4411941, 1
0.3857889, 0.5438824, 0.3084759, 1
0.6323706, 0.5250326, 0.6282419, 1
0.3542406, 0.5160825, 0.2744606, 1
0.5488607, 0.5256501, 0.6128994, 1
0.6003946, 0.5375069, 0.6514228, 1
0.458975, 0.5353941, 0.4655563, 1
0.2555781, 0.5008811, 0.2346267, 1
0.4174128, 0.5438395, 0.3111548, 1
0.4279837, 0.5457176, 0.3420095, 1
0.3572674, 0.5086531, 0.2401669, 1
0.6461608, 0.5119122, 0.6195772, 1
0.5756595, 0.5398874, 0.655886, 1
0.3119649, 0.5048943, 0.1938995, 1
0.6193414, 0.5073861, 0.5965691, 1
0.3761183, 0.5419661, 0.3510844, 1
0.4480473, 0.5382131, 0.411266, 1
0.4211459, 0.5369564, 0.3928496, 1
0.2705742, 0.5284274, 0.1931076, 1
0.4837481, 0.5346692, 0.4597044, 1
0.6427287, 0.5472363, 0.7129276, 1
0.4404735, 0.5400569, 0.3949587, 1
0.3672714, 0.5080501, 0.2174251, 1
0.4258969, 0.534565, 0.4191593, 1
0.5011556, 0.5332898, 0.4283359, 1
0.6006993, 0.5212916, 0.5525731, 1
0.4549786, 0.5377267, 0.4232951, 1
0.5432339, 0.5243098, 0.5324661, 1
0.4747652, 0.532347, 0.4900934, 1
0.6460925, 0.5035557, 0.5842127, 1
0.4181107, 0.5337359, 0.406698, 1
0.2631651, 0.5150322, 0.2106962, 1
0.6551961, 0.5038311, 0.6116052, 1
0.675275, 0.5256705, 0.7436023, 1
0.5558409, 0.5246667, 0.5511196, 1
0.6910209, 0.5313742, 0.7258682, 1
0.6642964, 0.5355172, 0.7488441, 1
0.458311, 0.5400169, 0.3952079, 1
0.2716434, 0.5211945, 0.1961938, 1
0.650598, 0.5174133, 0.6301834, 1
0.5011894, 0.5265358, 0.4602909, 1
0.3751472, 0.5458355, 0.3676842, 1
0.5497976, 0.5284038, 0.6198738, 1
0.4841097, 0.5290056, 0.4986488, 1
0.5009178, 0.5389165, 0.399562, 1
0.3288213, 0.5167159, 0.2818538, 1
0.6673525, 0.5371473, 0.7438268, 1
0.3356672, 0.5140181, 0.227088, 1
0.4667221, 0.5374379, 0.4571327, 1
0.5554284, 0.5225731, 0.5830383, 1
0.6637395, 0.5398391, 0.6764207, 1
0.5451842, 0.5195253, 0.5093521, 1
0.5533542, 0.5245768, 0.5446095, 1
0.5368403, 0.5274316, 0.4688917, 1
0.4022828, 0.5465298, 0.3388965, 1
0.328877, 0.4977783, 0.202447, 1
0.5770209, 0.5420644, 0.6730728, 1
0.5745399, 0.5246482, 0.5373646, 1
0.2619494, 0.4934459, 0.2472992, 1
0.352075, 0.5124508, 0.2604583, 1
0.5093011, 0.5246538, 0.4767917, 1
0.6788213, 0.502372, 0.7420806, 1
0.54915, 0.5312863, 0.4676634, 1
0.295991, 0.4846519, 0.1997677, 1
0.384035, 0.5445986, 0.3612503, 1
0.4123428, 0.543891, 0.3580458, 1
0.536061, 0.5260381, 0.4743533, 1
0.4438092, 0.5317947, 0.4709578, 1
0.666872, 0.5421029, 0.683101, 1
0.509125, 0.5329234, 0.4233422, 1
0.4045446, 0.5316997, 0.272924, 1
0.5732929, 0.5178567, 0.5845814, 1
0.3486574, 0.5134017, 0.2738973, 1
0.588981, 0.525459, 0.5580955, 1
0.6578948, 0.5466983, 0.7122012, 1
0.2982119, 0.5026057, 0.2021911, 1
0.4476207, 0.5361616, 0.4343076, 1
0.309501, 0.4978657, 0.2760948, 1
0.4395908, 0.5337391, 0.4594861, 1
0.3318855, 0.5027883, 0.2431058, 1
0.3536824, 0.5348471, 0.2988435, 1
0.6246668, 0.51555, 0.6102906, 1
0.5010312, 0.533087, 0.5230908, 1
0.704361, 0.5285608, 0.7168555, 1
0.4420234, 0.5410279, 0.3919144, 1
0.5537649, 0.5192306, 0.5965502, 1
0.4296817, 0.5446111, 0.3258052, 1
0.2802068, 0.4852367, 0.1981688, 1
0.4673777, 0.5380232, 0.4312578, 1
0.3475245, 0.5099502, 0.261373, 1
0.5029973, 0.5255991, 0.4638006, 1
0.2737418, 0.5208935, 0.2005998, 1
0.6235123, 0.5242127, 0.6254036, 1
0.3649897, 0.5166538, 0.2514171, 1
0.4375423, 0.5327899, 0.4636914, 1
0.4425993, 0.5420731, 0.3831858, 1
0.3855427, 0.544396, 0.313141, 1
0.5192212, 0.5304425, 0.4242316, 1
0.2865065, 0.4823511, 0.1798314, 1
0.4341301, 0.5425776, 0.3746499, 1
0.3695226, 0.520434, 0.2585908, 1
0.6356702, 0.5518524, 0.7267382, 1
0.547277, 0.5206043, 0.5198008, 1
0.4227095, 0.5429594, 0.3019125, 1
0.4260176, 0.5458671, 0.3476896, 1
0.4458918, 0.5349561, 0.4480725, 1
0.3014754, 0.4839551, 0.1749038, 1
0.5836861, 0.5205376, 0.5714628, 1
0.5291445, 0.5250002, 0.5738984, 1
0.584711, 0.5177488, 0.5748948, 1
0.5513703, 0.5317462, 0.6337762, 1
0.6570749, 0.5362366, 0.7564031, 1
0.3111148, 0.5127829, 0.2870087, 1
0.4967385, 0.5328456, 0.5432846, 1
0.6410331, 0.5473435, 0.705418, 1
0.2905363, 0.4957434, 0.2162917, 1
0.5642505, 0.51728, 0.5138078, 1
0.5633586, 0.5238454, 0.5614596, 1
0.5085213, 0.5253432, 0.4619547, 1
0.6023189, 0.5126828, 0.6091365, 1
0.4771516, 0.5304497, 0.5120014, 1
0.6006303, 0.5138864, 0.5739923, 1
0.3954462, 0.544166, 0.3550716, 1
0.4331617, 0.5418838, 0.3783419, 1
0.4734016, 0.5390229, 0.4264086, 1
0.3139967, 0.4977013, 0.2707714, 1
0.6612958, 0.5404656, 0.7299298, 1
0.5334123, 0.5285771, 0.558449, 1
0.5030222, 0.5304658, 0.5173258, 1
0.4245428, 0.543138, 0.3018681, 1
0.6188873, 0.5393572, 0.6589595, 1
0.4868863, 0.5323144, 0.4656684, 1
0.409079, 0.5398586, 0.2890848, 1
0.4564151, 0.5391676, 0.4055442, 1
0.2831163, 0.4961692, 0.2264887, 1
0.5817845, 0.5111277, 0.5989504, 1
0.3042496, 0.5191086, 0.2316453, 1
0.3012666, 0.5081338, 0.166962, 1
0.2881738, 0.4922968, 0.170705, 1
0.6039475, 0.5270807, 0.6245849, 1
0.5602452, 0.5227524, 0.5633066, 1
0.61127, 0.5133811, 0.5737013, 1
0.2714858, 0.516849, 0.1987363, 1
0.3151501, 0.4969352, 0.2126024, 1
0.5938943, 0.5134745, 0.5769454, 1
0.4908232, 0.533344, 0.4476441, 1
0.5843189, 0.5392779, 0.6508074, 1
0.3085605, 0.5109435, 0.2873361, 1
0.3180508, 0.4987196, 0.2609169, 1
0.6372545, 0.5356858, 0.6535762, 1
0.6751167, 0.5369508, 0.676629, 1
0.5971684, 0.539977, 0.692709, 1
0.4877547, 0.5335696, 0.5246487, 1
0.2594988, 0.5258621, 0.1942428, 1
0.5558592, 0.5205051, 0.5246998, 1
0.5469101, 0.5255159, 0.563529, 1
0.6178072, 0.5260383, 0.6279216, 1
0.4790626, 0.5329885, 0.4829814, 1
0.4633879, 0.545127, 0.3670758, 1
0.3970804, 0.5469983, 0.3336715, 1
0.6810643, 0.5358666, 0.6810977, 1
0.3187727, 0.5106732, 0.2372526, 1
0.4180067, 0.5429081, 0.3665541, 1
0.5321201, 0.5237618, 0.5163103, 1
0.58872, 0.5457972, 0.6704267, 1
0.3259878, 0.5130743, 0.2809967, 1
0.3836589, 0.5438309, 0.3585822, 1
0.5136858, 0.5279532, 0.5781996, 1
0.4028559, 0.5435872, 0.3007214, 1
0.4586629, 0.5371671, 0.4310837, 1
0.4564686, 0.5345021, 0.4727455, 1
0.4202511, 0.5447606, 0.3267492, 1
0.3691823, 0.5468533, 0.3719808, 1
0.4270411, 0.5374992, 0.3936513, 1
0.418731, 0.5454309, 0.3314374, 1
0.6477345, 0.5473378, 0.7509629, 1
0.5278859, 0.5296093, 0.6045686, 1
0.6164557, 0.5330892, 0.6516598, 1
0.5884007, 0.5255424, 0.5400839, 1
0.5358705, 0.5280021, 0.4668882, 1
0.3343315, 0.5259945, 0.2855926, 1
0.2820445, 0.4933732, 0.2146223, 1
0.4566666, 0.5308769, 0.5039569, 1
0.5611653, 0.517434, 0.5141281, 1
0.6776788, 0.5392348, 0.7362673, 1
0.5035105, 0.5248157, 0.4734006, 1
0.6265793, 0.5470256, 0.6767512, 1
0.6527706, 0.5410184, 0.7554478, 1
0.2848684, 0.4807477, 0.1989333, 1
0.3554374, 0.5108375, 0.2519891, 1
0.304491, 0.507512, 0.2493299, 1
0.3543658, 0.5153669, 0.2731832, 1
0.3251953, 0.501324, 0.2226109, 1
0.4565763, 0.5368717, 0.4453801, 1
0.5080026, 0.5337207, 0.5570147, 1
0.2561246, 0.4753982, 0.2034492, 1
0.5549871, 0.5189233, 0.5176352, 1
0.5102885, 0.532498, 0.422916, 1
0.3231178, 0.4972626, 0.20893, 1
0.3501235, 0.5258352, 0.2826084, 1
0.3571066, 0.5356105, 0.312613, 1
0.3416976, 0.5046012, 0.2279448, 1
0.5423551, 0.5231339, 0.5232575, 1
0.4387402, 0.5370169, 0.4138966, 1
0.4820601, 0.5394784, 0.4122514, 1
0.6508999, 0.5487791, 0.7077146, 1
0.7026442, 0.505118, 0.7276092, 1
0.4573778, 0.5375087, 0.4287441, 1
0.5852055, 0.5121816, 0.6089875, 1
0.5481415, 0.5236909, 0.5372722, 1
0.6257893, 0.5423638, 0.6955802, 1
0.6552885, 0.5432059, 0.7508644, 1
0.4633125, 0.537629, 0.4342973, 1
0.5166465, 0.5253984, 0.4749144, 1
0.6993523, 0.5248752, 0.6587341, 1
0.4908669, 0.5298729, 0.5069091, 1
0.253973, 0.4949499, 0.2295366, 1
0.389661, 0.5431535, 0.394318, 1
0.2914303, 0.5043151, 0.2480552, 1
0.4496064, 0.535684, 0.4515916, 1
0.5892512, 0.5187644, 0.5710278, 1
0.6911119, 0.4884904, 0.733109, 1
0.7001037, 0.5265745, 0.6920073, 1
0.5269854, 0.5280807, 0.5423753, 1
0.4435152, 0.53879, 0.4001533, 1
0.5650322, 0.5228306, 0.5352587, 1
0.3745199, 0.5184642, 0.240529, 1
0.523106, 0.5288405, 0.5337673, 1
0.6106181, 0.5086128, 0.6007825, 1
0.6685757, 0.5389563, 0.7248355, 1
0.3696621, 0.5330322, 0.2872093, 1
0.5378281, 0.5254394, 0.5434351, 1
0.6867527, 0.5351159, 0.70655, 1
0.3321208, 0.5308917, 0.2945352, 1
0.3157709, 0.5110003, 0.28456, 1
0.2673011, 0.5136391, 0.2057179, 1
0.2953825, 0.4894673, 0.1642218, 1
0.2838962, 0.4986527, 0.1796019, 1
0.5974442, 0.5094236, 0.6023355, 1
0.4603606, 0.5444448, 0.3683369, 1
0.5382428, 0.5297129, 0.4604317, 1
0.6661868, 0.5216569, 0.6368506, 1
0.5333117, 0.5249885, 0.4802447, 1
0.6785914, 0.5397095, 0.7080823, 1
0.5327798, 0.5254263, 0.5886815, 1
0.6877142, 0.5312745, 0.6734602, 1
0.669775, 0.5411283, 0.6831611, 1
0.7071673, 0.52388, 0.722721, 1
0.6098889, 0.5132653, 0.5767652, 1
0.560019, 0.5193495, 0.6120384, 1
0.3846324, 0.5463846, 0.3660825, 1
0.3365742, 0.5044814, 0.2590948, 1
0.352413, 0.5335261, 0.3297405, 1
0.3701796, 0.5279658, 0.2815339, 1
0.3738931, 0.5364055, 0.2920927, 1
0.3860298, 0.5437384, 0.3555743, 1
0.3193702, 0.5006306, 0.2376333, 1
0.5250983, 0.5246125, 0.4786337, 1
0.6983191, 0.5258345, 0.6689225, 1
0.3096508, 0.5084072, 0.1954979, 1
0.3602477, 0.5362113, 0.3046449, 1
0.5781248, 0.5149754, 0.584717, 1
0.3742101, 0.5405157, 0.3508168, 1
0.5221665, 0.5242671, 0.4960254, 1
0.3019841, 0.5223663, 0.216102, 1
0.6581266, 0.5428543, 0.7405461, 1
0.4530321, 0.5335503, 0.4795342, 1
0.3365771, 0.532087, 0.3039312, 1
0.3769599, 0.5421775, 0.3550188, 1
0.5474325, 0.5253481, 0.5510224, 1
0.6568817, 0.510624, 0.7576578, 1
0.6715826, 0.5409811, 0.7147825, 1
0.6364599, 0.50376, 0.5882513, 1
0.6531252, 0.5431976, 0.7277001, 1
0.5888038, 0.5136863, 0.5769486, 1
0.3777783, 0.538961, 0.295746, 1
0.3348992, 0.5262341, 0.2856885, 1
0.2608506, 0.4898091, 0.2393572, 1
0.4243651, 0.5429064, 0.2991628, 1
0.4660646, 0.5399085, 0.4065625, 1
0.4085582, 0.5464659, 0.3280362, 1
0.3597197, 0.5145289, 0.2535437, 1
0.6003199, 0.5172464, 0.614419, 1
0.367857, 0.5368793, 0.2967879, 1
0.581749, 0.5138589, 0.6133848, 1
0.3300525, 0.5115198, 0.2410967, 1
0.6895668, 0.5333578, 0.7182076, 1
0.5203204, 0.5316073, 0.5561798, 1
0.3032969, 0.50907, 0.2898506, 1
0.4749699, 0.5452211, 0.3772642, 1
0.4395907, 0.5339357, 0.4505036, 1
0.26964, 0.5076016, 0.244557, 1
0.3421786, 0.5080314, 0.2672422, 1
0.4829074, 0.5394719, 0.4095125, 1
0.3969821, 0.5441477, 0.3054089, 1
0.360681, 0.534602, 0.2920714, 1
0.4162377, 0.5394226, 0.387849, 1
0.3703535, 0.5332447, 0.2873833, 1
0.6298432, 0.5055555, 0.5922626, 1
0.4694568, 0.5357069, 0.4840153, 1
0.5126206, 0.5332006, 0.58436, 1
0.4598943, 0.5400485, 0.3945927, 1
0.4160644, 0.5429154, 0.3018359, 1
0.5711838, 0.5194103, 0.50352, 1
0.6571081, 0.5425594, 0.6726764, 1
0.4062242, 0.5426833, 0.3728199, 1
0.5150187, 0.5315006, 0.5360644, 1
0.3011561, 0.5093696, 0.2057135, 1
0.412399, 0.5451603, 0.3421283, 1
0.2405474, 0.5108627, 0.2037999, 1
0.5467945, 0.5244482, 0.5436521, 1
0.366551, 0.5373953, 0.3020692, 1
0.4111868, 0.5428372, 0.3006286, 1
0.2681752, 0.4848562, 0.1943401, 1
0.3831967, 0.5266976, 0.2591583, 1
0.3285031, 0.505501, 0.2738957, 1
0.4243447, 0.5448448, 0.3412802, 1
0.3231049, 0.5071827, 0.2481454, 1
0.5487239, 0.5251899, 0.5611511, 1
0.5591447, 0.5190266, 0.521756, 1
0.2954106, 0.5009721, 0.1970103, 1
0.3391246, 0.5042577, 0.2542192, 1
0.6089923, 0.5141962, 0.5679686, 1
0.4862643, 0.5313454, 0.5170873, 1
0.2653195, 0.5130501, 0.2398665, 1
0.3955327, 0.5470138, 0.3352353, 1
0.3772254, 0.523192, 0.2708016, 1
0.5177428, 0.5269717, 0.5841069, 1
0.4891695, 0.5338711, 0.4472457, 1
0.5450448, 0.5254303, 0.5577473, 1
0.4885069, 0.5429509, 0.3889824, 1
0.2764136, 0.4983658, 0.2629726, 1
0.4952465, 0.538592, 0.4244977, 1
0.5342754, 0.5238194, 0.4919955, 1
0.610482, 0.5066348, 0.5964503, 1
0.3345359, 0.531864, 0.3100014, 1
0.3537899, 0.5193059, 0.2773997, 1
0.6062665, 0.5180933, 0.5571036, 1
0.4169444, 0.5442775, 0.3597166, 1
0.4182258, 0.5451057, 0.3489026, 1
0.6215455, 0.5175058, 0.6124434, 1
0.6663325, 0.5436126, 0.6900842, 1
0.3434526, 0.5053224, 0.2190955, 1
0.2594883, 0.4895364, 0.2023986, 1
0.3362316, 0.5317696, 0.3090009, 1
0.2726993, 0.4860032, 0.2245042, 1
0.4534254, 0.5370907, 0.4326748, 1
0.6277793, 0.5392376, 0.6584684, 1
0.386827, 0.5383272, 0.291697, 1
0.6495159, 0.5457553, 0.7344716, 1
0.2958343, 0.4968671, 0.2624258, 1
0.6264964, 0.5441241, 0.6887172, 1
0.557993, 0.5198324, 0.4956451, 1
0.571098, 0.5161019, 0.6137248, 1
0.5692911, 0.5256437, 0.5494241, 1
0.5848173, 0.5115063, 0.6042669, 1
0.3706459, 0.5404586, 0.3089987, 1
0.6846887, 0.5347708, 0.6899223, 1
0.2940859, 0.4976157, 0.2443542, 1
0.6433368, 0.5156361, 0.6222586, 1
0.4397179, 0.5454523, 0.3360416, 1
0.5587722, 0.524797, 0.5459511, 1
0.3328387, 0.5263749, 0.2864623, 1
0.5829054, 0.5270153, 0.552919, 1
0.5511546, 0.5209342, 0.602266, 1
0.3453504, 0.5104176, 0.2703791, 1
0.269915, 0.4886535, 0.1770932, 1
0.5755793, 0.5230347, 0.5039549, 1
0.4157438, 0.5449154, 0.3476855, 1
0.6362805, 0.5196671, 0.6222702, 1
0.5670395, 0.5246519, 0.5610296, 1
0.4748226, 0.5354723, 0.4717218, 1
0.3191559, 0.4996795, 0.2507264, 1
0.4976126, 0.5353554, 0.5674523, 1
0.6533231, 0.5329499, 0.6491037, 1
0.4194473, 0.5427735, 0.3711221, 1
0.6722555, 0.5424023, 0.7081354, 1
0.525422, 0.5284254, 0.5367798, 1
0.3880235, 0.5482258, 0.3764598, 1
0.4095892, 0.5393298, 0.3894259, 1
0.3931801, 0.5470862, 0.3812579, 1
0.3282716, 0.5059478, 0.2746265, 1
0.6188691, 0.5167072, 0.61076, 1
0.5123973, 0.5251983, 0.4939271, 1
0.6643943, 0.5300942, 0.6515414, 1
0.447487, 0.5462421, 0.3483624, 1
0.3567612, 0.535493, 0.3421443, 1
0.6230192, 0.5339457, 0.6523445, 1
0.2589073, 0.5038612, 0.2092307, 1
0.5778942, 0.5428562, 0.661731, 1
0.441443, 0.5340236, 0.4512789, 1
0.4483838, 0.5467523, 0.354611, 1
0.4007103, 0.5361984, 0.4021897, 1
0.5089739, 0.5312921, 0.5223898, 1
0.4438758, 0.5441037, 0.3248423, 1
0.4491367, 0.5389848, 0.4058546, 1
0.5619265, 0.5231628, 0.6206695, 1
0.4584729, 0.5353846, 0.4843024, 1
0.6310077, 0.5436278, 0.693681, 1
0.3536409, 0.5338423, 0.332155, 1
0.4632188, 0.5369487, 0.4522766, 1
0.4371216, 0.5330539, 0.4575115, 1
0.2824977, 0.4937401, 0.1950011, 1
0.4810862, 0.5389639, 0.4350962, 1
0.5986791, 0.5224077, 0.6180891, 1
0.5531911, 0.5257479, 0.6180122, 1
0.6148584, 0.508087, 0.5839099, 1
0.5641987, 0.5240492, 0.4930938, 1
0.4764007, 0.5391057, 0.431078, 1
0.5112441, 0.5248459, 0.4764978, 1
0.4655899, 0.5397069, 0.3989165, 1
0.4842635, 0.5313518, 0.4736851, 1
0.3767131, 0.5405716, 0.3295729, 1
0.363302, 0.5287583, 0.2830624, 1
0.4846363, 0.5400959, 0.4235935, 1
0.4284676, 0.5306627, 0.4583896, 1
0.2687319, 0.4696497, 0.1834169, 1
0.5180768, 0.5288494, 0.5909064, 1
0.5685581, 0.5241389, 0.4982925, 1
0.418828, 0.5321912, 0.4421086, 1
0.3583596, 0.5257792, 0.280434, 1
0.344292, 0.5339168, 0.3286673, 1
0.4202035, 0.5448232, 0.3562861, 1
0.5502866, 0.5301995, 0.624764, 1
0.477863, 0.5391068, 0.4118638, 1
0.6754364, 0.4906665, 0.7374614, 1
0.5138888, 0.5252216, 0.4962074, 1
0.3551278, 0.5352129, 0.3450007, 1
0.5451139, 0.5236158, 0.5985114, 1
0.4482295, 0.5398533, 0.3964762, 1
0.3944443, 0.543973, 0.3551652, 1
0.4115826, 0.532352, 0.4397286, 1
0.4420587, 0.544589, 0.3274686, 1
0.3193194, 0.4996027, 0.2530637, 1
0.4239609, 0.5424478, 0.3732006, 1
0.4076452, 0.5440863, 0.3507597, 1
0.5987501, 0.5098552, 0.5919954, 1
0.5041348, 0.5258266, 0.4605011, 1
0.3481934, 0.5338135, 0.3276031, 1
0.4535181, 0.5429528, 0.3812144, 1
0.4912775, 0.5302599, 0.4619578, 1
0.6706688, 0.5394769, 0.729768, 1
0.3145109, 0.526573, 0.2027485, 1
0.6081484, 0.517335, 0.6105895, 1
0.462087, 0.5366585, 0.4595022, 1
0.3990833, 0.5445005, 0.3491418, 1
0.5558769, 0.523975, 0.6154697, 1
0.3393195, 0.5065935, 0.2223134, 1
0.2821958, 0.5096674, 0.2237392, 1
0.599538, 0.5112081, 0.6085986, 1
0.2772039, 0.4818104, 0.1977584, 1
0.6188591, 0.5359086, 0.6557106, 1
0.6483512, 0.5317352, 0.6463984, 1
0.5467022, 0.5237953, 0.5372794, 1
0.3433455, 0.5331677, 0.3148965, 1
0.5256438, 0.5268373, 0.4596578, 1
0.5284166, 0.5253413, 0.5838817, 1
0.4220354, 0.5423751, 0.3747191, 1
0.405882, 0.5318252, 0.4254174, 1
0.6282612, 0.5427347, 0.694559, 1
0.4850526, 0.5421315, 0.3955627, 1
0.3544986, 0.5341296, 0.3211349, 1
0.494369, 0.5262654, 0.4717968, 1
0.6229062, 0.5273886, 0.6340011, 1
0.5554458, 0.5224823, 0.5734054, 1
0.6309524, 0.5185685, 0.6160928, 1
0.4144953, 0.5400755, 0.38596, 1
0.6410496, 0.5300342, 0.6392144, 1
0.5759056, 0.51241, 0.6033258, 1
0.3923182, 0.5426477, 0.299755, 1
0.5382861, 0.5238752, 0.4893614, 1
0.2693796, 0.5140759, 0.1904887, 1
0.329169, 0.5173187, 0.202412, 1
0.3994848, 0.544896, 0.347126, 1
0.4689207, 0.5374866, 0.4533819, 1
0.6765783, 0.5339814, 0.7372688, 1
0.3459489, 0.5131618, 0.2750366, 1
0.4450606, 0.5345795, 0.455752, 1
0.5887128, 0.5112248, 0.5868317, 1
0.5790788, 0.5403984, 0.6558833, 1
0.4255935, 0.5331451, 0.4330649, 1
0.5238973, 0.5246558, 0.4892541, 1
0.4237826, 0.5416651, 0.3816424, 1
0.5782965, 0.5297056, 0.6406498, 1
0.5551865, 0.5242922, 0.553484, 1
0.5455121, 0.5228872, 0.5261109, 1
0.4705595, 0.5357764, 0.4819221, 1
0.3580963, 0.5356772, 0.3110842, 1
0.5324277, 0.5247117, 0.4804923, 1
0.5558399, 0.5249332, 0.4827558, 1
0.4831364, 0.5295062, 0.5019487, 1
0.4742006, 0.5385369, 0.4383582, 1
0.2730183, 0.5057263, 0.2319816, 1
0.3651755, 0.535976, 0.328049, 1
0.4675716, 0.5379602, 0.4374772, 1
0.4994115, 0.5260608, 0.4658402, 1
0.3888751, 0.5440497, 0.3606671, 1
0.6825042, 0.5224373, 0.7398676, 1
0.378586, 0.5320936, 0.2833193, 1
0.34997, 0.5060273, 0.2360733, 1
0.6727104, 0.5300629, 0.7438627, 1
0.5941864, 0.5347823, 0.6382939, 1
0.5249054, 0.528831, 0.4406623, 1
0.4143095, 0.5422485, 0.3683113, 1
0.6247691, 0.5374109, 0.6565487, 1
0.3571917, 0.5352416, 0.3405729, 1
0.428885, 0.5454405, 0.3561313, 1
0.2661146, 0.4732562, 0.1966307, 1
0.5296378, 0.5274768, 0.6016254, 1
0.4419685, 0.5457616, 0.3617249, 1
0.2687816, 0.5277513, 0.1727876, 1
0.3531546, 0.513166, 0.2632914, 1
0.6204366, 0.5060712, 0.590799, 1
0.3055657, 0.4980939, 0.2195175, 1
0.4911761, 0.533184, 0.5196038, 1
0.3917382, 0.5460657, 0.3246862, 1
0.3157744, 0.5076017, 0.2122155, 1
0.430167, 0.5410065, 0.3833926, 1
0.4877855, 0.542585, 0.3918825, 1
0.5589959, 0.5229049, 0.5378759, 1
0.437548, 0.5390807, 0.3988494, 1
0.2549498, 0.4826533, 0.1825697, 1
0.3062907, 0.5161985, 0.2067248, 1
0.5773945, 0.5192164, 0.5171869, 1
0.4350025, 0.5323629, 0.458625, 1
0.547351, 0.5254465, 0.5630324, 1
0.5815228, 0.521444, 0.5709518, 1
0.2901746, 0.499641, 0.2103255, 1
0.590391, 0.5252106, 0.5395331, 1
0.3876748, 0.5458094, 0.3390817, 1
0.2855067, 0.4963252, 0.2637412, 1
0.3889929, 0.5471278, 0.385447, 1
0.5582359, 0.5223004, 0.5695654, 1
0.293293, 0.5140131, 0.1711134, 1
0.6999485, 0.528378, 0.7210763, 1
0.5430091, 0.5261633, 0.557101, 1
0.338172, 0.5320523, 0.3022954, 1
0.6329908, 0.5182376, 0.616692, 1
0.3851275, 0.5387501, 0.2930473, 1
0.4855171, 0.5330577, 0.4625335, 1
0.3996737, 0.5387966, 0.2890457, 1
0.6259778, 0.5468422, 0.6807021, 1
0.4171085, 0.5447162, 0.3240668, 1
0.2635643, 0.4857198, 0.2313146, 1
0.288259, 0.4961624, 0.2669168, 1
0.6056932, 0.5400365, 0.6583403, 1
0.4687445, 0.5354486, 0.4868839, 1
0.6883291, 0.5294285, 0.659081, 1
0.3968598, 0.5452736, 0.3694487, 1
0.3925271, 0.5369838, 0.2874455, 1
0.4192955, 0.5439316, 0.3128898, 1
0.5380592, 0.5296746, 0.4579074, 1
0.5717909, 0.5175906, 0.6185164, 1
0.6420923, 0.504626, 0.6026735, 1
0.2522829, 0.4715729, 0.1968754, 1
0.6556177, 0.543245, 0.7365687, 1
0.2741493, 0.5058641, 0.2424779, 1
0.3280343, 0.5277543, 0.2895834, 1
0.4265401, 0.5435674, 0.3028343, 1
0.2773825, 0.5161262, 0.2350523, 1
0.3894842, 0.5418743, 0.2991106, 1
0.5004737, 0.5257447, 0.4654338, 1
0.4963323, 0.5250325, 0.4810842, 1
0.3496764, 0.5062137, 0.2291581, 1
0.3698242, 0.5200738, 0.2630889, 1
0.4770238, 0.5353326, 0.4672849, 1
0.649433, 0.5471866, 0.748116, 1
0.3504463, 0.521455, 0.2793059, 1
0.3079545, 0.5122541, 0.2883717, 1
0.5421552, 0.5233669, 0.4884439, 1
0.3150454, 0.5018613, 0.2785479, 1
0.5062351, 0.5307636, 0.5699798, 1
0.490061, 0.539785, 0.4082063, 1
0.5459273, 0.5244151, 0.5438815, 1
0.5488254, 0.5271035, 0.4767742, 1
0.3043212, 0.496785, 0.1885551, 1
0.4860912, 0.5429212, 0.3900011, 1
0.4555034, 0.5395654, 0.3946963, 1
0.4601988, 0.5418034, 0.3855001, 1
0.454081, 0.5392469, 0.3956775, 1
0.2770526, 0.4833517, 0.186924, 1
0.6509751, 0.5029151, 0.6024606, 1
0.6856305, 0.4902933, 0.7348017, 1
0.4533162, 0.5435913, 0.3742886, 1
0.5485246, 0.5232112, 0.5327695, 1
0.2708418, 0.5216896, 0.2047672, 1
0.2740398, 0.4818906, 0.1984927, 1
0.6202033, 0.5438711, 0.6910747, 1
0.3585963, 0.5340548, 0.3254881, 1
0.5455446, 0.524789, 0.5751348, 1
0.3749908, 0.539748, 0.339565, 1
0.344568, 0.5256352, 0.2832155, 1
0.4730587, 0.5355836, 0.4730867, 1
0.6070195, 0.5315839, 0.6369007, 1
0.3472819, 0.5237371, 0.2808042, 1
0.3612414, 0.5086362, 0.2269194, 1
0.2567343, 0.5182775, 0.1862756, 1
0.3372214, 0.5305794, 0.2927523, 1
0.4369254, 0.5330485, 0.4598042, 1
0.4772746, 0.5387413, 0.4359304, 1
0.3616485, 0.5116205, 0.2405608, 1
0.5953672, 0.53663, 0.6446877, 1
0.4262461, 0.5434725, 0.3684564, 1
0.3473148, 0.5183563, 0.2787206, 1
0.3505163, 0.5343425, 0.3136512, 1
0.6757317, 0.5113002, 0.7472714, 1
0.6425323, 0.549719, 0.6985921, 1
0.3887987, 0.5330644, 0.2813063, 1
0.4896516, 0.5319677, 0.5379776, 1
0.5136685, 0.5308233, 0.5674154, 1
0.5871569, 0.5109227, 0.5956352, 1
0.4838198, 0.5335348, 0.4626553, 1
0.4770525, 0.5296804, 0.4929981, 1
0.5842601, 0.5432805, 0.660395, 1
0.6799187, 0.5389729, 0.7070228, 1
0.3787279, 0.5403735, 0.3005109, 1
0.4581251, 0.5399405, 0.3938967, 1
0.4695694, 0.5393165, 0.421897, 1
0.359416, 0.5343484, 0.3374631, 1
0.3001571, 0.5179464, 0.2179851, 1
0.3547605, 0.5353987, 0.2997906, 1
0.3795465, 0.5461263, 0.3663217, 1
0.4929648, 0.5268921, 0.4919089, 1
0.480198, 0.5369585, 0.4446374, 1
0.3528963, 0.5107984, 0.2552839, 1
0.2755368, 0.5044937, 0.2579359, 1
0.5750396, 0.5290269, 0.6424667, 1
0.4646933, 0.5359056, 0.4773789, 1
0.2718089, 0.4915933, 0.1784163, 1
0.497867, 0.5249593, 0.4739893, 1
0.4980986, 0.5337464, 0.5254899, 1
0.5078776, 0.5322521, 0.5423773, 1
0.6435338, 0.5502973, 0.737615, 1
0.6466835, 0.5321634, 0.6462866, 1
0.5549428, 0.5195589, 0.4987468, 1
0.4088784, 0.5320891, 0.4182389, 1
0.4415632, 0.5354772, 0.4389337, 1
0.5084003, 0.5248218, 0.4723933, 1
0.6917941, 0.5228651, 0.7340373, 1
0.4208573, 0.5413648, 0.3826893, 1
0.4273531, 0.5369932, 0.4028363, 1
0.6605549, 0.5417711, 0.7201473, 1
0.437063, 0.5305088, 0.4769103, 1
0.3769492, 0.5428683, 0.345789, 1
0.5398723, 0.5254177, 0.5457996, 1
0.2992844, 0.4978972, 0.2425506, 1
0.3909873, 0.5434219, 0.3934766, 1
0.3821051, 0.5482162, 0.3729202, 1
0.4837099, 0.5292364, 0.5003331, 1
0.344201, 0.5280343, 0.2861803, 1
0.5412406, 0.524518, 0.5775273, 1
0.4744121, 0.5310226, 0.5140455, 1
0.2527193, 0.5139623, 0.2067325, 1
0.341649, 0.5302358, 0.2912, 1
0.495831, 0.5330461, 0.5465003, 1
0.5731128, 0.5148523, 0.5898113, 1
0.2827654, 0.4948376, 0.2338818, 1
0.678818, 0.5363045, 0.7285086, 1
0.5546902, 0.5185961, 0.5990697, 1
0.4395394, 0.5455445, 0.3368506, 1
0.4279612, 0.5340207, 0.4216691, 1
0.6842976, 0.535679, 0.7167703, 1
0.5300038, 0.5271983, 0.5430779, 1
0.6988584, 0.5258681, 0.6663529, 1
0.5058317, 0.5273839, 0.4516156, 1
0.4618419, 0.5390695, 0.4145472, 1
0.5690668, 0.5183533, 0.5038639, 1
0.5943942, 0.5467928, 0.675643, 1
0.632975, 0.5098817, 0.6073077, 1
0.344411, 0.505669, 0.2134694, 1
0.4093653, 0.5443389, 0.3106862, 1
0.4644215, 0.5393463, 0.4122893, 1
0.4894949, 0.5394271, 0.4270317, 1
0.3863676, 0.5435527, 0.3065987, 1
0.3937594, 0.5450394, 0.3490196, 1
0.5880537, 0.5244058, 0.5345007, 1
0.4745349, 0.5349281, 0.4825134, 1
0.4699809, 0.5370314, 0.4607944, 1
0.4487626, 0.5447432, 0.334462, 1
0.4544069, 0.5344613, 0.4655009, 1
0.5797538, 0.5182793, 0.5776455, 1
0.3126774, 0.4986888, 0.2298796, 1
0.3641135, 0.5098348, 0.2312177, 1
0.5196248, 0.5299453, 0.5667765, 1
0.5083122, 0.5376475, 0.4140866, 1
0.3739175, 0.5380313, 0.295957, 1
0.6307724, 0.5130199, 0.5689356, 1
0.4508788, 0.5348705, 0.4973091, 1
0.4166916, 0.5449115, 0.3429961, 1
0.586665, 0.5254711, 0.5381083, 1
0.3311462, 0.5226149, 0.283292, 1
0.6475224, 0.5201123, 0.631465, 1
0.4716207, 0.5424904, 0.3854918, 1
0.4431726, 0.5395633, 0.4048183, 1
0.4900146, 0.529623, 0.5051892, 1
0.2532621, 0.5196958, 0.1922769, 1
0.3511309, 0.513077, 0.2707776, 1
0.3359162, 0.5320483, 0.3022698, 1
0.2762978, 0.5287348, 0.1843932, 1
0.6555447, 0.5435153, 0.7374551, 1
0.6654403, 0.5004801, 0.749893, 1
0.3712667, 0.5349091, 0.2899899, 1
0.3607412, 0.5348549, 0.3422072, 1
0.3542123, 0.5349126, 0.3371158, 1
0.6517627, 0.5453914, 0.7376524, 1
0.7150999, 0.5211154, 0.7114902, 1
0.5180594, 0.5262315, 0.4482203, 1
0.6813419, 0.519545, 0.6352513, 1
0.2905499, 0.4737724, 0.1781158, 1
0.3598622, 0.5158576, 0.2592719, 1
0.5887569, 0.5165256, 0.6183491, 1
0.3146283, 0.5028979, 0.254088, 1
0.4741823, 0.5327046, 0.4903444, 1
0.2927869, 0.521747, 0.2055489, 1
0.500273, 0.5259459, 0.4650952, 1
0.4415513, 0.5310544, 0.4791967, 1
0.3331341, 0.5028771, 0.2512558, 1
0.5908366, 0.5348766, 0.6398631, 1
0.6129957, 0.5308272, 0.6417989, 1
0.6317539, 0.5450178, 0.7020094, 1
0.6245198, 0.5085592, 0.600358, 1
0.2776566, 0.5271817, 0.1863877, 1
0.4099935, 0.5408365, 0.3655748, 1
0.4848462, 0.529026, 0.4812202, 1
0.3367028, 0.5320227, 0.3049653, 1
0.3877979, 0.5451466, 0.315973, 1
0.2819138, 0.5208133, 0.1812456, 1
0.4954115, 0.5343096, 0.5325972, 1
0.4543561, 0.5341073, 0.4730459, 1
0.5972597, 0.5433462, 0.6604322, 1
0.5187194, 0.5243733, 0.4912187, 1
0.4680198, 0.5384659, 0.4256429, 1
0.3135882, 0.4995765, 0.2465938, 1
0.5082946, 0.5253567, 0.4638287, 1
0.5861852, 0.5218213, 0.5201486, 1
0.5481839, 0.5251227, 0.5676448, 1
0.3057951, 0.5132007, 0.241108, 1
0.3852336, 0.5451303, 0.3466653, 1
0.6568546, 0.5102699, 0.757426, 1
0.4177459, 0.5451387, 0.3369026, 1
0.3330051, 0.5020295, 0.2107976, 1
0.6447515, 0.5192363, 0.6282566, 1
0.4620643, 0.5357308, 0.4800443, 1
0.3982004, 0.5457841, 0.374402, 1
0.3748244, 0.5486165, 0.3817858, 1
0.4715814, 0.5469801, 0.3696196, 1
0.3090782, 0.4980619, 0.2442463, 1
0.4608991, 0.5371754, 0.4375802, 1
0.4354623, 0.5375589, 0.4066458, 1
0.6329165, 0.5457872, 0.6874167, 1
0.5061895, 0.5293574, 0.4443009, 1
0.5850961, 0.5447176, 0.6766425, 1
0.5502511, 0.5242603, 0.5782753, 1
0.3311679, 0.5026727, 0.2273067, 1
0.5023435, 0.5338424, 0.4265212, 1
0.7000356, 0.5267641, 0.6946663, 1
0.4704183, 0.5382166, 0.438308, 1
0.6986476, 0.524998, 0.6754635, 1
0.3014293, 0.5274248, 0.2058165, 1
0.6582193, 0.5038149, 0.6005238, 1
0.3071709, 0.5173196, 0.2121628, 1
0.6745159, 0.5219021, 0.7461731, 1
0.5069828, 0.5246461, 0.4739574, 1
0.4314503, 0.5327513, 0.4441845, 1
0.4894391, 0.5274599, 0.4923601, 1
0.6164865, 0.5063229, 0.5915144, 1
0.5218908, 0.525567, 0.511282, 1
0.3594348, 0.5341074, 0.3315973, 1
0.2911469, 0.5075846, 0.2610789, 1
0.6159907, 0.5281998, 0.6370737, 1
0.688175, 0.5321271, 0.6897738, 1
0.6219583, 0.5081071, 0.5759817, 1
0.6826349, 0.5359491, 0.6975704, 1
0.4427998, 0.5314737, 0.4765044, 1
0.4528806, 0.5406547, 0.3905127, 1
0.2577635, 0.511699, 0.2023633, 1
0.4789249, 0.5309155, 0.5277748, 1
0.5143536, 0.5266888, 0.5119103, 1
0.4131784, 0.5449923, 0.3213858, 1
0.3298216, 0.5323873, 0.2990619, 1
0.6242218, 0.5056922, 0.5876452, 1
0.2622152, 0.4883406, 0.2261653, 1
0.6580259, 0.5024974, 0.604946, 1
0.4569241, 0.5444934, 0.3685282, 1
0.3910013, 0.5271546, 0.2565675, 1
0.3875772, 0.5452515, 0.3319011, 1
0.6597012, 0.5431182, 0.7189454, 1
0.5203699, 0.5301569, 0.4352228, 1
0.4856835, 0.5381399, 0.4347131, 1
0.2891178, 0.5060951, 0.2541926, 1
0.6048681, 0.5204478, 0.5457904, 1
0.5582097, 0.5225297, 0.5350022, 1
0.5609123, 0.5182874, 0.5192021, 1
0.5290417, 0.5276418, 0.541953, 1
0.3053722, 0.5150921, 0.1853634, 1
0.5137858, 0.531867, 0.5370123, 1
0.4996932, 0.527897, 0.4568259, 1
0.5881667, 0.5111977, 0.6094114, 1
0.5004694, 0.5262359, 0.4635537, 1
0.3611889, 0.5234233, 0.2787057, 1
0.4647582, 0.5397086, 0.3997308, 1
0.5471693, 0.5231462, 0.5300815, 1
0.4488558, 0.5466997, 0.3530377, 1
0.3201236, 0.5111774, 0.2823207, 1
0.6165161, 0.5471121, 0.6862575, 1
0.5781783, 0.5223004, 0.5254585, 1
0.377823, 0.5356348, 0.2884299, 1
0.3760225, 0.5424358, 0.3104434, 1
0.6164302, 0.5191601, 0.6133689, 1
0.6079298, 0.5423306, 0.6630425, 1
0.3115504, 0.5162001, 0.2885219, 1
0.5885679, 0.510866, 0.5983971, 1
0.6080837, 0.5298237, 0.6312457, 1
0.2435286, 0.4985614, 0.2144689, 1
0.5327215, 0.5224704, 0.5069189, 1
0.3520742, 0.5320579, 0.2894463, 1
0.5089536, 0.5247062, 0.4774311, 1
0.2985788, 0.5140795, 0.1822123, 1
0.6561816, 0.5061527, 0.6184222, 1
0.314095, 0.5130265, 0.2133605, 1
0.4009753, 0.5411437, 0.2936905, 1
0.3130462, 0.5171456, 0.2136006, 1
0.3732067, 0.5218502, 0.2547237, 1
0.4961727, 0.5314858, 0.4466712, 1
0.3627825, 0.5253969, 0.2803855, 1
0.6388422, 0.5528142, 0.738989, 1
0.4213084, 0.5343869, 0.4056337, 1
0.2621423, 0.5179766, 0.1900203, 1
0.4381364, 0.5331481, 0.4625234, 1
0.4712694, 0.5466332, 0.3714635, 1
0.3455364, 0.5165195, 0.2781161, 1
0.5524423, 0.5225092, 0.5868604, 1
0.5779978, 0.5113119, 0.597857, 1
0.4676011, 0.5344406, 0.4900075, 1
0.5576009, 0.5222948, 0.53258, 1
0.2723214, 0.4955138, 0.2364008, 1
0.4660585, 0.5345716, 0.4911078, 1
0.5110613, 0.52857, 0.5170523, 1
0.5286866, 0.5250021, 0.5747315, 1
0.4229616, 0.5441939, 0.316927, 1
0.5509976, 0.5306376, 0.6278062, 1
0.6540542, 0.5169697, 0.6299636, 1
0.4067691, 0.5332533, 0.4035432, 1
0.3962758, 0.5415276, 0.2957065, 1
0.3162909, 0.52259, 0.2896464, 1
0.4376011, 0.53918, 0.4001703, 1
0.5061062, 0.5337905, 0.5530192, 1
0.5796041, 0.543984, 0.6696355, 1
0.5369789, 0.5258763, 0.4758838, 1
0.4807915, 0.539434, 0.4134205, 1
0.6557611, 0.519716, 0.6341543, 1
0.4167711, 0.5455198, 0.3317168, 1
0.5535005, 0.5238781, 0.561758, 1
0.3055923, 0.5070117, 0.2872172, 1
0.4798347, 0.5392557, 0.4062495, 1
0.4014535, 0.5359689, 0.2805623, 1
0.5525751, 0.5304265, 0.6295897, 1
0.3379704, 0.5306538, 0.2930887, 1
0.6547769, 0.5081698, 0.5929958, 1
0.512857, 0.5333364, 0.5569795, 1
0.6249954, 0.5061719, 0.5799448, 1
0.4486679, 0.5392119, 0.4028573, 1
0.3886267, 0.5450665, 0.3632276, 1
0.6501514, 0.5466467, 0.7247242, 1
0.4563753, 0.5364877, 0.4411951, 1
0.6162784, 0.514843, 0.6076693, 1
0.5963021, 0.5440922, 0.6894735, 1
0.3925762, 0.5442688, 0.3056508, 1
0.3534375, 0.5352075, 0.3027335, 1
0.4298659, 0.5324522, 0.4437733, 1
0.6449507, 0.5271223, 0.6377079, 1
0.5182421, 0.5246403, 0.4934435, 1
0.3358687, 0.5042958, 0.2183356, 1
0.4418943, 0.5383891, 0.4010713, 1
0.6362845, 0.5291184, 0.6365227, 1
0.5599408, 0.5208064, 0.5284156, 1
0.5869521, 0.5340558, 0.6399387, 1
0.6254591, 0.5429875, 0.6623096, 1
0.3426642, 0.5303807, 0.2910049, 1
0.4964455, 0.5331536, 0.4377104, 1
0.4871237, 0.5298964, 0.5030583, 1
0.4301715, 0.531174, 0.4516312, 1
0.3863415, 0.5450944, 0.3346155, 1
0.2816624, 0.4958688, 0.1647968, 1
0.6132746, 0.5290205, 0.636483, 1
0.2910431, 0.4967835, 0.2337411, 1
0.3841196, 0.5458816, 0.3647643, 1
0.4229347, 0.5330914, 0.4396586, 1
0.6432381, 0.5297149, 0.6399745, 1
0.3056638, 0.4970943, 0.2633686, 1
0.5498919, 0.5192747, 0.5035086, 1
0.5168955, 0.5257067, 0.4602088, 1
0.5289651, 0.5266553, 0.4659492, 1
0.3737653, 0.5416188, 0.3592182, 1
0.597725, 0.5447595, 0.6885723, 1
0.4770171, 0.5452468, 0.3771012, 1
0.5682086, 0.5181028, 0.5872932, 1
0.6278557, 0.535192, 0.6523081, 1
0.5572304, 0.5210783, 0.5282611, 1
0.6150753, 0.5123881, 0.6045429, 1
0.5545627, 0.5242541, 0.542365, 1
0.6331626, 0.5444859, 0.6928295, 1
0.3442138, 0.5331546, 0.3366028, 1
0.4075475, 0.5425094, 0.3792472, 1
0.6829897, 0.5178117, 0.6317436, 1
0.394931, 0.5334569, 0.2765689, 1
0.5667619, 0.5221033, 0.5727382, 1
0.4435363, 0.5398793, 0.3962122, 1
0.3070228, 0.503338, 0.2846255, 1
0.257268, 0.5110044, 0.2117627, 1
0.6249977, 0.5275906, 0.6371204, 1
0.5951524, 0.5299361, 0.6286631, 1
0.3866254, 0.5440463, 0.3525035, 1
0.4810455, 0.533917, 0.4700452, 1
0.5802112, 0.5270963, 0.5505118, 1
0.4272343, 0.5437531, 0.3667679, 1
0.6823609, 0.4955927, 0.7381198, 1
0.6192202, 0.5062194, 0.5926099, 1
0.2651556, 0.487251, 0.182303, 1
0.4788181, 0.5352682, 0.4648153, 1
0.5451472, 0.5225237, 0.4902641, 1
0.5275999, 0.5267428, 0.4644069, 1
0.6052397, 0.545734, 0.6890797, 1
0.6274311, 0.5448436, 0.6864861, 1
0.5044158, 0.5308379, 0.5699241, 1
0.3150907, 0.5143348, 0.286007, 1
0.2698826, 0.4823713, 0.2212696, 1
0.6978617, 0.5127482, 0.7321305, 1
0.2752174, 0.4936008, 0.2365091, 1
0.2605315, 0.5051621, 0.1824658, 1
0.3063645, 0.5011996, 0.2261156, 1
0.510456, 0.5273317, 0.4482936, 1
0.5964241, 0.5187936, 0.6171126, 1
0.4130172, 0.5418443, 0.2943781, 1
0.4437963, 0.5399257, 0.3959882, 1
0.4689283, 0.5383923, 0.4299523, 1
0.288357, 0.5292295, 0.2033339, 1
0.4939181, 0.5329811, 0.5371699, 1
0.4139818, 0.5452892, 0.3398431, 1
0.3542772, 0.5148521, 0.2721115, 1
0.4452333, 0.5408393, 0.392726, 1
0.3609438, 0.5199204, 0.2766601, 1
0.2591364, 0.4916252, 0.2211576, 1
0.5695041, 0.5208073, 0.5789086, 1
0.6217443, 0.5075902, 0.5776498, 1
0.3429286, 0.5100375, 0.201605, 1
0.6166503, 0.5423235, 0.6932141, 1
0.6843005, 0.533997, 0.6816863, 1
0.51665, 0.5270219, 0.5771967, 1
0.323669, 0.5101786, 0.2801355, 1
0.5563185, 0.5308062, 0.6418022, 1
0.4631899, 0.5368608, 0.4568501, 1
0.4945903, 0.5396689, 0.4046512, 1
0.4337014, 0.54625, 0.356598, 1
0.4019797, 0.5467685, 0.322768, 1
0.6265038, 0.5461933, 0.6704889, 1
0.3225489, 0.5111581, 0.2440079, 1
0.5075287, 0.5249245, 0.4704002, 1
0.3247232, 0.5257477, 0.2886615, 1
0.3044123, 0.5078982, 0.217639, 1
0.4529308, 0.545364, 0.3633407, 1
0.2893186, 0.4958583, 0.2697579, 1
0.4517834, 0.5422054, 0.3847362, 1
0.4038638, 0.5436853, 0.3827384, 1
0.507192, 0.524841, 0.4710202, 1
0.6310369, 0.5493668, 0.7206798, 1
0.5703919, 0.5199317, 0.5821145, 1
0.3563392, 0.5232348, 0.2789772, 1
0.2662233, 0.5104873, 0.1914195, 1
0.4565227, 0.5358171, 0.4931946, 1
0.5407608, 0.5248812, 0.5975338, 1
0.6689777, 0.5399129, 0.7307591, 1
0.673573, 0.5372378, 0.7354047, 1
0.596672, 0.5370169, 0.6469626, 1
0.4294344, 0.5454524, 0.3393386, 1
0.5086799, 0.5265038, 0.5034158, 1
0.5461621, 0.5200452, 0.5158405, 1
0.4822145, 0.5306406, 0.4830878, 1
0.3535827, 0.5269605, 0.2826264, 1
0.4797794, 0.5350317, 0.4645849, 1
0.6433393, 0.5273852, 0.6367444, 1
0.3141817, 0.4868076, 0.1868259, 1
0.5646208, 0.5208762, 0.620324, 1
0.5293519, 0.5265453, 0.5973467, 1
0.3878194, 0.5429911, 0.3951881, 1
0.4219025, 0.5441823, 0.3212825, 1
0.311742, 0.5114989, 0.2387368, 1
0.6502237, 0.5506747, 0.6951855, 1
0.5256013, 0.5271913, 0.4455338, 1
0.291593, 0.5093312, 0.1760977, 1
0.6346148, 0.5472125, 0.6834494, 1
0.4362431, 0.5326029, 0.4621274, 1
0.4592921, 0.5420951, 0.3833267, 1
0.6567956, 0.5141263, 0.6269611, 1
0.3602442, 0.5161306, 0.2701045, 1
0.5807717, 0.5326365, 0.6431755, 1
0.6626992, 0.5321783, 0.6535204, 1
0.5779187, 0.5262741, 0.5606403, 1
0.353193, 0.5348075, 0.3104031, 1
0.3199765, 0.5136366, 0.2300829, 1
0.5479552, 0.5192865, 0.5132381, 1
0.4766324, 0.5379087, 0.4423527, 1
0.6760228, 0.5102247, 0.7469392, 1
0.4193167, 0.5420737, 0.3731209, 1
0.5983427, 0.5160798, 0.6148845, 1
0.5221474, 0.5260837, 0.5753542, 1
0.6933607, 0.5249683, 0.7315041, 1
0.4363325, 0.5444189, 0.323998, 1
0.574083, 0.5262643, 0.5502661, 1
0.4272145, 0.5325872, 0.4286449, 1
0.3622576, 0.5281043, 0.282094, 1
0.5549992, 0.519217, 0.594335, 1
0.5001019, 0.530117, 0.4462407, 1
0.6268089, 0.5276062, 0.6354101, 1
0.4067746, 0.543289, 0.3001304, 1
0.4808487, 0.5398609, 0.4199427, 1
0.4789625, 0.5395021, 0.4174089, 1
0.6249214, 0.5470094, 0.6747267, 1
0.433592, 0.5398373, 0.3867007, 1
0.4657628, 0.5404726, 0.3941709, 1
0.4032034, 0.5305815, 0.2706372, 1
0.5633957, 0.5201834, 0.5277876, 1
0.5614429, 0.5217125, 0.5769575, 1
0.614423, 0.5470842, 0.679523, 1
0.2478702, 0.5049692, 0.2210107, 1
0.6695845, 0.509837, 0.6235842, 1
0.4947546, 0.5262218, 0.4714917, 1
0.2820202, 0.5088004, 0.2283837, 1
0.6531145, 0.5103635, 0.6217881, 1
0.3285033, 0.5034188, 0.2708125, 1
0.4051165, 0.5419023, 0.3670792, 1
0.3422416, 0.5074449, 0.2631263, 1
0.4497807, 0.5354557, 0.444281, 1
0.6625897, 0.5052384, 0.7534106, 1
0.6288822, 0.5426091, 0.6627318, 1
0.3149996, 0.4994616, 0.2438917, 1
0.4864354, 0.5288039, 0.4778928, 1
0.4823169, 0.5316952, 0.479054, 1
0.4307801, 0.5316096, 0.4700696, 1
0.6469363, 0.5503123, 0.6901299, 1
0.2924648, 0.5058141, 0.1759078, 1
0.619863, 0.5132163, 0.5686111, 1
0.5076132, 0.5326377, 0.5344402, 1
0.5616603, 0.5159405, 0.6018894, 1
0.3541642, 0.5351263, 0.3125785, 1
0.5805053, 0.526954, 0.5545407, 1
0.4098172, 0.540748, 0.3690521, 1
0.3523097, 0.5141577, 0.2721072, 1
0.5447129, 0.5255242, 0.5573949, 1
0.4088695, 0.5435942, 0.3550701, 1
0.328155, 0.5020846, 0.2539528, 1
0.2838649, 0.4869362, 0.2164632, 1
0.4886856, 0.5306039, 0.5153859, 1
0.502474, 0.5393208, 0.4060323, 1
0.6134351, 0.512828, 0.572664, 1
0.5868386, 0.5313859, 0.6343617, 1
0.3109941, 0.5079054, 0.2549676, 1
0.5241563, 0.5241365, 0.485348, 1
0.553398, 0.5243285, 0.5428507, 1
0.3262331, 0.5116127, 0.2801768, 1
0.3273226, 0.505093, 0.2356724, 1
0.6608811, 0.5323909, 0.6525926, 1
0.4800424, 0.5480252, 0.3701009, 1
0.3783542, 0.5274469, 0.2784803, 1
0.2735179, 0.5158517, 0.2211183, 1
0.3969071, 0.5461985, 0.3173707, 1
0.2703758, 0.4745049, 0.1985102, 1
0.2684374, 0.4933676, 0.2390372, 1
0.580759, 0.526966, 0.5543323, 1
0.4542252, 0.5376098, 0.4237456, 1
0.6638007, 0.5404963, 0.7201403, 1
0.4912703, 0.5283759, 0.4995272, 1
0.3688104, 0.5361629, 0.2945618, 1
0.4178594, 0.5334579, 0.4211922, 1
0.5087385, 0.5300801, 0.4367751, 1
0.4531775, 0.5436161, 0.3741571, 1
0.4094289, 0.5414866, 0.3817989, 1
0.3655201, 0.5372715, 0.301276, 1
0.5134645, 0.5290067, 0.4416429, 1
0.6033502, 0.5397137, 0.694212, 1
0.6784114, 0.5345135, 0.6713268, 1
0.6120866, 0.5278545, 0.628405, 1
0.4103975, 0.5326971, 0.4294188, 1
0.3563359, 0.5152318, 0.2717048, 1
0.6466793, 0.5497763, 0.7461523, 1
0.4651752, 0.5363761, 0.4650708, 1
0.4798472, 0.5394779, 0.414585, 1
0.4611182, 0.5451102, 0.3649739, 1
0.5007846, 0.5335396, 0.5263485, 1
0.6021208, 0.5363596, 0.6504232, 1
0.5441791, 0.5247816, 0.5752581, 1
0.3255697, 0.5200127, 0.200014, 1
0.7033908, 0.5240592, 0.6718279, 1
0.5341172, 0.5291256, 0.4550608, 1
0.4224539, 0.5434095, 0.3686785, 1
0.4514762, 0.5372708, 0.4183802, 1
0.3401994, 0.5048833, 0.1974336, 1
0.3485141, 0.5336797, 0.3246233, 1
0.5636273, 0.5241645, 0.5595654, 1
0.2473542, 0.5046587, 0.2136277, 1
0.5071823, 0.5282575, 0.5139357, 1
0.6541911, 0.5030736, 0.6066653, 1
0.542358, 0.5200399, 0.5112668, 1
0.5805676, 0.5260175, 0.5400146, 1
0.6212643, 0.5059518, 0.5903325, 1
0.5232651, 0.5253428, 0.5127224, 1
0.5104432, 0.5292865, 0.574745, 1
0.3001697, 0.5191087, 0.2051561, 1
0.6045795, 0.5073095, 0.5949535, 1
0.4591937, 0.5354274, 0.482362, 1
0.5948743, 0.5349621, 0.6386515, 1
0.4597748, 0.537719, 0.4267325, 1
0.3356162, 0.5104558, 0.2131324, 1
0.569055, 0.5205753, 0.5809892, 1
0.6417551, 0.5453379, 0.6679996, 1
0.6492412, 0.5492107, 0.7067111, 1
0.5782779, 0.519322, 0.6231895, 1
0.7033104, 0.5248128, 0.724394, 1
0.6111594, 0.5405759, 0.6944162, 1
0.5637202, 0.5269183, 0.4921679, 1
0.481596, 0.5396782, 0.4303214, 1
0.6650652, 0.5439125, 0.7122885, 1
0.4735917, 0.5418164, 0.3954025, 1
0.5685754, 0.5245343, 0.5628068, 1
0.3249111, 0.5203958, 0.2842998, 1
0.5404103, 0.5216087, 0.5173909, 1
0.695316, 0.5286399, 0.6980469, 1
0.3928938, 0.5367537, 0.2868505, 1
0.3665635, 0.5374196, 0.3019032, 1
0.3331411, 0.5029854, 0.2359177, 1
0.524919, 0.5241969, 0.5059582, 1
0.523046, 0.530539, 0.5616597, 1
0.3848147, 0.5450597, 0.3469529, 1
0.5801392, 0.5221793, 0.5239224, 1
0.5568853, 0.5205564, 0.6110413, 1
0.4109713, 0.5428172, 0.3629065, 1
0.5142704, 0.531562, 0.5410663, 1
0.3632706, 0.5084392, 0.218882, 1
0.5144028, 0.5326914, 0.5616035, 1
0.5436373, 0.5252965, 0.5488158, 1
0.4686644, 0.5415593, 0.3905316, 1
0.4107529, 0.5438001, 0.3526812, 1
0.4750011, 0.5395187, 0.4072621, 1
0.3182023, 0.4939287, 0.2011519, 1
0.6641034, 0.5361804, 0.6626914, 1
0.4680399, 0.5374342, 0.445355, 1
0.2968316, 0.495142, 0.2780973, 1
0.5135664, 0.5248865, 0.490468, 1
0.6731384, 0.5160505, 0.7494037, 1
0.3600157, 0.534452, 0.3339416, 1
0.3219139, 0.5005435, 0.226033, 1
0.2746184, 0.5005288, 0.2486075, 1
0.351785, 0.5139794, 0.2723793, 1
0.6437712, 0.5073496, 0.6115775, 1
0.3908605, 0.5459569, 0.3432524, 1
0.4690298, 0.5301906, 0.5042314, 1
0.3660012, 0.5181242, 0.2654044, 1
0.5674286, 0.5150595, 0.6080515, 1
0.4445662, 0.5345379, 0.4501688, 1
0.4470206, 0.5371205, 0.4231598, 1
0.4778786, 0.5397741, 0.4232938, 1
0.4887019, 0.5331188, 0.4533862, 1
0.3934284, 0.542972, 0.3005683, 1
0.4689375, 0.5413998, 0.3926132, 1
0.5819263, 0.5180529, 0.6208612, 1
0.39893, 0.5422971, 0.2964077, 1
0.3431261, 0.5076444, 0.2617096, 1
0.4816879, 0.5367524, 0.445933, 1
0.2600135, 0.5234225, 0.2077747, 1
0.2998675, 0.4968501, 0.2258323, 1
0.291802, 0.4752054, 0.1869449, 1
0.4924429, 0.5278214, 0.4693077, 1
0.3659778, 0.508296, 0.2171871, 1
0.6243564, 0.5413641, 0.6605455, 1
0.2838079, 0.4729328, 0.1968908, 1
0.3477305, 0.5057011, 0.2477816, 1
0.2887995, 0.4968835, 0.2575222, 1
0.4650888, 0.5382685, 0.4265196, 1
0.5214944, 0.5303041, 0.4332436, 1
0.3770426, 0.5395622, 0.299001, 1
0.6133866, 0.5116169, 0.5778021, 1
0.5395689, 0.5269682, 0.4727808, 1
0.4685709, 0.5362885, 0.467496, 1
0.4803464, 0.5397335, 0.427907, 1
0.368846, 0.5264055, 0.2806062, 1
0.6219639, 0.50717, 0.5955676, 1
0.660651, 0.5465034, 0.7036359, 1
0.6716582, 0.53783, 0.7405493, 1
0.5179703, 0.5266373, 0.5771197, 1
0.3528052, 0.5330111, 0.3278805, 1
0.4688612, 0.5347398, 0.5235205, 1
0.4704619, 0.5434765, 0.381517, 1
0.4639808, 0.5466771, 0.3458441, 1
0.6367303, 0.5512272, 0.7230307, 1
0.4823856, 0.5317674, 0.4773774, 1
0.4142966, 0.5439856, 0.3094959, 1
0.5241397, 0.5254776, 0.5152906, 1
0.5060689, 0.5262461, 0.4567845, 1
0.460705, 0.5377854, 0.4270853, 1
0.4863639, 0.5288933, 0.4777682, 1
0.5761752, 0.5245419, 0.5360081, 1
0.5609106, 0.5295518, 0.6434572, 1
0.5777721, 0.5424905, 0.6606349, 1
0.6083784, 0.5470825, 0.6796037, 1
0.455886, 0.5452614, 0.3629663, 1
0.3988899, 0.5456936, 0.3759059, 1
0.5877064, 0.5380523, 0.6476726, 1
0.6159844, 0.5245557, 0.6226565, 1
0.2915011, 0.5005491, 0.2144231, 1
0.4560333, 0.5466492, 0.3461025, 1
0.4216274, 0.5438963, 0.3114036, 1
0.6302238, 0.5189487, 0.6166263, 1
0.4959364, 0.5335538, 0.4350851, 1
0.389926, 0.5441696, 0.3613308, 1
0.3402617, 0.5041597, 0.2512293, 1
0.3251828, 0.5004962, 0.2195893, 1
0.4283655, 0.5454411, 0.3531148, 1
0.2527931, 0.4961255, 0.1942069, 1
0.3803532, 0.5375547, 0.2918898, 1
0.3654572, 0.5225219, 0.2781005, 1
0.4916251, 0.5412591, 0.3969277, 1
0.5395933, 0.5267655, 0.5542457, 1
0.553082, 0.5242181, 0.5549045, 1
0.3467535, 0.5051747, 0.2441218, 1
0.4910619, 0.5346316, 0.4409873, 1
0.5418841, 0.5307496, 0.4624527, 1
0.4032361, 0.5471079, 0.3315888, 1
0.4455768, 0.5437947, 0.3735806, 1
0.5844147, 0.5141841, 0.5791207, 1
0.4516424, 0.5359678, 0.452364, 1
0.451076, 0.5465699, 0.352249, 1
0.2624233, 0.4716289, 0.1977367, 1
0.5202844, 0.524657, 0.502481, 1
0.5630762, 0.5291854, 0.6428189, 1
0.3827583, 0.5341988, 0.2852328, 1
0.3128361, 0.5029181, 0.2810016, 1
0.6916965, 0.5343034, 0.7130181, 1
0.2571156, 0.4998845, 0.2420728, 1
0.4348044, 0.5323233, 0.4531119, 1
0.6933214, 0.5216703, 0.7335975, 1
0.3386627, 0.5215511, 0.2823593, 1
0.4418253, 0.543819, 0.3218023, 1
0.5977125, 0.5092911, 0.5952684, 1
0.5385843, 0.5221331, 0.4967925, 1
0.4997222, 0.5390985, 0.3994952, 1
0.2711026, 0.5300156, 0.1977337, 1
0.5881353, 0.5417287, 0.6543571, 1
0.2500158, 0.4684053, 0.2019119, 1
0.5244761, 0.5258452, 0.5742525, 1
0.4393677, 0.5316016, 0.4723097, 1
0.445224, 0.5397455, 0.4035417, 1
0.3548028, 0.5139276, 0.2038019, 1
0.3717956, 0.5399266, 0.3053221, 1
0.3244181, 0.502783, 0.273463, 1
0.3432628, 0.508236, 0.2657842, 1
0.3713434, 0.5390562, 0.3245268, 1
0.3089212, 0.4864648, 0.1850125, 1
0.4785843, 0.5317621, 0.4869436, 1
0.5155886, 0.5301771, 0.5259007, 1
0.6474483, 0.5111971, 0.6195046, 1
0.2810239, 0.5014375, 0.1638951, 1
0.4527294, 0.5353627, 0.4954138, 1
0.5637419, 0.538668, 0.6603628, 1
0.4813961, 0.5314995, 0.5273494, 1
0.5985582, 0.5135351, 0.6124976, 1
0.3897827, 0.5430551, 0.3038203, 1
0.4757827, 0.5394279, 0.4228065, 1
0.5552514, 0.5237373, 0.6140737, 1
0.4076813, 0.5424492, 0.3774107, 1
0.5673407, 0.5142365, 0.5997535, 1
0.292534, 0.4864778, 0.171581, 1
0.3887695, 0.5438353, 0.3932068, 1
0.4028223, 0.5440795, 0.3728954, 1
0.5904608, 0.5107001, 0.5956084, 1
0.4931413, 0.5272347, 0.4938096, 1
0.5873995, 0.5256097, 0.5396609, 1
0.5632117, 0.5243279, 0.5586987, 1
0.4800423, 0.5321071, 0.4835494, 1
0.4080494, 0.5415211, 0.3852757, 1
0.3914215, 0.5411507, 0.2965952, 1
0.34868, 0.5281628, 0.2852382, 1
0.4198265, 0.5421341, 0.3742579, 1
0.4044777, 0.5422795, 0.3674428, 1
0.5413437, 0.5229692, 0.5202925, 1
0.5510242, 0.5188917, 0.5062838, 1
0.6620547, 0.5335279, 0.6552091, 1
0.6838174, 0.5186321, 0.7408015, 1
0.655339, 0.5338384, 0.6514596, 1
0.3698853, 0.534611, 0.2900013, 1
0.3327916, 0.5066414, 0.2729847, 1
0.5060932, 0.5329322, 0.5338436, 1
0.6711841, 0.5405888, 0.7160636, 1
0.4714907, 0.5311303, 0.5125428, 1
0.4016751, 0.5306204, 0.4131992, 1
0.4721224, 0.5471895, 0.367442, 1
0.5453399, 0.5335928, 0.6309492, 1
0.5077295, 0.5246782, 0.4742829, 1
0.3127739, 0.4938396, 0.1822314, 1
0.335747, 0.531503, 0.311718, 1
0.5867354, 0.5265929, 0.5440676, 1
0.6591594, 0.5462582, 0.6893651, 1
0.5901446, 0.5238014, 0.5613534, 1
0.2620291, 0.5085363, 0.2116254, 1
0.3900975, 0.5392198, 0.4023864, 1
0.5482893, 0.524786, 0.5759066, 1
0.3124296, 0.4971469, 0.2668818, 1
0.3650602, 0.5379948, 0.3095436, 1
0.6226355, 0.5430595, 0.7102433, 1
0.5705705, 0.5150722, 0.5909518, 1
0.3732311, 0.5447729, 0.3660499, 1
0.6614338, 0.5462674, 0.7043734, 1
0.5331452, 0.5245296, 0.4864664, 1
0.4612272, 0.5368422, 0.4499959, 1
0.4664579, 0.5379255, 0.4309128, 1
0.5357821, 0.5230231, 0.4954186, 1
0.3783328, 0.5434361, 0.3497285, 1
0.27716, 0.4987403, 0.2356706, 1
0.3083226, 0.4914365, 0.2031735, 1
0.4079772, 0.5433792, 0.3013895, 1
0.2482708, 0.510479, 0.205943, 1
0.5250217, 0.534208, 0.6007027, 1
0.336375, 0.5035241, 0.2292006, 1
0.275398, 0.5207328, 0.1827695, 1
0.5611615, 0.5217776, 0.5308311, 1
0.5677705, 0.5243005, 0.6274406, 1
0.5849937, 0.5104685, 0.5902694, 1
0.3378374, 0.5067606, 0.2697511, 1
0.6553497, 0.5097705, 0.7571653, 1
0.3150704, 0.5286567, 0.2959692, 1
0.7084031, 0.4997807, 0.7253235, 1
0.506029, 0.5246542, 0.4777199, 1
0.4663857, 0.5373156, 0.4487668, 1
0.3573354, 0.5355358, 0.3457136, 1
0.2588469, 0.4599955, 0.1861865, 1
0.4791618, 0.5419182, 0.3970025, 1
0.2813581, 0.5000528, 0.2623959, 1
0.2993766, 0.4980195, 0.2404424, 1
0.4401493, 0.5421397, 0.3824536, 1
0.5717223, 0.519163, 0.6223523, 1
0.6425798, 0.5373377, 0.6568668, 1
0.4604464, 0.5361221, 0.4890262, 1
0.5070494, 0.525951, 0.4579242, 1
0.2967774, 0.5081514, 0.2224289, 1
0.6539032, 0.52534, 0.6406332, 1
0.4459957, 0.5450063, 0.3676461, 1
0.6485205, 0.5252908, 0.6384428, 1
0.4415204, 0.5387027, 0.4088723, 1
0.377466, 0.523208, 0.2699857, 1
0.6282391, 0.5143379, 0.6098818, 1
0.4686569, 0.5392303, 0.4151661, 1
0.4919614, 0.5337973, 0.522509, 1
0.4278162, 0.54422, 0.3103311, 1
0.4521508, 0.53592, 0.4438473, 1
0.6746003, 0.5381275, 0.7290584, 1
0.4286297, 0.5440243, 0.3049892, 1
0.3289894, 0.5177609, 0.2822537, 1
0.4590714, 0.5465806, 0.3511122, 1
0.4076823, 0.5321348, 0.4349165, 1
0.30294, 0.5202938, 0.219359, 1
0.4749836, 0.538856, 0.4326012, 1
0.3814748, 0.532926, 0.2836801, 1
0.5723903, 0.5264536, 0.5020419, 1
0.5289378, 0.5250176, 0.5179753, 1
0.3300813, 0.5026548, 0.2630071, 1
0.4991551, 0.5283175, 0.456291, 1
0.4727266, 0.5370718, 0.4570052, 1
0.3945574, 0.5463974, 0.325136, 1
0.2742748, 0.5117223, 0.212256, 1
0.6164224, 0.5430009, 0.6925913, 1
0.4276603, 0.5354061, 0.4167357, 1
0.650634, 0.5090266, 0.6183022, 1
0.3446959, 0.5330869, 0.2974171, 1
0.5421436, 0.5343097, 0.626938, 1
0.6540875, 0.5491654, 0.7032076, 1
0.5456537, 0.5240919, 0.5871749, 1
0.2656336, 0.4873745, 0.2146205, 1
0.5471578, 0.5284821, 0.4730354, 1
0.6139395, 0.53111, 0.6435442, 1
0.5398139, 0.5216631, 0.4990199, 1
0.5763699, 0.5147088, 0.6110326, 1
0.6035199, 0.5321833, 0.6354185, 1
0.4071735, 0.5434943, 0.3017869, 1
0.3298238, 0.5065545, 0.2744625, 1
0.3012412, 0.5026292, 0.2870102, 1
0.3630707, 0.5171902, 0.263152, 1
0.5582085, 0.5201334, 0.5883205, 1
0.3641717, 0.5314876, 0.2855914, 1
0.2909707, 0.5006538, 0.1891333, 1
0.4089607, 0.5414441, 0.3729893, 1
0.4883901, 0.5433893, 0.3856049, 1
0.4801099, 0.5464333, 0.3750004, 1
0.5039474, 0.524792, 0.4723881, 1
0.459622, 0.5414343, 0.3869229, 1
0.2847519, 0.495319, 0.2157218, 1
0.3368681, 0.5037379, 0.2351723, 1
0.4925649, 0.5402597, 0.4202698, 1
0.4708647, 0.5338846, 0.4893391, 1
0.3900755, 0.5446069, 0.309101, 1
0.5411459, 0.5237626, 0.4874514, 1
0.5316133, 0.52813, 0.4630912, 1
0.3690552, 0.5197837, 0.2548288, 1
0.3186521, 0.5161259, 0.1898936, 1
0.3751928, 0.5225989, 0.2548248, 1
0.513694, 0.5300547, 0.4334791, 1
0.606096, 0.5298417, 0.6298404, 1
0.4971036, 0.525349, 0.4718214, 1
0.5303339, 0.5259551, 0.4709732, 1
0.6044278, 0.527728, 0.6256238, 1
0.3869167, 0.5451139, 0.3189268, 1
0.5130969, 0.5250629, 0.4878784, 1
0.5761738, 0.5262877, 0.5484391, 1
0.4238613, 0.5454755, 0.3524765, 1
0.3453581, 0.5093392, 0.2642651, 1
0.2927784, 0.4946439, 0.2798262, 1
0.3948, 0.5467346, 0.3410216, 1
0.5223053, 0.5303783, 0.4329345, 1
0.5407299, 0.5265528, 0.5561722, 1
0.3435451, 0.5055938, 0.2531306, 1
0.3988021, 0.5456229, 0.374518, 1
0.2840051, 0.5055732, 0.1796126, 1
0.4251617, 0.5447728, 0.3412373, 1
0.4393975, 0.5447166, 0.367946, 1
0.5816492, 0.5207894, 0.5099432, 1
0.3491924, 0.5136564, 0.2740079, 1
0.4177039, 0.5449942, 0.3502896, 1
0.6329148, 0.5502756, 0.7225652, 1
0.453163, 0.537285, 0.4302371, 1
0.6048193, 0.5123444, 0.6076793, 1
0.3012775, 0.5275742, 0.2038609, 1
0.6257458, 0.5457336, 0.7157166, 1
0.6252207, 0.5225441, 0.6221937, 1
0.5006799, 0.5317773, 0.5189974, 1
0.5828122, 0.5268713, 0.5467426, 1
0.4335557, 0.5319247, 0.4574061, 1
0.6379854, 0.5279725, 0.63388, 1
0.6068199, 0.5339428, 0.6470783, 1
0.4078532, 0.5408055, 0.3880135, 1
0.248435, 0.4751378, 0.1984309, 1
0.5095058, 0.5304824, 0.4327125, 1
0.4023884, 0.5402205, 0.394562, 1
0.3098825, 0.5084239, 0.2062492, 1
0.3526863, 0.5075945, 0.2090739, 1
0.3994119, 0.5434435, 0.3004303, 1
0.3080537, 0.4968861, 0.2180301, 1
0.5474896, 0.5244818, 0.5789089, 1
0.6658579, 0.5350285, 0.6613982, 1
0.6103573, 0.5316943, 0.6430035, 1
0.6364434, 0.551766, 0.7318965, 1
0.357906, 0.5331316, 0.289877, 1
0.5064219, 0.5256295, 0.4621443, 1
0.3797392, 0.5428579, 0.314996, 1
0.6876928, 0.5322638, 0.6953897, 1
0.4966607, 0.5333873, 0.4360922, 1
0.5866753, 0.5269297, 0.5488333, 1
0.3512412, 0.5346288, 0.3345869, 1
0.2801108, 0.4981544, 0.1609886, 1
0.511449, 0.5286804, 0.5176461, 1
0.6105209, 0.5400674, 0.6947035, 1
0.4925938, 0.5255314, 0.4796629, 1
0.3294551, 0.5026572, 0.2231093, 1
0.3570506, 0.5272563, 0.2818562, 1
0.448894, 0.5371051, 0.4236999, 1
0.4471776, 0.5385524, 0.4075768, 1
0.2914251, 0.5083658, 0.1890837, 1
0.2627881, 0.4893605, 0.2077382, 1
0.5709097, 0.5252792, 0.5457407, 1
0.4126976, 0.5378327, 0.3903824, 1
0.7138597, 0.5213869, 0.7189617, 1
0.369125, 0.5306422, 0.2843564, 1
0.5894297, 0.5250827, 0.539409, 1
0.6852513, 0.5258294, 0.6497435, 1
0.381687, 0.5203035, 0.2380687, 1
0.6588042, 0.5339179, 0.7562436, 1
0.572418, 0.5242383, 0.5374491, 1
0.6473899, 0.5477735, 0.6784696, 1
0.675518, 0.5181618, 0.7466437, 1
0.4893172, 0.5324402, 0.4551422, 1
0.4411477, 0.5417793, 0.3847518, 1
0.469854, 0.5436673, 0.3806454, 1
0.5416182, 0.5286426, 0.4698525, 1
0.5854636, 0.5343273, 0.6416711, 1
0.5230122, 0.5247394, 0.4747132, 1
0.5045912, 0.5263986, 0.4574119, 1
0.5188429, 0.5296342, 0.5269575, 1
0.3898682, 0.5400853, 0.2947183, 1
0.3424614, 0.5255888, 0.2838275, 1
0.4811993, 0.5439524, 0.3796939, 1
0.471292, 0.5387358, 0.4286938, 1
0.3058215, 0.4963945, 0.273577, 1
0.5015728, 0.5336205, 0.5482922, 1
0.3195093, 0.5009366, 0.2734392, 1
0.4039267, 0.5424975, 0.3625034, 1
0.6622919, 0.5413452, 0.7394485, 1
0.2377564, 0.4819075, 0.2033567, 1
0.2776048, 0.4738945, 0.2035207, 1
0.2983233, 0.5017015, 0.2238212, 1
0.4877997, 0.532688, 0.5474797, 1
0.5424335, 0.5266469, 0.5626202, 1
0.699146, 0.5317813, 0.7123817, 1
0.6814742, 0.535344, 0.7208496, 1
0.6655983, 0.5128292, 0.6260796, 1
0.5050621, 0.5311261, 0.5191129, 1
0.4054143, 0.5413011, 0.2938573, 1
0.4047823, 0.5435832, 0.3758244, 1
0.6797126, 0.5327231, 0.7351136, 1
0.3522505, 0.5332443, 0.3481898, 1
0.5098552, 0.5253206, 0.4952736, 1
0.5491626, 0.5224044, 0.525306, 1
0.7101445, 0.5278949, 0.6879208, 1
0.5442196, 0.5226503, 0.5212907, 1
0.3695505, 0.5369745, 0.2965035, 1
0.6010721, 0.5140418, 0.5705616, 1
0.4253504, 0.5361087, 0.4016686, 1
0.2591775, 0.4790254, 0.1779595, 1
0.354454, 0.5339359, 0.3331521, 1
0.3857686, 0.5320461, 0.2810383, 1
0.3404144, 0.5321483, 0.2970982, 1
0.5967425, 0.5092776, 0.5977131, 1
0.4799269, 0.5388098, 0.4353825, 1
0.3725979, 0.5468813, 0.3716469, 1
0.5948197, 0.52463, 0.5469903, 1
0.2942751, 0.4976428, 0.2439615, 1
0.5441454, 0.5262365, 0.563652, 1
0.5562247, 0.5189732, 0.5929859, 1
0.621446, 0.5381067, 0.6575013, 1
0.4138073, 0.5427598, 0.3624183, 1
0.2899878, 0.4877785, 0.1871637, 1
0.4178128, 0.5449554, 0.348159, 1
0.5098179, 0.5297381, 0.5192739, 1
0.4885443, 0.5336435, 0.4508014, 1
0.5277027, 0.5291954, 0.4409178, 1
0.4851414, 0.5313938, 0.5169812, 1
0.634133, 0.505474, 0.5970714, 1
0.4815644, 0.5410558, 0.4003137, 1
0.3717253, 0.5370219, 0.2948031, 1
0.6238568, 0.5169654, 0.6118974, 1
0.4549449, 0.5397249, 0.3936261, 1
0.3702995, 0.5444943, 0.3664063, 1
0.5651391, 0.5363727, 0.6658812, 1
0.4104326, 0.5442436, 0.3084296, 1
0.2933272, 0.4898977, 0.2019272, 1
0.3962338, 0.5434311, 0.362142, 1
0.2588634, 0.4972887, 0.2391553, 1
0.3594963, 0.535816, 0.3140346, 1
0.5336858, 0.522055, 0.5054214, 1
0.5697082, 0.5258424, 0.5511074, 1
0.6435101, 0.5225636, 0.6312747, 1
0.6324841, 0.5140907, 0.6115297, 1
0.4829342, 0.5296968, 0.4834668, 1
0.7089138, 0.5262616, 0.714958, 1
0.5561017, 0.5183125, 0.595839, 1
0.5467599, 0.5292549, 0.4713339, 1
0.5232671, 0.5280152, 0.5282028, 1
0.484279, 0.5423045, 0.3948914, 1
0.6222561, 0.5209251, 0.6175656, 1
0.3023458, 0.521951, 0.1886909, 1
0.4231621, 0.5316715, 0.4464082, 1
0.2959032, 0.5187074, 0.2353798, 1
0.3593228, 0.5343338, 0.3345383, 1
0.4307038, 0.5374766, 0.3964465, 1
0.4261592, 0.5439188, 0.3125911, 1
0.4443913, 0.5454078, 0.365374, 1
0.5753688, 0.5255225, 0.5428584, 1
0.6164168, 0.5355337, 0.6558501, 1
0.3104887, 0.4975786, 0.2192238, 1
0.3438516, 0.5278529, 0.2859374, 1
0.5678207, 0.5357111, 0.668016, 1
0.4129712, 0.5436515, 0.3592692, 1
0.5478364, 0.5230699, 0.5311477, 1
0.5531006, 0.5232333, 0.4837378, 1
0.6553608, 0.5444753, 0.7465632, 1
0.4288464, 0.5450509, 0.333744, 1
0.3765258, 0.5423576, 0.3446296, 1
0.3933057, 0.541734, 0.2970864, 1
0.3273054, 0.4963839, 0.1998944, 1
0.4335421, 0.5396553, 0.3875939, 1
0.5778635, 0.5114278, 0.5948623, 1
0.532325, 0.5246637, 0.4826669, 1
0.4834907, 0.5425296, 0.3937679, 1
0.4693346, 0.5367577, 0.4595074, 1
0.6049004, 0.5080864, 0.5903758, 1
0.5890733, 0.5343967, 0.6397141, 1
0.7006614, 0.5207734, 0.7293704, 1
0.5838692, 0.5425588, 0.6827007, 1
0.2929965, 0.4687719, 0.1778655, 1
0.4623747, 0.5371385, 0.4475125, 1
0.4284319, 0.5327825, 0.4262235, 1
0.4031836, 0.5440167, 0.3036616, 1
0.431519, 0.531558, 0.4511315, 1
0.4250098, 0.5329191, 0.4322843, 1
0.6487186, 0.5141132, 0.6244594, 1
0.6769624, 0.5371926, 0.7285327, 1
0.3181214, 0.5039703, 0.2785906, 1
0.5363765, 0.5215967, 0.5018064, 1
0.4998851, 0.5257692, 0.466074, 1
0.6327964, 0.5147271, 0.6125164, 1
0.4817572, 0.5329781, 0.4719678, 1
0.5790691, 0.5195041, 0.5760988, 1
0.545655, 0.5243105, 0.5862886, 1
0.408535, 0.5461977, 0.3249453, 1
0.5024508, 0.5364561, 0.4222899, 1
0.6069599, 0.5206503, 0.5422481, 1
0.5395592, 0.5252497, 0.5981914, 1
0.5580309, 0.5271938, 0.627642, 1
0.4997644, 0.5307536, 0.5161942, 1
0.4947247, 0.5306586, 0.4549561, 1
0.5004652, 0.5334798, 0.5244718, 1
0.65771, 0.5251601, 0.6417063, 1
0.4927706, 0.5311869, 0.5153396, 1
0.6897764, 0.5306585, 0.6772183, 1
0.6297095, 0.5470045, 0.6783313, 1
0.3869686, 0.5450451, 0.324775, 1
0.4026936, 0.5465182, 0.338544, 1
0.688121, 0.5272287, 0.6528879, 1
0.3988925, 0.5453946, 0.3106477, 1
0.5508221, 0.5242062, 0.5708179, 1
0.5175025, 0.5259489, 0.4648134, 1
0.3569706, 0.5350555, 0.3399102, 1
0.605469, 0.5336338, 0.6425766, 1
0.4086536, 0.5448619, 0.3453909, 1
0.6528812, 0.5229013, 0.6376936, 1
0.3008916, 0.5009561, 0.1666911, 1
0.3269915, 0.5017466, 0.2444867, 1
0.3847612, 0.5314367, 0.2807401, 1
0.6216511, 0.5280424, 0.6389674, 1
0.6026376, 0.5357887, 0.7024384, 1
0.5162513, 0.5322773, 0.5492404, 1
0.373946, 0.5391963, 0.3305736, 1
0.4295011, 0.545547, 0.349823, 1
0.5296289, 0.5250953, 0.5203617, 1
0.5294345, 0.5256787, 0.5711985, 1
0.461607, 0.5365794, 0.4594361, 1
0.6570619, 0.5267214, 0.6433359, 1
0.2650712, 0.4924144, 0.2418466, 1
0.2371622, 0.4678867, 0.2030934, 1
0.5923752, 0.5266371, 0.6240942, 1
0.5824896, 0.5323589, 0.6412346, 1
0.4147733, 0.5446449, 0.3204542, 1
0.3649268, 0.50929, 0.2269641, 1
0.4395449, 0.5337405, 0.4587206, 1
0.4278254, 0.5426989, 0.3726496, 1
0.4312623, 0.5426071, 0.3721458, 1
0.3079193, 0.4963792, 0.271953, 1
0.5599421, 0.5218269, 0.5814314, 1
0.6386355, 0.5465046, 0.7092618, 1
0.4178308, 0.5373269, 0.3920828, 1
0.6662217, 0.5290809, 0.7524173, 1
0.3715556, 0.5386742, 0.3520169, 1
0.6869884, 0.5257043, 0.6497774, 1
0.5053266, 0.5380663, 0.4149648, 1
0.5617326, 0.5164943, 0.6047085, 1
0.3128853, 0.4957316, 0.2099135, 1
0.3581239, 0.5137522, 0.2538784, 1
0.3815078, 0.5253893, 0.2614535, 1
0.4360604, 0.5465833, 0.3524536, 1
0.5420391, 0.5231875, 0.5223259, 1
0.4364002, 0.53497, 0.4208218, 1
0.4410436, 0.5460408, 0.359177, 1
0.3968516, 0.5449307, 0.3482086, 1
0.4086556, 0.5449298, 0.3172204, 1
0.6676522, 0.5310512, 0.7483096, 1
0.4576273, 0.5367454, 0.4521517, 1
0.4396474, 0.5466079, 0.3533112, 1
0.554752, 0.526673, 0.4800352, 1
0.4139011, 0.5442939, 0.3513293, 1
0.3972858, 0.5437024, 0.3902331, 1
0.4448808, 0.5411706, 0.391651, 1
0.3558024, 0.5325916, 0.2892457, 1
0.5248265, 0.5254951, 0.5751547, 1
0.4143399, 0.5434309, 0.3611736, 1
0.6584213, 0.5172641, 0.6310238, 1
0.312858, 0.5074852, 0.2843279, 1
0.3847633, 0.5484748, 0.3824695, 1
0.3789602, 0.5242692, 0.272512, 1
0.6648276, 0.5433238, 0.6869727, 1
0.4878304, 0.5335603, 0.4533021, 1
0.4960385, 0.5339522, 0.5341461, 1
0.5451964, 0.523054, 0.4876808, 1
0.4627218, 0.5379036, 0.4276983, 1
0.5930616, 0.5336567, 0.6362593, 1
0.600553, 0.5122246, 0.5830161, 1
0.3543686, 0.5347197, 0.3467539, 1
0.281502, 0.5051438, 0.1573416, 1
0.5595356, 0.5241016, 0.5430351, 1
0.3021729, 0.5088369, 0.2264719, 1
0.3306761, 0.5085435, 0.2763832, 1
0.5383396, 0.5242411, 0.5763935, 1
0.581938, 0.5109109, 0.5954984, 1
0.6959634, 0.525196, 0.7293026, 1
0.2988639, 0.4789664, 0.1724404, 1
0.5008915, 0.5336199, 0.5490015, 1
0.574666, 0.5238853, 0.5347099, 1
0.4924945, 0.5324411, 0.5422174, 1
0.5887705, 0.5442805, 0.6620156, 1
0.2639681, 0.4960037, 0.1771774, 1
0.4566587, 0.5395805, 0.3982046, 1
0.6043158, 0.537878, 0.6550696, 1
0.3608094, 0.5182135, 0.2745741, 1
0.2826423, 0.4890091, 0.2113018, 1
0.6187932, 0.5320224, 0.6500822, 1
0.525988, 0.5285605, 0.566943, 1
0.5341207, 0.5274268, 0.5518299, 1
0.4767301, 0.5350263, 0.4780411, 1
0.387934, 0.5459266, 0.340798, 1
0.4462434, 0.5437133, 0.3761417, 1
0.2998745, 0.4969688, 0.2624582, 1
0.3566441, 0.5353976, 0.3142365, 1
0.6147083, 0.5169203, 0.5602438, 1
0.2892827, 0.5026665, 0.2116, 1
0.4296192, 0.5428346, 0.3690493, 1
0.5584994, 0.5177773, 0.5146688, 1
0.6682997, 0.526461, 0.6472501, 1
0.4874534, 0.5411304, 0.3988807, 1
0.5437045, 0.5259691, 0.5538286, 1
0.557285, 0.5222091, 0.5821081, 1
0.5759944, 0.5420023, 0.6600581, 1
0.6819703, 0.5354179, 0.6812025, 1
0.3954712, 0.5458553, 0.3117679, 1
0.4530443, 0.5336119, 0.4804976, 1
0.2703002, 0.4839242, 0.2232788, 1
0.7007879, 0.5310875, 0.7131197, 1
0.3934149, 0.5294313, 0.2646675, 1
0.4820125, 0.5401477, 0.4239612, 1
0.6512656, 0.5192496, 0.6325544, 1
0.4539081, 0.5351865, 0.4888492, 1
0.577153, 0.5214369, 0.5725805, 1
0.5838578, 0.5278763, 0.6299486, 1
0.4950114, 0.5394834, 0.4205101, 1
0.5207002, 0.530397, 0.4244066, 1
0.4444247, 0.5453866, 0.3402551, 1
0.6651141, 0.5214629, 0.7562287, 1
0.4881801, 0.5395454, 0.4139717, 1
0.2869039, 0.5095159, 0.2469221, 1
0.3842598, 0.5264345, 0.2511112, 1
0.7042263, 0.500823, 0.7261894, 1
0.3724393, 0.5399111, 0.3212824, 1
0.5344623, 0.5278077, 0.5541224, 1
0.2837029, 0.4927098, 0.2260184, 1
0.4721634, 0.5356001, 0.4730854, 1
0.2720901, 0.4992466, 0.2297209, 1
0.6614974, 0.5365577, 0.6599238, 1
0.6790665, 0.5074626, 0.7444253, 1
0.4948985, 0.5293396, 0.4600341, 1
0.6741211, 0.5229313, 0.7460858, 1
0.6393772, 0.5212547, 0.6261052, 1
0.3909107, 0.544071, 0.306216, 1
0.4716648, 0.5425131, 0.3850494, 1
0.6632906, 0.5410601, 0.7396582, 1
0.6456479, 0.5502755, 0.6917056, 1
0.3190874, 0.5204624, 0.2869572, 1
0.3153414, 0.5132488, 0.2085658, 1
0.6156025, 0.5340335, 0.6535276, 1
0.3199331, 0.5122924, 0.2304667, 1
0.5200242, 0.5311267, 0.5497345, 1
0.5574143, 0.5224388, 0.5732147, 1
0.6011572, 0.5090607, 0.5916888, 1
0.5178503, 0.5318928, 0.5512994, 1
0.6433526, 0.5280441, 0.6376661, 1
0.385172, 0.5438383, 0.3528911, 1
0.264633, 0.5190525, 0.1832575, 1
0.6723142, 0.5362607, 0.6724371, 1
0.5267687, 0.5282281, 0.5411561, 1
0.5175799, 0.5275076, 0.5741841, 1
0.2605657, 0.5060348, 0.2084479, 1
0.3262135, 0.5262132, 0.2884862, 1
0.6227652, 0.5281109, 0.6394337, 1
0.4885677, 0.5329006, 0.4545, 1
0.5901039, 0.5459375, 0.6701445, 1
0.5729704, 0.5231519, 0.5321519, 1
0.4720283, 0.5327908, 0.5233839, 1
0.3094501, 0.5027911, 0.1953927, 1
0.2550547, 0.500418, 0.239299, 1
0.3662044, 0.5382962, 0.3151443, 1
0.6671347, 0.5265728, 0.6466309, 1
0.4591445, 0.5447645, 0.3664533, 1
0.5768431, 0.5241825, 0.5338373, 1
0.6787813, 0.539026, 0.6878668, 1
0.6346616, 0.5457912, 0.6699799, 1
0.6059761, 0.5197405, 0.5513511, 1
0.2939596, 0.486112, 0.1826267, 1
0.4851435, 0.5476967, 0.3733856, 1
0.4205157, 0.5382835, 0.3900639, 1
0.5923127, 0.539548, 0.6501232, 1
0.3598028, 0.5360007, 0.3105528, 1
0.4200903, 0.5310032, 0.4493609, 1
0.4093604, 0.5373927, 0.3934043, 1
0.5260612, 0.5282614, 0.5432351, 1
0.4244646, 0.5425354, 0.3706773, 1
0.5387943, 0.5348219, 0.6251642, 1
0.4205352, 0.5447785, 0.344313, 1
0.5525448, 0.5248398, 0.5478926, 1
0.5351506, 0.5270273, 0.5514616, 1
0.5745422, 0.5189443, 0.6227514, 1
0.3358704, 0.5321834, 0.2990305, 1
0.6740999, 0.5163955, 0.7483959, 1
0.4923809, 0.5398588, 0.4102982, 1
0.7106649, 0.5249195, 0.7140283, 1
0.5800302, 0.5113935, 0.5912405, 1
0.5283597, 0.5259944, 0.4691401, 1
0.2644038, 0.5120298, 0.1995464, 1
0.2906594, 0.5204536, 0.210889, 1
0.3115839, 0.5200617, 0.2149168, 1
0.5509762, 0.5248304, 0.5516705, 1
0.5751258, 0.5194799, 0.6236588, 1
0.6819905, 0.535192, 0.7224498, 1
0.423467, 0.5321999, 0.4444883, 1
0.5954745, 0.522034, 0.5584378, 1
0.6186647, 0.5441844, 0.6648024, 1
0.5102749, 0.5321326, 0.5439868, 1
0.2681848, 0.5144097, 0.2260783, 1
0.4649808, 0.5405036, 0.3926223, 1
0.3177815, 0.5019853, 0.2239275, 1
0.5590374, 0.5234348, 0.6176979, 1
0.4809661, 0.5434515, 0.3859282, 1
0.6684511, 0.5152444, 0.7533161, 1
0.3104256, 0.5205832, 0.2313568, 1
0.4045426, 0.5454143, 0.3449244, 1
0.4328295, 0.545318, 0.3591986, 1
0.4479409, 0.5343631, 0.4628032, 1
0.3355164, 0.5050225, 0.2462238, 1
0.4761614, 0.5430635, 0.3872896, 1
0.4109969, 0.5451215, 0.3440553, 1
0.2774179, 0.4735194, 0.2046729, 1
0.4563116, 0.5342308, 0.4967251, 1
0.657541, 0.5473144, 0.6967409, 1
0.4735252, 0.5364099, 0.4623487, 1
0.4533277, 0.5344501, 0.4984473, 1
0.4344721, 0.5443433, 0.3207752, 1
0.4570721, 0.5365953, 0.4394215, 1
0.5837193, 0.5107052, 0.5932578, 1
0.3988185, 0.5469745, 0.3375626, 1
0.5057275, 0.5256869, 0.4900445, 1
0.4704262, 0.5411624, 0.396224, 1
0.3504189, 0.5160696, 0.2760476, 1
0.5105125, 0.5293695, 0.5742929, 1
0.4212523, 0.5344042, 0.4118825, 1
0.5360449, 0.5210646, 0.5053989, 1
0.492753, 0.5398469, 0.401436, 1
0.5205402, 0.5304097, 0.4250625, 1
0.4270346, 0.5441895, 0.3232201, 1
0.4585687, 0.5393046, 0.4126771, 1
0.6374255, 0.5159221, 0.6171489, 1
0.5180988, 0.5251355, 0.501304, 1
0.3143122, 0.5197196, 0.289046, 1
0.3804622, 0.5396528, 0.2970901, 1
0.3192433, 0.5142105, 0.2359201, 1
0.6315798, 0.5133758, 0.5680729, 1
0.4661657, 0.5378755, 0.4323567, 1
0.5342909, 0.5259157, 0.595686, 1
0.3784505, 0.5427426, 0.3097118, 1
0.5010729, 0.533303, 0.5342681, 1
0.2799774, 0.4923762, 0.1776307, 1
0.4402533, 0.5421344, 0.3824382, 1
0.5033472, 0.5382391, 0.3981692, 1
0.3555802, 0.5173886, 0.2753401, 1
0.6680011, 0.5360507, 0.6677965, 1
0.5819171, 0.5205606, 0.5118523, 1
0.6896768, 0.5312811, 0.6881026, 1
0.2564205, 0.4915366, 0.2336996, 1
0.3614973, 0.5353673, 0.3453441, 1
0.675982, 0.5195934, 0.7457064, 1
0.6749369, 0.5329193, 0.6641716, 1
0.5012595, 0.5250652, 0.4805131, 1
0.3576637, 0.5339616, 0.3336019, 1
0.527373, 0.5287175, 0.5654425, 1
0.4037161, 0.5451602, 0.3126818, 1
0.5970643, 0.5386879, 0.6510934, 1
0.4174871, 0.5333813, 0.4188072, 1
0.3743229, 0.5415725, 0.3096751, 1
0.6174675, 0.5151381, 0.5651598, 1
0.3174084, 0.4955522, 0.2058317, 1
0.4400766, 0.5461358, 0.3582797, 1
0.3443757, 0.5165324, 0.1966996, 1
0.6344132, 0.5180027, 0.6173481, 1
0.2771409, 0.5054457, 0.1844545, 1
0.6695825, 0.539497, 0.6789754, 1
0.2568616, 0.4791516, 0.2070909, 1
0.7150995, 0.5101056, 0.7247796, 1
0.3850262, 0.5451817, 0.3393623, 1
0.2594298, 0.515218, 0.2021311, 1
0.3388442, 0.5305669, 0.2928417, 1
0.5972232, 0.5456976, 0.6680436, 1
0.5702567, 0.5185187, 0.5195581, 1
0.5645588, 0.5189809, 0.4994081, 1
0.5274132, 0.5280598, 0.5377061, 1
0.4564515, 0.5467427, 0.3472068, 1
0.3414382, 0.504303, 0.25, 1
0.2817377, 0.4780675, 0.2063205, 1
0.4066583, 0.542895, 0.3776882, 1
0.5093857, 0.5268506, 0.5086954, 1
0.4674506, 0.5381459, 0.4280362, 1
0.342381, 0.5079268, 0.2665549, 1
0.3641222, 0.5309246, 0.2850751, 1
0.6620814, 0.5140693, 0.7580016, 1
0.4423169, 0.531397, 0.4770441, 1
0.5033773, 0.5249738, 0.4832136, 1
0.4940623, 0.540123, 0.3995017, 1
0.327927, 0.5332083, 0.3024079, 1
0.6620209, 0.5384244, 0.6688921, 1
0.2790159, 0.5154869, 0.1731364, 1
0.4798864, 0.5435337, 0.3843059, 1
0.4193859, 0.5434005, 0.3059113, 1
0.6116384, 0.5234998, 0.6190941, 1
0.5299864, 0.5231713, 0.5038168, 1
0.3644153, 0.5085036, 0.2163369, 1
0.3989301, 0.5437518, 0.3888676, 1
0.329735, 0.5309644, 0.29501, 1
0.6634669, 0.5379419, 0.747288, 1
0.5904633, 0.5238516, 0.5609242, 1
0.2972353, 0.4833949, 0.1786933, 1
0.4851752, 0.5282718, 0.4830153, 1
0.3469276, 0.5153, 0.2767449, 1
0.572867, 0.5150796, 0.6110886, 1
0.3790542, 0.5208123, 0.2411397, 1
0.4989237, 0.5274825, 0.49608, 1
0.6258816, 0.5432858, 0.6910343, 1
0.3725141, 0.5380663, 0.3399784, 1
0.4611498, 0.5341703, 0.4937821, 1
0.4985562, 0.533814, 0.530853, 1
0.5140752, 0.5305243, 0.5236374, 1
0.4157171, 0.5455158, 0.3340077, 1
0.5045015, 0.5255604, 0.4892695, 1
0.5314655, 0.526079, 0.5943702, 1
0.572529, 0.5167249, 0.6163625, 1
0.4814214, 0.5393943, 0.4107437, 1
0.5770969, 0.5432836, 0.6645129, 1
0.4595466, 0.5382695, 0.4232184, 1
0.3554384, 0.533859, 0.3222343, 1
0.3711018, 0.526848, 0.2803947, 1
0.2939291, 0.4820877, 0.1951815, 1
0.4198672, 0.5448616, 0.3558426, 1
0.4863633, 0.5310745, 0.4691361, 1
0.2845825, 0.4990193, 0.2623134, 1
0.3770842, 0.5468575, 0.369549, 1
0.5689219, 0.5171024, 0.6157343, 1
0.505235, 0.530414, 0.4350736, 1
0.4631005, 0.5358664, 0.4717559, 1
0.6444672, 0.5413672, 0.661272, 1
0.5460282, 0.5244323, 0.5826687, 1
0.2983228, 0.5070846, 0.1918015, 1
0.5928518, 0.522418, 0.5319459, 1
0.393466, 0.5461339, 0.3695433, 1
0.6808327, 0.50913, 0.7436463, 1
0.3977689, 0.5393382, 0.2903527, 1
0.2984729, 0.5086152, 0.1667937, 1
0.3007472, 0.4976379, 0.2492462, 1
0.4285679, 0.5439894, 0.3176962, 1
0.6641456, 0.5117171, 0.6253431, 1
0.3750136, 0.5443109, 0.3640907, 1
0.6823968, 0.4900715, 0.7346002, 1
0.4311606, 0.5425897, 0.3723813, 1
0.3648953, 0.5270459, 0.2819319, 1
0.3959429, 0.5462784, 0.3736443, 1
0.6857707, 0.5101545, 0.7403806, 1
0.2988945, 0.479904, 0.1922445, 1
0.2596229, 0.4994587, 0.2066386, 1
0.6332441, 0.5408181, 0.6619238, 1
0.6921151, 0.5295639, 0.6953824, 1
0.4985409, 0.533881, 0.552147, 1
0.3560804, 0.5137542, 0.2572655, 1
0.6020286, 0.5192412, 0.614836, 1
0.4918227, 0.5261081, 0.485656, 1
0.3076258, 0.5017222, 0.2372305, 1
0.587858, 0.5107832, 0.5944827, 1
0.3427331, 0.5333117, 0.3285771, 1
0.5649549, 0.5182299, 0.5193144, 1
0.5060085, 0.5297922, 0.5158267, 1
0.5182655, 0.5262878, 0.512343, 1
0.3173, 0.5161538, 0.2857483, 1
0.3951133, 0.539556, 0.2916758, 1
0.6825283, 0.5368977, 0.6911426, 1
0.3011557, 0.5010154, 0.2862445, 1
0.640048, 0.5262638, 0.632948, 1
0.2572825, 0.5129829, 0.2329968, 1
0.2663151, 0.4802825, 0.2117385, 1
0.4136227, 0.5456272, 0.3297293, 1
0.6697652, 0.5264731, 0.6479436, 1
0.5467824, 0.5312634, 0.6240931, 1
0.5747749, 0.5252306, 0.5632998, 1
0.6230356, 0.5242887, 0.625405, 1
0.5316122, 0.5254313, 0.5704495, 1
0.3085383, 0.5087874, 0.1803312, 1
0.5207564, 0.5242331, 0.4926279, 1
0.5390022, 0.5209824, 0.5027789, 1
0.6640158, 0.5153264, 0.6285719, 1
0.4649319, 0.5397796, 0.4091308, 1
0.4856274, 0.5279198, 0.4854937, 1
0.3676221, 0.5194882, 0.2594596, 1
0.3804683, 0.5429221, 0.3083626, 1
0.5611302, 0.5263758, 0.4878713, 1
0.4400829, 0.5353739, 0.4251993, 1
0.4399925, 0.5452211, 0.3633131, 1
0.4630506, 0.5436008, 0.3785898, 1
0.4905419, 0.5401873, 0.4192515, 1
0.6337608, 0.5186026, 0.6184069, 1
0.5432446, 0.5228928, 0.5229863, 1
0.645533, 0.5375113, 0.6555909, 1
0.4394532, 0.5447429, 0.3676727, 1
0.5499099, 0.5237832, 0.5824132, 1
0.3547191, 0.5083296, 0.2259164, 1
0.6138262, 0.5149309, 0.5650327, 1
0.3514009, 0.5063922, 0.2429517, 1
0.2760774, 0.5162435, 0.198588, 1
0.5894223, 0.5364581, 0.6436464, 1
0.5655091, 0.5205582, 0.6211439, 1
0.5445679, 0.5230046, 0.5249845, 1
0.4739852, 0.5344983, 0.4855998, 1
0.5604241, 0.5220737, 0.5704507, 1
0.2590762, 0.5294314, 0.1965451, 1
0.2394084, 0.5057189, 0.210124, 1
0.6743585, 0.5356414, 0.6723377, 1
0.4461519, 0.5461342, 0.3471688, 1
0.5674437, 0.5210832, 0.580917, 1
0.6185371, 0.5466758, 0.6720964, 1
0.4645255, 0.5458937, 0.3586547, 1
0.6580982, 0.5288113, 0.6465423, 1
0.3767743, 0.5230964, 0.2644477, 1
0.4630399, 0.5375707, 0.4295275, 1
0.3696156, 0.5133984, 0.2352817, 1
0.4073456, 0.5441509, 0.3500564, 1
0.5663016, 0.5208945, 0.5822837, 1
0.5183587, 0.5266741, 0.5766487, 1
0.6198738, 0.5368395, 0.6563309, 1
0.421311, 0.543264, 0.3705652, 1
0.5688402, 0.5396113, 0.6571337, 1
0.3235551, 0.5127, 0.2817529, 1
0.2558692, 0.5239788, 0.1958463, 1
0.4363781, 0.546327, 0.3413279, 1
0.3592711, 0.5123975, 0.2475528, 1
0.3359969, 0.5035287, 0.1950407, 1
0.4177032, 0.5398868, 0.3869567, 1
0.6618381, 0.5457254, 0.6989033, 1
0.5726797, 0.5253722, 0.5449661, 1
0.4783823, 0.5480845, 0.3654994, 1
0.4298857, 0.5367991, 0.4129054, 1
0.5167847, 0.5291234, 0.5700349, 1
0.5133096, 0.5246477, 0.4814173, 1
0.3124916, 0.4986059, 0.2492737, 1
0.5144337, 0.528444, 0.5186916, 1
0.2535782, 0.4873555, 0.2220287, 1
0.2873039, 0.4965416, 0.2017517, 1
0.6650023, 0.5394591, 0.725613, 1
0.2731922, 0.4787581, 0.1720165, 1
0.2675655, 0.4917762, 0.238684, 1
0.4658148, 0.5397512, 0.4088632, 1
0.3888667, 0.5434083, 0.3939565, 1
0.4857801, 0.5290292, 0.4785369, 1
0.511338, 0.5319638, 0.5424239, 1
0.3163559, 0.50294, 0.2341696, 1
0.641546, 0.5075178, 0.6103332, 1
0.5681674, 0.5255741, 0.6304361, 1
0.3754706, 0.5225009, 0.2644645, 1
0.4826845, 0.5372955, 0.4392842, 1
0.5725597, 0.516499, 0.6155055, 1
0.4627689, 0.5373993, 0.4373171, 1
0.6728961, 0.530167, 0.743665, 1
0.6854882, 0.525277, 0.7365727, 1
0.4376047, 0.5465893, 0.3521682, 1
0.2691115, 0.4985878, 0.1726969, 1
0.3929847, 0.5437615, 0.3041896, 1
0.4039982, 0.5467201, 0.32315, 1
0.5759147, 0.525326, 0.5632097, 1
0.5949001, 0.5098562, 0.600559, 1
0.3956731, 0.5276308, 0.2604709, 1
0.378663, 0.523921, 0.2615671, 1
0.6049289, 0.5208879, 0.5389929, 1
0.6455135, 0.5456235, 0.6691346, 1
0.3249843, 0.5012113, 0.2554707, 1
0.6058574, 0.5141265, 0.5730153, 1
0.3671665, 0.5392109, 0.3104442, 1
0.3586706, 0.5366501, 0.3018169, 1
0.3602876, 0.5360849, 0.3084273, 1
0.5952787, 0.5456025, 0.6666715, 1
0.3482738, 0.5305492, 0.2884354, 1
0.5464972, 0.5244279, 0.5828647, 1
0.5267811, 0.5249118, 0.474471, 1
0.5131797, 0.5263662, 0.5085583, 1
0.5454674, 0.5195059, 0.5082449, 1
0.349953, 0.5293118, 0.2861356, 1
0.5508353, 0.5210563, 0.5947853, 1
0.4965089, 0.5341108, 0.5313891, 1
0.4815374, 0.5292965, 0.5007544, 1
0.561583, 0.5184994, 0.6120046, 1
0.3275459, 0.5014291, 0.2597112, 1
0.4670519, 0.5356739, 0.4849541, 1
0.5068872, 0.5260841, 0.4564584, 1
0.4719144, 0.5292467, 0.501758, 1
0.4947224, 0.5300243, 0.5086005, 1
0.4977053, 0.5325904, 0.4367772, 1
0.6211874, 0.5466777, 0.6716511, 1
0.664539, 0.5439653, 0.6912724, 1
0.5750718, 0.521146, 0.5246531, 1
0.4564846, 0.538556, 0.412406, 1
0.4003617, 0.5442137, 0.3691795, 1
0.5467869, 0.5232144, 0.6027552, 1
0.5387138, 0.5220936, 0.4978994, 1
0.3685993, 0.528673, 0.2825418, 1
0.4842947, 0.5401468, 0.4227771, 1
0.4968259, 0.526178, 0.487333, 1
0.607025, 0.5450525, 0.6682091, 1
0.3055664, 0.5065417, 0.2063294, 1
0.3163506, 0.4992727, 0.2491359, 1
0.3740578, 0.540434, 0.3517807, 1
0.3610815, 0.524707, 0.2795435, 1
0.574562, 0.5428586, 0.6661683, 1
0.5457515, 0.525353, 0.5498542, 1
0.6232418, 0.5234728, 0.6239703, 1
0.4105086, 0.5440636, 0.3508055, 1
0.4772843, 0.5393588, 0.4318234, 1
0.3154529, 0.5117955, 0.1859916, 1
0.498784, 0.5337104, 0.5336956, 1
0.2946337, 0.4967588, 0.263412, 1
0.6662312, 0.5125183, 0.7543927, 1
0.4320963, 0.5383571, 0.3937752, 1
0.4911622, 0.5337499, 0.4443947, 1
0.6590165, 0.5467404, 0.7090699, 1
0.3583901, 0.5212477, 0.2776188, 1
0.2648792, 0.4825067, 0.1733889, 1
0.4157403, 0.5424613, 0.370332, 1
0.3719242, 0.520929, 0.2730514, 1
0.3661838, 0.5263618, 0.2812155, 1
0.5030251, 0.5285262, 0.450326, 1
0.6360458, 0.5475309, 0.6765994, 1
0.6379195, 0.5467052, 0.7022083, 1
0.2467363, 0.5037084, 0.1987255, 1
0.6680281, 0.5415731, 0.7166017, 1
0.5349753, 0.5306188, 0.4466694, 1
0.3116619, 0.5016729, 0.2564033, 1
0.4506375, 0.5448029, 0.3378192, 1
0.5881944, 0.5376725, 0.6910112, 1
0.2894742, 0.501421, 0.2399941, 1
0.7101879, 0.5274138, 0.6923362, 1
0.6470838, 0.5494757, 0.7464187, 1
0.5524939, 0.5187455, 0.5154755, 1
0.2527466, 0.5066024, 0.2280009, 1
0.3706985, 0.5228851, 0.2765381, 1
0.522514, 0.5262488, 0.4506509, 1
0.2813731, 0.4952438, 0.2719179, 1
0.2907806, 0.4710358, 0.1837932, 1
0.3794617, 0.5422589, 0.3247572, 1
0.3266267, 0.5023744, 0.2689131, 1
0.4498498, 0.5360093, 0.4357915, 1
0.3088767, 0.496832, 0.2661471, 1
0.4808452, 0.5352831, 0.4578794, 1
0.3032707, 0.4934964, 0.2123945, 1
0.3312224, 0.5327022, 0.3118426, 1
0.5450089, 0.5235497, 0.528182, 1
0.5029106, 0.5327161, 0.5238925, 1
0.6720529, 0.5393746, 0.7186003, 1
0.4030675, 0.5446689, 0.3476285, 1
0.6121927, 0.528984, 0.6345106, 1
0.4731666, 0.532208, 0.5191875, 1
0.5317705, 0.5246312, 0.5190059, 1
0.5491494, 0.5191753, 0.5061544, 1
0.2822862, 0.5278536, 0.1703462, 1
0.6115901, 0.5404813, 0.6608365, 1
0.295994, 0.4950104, 0.2799913, 1
0.3076661, 0.5116577, 0.1909495, 1
0.3740584, 0.5417657, 0.3124315, 1
0.6262711, 0.5112603, 0.6056877, 1
0.6307313, 0.5364449, 0.6547632, 1
0.393186, 0.5434616, 0.392803, 1
0.4100345, 0.533421, 0.4009996, 1
0.2773114, 0.5228394, 0.2048651, 1
0.564079, 0.5202022, 0.4970177, 1
0.5357263, 0.5258724, 0.5318208, 1
0.4748602, 0.5303195, 0.4926957, 1
0.6983504, 0.5247501, 0.7273799, 1
0.4426722, 0.5417881, 0.3850049, 1
0.3672469, 0.5358664, 0.3386813, 1
0.6238324, 0.5077958, 0.598076, 1
0.4523171, 0.5372996, 0.4295749, 1
0.4837946, 0.5343754, 0.460592, 1
0.4213661, 0.536323, 0.3947083, 1
0.4150229, 0.5423942, 0.3630669, 1
0.2709133, 0.5022845, 0.1654811, 1
0.4895198, 0.5397505, 0.4082694, 1
0.3063238, 0.5081524, 0.2018488, 1
0.6473707, 0.5199002, 0.6310505, 1
0.6356336, 0.5478205, 0.6801701, 1
0.5921566, 0.5106515, 0.6060741, 1
0.4839038, 0.5394115, 0.4081133, 1
0.4960495, 0.5306544, 0.5128375, 1
0.3197035, 0.4997476, 0.2519295, 1
0.4967259, 0.5328969, 0.5414129, 1
0.4445019, 0.532738, 0.4677571, 1
0.3667615, 0.5333515, 0.2889428, 1
0.4622873, 0.5350289, 0.490217, 1
0.3985932, 0.5448036, 0.3479576, 1
0.4735186, 0.537005, 0.4536969, 1
0.3932908, 0.5310993, 0.2710786, 1
0.5472978, 0.5241467, 0.5423475, 1
0.7080309, 0.5158911, 0.7278895, 1
0.2851272, 0.4841828, 0.1853963, 1
0.5809907, 0.5113588, 0.6004059, 1
0.3471161, 0.5271427, 0.2845557, 1
0.5830685, 0.5121274, 0.6062339, 1
0.531015, 0.5274447, 0.6024327, 1
0.3031861, 0.5070452, 0.2227745, 1
0.6162521, 0.5454642, 0.6899467, 1
0.3140686, 0.501007, 0.2580305, 1
0.3120525, 0.4987236, 0.2451086, 1
0.4030018, 0.5421155, 0.3900157, 1
0.2400991, 0.5138299, 0.2019672, 1
0.2685824, 0.4963835, 0.2065949, 1
0.6707472, 0.533533, 0.6625407, 1
0.4015963, 0.5336692, 0.4068888, 1
0.5024874, 0.5277447, 0.4528302, 1
0.4727274, 0.5337764, 0.4892957, 1
0.4862221, 0.531776, 0.5331282, 1
0.3838604, 0.5438246, 0.3200215, 1
0.5687588, 0.5283024, 0.642058, 1
0.6152534, 0.5389401, 0.7080906, 1
0.5073766, 0.5259448, 0.4577634, 1
0.5220065, 0.5260414, 0.44976, 1
0.4297844, 0.5377311, 0.3941419, 1
0.5010327, 0.5334393, 0.5331848, 1
0.6093141, 0.5074252, 0.598848, 1
0.5342423, 0.5296609, 0.4487274, 1
0.5927486, 0.5136286, 0.5753739, 1
0.3199996, 0.500784, 0.2388685, 1
0.6173655, 0.5107883, 0.6027456, 1
0.2618531, 0.5242067, 0.2039257, 1
0.6350065, 0.5474858, 0.6788129, 1
0.4607301, 0.5411799, 0.3871043, 1
0.3147856, 0.4920403, 0.199401, 1
0.6848096, 0.5096879, 0.74108, 1
0.385166, 0.543842, 0.3528223, 1
0.5289471, 0.5239702, 0.4931942, 1
0.3681176, 0.537336, 0.325988, 1
0.3322874, 0.5035049, 0.2627391, 1
0.3865888, 0.5364816, 0.2884092, 1
0.5644888, 0.523481, 0.6237224, 1
0.6763266, 0.5405685, 0.7090995, 1
0.4465548, 0.5446059, 0.3337546, 1
0.3959724, 0.545129, 0.3089831, 1
0.6542839, 0.5270099, 0.64298, 1
0.3924657, 0.5322932, 0.4129841, 1
0.5366284, 0.5241684, 0.488537, 1
0.4612474, 0.5381486, 0.4248264, 1
0.356985, 0.5338851, 0.3223521, 1
0.3620378, 0.5168814, 0.2592018, 1
0.4201519, 0.5432435, 0.3623444, 1
0.5821998, 0.5252391, 0.5358512, 1
0.4017385, 0.5440976, 0.3046061, 1
0.6927542, 0.52786, 0.7297104, 1
0.5024639, 0.5258665, 0.4618203, 1
0.2773802, 0.4751702, 0.1981438, 1
0.4678212, 0.5374041, 0.4502836, 1
0.5504035, 0.5209703, 0.5226424, 1
0.5393241, 0.5247815, 0.58451, 1
0.2875536, 0.5131149, 0.2195395, 1
0.5486531, 0.5252301, 0.554, 1
0.4095595, 0.5391793, 0.286103, 1
0.4470174, 0.5395467, 0.402833, 1
0.2674005, 0.525154, 0.1891456, 1
0.39551, 0.5469574, 0.3344967, 1
0.6051201, 0.5230452, 0.6178605, 1
0.6765699, 0.5312895, 0.6611593, 1
0.2953475, 0.4944161, 0.1791719, 1
0.2966011, 0.4832796, 0.1922601, 1
0.3560448, 0.5283823, 0.2831564, 1
0.7085372, 0.5270143, 0.6935171, 1
0.5440254, 0.5262457, 0.6108912, 1
0.4507338, 0.5394015, 0.403973, 1
0.3754044, 0.541084, 0.3052787, 1
0.6805345, 0.5136534, 0.7438152, 1
0.4365335, 0.5464906, 0.349606, 1
0.3350442, 0.5050858, 0.2655093, 1
0.4455299, 0.5456077, 0.3375337, 1
0.6728289, 0.5347996, 0.6679007, 1
0.359068, 0.5357053, 0.3138297, 1
0.5969191, 0.5463172, 0.6715898, 1
0.4523992, 0.5366293, 0.4343497, 1
0.532, 0.5227733, 0.5001471, 1
0.6657329, 0.5341054, 0.7481036, 1
0.6774724, 0.5205884, 0.7438474, 1
0.561019, 0.5176715, 0.5156502, 1
0.2669528, 0.4949855, 0.2489705, 1
0.5624307, 0.5280252, 0.6330739, 1
0.6663422, 0.5173922, 0.6309346, 1
0.4092499, 0.5438983, 0.3526627, 1
0.3904543, 0.5418024, 0.2983575, 1
0.4040323, 0.5383063, 0.3965804, 1
0.400793, 0.5366699, 0.2834962, 1
0.5130774, 0.5247513, 0.482177, 1
0.2997886, 0.497914, 0.2424724, 1
0.4175369, 0.5423273, 0.3721102, 1
0.3822289, 0.5434362, 0.3271767, 1
0.4593853, 0.5440156, 0.3712206, 1
0.2438658, 0.4823467, 0.2196726, 1
0.4856876, 0.532212, 0.5197961, 1
0.499483, 0.5270866, 0.4601938, 1
0.4162467, 0.544493, 0.3563114, 1
0.5407949, 0.5266372, 0.5606855, 1
0.4939535, 0.5320558, 0.4484558, 1
0.4686782, 0.5392289, 0.4151709, 1
0.5251312, 0.5244517, 0.4880185, 1
0.3687715, 0.5190016, 0.2697789, 1
0.3905358, 0.5475104, 0.3826925, 1
0.6918737, 0.5217827, 0.6475552, 1
0.4230599, 0.5331841, 0.4354613, 1
0.6623151, 0.5457416, 0.7025404, 1
0.436027, 0.5413176, 0.3851043, 1
0.6796867, 0.5276815, 0.7391392, 1
0.5674211, 0.515743, 0.5914851, 1
0.5846779, 0.5423603, 0.6572973, 1
0.5813717, 0.528235, 0.6326494, 1
0.3390588, 0.5050431, 0.2103395, 1
0.6952306, 0.533217, 0.7102588, 1
0.6827565, 0.5344393, 0.6772783, 1
0.4329381, 0.5386621, 0.3910311, 1
0.3821564, 0.5250081, 0.2679992, 1
0.6097808, 0.5259839, 0.6222489, 1
0.2825016, 0.4945634, 0.2190574, 1
0.2722635, 0.5038325, 0.2317807, 1
0.3896835, 0.5358849, 0.2865829, 1
0.6145003, 0.5187404, 0.5530462, 1
0.4057553, 0.5439036, 0.3048715, 1
0.6507374, 0.5470748, 0.6779537, 1
0.4958185, 0.5278739, 0.462973, 1
0.4891375, 0.5355605, 0.4409062, 1
0.3901589, 0.5438679, 0.3550082, 1
0.3615694, 0.53045, 0.2843764, 1
0.4300181, 0.5427006, 0.3704329, 1
0.5549048, 0.5236772, 0.5562149, 1
0.2661678, 0.4822138, 0.2098766, 1
0.366126, 0.5214637, 0.2770522, 1
0.3499662, 0.5175892, 0.2775511, 1
0.5492353, 0.5244998, 0.5572783, 1
0.5812197, 0.5109894, 0.5958505, 1
0.5279454, 0.5362633, 0.6128333, 1
0.3377249, 0.5215696, 0.2825612, 1
0.6042095, 0.5074393, 0.5949363, 1
0.6353039, 0.5052605, 0.5981177, 1
0.4587614, 0.5371666, 0.4454805, 1
0.5191564, 0.5251027, 0.4790011, 1
0.5723248, 0.5414716, 0.6594347, 1
0.6136215, 0.5108114, 0.6029599, 1
0.5239794, 0.5286818, 0.5990317, 1
0.5644857, 0.5149522, 0.6015977, 1
0.6652644, 0.5194618, 0.6338814, 1
0.6841922, 0.5351486, 0.6853245, 1
0.3913833, 0.5317907, 0.2764281, 1
0.3870588, 0.5484733, 0.3805743, 1
0.4675727, 0.5318242, 0.4954857, 1
0.592817, 0.5384314, 0.6480801, 1
0.5612975, 0.5222682, 0.5674604, 1
0.3086161, 0.4980564, 0.2441139, 1
0.5788947, 0.5204329, 0.5082368, 1
0.6500903, 0.5468011, 0.7245, 1
0.5940179, 0.5236425, 0.5572153, 1
0.5772497, 0.5211229, 0.5733666, 1
0.4242391, 0.5439945, 0.3127146, 1
0.6768362, 0.5177789, 0.7454568, 1
0.6041064, 0.5474682, 0.6833934, 1
0.2834422, 0.4970994, 0.2516271, 1
0.6682322, 0.5244371, 0.7520484, 1
0.4550824, 0.5380293, 0.4168301, 1
0.6174728, 0.529969, 0.6442391, 1
0.565624, 0.5278178, 0.6373171, 1
0.6110282, 0.5182965, 0.5554698, 1
0.4388811, 0.5336159, 0.4487202, 1
0.2999514, 0.495944, 0.2807766, 1
0.3881811, 0.5476282, 0.3718283, 1
0.2940255, 0.4816033, 0.1999143, 1
0.2929585, 0.5042102, 0.1726065, 1
0.6597525, 0.5460448, 0.6915107, 1
0.6744443, 0.5382832, 0.7285833, 1
0.431276, 0.5314587, 0.4573579, 1
0.5937063, 0.5420068, 0.6558869, 1
0.516614, 0.5324525, 0.5573805, 1
0.5902665, 0.546169, 0.6722903, 1
0.35147, 0.5346244, 0.3345042, 1
0.3656623, 0.5383226, 0.310268, 1
0.480588, 0.5381065, 0.4391713, 1
0.4299524, 0.5424967, 0.3742728, 1
0.5586936, 0.5183768, 0.5918357, 1
0.4761371, 0.5308184, 0.530336, 1
0.6726838, 0.529097, 0.7443687, 1
0.6912874, 0.5337807, 0.7155858, 1
0.3024545, 0.4960287, 0.2712618, 1
0.3193225, 0.5271498, 0.2923799, 1
0.4683783, 0.5412025, 0.3932251, 1
0.5397866, 0.5207567, 0.5053746, 1
0.5698813, 0.5351797, 0.6512748, 1
0.2913002, 0.494323, 0.2821849, 1
0.2565332, 0.4936458, 0.1872525, 1
0.4103374, 0.5458588, 0.3257726, 1
0.4985865, 0.527747, 0.45959, 1
0.6182347, 0.5245761, 0.6243153, 1
0.4561481, 0.5387447, 0.4097926, 1
0.3232308, 0.507906, 0.2791004, 1
0.3608463, 0.536102, 0.3165005, 1
0.4264266, 0.5448888, 0.3317159, 1
0.5697702, 0.5293343, 0.6447202, 1
0.66887, 0.539292, 0.7203326, 1
0.6338329, 0.5113721, 0.6099051, 1
0.4942687, 0.5400827, 0.41155, 1
0.4278691, 0.539847, 0.3868739, 1
0.4213167, 0.5327045, 0.4398766, 1
0.6249906, 0.5171433, 0.6124303, 1
0.3320495, 0.5321764, 0.2987911, 1
0.2444842, 0.4998117, 0.2139436, 1
0.5023603, 0.5306019, 0.4372464, 1
0.7063491, 0.5286546, 0.705308, 1
0.4385904, 0.5337716, 0.4515812, 1
0.3678511, 0.5247206, 0.2793646, 1
0.4038352, 0.543121, 0.3697097, 1
0.680974, 0.535005, 0.6758135, 1
0.409067, 0.5462699, 0.3325813, 1
0.5878878, 0.5113719, 0.6100575, 1
0.4362488, 0.5449657, 0.3302265, 1
0.2855766, 0.4911518, 0.2126842, 1
0.3424051, 0.507476, 0.2627589, 1
0.5647097, 0.5236135, 0.5393621, 1
0.5323746, 0.5299038, 0.6109104, 1
0.3021499, 0.4973471, 0.2583219, 1
0.4297713, 0.5442329, 0.365531, 1
0.2572295, 0.5184502, 0.1880095, 1
0.4147748, 0.5420907, 0.3722844, 1
0.4205428, 0.5323672, 0.4403708, 1
0.53808, 0.5324457, 0.6198345, 1
0.2830993, 0.4949169, 0.2338657, 1
0.5256594, 0.5247252, 0.4801646, 1
0.2448418, 0.491938, 0.214009, 1
0.2679791, 0.5059002, 0.210484, 1
0.478488, 0.5392855, 0.4143382, 1
0.4707264, 0.5311971, 0.4951551, 1
0.2547118, 0.522615, 0.1992038, 1
0.4256535, 0.529683, 0.4601961, 1
0.5118571, 0.5273358, 0.4476448, 1
0.2536538, 0.5042915, 0.2101049, 1
0.5710365, 0.5250023, 0.5437664, 1
0.2999081, 0.4994415, 0.2142382, 1
0.4654928, 0.5420065, 0.3853066, 1
0.2817812, 0.5287088, 0.1770572, 1
0.340065, 0.5021507, 0.1935839, 1
0.5899176, 0.5236261, 0.5348171, 1
0.6293493, 0.5220199, 0.6222944, 1
0.4808311, 0.5299023, 0.5068413, 1
0.5519985, 0.5320059, 0.6423462, 1
0.6879094, 0.49301, 0.7355139, 1
0.3870437, 0.5349879, 0.2855271, 1
0.3110234, 0.4983448, 0.2488127, 1
0.3187676, 0.5293776, 0.2956561, 1
0.2940218, 0.5173188, 0.1884978, 1
0.5361492, 0.5227405, 0.4974033, 1
0.3090378, 0.5172943, 0.1778086, 1
0.4276333, 0.5370157, 0.404037, 1
0.6321111, 0.533008, 0.6478222, 1
0.4520751, 0.5373054, 0.4286489, 1
0.3519801, 0.5244745, 0.2808996, 1
0.456841, 0.5387895, 0.4092562, 1
0.4452273, 0.5318522, 0.4718928, 1
0.6572316, 0.5422062, 0.7350653, 1
0.4190486, 0.533495, 0.4212205, 1
0.3794711, 0.5475765, 0.3863117, 1
0.3357168, 0.5321388, 0.3041023, 1
0.6376014, 0.5476168, 0.6871495, 1
0.3902928, 0.5458688, 0.3224697, 1
0.3253912, 0.5192015, 0.2302811, 1
0.5182217, 0.5283816, 0.5224264, 1
0.6077239, 0.5096212, 0.5857941, 1
0.4437731, 0.5349793, 0.4463413, 1
0.3198132, 0.5007437, 0.2380807, 1
0.592828, 0.5423908, 0.6901661, 1
0.3995033, 0.5469723, 0.3243139, 1
0.5240923, 0.5262675, 0.4638122, 1
0.4091306, 0.5352193, 0.2790672, 1
0.4371672, 0.5399979, 0.3941295, 1
0.4610278, 0.5374576, 0.4363916, 1
0.4884646, 0.5314792, 0.5411548, 1
0.3063812, 0.5028383, 0.2623207, 1
0.4655547, 0.5429126, 0.3827693, 1
0.4720279, 0.529716, 0.4964586, 1
0.4801437, 0.5391483, 0.4335085, 1
0.5035748, 0.5269402, 0.4959327, 1
0.3704084, 0.538224, 0.3014315, 1
0.4377277, 0.5465478, 0.3540736, 1
0.4785031, 0.5342038, 0.4779086, 1
0.4089925, 0.5325876, 0.4029193, 1
0.5229686, 0.5255225, 0.4705058, 1
0.4372047, 0.542491, 0.3766884, 1
0.4823771, 0.5307568, 0.5305172, 1
0.5331771, 0.5244507, 0.5190879, 1
0.6378865, 0.5504167, 0.7209053, 1
0.6095137, 0.5473883, 0.6807165, 1
0.2922946, 0.5036666, 0.2199953, 1
0.3806373, 0.5295098, 0.2798158, 1
0.4321762, 0.5328999, 0.4416934, 1
0.3449876, 0.5217229, 0.2805178, 1
0.6262308, 0.545435, 0.6674749, 1
0.5806467, 0.5249454, 0.5340453, 1
0.2844408, 0.4971061, 0.2487251, 1
0.6223762, 0.5468709, 0.6801979, 1
0.3149704, 0.4984944, 0.2559668, 1
0.6810328, 0.5345694, 0.6746082, 1
0.2761208, 0.5224776, 0.2118463, 1
0.6795914, 0.5245772, 0.6484329, 1
0.3060261, 0.4957311, 0.1878827, 1
0.4853194, 0.5301408, 0.5124807, 1
0.4890052, 0.5328323, 0.5339044, 1
0.4171104, 0.5332714, 0.4098795, 1
0.6575518, 0.5444435, 0.6795582, 1
0.6401792, 0.5389428, 0.6599343, 1
0.435446, 0.5347201, 0.4310887, 1
0.4247066, 0.5455879, 0.3519174, 1
0.4045456, 0.5349706, 0.2774895, 1
0.5794674, 0.5127708, 0.6076271, 1
0.6479359, 0.5474749, 0.7388325, 1
0.2581419, 0.5250338, 0.1892954, 1
0.3607001, 0.5367143, 0.2997365, 1
0.3175575, 0.5179233, 0.2864026, 1
0.3688431, 0.5378107, 0.3010875, 1
0.5713534, 0.5128805, 0.5990974, 1
0.629094, 0.5244653, 0.626923, 1
0.6114162, 0.5315244, 0.6431488, 1
0.2820518, 0.4952623, 0.2718812, 1
0.5336709, 0.5239142, 0.4907487, 1
0.5405653, 0.5257418, 0.4780032, 1
0.5788764, 0.515951, 0.6161031, 1
0.304858, 0.5166968, 0.2320819, 1
0.3000008, 0.5088539, 0.2273086, 1
0.4344906, 0.5457551, 0.3459878, 1
0.5365164, 0.5300462, 0.4505388, 1
0.5349345, 0.5244329, 0.5819857, 1
0.5247913, 0.5282654, 0.5992507, 1
0.5202366, 0.5258298, 0.5813239, 1
0.3988074, 0.5464785, 0.3192658, 1
0.4694923, 0.5397316, 0.4065606, 1
0.4651815, 0.535823, 0.47828, 1
0.6471366, 0.5291111, 0.6416029, 1
0.4112799, 0.5322345, 0.4197997, 1
0.2544315, 0.492627, 0.1937497, 1
0.4914909, 0.5362732, 0.555135, 1
0.507146, 0.5272784, 0.450788, 1
0.3840458, 0.5442131, 0.3309112, 1
0.4906828, 0.5339013, 0.5315309, 1
0.2574077, 0.5216077, 0.2045146, 1
0.3992822, 0.5470079, 0.3265473, 1
0.4994858, 0.5335364, 0.5349554, 1
0.5584843, 0.522323, 0.5788095, 1
0.6950553, 0.5320232, 0.7053547, 1
0.4856134, 0.530193, 0.5058112, 1
0.3818498, 0.5434738, 0.3159372, 1
0.5153551, 0.5306325, 0.4281723, 1
0.4965584, 0.5402187, 0.4174816, 1
0.5374897, 0.5266817, 0.5650644, 1
0.4730977, 0.5428164, 0.383554, 1
0.4564007, 0.5395996, 0.3995094, 1
0.3742996, 0.5429619, 0.3614134, 1
0.6142457, 0.5125141, 0.6047029, 1
0.5907205, 0.5130087, 0.5789471, 1
0.341404, 0.5190072, 0.218659, 1
0.4875042, 0.5286902, 0.4752638, 1
0.5142727, 0.531676, 0.5381519, 1
0.5778129, 0.5212719, 0.5727316, 1
0.4212802, 0.5447367, 0.3434548, 1
0.5547746, 0.5244991, 0.5520654, 1
0.551648, 0.5186257, 0.5132995, 1
0.5388489, 0.5267574, 0.6090581, 1
0.6240498, 0.5464056, 0.6825817, 1
0.6734635, 0.5408327, 0.7138417, 1
0.6101475, 0.530715, 0.6383415, 1
0.3773419, 0.5418896, 0.3226112, 1
0.4328423, 0.5392772, 0.3939468, 1
0.6916637, 0.5200618, 0.7352614, 1
0.3731045, 0.5389709, 0.3421591, 1
0.5238874, 0.5266558, 0.5717608, 1
0.5133588, 0.5296571, 0.5704144, 1
0.5483453, 0.5191709, 0.5086858, 1
0.3202659, 0.5245785, 0.2894165, 1
0.3743876, 0.5397524, 0.3296225, 1
0.3259709, 0.5021785, 0.2533832, 1
0.53724, 0.5247995, 0.5224642, 1
0.4901864, 0.5305721, 0.5138612, 1
0.6382805, 0.5511145, 0.7229615, 1
0.3685005, 0.5180919, 0.2493576, 1
0.3669139, 0.5358179, 0.3388177, 1
0.6357435, 0.5495217, 0.7188298, 1
0.3437185, 0.5047848, 0.243377, 1
0.2724452, 0.5064669, 0.2518158, 1
0.5128334, 0.5290467, 0.5729551, 1
0.6522823, 0.5338573, 0.6503243, 1
0.5502437, 0.5235448, 0.53708, 1
0.4273059, 0.5450611, 0.3332078, 1
0.6058439, 0.5147476, 0.565488, 1
0.303712, 0.5140117, 0.2183757, 1
0.4836895, 0.5395811, 0.4144587, 1
0.5789494, 0.5262899, 0.5608756, 1
0.3875546, 0.5454368, 0.3639091, 1
0.5881047, 0.5323229, 0.6354585, 1
0.6044807, 0.5130104, 0.6084215, 1
0.3501326, 0.5111512, 0.2601355, 1
0.4227123, 0.5322144, 0.4434673, 1
0.4374222, 0.5330183, 0.4452122, 1
0.4208467, 0.5336939, 0.4209015, 1
0.3733255, 0.5398148, 0.3035665, 1
0.3859597, 0.5270575, 0.2550233, 1
0.3916027, 0.5424486, 0.2995909, 1
0.6195192, 0.507577, 0.5970021, 1
0.3178029, 0.4977776, 0.215341, 1
0.4067083, 0.5407891, 0.2915682, 1
0.6373698, 0.5072114, 0.6058601, 1
0.4638669, 0.5299959, 0.502412, 1
0.5774579, 0.5159279, 0.6152046, 1
0.5610456, 0.5160427, 0.5970744, 1
0.4017841, 0.5457501, 0.344613, 1
0.4913155, 0.5324344, 0.544854, 1
0.5625943, 0.5229639, 0.5370616, 1
0.2902529, 0.5047363, 0.2434422, 1
0.5678404, 0.538305, 0.6549947, 1
0.5325592, 0.5284204, 0.4620184, 1
0.2661647, 0.5068172, 0.2089114, 1
0.4909902, 0.5324406, 0.5456194, 1
0.6645787, 0.5057724, 0.620867, 1
0.3051498, 0.5215169, 0.2069565, 1
0.5624723, 0.5194836, 0.4976278, 1
0.4756761, 0.5293128, 0.5033929, 1
0.68297, 0.5375355, 0.7111112, 1
0.4293723, 0.5374036, 0.4047571, 1
0.634903, 0.5238844, 0.6269116, 1
0.6079679, 0.5159411, 0.5622498, 1
0.4381614, 0.5385872, 0.4023951, 1
0.5944593, 0.5101557, 0.6038911, 1
0.5489798, 0.5237563, 0.583719, 1
0.4222976, 0.544109, 0.3571977, 1
0.3249238, 0.5283507, 0.2915298, 1
0.692699, 0.528945, 0.6845563, 1
0.4576142, 0.5367221, 0.4471716, 1
0.2641524, 0.5293436, 0.1879483, 1
0.4969326, 0.525456, 0.4846969, 1
0.3855893, 0.5455289, 0.3440523, 1
0.484312, 0.5395973, 0.4134027, 1
0.5992114, 0.5133457, 0.5773605, 1
0.2721591, 0.4992232, 0.1867205, 1
0.3154909, 0.499358, 0.23254, 1
0.6456468, 0.5502619, 0.7022058, 1
0.5228331, 0.5242752, 0.4820367, 1
0.5418708, 0.5247573, 0.5895261, 1
0.2780665, 0.4730807, 0.193339, 1
0.57296, 0.5181251, 0.6207266, 1
0.6202313, 0.5263319, 0.6297897, 1
0.3624664, 0.5350341, 0.3294245, 1
0.5220858, 0.5256063, 0.4694324, 1
0.3221995, 0.5148848, 0.2313341, 1
0.5509151, 0.5209884, 0.5948847, 1
0.5135605, 0.5318708, 0.5367405, 1
0.3813407, 0.5431256, 0.3269456, 1
0.5721592, 0.5136974, 0.605687, 1
0.4308823, 0.5405807, 0.3846088, 1
0.5234655, 0.5272175, 0.570395, 1
0.3279083, 0.5178025, 0.2123183, 1
0.3738506, 0.5399461, 0.3250549, 1
0.487104, 0.5366957, 0.4388724, 1
0.3058714, 0.5135124, 0.2903778, 1
0.5720153, 0.5219694, 0.5734027, 1
0.4175443, 0.5431523, 0.3609319, 1
0.4658169, 0.5355512, 0.4866385, 1
0.5640482, 0.5227948, 0.5350387, 1
0.4720176, 0.5328248, 0.527757, 1
0.4500877, 0.5390786, 0.4079483, 1
0.3945974, 0.5458034, 0.3451249, 1
0.3177693, 0.5293763, 0.2960637, 1
0.3061076, 0.4973736, 0.2594901, 1
0.7054302, 0.5252413, 0.7221588, 1
0.6561671, 0.5209006, 0.6358726, 1
0.5855426, 0.5206418, 0.62264, 1
0.6716059, 0.497927, 0.7442379, 1
0.6242315, 0.5061494, 0.5927713, 1
0.4957423, 0.5267255, 0.4904482, 1
0.4463509, 0.5451398, 0.3394322, 1
0.2925434, 0.4931157, 0.1609988, 1
0.2818891, 0.4786391, 0.2069354, 1
0.530558, 0.5289171, 0.5602091, 1
0.4296547, 0.5334906, 0.4294043, 1
0.2453808, 0.5173206, 0.21747, 1
0.424183, 0.5314363, 0.4486428, 1
0.369439, 0.5202745, 0.2587957, 1
0.4955675, 0.5336363, 0.435645, 1
0.5872908, 0.5107763, 0.5943208, 1
0.5654396, 0.5254654, 0.5526869, 1
0.6861347, 0.5360311, 0.7136206, 1
0.5676699, 0.5285732, 0.6423473, 1
0.3204329, 0.5005994, 0.2029009, 1
0.4991113, 0.5333524, 0.5430877, 1
0.3678673, 0.5256934, 0.2803421, 1
0.4573633, 0.534432, 0.4761072, 1
0.2549044, 0.5173919, 0.2153278, 1
0.5839688, 0.5142383, 0.5796728, 1
0.3716834, 0.5409381, 0.310024, 1
0.3980131, 0.54521, 0.3705762, 1
0.6465538, 0.5492321, 0.7222666, 1
0.670557, 0.5250806, 0.6451774, 1
0.3239004, 0.5000482, 0.2625912, 1
0.5093157, 0.5277284, 0.5135651, 1
0.4646839, 0.5347966, 0.4908611, 1
0.5765113, 0.5416861, 0.6587688, 1
0.546733, 0.5329351, 0.6306577, 1
0.3347996, 0.5149752, 0.2211428, 1
0.2822627, 0.4713964, 0.1782394, 1
0.2649064, 0.4925417, 0.2166231, 1
0.3780689, 0.5432537, 0.3443146, 1
0.4070725, 0.5316677, 0.2743852, 1
0.6375694, 0.5518845, 0.7328942, 1
0.3782955, 0.5196854, 0.2399632, 1
0.4927897, 0.5396913, 0.4047796, 1
0.32468, 0.5113747, 0.2804578, 1
0.5065947, 0.528118, 0.5127973, 1
0.6659559, 0.5395589, 0.7412064, 1
0.5096708, 0.5313606, 0.5672892, 1
0.5857117, 0.51093, 0.5881657, 1
0.6702502, 0.5432855, 0.6984581, 1
0.575649, 0.5426416, 0.6692456, 1
0.3609601, 0.5363038, 0.3138127, 1
0.4512953, 0.5353637, 0.4564489, 1
0.3734576, 0.5398443, 0.303584, 1
0.7051138, 0.4990599, 0.726083, 1
0.3284703, 0.5016543, 0.2593318, 1
0.5281642, 0.5248176, 0.4759266, 1
0.5762838, 0.5223991, 0.5276344, 1
0.2605995, 0.4849356, 0.2045992, 1
0.5107005, 0.5312075, 0.4280302, 1
0.6293595, 0.5466424, 0.6819875, 1
0.3489687, 0.5066357, 0.212296, 1
0.2807017, 0.5201157, 0.1917068, 1
0.4012835, 0.5424862, 0.2969361, 1
0.3639767, 0.5246793, 0.2801698, 1
0.4280617, 0.5332537, 0.4371057, 1
0.4989804, 0.5325472, 0.5192946, 1
0.6848578, 0.534191, 0.7218859, 1
0.2947943, 0.4771038, 0.1955874, 1
0.5497864, 0.5246018, 0.571088, 1
0.5818464, 0.5204518, 0.5135195, 1
0.2745905, 0.5103096, 0.1898212, 1
0.4791709, 0.5291091, 0.4974636, 1
0.4332458, 0.5457761, 0.3465969, 1
0.3140884, 0.5183353, 0.2884041, 1
0.3536846, 0.5112287, 0.2552055, 1
0.3284698, 0.5301943, 0.2936604, 1
0.6183031, 0.5063694, 0.5879164, 1
0.3006974, 0.5201659, 0.2237076, 1
0.5336785, 0.5249446, 0.4763725, 1
0.5990586, 0.5218876, 0.5538867, 1
0.6639159, 0.5406118, 0.7325145, 1
0.5737924, 0.5242801, 0.5363719, 1
0.5235434, 0.5253413, 0.5126641, 1
0.4257743, 0.5435857, 0.3055348, 1
0.5543641, 0.5226688, 0.5350198, 1
0.7175857, 0.5179874, 0.7187285, 1
0.5440665, 0.5219284, 0.4931476, 1
0.3820027, 0.5302815, 0.2800381, 1
0.5861349, 0.5262625, 0.5423402, 1
0.2621981, 0.5127414, 0.2228803, 1
0.2708705, 0.5016122, 0.2520158, 1
0.4642607, 0.5359525, 0.4739062, 1
0.5052015, 0.5313742, 0.5196413, 1
0.51051, 0.5252827, 0.4625853, 1
0.2726166, 0.5215651, 0.2234043, 1
0.4493956, 0.5392597, 0.4019809, 1
0.3368475, 0.5038462, 0.2422977, 1
0.5664047, 0.5253161, 0.5576186, 1
0.3594645, 0.5366481, 0.3035132, 1
0.4698211, 0.5306814, 0.5097537, 1
0.2633853, 0.5035082, 0.1775419, 1
0.3121448, 0.5096478, 0.2235276, 1
0.5133071, 0.5250756, 0.484994, 1
0.5372438, 0.5255434, 0.5437686, 1
0.4327061, 0.5369424, 0.4140399, 1
0.3903803, 0.543864, 0.3575343, 1
0.2604729, 0.4681568, 0.1943313, 1
0.7087918, 0.5262295, 0.7153348, 1
0.6479794, 0.5069161, 0.613009, 1
0.5374256, 0.5322203, 0.6191705, 1
0.3971229, 0.5465652, 0.3422542, 1
0.5188576, 0.5310677, 0.5634304, 1
0.3545294, 0.5354328, 0.3403658, 1
0.6371418, 0.5464221, 0.7012784, 1
0.539174, 0.5263099, 0.551204, 1
0.4974446, 0.5251654, 0.4840945, 1
0.4480064, 0.5339562, 0.4641735, 1
0.5720028, 0.5173087, 0.5094838, 1
0.5182179, 0.5308706, 0.5371068, 1
0.3216186, 0.5007918, 0.2289013, 1
0.4338417, 0.5453093, 0.3342259, 1
0.3200575, 0.508089, 0.2097585, 1
0.3535649, 0.5069672, 0.2250301, 1
0.3712143, 0.5385194, 0.3507857, 1
0.2900852, 0.4972699, 0.2400233, 1
0.6451286, 0.5131928, 0.6209145, 1
0.5059884, 0.5258031, 0.4913592, 1
0.7018524, 0.5092397, 0.7294414, 1
0.6233626, 0.5381673, 0.6575539, 1
0.6511511, 0.5504128, 0.6971222, 1
0.4064614, 0.5439546, 0.3059083, 1
0.3730136, 0.5460151, 0.3691734, 1
0.3616233, 0.529397, 0.2830563, 1
0.3397026, 0.5140164, 0.223559, 1
0.4815207, 0.5294487, 0.5021125, 1
0.6210857, 0.5284277, 0.6422331, 1
0.3342291, 0.5139211, 0.2789336, 1
0.4666325, 0.5306906, 0.5083364, 1
0.5326945, 0.5245653, 0.58131, 1
0.6540475, 0.5451819, 0.7433066, 1
0.467998, 0.5306788, 0.5090721, 1
0.7138175, 0.5056469, 0.7235094, 1
0.2994972, 0.4970319, 0.2614817, 1
0.3844558, 0.5319088, 0.281533, 1
0.5945148, 0.5350683, 0.6390252, 1
0.2605945, 0.4885604, 0.2375173, 1
0.2702495, 0.5094992, 0.1775175, 1
0.3414982, 0.5203618, 0.2129651, 1
0.4950655, 0.540153, 0.4117805, 1
0.6059916, 0.5326166, 0.6388261, 1
0.5720503, 0.5259359, 0.5016161, 1
0.4145034, 0.5331957, 0.4187775, 1
0.385985, 0.5266398, 0.2516326, 1
0.2800092, 0.4818505, 0.1755488, 1
0.2646102, 0.5187474, 0.1883082, 1
0.4681624, 0.5409101, 0.3950383, 1
0.6581313, 0.5057533, 0.7551973, 1
0.6158088, 0.5226938, 0.6184397, 1
0.5973397, 0.5466698, 0.6741079, 1
0.6330783, 0.5056856, 0.5788052, 1
0.6691366, 0.540735, 0.6817052, 1
0.4796538, 0.5397332, 0.4042847, 1
0.5083421, 0.5380397, 0.4126795, 1
0.3015084, 0.4975697, 0.2523404, 1
0.3414749, 0.5105997, 0.2739135, 1
0.3383032, 0.504295, 0.2213799, 1
0.3680592, 0.5312854, 0.2852939, 1
0.4103819, 0.538974, 0.3891605, 1
0.49169, 0.534458, 0.5282303, 1
0.3906663, 0.5470731, 0.3711211, 1
0.4297653, 0.5448743, 0.3313197, 1
0.2876652, 0.4937766, 0.2259746, 1
0.4113867, 0.5376899, 0.2840026, 1
0.6185353, 0.5447947, 0.7239123, 1
0.5936002, 0.536155, 0.6418335, 1
0.4804077, 0.5311961, 0.4854524, 1
0.3570496, 0.5130967, 0.2540352, 1
0.3579379, 0.535701, 0.3445705, 1
0.6086928, 0.5380785, 0.7068828, 1
0.4213352, 0.5341641, 0.4142122, 1
0.4682657, 0.5338075, 0.490948, 1
0.353123, 0.5338671, 0.3319517, 1
0.3129071, 0.5027996, 0.1755658, 1
0.4148221, 0.5447368, 0.3210891, 1
0.7019855, 0.5254378, 0.7246523, 1
0.271907, 0.5113982, 0.1709875, 1
0.7106822, 0.5085588, 0.7260108, 1
0.6527573, 0.547971, 0.7101344, 1
0.6402693, 0.5050881, 0.6021361, 1
0.46217, 0.5374202, 0.4445322, 1
0.5986159, 0.5347294, 0.701255, 1
0.5799995, 0.5183181, 0.5774267, 1
0.3724467, 0.5349609, 0.2896749, 1
0.5170008, 0.5310884, 0.4240952, 1
0.2845555, 0.4898826, 0.1789367, 1
0.4998868, 0.5335568, 0.5342677, 1
0.5634737, 0.5203357, 0.4964211, 1
0.3530975, 0.5345374, 0.3164053, 1
0.3826329, 0.5433995, 0.3257888, 1
0.5722461, 0.512712, 0.5960227, 1
0.6616656, 0.5380999, 0.6650722, 1
0.5808071, 0.5268226, 0.5548118, 1
0.4824021, 0.5358035, 0.452307, 1
0.6570925, 0.5134071, 0.6262853, 1
0.2535125, 0.4994045, 0.2232399, 1
0.6398209, 0.5092455, 0.6119642, 1
0.6701991, 0.5348428, 0.665616, 1
0.5706217, 0.5177077, 0.6181573, 1
0.5087494, 0.5257625, 0.4586964, 1
0.2762874, 0.4778313, 0.1817288, 1
0.4804609, 0.5483045, 0.3681586, 1
0.3939775, 0.5462797, 0.3427849, 1
0.6561954, 0.5362983, 0.7570957, 1
0.4536902, 0.5392554, 0.4047462, 1
0.666748, 0.5408882, 0.7345994, 1
0.2736749, 0.4688901, 0.1898617, 1
0.6710387, 0.5294298, 0.6551324, 1
0.5245565, 0.5252113, 0.5792307, 1
0.5633365, 0.516639, 0.6085645, 1
0.4624545, 0.5399664, 0.4083794, 1
0.5598925, 0.5174182, 0.5122425, 1
0.4657058, 0.5364564, 0.4642578, 1
0.3644404, 0.535025, 0.3440144, 1
0.6386125, 0.5473266, 0.6995237, 1
0.537487, 0.5293823, 0.462893, 1
0.4137575, 0.5413707, 0.377836, 1
0.4991616, 0.5338041, 0.5583107, 1
0.6258405, 0.5156381, 0.6105191, 1
0.3736673, 0.5416589, 0.3147337, 1
0.4574262, 0.5369675, 0.445798, 1
0.6687967, 0.5421929, 0.7421156, 1
0.2929773, 0.5058641, 0.2564767, 1
0.5544465, 0.5231512, 0.5800945, 1
0.3420472, 0.5322954, 0.3097892, 1
0.5567678, 0.5244019, 0.6178068, 1
0.2639493, 0.4896645, 0.2372625, 1
0.5061846, 0.53374, 0.5548179, 1
0.6595184, 0.5221857, 0.6379217, 1
0.2659479, 0.4954483, 0.2530569, 1
0.2541102, 0.5130615, 0.1965556, 1
0.508456, 0.5253902, 0.4611492, 1
0.5144836, 0.5277666, 0.5812029, 1
0.2574695, 0.4810712, 0.1988643, 1
0.5512751, 0.519875, 0.5208951, 1
0.4132598, 0.5440232, 0.3083582, 1
0.6634418, 0.5447125, 0.6936101, 1
0.681878, 0.5255132, 0.6498602, 1
0.6283322, 0.5177616, 0.6141158, 1
0.4394409, 0.5417985, 0.3852077, 1
0.5420836, 0.5307684, 0.455174, 1
0.4680651, 0.5412095, 0.3925586, 1
0.5560698, 0.5192176, 0.5926333, 1
0.5230443, 0.525471, 0.5774744, 1
0.6147872, 0.5315887, 0.6464587, 1
0.5043086, 0.5325964, 0.5639579, 1
0.6368149, 0.5517594, 0.7310601, 1
0.4671656, 0.534944, 0.5209584, 1
0.449959, 0.5459437, 0.345578, 1
0.6353106, 0.5466982, 0.6875963, 1
0.5805445, 0.5335001, 0.6449042, 1
0.4230696, 0.5435089, 0.3064781, 1
0.3557839, 0.5334239, 0.3293014, 1
0.2829562, 0.4666732, 0.1891516, 1
0.6023824, 0.5212303, 0.5477969, 1
0.4708329, 0.5357992, 0.4733195, 1
0.6610655, 0.5443556, 0.6879782, 1
0.6293409, 0.5050178, 0.5844088, 1
0.2916673, 0.5263137, 0.1786323, 1
0.4115744, 0.5457605, 0.3269215, 1
0.6793449, 0.5326219, 0.7357469, 1
0.5288265, 0.5250516, 0.5814819, 1
0.4607978, 0.537301, 0.4341548, 1
0.3024873, 0.5158049, 0.1817019, 1
0.4744374, 0.5391094, 0.4291817, 1
0.2679529, 0.5081462, 0.2365445, 1
0.5705778, 0.5193182, 0.6221179, 1
0.5416388, 0.5247981, 0.594859, 1
0.5380463, 0.5253344, 0.5295277, 1
0.6134813, 0.5206289, 0.615353, 1
0.3965467, 0.5449661, 0.367925, 1
0.5286276, 0.5255083, 0.586153, 1
0.2941488, 0.5193049, 0.2169966, 1
0.3232814, 0.5149362, 0.2112017, 1
0.6469829, 0.5306577, 0.6442472, 1
0.3200051, 0.5040796, 0.2775837, 1
0.5664479, 0.5243356, 0.4958543, 1
0.5892495, 0.5107707, 0.6031298, 1
0.4903569, 0.5267628, 0.4896829, 1
0.3474596, 0.5073537, 0.2291324, 1
0.3744805, 0.5319285, 0.2842459, 1
0.5470383, 0.5247348, 0.5755983, 1
0.4906413, 0.5433772, 0.3848008, 1
0.4070387, 0.5318058, 0.4168563, 1
0.6864015, 0.5334574, 0.6936736, 1
0.6689061, 0.5397153, 0.7346722, 1
0.3693627, 0.5318179, 0.2857677, 1
0.5686354, 0.5404186, 0.6609679, 1
0.605727, 0.5139916, 0.5701381, 1
0.5698314, 0.5225979, 0.5702574, 1
0.3497754, 0.5088837, 0.2540681, 1
0.2963946, 0.4888948, 0.2088358, 1
0.6913402, 0.5212749, 0.7348824, 1
0.4496551, 0.5327474, 0.4778146, 1
0.5102597, 0.5337389, 0.5514837, 1
0.5696948, 0.5227705, 0.5331529, 1
0.6929404, 0.5301148, 0.7259644, 1
0.6802571, 0.5373689, 0.702634, 1
0.6280888, 0.5464624, 0.6726034, 1
0.2842999, 0.5163649, 0.2231524, 1
0.4013574, 0.5335142, 0.2746005, 1
0.5266902, 0.5247033, 0.4760248, 1
0.3885133, 0.5440347, 0.3929138, 1
0.6867536, 0.515777, 0.7395275, 1
0.3710121, 0.5477961, 0.3749683, 1
0.4303076, 0.5442486, 0.3211303, 1
0.6657174, 0.5404391, 0.736357, 1
0.4535153, 0.5363923, 0.4474703, 1
0.4732677, 0.5357031, 0.4711928, 1
0.4404697, 0.5397656, 0.3968751, 1
0.325961, 0.4975632, 0.2068714, 1
0.3872862, 0.5451424, 0.3244064, 1
0.5527667, 0.52386, 0.577876, 1
0.3704476, 0.5169825, 0.241025, 1
0.5276725, 0.5290623, 0.5527201, 1
0.357934, 0.5153047, 0.261986, 1
0.5166196, 0.5249904, 0.4964369, 1
0.5442233, 0.5203732, 0.5157513, 1
0.6889256, 0.5311457, 0.6785716, 1
0.4706144, 0.5375734, 0.4441749, 1
0.3652479, 0.5139267, 0.2412038, 1
0.4014578, 0.5432327, 0.3596913, 1
0.4978477, 0.5409591, 0.3921012, 1
0.2786952, 0.4910253, 0.2277936, 1
0.3496676, 0.5311632, 0.2888614, 1
0.3326042, 0.5030581, 0.2497841, 1
0.5707293, 0.5190282, 0.520912, 1
0.6361273, 0.530038, 0.6380882, 1
0.6861516, 0.5339595, 0.7230815, 1
0.5657619, 0.5221294, 0.5703238, 1
0.3593885, 0.5085012, 0.2338616, 1
0.4287813, 0.5442563, 0.3647711, 1
0.5288503, 0.5250419, 0.5199613, 1
0.5053745, 0.5246354, 0.4786239, 1
0.5133548, 0.5281003, 0.5774851, 1
0.4987233, 0.5328624, 0.4343148, 1
0.3947554, 0.5459733, 0.3441848, 1
0.2944278, 0.5052348, 0.2068857, 1
0.5203869, 0.5296721, 0.5671044, 1
0.5162263, 0.5255544, 0.5059819, 1
0.3602852, 0.5356019, 0.3465404, 1
0.4218208, 0.5451408, 0.3357237, 1
0.5123494, 0.5294891, 0.439299, 1
0.5630511, 0.5187051, 0.6143905, 1
0.429561, 0.539502, 0.3882127, 1
0.2670375, 0.4986903, 0.1960794, 1
0.3829476, 0.5414018, 0.3013704, 1
0.5085062, 0.5299166, 0.438958, 1
0.5101256, 0.5328041, 0.5624798, 1
0.3955155, 0.5418612, 0.3953253, 1
0.3634101, 0.5278671, 0.282652, 1
0.3057261, 0.4967442, 0.1878541, 1
0.3785437, 0.5137274, 0.2314939, 1
0.6427047, 0.5304474, 0.6411099, 1
0.2744367, 0.5213261, 0.2183237, 1
0.3727803, 0.5407687, 0.3179723, 1
0.6305713, 0.5470124, 0.6785998, 1
0.5071689, 0.5253881, 0.4639376, 1
0.4555326, 0.5377287, 0.4260311, 1
0.3666461, 0.5372874, 0.3568366, 1
0.6388658, 0.5132279, 0.6153427, 1
0.5143675, 0.5253425, 0.4589693, 1
0.3017884, 0.5129612, 0.2153118, 1
0.2721262, 0.5136534, 0.2143508, 1
0.4664006, 0.5365031, 0.4712936, 1
0.5054301, 0.529309, 0.4462217, 1
0.3650227, 0.5342985, 0.2906974, 1
0.5265519, 0.5238182, 0.5033277, 1
0.5029039, 0.5292795, 0.5115134, 1
0.6767852, 0.5403731, 0.6994513, 1
0.4512815, 0.5351399, 0.4583369, 1
0.2997807, 0.50085, 0.258582, 1
0.4529707, 0.5370771, 0.43225, 1
0.2676862, 0.4848796, 0.2267891, 1
0.2869221, 0.4957958, 0.2693228, 1
0.5004275, 0.5290958, 0.5063425, 1
0.6297637, 0.5474945, 0.7161965, 1
0.4035907, 0.5447242, 0.3474193, 1
0.5326269, 0.5271362, 0.5664182, 1
0.6248391, 0.5274338, 0.6350474, 1
0.3101778, 0.5041525, 0.2589145, 1
0.4077697, 0.5453509, 0.3431949, 1
0.4716875, 0.532884, 0.5202429, 1
0.2492221, 0.5082362, 0.1903535, 1
0.5453864, 0.5257944, 0.565052, 1
0.3833701, 0.5283419, 0.2760887, 1
0.3698786, 0.5386823, 0.3222906, 1
0.4027579, 0.5331733, 0.4267087, 1
0.5009906, 0.5399279, 0.4096818, 1
0.308717, 0.5167981, 0.230192, 1
0.6424253, 0.5470631, 0.7103882, 1
0.5380371, 0.5301469, 0.4523503, 1
0.4856485, 0.5330576, 0.460749, 1
0.6363003, 0.5460588, 0.7034951, 1
0.3090804, 0.4985532, 0.2292465, 1
0.5908505, 0.5363703, 0.6429358, 1
0.6741872, 0.5270882, 0.7440133, 1
0.3407613, 0.5046026, 0.242944, 1
0.5301917, 0.5307027, 0.4399277, 1
0.5747097, 0.5252315, 0.5034735, 1
0.2700456, 0.4635601, 0.1882549, 1
0.4714453, 0.5423626, 0.3875193, 1
0.3757022, 0.5253574, 0.2773964, 1
0.6273344, 0.5385789, 0.6576737, 1
0.2574834, 0.5276073, 0.2070251, 1
0.6023735, 0.5347623, 0.6439853, 1
0.3473566, 0.5097584, 0.2610478, 1
0.5806313, 0.5120808, 0.587536, 1
0.6179227, 0.5071419, 0.5959266, 1
0.2782691, 0.497146, 0.2314467, 1
0.3673674, 0.5254577, 0.2802408, 1
0.5385466, 0.5245161, 0.5841332, 1
0.2832026, 0.4961548, 0.193205, 1
0.5911683, 0.5357978, 0.6417813, 1
0.5501505, 0.5194682, 0.5180767, 1
0.5072469, 0.5292525, 0.4433983, 1
0.4995613, 0.5293108, 0.5068558, 1
0.460319, 0.5468853, 0.3461657, 1
0.3665241, 0.5089135, 0.2222291, 1
0.4362142, 0.5466148, 0.3532222, 1
0.549646, 0.5249927, 0.5537755, 1
0.3998225, 0.543415, 0.3655238, 1
0.3561175, 0.5205286, 0.277604, 1
0.3108679, 0.496906, 0.2699918, 1
0.3768021, 0.5421345, 0.3567017, 1
0.4264436, 0.543928, 0.312435, 1
0.5421079, 0.5264146, 0.5616014, 1
0.592893, 0.5277175, 0.6251683, 1
0.4940109, 0.534249, 0.5536528, 1
0.3771751, 0.542396, 0.3156716, 1
0.6622405, 0.5452722, 0.697117, 1
0.4744032, 0.5429373, 0.3857528, 1
0.3865562, 0.5331612, 0.2826807, 1
0.3266281, 0.5044203, 0.2739118, 1
0.2794265, 0.4670983, 0.1801157, 1
0.6548654, 0.5482947, 0.6900524, 1
0.5162672, 0.5318497, 0.5887564, 1
0.5690871, 0.5285359, 0.6429155, 1
0.6745319, 0.5412278, 0.710717, 1
0.5259485, 0.5264753, 0.522877, 1
0.5124555, 0.532868, 0.5621303, 1
0.5254494, 0.5264767, 0.4648414, 1
0.4359007, 0.5379668, 0.4107503, 1
0.3768943, 0.5428796, 0.346623, 1
0.3038121, 0.5123405, 0.1981668, 1
0.44445, 0.5380685, 0.4109204, 1
0.4469643, 0.5352852, 0.4400739, 1
0.5937081, 0.5380666, 0.6934238, 1
0.3543479, 0.5317029, 0.287894, 1
0.3440813, 0.5254782, 0.2832103, 1
0.5038455, 0.5304697, 0.4330393, 1
0.5008135, 0.5352165, 0.4258594, 1
0.5721747, 0.5249398, 0.563516, 1
0.5999911, 0.5222106, 0.5495973, 1
0.4343555, 0.5454308, 0.335536, 1
0.4345164, 0.5344861, 0.4260268, 1
0.2849439, 0.5185704, 0.2262046, 1
0.6914356, 0.5199491, 0.642509, 1
0.6891295, 0.5302384, 0.7297376, 1
0.2622298, 0.505087, 0.2218712, 1
0.3759185, 0.5464566, 0.3689566, 1
0.3674199, 0.5358677, 0.3381014, 1
0.6257352, 0.5270239, 0.6331336, 1
0.6117141, 0.5216302, 0.6167791, 1
0.5438232, 0.5245444, 0.5848657, 1
0.5924516, 0.5284834, 0.6267304, 1
0.5447066, 0.5249536, 0.6079803, 1
0.3914325, 0.5454546, 0.3153554, 1
0.5648285, 0.5199457, 0.5262585, 1
0.4323165, 0.5326833, 0.444706, 1
0.4587495, 0.529946, 0.505823, 1
0.5051947, 0.5330377, 0.5444487, 1
0.5647167, 0.5242321, 0.5444146, 1
0.4680734, 0.5304194, 0.5000768, 1
0.4666035, 0.5304164, 0.5070571, 1
0.4992107, 0.5248967, 0.4807709, 1
0.3056271, 0.5135153, 0.1969976, 1
0.5681035, 0.5170296, 0.5121722, 1
0.6593116, 0.5401687, 0.6693964, 1
0.2547225, 0.4951204, 0.18818, 1
0.5465424, 0.5322375, 0.6266594, 1
0.4033231, 0.5470031, 0.3284155, 1
0.4626387, 0.5417334, 0.3854492, 1
0.3944236, 0.5455368, 0.368132, 1
0.256669, 0.4935292, 0.2014994, 1
0.3530056, 0.5346307, 0.3151654, 1
0.6187242, 0.5075216, 0.5969887, 1
0.648958, 0.5464475, 0.6737767, 1
0.5875949, 0.5221733, 0.622772, 1
0.6678964, 0.5435931, 0.6926583, 1
0.2380285, 0.4826527, 0.2128696, 1
0.5131849, 0.5355738, 0.4137168, 1
0.3236028, 0.5325211, 0.3004784, 1
0.3258009, 0.5062999, 0.276622, 1
0.6021408, 0.5419359, 0.6920518, 1
0.3210657, 0.5002199, 0.2496013, 1
0.6322886, 0.5271527, 0.6320863, 1
0.4606071, 0.5361481, 0.4890131, 1
0.6284336, 0.5449274, 0.7060257, 1
0.470071, 0.5300292, 0.5046327, 1
0.3888691, 0.5456877, 0.3893548, 1
0.4076528, 0.5440186, 0.351576, 1
0.4524865, 0.5442724, 0.333784, 1
0.4392644, 0.5345107, 0.4417711, 1
0.6270695, 0.5159758, 0.5659009, 1
0.3786474, 0.524027, 0.2715701, 1
0.4587043, 0.5466556, 0.3437632, 1
0.6005511, 0.5142156, 0.6118906, 1
0.5394379, 0.5253199, 0.5389127, 1
0.4278412, 0.5415792, 0.380203, 1
0.599211, 0.5408798, 0.6558067, 1
0.5339224, 0.5243888, 0.5785093, 1
0.4568448, 0.5319378, 0.5020576, 1
0.2650816, 0.5167328, 0.2030747, 1
0.4186839, 0.5429772, 0.3612446, 1
0.3180649, 0.5320951, 0.3004854, 1
0.5112627, 0.531402, 0.5251613, 1
0.523255, 0.5323685, 0.6007103, 1
0.4623522, 0.5395793, 0.4114566, 1
0.6518711, 0.5380255, 0.6553499, 1
0.2804135, 0.4750392, 0.1744186, 1
0.4173616, 0.5423008, 0.2983696, 1
0.680182, 0.5386551, 0.706745, 1
0.4856225, 0.5295346, 0.5015744, 1
0.5492655, 0.5299069, 0.6220624, 1
0.3637396, 0.5368, 0.3033061, 1
0.4104533, 0.5437469, 0.3044311, 1
0.3028684, 0.5283681, 0.194394, 1
0.7063044, 0.5247826, 0.7219308, 1
0.3770416, 0.5428001, 0.3491775, 1
0.4100735, 0.5436342, 0.3039483, 1
0.5179234, 0.530114, 0.5301096, 1
0.4872377, 0.5328614, 0.5214145, 1
0.4685499, 0.5422181, 0.3854553, 1
0.5162227, 0.5277444, 0.517684, 1
0.4238726, 0.5432605, 0.3034939, 1
0.5954344, 0.5400375, 0.6922427, 1
0.5057024, 0.5295514, 0.4420377, 1
0.5784962, 0.5255846, 0.5629901, 1
0.5500161, 0.5208094, 0.4948558, 1
0.4559986, 0.5426856, 0.3808329, 1
0.5961698, 0.5118289, 0.5837971, 1
0.3548801, 0.5071451, 0.238058, 1
0.4515245, 0.5442448, 0.3325153, 1
0.6323279, 0.5298312, 0.6400912, 1
0.6908564, 0.5301996, 0.6827372, 1
0.6298542, 0.5285795, 0.6372641, 1
0.3131508, 0.4958221, 0.1840218, 1
0.3227269, 0.4997075, 0.2643556, 1
0.3911026, 0.5428084, 0.3013982, 1
0.2855961, 0.4913021, 0.1898521, 1
0.3122865, 0.502809, 0.1788892, 1
0.331347, 0.5001253, 0.2056933, 1
0.4593905, 0.5355374, 0.4614721, 1
0.3882934, 0.5460666, 0.3661473, 1
0.4263255, 0.5351377, 0.4133123, 1
0.4906592, 0.529413, 0.5043331, 1
0.5588897, 0.5219881, 0.5714651, 1
0.4642258, 0.5299467, 0.5052224, 1
0.3339767, 0.5033266, 0.2483655, 1
0.4714686, 0.5306944, 0.4954557, 1
0.5241176, 0.5265583, 0.5208412, 1
0.4361308, 0.5344578, 0.423275, 1
0.3209684, 0.5078859, 0.2801371, 1
0.3127427, 0.5193217, 0.2212849, 1
0.4197826, 0.5338656, 0.4083535, 1
0.4768893, 0.529032, 0.4962852, 1
0.4777667, 0.5426579, 0.3925211, 1
0.2992465, 0.4987155, 0.2856111, 1
0.3349119, 0.503427, 0.2399128, 1
0.3987181, 0.5469868, 0.3261386, 1
0.6254189, 0.5447358, 0.6866441, 1
0.6744529, 0.541526, 0.6872458, 1
0.5770633, 0.5267978, 0.55475, 1
0.6757832, 0.5378187, 0.7200517, 1
0.5257367, 0.5264343, 0.5942092, 1
0.4036792, 0.5405639, 0.3929634, 1
0.3364314, 0.5051402, 0.2095806, 1
0.3316576, 0.5325918, 0.3102576, 1
0.2461292, 0.4803984, 0.2117666, 1
0.5469624, 0.5214194, 0.4934393, 1
0.2545542, 0.5064695, 0.2304517, 1
0.5150974, 0.5248942, 0.4919669, 1
0.6630213, 0.5301418, 0.6509313, 1
0.5436122, 0.5211493, 0.4970804, 1
0.5577568, 0.5248944, 0.5479174, 1
0.3659939, 0.5126163, 0.2368323, 1
0.4662222, 0.5455819, 0.3670243, 1
0.6174307, 0.5414558, 0.6611067, 1
0.3580061, 0.5084033, 0.2375572, 1
0.3474155, 0.5074595, 0.227149, 1
0.6476015, 0.5093881, 0.616783, 1
0.4751399, 0.53091, 0.5142323, 1
0.5748343, 0.5209693, 0.5243304, 1
0.3259617, 0.5047688, 0.2749459, 1
0.4845511, 0.5320584, 0.5292308, 1
0.3537196, 0.5123705, 0.2572999, 1
0.6940082, 0.5085148, 0.7335171, 1
0.5642108, 0.5198826, 0.6184641, 1
0.5487404, 0.5250173, 0.5694215, 1
0.7084535, 0.5275158, 0.7051147, 1
0.5326293, 0.5266545, 0.5409961, 1
0.4732508, 0.5318652, 0.5311173, 1
0.4957365, 0.5278823, 0.4630874, 1
0.3917059, 0.5462912, 0.3306332, 1
0.5581664, 0.5231162, 0.5598701, 1
0.2657611, 0.462155, 0.1818544, 1
0.5851144, 0.5418871, 0.6556648, 1
0.3075764, 0.497975, 0.2247082, 1
0.2761678, 0.4833426, 0.2018458, 1
0.5705312, 0.5255446, 0.5472574, 1
0.3800826, 0.5243845, 0.2614973, 1
0.4235207, 0.5435814, 0.3067914, 1
0.6060223, 0.5310053, 0.6332189, 1
0.4872678, 0.5296454, 0.501465, 1
0.5048153, 0.5392441, 0.4086492, 1
0.5901425, 0.5292757, 0.6285483, 1
0.4922054, 0.5292158, 0.4644773, 1
0.2845052, 0.5103948, 0.1760349, 1
0.4817805, 0.5287393, 0.4941757, 1
0.5855299, 0.5452049, 0.668896, 1
0.488465, 0.5437837, 0.3828139, 1
0.4467004, 0.5396094, 0.4020539, 1
0.3605601, 0.5157426, 0.2667672, 1
0.6901895, 0.5306748, 0.6965625, 1
0.5566617, 0.5278108, 0.6279781, 1
0.4145337, 0.5422453, 0.3712433, 1
0.483656, 0.5477277, 0.372896, 1
0.319726, 0.4999106, 0.2055822, 1
0.5703793, 0.5203664, 0.6239667, 1
0.5348332, 0.5244329, 0.5816707, 1
0.5283363, 0.5275834, 0.4575768, 1
0.6530082, 0.5429405, 0.6667431, 1
0.561651, 0.517235, 0.5121015, 1
0.5376027, 0.5232725, 0.4922362, 1
0.3858266, 0.5483308, 0.3826278, 1
0.346029, 0.5338558, 0.3318556, 1
0.2499565, 0.5117279, 0.1943636, 1
0.5664907, 0.5157089, 0.5920694, 1
0.2771979, 0.4880345, 0.2042194, 1
0.5965155, 0.5338863, 0.6361529, 1
0.3076531, 0.5039484, 0.1898267, 1
0.2608202, 0.4884751, 0.2119069, 1
0.4267799, 0.5449516, 0.3386626, 1
0.5138009, 0.5336643, 0.5850819, 1
0.4437748, 0.5458391, 0.3624249, 1
0.4219471, 0.544785, 0.3461504, 1
0.3346922, 0.5034411, 0.2501246, 1
0.4406777, 0.5395032, 0.3978481, 1
0.3912418, 0.5460073, 0.3212235, 1
0.603215, 0.5360656, 0.6986567, 1
0.542691, 0.5266864, 0.6113502, 1
0.5725776, 0.5217687, 0.5737592, 1
0.3968139, 0.5456781, 0.3111865, 1
0.4520519, 0.5398955, 0.3937939, 1
0.5127397, 0.5274599, 0.5142415, 1
0.2522465, 0.5021339, 0.2278305, 1
0.4725832, 0.5395615, 0.4053832, 1
0.5620344, 0.5225192, 0.619197, 1
0.6713378, 0.5148659, 0.6263545, 1
0.6002104, 0.5217025, 0.5516595, 1
0.5765652, 0.5435596, 0.6672986, 1
0.3871528, 0.5387245, 0.4039648, 1
0.5792752, 0.521083, 0.5727628, 1
0.6409526, 0.5080288, 0.6107689, 1
0.4040461, 0.540463, 0.2923041, 1
0.3669873, 0.5145833, 0.2403855, 1
0.3534402, 0.5351084, 0.3040273, 1
0.4245188, 0.5394313, 0.3876741, 1
0.2842576, 0.508056, 0.2074008, 1
0.5012947, 0.5376096, 0.4199199, 1
0.4199312, 0.5429616, 0.3024399, 1
0.2665638, 0.490635, 0.2372181, 1
0.4846095, 0.5400604, 0.4272255, 1
0.2971976, 0.5033449, 0.2136206, 1
0.6196347, 0.5276414, 0.6348951, 1
0.5037993, 0.5255542, 0.4887991, 1
0.584013, 0.5117458, 0.6043407, 1
0.6306547, 0.5479301, 0.7170138, 1
0.5860237, 0.5120367, 0.5832498, 1
0.6058375, 0.5139193, 0.6087436, 1
0.5128086, 0.5253416, 0.46672, 1
0.4325239, 0.534294, 0.4352689, 1
0.6422158, 0.5366634, 0.6559047, 1
0.5092593, 0.5252609, 0.4824357, 1
0.6870816, 0.5097663, 0.739399, 1
0.4379007, 0.5441281, 0.3678083, 1
0.5210376, 0.5260825, 0.4622564, 1
0.7075723, 0.5211564, 0.7253287, 1
0.5205606, 0.5306696, 0.5474432, 1
0.3912292, 0.5476838, 0.3799292, 1
0.2933416, 0.4972243, 0.2517623, 1
0.2867726, 0.5220065, 0.1969565, 1
0.6102979, 0.5103276, 0.6030936, 1
0.6261781, 0.5450385, 0.7109992, 1
0.5390034, 0.5253147, 0.5956419, 1
0.349006, 0.518497, 0.2782378, 1
0.5325451, 0.5289913, 0.4507218, 1
0.3607826, 0.5158989, 0.2661222, 1
0.4782691, 0.536802, 0.4498831, 1
0.5423993, 0.5242456, 0.5356428, 1
0.4220938, 0.5451438, 0.335196, 1
0.6728787, 0.5423609, 0.6960303, 1
0.6523916, 0.5478581, 0.6830678, 1
0.5092196, 0.526336, 0.5011969, 1
0.4017008, 0.5422723, 0.36381, 1
0.6590431, 0.5237042, 0.6399086, 1
0.669919, 0.5387576, 0.7451078, 1
0.3864536, 0.548389, 0.3819028, 1
0.3913488, 0.5459033, 0.3256737, 1
0.4292067, 0.5353031, 0.4182671, 1
0.5639191, 0.5215979, 0.5798576, 1
0.4432288, 0.5467096, 0.3529497, 1
0.4097016, 0.5446141, 0.3468178, 1
0.4170984, 0.5448796, 0.3519559, 1
0.3144615, 0.4886008, 0.1897799, 1
0.5172518, 0.5275468, 0.5190553, 1
0.3907333, 0.5284522, 0.2609204, 1
0.5056225, 0.5271122, 0.5032217, 1
0.4742108, 0.5355691, 0.4725349, 1
0.3037217, 0.4825278, 0.1932681, 1
0.5566225, 0.5222325, 0.5836588, 1
0.4683966, 0.5362681, 0.4694628, 1
0.452665, 0.5394983, 0.3999854, 1
0.5012582, 0.5248749, 0.4778646, 1
0.4136739, 0.5325505, 0.4054573, 1
0.625724, 0.5141381, 0.6089851, 1
0.4913256, 0.5300174, 0.4632355, 1
0.4804337, 0.5315334, 0.5261936, 1
0.433113, 0.5463375, 0.3511575, 1
0.5983232, 0.528211, 0.6258509, 1
0.4859062, 0.5397343, 0.4175886, 1
0.6075961, 0.5360321, 0.6546965, 1
0.281359, 0.4959855, 0.1651469, 1
0.2471904, 0.4766042, 0.2109158, 1
0.405693, 0.5432673, 0.3574146, 1
0.5617902, 0.5354458, 0.6549382, 1
0.4021095, 0.543163, 0.3593893, 1
0.3159801, 0.507186, 0.2493219, 1
0.496948, 0.5417714, 0.3884485, 1
0.5123848, 0.5272014, 0.5131587, 1
0.4249356, 0.5441515, 0.318467, 1
0.2846409, 0.5111707, 0.1686672, 1
0.4445821, 0.5347366, 0.4534107, 1
0.5115183, 0.5320809, 0.5377846, 1
0.248881, 0.4865181, 0.1904567, 1
0.4953853, 0.5251333, 0.4789968, 1
0.3749688, 0.542196, 0.3138597, 1
0.6459869, 0.5245005, 0.635942, 1
0.5488349, 0.531409, 0.6273742, 1
0.5266526, 0.5341346, 0.6077241, 1
0.5223085, 0.5264135, 0.4558148, 1
0.4043951, 0.5468405, 0.3262605, 1
0.6951671, 0.5208793, 0.7326508, 1
0.386554, 0.5443644, 0.3501556, 1
0.2653472, 0.4729839, 0.1814582, 1
0.5499228, 0.5193542, 0.5158147, 1
0.4596161, 0.5304886, 0.5091658, 1
0.3880277, 0.5269414, 0.2510714, 1
0.4182751, 0.5438201, 0.3086178, 1
0.4131698, 0.5389109, 0.2874866, 1
0.2800967, 0.4905772, 0.1622462, 1
0.3145271, 0.4941127, 0.2041603, 1
0.5402116, 0.5257097, 0.604641, 1
0.4202554, 0.5342804, 0.4043331, 1
0.3700857, 0.5117176, 0.2312275, 1
0.4239331, 0.5397341, 0.3868752, 1
0.6777924, 0.5260014, 0.7413825, 1
0.5681351, 0.5182188, 0.5184532, 1
0.6358527, 0.5331175, 0.6479347, 1
0.4411465, 0.5388543, 0.4084758, 1
0.6279582, 0.5428854, 0.6928927, 1
0.5536633, 0.5314781, 0.4719214, 1
0.5713564, 0.5253668, 0.5457126, 1
0.3058632, 0.5123166, 0.2898097, 1
0.4054596, 0.5430199, 0.3596831, 1
0.4489983, 0.5445423, 0.3698608, 1
0.3278477, 0.5136117, 0.2279283, 1
0.4366801, 0.5346671, 0.4221606, 1
0.506449, 0.5326481, 0.5383699, 1
0.5533847, 0.5234025, 0.6110267, 1
0.4086723, 0.5352429, 0.3973505, 1
0.4730498, 0.5360088, 0.4791368, 1
0.5707457, 0.5172313, 0.6169463, 1
0.707314, 0.525545, 0.7190634, 1
0.5724947, 0.5164092, 0.5880033, 1
0.2811977, 0.4931386, 0.2301429, 1
0.3112296, 0.5260968, 0.1911283, 1
0.476128, 0.5354925, 0.4708653, 1
0.4443052, 0.5350825, 0.443917, 1
0.572607, 0.5132626, 0.5932026, 1
0.4016602, 0.5369038, 0.2834995, 1
0.3660043, 0.5232992, 0.2787228, 1
0.6339026, 0.5283853, 0.6347941, 1
0.4516689, 0.5373178, 0.4284284, 1
0.4525447, 0.5452751, 0.3638742, 1
0.5068095, 0.5294391, 0.4430103, 1
0.6637274, 0.5451999, 0.709743, 1
0.4606358, 0.5392786, 0.4019499, 1
0.2819069, 0.4910205, 0.1981703, 1
0.3608455, 0.5344143, 0.3296891, 1
0.5742462, 0.5258952, 0.5608301, 1
0.4498173, 0.5342705, 0.4636531, 1
0.5498487, 0.5198739, 0.5001548, 1
0.485088, 0.5310898, 0.5163636, 1
0.5375063, 0.5244077, 0.5763937, 1
0.5627746, 0.537412, 0.6628239, 1
0.591368, 0.5106033, 0.6048663, 1
0.4974079, 0.5270376, 0.4929745, 1
0.4431229, 0.5315907, 0.4758679, 1
0.2443805, 0.4674805, 0.1992407, 1
0.2766333, 0.483788, 0.2015399, 1
0.6330622, 0.5055258, 0.5792074, 1
0.3968197, 0.5460573, 0.3164699, 1
0.3444872, 0.5048144, 0.2480163, 1
0.5105143, 0.52573, 0.4970026, 1
0.6603315, 0.4967324, 0.7529089, 1
0.7045836, 0.5224296, 0.6669588, 1
0.5099754, 0.5262473, 0.5028044, 1
0.442403, 0.5408922, 0.3929477, 1
0.5763763, 0.5188472, 0.6227841, 1
0.4405617, 0.544468, 0.3706092, 1
0.5343958, 0.5283128, 0.6092295, 1
0.4592799, 0.5388577, 0.4038186, 1
0.4568103, 0.5366004, 0.436343, 1
0.4613744, 0.53558, 0.4802122, 1
0.5417214, 0.5245997, 0.5450348, 1
0.5016717, 0.5310544, 0.4343108, 1
0.2853086, 0.4956081, 0.2701874, 1
0.5816739, 0.5443412, 0.6678866, 1
0.4840841, 0.5442246, 0.3791774, 1
0.2717132, 0.5182081, 0.1740357, 1
0.2851553, 0.4954972, 0.270938, 1
0.442522, 0.5342405, 0.4568506, 1
0.6301463, 0.5054117, 0.5921015, 1
0.4203421, 0.5421681, 0.374593, 1
0.383611, 0.5406435, 0.2988284, 1
0.4858719, 0.5299729, 0.5039479, 1
0.4097425, 0.5449323, 0.3179386, 1
0.3080379, 0.5040114, 0.24161, 1
0.3120279, 0.514366, 0.2322609, 1
0.5021306, 0.5297959, 0.4469086, 1
0.4972158, 0.5400324, 0.3974158, 1
0.4725133, 0.5452528, 0.3772517, 1
0.4400998, 0.5354248, 0.4247674, 1
0.5506407, 0.5219377, 0.5905349, 1
0.6692328, 0.5390396, 0.736966, 1
0.2915813, 0.5244727, 0.2161273, 1
0.4849189, 0.5281492, 0.4850655, 1
0.6985901, 0.5252492, 0.6710911, 1
0.6860458, 0.5338412, 0.724245, 1
0.5725053, 0.5215999, 0.5023736, 1
0.3305096, 0.5047662, 0.24107, 1
0.3028525, 0.5077829, 0.1680752, 1
0.6596057, 0.5271194, 0.6445319, 1
0.6431104, 0.5216708, 0.6297897, 1
0.6049814, 0.5196842, 0.6140473, 1
0.3608711, 0.5348743, 0.2927918, 1
0.617402, 0.5162882, 0.6097171, 1
0.4533249, 0.5358604, 0.4556037, 1
0.6487541, 0.5465856, 0.6745125, 1
0.5445576, 0.5251703, 0.4802773, 1
0.3444734, 0.50488, 0.2434282, 1
0.5591671, 0.535105, 0.6575609, 1
0.4849131, 0.5397812, 0.4283063, 1
0.3658899, 0.5183436, 0.2708908, 1
0.3744766, 0.5128204, 0.2315223, 1
0.6322911, 0.5465624, 0.6733096, 1
0.5622807, 0.515722, 0.6017452, 1
0.4274319, 0.5457766, 0.342859, 1
0.3215581, 0.500803, 0.2710697, 1
0.3907835, 0.5462803, 0.3405111, 1
0.5943123, 0.5348071, 0.6383281, 1
0.4203002, 0.5453767, 0.3328471, 1
0.316242, 0.5180075, 0.2870972, 1
0.5777025, 0.5237877, 0.5310628, 1
0.3750932, 0.5306695, 0.2826867, 1
0.2939532, 0.4971389, 0.2548785, 1
0.3166695, 0.5276306, 0.2944205, 1
0.385691, 0.5452111, 0.3628649, 1
0.2709655, 0.4723495, 0.1739422, 1
0.5498809, 0.5212489, 0.4919473, 1
0.573546, 0.5234108, 0.5324327, 1
0.7044602, 0.5235838, 0.725041, 1
0.4599627, 0.53724, 0.4354737, 1
0.423966, 0.5422457, 0.3790294, 1
0.2781354, 0.4805759, 0.2124702, 1
0.4187762, 0.5449016, 0.3563074, 1
0.49354, 0.5324189, 0.5418328, 1
0.3800212, 0.537513, 0.2917461, 1
0.2971849, 0.4783646, 0.1704544, 1
0.6154094, 0.5076045, 0.5850987, 1
0.3995421, 0.5350673, 0.2784836, 1
0.3400958, 0.532725, 0.3160547, 1
0.5825159, 0.5210422, 0.5711781, 1
0.5094116, 0.5313698, 0.5668312, 1
0.6393061, 0.5319999, 0.6434591, 1
0.5750551, 0.5123641, 0.6023253, 1
0.650564, 0.5128395, 0.6237551, 1
0.3440186, 0.5085675, 0.2640952, 1
0.6185477, 0.5264078, 0.6291726, 1
0.5620728, 0.5190436, 0.5883955, 1
0.3915085, 0.5461264, 0.3679633, 1
0.4638185, 0.5368735, 0.4599833, 1
0.407037, 0.5449435, 0.346034, 1
0.4987452, 0.53222, 0.4357207, 1
0.3681342, 0.5368244, 0.3550513, 1
0.4693699, 0.5384076, 0.4277173, 1
0.2598457, 0.4607463, 0.1958042, 1
0.2936663, 0.5163375, 0.1700207, 1
0.6311898, 0.5446894, 0.6672075, 1
0.4016081, 0.5377966, 0.2870215, 1
0.5377957, 0.5253582, 0.570726, 1
0.631318, 0.5294846, 0.6393605, 1
0.5498433, 0.5246295, 0.5563201, 1
0.3088663, 0.5041714, 0.2174986, 1
0.5808019, 0.5188315, 0.5762295, 1
0.4916481, 0.5340444, 0.5240064, 1
0.2716101, 0.4927863, 0.237442, 1
0.686291, 0.5293213, 0.7332045, 1
0.4100285, 0.540526, 0.3852815, 1
0.6347755, 0.5488303, 0.717807, 1
0.6196893, 0.5380259, 0.6575566, 1
0.5636645, 0.5174723, 0.6115549, 1
0.6432913, 0.5053809, 0.6072335, 1
0.371953, 0.5396481, 0.3568728, 1
0.572094, 0.5207899, 0.5254022, 1
0.4301824, 0.5368562, 0.4126132, 1
0.4431166, 0.5345126, 0.4520034, 1
0.390088, 0.5347997, 0.2845689, 1
0.4495539, 0.5365576, 0.433257, 1
0.368406, 0.5190353, 0.2527751, 1
0.3800562, 0.5479214, 0.3720358, 1
0.565237, 0.5222989, 0.5327199, 1
0.5069262, 0.5305098, 0.4338048, 1
0.4216506, 0.5446955, 0.3445281, 1
0.34448, 0.5328031, 0.3067152, 1
0.4129446, 0.5390834, 0.2877284, 1
0.6559575, 0.5125425, 0.7586893, 1
0.2931441, 0.4961271, 0.2688145, 1
0.5120369, 0.5318069, 0.529497, 1
0.4682975, 0.5306457, 0.5094625, 1
0.3325267, 0.5322583, 0.3114559, 1
0.6775078, 0.5402285, 0.7070406, 1
0.6589487, 0.5404798, 0.7503672, 1
0.3445106, 0.5206074, 0.2803023, 1
0.369285, 0.5399782, 0.3095456, 1
0.4944592, 0.5261757, 0.4721341, 1
0.3541226, 0.5299764, 0.2855601, 1
0.4543687, 0.545231, 0.3632251, 1
0.4225811, 0.5438948, 0.3590497, 1
0.6078774, 0.535377, 0.6536505, 1
0.6001737, 0.5273893, 0.6244275, 1
0.4873043, 0.531521, 0.5449239, 1
0.3659799, 0.5183566, 0.2623245, 1
0.4659458, 0.5409274, 0.390785, 1
0.3699598, 0.5196244, 0.2709781, 1
0.4654882, 0.5354625, 0.4854693, 1
0.3345657, 0.5304209, 0.3227661, 1
0.6877012, 0.5212633, 0.737229, 1
0.337043, 0.5041959, 0.210136, 1
0.5841697, 0.5265942, 0.5552159, 1
0.5645643, 0.51995, 0.6190907, 1
0.3836593, 0.5483441, 0.3736526, 1
0.5256342, 0.5291531, 0.5656751, 1
0.3700512, 0.5366664, 0.3400725, 1
0.5918461, 0.5439432, 0.6602761, 1
0.3838659, 0.5264925, 0.2532133, 1
0.277264, 0.4847543, 0.1699953, 1
0.4823278, 0.5304049, 0.5130174, 1
0.3987821, 0.5451363, 0.3840843, 1
0.3725056, 0.5393004, 0.3484749, 1
0.5557591, 0.5208678, 0.5262694, 1
0.2880958, 0.4960802, 0.267545, 1
0.6827734, 0.5344153, 0.6765577, 1
0.3071449, 0.513238, 0.2201297, 1
0.4632922, 0.5364792, 0.4607699, 1
0.5733686, 0.5400739, 0.6714546, 1
0.4406694, 0.538661, 0.4054518, 1
0.3387621, 0.5040714, 0.193877, 1
0.687896, 0.5299934, 0.6612708, 1
0.3418145, 0.5209283, 0.2812088, 1
0.6665224, 0.5382495, 0.6731376, 1
0.5352792, 0.5256194, 0.5925282, 1
0.4880172, 0.5273607, 0.4902352, 1
0.3918134, 0.5446581, 0.3904959, 1
0.4477701, 0.5352374, 0.4526544, 1
0.6448141, 0.5269398, 0.6374909, 1
0.5043231, 0.5265326, 0.4574284, 1
0.6568414, 0.5481023, 0.7001722, 1
0.6532975, 0.5405139, 0.6601202, 1
0.565295, 0.5203838, 0.5838054, 1
0.6897441, 0.529707, 0.6629186, 1
0.3578586, 0.5356707, 0.3101343, 1
0.4704437, 0.5298277, 0.5041763, 1
0.3502491, 0.5069349, 0.2119594, 1
0.4242619, 0.5448732, 0.3403611, 1
0.6589304, 0.5198587, 0.7600136, 1
0.5602757, 0.5219137, 0.5746092, 1
0.6316019, 0.5048636, 0.5878133, 1
0.4476215, 0.5354562, 0.4494284, 1
0.4088204, 0.5313622, 0.4115988, 1
0.3244742, 0.5124921, 0.1987391, 1
0.3655298, 0.5089167, 0.213454, 1
0.6066542, 0.5477231, 0.6825669, 1
0.5345366, 0.5261635, 0.5350534, 1
0.3733086, 0.5397883, 0.3519758, 1
0.5797782, 0.5325904, 0.6442252, 1
0.3903705, 0.5478965, 0.3787965, 1
0.3098619, 0.4970915, 0.2173492, 1
0.5116075, 0.5250767, 0.4846508, 1
0.519995, 0.5313705, 0.5527348, 1
0.4990703, 0.5332912, 0.546748, 1
0.3462109, 0.5063896, 0.2521642, 1
0.4988412, 0.5333158, 0.5413536, 1
0.5973154, 0.5171987, 0.5655784, 1
0.4033767, 0.5310791, 0.4102592, 1
0.4969361, 0.5269608, 0.4923042, 1
0.2815713, 0.5177944, 0.1694547, 1
0.5531341, 0.520334, 0.6035342, 1
0.6359296, 0.5303946, 0.6388948, 1
0.4093936, 0.5321391, 0.4199162, 1
0.4910564, 0.5333305, 0.5210848, 1
0.5277259, 0.5246148, 0.5131667, 1
0.3417577, 0.5300915, 0.290828, 1
0.4594508, 0.537026, 0.4526988, 1
0.6905554, 0.5314036, 0.7262719, 1
0.4767464, 0.5292794, 0.5025853, 1
0.3026707, 0.4964247, 0.2684884, 1
0.6683771, 0.5432336, 0.6886098, 1
0.5224582, 0.5295269, 0.5407144, 1
0.6350027, 0.5469109, 0.7123296, 1
0.3760124, 0.5407888, 0.3396915, 1
0.4087813, 0.5441672, 0.3490552, 1
0.3749214, 0.5458325, 0.3677966, 1
0.5232047, 0.5267006, 0.591556, 1
0.4192, 0.5328506, 0.4281189, 1
0.2779177, 0.4917323, 0.2298262, 1
0.6131974, 0.5257624, 0.6231002, 1
0.3426864, 0.5095118, 0.2715455, 1
0.6335911, 0.5044863, 0.5859138, 1
0.3680308, 0.5361925, 0.3323531, 1
0.6259452, 0.5468597, 0.6740885, 1
0.3439511, 0.5092045, 0.2695026, 1
0.6800488, 0.5376437, 0.7036722, 1
0.6754713, 0.5411865, 0.699034, 1
0.3477234, 0.533763, 0.3236573, 1
0.2769937, 0.5057951, 0.2534022, 1
0.3285458, 0.5017701, 0.2576829, 1
0.4963739, 0.5340575, 0.4329747, 1
0.4493723, 0.5357651, 0.4510765, 1
0.5570231, 0.5201895, 0.5893067, 1
0.3206846, 0.4992856, 0.2617278, 1
0.6503565, 0.5467209, 0.6763425, 1
0.4204303, 0.5392187, 0.3882839, 1
0.3075089, 0.5231451, 0.1956398, 1
0.40117, 0.5423117, 0.3633344, 1
0.5893248, 0.5125877, 0.6135929, 1
0.3495889, 0.5058327, 0.242449, 1
0.6750183, 0.5239993, 0.646503, 1
0.2782972, 0.489272, 0.2248804, 1
0.6610136, 0.5361572, 0.6586848, 1
0.3750952, 0.5345017, 0.2876939, 1
0.2739368, 0.4838027, 0.2071732, 1
0.5691092, 0.515508, 0.6108984, 1
0.4659838, 0.5378986, 0.4300829, 1
0.4467913, 0.5360186, 0.4341952, 1
0.5157746, 0.5326177, 0.5550458, 1
0.3647932, 0.5182995, 0.2591021, 1
0.4240272, 0.5442468, 0.3220339, 1
0.4586426, 0.5388527, 0.4046468, 1
0.4020777, 0.5452654, 0.3119059, 1
0.3974886, 0.5418726, 0.2960415, 1
0.5990592, 0.5466673, 0.6752271, 1
0.4395034, 0.5448115, 0.3655715, 1
0.494629, 0.5289815, 0.5013619, 1
0.3862073, 0.5447642, 0.3194945, 1
0.4340756, 0.5442896, 0.3103073, 1
0.6777595, 0.5222545, 0.6427123, 1
0.4270233, 0.5332907, 0.4239323, 1
0.3503208, 0.5070514, 0.2098005, 1
0.2615605, 0.5138988, 0.1931247, 1
0.5315726, 0.5267838, 0.5301132, 1
0.5567118, 0.522474, 0.5729869, 1
0.6026509, 0.5081642, 0.592259, 1
0.4179766, 0.5353085, 0.3971401, 1
0.5193775, 0.5247964, 0.4865463, 1
0.6647168, 0.5338426, 0.7497481, 1
0.5273597, 0.5281455, 0.5387642, 1
0.6665238, 0.5234377, 0.7542871, 1
0.5100771, 0.5278097, 0.4472663, 1
0.5436574, 0.5242174, 0.5316645, 1
0.6919063, 0.5295488, 0.688783, 1
0.4329776, 0.53676, 0.4073143, 1
0.3290181, 0.5022957, 0.2315758, 1
0.60765, 0.5077134, 0.5996756, 1
0.3804144, 0.5432922, 0.3121859, 1
0.535469, 0.5255584, 0.5945497, 1
0.5812914, 0.5393239, 0.6818027, 1
0.6255247, 0.5437248, 0.706095, 1
0.5568973, 0.5283898, 0.4804547, 1
0.5618854, 0.5171695, 0.5110596, 1
0.494565, 0.5252816, 0.4758316, 1
0.590633, 0.5143438, 0.5748191, 1
0.3876846, 0.5453267, 0.3184792, 1
0.5827293, 0.516135, 0.6179048, 1
0.3970815, 0.5401252, 0.2918395, 1
0.2795203, 0.5043697, 0.2079555, 1
0.5206218, 0.5267383, 0.5177778, 1
0.2830989, 0.467417, 0.1767183, 1
0.2766012, 0.5235365, 0.1599989, 1
0.4508722, 0.5393618, 0.4044518, 1
0.6047683, 0.5136992, 0.5778081, 1
0.4943177, 0.5314656, 0.450281, 1
0.3528346, 0.535077, 0.305688, 1
0.6621045, 0.5330402, 0.753673, 1
0.5174629, 0.5258165, 0.4579439, 1
0.6345066, 0.5191733, 0.620231, 1
0.6023016, 0.5266925, 0.6232969, 1
0.3281389, 0.501773, 0.2187917, 1
0.6513829, 0.544977, 0.670724, 1
0.6163852, 0.5394151, 0.709358, 1
0.5033109, 0.5281456, 0.5049031, 1
0.4763238, 0.5432934, 0.3832442, 1
0.5577849, 0.5221096, 0.5824003, 1
0.4827985, 0.5316549, 0.4762857, 1
0.3517378, 0.5152347, 0.2081673, 1
0.5398874, 0.524483, 0.5822602, 1
0.4662323, 0.5398972, 0.4065105, 1
0.4011007, 0.5465997, 0.3393449, 1
0.2811643, 0.4902668, 0.2239208, 1
0.2917996, 0.5020493, 0.1983854, 1
0.5528801, 0.5183154, 0.5103227, 1
0.2970932, 0.4978365, 0.2539628, 1
0.2520812, 0.4827801, 0.2206563, 1
0.386934, 0.5298885, 0.275832, 1
0.4055862, 0.5381549, 0.2858348, 1
0.4355853, 0.5325418, 0.4594003, 1
0.3014435, 0.4931212, 0.2128225, 1
0.5537004, 0.5183551, 0.5144413, 1
0.445417, 0.5319574, 0.4741519, 1
0.5865127, 0.5444135, 0.6636027, 1
0.5260253, 0.5308633, 0.6039664, 1
0.4020252, 0.5312979, 0.4107334, 1
0.3612959, 0.5082929, 0.2203205, 1
0.4574914, 0.5349675, 0.469879, 1
0.3606331, 0.5349581, 0.3432721, 1
0.2493465, 0.482846, 0.1896022, 1
0.4181288, 0.5331684, 0.4227045, 1
0.5908847, 0.5168558, 0.5712586, 1
0.6011762, 0.53174, 0.6328726, 1
0.3173398, 0.5062975, 0.2812129, 1
0.3600007, 0.5341893, 0.3306224, 1
0.2728426, 0.4960677, 0.24951, 1
0.4606024, 0.5364154, 0.4575329, 1
0.6316386, 0.5242368, 0.6269342, 1
0.3580501, 0.5250893, 0.2799739, 1
0.6727813, 0.5190299, 0.7490149, 1
0.6602206, 0.5096802, 0.6230783, 1
0.3131875, 0.5235411, 0.2082115, 1
0.329608, 0.5335598, 0.3050642, 1
0.5086107, 0.5292872, 0.5754967, 1
0.6182646, 0.5079254, 0.5810448, 1
0.3460299, 0.5097935, 0.2660683, 1
0.5822607, 0.521578, 0.52108, 1
0.317476, 0.501563, 0.2762449, 1
0.6232015, 0.5120857, 0.6059516, 1
0.3860129, 0.5275296, 0.2639791, 1
0.3534043, 0.5081663, 0.2032949, 1
0.4145378, 0.5422558, 0.2968764, 1
0.273129, 0.5147337, 0.207661, 1
0.6770507, 0.5408837, 0.690973, 1
0.5948684, 0.5246021, 0.5527093, 1
0.3789253, 0.5311207, 0.2820411, 1
0.4980076, 0.5298428, 0.4518198, 1
0.6696971, 0.5433005, 0.6934853, 1
0.4978313, 0.5302749, 0.5113847, 1
0.6977662, 0.5269004, 0.691438, 1
0.2895706, 0.5153642, 0.1723108, 1
0.3124132, 0.5109307, 0.2191152, 1
0.282912, 0.5180708, 0.2222076, 1
0.4694382, 0.5374084, 0.4547786, 1
0.5087044, 0.5329638, 0.547983, 1
0.4481353, 0.5369466, 0.4307439, 1
0.5586881, 0.5221076, 0.5801512, 1
0.4796176, 0.5365232, 0.4501056, 1
0.7122419, 0.5197145, 0.7236773, 1
0.4831326, 0.5336874, 0.4646024, 1
0.5302078, 0.5250995, 0.5831068, 1
0.2815697, 0.492897, 0.2199746, 1
0.3608101, 0.536695, 0.3027481, 1
0.4282571, 0.5308864, 0.4539672, 1
0.5743668, 0.532839, 0.6479667, 1
0.6844934, 0.5340115, 0.6826323, 1
0.2598278, 0.5030438, 0.2317642, 1
0.5973311, 0.5164142, 0.5664074, 1
0.5161874, 0.5270472, 0.5149614, 1
0.4639964, 0.5377308, 0.4298671, 1
0.3110511, 0.5140668, 0.221323, 1
0.542426, 0.5247051, 0.4824226, 1
0.7089587, 0.5086337, 0.726819, 1
0.2897934, 0.5078482, 0.2379049, 1
0.5525594, 0.5320054, 0.6383104, 1
0.3845154, 0.5466164, 0.3884744, 1
0.4721624, 0.5388792, 0.4252237, 1
0.4267031, 0.5306157, 0.4553195, 1
0.5550475, 0.5314533, 0.4736212, 1
0.5886984, 0.5443484, 0.662432, 1
0.4947661, 0.5343925, 0.5308394, 1
0.3285628, 0.5022716, 0.264642, 1
0.5508645, 0.5225104, 0.6071634, 1
0.5777653, 0.5246113, 0.5655224, 1
0.5455914, 0.5329573, 0.6283143, 1
0.2589882, 0.4919414, 0.1818524, 1
0.4544645, 0.5386658, 0.410895, 1
0.3941758, 0.543048, 0.3007304, 1
0.5026618, 0.5384257, 0.416079, 1
0.3488813, 0.533269, 0.2948841, 1
0.4644845, 0.5383593, 0.4247333, 1
0.3472879, 0.5339418, 0.3142304, 1
0.6682003, 0.5005243, 0.7481623, 1
0.5646543, 0.5224403, 0.5330883, 1
0.3812944, 0.5429024, 0.3250273, 1
0.6871433, 0.4953835, 0.7360137, 1
0.3651543, 0.5471129, 0.3730993, 1
0.7168418, 0.514399, 0.7235827, 1
0.6529229, 0.5492429, 0.6905687, 1
0.4865367, 0.5291297, 0.4994099, 1
0.4712881, 0.5319958, 0.4929886, 1
0.5625858, 0.5216557, 0.5794888, 1
0.6580511, 0.540871, 0.6687499, 1
0.4768814, 0.538974, 0.4347989, 1
0.6203871, 0.5466657, 0.6716551, 1
0.3058128, 0.4981024, 0.2414695, 1
0.3642918, 0.5354781, 0.3469947, 1
0.6000044, 0.5222446, 0.617634, 1
0.5664587, 0.5198453, 0.4992191, 1
0.4450377, 0.5444552, 0.3286316, 1
0.3288684, 0.5123923, 0.2797514, 1
0.3416007, 0.5337206, 0.320216, 1
0.6965299, 0.5274744, 0.6930956, 1
0.3818056, 0.540997, 0.3012271, 1
0.3478194, 0.5057155, 0.2254919, 1
0.4928971, 0.5296969, 0.5060065, 1
0.34855, 0.5340641, 0.3135181, 1
0.4657377, 0.5355333, 0.4859699, 1
0.5557267, 0.5234776, 0.4846188, 1
0.6843028, 0.526927, 0.7363046, 1
0.2807059, 0.5039447, 0.2377316, 1
0.2707658, 0.4813355, 0.184401, 1
0.493837, 0.5400592, 0.4146724, 1
0.3596058, 0.5157291, 0.2695273, 1
0.4057718, 0.5460131, 0.3397778, 1
0.5072324, 0.5297574, 0.5729772, 1
0.4624391, 0.5374897, 0.4438235, 1
0.461825, 0.5467405, 0.3497357, 1
0.4299999, 0.5401902, 0.3861788, 1
0.4164164, 0.5424113, 0.364434, 1
0.5721158, 0.523411, 0.5334113, 1
0.6984434, 0.5111227, 0.731536, 1
0.5825977, 0.5252085, 0.5353984, 1
0.4109429, 0.5317615, 0.410592, 1
0.2500579, 0.4960667, 0.2211105, 1
0.3105173, 0.5017, 0.280874, 1
0.5834646, 0.5107415, 0.5935569, 1
0.288579, 0.4719464, 0.1743886, 1
0.4221997, 0.5346184, 0.4070729, 1
0.3121637, 0.4949199, 0.1794357, 1
0.3776728, 0.5240051, 0.2740761, 1
0.4589345, 0.5463676, 0.3420515, 1
0.63569, 0.5337907, 0.6493853, 1
0.6521128, 0.5225693, 0.6370769, 1
0.3016588, 0.5022061, 0.1674268, 1
0.6610169, 0.538445, 0.665101, 1
0.6390113, 0.5513126, 0.7239848, 1
0.595537, 0.5225719, 0.61967, 1
0.5057366, 0.5304003, 0.4344336, 1
0.6788995, 0.5176716, 0.6289492, 1
0.2755499, 0.4679483, 0.1691111, 1
0.296051, 0.5120623, 0.2369108, 1
0.240831, 0.482133, 0.2113813, 1
0.4964525, 0.5370014, 0.566063, 1
0.4243168, 0.5436741, 0.3089218, 1
0.3779567, 0.5258843, 0.2767977, 1
0.6353632, 0.5517252, 0.7302127, 1
0.3851987, 0.5441876, 0.3270956, 1
0.2834138, 0.4935191, 0.197461, 1
0.5113757, 0.5268375, 0.5097201, 1
0.4000402, 0.5447221, 0.3709999, 1
0.3457951, 0.5337292, 0.3181418, 1
0.396777, 0.5339605, 0.4088211, 1
0.3433073, 0.5047897, 0.1958657, 1
0.4975263, 0.5280778, 0.4595138, 1
0.4532828, 0.5460708, 0.3586632, 1
0.498039, 0.5296645, 0.5094699, 1
0.3630799, 0.5371515, 0.3143274, 1
0.3589454, 0.5116664, 0.2465227, 1
0.3881765, 0.5439647, 0.3075746, 1
0.4329326, 0.5378236, 0.4108749, 1
0.5791776, 0.5266645, 0.5575022, 1
0.6606736, 0.5386765, 0.6652721, 1
0.3826659, 0.5259242, 0.271716, 1
0.6925718, 0.5280525, 0.7296697, 1
0.6238869, 0.5247974, 0.6267044, 1
0.4373062, 0.5439554, 0.3672145, 1
0.3982195, 0.546279, 0.3178073, 1
0.2810737, 0.4954578, 0.2699524, 1
0.5252219, 0.5245335, 0.509647, 1
0.3372674, 0.5041974, 0.2198451, 1
0.3111019, 0.5276871, 0.2962056, 1
0.6543469, 0.514365, 0.7592202, 1
0.2668516, 0.4718015, 0.1971115, 1
0.4028521, 0.5385927, 0.2884806, 1
0.51732, 0.5252131, 0.5051875, 1
0.3989867, 0.5446503, 0.3692912, 1
0.4698233, 0.5465863, 0.3686125, 1
0.4089582, 0.5446001, 0.3466394, 1
0.4235239, 0.5355771, 0.4069462, 1
0.4483106, 0.5369065, 0.4290803, 1
0.5267093, 0.5266322, 0.5966082, 1
0.6659869, 0.5400949, 0.678505, 1
0.3310441, 0.5026127, 0.243615, 1
0.4537395, 0.5440855, 0.3320218, 1
0.5915346, 0.5259451, 0.5515149, 1
0.4804739, 0.529308, 0.4899827, 1
0.5839813, 0.5231382, 0.5254096, 1
0.6207951, 0.516393, 0.5632884, 1
0.4691416, 0.5374804, 0.4448126, 1
0.5389058, 0.5254824, 0.570549, 1
0.5654482, 0.5232751, 0.6244954, 1
0.5631715, 0.5380152, 0.6581789, 1
0.3999034, 0.5443925, 0.3857026, 1
0.5137446, 0.5331416, 0.5562344, 1
0.2397064, 0.492954, 0.2068562, 1
0.5787263, 0.5214247, 0.5721045, 1
0.4222573, 0.5448133, 0.3463143, 1
0.4793559, 0.5398804, 0.425769, 1
0.378171, 0.5484238, 0.3751918, 1
0.6389786, 0.536952, 0.6565756, 1
0.6546364, 0.5457469, 0.6790382, 1
0.3832216, 0.5255984, 0.2676461, 1
0.2773665, 0.5117507, 0.197893, 1
0.378264, 0.5484462, 0.3829551, 1
0.4189053, 0.5451005, 0.3284108, 1
0.2893044, 0.4864805, 0.1746109, 1
0.6868891, 0.5326671, 0.682382, 1
0.6579048, 0.5396097, 0.6635818, 1
0.566864, 0.5209764, 0.5815842, 1
0.3632185, 0.5105311, 0.2347702, 1
0.4002052, 0.5464036, 0.3195106, 1
0.3417978, 0.5071835, 0.2620624, 1
0.5308492, 0.5262144, 0.5965571, 1
0.4723483, 0.5405649, 0.3998454, 1
0.2874553, 0.4902019, 0.1925958, 1
0.4174414, 0.5407084, 0.3846557, 1
0.2928236, 0.5127287, 0.18441, 1
0.3387291, 0.5148713, 0.1918228, 1
0.3036146, 0.4983509, 0.2344794, 1
0.569741, 0.5132833, 0.5971491, 1
0.6028138, 0.535369, 0.6477513, 1
0.2940949, 0.4947369, 0.2815991, 1
0.3122395, 0.5012908, 0.2796813, 1
0.6639919, 0.5285529, 0.649021, 1
0.6043622, 0.5402203, 0.657863, 1
0.2908577, 0.5015067, 0.2671911, 1
0.2762606, 0.5195335, 0.1669965, 1
0.4428454, 0.5317455, 0.4850837, 1
0.418358, 0.5443271, 0.3184372, 1
0.5552022, 0.5225794, 0.5693314, 1
0.2713279, 0.5119027, 0.2084593, 1
0.4404093, 0.5329784, 0.4667454, 1
0.5431216, 0.5243947, 0.6015624, 1
0.4195586, 0.5442443, 0.3181383, 1
0.5963773, 0.5465126, 0.672872, 1
0.3484087, 0.5337392, 0.3067238, 1
0.5546663, 0.5185963, 0.6001026, 1
0.4682334, 0.5378435, 0.4422695, 1
0.3337785, 0.5110326, 0.2064172, 1
0.3813253, 0.5260302, 0.2569916, 1
0.5154049, 0.5314925, 0.53734, 1
0.4171014, 0.5334853, 0.4169812, 1
0.4473748, 0.5442168, 0.3722307, 1
0.3301931, 0.5109392, 0.2157958, 1
0.6735987, 0.5227728, 0.746802, 1
0.5213086, 0.5303711, 0.4321995, 1
0.2940392, 0.5137351, 0.2000084, 1
0.2945078, 0.4952301, 0.2751652, 1
0.7059426, 0.5290045, 0.7092512, 1
0.4612226, 0.5359086, 0.4836318, 1
0.5372169, 0.5256701, 0.5353191, 1
0.7011948, 0.5319478, 0.7246076, 1
0.47131, 0.5458394, 0.3744107, 1
0.5554951, 0.5315691, 0.6527675, 1
0.2991867, 0.4794926, 0.1714354, 1
0.308049, 0.4954369, 0.189395, 1
0.5163771, 0.5319023, 0.5467209, 1
0.2552765, 0.4880758, 0.1886941, 1
0.5774751, 0.5133887, 0.5883048, 1
0.5758848, 0.512453, 0.5921636, 1
0.5796295, 0.5215747, 0.5228866, 1
0.4617599, 0.5364732, 0.4600475, 1
0.4453207, 0.5388314, 0.4079553, 1
0.2907535, 0.4984599, 0.1637943, 1
0.4097637, 0.5388581, 0.2855298, 1
0.3995527, 0.53484, 0.2780247, 1
0.4653092, 0.5422507, 0.3845936, 1
0.2917726, 0.4987925, 0.1851006, 1
0.4518254, 0.5332274, 0.4774978, 1
0.6069167, 0.5323054, 0.6390234, 1
0.6834146, 0.53733, 0.7090499, 1
0.4136889, 0.5367071, 0.2836707, 1
0.258089, 0.5277568, 0.1939343, 1
0.3884453, 0.5435613, 0.3938069, 1
0.5503318, 0.531913, 0.6458771, 1
0.3519846, 0.5233949, 0.2800184, 1
0.3622837, 0.5132245, 0.2439152, 1
0.4091399, 0.5451382, 0.3187627, 1
0.6184545, 0.5276936, 0.6359666, 1
0.5157455, 0.5301754, 0.5254802, 1
0.5099502, 0.5291169, 0.5789034, 1
0.4138322, 0.5442295, 0.3153759, 1
0.4197769, 0.5431521, 0.3671041, 1
0.2637017, 0.513346, 0.2272306, 1
0.5973322, 0.546976, 0.6764138, 1
0.5212151, 0.5268061, 0.5737413, 1
0.603385, 0.5079035, 0.6007537, 1
0.5465161, 0.5279042, 0.6157478, 1
0.4921632, 0.5362864, 0.4340085, 1
0.6538004, 0.5491367, 0.7018533, 1
0.6570515, 0.5311739, 0.6490262, 1
0.62201, 0.5239299, 0.6247308, 1
0.3602237, 0.535462, 0.3195817, 1
0.4956919, 0.5416012, 0.3918267, 1
0.7050906, 0.5179096, 0.7285201, 1
0.6867992, 0.5325636, 0.6797131, 1
0.3680935, 0.5441892, 0.3661024, 1
0.3668753, 0.5389596, 0.3110498, 1
0.6479101, 0.5445902, 0.6666297, 1
0.3694494, 0.5399556, 0.3162979, 1
0.63728, 0.5341898, 0.6506714, 1
0.4128201, 0.5413763, 0.2932711, 1
0.4259336, 0.5335929, 0.4226413, 1
0.43795, 0.5401903, 0.3936195, 1
0.5977178, 0.5091743, 0.5975738, 1
0.5422891, 0.5290454, 0.6164308, 1
0.345313, 0.5051846, 0.2402293, 1
0.364892, 0.5371642, 0.3042992, 1
0.3387937, 0.511112, 0.2161003, 1
0.6290172, 0.5154432, 0.5659325, 1
0.4075377, 0.5428286, 0.3612089, 1
0.3770378, 0.5423926, 0.3586851, 1
0.4244663, 0.5448579, 0.3398564, 1
0.576169, 0.5129387, 0.5906612, 1
0.3422607, 0.5059139, 0.2115079, 1
0.4380596, 0.54212, 0.3824419, 1
0.567455, 0.5177827, 0.516914, 1
0.5672746, 0.5158358, 0.6106538, 1
0.2582681, 0.5134972, 0.2313505, 1
0.3243674, 0.5014318, 0.2286879, 1
0.3890358, 0.5447668, 0.3913014, 1
0.4476632, 0.5439096, 0.3748609, 1
0.5288113, 0.5277133, 0.546369, 1
0.3273343, 0.5021454, 0.2666802, 1
0.2833396, 0.4840935, 0.2132135, 1
0.4452056, 0.5447553, 0.3339694, 1
0.3554403, 0.5356483, 0.3040082, 1
0.4035449, 0.5359122, 0.4003961, 1
0.6755812, 0.5408897, 0.7085769, 1
0.5399059, 0.5252344, 0.5382342, 1
0.6255419, 0.5462807, 0.7189087, 1
0.5852161, 0.5267483, 0.5442503, 1
0.2526529, 0.4967957, 0.2150691, 1
0.4917474, 0.5363036, 0.4345682, 1
0.2645733, 0.5120972, 0.2173149, 1
0.3984288, 0.5315577, 0.4120911, 1
0.3432855, 0.5303802, 0.2906655, 1
0.5495417, 0.524152, 0.5788041, 1
0.2609143, 0.5212616, 0.1978257, 1
0.5240564, 0.5272695, 0.4446269, 1
0.6049382, 0.5445522, 0.6903811, 1
0.4504843, 0.5373002, 0.4239486, 1
0.6004966, 0.5218122, 0.5462737, 1
0.4953099, 0.5302336, 0.4549194, 1
0.6852785, 0.5299694, 0.6603077, 1
0.3936993, 0.5467531, 0.3331306, 1
0.4281565, 0.5440654, 0.3191777, 1
0.3843921, 0.5442788, 0.330713, 1
0.6373208, 0.5466482, 0.6981868, 1
0.5220966, 0.5299814, 0.4366636, 1
0.614271, 0.5285123, 0.6352593, 1
0.528124, 0.5272209, 0.4627916, 1
0.4311899, 0.5341883, 0.4323528, 1
0.487291, 0.5306146, 0.5159148, 1
0.6252778, 0.5278027, 0.6379824, 1
0.6494752, 0.5362197, 0.6528293, 1
0.3857509, 0.5445976, 0.3612948, 1
0.3016478, 0.4977608, 0.2103389, 1
0.4445142, 0.5341651, 0.4616584, 1
0.5810032, 0.5110185, 0.5940568, 1
0.3953079, 0.5459886, 0.3187208, 1
0.487615, 0.5396119, 0.5551957, 1
0.451204, 0.5394793, 0.4034419, 1
0.3256671, 0.4964953, 0.2028302, 1
0.5227558, 0.5296248, 0.5460353, 1
0.323903, 0.5254465, 0.2887062, 1
0.3294243, 0.5023624, 0.2289822, 1
0.508025, 0.5251628, 0.4879046, 1
0.5875676, 0.5140443, 0.6156737, 1
0.651745, 0.5396695, 0.6574306, 1
0.674886, 0.5024102, 0.7447832, 1
0.3282352, 0.5044426, 0.2728037, 1
0.4284822, 0.5308518, 0.4561327, 1
0.414664, 0.5331963, 0.4165195, 1
0.4758043, 0.5394071, 0.4217096, 1
0.5070733, 0.5268988, 0.502891, 1
0.352302, 0.5104186, 0.2552444, 1
0.6901322, 0.5290483, 0.7307638, 1
0.4601709, 0.540148, 0.3940551, 1
0.6489974, 0.5473405, 0.7396062, 1
0.6412439, 0.5463265, 0.6703911, 1
0.2679475, 0.5217553, 0.1877421, 1
0.5326856, 0.5333895, 0.6167174, 1
0.4356831, 0.5458639, 0.3582947, 1
0.6453367, 0.5171518, 0.626072, 1
0.570886, 0.5258707, 0.5591053, 1
0.5918893, 0.5134473, 0.6144004, 1
0.6841348, 0.5159826, 0.7411588, 1
0.3522904, 0.5345142, 0.2977211, 1
0.5632054, 0.5154114, 0.5983127, 1
0.3924157, 0.5314508, 0.2729084, 1
0.6694954, 0.5280225, 0.7484318, 1
0.4412995, 0.5427413, 0.3787368, 1
0.6765198, 0.5202827, 0.6364319, 1
0.3841901, 0.543001, 0.3058052, 1
0.6864458, 0.5319476, 0.729768, 1
0.4896689, 0.5298787, 0.5062618, 1
0.3774227, 0.5125212, 0.2304531, 1
0.6781747, 0.5323038, 0.7371486, 1
0.6240806, 0.5317336, 0.6484582, 1
0.531328, 0.5334992, 0.615016, 1
0.549991, 0.5208673, 0.5981557, 1
0.6055149, 0.5432722, 0.712483, 1
0.7143348, 0.5218714, 0.7070628, 1
0.4688642, 0.5301725, 0.5040987, 1
0.4744287, 0.5359371, 0.4767363, 1
0.361758, 0.5148112, 0.249406, 1
0.5794019, 0.5308051, 0.6412105, 1
0.392601, 0.5445392, 0.3511295, 1
0.4727385, 0.5394035, 0.4184421, 1
0.4105319, 0.5411022, 0.3795273, 1
0.6295826, 0.5454738, 0.6687073, 1
0.3753275, 0.5429648, 0.3608177, 1
0.5373501, 0.5338057, 0.6215649, 1
0.3397553, 0.5205691, 0.2815063, 1
0.5901775, 0.5232453, 0.5621129, 1
0.4777663, 0.5351262, 0.4676216, 1
0.2818326, 0.5065924, 0.2547477, 1
0.4840245, 0.5400584, 0.4241757, 1
0.4109182, 0.5407941, 0.3811897, 1
0.4837334, 0.5395554, 0.4108803, 1
0.5247683, 0.5254132, 0.5816413, 1
0.2891839, 0.5152478, 0.1979677, 1
0.5294587, 0.5232698, 0.4992951, 1
0.358978, 0.533831, 0.2909753, 1
0.4693786, 0.5304732, 0.5084545, 1
0.51144, 0.5320676, 0.5316098, 1
0.4548865, 0.5377619, 0.4228291, 1
0.4814585, 0.5396318, 0.4177539, 1
0.5818009, 0.513339, 0.6117977, 1
0.5810478, 0.5249705, 0.5342709, 1
0.5598743, 0.5235501, 0.6190355, 1
0.3789867, 0.5421515, 0.3248348, 1
0.5622011, 0.5362173, 0.6640643, 1
0.3470572, 0.5262524, 0.2833254, 1
0.2816846, 0.5043318, 0.2011655, 1
0.3830274, 0.5449618, 0.3421359, 1
0.6709709, 0.5329347, 0.6610772, 1
0.5147068, 0.5262096, 0.5081584, 1
0.6162059, 0.5244503, 0.6225222, 1
0.6393895, 0.5045736, 0.5993952, 1
0.4939513, 0.5323571, 0.4479367, 1
0.6139532, 0.5074973, 0.597582, 1
0.5505296, 0.5247153, 0.5610375, 1
0.2812259, 0.4666902, 0.1854449, 1
0.3614064, 0.5365255, 0.3122769, 1
0.6397105, 0.5119845, 0.6150604, 1
0.6021487, 0.513759, 0.5732628, 1
0.3553753, 0.5350321, 0.3382796, 1
0.5040039, 0.5257516, 0.4902268, 1
0.5098339, 0.5251036, 0.4877644, 1
0.2918881, 0.5264243, 0.1745546, 1
0.3092265, 0.4946345, 0.1994592, 1
0.3834638, 0.543765, 0.3195985, 1
0.4470335, 0.5435172, 0.3775305, 1
0.341061, 0.5093068, 0.2725428, 1
0.5035941, 0.5337334, 0.5522569, 1
0.662898, 0.5366324, 0.7494926, 1
0.2935078, 0.4691163, 0.1860723, 1
0.3446844, 0.5169401, 0.2785766, 1
0.6682982, 0.5398881, 0.6797866, 1
0.4116019, 0.5398723, 0.3848747, 1
0.3240139, 0.5005302, 0.2216661, 1
0.638343, 0.5231134, 0.6272903, 1
0.6195826, 0.5168443, 0.5616651, 1
0.6394491, 0.547187, 0.7029699, 1
0.4157798, 0.5324647, 0.442247, 1
0.5601929, 0.5169134, 0.6034442, 1
0.4886347, 0.5375516, 0.4331509, 1
0.6782728, 0.5401926, 0.6944199, 1
0.2547384, 0.5067819, 0.1986137, 1
0.5277153, 0.5279451, 0.5450196, 1
0.4919182, 0.5321972, 0.5405038, 1
0.6261858, 0.515197, 0.6100724, 1
0.4221427, 0.5447752, 0.3425851, 1
0.3273234, 0.5018392, 0.2434269, 1
0.4064638, 0.5313668, 0.2737301, 1
0.4267647, 0.5450891, 0.3538042, 1
0.5793782, 0.5270856, 0.6327876, 1
0.3344573, 0.5061299, 0.1894473, 1
0.5576049, 0.5276432, 0.6289425, 1
0.430146, 0.5441257, 0.3171428, 1
0.5872167, 0.5378364, 0.6474264, 1
0.2641761, 0.4770513, 0.1726878, 1
0.6749498, 0.541891, 0.6935045, 1
0.6089272, 0.5141746, 0.5694147, 1
0.6846895, 0.5348074, 0.6927934, 1
0.3892137, 0.5444667, 0.3618251, 1
0.4526802, 0.5457183, 0.3615699, 1
0.51004, 0.5310277, 0.5218763, 1
0.5109075, 0.5263745, 0.5056514, 1
0.554381, 0.5276223, 0.6247822, 1
0.4864898, 0.539446, 0.4050789, 1
0.3945841, 0.5458508, 0.3856097, 1
0.4418408, 0.5456401, 0.3408308, 1
0.4973032, 0.5342784, 0.5658838, 1
0.4609307, 0.5374331, 0.4363853, 1
0.4481181, 0.5448284, 0.3378091, 1
0.5553635, 0.5208582, 0.6089811, 1
0.7096237, 0.5231822, 0.7209267, 1
0.2690953, 0.482691, 0.2120318, 1
0.5237046, 0.5293467, 0.5458317, 1
0.3761854, 0.5453458, 0.3920391, 1
0.5656782, 0.5215635, 0.578379, 1
0.5835642, 0.5271041, 0.6289877, 1
0.3011703, 0.4963463, 0.2688459, 1
0.6672144, 0.5395305, 0.7389919, 1
0.414504, 0.5441037, 0.3143236, 1
0.4491992, 0.5356703, 0.4485072, 1
0.5377274, 0.5263298, 0.6042352, 1
0.4524174, 0.5446047, 0.3364342, 1
0.4915375, 0.5336414, 0.4427757, 1
0.4703666, 0.5313807, 0.5128975, 1
0.309841, 0.4966856, 0.2044319, 1
0.3320276, 0.4996318, 0.2026606, 1
0.3483636, 0.515389, 0.2763029, 1
0.4822982, 0.5383652, 0.4368525, 1
0.4854662, 0.5366012, 0.4419452, 1
0.4804114, 0.5376922, 0.4406121, 1
0.345086, 0.5076982, 0.2278279, 1
0.4625578, 0.5385291, 0.4228345, 1
0.5245352, 0.5246261, 0.4768079, 1
0.4207861, 0.5357752, 0.3964307, 1
0.2812539, 0.5224439, 0.1625831, 1
0.648686, 0.5042458, 0.6080944, 1
0.3900914, 0.5459271, 0.3882565, 1
0.673559, 0.5416498, 0.7087027, 1
0.42123, 0.5434528, 0.3640372, 1
0.3853268, 0.5343717, 0.2851139, 1
0.3481284, 0.5065175, 0.2098795, 1
0.5772107, 0.5289487, 0.6404555, 1
0.3253876, 0.5339044, 0.305881, 1
0.4485227, 0.5323433, 0.4695256, 1
0.4197486, 0.5403376, 0.3859831, 1
0.4804456, 0.5293263, 0.4898189, 1
0.4044025, 0.5450444, 0.3127286, 1
0.644703, 0.5248421, 0.6353092, 1
0.6276593, 0.5305555, 0.6451163, 1
0.2668335, 0.4628861, 0.1702812, 1
0.6116382, 0.5472367, 0.6801457, 1
0.6953306, 0.5043743, 0.7322362, 1
0.5330014, 0.5246575, 0.4828758, 1
0.3310131, 0.502607, 0.2460771, 1
0.6519662, 0.5457623, 0.7392155, 1
0.4523276, 0.5398887, 0.3940212, 1
0.50936, 0.5305791, 0.4313209, 1
0.6595963, 0.5408856, 0.7306706, 1
0.6923446, 0.5285829, 0.681106, 1
0.4227324, 0.5375191, 0.3924192, 1
0.4998723, 0.533443, 0.5416589, 1
0.6425811, 0.5111829, 0.6163208, 1
0.2433362, 0.519027, 0.2132229, 1
0.4655395, 0.5357537, 0.4790849, 1
0.4793144, 0.5399064, 0.424905, 1
0.5334422, 0.5313082, 0.4437457, 1
0.5627791, 0.520031, 0.6178154, 1
0.3327466, 0.5247955, 0.2847158, 1
0.3295333, 0.5139731, 0.2803665, 1
0.5847842, 0.5127842, 0.6118746, 1
0.4476885, 0.5350832, 0.4545958, 1
0.3218228, 0.5088077, 0.23354, 1
0.3992803, 0.545638, 0.3121425, 1
0.6584406, 0.5024905, 0.605303, 1
0.553708, 0.5229491, 0.567617, 1
0.691541, 0.5298411, 0.6882129, 1
0.6712155, 0.5424685, 0.6876746, 1
0.3380775, 0.5320879, 0.2989113, 1
0.6246693, 0.5471184, 0.6760074, 1
0.4937654, 0.5280057, 0.4661624, 1
0.3764385, 0.5426313, 0.3117377, 1
0.5706416, 0.5395135, 0.6678882, 1
0.5871497, 0.5440542, 0.6617333, 1
0.7075273, 0.5273858, 0.7142947, 1
0.4950084, 0.5280647, 0.4979703, 1
0.4256105, 0.5437697, 0.3075926, 1
0.3399062, 0.5048625, 0.2176609, 1
0.3739458, 0.535071, 0.2891367, 1
0.6108515, 0.5144773, 0.5667753, 1
0.3113015, 0.5132982, 0.2872318, 1
0.5341992, 0.5283558, 0.557146, 1
0.6020861, 0.5459645, 0.6723934, 1
0.2659859, 0.5122868, 0.1721089, 1
0.3220812, 0.5128388, 0.1897328, 1
0.5083929, 0.5294662, 0.574489, 1
0.5284042, 0.527554, 0.4532553, 1
0.2990457, 0.4959644, 0.2708163, 1
0.5733663, 0.5173919, 0.5143516, 1
0.6367174, 0.5196868, 0.6225348, 1
0.5187482, 0.5311798, 0.4212055, 1
0.3497632, 0.5112711, 0.2610479, 1
0.4846583, 0.5403323, 0.550701, 1
0.3206494, 0.5118459, 0.2825193, 1
0.3290118, 0.5315821, 0.2968184, 1
0.5259053, 0.5298529, 0.5595553, 1
0.4192469, 0.5446724, 0.349748, 1
0.3246589, 0.5100149, 0.2460224, 1
0.589748, 0.5106591, 0.6085419, 1
0.6896321, 0.5345095, 0.7152477, 1
0.3450356, 0.516242, 0.2780824, 1
0.5450962, 0.5242646, 0.5420681, 1
0.3437942, 0.5050692, 0.2004908, 1
0.365464, 0.5092777, 0.2245353, 1
0.2459941, 0.4890972, 0.1954429, 1
0.3019141, 0.5199161, 0.1871085, 1
0.5152377, 0.5297843, 0.5692252, 1
0.6640297, 0.5368761, 0.6647913, 1
0.3640267, 0.5350478, 0.3405781, 1
0.4289953, 0.5368063, 0.3978327, 1
0.3062075, 0.5032424, 0.2846492, 1
0.2651566, 0.5200446, 0.1865029, 1
0.4681607, 0.5465336, 0.3550534, 1
0.6838377, 0.5354204, 0.6896757, 1
0.5919624, 0.5280041, 0.6261284, 1
0.5846586, 0.5266696, 0.5543769, 1
0.3710549, 0.5396066, 0.3205275, 1
0.4280684, 0.5451978, 0.3566123, 1
0.3442301, 0.5061041, 0.2051247, 1
0.2671703, 0.4794363, 0.2200917, 1
0.6081355, 0.5318804, 0.6389342, 1
0.4553038, 0.5425839, 0.3828394, 1
0.3851129, 0.5413648, 0.3997049, 1
0.2784881, 0.5255879, 0.1604038, 1
0.338946, 0.5208473, 0.2819406, 1
0.3338675, 0.503207, 0.2438484, 1
0.5979558, 0.509683, 0.6044582, 1
0.2803352, 0.4728908, 0.2017107, 1
0.5246859, 0.525668, 0.5160992, 1
0.4294827, 0.544619, 0.3279505, 1
0.5978854, 0.5186926, 0.5620322, 1
0.6012229, 0.5379115, 0.6527964, 1
0.3491907, 0.5179561, 0.2044817, 1
0.6907591, 0.5356643, 0.7248626, 1
0.5494477, 0.5218893, 0.6033044, 1
0.2448208, 0.4739414, 0.1941268, 1
0.6010647, 0.5169107, 0.6137077, 1
0.6912728, 0.5290655, 0.6588939, 1
0.4616086, 0.5359219, 0.4671919, 1
0.3690547, 0.5203605, 0.2741048, 1
0.5437532, 0.5283489, 0.4719152, 1
0.3548253, 0.5345257, 0.3192437, 1
0.3840062, 0.5426971, 0.3040135, 1
0.4668198, 0.5307989, 0.4979405, 1
0.3853026, 0.5409872, 0.2986123, 1
0.5580438, 0.5222914, 0.5755891, 1
0.2712398, 0.5223725, 0.2244094, 1
0.5141706, 0.5260675, 0.4496592, 1
0.4254428, 0.5448565, 0.3313695, 1
0.7152592, 0.5210408, 0.7134995, 1
0.4175684, 0.5446615, 0.3580329, 1
0.4095793, 0.5320901, 0.4170978, 1
0.4068108, 0.5441186, 0.3512283, 1
0.4956718, 0.532642, 0.4407277, 1
0.6091949, 0.5224867, 0.6174597, 1
0.3706973, 0.5431156, 0.3634405, 1
0.4916603, 0.5291404, 0.5023627, 1
0.3916811, 0.5463001, 0.3415189, 1
0.5531847, 0.5212045, 0.5248844, 1
0.3771018, 0.5234113, 0.2585696, 1
0.7045774, 0.5191737, 0.7283005, 1
0.3697174, 0.535787, 0.292444, 1
0.635587, 0.5076404, 0.5734518, 1
0.5253547, 0.524228, 0.5071186, 1
0.5651702, 0.5175534, 0.5165294, 1
0.3125046, 0.5128982, 0.286397, 1
0.5451328, 0.5235863, 0.5984581, 1
0.3968223, 0.5422345, 0.2974975, 1
0.370191, 0.5129315, 0.2340594, 1
0.4527559, 0.5372273, 0.4199815, 1
0.5817582, 0.5127329, 0.5843576, 1
0.6080676, 0.5415564, 0.6612114, 1
0.5328599, 0.52325, 0.4955867, 1
0.2562573, 0.4805273, 0.1948434, 1
0.4059004, 0.5448917, 0.3137909, 1
0.6655245, 0.4996769, 0.7494448, 1
0.2732795, 0.5170644, 0.2353523, 1
0.4704777, 0.5357385, 0.4810071, 1
0.6805429, 0.5350447, 0.6755633, 1
0.6134176, 0.5317793, 0.6466321, 1
0.499213, 0.5248488, 0.4788744, 1
0.6144994, 0.5327258, 0.6503893, 1
0.322054, 0.5004998, 0.2694474, 1
0.5514593, 0.5322322, 0.6416294, 1
0.4566741, 0.5350249, 0.4664957, 1
0.6254806, 0.5101656, 0.6041093, 1
0.4805539, 0.5292804, 0.4997217, 1
0.3403803, 0.5067236, 0.2657675, 1
0.6779459, 0.538853, 0.6851727, 1
0.395566, 0.5440453, 0.3640126, 1
0.6153826, 0.5243556, 0.6217884, 1
0.3882476, 0.5272631, 0.2548926, 1
0.5571715, 0.5209522, 0.5274618, 1
0.4628365, 0.5383564, 0.4241285, 1
0.4682487, 0.5462187, 0.367472, 1
0.5301601, 0.5257804, 0.5704731, 1
0.5149913, 0.5294585, 0.4392903, 1
0.4559956, 0.5348837, 0.4673909, 1
0.5889667, 0.5138366, 0.6153079, 1
0.5746773, 0.5129941, 0.5918688, 1
0.357758, 0.5152319, 0.2631356, 1
0.360334, 0.5093538, 0.2102054, 1
0.6852658, 0.5196502, 0.6374958, 1
0.6378917, 0.5314555, 0.6416013, 1
0.3018971, 0.498223, 0.2339348, 1
0.623747, 0.5438053, 0.710317, 1
0.6874341, 0.5313316, 0.6702003, 1
0.284101, 0.4938315, 0.1951906, 1
0.418077, 0.5428619, 0.3660958, 1
0.5129688, 0.5332183, 0.552349, 1
0.4112053, 0.5458165, 0.3258417, 1
0.4426327, 0.5357965, 0.4340284, 1
0.6232209, 0.5171339, 0.5626799, 1
0.5831909, 0.544705, 0.6691413, 1
0.6407533, 0.5306545, 0.6406693, 1
0.4279425, 0.5439748, 0.3657349, 1
0.4472875, 0.544287, 0.328503, 1
0.5027587, 0.5256029, 0.4629105, 1
0.4600655, 0.5424052, 0.3814025, 1
0.2702561, 0.5144837, 0.2214983, 1
0.4104096, 0.5444081, 0.3486751, 1
0.2476365, 0.5002409, 0.1935498, 1
0.4085107, 0.5387019, 0.3920076, 1
0.3560522, 0.5295085, 0.2843406, 1
0.4899749, 0.5296484, 0.4665365, 1
0.439087, 0.5457141, 0.3608137, 1
0.6243798, 0.506368, 0.5788737, 1
0.3477703, 0.507301, 0.2528329, 1
0.4803599, 0.5331984, 0.477138, 1
0.3282769, 0.5178254, 0.2824091, 1
0.6574645, 0.5425599, 0.7369679, 1
0.4655886, 0.5306463, 0.5081105, 1
0.5941052, 0.5351685, 0.6394949, 1
0.5038876, 0.5274244, 0.5013442, 1
0.6761032, 0.5352017, 0.6720189, 1
0.661727, 0.5281821, 0.647425, 1
0.4413786, 0.5455026, 0.3625442, 1
0.3183996, 0.5330845, 0.3033678, 1
0.3739345, 0.5413409, 0.3584954, 1
0.5885653, 0.5254254, 0.5591174, 1
0.5223492, 0.5265774, 0.4466176, 1
0.6185574, 0.5414415, 0.717909, 1
0.4847917, 0.5400584, 0.4203368, 1
0.3941884, 0.526815, 0.256864, 1
0.6492774, 0.5427079, 0.6629943, 1
0.6765649, 0.5167122, 0.6271651, 1
0.3986058, 0.5437704, 0.3590068, 1
0.6029519, 0.5134925, 0.5785074, 1
0.4744024, 0.5290818, 0.4987422, 1
0.420921, 0.5341727, 0.4079305, 1
0.6512993, 0.5461531, 0.6749392, 1
0.4349094, 0.537505, 0.406303, 1
0.5063102, 0.5278718, 0.4497474, 1
0.5910634, 0.5346485, 0.639436, 1
0.3521506, 0.5345667, 0.3451445, 1
0.2903823, 0.5016397, 0.2412746, 1
0.6383945, 0.5480751, 0.6773748, 1
0.3794665, 0.5308166, 0.2815517, 1
0.5538893, 0.5233398, 0.5730671, 1
0.4333885, 0.545575, 0.358739, 1
0.3386971, 0.503855, 0.249772, 1
0.6845623, 0.5348411, 0.6871139, 1
0.4892364, 0.5271284, 0.4904833, 1
0.3088041, 0.5146882, 0.1997654, 1
0.3772375, 0.5345452, 0.2869723, 1
0.2883067, 0.5130199, 0.1654865, 1
0.4009706, 0.5468406, 0.3228338, 1
0.6492677, 0.5419962, 0.6616604, 1
0.4044811, 0.5462062, 0.3392923, 1
0.6610267, 0.5393029, 0.6709238, 1
0.5231584, 0.5242467, 0.4853101, 1
0.6712523, 0.5427096, 0.6886178, 1
0.5473292, 0.5240279, 0.5409865, 1
0.5319851, 0.5259324, 0.4720515, 1
0.4623538, 0.5447319, 0.3681966, 1
0.5689546, 0.5198327, 0.5010295, 1
0.6209626, 0.5258462, 0.6289012, 1
0.29691, 0.4875393, 0.1853541, 1
0.2992837, 0.4948125, 0.2185892, 1
0.4575066, 0.5353233, 0.4601626, 1
0.4311974, 0.5343698, 0.4297173, 1
0.3090329, 0.4981382, 0.2421027, 1
0.658758, 0.4983465, 0.7526393, 1
0.5490238, 0.5228493, 0.5317941, 1
0.4463375, 0.5394901, 0.396702, 1
0.4635765, 0.5358624, 0.4773567, 1
0.5223104, 0.5282889, 0.5275592, 1
0.5088661, 0.5311912, 0.5681913, 1
0.6929291, 0.533862, 0.7131053, 1
0.5792471, 0.5111535, 0.598509, 1
0.5152459, 0.5312628, 0.4239375, 1
0.381683, 0.5362887, 0.2884759, 1
0.3303211, 0.5039626, 0.2701899, 1
0.4670335, 0.536377, 0.47093, 1
0.2787879, 0.4801659, 0.1808195, 1
0.4289946, 0.5334187, 0.4246875, 1
0.4148793, 0.5412595, 0.3814945, 1
0.6485138, 0.5153492, 0.6258665, 1
0.4516951, 0.5333242, 0.4822102, 1
0.6082078, 0.5072558, 0.5986878, 1
0.3595287, 0.5303472, 0.2842605, 1
0.5043305, 0.5303385, 0.5168029, 1
0.49138, 0.53426, 0.5255294, 1
0.2886317, 0.5161299, 0.2447289, 1
0.2992774, 0.5051683, 0.2343269, 1
0.3812748, 0.5383009, 0.2934534, 1
0.6466004, 0.5203535, 0.6308544, 1
0.3534271, 0.5196929, 0.2776598, 1
0.5522027, 0.5248854, 0.5470255, 1
0.5347517, 0.5258217, 0.5287548, 1
0.4964892, 0.5333095, 0.4356821, 1
0.6188251, 0.5145919, 0.5662572, 1
0.3847526, 0.5439175, 0.3220825, 1
0.2685357, 0.4821502, 0.2218753, 1
0.5598531, 0.5227355, 0.5361934, 1
0.5798891, 0.5431464, 0.673898, 1
0.3780515, 0.5395063, 0.2980548, 1
0.521172, 0.5294026, 0.5318998, 1
0.3544638, 0.5346987, 0.2974637, 1
0.4711702, 0.5359327, 0.4775701, 1
0.2601418, 0.498818, 0.1937198, 1
0.5919036, 0.5376869, 0.6455373, 1
0.5913767, 0.5461214, 0.6838436, 1
0.581039, 0.5441406, 0.671914, 1
0.5524423, 0.5253155, 0.615217, 1
0.5658815, 0.5146207, 0.6022478, 1
0.3898298, 0.5422115, 0.3002244, 1
0.6240555, 0.5057698, 0.5843088, 1
0.5193924, 0.5302767, 0.4303968, 1
0.5166099, 0.5300522, 0.4310091, 1
0.4569975, 0.5343224, 0.4752077, 1
0.5247178, 0.5284554, 0.5996031, 1
0.6037446, 0.5300177, 0.6289895, 1
0.3101288, 0.5132214, 0.2247629, 1
0.4254721, 0.5390324, 0.3890129, 1
0.3750532, 0.5315273, 0.2836145, 1
0.6537631, 0.5029384, 0.6058276, 1
0.4668513, 0.5395531, 0.4053509, 1
0.5826247, 0.5444243, 0.666735, 1
0.5172198, 0.5256761, 0.4543533, 1
0.5265614, 0.5287611, 0.5483771, 1
0.2605732, 0.4897295, 0.1928032, 1
0.4748571, 0.5430092, 0.3855371, 1
0.4966325, 0.5334138, 0.5228601, 1
0.6303298, 0.5450387, 0.7030833, 1
0.5289046, 0.525603, 0.5885903, 1
0.4372005, 0.5311576, 0.4745611, 1
0.3023177, 0.5190699, 0.2039024, 1
0.3944914, 0.5458217, 0.3857842, 1
0.3846885, 0.5407195, 0.2981081, 1
0.3401942, 0.5060646, 0.25943, 1
0.5610394, 0.5275714, 0.6315481, 1
0.5946543, 0.5438698, 0.6610743, 1
0.5996038, 0.5348141, 0.6409775, 1
0.5189479, 0.5250012, 0.5015398, 1
0.3481068, 0.5108967, 0.2046259, 1
0.5157976, 0.5254652, 0.4614234, 1
0.4867725, 0.5274549, 0.481707, 1
0.444292, 0.5396221, 0.4048665, 1
0.579912, 0.5388647, 0.6524814, 1
0.2979723, 0.4975866, 0.2478009, 1
0.5122046, 0.5329279, 0.4209459, 1
0.4673565, 0.5465856, 0.3530929, 1
0.5295348, 0.5243897, 0.51455, 1
0.5655549, 0.5253597, 0.5491458, 1
0.4400489, 0.5392259, 0.3992749, 1
0.583916, 0.5449048, 0.670887, 1
0.624597, 0.528323, 0.640749, 1
0.5042155, 0.5248985, 0.4818146, 1
0.4701353, 0.5384783, 0.4276919, 1
0.5255936, 0.5266134, 0.461437, 1
0.5513506, 0.5244172, 0.5636251, 1
0.3147145, 0.5205689, 0.2892926, 1
0.6664304, 0.5332739, 0.7479023, 1
0.2810332, 0.513649, 0.2430586, 1
0.2636724, 0.5277704, 0.1960865, 1
0.3759089, 0.5225514, 0.2715032, 1
0.6245944, 0.50626, 0.5934375, 1
0.4127852, 0.5325905, 0.419228, 1
0.4244238, 0.544091, 0.3148037, 1
0.6233519, 0.5420556, 0.6941917, 1
0.4556419, 0.537627, 0.4205126, 1
0.4542855, 0.5428512, 0.3801539, 1
0.4680277, 0.5356979, 0.4801193, 1
0.4615995, 0.5358019, 0.4637906, 1
0.3904467, 0.5376763, 0.4050721, 1
0.3758258, 0.5377123, 0.2937636, 1
0.3840677, 0.5438225, 0.3243693, 1
0.2635598, 0.4936666, 0.2464001, 1
0.6727956, 0.5380627, 0.6771442, 1
0.3229927, 0.5220308, 0.1946172, 1
0.3104388, 0.5085679, 0.2105349, 1
0.598001, 0.5103554, 0.6070079, 1
0.5063906, 0.5302554, 0.5709543, 1
0.6249577, 0.546331, 0.6717517, 1
0.5788817, 0.5208797, 0.5733049, 1
0.345379, 0.5340549, 0.326832, 1
0.2849871, 0.5021587, 0.2210503, 1
0.4311737, 0.5405802, 0.3845466, 1
0.5192246, 0.5249836, 0.5056674, 1
0.5874366, 0.5109529, 0.5878353, 1
0.450173, 0.5403142, 0.3933444, 1
0.5875062, 0.5304018, 0.6321017, 1
0.4970808, 0.5264364, 0.4885819, 1
0.5507462, 0.5242941, 0.5594556, 1
0.4583453, 0.5393661, 0.4014041, 1
0.3938458, 0.5448104, 0.3892776, 1
0.3447031, 0.5154882, 0.2776405, 1
0.6276304, 0.5230981, 0.6240052, 1
0.5840533, 0.526434, 0.5574143, 1
0.6746992, 0.5380824, 0.7301701, 1
0.3069853, 0.5023276, 0.2227238, 1
0.4194079, 0.5339401, 0.4120203, 1
0.5568946, 0.5224238, 0.5712074, 1
0.3176182, 0.5072842, 0.2059709, 1
0.5976459, 0.5211142, 0.5573893, 1
0.3855736, 0.544061, 0.3517888, 1
0.6223634, 0.543061, 0.7139239, 1
0.6440808, 0.5384626, 0.657858, 1
0.6720415, 0.52483, 0.7473279, 1
0.5370271, 0.5269853, 0.4707153, 1
0.577777, 0.5256603, 0.5411903, 1
0.5276904, 0.5247241, 0.5147781, 1
0.4460147, 0.5413089, 0.3904507, 1
0.5257624, 0.5247211, 0.4817429, 1
0.399656, 0.5468356, 0.3384136, 1
0.6167136, 0.539938, 0.6959806, 1
0.5147417, 0.5253872, 0.4759537, 1
0.5157995, 0.5280491, 0.5186599, 1
0.3979628, 0.5382836, 0.4001935, 1
0.3095483, 0.5140113, 0.2011514, 1
0.6775103, 0.518575, 0.6310351, 1
0.3825226, 0.5416376, 0.3023347, 1
0.5328842, 0.5225918, 0.5025337, 1
0.6193951, 0.5141408, 0.5669749, 1
0.4367255, 0.5327234, 0.4526838, 1
0.4201926, 0.543952, 0.3133092, 1
0.4556969, 0.5447433, 0.365934, 1
0.5557452, 0.5225997, 0.5748287, 1
0.5001352, 0.5384889, 0.4182071, 1
0.2875929, 0.4714969, 0.1893099, 1
0.6064253, 0.5381184, 0.7062934, 1
0.512906, 0.5257916, 0.5023895, 1
0.5683192, 0.526496, 0.6326097, 1
0.3569964, 0.5208201, 0.2775411, 1
0.4098207, 0.54301, 0.3625022, 1
0.5905445, 0.5111114, 0.5888561, 1
0.4948315, 0.5336406, 0.5506699, 1
0.3272572, 0.5043501, 0.2044481, 1
0.5389413, 0.5250562, 0.5281453, 1
0.545083, 0.5239608, 0.5325099, 1
0.5100216, 0.5324939, 0.5314584, 1
0.414359, 0.5345051, 0.3987649, 1
0.6660668, 0.5354488, 0.6641461, 1
0.3303995, 0.5323196, 0.2989326, 1
0.3642311, 0.518075, 0.2603044, 1
0.597806, 0.5090986, 0.5977015, 1
0.610818, 0.5226682, 0.6180338, 1
0.387514, 0.5470771, 0.386355, 1
0.6237785, 0.5077648, 0.5979468, 1
0.5209298, 0.5294054, 0.5341074, 1
0.6101561, 0.5383428, 0.6581028, 1
0.4835791, 0.5396393, 0.4138566, 1
0.6320094, 0.5460638, 0.7086527, 1
0.6416121, 0.5482222, 0.7166407, 1
0.3587815, 0.5350786, 0.3432116, 1
0.5761622, 0.5405391, 0.6567862, 1
0.5938071, 0.5456325, 0.6674719, 1
0.5769285, 0.5155682, 0.5850592, 1
0.6122503, 0.5478225, 0.6826649, 1
0.3674797, 0.5384054, 0.3051843, 1
0.5267305, 0.5245764, 0.479459, 1
0.364574, 0.5165032, 0.2513916, 1
0.6002259, 0.5322074, 0.633892, 1
0.4715978, 0.5396121, 0.4025435, 1
0.3331106, 0.5029999, 0.2135685, 1
0.2833447, 0.4784773, 0.1775204, 1
0.5257561, 0.5268086, 0.5252575, 1
0.526009, 0.523913, 0.4958268, 1
0.3577875, 0.5355746, 0.3122826, 1
0.531036, 0.5266328, 0.5334362, 1
0.6096955, 0.5360982, 0.655748, 1
0.2593163, 0.4969348, 0.2017331, 1
0.2768275, 0.4879235, 0.2017641, 1
0.6905046, 0.534891, 0.7106611, 1
0.5992131, 0.5158074, 0.6142034, 1
0.3064077, 0.4920053, 0.1758515, 1
0.5582423, 0.5287463, 0.63205, 1
0.3245244, 0.4989232, 0.208173, 1
0.6212938, 0.5180097, 0.6130564, 1
0.4722136, 0.5425571, 0.386479, 1
0.5311418, 0.5252174, 0.4734251, 1
0.5146726, 0.5250682, 0.4874388, 1
0.4659521, 0.5360689, 0.4683704, 1
0.5510535, 0.524012, 0.5692389, 1
0.2520663, 0.4606655, 0.1921601, 1
0.2727804, 0.4918299, 0.1838015, 1
0.557452, 0.5176395, 0.5048581, 1
0.5712343, 0.5258721, 0.6326748, 1
0.3176467, 0.5226926, 0.2890739, 1
0.5949202, 0.5097059, 0.5985951, 1
0.5076718, 0.5247206, 0.4738474, 1
0.3832365, 0.5358199, 0.2874891, 1
0.4237158, 0.5454078, 0.3464527, 1
0.3800742, 0.5247941, 0.2726755, 1
0.6781248, 0.5231009, 0.7424055, 1
0.6569044, 0.5478528, 0.7018067, 1
0.5131079, 0.5298333, 0.4362166, 1
0.6608077, 0.541794, 0.7444005, 1
0.3476703, 0.5339897, 0.3286802, 1
0.4381208, 0.5325199, 0.466907, 1
0.4741484, 0.5360976, 0.4678121, 1
0.4579214, 0.5396109, 0.3984272, 1
0.397153, 0.5442376, 0.3516701, 1
0.5804186, 0.5257835, 0.5622514, 1
0.3300456, 0.5025983, 0.2627858, 1
0.4859194, 0.5395414, 0.428938, 1
0.5683838, 0.5173267, 0.5147732, 1
0.4165922, 0.5416707, 0.3775788, 1
0.6702809, 0.5432569, 0.697625, 1
0.5188757, 0.5296268, 0.5260247, 1
0.498711, 0.5338932, 0.5540304, 1
0.4912567, 0.5321892, 0.5436413, 1
0.6813206, 0.5154366, 0.7432415, 1
0.4936093, 0.5328327, 0.517974, 1
0.6453478, 0.5460399, 0.6698912, 1
0.3134442, 0.5032158, 0.2324599, 1
0.4832398, 0.5442185, 0.3791587, 1
0.2610483, 0.4998155, 0.205167, 1
0.3052984, 0.4968295, 0.2773943, 1
0.528837, 0.5245929, 0.4826921, 1
0.5108256, 0.5344332, 0.4191216, 1
0.576434, 0.5334858, 0.6475905, 1
0.5176235, 0.529239, 0.5232186, 1
0.3591721, 0.5364516, 0.3000975, 1
0.529021, 0.5325406, 0.610672, 1
0.2987033, 0.50308, 0.1992495, 1
0.4272045, 0.545791, 0.3434769, 1
0.486621, 0.537044, 0.4364994, 1
0.4581414, 0.5388268, 0.4156029, 1
0.6409958, 0.5487748, 0.6862081, 1
0.245401, 0.5028225, 0.2230028, 1
0.5763798, 0.5253524, 0.5402048, 1
0.3717619, 0.5409378, 0.3163439, 1
0.4808377, 0.5314445, 0.5193369, 1
0.2911204, 0.521197, 0.2030627, 1
0.3152582, 0.5022038, 0.1972369, 1
0.4071985, 0.5443019, 0.3485851, 1
0.5476943, 0.5239899, 0.540527, 1
0.3340802, 0.5001805, 0.2012008, 1
0.301647, 0.4969427, 0.2634692, 1
0.656096, 0.5407141, 0.6639462, 1
0.2766839, 0.4827902, 0.187655, 1
0.2452034, 0.5076, 0.2137398, 1
0.5809439, 0.5119534, 0.604329, 1
0.2593229, 0.5225358, 0.2158837, 1
0.5775558, 0.5232612, 0.6281887, 1
0.2564766, 0.493001, 0.198994, 1
0.3489533, 0.5090387, 0.2558039, 1
0.4652567, 0.5435008, 0.380639, 1
0.3930736, 0.5453349, 0.31093, 1
0.6116417, 0.5334723, 0.6503867, 1
0.2434565, 0.502025, 0.2222265, 1
0.4092261, 0.5406308, 0.3694263, 1
0.6052624, 0.5167308, 0.5607077, 1
0.420586, 0.5315614, 0.4470147, 1
0.5388554, 0.5300074, 0.4608958, 1
0.4914351, 0.5401598, 0.4006181, 1
0.5787331, 0.5206028, 0.624729, 1
0.3501647, 0.5331408, 0.2932149, 1
0.3490097, 0.5059569, 0.2241208, 1
0.6378945, 0.5480808, 0.6778824, 1
0.7119501, 0.5118605, 0.7266393, 1
0.5187632, 0.53158, 0.5503477, 1
0.5028824, 0.533371, 0.5303555, 1
0.6702456, 0.5184014, 0.6314921, 1
0.6310148, 0.5454019, 0.6687704, 1
0.6092707, 0.5468136, 0.6777495, 1
0.6493447, 0.5363523, 0.6530488, 1
0.5015167, 0.5269676, 0.4944549, 1
0.57674, 0.5156789, 0.5851169, 1
0.2617447, 0.485153, 0.1749325, 1
0.359946, 0.5357152, 0.3486906, 1
0.5529205, 0.5330639, 0.6590581, 1
0.6669263, 0.5418665, 0.6828211, 1
0.543338, 0.5273715, 0.4742254, 1
0.5575601, 0.5232726, 0.5389485, 1
0.3795372, 0.5326418, 0.2838369, 1
0.6804233, 0.5382877, 0.6937112, 1
0.5796949, 0.5264806, 0.5462952, 1
0.4998079, 0.5261571, 0.4888695, 1
0.6350964, 0.5051935, 0.5795338, 1
0.4346991, 0.5445604, 0.3640429, 1
0.4520857, 0.5333601, 0.4788689, 1
0.4769555, 0.5317677, 0.4888016, 1
0.4296476, 0.5425405, 0.3740289, 1
0.4058123, 0.5315698, 0.4136215, 1
0.5687091, 0.5215511, 0.6252891, 1
0.5384982, 0.5309802, 0.6178927, 1
0.5845491, 0.5233806, 0.6250497, 1
0.5736369, 0.5279078, 0.6401982, 1
0.3926351, 0.5334822, 0.2789653, 1
0.5365501, 0.5242457, 0.5775547, 1
0.610623, 0.5199663, 0.5458524, 1
0.317571, 0.5110139, 0.212315, 1
0.5401511, 0.5266716, 0.5613461, 1
0.5328354, 0.5236785, 0.4937518, 1
0.4041786, 0.5389487, 0.395455, 1
0.6264498, 0.5434913, 0.7007923, 1
0.4123642, 0.5452192, 0.3224914, 1
0.476013, 0.5357186, 0.4740267, 1
0.5228596, 0.5264826, 0.4559316, 1
0.4842643, 0.5402734, 0.4023944, 1
0.5627077, 0.5212609, 0.6189414, 1
0.4813301, 0.5310814, 0.5167999, 1
0.3643394, 0.5209805, 0.2770967, 1
0.5279711, 0.5260476, 0.5903021, 1
0.4158757, 0.5441887, 0.3146297, 1
0.3790934, 0.5421029, 0.3264611, 1
0.3134456, 0.4973462, 0.269019, 1
0.533106, 0.5230345, 0.5140051, 1
0.496207, 0.5397726, 0.3993459, 1
0.4677473, 0.5304458, 0.5068706, 1
0.5424078, 0.5252656, 0.6071767, 1
0.6682811, 0.5170414, 0.7536239, 1
0.5276274, 0.5277238, 0.5343476, 1
0.3591416, 0.5081529, 0.2248664, 1
0.3646367, 0.5355877, 0.2945549, 1
0.5679552, 0.5247978, 0.5614272, 1
0.4747305, 0.5460779, 0.3750902, 1
0.4925945, 0.5298561, 0.5073807, 1
0.6042745, 0.5090803, 0.5891727, 1
0.3008021, 0.5034232, 0.2644102, 1
0.4167147, 0.5442813, 0.3170222, 1
0.6179298, 0.5287831, 0.6418629, 1
0.4680317, 0.54167, 0.3872, 1
0.5089169, 0.529889, 0.4393516, 1
0.6704, 0.5337859, 0.6626505, 1
0.4704447, 0.5393592, 0.420081, 1
0.5381377, 0.5269522, 0.5610942, 1
0.4906662, 0.535399, 0.439256, 1
0.6800956, 0.5387059, 0.7110556, 1
0.4157974, 0.5438458, 0.3096334, 1
0.4368153, 0.5347679, 0.435322, 1
0.4497304, 0.5370356, 0.4189156, 1
0.4549366, 0.5340204, 0.4808875, 1
0.450878, 0.5394102, 0.4027359, 1
0.5469986, 0.5250974, 0.5555962, 1
0.6272336, 0.5452722, 0.7105425, 1
0.4108001, 0.545172, 0.3437743, 1
0.5114521, 0.5321146, 0.5321581, 1
0.5907774, 0.5454972, 0.6669161, 1
0.6335527, 0.5046576, 0.590768, 1
0.5122085, 0.5313036, 0.5266843, 1
0.3167225, 0.4999077, 0.2363949, 1
0.3492723, 0.52399, 0.2809015, 1
0.6778902, 0.510832, 0.7456741, 1
0.5105169, 0.5247958, 0.4793775, 1
0.2451689, 0.5163772, 0.2030386, 1
0.6788584, 0.4995748, 0.7410643, 1
0.2858131, 0.4862992, 0.2139712, 1
0.6336027, 0.5453841, 0.7010702, 1
0.4016113, 0.5446639, 0.3740297, 1
0.3039517, 0.5146603, 0.1776701, 1
0.3266414, 0.502079, 0.2366355, 1
0.6587341, 0.5257518, 0.6424742, 1
0.3345683, 0.5310087, 0.2945063, 1
0.5011383, 0.5334911, 0.5455303, 1
0.5700253, 0.5378332, 0.6689565, 1
0.6393209, 0.5466471, 0.7062954, 1
0.2696904, 0.4941704, 0.2210832, 1
0.6956401, 0.5255271, 0.6543879, 1
0.2921779, 0.5095261, 0.2499619, 1
0.5668713, 0.5201321, 0.5257173, 1
0.4159206, 0.5430481, 0.361825, 1
0.3893641, 0.5408947, 0.2967387, 1
0.3888428, 0.5440295, 0.3075266, 1
0.5147967, 0.5315158, 0.5330904, 1
0.4042066, 0.5377359, 0.2848508, 1
0.4947339, 0.5326363, 0.5400907, 1
0.4335347, 0.5463387, 0.3509303, 1
0.2859216, 0.4964485, 0.2624524, 1
0.3915834, 0.5354053, 0.2845776, 1
0.459418, 0.5467879, 0.345174, 1
0.5948849, 0.5176386, 0.5672368, 1
0.4965393, 0.5290298, 0.4575573, 1
0.6948444, 0.517846, 0.7337095, 1
0.5717696, 0.5165265, 0.6152118, 1
0.3776563, 0.5232655, 0.2696072, 1
0.507043, 0.525257, 0.4664429, 1
0.4464195, 0.5410971, 0.3908844, 1
0.4220007, 0.5329034, 0.4287723, 1
0.3785966, 0.5428783, 0.3409356, 1
0.6637185, 0.5017517, 0.614421, 1
0.4044509, 0.5435699, 0.3547906, 1
0.2824166, 0.5112479, 0.1701889, 1
0.3429579, 0.5341842, 0.3251575, 1
0.4349857, 0.5458301, 0.358243, 1
0.3607035, 0.5361786, 0.3145938, 1
0.6619413, 0.5108172, 0.624435, 1
0.6575947, 0.5318773, 0.65018, 1
0.3624739, 0.5367967, 0.3072032, 1
0.5062916, 0.5351592, 0.4214675, 1
0.5797641, 0.5205221, 0.5088745, 1
0.5521697, 0.5240334, 0.5778322, 1
0.6282782, 0.5378937, 0.6566929, 1
0.3944658, 0.5468728, 0.3366558, 1
0.4151733, 0.5327636, 0.4332717, 1
0.4253303, 0.5362139, 0.4035445, 1
0.4456064, 0.5466905, 0.3544918, 1
0.5842242, 0.521872, 0.5213882, 1
0.6695213, 0.5278546, 0.7485791, 1
0.648998, 0.5039859, 0.6073841, 1
0.6220358, 0.5072569, 0.5780536, 1
0.3064957, 0.5155202, 0.2913302, 1
0.3340663, 0.5232911, 0.2831385, 1
0.6899958, 0.5310566, 0.6873579, 1
0.3883109, 0.5454316, 0.3283817, 1
0.5429072, 0.5347226, 0.6331019, 1
0.4804873, 0.5398955, 0.422108, 1
0.5597662, 0.5190836, 0.4981694, 1
0.4117059, 0.5322453, 0.4196719, 1
0.5370442, 0.5256144, 0.5446665, 1
0.5099736, 0.5263615, 0.5042226, 1
0.4533632, 0.5395607, 0.3991794, 1
0.3747839, 0.5399426, 0.3277678, 1
0.3288735, 0.5123802, 0.203041, 1
0.2922876, 0.4964863, 0.2656602, 1
0.2568156, 0.5051243, 0.2270736, 1
0.5992421, 0.5426613, 0.6594769, 1
0.5659078, 0.5152237, 0.5938335, 1
0.349123, 0.5106734, 0.2605819, 1
0.5633493, 0.5155215, 0.6030186, 1
0.479052, 0.5290578, 0.49593, 1
0.3817325, 0.5287403, 0.2781815, 1
0.3726931, 0.5393987, 0.325273, 1
0.6626081, 0.5164518, 0.6301905, 1
0.4758537, 0.5444831, 0.3789539, 1
0.3803332, 0.5255679, 0.2560561, 1
0.6133202, 0.5423504, 0.6632263, 1
0.487496, 0.5300089, 0.5093676, 1
0.3011774, 0.4948252, 0.2170572, 1
0.4602709, 0.5351526, 0.4750795, 1
0.4318131, 0.5445188, 0.3629838, 1
0.460458, 0.5391662, 0.4140259, 1
0.4958552, 0.5284128, 0.4606175, 1
0.4837872, 0.5322056, 0.527497, 1
0.3904841, 0.5442621, 0.3507433, 1
0.6645288, 0.5257342, 0.755273, 1
0.4721444, 0.5387743, 0.4259978, 1
0.45326, 0.5430444, 0.3780725, 1
0.344447, 0.532761, 0.3062812, 1
0.6029559, 0.524063, 0.619144, 1
0.6288449, 0.54689, 0.6788384, 1
0.3859848, 0.5347138, 0.2854242, 1
0.361761, 0.5355141, 0.348996, 1
0.5224507, 0.5261848, 0.4611561, 1
0.6166431, 0.5093526, 0.578684, 1
0.6548683, 0.5461097, 0.717123, 1
0.2483869, 0.5079815, 0.2228601, 1
0.6105704, 0.5139138, 0.6067057, 1
0.5768543, 0.511615, 0.599944, 1
0.3569214, 0.5357423, 0.2987937, 1
0.2899745, 0.5147161, 0.2170486, 1
0.5529556, 0.523706, 0.5398731, 1
0.3377408, 0.5021704, 0.2023409, 1
0.583593, 0.5330804, 0.641504, 1
0.4328637, 0.5373866, 0.4127517, 1
0.2583052, 0.5097148, 0.2197212, 1
0.3790044, 0.5431232, 0.3551757, 1
0.4502542, 0.5413983, 0.388494, 1
0.2693393, 0.4964803, 0.1677241, 1
0.3265933, 0.50728, 0.2769829, 1
0.3453798, 0.5066147, 0.2076566, 1
0.4578957, 0.5381681, 0.4231112, 1
0.6815268, 0.536961, 0.6873077, 1
0.2520221, 0.475937, 0.201924, 1
0.6823709, 0.5248961, 0.6493742, 1
0.4514756, 0.5333036, 0.480253, 1
0.6624677, 0.5275371, 0.6468794, 1
0.678721, 0.536435, 0.7265094, 1
0.4011815, 0.5350961, 0.2781851, 1
0.2656966, 0.4784325, 0.1832629, 1
0.2664046, 0.503023, 0.2100366, 1
0.3899921, 0.5427713, 0.3024752, 1
0.5766909, 0.526386, 0.549133, 1
0.290072, 0.4726971, 0.189871, 1
0.3661268, 0.5358686, 0.2947376, 1
0.5420554, 0.5246975, 0.5946732, 1
0.5055283, 0.5390409, 0.4068436, 1
0.6842052, 0.5270804, 0.6528972, 1
0.392409, 0.5453187, 0.3133179, 1
0.3577708, 0.5159766, 0.272376, 1
0.6715395, 0.5162484, 0.7507992, 1
0.5695056, 0.523976, 0.6286898, 1
0.449361, 0.5348074, 0.4611561, 1
0.6273265, 0.5274091, 0.6337079, 1
0.5587738, 0.5189769, 0.5210117, 1
0.5989684, 0.5262613, 0.622191, 1
0.6837817, 0.5269935, 0.7365788, 1
0.3712232, 0.5395779, 0.3210873, 1
0.4287078, 0.5305847, 0.4615343, 1
0.3042474, 0.5273281, 0.1998415, 1
0.4490588, 0.5462064, 0.3591816, 1
0.3952451, 0.543623, 0.3916045, 1
0.3384059, 0.5039891, 0.2324889, 1
0.4015892, 0.5448172, 0.3759807, 1
0.4644925, 0.536459, 0.4635673, 1
0.2814795, 0.508096, 0.2478038, 1
0.5245379, 0.5289915, 0.5393491, 1
0.4488703, 0.5420087, 0.3866683, 1
0.2817007, 0.4654476, 0.1947426, 1
0.2639662, 0.5022584, 0.1946071, 1
0.6528356, 0.5196476, 0.6333166, 1
0.2731819, 0.5136854, 0.2094946, 1
0.3570169, 0.5361661, 0.3030162, 1
0.4405988, 0.5450673, 0.366431, 1
0.4184185, 0.5454394, 0.3344452, 1
0.5641267, 0.5277693, 0.4931349, 1
0.5525369, 0.5207504, 0.4927229, 1
0.5107272, 0.5282049, 0.4459447, 1
0.3518428, 0.5097756, 0.2034005, 1
0.4965114, 0.5313102, 0.5163096, 1
0.4598056, 0.5393375, 0.4128284, 1
0.6649409, 0.5298541, 0.7528849, 1
0.269715, 0.5179466, 0.2148206, 1
0.5084253, 0.5251315, 0.4877165, 1
0.3586715, 0.5338936, 0.3311932, 1
0.5553404, 0.5216569, 0.5301688, 1
0.4617924, 0.5307788, 0.5016886, 1
0.5425377, 0.5245641, 0.5933897, 1
0.5741272, 0.5259268, 0.5607214, 1
0.2557942, 0.4870281, 0.20737, 1
0.3920183, 0.531481, 0.2743589, 1
0.312719, 0.5032462, 0.2813438, 1
0.4780139, 0.5384499, 0.4388777, 1
0.2701784, 0.4687584, 0.1769934, 1
0.5625298, 0.5160461, 0.6039326, 1
0.3649175, 0.5356361, 0.2947397, 1
0.3563448, 0.5177925, 0.2755701, 1
0.2639362, 0.5004612, 0.2421522, 1
0.6470211, 0.5490721, 0.7414656, 1
0.4004269, 0.5413918, 0.2941833, 1
0.6109425, 0.5443317, 0.6918896, 1
0.4082817, 0.5455277, 0.3204509, 1
0.4048196, 0.5460523, 0.341223, 1
0.616558, 0.5066165, 0.5870692, 1
0.3898204, 0.5285469, 0.2620347, 1
0.3588544, 0.5366675, 0.3020145, 1
0.4280613, 0.5430936, 0.3677513, 1
0.5310887, 0.5283676, 0.4589631, 1
0.5870463, 0.5350432, 0.6420705, 1
0.6670741, 0.5314324, 0.7486949, 1
0.3056369, 0.5168735, 0.2174359, 1
0.6276363, 0.5455637, 0.7110195, 1
0.4096493, 0.5406817, 0.3673066, 1
0.6515618, 0.5337403, 0.6499789, 1
0.401571, 0.53088, 0.4164715, 1
0.6776282, 0.5381764, 0.6828409, 1
0.3172538, 0.5235577, 0.2899488, 1
0.41542, 0.5413108, 0.3813787, 1
0.4811589, 0.535867, 0.4504145, 1
0.4249349, 0.531049, 0.4509665, 1
0.5627896, 0.5186242, 0.4996532, 1
0.3567341, 0.5107564, 0.2187238, 1
0.3366942, 0.5300954, 0.2913359, 1
0.2662354, 0.462201, 0.1739267, 1
0.2863569, 0.5000005, 0.2244502, 1
0.4992264, 0.5334873, 0.5359409, 1
0.4891335, 0.5266973, 0.4789902, 1
0.2515916, 0.4982486, 0.2275502, 1
0.6692134, 0.5293645, 0.6538384, 1
0.4167212, 0.5428375, 0.301513, 1
0.4566118, 0.5445063, 0.3683512, 1
0.5591335, 0.5170305, 0.5961817, 1
0.5151092, 0.5259531, 0.4514077, 1
0.5151576, 0.5319958, 0.5639048, 1
0.38535, 0.5454961, 0.3434961, 1
0.5048199, 0.5250028, 0.4674833, 1
0.6372249, 0.5037248, 0.5903973, 1
0.4070985, 0.5417429, 0.3861012, 1
0.6793872, 0.5384193, 0.687179, 1
0.4854096, 0.5334355, 0.4588036, 1
0.3418612, 0.5302718, 0.291191, 1
0.3697803, 0.5394796, 0.3582333, 1
0.325944, 0.5017913, 0.2381105, 1
0.6456802, 0.5353204, 0.6524585, 1
0.3144298, 0.5179743, 0.2248428, 1
0.4174584, 0.5333325, 0.4198442, 1
0.3702396, 0.5178345, 0.2442075, 1
0.6608347, 0.5245385, 0.6411359, 1
0.6440481, 0.5500597, 0.7224504, 1
0.4765229, 0.5316509, 0.5213795, 1
0.4059198, 0.5394849, 0.3931105, 1
0.6761292, 0.5226474, 0.7441586, 1
0.3622386, 0.5120393, 0.2409142, 1
0.3254906, 0.5205963, 0.2841651, 1
0.6040004, 0.514291, 0.5679604, 1
0.5796821, 0.5250531, 0.5347821, 1
0.383383, 0.5479336, 0.3715221, 1
0.366809, 0.5249594, 0.2799318, 1
0.6633502, 0.5438214, 0.7142651, 1
0.6154037, 0.5155865, 0.6085718, 1
0.3988684, 0.5431744, 0.363856, 1
0.3735522, 0.5386766, 0.2976603, 1
0.4944287, 0.5411603, 0.3955186, 1
0.3847595, 0.5437755, 0.3538356, 1
0.3269305, 0.5183012, 0.2182055, 1
0.6840475, 0.5307383, 0.7334262, 1
0.5521244, 0.5197097, 0.5208903, 1
0.2744396, 0.4897297, 0.1805667, 1
0.38932, 0.5460741, 0.3420249, 1
0.5788358, 0.527117, 0.5527474, 1
0.301215, 0.4900697, 0.1991088, 1
0.5045579, 0.5329145, 0.5375338, 1
0.5078765, 0.532811, 0.5446855, 1
0.6716061, 0.5385144, 0.7232863, 1
0.3117499, 0.5253742, 0.2940272, 1
0.6920872, 0.5301699, 0.7000985, 1
0.3863551, 0.544062, 0.3100495, 1
0.6820691, 0.5336105, 0.6733068, 1
0.3739882, 0.5409592, 0.319865, 1
0.2880335, 0.5109326, 0.232469, 1
0.4475845, 0.5449291, 0.3382882, 1
0.4233807, 0.5323587, 0.4436904, 1
0.5136036, 0.5331939, 0.5561244, 1
0.2901304, 0.5262176, 0.2094587, 1
0.3727138, 0.5362443, 0.2920032, 1
0.4892188, 0.5265006, 0.4852932, 1
0.5509281, 0.5255265, 0.6141558, 1
0.6289312, 0.5091679, 0.6031448, 1
0.5736619, 0.5390481, 0.6552177, 1
0.3250512, 0.517509, 0.2828935, 1
0.5371259, 0.5305783, 0.6164213, 1
0.5269961, 0.5273713, 0.5277763, 1
0.3306321, 0.4989442, 0.2016776, 1
0.2795187, 0.5267889, 0.207791, 1
0.4848298, 0.5403577, 0.402053, 1
0.2772952, 0.4985918, 0.1795616, 1
0.3722499, 0.5377371, 0.3375877, 1
0.4761202, 0.5291222, 0.4997444, 1
0.4320081, 0.534314, 0.4345404, 1
0.5113924, 0.5268121, 0.5087981, 1
0.3521141, 0.5292661, 0.2853635, 1
0.3806236, 0.5411248, 0.3019943, 1
0.6547726, 0.5028237, 0.6008422, 1
0.4012842, 0.5319226, 0.4101397, 1
0.5449895, 0.5195954, 0.5077829, 1
0.69386, 0.5298055, 0.7256668, 1
0.5832936, 0.5153777, 0.6164315, 1
0.6326214, 0.5305831, 0.6414607, 1
0.6495312, 0.5473333, 0.7239628, 1
0.3694172, 0.5416579, 0.3613782, 1
0.4274257, 0.5366284, 0.4061606, 1
0.6156116, 0.5471861, 0.6862502, 1
0.4815139, 0.5336524, 0.4702085, 1
0.2688287, 0.495033, 0.2476031, 1
0.5022427, 0.5353215, 0.5743392, 1
0.3700534, 0.5398392, 0.3069408, 1
0.4879251, 0.5436599, 0.3837023, 1
0.5381712, 0.5255939, 0.5330595, 1
0.4371205, 0.5329471, 0.4471505, 1
0.4332048, 0.5456208, 0.3385824, 1
0.2864723, 0.4992681, 0.2715882, 1
0.477525, 0.5290726, 0.4954142, 1
0.5344231, 0.5261343, 0.5340174, 1
0.5612074, 0.5226228, 0.5653625, 1
0.6476831, 0.5042434, 0.5852926, 1
0.4555543, 0.5341489, 0.4783292, 1
0.6632437, 0.5254108, 0.7564138, 1
0.3086285, 0.5224201, 0.2049489, 1
0.3564536, 0.5147367, 0.2631655, 1
0.3793569, 0.5422296, 0.3230798, 1
0.5648739, 0.5169758, 0.6120557, 1
0.4857754, 0.5312316, 0.4693075, 1
0.3609938, 0.5365806, 0.2989746, 1
0.2658624, 0.5070595, 0.1971997, 1
0.4874135, 0.5331665, 0.455807, 1
0.4850606, 0.5347719, 0.4509064, 1
0.6990637, 0.5313022, 0.714862, 1
0.3985939, 0.5440088, 0.3564483, 1
0.3321327, 0.5270312, 0.2875346, 1
0.5757208, 0.538268, 0.6533817, 1
0.7025676, 0.5038006, 0.7273378, 1
0.3647642, 0.5366626, 0.3232107, 1
0.3785354, 0.5238622, 0.2565378, 1
0.2736206, 0.5114582, 0.169395, 1
0.6531897, 0.5445735, 0.7375227, 1
0.4472841, 0.5411881, 0.3901812, 1
0.6609515, 0.5389882, 0.6690156, 1
0.4627967, 0.5370644, 0.450485, 1
0.4191905, 0.5329332, 0.4246074, 1
0.5325648, 0.5296566, 0.4453994, 1
0.5487201, 0.5252754, 0.5539085, 1
0.6402482, 0.5486059, 0.6831045, 1
0.4114175, 0.5438811, 0.354374, 1
0.4949727, 0.5269049, 0.4919475, 1
0.3411215, 0.5335433, 0.3191905, 1
0.3350674, 0.5096115, 0.2758097, 1
0.5853692, 0.5360862, 0.6453096, 1
0.6520196, 0.5477529, 0.6818109, 1
0.2777156, 0.5215321, 0.1935771, 1
0.3100194, 0.5167099, 0.2428684, 1
0.5468873, 0.5276893, 0.6152647, 1
0.5727201, 0.5143351, 0.6080378, 1
0.3818736, 0.5273032, 0.2757382, 1
0.4379158, 0.5316671, 0.4723615, 1
0.5906141, 0.529188, 0.6281953, 1
0.432086, 0.5326797, 0.4446418, 1
0.4911932, 0.525865, 0.4788609, 1
0.4878168, 0.5299796, 0.5064972, 1
0.3080086, 0.4964168, 0.2727944, 1
0.3897122, 0.5396715, 0.2938692, 1
0.326916, 0.5320766, 0.2986506, 1
0.3199464, 0.499619, 0.2567442, 1
0.5174442, 0.5251931, 0.504739, 1
0.6939317, 0.5311201, 0.702854, 1
0.3429165, 0.5050986, 0.2344128, 1
0.6429836, 0.5495132, 0.7197503, 1
0.3766584, 0.5421104, 0.3523269, 1
0.5717233, 0.5175062, 0.5151508, 1
0.5189195, 0.5290044, 0.5696082, 1
0.5899442, 0.5256252, 0.5429121, 1
0.5853064, 0.5329877, 0.6388949, 1
0.6111341, 0.5176847, 0.5573596, 1
0.5177202, 0.527964, 0.4432434, 1
0.7006503, 0.5218914, 0.7286089, 1
0.6457641, 0.5253949, 0.6369467, 1
0.4861165, 0.5301394, 0.5107322, 1
0.4449496, 0.5454725, 0.3651118, 1
0.5140693, 0.5313746, 0.5311412, 1
0.3729072, 0.5413656, 0.3593089, 1
0.3768591, 0.5238339, 0.2742922, 1
0.549435, 0.524814, 0.5604541, 1
0.5753727, 0.5182496, 0.6216355, 1
0.3589996, 0.5194891, 0.2766079, 1
0.4737726, 0.5360058, 0.4776574, 1
0.577247, 0.5209172, 0.5064456, 1
0.3944097, 0.5468298, 0.3376144, 1
0.2995442, 0.4956914, 0.2735078, 1
0.6453683, 0.5487517, 0.7385021, 1
0.4557241, 0.5342444, 0.4792557, 1
0.6692341, 0.5345422, 0.7440883, 1
0.2439925, 0.493258, 0.2131432, 1
0.493462, 0.5358128, 0.4335707, 1
0.3893292, 0.5293466, 0.270743, 1
0.6335222, 0.5201271, 0.6210375, 1
0.4244159, 0.5451111, 0.3364334, 1
0.4751976, 0.5315298, 0.5258942, 1
0.4101792, 0.5444612, 0.3480581, 1
0.5650437, 0.5241722, 0.6259741, 1
0.4461583, 0.5370072, 0.4293607, 1
0.63997, 0.5032831, 0.5894437, 1
0.4235863, 0.5447995, 0.3287516, 1
0.5712272, 0.5142732, 0.6068541, 1
0.7094017, 0.5275949, 0.682808, 1
0.5911121, 0.5443817, 0.687654, 1
0.4428813, 0.5466897, 0.353457, 1
0.5148017, 0.5251681, 0.4721129, 1
0.6858717, 0.5165807, 0.7398272, 1
0.5280668, 0.529255, 0.5580482, 1
0.3882804, 0.5449275, 0.3140954, 1
0.4524052, 0.5361783, 0.4363416, 1
0.2885877, 0.4971024, 0.2519075, 1
0.3904414, 0.5413289, 0.297265, 1
0.6653187, 0.5429432, 0.7155448, 1
0.5997625, 0.5213489, 0.5540918, 1
0.4231081, 0.5431648, 0.3030308, 1
0.5083796, 0.5307847, 0.4278576, 1
0.502104, 0.5261735, 0.4615597, 1
0.2582861, 0.521655, 0.2010419, 1
0.3514587, 0.5141551, 0.2729617, 1
0.409138, 0.5392111, 0.390258, 1
0.473368, 0.5379111, 0.4414568, 1
0.3094658, 0.4970988, 0.2641218, 1
0.47887, 0.5391299, 0.4101749, 1
0.3844793, 0.527484, 0.2728242, 1
0.3795052, 0.5427501, 0.3172842, 1
0.3108223, 0.512624, 0.2202404, 1
0.2725465, 0.4979033, 0.1757614, 1
0.6906717, 0.5159386, 0.7365571, 1
0.2751952, 0.4783768, 0.1663383, 1
0.3821163, 0.5439684, 0.3514868, 1
0.3101599, 0.5022125, 0.1761969, 1
0.3022012, 0.4955587, 0.1937059, 1
0.4546011, 0.5386075, 0.4114552, 1
0.6844587, 0.5333695, 0.6751172, 1
0.5639476, 0.5293095, 0.6440547, 1
0.3074838, 0.5048032, 0.2407467, 1
0.40186, 0.5461638, 0.3190903, 1
0.2907727, 0.5089831, 0.191381, 1
0.6964051, 0.5210736, 0.7316182, 1
0.6840272, 0.5341358, 0.6791114, 1
0.3101099, 0.5098156, 0.2088895, 1
0.3649509, 0.5379232, 0.3092587, 1
0.6460329, 0.5057986, 0.5803456, 1
0.4412281, 0.5358352, 0.4292574, 1
0.5631022, 0.5223373, 0.5694355, 1
0.3373224, 0.5087941, 0.2738541, 1
0.4020793, 0.5441654, 0.3070076, 1
0.4161501, 0.5417417, 0.377026, 1
0.5104061, 0.5285516, 0.4451845, 1
0.4560388, 0.534512, 0.4725471, 1
0.3763154, 0.5231197, 0.2575052, 1
0.3651579, 0.5090863, 0.2236693, 1
0.596225, 0.5240369, 0.5475013, 1
0.6571301, 0.5044024, 0.6154751, 1
0.3491157, 0.5255846, 0.2825607, 1
0.3808826, 0.53303, 0.2839659, 1
0.6681293, 0.54301, 0.6874425, 1
0.4092827, 0.5321297, 0.41533, 1
0.6815284, 0.4996054, 0.7394461, 1
0.4205553, 0.5446126, 0.3397125, 1
0.6454964, 0.5496929, 0.6875063, 1
0.4876169, 0.5370738, 0.4356273, 1
0.4144392, 0.5452325, 0.3407245, 1
0.3947299, 0.5460274, 0.3190702, 1
0.5423368, 0.5242175, 0.529323, 1
0.5707932, 0.526257, 0.5540769, 1
0.3620726, 0.5127556, 0.2431309, 1
0.6702973, 0.5430887, 0.6890255, 1
0.4366735, 0.5425451, 0.374258, 1
0.4168642, 0.5440209, 0.3132363, 1
0.5769008, 0.5340971, 0.6716865, 1
0.3641471, 0.5085034, 0.2187827, 1
0.3694261, 0.5395685, 0.3190123, 1
0.5729959, 0.51245, 0.5965109, 1
0.5570012, 0.5193928, 0.5224225, 1
0.5715807, 0.5173483, 0.5123438, 1
0.6494452, 0.5480652, 0.7196164, 1
0.3318192, 0.5044516, 0.2697519, 1
0.4352254, 0.5383127, 0.408825, 1
0.4194738, 0.5446218, 0.3254004, 1
0.6240022, 0.5260225, 0.6304299, 1
0.48433, 0.5301316, 0.5074632, 1
0.6298315, 0.5461363, 0.6842223, 1
0.3837857, 0.535821, 0.2873939, 1
0.26098, 0.4691069, 0.1992215, 1
0.5128928, 0.5312415, 0.4260653, 1
0.4554042, 0.5455667, 0.3400599, 1
0.6583446, 0.5251112, 0.6416721, 1
0.2761988, 0.4985687, 0.2519397, 1
0.5496749, 0.52104, 0.5990629, 1
0.3512299, 0.5286998, 0.2850001, 1
0.6039457, 0.5385528, 0.655594, 1
0.6433902, 0.5502544, 0.7352408, 1
0.5413314, 0.5268806, 0.5632915, 1
0.428257, 0.5457279, 0.3428845, 1
0.3998177, 0.5420013, 0.2955028, 1
0.6180482, 0.547232, 0.6834984, 1
0.3695245, 0.5372888, 0.3458141, 1
0.52938, 0.524874, 0.5197878, 1
0.6102318, 0.5130302, 0.5776745, 1
0.5054088, 0.5257201, 0.4903751, 1
0.3289021, 0.5022821, 0.2300388, 1
0.5840451, 0.531006, 0.6355689, 1
0.5778111, 0.5242156, 0.5665308, 1
0.2800293, 0.4824032, 0.1634343, 1
0.6043987, 0.5076864, 0.5925885, 1
0.3687526, 0.5392753, 0.3189662, 1
0.5310051, 0.5239809, 0.514721, 1
0.3577087, 0.5338924, 0.3314738, 1
0.3110918, 0.5071724, 0.1855782, 1
0.3173273, 0.5228716, 0.2893455, 1
0.5210825, 0.5262501, 0.4597327, 1
0.3944724, 0.5455738, 0.3112786, 1
0.5102907, 0.528837, 0.4441106, 1
0.3973123, 0.5334956, 0.2759807, 1
0.375468, 0.5225216, 0.2726475, 1
0.4051133, 0.5428267, 0.3850295, 1
0.4397388, 0.5395936, 0.3965915, 1
0.4542091, 0.5391513, 0.3961264, 1
0.3011995, 0.5018835, 0.2340742, 1
0.3627824, 0.5194626, 0.2755092, 1
0.5427563, 0.5243399, 0.601213, 1
0.4105479, 0.5401721, 0.289934, 1
0.5844833, 0.5240194, 0.5304071, 1
0.652812, 0.5458381, 0.7441611, 1
0.5096705, 0.5261108, 0.4541462, 1
0.24937, 0.5023883, 0.197548, 1
0.5322049, 0.5257456, 0.5923551, 1
0.4602976, 0.5356878, 0.4673987, 1
0.5443238, 0.5238621, 0.5932615, 1
0.5076475, 0.5349692, 0.4209425, 1
0.2667843, 0.4804017, 0.2086871, 1
0.5831079, 0.5198537, 0.5731348, 1
0.655814, 0.5008675, 0.7555515, 1
0.63801, 0.5471631, 0.692554, 1
0.4367127, 0.544934, 0.3277466, 1
0.404001, 0.5410228, 0.2935272, 1
0.2805267, 0.5159298, 0.1812752, 1
0.6017207, 0.5317277, 0.6330848, 1
0.4036756, 0.5345114, 0.2766705, 1
0.3029889, 0.5014822, 0.2480947, 1
0.5800419, 0.544091, 0.6680016, 1
0.5700129, 0.5201145, 0.5014738, 1
0.6638885, 0.5387602, 0.672168, 1
0.2605581, 0.4866376, 0.2169169, 1
0.4465137, 0.5369944, 0.4295453, 1
0.4154615, 0.544402, 0.319321, 1
0.5103383, 0.5283673, 0.4456439, 1
0.3413118, 0.5321034, 0.2955514, 1
0.3763797, 0.5227062, 0.2527528, 1
0.4469535, 0.5320948, 0.4706164, 1
0.6295007, 0.5055953, 0.5918249, 1
0.4984811, 0.5399271, 0.4065368, 1
0.5457693, 0.5223578, 0.4894865, 1
0.5324514, 0.5310518, 0.6130637, 1
0.6574612, 0.5369752, 0.6564983, 1
0.5701416, 0.5191828, 0.5214967, 1
0.4490812, 0.5462413, 0.3489086, 1
0.3004857, 0.5042682, 0.2890141, 1
0.4739117, 0.5291352, 0.5003257, 1
0.4577575, 0.5426006, 0.3806829, 1
0.4207322, 0.5329764, 0.433691, 1
0.2558568, 0.513455, 0.2015498, 1
0.333976, 0.5052333, 0.2692883, 1
0.521204, 0.529137, 0.528403, 1
0.4200643, 0.5331266, 0.425149, 1
0.510056, 0.5253019, 0.4941602, 1
0.3912135, 0.5455487, 0.3450156, 1
0.3802813, 0.5434119, 0.3112564, 1
0.3566515, 0.5352113, 0.3475176, 1
0.5094752, 0.533633, 0.5593889, 1
0.6777863, 0.5227733, 0.7428515, 1
0.5126421, 0.5283791, 0.5771291, 1
0.5268021, 0.5299997, 0.6039014, 1
0.6183382, 0.5451158, 0.6667243, 1
0.3820878, 0.5449498, 0.3460044, 1
0.6130827, 0.5210993, 0.6160659, 1
0.5644326, 0.522813, 0.5666255, 1
0.4585887, 0.5393052, 0.412686, 1
0.530187, 0.5254306, 0.5863213, 1
0.5262824, 0.5283461, 0.5451676, 1
0.5650272, 0.5277523, 0.6356456, 1
0.5645152, 0.5290236, 0.6424719, 1
0.6257356, 0.5458642, 0.7268126, 1
0.5606069, 0.5221195, 0.5675098, 1
0.4434201, 0.539465, 0.4053157, 1
0.5086581, 0.5248172, 0.4729494, 1
0.5450988, 0.5225177, 0.5212442, 1
0.4575395, 0.5467392, 0.3487365, 1
0.5182472, 0.5252112, 0.5059242, 1
0.6515868, 0.5029496, 0.6031449, 1
0.507853, 0.5264575, 0.4992536, 1
0.3981205, 0.5426006, 0.2981602, 1
0.5843017, 0.5342367, 0.6426652, 1
0.4576327, 0.5369639, 0.4458981, 1
0.2481188, 0.4874995, 0.1995934, 1
0.4248863, 0.5311485, 0.4503927, 1
0.5234189, 0.5258248, 0.5758652, 1
0.5608996, 0.5194606, 0.6136805, 1
0.6004288, 0.519345, 0.5573538, 1
0.562028, 0.5374641, 0.6613153, 1
0.566109, 0.5227013, 0.5672795, 1
0.6759756, 0.5106907, 0.6226892, 1
0.627023, 0.5317814, 0.6475143, 1
0.4366061, 0.539467, 0.3967041, 1
0.3290772, 0.5016977, 0.2168221, 1
0.3211522, 0.5009884, 0.2353771, 1
0.6627789, 0.5370797, 0.7492117, 1
0.5635174, 0.5235279, 0.5623319, 1
0.4037716, 0.5440935, 0.3073938, 1
0.4702983, 0.5384402, 0.4318751, 1
0.5019486, 0.5248064, 0.4739051, 1
0.5603506, 0.5218084, 0.6169155, 1
0.6677279, 0.5198503, 0.6340963, 1
0.3655231, 0.535592, 0.3546623, 1
0.3808517, 0.5375641, 0.2918556, 1
0.3545239, 0.5156326, 0.2735816, 1
0.2765527, 0.4876533, 0.1650385, 1
0.5024531, 0.5270792, 0.4555114, 1
0.3224669, 0.5206274, 0.2101568, 1
0.5017579, 0.5269783, 0.494444, 1
0.4648015, 0.5429626, 0.3821169, 1
0.419736, 0.5321551, 0.4444203, 1
0.3422682, 0.5048798, 0.2331183, 1
0.6302457, 0.5419901, 0.6623367, 1
0.659143, 0.5471716, 0.7039967, 1
0.4500121, 0.5364979, 0.433623, 1
0.3675231, 0.5392597, 0.3112836, 1
0.4815141, 0.5299218, 0.5340784, 1
0.3966727, 0.5441141, 0.3543844, 1
0.6783494, 0.5361667, 0.6775272, 1
0.543299, 0.5213827, 0.4963752, 1
0.3031186, 0.4961562, 0.2187382, 1
0.3763135, 0.5391496, 0.2966887, 1
0.6725966, 0.5100908, 0.6236089, 1
0.3768696, 0.5466557, 0.3889261, 1
0.6772812, 0.5313412, 0.7388169, 1
0.5931252, 0.510579, 0.6056588, 1
0.4935262, 0.5342638, 0.5258571, 1
0.3968204, 0.5444877, 0.3663862, 1
0.4486248, 0.5379388, 0.4141547, 1
0.3976779, 0.5328622, 0.4103, 1
0.2950456, 0.5176086, 0.2362635, 1
0.4479071, 0.5375161, 0.4155849, 1
0.3862272, 0.5463691, 0.3886485, 1
0.6419372, 0.54831, 0.6804583, 1
0.3753945, 0.520992, 0.2453521, 1
0.3728921, 0.5414132, 0.3120867, 1
0.2636539, 0.5167337, 0.1799932, 1
0.2981297, 0.4973589, 0.2539473, 1
0.5587544, 0.5239603, 0.4866197, 1
0.5883645, 0.5315034, 0.6334609, 1
0.3496277, 0.5058141, 0.2401163, 1
0.5888634, 0.5446668, 0.6638451, 1
0.600877, 0.509909, 0.5893578, 1
0.3894074, 0.5459144, 0.3427134, 1
0.4091778, 0.5435374, 0.3558822, 1
0.6642896, 0.5449772, 0.6988963, 1
0.6753271, 0.5417023, 0.6933985, 1
0.2576573, 0.4611996, 0.1969848, 1
0.2965845, 0.4966962, 0.2648155, 1
0.5226814, 0.5259066, 0.5886708, 1
0.4525992, 0.5438787, 0.3719386, 1
0.424603, 0.5445927, 0.3557156, 1
0.5836464, 0.5188822, 0.6215771, 1
0.6429349, 0.5488089, 0.6834118, 1
0.3305835, 0.5060759, 0.1985329, 1
0.5119994, 0.5259939, 0.4544219, 1
0.6337011, 0.5057572, 0.5782674, 1
0.2826947, 0.5221722, 0.1745486, 1
0.3657551, 0.5378813, 0.3200238, 1
0.2601832, 0.4858176, 0.2215892, 1
0.6689019, 0.5228561, 0.7519031, 1
0.5732281, 0.5360582, 0.6723275, 1
0.3880328, 0.5441896, 0.351654, 1
0.3291678, 0.5105633, 0.2786549, 1
0.4665565, 0.5380239, 0.4284141, 1
0.4878492, 0.5352321, 0.4437611, 1
0.4875247, 0.5370862, 0.4356637, 1
0.3702469, 0.521395, 0.2751813, 1
0.4505102, 0.5367996, 0.4208529, 1
0.348276, 0.5058001, 0.2240421, 1
0.3003715, 0.5062863, 0.1964368, 1
0.6013725, 0.509999, 0.6055595, 1
0.4417523, 0.5460603, 0.3592326, 1
0.5420313, 0.5276834, 0.6132068, 1
0.5300246, 0.523177, 0.5059075, 1
0.3323156, 0.5010347, 0.2088979, 1
0.3403353, 0.5205686, 0.2046852, 1
0.6920595, 0.5294335, 0.6837594, 1
0.373416, 0.5413315, 0.309675, 1
0.3877431, 0.5444048, 0.3496191, 1
0.3265862, 0.5018655, 0.2287536, 1
0.4769556, 0.5403696, 0.4020075, 1
0.5877153, 0.5337867, 0.6391076, 1
0.6122811, 0.5189207, 0.5518506, 1
0.3266748, 0.5173643, 0.2825481, 1
0.3378733, 0.5278082, 0.287074, 1
0.630031, 0.5063328, 0.5962767, 1
0.3596214, 0.515959, 0.2610261, 1
0.3891233, 0.5430213, 0.3040415, 1
0.5033808, 0.5329465, 0.5395283, 1
0.3814772, 0.5434347, 0.3339754, 1
0.6687946, 0.5433213, 0.6901426, 1
0.4779823, 0.5308481, 0.4891649, 1
0.4124365, 0.5371695, 0.391793, 1
0.4798679, 0.5353882, 0.4596817, 1
0.4323519, 0.5456915, 0.3445668, 1
0.501889, 0.5247803, 0.4749989, 1
0.4766566, 0.5392503, 0.4055017, 1
0.5629712, 0.5256323, 0.6276205, 1
0.5439783, 0.5208187, 0.4995022, 1
0.3640371, 0.5365672, 0.2983002, 1
0.6265671, 0.5106336, 0.6049508, 1
0.5880685, 0.5130225, 0.5786363, 1
0.4897321, 0.545163, 0.3783287, 1
0.4056613, 0.5470201, 0.3296261, 1
0.3654783, 0.535634, 0.3298845, 1
0.2881253, 0.4826027, 0.1987266, 1
0.4425133, 0.535939, 0.4181662, 1
0.4866862, 0.5329919, 0.5480398, 1
0.2924797, 0.5244436, 0.2045609, 1
0.482834, 0.5392236, 0.4065079, 1
0.2988053, 0.5061852, 0.234145, 1
0.3421025, 0.5083972, 0.2369542, 1
0.3987709, 0.5287868, 0.2646662, 1
0.4445548, 0.5349434, 0.4447283, 1
0.5697848, 0.5367938, 0.6530442, 1
0.4943815, 0.5314651, 0.4496507, 1
0.3568322, 0.5354845, 0.3137026, 1
0.6075996, 0.5182734, 0.556404, 1
0.6565741, 0.5298594, 0.6470738, 1
0.315309, 0.4966411, 0.2112647, 1
0.4934908, 0.5358593, 0.5579888, 1
0.6643857, 0.5407804, 0.7368158, 1
0.3292951, 0.5021328, 0.2541122, 1
0.641665, 0.523564, 0.6307896, 1
0.583691, 0.5446182, 0.6664645, 1
0.3380546, 0.5143738, 0.2782182, 1
0.3749707, 0.5259745, 0.2784346, 1
0.2689416, 0.4976245, 0.1920371, 1
0.5317773, 0.5228289, 0.4993016, 1
0.5736165, 0.5173614, 0.6186917, 1
0.3332367, 0.5068893, 0.2370569, 1
0.4868852, 0.5345951, 0.4494812, 1
0.6314093, 0.5073064, 0.6007101, 1
0.3296171, 0.5023087, 0.2453041, 1
0.5773362, 0.5177355, 0.5805116, 1
0.4280898, 0.5441611, 0.3224512, 1
0.3094018, 0.4986195, 0.2314101, 1
0.3452947, 0.5338032, 0.3218701, 1
0.5414364, 0.5204108, 0.512374, 1
0.410271, 0.5340583, 0.3993205, 1
0.3603631, 0.5354065, 0.3458095, 1
0.3433233, 0.5281567, 0.2864566, 1
0.4630077, 0.5462319, 0.3551112, 1
0.5012014, 0.5295931, 0.5113852, 1
0.4129079, 0.5320421, 0.4095427, 1
0.5389988, 0.5265954, 0.4735399, 1
0.5653216, 0.5236465, 0.5393194, 1
0.6630176, 0.4959984, 0.7504101, 1
0.2996572, 0.4926571, 0.2131967, 1
0.5112782, 0.5248289, 0.482157, 1
0.5048732, 0.525155, 0.4664175, 1
0.5894407, 0.5108748, 0.5993288, 1
0.5484427, 0.5254419, 0.5531428, 1
0.4689478, 0.545898, 0.3729387, 1
0.5004148, 0.5249001, 0.479643, 1
0.5701059, 0.5133216, 0.6016573, 1
0.5194394, 0.530338, 0.5655044, 1
0.29113, 0.4898034, 0.2144076, 1
0.5811938, 0.5167067, 0.6189615, 1
0.5021981, 0.5264935, 0.4595931, 1
0.611654, 0.545305, 0.7191083, 1
0.4858556, 0.5457883, 0.3766219, 1
0.5225661, 0.5246855, 0.5076824, 1
0.6774431, 0.5369795, 0.7248339, 1
0.2725643, 0.5213923, 0.2016972, 1
0.5232152, 0.527455, 0.5699217, 1
0.5158726, 0.5311961, 0.4239801, 1
0.5585019, 0.522316, 0.5329784, 1
0.5464272, 0.5239689, 0.4834061, 1
0.712684, 0.5217962, 0.7201104, 1
0.4183614, 0.5449074, 0.3564662, 1
0.3002124, 0.4981987, 0.1979006, 1
0.4301423, 0.5454547, 0.3402578, 1
0.5286687, 0.5242494, 0.4905962, 1
0.375879, 0.5411758, 0.3236132, 1
0.5225589, 0.5290504, 0.5365956, 1
0.5492578, 0.5243118, 0.5422264, 1
0.3887295, 0.5274273, 0.2562744, 1
0.5201812, 0.5293086, 0.5272202, 1
0.3483871, 0.522542, 0.2799188, 1
0.4886795, 0.533708, 0.4483189, 1
0.2452164, 0.4671741, 0.1935167, 1
0.5260985, 0.5255112, 0.4696988, 1
0.6063276, 0.5206131, 0.6148696, 1
0.3560126, 0.5342582, 0.2940219, 1
0.6255112, 0.5145428, 0.5673308, 1
0.3603921, 0.5187244, 0.2753859, 1
0.6799193, 0.5338141, 0.6702793, 1
0.5255367, 0.5344312, 0.6013366, 1
0.5712962, 0.5248422, 0.5433463, 1
0.3748828, 0.5414641, 0.3191558, 1
0.3689703, 0.5112116, 0.2306923, 1
0.544006, 0.521421, 0.5188954, 1
0.4109582, 0.5328107, 0.4305855, 1
0.3152036, 0.5004962, 0.2765188, 1
0.2937762, 0.5143362, 0.1733276, 1
0.3837429, 0.5256044, 0.2484498, 1
0.5254234, 0.5281511, 0.599687, 1
0.5791816, 0.5141681, 0.5848292, 1
0.3472186, 0.508976, 0.2589597, 1
0.2865446, 0.5105785, 0.2563022, 1
0.5533006, 0.5221301, 0.5871265, 1
0.4312826, 0.53832, 0.3924511, 1
0.4522373, 0.5373884, 0.4279752, 1
0.5614531, 0.5232945, 0.5391708, 1
0.3064534, 0.4975253, 0.2572119, 1
0.4714814, 0.5364615, 0.465181, 1
0.5718427, 0.5254153, 0.5622947, 1
0.2701633, 0.466811, 0.1790028, 1
0.3923327, 0.5472428, 0.3748275, 1
0.6224429, 0.5101618, 0.6029655, 1
0.5232829, 0.5268838, 0.5236019, 1
0.6609538, 0.5183897, 0.6324806, 1
0.6435234, 0.532841, 0.6471791, 1
0.4764148, 0.539117, 0.4291577, 1
0.306509, 0.5209625, 0.1814585, 1
0.5703633, 0.5237334, 0.6289778, 1
0.3858478, 0.5443689, 0.3210963, 1
0.4326823, 0.5447766, 0.3621738, 1
0.6127024, 0.541419, 0.6621941, 1
0.3045121, 0.5104732, 0.2898144, 1
0.5537316, 0.5235592, 0.5623354, 1
0.6356098, 0.5409878, 0.6625125, 1
0.4483936, 0.5366939, 0.4206939, 1
0.5107203, 0.5268486, 0.5097741, 1
0.5595299, 0.5219871, 0.582751, 1
0.6187543, 0.5468839, 0.6814765, 1
0.3638805, 0.5148117, 0.245014, 1
0.3677255, 0.538995, 0.3169232, 1
0.5041827, 0.5287224, 0.4486735, 1
0.3462133, 0.5332404, 0.3072742, 1
0.4320679, 0.5343471, 0.4327334, 1
0.3887036, 0.5453942, 0.3260398, 1
0.4270932, 0.530007, 0.461874, 1
0.3545835, 0.5080631, 0.2443475, 1
0.6583545, 0.5079756, 0.6213241, 1
0.5145391, 0.5248578, 0.4898691, 1
0.4743959, 0.5382895, 0.4393076, 1
0.529649, 0.5265898, 0.5260189, 1
0.3122117, 0.5021013, 0.1739957, 1
0.2986685, 0.4977309, 0.2453412, 1
0.4061283, 0.5315298, 0.4125198, 1
0.4643247, 0.5407076, 0.3898282, 1
0.5418174, 0.5246019, 0.5393025, 1
0.3590199, 0.5337031, 0.290535, 1
0.3463573, 0.5200077, 0.2048379, 1
0.4348782, 0.5454571, 0.3363795, 1
0.610305, 0.5067041, 0.5967904, 1
0.5488548, 0.5241625, 0.5799078, 1
0.3037446, 0.520873, 0.1777509, 1
0.6201956, 0.5109609, 0.5720185, 1
0.268057, 0.4864344, 0.203976, 1
0.318379, 0.523424, 0.2056467, 1
0.3703795, 0.5193923, 0.2505987, 1
0.4186811, 0.5338904, 0.4156361, 1
0.4621266, 0.5469485, 0.3460221, 1
0.4261581, 0.5324469, 0.4428428, 1
0.6146013, 0.5391033, 0.7094776, 1
0.3572488, 0.5346279, 0.3199452, 1
0.5047563, 0.5247256, 0.4794838, 1
0.4859342, 0.5300742, 0.5094104, 1
0.6339698, 0.5168027, 0.6153746, 1
0.3868091, 0.527938, 0.265352, 1
0.5936537, 0.5102019, 0.5953489, 1
0.4217929, 0.543107, 0.3705642, 1
0.634973, 0.5041341, 0.5842145, 1
0.4806082, 0.5396292, 0.429334, 1
0.558173, 0.520453, 0.6126863, 1
0.5412706, 0.5278801, 0.6137065, 1
0.4221633, 0.5418258, 0.2941625, 1
0.3395635, 0.5089914, 0.2731309, 1
0.6765278, 0.5398601, 0.7020451, 1
0.2877451, 0.4944613, 0.2784706, 1
0.4883124, 0.5379124, 0.4327458, 1
0.5285179, 0.5247577, 0.5788327, 1
0.3843532, 0.5295642, 0.2774273, 1
0.5308224, 0.5253879, 0.5860065, 1
0.4123619, 0.5382271, 0.3895381, 1
0.6024667, 0.5293978, 0.6281151, 1
0.6125232, 0.5066138, 0.595226, 1
0.5721647, 0.5137322, 0.5928034, 1
0.3313656, 0.5280492, 0.2891198, 1
0.3899244, 0.5461872, 0.3399689, 1
0.5842913, 0.5360523, 0.6454896, 1
0.5154612, 0.5247862, 0.489701, 1
0.2883338, 0.4969757, 0.2553361, 1
0.6887158, 0.5314723, 0.6961765, 1
0.4926262, 0.5299191, 0.4617248, 1
0.5028148, 0.5326144, 0.5234021, 1
0.2871223, 0.4857624, 0.2121835, 1
0.2544118, 0.4991288, 0.1961399, 1
0.5432769, 0.5251033, 0.5474617, 1
0.3336111, 0.5021196, 0.2019883, 1
0.3341719, 0.5036012, 0.259489, 1
0.6062486, 0.5079274, 0.5898201, 1
0.4897356, 0.5327781, 0.5473624, 1
0.5050544, 0.5304701, 0.4378606, 1
0.3282591, 0.5021746, 0.2267341, 1
0.4792905, 0.5370359, 0.4468334, 1
0.3879937, 0.544477, 0.3490331, 1
0.252717, 0.4903727, 0.2204165, 1
0.5723643, 0.5204537, 0.5030403, 1
0.5230122, 0.528008, 0.5965443, 1
0.3406807, 0.5204703, 0.2812445, 1
0.4812966, 0.531458, 0.527499, 1
0.3370552, 0.5314769, 0.2953905, 1
0.4982563, 0.527445, 0.4957559, 1
0.4190673, 0.5347696, 0.3997868, 1
0.662149, 0.544529, 0.6902595, 1
0.3912395, 0.5297377, 0.2674243, 1
0.5173567, 0.5270287, 0.4458839, 1
0.342565, 0.5330985, 0.3000558, 1
0.4111489, 0.5446205, 0.3480426, 1
0.584001, 0.5188423, 0.6214381, 1
0.6143233, 0.545002, 0.6907384, 1
0.4255483, 0.5452362, 0.3358026, 1
0.503369, 0.5293429, 0.4474938, 1
0.3792395, 0.538469, 0.2945981, 1
0.5474974, 0.5232857, 0.6040698, 1
0.2684713, 0.507061, 0.1748636, 1
0.5149063, 0.526095, 0.449188, 1
0.5279045, 0.5245966, 0.4806265, 1
0.368741, 0.5380285, 0.3239537, 1
0.2480542, 0.5169891, 0.205268, 1
0.6346455, 0.5290422, 0.6363872, 1
0.4736531, 0.5317165, 0.5313754, 1
0.6347017, 0.5177614, 0.6173744, 1
0.6258863, 0.5276015, 0.6373173, 1
0.2761248, 0.493717, 0.2360656, 1
0.4597312, 0.5372038, 0.4424756, 1
0.3127269, 0.4931457, 0.1742174, 1
0.6291077, 0.5057704, 0.592886, 1
0.2677889, 0.4745325, 0.1999531, 1
0.5081293, 0.5264027, 0.4543124, 1
0.3527324, 0.5139393, 0.2711436, 1
0.5547426, 0.5232527, 0.5788162, 1
0.3373224, 0.5307581, 0.2935271, 1
0.4541177, 0.5445771, 0.3679554, 1
0.672842, 0.5374874, 0.7361398, 1
0.4147193, 0.532828, 0.4240813, 1
0.2802749, 0.5255975, 0.2055654, 1
0.4912733, 0.533198, 0.5486269, 1
0.377566, 0.5426242, 0.3430243, 1
0.4699, 0.5359077, 0.4781161, 1
0.6401564, 0.52709, 0.6337459, 1
0.4611494, 0.5391833, 0.4050223, 1
0.2741216, 0.5041475, 0.2548817, 1
0.4613478, 0.5432945, 0.3760489, 1
0.6700064, 0.5305511, 0.6559084, 1
0.6201389, 0.5094574, 0.6010098, 1
0.4797475, 0.5289962, 0.4955988, 1
0.6803997, 0.5309464, 0.7364044, 1
0.3548198, 0.5072441, 0.2216564, 1
0.4269298, 0.5446568, 0.3614601, 1
0.5360426, 0.5275675, 0.6089367, 1
0.4421362, 0.5426224, 0.3794664, 1
0.2688744, 0.4817515, 0.1895386, 1
0.5211803, 0.5252097, 0.5082734, 1
0.5371428, 0.5212461, 0.5031524, 1
0.5788136, 0.5125945, 0.6062465, 1
0.3541637, 0.5233201, 0.2794871, 1
0.4058776, 0.5416311, 0.3882212, 1
0.5701093, 0.5222142, 0.5721888, 1
0.5001646, 0.5298831, 0.4491554, 1
0.2412508, 0.4709509, 0.2021948, 1
0.4498096, 0.5459265, 0.345384, 1
0.4154292, 0.5448915, 0.350736, 1
0.4043722, 0.5470319, 0.3296767, 1
0.3044787, 0.4914423, 0.2018037, 1
0.3901497, 0.5367702, 0.2877599, 1
0.4637807, 0.5369807, 0.4515778, 1
0.4289238, 0.5376397, 0.39972, 1
0.690754, 0.5344813, 0.7085611, 1
0.6004179, 0.50875, 0.5935123, 1
0.2876442, 0.5133996, 0.1969092, 1
0.494463, 0.5258389, 0.4733559, 1
0.42889, 0.5367059, 0.4086324, 1
0.6910779, 0.5301266, 0.6883096, 1
0.4690028, 0.5417988, 0.3885523, 1
0.6673357, 0.5344658, 0.6622849, 1
0.3936673, 0.5412662, 0.2959626, 1
0.436886, 0.5348142, 0.4352323, 1
0.510869, 0.5250701, 0.4877475, 1
0.5394953, 0.5241742, 0.5798171, 1
0.6097459, 0.5380089, 0.6577529, 1
0.4450133, 0.5429148, 0.3811824, 1
0.4154575, 0.5402863, 0.385751, 1
0.6304334, 0.5465904, 0.6830028, 1
0.3118887, 0.5136399, 0.2426706, 1
0.4057758, 0.5382418, 0.2856875, 1
0.6756236, 0.4884419, 0.7361684, 1
0.4461794, 0.5362129, 0.4334069, 1
0.3037092, 0.49616, 0.270411, 1
0.6212538, 0.5274426, 0.6345975, 1
0.4523108, 0.5375267, 0.4242641, 1
0.5359861, 0.5250937, 0.5222895, 1
0.6746405, 0.5337584, 0.6655497, 1
0.4951156, 0.5394443, 0.4019614, 1
0.5243643, 0.52428, 0.5008137, 1
0.3576147, 0.5328881, 0.2894053, 1
0.5673338, 0.5224499, 0.6245075, 1
0.3005239, 0.5155721, 0.1731457, 1
0.6517074, 0.5044025, 0.6105599, 1
0.4853309, 0.5301613, 0.5135403, 1
0.4842335, 0.5367081, 0.4409169, 1
0.484164, 0.5441783, 0.3794074, 1
0.3456685, 0.5213075, 0.2802512, 1
0.6199346, 0.5468282, 0.6787925, 1
0.2780368, 0.4675958, 0.1978816, 1
0.5318361, 0.5274674, 0.5507829, 1
0.4622374, 0.5355898, 0.4746774, 1
0.4133385, 0.5450798, 0.3431746, 1
0.6340994, 0.5519208, 0.7342642, 1
0.6690378, 0.5159668, 0.6280128, 1
0.584646, 0.5165699, 0.6190257, 1
0.6323755, 0.543417, 0.6652052, 1
0.4497814, 0.5391026, 0.4027815, 1
0.4187238, 0.5438645, 0.3118942, 1
0.3816677, 0.5261609, 0.2573465, 1
0.2681701, 0.5262573, 0.2001238, 1
0.5503034, 0.5189685, 0.5147395, 1
0.2901005, 0.4995292, 0.182967, 1
0.2938756, 0.4927822, 0.1865986, 1
0.581137, 0.5222804, 0.6256073, 1
0.5345669, 0.5295707, 0.4496479, 1
0.3813888, 0.5260394, 0.2568617, 1
0.6334276, 0.5245353, 0.6277517, 1
0.3829073, 0.5440743, 0.3507446, 1
0.3960183, 0.5455021, 0.3694845, 1
0.522052, 0.5247067, 0.4757132, 1
0.5024351, 0.5387711, 0.4145141, 1
0.5710204, 0.5127786, 0.5975484, 1
0.4094953, 0.5407724, 0.3699674, 1
0.4054817, 0.5457234, 0.3187123, 1
0.2738219, 0.4837046, 0.2171847, 1
0.2890718, 0.497042, 0.2538584, 1
0.4905242, 0.5366295, 0.4354235, 1
0.5844807, 0.51263, 0.5827558, 1
0.5397105, 0.5258307, 0.5686032, 1
0.523179, 0.5242752, 0.4971208, 1
0.2723908, 0.4983124, 0.2221987, 1
0.6983954, 0.5264626, 0.6616447, 1
0.65455, 0.5128351, 0.6250433, 1
0.2973475, 0.4859504, 0.1836896, 1
0.6697229, 0.5406877, 0.6819448, 1
0.32287, 0.4960883, 0.2035985, 1
0.5444494, 0.5241354, 0.6027858, 1
0.4111912, 0.540153, 0.3841912, 1
0.3197535, 0.4982683, 0.2181962, 1
0.6591935, 0.5422174, 0.6756873, 1
0.6589709, 0.5404651, 0.7503607, 1
0.3263297, 0.5333839, 0.3034346, 1
0.2988371, 0.4955291, 0.2805547, 1
0.2860689, 0.4878669, 0.2157868, 1
0.5595514, 0.5278795, 0.6311268, 1
0.4313061, 0.5343032, 0.4311662, 1
0.3719635, 0.5424143, 0.3616306, 1
0.4697498, 0.538085, 0.4392057, 1
0.6174253, 0.5391249, 0.7000538, 1
0.34085, 0.533639, 0.3202122, 1
0.4736785, 0.5422888, 0.3922965, 1
0.484946, 0.5409806, 0.4001264, 1
0.2435627, 0.4684655, 0.196727, 1
0.3673988, 0.5300425, 0.2841773, 1
0.4653189, 0.5457193, 0.3612133, 1
0.5186403, 0.5249234, 0.4868546, 1
0.683045, 0.5236421, 0.6471877, 1
0.2743019, 0.4868414, 0.1858591, 1
0.4537379, 0.5440796, 0.3706291, 1
0.4557728, 0.5454938, 0.3396417, 1
0.5883353, 0.5457814, 0.6689299, 1
0.5576579, 0.521239, 0.5864223, 1
0.5551541, 0.5200449, 0.5237109, 1
0.4116549, 0.5441349, 0.3498307, 1
0.5542427, 0.5228431, 0.5654017, 1
0.538955, 0.521689, 0.5002481, 1
0.5507427, 0.5243791, 0.5671543, 1
0.3958635, 0.5422391, 0.2979004, 1
0.5167637, 0.5278604, 0.5865906, 1
0.381631, 0.5247301, 0.2663054, 1
0.6812188, 0.5354704, 0.7214033, 1
0.5875601, 0.5279545, 0.627883, 1
0.5817357, 0.5271993, 0.6309165, 1
0.6604121, 0.5162286, 0.6297707, 1
0.643177, 0.5470645, 0.7117671, 1
0.5171874, 0.5251305, 0.4722334, 1
0.6621548, 0.5459827, 0.7035669, 1
0.3365709, 0.5066758, 0.2047697, 1
0.3405546, 0.5290343, 0.2883345, 1
0.4842225, 0.5347484, 0.4574611, 1
0.2836743, 0.4899703, 0.1638577, 1
0.685463, 0.5325263, 0.6748925, 1
0.6063933, 0.5477166, 0.6848338, 1
0.6455006, 0.5357596, 0.653182, 1
0.6651822, 0.5100614, 0.6239008, 1
0.5285887, 0.5267144, 0.5981431, 1
0.4160807, 0.5327787, 0.4304818, 1
0.5268551, 0.5249665, 0.5792195, 1
0.2783669, 0.5235172, 0.1686143, 1
0.3520082, 0.5126915, 0.2637012, 1
0.47865, 0.5398477, 0.4255804, 1
0.5100474, 0.5268556, 0.4502253, 1
0.3230232, 0.5007191, 0.2490868, 1
0.5988054, 0.5102845, 0.5903791, 1
0.3967859, 0.538305, 0.2884823, 1
0.4556113, 0.5342447, 0.4787519, 1
0.558631, 0.5170339, 0.6011671, 1
0.4432961, 0.546603, 0.3554471, 1
0.3677761, 0.5476642, 0.3751124, 1
0.7021843, 0.5106912, 0.7297773, 1
0.3735317, 0.5220152, 0.2570883, 1
0.6052957, 0.5374467, 0.6550046, 1
0.5636393, 0.5159165, 0.6065119, 1
0.545379, 0.5241404, 0.6051274, 1
0.629564, 0.5049976, 0.583894, 1
0.3333741, 0.5070029, 0.2731644, 1
0.3652489, 0.516676, 0.2507643, 1
0.6647918, 0.5415394, 0.6813919, 1
0.4289393, 0.5369654, 0.4064787, 1
0.2964217, 0.5086457, 0.2174298, 1
0.297122, 0.4959674, 0.2709343, 1
0.4794668, 0.5337403, 0.4755195, 1
0.3539807, 0.5353294, 0.3431757, 1
0.4860808, 0.5309766, 0.4702956, 1
0.629731, 0.5440253, 0.6654175, 1
0.3927437, 0.5458905, 0.3177126, 1
0.5379725, 0.5210778, 0.5053408, 1
0.5325662, 0.526299, 0.5294957, 1
0.5105152, 0.5281116, 0.5154321, 1
0.7024003, 0.5279228, 0.6994949, 1
0.2719203, 0.4752251, 0.1759259, 1
0.6201996, 0.5148222, 0.5658613, 1
0.3824485, 0.5444942, 0.3612065, 1
0.4924358, 0.5401927, 0.4179274, 1
0.3548408, 0.5176337, 0.2759219, 1
0.5122064, 0.5252719, 0.4621989, 1
0.5920535, 0.525745, 0.5471717, 1
0.4795238, 0.5430303, 0.3900798, 1
0.6375365, 0.5060314, 0.6024543, 1
0.3422846, 0.5039099, 0.1983074, 1
0.4413644, 0.5450059, 0.3676446, 1
0.6159152, 0.5381368, 0.7006659, 1
0.4976292, 0.5248973, 0.4803501, 1
0.3014583, 0.4865408, 0.2000318, 1
0.5615992, 0.5179728, 0.517899, 1
0.5476154, 0.5211259, 0.5206906, 1
0.3785337, 0.545198, 0.3644419, 1
0.6997971, 0.52464, 0.6701019, 1
0.322151, 0.5003885, 0.2529844, 1
0.3365541, 0.5263684, 0.2854497, 1
0.3158883, 0.5048634, 0.1855858, 1
0.5115976, 0.5365039, 0.4134207, 1
0.4378054, 0.5426407, 0.3783087, 1
0.3838939, 0.5448714, 0.3396583, 1
0.3494362, 0.5114051, 0.2651787, 1
0.5434133, 0.5332342, 0.6255354, 1
0.4911515, 0.5322352, 0.4553455, 1
0.5250909, 0.5249781, 0.474025, 1
0.3900673, 0.5462992, 0.3676323, 1
0.4891555, 0.5295432, 0.5023833, 1
0.2741084, 0.4776313, 0.2137104, 1
0.3619072, 0.5346715, 0.3328851, 1
0.57071, 0.5137057, 0.6044825, 1
0.4768653, 0.5292529, 0.5020369, 1
0.5768719, 0.5241691, 0.5337219, 1
0.4629723, 0.5376893, 0.4289929, 1
0.3704878, 0.5378079, 0.3263138, 1
0.6876024, 0.5319631, 0.6779525, 1
0.5213133, 0.531753, 0.5973826, 1
0.317584, 0.4986534, 0.260254, 1
0.3457519, 0.5111008, 0.2716287, 1
0.5116331, 0.5248116, 0.482417, 1
0.3153545, 0.502924, 0.2794309, 1
0.6145813, 0.5327024, 0.6503742, 1
0.2985323, 0.4863205, 0.1660146, 1
0.4114319, 0.5323121, 0.4152623, 1
0.3074331, 0.5171121, 0.1771973, 1
0.5742509, 0.5351112, 0.6501744, 1
0.3624123, 0.5351697, 0.3265349, 1
0.426057, 0.5363464, 0.4057943, 1
0.3845369, 0.5439527, 0.3183273, 1
0.4951659, 0.5344197, 0.5561663, 1
0.6558263, 0.5457537, 0.6813307, 1
0.4412426, 0.5462536, 0.3393643, 1
0.2990367, 0.5118442, 0.2341004, 1
0.3174186, 0.5252907, 0.2913801, 1
0.4021269, 0.5308802, 0.4148491, 1
0.5112291, 0.5289485, 0.4431837, 1
0.6482045, 0.5456589, 0.669854, 1
0.3144175, 0.5206118, 0.1878783, 1
0.5033244, 0.5303639, 0.43561, 1
0.4398167, 0.5441032, 0.3229734, 1
0.625526, 0.5449814, 0.7127341, 1
0.3153665, 0.5146379, 0.2304314, 1
0.6936905, 0.5320224, 0.7179512, 1
0.3115099, 0.4866183, 0.190846, 1
0.6421695, 0.5345418, 0.651759, 1
0.6726135, 0.5421707, 0.7081618, 1
0.4338663, 0.5321574, 0.4552548, 1
0.3868704, 0.5476429, 0.370957, 1
0.2798627, 0.4988036, 0.2527976, 1
0.4709299, 0.5440021, 0.3802009, 1
0.5179053, 0.5302441, 0.531941, 1
0.665074, 0.5045754, 0.6201482, 1
0.6218647, 0.5462736, 0.6830625, 1
0.2969404, 0.5247071, 0.2114732, 1
0.4850108, 0.5345167, 0.4528058, 1
0.6353406, 0.5166432, 0.6160235, 1
0.6171224, 0.530674, 0.6459363, 1
0.6201576, 0.5128948, 0.5691354, 1
0.414362, 0.5327681, 0.4333521, 1
0.448788, 0.5359647, 0.4355724, 1
0.6749336, 0.5418695, 0.6952642, 1
0.417347, 0.5427012, 0.3641632, 1
0.298652, 0.5096552, 0.2451858, 1
0.4720725, 0.5459569, 0.3742782, 1
0.3284979, 0.5226134, 0.2841652, 1
0.4144549, 0.5443594, 0.3543411, 1
0.4324424, 0.5336155, 0.438827, 1
0.4320575, 0.5445874, 0.3626618, 1
0.2789266, 0.4870397, 0.2207572, 1
0.3861304, 0.5465019, 0.3883617, 1
0.3876178, 0.5396655, 0.4023182, 1
0.6233904, 0.5105676, 0.6038993, 1
0.4823976, 0.5422328, 0.3955656, 1
0.5638142, 0.5247169, 0.6257039, 1
0.4296071, 0.5449756, 0.336529, 1
0.4925165, 0.5325173, 0.5392101, 1
0.2567147, 0.4750733, 0.2108953, 1
0.5520142, 0.5184534, 0.5106323, 1
0.3928369, 0.5463853, 0.3291274, 1
0.5587635, 0.5336559, 0.6547403, 1
0.5409896, 0.5252616, 0.6035023, 1
0.4293339, 0.5335751, 0.4350608, 1
0.4111292, 0.5428026, 0.3003958, 1
0.4524902, 0.5341642, 0.4646861, 1
0.3073936, 0.501862, 0.1919277, 1
0.4981535, 0.5332077, 0.5429139, 1
0.255647, 0.4726172, 0.1950065, 1
0.4386064, 0.5393546, 0.3993838, 1
0.4618593, 0.5373222, 0.439362, 1
0.3993811, 0.5464143, 0.3191437, 1
0.2766313, 0.515314, 0.1827413, 1
0.4633355, 0.5346195, 0.4917836, 1
0.6745543, 0.5286683, 0.7428331, 1
0.5348473, 0.5265853, 0.6002049, 1
0.3381391, 0.5090787, 0.2740401, 1
0.4898353, 0.5366909, 0.4351937, 1
0.3167316, 0.4985633, 0.2233738, 1
0.463557, 0.5369816, 0.4520859, 1
0.7026439, 0.5102765, 0.7295126, 1
0.5996057, 0.5444462, 0.6629149, 1
0.449414, 0.5358403, 0.4475304, 1
0.463653, 0.5399975, 0.3976779, 1
0.412031, 0.5451579, 0.3426118, 1
0.4789122, 0.5346441, 0.4689898, 1
0.2866168, 0.4951456, 0.2737286, 1
0.4893079, 0.539673, 0.4107029, 1
0.4734661, 0.5395159, 0.4053288, 1
0.7125382, 0.5156535, 0.7260942, 1
0.3738633, 0.5217848, 0.2641825, 1
0.657436, 0.5471177, 0.6931828, 1
0.3696374, 0.5218138, 0.2760324, 1
0.4972855, 0.5249503, 0.4747705, 1
0.4741104, 0.5413758, 0.3977117, 1
0.4068872, 0.5467923, 0.3313597, 1
0.5213538, 0.5261158, 0.5767496, 1
0.4161478, 0.5397406, 0.3872464, 1
0.5105647, 0.532139, 0.5288967, 1
0.5116791, 0.5259227, 0.5023174, 1
0.4506172, 0.5444639, 0.3693894, 1
0.5525444, 0.5207852, 0.4919295, 1
0.4874652, 0.5337344, 0.5259926, 1
0.5803766, 0.5268039, 0.5551397, 1
0.6956213, 0.5271848, 0.6846216, 1
0.4553308, 0.5466732, 0.3521599, 1
0.2851406, 0.5112658, 0.2194237, 1
0.3575408, 0.5145395, 0.258771, 1
0.6333576, 0.5045259, 0.5836771, 1
0.4647044, 0.5453264, 0.3674126, 1
0.3686176, 0.517417, 0.2464613, 1
0.6123009, 0.5067363, 0.5910994, 1
0.475222, 0.5378382, 0.44228, 1
0.439916, 0.536979, 0.415029, 1
0.5060644, 0.5366085, 0.4189037, 1
0.484419, 0.5303158, 0.4776766, 1
0.5827494, 0.5116794, 0.5866836, 1
0.3860728, 0.5421945, 0.3018529, 1
0.2544361, 0.4721326, 0.2178594, 1
0.6264524, 0.5468261, 0.6804243, 1
0.4378656, 0.5457811, 0.337411, 1
0.3228827, 0.5226492, 0.1937524, 1
0.4074254, 0.5318993, 0.4192659, 1
0.4594175, 0.5394511, 0.4087381, 1
0.658739, 0.5466865, 0.7100405, 1
0.6097442, 0.5080221, 0.5878715, 1
0.490992, 0.5278642, 0.4966885, 1
0.665561, 0.5401874, 0.7393299, 1
0.5707152, 0.5247152, 0.5636273, 1
0.5330932, 0.5273436, 0.5655903, 1
0.5730286, 0.5217575, 0.6266192, 1
0.3857296, 0.5327436, 0.282336, 1
0.6755204, 0.5193432, 0.6330838, 1
0.2718466, 0.481408, 0.2006891, 1
0.5788766, 0.5386015, 0.6525316, 1
0.5846831, 0.5122227, 0.5835466, 1
0.321104, 0.5202945, 0.2858305, 1
0.2976696, 0.5049254, 0.2256296, 1
0.3320367, 0.5149408, 0.2802154, 1
0.66566, 0.5401695, 0.6786258, 1
0.4757763, 0.5394949, 0.4238579, 1
0.4303392, 0.5399479, 0.3871348, 1
0.3990802, 0.5454531, 0.3817565, 1
0.3402812, 0.5095074, 0.2733524, 1
0.5671037, 0.5177868, 0.5882446, 1
0.5512868, 0.5185325, 0.5099074, 1
0.4406661, 0.5455485, 0.3619973, 1
0.3264661, 0.5325739, 0.3002128, 1
0.4811956, 0.5329455, 0.4743362, 1
0.4109325, 0.5382832, 0.3899057, 1
0.5867068, 0.5283296, 0.6287545, 1
0.5069659, 0.5259795, 0.4573827, 1
0.4584829, 0.5347323, 0.4786667, 1
0.34991, 0.5335859, 0.3262582, 1
0.3288665, 0.5334794, 0.3039277, 1
0.4403893, 0.5405324, 0.3907158, 1
0.4834083, 0.5378408, 0.4372135, 1
0.58235, 0.5114225, 0.6010958, 1
0.3806344, 0.5330939, 0.2841085, 1
0.2954777, 0.4889604, 0.209726, 1
0.3375791, 0.5058788, 0.2678616, 1
0.6206682, 0.5111094, 0.6040518, 1
0.5401678, 0.5295539, 0.4656706, 1
0.5273037, 0.5237027, 0.4988258, 1
0.5312707, 0.5246066, 0.5794761, 1
0.4523361, 0.5397304, 0.4013848, 1
0.4213615, 0.5381731, 0.390542, 1
0.5060351, 0.5247849, 0.4765785, 1
0.3984666, 0.5449286, 0.3853691, 1
0.3101819, 0.5027475, 0.2820943, 1
0.3231912, 0.4974492, 0.209965, 1
0.6704097, 0.5173002, 0.6295836, 1
0.2469278, 0.5187593, 0.2149158, 1
0.5267377, 0.5238383, 0.4964229, 1
0.3570775, 0.5357553, 0.2987233, 1
0.2817222, 0.5239918, 0.1688853, 1
0.6782808, 0.5190857, 0.743875, 1
0.688964, 0.5307137, 0.6722406, 1
0.3085996, 0.5022612, 0.2001164, 1
0.4238314, 0.5336012, 0.4234731, 1
0.5891781, 0.541785, 0.6544329, 1
0.5626057, 0.5247, 0.5456628, 1
0.3175483, 0.4972924, 0.1808451, 1
0.428504, 0.5411355, 0.3823051, 1
0.5036166, 0.5256818, 0.4607659, 1
0.6316638, 0.5465668, 0.6834986, 1
0.3909582, 0.5477647, 0.3788633, 1
0.6580902, 0.5316, 0.6500139, 1
0.2923371, 0.5014389, 0.2158055, 1
0.3730754, 0.5393598, 0.3450904, 1
0.4386533, 0.5417318, 0.3858159, 1
0.3974185, 0.5458457, 0.3143962, 1
0.6310189, 0.5486769, 0.71832, 1
0.4308905, 0.5416799, 0.3800225, 1
0.4903476, 0.5395979, 0.4244653, 1
0.4503821, 0.5465841, 0.3524968, 1
0.3746458, 0.5429968, 0.3612785, 1
0.6953756, 0.5265204, 0.6802747, 1
0.5402831, 0.5258986, 0.5500911, 1
0.5614789, 0.5233946, 0.6208914, 1
0.2997198, 0.4886752, 0.2054586, 1
0.6970392, 0.5330795, 0.7207912, 1
0.6068605, 0.5397125, 0.6948422, 1
0.2660438, 0.4994836, 0.2421582, 1
0.5045521, 0.5374954, 0.4178745, 1
0.5356436, 0.5248964, 0.5724252, 1
0.4413136, 0.5388933, 0.3996354, 1
0.4153095, 0.5443577, 0.3186612, 1
0.561665, 0.527477, 0.6314917, 1
0.5055667, 0.5247569, 0.4731143, 1
0.581261, 0.5219986, 0.6253006, 1
0.600022, 0.5439225, 0.6625594, 1
0.4947706, 0.532905, 0.5453354, 1
0.6460389, 0.5027123, 0.5934823, 1
0.3140458, 0.4992764, 0.238834, 1
0.5879983, 0.5212606, 0.5679808, 1
0.2539758, 0.5210928, 0.2132967, 1
0.4330426, 0.532313, 0.448011, 1
0.6572286, 0.5455623, 0.6841354, 1
0.4316865, 0.533009, 0.4432514, 1
0.4390763, 0.5464137, 0.3400786, 1
0.4231634, 0.5422677, 0.3790888, 1
0.4706076, 0.538311, 0.4335961, 1
0.6765605, 0.529552, 0.658092, 1
0.6151825, 0.5346799, 0.6547033, 1
0.3793428, 0.5427472, 0.338374, 1
0.4310053, 0.5377621, 0.3956207, 1
0.3932655, 0.5435907, 0.3035597, 1
0.4381458, 0.5419109, 0.3849549, 1
0.490721, 0.5301301, 0.5077444, 1
0.2938279, 0.5008349, 0.2208531, 1
0.4222487, 0.5407362, 0.385013, 1
0.3820222, 0.5474909, 0.3696724, 1
0.6031499, 0.5351899, 0.6473559, 1
0.416762, 0.5426946, 0.3632741, 1
0.5694522, 0.5209987, 0.6246516, 1
0.4737755, 0.547565, 0.3668476, 1
0.442056, 0.5418426, 0.3848313, 1
0.5950426, 0.528789, 0.6269428, 1
0.4537713, 0.5353358, 0.4594602, 1
0.6381592, 0.5475381, 0.7149989, 1
0.4814223, 0.5393363, 0.4061109, 1
0.4672491, 0.5362595, 0.470919, 1
0.3908918, 0.5452814, 0.3466692, 1
0.4966787, 0.5395653, 0.4001077, 1
0.2791911, 0.5157035, 0.202627, 1
0.4249311, 0.5314874, 0.4481965, 1
0.4546371, 0.5424403, 0.3842815, 1
0.5535679, 0.5199115, 0.5934188, 1
0.5733347, 0.5259128, 0.6332704, 1
0.4229893, 0.5418571, 0.3809472, 1
0.2879936, 0.4966645, 0.2370245, 1
0.3997829, 0.5429196, 0.3906304, 1
0.3013609, 0.4977374, 0.2474313, 1
0.6585172, 0.5051469, 0.5992764, 1
0.4390493, 0.5353694, 0.4384342, 1
0.3644073, 0.5377972, 0.3114538, 1
0.4843254, 0.5399116, 0.4197129, 1
0.6287327, 0.5355805, 0.6529207, 1
0.6502309, 0.5036842, 0.6056695, 1
0.316528, 0.5062544, 0.226713, 1
0.3129767, 0.4982911, 0.2222253, 1
0.3932931, 0.5344501, 0.2804549, 1
0.4139243, 0.5435328, 0.3051145, 1
0.4702645, 0.5375678, 0.4480512, 1
0.4386815, 0.5465747, 0.3495702, 1
0.5911144, 0.5226759, 0.5290703, 1
0.5403922, 0.524914, 0.5424619, 1
0.6782169, 0.5366606, 0.7259229, 1
0.2483585, 0.5239573, 0.2019848, 1
0.5272566, 0.5245382, 0.4788127, 1
0.4493834, 0.5419909, 0.3865555, 1
0.5054848, 0.5279262, 0.5090751, 1
0.3257149, 0.5247678, 0.2072103, 1
0.3827752, 0.5252901, 0.2677488, 1
0.424072, 0.542431, 0.3773172, 1
0.2943331, 0.4919562, 0.2157468, 1
0.3522445, 0.533448, 0.3293779, 1
0.6281292, 0.5294523, 0.6414509, 1
0.666362, 0.5444599, 0.7035286, 1
0.4533873, 0.5374816, 0.4271952, 1
0.5137264, 0.5252994, 0.4626732, 1
0.5388972, 0.522618, 0.4938174, 1
0.6091629, 0.5110348, 0.5830284, 1
0.4733678, 0.5390249, 0.4267932, 1
0.6370095, 0.5269201, 0.631669, 1
0.3994196, 0.5440951, 0.3872523, 1
0.6081923, 0.5137134, 0.5750565, 1
0.3770372, 0.5421924, 0.3582334, 1
0.3287912, 0.5021088, 0.2543042, 1
0.2946552, 0.5179923, 0.1818423, 1
0.445539, 0.5319945, 0.4767379, 1
0.5449854, 0.5256037, 0.5691621, 1
0.4953518, 0.5333381, 0.5218421, 1
0.6194549, 0.5061498, 0.5903421, 1
0.3872961, 0.5277928, 0.2625279, 1
0.4571539, 0.5446996, 0.3659145, 1
0.5813451, 0.5370982, 0.6813926, 1
0.3982945, 0.5432135, 0.3634885, 1
0.2575577, 0.5259832, 0.1964111, 1
0.7164132, 0.5191463, 0.7128782, 1
0.591037, 0.5107663, 0.5913406, 1
0.4107022, 0.5457872, 0.3248009, 1
0.4743358, 0.5361068, 0.477731, 1
0.4750542, 0.5355576, 0.4720331, 1
0.4794634, 0.5298693, 0.5423836, 1
0.3570582, 0.5339881, 0.3346015, 1
0.4191615, 0.5339669, 0.4165309, 1
0.3725523, 0.5369773, 0.29432, 1
0.6422215, 0.5030429, 0.5898573, 1
0.473006, 0.5389479, 0.4292482, 1
0.5650061, 0.5290427, 0.6426811, 1
0.2731145, 0.4965364, 0.2558379, 1
0.3888673, 0.541935, 0.2995005, 1
0.5518203, 0.5243545, 0.5427675, 1
0.6344677, 0.515286, 0.6140054, 1
0.3376852, 0.532016, 0.3021767, 1
0.4020695, 0.5466107, 0.3368765, 1
0.3763231, 0.5394789, 0.2979906, 1
0.5020617, 0.533328, 0.5256519, 1
0.6645381, 0.5073782, 0.752931, 1
0.4685424, 0.5363866, 0.4662147, 1
0.6711701, 0.5229548, 0.7492401, 1
0.4502187, 0.5329985, 0.4797185, 1
0.296135, 0.4964994, 0.2273029, 1
0.6718926, 0.5172836, 0.7504177, 1
0.3364761, 0.5320426, 0.2995577, 1
0.5846694, 0.5261557, 0.5591162, 1
0.4951598, 0.5336511, 0.4381169, 1
0.2857846, 0.5000657, 0.2708096, 1
0.6317168, 0.5508415, 0.7273048, 1
0.4224054, 0.5445492, 0.3256903, 1
0.6743246, 0.5306966, 0.659134, 1
0.3879925, 0.5401919, 0.2954071, 1
0.5839922, 0.5109242, 0.589418, 1
0.4698367, 0.536787, 0.4578999, 1
0.6808801, 0.5305254, 0.6608863, 1
0.4222745, 0.5435719, 0.3641131, 1
0.5728231, 0.5261875, 0.5592256, 1
0.5270501, 0.5354689, 0.6086988, 1
0.4124484, 0.5416371, 0.3650027, 1
0.5044005, 0.5292768, 0.4473522, 1
0.6807064, 0.5262318, 0.6506916, 1
0.280003, 0.4649546, 0.188389, 1
0.3802343, 0.5437047, 0.3600883, 1
0.2829783, 0.4984556, 0.2135362, 1
0.3744751, 0.5280028, 0.280589, 1
0.3518024, 0.5348815, 0.344398, 1
0.2548777, 0.4992458, 0.2374316, 1
0.423644, 0.5345991, 0.4189802, 1
0.5503169, 0.5187203, 0.5100181, 1
0.4125936, 0.5448211, 0.3462595, 1
0.375164, 0.5355114, 0.2893254, 1
0.398147, 0.5306976, 0.2684236, 1
0.3118487, 0.4986296, 0.227816, 1
0.6165727, 0.5265716, 0.6283016, 1
0.358803, 0.5365369, 0.3039401, 1
0.2919694, 0.5092587, 0.1748179, 1
0.6437359, 0.5034215, 0.59734, 1
0.5404469, 0.520825, 0.5024266, 1
0.3841247, 0.5440903, 0.3291927, 1
0.5168182, 0.5275924, 0.5176525, 1
0.4519345, 0.5426139, 0.382965, 1
0.5875143, 0.5422139, 0.6554796, 1
0.5643951, 0.5375692, 0.6554165, 1
0.6184618, 0.537536, 0.6573445, 1
0.5418581, 0.5200872, 0.5066831, 1
0.3999722, 0.5439175, 0.3023751, 1
0.4121527, 0.5435038, 0.3039563, 1
0.563034, 0.5295917, 0.6442754, 1
0.4079909, 0.5422267, 0.3757239, 1
0.5619447, 0.5237113, 0.5421067, 1
0.6625038, 0.5364233, 0.661221, 1
0.4160529, 0.545015, 0.3252098, 1
0.2539761, 0.4985201, 0.195164, 1
0.4786946, 0.5395522, 0.4169789, 1
0.4530488, 0.5392488, 0.4071925, 1
0.4170808, 0.5343922, 0.3998493, 1
0.4931883, 0.5269389, 0.4711038, 1
0.2785778, 0.4948186, 0.2376352, 1
0.3497325, 0.5147272, 0.274949, 1
0.4751562, 0.5394278, 0.4241044, 1
0.6530287, 0.5038222, 0.6090139, 1
0.4963415, 0.5328442, 0.5199187, 1
0.3351596, 0.5109775, 0.2770736, 1
0.5000151, 0.5334365, 0.5411814, 1
0.6589252, 0.5390689, 0.6636392, 1
0.6256978, 0.5307318, 0.6466419, 1
0.5511017, 0.5243598, 0.5569921, 1
0.3204719, 0.4994988, 0.2593915, 1
0.4748363, 0.5309895, 0.5143064, 1
0.5053303, 0.5247759, 0.4798611, 1
0.2855487, 0.4972875, 0.1995895, 1
0.60418, 0.5168123, 0.5609963, 1
0.2541281, 0.5071918, 0.1859983, 1
0.4287736, 0.5456808, 0.3423558, 1
0.5477675, 0.5245604, 0.5775613, 1
0.3434984, 0.5327859, 0.3040266, 1
0.6867903, 0.533269, 0.6911315, 1
0.6521379, 0.5457052, 0.7228907, 1
0.2827794, 0.5191666, 0.1844598, 1
0.6769676, 0.540379, 0.6985013, 1
0.3156712, 0.5283966, 0.2956108, 1
0.4598441, 0.5394065, 0.4065481, 1
0.3758388, 0.522476, 0.265932, 1
0.6507415, 0.5502272, 0.7019634, 1
0.5212232, 0.5273561, 0.5925834, 1
0.6925986, 0.5201983, 0.6435115, 1
0.3783754, 0.5237978, 0.2588967, 1
0.4259256, 0.5448869, 0.3569579, 1
0.6603426, 0.5421069, 0.7443598, 1
0.4480732, 0.5458075, 0.3623723, 1
0.4499305, 0.5358467, 0.4387661, 1
0.5465091, 0.5255254, 0.5535213, 1
0.4107206, 0.5321282, 0.4232223, 1
0.4383982, 0.532499, 0.4672562, 1
0.5738111, 0.5265943, 0.555153, 1
0.6145515, 0.545945, 0.6895731, 1
0.2701246, 0.5056911, 0.1985296, 1
0.3367323, 0.519352, 0.281389, 1
0.4625155, 0.5376804, 0.429018, 1
0.3819253, 0.5435564, 0.3177083, 1
0.3481222, 0.5337595, 0.3264324, 1
0.5541367, 0.5227821, 0.5361397, 1
0.3090994, 0.5011687, 0.21626, 1
0.6275272, 0.5478933, 0.7194666, 1
0.5498334, 0.5316679, 0.4662749, 1
0.5773368, 0.5170622, 0.5818478, 1
0.6726725, 0.5423555, 0.7070011, 1
0.4316856, 0.5381222, 0.3940718, 1
0.42043, 0.5434282, 0.3065685, 1
0.4496332, 0.5331666, 0.4664973, 1
0.5894552, 0.5341105, 0.6967483, 1
0.5516897, 0.5240408, 0.5410936, 1
0.2751799, 0.4966646, 0.1621404, 1
0.3654957, 0.5353199, 0.3354827, 1
0.5484936, 0.5329515, 0.64255, 1
0.507541, 0.5277219, 0.4493681, 1
0.4901082, 0.5353155, 0.4403755, 1
0.3432472, 0.5049312, 0.2300148, 1
0.4927785, 0.5283101, 0.4992365, 1
0.4250844, 0.5457715, 0.3492719, 1
0.5207491, 0.5274723, 0.5721689, 1
0.4417536, 0.5371706, 0.414667, 1
0.6102217, 0.5397246, 0.6948767, 1
0.5437524, 0.5281581, 0.6154425, 1
0.4755128, 0.5307084, 0.4915893, 1
0.5591482, 0.5225591, 0.5349814, 1
0.4756786, 0.5374045, 0.4464023, 1
0.658075, 0.5019757, 0.7542567, 1
0.2893285, 0.4997486, 0.1646646, 1
0.4446746, 0.5368435, 0.427736, 1
0.4907262, 0.5338997, 0.5313614, 1
0.6760384, 0.5257971, 0.7428911, 1
0.2544194, 0.4970385, 0.2357842, 1
0.4332296, 0.5459448, 0.3486097, 1
0.3448445, 0.5054898, 0.2381098, 1
0.5228245, 0.5247612, 0.4739177, 1
0.5999095, 0.5108138, 0.5879899, 1
0.4046155, 0.5445723, 0.3097677, 1
0.4852574, 0.540186, 0.4248601, 1
0.2953085, 0.495102, 0.186914, 1
0.3671888, 0.5378232, 0.3572905, 1
0.4339688, 0.5460963, 0.3430511, 1
0.3945606, 0.5347783, 0.2803989, 1
0.3748305, 0.5416373, 0.3085918, 1
0.4568253, 0.5350614, 0.4846866, 1
0.5309834, 0.5246893, 0.4807892, 1
0.364836, 0.5369213, 0.3225109, 1
0.6754958, 0.5372994, 0.7319167, 1
0.410517, 0.545907, 0.3285311, 1
0.5688963, 0.5237028, 0.6275001, 1
0.5708672, 0.5273305, 0.6372301, 1
0.5711245, 0.5129442, 0.5989526, 1
0.4034805, 0.54669, 0.3228198, 1
0.5185543, 0.5260918, 0.5120306, 1
0.5312662, 0.5268359, 0.5318783, 1
0.4165356, 0.5421432, 0.2968768, 1
0.2730764, 0.4893039, 0.1847373, 1
0.4247224, 0.5426007, 0.3728243, 1
0.5916743, 0.5106153, 0.5931082, 1
0.3407975, 0.5289274, 0.2880907, 1
0.3872091, 0.5449399, 0.3301139, 1
0.303522, 0.4972063, 0.2607602, 1
0.4787005, 0.534169, 0.48142, 1
0.495036, 0.5252208, 0.4818411, 1
0.6688263, 0.4977503, 0.7457072, 1
0.441733, 0.53786, 0.4122944, 1
0.4224474, 0.5349888, 0.4077408, 1
0.6585007, 0.5414086, 0.7220789, 1
0.5030257, 0.5394095, 0.4073035, 1
0.6679797, 0.5220906, 0.6380363, 1
0.509261, 0.5336084, 0.5511515, 1
0.4461866, 0.5361709, 0.4335893, 1
0.4599159, 0.5321522, 0.5109905, 1
0.3382902, 0.5321259, 0.3136018, 1
0.440441, 0.5366755, 0.4159546, 1
0.4242157, 0.5333783, 0.436678, 1
0.5317431, 0.5259904, 0.5686471, 1
0.3333132, 0.5070901, 0.2235374, 1
0.424899, 0.5451835, 0.3440627, 1
0.5517303, 0.5209937, 0.5237138, 1
0.6833931, 0.5144236, 0.7419868, 1
0.577799, 0.5228328, 0.6276207, 1
0.3690259, 0.5314223, 0.2854131, 1
0.4813819, 0.5300415, 0.5423254, 1
0.4479838, 0.5347821, 0.4914612, 1
0.5116278, 0.5367369, 0.4117214, 1
0.5863189, 0.5174329, 0.5740606, 1
0.6422989, 0.5265514, 0.6352076, 1
0.6690122, 0.5330003, 0.6598114, 1
0.4234662, 0.5453403, 0.3465745, 1
0.5763286, 0.5203055, 0.6248019, 1
0.5282106, 0.5243737, 0.5124752, 1
0.6078489, 0.5429366, 0.6640983, 1
0.5601269, 0.5183276, 0.501052, 1
0.6147199, 0.5396296, 0.6953586, 1
0.4679177, 0.5308562, 0.5097213, 1
0.5962948, 0.5371916, 0.6469992, 1
0.3490382, 0.5339808, 0.3040605, 1
0.5202857, 0.5248271, 0.4888525, 1
0.3043335, 0.5044171, 0.2176183, 1
0.6638483, 0.5379622, 0.7467693, 1
0.5591428, 0.5220038, 0.5733171, 1
0.7042106, 0.5293677, 0.7142187, 1
0.4487789, 0.5449733, 0.3362371, 1
0.5613152, 0.5173095, 0.5058458, 1
0.4664409, 0.5459959, 0.3592536, 1
0.6442841, 0.5497559, 0.7376228, 1
0.3202459, 0.4988089, 0.2638848, 1
0.366744, 0.5160006, 0.2438477, 1
0.5298948, 0.5272904, 0.5370837, 1
0.4973408, 0.5401124, 0.4068013, 1
0.3693628, 0.5193734, 0.2706961, 1
0.4086198, 0.5463662, 0.3323686, 1
0.5130386, 0.5333304, 0.5540732, 1
0.5183598, 0.5303026, 0.4331209, 1
0.5443072, 0.5251735, 0.5479031, 1
0.2854511, 0.5156212, 0.2064864, 1
0.4416616, 0.5342298, 0.4474496, 1
0.4563511, 0.5407128, 0.3899898, 1
0.6057651, 0.5077029, 0.6000055, 1
0.3574027, 0.5097063, 0.2432153, 1
0.3646193, 0.5159236, 0.2478318, 1
0.4841015, 0.5425839, 0.3932567, 1
0.3231592, 0.5114994, 0.1944864, 1
0.7155516, 0.5154188, 0.7242488, 1
0.4323001, 0.5455157, 0.3400543, 1
0.5481259, 0.5245244, 0.543505, 1
0.5003938, 0.5335379, 0.5496181, 1
0.4870077, 0.5413988, 0.3980619, 1
0.4148919, 0.536755, 0.3931256, 1
0.4158034, 0.5337403, 0.4021341, 1
0.675639, 0.5075939, 0.746444, 1
0.4595531, 0.5370445, 0.4470024, 1
0.4656134, 0.537326, 0.4567976, 1
0.5371986, 0.5252177, 0.571225, 1
0.5652521, 0.5163791, 0.5917091, 1
0.3585638, 0.5168268, 0.2732375, 1
0.5134637, 0.5250556, 0.4889993, 1
0.3402143, 0.5101285, 0.274131, 1
0.4547971, 0.534642, 0.4671907, 1
0.3870763, 0.548303, 0.3819108, 1
0.4569013, 0.5397012, 0.3968898, 1
0.4019462, 0.5446665, 0.3755122, 1
0.6873952, 0.5206711, 0.6435913, 1
0.4430311, 0.5368891, 0.4148681, 1
0.6665835, 0.5386927, 0.7421441, 1
0.5199739, 0.530252, 0.5950395, 1
0.3513893, 0.5065866, 0.2288273, 1
0.6799146, 0.5386205, 0.7118292, 1
0.4224709, 0.5347704, 0.4130186, 1
0.5984949, 0.5460105, 0.6707914, 1
0.3696755, 0.5184337, 0.2480396, 1
0.4378476, 0.5333062, 0.4580497, 1
0.6419894, 0.5469565, 0.7103072, 1
0.5096695, 0.5259697, 0.4555508, 1
0.6480166, 0.5492423, 0.6853653, 1
0.5943559, 0.5215532, 0.5604917, 1
0.4325479, 0.5459599, 0.3436002, 1
0.5439376, 0.5208522, 0.5173559, 1
0.6744961, 0.532887, 0.740136, 1
0.444458, 0.5461878, 0.359478, 1
0.5313981, 0.5228913, 0.500955, 1
0.5668699, 0.5394821, 0.6629274, 1
0.2684233, 0.5067204, 0.2337801, 1
0.5287089, 0.524582, 0.4801372, 1
0.2748975, 0.5020412, 0.2281668, 1
0.3633389, 0.5370613, 0.3160891, 1
0.6776151, 0.5397038, 0.6998572, 1
0.3734613, 0.5361707, 0.2916359, 1
0.5577394, 0.5224526, 0.5772745, 1
0.6505988, 0.5456612, 0.6716375, 1
0.4437593, 0.5406316, 0.3941393, 1
0.6550196, 0.5427685, 0.732851, 1
0.6683019, 0.5265078, 0.7508151, 1
0.5413598, 0.5254376, 0.548284, 1
0.2780946, 0.4937838, 0.196477, 1
0.3865492, 0.5330449, 0.2824707, 1
0.3818369, 0.5445128, 0.3613872, 1
0.2888148, 0.516434, 0.2169985, 1
0.7022687, 0.5306159, 0.7117465, 1
0.3996025, 0.5457857, 0.315756, 1
0.5005034, 0.5393774, 0.4145454, 1
0.3898854, 0.5297546, 0.2718874, 1
0.5643886, 0.5150179, 0.602205, 1
0.5638912, 0.526874, 0.4924485, 1
0.3796317, 0.5422654, 0.3064814, 1
0.5520507, 0.5267203, 0.6195493, 1
0.6695756, 0.5334477, 0.6610762, 1
0.578027, 0.517552, 0.62024, 1
0.3870811, 0.5402441, 0.2957699, 1
0.6162771, 0.5155088, 0.6085948, 1
0.6664233, 0.509606, 0.7530178, 1
0.3390342, 0.5040817, 0.2287206, 1
0.469538, 0.5374921, 0.4448131, 1
0.461629, 0.5433678, 0.3759449, 1
0.659932, 0.5298039, 0.648647, 1
0.6238973, 0.5421283, 0.6994143, 1
0.7082523, 0.5255778, 0.7176782, 1
0.4439898, 0.5424507, 0.3818349, 1
0.2718929, 0.495087, 0.245092, 1
0.378929, 0.5384949, 0.2946326, 1
0.4799222, 0.5334651, 0.4750195, 1
0.5531366, 0.5243203, 0.6128471, 1
0.2444891, 0.4970373, 0.1996292, 1
0.6879231, 0.5235889, 0.7361152, 1
0.662644, 0.5236946, 0.6397395, 1
0.4987651, 0.5388413, 0.4184493, 1
0.4545704, 0.5445685, 0.3672558, 1
0.5842119, 0.5237829, 0.5278097, 1
0.6132188, 0.5467054, 0.6888234, 1
0.6759722, 0.4904088, 0.7370405, 1
0.5652632, 0.52608, 0.6300696, 1
0.494062, 0.5346476, 0.4356628, 1
0.4166263, 0.5339223, 0.4022306, 1
0.37655, 0.5392947, 0.2971232, 1
0.3821003, 0.5449339, 0.3457848, 1
0.5717898, 0.5138464, 0.5929427, 1
0.3927536, 0.5369521, 0.4054524, 1
0.5034541, 0.5303928, 0.5168037, 1
0.6839482, 0.5313129, 0.732875, 1
0.5109279, 0.5250652, 0.4888059, 1
0.4707339, 0.5390723, 0.4235067, 1
0.4090315, 0.5407212, 0.3658635, 1
0.3958227, 0.5436367, 0.3600207, 1
0.4093055, 0.5340657, 0.3989551, 1
0.6480914, 0.5505378, 0.6906844, 1
0.4531172, 0.5392278, 0.4047133, 1
0.4097953, 0.5327554, 0.4026763, 1
0.2575881, 0.5160987, 0.1948095, 1
0.2896505, 0.4967871, 0.1968575, 1
0.3397698, 0.5324325, 0.3022269, 1
0.6751932, 0.5355763, 0.6729248, 1
0.6111754, 0.5074695, 0.5889542, 1
0.3859791, 0.5404043, 0.2963784, 1
0.3302564, 0.5024947, 0.2494515, 1
0.2898225, 0.5001054, 0.2432456, 1
0.5743034, 0.5411963, 0.6585439, 1
0.4677626, 0.5380531, 0.4335836, 1
0.4428629, 0.5458586, 0.3619554, 1
0.4984559, 0.5336031, 0.537033, 1
0.5767817, 0.539008, 0.6539292, 1
0.3321733, 0.5326014, 0.3068397, 1
0.3078891, 0.5016249, 0.2200572, 1
0.5317276, 0.5279018, 0.5525222, 1
0.5800657, 0.5143021, 0.6129106, 1
0.2464332, 0.4757088, 0.215371, 1
0.592162, 0.5449637, 0.6877192, 1
0.4332902, 0.5460762, 0.3411447, 1
0.2821464, 0.4897296, 0.1957373, 1
0.5644028, 0.5284398, 0.4938791, 1
0.27682, 0.5237659, 0.1976034, 1
0.3559132, 0.5086059, 0.2059879, 1
0.4901521, 0.5314904, 0.4618105, 1
0.5003437, 0.533388, 0.5414373, 1
0.4338853, 0.5460929, 0.3423596, 1
0.6045751, 0.5143729, 0.5674464, 1
0.6094136, 0.5202225, 0.5453234, 1
0.4452196, 0.5453675, 0.3406459, 1
0.263842, 0.5239142, 0.2064742, 1
0.6878857, 0.5337861, 0.73511, 1
0.4196332, 0.533833, 0.4099235, 1
0.4313799, 0.5447518, 0.3330741, 1
0.3321114, 0.510994, 0.1980693, 1
0.7083535, 0.5023525, 0.7253737, 1
0.5296093, 0.5290179, 0.5559138, 1
0.3551303, 0.5335988, 0.3306759, 1
0.564893, 0.5236144, 0.5627642, 1
0.5217649, 0.5248097, 0.4738947, 1
0.5675079, 0.523558, 0.5379734, 1
0.5595149, 0.5194198, 0.6115262, 1
0.4302746, 0.5369679, 0.4075089, 1
0.3964592, 0.5411393, 0.2943289, 1
0.5642311, 0.5252022, 0.5558346, 1
0.6282526, 0.5451342, 0.6672706, 1
0.6704665, 0.5385509, 0.677382, 1
0.4254831, 0.5364543, 0.3974597, 1
0.7022493, 0.5087097, 0.7290704, 1
0.2643456, 0.4941946, 0.239352, 1
0.6500994, 0.5275464, 0.6417666, 1
0.7013486, 0.5266422, 0.693168, 1
0.5834708, 0.5188932, 0.6216198, 1
0.4648841, 0.5447861, 0.3754906, 1
0.397357, 0.5442446, 0.3516329, 1
0.3045924, 0.5001317, 0.1744542, 1
0.5658252, 0.5249285, 0.6280365, 1
0.5642493, 0.5219521, 0.5737273, 1
0.3481039, 0.5114352, 0.1992435, 1
0.6096076, 0.5350339, 0.6535203, 1
0.5645857, 0.5235024, 0.4937663, 1
0.5925434, 0.514263, 0.6152996, 1
0.5425669, 0.5199245, 0.5069929, 1
0.3833081, 0.5264093, 0.2561089, 1
0.3903454, 0.5463865, 0.3680755, 1
0.534786, 0.5233368, 0.5176541, 1
0.4046952, 0.5431724, 0.3718227, 1
0.5755801, 0.5266813, 0.5516576, 1
0.4404949, 0.5388493, 0.4003885, 1
0.327489, 0.5019775, 0.2655029, 1
0.5637684, 0.518051, 0.5182271, 1
0.6507077, 0.5169237, 0.6292325, 1
0.276518, 0.489156, 0.226313, 1
0.4742343, 0.5422202, 0.3933785, 1
0.530516, 0.5270363, 0.5352322, 1
0.6166885, 0.5391533, 0.7074283, 1
0.6095818, 0.5137128, 0.5725979, 1
0.5053323, 0.5247531, 0.4778489, 1
0.5426127, 0.5259468, 0.6094278, 1
0.3959903, 0.5308595, 0.4140167, 1
0.5303711, 0.5290546, 0.5576452, 1
0.5004904, 0.5320501, 0.5191457, 1
0.3017046, 0.4881807, 0.1922542, 1
0.5885577, 0.5127195, 0.5801009, 1
0.4122264, 0.5321202, 0.4140201, 1
0.3507941, 0.5069734, 0.2481659, 1
0.3479146, 0.5339128, 0.3147434, 1
0.3444219, 0.5149878, 0.2255725, 1
0.6811479, 0.5039426, 0.7414228, 1
0.5515496, 0.5246148, 0.554476, 1
0.5139172, 0.5275462, 0.5155376, 1
0.7039704, 0.5262471, 0.6868713, 1
0.267901, 0.462727, 0.1901329, 1
0.5364572, 0.5264735, 0.5665166, 1
0.4425741, 0.5458558, 0.3431451, 1
0.3809507, 0.5402972, 0.2991723, 1
0.5195042, 0.530355, 0.4314355, 1
0.664295, 0.5445629, 0.7113317, 1
0.7151867, 0.517115, 0.7235019, 1
0.3919929, 0.543754, 0.3041806, 1
0.3380931, 0.513104, 0.2773377, 1
0.5411392, 0.5241215, 0.4859958, 1
0.3586852, 0.5339404, 0.3318615, 1
0.5104173, 0.5337477, 0.5547676, 1
0.6340938, 0.5392957, 0.659813, 1
0.3040253, 0.4978577, 0.2464988, 1
0.3919931, 0.5466434, 0.338676, 1
0.5874217, 0.5209413, 0.5688767, 1
0.4641768, 0.5329745, 0.5132057, 1
0.335151, 0.5053635, 0.2678386, 1
0.4494976, 0.5440936, 0.3294037, 1
0.3305877, 0.5220092, 0.283052, 1
0.642253, 0.5117931, 0.6168615, 1
0.4049192, 0.5423033, 0.3873308, 1
0.2414546, 0.5176698, 0.1985065, 1
0.4412708, 0.5358334, 0.4299388, 1
0.555492, 0.5203811, 0.4937178, 1
0.4688024, 0.5464307, 0.363382, 1
0.3175758, 0.5074723, 0.2491065, 1
0.5497387, 0.5238023, 0.5389717, 1
0.2833573, 0.5060106, 0.2477079, 1
0.5995224, 0.5165552, 0.6145299, 1
0.2811538, 0.4972763, 0.1935757, 1
0.5020803, 0.5275068, 0.4549167, 1
0.605173, 0.5338891, 0.6433279, 1
0.424039, 0.5439494, 0.3632455, 1
0.3304739, 0.50872, 0.2411197, 1
0.3904844, 0.5477739, 0.3769996, 1
0.5951854, 0.5242749, 0.553286, 1
0.6514799, 0.5081438, 0.6178266, 1
0.3902259, 0.5296735, 0.2691263, 1
0.3141093, 0.5107097, 0.2039344, 1
0.3868373, 0.5374438, 0.2900777, 1
0.4708438, 0.5359094, 0.4800498, 1
0.4903326, 0.5333105, 0.447427, 1
0.4348319, 0.5344381, 0.425374, 1
0.4474115, 0.5367303, 0.4323765, 1
0.6739286, 0.5297698, 0.6571782, 1
0.6304293, 0.5357723, 0.653304, 1
0.3330373, 0.5029562, 0.2135563, 1
0.4714171, 0.5375758, 0.4466779, 1
0.6617254, 0.4949767, 0.755989, 1
0.3764051, 0.548422, 0.3761994, 1
0.4122187, 0.5457752, 0.3270037, 1
0.6286945, 0.5451466, 0.6863028, 1
0.3486706, 0.5342286, 0.3010135, 1
0.3788145, 0.5242319, 0.2722428, 1
0.4885167, 0.5394164, 0.4282023, 1
0.3776877, 0.5420743, 0.3401433, 1
0.3148554, 0.5206023, 0.2891904, 1
0.2564082, 0.5040472, 0.2154241, 1
0.5050944, 0.5275284, 0.5073968, 1
0.5122162, 0.5288349, 0.574713, 1
0.5115516, 0.524659, 0.4782217, 1
0.3517334, 0.5064002, 0.241449, 1
0.6117769, 0.5323455, 0.6474068, 1
0.6537511, 0.547644, 0.711604, 1
0.6288824, 0.5162503, 0.5644577, 1
0.3565252, 0.5192155, 0.2768061, 1
0.4513931, 0.5432314, 0.3785009, 1
0.6071393, 0.513349, 0.6074531, 1
0.4078084, 0.5423179, 0.3758572, 1
0.3748403, 0.5219464, 0.2671991, 1
0.6862939, 0.4914919, 0.7354457, 1
0.4849419, 0.5396529, 0.4120037, 1
0.702679, 0.530249, 0.7157854, 1
0.6681575, 0.5101647, 0.7520745, 1
0.4240562, 0.5340031, 0.4213969, 1
0.5027714, 0.5332106, 0.5355024, 1
0.6878946, 0.5311827, 0.673962, 1
0.6221576, 0.5301205, 0.6461624, 1
0.4088376, 0.5412286, 0.3640053, 1
0.5177886, 0.527193, 0.5857714, 1
0.5382668, 0.5256793, 0.6006596, 1
0.5823289, 0.5201166, 0.5731915, 1
0.4373494, 0.5427861, 0.3739761, 1
0.3483882, 0.5332588, 0.2951099, 1
0.6211472, 0.532175, 0.6499189, 1
0.4347641, 0.5321864, 0.4667863, 1
0.5375865, 0.5241989, 0.4884089, 1
0.5488686, 0.5223407, 0.5270203, 1
0.2641584, 0.4836729, 0.1880301, 1
0.4702282, 0.5460836, 0.3730774, 1
0.4567126, 0.5364406, 0.4489793, 1
0.4480232, 0.5345043, 0.4904578, 1
0.5079818, 0.5350007, 0.5804657, 1
0.3784661, 0.523043, 0.2478327, 1
0.6085706, 0.545279, 0.6690345, 1
0.377572, 0.5412844, 0.327592, 1
0.3576499, 0.5339106, 0.3321539, 1
0.6222433, 0.5266057, 0.6314962, 1
0.3734153, 0.5407156, 0.3197712, 1
0.533209, 0.5256764, 0.4739099, 1
0.6006683, 0.5447699, 0.6648582, 1
0.6947, 0.5277387, 0.6880233, 1
0.4529515, 0.5335652, 0.4804067, 1
0.5543274, 0.5213516, 0.6092795, 1
0.5642733, 0.5215641, 0.5800539, 1
0.5835283, 0.5238869, 0.6260498, 1
0.4535722, 0.5343474, 0.4643078, 1
0.5023496, 0.5283495, 0.4512232, 1
0.633501, 0.5050936, 0.5949408, 1
0.4683011, 0.545661, 0.373667, 1
0.492051, 0.5265626, 0.4903607, 1
0.4894751, 0.5291341, 0.5004166, 1
0.6502885, 0.5445831, 0.6677308, 1
0.5733805, 0.5189023, 0.6221342, 1
0.3468281, 0.5063697, 0.2513868, 1
0.3739507, 0.5469046, 0.3713271, 1
0.6438144, 0.5028633, 0.5890289, 1
0.4051329, 0.5428233, 0.370915, 1
0.4354336, 0.532211, 0.4675445, 1
0.3932741, 0.5336667, 0.278119, 1
0.3679577, 0.5372005, 0.3263039, 1
0.6471342, 0.5492831, 0.685268, 1
0.6264818, 0.5189039, 0.6153615, 1
0.7058977, 0.5280138, 0.7155481, 1
0.455263, 0.5378183, 0.425622, 1
0.3474232, 0.5131785, 0.2742824, 1
0.3108508, 0.4968153, 0.2686317, 1
0.5721486, 0.5193261, 0.5821133, 1
0.6217764, 0.5268003, 0.6316863, 1
0.5190161, 0.5249263, 0.4793027, 1
0.4243431, 0.541917, 0.3807376, 1
0.5575363, 0.5171859, 0.5986954, 1
0.5734004, 0.5188579, 0.5195537, 1
0.4114237, 0.5438045, 0.3590769, 1
0.2863322, 0.5037048, 0.2409116, 1
0.5120307, 0.5320066, 0.5371537, 1
0.3805596, 0.5429782, 0.3194968, 1
0.481728, 0.534669, 0.4641831, 1
0.5275074, 0.5273783, 0.4553578, 1
0.6878793, 0.5111521, 0.7387784, 1
0.5381139, 0.5270132, 0.5606958, 1
0.5452473, 0.5213847, 0.4952236, 1
0.3841701, 0.5402063, 0.2966508, 1
0.3295282, 0.5203143, 0.2053638, 1
0.6169161, 0.5458207, 0.6694355, 1
0.2906195, 0.4945813, 0.2787676, 1
0.5631642, 0.5170088, 0.5108323, 1
0.4186519, 0.5420275, 0.3733786, 1
0.5759168, 0.514384, 0.6101511, 1
0.3434714, 0.5050927, 0.2404847, 1
0.4058132, 0.5402288, 0.3917495, 1
0.5238797, 0.5253069, 0.5791391, 1
0.5244842, 0.5241633, 0.4917342, 1
0.5298957, 0.5281845, 0.4590617, 1
0.4069288, 0.5427647, 0.3771428, 1
0.2994938, 0.5029676, 0.288769, 1
0.5668989, 0.5257592, 0.5558002, 1
0.5021835, 0.5395572, 0.4113701, 1
0.5927978, 0.5291775, 0.6281292, 1
0.6761149, 0.5237383, 0.6461058, 1
0.4644496, 0.5464469, 0.3529906, 1
0.664208, 0.5019177, 0.6155226, 1
0.4111497, 0.5442722, 0.3096603, 1
0.2585057, 0.4952239, 0.1844464, 1
0.3903199, 0.5462719, 0.3352351, 1
0.3690939, 0.5370972, 0.3460456, 1
0.6392216, 0.5516309, 0.7314801, 1
0.5875828, 0.5184808, 0.5721728, 1
0.3954707, 0.5436924, 0.3584504, 1
0.5775502, 0.5430725, 0.6631562, 1
0.2427317, 0.5145685, 0.2077987, 1
0.4510579, 0.545054, 0.3391002, 1
0.6909469, 0.5105327, 0.7358757, 1
0.5353953, 0.5296232, 0.6144822, 1
0.4276133, 0.5359707, 0.4143544, 1
0.5849693, 0.5213521, 0.5171824, 1
0.5949094, 0.5319067, 0.6317685, 1
0.2686086, 0.4949504, 0.2348807, 1
0.5549687, 0.5286641, 0.4783087, 1
0.456419, 0.5364867, 0.4509499, 1
0.3902685, 0.5452913, 0.3157297, 1
0.3796696, 0.5422481, 0.3239804, 1
0.3576078, 0.5108718, 0.2478463, 1
0.398829, 0.5440205, 0.3524161, 1
0.4854009, 0.53078, 0.4727929, 1
0.6716766, 0.5157517, 0.6271763, 1
0.3954324, 0.5456241, 0.315313, 1
0.4053222, 0.5433361, 0.3810082, 1
0.5816613, 0.5196517, 0.5743643, 1
0.3416743, 0.5322168, 0.310469, 1
0.4027552, 0.5422649, 0.2961873, 1
0.6514183, 0.5489878, 0.6868849, 1
0.6860836, 0.5138831, 0.7402833, 1
0.4962844, 0.5341533, 0.5293567, 1
0.4623489, 0.5357971, 0.4804075, 1
0.5540913, 0.5249018, 0.5498866, 1
0.6348054, 0.504228, 0.5901279, 1
0.2641411, 0.5294734, 0.1977409, 1
0.3193167, 0.5145333, 0.2843642, 1
0.4998894, 0.5336545, 0.5296179, 1
0.4298842, 0.5375156, 0.3954093, 1
0.5381519, 0.5265898, 0.6071529, 1
0.5777639, 0.5120838, 0.5909281, 1
0.4514371, 0.5363474, 0.4346794, 1
0.566115, 0.5284778, 0.6412377, 1
0.5973585, 0.5356274, 0.642433, 1
0.4861003, 0.5306642, 0.5398163, 1
0.4349678, 0.5381192, 0.401576, 1
0.68648, 0.5351098, 0.705829, 1
0.409294, 0.5440571, 0.305996, 1
0.5556096, 0.5305396, 0.6344494, 1
0.4550667, 0.5363954, 0.4429986, 1
0.381186, 0.5460016, 0.3654644, 1
0.519446, 0.5247806, 0.4988706, 1
0.4168579, 0.5425532, 0.3651577, 1
0.556517, 0.5325393, 0.6548926, 1
0.5562534, 0.5261429, 0.6232493, 1
0.6668061, 0.5245028, 0.6422313, 1
0.6550552, 0.5413698, 0.6646184, 1
0.4934946, 0.5408944, 0.3972914, 1
0.5810729, 0.51355, 0.611642, 1
0.2797304, 0.4862271, 0.1803847, 1
0.6155354, 0.5269334, 0.6284052, 1
0.6815122, 0.5371468, 0.6957676, 1
0.4514355, 0.5352371, 0.4577509, 1
0.2833664, 0.498592, 0.200528, 1
0.5135539, 0.5313488, 0.4246957, 1
0.4122022, 0.5387751, 0.3882722, 1
0.6052974, 0.5152093, 0.6099476, 1
0.4673175, 0.5389191, 0.4190194, 1
0.3634935, 0.5090486, 0.2257662, 1
0.3879302, 0.5457085, 0.3379094, 1
0.4567564, 0.5386128, 0.4135865, 1
0.3752639, 0.5121145, 0.2302454, 1
0.50738, 0.5324312, 0.5364399, 1
0.5088625, 0.5267497, 0.451771, 1
0.6442296, 0.5127413, 0.6194698, 1
0.3586083, 0.5350026, 0.3198055, 1
0.5520487, 0.5247917, 0.5450268, 1
0.6622148, 0.5440566, 0.6887818, 1
0.5340734, 0.527357, 0.6060121, 1
0.5822291, 0.523163, 0.6259363, 1
0.2972558, 0.4990241, 0.2072365, 1
0.6783364, 0.52738, 0.653504, 1
0.5961698, 0.5353978, 0.6402889, 1
0.3922783, 0.5449485, 0.3091728, 1
0.3778164, 0.5303429, 0.2816391, 1
0.4619302, 0.535462, 0.4769141, 1
0.4364586, 0.53324, 0.4437651, 1
0.4455537, 0.5383008, 0.4096, 1
0.3974438, 0.5444086, 0.3064705, 1
0.3579019, 0.5133407, 0.2533029, 1
0.4779319, 0.5384656, 0.4392376, 1
0.4992729, 0.5247762, 0.4736062, 1
0.5499583, 0.52485, 0.5452042, 1
0.4771173, 0.5411558, 0.3995992, 1
0.3488927, 0.5066763, 0.2094949, 1
0.3660126, 0.5373551, 0.300882, 1
0.4030998, 0.5430514, 0.3593309, 1
0.295625, 0.4945625, 0.1976805, 1
0.6592685, 0.5177842, 0.6315858, 1
0.6612757, 0.544053, 0.6855559, 1
0.2972195, 0.4932953, 0.1790538, 1
0.4760983, 0.5391961, 0.4289495, 1
0.3648115, 0.5355937, 0.3534206, 1
0.3828357, 0.5450837, 0.3436145, 1
0.5121959, 0.5266817, 0.5092869, 1
0.3222628, 0.5297382, 0.2949533, 1
0.4599878, 0.5355079, 0.4819991, 1
0.5128821, 0.5252312, 0.4953851, 1
0.4002012, 0.5326524, 0.2728536, 1
0.3608015, 0.5195736, 0.2763357, 1
0.3912134, 0.5459136, 0.3192784, 1
0.2765366, 0.5182136, 0.181617, 1
0.4951927, 0.5293088, 0.4591992, 1
0.340793, 0.5045618, 0.2235893, 1
0.6719911, 0.528303, 0.6532755, 1
0.4830272, 0.5390806, 0.4339696, 1
0.2810524, 0.4967205, 0.2462749, 1
0.5277006, 0.5273088, 0.567997, 1
0.3353812, 0.515861, 0.279789, 1
0.6648524, 0.5432377, 0.6860864, 1
0.6771539, 0.5268218, 0.7414849, 1
0.5773515, 0.5426945, 0.661754, 1
0.3656336, 0.5094617, 0.2267405, 1
0.4941094, 0.5431303, 0.3840021, 1
0.5896639, 0.5111452, 0.5882645, 1
0.4837641, 0.5433933, 0.3864872, 1
0.6558312, 0.5428548, 0.7352815, 1
0.5001823, 0.5293664, 0.5091911, 1
0.5784187, 0.520483, 0.6246065, 1
0.5553405, 0.5227108, 0.566832, 1
0.4072762, 0.5327172, 0.4041723, 1
0.5940794, 0.5141184, 0.5736457, 1
0.2637688, 0.4886775, 0.1797687, 1
0.5238152, 0.5244346, 0.4871446, 1
0.5430583, 0.5257252, 0.56847, 1
0.5545983, 0.5194397, 0.6034444, 1
0.244166, 0.508944, 0.2197154, 1
0.5256298, 0.5241009, 0.4997335, 1
0.4114804, 0.536831, 0.282635, 1
0.5156394, 0.5294741, 0.5697209, 1
0.4247877, 0.5331553, 0.4395586, 1
0.6489137, 0.5125205, 0.622268, 1
0.6962078, 0.5248092, 0.6544576, 1
0.4636544, 0.5357624, 0.4756308, 1
0.5311731, 0.5257783, 0.5895381, 1
0.5400798, 0.5249481, 0.591366, 1
0.3072948, 0.5057802, 0.1909672, 1
0.60627, 0.5424394, 0.6626071, 1
0.484717, 0.5283722, 0.4955033, 1
0.4693253, 0.5374034, 0.4475934, 1
0.6782091, 0.5355545, 0.6745515, 1
0.3308917, 0.5319089, 0.2979665, 1
0.5416116, 0.5344798, 0.6395989, 1
0.6497597, 0.5505522, 0.6918729, 1
0.4771109, 0.5417298, 0.3974223, 1
0.366247, 0.5372818, 0.2990481, 1
0.4701232, 0.538954, 0.4240294, 1
0.4821203, 0.5396088, 0.4306771, 1
0.571864, 0.5192907, 0.5827333, 1
0.5855224, 0.5248542, 0.5632109, 1
0.4549717, 0.5346161, 0.4688611, 1
0.5253795, 0.5265896, 0.4613672, 1
0.6690652, 0.5165762, 0.6286746, 1
0.3751753, 0.5415472, 0.3469995, 1
0.5341211, 0.5255751, 0.5902215, 1
0.2655188, 0.4917358, 0.1905565, 1
0.5001143, 0.5398774, 0.4075765, 1
0.441874, 0.5452875, 0.3653263, 1
0.4879015, 0.5274687, 0.4909661, 1
0.4607379, 0.5469051, 0.346171, 1
0.2652507, 0.4874317, 0.1830057, 1
0.4423402, 0.5355586, 0.421219, 1
0.6695328, 0.5120956, 0.7518994, 1
0.3183555, 0.5000528, 0.230462, 1
0.2734862, 0.4932918, 0.1618433, 1
0.6719909, 0.5169904, 0.6284397, 1
0.6506752, 0.5505157, 0.6988416, 1
0.3960443, 0.5361977, 0.2838466, 1
0.5072566, 0.5312455, 0.5681484, 1
0.3742698, 0.5385445, 0.3358988, 1
0.550824, 0.532876, 0.6555945, 1
0.5022162, 0.5330043, 0.5420551, 1
0.4889958, 0.5317232, 0.5383812, 1
0.3556204, 0.511945, 0.2539437, 1
0.6637244, 0.5409506, 0.7374035, 1
0.6006166, 0.535363, 0.644971, 1
0.5422741, 0.5352162, 0.6347223, 1
0.2780158, 0.4876802, 0.2073915, 1
0.3498212, 0.5071348, 0.2073495, 1
0.5740386, 0.5266146, 0.5552019, 1
0.5209377, 0.5294639, 0.5323025, 1
0.3902149, 0.5438914, 0.3543638, 1
0.4931433, 0.5319852, 0.4497494, 1
0.5733041, 0.5151265, 0.5892835, 1
0.2923805, 0.4954788, 0.2731933, 1
0.3223145, 0.5101436, 0.2435948, 1
0.3778834, 0.5476569, 0.3719409, 1
0.5763286, 0.5421998, 0.6606016, 1
0.4308672, 0.535653, 0.4172485, 1
0.7019029, 0.5279995, 0.6995136, 1
0.6002581, 0.5221308, 0.5488949, 1
0.4735087, 0.5324757, 0.4909972, 1
0.6247525, 0.5327221, 0.6496248, 1
0.629264, 0.5062555, 0.5781098, 1
0.5093186, 0.5251528, 0.4873797, 1
0.4091478, 0.5442268, 0.3091797, 1
0.4117553, 0.5452371, 0.3219529, 1
0.4308145, 0.532595, 0.4426922, 1
0.5327619, 0.5249652, 0.5722139, 1
0.6499667, 0.5461264, 0.7374609, 1
0.2901817, 0.4785915, 0.1703513, 1
0.6504732, 0.5038245, 0.6073295, 1
0.4078906, 0.5428964, 0.2989839, 1
0.6241438, 0.5469165, 0.6738307, 1
0.5764143, 0.5348417, 0.6728074, 1
0.5653021, 0.5320592, 0.6492983, 1
0.3726595, 0.5215194, 0.2624327, 1
0.5754991, 0.5226961, 0.5292627, 1
0.3175502, 0.4969122, 0.209008, 1
0.4137787, 0.532576, 0.4259782, 1
0.6459263, 0.5058295, 0.6098816, 1
0.5042306, 0.5249142, 0.4682832, 1
0.4475347, 0.5322171, 0.4734265, 1
0.5495827, 0.5227336, 0.4854393, 1
0.3090119, 0.4779377, 0.176849, 1
0.5145976, 0.526301, 0.5093737, 1
0.5364348, 0.5354444, 0.6246341, 1
0.6567165, 0.5409662, 0.6663972, 1
0.5358654, 0.5245105, 0.5834776, 1
0.5228122, 0.5272868, 0.5708356, 1
0.6432859, 0.5284479, 0.6382831, 1
0.3635888, 0.5374249, 0.3106935, 1
0.3947583, 0.5468349, 0.3393216, 1
0.6695304, 0.5392233, 0.7203027, 1
0.5721104, 0.5198665, 0.5797337, 1
0.5727208, 0.5264215, 0.5568753, 1
0.6619208, 0.5188288, 0.7587256, 1
0.40546, 0.5414193, 0.3659697, 1
0.2668634, 0.4970616, 0.1733275, 1
0.4347711, 0.5323519, 0.4620633, 1
0.6394745, 0.5429829, 0.664333, 1
0.2752011, 0.4901949, 0.1998726, 1
0.396919, 0.5461025, 0.3742484, 1
0.4503451, 0.539259, 0.4041172, 1
0.4511802, 0.535196, 0.4575937, 1
0.404862, 0.5429188, 0.3602818, 1
0.2666786, 0.4983728, 0.2384915, 1
0.4834704, 0.5288829, 0.4852385, 1
0.5648026, 0.5233412, 0.6240546, 1
0.2544515, 0.5015157, 0.2213023, 1
0.5781915, 0.5233911, 0.5054067, 1
0.4715151, 0.5382039, 0.4351016, 1
0.456753, 0.54671, 0.3495068, 1
0.5486048, 0.5233729, 0.5337816, 1
0.689594, 0.5238533, 0.6484109, 1
0.6747719, 0.531601, 0.6610894, 1
0.3442833, 0.5065857, 0.2361435, 1
0.6807232, 0.5261416, 0.7392216, 1
0.6206995, 0.5073001, 0.5798524, 1
0.5609124, 0.5267932, 0.6291571, 1
0.4795504, 0.5306686, 0.5293893, 1
0.3876895, 0.5452886, 0.3299306, 1
0.4887888, 0.5423747, 0.392846, 1
0.6194, 0.541805, 0.7180616, 1
0.5659069, 0.5245759, 0.495119, 1
0.6474451, 0.5487238, 0.6831493, 1
0.4522075, 0.5464151, 0.3478337, 1
0.3258985, 0.5339792, 0.3066249, 1
0.6159434, 0.5381578, 0.7008803, 1
0.3555202, 0.5343124, 0.2947442, 1
0.6645075, 0.5387852, 0.6727802, 1
0.5711052, 0.5151853, 0.6106673, 1
0.3129963, 0.505688, 0.1818511, 1
0.4669328, 0.5350049, 0.4895054, 1
0.5314046, 0.525754, 0.5228159, 1
0.6691466, 0.5236551, 0.6411031, 1
0.6815363, 0.4889036, 0.7330937, 1
0.5587569, 0.5170747, 0.6014942, 1
0.5769096, 0.5421191, 0.6728598, 1
0.3983485, 0.5470203, 0.3257221, 1
0.4395248, 0.5465627, 0.3537839, 1
0.445977, 0.5366977, 0.4201551, 1
0.5065694, 0.5253821, 0.4885741, 1
0.6437147, 0.5475523, 0.7083825, 1
0.3709314, 0.5277187, 0.2812434, 1
0.6006257, 0.5261827, 0.622171, 1
0.4018961, 0.5329344, 0.4243261, 1
0.6788482, 0.5395314, 0.6967959, 1
0.2835285, 0.5073025, 0.1688002, 1
0.5118122, 0.5261656, 0.4518339, 1
0.4690774, 0.5464186, 0.3587542, 1
0.3798483, 0.5393468, 0.2961878, 1
0.4028436, 0.5444118, 0.3480543, 1
0.3782581, 0.5420351, 0.3063943, 1
0.2583313, 0.4857806, 0.18433, 1
0.4714804, 0.5307763, 0.5100074, 1
0.3830531, 0.5484465, 0.3830923, 1
0.5721196, 0.5416441, 0.6645913, 1
0.4723191, 0.5322351, 0.4920699, 1
0.3786691, 0.5296367, 0.2806263, 1
0.2477649, 0.5145971, 0.2214705, 1
0.353128, 0.5131997, 0.264241, 1
0.5902215, 0.5225304, 0.5245602, 1
0.5777643, 0.5263616, 0.5470664, 1
0.3761205, 0.5401909, 0.3018812, 1
0.3778052, 0.5417559, 0.3055121, 1
0.6329268, 0.5235888, 0.6258109, 1
0.5210603, 0.5245149, 0.4976207, 1
0.6481025, 0.5326412, 0.6473613, 1
0.5875032, 0.5366837, 0.691933, 1
0.4863579, 0.528581, 0.4970242, 1
0.6564566, 0.5344746, 0.6529067, 1
0.4384, 0.5458651, 0.3427837, 1
0.2554035, 0.5110164, 0.1958319, 1
0.6955008, 0.5267447, 0.6566452, 1
0.4679371, 0.5372902, 0.4512059, 1
0.6570223, 0.5308322, 0.6484087, 1
0.3354862, 0.517984, 0.2807354, 1
0.3927433, 0.5436921, 0.3606431, 1
0.4082359, 0.5422155, 0.3782451, 1
0.4472524, 0.5465285, 0.3507654, 1
0.6235239, 0.5461453, 0.6701456, 1
0.5676982, 0.5219007, 0.6245908, 1
0.5490568, 0.5240908, 0.5790866, 1
0.3079759, 0.5046125, 0.2393261, 1
0.6154, 0.5138117, 0.6062676, 1
0.6336918, 0.5325183, 0.6464014, 1
0.3030671, 0.5271942, 0.2001283, 1
0.2699604, 0.4735028, 0.1765333, 1
0.5770186, 0.5189769, 0.5782949, 1
0.385271, 0.543899, 0.309696, 1
0.457023, 0.5399373, 0.3934926, 1
0.373164, 0.5249633, 0.2781987, 1
0.6618944, 0.5070152, 0.7541751, 1
0.6396526, 0.5395842, 0.660683, 1
0.4083697, 0.5440291, 0.3079544, 1
0.5419772, 0.5204809, 0.5133309, 1
0.5489811, 0.5250167, 0.554344, 1
0.4223478, 0.5367681, 0.3940028, 1
0.4337511, 0.5443162, 0.3085136, 1
0.5822996, 0.5275329, 0.6309013, 1
0.436113, 0.5326012, 0.4618641, 1
0.4653965, 0.5437238, 0.379964, 1
0.4493808, 0.5384047, 0.412488, 1
0.5414428, 0.524698, 0.5976328, 1
0.5509236, 0.5204378, 0.4970667, 1
0.4438637, 0.5440755, 0.3245452, 1
0.3301567, 0.5029622, 0.2019964, 1
0.2982774, 0.5211014, 0.2169166, 1
0.3180827, 0.5041355, 0.2788128, 1
0.5848473, 0.5156672, 0.6177335, 1
0.4351736, 0.5316392, 0.4720475, 1
0.6268919, 0.5276542, 0.6366107, 1
0.3367396, 0.5264437, 0.2855169, 1
0.3778784, 0.5280818, 0.2793637, 1
0.3021825, 0.5066656, 0.289409, 1
0.5944394, 0.5163093, 0.5688177, 1
0.3295061, 0.522171, 0.2835069, 1
0.5586836, 0.5170593, 0.6013513, 1
0.6302697, 0.5356556, 0.6529751, 1
0.5434214, 0.5238519, 0.5977412, 1
0.5864951, 0.5127371, 0.5805428, 1
0.6626837, 0.5241631, 0.6403932, 1
0.5666578, 0.5220803, 0.5732625, 1
0.2647707, 0.5119034, 0.2396877, 1
0.6137204, 0.5334863, 0.6516235, 1
0.6375513, 0.547088, 0.691817, 1
0.5319239, 0.5246314, 0.5790905, 1
0.5508843, 0.5185938, 0.5098472, 1
0.6030475, 0.5308892, 0.6309977, 1
0.4879496, 0.5282807, 0.4956025, 1
0.4024667, 0.5439389, 0.3519685, 1
0.6756579, 0.5407674, 0.7042112, 1
0.5823722, 0.5337139, 0.6437803, 1
0.3814926, 0.5437135, 0.3584121, 1
0.5304878, 0.524754, 0.5825236, 1
0.4464862, 0.5392586, 0.4009142, 1
0.7052771, 0.5285775, 0.7147563, 1
0.5173084, 0.5245537, 0.4795484, 1
0.5350249, 0.5215299, 0.5114361, 1
0.6902673, 0.5345512, 0.7083228, 1
0.304707, 0.5032055, 0.1839224, 1
0.5869226, 0.5202169, 0.5706344, 1
0.3091806, 0.4971933, 0.2745653, 1
0.3039562, 0.5026525, 0.2852363, 1
0.3805777, 0.5443842, 0.343315, 1
0.2564044, 0.5257112, 0.204791, 1
0.2784868, 0.496342, 0.1947728, 1
0.6230665, 0.5253756, 0.6282108, 1
0.5003005, 0.5261979, 0.4640519, 1
0.3473702, 0.5103533, 0.2665709, 1
0.5751811, 0.5425345, 0.6686711, 1
0.5573576, 0.5239857, 0.5413392, 1
0.4224822, 0.5415019, 0.3821836, 1
0.5571402, 0.5245714, 0.6188464, 1
0.4866293, 0.5312651, 0.4669223, 1
0.2750739, 0.5026259, 0.1863639, 1
0.6369758, 0.5464856, 0.7102069, 1
0.505976, 0.5369412, 0.4178683, 1
0.2890441, 0.5028703, 0.2591449, 1
0.4850708, 0.5345154, 0.4536067, 1
0.49845, 0.5304815, 0.5131964, 1
0.3171241, 0.4981568, 0.2185927, 1
0.5848833, 0.5348259, 0.6431243, 1
0.5674517, 0.5164024, 0.6126741, 1
0.5825816, 0.5262946, 0.5597534, 1
0.5323932, 0.5292168, 0.4479257, 1
0.4423299, 0.5388861, 0.4040337, 1
0.5336136, 0.5258203, 0.474174, 1
0.5866073, 0.5267842, 0.5513337, 1
0.4802457, 0.5296857, 0.5391355, 1
0.4307035, 0.5375293, 0.3971477, 1
0.5355873, 0.5335116, 0.6197158, 1
0.4006677, 0.5439729, 0.3505434, 1
0.6049708, 0.5335145, 0.6411642, 1
0.6849884, 0.5292599, 0.7343137, 1
0.2527025, 0.49415, 0.2228526, 1
0.3290059, 0.5101483, 0.2783231, 1
0.5142489, 0.5250724, 0.4927316, 1
0.5218399, 0.5287885, 0.5279132, 1
0.4649802, 0.5397128, 0.4096323, 1
0.6571853, 0.5265457, 0.6431142, 1
0.4762731, 0.539044, 0.4305279, 1
0.3800768, 0.540143, 0.2990026, 1
0.462286, 0.5469248, 0.3455391, 1
0.5151433, 0.5296411, 0.5696676, 1
0.680298, 0.5357595, 0.7219578, 1
0.6591721, 0.5437765, 0.6799664, 1
0.4868452, 0.5335209, 0.5259385, 1
0.2985262, 0.482996, 0.197585, 1
0.360574, 0.536533, 0.2992189, 1
0.3553812, 0.5357679, 0.3027768, 1
0.3952047, 0.5306341, 0.2680916, 1
0.5584491, 0.5176797, 0.5135692, 1
0.5481696, 0.5317681, 0.6273277, 1
0.3603548, 0.5098989, 0.2081012, 1
0.5241247, 0.5258259, 0.5880488, 1
0.6607935, 0.5418264, 0.7439888, 1
0.6652772, 0.5125637, 0.625964, 1
0.3804623, 0.5404462, 0.2998248, 1
0.2710994, 0.4921476, 0.236467, 1
0.5754273, 0.5208883, 0.5051921, 1
0.2754932, 0.5083264, 0.1971594, 1
0.3922058, 0.545314, 0.3471942, 1
0.664246, 0.5307461, 0.7531211, 1
0.5996405, 0.5143532, 0.5695267, 1
0.427755, 0.5454735, 0.3513954, 1
0.5336744, 0.5283894, 0.5595337, 1
0.3361667, 0.5035312, 0.2332327, 1
0.4197924, 0.5330392, 0.4267549, 1
0.3745658, 0.5220245, 0.2524309, 1
0.6131366, 0.5190527, 0.6125327, 1
0.3576744, 0.5078337, 0.2296078, 1
0.5262284, 0.5261441, 0.5914394, 1
0.5552669, 0.5231465, 0.578778, 1
0.6687303, 0.5422671, 0.6847735, 1
0.3683775, 0.5392724, 0.3174778, 1
0.50137, 0.5280358, 0.4532638, 1
0.4029082, 0.5469551, 0.3326916, 1
0.3303583, 0.5025253, 0.2497187, 1
0.4754921, 0.5363548, 0.4651403, 1
0.467467, 0.5389687, 0.4231327, 1
0.4572783, 0.5396228, 0.3975729, 1
0.6618394, 0.5285863, 0.6479979, 1
0.3510165, 0.5344692, 0.2988787, 1
0.4441032, 0.545841, 0.3434808, 1
0.3354332, 0.5042341, 0.215186, 1
0.3553363, 0.5340589, 0.2933756, 1
0.2920325, 0.5001392, 0.2528118, 1
0.6112092, 0.5333001, 0.6496152, 1
0.4163128, 0.5352261, 0.3970697, 1
0.4313084, 0.5442895, 0.3192202, 1
0.4179094, 0.532224, 0.4406025, 1
0.5959177, 0.5214854, 0.558729, 1
0.3302278, 0.5063874, 0.2740468, 1
0.3328169, 0.5048754, 0.2696797, 1
0.4926403, 0.533038, 0.5481403, 1
0.2970198, 0.4981391, 0.2079241, 1
0.4949592, 0.5298605, 0.4571798, 1
0.6220102, 0.5162019, 0.5640683, 1
0.5898048, 0.5361331, 0.6429126, 1
0.6424566, 0.5510044, 0.7267731, 1
0.276506, 0.4862872, 0.2128284, 1
0.4449904, 0.5359625, 0.4200404, 1
0.6878595, 0.5321808, 0.6830778, 1
0.5416055, 0.5246905, 0.5957693, 1
0.4945413, 0.5271212, 0.4683636, 1
0.4568713, 0.5466121, 0.3530391, 1
0.2560411, 0.4863817, 0.2357416, 1
0.674097, 0.5393076, 0.6811447, 1
0.4314851, 0.5386955, 0.3907451, 1
0.5778143, 0.5299473, 0.6417026, 1
0.4369616, 0.5331152, 0.4593773, 1
0.4033785, 0.5451248, 0.3143963, 1
0.4192634, 0.5427905, 0.3016005, 1
0.3988882, 0.544834, 0.3699802, 1
0.3317446, 0.5036356, 0.2652745, 1
0.4594888, 0.536841, 0.4501515, 1
0.3267672, 0.4975457, 0.2037353, 1
0.3606889, 0.5111241, 0.2407956, 1
0.3116283, 0.5141469, 0.2875023, 1
0.3413422, 0.5188863, 0.2800936, 1
0.4984241, 0.5262111, 0.4882229, 1
0.3296302, 0.5334074, 0.3076854, 1
0.6008138, 0.52134, 0.5346856, 1
0.3499894, 0.506564, 0.2172302, 1
0.6749039, 0.5237159, 0.7448301, 1
0.7032329, 0.5242767, 0.7249697, 1
0.5061786, 0.5300351, 0.4396302, 1
0.4752897, 0.530242, 0.5099514, 1
0.5586124, 0.5215121, 0.5847645, 1
0.480357, 0.5350382, 0.4628152, 1
0.6464796, 0.5404149, 0.6597872, 1
0.5855284, 0.5232069, 0.5258461, 1
0.5268239, 0.5267126, 0.5694772, 1
0.2630798, 0.5013815, 0.2161205, 1
0.3756676, 0.5417497, 0.3497908, 1
0.3239499, 0.5313915, 0.2975502, 1
0.6893725, 0.5305625, 0.6705067, 1
0.4212938, 0.5448481, 0.3422644, 1
0.3960729, 0.5464141, 0.3752573, 1
0.3762255, 0.5253776, 0.2771306, 1
0.3372454, 0.5104422, 0.2758179, 1
0.4694824, 0.5367184, 0.4634365, 1
0.5195093, 0.5279542, 0.5235537, 1
0.490358, 0.5385967, 0.5583879, 1
0.3858874, 0.527575, 0.2646394, 1
0.2683082, 0.5237523, 0.2193642, 1
0.3908134, 0.5462497, 0.3330233, 1
0.3412138, 0.5082914, 0.2698601, 1
0.405587, 0.5339783, 0.2763075, 1
0.5497707, 0.5231026, 0.5883127, 1
0.6617063, 0.537964, 0.664391, 1
0.5795546, 0.5253462, 0.536173, 1
0.6595685, 0.4967492, 0.7538569, 1
0.564572, 0.5339253, 0.6517296, 1
0.4094502, 0.5356956, 0.3959734, 1
0.6900824, 0.534992, 0.711637, 1
0.397158, 0.5335528, 0.2763682, 1
0.2403564, 0.4984716, 0.1997746, 1
0.244688, 0.4685643, 0.1906074, 1
0.4022639, 0.5445822, 0.3793723, 1
0.524139, 0.5286403, 0.5325294, 1
0.3689115, 0.5398712, 0.3099697, 1
0.4203522, 0.5451007, 0.3508915, 1
0.5113361, 0.5314986, 0.5663222, 1
0.6933173, 0.5312612, 0.7229523, 1
0.400625, 0.5393676, 0.2902453, 1
0.5322986, 0.5289438, 0.450596, 1
0.4670016, 0.5375714, 0.443722, 1
0.3452456, 0.5334489, 0.3337444, 1
0.3904606, 0.5293397, 0.2666856, 1
0.6404689, 0.548288, 0.6791795, 1
0.4976413, 0.5332205, 0.5405543, 1
0.3884185, 0.5457446, 0.3364015, 1
0.3534175, 0.5312357, 0.287554, 1
0.4904322, 0.5266407, 0.476116, 1
0.3305329, 0.5182398, 0.2075789, 1
0.6907579, 0.5292118, 0.6604253, 1
0.5763714, 0.5206454, 0.5060716, 1
0.376095, 0.5226984, 0.2719112, 1
0.6504369, 0.5406161, 0.6587801, 1
0.4466876, 0.5410849, 0.3908597, 1
0.3191328, 0.5318443, 0.2999116, 1
0.2759583, 0.4714813, 0.2041687, 1
0.6515536, 0.523016, 0.6373933, 1
0.2801104, 0.5171766, 0.1979168, 1
0.2910937, 0.4882378, 0.2121942, 1
0.6629084, 0.5347124, 0.751289, 1
0.5360969, 0.5271454, 0.5519925, 1
0.3557114, 0.5113264, 0.2526522, 1
0.4748983, 0.5396221, 0.4035139, 1
0.2885648, 0.5120117, 0.2015929, 1
0.5443742, 0.519605, 0.5057446, 1
0.601184, 0.5354366, 0.7005948, 1
0.6077371, 0.5144779, 0.6083677, 1
0.4948435, 0.539308, 0.4215909, 1
0.5082241, 0.5300227, 0.5715888, 1
0.5569503, 0.5197271, 0.5240534, 1
0.6913489, 0.4906307, 0.7341412, 1
0.471435, 0.5468235, 0.3707582, 1
0.5317446, 0.5227953, 0.5009785, 1
0.581905, 0.5203798, 0.5727858, 1
0.6127731, 0.5284821, 0.6331209, 1
0.3557939, 0.5097018, 0.2475049, 1
0.5749294, 0.525799, 0.560861, 1
0.4819402, 0.54343, 0.3862604, 1
0.2496415, 0.4965311, 0.2094527, 1
0.3214843, 0.4992395, 0.2642954, 1
0.4104876, 0.5338876, 0.3998211, 1
0.4979526, 0.5316184, 0.4432109, 1
0.4152416, 0.5437536, 0.3073763, 1
0.465866, 0.5364323, 0.4713135, 1
0.342533, 0.5253732, 0.2835689, 1
0.5648885, 0.5253142, 0.5501167, 1
0.6031962, 0.5176349, 0.6130294, 1
0.3890115, 0.5438942, 0.3550483, 1
0.498381, 0.5274761, 0.4604734, 1
0.5017939, 0.5396796, 0.4102908, 1
0.6527026, 0.510354, 0.621583, 1
0.6299683, 0.5402932, 0.6600237, 1
0.5791553, 0.5384654, 0.652113, 1
0.5100129, 0.5325107, 0.4231231, 1
0.4112041, 0.5324706, 0.4331378, 1
0.4327317, 0.5335044, 0.4404799, 1
0.6273375, 0.5236831, 0.6250365, 1
0.5578701, 0.5203716, 0.5259334, 1
0.401273, 0.5349658, 0.4045138, 1
0.3765325, 0.5365141, 0.2909495, 1
0.5639873, 0.5158399, 0.593577, 1
0.5908035, 0.5142381, 0.6155549, 1
0.3056166, 0.5225165, 0.2027616, 1
0.6564149, 0.5056495, 0.7556654, 1
0.4828694, 0.5349344, 0.4584746, 1
0.579724, 0.52631, 0.5604715, 1
0.4820787, 0.5307898, 0.5299571, 1
0.3214907, 0.5000714, 0.2568537, 1
0.7100871, 0.5258735, 0.7115542, 1
0.6458324, 0.5476317, 0.7111441, 1
0.4249828, 0.5431799, 0.3012092, 1
0.5186094, 0.5296866, 0.5682679, 1
0.6889793, 0.5322003, 0.70175, 1
0.4527329, 0.539288, 0.4039372, 1
0.3502621, 0.5115547, 0.2632666, 1
0.5495796, 0.5192119, 0.515176, 1
0.6764074, 0.4920365, 0.737115, 1
0.55868, 0.5191076, 0.6100921, 1
0.4033235, 0.5376569, 0.2853972, 1
0.373473, 0.5176482, 0.2397096, 1
0.3521201, 0.5128952, 0.2659123, 1
0.4697941, 0.5324448, 0.5159798, 1
0.4416798, 0.5395695, 0.3971137, 1
0.6924891, 0.5288852, 0.68284, 1
0.368502, 0.537548, 0.3254917, 1
0.3215644, 0.5142288, 0.2010102, 1
0.3647157, 0.5331582, 0.2878502, 1
0.5779143, 0.5285172, 0.6388498, 1
0.6354682, 0.5381106, 0.6584719, 1
0.624455, 0.5462968, 0.6712385, 1
0.5942972, 0.5326564, 0.6337551, 1
0.4509805, 0.5393947, 0.3967104, 1
0.3234003, 0.508004, 0.1987555, 1
0.5162808, 0.5246973, 0.4921192, 1
0.4828155, 0.5370255, 0.4402868, 1
0.5498128, 0.5215215, 0.5943885, 1
0.2559778, 0.4750538, 0.2199479, 1
0.3247828, 0.5013798, 0.2238222, 1
0.4617812, 0.5373798, 0.4399876, 1
0.2622783, 0.494822, 0.1787174, 1
0.3633899, 0.5173253, 0.2629076, 1
0.5346856, 0.5249553, 0.4797432, 1
0.4136522, 0.5424178, 0.3632029, 1
0.4695132, 0.5340776, 0.4893935, 1
0.4716928, 0.5383024, 0.4392644, 1
0.5689702, 0.5149305, 0.5920889, 1
0.5854602, 0.5115891, 0.5848767, 1
0.6340768, 0.5049633, 0.5954044, 1
0.6640127, 0.5438058, 0.6890493, 1
0.4297848, 0.5445121, 0.3618336, 1
0.2812275, 0.5270953, 0.1715308, 1
0.5929301, 0.5231913, 0.536928, 1
0.5014327, 0.5274629, 0.4559615, 1
0.5465736, 0.5225859, 0.5248016, 1
0.2773865, 0.4869647, 0.2114132, 1
0.6593515, 0.5400456, 0.750297, 1
0.4198231, 0.5418962, 0.3767927, 1
0.5016332, 0.5270805, 0.4949904, 1
0.3206185, 0.5275614, 0.292329, 1
0.2579075, 0.5101178, 0.2265269, 1
0.302053, 0.5019069, 0.285949, 1
0.5287777, 0.5233541, 0.4973678, 1
0.5626423, 0.5215036, 0.5782113, 1
0.2804921, 0.4970241, 0.2520105, 1
0.4480121, 0.5466768, 0.3555002, 1
0.5008745, 0.5366383, 0.4232943, 1
0.471294, 0.5356883, 0.4727629, 1
0.3882194, 0.54523, 0.3164231, 1
0.3020417, 0.5053536, 0.2883944, 1
0.4067293, 0.53651, 0.3972147, 1
0.5385897, 0.5242165, 0.4867122, 1
0.4977852, 0.5248662, 0.4767021, 1
0.6698578, 0.5121299, 0.6247932, 1
0.5984614, 0.5370911, 0.6485986, 1
0.4394891, 0.5384971, 0.4066855, 1
0.49336, 0.5325278, 0.4485261, 1
0.545355, 0.5244921, 0.5777271, 1
0.2839204, 0.5264708, 0.2121412, 1
0.5006469, 0.5269234, 0.4592887, 1
0.5739139, 0.5178816, 0.5165499, 1
0.6837952, 0.5345595, 0.7231859, 1
0.6145706, 0.5251146, 0.6225742, 1
0.3174912, 0.4982002, 0.2187522, 1
0.4190623, 0.5441167, 0.3151524, 1
0.422579, 0.5365884, 0.3946783, 1
0.5365734, 0.5235863, 0.4907598, 1
0.5751558, 0.5261048, 0.5484571, 1
0.4780178, 0.5290804, 0.4992691, 1
0.3837986, 0.54392, 0.3109087, 1
0.3957958, 0.5431682, 0.3010059, 1
0.5171584, 0.5247154, 0.4838929, 1
0.5827682, 0.5445919, 0.6705192, 1
0.4841034, 0.536162, 0.4463119, 1
0.2770589, 0.4844431, 0.2142164, 1
0.4550536, 0.5445359, 0.3683676, 1
0.5176073, 0.5312183, 0.5459294, 1
0.3403811, 0.5318392, 0.3073919, 1
0.5117409, 0.5308721, 0.4293828, 1
0.4875533, 0.5339589, 0.450729, 1
0.5886607, 0.5108487, 0.5998856, 1
0.4301719, 0.5345781, 0.4212339, 1
0.5546783, 0.5245406, 0.5515258, 1
0.3969738, 0.5408751, 0.2932429, 1
0.2860419, 0.5010412, 0.2066282, 1
0.383453, 0.5436977, 0.3556081, 1
0.3378183, 0.5090076, 0.2367741, 1
0.6788763, 0.539503, 0.6889179, 1
0.2602893, 0.5052851, 0.1979557, 1
0.6100333, 0.5328991, 0.647387, 1
0.38917, 0.5439147, 0.3580237, 1
0.3597794, 0.5158358, 0.2593922, 1
0.6571544, 0.5472364, 0.6886181, 1
0.2953514, 0.5000497, 0.1867769, 1
0.6542434, 0.5467162, 0.7161766, 1
0.4881206, 0.5423109, 0.3934713, 1
0.5833671, 0.5219566, 0.5690444, 1
0.4881241, 0.5317096, 0.5356976, 1
0.7029085, 0.5247161, 0.7248002, 1
0.3988958, 0.5468495, 0.3390294, 1
0.5129933, 0.5303691, 0.4332541, 1
0.4258745, 0.5359308, 0.4082333, 1
0.6339793, 0.534232, 0.6501423, 1
0.5067735, 0.5308887, 0.5694836, 1
0.3847338, 0.5439691, 0.3192554, 1
0.6676847, 0.5335193, 0.6601533, 1
0.5455916, 0.5329261, 0.6282222, 1
0.544562, 0.5226761, 0.5227488, 1
0.4491977, 0.5354698, 0.44075, 1
0.4495167, 0.5327775, 0.4738843, 1
0.6013353, 0.5128871, 0.6099941, 1
0.3514848, 0.5350161, 0.340183, 1
0.6799793, 0.5274017, 0.7390648, 1
0.5317336, 0.5286829, 0.4522747, 1
0.4247746, 0.5434784, 0.3684841, 1
0.6235988, 0.5455361, 0.6857944, 1
0.5912305, 0.5125256, 0.6133447, 1
0.5001755, 0.5387606, 0.4167623, 1
0.4229644, 0.5370724, 0.3934633, 1
0.2988309, 0.4990275, 0.2255837, 1
0.4294047, 0.5449703, 0.3362426, 1
0.5492811, 0.5247921, 0.570369, 1
0.432215, 0.5331275, 0.4407341, 1
0.6235129, 0.5271657, 0.632946, 1
0.4216852, 0.53158, 0.4466818, 1
0.5475188, 0.5253152, 0.5642177, 1
0.3697484, 0.5394663, 0.3196526, 1
0.5341851, 0.528052, 0.5620945, 1
0.6576756, 0.5293165, 0.6470726, 1
0.2698958, 0.4770962, 0.1840079, 1
0.6877134, 0.5367758, 0.7243566, 1
0.4191077, 0.5344883, 0.4021406, 1
0.610671, 0.5136126, 0.6063351, 1
0.7075658, 0.5279312, 0.7101281, 1
0.550957, 0.5287076, 0.474774, 1
0.5381243, 0.5270641, 0.5546167, 1
0.6358173, 0.5044146, 0.582002, 1
0.4511357, 0.5461988, 0.3578779, 1
0.3569617, 0.5096868, 0.2444177, 1
0.6124825, 0.5147646, 0.5656692, 1
0.4678358, 0.5356568, 0.479311, 1
0.5767499, 0.5123513, 0.6039411, 1
0.5058098, 0.5247609, 0.472761, 1
0.4885941, 0.5302418, 0.5114841, 1
0.4895793, 0.5363136, 0.4374906, 1
0.5697424, 0.5252059, 0.5611055, 1
0.4829867, 0.5388577, 0.4351145, 1
0.50274, 0.5264804, 0.4934402, 1
0.2911765, 0.5288587, 0.1869587, 1
0.4082657, 0.5314086, 0.4090271, 1
0.2702498, 0.5280427, 0.2013022, 1
0.4111373, 0.5414819, 0.3640388, 1
0.5711382, 0.5205472, 0.5251911, 1
0.4232234, 0.5314956, 0.4474431, 1
0.5831961, 0.5330997, 0.6420513, 1
0.3971069, 0.5434353, 0.3610182, 1
0.3975261, 0.544682, 0.349164, 1
0.3668943, 0.535992, 0.3400769, 1
0.4225836, 0.5354109, 0.3993355, 1
0.6719704, 0.4931832, 0.7408172, 1
0.5895393, 0.5403829, 0.6513337, 1
0.3322078, 0.5178971, 0.2814157, 1
0.3968896, 0.5318675, 0.4122238, 1
0.5676807, 0.5265318, 0.6323255, 1
0.2865006, 0.5287845, 0.1957135, 1
0.6690009, 0.5437604, 0.696027, 1
0.298423, 0.4916392, 0.1777275, 1
0.4109957, 0.5439639, 0.3508758, 1
0.5998146, 0.5089904, 0.602439, 1
0.2803805, 0.4775572, 0.2053303, 1
0.2927824, 0.5293224, 0.1856737, 1
0.3675915, 0.5312868, 0.2854314, 1
0.4336045, 0.5343073, 0.433861, 1
0.4688073, 0.53805, 0.4361816, 1
0.5127497, 0.5319492, 0.5326838, 1
0.4906129, 0.533931, 0.5313851, 1
0.6259171, 0.5459537, 0.6837099, 1
0.4382636, 0.5391188, 0.3986305, 1
0.4498283, 0.5351992, 0.4559266, 1
0.6183964, 0.5413756, 0.7177518, 1
0.4792253, 0.5396324, 0.4046503, 1
0.3523111, 0.5275912, 0.2834962, 1
0.4169778, 0.5441823, 0.3152945, 1
0.6162651, 0.5159028, 0.6091058, 1
0.4380093, 0.5439365, 0.3174158, 1
0.2695141, 0.4829927, 0.1800009, 1
0.6195325, 0.518421, 0.6130955, 1
0.5407432, 0.5266527, 0.5576428, 1
0.4313419, 0.545315, 0.3366113, 1
0.4962291, 0.5294081, 0.4562347, 1
0.4699195, 0.5368382, 0.4590116, 1
0.6856598, 0.5199637, 0.7391403, 1
0.4962219, 0.534298, 0.5569428, 1
0.6633341, 0.5229539, 0.6387689, 1
0.2564036, 0.4960595, 0.223239, 1
0.2663507, 0.479012, 0.1760131, 1
0.5779766, 0.5190489, 0.5120196, 1
0.3842383, 0.5465283, 0.3664425, 1
0.2860769, 0.4774153, 0.1629912, 1
0.4233132, 0.5448406, 0.3287499, 1
0.3604115, 0.5361656, 0.3118778, 1
0.4657736, 0.5441028, 0.3787454, 1
0.6038587, 0.5111215, 0.6066103, 1
0.4743795, 0.5339526, 0.4870341, 1
0.4860518, 0.5396496, 0.4043204, 1
0.4267557, 0.5367493, 0.4011008, 1
0.5553057, 0.5275747, 0.6260563, 1
0.4691493, 0.5361843, 0.4674012, 1
0.6901569, 0.5336386, 0.7065802, 1
0.3547482, 0.533604, 0.3233699, 1
0.4170271, 0.5414056, 0.3817732, 1
0.5424257, 0.5302113, 0.4659449, 1
0.3127338, 0.5276517, 0.2956282, 1
0.5367041, 0.5255752, 0.5391406, 1
0.5611291, 0.5216401, 0.5774117, 1
0.2942707, 0.4976599, 0.2368682, 1
0.3486297, 0.5056068, 0.2450589, 1
0.5252265, 0.5311683, 0.4328043, 1
0.405634, 0.5314872, 0.4079723, 1
0.5975653, 0.5230294, 0.5462803, 1
0.6049302, 0.5399204, 0.6576976, 1
0.5471663, 0.5205266, 0.5191264, 1
0.6379056, 0.5434933, 0.6655685, 1
0.4052635, 0.5433707, 0.3754844, 1
0.4191319, 0.5446755, 0.3257064, 1
0.5237888, 0.5306097, 0.557456, 1
0.3076194, 0.4976277, 0.2554265, 1
0.4866735, 0.5342032, 0.4530039, 1
0.4032176, 0.5441483, 0.3804446, 1
0.5157824, 0.5248717, 0.4839111, 1
0.4603489, 0.531321, 0.5103636, 1
0.4030718, 0.5458023, 0.3180588, 1
0.607389, 0.5191616, 0.553514, 1
0.3733212, 0.5361871, 0.2917216, 1
0.2788341, 0.4953938, 0.2398778, 1
0.3993927, 0.5425788, 0.2978561, 1
0.269772, 0.4735311, 0.1659105, 1
0.591784, 0.5106142, 0.6039299, 1
0.5168483, 0.5311276, 0.423172, 1
0.3999281, 0.5456967, 0.313588, 1
0.4423872, 0.5337136, 0.4635884, 1
0.3797754, 0.542367, 0.3279823, 1
0.5561509, 0.5233536, 0.5389477, 1
0.4465806, 0.5367413, 0.4211644, 1
0.3988949, 0.5446174, 0.3860462, 1
0.571902, 0.5227525, 0.5322047, 1
0.3359682, 0.523149, 0.2830866, 1
0.3054385, 0.4983533, 0.2306672, 1
0.5464112, 0.5261007, 0.478118, 1
0.39595, 0.5464405, 0.3424831, 1
0.5692332, 0.5202041, 0.582113, 1
0.3831621, 0.5402958, 0.2982494, 1
0.49894, 0.5332773, 0.5419679, 1
0.5664392, 0.5275611, 0.636665, 1
0.2834997, 0.5196173, 0.2238678, 1
0.365033, 0.5351862, 0.2929745, 1
0.4464023, 0.5334952, 0.4646127, 1
0.4856835, 0.5331329, 0.5272179, 1
0.5442718, 0.5234079, 0.4871117, 1
0.4280328, 0.539564, 0.3876839, 1
0.6063363, 0.5478399, 0.6833538, 1
0.4300886, 0.541713, 0.3790152, 1
0.4801191, 0.5312213, 0.518132, 1
0.6779237, 0.5242203, 0.6476203, 1
0.309442, 0.5222594, 0.2208276, 1
0.6698458, 0.5104533, 0.7511693, 1
0.5518748, 0.5315652, 0.6328057, 1
0.2857749, 0.488865, 0.2040786, 1
0.6815845, 0.5243925, 0.7396184, 1
0.5382039, 0.5248309, 0.5731139, 1
0.615712, 0.5250864, 0.6235315, 1
0.4199986, 0.5331672, 0.4236608, 1
0.6450449, 0.5256166, 0.6366236, 1
0.3266295, 0.5016778, 0.2536831, 1
0.5761595, 0.5265799, 0.6348839, 1
0.2674883, 0.5198231, 0.1764651, 1
0.3701565, 0.5398937, 0.3190164, 1
0.6750427, 0.5376016, 0.7214154, 1
0.6447186, 0.5489458, 0.705194, 1
0.40737, 0.5408358, 0.3885795, 1
0.5697259, 0.5222848, 0.6265658, 1
0.6414376, 0.5050039, 0.6033362, 1
0.4152023, 0.5414721, 0.3793004, 1
0.2912397, 0.4778691, 0.198911, 1
0.6606547, 0.5216916, 0.7591039, 1
0.3700429, 0.5150886, 0.2379991, 1
0.5442388, 0.5250815, 0.4807704, 1
0.2725091, 0.5302902, 0.198332, 1
0.5701137, 0.5260763, 0.552843, 1
0.5520741, 0.5267913, 0.4785811, 1
0.4637087, 0.5397863, 0.3995441, 1
0.4037236, 0.5417006, 0.3644948, 1
0.4848006, 0.5316321, 0.5462943, 1
0.3728556, 0.538004, 0.3380295, 1
0.5052901, 0.5345794, 0.4227909, 1
0.4812649, 0.5392993, 0.4090426, 1
0.4529759, 0.5430909, 0.3781077, 1
0.4203679, 0.5432174, 0.3607802, 1
0.4513052, 0.5360211, 0.4375234, 1
0.258646, 0.4648335, 0.1943339, 1
0.6359705, 0.5044177, 0.5819311, 1
0.4631599, 0.5380446, 0.4267234, 1
0.5864707, 0.5107922, 0.5942446, 1
0.5497558, 0.5245574, 0.5752034, 1
0.3173566, 0.5174357, 0.2862575, 1
0.5467563, 0.5237364, 0.5327318, 1
0.3666456, 0.5359026, 0.3408299, 1
0.5716429, 0.5222558, 0.6272353, 1
0.4358053, 0.5461257, 0.3407785, 1
0.446557, 0.5435587, 0.377153, 1
0.3778885, 0.5397161, 0.298908, 1
0.516817, 0.5294417, 0.4396771, 1
0.4795213, 0.5306451, 0.5297145, 1
0.3460204, 0.5338449, 0.3319063, 1
0.2689012, 0.4902437, 0.2334183, 1
0.5217329, 0.5256411, 0.5786156, 1
0.654023, 0.5429428, 0.6694056, 1
0.4410866, 0.5435449, 0.3197232, 1
0.2825136, 0.5046067, 0.258093, 1
0.4467096, 0.5363178, 0.4331905, 1
0.5724564, 0.5411227, 0.6590152, 1
0.6067362, 0.5380348, 0.6963392, 1
0.4317844, 0.5342948, 0.4308776, 1
0.2408027, 0.5181037, 0.2065951, 1
0.4190632, 0.5407829, 0.3847156, 1
0.3097531, 0.5075355, 0.2080704, 1
0.675548, 0.5394485, 0.6831807, 1
0.4036834, 0.5378382, 0.2858998, 1
0.6196485, 0.5088751, 0.5764374, 1
0.5646298, 0.5376108, 0.6552698, 1
0.3946986, 0.5446688, 0.350877, 1
0.3994205, 0.5469398, 0.3292912, 1
0.5459523, 0.5246813, 0.5759527, 1
0.396226, 0.5444329, 0.3657018, 1
0.3429738, 0.50598, 0.2118857, 1
0.4198051, 0.5450372, 0.3374465, 1
0.5372763, 0.5260763, 0.4743358, 1
0.343649, 0.5100205, 0.2714845, 1
0.6856827, 0.5268515, 0.6521143, 1
0.4174323, 0.5334818, 0.4131527, 1
0.5295461, 0.5277699, 0.5478199, 1
0.4644732, 0.5467054, 0.3506556, 1
0.5895461, 0.5227913, 0.5267674, 1
0.572372, 0.5172973, 0.5134537, 1
0.5872731, 0.5409811, 0.6882631, 1
0.4652807, 0.5372868, 0.4564788, 1
0.4839805, 0.5332861, 0.465897, 1
0.3511837, 0.5259371, 0.2824495, 1
0.5586827, 0.5222793, 0.5688311, 1
0.4206318, 0.5442614, 0.3177302, 1
0.5387285, 0.5264854, 0.4738219, 1
0.6289499, 0.5448831, 0.6869484, 1
0.4365454, 0.5345513, 0.4240292, 1
0.3734614, 0.5416504, 0.3143665, 1
0.4446715, 0.5318273, 0.4807079, 1
0.2857462, 0.4962549, 0.2646738, 1
0.5525565, 0.5228453, 0.5853633, 1
0.5147735, 0.5260773, 0.450808, 1
0.5191641, 0.524316, 0.4812717, 1
0.3860246, 0.5444649, 0.3232858, 1
0.5554937, 0.5214054, 0.5284204, 1
0.4168326, 0.5410312, 0.3838195, 1
0.5912439, 0.5359937, 0.642182, 1
0.4911341, 0.5360491, 0.5540316, 1
0.4126627, 0.540722, 0.3827113, 1
0.5839429, 0.5270467, 0.5505309, 1
0.5270438, 0.5245957, 0.4797069, 1
0.271544, 0.5128012, 0.2318614, 1
0.4245344, 0.5332149, 0.4392143, 1
0.4201915, 0.5389506, 0.3888252, 1
0.3175796, 0.5190749, 0.2869786, 1
0.6477327, 0.5028208, 0.5919777, 1
0.6465316, 0.5473626, 0.676088, 1
0.3841379, 0.5440727, 0.3288343, 1
0.4156312, 0.5406701, 0.2918113, 1
0.2421928, 0.4831887, 0.1966577, 1
0.5531434, 0.5224304, 0.5862321, 1
0.6583249, 0.5322005, 0.7575808, 1
0.4987384, 0.5335144, 0.5375222, 1
0.2826305, 0.4977064, 0.2293947, 1
0.5019508, 0.5264691, 0.4603066, 1
0.4365257, 0.53516, 0.4375997, 1
0.6040118, 0.5170977, 0.5604289, 1
0.5798008, 0.5206031, 0.6244066, 1
0.3931974, 0.5410968, 0.3975785, 1
0.2660616, 0.5190106, 0.2274321, 1
0.4563468, 0.5345992, 0.4957507, 1
0.5100748, 0.5338504, 0.5549373, 1
0.5675651, 0.5353657, 0.6520537, 1
0.4877876, 0.5362832, 0.4402276, 1
0.5544273, 0.5247535, 0.5464716, 1
0.48447, 0.5300546, 0.5386099, 1
0.3250761, 0.5139802, 0.2816384, 1
0.3679441, 0.5155254, 0.2410991, 1
0.5685502, 0.5199172, 0.5833288, 1
0.2949871, 0.4977538, 0.2419473, 1
0.3313016, 0.502176, 0.2544135, 1
0.4568591, 0.5389091, 0.4086339, 1
0.459194, 0.5448065, 0.3663157, 1
0.678481, 0.5025745, 0.7423906, 1
0.4264947, 0.5335247, 0.4338381, 1
0.4659925, 0.5426283, 0.3840046, 1
0.6323447, 0.546929, 0.681294, 1
0.5751218, 0.5216465, 0.5730438, 1
0.5529647, 0.5306242, 0.6307224, 1
0.5909227, 0.5421944, 0.6896316, 1
0.6721659, 0.5433798, 0.7443728, 1
0.3162855, 0.5090324, 0.2833045, 1
0.4243288, 0.544876, 0.3538847, 1
0.3722757, 0.5397823, 0.3221774, 1
0.6339539, 0.5457504, 0.6698361, 1
0.5329673, 0.5266066, 0.5990498, 1
0.3089491, 0.5076232, 0.2371967, 1
0.373493, 0.5175222, 0.239461, 1
0.5933631, 0.54525, 0.6646475, 1
0.4912627, 0.5263426, 0.4872728, 1
0.6555231, 0.5459, 0.6809948, 1
0.4238664, 0.5447318, 0.3283218, 1
0.6606477, 0.5251681, 0.6418988, 1
0.5308841, 0.5242525, 0.4866916, 1
0.5502702, 0.5325402, 0.6400114, 1
0.6478312, 0.5034861, 0.6032386, 1
0.3754909, 0.5411661, 0.3438645, 1
0.4333396, 0.5411376, 0.3813715, 1
0.6732795, 0.533092, 0.6633257, 1
0.6368517, 0.5170445, 0.6185345, 1
0.5911492, 0.5256531, 0.5546016, 1
0.5733863, 0.5261598, 0.5598466, 1
0.5176404, 0.5252506, 0.4738825, 1
0.3808191, 0.5471999, 0.3689352, 1
0.6436834, 0.5502688, 0.7303324, 1
0.3190007, 0.5066, 0.2227486, 1
0.4782215, 0.539825, 0.4237648, 1
0.4201855, 0.5342633, 0.404469, 1
0.6174981, 0.5111791, 0.6032697, 1
0.5520081, 0.5210533, 0.5241567, 1
0.550945, 0.531027, 0.6294076, 1
0.3306208, 0.5109774, 0.2784699, 1
0.5231434, 0.5306792, 0.5592715, 1
0.2877422, 0.4879951, 0.214599, 1
0.592779, 0.5433941, 0.689545, 1
0.6067498, 0.531034, 0.6341384, 1
0.4029823, 0.5456285, 0.3447725, 1
0.5273346, 0.5253257, 0.4715603, 1
0.6261023, 0.5195072, 0.6165938, 1
0.4492598, 0.5370262, 0.4256775, 1
0.4447502, 0.5353132, 0.4408822, 1
0.5126805, 0.5253282, 0.4666377, 1
0.5368607, 0.5210659, 0.5062811, 1
0.4521272, 0.5449301, 0.3662434, 1
0.4900975, 0.5397033, 0.4128543, 1
0.6570422, 0.5465629, 0.7132631, 1
0.6442872, 0.5228772, 0.6324009, 1
0.3622942, 0.5351598, 0.3517438, 1
0.6996385, 0.5246795, 0.6754381, 1
0.6441872, 0.5499717, 0.6947891, 1
0.6620052, 0.5274872, 0.6464655, 1
0.5475125, 0.5223818, 0.5948248, 1
0.3987569, 0.5307201, 0.4131733, 1
0.3570385, 0.5161023, 0.2730784, 1
0.343616, 0.5080075, 0.2622089, 1
0.6565464, 0.4984654, 0.7550272, 1
0.438467, 0.5402692, 0.3938336, 1
0.6945233, 0.52983, 0.7004328, 1
0.5500099, 0.5322928, 0.6446508, 1
0.2863174, 0.4936523, 0.153334, 1
0.6689419, 0.5334042, 0.7452748, 1
0.5831941, 0.5117886, 0.5859226, 1
0.524066, 0.5293902, 0.5475983, 1
0.530274, 0.525873, 0.5699948, 1
0.3568973, 0.5350825, 0.3172245, 1
0.5679002, 0.5161867, 0.5905331, 1
0.5922225, 0.5250589, 0.5432616, 1
0.4356047, 0.5437045, 0.3671421, 1
0.3052116, 0.4969588, 0.2778386, 1
0.7180004, 0.517665, 0.7168546, 1
0.548762, 0.5236002, 0.5365216, 1
0.4742782, 0.5355204, 0.4713236, 1
0.4764448, 0.5409768, 0.4000322, 1
0.2860184, 0.4903538, 0.2185624, 1
0.2500664, 0.5044332, 0.2049278, 1
0.573643, 0.5262006, 0.5501186, 1
0.4241676, 0.5357088, 0.405735, 1
0.5256449, 0.524582, 0.4829185, 1
0.5820893, 0.5293063, 0.6340124, 1
0.3725913, 0.5191069, 0.2444898, 1
0.2888355, 0.5003321, 0.2170299, 1
0.423002, 0.5356917, 0.3983981, 1
0.3482904, 0.5293369, 0.286763, 1
0.3393916, 0.5061168, 0.2613732, 1
0.6362255, 0.5517808, 0.7293995, 1
0.3902519, 0.5461155, 0.3411078, 1
0.4889975, 0.5325666, 0.455915, 1
0.2779225, 0.475889, 0.1810098, 1
0.6888775, 0.5331559, 0.7213874, 1
0.4254166, 0.5447358, 0.3567929, 1
0.3912109, 0.5457785, 0.3175453, 1
0.7136365, 0.5272, 0.6974375, 1
0.4822462, 0.5419248, 0.3970291, 1
0.4396499, 0.5334776, 0.4625134, 1
0.3428256, 0.5044985, 0.2485488, 1
0.5160599, 0.5289158, 0.4415441, 1
0.4121582, 0.5416248, 0.3643704, 1
0.3418925, 0.5066244, 0.2584403, 1
0.298453, 0.5121394, 0.2424959, 1
0.5956657, 0.5223272, 0.5375, 1
0.6073499, 0.5446095, 0.6673186, 1
0.2429548, 0.4747799, 0.2072849, 1
0.3683524, 0.5334916, 0.2885317, 1
0.2497259, 0.4838161, 0.2255594, 1
0.4511533, 0.5357544, 0.4442081, 1
0.291375, 0.5074592, 0.2511666, 1
0.5264261, 0.5272823, 0.4463586, 1
0.5555673, 0.5207188, 0.5251619, 1
0.4371504, 0.5341911, 0.4424928, 1
0.5341527, 0.5283296, 0.5593113, 1
0.6879891, 0.5179857, 0.7383579, 1
0.5387028, 0.5271171, 0.4714528, 1
0.5820403, 0.5382552, 0.6503626, 1
0.5706506, 0.5182131, 0.5188209, 1
0.3380139, 0.5259508, 0.2848435, 1
0.3691756, 0.5386608, 0.357335, 1
0.5598317, 0.5339281, 0.664429, 1
0.3326332, 0.5228399, 0.2830099, 1
0.6790869, 0.5373544, 0.717632, 1
0.4688079, 0.5380983, 0.4378492, 1
0.7034842, 0.5210117, 0.6639526, 1
0.6166171, 0.5475181, 0.684426, 1
0.5586489, 0.5183775, 0.5013278, 1
0.4274722, 0.5339626, 0.421457, 1
0.6035294, 0.524636, 0.6198729, 1
0.3291346, 0.5023146, 0.2274777, 1
0.5887371, 0.5182201, 0.5716196, 1
0.3635163, 0.5404965, 0.3607994, 1
0.2703645, 0.4666652, 0.1681459, 1
0.5319687, 0.524111, 0.4871778, 1
0.5187007, 0.5316415, 0.5510523, 1
0.3841679, 0.5261563, 0.2503501, 1
0.2429933, 0.4880365, 0.2190616, 1
0.41053, 0.5433273, 0.3026521, 1
0.6301231, 0.5458519, 0.7094526, 1
0.2584045, 0.4899858, 0.2052178, 1
0.6861944, 0.5360892, 0.7140707, 1
0.2676619, 0.4826916, 0.215812, 1
0.6245757, 0.546159, 0.6831902, 1
0.56643, 0.5207813, 0.49781, 1
0.5658528, 0.5149664, 0.5950855, 1
0.3479685, 0.5057074, 0.2473552, 1
0.5452604, 0.5256467, 0.5594151, 1
0.2578703, 0.4796881, 0.2238454, 1
0.6987724, 0.5319932, 0.7086082, 1
0.50968, 0.5343547, 0.5530351, 1
0.4497348, 0.5393901, 0.4015515, 1
0.5572897, 0.517805, 0.5041461, 1
0.3772092, 0.5326002, 0.2843995, 1
0.469532, 0.5356762, 0.4825451, 1
0.5314854, 0.5261342, 0.5960311, 1
0.3009929, 0.504196, 0.1872203, 1
0.4300981, 0.5440866, 0.3188807, 1
0.275597, 0.5121895, 0.1742823, 1
0.4142633, 0.5412481, 0.3807631, 1
0.5540709, 0.5213579, 0.5266194, 1
0.2646733, 0.4628391, 0.1973898, 1
0.4384281, 0.5354223, 0.4327396, 1
0.389124, 0.5445361, 0.3106568, 1
0.5292589, 0.5253221, 0.5724286, 1
0.3751369, 0.5417183, 0.3173886, 1
0.5743599, 0.5266472, 0.5549716, 1
0.5552459, 0.5238442, 0.5418252, 1
0.5837689, 0.5447475, 0.6682861, 1
0.3627385, 0.5169907, 0.2635925, 1
0.5291566, 0.5266425, 0.5259036, 1
0.6549776, 0.5131327, 0.6256468, 1
0.3480272, 0.5133724, 0.274236, 1
0.6936014, 0.5301598, 0.7010722, 1
0.5675389, 0.5214194, 0.4981795, 1
0.3654738, 0.5380199, 0.3141929, 1
0.6407995, 0.5238334, 0.6304075, 1
0.6486028, 0.5340911, 0.6494337, 1
0.3661002, 0.5198381, 0.2747559, 1
0.6626073, 0.5457544, 0.7045636, 1
0.5390491, 0.5281687, 0.4690788, 1
0.3571457, 0.5078366, 0.2250577, 1
0.5722107, 0.5199219, 0.6241528, 1
0.613864, 0.5379152, 0.7047495, 1
0.4935067, 0.5391778, 0.4242135, 1
0.511565, 0.5289763, 0.5184148, 1
0.440278, 0.5385967, 0.4056777, 1
0.3786897, 0.5420133, 0.3362039, 1
0.395188, 0.5443562, 0.3646896, 1
0.4114976, 0.5437226, 0.3596466, 1
0.53363, 0.5320956, 0.6157169, 1
0.4826717, 0.5394709, 0.4095894, 1
0.5366796, 0.5274669, 0.5560435, 1
0.3817728, 0.5488213, 0.3811961, 1
0.5177717, 0.5280223, 0.443089, 1
0.3287195, 0.5029725, 0.2678156, 1
0.4033103, 0.5444374, 0.3087605, 1
0.6295748, 0.520474, 0.6195792, 1
0.5925629, 0.5295627, 0.6287838, 1
0.4181182, 0.5417234, 0.3782774, 1
0.5651995, 0.5219855, 0.5724996, 1
0.4676634, 0.5378007, 0.441915, 1
0.2808605, 0.5059478, 0.1781231, 1
0.5602578, 0.535808, 0.6575038, 1
0.2437913, 0.4981976, 0.2225789, 1
0.4536425, 0.5337321, 0.470493, 1
0.6383129, 0.5504305, 0.7209995, 1
0.5677618, 0.5140857, 0.599883, 1
0.372583, 0.523751, 0.2767534, 1
0.3042116, 0.4979659, 0.2436666, 1
0.6244418, 0.505815, 0.5891064, 1
0.2965109, 0.5103704, 0.2073187, 1
0.3894804, 0.5460722, 0.3336047, 1
0.4938206, 0.5323849, 0.4477096, 1
0.382702, 0.5448133, 0.3419757, 1
0.483669, 0.5477116, 0.3729417, 1
0.5773634, 0.515702, 0.6143514, 1
0.4312451, 0.5314167, 0.459278, 1
0.6309825, 0.527585, 0.6330175, 1
0.2894436, 0.4829236, 0.1734006, 1
0.6625629, 0.5439846, 0.6883159, 1
0.2584526, 0.5233789, 0.187669, 1
0.5603669, 0.5324861, 0.6511204, 1
0.2772799, 0.5106255, 0.2321908, 1
0.3978589, 0.5466527, 0.3407796, 1
0.5227292, 0.5290049, 0.5329922, 1
0.3851473, 0.5443475, 0.3290714, 1
0.3909023, 0.5324297, 0.27851, 1
0.3552674, 0.5352579, 0.2986423, 1
0.3123352, 0.4954762, 0.209518, 1
0.5997851, 0.5220503, 0.5462477, 1
0.4697189, 0.5343294, 0.4887194, 1
0.5852242, 0.5177684, 0.5745137, 1
0.4956101, 0.5408315, 0.3958835, 1
0.5418793, 0.5247424, 0.5909692, 1
0.6617344, 0.5375032, 0.6631403, 1
0.543707, 0.527734, 0.6142743, 1
0.6108407, 0.5306209, 0.6390113, 1
0.3995954, 0.544479, 0.3488053, 1
0.7076622, 0.5245128, 0.7206476, 1
0.5864269, 0.5256576, 0.5388817, 1
0.5786871, 0.5384044, 0.6522523, 1
0.3565247, 0.5266166, 0.2815288, 1
0.2332241, 0.4884759, 0.2041418, 1
0.5644397, 0.5229791, 0.565112, 1
0.5471874, 0.5193354, 0.5071266, 1
0.4174513, 0.5321622, 0.4420861, 1
0.3114592, 0.4985877, 0.2367963, 1
0.579651, 0.5411317, 0.6568194, 1
0.3750829, 0.5218889, 0.2501432, 1
0.5620141, 0.5222046, 0.5689305, 1
0.5876485, 0.5421904, 0.6552969, 1
0.4510484, 0.5346839, 0.4620368, 1
0.6694705, 0.5413977, 0.6833994, 1
0.5468862, 0.5227529, 0.4880101, 1
0.5544237, 0.5226691, 0.5685396, 1
0.5117374, 0.5365682, 0.4124194, 1
0.4568021, 0.5343751, 0.4798068, 1
0.2955525, 0.4955961, 0.2243608, 1
0.5014849, 0.5276283, 0.4982471, 1
0.3406895, 0.5041946, 0.2505161, 1
0.5622777, 0.5172819, 0.5920476, 1
0.5674199, 0.5237217, 0.5385708, 1
0.504372, 0.5256782, 0.4640183, 1
0.4097013, 0.5364746, 0.3945473, 1
0.4715495, 0.5311552, 0.5128273, 1
0.5551758, 0.5248007, 0.5463306, 1
0.6037911, 0.5188295, 0.6136383, 1
0.45896, 0.531467, 0.5099832, 1
0.6913637, 0.5234923, 0.7339789, 1
0.683352, 0.5359077, 0.6912694, 1
0.2850633, 0.4964199, 0.2623625, 1
0.4986944, 0.5304988, 0.4462082, 1
0.3846195, 0.5417428, 0.3008704, 1
0.4880359, 0.5270557, 0.4855682, 1
0.5120499, 0.5252321, 0.4657063, 1
0.4975895, 0.5328003, 0.5197122, 1
0.4847112, 0.5316137, 0.4716322, 1
0.3768584, 0.5232804, 0.2612271, 1
0.366826, 0.5389981, 0.3103592, 1
0.5487174, 0.5206076, 0.4969326, 1
0.4050827, 0.5432034, 0.3830083, 1
0.4327066, 0.5367699, 0.4145067, 1
0.5438071, 0.5260879, 0.559572, 1
0.5728205, 0.5255412, 0.5456087, 1
0.6135046, 0.5119053, 0.5768464, 1
0.5266442, 0.5258043, 0.5896288, 1
0.2733041, 0.5038183, 0.2110182, 1
0.2579121, 0.5001778, 0.2021641, 1
0.2634863, 0.5303627, 0.1862248, 1
0.5966987, 0.5237262, 0.5512488, 1
0.5883019, 0.5372744, 0.6456883, 1
0.4879946, 0.5301887, 0.5126023, 1
0.4093908, 0.5462871, 0.3278971, 1
0.4863451, 0.5336946, 0.4553886, 1
0.569234, 0.5207948, 0.5791407, 1
0.2483075, 0.5006748, 0.2159457, 1
0.3697061, 0.5398159, 0.3186131, 1
0.6181492, 0.5110835, 0.5727217, 1
0.3465223, 0.5117052, 0.2728687, 1
0.2949497, 0.4977879, 0.2394587, 1
0.3857174, 0.5431567, 0.3053364, 1
0.5577226, 0.5222347, 0.5706204, 1
0.4205251, 0.5397293, 0.3875889, 1
0.4222883, 0.5346778, 0.4082457, 1
0.6164003, 0.5330764, 0.6516001, 1
0.6962087, 0.5317241, 0.7051358, 1
0.3014347, 0.5010723, 0.1786334, 1
0.5057184, 0.5337277, 0.5561677, 1
0.3263232, 0.4976116, 0.2063807, 1
0.3969452, 0.541196, 0.2940309, 1
0.5671324, 0.5141538, 0.6025494, 1
0.3094455, 0.5050982, 0.2159258, 1
0.6184677, 0.5438518, 0.6640231, 1
0.6824869, 0.5353203, 0.682597, 1
0.5448956, 0.5244764, 0.5851225, 1
0.3763576, 0.5423007, 0.3094459, 1
0.4365779, 0.5330629, 0.4439885, 1
0.392617, 0.5452127, 0.3479315, 1
0.4681278, 0.5311954, 0.4962022, 1
0.3817727, 0.5259451, 0.2731189, 1
0.7104263, 0.5090738, 0.726293, 1
0.4505315, 0.535879, 0.4393713, 1
0.6850585, 0.5325927, 0.7299865, 1
0.4421485, 0.5440448, 0.3724487, 1
0.4085595, 0.5420351, 0.3799143, 1
0.3658887, 0.5184668, 0.2560663, 1
0.496621, 0.5333745, 0.4359896, 1
0.6839021, 0.5335884, 0.6749313, 1
0.3879569, 0.5286154, 0.2672362, 1
0.2941893, 0.4810866, 0.1869785, 1
0.4029342, 0.5416995, 0.294893, 1
0.3301311, 0.5021921, 0.2536938, 1
0.4041747, 0.5312369, 0.4146987, 1
0.4923044, 0.5286975, 0.5008743, 1
0.3715253, 0.535256, 0.2906134, 1
0.3928348, 0.5440216, 0.3545123, 1
0.4137863, 0.5337843, 0.4008701, 1
0.673074, 0.5388224, 0.7296253, 1
0.4740228, 0.5370068, 0.4525353, 1
0.4003264, 0.544031, 0.3865454, 1
0.4046521, 0.5312176, 0.409164, 1
0.3517225, 0.52078, 0.2786617, 1
0.6501135, 0.5082188, 0.6167983, 1
0.5666402, 0.523666, 0.5637044, 1
0.328652, 0.4961622, 0.1972434, 1
0.434671, 0.532239, 0.452437, 1
0.4913007, 0.5371151, 0.4315344, 1
0.6745052, 0.5379756, 0.7240344, 1
0.3843883, 0.5459272, 0.3900511, 1
0.3099864, 0.5146544, 0.2885016, 1
0.492616, 0.5418881, 0.3934348, 1
0.4127642, 0.5357993, 0.2814823, 1
0.3854678, 0.5401807, 0.2960507, 1
0.3283497, 0.5330148, 0.3015906, 1
0.4916939, 0.5331574, 0.4455927, 1
0.6266722, 0.5371023, 0.6558633, 1
0.5320811, 0.5295724, 0.6099977, 1
0.6136295, 0.5073601, 0.5879269, 1
0.503726, 0.533134, 0.53314, 1
0.5037872, 0.5277535, 0.5042223, 1
0.3106988, 0.4978129, 0.2204657, 1
0.6779595, 0.519013, 0.7440594, 1
0.3621375, 0.5350043, 0.3558666, 1
0.4402826, 0.541301, 0.387366, 1
0.478119, 0.5395437, 0.4191608, 1
0.5008331, 0.525027, 0.4809545, 1
0.6927702, 0.5283215, 0.6786698, 1
0.5107341, 0.5268767, 0.5101112, 1
0.3406121, 0.5339918, 0.322651, 1
0.5764431, 0.5160205, 0.6147885, 1
0.2875696, 0.496851, 0.2576, 1
0.5979057, 0.5220427, 0.6181132, 1
0.5234302, 0.5266479, 0.4590118, 1
0.5739444, 0.5162185, 0.6150529, 1
0.5775521, 0.52842, 0.6390227, 1
0.487983, 0.5439016, 0.3820358, 1
0.3850693, 0.5442443, 0.3138735, 1
0.446272, 0.5381319, 0.4098431, 1
0.6890872, 0.5330211, 0.7037589, 1
0.4849704, 0.5307417, 0.5346217, 1
0.3979904, 0.5275943, 0.2616939, 1
0.666232, 0.5019315, 0.6170821, 1
0.3923303, 0.5437104, 0.3608342, 1
0.5488198, 0.5248247, 0.560235, 1
0.4262133, 0.5388631, 0.3893976, 1
0.3325375, 0.5045922, 0.2674899, 1
0.5109704, 0.5304177, 0.4336843, 1
0.5457529, 0.5244162, 0.5828171, 1
0.2648579, 0.5254372, 0.2021083, 1
0.6257055, 0.5104736, 0.5714271, 1
0.6547021, 0.5448763, 0.6775923, 1
0.3321316, 0.52147, 0.1969449, 1
0.2727995, 0.471251, 0.2030268, 1
0.600098, 0.5085245, 0.5953307, 1
0.5471912, 0.5239388, 0.5392259, 1
0.4260885, 0.5338302, 0.4216835, 1
0.6966032, 0.5113634, 0.7325504, 1
0.6739203, 0.5223423, 0.6408663, 1
0.4765597, 0.5471997, 0.3722432, 1
0.3758604, 0.5415526, 0.3562582, 1
0.4933915, 0.5288191, 0.4636639, 1
0.4482814, 0.5370467, 0.4241316, 1
0.4822469, 0.5367798, 0.4447003, 1
0.5111983, 0.5252459, 0.4937402, 1
0.3965484, 0.5406703, 0.3969977, 1
0.4341338, 0.5457562, 0.3435884, 1
0.3626456, 0.517359, 0.2609234, 1
0.3775717, 0.543338, 0.3604215, 1
0.2986053, 0.5116225, 0.2064067, 1
0.6279364, 0.5212707, 0.620461, 1
0.3035263, 0.5196596, 0.2027786, 1
0.3720835, 0.5383041, 0.2994071, 1
0.2608343, 0.4975113, 0.233274, 1
0.2633677, 0.5000219, 0.2426486, 1
0.5995496, 0.508914, 0.5938987, 1
0.5561457, 0.5242381, 0.6170574, 1
0.5275396, 0.5274433, 0.5294113, 1
0.3833579, 0.5267406, 0.2597287, 1
0.5754065, 0.5384193, 0.6537172, 1
0.5477697, 0.5326697, 0.6315714, 1
0.5283184, 0.5280542, 0.5476475, 1
0.4136119, 0.539468, 0.2891141, 1
0.6621739, 0.5033974, 0.6175693, 1
0.3182169, 0.5147148, 0.2138827, 1
0.6222213, 0.5254316, 0.6282338, 1
0.5717478, 0.5386373, 0.6552204, 1
0.3911467, 0.5304896, 0.2727119, 1
0.3059475, 0.5027139, 0.1721768, 1
0.3982128, 0.5470433, 0.3252476, 1
0.2439001, 0.5148267, 0.2042536, 1
0.4025483, 0.5370419, 0.2830215, 1
0.3241702, 0.5207566, 0.1896311, 1
0.2800608, 0.503933, 0.2565502, 1
0.5756837, 0.5221986, 0.5713514, 1
0.5880618, 0.5257282, 0.5406637, 1
0.2545165, 0.5149118, 0.221417, 1
0.4472357, 0.5368785, 0.4215719, 1
0.4164802, 0.5423858, 0.3647647, 1
0.4448483, 0.5391796, 0.3980256, 1
0.6652479, 0.537271, 0.6686096, 1
0.4622054, 0.5369207, 0.4536466, 1
0.659741, 0.5460781, 0.6970046, 1
0.3040065, 0.5011775, 0.2646105, 1
0.3949222, 0.5462996, 0.3214897, 1
0.5280744, 0.5245685, 0.4789758, 1
0.3145922, 0.5054952, 0.2526909, 1
0.6804336, 0.5373146, 0.6859526, 1
0.6228644, 0.5228628, 0.6221751, 1
0.5007279, 0.531047, 0.4375641, 1
0.3148533, 0.4965641, 0.2112902, 1
0.4230767, 0.544684, 0.3259744, 1
0.5294802, 0.5242002, 0.4896265, 1
0.6736683, 0.5383731, 0.7252327, 1
0.6182063, 0.515412, 0.5647172, 1
0.3301098, 0.5331297, 0.3028482, 1
0.4900066, 0.5292865, 0.5026628, 1
0.6205605, 0.5287085, 0.642965, 1
0.4025207, 0.5421374, 0.364368, 1
0.6629323, 0.5398365, 0.6753797, 1
0.5441877, 0.5262122, 0.6110107, 1
0.3095464, 0.5039282, 0.2553534, 1
0.5964115, 0.5095692, 0.5956674, 1
0.4066179, 0.5428132, 0.3755123, 1
0.4044538, 0.5397075, 0.393947, 1
0.3722523, 0.5210106, 0.2647815, 1
0.46783, 0.5447579, 0.3773768, 1
0.5340024, 0.5279171, 0.5551508, 1
0.6944484, 0.5292938, 0.7261865, 1
0.6666292, 0.5321624, 0.6569774, 1
0.5230476, 0.5309082, 0.5573286, 1
0.5654613, 0.5342559, 0.6519759, 1
0.4259138, 0.5371034, 0.3948231, 1
0.3052759, 0.4975217, 0.2240569, 1
0.4082101, 0.5443502, 0.3093641, 1
0.6539603, 0.5426465, 0.6679347, 1
0.5102506, 0.5339442, 0.5535976, 1
0.3130571, 0.4990332, 0.2419575, 1
0.5546774, 0.5211179, 0.5262918, 1
0.5734491, 0.517485, 0.6190528, 1
0.5116506, 0.5250393, 0.4843988, 1
0.4327669, 0.5368786, 0.4067132, 1
0.5918533, 0.5258076, 0.546665, 1
0.3707695, 0.5107371, 0.22829, 1
0.5946847, 0.5108891, 0.6098015, 1
0.6378607, 0.5477316, 0.6876243, 1
0.6544489, 0.5029454, 0.6059157, 1
0.5108472, 0.532058, 0.5423256, 1
0.3402401, 0.5201759, 0.1983406, 1
0.4579762, 0.5348976, 0.4717006, 1
0.4605733, 0.5365244, 0.4569037, 1
0.3367724, 0.503755, 0.2251108, 1
0.465164, 0.5359237, 0.4756719, 1
0.4577951, 0.5353978, 0.485752, 1
0.2852895, 0.4769666, 0.1594999, 1
0.6409519, 0.5173284, 0.6231626, 1
0.4068933, 0.5394294, 0.392293, 1
0.5822849, 0.537042, 0.6482908, 1
0.6575732, 0.541817, 0.6709269, 1
0.3435009, 0.5144625, 0.2772273, 1
0.574168, 0.5266269, 0.5552461, 1
0.6151233, 0.5377337, 0.6999559, 1
0.3775264, 0.5231025, 0.2676783, 1
0.5715954, 0.5206193, 0.5023051, 1
0.5011857, 0.5323114, 0.5664439, 1
0.5912637, 0.5117339, 0.6118303, 1
0.3259459, 0.5213333, 0.2231909, 1
0.5887911, 0.5224592, 0.5648672, 1
0.6213551, 0.5218577, 0.6193556, 1
0.6765648, 0.5181451, 0.629531, 1
0.3057087, 0.4852083, 0.1927776, 1
0.3430917, 0.532373, 0.3067525, 1
0.3091692, 0.5085937, 0.2451381, 1
0.4823461, 0.5348746, 0.4604055, 1
0.4534086, 0.5375856, 0.4265617, 1
0.4732069, 0.5356652, 0.4761938, 1
0.3910907, 0.5289629, 0.263088, 1
0.4099464, 0.5348656, 0.3966744, 1
0.3135591, 0.511371, 0.2854443, 1
0.5700238, 0.520968, 0.5274033, 1
0.4957828, 0.5285328, 0.4996969, 1
0.3027913, 0.5251629, 0.1808681, 1
0.4951911, 0.5297656, 0.5073744, 1
0.4911448, 0.5321636, 0.538872, 1
0.5083351, 0.5247614, 0.4781981, 1
0.4769343, 0.5293126, 0.5028189, 1
0.3724888, 0.5377103, 0.3347906, 1
0.6724682, 0.5237643, 0.6431848, 1
0.4164178, 0.5424762, 0.3660702, 1
0.5499591, 0.5248645, 0.5509339, 1
0.5693868, 0.5223624, 0.5710879, 1
0.5297559, 0.5249256, 0.5753587, 1
0.613938, 0.5426483, 0.6634745, 1
0.4151257, 0.5455034, 0.3323588, 1
0.3364923, 0.5239997, 0.2835361, 1
0.6946807, 0.5328443, 0.7072521, 1
0.4112848, 0.5426071, 0.3628927, 1
0.5331931, 0.5273182, 0.6047489, 1
0.5225331, 0.5291822, 0.5369901, 1
0.4783682, 0.5427181, 0.3922849, 1
0.5528623, 0.5311911, 0.6330664, 1
0.2671048, 0.4979396, 0.2069509, 1
0.3159026, 0.5243568, 0.2913925, 1
0.362262, 0.5215917, 0.2777647, 1
0.6807256, 0.5226255, 0.6449811, 1
0.4015431, 0.5292057, 0.2675105, 1
0.5331149, 0.5279882, 0.5548936, 1
0.4662902, 0.5445316, 0.3776037, 1
0.5196818, 0.5260139, 0.5138093, 1
0.2756259, 0.4954746, 0.2433784, 1
0.3126142, 0.5249697, 0.2934731, 1
0.4858896, 0.5297272, 0.5024277, 1
0.507471, 0.5295383, 0.5747091, 1
0.3966027, 0.5451968, 0.3862567, 1
0.3806709, 0.5439883, 0.3510742, 1
0.5996165, 0.5146378, 0.6129563, 1
0.3951281, 0.5454434, 0.3464968, 1
0.2770195, 0.4674632, 0.1857674, 1
0.4631179, 0.5303006, 0.5016868, 1
0.2906656, 0.4992402, 0.1573221, 1
0.65321, 0.5491575, 0.6911476, 1
0.4943078, 0.5344558, 0.5287547, 1
0.528734, 0.5291743, 0.5576338, 1
0.5721617, 0.5263212, 0.5552361, 1
0.5316986, 0.5260174, 0.4706668, 1
0.5888648, 0.5445224, 0.6632632, 1
0.3747635, 0.5419886, 0.3592753, 1
0.4016392, 0.5464806, 0.3399914, 1
0.6680107, 0.5400826, 0.7319483, 1
0.334497, 0.505116, 0.2667081, 1
0.457243, 0.5448505, 0.3649577, 1
0.5427631, 0.5244653, 0.5819914, 1
0.2669138, 0.5009072, 0.1735537, 1
0.5426793, 0.5260623, 0.55632, 1
0.3624784, 0.5112939, 0.2381091, 1
0.4828165, 0.5377164, 0.4381129, 1
0.6841601, 0.4933967, 0.7367141, 1
0.5513471, 0.5232124, 0.6083121, 1
0.6660511, 0.5265049, 0.7535588, 1
0.3992177, 0.5469468, 0.3302299, 1
0.6809157, 0.5334713, 0.7333392, 1
0.4345811, 0.5325633, 0.4486712, 1
0.2715122, 0.5172201, 0.2327253, 1
0.4127504, 0.5442713, 0.349682, 1
0.6587705, 0.542636, 0.7464432, 1
0.2883719, 0.4898552, 0.1675933, 1
0.5249847, 0.5269549, 0.4524538, 1
0.6153098, 0.5147371, 0.6073954, 1
0.3831434, 0.5262576, 0.2717957, 1
0.4167252, 0.5451097, 0.3491854, 1
0.6276618, 0.5076795, 0.5991017, 1
0.5019846, 0.5329993, 0.5416849, 1
0.4888005, 0.5297545, 0.5033716, 1
0.3193886, 0.5180331, 0.2854837, 1
0.6278964, 0.5435517, 0.6638246, 1
0.5898715, 0.5204666, 0.5683099, 1
0.3759242, 0.5271431, 0.2792445, 1
0.6053878, 0.5460653, 0.6729033, 1
0.4599491, 0.5349818, 0.4711111, 1
0.6640777, 0.5244679, 0.6411498, 1
0.3287241, 0.5334811, 0.3115861, 1
0.6841438, 0.5351472, 0.6851667, 1
0.4835001, 0.5367317, 0.4416079, 1
0.4973617, 0.5315563, 0.4446947, 1
0.2807797, 0.4861287, 0.1552934, 1
0.6269721, 0.5161098, 0.5656544, 1
0.5104786, 0.5323486, 0.5322318, 1
0.4051401, 0.5439997, 0.3517278, 1
0.3851541, 0.5266176, 0.2515617, 1
0.5050216, 0.5302528, 0.5173124, 1
0.5028447, 0.5312924, 0.4319787, 1
0.5325202, 0.5257832, 0.4730929, 1
0.2932993, 0.4876254, 0.2094922, 1
0.380413, 0.5370113, 0.2901912, 1
0.5793432, 0.5115251, 0.5910093, 1
0.3280618, 0.5021273, 0.2279026, 1
0.6084582, 0.5252957, 0.6219005, 1
0.511028, 0.5251333, 0.4860372, 1
0.3996243, 0.5383207, 0.3991735, 1
0.4325202, 0.5444139, 0.3207562, 1
0.4591795, 0.5371906, 0.4439586, 1
0.5045261, 0.531668, 0.5204998, 1
0.3510018, 0.514475, 0.2737873, 1
0.4985884, 0.5294931, 0.5074027, 1
0.4973903, 0.5357226, 0.4283432, 1
0.5365372, 0.5244872, 0.4856916, 1
0.3177642, 0.5197807, 0.2872727, 1
0.4752475, 0.5349258, 0.4801528, 1
0.5614755, 0.5170899, 0.5101793, 1
0.425391, 0.5348153, 0.4181308, 1
0.3798131, 0.5244057, 0.2505418, 1
0.3898948, 0.527031, 0.2542649, 1
0.4175371, 0.541652, 0.3786984, 1
0.7002527, 0.5246893, 0.6685972, 1
0.3138374, 0.5135785, 0.1906869, 1
0.3987056, 0.5466341, 0.3204403, 1
0.5098064, 0.5362632, 0.4169905, 1
0.6388054, 0.5473533, 0.694023, 1
0.5472935, 0.5273873, 0.4755335, 1
0.5876839, 0.545055, 0.6809025, 1
0.6170157, 0.5142413, 0.6071116, 1
0.6955816, 0.5287582, 0.6984697, 1
0.6635181, 0.5191606, 0.7576879, 1
0.6666008, 0.5413194, 0.6817754, 1
0.4600066, 0.5357097, 0.4843664, 1
0.5044708, 0.5253313, 0.4871319, 1
0.4308906, 0.5359951, 0.4155567, 1
0.6268525, 0.5138079, 0.6091766, 1
0.5378275, 0.525741, 0.5334808, 1
0.6080505, 0.5463538, 0.6751022, 1
0.4684629, 0.5366672, 0.4592435, 1
0.3194816, 0.5021319, 0.2754209, 1
0.5557319, 0.5333835, 0.6596138, 1
0.6122872, 0.5341866, 0.6530485, 1
0.3042869, 0.5135545, 0.2117881, 1
0.5133149, 0.5291746, 0.4411586, 1
0.4247675, 0.5447079, 0.3288288, 1
0.5514948, 0.5188937, 0.5048965, 1
0.4670686, 0.5304286, 0.5055416, 1
0.6099409, 0.5417068, 0.6625636, 1
0.5481386, 0.5329708, 0.6378644, 1
0.5453292, 0.5199335, 0.5138633, 1
0.6520771, 0.5478946, 0.711354, 1
0.3378022, 0.5219424, 0.2085715, 1
0.2978012, 0.4959407, 0.1701846, 1
0.6230224, 0.5144989, 0.6084964, 1
0.4026051, 0.5469837, 0.3275411, 1
0.4177708, 0.5334413, 0.4181855, 1
0.6500418, 0.5492374, 0.6866657, 1
0.4406831, 0.5380478, 0.4044779, 1
0.3508986, 0.5093603, 0.2542072, 1
0.5366757, 0.5217212, 0.5143445, 1
0.3864954, 0.5455921, 0.3640898, 1
0.3884432, 0.5424479, 0.30246, 1
0.2753732, 0.4987518, 0.2283587, 1
0.5387687, 0.5252278, 0.5318617, 1
0.2905158, 0.4817582, 0.1609204, 1
0.6166905, 0.5173284, 0.611084, 1
0.371248, 0.5207192, 0.263025, 1
0.5556424, 0.5224717, 0.5329655, 1
0.4634232, 0.5419298, 0.3847316, 1
0.5513272, 0.5194893, 0.5014986, 1
0.5489516, 0.5192432, 0.5071985, 1
0.5489978, 0.5250347, 0.5470394, 1
0.4022975, 0.5463322, 0.3203444, 1
0.3434641, 0.5317166, 0.2931584, 1
0.4106303, 0.5409893, 0.3806693, 1
0.5679194, 0.5171779, 0.6153194, 1
0.420841, 0.5422994, 0.2986512, 1
0.2944828, 0.4958451, 0.2856718, 1
0.4011995, 0.5449961, 0.3779183, 1
0.5812744, 0.5113452, 0.5906942, 1
0.4136552, 0.5322052, 0.4090154, 1
0.4664778, 0.5411202, 0.3900805, 1
0.6453694, 0.5131464, 0.6210303, 1
0.2405304, 0.4709078, 0.196858, 1
0.5423445, 0.5244324, 0.5343516, 1
0.5263357, 0.5238554, 0.497948, 1
0.3549524, 0.5164613, 0.2745589, 1
0.3207766, 0.499082, 0.2655177, 1
0.5302784, 0.5307543, 0.6099828, 1
0.5039714, 0.5280738, 0.506866, 1
0.5988473, 0.5162973, 0.5654206, 1
0.5087594, 0.5316032, 0.5239884, 1
0.5185028, 0.5299466, 0.5310042, 1
0.502655, 0.5326374, 0.5226974, 1
0.5438257, 0.5265899, 0.4767204, 1
0.3242486, 0.5006766, 0.2663416, 1
0.4748763, 0.5475508, 0.3593228, 1
0.4907394, 0.5323372, 0.4535362, 1
0.3443379, 0.5331043, 0.3123941, 1
0.3830428, 0.526286, 0.2631054, 1
0.4017563, 0.5391741, 0.2898947, 1
0.6250234, 0.5172449, 0.5625237, 1
0.5334718, 0.5263745, 0.5407675, 1
0.5775116, 0.5207556, 0.6251017, 1
0.4128838, 0.545655, 0.3291031, 1
0.4266195, 0.5441502, 0.3636899, 1
0.3834801, 0.5458871, 0.3902771, 1
0.5692671, 0.5233358, 0.6276563, 1
0.402523, 0.5313508, 0.4103581, 1
0.3165869, 0.5032201, 0.2788974, 1
0.6999257, 0.5221179, 0.6584668, 1
0.2657902, 0.4976845, 0.1802261, 1
0.5968151, 0.5196149, 0.5608892, 1
0.2813278, 0.5097433, 0.2374381, 1
0.6610521, 0.5444003, 0.7156271, 1
0.3888768, 0.5436461, 0.393528, 1
0.687961, 0.5228171, 0.7366398, 1
0.4782881, 0.5411649, 0.3997784, 1
0.3220669, 0.5116968, 0.2818345, 1
0.6871837, 0.5300157, 0.6608728, 1
0.6706242, 0.5196252, 0.750982, 1
0.3834811, 0.5269566, 0.2727324, 1
0.4107489, 0.5404246, 0.3840959, 1
0.4063767, 0.5444483, 0.3093171, 1
0.3066251, 0.499656, 0.1960012, 1
0.4597754, 0.5369256, 0.4538832, 1
0.3800047, 0.5314451, 0.281991, 1
0.5038624, 0.5318989, 0.5665053, 1
0.4604125, 0.5389885, 0.4153718, 1
0.4618405, 0.5358583, 0.4880368, 1
0.560607, 0.5188682, 0.5219206, 1
0.2553209, 0.5270815, 0.2002527, 1
0.6356086, 0.5401116, 0.6612788, 1
0.4558042, 0.5425473, 0.3829516, 1
0.6823267, 0.5324582, 0.6669598, 1
0.4574904, 0.538633, 0.4160729, 1
0.4434544, 0.5459705, 0.3388433, 1
0.6900223, 0.5297231, 0.6632317, 1
0.4731513, 0.5294442, 0.5044048, 1
0.4131205, 0.5419418, 0.3717764, 1
0.4674521, 0.5431533, 0.382082, 1
0.4384386, 0.5370422, 0.4126185, 1
0.5887141, 0.5125646, 0.5809619, 1
0.4254214, 0.5447593, 0.3392902, 1
0.4189541, 0.544797, 0.3475824, 1
0.5894024, 0.5137716, 0.5765426, 1
0.4880528, 0.5301884, 0.5126814, 1
0.5363359, 0.5244907, 0.5757326, 1
0.2921057, 0.5006856, 0.2195302, 1
0.7134525, 0.5231114, 0.7111786, 1
0.3953655, 0.5319778, 0.4125792, 1
0.4668623, 0.5374126, 0.4460732, 1
0.3563281, 0.5336455, 0.3514543, 1
0.6208834, 0.5408486, 0.6953493, 1
0.5884004, 0.5410984, 0.6525582, 1
0.4106134, 0.5321817, 0.42225, 1
0.318271, 0.5244676, 0.2195275, 1
0.36996, 0.5202988, 0.2551783, 1
0.4060928, 0.5439731, 0.306936, 1
0.3957823, 0.5371981, 0.286286, 1
0.7100187, 0.5263572, 0.7044722, 1
0.6902173, 0.5362098, 0.7231308, 1
0.5151457, 0.5254402, 0.4995009, 1
0.457976, 0.5353407, 0.4680389, 1
0.5510245, 0.5244022, 0.5646837, 1
0.478875, 0.5361648, 0.455585, 1
0.3723266, 0.5412005, 0.3142837, 1
0.4708271, 0.5441386, 0.3796207, 1
0.5230182, 0.5263368, 0.5191177, 1
0.4315563, 0.5314818, 0.4592443, 1
0.3113493, 0.4986209, 0.2281196, 1
0.4696016, 0.5384833, 0.4269266, 1
0.4936971, 0.5305651, 0.5111096, 1
0.3579752, 0.5114545, 0.248669, 1
0.3942955, 0.5439311, 0.391241, 1
0.4190242, 0.5321848, 0.4433212, 1
0.3717489, 0.5444872, 0.3659965, 1
0.3807801, 0.5435668, 0.3108496, 1
0.3419225, 0.5135991, 0.1980835, 1
0.6114479, 0.5478441, 0.6863121, 1
0.6515023, 0.5244451, 0.638834, 1
0.3617431, 0.5244434, 0.2793638, 1
0.3374388, 0.5047753, 0.2166338, 1
0.6563219, 0.503359, 0.6117214, 1
0.5850995, 0.5247186, 0.5637475, 1
0.5586051, 0.5230745, 0.5607007, 1
0.5448604, 0.5252562, 0.5490514, 1
0.6445772, 0.5080552, 0.6129392, 1
0.417299, 0.5336881, 0.4155556, 1
0.4002267, 0.5451643, 0.3811341, 1
0.3066045, 0.5218909, 0.2074818, 1
0.4729013, 0.538568, 0.4360559, 1
0.6139697, 0.5477048, 0.6827823, 1
0.4882501, 0.5352132, 0.4434136, 1
0.3509858, 0.5345111, 0.3069497, 1
0.6675637, 0.5384509, 0.7414505, 1
0.652567, 0.5436811, 0.7282926, 1
0.3032889, 0.4974689, 0.2564962, 1
0.6540735, 0.515788, 0.6286281, 1
0.4746454, 0.5362696, 0.466198, 1
0.5365126, 0.5274613, 0.5556543, 1
0.5433063, 0.5262123, 0.5582505, 1
0.4185879, 0.5454916, 0.3327986, 1
0.5993163, 0.5224859, 0.5503078, 1
0.5519041, 0.5228729, 0.5347261, 1
0.3896426, 0.5270591, 0.2521944, 1
0.3456344, 0.509353, 0.2631164, 1
0.5159977, 0.5254793, 0.5052767, 1
0.5618528, 0.5289388, 0.6393949, 1
0.518344, 0.5248328, 0.4884301, 1
0.3746622, 0.5395902, 0.3311201, 1
0.344267, 0.5127904, 0.1957649, 1
0.6647032, 0.5112529, 0.75504, 1
0.5192907, 0.5249516, 0.5007094, 1
0.3075234, 0.4976278, 0.1712828, 1
0.6791186, 0.5388342, 0.7126395, 1
0.4962144, 0.5328482, 0.5454211, 1
0.5698788, 0.5240605, 0.5647607, 1
0.6655356, 0.5438704, 0.7122236, 1
0.6406336, 0.5203761, 0.6262979, 1
0.5969779, 0.5462461, 0.6702704, 1
0.531803, 0.5237498, 0.5154201, 1
0.2548153, 0.4915263, 0.2212228, 1
0.4120627, 0.5446041, 0.3481929, 1
0.4903054, 0.5320072, 0.5385437, 1
0.4711933, 0.5435662, 0.3814564, 1
0.5602868, 0.5205606, 0.6152671, 1
0.6575747, 0.5073893, 0.7557757, 1
0.3688663, 0.5206887, 0.2748608, 1
0.3993773, 0.54496, 0.371249, 1
0.6028314, 0.5351564, 0.6455812, 1
0.5192327, 0.5315147, 0.5547074, 1
0.5120913, 0.5285941, 0.5174786, 1
0.4445193, 0.5451748, 0.3665261, 1
0.286479, 0.5212444, 0.2243164, 1
0.3961027, 0.5428056, 0.2995643, 1
0.6772757, 0.5371174, 0.7252778, 1
0.5812041, 0.5236406, 0.5296425, 1
0.4716944, 0.5324959, 0.5178861, 1
0.5339367, 0.526352, 0.5675767, 1
0.4491082, 0.5466843, 0.3526899, 1
0.436823, 0.5465243, 0.3498119, 1
0.3461216, 0.5055728, 0.2382843, 1
0.3584378, 0.5365072, 0.3026502, 1
0.5481045, 0.5294587, 0.4716057, 1
0.6003863, 0.5197794, 0.6158392, 1
0.3754529, 0.5222002, 0.2704112, 1
0.3167749, 0.5117673, 0.2844526, 1
0.3427138, 0.5328245, 0.3137079, 1
0.4936488, 0.5341998, 0.5250267, 1
0.565152, 0.5229555, 0.5360764, 1
0.2939253, 0.488548, 0.1735236, 1
0.3559524, 0.507602, 0.2182384, 1
0.348694, 0.5098881, 0.2590916, 1
0.6636741, 0.536523, 0.6632356, 1
0.5622689, 0.517219, 0.5126001, 1
0.2799964, 0.5187725, 0.226543, 1
0.4152019, 0.5424637, 0.3683134, 1
0.2711026, 0.4677831, 0.2032255, 1
0.5783328, 0.5297148, 0.6406236, 1
0.3329369, 0.5315321, 0.3211874, 1
0.2757138, 0.504868, 0.1631742, 1
0.4070139, 0.540695, 0.3657315, 1
0.5449171, 0.5221951, 0.4917576, 1
0.4455847, 0.535051, 0.452801, 1
0.5975664, 0.5463572, 0.6720614, 1
0.6185499, 0.5126604, 0.6055059, 1
0.5018905, 0.5263255, 0.4920233, 1
0.3587837, 0.535778, 0.3454889, 1
0.5278203, 0.5303845, 0.6057146, 1
0.6628359, 0.5078799, 0.7542286, 1
0.4247448, 0.5420287, 0.3801952, 1
0.6792645, 0.5153707, 0.7445664, 1
0.35773, 0.5106463, 0.2456735, 1
0.4470207, 0.5368186, 0.4194247, 1
0.5232628, 0.5266345, 0.446716, 1
0.4124072, 0.5422724, 0.3628902, 1
0.3563812, 0.5340297, 0.3337556, 1
0.4448621, 0.5464212, 0.3575597, 1
0.5425147, 0.5244694, 0.580804, 1
0.3371375, 0.5040318, 0.2563192, 1
0.5828961, 0.5114237, 0.588603, 1
0.6639574, 0.5441232, 0.7129994, 1
0.5553754, 0.5227144, 0.5636836, 1
0.5162422, 0.530948, 0.5323258, 1
0.2637728, 0.4989886, 0.2485355, 1
0.4201529, 0.5339023, 0.4086491, 1
0.5216945, 0.5272052, 0.523454, 1
0.503327, 0.5268797, 0.4553503, 1
0.6663309, 0.544562, 0.7041964, 1
0.6942916, 0.5310181, 0.7220418, 1
0.5277363, 0.5246118, 0.5131921, 1
0.6764459, 0.5373073, 0.7297588, 1
0.6824466, 0.5351024, 0.7212754, 1
0.3361924, 0.5164988, 0.2131215, 1
0.2659629, 0.46168, 0.1759953, 1
0.3423274, 0.50542, 0.2051601, 1
0.4007507, 0.5446386, 0.3834384, 1
0.3497929, 0.5173337, 0.2774774, 1
0.6133842, 0.507143, 0.5889021, 1
0.4864606, 0.5273739, 0.4833758, 1
0.3118612, 0.5051041, 0.2832693, 1
0.6676978, 0.5343821, 0.6622835, 1
0.3844144, 0.5427646, 0.3038847, 1
0.444876, 0.5419099, 0.3887086, 1
0.5755696, 0.5218001, 0.6267105, 1
0.6044638, 0.5415847, 0.6597396, 1
0.4562831, 0.5400729, 0.3927585, 1
0.4676864, 0.5395005, 0.4104342, 1
0.501202, 0.5256778, 0.4646741, 1
0.6062933, 0.527365, 0.6249561, 1
0.571892, 0.5266712, 0.6345262, 1
0.6957794, 0.5264137, 0.6741943, 1
0.5509818, 0.5198094, 0.5199112, 1
0.2792326, 0.5193235, 0.2276585, 1
0.3715617, 0.5202542, 0.267213, 1
0.3372153, 0.5210981, 0.2198231, 1
0.6668006, 0.5401859, 0.7314091, 1
0.6659262, 0.5376312, 0.6704534, 1
0.2851792, 0.5224743, 0.2159776, 1
0.659613, 0.5447243, 0.6864005, 1
0.3586157, 0.5358709, 0.3083041, 1
0.3846094, 0.530609, 0.2794693, 1
0.3993352, 0.5441853, 0.3048859, 1
0.6143913, 0.5132648, 0.6055557, 1
0.5470326, 0.5193416, 0.5063274, 1
0.4121735, 0.5452971, 0.3405986, 1
0.6567731, 0.5153142, 0.6284527, 1
0.391729, 0.5452492, 0.3125911, 1
0.4657574, 0.5373575, 0.4472243, 1
0.3152428, 0.5054702, 0.2294605, 1
0.4819169, 0.5314986, 0.5193371, 1
0.6153457, 0.5079763, 0.5982249, 1
0.2809664, 0.520673, 0.1988384, 1
0.392833, 0.5365062, 0.2863231, 1
0.6692176, 0.5254063, 0.750273, 1
0.4725603, 0.5426174, 0.3865148, 1
0.6065857, 0.5141024, 0.5723246, 1
0.586013, 0.5453611, 0.6725889, 1
0.4534979, 0.5364377, 0.4354343, 1
0.4298025, 0.5449014, 0.330833, 1
0.5449414, 0.5240295, 0.5916056, 1
0.5396032, 0.5302205, 0.4543371, 1
0.5706939, 0.5129679, 0.5986942, 1
0.3697743, 0.5369471, 0.3301197, 1
0.5010682, 0.5283702, 0.452533, 1
0.5891379, 0.5424852, 0.6558933, 1
0.4168043, 0.5453624, 0.329796, 1
0.4342688, 0.532247, 0.4617868, 1
0.3235368, 0.5242482, 0.195826, 1
0.5764933, 0.543466, 0.6654462, 1
0.2774964, 0.5171676, 0.1889652, 1
0.6158076, 0.5095055, 0.5798531, 1
0.5177664, 0.5314204, 0.5909733, 1
0.2622819, 0.5033463, 0.1783198, 1
0.2678402, 0.4628073, 0.1830499, 1
0.3729773, 0.5380512, 0.3380476, 1
0.6063827, 0.5212935, 0.6157001, 1
0.6088698, 0.5393245, 0.658885, 1
0.4979415, 0.5315659, 0.4415132, 1
0.6724144, 0.5239861, 0.6436665, 1
0.4915574, 0.525746, 0.4788117, 1
0.5866733, 0.5377224, 0.6472035, 1
0.3329868, 0.510151, 0.2099133, 1
0.4934999, 0.5399203, 0.4094346, 1
0.4597482, 0.5311378, 0.5019055, 1
0.4010059, 0.5423436, 0.3632581, 1
0.5449812, 0.5272527, 0.4751535, 1
0.6264806, 0.5468287, 0.6798856, 1
0.5808265, 0.5259586, 0.5618188, 1
0.3309729, 0.5025553, 0.234195, 1
0.6179153, 0.5468664, 0.6759869, 1
0.3771363, 0.542853, 0.3119375, 1
0.5832958, 0.5311293, 0.6369327, 1
0.592003, 0.5163395, 0.5708494, 1
0.7042816, 0.5239467, 0.724751, 1
0.5350841, 0.528078, 0.5597211, 1
0.2910355, 0.5042899, 0.2641258, 1
0.7006397, 0.5130185, 0.7308655, 1
0.3180116, 0.510965, 0.2210147, 1
0.4770548, 0.5395739, 0.4219899, 1
0.4812199, 0.5401359, 0.4250042, 1
0.3896676, 0.5457315, 0.3286054, 1
0.287584, 0.4971982, 0.2480902, 1
0.3873166, 0.5322582, 0.2806125, 1
0.2931173, 0.4730423, 0.1831848, 1
0.4268588, 0.541445, 0.3813061, 1
0.3627295, 0.5365, 0.2975404, 1
0.4753734, 0.5394491, 0.4057904, 1
0.4713123, 0.5421963, 0.3895586, 1
0.4979702, 0.5336185, 0.5346152, 1
0.591957, 0.5361069, 0.6948405, 1
0.3639972, 0.5366866, 0.321984, 1
0.4055692, 0.5413587, 0.3893533, 1
0.4856854, 0.5407152, 0.4007715, 1
0.3106753, 0.4976576, 0.1929282, 1
0.6776546, 0.5274193, 0.7407415, 1
0.5902843, 0.5250771, 0.6235428, 1
0.5392196, 0.5214553, 0.5160716, 1
0.291714, 0.4965546, 0.231655, 1
0.6306621, 0.5440224, 0.6980843, 1
0.5798373, 0.5260671, 0.5613244, 1
0.5868838, 0.5320812, 0.6358386, 1
0.5419754, 0.5262661, 0.554184, 1
0.5501363, 0.5309393, 0.6280373, 1
0.6790109, 0.5325155, 0.6650161, 1
0.6358492, 0.5461177, 0.7066386, 1
0.4365811, 0.544923, 0.3310843, 1
0.2951818, 0.5019063, 0.1939981, 1
0.3643151, 0.535593, 0.2939782, 1
0.6679952, 0.532525, 0.7467886, 1
0.5909371, 0.5162278, 0.6178195, 1
0.2962794, 0.5119244, 0.2247729, 1
0.4546255, 0.5396712, 0.3978656, 1
0.4271769, 0.5369213, 0.4035206, 1
0.4705528, 0.5364529, 0.4672501, 1
0.399163, 0.5440032, 0.3529411, 1
0.3485369, 0.5073925, 0.2018035, 1
0.4863669, 0.5281287, 0.4802209, 1
0.5802234, 0.5418396, 0.6779006, 1
0.3518424, 0.5066738, 0.2266992, 1
0.6358106, 0.5430145, 0.665148, 1
0.5941101, 0.5195472, 0.6186742, 1
0.4425659, 0.5412387, 0.3878276, 1
0.5024822, 0.5250809, 0.4833775, 1
0.6422709, 0.5387204, 0.6587739, 1
0.4355619, 0.5327396, 0.4472526, 1
0.5932913, 0.5291644, 0.6279501, 1
0.6792961, 0.5209659, 0.7423249, 1
0.3511253, 0.5063467, 0.2438869, 1
0.6900482, 0.5183004, 0.7369231, 1
0.6550922, 0.548499, 0.6938598, 1
0.6724361, 0.5423584, 0.7060952, 1
0.4599973, 0.5303908, 0.5038067, 1
0.3911421, 0.5439035, 0.3532565, 1
0.5145652, 0.5260332, 0.4516148, 1
0.4527577, 0.5361245, 0.4454866, 1
0.4191245, 0.5329329, 0.4300022, 1
0.3277453, 0.5337514, 0.3049, 1
0.5928583, 0.5154436, 0.6164908, 1
0.3633391, 0.5329621, 0.2874373, 1
0.6117036, 0.513788, 0.5696454, 1
0.4141272, 0.5325571, 0.4372315, 1
0.6025865, 0.5466139, 0.6862915, 1
0.4098264, 0.5441917, 0.309187, 1
0.5017231, 0.5387569, 0.3993905, 1
0.4763557, 0.5300078, 0.5088534, 1
0.367487, 0.5262255, 0.2808948, 1
0.3088993, 0.5200554, 0.2067854, 1
0.6279508, 0.5376444, 0.6564249, 1
0.6319435, 0.5418223, 0.6628405, 1
0.640633, 0.5486699, 0.6997666, 1
0.3416561, 0.5325351, 0.3036135, 1
0.5342187, 0.5263035, 0.5980856, 1
0.5177558, 0.5277474, 0.5204026, 1
0.545695, 0.5223684, 0.4899752, 1
0.4889269, 0.5397385, 0.4097619, 1
0.5502241, 0.5244043, 0.5710157, 1
0.5107254, 0.5250763, 0.475273, 1
0.3841772, 0.5403666, 0.2973705, 1
0.4561321, 0.5426461, 0.3812031, 1
0.3962615, 0.5414052, 0.2954257, 1
0.6276138, 0.535472, 0.652766, 1
0.3576481, 0.5339547, 0.2920847, 1
0.3936337, 0.5435941, 0.3615276, 1
0.6127541, 0.5123836, 0.5769385, 1
0.4280074, 0.5330731, 0.43762, 1
0.3653266, 0.5180606, 0.2626983, 1
0.2726221, 0.504551, 0.211155, 1
0.4568194, 0.5350934, 0.4852754, 1
0.2939284, 0.501996, 0.2541876, 1
0.3728727, 0.5101653, 0.2270773, 1
0.5464686, 0.533316, 0.6343346, 1
0.3823226, 0.5449519, 0.3450105, 1
0.6271872, 0.5408665, 0.6600519, 1
0.5142813, 0.532665, 0.5860142, 1
0.3137474, 0.5058231, 0.194053, 1
0.6381315, 0.5476889, 0.6759478, 1
0.2706238, 0.4830348, 0.221709, 1
0.4850451, 0.5326369, 0.4668339, 1
0.5325944, 0.5280426, 0.5542878, 1
0.5111985, 0.5326322, 0.5478362, 1
0.6181935, 0.5459625, 0.6692954, 1
0.5527046, 0.5241838, 0.5579457, 1
0.360682, 0.5364432, 0.3038337, 1
0.5171994, 0.5251247, 0.4695825, 1
0.2749185, 0.5219279, 0.212985, 1
0.5378745, 0.5232567, 0.4908834, 1
0.4699865, 0.5465153, 0.3614647, 1
0.6804835, 0.4996203, 0.740104, 1
0.3656892, 0.5354121, 0.3422489, 1
0.3657961, 0.5164877, 0.247681, 1
0.443933, 0.5339661, 0.4625187, 1
0.449608, 0.5371107, 0.4251741, 1
0.5102444, 0.534306, 0.4196315, 1
0.4238378, 0.5343635, 0.4200399, 1
0.5761181, 0.5257332, 0.5622176, 1
0.6792454, 0.5198584, 0.6353689, 1
0.4362852, 0.5456942, 0.3595806, 1
0.4057683, 0.5463604, 0.3346899, 1
0.4820702, 0.5319123, 0.4752741, 1
0.6369032, 0.5143893, 0.6147596, 1
0.4476717, 0.5449802, 0.3680166, 1
0.4382558, 0.5451714, 0.3299567, 1
0.4140998, 0.5420329, 0.3660036, 1
0.5355217, 0.5223007, 0.5153137, 1
0.3367649, 0.5076346, 0.2271794, 1
0.4319426, 0.5445501, 0.3129228, 1
0.4103367, 0.5317645, 0.4133898, 1
0.314979, 0.5021563, 0.1902969, 1
0.3518171, 0.5123858, 0.2604907, 1
0.3908982, 0.5321074, 0.2777191, 1
0.3736552, 0.5430238, 0.3619218, 1
0.6843902, 0.5348747, 0.719487, 1
0.271003, 0.4865562, 0.1800912, 1
0.470489, 0.538228, 0.4367238, 1
0.3269675, 0.5063863, 0.205551, 1
0.6314158, 0.5132398, 0.6097535, 1
0.5744899, 0.5151375, 0.611406, 1
0.6699262, 0.5044513, 0.6216581, 1
0.3662912, 0.536283, 0.3507842, 1
0.6551226, 0.5417699, 0.7264618, 1
0.3257845, 0.4994326, 0.2135584, 1
0.4691451, 0.5392148, 0.4222973, 1
0.4127673, 0.5417984, 0.3709674, 1
0.5417334, 0.5247859, 0.5896364, 1
0.3826298, 0.5486346, 0.3750832, 1
0.6349493, 0.5048674, 0.5952922, 1
0.3398253, 0.5200408, 0.2811261, 1
0.383272, 0.5436997, 0.3160829, 1
0.388483, 0.5449246, 0.3474408, 1
0.4775956, 0.5302134, 0.5114446, 1
0.6674021, 0.5434628, 0.7120492, 1
0.5002906, 0.5301246, 0.4443724, 1
0.6569563, 0.5216947, 0.6371015, 1
0.3057667, 0.4978257, 0.2489749, 1
0.4754479, 0.539247, 0.4112199, 1
0.6204121, 0.5311869, 0.6486554, 1
0.3441046, 0.5119767, 0.2746581, 1
0.2615927, 0.5091121, 0.2099452, 1
0.3434815, 0.5113703, 0.2737213, 1
0.6498331, 0.5473326, 0.7228374, 1
0.315704, 0.5216665, 0.1907407, 1
0.3299596, 0.5094794, 0.2775576, 1
0.6271122, 0.5237103, 0.6251382, 1
0.42487, 0.543903, 0.3121388, 1
0.2710925, 0.5244488, 0.1672666, 1
0.4799066, 0.539644, 0.4189224, 1
0.418604, 0.5441966, 0.3193108, 1
0.5389388, 0.5228751, 0.492661, 1
0.3230933, 0.5257079, 0.2893614, 1
0.3828927, 0.5396644, 0.2959803, 1
0.4174161, 0.5450317, 0.32684, 1
0.6378402, 0.5034407, 0.5874752, 1
0.6179013, 0.5394209, 0.7054505, 1
0.6883144, 0.5348122, 0.7309315, 1
0.5637947, 0.5385303, 0.6585094, 1
0.2930637, 0.5081754, 0.2357332, 1
0.2676648, 0.4954474, 0.2506866, 1
0.4394137, 0.5322314, 0.469861, 1
0.4439002, 0.5341603, 0.4613493, 1
0.4818872, 0.5359578, 0.4507006, 1
0.5691233, 0.537007, 0.6532882, 1
0.6242728, 0.5278177, 0.6382709, 1
0.3764438, 0.5422889, 0.358821, 1
0.4671221, 0.5403059, 0.3968626, 1
0.3273407, 0.5327705, 0.3007205, 1
0.45509, 0.5365727, 0.4467571, 1
0.5376002, 0.5229747, 0.518433, 1
0.4431717, 0.5413715, 0.3902036, 1
0.6111215, 0.5067075, 0.5924523, 1
0.2578428, 0.4994408, 0.1929654, 1
0.6219513, 0.5277903, 0.6379148, 1
0.4073718, 0.5423526, 0.3824183, 1
0.6284561, 0.5128502, 0.6084387, 1
0.4146939, 0.5375901, 0.3911112, 1
0.4924928, 0.5277973, 0.4969521, 1
0.6047203, 0.5206678, 0.5419523, 1
0.3218294, 0.4981019, 0.2154104, 1
0.5938545, 0.5462234, 0.6848004, 1
0.4128597, 0.5391497, 0.2881283, 1
0.4860452, 0.5324333, 0.520694, 1
0.3735605, 0.5399513, 0.3508936, 1
0.6512291, 0.5496253, 0.7049383, 1
0.3944569, 0.5340494, 0.2788795, 1
0.6225482, 0.5426883, 0.7078939, 1
0.4318278, 0.5367303, 0.407971, 1
0.6931735, 0.5145686, 0.7345873, 1
0.5647629, 0.5171309, 0.5050043, 1
0.591556, 0.5455706, 0.6671923, 1
0.6636744, 0.5408633, 0.735416, 1
0.5911625, 0.5223044, 0.6213405, 1
0.5554829, 0.5193231, 0.5208642, 1
0.4656305, 0.5372726, 0.4493547, 1
0.4397639, 0.5383276, 0.4089712, 1
0.5535891, 0.5229145, 0.5363017, 1
0.4290883, 0.5365021, 0.4108009, 1
0.3589053, 0.5144724, 0.2549523, 1
0.4284502, 0.5429688, 0.3677653, 1
0.2976428, 0.4975583, 0.2314451, 1
0.3148255, 0.5071454, 0.1822968, 1
0.456228, 0.5388464, 0.4091294, 1
0.6507589, 0.5500436, 0.703581, 1
0.593698, 0.5269215, 0.624036, 1
0.4240026, 0.5434213, 0.3675543, 1
0.5326641, 0.5229458, 0.4964432, 1
0.3120985, 0.5102095, 0.2385778, 1
0.5128095, 0.5246722, 0.477474, 1
0.266267, 0.491614, 0.2312401, 1
0.3134227, 0.4994518, 0.1897515, 1
0.4682796, 0.5459444, 0.370677, 1
0.5021288, 0.5248443, 0.4826536, 1
0.4779216, 0.5363539, 0.4577869, 1
0.5315129, 0.5284222, 0.5554333, 1
0.4695023, 0.530382, 0.5076275, 1
0.3507788, 0.5328265, 0.2915068, 1
0.397287, 0.5442122, 0.3887683, 1
0.4617901, 0.5398989, 0.4091164, 1
0.3620989, 0.5166417, 0.2692253, 1
0.5095977, 0.5251515, 0.4884891, 1
0.273215, 0.4747615, 0.1652779, 1
0.6537653, 0.5028976, 0.6053056, 1
0.3811733, 0.5488575, 0.3771774, 1
0.409374, 0.5399023, 0.2891992, 1
0.2720555, 0.5259869, 0.2089816, 1
0.6931634, 0.4991551, 0.7320943, 1
0.2665307, 0.4694183, 0.1709817, 1
0.3604785, 0.510936, 0.2407136, 1
0.5915583, 0.5229049, 0.5321353, 1
0.3146367, 0.5144198, 0.2861281, 1
0.4980291, 0.5295947, 0.5086409, 1
0.4986823, 0.5304099, 0.4493243, 1
0.6005128, 0.5390099, 0.6941762, 1
0.6734599, 0.5390579, 0.7184466, 1
0.4367913, 0.5452271, 0.3622692, 1
0.6833897, 0.5358763, 0.6894041, 1
0.4872614, 0.529949, 0.5071898, 1
0.5700969, 0.5258756, 0.5495531, 1
0.5814359, 0.5202667, 0.5140244, 1
0.3837973, 0.5281554, 0.2753266, 1
0.2369021, 0.4874684, 0.2099491, 1
0.51244, 0.5326596, 0.5842975, 1
0.6756144, 0.537589, 0.6784748, 1
0.6180151, 0.5139408, 0.5673252, 1
0.6779352, 0.5366791, 0.7213247, 1
0.4430882, 0.5362934, 0.4278848, 1
0.5026183, 0.5275828, 0.4537558, 1
0.2692279, 0.4988299, 0.1948872, 1
0.5635037, 0.5286556, 0.6407691, 1
0.2736738, 0.488976, 0.1778281, 1
0.6671125, 0.5240062, 0.6413011, 1
0.5779509, 0.5176693, 0.6205091, 1
0.6813663, 0.5338662, 0.6731849, 1
0.5189137, 0.5271823, 0.5183415, 1
0.4602374, 0.5424842, 0.3809555, 1
0.4642127, 0.5398385, 0.3989898, 1
0.3744245, 0.5406709, 0.353331, 1
0.2490496, 0.4767472, 0.1953862, 1
0.2985458, 0.4957048, 0.2221265, 1
0.4563087, 0.5384218, 0.4136729, 1
0.2868146, 0.5070825, 0.2051587, 1
0.3670286, 0.5379301, 0.3039575, 1
0.5589591, 0.5190318, 0.6101381, 1
0.4233603, 0.5448029, 0.3376114, 1
0.5224358, 0.5243737, 0.4980435, 1
0.4071388, 0.5422059, 0.3723791, 1
0.3771241, 0.523726, 0.2739207, 1
0.4955253, 0.5265725, 0.4894835, 1
0.3241458, 0.5158697, 0.2171863, 1
0.3964085, 0.5441182, 0.3536491, 1
0.5881417, 0.5410678, 0.6526379, 1
0.5531858, 0.5312433, 0.6458206, 1
0.5499454, 0.5209103, 0.4940627, 1
0.4847462, 0.5331585, 0.4630281, 1
0.5399054, 0.5251365, 0.5968413, 1
0.266024, 0.470796, 0.211855, 1
0.4616323, 0.537459, 0.4445378, 1
0.3556348, 0.5206672, 0.2776982, 1
0.2828734, 0.4935234, 0.169994, 1
0.3633133, 0.5226663, 0.2784957, 1
0.5250939, 0.5273069, 0.4446513, 1
0.4773318, 0.5391726, 0.4138499, 1
0.4827415, 0.528616, 0.4900837, 1
0.3145662, 0.5236791, 0.2916466, 1
0.6736822, 0.5382702, 0.7315789, 1
0.2577557, 0.5089141, 0.1963296, 1
0.3873467, 0.5442718, 0.3513429, 1
0.4940659, 0.5343181, 0.5262321, 1
0.4746054, 0.5393928, 0.4051664, 1
0.4809046, 0.5352824, 0.4576562, 1
0.5227687, 0.5301347, 0.5496932, 1
0.382695, 0.5331061, 0.2835822, 1
0.4789295, 0.53439, 0.4739019, 1
0.4452475, 0.5397593, 0.4034601, 1
0.3370075, 0.5278427, 0.287289, 1
0.2934086, 0.5038742, 0.1627283, 1
0.3477375, 0.5183722, 0.2785848, 1
0.3933684, 0.543948, 0.3623623, 1
0.5338377, 0.524556, 0.5757919, 1
0.3550656, 0.5339711, 0.3218227, 1
0.351959, 0.5130056, 0.2670233, 1
0.3581742, 0.5152432, 0.2608276, 1
0.4758086, 0.5303286, 0.4921137, 1
0.4976541, 0.534052, 0.5607946, 1
0.6187559, 0.5399392, 0.7019259, 1
0.610857, 0.5136464, 0.5722542, 1
0.5444407, 0.5257933, 0.6103246, 1
0.3611203, 0.5142273, 0.2480756, 1
0.5675617, 0.5230318, 0.5351232, 1
0.4355915, 0.5408994, 0.3835478, 1
0.5809652, 0.5442216, 0.6700405, 1
0.2865457, 0.5194778, 0.2236471, 1
0.370943, 0.5470851, 0.3725228, 1
0.5385622, 0.5255942, 0.6001965, 1
0.3765187, 0.5412085, 0.3250447, 1
0.4507432, 0.5357541, 0.4517951, 1
0.4157496, 0.5424663, 0.3669786, 1
0.6827868, 0.5342838, 0.6751937, 1
0.508821, 0.5326004, 0.530365, 1
0.5601597, 0.5246414, 0.5458634, 1
0.6935816, 0.5207154, 0.6467229, 1
0.3729847, 0.538111, 0.2967639, 1
0.4776305, 0.5291202, 0.5001934, 1
0.2383769, 0.5207182, 0.2054899, 1
0.4885234, 0.533303, 0.5224937, 1
0.2770608, 0.4932753, 0.2340276, 1
0.4365266, 0.5325277, 0.4640732, 1
0.551044, 0.5294994, 0.6242418, 1
0.3705658, 0.5403339, 0.3082625, 1
0.5255327, 0.5257834, 0.5891063, 1
0.5970976, 0.5100701, 0.6055539, 1
0.6876868, 0.524109, 0.6478972, 1
0.4918076, 0.5329904, 0.4497877, 1
0.387626, 0.5430806, 0.3949816, 1
0.3868997, 0.5369347, 0.2891816, 1
0.2479849, 0.5000255, 0.2111908, 1
0.5936753, 0.5249118, 0.5535025, 1
0.5493674, 0.5251824, 0.5533836, 1
0.3852496, 0.5431607, 0.305366, 1
0.3952455, 0.5466797, 0.3304153, 1
0.2634346, 0.4697588, 0.2050304, 1
0.2548713, 0.515429, 0.2200955, 1
0.604611, 0.5253827, 0.6213221, 1
0.3243037, 0.499696, 0.218486, 1
0.4379374, 0.5333453, 0.4583572, 1
0.308585, 0.5015467, 0.2505391, 1
0.3046389, 0.4970964, 0.2627084, 1
0.4602071, 0.5460405, 0.3416966, 1
0.4440885, 0.5318894, 0.4831517, 1
0.5719913, 0.5215183, 0.5274163, 1
0.585031, 0.5440059, 0.6801753, 1
0.4500076, 0.534863, 0.4606755, 1
0.4617667, 0.539649, 0.4111685, 1
0.3596763, 0.5090952, 0.2096353, 1
0.3038295, 0.4870297, 0.1853509, 1
0.5549912, 0.518021, 0.5122209, 1
0.4741988, 0.5423292, 0.3925193, 1
0.5830376, 0.5110156, 0.5980071, 1
0.3178601, 0.5198687, 0.2872836, 1
0.5800481, 0.5330857, 0.6447766, 1
0.4509089, 0.5355068, 0.4955896, 1
0.2884042, 0.5279251, 0.1895398, 1
0.2431012, 0.5005593, 0.2220392, 1
0.5561314, 0.5183795, 0.5953939, 1
0.6339137, 0.5101578, 0.6086795, 1
0.5122368, 0.5323284, 0.5842803, 1
0.6725356, 0.4999119, 0.7448974, 1
0.5371012, 0.5271825, 0.5635639, 1
0.4399089, 0.5355082, 0.4231617, 1
0.4775247, 0.5343534, 0.4822825, 1
0.449168, 0.5386915, 0.4102705, 1
0.4961558, 0.5352755, 0.5637347, 1
0.6701556, 0.5195262, 0.7517533, 1
0.299587, 0.4893105, 0.1935594, 1
0.4661319, 0.539027, 0.4201229, 1
0.3479909, 0.5125172, 0.2729555, 1
0.5736029, 0.5279349, 0.640434, 1
0.6467831, 0.519216, 0.6298282, 1
0.6818257, 0.539102, 0.7294918, 1
0.5406381, 0.5250938, 0.5945289, 1
0.4552704, 0.5453409, 0.3391139, 1
0.4781788, 0.5393393, 0.4078256, 1
0.3712895, 0.5383166, 0.3263683, 1
0.5042953, 0.5275929, 0.5043996, 1
0.4753161, 0.5392572, 0.4286833, 1
0.6805637, 0.520153, 0.7418962, 1
0.5224711, 0.5255384, 0.5788928, 1
0.5036253, 0.5271057, 0.4966215, 1
0.6821278, 0.537006, 0.7286744, 1
0.6761295, 0.5400022, 0.685972, 1
0.3661715, 0.5090451, 0.2131457, 1
0.5870897, 0.5349669, 0.6418762, 1
0.3284809, 0.5335032, 0.3146631, 1
0.3963607, 0.5312586, 0.413322, 1
0.6756154, 0.5410161, 0.6876624, 1
0.6327427, 0.5333986, 0.648714, 1
0.4840268, 0.5350534, 0.4517097, 1
0.4102979, 0.5450301, 0.3187798, 1
0.2663857, 0.5018229, 0.1699241, 1
0.5497881, 0.5309, 0.6270376, 1
0.3780572, 0.54462, 0.3631893, 1
0.3034511, 0.5227071, 0.1978816, 1
0.496743, 0.5404161, 0.4156712, 1
0.5128431, 0.5247735, 0.4822708, 1
0.4608462, 0.5417218, 0.3855063, 1
0.6517717, 0.5406496, 0.7566849, 1
0.4230238, 0.5322798, 0.4432687, 1
0.4447087, 0.534523, 0.456182, 1
0.5955981, 0.5212255, 0.5596548, 1
0.4413615, 0.5444003, 0.3709733, 1
0.584418, 0.5331717, 0.6405013, 1
0.6190985, 0.5063711, 0.5858846, 1
0.5594158, 0.5224541, 0.564273, 1
0.2726695, 0.5238945, 0.2063655, 1
0.3278923, 0.5226192, 0.2843796, 1
0.6324375, 0.5406463, 0.6611917, 1
0.415163, 0.5378141, 0.3907872, 1
0.3981705, 0.545197, 0.3707365, 1
0.656586, 0.5473168, 0.7104157, 1
0.5445054, 0.5305966, 0.4663475, 1
0.4789148, 0.5347333, 0.4674143, 1
0.2898046, 0.5073653, 0.2180365, 1
0.3572219, 0.511728, 0.2507153, 1
0.6582962, 0.5456467, 0.6871355, 1
0.6012635, 0.5217038, 0.547448, 1
0.4330656, 0.5447736, 0.3275001, 1
0.3734957, 0.5112825, 0.2288809, 1
0.6675099, 0.53875, 0.740795, 1
0.2480535, 0.5115415, 0.2006829, 1
0.4453634, 0.5320701, 0.4693817, 1
0.4481064, 0.5372617, 0.4176001, 1
0.4966424, 0.5417524, 0.3891674, 1
0.4136632, 0.542074, 0.3643827, 1
0.5205256, 0.5265693, 0.5747032, 1
0.7023289, 0.5115872, 0.7299042, 1
0.5656188, 0.5171333, 0.612631, 1
0.3132238, 0.4977977, 0.2635632, 1
0.4580331, 0.5357252, 0.4928779, 1
0.3942724, 0.5465676, 0.3294525, 1
0.586858, 0.539717, 0.6507266, 1
0.2896266, 0.5125373, 0.1759458, 1
0.4504482, 0.5371631, 0.4300329, 1
0.5444428, 0.5341509, 0.6341597, 1
0.6671622, 0.5324393, 0.7478337, 1
0.3154737, 0.4975494, 0.2154541, 1
0.2830705, 0.507174, 0.1573357, 1
0.4761361, 0.537062, 0.4509107, 1
0.6559911, 0.5425828, 0.6710599, 1
0.5633727, 0.5155146, 0.5962051, 1
0.5583016, 0.5242555, 0.4858128, 1
0.3603263, 0.5365649, 0.3033975, 1
0.5368837, 0.5256327, 0.5448316, 1
0.5482712, 0.5220999, 0.5239711, 1
0.5433526, 0.5205143, 0.5019112, 1
0.6002842, 0.5145255, 0.6123556, 1
0.6722032, 0.5261065, 0.746565, 1
0.4143753, 0.539993, 0.3861559, 1
0.5750576, 0.5260631, 0.5599326, 1
0.6929793, 0.5286974, 0.6714743, 1
0.6202959, 0.5422634, 0.7184055, 1
0.3083227, 0.4985757, 0.2326838, 1
0.4143603, 0.5417981, 0.2945352, 1
0.4661334, 0.5351987, 0.4889871, 1
0.5642323, 0.5258989, 0.6290556, 1
0.4890075, 0.5312547, 0.5167843, 1
0.5552227, 0.5189632, 0.602922, 1
0.5384862, 0.525597, 0.5998231, 1
0.6293417, 0.5431379, 0.695546, 1
0.4334106, 0.5373137, 0.4049538, 1
0.4126446, 0.5397449, 0.3859165, 1
0.3757684, 0.5403518, 0.3026658, 1
0.4877835, 0.5326626, 0.4609854, 1
0.3386187, 0.5260096, 0.2848563, 1
0.357172, 0.5339429, 0.3315538, 1
0.5574495, 0.5176766, 0.5124971, 1
0.5893705, 0.511259, 0.5865677, 1
0.6048682, 0.5206099, 0.5427597, 1
0.4385284, 0.5442591, 0.3227373, 1
0.3169869, 0.5080377, 0.2824395, 1
0.6265544, 0.5070832, 0.5966493, 1
0.3629342, 0.5300139, 0.2838974, 1
0.4236478, 0.5442529, 0.3188106, 1
0.4066728, 0.5465764, 0.3263691, 1
0.3681481, 0.5395975, 0.309572, 1
0.5091197, 0.5323716, 0.5355451, 1
0.4888091, 0.5302398, 0.4663368, 1
0.5504597, 0.5243649, 0.5737096, 1
0.6643401, 0.5273889, 0.7564219, 1
0.2534646, 0.4749694, 0.1916204, 1
0.6815625, 0.5251395, 0.7391707, 1
0.4587743, 0.5401778, 0.3939544, 1
0.3464168, 0.506317, 0.2013038, 1
0.4259554, 0.5448706, 0.3562839, 1
0.5253996, 0.5269129, 0.458142, 1
0.5291443, 0.5264708, 0.5688805, 1
0.4604123, 0.5437479, 0.3727523, 1
0.5459371, 0.5258612, 0.5610775, 1
0.6171089, 0.5399737, 0.7109239, 1
0.6110418, 0.5390058, 0.7116696, 1
0.4903337, 0.5380253, 0.4306271, 1
0.2704766, 0.4834526, 0.2224429, 1
0.5073873, 0.532782, 0.5337443, 1
0.3532445, 0.5270776, 0.2828274, 1
0.3171895, 0.4989274, 0.271233, 1
0.5340388, 0.5244584, 0.5815325, 1
0.4749507, 0.5392657, 0.404992, 1
0.5348675, 0.5293765, 0.4529921, 1
0.499581, 0.5328073, 0.5205505, 1
0.4661848, 0.5345395, 0.4910455, 1
0.6689099, 0.5173131, 0.6301188, 1
0.5587615, 0.5347124, 0.6573384, 1
0.6486797, 0.5484337, 0.6826899, 1
0.4176479, 0.5427654, 0.3664942, 1
0.4305314, 0.5444876, 0.3630117, 1
0.2954278, 0.5185438, 0.1885913, 1
0.5203254, 0.5310713, 0.5621648, 1
0.3028142, 0.52685, 0.2105523, 1
0.664637, 0.5400914, 0.7418, 1
0.6266668, 0.5455579, 0.7132182, 1
0.4532894, 0.5442129, 0.3333628, 1
0.5362481, 0.5245482, 0.5842825, 1
0.62591, 0.5300633, 0.6449669, 1
0.451317, 0.5390489, 0.4090523, 1
0.7020006, 0.5235595, 0.6641908, 1
0.3626341, 0.5113524, 0.2380053, 1
0.54146, 0.5250743, 0.6038008, 1
0.3703495, 0.5403423, 0.3091587, 1
0.6918423, 0.5211847, 0.7345777, 1
0.3254864, 0.5319722, 0.2985958, 1
0.4074474, 0.5319591, 0.4244169, 1
0.6195894, 0.5331779, 0.6517093, 1
0.5262778, 0.5282311, 0.5425533, 1
0.4167847, 0.54141, 0.381674, 1
0.2476381, 0.4695055, 0.2068033, 1
0.6362304, 0.5326571, 0.6460378, 1
0.4252069, 0.5348626, 0.4137375, 1
0.6527854, 0.5479596, 0.7101496, 1
0.3164517, 0.5013577, 0.1900497, 1
0.4799719, 0.5359768, 0.4578067, 1
0.6181723, 0.5273083, 0.6321551, 1
0.2846044, 0.5218452, 0.1859547, 1
0.5448032, 0.5207309, 0.4986567, 1
0.3061165, 0.4987277, 0.2805477, 1
0.5210329, 0.5272273, 0.5724261, 1
0.344294, 0.5223978, 0.2808996, 1
0.5703865, 0.5291035, 0.6441235, 1
0.6359735, 0.5285733, 0.6350591, 1
0.5601661, 0.5246864, 0.6225963, 1
0.5813855, 0.5230579, 0.525896, 1
0.472464, 0.5394157, 0.410529, 1
0.3163955, 0.5069984, 0.2822307, 1
0.6106265, 0.5132467, 0.5757792, 1
0.2777426, 0.4924828, 0.1655676, 1
0.3534903, 0.5345736, 0.3168245, 1
0.2655857, 0.5033114, 0.1826385, 1
0.4838782, 0.5391736, 0.4320773, 1
0.6173774, 0.5467239, 0.6726838, 1
0.4883717, 0.5325796, 0.4599757, 1
0.3984757, 0.5456012, 0.3820261, 1
0.3272591, 0.5020664, 0.2662633, 1
0.595039, 0.5226009, 0.6199059, 1
0.4473616, 0.5350385, 0.493395, 1
0.5730006, 0.5250632, 0.56336, 1
0.5822749, 0.5211029, 0.5098327, 1
0.6485814, 0.5304239, 0.6444827, 1
0.6114447, 0.5478857, 0.6830601, 1
0.3338377, 0.5297728, 0.2913047, 1
0.537493, 0.5324581, 0.6195961, 1
0.5405969, 0.5236373, 0.5217186, 1
0.3432412, 0.5145289, 0.2773599, 1
0.6796514, 0.5199512, 0.7425936, 1
0.5537542, 0.5218445, 0.5874457, 1
0.439, 0.5333695, 0.4563462, 1
0.6778003, 0.5319158, 0.7377834, 1
0.3848368, 0.5331056, 0.2832614, 1
0.5158672, 0.5279147, 0.5848367, 1
0.4328298, 0.5318044, 0.4574312, 1
0.6017442, 0.5162704, 0.6128523, 1
0.377827, 0.5427165, 0.3099785, 1
0.3220012, 0.5011207, 0.2337043, 1
0.346309, 0.507798, 0.2555527, 1
0.4688675, 0.537478, 0.453425, 1
0.6172225, 0.5278028, 0.6367214, 1
0.4894587, 0.532418, 0.5353712, 1
0.4202933, 0.5419227, 0.3784741, 1
0.4350171, 0.5332066, 0.4430378, 1
0.42181, 0.5340528, 0.4176727, 1
0.6178399, 0.5164527, 0.6100911, 1
0.3524677, 0.5330719, 0.2920268, 1
0.6896579, 0.5340973, 0.7164561, 1
0.6261978, 0.5470698, 0.7239304, 1
0.5380301, 0.5272358, 0.5537894, 1
0.5030326, 0.5360077, 0.5752456, 1
0.5021248, 0.5255207, 0.4865297, 1
0.5620093, 0.5177836, 0.6102208, 1
0.247897, 0.516829, 0.2062362, 1
0.5172417, 0.5255368, 0.4668973, 1
0.5430257, 0.525088, 0.6067105, 1
0.5650476, 0.5170513, 0.5059925, 1
0.599539, 0.5343029, 0.6385467, 1
0.6969621, 0.5306463, 0.7031001, 1
0.5318856, 0.5296209, 0.4442492, 1
0.4243847, 0.545523, 0.3464133, 1
0.5373132, 0.5274495, 0.5563371, 1
0.6499852, 0.5468866, 0.6767713, 1
0.4977352, 0.5248541, 0.4758029, 1
0.5839006, 0.5230543, 0.5251249, 1
0.6198463, 0.5185823, 0.613502, 1
0.4444868, 0.5462178, 0.346123, 1
0.5198543, 0.5243933, 0.4928105, 1
0.4807411, 0.5339703, 0.4693507, 1
0.3405963, 0.5044087, 0.2300654, 1
0.5572324, 0.5223736, 0.6142035, 1
0.2626516, 0.5075955, 0.1999319, 1
0.2972677, 0.5163214, 0.2398349, 1
0.4160443, 0.5448654, 0.3520757, 1
0.3687665, 0.5372171, 0.35521, 1
0.5643532, 0.5192935, 0.4987364, 1
0.3735958, 0.5414917, 0.3160976, 1
0.5334224, 0.5278316, 0.5536706, 1
0.5030935, 0.528267, 0.4507973, 1
0.5418658, 0.5257719, 0.4783634, 1
0.6937838, 0.5287448, 0.6618884, 1
0.2595751, 0.4604734, 0.182549, 1
0.4364018, 0.5322588, 0.4679531, 1
0.3584874, 0.5162426, 0.272142, 1
0.5892855, 0.512419, 0.5817553, 1
0.373429, 0.5211801, 0.2674932, 1
0.4905296, 0.5338591, 0.4440455, 1
0.4191275, 0.5393708, 0.3880623, 1
0.4809532, 0.5378148, 0.4397534, 1
0.498302, 0.5403496, 0.4154654, 1
0.3908242, 0.5456427, 0.3443256, 1
0.3711422, 0.5206726, 0.2630163, 1
0.4627499, 0.5359355, 0.4852207, 1
0.5536115, 0.5212023, 0.4903076, 1
0.3433805, 0.5299128, 0.2897342, 1
0.3709305, 0.5467639, 0.3716, 1
0.6618291, 0.5377849, 0.6637994, 1
0.4173411, 0.5404624, 0.2915913, 1
0.5697578, 0.5204473, 0.5805248, 1
0.2570759, 0.4708003, 0.2029152, 1
0.3818973, 0.5446507, 0.3425054, 1
0.3379187, 0.5039272, 0.2340449, 1
0.4072483, 0.5468807, 0.3299215, 1
0.4027711, 0.5428306, 0.3670211, 1
0.5136321, 0.5256491, 0.5003741, 1
0.5795382, 0.5229691, 0.5266202, 1
0.6327837, 0.5236091, 0.6258088, 1
0.5618882, 0.5194983, 0.5241023, 1
0.3885671, 0.5333273, 0.2819408, 1
0.4977612, 0.533115, 0.5416126, 1
0.5295449, 0.5240536, 0.491532, 1
0.5858019, 0.5269806, 0.5501828, 1
0.4206685, 0.5367068, 0.3934936, 1
0.3418308, 0.5303888, 0.2914524, 1
0.3345188, 0.4995396, 0.1986344, 1
0.4783538, 0.5394876, 0.4312398, 1
0.2322538, 0.4996686, 0.2086836, 1
0.5363998, 0.5234138, 0.5185733, 1
0.4981793, 0.5393448, 0.4023054, 1
0.4344154, 0.5457157, 0.3454994, 1
0.540864, 0.5246974, 0.4841014, 1
0.5009584, 0.5247796, 0.478319, 1
0.4080714, 0.5438541, 0.3526163, 1
0.2727482, 0.4810305, 0.2173165, 1
0.3341828, 0.5222119, 0.2827479, 1
0.4433134, 0.5321662, 0.4695993, 1
0.5000976, 0.539155, 0.4007391, 1
0.5388057, 0.5211091, 0.5146873, 1
0.2845609, 0.4860447, 0.2026785, 1
0.5736874, 0.5261002, 0.5496891, 1
0.3873661, 0.5392254, 0.4030698, 1
0.4555601, 0.5459766, 0.358829, 1
0.4120116, 0.5427619, 0.2997574, 1
0.3010195, 0.4981242, 0.2393831, 1
0.6000269, 0.5454009, 0.6674709, 1
0.5786571, 0.5306647, 0.641826, 1
0.5642427, 0.5288761, 0.6419208, 1
0.5948515, 0.5221986, 0.5269138, 1
0.5612377, 0.5164031, 0.6036784, 1
0.4767464, 0.533764, 0.4855973, 1
0.6366241, 0.5396662, 0.6608113, 1
0.7146223, 0.521418, 0.7162071, 1
0.6051573, 0.5401323, 0.6582096, 1
0.6126818, 0.5382012, 0.6957825, 1
0.4313867, 0.5387546, 0.3904977, 1
0.5815397, 0.5166564, 0.6189023, 1
0.3986011, 0.5440097, 0.3563012, 1
0.6055168, 0.5338314, 0.6437453, 1
0.6981504, 0.5268458, 0.6921927, 1
0.4620848, 0.5375274, 0.4345289, 1
0.4605686, 0.5325537, 0.4985661, 1
0.5701396, 0.5252158, 0.5614365, 1
0.581524, 0.5132674, 0.5832238, 1
0.3501387, 0.5188482, 0.2780222, 1
0.277698, 0.515268, 0.2434343, 1
0.325178, 0.4993272, 0.1939336, 1
0.4112842, 0.5320907, 0.4061064, 1
0.7101932, 0.5209186, 0.7240444, 1
0.3053957, 0.4965563, 0.2679883, 1
0.3903059, 0.5478671, 0.3776989, 1
0.5174379, 0.5300824, 0.4295611, 1
0.5077944, 0.5259713, 0.4566182, 1
0.6042849, 0.520773, 0.5423263, 1
0.4457475, 0.5420659, 0.3875109, 1
0.3051704, 0.5116026, 0.2519337, 1
0.5454023, 0.5244001, 0.6062371, 1
0.3419708, 0.5123445, 0.2756232, 1
0.345084, 0.5054761, 0.2323012, 1
0.6830939, 0.5316206, 0.7332497, 1
0.437692, 0.5466009, 0.3528976, 1
0.355025, 0.507265, 0.2311068, 1
0.4485871, 0.5403467, 0.3941379, 1
0.3552915, 0.5073659, 0.2236789, 1
0.4042282, 0.5424954, 0.367835, 1
0.6829864, 0.5347774, 0.6798621, 1
0.358832, 0.5081703, 0.2281729, 1
0.3455325, 0.5326347, 0.2950191, 1
0.2726568, 0.5121639, 0.170927, 1
0.37127, 0.5201467, 0.271288, 1
0.6030338, 0.519816, 0.5539266, 1
0.626056, 0.5054708, 0.5855118, 1
0.4841119, 0.5397057, 0.4044835, 1
0.4963484, 0.5400791, 0.3980455, 1
0.3503155, 0.5121135, 0.26636, 1
0.5037158, 0.5271184, 0.4968661, 1
0.4445734, 0.5339215, 0.4629106, 1
0.387465, 0.5387529, 0.2922519, 1
0.4183093, 0.5448754, 0.3459304, 1
0.4454553, 0.5319106, 0.472086, 1
0.5271491, 0.5291773, 0.552386, 1
0.6125033, 0.5478033, 0.6826063, 1
0.5328969, 0.5249502, 0.5722785, 1
0.318271, 0.5102866, 0.186864, 1
0.3465651, 0.5224472, 0.2803187, 1
0.4132553, 0.5421204, 0.3636727, 1
0.4185857, 0.5401427, 0.2909058, 1
0.3802696, 0.5429468, 0.31641, 1
0.6133305, 0.5278444, 0.6311261, 1
0.4261069, 0.543505, 0.3043016, 1
0.4381704, 0.544182, 0.320493, 1
0.3670297, 0.5176781, 0.2509872, 1
0.6034757, 0.5450138, 0.6894835, 1
0.2844225, 0.4988086, 0.2665132, 1
0.4199067, 0.5420326, 0.3745122, 1
0.3197149, 0.5021873, 0.1874832, 1
0.246488, 0.482611, 0.215793, 1
0.5789966, 0.531991, 0.6439669, 1
0.6547296, 0.5478814, 0.6858947, 1
0.5522352, 0.5207274, 0.5928711, 1
0.6807763, 0.5307218, 0.7362974, 1
0.6666692, 0.5329484, 0.7479041, 1
0.60147, 0.5442898, 0.6638988, 1
0.4054705, 0.5383294, 0.3954597, 1
0.5582295, 0.5217358, 0.58433, 1
0.6287606, 0.5057452, 0.5804558, 1
0.6435124, 0.5494396, 0.6884338, 1
0.5538397, 0.523739, 0.5571582, 1
0.5641818, 0.5319941, 0.6492016, 1
0.6085837, 0.5188171, 0.5539389, 1
0.4844302, 0.5282896, 0.4864349, 1
0.382629, 0.5432988, 0.3228312, 1
0.3390136, 0.5072329, 0.2695795, 1
0.6442762, 0.549827, 0.7381344, 1
0.6526015, 0.5241119, 0.6389534, 1
0.6927028, 0.5203059, 0.6443498, 1
0.4074427, 0.5384144, 0.3936085, 1
0.291362, 0.5237626, 0.2114765, 1
0.3480282, 0.5175886, 0.2781514, 1
0.4856425, 0.5344985, 0.4528363, 1
0.6233348, 0.5436607, 0.7118368, 1
0.517329, 0.5280426, 0.572376, 1
0.4381216, 0.5329788, 0.4531327, 1
0.5927013, 0.5244318, 0.5573739, 1
0.4129243, 0.540774, 0.291689, 1
0.6056398, 0.520535, 0.6150421, 1
0.6410726, 0.5482498, 0.679748, 1
0.2742157, 0.5185447, 0.1912682, 1
0.425389, 0.5425867, 0.3705916, 1
0.5071071, 0.5246967, 0.4770758, 1
0.5537169, 0.527681, 0.4785091, 1
0.5399812, 0.5203779, 0.5094326, 1
0.5567802, 0.5301588, 0.6358342, 1
0.4095982, 0.5321273, 0.4244849, 1
0.4373836, 0.545818, 0.3376658, 1
0.4736858, 0.5392848, 0.4220206, 1
0.4497257, 0.5350617, 0.4567644, 1
0.5534639, 0.5245644, 0.5439593, 1
0.2853112, 0.474659, 0.1890681, 1
0.3835223, 0.5437724, 0.3267741, 1
0.6394109, 0.5306424, 0.640157, 1
0.4463313, 0.545419, 0.3374758, 1
0.4327754, 0.5439767, 0.3654757, 1
0.2717126, 0.4894801, 0.1811888, 1
0.6117223, 0.5316485, 0.643836, 1
0.7048674, 0.5293922, 0.711563, 1
0.644525, 0.5445, 0.6662248, 1
0.404727, 0.5346078, 0.4024782, 1
0.3400971, 0.5299335, 0.2902136, 1
0.2548733, 0.5273779, 0.2055287, 1
0.4344653, 0.5452072, 0.3610138, 1
0.4702605, 0.542169, 0.3867385, 1
0.3181213, 0.5002009, 0.2731502, 1
0.3904544, 0.5321259, 0.2782163, 1
0.5326683, 0.5238172, 0.492321, 1
0.5682176, 0.5403026, 0.6609088, 1
0.6074672, 0.5084857, 0.5882881, 1
0.2829696, 0.4970981, 0.2512668, 1
0.5130656, 0.5274063, 0.5138854, 1
0.5669292, 0.5209317, 0.498052, 1
0.2804111, 0.4968682, 0.2484149, 1
0.5992967, 0.535304, 0.6431753, 1
0.6566259, 0.5420138, 0.7324913, 1
0.2744306, 0.4924999, 0.1884344, 1
0.4986418, 0.5331818, 0.5218307, 1
0.2649007, 0.5141388, 0.1797315, 1
0.6214589, 0.5182254, 0.5561521, 1
0.4014859, 0.53249, 0.2727737, 1
0.3179377, 0.5114805, 0.214916, 1
0.6346369, 0.5042652, 0.5836239, 1
0.6007055, 0.5085387, 0.5941001, 1
0.518498, 0.5317178, 0.5540996, 1
0.3788462, 0.5398074, 0.2985895, 1
0.3750543, 0.5399892, 0.3285894, 1
0.2955323, 0.5186669, 0.2144681, 1
0.2886607, 0.4969741, 0.2555681, 1
0.5888539, 0.5259831, 0.5559686, 1
0.6839166, 0.5182943, 0.7408982, 1
0.32144, 0.531514, 0.2983999, 1
0.2859427, 0.5081785, 0.1609748, 1
0.6252659, 0.5088079, 0.6012002, 1
0.4995459, 0.52897, 0.502554, 1
0.347171, 0.5222679, 0.2801902, 1
0.706081, 0.5275267, 0.6982668, 1
0.3251744, 0.5012783, 0.2491793, 1
0.3636626, 0.5351786, 0.2923826, 1
0.4867379, 0.5361198, 0.4427921, 1
0.5818249, 0.5126332, 0.6083742, 1
0.5394533, 0.5267457, 0.5540929, 1
0.4626075, 0.5333378, 0.4958209, 1
0.5933724, 0.5223009, 0.5316561, 1
0.3630798, 0.5351576, 0.3303663, 1
0.6633443, 0.5373825, 0.6652554, 1
0.4899209, 0.5439748, 0.3814331, 1
0.6652501, 0.5087115, 0.6229874, 1
0.3723694, 0.5404609, 0.3187545, 1
0.5092396, 0.5299521, 0.5802019, 1
0.4635122, 0.5427815, 0.382247, 1
0.3692344, 0.5189841, 0.2511277, 1
0.3139104, 0.4975911, 0.2167492, 1
0.2563424, 0.4813891, 0.2006871, 1
0.2658427, 0.4926665, 0.2418665, 1
0.3314906, 0.5179772, 0.2337913, 1
0.462113, 0.5385086, 0.4192662, 1
0.3254696, 0.499295, 0.2134557, 1
0.5322376, 0.5268028, 0.5433763, 1
0.380371, 0.5435372, 0.3536149, 1
0.572745, 0.5417468, 0.665616, 1
0.6617656, 0.5018176, 0.611008, 1
0.6613338, 0.5220983, 0.6375327, 1
0.6061925, 0.5130972, 0.5801735, 1
0.540473, 0.5247468, 0.5840513, 1
0.5583966, 0.5298316, 0.6418709, 1
0.3476006, 0.5312769, 0.2898483, 1
0.3325265, 0.5063787, 0.2728131, 1
0.3481896, 0.5336076, 0.3061633, 1
0.3849168, 0.5456867, 0.390463, 1
0.5723029, 0.5238302, 0.6296374, 1
0.3108315, 0.4984859, 0.2429076, 1
0.4844255, 0.5287167, 0.4973372, 1
0.4997066, 0.530988, 0.5167258, 1
0.6449913, 0.5028657, 0.5863065, 1
0.45094, 0.5442696, 0.3329425, 1
0.6264764, 0.5060291, 0.5797275, 1
0.5963559, 0.5225079, 0.5566911, 1
0.4603726, 0.5309616, 0.5022614, 1
0.5724143, 0.5199438, 0.5224206, 1
0.4791889, 0.5392046, 0.4071251, 1
0.7067186, 0.5267732, 0.6928409, 1
0.29399, 0.5027371, 0.1737469, 1
0.3129944, 0.4986898, 0.2287436, 1
0.6108561, 0.5122121, 0.5796395, 1
0.5169191, 0.5297512, 0.5686939, 1
0.2617553, 0.4605476, 0.1917794, 1
0.3520102, 0.5094936, 0.22519, 1
0.5140218, 0.5311863, 0.4247673, 1
0.5831493, 0.5239761, 0.5661808, 1
0.5754322, 0.5274752, 0.6370843, 1
0.6341396, 0.5042691, 0.5847687, 1
0.4453463, 0.5391013, 0.4006033, 1
0.3961899, 0.543327, 0.3016695, 1
0.5861723, 0.5257101, 0.538888, 1
0.3549058, 0.5350618, 0.3150446, 1
0.5863785, 0.5357074, 0.6438482, 1
0.6703172, 0.5251257, 0.7489766, 1
0.5915698, 0.5314888, 0.6318396, 1
0.5399711, 0.5260546, 0.5673919, 1
0.4963936, 0.5310465, 0.5154097, 1
0.5309352, 0.5283238, 0.4588558, 1
0.5604023, 0.5217881, 0.5806114, 1
0.5459948, 0.5244041, 0.6067703, 1
0.2744575, 0.4966479, 0.2540632, 1
0.640924, 0.5378373, 0.6579527, 1
0.5615335, 0.5219482, 0.4921529, 1
0.5073579, 0.5336707, 0.5573536, 1
0.6337909, 0.5502365, 0.7218584, 1
0.3118826, 0.5131875, 0.2868406, 1
0.5666931, 0.5169021, 0.5900851, 1
0.5426923, 0.5273289, 0.6126321, 1
0.5423356, 0.5248651, 0.5739926, 1
0.5035059, 0.5293167, 0.4475597, 1
0.5503977, 0.5289704, 0.4738574, 1
0.4428908, 0.534904, 0.446193, 1
0.4348815, 0.5373443, 0.4068049, 1
0.3237702, 0.5025469, 0.2734234, 1
0.2416361, 0.475561, 0.1946952, 1
0.433257, 0.5352696, 0.4187402, 1
0.485736, 0.5306024, 0.4722911, 1
0.3888582, 0.5456279, 0.3205507, 1
0.5676562, 0.5142567, 0.6037364, 1
0.4036631, 0.5418342, 0.390114, 1
0.6087974, 0.5150961, 0.5647153, 1
0.524148, 0.5268701, 0.4563484, 1
0.3676447, 0.5156359, 0.2417644, 1
0.5991702, 0.5096763, 0.591941, 1
0.4025581, 0.5327486, 0.4079697, 1
0.3169479, 0.4989024, 0.2558273, 1
0.5425473, 0.524436, 0.5937913, 1
0.5219046, 0.5255987, 0.4699453, 1
0.6145531, 0.5398011, 0.714799, 1
0.4983252, 0.5304973, 0.4495362, 1
0.5592909, 0.5313514, 0.649177, 1
0.7025483, 0.5276769, 0.6990829, 1
0.5623975, 0.5169426, 0.5926903, 1
0.2627459, 0.5083491, 0.1850542, 1
0.3815858, 0.5434029, 0.3306215, 1
0.2673495, 0.491655, 0.1748195, 1
0.3951526, 0.5447487, 0.3659318, 1
0.4806833, 0.5293896, 0.50193, 1
0.6064301, 0.545312, 0.6688788, 1
0.4267335, 0.5454525, 0.3420371, 1
0.5081642, 0.5331454, 0.5491741, 1
0.3990881, 0.5426946, 0.3625139, 1
0.4485779, 0.5367325, 0.4208762, 1
0.645867, 0.5310256, 0.6444479, 1
0.6336375, 0.5071843, 0.5750901, 1
0.2867371, 0.4940321, 0.2829712, 1
0.3761319, 0.5471585, 0.3876656, 1
0.4060946, 0.5464424, 0.3228303, 1
0.4707811, 0.5306327, 0.5087941, 1
0.6693106, 0.5349453, 0.7436991, 1
0.2859421, 0.4851137, 0.1911277, 1
0.4937607, 0.539842, 0.400895, 1
0.2825046, 0.5213444, 0.217762, 1
0.4635383, 0.53841, 0.4240796, 1
0.6262475, 0.5300414, 0.6446888, 1
0.4854308, 0.5306364, 0.4733041, 1
0.5623757, 0.5209096, 0.4943982, 1
0.4897118, 0.5425355, 0.3913932, 1
0.5668665, 0.5237858, 0.496459, 1
0.4019183, 0.5450511, 0.3107521, 1
0.536822, 0.5244709, 0.4863604, 1
0.3115254, 0.4948341, 0.1983612, 1
0.4598174, 0.5468039, 0.3486152, 1
0.7210943, 0.5110846, 0.7215571, 1
0.3466753, 0.5339741, 0.3004512, 1
0.5547466, 0.5232489, 0.6123513, 1
0.317273, 0.4985517, 0.2229201, 1
0.6165091, 0.5393042, 0.6969188, 1
0.6560817, 0.5477813, 0.6909976, 1
0.3756244, 0.5486701, 0.3784365, 1
0.5491719, 0.5250152, 0.5609154, 1
0.3146344, 0.5176979, 0.2877608, 1
0.263594, 0.485814, 0.2314474, 1
0.4691061, 0.5342783, 0.4891703, 1
0.4898017, 0.5288896, 0.4688927, 1
0.2879638, 0.4656112, 0.1839128, 1
0.3689905, 0.5374607, 0.3259709, 1
0.6111444, 0.5152533, 0.5642474, 1
0.2776413, 0.4963105, 0.261088, 1
0.6148308, 0.5113672, 0.5758184, 1
0.2778709, 0.4985305, 0.2598044, 1
0.5337525, 0.524384, 0.5780271, 1
0.584289, 0.5347468, 0.6436893, 1
0.6222931, 0.5162494, 0.6106054, 1
0.5500633, 0.5252145, 0.6128103, 1
0.4562102, 0.5351102, 0.4858431, 1
0.4634114, 0.5359952, 0.4721949, 1
0.3735588, 0.5396025, 0.3028566, 1
0.6291689, 0.5287418, 0.6387244, 1
0.416647, 0.5448076, 0.3242933, 1
0.3412948, 0.5209605, 0.281359, 1
0.670889, 0.4976771, 0.74454, 1
0.4028727, 0.5310842, 0.4105683, 1
0.544881, 0.5243698, 0.5898325, 1
0.4648338, 0.5378439, 0.4307461, 1
0.4286839, 0.5446317, 0.3017098, 1
0.5253835, 0.5239069, 0.4937332, 1
0.4699008, 0.541583, 0.3927734, 1
0.4652238, 0.538313, 0.4261921, 1
0.5823517, 0.5193679, 0.5743234, 1
0.3535531, 0.531249, 0.2875121, 1
0.3716674, 0.51946, 0.2478774, 1
0.5284645, 0.5289937, 0.604192, 1
0.6157038, 0.5240839, 0.6214603, 1
0.4847, 0.5323877, 0.5283965, 1
0.6059318, 0.517951, 0.5574986, 1
0.6733402, 0.5155234, 0.626369, 1
0.302998, 0.50275, 0.215687, 1
0.5637746, 0.5286504, 0.4927783, 1
0.5835025, 0.5255547, 0.53723, 1
0.3125961, 0.4934534, 0.2043887, 1
0.5418476, 0.5233817, 0.4888486, 1
0.6246196, 0.539181, 0.6582834, 1
0.6787087, 0.5255067, 0.7409652, 1
0.4114085, 0.5458955, 0.3363234, 1
0.6179788, 0.506459, 0.587647, 1
0.4166373, 0.5396723, 0.2898699, 1
0.5348206, 0.5268751, 0.5660251, 1
0.4823831, 0.5299535, 0.5064276, 1
0.5261871, 0.5298748, 0.5604087, 1
0.5180873, 0.526778, 0.4466712, 1
0.3011619, 0.4953834, 0.2128366, 1
0.3264638, 0.5040357, 0.1959224, 1
0.5312876, 0.5228865, 0.5058401, 1
0.3847022, 0.5439203, 0.3201469, 1
0.3789223, 0.5421163, 0.3253458, 1
0.4629091, 0.5424052, 0.3834807, 1
0.3254209, 0.5336542, 0.3044914, 1
0.4678688, 0.5373513, 0.4488179, 1
0.4626239, 0.5410584, 0.3883497, 1
0.2502741, 0.502247, 0.2129043, 1
0.6054034, 0.5147054, 0.6095382, 1
0.2607853, 0.4915994, 0.1910887, 1
0.5368344, 0.5254074, 0.570556, 1
0.2555579, 0.510853, 0.1868701, 1
0.5125045, 0.5256792, 0.4548661, 1
0.3281721, 0.501994, 0.2481579, 1
0.3507922, 0.5063138, 0.2345657, 1
0.264323, 0.519942, 0.2113638, 1
0.270945, 0.4921033, 0.1797972, 1
0.3211986, 0.4942542, 0.1979686, 1
0.5138033, 0.5256265, 0.5015958, 1
0.668255, 0.539339, 0.6777568, 1
0.43114, 0.5333524, 0.43792, 1
0.4900345, 0.5400575, 0.401455, 1
0.5413006, 0.5258864, 0.5679367, 1
0.4385839, 0.5330908, 0.4637696, 1
0.6513426, 0.5442163, 0.6681668, 1
0.5152346, 0.5294964, 0.5867854, 1
0.3782573, 0.5425369, 0.3164263, 1
0.6109436, 0.5375214, 0.7045803, 1
0.6066171, 0.5067033, 0.5946144, 1
0.3828977, 0.5265435, 0.2727868, 1
0.5018892, 0.5331749, 0.5349963, 1
0.4793471, 0.5481558, 0.3690213, 1
0.5424411, 0.5256691, 0.4788102, 1
0.304518, 0.4979617, 0.2439419, 1
0.4875234, 0.5313237, 0.5365209, 1
0.3299567, 0.5225343, 0.2836409, 1
0.514308, 0.5287631, 0.4421935, 1
0.6348177, 0.5457203, 0.7031407, 1
0.3427124, 0.5333067, 0.3010664, 1
0.6227467, 0.5131795, 0.6071793, 1
0.5229193, 0.5254701, 0.5137758, 1
0.4780372, 0.5392036, 0.4133539, 1
0.6500676, 0.5389029, 0.6565188, 1
0.6406109, 0.5479418, 0.7015088, 1
0.6012056, 0.5214172, 0.5503708, 1
0.6499646, 0.538263, 0.6555476, 1
0.4357204, 0.5312844, 0.473611, 1
0.6666143, 0.5191101, 0.6330181, 1
0.323284, 0.5081069, 0.1925461, 1
0.5532228, 0.5239344, 0.5603387, 1
0.5179801, 0.5306132, 0.535653, 1
0.4583169, 0.5373415, 0.4305156, 1
0.5806709, 0.5397058, 0.653722, 1
0.283151, 0.5080062, 0.1843013, 1
0.3502317, 0.5346206, 0.3359011, 1
0.5494771, 0.52452, 0.54347, 1
0.6336207, 0.5365755, 0.6548231, 1
0.5383763, 0.5251539, 0.529369, 1
0.6062087, 0.5207172, 0.6149937, 1
0.5193156, 0.531803, 0.5597547, 1
0.3270207, 0.5017438, 0.2459799, 1
0.5206077, 0.5262054, 0.5840319, 1
0.279826, 0.4849397, 0.2172379, 1
0.499004, 0.5339046, 0.5538737, 1
0.4546796, 0.5337114, 0.4763092, 1
0.3181432, 0.4969931, 0.2108194, 1
0.3796333, 0.5423905, 0.3309856, 1
0.6213753, 0.5179305, 0.5584182, 1
0.3579466, 0.5348436, 0.3197464, 1
0.5506951, 0.5268726, 0.477886, 1
0.6889511, 0.5168249, 0.7376897, 1
0.5263243, 0.5262491, 0.5213098, 1
0.4853605, 0.534559, 0.4537776, 1
0.3108748, 0.4979269, 0.2542154, 1
0.3649826, 0.5247187, 0.2800665, 1
0.3038085, 0.4972379, 0.260469, 1
0.3656798, 0.5183063, 0.2614823, 1
0.2942879, 0.4745417, 0.1868717, 1
0.4408206, 0.540561, 0.3904384, 1
0.3583821, 0.5351261, 0.3503394, 1
0.3081405, 0.4983622, 0.2374815, 1
0.5520975, 0.523563, 0.5373666, 1
0.5804318, 0.5229101, 0.5257522, 1
0.564019, 0.5182509, 0.6137753, 1
0.5723047, 0.5232732, 0.5018192, 1
0.3681762, 0.5197263, 0.2564604, 1
0.6733699, 0.5409226, 0.7137266, 1
0.4780048, 0.5300432, 0.5355344, 1
0.6139509, 0.5469303, 0.6784347, 1
0.3794036, 0.5247028, 0.2736288, 1
0.545149, 0.5340085, 0.6365616, 1
0.4070707, 0.5427192, 0.3777724, 1
0.4599443, 0.5379559, 0.425692, 1
0.3848305, 0.540357, 0.2966175, 1
0.6651303, 0.5070966, 0.6218632, 1
0.3130659, 0.506263, 0.196621, 1
0.4832597, 0.5355626, 0.4505027, 1
0.6190655, 0.5183852, 0.5560316, 1
0.5038679, 0.5249519, 0.4679992, 1
0.6296108, 0.5061408, 0.5785615, 1
0.6434764, 0.550211, 0.7351083, 1
0.3157742, 0.5211208, 0.2889572, 1
0.4968241, 0.5333924, 0.5226905, 1
0.5249999, 0.527885, 0.5305838, 1
0.5885298, 0.5436549, 0.6596035, 1
0.3272579, 0.5114155, 0.2317018, 1
0.4199412, 0.5350264, 0.3983815, 1
0.3527555, 0.521432, 0.2787621, 1
0.3552688, 0.5356838, 0.304881, 1
0.3566443, 0.5147786, 0.2108804, 1
0.2918466, 0.4956876, 0.2255981, 1
0.3488801, 0.5316414, 0.2899118, 1
0.3653775, 0.5371533, 0.3023077, 1
0.3400636, 0.5054715, 0.2115586, 1
0.4906628, 0.5426019, 0.3903592, 1
0.5462883, 0.5254688, 0.5695437, 1
0.441483, 0.5316675, 0.472005, 1
0.5836526, 0.5440121, 0.6628943, 1
0.2546754, 0.5188718, 0.2192816, 1
0.6255777, 0.5456176, 0.715481, 1
0.461428, 0.5314986, 0.5106432, 1
0.4539683, 0.5365378, 0.4466851, 1
0.3739285, 0.5279687, 0.2807436, 1
0.4999783, 0.5396814, 0.4148194, 1
0.6619692, 0.5311038, 0.6515189, 1
0.289761, 0.4898624, 0.215556, 1
0.3573412, 0.5354823, 0.3425227, 1
0.2907436, 0.4965773, 0.2637517, 1
0.5305244, 0.5294741, 0.6074653, 1
0.3170004, 0.4987948, 0.2577471, 1
0.5002777, 0.5336646, 0.5510285, 1
0.2838331, 0.5207226, 0.1756482, 1
0.4262541, 0.5338508, 0.4216331, 1
0.4530843, 0.5360053, 0.438418, 1
0.4699227, 0.54391, 0.3800868, 1
0.3848612, 0.5454281, 0.3439496, 1
0.5427451, 0.5245599, 0.5801942, 1
0.3976931, 0.5463752, 0.3182298, 1
0.2968391, 0.4948628, 0.1968275, 1
0.617494, 0.5081866, 0.5987374, 1
0.6912194, 0.5055393, 0.734951, 1
0.5808138, 0.5226595, 0.5687802, 1
0.5199913, 0.5302046, 0.5656865, 1
0.540758, 0.521454, 0.5169592, 1
0.569548, 0.5179829, 0.6182926, 1
0.5506595, 0.5232157, 0.4837912, 1
0.3189393, 0.4990551, 0.2596502, 1
0.4491004, 0.5388751, 0.4036863, 1
0.3315932, 0.5026585, 0.2518961, 1
0.4664181, 0.5381833, 0.4272633, 1
0.5690652, 0.5256905, 0.631071, 1
0.4264364, 0.5359402, 0.4094481, 1
0.4909647, 0.5316259, 0.4599303, 1
0.5219413, 0.5291343, 0.5350457, 1
0.5110783, 0.5249722, 0.4762286, 1
0.4868422, 0.5280955, 0.4945511, 1
0.5930836, 0.5178434, 0.6182027, 1
0.5981231, 0.509497, 0.5939457, 1
0.480512, 0.5363019, 0.4496458, 1
0.4822026, 0.5398872, 0.4281, 1
0.3056488, 0.4968243, 0.2662844, 1
0.3827433, 0.5435572, 0.3134445, 1
0.6904271, 0.5304458, 0.6896212, 1
0.6033301, 0.5343921, 0.6435547, 1
0.5773712, 0.5220773, 0.5257538, 1
0.5184599, 0.5296829, 0.5920669, 1
0.5202352, 0.5247865, 0.4889044, 1
0.4149697, 0.5436537, 0.3609787, 1
0.3384462, 0.5037148, 0.2505747, 1
0.56096, 0.5218723, 0.5751709, 1
0.2836226, 0.5231484, 0.2183295, 1
0.323868, 0.5118376, 0.187412, 1
0.5138991, 0.5316594, 0.5324821, 1
0.4913127, 0.533656, 0.4433994, 1
0.2762619, 0.4845488, 0.2026916, 1
0.3484105, 0.5113158, 0.2679102, 1
0.3660104, 0.5369381, 0.298029, 1
0.2725881, 0.4967598, 0.17172, 1
0.4674383, 0.5377081, 0.4401498, 1
0.3043076, 0.4983561, 0.2324966, 1
0.346016, 0.5057769, 0.235889, 1
0.3647632, 0.5092379, 0.2249578, 1
0.3296506, 0.5022776, 0.2179487, 1
0.371358, 0.5381988, 0.3451892, 1
0.2940761, 0.4999053, 0.2184204, 1
0.4020798, 0.5305433, 0.2698109, 1
0.6054087, 0.5205726, 0.6151526, 1
0.2488463, 0.5068117, 0.2082837, 1
0.4418402, 0.5397882, 0.3962818, 1
0.5375597, 0.5242922, 0.57609, 1
0.3715117, 0.5175507, 0.2411393, 1
0.659012, 0.5086926, 0.6219804, 1
0.489781, 0.5359127, 0.4385077, 1
0.6670429, 0.5309004, 0.6550854, 1
0.3640613, 0.5352919, 0.3537585, 1
0.5402834, 0.5304238, 0.4588735, 1
0.7040929, 0.5257574, 0.6803906, 1
0.5350772, 0.5255738, 0.5916004, 1
0.6219038, 0.5115634, 0.605024, 1
0.4135473, 0.5394997, 0.2891688, 1
0.3184556, 0.5029631, 0.2083454, 1
0.4951709, 0.5400774, 0.407929, 1
0.3309357, 0.5023898, 0.2594778, 1
0.4429552, 0.5357161, 0.4345046, 1
0.324876, 0.5064384, 0.2772875, 1
0.6216482, 0.5070553, 0.5953581, 1
0.563193, 0.5222598, 0.5706319, 1
0.3744638, 0.515296, 0.2354862, 1
0.4818853, 0.5395263, 0.4311833, 1
0.4962723, 0.5306118, 0.452044, 1
0.4059301, 0.5460761, 0.3388867, 1
0.4370418, 0.5403198, 0.3923543, 1
0.6620135, 0.543943, 0.7156566, 1
0.4758452, 0.5357231, 0.4685218, 1
0.7154198, 0.5116784, 0.724806, 1
0.2707093, 0.5220911, 0.1732824, 1
0.3584183, 0.515486, 0.2704518, 1
0.440641, 0.5381694, 0.4109611, 1
0.3988828, 0.541934, 0.3935427, 1
0.6561724, 0.5338761, 0.6520377, 1
0.6278765, 0.5093958, 0.6032779, 1
0.6304075, 0.5059447, 0.5944098, 1
0.3405396, 0.5060861, 0.1936027, 1
0.428417, 0.543222, 0.3675429, 1
0.3518865, 0.5332735, 0.3274261, 1
0.3438313, 0.5127556, 0.203502, 1
0.4932735, 0.5402341, 0.3995764, 1
0.5349205, 0.526486, 0.4703509, 1
0.4774189, 0.5361208, 0.4546587, 1
0.3926349, 0.5465949, 0.3342664, 1
0.5413814, 0.5304753, 0.4634954, 1
0.256701, 0.4968424, 0.1950194, 1
0.5962234, 0.5387586, 0.6506175, 1
0.4939384, 0.5277271, 0.4965055, 1
0.3325853, 0.5315813, 0.2967596, 1
0.4976782, 0.5395123, 0.4037545, 1
0.5987447, 0.5239826, 0.6193995, 1
0.319602, 0.5257259, 0.19511, 1
0.51908, 0.5318985, 0.5562204, 1
0.5650029, 0.5253448, 0.4939462, 1
0.3679114, 0.5356399, 0.2936028, 1
0.679541, 0.5260121, 0.7402441, 1
0.4838668, 0.5466698, 0.3750122, 1
0.5700102, 0.5207685, 0.5268318, 1
0.4385831, 0.5367901, 0.4138444, 1
0.4536243, 0.5337422, 0.4810905, 1
0.542617, 0.5199289, 0.5092711, 1
0.5381838, 0.5247728, 0.5738579, 1
0.6457764, 0.5319932, 0.6457114, 1
0.476929, 0.5372029, 0.4468716, 1
0.5568863, 0.525739, 0.4828296, 1
0.5906031, 0.5442547, 0.6612487, 1
0.5054693, 0.5252026, 0.4858369, 1
0.2723116, 0.5152556, 0.2029115, 1
0.4923992, 0.5318962, 0.4533441, 1
0.5706419, 0.5387887, 0.6553781, 1
0.4154011, 0.5417276, 0.2944257, 1
0.5682311, 0.5344479, 0.6687961, 1
0.3360943, 0.5037059, 0.2100608, 1
0.519192, 0.5260663, 0.4479755, 1
0.292123, 0.4820243, 0.1697455, 1
0.5970796, 0.5211315, 0.5580912, 1
0.597657, 0.5221502, 0.5409222, 1
0.3590364, 0.5342859, 0.2925424, 1
0.591466, 0.5316469, 0.6323007, 1
0.4708327, 0.5374948, 0.4461229, 1
0.4327322, 0.538244, 0.4011324, 1
0.4908621, 0.5259236, 0.4834962, 1
0.4010128, 0.5371752, 0.2851806, 1
0.6076411, 0.5397192, 0.658907, 1
0.7147022, 0.5218075, 0.7108951, 1
0.503105, 0.5275998, 0.5012144, 1
0.5277023, 0.5235987, 0.4978989, 1
0.5868008, 0.5108902, 0.594991, 1
0.4702355, 0.5393819, 0.4207072, 1
0.5513384, 0.5242321, 0.5608464, 1
0.48663, 0.5276319, 0.4886672, 1
0.657878, 0.5024747, 0.6067837, 1
0.4146397, 0.5435691, 0.3053731, 1
0.5090364, 0.5307807, 0.4308386, 1
0.4730948, 0.5307137, 0.5109214, 1
0.6031086, 0.514273, 0.5681586, 1
0.2691927, 0.4822799, 0.221625, 1
0.3881715, 0.5436745, 0.3936796, 1
0.484258, 0.5412926, 0.3992011, 1
0.4536198, 0.5465868, 0.3537379, 1
0.6370404, 0.5285281, 0.6348172, 1
0.4570796, 0.5390948, 0.4057549, 1
0.4294758, 0.5451623, 0.3378428, 1
0.3371405, 0.5015693, 0.2013861, 1
0.663454, 0.5454348, 0.7070333, 1
0.5920194, 0.5123643, 0.6127651, 1
0.5544952, 0.518859, 0.5968368, 1
0.564937, 0.526254, 0.6303411, 1
0.3418, 0.5077402, 0.2670638, 1
0.2561048, 0.4985258, 0.2341988, 1
0.498666, 0.5303127, 0.4497796, 1
0.3262202, 0.5018519, 0.2374497, 1
0.3259672, 0.505079, 0.2034983, 1
0.6416857, 0.5396575, 0.6603113, 1
0.5621458, 0.5236633, 0.5414737, 1
0.345136, 0.5080566, 0.2578369, 1
0.400772, 0.5469775, 0.3238064, 1
0.3859056, 0.544439, 0.3251552, 1
0.3714686, 0.5409343, 0.3152736, 1
0.3163334, 0.4998589, 0.2413079, 1
0.4591471, 0.5414737, 0.3870554, 1
0.4573408, 0.5366116, 0.4376354, 1
0.2761887, 0.4890864, 0.2264847, 1
0.6704194, 0.5226094, 0.6394926, 1
0.6919968, 0.5293829, 0.6929185, 1
0.6971926, 0.5266994, 0.6674886, 1
0.2802002, 0.4729098, 0.2018371, 1
0.4290076, 0.5438951, 0.3670051, 1
0.6450521, 0.5086942, 0.6144636, 1
0.4784895, 0.5395591, 0.4198268, 1
0.2953415, 0.5115066, 0.236976, 1
0.3968917, 0.5470368, 0.3362983, 1
0.4740525, 0.5455676, 0.3765198, 1
0.6861385, 0.530615, 0.6649645, 1
0.3617456, 0.5169213, 0.2621074, 1
0.5569876, 0.5304676, 0.6385944, 1
0.558027, 0.5192499, 0.5907815, 1
0.3896383, 0.5443463, 0.3498876, 1
0.5473669, 0.5253102, 0.5645248, 1
0.2875387, 0.50876, 0.2282961, 1
0.5204117, 0.5246367, 0.5026466, 1
0.3011998, 0.5066999, 0.1865021, 1
0.6036202, 0.5206155, 0.5497217, 1
0.4224109, 0.5423844, 0.3766744, 1
0.4038078, 0.5311171, 0.4126283, 1
0.4554644, 0.5365917, 0.4352095, 1
0.2961541, 0.4950668, 0.2781401, 1
0.4819781, 0.5287532, 0.4893955, 1
0.6039916, 0.5091954, 0.6036065, 1
0.6988809, 0.5255944, 0.6682029, 1
0.5937153, 0.5287146, 0.6268492, 1
0.3744806, 0.5254654, 0.2781308, 1
0.5547777, 0.528783, 0.6277102, 1
0.4281181, 0.5365259, 0.3985257, 1
0.3822576, 0.5436062, 0.3296096, 1
0.4480738, 0.5368317, 0.426977, 1
0.6225093, 0.5468844, 0.6800994, 1
0.3551467, 0.5334946, 0.2918275, 1
0.4722938, 0.5470209, 0.3704088, 1
0.5281749, 0.5277686, 0.4463952, 1
0.4365986, 0.5425444, 0.3743143, 1
0.4564085, 0.5390742, 0.4066188, 1
0.690249, 0.5217984, 0.7353902, 1
0.3834944, 0.5261031, 0.2700718, 1
0.3969716, 0.5464694, 0.3195006, 1
0.6641942, 0.5370556, 0.7472816, 1
0.5321084, 0.5283061, 0.4624169, 1
0.3495875, 0.5176805, 0.277737, 1
0.3470753, 0.5337992, 0.3344128, 1
0.4805743, 0.5436244, 0.383461, 1
0.3356102, 0.5048636, 0.263621, 1
0.5791236, 0.5230896, 0.5287413, 1
0.389832, 0.5292663, 0.2670964, 1
0.6353276, 0.5457106, 0.6982738, 1
0.6831906, 0.5340954, 0.7290435, 1
0.4380527, 0.5388382, 0.4015205, 1
0.6282302, 0.5067167, 0.5966144, 1
0.5494702, 0.5211302, 0.5991818, 1
0.5553786, 0.5287561, 0.6283824, 1
0.5292329, 0.5249738, 0.5755812, 1
0.2722893, 0.4830727, 0.2105797, 1
0.6810296, 0.5154063, 0.6259192, 1
0.3006839, 0.4975589, 0.2514955, 1
0.6006272, 0.5184566, 0.559688, 1
0.3382284, 0.5301683, 0.2911144, 1
0.3964677, 0.535403, 0.281571, 1
0.307931, 0.4977622, 0.2520979, 1
0.3269787, 0.5099924, 0.1979082, 1
0.5613353, 0.5309546, 0.6478716, 1
0.3314007, 0.5098569, 0.2202551, 1
0.4494099, 0.5327504, 0.4764048, 1
0.6671553, 0.5430841, 0.687363, 1
0.5900258, 0.5462243, 0.6732271, 1
0.5139055, 0.5321361, 0.5637333, 1
0.2777479, 0.4982837, 0.1778891, 1
0.5501897, 0.5218422, 0.5922142, 1
0.6525016, 0.5479696, 0.6835994, 1
0.5483368, 0.5246795, 0.5750196, 1
0.600553, 0.5335171, 0.636928, 1
0.2651024, 0.5139813, 0.2346223, 1
0.3491445, 0.5339118, 0.308363, 1
0.6174497, 0.5108269, 0.6028242, 1
0.3654742, 0.513275, 0.2392697, 1
0.4667013, 0.5459471, 0.3616651, 1
0.6039826, 0.5079665, 0.5917679, 1
0.4631891, 0.5368986, 0.4596299, 1
0.647144, 0.5485943, 0.7281995, 1
0.2601142, 0.5183306, 0.2013646, 1
0.4962829, 0.5400345, 0.3982565, 1
0.4207959, 0.5449495, 0.354324, 1
0.3632093, 0.5456631, 0.3687899, 1
0.3507037, 0.5142352, 0.2736681, 1
0.4012656, 0.5442318, 0.3068005, 1
0.4187016, 0.5409194, 0.3841335, 1
0.4346155, 0.5321543, 0.4576396, 1
0.5389758, 0.5268168, 0.5605848, 1
0.3102852, 0.5010942, 0.2804012, 1
0.5308768, 0.5269345, 0.546101, 1
0.5177608, 0.5248121, 0.4950347, 1
0.3531742, 0.5096174, 0.2514973, 1
0.6594079, 0.5249233, 0.7591015, 1
0.5489637, 0.5190701, 0.5113779, 1
0.2873749, 0.4804241, 0.1806756, 1
0.5996807, 0.52101, 0.5547941, 1
0.459693, 0.5430334, 0.3782029, 1
0.4687757, 0.5383349, 0.4276082, 1
0.50565, 0.5256168, 0.4896532, 1
0.3460298, 0.5330961, 0.3048197, 1
0.5052424, 0.5350558, 0.4223691, 1
0.3176058, 0.4991845, 0.2535525, 1
0.2697386, 0.4887027, 0.2111753, 1
0.2771259, 0.5199162, 0.1668606, 1
0.6288206, 0.5443676, 0.6877556, 1
0.5375649, 0.5255455, 0.5422926, 1
0.3193734, 0.5012952, 0.2389194, 1
0.5555865, 0.5229418, 0.4854008, 1
0.4843518, 0.53253, 0.5273939, 1
0.5360997, 0.5296167, 0.4532194, 1
0.5950882, 0.5100487, 0.5945613, 1
0.6745408, 0.5252979, 0.7445255, 1
0.691742, 0.534462, 0.7107886, 1
0.4759383, 0.5331867, 0.4878121, 1
0.6712787, 0.5427817, 0.6890911, 1
0.4196777, 0.5448912, 0.33787, 1
0.385303, 0.5390073, 0.2935855, 1
0.2938552, 0.4692777, 0.1845513, 1
0.5184279, 0.530852, 0.5380666, 1
0.4534996, 0.5389802, 0.4095252, 1
0.3221951, 0.51533, 0.2834132, 1
0.3798347, 0.5332026, 0.2844779, 1
0.4533352, 0.5458161, 0.3437082, 1
0.3697125, 0.5400368, 0.3170381, 1
0.5678603, 0.5210609, 0.5296717, 1
0.2685756, 0.4812739, 0.1990498, 1
0.6722796, 0.5248728, 0.6462919, 1
0.6511912, 0.5232463, 0.6374431, 1
0.413112, 0.5326892, 0.4433093, 1
0.3503922, 0.5059744, 0.2368902, 1
0.6304961, 0.5262439, 0.6303031, 1
0.5936487, 0.5101916, 0.5949917, 1
0.2431921, 0.503977, 0.2168162, 1
0.3954309, 0.5424107, 0.2984841, 1
0.6217763, 0.5330426, 0.6510616, 1
0.2904335, 0.5001464, 0.1920906, 1
0.4483251, 0.5447957, 0.335124, 1
0.5241544, 0.5256073, 0.5761235, 1
0.6404025, 0.5051796, 0.6031271, 1
0.5843877, 0.5419362, 0.6843866, 1
0.5537124, 0.5191975, 0.6007054, 1
0.4764066, 0.5333216, 0.4869559, 1
0.6028836, 0.5434383, 0.6629393, 1
0.2451681, 0.5090289, 0.2118009, 1
0.6649896, 0.5451841, 0.7045043, 1
0.3585545, 0.5366004, 0.3019858, 1
0.5191931, 0.5296819, 0.527802, 1
0.568858, 0.5255383, 0.5485584, 1
0.3595903, 0.5351173, 0.3515643, 1
0.3283603, 0.5087588, 0.2774668, 1
0.2914049, 0.4972597, 0.2493117, 1
0.4031854, 0.5330039, 0.4070864, 1
0.4036359, 0.5448077, 0.3471033, 1
0.4905778, 0.5263767, 0.4772055, 1
0.4229215, 0.5448269, 0.3363365, 1
0.5108911, 0.5320652, 0.5291251, 1
0.6140977, 0.5228115, 0.6184328, 1
0.5495358, 0.5249501, 0.5517179, 1
0.6350874, 0.5330792, 0.6477683, 1
0.677281, 0.5336847, 0.7368415, 1
0.5644327, 0.5340519, 0.6517569, 1
0.4265435, 0.542591, 0.3744915, 1
0.491594, 0.5402004, 0.418826, 1
0.5496234, 0.5236619, 0.583823, 1
0.3121704, 0.5192631, 0.2296218, 1
0.4833564, 0.5284134, 0.4911548, 1
0.4191414, 0.5447188, 0.3572049, 1
0.3829668, 0.5261911, 0.2526612, 1
0.5162389, 0.5266304, 0.4473123, 1
0.4308709, 0.5457742, 0.3494877, 1
0.3096955, 0.5035005, 0.2472515, 1
0.3557251, 0.5242388, 0.2798018, 1
0.4902146, 0.539649, 0.4117365, 1
0.3042158, 0.4787325, 0.1885076, 1
0.4311762, 0.5338293, 0.4248843, 1
0.5051088, 0.5270818, 0.4992188, 1
0.3598657, 0.5344008, 0.3355606, 1
0.4858215, 0.5301371, 0.5137174, 1
0.6096265, 0.5417728, 0.6935936, 1
0.3852293, 0.5396316, 0.2950167, 1
0.5183734, 0.5316669, 0.5496033, 1
0.6396047, 0.5454046, 0.6685989, 1
0.4077566, 0.539104, 0.3920421, 1
0.5248286, 0.5288294, 0.5441782, 1
0.5340608, 0.5293119, 0.4510992, 1
0.5710378, 0.5136672, 0.5939182, 1
0.4640554, 0.5469363, 0.3487749, 1
0.5995085, 0.5445569, 0.6889866, 1
0.4426861, 0.5341575, 0.4604291, 1
0.6539024, 0.5480828, 0.6852599, 1
0.6228393, 0.5262788, 0.630815, 1
0.4091106, 0.5417743, 0.3767121, 1
0.5330269, 0.5227727, 0.5126398, 1
0.5494286, 0.5226783, 0.5901005, 1
0.5052466, 0.5316098, 0.4284884, 1
0.6522932, 0.5219917, 0.6361775, 1
0.403915, 0.5404696, 0.2923159, 1
0.5334363, 0.5271238, 0.4680094, 1
0.6482622, 0.5165386, 0.6272909, 1
0.4786051, 0.5473027, 0.3726182, 1
0.3562709, 0.5087555, 0.2227599, 1
0.4859254, 0.5436894, 0.3833753, 1
0.5769793, 0.5393493, 0.6543939, 1
0.3653635, 0.5352101, 0.2929384, 1
0.4083039, 0.5419316, 0.3825284, 1
0.2959076, 0.4950224, 0.2811594, 1
0.4287983, 0.5441142, 0.307068, 1
0.2987127, 0.5112438, 0.192582, 1
0.5499391, 0.5274365, 0.6181774, 1
0.4664785, 0.5305021, 0.5075865, 1
0.5578834, 0.5299252, 0.6378155, 1
0.544093, 0.522765, 0.5230157, 1
0.3263568, 0.5308825, 0.2958287, 1
0.5320652, 0.5267639, 0.5446818, 1
0.2868372, 0.4743863, 0.1989969, 1
0.6630601, 0.5405249, 0.6778741, 1
0.2525399, 0.4630522, 0.1954894, 1
0.3464309, 0.5327713, 0.2941279, 1
0.3784279, 0.5417927, 0.3301749, 1
0.3292005, 0.5329813, 0.3013023, 1
0.5313836, 0.5240725, 0.4902028, 1
0.6585118, 0.5379949, 0.6598814, 1
0.2980579, 0.5046122, 0.2592717, 1
0.3922914, 0.5445972, 0.3506797, 1
0.2928201, 0.4975561, 0.1948307, 1
0.6603331, 0.5304729, 0.6497693, 1
0.4504707, 0.5435825, 0.3761509, 1
0.5468507, 0.5245619, 0.5780277, 1
0.4384643, 0.5337821, 0.4445222, 1
0.3705421, 0.5391194, 0.3040996, 1
0.5055703, 0.5250818, 0.4681887, 1
0.6389202, 0.5304571, 0.6391988, 1
0.4679724, 0.5395502, 0.4053394, 1
0.4061307, 0.5417009, 0.3679043, 1
0.2740198, 0.4871778, 0.2057467, 1
0.4006701, 0.5330989, 0.4084612, 1
0.5237724, 0.5258585, 0.5173798, 1
0.5905874, 0.5254607, 0.5428982, 1
0.3641183, 0.5355873, 0.2935696, 1
0.4284064, 0.5416053, 0.3796187, 1
0.5247502, 0.5288677, 0.5442028, 1
0.495573, 0.5395665, 0.404667, 1
0.6367217, 0.5479389, 0.6823252, 1
0.4280245, 0.5451729, 0.3342676, 1
0.2793894, 0.4659929, 0.1954516, 1
0.2837377, 0.4957514, 0.2366961, 1
0.4632099, 0.5451749, 0.3664209, 1
0.3879647, 0.5441537, 0.3095214, 1
0.4593277, 0.5401065, 0.3916293, 1
0.349091, 0.5330623, 0.2935795, 1
0.565267, 0.518028, 0.5186506, 1
0.5254407, 0.5256041, 0.5866985, 1
0.4623816, 0.5399974, 0.3954868, 1
0.2788969, 0.4785208, 0.1957458, 1
0.3641011, 0.5372729, 0.3183303, 1
0.4278283, 0.5314752, 0.4483407, 1
0.4275191, 0.5444375, 0.3262104, 1
0.5928369, 0.5105247, 0.5927233, 1
0.4318993, 0.5373301, 0.4055782, 1
0.3851585, 0.5311412, 0.280047, 1
0.3256578, 0.5017935, 0.2259146, 1
0.3948837, 0.5409648, 0.2946996, 1
0.6119495, 0.5291793, 0.6349746, 1
0.4862136, 0.5311338, 0.4689789, 1
0.474979, 0.5365358, 0.4624943, 1
0.3944238, 0.5468928, 0.3801978, 1
0.4227814, 0.5452979, 0.3509792, 1
0.5127779, 0.5251793, 0.4749066, 1
0.4574505, 0.538071, 0.4224376, 1
0.6146029, 0.5380885, 0.6580881, 1
0.2352535, 0.5017371, 0.2087641, 1
0.5993097, 0.5134702, 0.5766117, 1
0.6471316, 0.5442744, 0.6657298, 1
0.3167841, 0.5118327, 0.1792646, 1
0.5547075, 0.5226029, 0.5832331, 1
0.392489, 0.545799, 0.3675751, 1
0.4785969, 0.5410126, 0.4003334, 1
0.5387093, 0.521693, 0.5161889, 1
0.3390663, 0.5244853, 0.2835636, 1
0.6930946, 0.5309956, 0.7024581, 1
0.4478954, 0.5450766, 0.3674042, 1
0.3547318, 0.5081547, 0.2442543, 1
0.611999, 0.5136464, 0.6061801, 1
0.4817473, 0.5394262, 0.4108325, 1
0.5758076, 0.5256171, 0.5625001, 1
0.6366857, 0.5299288, 0.6380688, 1
0.4467197, 0.5412995, 0.3901452, 1
0.4175098, 0.5418591, 0.3754911, 1
0.6035215, 0.5440323, 0.6643326, 1
0.4538834, 0.5378947, 0.4251042, 1
0.5368542, 0.5242102, 0.5791502, 1
0.2678444, 0.4794625, 0.1936026, 1
0.5670254, 0.5246422, 0.6278443, 1
0.2873481, 0.5048601, 0.2208904, 1
0.6448268, 0.5469409, 0.6734082, 1
0.3357573, 0.5156472, 0.2177563, 1
0.3015895, 0.5017356, 0.1700739, 1
0.4254079, 0.5348672, 0.4178072, 1
0.2904242, 0.520213, 0.2147254, 1
0.6513066, 0.5076557, 0.5880862, 1
0.3087566, 0.5128561, 0.237283, 1
0.4131393, 0.5432432, 0.3617409, 1
0.2442, 0.4671804, 0.1983804, 1
0.452977, 0.5335451, 0.4706641, 1
0.5540772, 0.5245755, 0.5442055, 1
0.5546807, 0.526465, 0.6225999, 1
0.6135545, 0.5383247, 0.7066193, 1
0.4635687, 0.5370033, 0.4533052, 1
0.4682667, 0.5363144, 0.5247026, 1
0.5027969, 0.5312631, 0.5694066, 1
0.2909139, 0.4708248, 0.1738432, 1
0.5758772, 0.5140484, 0.609242, 1
0.3666548, 0.5373926, 0.2991224, 1
0.5030246, 0.5332651, 0.5328149, 1
0.4256254, 0.5447565, 0.3282994, 1
0.4044637, 0.5436935, 0.3805554, 1
0.4375744, 0.5457159, 0.3600145, 1
0.4137032, 0.5420005, 0.3646773, 1
0.6581092, 0.5412742, 0.6699489, 1
0.4927956, 0.5310709, 0.4576732, 1
0.2607825, 0.4612936, 0.1794075, 1
0.5453269, 0.5336929, 0.6337025, 1
0.4552569, 0.5384877, 0.4128013, 1
0.6444969, 0.5217562, 0.6310639, 1
0.6340116, 0.5457552, 0.7063593, 1
0.5208883, 0.5302438, 0.5651432, 1
0.6831538, 0.5176271, 0.7415296, 1
0.6224419, 0.5336166, 0.6517974, 1
0.537753, 0.5273601, 0.5573581, 1
0.6047855, 0.5312186, 0.633371, 1
0.4042914, 0.5437649, 0.3804215, 1
0.5077444, 0.527823, 0.5128859, 1
0.5489269, 0.5210839, 0.4941953, 1
0.6035115, 0.5469185, 0.6778288, 1
0.3266777, 0.5234913, 0.1984442, 1
0.4786479, 0.5316102, 0.5207466, 1
0.4706281, 0.5370519, 0.461195, 1
0.5895599, 0.5395555, 0.6502235, 1
0.5588675, 0.5298855, 0.6428999, 1
0.5868152, 0.5247589, 0.5349206, 1
0.3350705, 0.5321932, 0.3016624, 1
0.5676364, 0.5245216, 0.4972714, 1
0.3933894, 0.5467028, 0.33189, 1
0.4159503, 0.5342262, 0.3997784, 1
0.4026843, 0.5326239, 0.424129, 1
0.3493018, 0.5336118, 0.3299541, 1
0.6640525, 0.5309206, 0.7532376, 1
0.3243871, 0.5008484, 0.2577431, 1
0.3975668, 0.5432339, 0.3617238, 1
0.6570451, 0.5239893, 0.6401073, 1
0.589254, 0.5334305, 0.6971533, 1
0.56367, 0.5296239, 0.6451407, 1
0.3593478, 0.5082497, 0.2267949, 1
0.5916748, 0.5257021, 0.5461037, 1
0.4214881, 0.5433316, 0.3701747, 1
0.6192589, 0.5061905, 0.5883534, 1
0.3826784, 0.5252456, 0.2675749, 1
0.4330784, 0.5459172, 0.340117, 1
0.53413, 0.5252302, 0.5230384, 1
0.2837046, 0.5095407, 0.1697611, 1
0.4155676, 0.5448545, 0.3477542, 1
0.5678958, 0.5214807, 0.5766723, 1
0.357325, 0.5077913, 0.2351367, 1
0.3457647, 0.5288922, 0.2869642, 1
0.4203702, 0.5341561, 0.4166819, 1
0.6174223, 0.5276225, 0.6347794, 1
0.3857684, 0.527245, 0.26924, 1
0.5901762, 0.5107343, 0.5984441, 1
0.6635426, 0.5249118, 0.6419113, 1
0.3812865, 0.5372632, 0.2905142, 1
0.3269199, 0.5269072, 0.2889095, 1
0.4990557, 0.5250464, 0.4714529, 1
0.3936235, 0.5471386, 0.377439, 1
0.5819274, 0.5436442, 0.6752761, 1
0.4102296, 0.5411952, 0.3761089, 1
0.5685679, 0.5265664, 0.6328611, 1
0.5832768, 0.5429702, 0.6600353, 1
0.4750144, 0.5305365, 0.5124086, 1
0.5091183, 0.5323567, 0.5374039, 1
0.6497173, 0.5276665, 0.6417789, 1
0.545112, 0.520547, 0.4998871, 1
0.6543772, 0.517918, 0.6313414, 1
0.2823277, 0.4904309, 0.1732065, 1
0.5094692, 0.5299763, 0.4384197, 1
0.3706484, 0.5394359, 0.3208666, 1
0.2959425, 0.492192, 0.2044644, 1
0.376958, 0.5422235, 0.3083166, 1
0.6094065, 0.5455903, 0.6704224, 1
0.589937, 0.5372648, 0.6448207, 1
0.5370048, 0.5256266, 0.5256749, 1
0.6723878, 0.5237216, 0.7475788, 1
0.5226436, 0.5277767, 0.5267953, 1
0.6109499, 0.5196077, 0.5487161, 1
0.5066687, 0.5246084, 0.4773489, 1
0.3697638, 0.5483797, 0.3785315, 1
0.2790471, 0.4822075, 0.1871504, 1
0.5086678, 0.5312953, 0.5218271, 1
0.5264693, 0.5268199, 0.4615837, 1
0.5499715, 0.5235316, 0.5365072, 1
0.2768375, 0.4830741, 0.1663909, 1
0.4212563, 0.5446206, 0.3378239, 1
0.2889976, 0.4970616, 0.2532292, 1
0.3912847, 0.5400436, 0.2942092, 1
0.2763113, 0.5150115, 0.1774044, 1
0.2796814, 0.5161836, 0.2347219, 1
0.4842306, 0.5358329, 0.4468357, 1
0.690402, 0.5259922, 0.6516857, 1
0.3586954, 0.5348861, 0.3203326, 1
0.6249414, 0.517428, 0.6128408, 1
0.5971357, 0.5093034, 0.5988181, 1
0.5129468, 0.5274207, 0.5138831, 1
0.3385901, 0.5183637, 0.2802273, 1
0.4872859, 0.5396647, 0.4082491, 1
0.3550723, 0.5117658, 0.2057841, 1
0.4490998, 0.5371124, 0.424502, 1
0.5395285, 0.5248764, 0.4829036, 1
0.5628838, 0.517085, 0.5103866, 1
0.3263363, 0.5294291, 0.2930641, 1
0.5233971, 0.5306373, 0.5552516, 1
0.4025083, 0.5381063, 0.287486, 1
0.3507161, 0.512563, 0.269645, 1
0.577827, 0.5250243, 0.5641677, 1
0.3324647, 0.5325857, 0.3055244, 1
0.331483, 0.5055004, 0.2720473, 1
0.3499214, 0.532451, 0.2909906, 1
0.5806797, 0.5113043, 0.5998156, 1
0.285376, 0.493761, 0.2280792, 1
0.4481359, 0.5324053, 0.4749596, 1
0.4140714, 0.5438302, 0.3068729, 1
0.5846001, 0.524709, 0.5641816, 1
0.4725322, 0.5444753, 0.3791416, 1
0.4456454, 0.5464427, 0.3572533, 1
0.2820354, 0.4791959, 0.1888029, 1
0.3561273, 0.516906, 0.2745468, 1
0.3636269, 0.5370896, 0.3059078, 1
0.3239395, 0.5076781, 0.2232001, 1
0.6783919, 0.5108606, 0.745387, 1
0.6910133, 0.5171411, 0.736221, 1
0.6634655, 0.507555, 0.621908, 1
0.6393777, 0.5482537, 0.6878614, 1
0.3166859, 0.5216711, 0.288833, 1
0.3738839, 0.5427833, 0.361277, 1
0.5519482, 0.5196415, 0.5203079, 1
0.5307868, 0.5283144, 0.4585688, 1
0.6110855, 0.543757, 0.665533, 1
0.3187239, 0.5004081, 0.2354204, 1
0.389412, 0.5377114, 0.2897224, 1
0.6322707, 0.545352, 0.6877018, 1
0.4721864, 0.5345683, 0.4865662, 1
0.4902525, 0.5320221, 0.4605221, 1
0.3245994, 0.5256038, 0.2885648, 1
0.5085132, 0.5316402, 0.5233695, 1
0.5989062, 0.5095083, 0.6041071, 1
0.3448538, 0.5089566, 0.2632494, 1
0.6005259, 0.5262023, 0.622143, 1
0.2649791, 0.5026571, 0.186089, 1
0.638677, 0.5469357, 0.70279, 1
0.5293055, 0.5290728, 0.4417516, 1
0.4826684, 0.529779, 0.5037457, 1
0.513484, 0.5317777, 0.5358815, 1
0.4167971, 0.5443257, 0.3159394, 1
0.4002558, 0.5467754, 0.3382815, 1
0.4425797, 0.5348038, 0.4466834, 1
0.373979, 0.5484794, 0.377498, 1
0.5135632, 0.5318363, 0.5385644, 1
0.3127287, 0.4961927, 0.2115525, 1
0.3735229, 0.5405246, 0.3054051, 1
0.4711111, 0.5357815, 0.4762939, 1
0.4425069, 0.5410609, 0.3889309, 1
0.3609473, 0.5285194, 0.2821434, 1
0.6193677, 0.5326019, 0.6508473, 1
0.4500021, 0.5347801, 0.4616647, 1
0.6328223, 0.5318671, 0.6443467, 1
0.640294, 0.5461818, 0.6702104, 1
0.5673807, 0.5169573, 0.5098127, 1
0.5863938, 0.5452288, 0.6663453, 1
0.6587088, 0.5380954, 0.6603704, 1
0.4762774, 0.5425202, 0.3927908, 1
0.3739898, 0.5411332, 0.3185734, 1
0.4261909, 0.5441516, 0.3215835, 1
0.365132, 0.5361867, 0.3268735, 1
0.4041994, 0.5462981, 0.3386837, 1
0.605645, 0.5452132, 0.6684152, 1
0.5979347, 0.5228924, 0.6187378, 1
0.5932834, 0.5124334, 0.5807144, 1
0.530647, 0.5237284, 0.4942709, 1
0.5518535, 0.5255661, 0.4801705, 1
0.5199911, 0.5261455, 0.4608872, 1
0.4021829, 0.5469208, 0.3239935, 1
0.5933971, 0.5369324, 0.6441424, 1
0.4491588, 0.5368934, 0.428992, 1
0.5759274, 0.5433513, 0.6658523, 1
0.3196037, 0.5187373, 0.2856838, 1
0.5619141, 0.5270844, 0.6307081, 1
0.6483704, 0.5237634, 0.6367432, 1
0.6541168, 0.5424615, 0.6671102, 1
0.5657374, 0.5190537, 0.5222459, 1
0.4689201, 0.5422739, 0.3854031, 1
0.5858245, 0.5203109, 0.6222635, 1
0.5901985, 0.5433219, 0.658773, 1
0.4662036, 0.5458045, 0.3621705, 1
0.5155426, 0.5259513, 0.4511976, 1
0.5170526, 0.5289803, 0.5891694, 1
0.3414704, 0.5322156, 0.2961442, 1
0.5656486, 0.5176042, 0.5165662, 1
0.677896, 0.5394494, 0.6990001, 1
0.5316389, 0.5287546, 0.6068473, 1
0.6488835, 0.5038304, 0.6061913, 1
0.3987153, 0.5466563, 0.3404626, 1
0.5196068, 0.5318046, 0.5569807, 1
0.640674, 0.5306671, 0.6406606, 1
0.6594415, 0.5093619, 0.7566171, 1
0.498877, 0.5274569, 0.4959255, 1
0.3833085, 0.5426543, 0.3056677, 1
0.4978208, 0.5295466, 0.5073747, 1
0.3013556, 0.5025595, 0.2499232, 1
0.6689333, 0.5374916, 0.6734806, 1
0.4556514, 0.5441189, 0.3709642, 1
0.27524, 0.5161951, 0.1822276, 1
0.57572, 0.5226975, 0.6277379, 1
0.5603397, 0.5215586, 0.4917682, 1
0.5737345, 0.5122657, 0.5971349, 1
0.5156845, 0.5297707, 0.5875919, 1
0.4100197, 0.5351225, 0.2793582, 1
0.6892059, 0.5195237, 0.7370889, 1
0.5921397, 0.5435652, 0.6595854, 1
0.6880699, 0.5102534, 0.7386337, 1
0.4397658, 0.5338501, 0.4489333, 1
0.4853788, 0.5284423, 0.4961955, 1
0.5795504, 0.5263976, 0.5602552, 1
0.5677199, 0.5257761, 0.5569444, 1
0.3536197, 0.5308324, 0.2868301, 1
0.6433163, 0.5487784, 0.6833013, 1
0.3555354, 0.5340782, 0.2933695, 1
0.3588846, 0.5080969, 0.2184028, 1
0.3620334, 0.5353167, 0.3451582, 1
0.358068, 0.5339044, 0.3250829, 1
0.4366267, 0.5345591, 0.4415027, 1
0.4384106, 0.5376234, 0.4108341, 1
0.704594, 0.5293609, 0.7121573, 1
0.4477908, 0.5322177, 0.4706084, 1
0.3224178, 0.5016337, 0.2237213, 1
0.3302363, 0.531168, 0.295711, 1
0.4769576, 0.5393432, 0.4093747, 1
0.6113365, 0.5422255, 0.693348, 1
0.3544388, 0.5268324, 0.2822595, 1
0.3495206, 0.5250936, 0.281968, 1
0.4824029, 0.5370431, 0.441777, 1
0.2672142, 0.5264591, 0.2055724, 1
0.4727153, 0.5394232, 0.4102506, 1
0.3388002, 0.5129243, 0.2310087, 1
0.3974898, 0.5462562, 0.3176607, 1
0.6192877, 0.5408641, 0.6604171, 1
0.5303123, 0.5335354, 0.613624, 1
0.6397479, 0.5482733, 0.6789056, 1
0.6959037, 0.5292349, 0.7244669, 1
0.5909337, 0.5189915, 0.619709, 1
0.4207439, 0.5333139, 0.4270391, 1
0.6552992, 0.5418674, 0.667505, 1
0.4328196, 0.5443083, 0.3647667, 1
0.4891481, 0.5325321, 0.4583104, 1
0.4917606, 0.5333604, 0.4447788, 1
0.5983272, 0.5114214, 0.5861409, 1
0.5707006, 0.5266529, 0.6346328, 1
0.4931907, 0.5417449, 0.3937372, 1
0.6464059, 0.5471659, 0.6754823, 1
0.4496427, 0.5397949, 0.3958485, 1
0.4979593, 0.5303873, 0.5117591, 1
0.3891655, 0.5414146, 0.2981152, 1
0.4879269, 0.5426814, 0.3911964, 1
0.7056369, 0.5182513, 0.7282431, 1
0.4931424, 0.5414804, 0.3950897, 1
0.3929208, 0.5459386, 0.3445338, 1
0.3131258, 0.4985211, 0.2746272, 1
0.5432415, 0.5202811, 0.5035638, 1
0.6594632, 0.5070691, 0.6207212, 1
0.5302114, 0.5276979, 0.603461, 1
0.2804739, 0.4927115, 0.2273854, 1
0.4277263, 0.5444438, 0.3261192, 1
0.4959908, 0.5311482, 0.4477116, 1
0.4486526, 0.538856, 0.4041168, 1
0.2854684, 0.508846, 0.15807, 1
0.3469409, 0.5316964, 0.29094, 1
0.4842958, 0.5400959, 0.4252734, 1
0.4206008, 0.5437346, 0.3092968, 1
0.5521929, 0.5243213, 0.6117992, 1
0.5239655, 0.5242382, 0.4987141, 1
0.4044652, 0.5464004, 0.3216695, 1
0.4786932, 0.5297208, 0.5408253, 1
0.6482263, 0.5205319, 0.6326227, 1
0.5179524, 0.5263314, 0.4480796, 1
0.4913746, 0.5408905, 0.3983523, 1
0.5621608, 0.5177782, 0.610369, 1
0.3723546, 0.5185422, 0.2425706, 1
0.6840777, 0.5350729, 0.6948963, 1
0.3047691, 0.4984121, 0.2345677, 1
0.4250357, 0.5411908, 0.3829083, 1
0.3234293, 0.5327315, 0.3011506, 1
0.5257314, 0.5279352, 0.4428075, 1
0.4220034, 0.5439349, 0.3574764, 1
0.3635114, 0.5349128, 0.2915897, 1
0.3379894, 0.504121, 0.244941, 1
0.379556, 0.5182886, 0.237055, 1
0.5318974, 0.524808, 0.5204553, 1
0.6382808, 0.5475723, 0.6900533, 1
0.6308562, 0.5317934, 0.645203, 1
0.4377402, 0.5448425, 0.3309378, 1
0.5810137, 0.5147817, 0.581427, 1
0.4483672, 0.5456359, 0.3634061, 1
0.2721647, 0.4963663, 0.2532033, 1
0.3115311, 0.4931452, 0.1868326, 1
0.6589622, 0.5435355, 0.6793659, 1
0.3244241, 0.5246742, 0.2876948, 1
0.5495148, 0.5243241, 0.5425283, 1
0.2761619, 0.477148, 0.1906188, 1
0.4847651, 0.5332349, 0.4639467, 1
0.6163483, 0.5066404, 0.5872598, 1
0.3663281, 0.5371137, 0.324786, 1
0.5056602, 0.5303109, 0.43404, 1
0.4961201, 0.5305371, 0.5120066, 1
0.6796556, 0.5355505, 0.7292505, 1
0.4289369, 0.5334054, 0.4362419, 1
0.484994, 0.5453064, 0.377295, 1
0.4736075, 0.5291263, 0.5012349, 1
0.4197704, 0.5442122, 0.3583032, 1
0.313006, 0.4891506, 0.1940899, 1
0.4800611, 0.5369549, 0.4451221, 1
0.2482558, 0.489562, 0.2112384, 1
0.4673609, 0.5457486, 0.3711971, 1
0.5042734, 0.526712, 0.4556225, 1
0.6916288, 0.5309137, 0.7016153, 1
0.5952269, 0.536637, 0.6446267, 1
0.4682758, 0.532985, 0.4930471, 1
0.4068383, 0.5448264, 0.3153134, 1
0.5369207, 0.5211062, 0.5070348, 1
0.4898717, 0.5428764, 0.38886, 1
0.5610076, 0.522533, 0.5656455, 1
0.4389196, 0.5441652, 0.3220343, 1
0.4512578, 0.544692, 0.3369893, 1
0.6144176, 0.5466505, 0.6765468, 1
0.6172772, 0.5173263, 0.56002, 1
0.5437082, 0.5340458, 0.6283792, 1
0.4127216, 0.5381101, 0.2854289, 1
0.5330328, 0.5224721, 0.5096521, 1
0.4864211, 0.5286566, 0.4974196, 1
0.3978151, 0.536382, 0.2837027, 1
0.5224181, 0.5264075, 0.4591392, 1
0.3685318, 0.53234, 0.2866164, 1
0.3259016, 0.4984656, 0.2093925, 1
0.4328693, 0.5455992, 0.3369183, 1
0.5677945, 0.519788, 0.5842595, 1
0.3867803, 0.5446064, 0.3485588, 1
0.6041149, 0.5421348, 0.6606691, 1
0.3009049, 0.4905396, 0.1805546, 1
0.4044701, 0.5468893, 0.3268368, 1
0.4414146, 0.5467281, 0.3505815, 1
0.5339069, 0.525714, 0.4744394, 1
0.4365256, 0.5431972, 0.3697839, 1
0.5978481, 0.5358472, 0.6440436, 1
0.5060023, 0.5269747, 0.5004671, 1
0.449311, 0.5358397, 0.4476899, 1
0.5217175, 0.5244476, 0.49006, 1
0.3639926, 0.5174869, 0.2563136, 1
0.4354386, 0.5454766, 0.3363082, 1
0.5018153, 0.5394898, 0.4071223, 1
0.5732799, 0.5261645, 0.5503063, 1
0.6633374, 0.5274396, 0.7554735, 1
0.2597675, 0.487466, 0.1772019, 1
0.4569516, 0.5365379, 0.4377973, 1
0.6674125, 0.535149, 0.7456544, 1
0.4675497, 0.5409576, 0.3936764, 1
0.4099802, 0.5452027, 0.3427392, 1
0.3241542, 0.5307165, 0.2961087, 1
0.3379885, 0.5189741, 0.2808121, 1
0.6579458, 0.5469275, 0.6897781, 1
0.6847985, 0.5323119, 0.6714539, 1
0.6108569, 0.5336803, 0.6504681, 1
0.6144712, 0.5466058, 0.6757424, 1
0.6939399, 0.529368, 0.726518, 1
0.4434432, 0.5361177, 0.4245251, 1
0.5557192, 0.5233276, 0.5387024, 1
0.3257084, 0.5160848, 0.2824025, 1
0.6693259, 0.5284627, 0.7483273, 1
0.4378126, 0.5333323, 0.4590511, 1
0.431012, 0.5332879, 0.4379212, 1
0.527621, 0.5260389, 0.5709375, 1
0.5854808, 0.511184, 0.6017549, 1
0.3359816, 0.5085359, 0.205814, 1
0.5542362, 0.5254984, 0.4810712, 1
0.4092057, 0.5463361, 0.3275057, 1
0.6678287, 0.5306258, 0.655064, 1
0.2912654, 0.4943, 0.1828103, 1
0.6596967, 0.5152622, 0.6286619, 1
0.3755056, 0.5211318, 0.2465191, 1
0.4307391, 0.5420722, 0.3772718, 1
0.5067647, 0.5299696, 0.5765958, 1
0.5921592, 0.545312, 0.6659755, 1
0.3475927, 0.5062692, 0.2137132, 1
0.4979444, 0.5308881, 0.5155746, 1
0.4171174, 0.5437873, 0.3094554, 1
0.4330867, 0.5318843, 0.4561802, 1
0.5231007, 0.5305707, 0.5614003, 1
0.3315022, 0.5245725, 0.2848858, 1
0.366379, 0.5362847, 0.3507053, 1
0.5810172, 0.5251406, 0.5348539, 1
0.4792247, 0.5369357, 0.4446159, 1
0.3704023, 0.5162951, 0.2397984, 1
0.5267962, 0.5265288, 0.5964018, 1
0.3737236, 0.541109, 0.3180322, 1
0.4373815, 0.5353182, 0.4194093, 1
0.4959071, 0.5302964, 0.5105196, 1
0.4908532, 0.5269414, 0.4910904, 1
0.3603801, 0.5161014, 0.2697649, 1
0.484034, 0.5317906, 0.4716275, 1
0.4845447, 0.528376, 0.4846772, 1
0.4564157, 0.5420196, 0.3854699, 1
0.354741, 0.5140437, 0.2672603, 1
0.5271015, 0.5238002, 0.4990348, 1
0.6010239, 0.5460886, 0.6728061, 1
0.6378029, 0.5041039, 0.5810181, 1
0.4472646, 0.5351451, 0.4446899, 1
0.4637608, 0.5394983, 0.4012783, 1
0.4806577, 0.5313277, 0.5185907, 1
0.3707008, 0.5132766, 0.2343022, 1
0.3619305, 0.5367561, 0.3113872, 1
0.5095323, 0.5318277, 0.5254628, 1
0.3995728, 0.5291101, 0.2656568, 1
0.3787606, 0.524977, 0.2747422, 1
0.4244183, 0.53316, 0.4345549, 1
0.2784805, 0.4952524, 0.2395747, 1
0.6307045, 0.5117227, 0.608098, 1
0.3397256, 0.5043917, 0.2232986, 1
0.4670652, 0.5379837, 0.4313081, 1
0.4328044, 0.5373973, 0.404845, 1
0.4933509, 0.5264233, 0.4890141, 1
0.6011093, 0.5169642, 0.5625885, 1
0.3977897, 0.5468746, 0.3311628, 1
0.4486399, 0.5381013, 0.4132135, 1
0.315387, 0.4990748, 0.2495089, 1
0.4692045, 0.5302866, 0.5069384, 1
0.6479867, 0.550695, 0.7014152, 1
0.4529351, 0.5443118, 0.3344978, 1
0.4331107, 0.5350326, 0.4201338, 1
0.517132, 0.5279115, 0.520169, 1
0.5750466, 0.5194966, 0.5786169, 1
0.5154233, 0.5248843, 0.4925465, 1
0.5278898, 0.5321023, 0.608241, 1
0.4953879, 0.5413195, 0.3938121, 1
0.3257531, 0.5110983, 0.2240339, 1
0.6834618, 0.5352124, 0.7282615, 1
0.4840418, 0.5283962, 0.4873164, 1
0.4352451, 0.5347968, 0.4397807, 1
0.6552708, 0.5454498, 0.7196832, 1
0.5836586, 0.5320204, 0.6387193, 1
0.503711, 0.5296947, 0.4442072, 1
0.3440719, 0.5327253, 0.3103114, 1
0.5802463, 0.5110904, 0.5947013, 1
0.4293012, 0.5330833, 0.4377593, 1
0.5430004, 0.5312233, 0.4609932, 1
0.4916741, 0.5403869, 0.3998459, 1
0.4410465, 0.5345938, 0.4439023, 1
0.5206147, 0.5293832, 0.529269, 1
0.5872315, 0.513844, 0.6153734, 1
0.5083953, 0.5253412, 0.4827386, 1
0.2581309, 0.4743452, 0.1892443, 1
0.5542468, 0.5220666, 0.586145, 1
0.3273691, 0.4998754, 0.212941, 1
0.4583695, 0.5369385, 0.4349584, 1
0.2938331, 0.497609, 0.2442192, 1
0.5953031, 0.5414354, 0.6553212, 1
0.4285936, 0.5408988, 0.3836591, 1
0.383747, 0.5438067, 0.3592636, 1
0.4513825, 0.5353869, 0.4563432, 1
0.3527353, 0.5349537, 0.3090753, 1
0.5697163, 0.522885, 0.5690815, 1
0.5003489, 0.539039, 0.3996805, 1
0.5574782, 0.5177338, 0.5127521, 1
0.5783473, 0.5255287, 0.5395093, 1
0.3442889, 0.5332728, 0.3137974, 1
0.5264675, 0.5254704, 0.4701343, 1
0.5893108, 0.5456849, 0.6677313, 1
0.3134227, 0.5029256, 0.23872, 1
0.359163, 0.5085803, 0.2121938, 1
0.5675554, 0.5236644, 0.5382113, 1
0.4727553, 0.5337074, 0.4894954, 1
0.5141487, 0.5260183, 0.4499147, 1
0.3653136, 0.5110348, 0.2335882, 1
0.5605208, 0.5171211, 0.5062626, 1
0.4253502, 0.5380068, 0.3914973, 1
0.524666, 0.5259984, 0.5195264, 1
0.2717542, 0.4718382, 0.1935841, 1
0.4938628, 0.5367584, 0.4297243, 1
0.2467178, 0.4855477, 0.2259545, 1
0.4726918, 0.530411, 0.4943591, 1
0.4764933, 0.5391002, 0.4292133, 1
0.4880873, 0.5297142, 0.5018393, 1
0.4879296, 0.5283719, 0.4960154, 1
0.6450953, 0.5359059, 0.653573, 1
0.4710287, 0.5382517, 0.4364452, 1
0.5806449, 0.5110335, 0.5972235, 1
0.3685167, 0.5362637, 0.3394647, 1
0.3250759, 0.507159, 0.2776846, 1
0.2631059, 0.4669058, 0.1892214, 1
0.4579978, 0.5389428, 0.4093087, 1
0.651386, 0.5104674, 0.6209219, 1
0.5676444, 0.520812, 0.4988436, 1
0.3714982, 0.5387756, 0.3257317, 1
0.6448993, 0.5496696, 0.7037099, 1
0.4719847, 0.537297, 0.4517713, 1
0.3464219, 0.5126187, 0.2741925, 1
0.6386679, 0.5061534, 0.6047538, 1
0.4618722, 0.5317095, 0.4997959, 1
0.5226269, 0.5263845, 0.4540561, 1
0.578577, 0.5216879, 0.6261302, 1
0.3859134, 0.544414, 0.325812, 1
0.4969622, 0.5387051, 0.4217482, 1
0.3180488, 0.5010957, 0.2179878, 1
0.3910084, 0.5269162, 0.2514339, 1
0.6663681, 0.5191254, 0.6330885, 1
0.5738643, 0.517894, 0.5166444, 1
0.6403455, 0.5041571, 0.579733, 1
0.6038619, 0.5189226, 0.6136852, 1
0.671008, 0.5401406, 0.6811793, 1
0.4391282, 0.5464972, 0.3406736, 1
0.4749218, 0.5294778, 0.4946114, 1
0.5029196, 0.5258652, 0.4918119, 1
0.2826672, 0.5193049, 0.1775602, 1
0.3212261, 0.5019453, 0.20696, 1
0.4885089, 0.5380988, 0.432297, 1
0.5913886, 0.5104753, 0.6016331, 1
0.4264857, 0.5436128, 0.3661444, 1
0.5689189, 0.5255595, 0.549105, 1
0.401625, 0.5432709, 0.367081, 1
0.2682313, 0.4783445, 0.1826563, 1
0.6473822, 0.5491968, 0.7467281, 1
0.67528, 0.540781, 0.7070543, 1
0.3155543, 0.4996366, 0.237622, 1
0.5903441, 0.5346968, 0.6396922, 1
0.6408489, 0.5159644, 0.6206405, 1
0.4914312, 0.5326859, 0.5467833, 1
0.6676029, 0.5380298, 0.6732199, 1
0.6472892, 0.5359595, 0.6527933, 1
0.5336368, 0.5264699, 0.5443721, 1
0.6609279, 0.5386375, 0.6654381, 1
0.6931623, 0.4955048, 0.7332174, 1
0.2959481, 0.4970211, 0.2599102, 1
0.4714047, 0.5382129, 0.4354169, 1
0.5792694, 0.5111727, 0.5954614, 1
0.687041, 0.5327611, 0.698811, 1
0.4628761, 0.5391655, 0.4139005, 1
0.4086841, 0.5382255, 0.3926893, 1
0.460216, 0.5355431, 0.4651327, 1
0.3664987, 0.5322628, 0.2870948, 1
0.5468447, 0.5254526, 0.5646247, 1
0.6424639, 0.5331202, 0.6476685, 1
0.4903912, 0.5384106, 0.5579994, 1
0.7075188, 0.5280439, 0.7081598, 1
0.5241086, 0.5301603, 0.5630921, 1
0.6008502, 0.5144695, 0.6119506, 1
0.585447, 0.5361287, 0.6453407, 1
0.3368696, 0.5187316, 0.2808856, 1
0.6331204, 0.5438057, 0.6659683, 1
0.5190222, 0.5306901, 0.5384954, 1
0.5516531, 0.5185006, 0.510053, 1
0.3109745, 0.4968295, 0.2681503, 1
0.518768, 0.5277428, 0.5724102, 1
0.4876883, 0.5280913, 0.4769919, 1
0.4880057, 0.5278662, 0.4766439, 1
0.3827055, 0.5419069, 0.3029449, 1
0.5714807, 0.523904, 0.5369008, 1
0.4682202, 0.5339795, 0.4904452, 1
0.5717723, 0.5150861, 0.5903342, 1
0.623014, 0.5469887, 0.6768588, 1
0.3336756, 0.5293305, 0.2905272, 1
0.4680833, 0.539053, 0.4192706, 1
0.3791919, 0.5405702, 0.3009479, 1
0.6168765, 0.5279145, 0.6368423, 1
0.4581734, 0.5357742, 0.4926271, 1
0.4042406, 0.5391771, 0.3950298, 1
0.6947289, 0.5293633, 0.7255247, 1
0.328547, 0.5137545, 0.2074081, 1
0.6557264, 0.5451924, 0.7194498, 1
0.5817575, 0.527056, 0.5487248, 1
0.3185526, 0.4984085, 0.2664222, 1
0.4270655, 0.5458176, 0.3463251, 1
0.2496744, 0.480222, 0.2185781, 1
0.4288927, 0.5345384, 0.4202771, 1
0.4526478, 0.5433605, 0.3764329, 1
0.4510726, 0.533325, 0.4678672, 1
0.459238, 0.5369498, 0.4544884, 1
0.4370379, 0.5421745, 0.379477, 1
0.2865534, 0.5065766, 0.182411, 1
0.5139925, 0.5249277, 0.4900631, 1
0.5899549, 0.5124231, 0.6131595, 1
0.5411796, 0.5253764, 0.6054624, 1
0.2644978, 0.5140003, 0.2193819, 1
0.6243432, 0.5057353, 0.584483, 1
0.487569, 0.5400696, 0.4252267, 1
0.4389699, 0.5444314, 0.3690643, 1
0.4596839, 0.5458525, 0.3583745, 1
0.4506167, 0.5331619, 0.4800445, 1
0.4474978, 0.5464302, 0.350008, 1
0.4462034, 0.5395514, 0.3981107, 1
0.6040889, 0.514532, 0.5669187, 1
0.5712429, 0.5261828, 0.5564826, 1
0.3649444, 0.5175887, 0.2689193, 1
0.457647, 0.542186, 0.384357, 1
0.4538786, 0.5384593, 0.4126139, 1
0.3233083, 0.4998853, 0.2637312, 1
0.5891767, 0.5453798, 0.6829246, 1
0.6705493, 0.5246971, 0.6442894, 1
0.3538946, 0.5067523, 0.2370866, 1
0.3000188, 0.4977406, 0.2461963, 1
0.5607676, 0.5250618, 0.5505382, 1
0.4984179, 0.5331975, 0.5214252, 1
0.5996675, 0.5214872, 0.5331144, 1
0.4300778, 0.536738, 0.4115897, 1
0.2512468, 0.4865538, 0.1873938, 1
0.4527172, 0.5376002, 0.4170022, 1
0.4415372, 0.5339759, 0.4504064, 1
0.4889741, 0.528968, 0.4987935, 1
0.4199529, 0.5453451, 0.3331842, 1
0.4523266, 0.5370044, 0.4318854, 1
0.4612951, 0.5399308, 0.4082267, 1
0.423631, 0.5434985, 0.3647948, 1
0.4565704, 0.5385184, 0.4132746, 1
0.5514597, 0.5190204, 0.5159162, 1
0.6092572, 0.5478957, 0.6853378, 1
0.3616733, 0.5353128, 0.2932804, 1
0.2772612, 0.5009884, 0.1883034, 1
0.335039, 0.5036076, 0.2218937, 1
0.3214964, 0.5072054, 0.279527, 1
0.3143079, 0.4880924, 0.1762613, 1
0.610469, 0.5076503, 0.5883703, 1
0.4930384, 0.5417836, 0.3936583, 1
0.5176888, 0.5319126, 0.5506568, 1
0.3601404, 0.5355695, 0.296038, 1
0.4837927, 0.5306882, 0.4785774, 1
0.4552382, 0.5347161, 0.4668139, 1
0.4758088, 0.5376596, 0.4440359, 1
0.5691456, 0.5199855, 0.5827591, 1
0.6937415, 0.5239924, 0.6510441, 1
0.3877012, 0.5475903, 0.3712285, 1
0.3115301, 0.5218311, 0.1888552, 1
0.5000579, 0.5282864, 0.5008448, 1
0.3198784, 0.4996591, 0.2254331, 1
0.5850878, 0.5109546, 0.5977507, 1
0.3155418, 0.5148374, 0.2860085, 1
0.5098863, 0.5333546, 0.5604731, 1
0.3210524, 0.5288752, 0.2939478, 1
0.514748, 0.530001, 0.4345178, 1
0.5170494, 0.5288083, 0.4416163, 1
0.4283465, 0.5445142, 0.3272051, 1
0.677798, 0.5215392, 0.6411334, 1
0.5415287, 0.5247251, 0.5916565, 1
0.2931131, 0.4968138, 0.2616947, 1
0.494559, 0.5329626, 0.5382558, 1
0.3403514, 0.5101578, 0.1939835, 1
0.5185099, 0.5308536, 0.5374102, 1
0.3814981, 0.5406345, 0.3003339, 1
0.6810919, 0.5330481, 0.7336464, 1
0.2559365, 0.4987703, 0.1895594, 1
0.2969747, 0.501752, 0.2406556, 1
0.3347159, 0.5293904, 0.2903519, 1
0.6028353, 0.5159877, 0.5630003, 1
0.2757916, 0.4795745, 0.2005351, 1
0.3097126, 0.4977193, 0.254354, 1
0.2857035, 0.5126269, 0.1650649, 1
0.4909603, 0.5273442, 0.4932208, 1
0.5071484, 0.5286437, 0.4461373, 1
0.3880665, 0.5483314, 0.3778546, 1
0.6014357, 0.5136038, 0.576462, 1
0.4756806, 0.53138, 0.5265305, 1
0.3919581, 0.5464652, 0.3695362, 1
0.4718524, 0.5393874, 0.419812, 1
0.6132067, 0.5179459, 0.6113927, 1
0.5652434, 0.5238195, 0.5411518, 1
0.5449849, 0.5254585, 0.5504087, 1
0.2612166, 0.4896053, 0.2388213, 1
0.3025294, 0.5159771, 0.2124238, 1
0.2853972, 0.5001816, 0.2545075, 1
0.6052248, 0.5122721, 0.582605, 1
0.5352697, 0.5254316, 0.5895606, 1
0.5540153, 0.523077, 0.5808596, 1
0.6173785, 0.5181651, 0.5570674, 1
0.4800006, 0.5290788, 0.4928305, 1
0.5015539, 0.5256318, 0.4645388, 1
0.3530073, 0.5114706, 0.2565949, 1
0.4684942, 0.5332363, 0.4924477, 1
0.436669, 0.5371387, 0.412736, 1
0.2837533, 0.4893426, 0.1724255, 1
0.403617, 0.5412409, 0.3915922, 1
0.4068637, 0.540975, 0.3643395, 1
0.6067643, 0.5156779, 0.5626281, 1
0.6404086, 0.5482777, 0.6937944, 1
0.441566, 0.5368866, 0.4151801, 1
0.5281325, 0.5245324, 0.4784553, 1
0.3028685, 0.4953052, 0.2169991, 1
0.2769978, 0.5060565, 0.2069369, 1
0.500668, 0.533278, 0.5405365, 1
0.6407127, 0.5329247, 0.646976, 1
0.3075384, 0.4969223, 0.2714327, 1
0.5406165, 0.5265548, 0.5531057, 1
0.387373, 0.5292769, 0.2736095, 1
0.3173689, 0.5043015, 0.2794326, 1
0.2907473, 0.5127865, 0.2153205, 1
0.4768551, 0.5423988, 0.3939381, 1
0.6688653, 0.5367226, 0.6709371, 1
0.4528928, 0.5354496, 0.4575585, 1
0.4130712, 0.5407625, 0.3827038, 1
0.3083446, 0.5115123, 0.2877436, 1
0.5308086, 0.5264449, 0.5680559, 1
0.3357194, 0.5321007, 0.3036001, 1
0.3187124, 0.516737, 0.2851523, 1
0.4064967, 0.5419804, 0.2955003, 1
0.496692, 0.526822, 0.4911362, 1
0.4238408, 0.5454562, 0.3468879, 1
0.6296341, 0.5213566, 0.6210524, 1
0.6001988, 0.5141486, 0.5701595, 1
0.4703979, 0.537561, 0.4473828, 1
0.6623373, 0.5458542, 0.7064602, 1
0.2864673, 0.520142, 0.2257266, 1
0.4146414, 0.5454735, 0.3328553, 1
0.6434744, 0.5026984, 0.5873763, 1
0.3944253, 0.5463741, 0.3717516, 1
0.4563984, 0.5401544, 0.391679, 1
0.4914009, 0.5275294, 0.4714953, 1
0.3213122, 0.5010736, 0.2719993, 1
0.3527597, 0.5257275, 0.2818036, 1
0.4267778, 0.5381373, 0.3915205, 1
0.5121045, 0.5309028, 0.5232209, 1
0.2652913, 0.491642, 0.2401315, 1
0.5575892, 0.5237859, 0.5410212, 1
0.5352988, 0.5290773, 0.4585437, 1
0.6636579, 0.5127372, 0.6261586, 1
0.4225914, 0.5455106, 0.3505752, 1
0.6821629, 0.5073285, 0.7421951, 1
0.2924597, 0.4875544, 0.1955438, 1
0.4111021, 0.5403855, 0.3833365, 1
0.3883144, 0.5361776, 0.4079299, 1
0.677923, 0.5243692, 0.6478818, 1
0.5704228, 0.5132272, 0.6016831, 1
0.5066969, 0.5266227, 0.4539888, 1
0.5708553, 0.5219092, 0.5735819, 1
0.6219096, 0.5080266, 0.5763353, 1
0.6628983, 0.5435752, 0.6859959, 1
0.3435089, 0.5054523, 0.2176569, 1
0.5346081, 0.5300024, 0.4477655, 1
0.4519985, 0.5359727, 0.4389813, 1
0.3321134, 0.5035943, 0.263797, 1
0.5936717, 0.5101907, 0.5968674, 1
0.4664655, 0.5390546, 0.4224148, 1
0.5772508, 0.5252792, 0.5635955, 1
0.611607, 0.5225608, 0.6181969, 1
0.5798736, 0.537573, 0.6503986, 1
0.3719181, 0.5213575, 0.2585263, 1
0.4728097, 0.5380396, 0.4411479, 1
0.4061212, 0.5456118, 0.3430396, 1
0.5394107, 0.5255927, 0.4784461, 1
0.4608929, 0.535515, 0.4696971, 1
0.5654448, 0.5265123, 0.6312512, 1
0.3701213, 0.5366375, 0.3366909, 1
0.3886789, 0.5444264, 0.3100226, 1
0.5735941, 0.5173924, 0.5103875, 1
0.2787519, 0.4766722, 0.1783752, 1
0.4925098, 0.5287247, 0.5010824, 1
0.430609, 0.5448348, 0.3339278, 1
0.5125126, 0.5308372, 0.5234193, 1
0.6282431, 0.5418044, 0.661402, 1
0.3683334, 0.5390456, 0.3193949, 1
0.4632695, 0.5395836, 0.4055715, 1
0.3118756, 0.5031108, 0.2815891, 1
0.5917209, 0.51046, 0.5971424, 1
0.3028834, 0.4970365, 0.262683, 1
0.5543306, 0.5227537, 0.5702977, 1
0.4555963, 0.5463665, 0.355833, 1
0.5894333, 0.5202605, 0.5693504, 1
0.4176392, 0.5416923, 0.3770119, 1
0.5688727, 0.5255392, 0.5485474, 1
0.3155684, 0.4975039, 0.2151304, 1
0.6661698, 0.5174088, 0.6310027, 1
0.6617531, 0.5408065, 0.7325739, 1
0.5209391, 0.5293117, 0.438922, 1
0.6295534, 0.5181533, 0.6149942, 1
0.4541405, 0.5405158, 0.3908661, 1
0.3831444, 0.5450096, 0.3623667, 1
0.6701531, 0.5012974, 0.7472605, 1
0.3580582, 0.5327283, 0.2888438, 1
0.2383341, 0.4802619, 0.2038957, 1
0.5561283, 0.5264538, 0.6242551, 1
0.5243975, 0.5245454, 0.4884891, 1
0.5887554, 0.534547, 0.6402414, 1
0.3715241, 0.5423101, 0.3616739, 1
0.6982558, 0.5235509, 0.7285267, 1
0.6557155, 0.5152813, 0.6282552, 1
0.5836737, 0.5223268, 0.5229573, 1
0.5148848, 0.5315754, 0.5652837, 1
0.4751475, 0.5290819, 0.5008496, 1
0.6035481, 0.5449491, 0.689569, 1
0.4205858, 0.5322563, 0.4432852, 1
0.6288607, 0.5458351, 0.6847051, 1
0.6378656, 0.5096631, 0.6113173, 1
0.5612214, 0.5228475, 0.5640485, 1
0.4303911, 0.5418968, 0.3778699, 1
0.2470988, 0.5161735, 0.2175287, 1
0.454962, 0.539626, 0.4012381, 1
0.553607, 0.5236702, 0.5389737, 1
0.4413315, 0.5458433, 0.3377892, 1
0.4167384, 0.5453694, 0.3297684, 1
0.516744, 0.524555, 0.482406, 1
0.263669, 0.4669545, 0.1839396, 1
0.4221193, 0.5449141, 0.3404101, 1
0.4482511, 0.5463055, 0.358578, 1
0.3756737, 0.5222695, 0.2696818, 1
0.5758731, 0.5242533, 0.5661717, 1
0.6629589, 0.5399624, 0.6759689, 1
0.3476655, 0.5330512, 0.2947632, 1
0.6862258, 0.5202145, 0.6409479, 1
0.309092, 0.5249231, 0.2074091, 1
0.6061398, 0.5205068, 0.5445966, 1
0.2890799, 0.4967227, 0.2603778, 1
0.6540588, 0.5437117, 0.6720855, 1
0.4221947, 0.5441734, 0.3215795, 1
0.6551332, 0.5038566, 0.6126468, 1
0.5034724, 0.536214, 0.42202, 1
0.4230107, 0.5345808, 0.4161213, 1
0.4509449, 0.5396543, 0.3956398, 1
0.3629549, 0.5169075, 0.2689592, 1
0.2720561, 0.4860516, 0.1969215, 1
0.2713948, 0.5050489, 0.2518223, 1
0.6012155, 0.5216591, 0.5491462, 1
0.5144331, 0.5250016, 0.4918219, 1
0.557673, 0.5226356, 0.5663289, 1
0.4488109, 0.5420861, 0.3856014, 1
0.4678639, 0.5343052, 0.4900502, 1
0.5386798, 0.5352702, 0.6329058, 1
0.6376424, 0.5482998, 0.6824548, 1
0.3940174, 0.5441885, 0.3535306, 1
0.5806217, 0.5239133, 0.627676, 1
0.2478861, 0.5225145, 0.1944869, 1
0.3231436, 0.5287647, 0.2928757, 1
0.2562456, 0.5169946, 0.2095619, 1
0.6873596, 0.5262308, 0.7347442, 1
0.3750431, 0.5224292, 0.2637312, 1
0.5913503, 0.5225037, 0.5282487, 1
0.2897619, 0.5020832, 0.1723298, 1
0.4681374, 0.5363307, 0.4679531, 1
0.6897035, 0.5203003, 0.73621, 1
0.4512942, 0.5349663, 0.4605371, 1
0.4537241, 0.5375296, 0.4180163, 1
0.5310569, 0.5257774, 0.5905825, 1
0.3024476, 0.5138806, 0.1948298, 1
0.5974516, 0.5093504, 0.6012843, 1
0.3724481, 0.520946, 0.2521385, 1
0.4179222, 0.5400148, 0.2906153, 1
0.3783117, 0.5419866, 0.337899, 1
0.4788454, 0.5334344, 0.4831724, 1
0.312347, 0.5056981, 0.2514953, 1
0.4065765, 0.5469453, 0.3305521, 1
0.5506474, 0.5242856, 0.5733978, 1
0.458968, 0.5318052, 0.5102021, 1
0.7039818, 0.5195534, 0.7284072, 1
0.4629774, 0.5335981, 0.4948233, 1
0.4066957, 0.5423276, 0.3719316, 1
0.3861854, 0.5412368, 0.2992524, 1
0.6571348, 0.5129815, 0.6259249, 1
0.5679525, 0.5271542, 0.6355617, 1
0.6145643, 0.5381379, 0.6581516, 1
0.4536691, 0.5448531, 0.3653785, 1
0.401893, 0.5345913, 0.2768861, 1
0.3698883, 0.5398747, 0.3073643, 1
0.5335168, 0.5247987, 0.5840695, 1
0.47769, 0.5361702, 0.4566243, 1
0.5807, 0.5373045, 0.6496651, 1
0.5397099, 0.520429, 0.5099409, 1
0.6514283, 0.5455644, 0.7376144, 1
0.3559907, 0.5075457, 0.2239329, 1
0.4504397, 0.5463353, 0.3571869, 1
0.4338002, 0.5455671, 0.3449362, 1
0.4976566, 0.5334644, 0.5232707, 1
0.4535799, 0.534459, 0.4632805, 1
0.477174, 0.5391715, 0.4291566, 1
0.6590114, 0.54724, 0.704026, 1
0.2904686, 0.5139062, 0.205779, 1
0.5279514, 0.5295801, 0.6045734, 1
0.5335495, 0.5254914, 0.5889797, 1
0.6453033, 0.5472543, 0.6753766, 1
0.2497804, 0.4740352, 0.1858716, 1
0.4016985, 0.5340929, 0.2757789, 1
0.7023242, 0.5090299, 0.7291964, 1
0.4644571, 0.5359031, 0.4779431, 1
0.6869595, 0.5073889, 0.7388574, 1
0.2651347, 0.4930923, 0.2434927, 1
0.4890043, 0.5336025, 0.4505115, 1
0.6629443, 0.5135742, 0.7572503, 1
0.3996648, 0.5384146, 0.399016, 1
0.4527571, 0.5341434, 0.4669476, 1
0.6278738, 0.5205079, 0.6186958, 1
0.5216681, 0.5259302, 0.4635401, 1
0.3117037, 0.4969981, 0.2670138, 1
0.6048809, 0.532578, 0.6371498, 1
0.2786764, 0.5105452, 0.2172186, 1
0.5143578, 0.5307474, 0.5673551, 1
0.3291738, 0.5143517, 0.2807163, 1
0.2868598, 0.504559, 0.1798101, 1
0.3188149, 0.5238427, 0.289447, 1
0.5097105, 0.5321921, 0.536988, 1
0.6093356, 0.5377074, 0.6966676, 1
0.6133699, 0.5119122, 0.5770912, 1
0.4988715, 0.5294814, 0.5076188, 1
0.4878453, 0.5402147, 0.4242968, 1
0.4316895, 0.5405321, 0.3845915, 1
0.4793313, 0.5312642, 0.5183959, 1
0.5492897, 0.5195194, 0.5171317, 1
0.5568653, 0.5185658, 0.5169389, 1
0.3942225, 0.5317501, 0.4132674, 1
0.4954608, 0.5323989, 0.4425198, 1
0.417338, 0.5326006, 0.4358202, 1
0.4320759, 0.5342695, 0.4317548, 1
0.4224057, 0.5350729, 0.4085308, 1
0.6091753, 0.5193694, 0.5512918, 1
0.4627744, 0.5435808, 0.3782644, 1
0.6035032, 0.5222469, 0.6170108, 1
0.5478679, 0.5203812, 0.4988464, 1
0.5974188, 0.5172215, 0.5654325, 1
0.3691811, 0.5193183, 0.2526878, 1
0.3008375, 0.4959422, 0.2714427, 1
0.3229147, 0.5301648, 0.2954716, 1
0.591162, 0.5257081, 0.5541008, 1
0.6582763, 0.530113, 0.6483033, 1
0.5545043, 0.5232898, 0.5788195, 1
0.4712204, 0.5383264, 0.4370257, 1
0.4615858, 0.5397439, 0.410482, 1
0.6712738, 0.5387352, 0.7349917, 1
0.5243604, 0.5289119, 0.5415695, 1
0.5628204, 0.518073, 0.6122979, 1
0.468071, 0.5379757, 0.4374892, 1
0.5310962, 0.5243087, 0.5166001, 1
0.3053459, 0.4912307, 0.1833975, 1
0.4241721, 0.5435203, 0.365117, 1
0.6868064, 0.5117269, 0.7396522, 1
0.6319818, 0.5439793, 0.6943027, 1
0.428511, 0.5440628, 0.3038686, 1
0.6964847, 0.5248945, 0.7290851, 1
0.3231153, 0.5023181, 0.2398993, 1
0.295411, 0.5102444, 0.2003249, 1
0.4495304, 0.5401141, 0.3946594, 1
0.6654983, 0.5398903, 0.7289509, 1
0.5480806, 0.5233191, 0.604808, 1
0.4414062, 0.5466493, 0.348228, 1
0.4663244, 0.5363173, 0.4723745, 1
0.6198964, 0.5087019, 0.5993592, 1
0.5016948, 0.5319695, 0.5195893, 1
0.4772945, 0.5366638, 0.4524441, 1
0.3407888, 0.5322856, 0.2980556, 1
0.6696717, 0.5350552, 0.7432951, 1
0.5647215, 0.5203685, 0.5840978, 1
0.4428568, 0.5385911, 0.4095059, 1
0.3096782, 0.503356, 0.2499705, 1
0.2896382, 0.5074931, 0.1941145, 1
0.2949265, 0.4975768, 0.2347187, 1
0.4643789, 0.5376249, 0.4334222, 1
0.3976822, 0.5470847, 0.3349525, 1
0.2836615, 0.4786518, 0.2056076, 1
0.3817606, 0.5445247, 0.3491282, 1
0.4037935, 0.5464635, 0.3362087, 1
0.3384824, 0.5308493, 0.2935921, 1
0.6870286, 0.5271139, 0.6524618, 1
0.5283868, 0.5273783, 0.530888, 1
0.4279188, 0.5441056, 0.3084952, 1
0.4217537, 0.5437268, 0.3578128, 1
0.6746936, 0.5366886, 0.734794, 1
0.3813543, 0.5435908, 0.3553362, 1
0.3924222, 0.5449614, 0.3647768, 1
0.5515561, 0.5220817, 0.6068539, 1
0.6499419, 0.5244676, 0.6383876, 1
0.3722371, 0.521375, 0.2616464, 1
0.6295718, 0.5054952, 0.5912862, 1
0.510862, 0.5334871, 0.4209325, 1
0.523541, 0.5253759, 0.5791126, 1
0.3450111, 0.5335703, 0.3149183, 1
0.3441651, 0.5324936, 0.2949128, 1
0.5630465, 0.5216917, 0.6195741, 1
0.6949151, 0.5321001, 0.7056704, 1
0.4384537, 0.5445688, 0.326088, 1
0.4363478, 0.5449734, 0.3316267, 1
0.4273155, 0.5456803, 0.3495272, 1
0.5838535, 0.5214949, 0.5194497, 1
0.4313947, 0.5354002, 0.4184279, 1
0.5604771, 0.5246563, 0.5533707, 1
0.3270213, 0.5018589, 0.240871, 1
0.6230807, 0.5180064, 0.5556999, 1
0.3420208, 0.5288902, 0.2879375, 1
0.430076, 0.5344288, 0.4211847, 1
0.5275331, 0.5268142, 0.5979048, 1
0.2767287, 0.5167281, 0.197675, 1
0.3721603, 0.5385143, 0.3439509, 1
0.4568592, 0.5386803, 0.4117343, 1
0.6042948, 0.520587, 0.548982, 1
0.5858667, 0.5341199, 0.6409947, 1
0.2833333, 0.5140206, 0.1848383, 1
0.46668, 0.5354494, 0.4820023, 1
0.3871075, 0.5281059, 0.2658885, 1
0.592014, 0.5322673, 0.6335025, 1
0.3611791, 0.5345929, 0.3317788, 1
0.3665715, 0.51906, 0.25707, 1
0.6312504, 0.507238, 0.5754012, 1
0.2796336, 0.4717493, 0.1665653, 1
0.7098445, 0.5276523, 0.6809468, 1
0.3947307, 0.5312858, 0.4138213, 1
0.4771113, 0.5352218, 0.4686411, 1
0.4406621, 0.5346325, 0.4430938, 1
0.2771395, 0.5249205, 0.1742692, 1
0.6423949, 0.5126539, 0.6177949, 1
0.3327506, 0.5100081, 0.2770084, 1
0.2616794, 0.4876213, 0.2354602, 1
0.3541864, 0.5275326, 0.2828929, 1
0.6175942, 0.5377313, 0.6577477, 1
0.6004032, 0.5352964, 0.6446286, 1
0.5772079, 0.5284573, 0.6393704, 1
0.5021911, 0.5283672, 0.5041886, 1
0.4687862, 0.5390427, 0.4169951, 1
0.5890993, 0.5458605, 0.6689643, 1
0.3576156, 0.5101199, 0.2443327, 1
0.4058923, 0.5448057, 0.3128503, 1
0.3439025, 0.5297375, 0.2891713, 1
0.3682904, 0.5475825, 0.3746481, 1
0.5884392, 0.5108764, 0.5911615, 1
0.6579909, 0.5394855, 0.7524764, 1
0.6289119, 0.5057037, 0.5915831, 1
0.6580456, 0.5376784, 0.6585373, 1
0.3489034, 0.5337082, 0.3297149, 1
0.3500136, 0.5188742, 0.2780578, 1
0.3998961, 0.5449972, 0.3830296, 1
0.4689192, 0.5461653, 0.3701949, 1
0.6338589, 0.5460092, 0.6705378, 1
0.4753525, 0.5409949, 0.3996314, 1
0.4807479, 0.5370947, 0.4423796, 1
0.7029817, 0.5259258, 0.7232879, 1
0.4080644, 0.5411355, 0.386674, 1
0.51761, 0.5302468, 0.4274712, 1
0.5699832, 0.5215153, 0.530118, 1
0.5452704, 0.524001, 0.5914281, 1
0.6424645, 0.5031131, 0.590992, 1
0.3274691, 0.5281587, 0.2901395, 1
0.4251528, 0.5408409, 0.3837579, 1
0.5338975, 0.5261702, 0.5324214, 1
0.663151, 0.5143643, 0.6276336, 1
0.3519889, 0.506322, 0.2391654, 1
0.4435143, 0.5438668, 0.3732208, 1
0.6282683, 0.5483818, 0.7196548, 1
0.5537766, 0.5314131, 0.6356746, 1
0.4893607, 0.5399256, 0.4169258, 1
0.603061, 0.5080892, 0.5920509, 1
0.4328662, 0.5342926, 0.4331631, 1
0.308901, 0.5103394, 0.200144, 1
0.3766857, 0.5485974, 0.3772817, 1
0.3981594, 0.5449071, 0.3085037, 1
0.5009086, 0.5319749, 0.4330615, 1
0.5467246, 0.5247471, 0.4811938, 1
0.5596229, 0.5186456, 0.5001066, 1
0.3061374, 0.5258201, 0.2137424, 1
0.4610001, 0.5301144, 0.5043188, 1
0.6216193, 0.5096051, 0.6017339, 1
0.6977316, 0.5248365, 0.6564304, 1
0.4089857, 0.5345964, 0.3979471, 1
0.4243666, 0.5444561, 0.3571909, 1
0.5488232, 0.5201883, 0.4988835, 1
0.6126661, 0.5236251, 0.6192125, 1
0.6236694, 0.5066154, 0.5782981, 1
0.3787585, 0.5218906, 0.243737, 1
0.4585302, 0.5378282, 0.4259341, 1
0.3488005, 0.5314324, 0.2895687, 1
0.5769253, 0.5242926, 0.5343994, 1
0.2824778, 0.4791664, 0.1643816, 1
0.5309801, 0.523945, 0.5139633, 1
0.4, 0.5452248, 0.3812626, 1
0.5644331, 0.5163739, 0.6095685, 1
0.693067, 0.5252204, 0.7315258, 1
0.4662893, 0.5412161, 0.388457, 1
0.64622, 0.5486333, 0.7076379, 1
0.5474635, 0.526337, 0.4778462, 1
0.5385706, 0.5297478, 0.4626944, 1
0.4993265, 0.5283229, 0.4559616, 1
0.5693657, 0.5166057, 0.5891116, 1
0.3871019, 0.5451261, 0.3327276, 1
0.3571216, 0.5092606, 0.2031844, 1
0.516929, 0.5301273, 0.4317207, 1
0.4631025, 0.5439021, 0.3744707, 1
0.3035953, 0.4933763, 0.2119622, 1
0.6450323, 0.5074568, 0.612845, 1
0.482937, 0.529899, 0.5361852, 1
0.6162364, 0.5170776, 0.5601611, 1
0.419567, 0.5340676, 0.4059818, 1
0.4245914, 0.5330952, 0.4399566, 1
0.5812878, 0.5359544, 0.6477076, 1
0.6731828, 0.5368522, 0.7369148, 1
0.3909296, 0.5380725, 0.2900098, 1
0.4810702, 0.5435941, 0.3840699, 1
0.6598808, 0.5454649, 0.7139579, 1
0.3836092, 0.5458531, 0.3647209, 1
0.3379357, 0.5168242, 0.2079354, 1
0.6322742, 0.5320808, 0.6448197, 1
0.6868287, 0.4998437, 0.7361984, 1
0.4174515, 0.5354297, 0.3965356, 1
0.6539013, 0.5493318, 0.6957313, 1
0.4013642, 0.5440015, 0.3498634, 1
0.4072729, 0.5317119, 0.4061586, 1
0.4267038, 0.5359954, 0.4097458, 1
0.2806553, 0.5294165, 0.1721769, 1
0.5002012, 0.5327535, 0.5656389, 1
0.2618963, 0.5019125, 0.1774134, 1
0.6522668, 0.5412452, 0.661275, 1
0.4503945, 0.5368679, 0.4209813, 1
0.6737688, 0.5377898, 0.733624, 1
0.4429806, 0.5466427, 0.3547243, 1
0.3211178, 0.5020419, 0.2189161, 1
0.2919477, 0.4971656, 0.2520305, 1
0.583409, 0.5270486, 0.5514877, 1
0.3217672, 0.5159787, 0.2837732, 1
0.6535881, 0.5435807, 0.7520497, 1
0.401885, 0.542249, 0.3639487, 1
0.4301568, 0.5454599, 0.3414022, 1
0.5483097, 0.5202739, 0.4992664, 1
0.5010143, 0.5282789, 0.5019369, 1
0.3691516, 0.537703, 0.3253708, 1
0.3748771, 0.5391609, 0.3338461, 1
0.4602826, 0.5442742, 0.369481, 1
0.3833266, 0.5451533, 0.3627196, 1
0.4537893, 0.5342929, 0.4686762, 1
0.4552856, 0.539421, 0.3955643, 1
0.2655469, 0.518994, 0.2259301, 1
0.3489848, 0.5111453, 0.2628945, 1
0.5057861, 0.5308318, 0.5698424, 1
0.5365552, 0.5263063, 0.6016207, 1
0.3791022, 0.5293028, 0.2800956, 1
0.5941581, 0.5410051, 0.6540152, 1
0.6909252, 0.5217786, 0.735062, 1
0.3866698, 0.5294019, 0.2746195, 1
0.3943098, 0.5454302, 0.3104928, 1
0.2514169, 0.4809875, 0.1994442, 1
0.595747, 0.5176996, 0.5663435, 1
0.4397928, 0.5421631, 0.3824728, 1
0.3688529, 0.5387908, 0.3577872, 1
0.5388022, 0.5243134, 0.5774983, 1
0.3027309, 0.5087324, 0.2898848, 1
0.4457336, 0.54584, 0.3443694, 1
0.5255919, 0.5254802, 0.4712073, 1
0.3471826, 0.5305246, 0.2888202, 1
0.6366504, 0.5312901, 0.6413175, 1
0.4640333, 0.5445179, 0.3757718, 1
0.3905308, 0.5291697, 0.2659971, 1
0.4413382, 0.5309853, 0.4806187, 1
0.5158484, 0.5325766, 0.5550689, 1
0.4154944, 0.5329348, 0.4236941, 1
0.5089183, 0.5248185, 0.4783638, 1
0.3938877, 0.5323985, 0.4123378, 1
0.575294, 0.5261504, 0.5486213, 1
0.5323133, 0.5282343, 0.6065219, 1
0.5961002, 0.51774, 0.5658889, 1
0.5792789, 0.520005, 0.5750097, 1
0.2894919, 0.4854182, 0.1979425, 1
0.5656974, 0.5188019, 0.5005169, 1
0.380367, 0.5425845, 0.3248881, 1
0.4422406, 0.5337338, 0.4631771, 1
0.4440154, 0.5446101, 0.3695069, 1
0.6455191, 0.5495467, 0.7044762, 1
0.3585351, 0.5355935, 0.3442049, 1
0.3745331, 0.5257633, 0.2784379, 1
0.4100071, 0.5317352, 0.4083126, 1
0.4350063, 0.5326657, 0.4473344, 1
0.5875915, 0.5434752, 0.6594048, 1
0.4564856, 0.5365603, 0.436128, 1
0.4581667, 0.5391106, 0.4120747, 1
0.4264625, 0.5446014, 0.3267572, 1
0.5143863, 0.525042, 0.4921185, 1
0.5876607, 0.51555, 0.6176399, 1
0.5200208, 0.5259122, 0.4538159, 1
0.6130942, 0.5116327, 0.6038021, 1
0.3993632, 0.5441947, 0.3869873, 1
0.5212564, 0.5272881, 0.5233414, 1
0.5544201, 0.5227866, 0.5727106, 1
0.3475349, 0.5105246, 0.2658071, 1
0.6872988, 0.5361497, 0.7123086, 1
0.4984137, 0.5248132, 0.4745496, 1
0.3769147, 0.5394978, 0.2976576, 1
0.6871327, 0.5360644, 0.7117749, 1
0.513602, 0.5310016, 0.4292534, 1
0.4935059, 0.5393307, 0.4232223, 1
0.4333147, 0.5413345, 0.3804339, 1
0.2568524, 0.4765374, 0.2182229, 1
0.3429708, 0.5335354, 0.3174417, 1
0.4675736, 0.5412652, 0.3910804, 1
0.5183817, 0.5262811, 0.5125194, 1
0.5241914, 0.5248036, 0.4740126, 1
0.3872412, 0.5328478, 0.2817343, 1
0.3552911, 0.5204594, 0.2777072, 1
0.4780187, 0.5310816, 0.5167693, 1
0.5999221, 0.5441666, 0.662748, 1
0.3620795, 0.5356007, 0.3224157, 1
0.3954909, 0.5391361, 0.2905544, 1
0.5692818, 0.540451, 0.6599509, 1
0.6132533, 0.5130829, 0.6054069, 1
0.4593761, 0.5348796, 0.4776922, 1
0.6298187, 0.5312373, 0.6452663, 1
0.3468207, 0.506412, 0.2006562, 1
0.5408545, 0.526475, 0.5555117, 1
0.6629713, 0.523472, 0.7574779, 1
0.2863043, 0.4886191, 0.1955021, 1
0.6816816, 0.5376047, 0.7058888, 1
0.3589294, 0.5081206, 0.2179614, 1
0.634175, 0.5332285, 0.6481607, 1
0.2975194, 0.4995092, 0.1806473, 1
0.3750033, 0.5417135, 0.3171417, 1
0.5514553, 0.5238315, 0.4825377, 1
0.4114612, 0.5457729, 0.3279437, 1
0.6577624, 0.5311837, 0.649417, 1
0.3836978, 0.5264454, 0.2549804, 1
0.4936558, 0.5267999, 0.4708723, 1
--COLORS--
0.9665706, 0.7151678, 0.4620981, 1
0.9542889, 0.9143726, 0.8741916, 1
